period,respondent,respondent-name,type,type-name,value,value-units,datetime,demand_MW
2026-02-24T00,NW,Northwest,D,Demand,44563,megawatthours,2026-02-24 00:00:00,44563.0
2026-02-24T00,NW,Northwest,DF,Day-ahead demand forecast,41020,megawatthours,2026-02-24 00:00:00,41020.0
2026-02-23T23,NW,Northwest,D,Demand,43869,megawatthours,2026-02-23 23:00:00,43869.0
2026-02-23T23,NW,Northwest,DF,Day-ahead demand forecast,40400,megawatthours,2026-02-23 23:00:00,40400.0
2026-02-23T22,NW,Northwest,D,Demand,43817,megawatthours,2026-02-23 22:00:00,43817.0
2026-02-23T22,NW,Northwest,DF,Day-ahead demand forecast,40120,megawatthours,2026-02-23 22:00:00,40120.0
2026-02-23T21,NW,Northwest,D,Demand,43874,megawatthours,2026-02-23 21:00:00,43874.0
2026-02-23T21,NW,Northwest,DF,Day-ahead demand forecast,40342,megawatthours,2026-02-23 21:00:00,40342.0
2026-02-23T20,NW,Northwest,D,Demand,43788,megawatthours,2026-02-23 20:00:00,43788.0
2026-02-23T20,NW,Northwest,DF,Day-ahead demand forecast,40783,megawatthours,2026-02-23 20:00:00,40783.0
2026-02-23T19,NW,Northwest,D,Demand,44430,megawatthours,2026-02-23 19:00:00,44430.0
2026-02-23T19,NW,Northwest,DF,Day-ahead demand forecast,41361,megawatthours,2026-02-23 19:00:00,41361.0
2026-02-23T18,NW,Northwest,D,Demand,44807,megawatthours,2026-02-23 18:00:00,44807.0
2026-02-23T18,NW,Northwest,DF,Day-ahead demand forecast,42332,megawatthours,2026-02-23 18:00:00,42332.0
2026-02-23T17,NW,Northwest,D,Demand,45360,megawatthours,2026-02-23 17:00:00,45360.0
2026-02-23T17,NW,Northwest,DF,Day-ahead demand forecast,43406,megawatthours,2026-02-23 17:00:00,43406.0
2026-02-23T16,NW,Northwest,D,Demand,46027,megawatthours,2026-02-23 16:00:00,46027.0
2026-02-23T16,NW,Northwest,DF,Day-ahead demand forecast,43933,megawatthours,2026-02-23 16:00:00,43933.0
2026-02-23T15,NW,Northwest,D,Demand,45515,megawatthours,2026-02-23 15:00:00,45515.0
2026-02-23T15,NW,Northwest,DF,Day-ahead demand forecast,43396,megawatthours,2026-02-23 15:00:00,43396.0
2026-02-23T14,NW,Northwest,D,Demand,43066,megawatthours,2026-02-23 14:00:00,43066.0
2026-02-23T14,NW,Northwest,DF,Day-ahead demand forecast,41072,megawatthours,2026-02-23 14:00:00,41072.0
2026-02-23T13,NW,Northwest,D,Demand,40212,megawatthours,2026-02-23 13:00:00,40212.0
2026-02-23T13,NW,Northwest,DF,Day-ahead demand forecast,38446,megawatthours,2026-02-23 13:00:00,38446.0
2026-02-23T12,NW,Northwest,D,Demand,38726,megawatthours,2026-02-23 12:00:00,38726.0
2026-02-23T12,NW,Northwest,DF,Day-ahead demand forecast,37021,megawatthours,2026-02-23 12:00:00,37021.0
2026-02-23T11,NW,Northwest,D,Demand,38007,megawatthours,2026-02-23 11:00:00,38007.0
2026-02-23T11,NW,Northwest,DF,Day-ahead demand forecast,36318,megawatthours,2026-02-23 11:00:00,36318.0
2026-02-23T10,NW,Northwest,D,Demand,37857,megawatthours,2026-02-23 10:00:00,37857.0
2026-02-23T10,NW,Northwest,DF,Day-ahead demand forecast,36205,megawatthours,2026-02-23 10:00:00,36205.0
2026-02-23T09,NW,Northwest,D,Demand,38290,megawatthours,2026-02-23 09:00:00,38290.0
2026-02-23T09,NW,Northwest,DF,Day-ahead demand forecast,36737,megawatthours,2026-02-23 09:00:00,36737.0
2026-02-23T08,NW,Northwest,D,Demand,39174,megawatthours,2026-02-23 08:00:00,39174.0
2026-02-23T08,NW,Northwest,DF,Day-ahead demand forecast,37599,megawatthours,2026-02-23 08:00:00,37599.0
2026-02-23T07,NW,Northwest,D,Demand,41259,megawatthours,2026-02-23 07:00:00,41259.0
2026-02-23T07,NW,Northwest,DF,Day-ahead demand forecast,38924,megawatthours,2026-02-23 07:00:00,38924.0
2026-02-23T06,NW,Northwest,D,Demand,42979,megawatthours,2026-02-23 06:00:00,42979.0
2026-02-23T06,NW,Northwest,DF,Day-ahead demand forecast,40414,megawatthours,2026-02-23 06:00:00,40414.0
2026-02-23T06,NW,Northwest,NG,Net generation,47348,megawatthours,2026-02-23 06:00:00,47348.0
2026-02-23T06,NW,Northwest,TI,Total interchange,5534,megawatthours,2026-02-23 06:00:00,5534.0
2026-02-23T05,NW,Northwest,D,Demand,44768,megawatthours,2026-02-23 05:00:00,44768.0
2026-02-23T05,NW,Northwest,DF,Day-ahead demand forecast,41810,megawatthours,2026-02-23 05:00:00,41810.0
2026-02-23T05,NW,Northwest,NG,Net generation,50074,megawatthours,2026-02-23 05:00:00,50074.0
2026-02-23T05,NW,Northwest,TI,Total interchange,5235,megawatthours,2026-02-23 05:00:00,5235.0
2026-02-23T04,NW,Northwest,D,Demand,45905,megawatthours,2026-02-23 04:00:00,45905.0
2026-02-23T04,NW,Northwest,DF,Day-ahead demand forecast,42654,megawatthours,2026-02-23 04:00:00,42654.0
2026-02-23T04,NW,Northwest,NG,Net generation,50565,megawatthours,2026-02-23 04:00:00,50565.0
2026-02-23T04,NW,Northwest,TI,Total interchange,4589,megawatthours,2026-02-23 04:00:00,4589.0
2026-02-23T03,NW,Northwest,D,Demand,46393,megawatthours,2026-02-23 03:00:00,46393.0
2026-02-23T03,NW,Northwest,DF,Day-ahead demand forecast,43018,megawatthours,2026-02-23 03:00:00,43018.0
2026-02-23T03,NW,Northwest,NG,Net generation,50884,megawatthours,2026-02-23 03:00:00,50884.0
2026-02-23T03,NW,Northwest,TI,Total interchange,4417,megawatthours,2026-02-23 03:00:00,4417.0
2026-02-23T02,NW,Northwest,D,Demand,45952,megawatthours,2026-02-23 02:00:00,45952.0
2026-02-23T02,NW,Northwest,DF,Day-ahead demand forecast,42675,megawatthours,2026-02-23 02:00:00,42675.0
2026-02-23T02,NW,Northwest,NG,Net generation,49191,megawatthours,2026-02-23 02:00:00,49191.0
2026-02-23T02,NW,Northwest,TI,Total interchange,4181,megawatthours,2026-02-23 02:00:00,4181.0
2026-02-23T01,NW,Northwest,D,Demand,43941,megawatthours,2026-02-23 01:00:00,43941.0
2026-02-23T01,NW,Northwest,DF,Day-ahead demand forecast,40836,megawatthours,2026-02-23 01:00:00,40836.0
2026-02-23T01,NW,Northwest,NG,Net generation,45244,megawatthours,2026-02-23 01:00:00,45244.0
2026-02-23T01,NW,Northwest,TI,Total interchange,1282,megawatthours,2026-02-23 01:00:00,1282.0
2026-02-23T00,NW,Northwest,D,Demand,42489,megawatthours,2026-02-23 00:00:00,42489.0
2026-02-23T00,NW,Northwest,DF,Day-ahead demand forecast,39530,megawatthours,2026-02-23 00:00:00,39530.0
2026-02-23T00,NW,Northwest,NG,Net generation,42279,megawatthours,2026-02-23 00:00:00,42279.0
2026-02-23T00,NW,Northwest,TI,Total interchange,-249,megawatthours,2026-02-23 00:00:00,-249.0
2026-02-22T23,NW,Northwest,D,Demand,42328,megawatthours,2026-02-22 23:00:00,42328.0
2026-02-22T23,NW,Northwest,DF,Day-ahead demand forecast,38839,megawatthours,2026-02-22 23:00:00,38839.0
2026-02-22T23,NW,Northwest,NG,Net generation,42855,megawatthours,2026-02-22 23:00:00,42855.0
2026-02-22T23,NW,Northwest,TI,Total interchange,460,megawatthours,2026-02-22 23:00:00,460.0
2026-02-22T22,NW,Northwest,D,Demand,42069,megawatthours,2026-02-22 22:00:00,42069.0
2026-02-22T22,NW,Northwest,DF,Day-ahead demand forecast,38559,megawatthours,2026-02-22 22:00:00,38559.0
2026-02-22T22,NW,Northwest,NG,Net generation,43214,megawatthours,2026-02-22 22:00:00,43214.0
2026-02-22T22,NW,Northwest,TI,Total interchange,1037,megawatthours,2026-02-22 22:00:00,1037.0
2026-02-22T21,NW,Northwest,D,Demand,42736,megawatthours,2026-02-22 21:00:00,42736.0
2026-02-22T21,NW,Northwest,DF,Day-ahead demand forecast,38721,megawatthours,2026-02-22 21:00:00,38721.0
2026-02-22T21,NW,Northwest,NG,Net generation,42962,megawatthours,2026-02-22 21:00:00,42962.0
2026-02-22T21,NW,Northwest,TI,Total interchange,708,megawatthours,2026-02-22 21:00:00,708.0
2026-02-22T20,NW,Northwest,D,Demand,43627,megawatthours,2026-02-22 20:00:00,43627.0
2026-02-22T20,NW,Northwest,DF,Day-ahead demand forecast,38865,megawatthours,2026-02-22 20:00:00,38865.0
2026-02-22T20,NW,Northwest,NG,Net generation,43520,megawatthours,2026-02-22 20:00:00,43520.0
2026-02-22T20,NW,Northwest,TI,Total interchange,-273,megawatthours,2026-02-22 20:00:00,-273.0
2026-02-22T19,NW,Northwest,D,Demand,44267,megawatthours,2026-02-22 19:00:00,44267.0
2026-02-22T19,NW,Northwest,DF,Day-ahead demand forecast,39422,megawatthours,2026-02-22 19:00:00,39422.0
2026-02-22T19,NW,Northwest,NG,Net generation,43675,megawatthours,2026-02-22 19:00:00,43675.0
2026-02-22T19,NW,Northwest,TI,Total interchange,-716,megawatthours,2026-02-22 19:00:00,-716.0
2026-02-22T18,NW,Northwest,D,Demand,44303,megawatthours,2026-02-22 18:00:00,44303.0
2026-02-22T18,NW,Northwest,DF,Day-ahead demand forecast,40067,megawatthours,2026-02-22 18:00:00,40067.0
2026-02-22T18,NW,Northwest,NG,Net generation,44416,megawatthours,2026-02-22 18:00:00,44416.0
2026-02-22T18,NW,Northwest,TI,Total interchange,-70,megawatthours,2026-02-22 18:00:00,-70.0
2026-02-22T17,NW,Northwest,D,Demand,44385,megawatthours,2026-02-22 17:00:00,44385.0
2026-02-22T17,NW,Northwest,DF,Day-ahead demand forecast,40501,megawatthours,2026-02-22 17:00:00,40501.0
2026-02-22T17,NW,Northwest,NG,Net generation,44902,megawatthours,2026-02-22 17:00:00,44902.0
2026-02-22T17,NW,Northwest,TI,Total interchange,375,megawatthours,2026-02-22 17:00:00,375.0
2026-02-22T16,NW,Northwest,D,Demand,43750,megawatthours,2026-02-22 16:00:00,43750.0
2026-02-22T16,NW,Northwest,DF,Day-ahead demand forecast,40539,megawatthours,2026-02-22 16:00:00,40539.0
2026-02-22T16,NW,Northwest,NG,Net generation,46312,megawatthours,2026-02-22 16:00:00,46312.0
2026-02-22T16,NW,Northwest,TI,Total interchange,2481,megawatthours,2026-02-22 16:00:00,2481.0
2026-02-22T15,NW,Northwest,D,Demand,43205,megawatthours,2026-02-22 15:00:00,43205.0
2026-02-22T15,NW,Northwest,DF,Day-ahead demand forecast,40237,megawatthours,2026-02-22 15:00:00,40237.0
2026-02-22T15,NW,Northwest,NG,Net generation,47055,megawatthours,2026-02-22 15:00:00,47055.0
2026-02-22T15,NW,Northwest,TI,Total interchange,3845,megawatthours,2026-02-22 15:00:00,3845.0
2026-02-22T14,NW,Northwest,D,Demand,42072,megawatthours,2026-02-22 14:00:00,42072.0
2026-02-22T14,NW,Northwest,DF,Day-ahead demand forecast,39218,megawatthours,2026-02-22 14:00:00,39218.0
2026-02-22T14,NW,Northwest,NG,Net generation,46521,megawatthours,2026-02-22 14:00:00,46521.0
2026-02-22T14,NW,Northwest,TI,Total interchange,4449,megawatthours,2026-02-22 14:00:00,4449.0
2026-02-22T13,NW,Northwest,D,Demand,40822,megawatthours,2026-02-22 13:00:00,40822.0
2026-02-22T13,NW,Northwest,DF,Day-ahead demand forecast,38178,megawatthours,2026-02-22 13:00:00,38178.0
2026-02-22T13,NW,Northwest,NG,Net generation,45375,megawatthours,2026-02-22 13:00:00,45375.0
2026-02-22T13,NW,Northwest,TI,Total interchange,4556,megawatthours,2026-02-22 13:00:00,4556.0
2026-02-22T12,NW,Northwest,D,Demand,40204,megawatthours,2026-02-22 12:00:00,40204.0
2026-02-22T12,NW,Northwest,DF,Day-ahead demand forecast,37610,megawatthours,2026-02-22 12:00:00,37610.0
2026-02-22T12,NW,Northwest,NG,Net generation,44835,megawatthours,2026-02-22 12:00:00,44835.0
2026-02-22T12,NW,Northwest,TI,Total interchange,4635,megawatthours,2026-02-22 12:00:00,4635.0
2026-02-22T11,NW,Northwest,D,Demand,40212,megawatthours,2026-02-22 11:00:00,40212.0
2026-02-22T11,NW,Northwest,DF,Day-ahead demand forecast,37497,megawatthours,2026-02-22 11:00:00,37497.0
2026-02-22T11,NW,Northwest,NG,Net generation,44443,megawatthours,2026-02-22 11:00:00,44443.0
2026-02-22T11,NW,Northwest,TI,Total interchange,4232,megawatthours,2026-02-22 11:00:00,4232.0
2026-02-22T10,NW,Northwest,D,Demand,40224,megawatthours,2026-02-22 10:00:00,40224.0
2026-02-22T10,NW,Northwest,DF,Day-ahead demand forecast,37267,megawatthours,2026-02-22 10:00:00,37267.0
2026-02-22T10,NW,Northwest,NG,Net generation,44405,megawatthours,2026-02-22 10:00:00,44405.0
2026-02-22T10,NW,Northwest,TI,Total interchange,4183,megawatthours,2026-02-22 10:00:00,4183.0
2026-02-22T09,NW,Northwest,D,Demand,40814,megawatthours,2026-02-22 09:00:00,40814.0
2026-02-22T09,NW,Northwest,DF,Day-ahead demand forecast,37883,megawatthours,2026-02-22 09:00:00,37883.0
2026-02-22T09,NW,Northwest,NG,Net generation,44661,megawatthours,2026-02-22 09:00:00,44661.0
2026-02-22T09,NW,Northwest,TI,Total interchange,3848,megawatthours,2026-02-22 09:00:00,3848.0
2026-02-22T08,NW,Northwest,D,Demand,41665,megawatthours,2026-02-22 08:00:00,41665.0
2026-02-22T08,NW,Northwest,DF,Day-ahead demand forecast,39228,megawatthours,2026-02-22 08:00:00,39228.0
2026-02-22T08,NW,Northwest,NG,Net generation,43475,megawatthours,2026-02-22 08:00:00,43475.0
2026-02-22T08,NW,Northwest,TI,Total interchange,2796,megawatthours,2026-02-22 08:00:00,2796.0
2026-02-22T07,NW,Northwest,D,Demand,43045,megawatthours,2026-02-22 07:00:00,43045.0
2026-02-22T07,NW,Northwest,DF,Day-ahead demand forecast,40473,megawatthours,2026-02-22 07:00:00,40473.0
2026-02-22T07,NW,Northwest,NG,Net generation,44307,megawatthours,2026-02-22 07:00:00,44307.0
2026-02-22T07,NW,Northwest,TI,Total interchange,2385,megawatthours,2026-02-22 07:00:00,2385.0
2026-02-22T06,NW,Northwest,D,Demand,44844,megawatthours,2026-02-22 06:00:00,44844.0
2026-02-22T06,NW,Northwest,DF,Day-ahead demand forecast,41557,megawatthours,2026-02-22 06:00:00,41557.0
2026-02-22T06,NW,Northwest,NG,Net generation,45381,megawatthours,2026-02-22 06:00:00,45381.0
2026-02-22T06,NW,Northwest,TI,Total interchange,1905,megawatthours,2026-02-22 06:00:00,1905.0
2026-02-22T05,NW,Northwest,D,Demand,46002,megawatthours,2026-02-22 05:00:00,46002.0
2026-02-22T05,NW,Northwest,DF,Day-ahead demand forecast,42747,megawatthours,2026-02-22 05:00:00,42747.0
2026-02-22T05,NW,Northwest,NG,Net generation,48062,megawatthours,2026-02-22 05:00:00,48062.0
2026-02-22T05,NW,Northwest,TI,Total interchange,1985,megawatthours,2026-02-22 05:00:00,1985.0
2026-02-22T04,NW,Northwest,D,Demand,46633,megawatthours,2026-02-22 04:00:00,46633.0
2026-02-22T04,NW,Northwest,DF,Day-ahead demand forecast,43548,megawatthours,2026-02-22 04:00:00,43548.0
2026-02-22T04,NW,Northwest,NG,Net generation,48894,megawatthours,2026-02-22 04:00:00,48894.0
2026-02-22T04,NW,Northwest,TI,Total interchange,2178,megawatthours,2026-02-22 04:00:00,2178.0
2026-02-22T03,NW,Northwest,D,Demand,46974,megawatthours,2026-02-22 03:00:00,46974.0
2026-02-22T03,NW,Northwest,DF,Day-ahead demand forecast,43974,megawatthours,2026-02-22 03:00:00,43974.0
2026-02-22T03,NW,Northwest,NG,Net generation,48561,megawatthours,2026-02-22 03:00:00,48561.0
2026-02-22T03,NW,Northwest,TI,Total interchange,1508,megawatthours,2026-02-22 03:00:00,1508.0
2026-02-22T02,NW,Northwest,D,Demand,46538,megawatthours,2026-02-22 02:00:00,46538.0
2026-02-22T02,NW,Northwest,DF,Day-ahead demand forecast,43631,megawatthours,2026-02-22 02:00:00,43631.0
2026-02-22T02,NW,Northwest,NG,Net generation,47968,megawatthours,2026-02-22 02:00:00,47968.0
2026-02-22T02,NW,Northwest,TI,Total interchange,1364,megawatthours,2026-02-22 02:00:00,1364.0
2026-02-22T01,NW,Northwest,D,Demand,45092,megawatthours,2026-02-22 01:00:00,45092.0
2026-02-22T01,NW,Northwest,DF,Day-ahead demand forecast,41866,megawatthours,2026-02-22 01:00:00,41866.0
2026-02-22T01,NW,Northwest,NG,Net generation,44452,megawatthours,2026-02-22 01:00:00,44452.0
2026-02-22T01,NW,Northwest,TI,Total interchange,-661,megawatthours,2026-02-22 01:00:00,-661.0
2026-02-22T00,NW,Northwest,D,Demand,44144,megawatthours,2026-02-22 00:00:00,44144.0
2026-02-22T00,NW,Northwest,DF,Day-ahead demand forecast,40477,megawatthours,2026-02-22 00:00:00,40477.0
2026-02-22T00,NW,Northwest,NG,Net generation,42909,megawatthours,2026-02-22 00:00:00,42909.0
2026-02-22T00,NW,Northwest,TI,Total interchange,-1288,megawatthours,2026-02-22 00:00:00,-1288.0
2026-02-21T23,NW,Northwest,D,Demand,44007,megawatthours,2026-02-21 23:00:00,44007.0
2026-02-21T23,NW,Northwest,DF,Day-ahead demand forecast,39847,megawatthours,2026-02-21 23:00:00,39847.0
2026-02-21T23,NW,Northwest,NG,Net generation,42477,megawatthours,2026-02-21 23:00:00,42477.0
2026-02-21T23,NW,Northwest,TI,Total interchange,-1636,megawatthours,2026-02-21 23:00:00,-1636.0
2026-02-21T22,NW,Northwest,D,Demand,44513,megawatthours,2026-02-21 22:00:00,44513.0
2026-02-21T22,NW,Northwest,DF,Day-ahead demand forecast,39819,megawatthours,2026-02-21 22:00:00,39819.0
2026-02-21T22,NW,Northwest,NG,Net generation,43005,megawatthours,2026-02-21 22:00:00,43005.0
2026-02-21T22,NW,Northwest,TI,Total interchange,-1644,megawatthours,2026-02-21 22:00:00,-1644.0
2026-02-21T21,NW,Northwest,D,Demand,45195,megawatthours,2026-02-21 21:00:00,45195.0
2026-02-21T21,NW,Northwest,DF,Day-ahead demand forecast,40113,megawatthours,2026-02-21 21:00:00,40113.0
2026-02-21T21,NW,Northwest,NG,Net generation,43834,megawatthours,2026-02-21 21:00:00,43834.0
2026-02-21T21,NW,Northwest,TI,Total interchange,-1435,megawatthours,2026-02-21 21:00:00,-1435.0
2026-02-21T20,NW,Northwest,D,Demand,46286,megawatthours,2026-02-21 20:00:00,46286.0
2026-02-21T20,NW,Northwest,DF,Day-ahead demand forecast,40505,megawatthours,2026-02-21 20:00:00,40505.0
2026-02-21T20,NW,Northwest,NG,Net generation,44907,megawatthours,2026-02-21 20:00:00,44907.0
2026-02-21T20,NW,Northwest,TI,Total interchange,-1458,megawatthours,2026-02-21 20:00:00,-1458.0
2026-02-21T19,NW,Northwest,D,Demand,47001,megawatthours,2026-02-21 19:00:00,47001.0
2026-02-21T19,NW,Northwest,DF,Day-ahead demand forecast,41154,megawatthours,2026-02-21 19:00:00,41154.0
2026-02-21T19,NW,Northwest,NG,Net generation,46074,megawatthours,2026-02-21 19:00:00,46074.0
2026-02-21T19,NW,Northwest,TI,Total interchange,-1065,megawatthours,2026-02-21 19:00:00,-1065.0
2026-02-21T18,NW,Northwest,D,Demand,47609,megawatthours,2026-02-21 18:00:00,47609.0
2026-02-21T18,NW,Northwest,DF,Day-ahead demand forecast,42141,megawatthours,2026-02-21 18:00:00,42141.0
2026-02-21T18,NW,Northwest,NG,Net generation,46941,megawatthours,2026-02-21 18:00:00,46941.0
2026-02-21T18,NW,Northwest,TI,Total interchange,-803,megawatthours,2026-02-21 18:00:00,-803.0
2026-02-21T17,NW,Northwest,D,Demand,47633,megawatthours,2026-02-21 17:00:00,47633.0
2026-02-21T17,NW,Northwest,DF,Day-ahead demand forecast,42824,megawatthours,2026-02-21 17:00:00,42824.0
2026-02-21T17,NW,Northwest,NG,Net generation,47336,megawatthours,2026-02-21 17:00:00,47336.0
2026-02-21T17,NW,Northwest,TI,Total interchange,-431,megawatthours,2026-02-21 17:00:00,-431.0
2026-02-21T16,NW,Northwest,D,Demand,47027,megawatthours,2026-02-21 16:00:00,47027.0
2026-02-21T16,NW,Northwest,DF,Day-ahead demand forecast,42905,megawatthours,2026-02-21 16:00:00,42905.0
2026-02-21T16,NW,Northwest,NG,Net generation,48358,megawatthours,2026-02-21 16:00:00,48358.0
2026-02-21T16,NW,Northwest,TI,Total interchange,1240,megawatthours,2026-02-21 16:00:00,1240.0
2026-02-21T15,NW,Northwest,D,Demand,46405,megawatthours,2026-02-21 15:00:00,46405.0
2026-02-21T15,NW,Northwest,DF,Day-ahead demand forecast,42551,megawatthours,2026-02-21 15:00:00,42551.0
2026-02-21T15,NW,Northwest,NG,Net generation,49048,megawatthours,2026-02-21 15:00:00,49048.0
2026-02-21T15,NW,Northwest,TI,Total interchange,2601,megawatthours,2026-02-21 15:00:00,2601.0
2026-02-21T14,NW,Northwest,D,Demand,45098,megawatthours,2026-02-21 14:00:00,45098.0
2026-02-21T14,NW,Northwest,DF,Day-ahead demand forecast,41316,megawatthours,2026-02-21 14:00:00,41316.0
2026-02-21T14,NW,Northwest,NG,Net generation,49009,megawatthours,2026-02-21 14:00:00,49009.0
2026-02-21T14,NW,Northwest,TI,Total interchange,3914,megawatthours,2026-02-21 14:00:00,3914.0
2026-02-21T13,NW,Northwest,D,Demand,43641,megawatthours,2026-02-21 13:00:00,43641.0
2026-02-21T13,NW,Northwest,DF,Day-ahead demand forecast,40060,megawatthours,2026-02-21 13:00:00,40060.0
2026-02-21T13,NW,Northwest,NG,Net generation,48596,megawatthours,2026-02-21 13:00:00,48596.0
2026-02-21T13,NW,Northwest,TI,Total interchange,4958,megawatthours,2026-02-21 13:00:00,4958.0
2026-02-21T12,NW,Northwest,D,Demand,42841,megawatthours,2026-02-21 12:00:00,42841.0
2026-02-21T12,NW,Northwest,DF,Day-ahead demand forecast,39383,megawatthours,2026-02-21 12:00:00,39383.0
2026-02-21T12,NW,Northwest,NG,Net generation,47836,megawatthours,2026-02-21 12:00:00,47836.0
2026-02-21T12,NW,Northwest,TI,Total interchange,4993,megawatthours,2026-02-21 12:00:00,4993.0
2026-02-21T11,NW,Northwest,D,Demand,42498,megawatthours,2026-02-21 11:00:00,42498.0
2026-02-21T11,NW,Northwest,DF,Day-ahead demand forecast,39174,megawatthours,2026-02-21 11:00:00,39174.0
2026-02-21T11,NW,Northwest,NG,Net generation,47402,megawatthours,2026-02-21 11:00:00,47402.0
2026-02-21T11,NW,Northwest,TI,Total interchange,4902,megawatthours,2026-02-21 11:00:00,4902.0
2026-02-21T10,NW,Northwest,D,Demand,42406,megawatthours,2026-02-21 10:00:00,42406.0
2026-02-21T10,NW,Northwest,DF,Day-ahead demand forecast,39232,megawatthours,2026-02-21 10:00:00,39232.0
2026-02-21T10,NW,Northwest,NG,Net generation,47124,megawatthours,2026-02-21 10:00:00,47124.0
2026-02-21T10,NW,Northwest,TI,Total interchange,4714,megawatthours,2026-02-21 10:00:00,4714.0
2026-02-21T09,NW,Northwest,D,Demand,42815,megawatthours,2026-02-21 09:00:00,42815.0
2026-02-21T09,NW,Northwest,DF,Day-ahead demand forecast,39578,megawatthours,2026-02-21 09:00:00,39578.0
2026-02-21T09,NW,Northwest,NG,Net generation,47808,megawatthours,2026-02-21 09:00:00,47808.0
2026-02-21T09,NW,Northwest,TI,Total interchange,4990,megawatthours,2026-02-21 09:00:00,4990.0
2026-02-21T08,NW,Northwest,D,Demand,43472,megawatthours,2026-02-21 08:00:00,43472.0
2026-02-21T08,NW,Northwest,DF,Day-ahead demand forecast,40933,megawatthours,2026-02-21 08:00:00,40933.0
2026-02-21T08,NW,Northwest,NG,Net generation,46326,megawatthours,2026-02-21 08:00:00,46326.0
2026-02-21T08,NW,Northwest,TI,Total interchange,3743,megawatthours,2026-02-21 08:00:00,3743.0
2026-02-21T07,NW,Northwest,D,Demand,45083,megawatthours,2026-02-21 07:00:00,45083.0
2026-02-21T07,NW,Northwest,DF,Day-ahead demand forecast,42268,megawatthours,2026-02-21 07:00:00,42268.0
2026-02-21T07,NW,Northwest,NG,Net generation,47433,megawatthours,2026-02-21 07:00:00,47433.0
2026-02-21T07,NW,Northwest,TI,Total interchange,3509,megawatthours,2026-02-21 07:00:00,3509.0
2026-02-21T06,NW,Northwest,D,Demand,46611,megawatthours,2026-02-21 06:00:00,46611.0
2026-02-21T06,NW,Northwest,DF,Day-ahead demand forecast,43677,megawatthours,2026-02-21 06:00:00,43677.0
2026-02-21T06,NW,Northwest,NG,Net generation,47216,megawatthours,2026-02-21 06:00:00,47216.0
2026-02-21T06,NW,Northwest,TI,Total interchange,1974,megawatthours,2026-02-21 06:00:00,1974.0
2026-02-21T05,NW,Northwest,D,Demand,47952,megawatthours,2026-02-21 05:00:00,47952.0
2026-02-21T05,NW,Northwest,DF,Day-ahead demand forecast,44964,megawatthours,2026-02-21 05:00:00,44964.0
2026-02-21T05,NW,Northwest,NG,Net generation,49236,megawatthours,2026-02-21 05:00:00,49236.0
2026-02-21T05,NW,Northwest,TI,Total interchange,1200,megawatthours,2026-02-21 05:00:00,1200.0
2026-02-21T04,NW,Northwest,D,Demand,48785,megawatthours,2026-02-21 04:00:00,48785.0
2026-02-21T04,NW,Northwest,DF,Day-ahead demand forecast,45982,megawatthours,2026-02-21 04:00:00,45982.0
2026-02-21T04,NW,Northwest,NG,Net generation,49347,megawatthours,2026-02-21 04:00:00,49347.0
2026-02-21T04,NW,Northwest,TI,Total interchange,490,megawatthours,2026-02-21 04:00:00,490.0
2026-02-21T03,NW,Northwest,D,Demand,49712,megawatthours,2026-02-21 03:00:00,49712.0
2026-02-21T03,NW,Northwest,DF,Day-ahead demand forecast,46473,megawatthours,2026-02-21 03:00:00,46473.0
2026-02-21T03,NW,Northwest,NG,Net generation,49691,megawatthours,2026-02-21 03:00:00,49691.0
2026-02-21T03,NW,Northwest,TI,Total interchange,-94,megawatthours,2026-02-21 03:00:00,-94.0
2026-02-21T02,NW,Northwest,D,Demand,49720,megawatthours,2026-02-21 02:00:00,49720.0
2026-02-21T02,NW,Northwest,DF,Day-ahead demand forecast,46206,megawatthours,2026-02-21 02:00:00,46206.0
2026-02-21T02,NW,Northwest,NG,Net generation,49028,megawatthours,2026-02-21 02:00:00,49028.0
2026-02-21T02,NW,Northwest,TI,Total interchange,-685,megawatthours,2026-02-21 02:00:00,-685.0
2026-02-21T01,NW,Northwest,D,Demand,48395,megawatthours,2026-02-21 01:00:00,48395.0
2026-02-21T01,NW,Northwest,DF,Day-ahead demand forecast,44899,megawatthours,2026-02-21 01:00:00,44899.0
2026-02-21T01,NW,Northwest,NG,Net generation,47234,megawatthours,2026-02-21 01:00:00,47234.0
2026-02-21T01,NW,Northwest,TI,Total interchange,-1173,megawatthours,2026-02-21 01:00:00,-1173.0
2026-02-21T00,NW,Northwest,D,Demand,47694,megawatthours,2026-02-21 00:00:00,47694.0
2026-02-21T00,NW,Northwest,DF,Day-ahead demand forecast,43370,megawatthours,2026-02-21 00:00:00,43370.0
2026-02-21T00,NW,Northwest,NG,Net generation,46502,megawatthours,2026-02-21 00:00:00,46502.0
2026-02-21T00,NW,Northwest,TI,Total interchange,-1273,megawatthours,2026-02-21 00:00:00,-1273.0
2026-02-20T23,NW,Northwest,D,Demand,47380,megawatthours,2026-02-20 23:00:00,47380.0
2026-02-20T23,NW,Northwest,DF,Day-ahead demand forecast,42951,megawatthours,2026-02-20 23:00:00,42951.0
2026-02-20T23,NW,Northwest,NG,Net generation,46053,megawatthours,2026-02-20 23:00:00,46053.0
2026-02-20T23,NW,Northwest,TI,Total interchange,-1450,megawatthours,2026-02-20 23:00:00,-1450.0
2026-02-20T22,NW,Northwest,D,Demand,47724,megawatthours,2026-02-20 22:00:00,47724.0
2026-02-20T22,NW,Northwest,DF,Day-ahead demand forecast,43145,megawatthours,2026-02-20 22:00:00,43145.0
2026-02-20T22,NW,Northwest,NG,Net generation,46421,megawatthours,2026-02-20 22:00:00,46421.0
2026-02-20T22,NW,Northwest,TI,Total interchange,-1425,megawatthours,2026-02-20 22:00:00,-1425.0
2026-02-20T21,NW,Northwest,D,Demand,49059,megawatthours,2026-02-20 21:00:00,49059.0
2026-02-20T21,NW,Northwest,DF,Day-ahead demand forecast,43734,megawatthours,2026-02-20 21:00:00,43734.0
2026-02-20T21,NW,Northwest,NG,Net generation,47371,megawatthours,2026-02-20 21:00:00,47371.0
2026-02-20T21,NW,Northwest,TI,Total interchange,-1754,megawatthours,2026-02-20 21:00:00,-1754.0
2026-02-20T20,NW,Northwest,D,Demand,49709,megawatthours,2026-02-20 20:00:00,49709.0
2026-02-20T20,NW,Northwest,DF,Day-ahead demand forecast,44563,megawatthours,2026-02-20 20:00:00,44563.0
2026-02-20T20,NW,Northwest,NG,Net generation,47781,megawatthours,2026-02-20 20:00:00,47781.0
2026-02-20T20,NW,Northwest,TI,Total interchange,-2004,megawatthours,2026-02-20 20:00:00,-2004.0
2026-02-20T19,NW,Northwest,D,Demand,51122,megawatthours,2026-02-20 19:00:00,51122.0
2026-02-20T19,NW,Northwest,DF,Day-ahead demand forecast,45590,megawatthours,2026-02-20 19:00:00,45590.0
2026-02-20T19,NW,Northwest,NG,Net generation,49029,megawatthours,2026-02-20 19:00:00,49029.0
2026-02-20T19,NW,Northwest,TI,Total interchange,-2242,megawatthours,2026-02-20 19:00:00,-2242.0
2026-02-20T18,NW,Northwest,D,Demand,52248,megawatthours,2026-02-20 18:00:00,52248.0
2026-02-20T18,NW,Northwest,DF,Day-ahead demand forecast,46620,megawatthours,2026-02-20 18:00:00,46620.0
2026-02-20T18,NW,Northwest,NG,Net generation,49844,megawatthours,2026-02-20 18:00:00,49844.0
2026-02-20T18,NW,Northwest,TI,Total interchange,-2481,megawatthours,2026-02-20 18:00:00,-2481.0
2026-02-20T17,NW,Northwest,D,Demand,52850,megawatthours,2026-02-20 17:00:00,52850.0
2026-02-20T17,NW,Northwest,DF,Day-ahead demand forecast,47857,megawatthours,2026-02-20 17:00:00,47857.0
2026-02-20T17,NW,Northwest,NG,Net generation,51738,megawatthours,2026-02-20 17:00:00,51738.0
2026-02-20T17,NW,Northwest,TI,Total interchange,-1247,megawatthours,2026-02-20 17:00:00,-1247.0
2026-02-20T16,NW,Northwest,D,Demand,52780,megawatthours,2026-02-20 16:00:00,52780.0
2026-02-20T16,NW,Northwest,DF,Day-ahead demand forecast,48573,megawatthours,2026-02-20 16:00:00,48573.0
2026-02-20T16,NW,Northwest,NG,Net generation,50689,megawatthours,2026-02-20 16:00:00,50689.0
2026-02-20T16,NW,Northwest,TI,Total interchange,-2190,megawatthours,2026-02-20 16:00:00,-2190.0
2026-02-20T15,NW,Northwest,D,Demand,51166,megawatthours,2026-02-20 15:00:00,51166.0
2026-02-20T15,NW,Northwest,DF,Day-ahead demand forecast,47698,megawatthours,2026-02-20 15:00:00,47698.0
2026-02-20T15,NW,Northwest,NG,Net generation,49865,megawatthours,2026-02-20 15:00:00,49865.0
2026-02-20T15,NW,Northwest,TI,Total interchange,-1309,megawatthours,2026-02-20 15:00:00,-1309.0
2026-02-20T14,NW,Northwest,D,Demand,48410,megawatthours,2026-02-20 14:00:00,48410.0
2026-02-20T14,NW,Northwest,DF,Day-ahead demand forecast,44993,megawatthours,2026-02-20 14:00:00,44993.0
2026-02-20T14,NW,Northwest,NG,Net generation,48548,megawatthours,2026-02-20 14:00:00,48548.0
2026-02-20T14,NW,Northwest,TI,Total interchange,135,megawatthours,2026-02-20 14:00:00,135.0
2026-02-20T13,NW,Northwest,D,Demand,45498,megawatthours,2026-02-20 13:00:00,45498.0
2026-02-20T13,NW,Northwest,DF,Day-ahead demand forecast,42531,megawatthours,2026-02-20 13:00:00,42531.0
2026-02-20T13,NW,Northwest,NG,Net generation,45995,megawatthours,2026-02-20 13:00:00,45995.0
2026-02-20T13,NW,Northwest,TI,Total interchange,504,megawatthours,2026-02-20 13:00:00,504.0
2026-02-20T12,NW,Northwest,D,Demand,43771,megawatthours,2026-02-20 12:00:00,43771.0
2026-02-20T12,NW,Northwest,DF,Day-ahead demand forecast,41044,megawatthours,2026-02-20 12:00:00,41044.0
2026-02-20T12,NW,Northwest,NG,Net generation,44208,megawatthours,2026-02-20 12:00:00,44208.0
2026-02-20T12,NW,Northwest,TI,Total interchange,427,megawatthours,2026-02-20 12:00:00,427.0
2026-02-20T11,NW,Northwest,D,Demand,43340,megawatthours,2026-02-20 11:00:00,43340.0
2026-02-20T11,NW,Northwest,DF,Day-ahead demand forecast,40368,megawatthours,2026-02-20 11:00:00,40368.0
2026-02-20T11,NW,Northwest,NG,Net generation,43934,megawatthours,2026-02-20 11:00:00,43934.0
2026-02-20T11,NW,Northwest,TI,Total interchange,596,megawatthours,2026-02-20 11:00:00,596.0
2026-02-20T10,NW,Northwest,D,Demand,43048,megawatthours,2026-02-20 10:00:00,43048.0
2026-02-20T10,NW,Northwest,DF,Day-ahead demand forecast,40386,megawatthours,2026-02-20 10:00:00,40386.0
2026-02-20T10,NW,Northwest,NG,Net generation,43644,megawatthours,2026-02-20 10:00:00,43644.0
2026-02-20T10,NW,Northwest,TI,Total interchange,601,megawatthours,2026-02-20 10:00:00,601.0
2026-02-20T09,NW,Northwest,D,Demand,43223,megawatthours,2026-02-20 09:00:00,43223.0
2026-02-20T09,NW,Northwest,DF,Day-ahead demand forecast,40400,megawatthours,2026-02-20 09:00:00,40400.0
2026-02-20T09,NW,Northwest,NG,Net generation,44162,megawatthours,2026-02-20 09:00:00,44162.0
2026-02-20T09,NW,Northwest,TI,Total interchange,942,megawatthours,2026-02-20 09:00:00,942.0
2026-02-20T08,NW,Northwest,D,Demand,39805,megawatthours,2026-02-20 08:00:00,39805.0
2026-02-20T08,NW,Northwest,DF,Day-ahead demand forecast,41318,megawatthours,2026-02-20 08:00:00,41318.0
2026-02-20T08,NW,Northwest,NG,Net generation,43480,megawatthours,2026-02-20 08:00:00,43480.0
2026-02-20T08,NW,Northwest,TI,Total interchange,492,megawatthours,2026-02-20 08:00:00,492.0
2026-02-20T07,NW,Northwest,D,Demand,41207,megawatthours,2026-02-20 07:00:00,41207.0
2026-02-20T07,NW,Northwest,DF,Day-ahead demand forecast,42568,megawatthours,2026-02-20 07:00:00,42568.0
2026-02-20T07,NW,Northwest,NG,Net generation,45208,megawatthours,2026-02-20 07:00:00,45208.0
2026-02-20T07,NW,Northwest,TI,Total interchange,553,megawatthours,2026-02-20 07:00:00,553.0
2026-02-20T06,NW,Northwest,D,Demand,47411,megawatthours,2026-02-20 06:00:00,47411.0
2026-02-20T06,NW,Northwest,DF,Day-ahead demand forecast,44355,megawatthours,2026-02-20 06:00:00,44355.0
2026-02-20T06,NW,Northwest,NG,Net generation,45769,megawatthours,2026-02-20 06:00:00,45769.0
2026-02-20T06,NW,Northwest,TI,Total interchange,-637,megawatthours,2026-02-20 06:00:00,-637.0
2026-02-20T05,NW,Northwest,D,Demand,49256,megawatthours,2026-02-20 05:00:00,49256.0
2026-02-20T05,NW,Northwest,DF,Day-ahead demand forecast,46024,megawatthours,2026-02-20 05:00:00,46024.0
2026-02-20T05,NW,Northwest,NG,Net generation,48212,megawatthours,2026-02-20 05:00:00,48212.0
2026-02-20T05,NW,Northwest,TI,Total interchange,-1116,megawatthours,2026-02-20 05:00:00,-1116.0
2026-02-20T04,NW,Northwest,D,Demand,50194,megawatthours,2026-02-20 04:00:00,50194.0
2026-02-20T04,NW,Northwest,DF,Day-ahead demand forecast,47115,megawatthours,2026-02-20 04:00:00,47115.0
2026-02-20T04,NW,Northwest,NG,Net generation,49299,megawatthours,2026-02-20 04:00:00,49299.0
2026-02-20T04,NW,Northwest,TI,Total interchange,-965,megawatthours,2026-02-20 04:00:00,-965.0
2026-02-20T03,NW,Northwest,D,Demand,50644,megawatthours,2026-02-20 03:00:00,50644.0
2026-02-20T03,NW,Northwest,DF,Day-ahead demand forecast,47588,megawatthours,2026-02-20 03:00:00,47588.0
2026-02-20T03,NW,Northwest,NG,Net generation,49587,megawatthours,2026-02-20 03:00:00,49587.0
2026-02-20T03,NW,Northwest,TI,Total interchange,-1144,megawatthours,2026-02-20 03:00:00,-1144.0
2026-02-20T02,NW,Northwest,D,Demand,50205,megawatthours,2026-02-20 02:00:00,50205.0
2026-02-20T02,NW,Northwest,DF,Day-ahead demand forecast,47295,megawatthours,2026-02-20 02:00:00,47295.0
2026-02-20T02,NW,Northwest,NG,Net generation,49064,megawatthours,2026-02-20 02:00:00,49064.0
2026-02-20T02,NW,Northwest,TI,Total interchange,-1163,megawatthours,2026-02-20 02:00:00,-1163.0
2026-02-20T01,NW,Northwest,D,Demand,48183,megawatthours,2026-02-20 01:00:00,48183.0
2026-02-20T01,NW,Northwest,DF,Day-ahead demand forecast,45707,megawatthours,2026-02-20 01:00:00,45707.0
2026-02-20T01,NW,Northwest,NG,Net generation,46318,megawatthours,2026-02-20 01:00:00,46318.0
2026-02-20T01,NW,Northwest,TI,Total interchange,-1879,megawatthours,2026-02-20 01:00:00,-1879.0
2026-02-20T00,NW,Northwest,D,Demand,46957,megawatthours,2026-02-20 00:00:00,46957.0
2026-02-20T00,NW,Northwest,DF,Day-ahead demand forecast,44016,megawatthours,2026-02-20 00:00:00,44016.0
2026-02-20T00,NW,Northwest,NG,Net generation,44232,megawatthours,2026-02-20 00:00:00,44232.0
2026-02-20T00,NW,Northwest,TI,Total interchange,-2725,megawatthours,2026-02-20 00:00:00,-2725.0
2026-02-19T23,NW,Northwest,D,Demand,47107,megawatthours,2026-02-19 23:00:00,47107.0
2026-02-19T23,NW,Northwest,DF,Day-ahead demand forecast,43438,megawatthours,2026-02-19 23:00:00,43438.0
2026-02-19T23,NW,Northwest,NG,Net generation,45214,megawatthours,2026-02-19 23:00:00,45214.0
2026-02-19T23,NW,Northwest,TI,Total interchange,-1912,megawatthours,2026-02-19 23:00:00,-1912.0
2026-02-19T22,NW,Northwest,D,Demand,47678,megawatthours,2026-02-19 22:00:00,47678.0
2026-02-19T22,NW,Northwest,DF,Day-ahead demand forecast,43315,megawatthours,2026-02-19 22:00:00,43315.0
2026-02-19T22,NW,Northwest,NG,Net generation,45427,megawatthours,2026-02-19 22:00:00,45427.0
2026-02-19T22,NW,Northwest,TI,Total interchange,-2264,megawatthours,2026-02-19 22:00:00,-2264.0
2026-02-19T21,NW,Northwest,D,Demand,48334,megawatthours,2026-02-19 21:00:00,48334.0
2026-02-19T21,NW,Northwest,DF,Day-ahead demand forecast,43865,megawatthours,2026-02-19 21:00:00,43865.0
2026-02-19T21,NW,Northwest,NG,Net generation,46136,megawatthours,2026-02-19 21:00:00,46136.0
2026-02-19T21,NW,Northwest,TI,Total interchange,-2214,megawatthours,2026-02-19 21:00:00,-2214.0
2026-02-19T20,NW,Northwest,D,Demand,49036,megawatthours,2026-02-19 20:00:00,49036.0
2026-02-19T20,NW,Northwest,DF,Day-ahead demand forecast,44533,megawatthours,2026-02-19 20:00:00,44533.0
2026-02-19T20,NW,Northwest,NG,Net generation,47508,megawatthours,2026-02-19 20:00:00,47508.0
2026-02-19T20,NW,Northwest,TI,Total interchange,-1599,megawatthours,2026-02-19 20:00:00,-1599.0
2026-02-19T19,NW,Northwest,D,Demand,49687,megawatthours,2026-02-19 19:00:00,49687.0
2026-02-19T19,NW,Northwest,DF,Day-ahead demand forecast,45262,megawatthours,2026-02-19 19:00:00,45262.0
2026-02-19T19,NW,Northwest,NG,Net generation,48289,megawatthours,2026-02-19 19:00:00,48289.0
2026-02-19T19,NW,Northwest,TI,Total interchange,-1515,megawatthours,2026-02-19 19:00:00,-1515.0
2026-02-19T18,NW,Northwest,D,Demand,50868,megawatthours,2026-02-19 18:00:00,50868.0
2026-02-19T18,NW,Northwest,DF,Day-ahead demand forecast,46027,megawatthours,2026-02-19 18:00:00,46027.0
2026-02-19T18,NW,Northwest,NG,Net generation,50350,megawatthours,2026-02-19 18:00:00,50350.0
2026-02-19T18,NW,Northwest,TI,Total interchange,-577,megawatthours,2026-02-19 18:00:00,-577.0
2026-02-19T17,NW,Northwest,D,Demand,51849,megawatthours,2026-02-19 17:00:00,51849.0
2026-02-19T17,NW,Northwest,DF,Day-ahead demand forecast,47192,megawatthours,2026-02-19 17:00:00,47192.0
2026-02-19T17,NW,Northwest,NG,Net generation,51763,megawatthours,2026-02-19 17:00:00,51763.0
2026-02-19T17,NW,Northwest,TI,Total interchange,-140,megawatthours,2026-02-19 17:00:00,-140.0
2026-02-19T16,NW,Northwest,D,Demand,52059,megawatthours,2026-02-19 16:00:00,52059.0
2026-02-19T16,NW,Northwest,DF,Day-ahead demand forecast,47738,megawatthours,2026-02-19 16:00:00,47738.0
2026-02-19T16,NW,Northwest,NG,Net generation,52026,megawatthours,2026-02-19 16:00:00,52026.0
2026-02-19T16,NW,Northwest,TI,Total interchange,-78,megawatthours,2026-02-19 16:00:00,-78.0
2026-02-19T15,NW,Northwest,D,Demand,50765,megawatthours,2026-02-19 15:00:00,50765.0
2026-02-19T15,NW,Northwest,DF,Day-ahead demand forecast,47327,megawatthours,2026-02-19 15:00:00,47327.0
2026-02-19T15,NW,Northwest,NG,Net generation,50504,megawatthours,2026-02-19 15:00:00,50504.0
2026-02-19T15,NW,Northwest,TI,Total interchange,-284,megawatthours,2026-02-19 15:00:00,-284.0
2026-02-19T14,NW,Northwest,D,Demand,48125,megawatthours,2026-02-19 14:00:00,48125.0
2026-02-19T14,NW,Northwest,DF,Day-ahead demand forecast,44490,megawatthours,2026-02-19 14:00:00,44490.0
2026-02-19T14,NW,Northwest,NG,Net generation,48875,megawatthours,2026-02-19 14:00:00,48875.0
2026-02-19T14,NW,Northwest,TI,Total interchange,757,megawatthours,2026-02-19 14:00:00,757.0
2026-02-19T13,NW,Northwest,D,Demand,45274,megawatthours,2026-02-19 13:00:00,45274.0
2026-02-19T13,NW,Northwest,DF,Day-ahead demand forecast,42078,megawatthours,2026-02-19 13:00:00,42078.0
2026-02-19T13,NW,Northwest,NG,Net generation,46493,megawatthours,2026-02-19 13:00:00,46493.0
2026-02-19T13,NW,Northwest,TI,Total interchange,1214,megawatthours,2026-02-19 13:00:00,1214.0
2026-02-19T12,NW,Northwest,D,Demand,43480,megawatthours,2026-02-19 12:00:00,43480.0
2026-02-19T12,NW,Northwest,DF,Day-ahead demand forecast,40807,megawatthours,2026-02-19 12:00:00,40807.0
2026-02-19T12,NW,Northwest,NG,Net generation,45203,megawatthours,2026-02-19 12:00:00,45203.0
2026-02-19T12,NW,Northwest,TI,Total interchange,1720,megawatthours,2026-02-19 12:00:00,1720.0
2026-02-19T11,NW,Northwest,D,Demand,42810,megawatthours,2026-02-19 11:00:00,42810.0
2026-02-19T11,NW,Northwest,DF,Day-ahead demand forecast,40332,megawatthours,2026-02-19 11:00:00,40332.0
2026-02-19T11,NW,Northwest,NG,Net generation,45017,megawatthours,2026-02-19 11:00:00,45017.0
2026-02-19T11,NW,Northwest,TI,Total interchange,2210,megawatthours,2026-02-19 11:00:00,2210.0
2026-02-19T10,NW,Northwest,D,Demand,42895,megawatthours,2026-02-19 10:00:00,42895.0
2026-02-19T10,NW,Northwest,DF,Day-ahead demand forecast,39844,megawatthours,2026-02-19 10:00:00,39844.0
2026-02-19T10,NW,Northwest,NG,Net generation,45219,megawatthours,2026-02-19 10:00:00,45219.0
2026-02-19T10,NW,Northwest,TI,Total interchange,2329,megawatthours,2026-02-19 10:00:00,2329.0
2026-02-19T09,NW,Northwest,D,Demand,43401,megawatthours,2026-02-19 09:00:00,43401.0
2026-02-19T09,NW,Northwest,DF,Day-ahead demand forecast,40255,megawatthours,2026-02-19 09:00:00,40255.0
2026-02-19T09,NW,Northwest,NG,Net generation,46544,megawatthours,2026-02-19 09:00:00,46544.0
2026-02-19T09,NW,Northwest,TI,Total interchange,3131,megawatthours,2026-02-19 09:00:00,3131.0
2026-02-19T08,NW,Northwest,D,Demand,43947,megawatthours,2026-02-19 08:00:00,43947.0
2026-02-19T08,NW,Northwest,DF,Day-ahead demand forecast,40748,megawatthours,2026-02-19 08:00:00,40748.0
2026-02-19T08,NW,Northwest,NG,Net generation,46045,megawatthours,2026-02-19 08:00:00,46045.0
2026-02-19T08,NW,Northwest,TI,Total interchange,3036,megawatthours,2026-02-19 08:00:00,3036.0
2026-02-19T07,NW,Northwest,D,Demand,45654,megawatthours,2026-02-19 07:00:00,45654.0
2026-02-19T07,NW,Northwest,DF,Day-ahead demand forecast,42038,megawatthours,2026-02-19 07:00:00,42038.0
2026-02-19T07,NW,Northwest,NG,Net generation,47306,megawatthours,2026-02-19 07:00:00,47306.0
2026-02-19T07,NW,Northwest,TI,Total interchange,2644,megawatthours,2026-02-19 07:00:00,2644.0
2026-02-19T06,NW,Northwest,D,Demand,47829,megawatthours,2026-02-19 06:00:00,47829.0
2026-02-19T06,NW,Northwest,DF,Day-ahead demand forecast,43756,megawatthours,2026-02-19 06:00:00,43756.0
2026-02-19T06,NW,Northwest,NG,Net generation,48052,megawatthours,2026-02-19 06:00:00,48052.0
2026-02-19T06,NW,Northwest,TI,Total interchange,1535,megawatthours,2026-02-19 06:00:00,1535.0
2026-02-19T05,NW,Northwest,D,Demand,49556,megawatthours,2026-02-19 05:00:00,49556.0
2026-02-19T05,NW,Northwest,DF,Day-ahead demand forecast,45485,megawatthours,2026-02-19 05:00:00,45485.0
2026-02-19T05,NW,Northwest,NG,Net generation,50462,megawatthours,2026-02-19 05:00:00,50462.0
2026-02-19T05,NW,Northwest,TI,Total interchange,762,megawatthours,2026-02-19 05:00:00,762.0
2026-02-19T04,NW,Northwest,D,Demand,50365,megawatthours,2026-02-19 04:00:00,50365.0
2026-02-19T04,NW,Northwest,DF,Day-ahead demand forecast,46504,megawatthours,2026-02-19 04:00:00,46504.0
2026-02-19T04,NW,Northwest,NG,Net generation,51510,megawatthours,2026-02-19 04:00:00,51510.0
2026-02-19T04,NW,Northwest,TI,Total interchange,1074,megawatthours,2026-02-19 04:00:00,1074.0
2026-02-19T03,NW,Northwest,D,Demand,51005,megawatthours,2026-02-19 03:00:00,51005.0
2026-02-19T03,NW,Northwest,DF,Day-ahead demand forecast,47166,megawatthours,2026-02-19 03:00:00,47166.0
2026-02-19T03,NW,Northwest,NG,Net generation,52070,megawatthours,2026-02-19 03:00:00,52070.0
2026-02-19T03,NW,Northwest,TI,Total interchange,993,megawatthours,2026-02-19 03:00:00,993.0
2026-02-19T02,NW,Northwest,D,Demand,50724,megawatthours,2026-02-19 02:00:00,50724.0
2026-02-19T02,NW,Northwest,DF,Day-ahead demand forecast,46663,megawatthours,2026-02-19 02:00:00,46663.0
2026-02-19T02,NW,Northwest,NG,Net generation,51573,megawatthours,2026-02-19 02:00:00,51573.0
2026-02-19T02,NW,Northwest,TI,Total interchange,811,megawatthours,2026-02-19 02:00:00,811.0
2026-02-19T01,NW,Northwest,D,Demand,49042,megawatthours,2026-02-19 01:00:00,49042.0
2026-02-19T01,NW,Northwest,DF,Day-ahead demand forecast,45150,megawatthours,2026-02-19 01:00:00,45150.0
2026-02-19T01,NW,Northwest,NG,Net generation,49063,megawatthours,2026-02-19 01:00:00,49063.0
2026-02-19T01,NW,Northwest,TI,Total interchange,-16,megawatthours,2026-02-19 01:00:00,-16.0
2026-02-19T00,NW,Northwest,D,Demand,47916,megawatthours,2026-02-19 00:00:00,47916.0
2026-02-19T00,NW,Northwest,DF,Day-ahead demand forecast,43778,megawatthours,2026-02-19 00:00:00,43778.0
2026-02-19T00,NW,Northwest,NG,Net generation,47275,megawatthours,2026-02-19 00:00:00,47275.0
2026-02-19T00,NW,Northwest,TI,Total interchange,-695,megawatthours,2026-02-19 00:00:00,-695.0
2026-02-18T23,NW,Northwest,D,Demand,47499,megawatthours,2026-02-18 23:00:00,47499.0
2026-02-18T23,NW,Northwest,DF,Day-ahead demand forecast,43120,megawatthours,2026-02-18 23:00:00,43120.0
2026-02-18T23,NW,Northwest,NG,Net generation,47035,megawatthours,2026-02-18 23:00:00,47035.0
2026-02-18T23,NW,Northwest,TI,Total interchange,-531,megawatthours,2026-02-18 23:00:00,-531.0
2026-02-18T22,NW,Northwest,D,Demand,48001,megawatthours,2026-02-18 22:00:00,48001.0
2026-02-18T22,NW,Northwest,DF,Day-ahead demand forecast,42949,megawatthours,2026-02-18 22:00:00,42949.0
2026-02-18T22,NW,Northwest,NG,Net generation,47810,megawatthours,2026-02-18 22:00:00,47810.0
2026-02-18T22,NW,Northwest,TI,Total interchange,-260,megawatthours,2026-02-18 22:00:00,-260.0
2026-02-18T21,NW,Northwest,D,Demand,48369,megawatthours,2026-02-18 21:00:00,48369.0
2026-02-18T21,NW,Northwest,DF,Day-ahead demand forecast,43385,megawatthours,2026-02-18 21:00:00,43385.0
2026-02-18T21,NW,Northwest,NG,Net generation,48750,megawatthours,2026-02-18 21:00:00,48750.0
2026-02-18T21,NW,Northwest,TI,Total interchange,301,megawatthours,2026-02-18 21:00:00,301.0
2026-02-18T20,NW,Northwest,D,Demand,48721,megawatthours,2026-02-18 20:00:00,48721.0
2026-02-18T20,NW,Northwest,DF,Day-ahead demand forecast,43741,megawatthours,2026-02-18 20:00:00,43741.0
2026-02-18T20,NW,Northwest,NG,Net generation,49745,megawatthours,2026-02-18 20:00:00,49745.0
2026-02-18T20,NW,Northwest,TI,Total interchange,923,megawatthours,2026-02-18 20:00:00,923.0
2026-02-18T19,NW,Northwest,D,Demand,49165,megawatthours,2026-02-18 19:00:00,49165.0
2026-02-18T19,NW,Northwest,DF,Day-ahead demand forecast,44296,megawatthours,2026-02-18 19:00:00,44296.0
2026-02-18T19,NW,Northwest,NG,Net generation,49402,megawatthours,2026-02-18 19:00:00,49402.0
2026-02-18T19,NW,Northwest,TI,Total interchange,173,megawatthours,2026-02-18 19:00:00,173.0
2026-02-18T18,NW,Northwest,D,Demand,49561,megawatthours,2026-02-18 18:00:00,49561.0
2026-02-18T18,NW,Northwest,DF,Day-ahead demand forecast,44981,megawatthours,2026-02-18 18:00:00,44981.0
2026-02-18T18,NW,Northwest,NG,Net generation,49147,megawatthours,2026-02-18 18:00:00,49147.0
2026-02-18T18,NW,Northwest,TI,Total interchange,-439,megawatthours,2026-02-18 18:00:00,-439.0
2026-02-18T17,NW,Northwest,D,Demand,50384,megawatthours,2026-02-18 17:00:00,50384.0
2026-02-18T17,NW,Northwest,DF,Day-ahead demand forecast,45997,megawatthours,2026-02-18 17:00:00,45997.0
2026-02-18T17,NW,Northwest,NG,Net generation,50167,megawatthours,2026-02-18 17:00:00,50167.0
2026-02-18T17,NW,Northwest,TI,Total interchange,-278,megawatthours,2026-02-18 17:00:00,-278.0
2026-02-18T16,NW,Northwest,D,Demand,50809,megawatthours,2026-02-18 16:00:00,50809.0
2026-02-18T16,NW,Northwest,DF,Day-ahead demand forecast,46625,megawatthours,2026-02-18 16:00:00,46625.0
2026-02-18T16,NW,Northwest,NG,Net generation,51363,megawatthours,2026-02-18 16:00:00,51363.0
2026-02-18T16,NW,Northwest,TI,Total interchange,527,megawatthours,2026-02-18 16:00:00,527.0
2026-02-18T15,NW,Northwest,D,Demand,49179,megawatthours,2026-02-18 15:00:00,49179.0
2026-02-18T15,NW,Northwest,DF,Day-ahead demand forecast,46031,megawatthours,2026-02-18 15:00:00,46031.0
2026-02-18T15,NW,Northwest,NG,Net generation,50951,megawatthours,2026-02-18 15:00:00,50951.0
2026-02-18T15,NW,Northwest,TI,Total interchange,1730,megawatthours,2026-02-18 15:00:00,1730.0
2026-02-18T14,NW,Northwest,D,Demand,46347,megawatthours,2026-02-18 14:00:00,46347.0
2026-02-18T14,NW,Northwest,DF,Day-ahead demand forecast,43479,megawatthours,2026-02-18 14:00:00,43479.0
2026-02-18T14,NW,Northwest,NG,Net generation,49285,megawatthours,2026-02-18 14:00:00,49285.0
2026-02-18T14,NW,Northwest,TI,Total interchange,2943,megawatthours,2026-02-18 14:00:00,2943.0
2026-02-18T13,NW,Northwest,D,Demand,43677,megawatthours,2026-02-18 13:00:00,43677.0
2026-02-18T13,NW,Northwest,DF,Day-ahead demand forecast,40833,megawatthours,2026-02-18 13:00:00,40833.0
2026-02-18T13,NW,Northwest,NG,Net generation,47060,megawatthours,2026-02-18 13:00:00,47060.0
2026-02-18T13,NW,Northwest,TI,Total interchange,3363,megawatthours,2026-02-18 13:00:00,3363.0
2026-02-18T12,NW,Northwest,D,Demand,42126,megawatthours,2026-02-18 12:00:00,42126.0
2026-02-18T12,NW,Northwest,DF,Day-ahead demand forecast,39346,megawatthours,2026-02-18 12:00:00,39346.0
2026-02-18T12,NW,Northwest,NG,Net generation,45773,megawatthours,2026-02-18 12:00:00,45773.0
2026-02-18T12,NW,Northwest,TI,Total interchange,3652,megawatthours,2026-02-18 12:00:00,3652.0
2026-02-18T11,NW,Northwest,D,Demand,41482,megawatthours,2026-02-18 11:00:00,41482.0
2026-02-18T11,NW,Northwest,DF,Day-ahead demand forecast,38765,megawatthours,2026-02-18 11:00:00,38765.0
2026-02-18T11,NW,Northwest,NG,Net generation,45121,megawatthours,2026-02-18 11:00:00,45121.0
2026-02-18T11,NW,Northwest,TI,Total interchange,3621,megawatthours,2026-02-18 11:00:00,3621.0
2026-02-18T10,NW,Northwest,D,Demand,41302,megawatthours,2026-02-18 10:00:00,41302.0
2026-02-18T10,NW,Northwest,DF,Day-ahead demand forecast,38473,megawatthours,2026-02-18 10:00:00,38473.0
2026-02-18T10,NW,Northwest,NG,Net generation,44788,megawatthours,2026-02-18 10:00:00,44788.0
2026-02-18T10,NW,Northwest,TI,Total interchange,3455,megawatthours,2026-02-18 10:00:00,3455.0
2026-02-18T09,NW,Northwest,D,Demand,41727,megawatthours,2026-02-18 09:00:00,41727.0
2026-02-18T09,NW,Northwest,DF,Day-ahead demand forecast,38912,megawatthours,2026-02-18 09:00:00,38912.0
2026-02-18T09,NW,Northwest,NG,Net generation,45025,megawatthours,2026-02-18 09:00:00,45025.0
2026-02-18T09,NW,Northwest,TI,Total interchange,3285,megawatthours,2026-02-18 09:00:00,3285.0
2026-02-18T08,NW,Northwest,D,Demand,42349,megawatthours,2026-02-18 08:00:00,42349.0
2026-02-18T08,NW,Northwest,DF,Day-ahead demand forecast,39525,megawatthours,2026-02-18 08:00:00,39525.0
2026-02-18T08,NW,Northwest,NG,Net generation,44065,megawatthours,2026-02-18 08:00:00,44065.0
2026-02-18T08,NW,Northwest,TI,Total interchange,2738,megawatthours,2026-02-18 08:00:00,2738.0
2026-02-18T07,NW,Northwest,D,Demand,39847,megawatthours,2026-02-18 07:00:00,39847.0
2026-02-18T07,NW,Northwest,DF,Day-ahead demand forecast,40534,megawatthours,2026-02-18 07:00:00,40534.0
2026-02-18T07,NW,Northwest,NG,Net generation,45828,megawatthours,2026-02-18 07:00:00,45828.0
2026-02-18T07,NW,Northwest,TI,Total interchange,2551,megawatthours,2026-02-18 07:00:00,2551.0
2026-02-18T06,NW,Northwest,D,Demand,45880,megawatthours,2026-02-18 06:00:00,45880.0
2026-02-18T06,NW,Northwest,DF,Day-ahead demand forecast,42235,megawatthours,2026-02-18 06:00:00,42235.0
2026-02-18T06,NW,Northwest,NG,Net generation,46295,megawatthours,2026-02-18 06:00:00,46295.0
2026-02-18T06,NW,Northwest,TI,Total interchange,1733,megawatthours,2026-02-18 06:00:00,1733.0
2026-02-18T05,NW,Northwest,D,Demand,47964,megawatthours,2026-02-18 05:00:00,47964.0
2026-02-18T05,NW,Northwest,DF,Day-ahead demand forecast,43802,megawatthours,2026-02-18 05:00:00,43802.0
2026-02-18T05,NW,Northwest,NG,Net generation,49640,megawatthours,2026-02-18 05:00:00,49640.0
2026-02-18T05,NW,Northwest,TI,Total interchange,1600,megawatthours,2026-02-18 05:00:00,1600.0
2026-02-18T04,NW,Northwest,D,Demand,49169,megawatthours,2026-02-18 04:00:00,49169.0
2026-02-18T04,NW,Northwest,DF,Day-ahead demand forecast,44896,megawatthours,2026-02-18 04:00:00,44896.0
2026-02-18T04,NW,Northwest,NG,Net generation,51063,megawatthours,2026-02-18 04:00:00,51063.0
2026-02-18T04,NW,Northwest,TI,Total interchange,1819,megawatthours,2026-02-18 04:00:00,1819.0
2026-02-18T03,NW,Northwest,D,Demand,49680,megawatthours,2026-02-18 03:00:00,49680.0
2026-02-18T03,NW,Northwest,DF,Day-ahead demand forecast,45540,megawatthours,2026-02-18 03:00:00,45540.0
2026-02-18T03,NW,Northwest,NG,Net generation,51637,megawatthours,2026-02-18 03:00:00,51637.0
2026-02-18T03,NW,Northwest,TI,Total interchange,1822,megawatthours,2026-02-18 03:00:00,1822.0
2026-02-18T02,NW,Northwest,D,Demand,49098,megawatthours,2026-02-18 02:00:00,49098.0
2026-02-18T02,NW,Northwest,DF,Day-ahead demand forecast,45279,megawatthours,2026-02-18 02:00:00,45279.0
2026-02-18T02,NW,Northwest,NG,Net generation,51014,megawatthours,2026-02-18 02:00:00,51014.0
2026-02-18T02,NW,Northwest,TI,Total interchange,1858,megawatthours,2026-02-18 02:00:00,1858.0
2026-02-18T01,NW,Northwest,D,Demand,47303,megawatthours,2026-02-18 01:00:00,47303.0
2026-02-18T01,NW,Northwest,DF,Day-ahead demand forecast,43304,megawatthours,2026-02-18 01:00:00,43304.0
2026-02-18T01,NW,Northwest,NG,Net generation,48325,megawatthours,2026-02-18 01:00:00,48325.0
2026-02-18T01,NW,Northwest,TI,Total interchange,1008,megawatthours,2026-02-18 01:00:00,1008.0
2026-02-18T00,NW,Northwest,D,Demand,46002,megawatthours,2026-02-18 00:00:00,46002.0
2026-02-18T00,NW,Northwest,DF,Day-ahead demand forecast,41720,megawatthours,2026-02-18 00:00:00,41720.0
2026-02-18T00,NW,Northwest,NG,Net generation,46038,megawatthours,2026-02-18 00:00:00,46038.0
2026-02-18T00,NW,Northwest,TI,Total interchange,-43,megawatthours,2026-02-18 00:00:00,-43.0
2026-02-17T23,NW,Northwest,D,Demand,45715,megawatthours,2026-02-17 23:00:00,45715.0
2026-02-17T23,NW,Northwest,DF,Day-ahead demand forecast,41004,megawatthours,2026-02-17 23:00:00,41004.0
2026-02-17T23,NW,Northwest,NG,Net generation,45528,megawatthours,2026-02-17 23:00:00,45528.0
2026-02-17T23,NW,Northwest,TI,Total interchange,-249,megawatthours,2026-02-17 23:00:00,-249.0
2026-02-17T22,NW,Northwest,D,Demand,45763,megawatthours,2026-02-17 22:00:00,45763.0
2026-02-17T22,NW,Northwest,DF,Day-ahead demand forecast,41196,megawatthours,2026-02-17 22:00:00,41196.0
2026-02-17T22,NW,Northwest,NG,Net generation,45479,megawatthours,2026-02-17 22:00:00,45479.0
2026-02-17T22,NW,Northwest,TI,Total interchange,-336,megawatthours,2026-02-17 22:00:00,-336.0
2026-02-17T21,NW,Northwest,D,Demand,46154,megawatthours,2026-02-17 21:00:00,46154.0
2026-02-17T21,NW,Northwest,DF,Day-ahead demand forecast,41305,megawatthours,2026-02-17 21:00:00,41305.0
2026-02-17T21,NW,Northwest,NG,Net generation,46698,megawatthours,2026-02-17 21:00:00,46698.0
2026-02-17T21,NW,Northwest,TI,Total interchange,475,megawatthours,2026-02-17 21:00:00,475.0
2026-02-17T20,NW,Northwest,D,Demand,46997,megawatthours,2026-02-17 20:00:00,46997.0
2026-02-17T20,NW,Northwest,DF,Day-ahead demand forecast,41922,megawatthours,2026-02-17 20:00:00,41922.0
2026-02-17T20,NW,Northwest,NG,Net generation,47294,megawatthours,2026-02-17 20:00:00,47294.0
2026-02-17T20,NW,Northwest,TI,Total interchange,246,megawatthours,2026-02-17 20:00:00,246.0
2026-02-17T19,NW,Northwest,D,Demand,47611,megawatthours,2026-02-17 19:00:00,47611.0
2026-02-17T19,NW,Northwest,DF,Day-ahead demand forecast,43022,megawatthours,2026-02-17 19:00:00,43022.0
2026-02-17T19,NW,Northwest,NG,Net generation,47625,megawatthours,2026-02-17 19:00:00,47625.0
2026-02-17T19,NW,Northwest,TI,Total interchange,-36,megawatthours,2026-02-17 19:00:00,-36.0
2026-02-17T18,NW,Northwest,D,Demand,49015,megawatthours,2026-02-17 18:00:00,49015.0
2026-02-17T18,NW,Northwest,DF,Day-ahead demand forecast,43847,megawatthours,2026-02-17 18:00:00,43847.0
2026-02-17T18,NW,Northwest,NG,Net generation,49385,megawatthours,2026-02-17 18:00:00,49385.0
2026-02-17T18,NW,Northwest,TI,Total interchange,279,megawatthours,2026-02-17 18:00:00,279.0
2026-02-17T17,NW,Northwest,D,Demand,49965,megawatthours,2026-02-17 17:00:00,49965.0
2026-02-17T17,NW,Northwest,DF,Day-ahead demand forecast,44752,megawatthours,2026-02-17 17:00:00,44752.0
2026-02-17T17,NW,Northwest,NG,Net generation,50776,megawatthours,2026-02-17 17:00:00,50776.0
2026-02-17T17,NW,Northwest,TI,Total interchange,706,megawatthours,2026-02-17 17:00:00,706.0
2026-02-17T16,NW,Northwest,D,Demand,49892,megawatthours,2026-02-17 16:00:00,49892.0
2026-02-17T16,NW,Northwest,DF,Day-ahead demand forecast,45550,megawatthours,2026-02-17 16:00:00,45550.0
2026-02-17T16,NW,Northwest,NG,Net generation,50610,megawatthours,2026-02-17 16:00:00,50610.0
2026-02-17T16,NW,Northwest,TI,Total interchange,667,megawatthours,2026-02-17 16:00:00,667.0
2026-02-17T15,NW,Northwest,D,Demand,48316,megawatthours,2026-02-17 15:00:00,48316.0
2026-02-17T15,NW,Northwest,DF,Day-ahead demand forecast,44722,megawatthours,2026-02-17 15:00:00,44722.0
2026-02-17T15,NW,Northwest,NG,Net generation,49652,megawatthours,2026-02-17 15:00:00,49652.0
2026-02-17T15,NW,Northwest,TI,Total interchange,1315,megawatthours,2026-02-17 15:00:00,1315.0
2026-02-17T14,NW,Northwest,D,Demand,45563,megawatthours,2026-02-17 14:00:00,45563.0
2026-02-17T14,NW,Northwest,DF,Day-ahead demand forecast,42251,megawatthours,2026-02-17 14:00:00,42251.0
2026-02-17T14,NW,Northwest,NG,Net generation,48015,megawatthours,2026-02-17 14:00:00,48015.0
2026-02-17T14,NW,Northwest,TI,Total interchange,2456,megawatthours,2026-02-17 14:00:00,2456.0
2026-02-17T13,NW,Northwest,D,Demand,42500,megawatthours,2026-02-17 13:00:00,42500.0
2026-02-17T13,NW,Northwest,DF,Day-ahead demand forecast,39617,megawatthours,2026-02-17 13:00:00,39617.0
2026-02-17T13,NW,Northwest,NG,Net generation,45152,megawatthours,2026-02-17 13:00:00,45152.0
2026-02-17T13,NW,Northwest,TI,Total interchange,2658,megawatthours,2026-02-17 13:00:00,2658.0
2026-02-17T12,NW,Northwest,D,Demand,40982,megawatthours,2026-02-17 12:00:00,40982.0
2026-02-17T12,NW,Northwest,DF,Day-ahead demand forecast,38250,megawatthours,2026-02-17 12:00:00,38250.0
2026-02-17T12,NW,Northwest,NG,Net generation,43917,megawatthours,2026-02-17 12:00:00,43917.0
2026-02-17T12,NW,Northwest,TI,Total interchange,2936,megawatthours,2026-02-17 12:00:00,2936.0
2026-02-17T11,NW,Northwest,D,Demand,40231,megawatthours,2026-02-17 11:00:00,40231.0
2026-02-17T11,NW,Northwest,DF,Day-ahead demand forecast,37467,megawatthours,2026-02-17 11:00:00,37467.0
2026-02-17T11,NW,Northwest,NG,Net generation,43488,megawatthours,2026-02-17 11:00:00,43488.0
2026-02-17T11,NW,Northwest,TI,Total interchange,3255,megawatthours,2026-02-17 11:00:00,3255.0
2026-02-17T10,NW,Northwest,D,Demand,40129,megawatthours,2026-02-17 10:00:00,40129.0
2026-02-17T10,NW,Northwest,DF,Day-ahead demand forecast,37429,megawatthours,2026-02-17 10:00:00,37429.0
2026-02-17T10,NW,Northwest,NG,Net generation,43446,megawatthours,2026-02-17 10:00:00,43446.0
2026-02-17T10,NW,Northwest,TI,Total interchange,3296,megawatthours,2026-02-17 10:00:00,3296.0
2026-02-17T09,NW,Northwest,D,Demand,40428,megawatthours,2026-02-17 09:00:00,40428.0
2026-02-17T09,NW,Northwest,DF,Day-ahead demand forecast,37620,megawatthours,2026-02-17 09:00:00,37620.0
2026-02-17T09,NW,Northwest,NG,Net generation,43866,megawatthours,2026-02-17 09:00:00,43866.0
2026-02-17T09,NW,Northwest,TI,Total interchange,3433,megawatthours,2026-02-17 09:00:00,3433.0
2026-02-17T08,NW,Northwest,D,Demand,41338,megawatthours,2026-02-17 08:00:00,41338.0
2026-02-17T08,NW,Northwest,DF,Day-ahead demand forecast,38151,megawatthours,2026-02-17 08:00:00,38151.0
2026-02-17T08,NW,Northwest,NG,Net generation,43761,megawatthours,2026-02-17 08:00:00,43761.0
2026-02-17T08,NW,Northwest,TI,Total interchange,3076,megawatthours,2026-02-17 08:00:00,3076.0
2026-02-17T07,NW,Northwest,D,Demand,42838,megawatthours,2026-02-17 07:00:00,42838.0
2026-02-17T07,NW,Northwest,DF,Day-ahead demand forecast,39366,megawatthours,2026-02-17 07:00:00,39366.0
2026-02-17T07,NW,Northwest,NG,Net generation,45644,megawatthours,2026-02-17 07:00:00,45644.0
2026-02-17T07,NW,Northwest,TI,Total interchange,3560,megawatthours,2026-02-17 07:00:00,3560.0
2026-02-17T06,NW,Northwest,D,Demand,45050,megawatthours,2026-02-17 06:00:00,45050.0
2026-02-17T06,NW,Northwest,DF,Day-ahead demand forecast,41112,megawatthours,2026-02-17 06:00:00,41112.0
2026-02-17T06,NW,Northwest,NG,Net generation,46924,megawatthours,2026-02-17 06:00:00,46924.0
2026-02-17T06,NW,Northwest,TI,Total interchange,3007,megawatthours,2026-02-17 06:00:00,3007.0
2026-02-17T05,NW,Northwest,D,Demand,47018,megawatthours,2026-02-17 05:00:00,47018.0
2026-02-17T05,NW,Northwest,DF,Day-ahead demand forecast,42721,megawatthours,2026-02-17 05:00:00,42721.0
2026-02-17T05,NW,Northwest,NG,Net generation,49556,megawatthours,2026-02-17 05:00:00,49556.0
2026-02-17T05,NW,Northwest,TI,Total interchange,2458,megawatthours,2026-02-17 05:00:00,2458.0
2026-02-17T04,NW,Northwest,D,Demand,48238,megawatthours,2026-02-17 04:00:00,48238.0
2026-02-17T04,NW,Northwest,DF,Day-ahead demand forecast,43829,megawatthours,2026-02-17 04:00:00,43829.0
2026-02-17T04,NW,Northwest,NG,Net generation,50077,megawatthours,2026-02-17 04:00:00,50077.0
2026-02-17T04,NW,Northwest,TI,Total interchange,1748,megawatthours,2026-02-17 04:00:00,1748.0
2026-02-17T03,NW,Northwest,D,Demand,48924,megawatthours,2026-02-17 03:00:00,48924.0
2026-02-17T03,NW,Northwest,DF,Day-ahead demand forecast,44482,megawatthours,2026-02-17 03:00:00,44482.0
2026-02-17T03,NW,Northwest,NG,Net generation,50620,megawatthours,2026-02-17 03:00:00,50620.0
2026-02-17T03,NW,Northwest,TI,Total interchange,1624,megawatthours,2026-02-17 03:00:00,1624.0
2026-02-17T02,NW,Northwest,D,Demand,48748,megawatthours,2026-02-17 02:00:00,48748.0
2026-02-17T02,NW,Northwest,DF,Day-ahead demand forecast,44196,megawatthours,2026-02-17 02:00:00,44196.0
2026-02-17T02,NW,Northwest,NG,Net generation,50427,megawatthours,2026-02-17 02:00:00,50427.0
2026-02-17T02,NW,Northwest,TI,Total interchange,1615,megawatthours,2026-02-17 02:00:00,1615.0
2026-02-17T01,NW,Northwest,D,Demand,47475,megawatthours,2026-02-17 01:00:00,47475.0
2026-02-17T01,NW,Northwest,DF,Day-ahead demand forecast,42573,megawatthours,2026-02-17 01:00:00,42573.0
2026-02-17T01,NW,Northwest,NG,Net generation,50265,megawatthours,2026-02-17 01:00:00,50265.0
2026-02-17T01,NW,Northwest,TI,Total interchange,2680,megawatthours,2026-02-17 01:00:00,2680.0
2026-02-17T00,NW,Northwest,D,Demand,46556,megawatthours,2026-02-17 00:00:00,46556.0
2026-02-17T00,NW,Northwest,DF,Day-ahead demand forecast,41244,megawatthours,2026-02-17 00:00:00,41244.0
2026-02-17T00,NW,Northwest,NG,Net generation,50651,megawatthours,2026-02-17 00:00:00,50651.0
2026-02-17T00,NW,Northwest,TI,Total interchange,3936,megawatthours,2026-02-17 00:00:00,3936.0
2026-02-16T23,NW,Northwest,D,Demand,46447,megawatthours,2026-02-16 23:00:00,46447.0
2026-02-16T23,NW,Northwest,DF,Day-ahead demand forecast,40493,megawatthours,2026-02-16 23:00:00,40493.0
2026-02-16T23,NW,Northwest,NG,Net generation,51439,megawatthours,2026-02-16 23:00:00,51439.0
2026-02-16T23,NW,Northwest,TI,Total interchange,4885,megawatthours,2026-02-16 23:00:00,4885.0
2026-02-16T22,NW,Northwest,D,Demand,46056,megawatthours,2026-02-16 22:00:00,46056.0
2026-02-16T22,NW,Northwest,DF,Day-ahead demand forecast,40269,megawatthours,2026-02-16 22:00:00,40269.0
2026-02-16T22,NW,Northwest,NG,Net generation,51242,megawatthours,2026-02-16 22:00:00,51242.0
2026-02-16T22,NW,Northwest,TI,Total interchange,5128,megawatthours,2026-02-16 22:00:00,5128.0
2026-02-16T21,NW,Northwest,D,Demand,46267,megawatthours,2026-02-16 21:00:00,46267.0
2026-02-16T21,NW,Northwest,DF,Day-ahead demand forecast,40620,megawatthours,2026-02-16 21:00:00,40620.0
2026-02-16T21,NW,Northwest,NG,Net generation,51843,megawatthours,2026-02-16 21:00:00,51843.0
2026-02-16T21,NW,Northwest,TI,Total interchange,5460,megawatthours,2026-02-16 21:00:00,5460.0
2026-02-16T20,NW,Northwest,D,Demand,46662,megawatthours,2026-02-16 20:00:00,46662.0
2026-02-16T20,NW,Northwest,DF,Day-ahead demand forecast,40964,megawatthours,2026-02-16 20:00:00,40964.0
2026-02-16T20,NW,Northwest,NG,Net generation,51094,megawatthours,2026-02-16 20:00:00,51094.0
2026-02-16T20,NW,Northwest,TI,Total interchange,4307,megawatthours,2026-02-16 20:00:00,4307.0
2026-02-16T19,NW,Northwest,D,Demand,46799,megawatthours,2026-02-16 19:00:00,46799.0
2026-02-16T19,NW,Northwest,DF,Day-ahead demand forecast,41782,megawatthours,2026-02-16 19:00:00,41782.0
2026-02-16T19,NW,Northwest,NG,Net generation,49997,megawatthours,2026-02-16 19:00:00,49997.0
2026-02-16T19,NW,Northwest,TI,Total interchange,3158,megawatthours,2026-02-16 19:00:00,3158.0
2026-02-16T18,NW,Northwest,D,Demand,46796,megawatthours,2026-02-16 18:00:00,46796.0
2026-02-16T18,NW,Northwest,DF,Day-ahead demand forecast,42478,megawatthours,2026-02-16 18:00:00,42478.0
2026-02-16T18,NW,Northwest,NG,Net generation,49014,megawatthours,2026-02-16 18:00:00,49014.0
2026-02-16T18,NW,Northwest,TI,Total interchange,2194,megawatthours,2026-02-16 18:00:00,2194.0
2026-02-16T17,NW,Northwest,D,Demand,46478,megawatthours,2026-02-16 17:00:00,46478.0
2026-02-16T17,NW,Northwest,DF,Day-ahead demand forecast,42949,megawatthours,2026-02-16 17:00:00,42949.0
2026-02-16T17,NW,Northwest,NG,Net generation,47569,megawatthours,2026-02-16 17:00:00,47569.0
2026-02-16T17,NW,Northwest,TI,Total interchange,1054,megawatthours,2026-02-16 17:00:00,1054.0
2026-02-16T16,NW,Northwest,D,Demand,45896,megawatthours,2026-02-16 16:00:00,45896.0
2026-02-16T16,NW,Northwest,DF,Day-ahead demand forecast,42673,megawatthours,2026-02-16 16:00:00,42673.0
2026-02-16T16,NW,Northwest,NG,Net generation,45778,megawatthours,2026-02-16 16:00:00,45778.0
2026-02-16T16,NW,Northwest,TI,Total interchange,-135,megawatthours,2026-02-16 16:00:00,-135.0
2026-02-16T15,NW,Northwest,D,Demand,44288,megawatthours,2026-02-16 15:00:00,44288.0
2026-02-16T15,NW,Northwest,DF,Day-ahead demand forecast,41719,megawatthours,2026-02-16 15:00:00,41719.0
2026-02-16T15,NW,Northwest,NG,Net generation,45059,megawatthours,2026-02-16 15:00:00,45059.0
2026-02-16T15,NW,Northwest,TI,Total interchange,773,megawatthours,2026-02-16 15:00:00,773.0
2026-02-16T14,NW,Northwest,D,Demand,41735,megawatthours,2026-02-16 14:00:00,41735.0
2026-02-16T14,NW,Northwest,DF,Day-ahead demand forecast,40024,megawatthours,2026-02-16 14:00:00,40024.0
2026-02-16T14,NW,Northwest,NG,Net generation,43682,megawatthours,2026-02-16 14:00:00,43682.0
2026-02-16T14,NW,Northwest,TI,Total interchange,1956,megawatthours,2026-02-16 14:00:00,1956.0
2026-02-16T13,NW,Northwest,D,Demand,39366,megawatthours,2026-02-16 13:00:00,39366.0
2026-02-16T13,NW,Northwest,DF,Day-ahead demand forecast,38125,megawatthours,2026-02-16 13:00:00,38125.0
2026-02-16T13,NW,Northwest,NG,Net generation,41720,megawatthours,2026-02-16 13:00:00,41720.0
2026-02-16T13,NW,Northwest,TI,Total interchange,2352,megawatthours,2026-02-16 13:00:00,2352.0
2026-02-16T12,NW,Northwest,D,Demand,37986,megawatthours,2026-02-16 12:00:00,37986.0
2026-02-16T12,NW,Northwest,DF,Day-ahead demand forecast,36796,megawatthours,2026-02-16 12:00:00,36796.0
2026-02-16T12,NW,Northwest,NG,Net generation,40594,megawatthours,2026-02-16 12:00:00,40594.0
2026-02-16T12,NW,Northwest,TI,Total interchange,2612,megawatthours,2026-02-16 12:00:00,2612.0
2026-02-16T11,NW,Northwest,D,Demand,37671,megawatthours,2026-02-16 11:00:00,37671.0
2026-02-16T11,NW,Northwest,DF,Day-ahead demand forecast,36294,megawatthours,2026-02-16 11:00:00,36294.0
2026-02-16T11,NW,Northwest,NG,Net generation,40361,megawatthours,2026-02-16 11:00:00,40361.0
2026-02-16T11,NW,Northwest,TI,Total interchange,2692,megawatthours,2026-02-16 11:00:00,2692.0
2026-02-16T10,NW,Northwest,D,Demand,37746,megawatthours,2026-02-16 10:00:00,37746.0
2026-02-16T10,NW,Northwest,DF,Day-ahead demand forecast,36271,megawatthours,2026-02-16 10:00:00,36271.0
2026-02-16T10,NW,Northwest,NG,Net generation,40648,megawatthours,2026-02-16 10:00:00,40648.0
2026-02-16T10,NW,Northwest,TI,Total interchange,2904,megawatthours,2026-02-16 10:00:00,2904.0
2026-02-16T09,NW,Northwest,D,Demand,38115,megawatthours,2026-02-16 09:00:00,38115.0
2026-02-16T09,NW,Northwest,DF,Day-ahead demand forecast,36577,megawatthours,2026-02-16 09:00:00,36577.0
2026-02-16T09,NW,Northwest,NG,Net generation,41357,megawatthours,2026-02-16 09:00:00,41357.0
2026-02-16T09,NW,Northwest,TI,Total interchange,3245,megawatthours,2026-02-16 09:00:00,3245.0
2026-02-16T08,NW,Northwest,D,Demand,39089,megawatthours,2026-02-16 08:00:00,39089.0
2026-02-16T08,NW,Northwest,DF,Day-ahead demand forecast,37241,megawatthours,2026-02-16 08:00:00,37241.0
2026-02-16T08,NW,Northwest,NG,Net generation,40283,megawatthours,2026-02-16 08:00:00,40283.0
2026-02-16T08,NW,Northwest,TI,Total interchange,1899,megawatthours,2026-02-16 08:00:00,1899.0
2026-02-16T07,NW,Northwest,D,Demand,40272,megawatthours,2026-02-16 07:00:00,40272.0
2026-02-16T07,NW,Northwest,DF,Day-ahead demand forecast,38759,megawatthours,2026-02-16 07:00:00,38759.0
2026-02-16T07,NW,Northwest,NG,Net generation,41523,megawatthours,2026-02-16 07:00:00,41523.0
2026-02-16T07,NW,Northwest,TI,Total interchange,2019,megawatthours,2026-02-16 07:00:00,2019.0
2026-02-16T06,NW,Northwest,D,Demand,42118,megawatthours,2026-02-16 06:00:00,42118.0
2026-02-16T06,NW,Northwest,DF,Day-ahead demand forecast,40235,megawatthours,2026-02-16 06:00:00,40235.0
2026-02-16T06,NW,Northwest,NG,Net generation,43273,megawatthours,2026-02-16 06:00:00,43273.0
2026-02-16T06,NW,Northwest,TI,Total interchange,2090,megawatthours,2026-02-16 06:00:00,2090.0
2026-02-16T05,NW,Northwest,D,Demand,43464,megawatthours,2026-02-16 05:00:00,43464.0
2026-02-16T05,NW,Northwest,DF,Day-ahead demand forecast,41488,megawatthours,2026-02-16 05:00:00,41488.0
2026-02-16T05,NW,Northwest,NG,Net generation,45265,megawatthours,2026-02-16 05:00:00,45265.0
2026-02-16T05,NW,Northwest,TI,Total interchange,1726,megawatthours,2026-02-16 05:00:00,1726.0
2026-02-16T04,NW,Northwest,D,Demand,44468,megawatthours,2026-02-16 04:00:00,44468.0
2026-02-16T04,NW,Northwest,DF,Day-ahead demand forecast,42183,megawatthours,2026-02-16 04:00:00,42183.0
2026-02-16T04,NW,Northwest,NG,Net generation,46187,megawatthours,2026-02-16 04:00:00,46187.0
2026-02-16T04,NW,Northwest,TI,Total interchange,1640,megawatthours,2026-02-16 04:00:00,1640.0
2026-02-16T03,NW,Northwest,D,Demand,44743,megawatthours,2026-02-16 03:00:00,44743.0
2026-02-16T03,NW,Northwest,DF,Day-ahead demand forecast,42473,megawatthours,2026-02-16 03:00:00,42473.0
2026-02-16T03,NW,Northwest,NG,Net generation,46284,megawatthours,2026-02-16 03:00:00,46284.0
2026-02-16T03,NW,Northwest,TI,Total interchange,1471,megawatthours,2026-02-16 03:00:00,1471.0
2026-02-16T02,NW,Northwest,D,Demand,44437,megawatthours,2026-02-16 02:00:00,44437.0
2026-02-16T02,NW,Northwest,DF,Day-ahead demand forecast,41778,megawatthours,2026-02-16 02:00:00,41778.0
2026-02-16T02,NW,Northwest,NG,Net generation,46351,megawatthours,2026-02-16 02:00:00,46351.0
2026-02-16T02,NW,Northwest,TI,Total interchange,1880,megawatthours,2026-02-16 02:00:00,1880.0
2026-02-16T01,NW,Northwest,D,Demand,42858,megawatthours,2026-02-16 01:00:00,42858.0
2026-02-16T01,NW,Northwest,DF,Day-ahead demand forecast,39695,megawatthours,2026-02-16 01:00:00,39695.0
2026-02-16T01,NW,Northwest,NG,Net generation,44575,megawatthours,2026-02-16 01:00:00,44575.0
2026-02-16T01,NW,Northwest,TI,Total interchange,1708,megawatthours,2026-02-16 01:00:00,1708.0
2026-02-16T00,NW,Northwest,D,Demand,41927,megawatthours,2026-02-16 00:00:00,41927.0
2026-02-16T00,NW,Northwest,DF,Day-ahead demand forecast,38342,megawatthours,2026-02-16 00:00:00,38342.0
2026-02-16T00,NW,Northwest,NG,Net generation,41430,megawatthours,2026-02-16 00:00:00,41430.0
2026-02-16T00,NW,Northwest,TI,Total interchange,-512,megawatthours,2026-02-16 00:00:00,-512.0
2026-02-15T23,NW,Northwest,D,Demand,42004,megawatthours,2026-02-15 23:00:00,42004.0
2026-02-15T23,NW,Northwest,DF,Day-ahead demand forecast,37695,megawatthours,2026-02-15 23:00:00,37695.0
2026-02-15T23,NW,Northwest,NG,Net generation,41498,megawatthours,2026-02-15 23:00:00,41498.0
2026-02-15T23,NW,Northwest,TI,Total interchange,-520,megawatthours,2026-02-15 23:00:00,-520.0
2026-02-15T22,NW,Northwest,D,Demand,42263,megawatthours,2026-02-15 22:00:00,42263.0
2026-02-15T22,NW,Northwest,DF,Day-ahead demand forecast,37481,megawatthours,2026-02-15 22:00:00,37481.0
2026-02-15T22,NW,Northwest,NG,Net generation,42056,megawatthours,2026-02-15 22:00:00,42056.0
2026-02-15T22,NW,Northwest,TI,Total interchange,-245,megawatthours,2026-02-15 22:00:00,-245.0
2026-02-15T21,NW,Northwest,D,Demand,42650,megawatthours,2026-02-15 21:00:00,42650.0
2026-02-15T21,NW,Northwest,DF,Day-ahead demand forecast,37658,megawatthours,2026-02-15 21:00:00,37658.0
2026-02-15T21,NW,Northwest,NG,Net generation,42608,megawatthours,2026-02-15 21:00:00,42608.0
2026-02-15T21,NW,Northwest,TI,Total interchange,-73,megawatthours,2026-02-15 21:00:00,-73.0
2026-02-15T20,NW,Northwest,D,Demand,42989,megawatthours,2026-02-15 20:00:00,42989.0
2026-02-15T20,NW,Northwest,DF,Day-ahead demand forecast,38033,megawatthours,2026-02-15 20:00:00,38033.0
2026-02-15T20,NW,Northwest,NG,Net generation,42414,megawatthours,2026-02-15 20:00:00,42414.0
2026-02-15T20,NW,Northwest,TI,Total interchange,-602,megawatthours,2026-02-15 20:00:00,-602.0
2026-02-15T19,NW,Northwest,D,Demand,43146,megawatthours,2026-02-15 19:00:00,43146.0
2026-02-15T19,NW,Northwest,DF,Day-ahead demand forecast,38678,megawatthours,2026-02-15 19:00:00,38678.0
2026-02-15T19,NW,Northwest,NG,Net generation,42301,megawatthours,2026-02-15 19:00:00,42301.0
2026-02-15T19,NW,Northwest,TI,Total interchange,-877,megawatthours,2026-02-15 19:00:00,-877.0
2026-02-15T18,NW,Northwest,D,Demand,43560,megawatthours,2026-02-15 18:00:00,43560.0
2026-02-15T18,NW,Northwest,DF,Day-ahead demand forecast,39418,megawatthours,2026-02-15 18:00:00,39418.0
2026-02-15T18,NW,Northwest,NG,Net generation,42917,megawatthours,2026-02-15 18:00:00,42917.0
2026-02-15T18,NW,Northwest,TI,Total interchange,-667,megawatthours,2026-02-15 18:00:00,-667.0
2026-02-15T17,NW,Northwest,D,Demand,43469,megawatthours,2026-02-15 17:00:00,43469.0
2026-02-15T17,NW,Northwest,DF,Day-ahead demand forecast,39688,megawatthours,2026-02-15 17:00:00,39688.0
2026-02-15T17,NW,Northwest,NG,Net generation,43446,megawatthours,2026-02-15 17:00:00,43446.0
2026-02-15T17,NW,Northwest,TI,Total interchange,-50,megawatthours,2026-02-15 17:00:00,-50.0
2026-02-15T16,NW,Northwest,D,Demand,42584,megawatthours,2026-02-15 16:00:00,42584.0
2026-02-15T16,NW,Northwest,DF,Day-ahead demand forecast,39481,megawatthours,2026-02-15 16:00:00,39481.0
2026-02-15T16,NW,Northwest,NG,Net generation,43616,megawatthours,2026-02-15 16:00:00,43616.0
2026-02-15T16,NW,Northwest,TI,Total interchange,1009,megawatthours,2026-02-15 16:00:00,1009.0
2026-02-15T15,NW,Northwest,D,Demand,41046,megawatthours,2026-02-15 15:00:00,41046.0
2026-02-15T15,NW,Northwest,DF,Day-ahead demand forecast,38809,megawatthours,2026-02-15 15:00:00,38809.0
2026-02-15T15,NW,Northwest,NG,Net generation,43266,megawatthours,2026-02-15 15:00:00,43266.0
2026-02-15T15,NW,Northwest,TI,Total interchange,2151,megawatthours,2026-02-15 15:00:00,2151.0
2026-02-15T14,NW,Northwest,D,Demand,39560,megawatthours,2026-02-15 14:00:00,39560.0
2026-02-15T14,NW,Northwest,DF,Day-ahead demand forecast,37713,megawatthours,2026-02-15 14:00:00,37713.0
2026-02-15T14,NW,Northwest,NG,Net generation,41785,megawatthours,2026-02-15 14:00:00,41785.0
2026-02-15T14,NW,Northwest,TI,Total interchange,2222,megawatthours,2026-02-15 14:00:00,2222.0
2026-02-15T13,NW,Northwest,D,Demand,38380,megawatthours,2026-02-15 13:00:00,38380.0
2026-02-15T13,NW,Northwest,DF,Day-ahead demand forecast,36610,megawatthours,2026-02-15 13:00:00,36610.0
2026-02-15T13,NW,Northwest,NG,Net generation,40496,megawatthours,2026-02-15 13:00:00,40496.0
2026-02-15T13,NW,Northwest,TI,Total interchange,2117,megawatthours,2026-02-15 13:00:00,2117.0
2026-02-15T12,NW,Northwest,D,Demand,37664,megawatthours,2026-02-15 12:00:00,37664.0
2026-02-15T12,NW,Northwest,DF,Day-ahead demand forecast,35881,megawatthours,2026-02-15 12:00:00,35881.0
2026-02-15T12,NW,Northwest,NG,Net generation,39933,megawatthours,2026-02-15 12:00:00,39933.0
2026-02-15T12,NW,Northwest,TI,Total interchange,2211,megawatthours,2026-02-15 12:00:00,2211.0
2026-02-15T11,NW,Northwest,D,Demand,37408,megawatthours,2026-02-15 11:00:00,37408.0
2026-02-15T11,NW,Northwest,DF,Day-ahead demand forecast,35698,megawatthours,2026-02-15 11:00:00,35698.0
2026-02-15T11,NW,Northwest,NG,Net generation,39925,megawatthours,2026-02-15 11:00:00,39925.0
2026-02-15T11,NW,Northwest,TI,Total interchange,2517,megawatthours,2026-02-15 11:00:00,2517.0
2026-02-15T10,NW,Northwest,D,Demand,37594,megawatthours,2026-02-15 10:00:00,37594.0
2026-02-15T10,NW,Northwest,DF,Day-ahead demand forecast,35829,megawatthours,2026-02-15 10:00:00,35829.0
2026-02-15T10,NW,Northwest,NG,Net generation,39696,megawatthours,2026-02-15 10:00:00,39696.0
2026-02-15T10,NW,Northwest,TI,Total interchange,2107,megawatthours,2026-02-15 10:00:00,2107.0
2026-02-15T09,NW,Northwest,D,Demand,38054,megawatthours,2026-02-15 09:00:00,38054.0
2026-02-15T09,NW,Northwest,DF,Day-ahead demand forecast,36484,megawatthours,2026-02-15 09:00:00,36484.0
2026-02-15T09,NW,Northwest,NG,Net generation,40272,megawatthours,2026-02-15 09:00:00,40272.0
2026-02-15T09,NW,Northwest,TI,Total interchange,2219,megawatthours,2026-02-15 09:00:00,2219.0
2026-02-15T08,NW,Northwest,D,Demand,38755,megawatthours,2026-02-15 08:00:00,38755.0
2026-02-15T08,NW,Northwest,DF,Day-ahead demand forecast,37408,megawatthours,2026-02-15 08:00:00,37408.0
2026-02-15T08,NW,Northwest,NG,Net generation,39803,megawatthours,2026-02-15 08:00:00,39803.0
2026-02-15T08,NW,Northwest,TI,Total interchange,1860,megawatthours,2026-02-15 08:00:00,1860.0
2026-02-15T07,NW,Northwest,D,Demand,40022,megawatthours,2026-02-15 07:00:00,40022.0
2026-02-15T07,NW,Northwest,DF,Day-ahead demand forecast,38562,megawatthours,2026-02-15 07:00:00,38562.0
2026-02-15T07,NW,Northwest,NG,Net generation,40436,megawatthours,2026-02-15 07:00:00,40436.0
2026-02-15T07,NW,Northwest,TI,Total interchange,1469,megawatthours,2026-02-15 07:00:00,1469.0
2026-02-15T06,NW,Northwest,D,Demand,41542,megawatthours,2026-02-15 06:00:00,41542.0
2026-02-15T06,NW,Northwest,DF,Day-ahead demand forecast,39823,megawatthours,2026-02-15 06:00:00,39823.0
2026-02-15T06,NW,Northwest,NG,Net generation,41288,megawatthours,2026-02-15 06:00:00,41288.0
2026-02-15T06,NW,Northwest,TI,Total interchange,829,megawatthours,2026-02-15 06:00:00,829.0
2026-02-15T05,NW,Northwest,D,Demand,42715,megawatthours,2026-02-15 05:00:00,42715.0
2026-02-15T05,NW,Northwest,DF,Day-ahead demand forecast,40940,megawatthours,2026-02-15 05:00:00,40940.0
2026-02-15T05,NW,Northwest,NG,Net generation,43817,megawatthours,2026-02-15 05:00:00,43817.0
2026-02-15T05,NW,Northwest,TI,Total interchange,1027,megawatthours,2026-02-15 05:00:00,1027.0
2026-02-15T04,NW,Northwest,D,Demand,43528,megawatthours,2026-02-15 04:00:00,43528.0
2026-02-15T04,NW,Northwest,DF,Day-ahead demand forecast,41699,megawatthours,2026-02-15 04:00:00,41699.0
2026-02-15T04,NW,Northwest,NG,Net generation,44523,megawatthours,2026-02-15 04:00:00,44523.0
2026-02-15T04,NW,Northwest,TI,Total interchange,919,megawatthours,2026-02-15 04:00:00,919.0
2026-02-15T03,NW,Northwest,D,Demand,43999,megawatthours,2026-02-15 03:00:00,43999.0
2026-02-15T03,NW,Northwest,DF,Day-ahead demand forecast,41986,megawatthours,2026-02-15 03:00:00,41986.0
2026-02-15T03,NW,Northwest,NG,Net generation,45238,megawatthours,2026-02-15 03:00:00,45238.0
2026-02-15T03,NW,Northwest,TI,Total interchange,1165,megawatthours,2026-02-15 03:00:00,1165.0
2026-02-15T02,NW,Northwest,D,Demand,43962,megawatthours,2026-02-15 02:00:00,43962.0
2026-02-15T02,NW,Northwest,DF,Day-ahead demand forecast,41571,megawatthours,2026-02-15 02:00:00,41571.0
2026-02-15T02,NW,Northwest,NG,Net generation,44950,megawatthours,2026-02-15 02:00:00,44950.0
2026-02-15T02,NW,Northwest,TI,Total interchange,990,megawatthours,2026-02-15 02:00:00,990.0
2026-02-15T01,NW,Northwest,D,Demand,42199,megawatthours,2026-02-15 01:00:00,42199.0
2026-02-15T01,NW,Northwest,DF,Day-ahead demand forecast,39740,megawatthours,2026-02-15 01:00:00,39740.0
2026-02-15T01,NW,Northwest,NG,Net generation,42185,megawatthours,2026-02-15 01:00:00,42185.0
2026-02-15T01,NW,Northwest,TI,Total interchange,-17,megawatthours,2026-02-15 01:00:00,-17.0
2026-02-15T00,NW,Northwest,D,Demand,41365,megawatthours,2026-02-15 00:00:00,41365.0
2026-02-15T00,NW,Northwest,DF,Day-ahead demand forecast,38412,megawatthours,2026-02-15 00:00:00,38412.0
2026-02-15T00,NW,Northwest,NG,Net generation,40727,megawatthours,2026-02-15 00:00:00,40727.0
2026-02-15T00,NW,Northwest,TI,Total interchange,-677,megawatthours,2026-02-15 00:00:00,-677.0
2026-02-14T23,NW,Northwest,D,Demand,41470,megawatthours,2026-02-14 23:00:00,41470.0
2026-02-14T23,NW,Northwest,DF,Day-ahead demand forecast,37716,megawatthours,2026-02-14 23:00:00,37716.0
2026-02-14T23,NW,Northwest,NG,Net generation,41410,megawatthours,2026-02-14 23:00:00,41410.0
2026-02-14T23,NW,Northwest,TI,Total interchange,-111,megawatthours,2026-02-14 23:00:00,-111.0
2026-02-14T22,NW,Northwest,D,Demand,41779,megawatthours,2026-02-14 22:00:00,41779.0
2026-02-14T22,NW,Northwest,DF,Day-ahead demand forecast,37692,megawatthours,2026-02-14 22:00:00,37692.0
2026-02-14T22,NW,Northwest,NG,Net generation,42001,megawatthours,2026-02-14 22:00:00,42001.0
2026-02-14T22,NW,Northwest,TI,Total interchange,164,megawatthours,2026-02-14 22:00:00,164.0
2026-02-14T21,NW,Northwest,D,Demand,42236,megawatthours,2026-02-14 21:00:00,42236.0
2026-02-14T21,NW,Northwest,DF,Day-ahead demand forecast,38194,megawatthours,2026-02-14 21:00:00,38194.0
2026-02-14T21,NW,Northwest,NG,Net generation,42227,megawatthours,2026-02-14 21:00:00,42227.0
2026-02-14T21,NW,Northwest,TI,Total interchange,-96,megawatthours,2026-02-14 21:00:00,-96.0
2026-02-14T20,NW,Northwest,D,Demand,43193,megawatthours,2026-02-14 20:00:00,43193.0
2026-02-14T20,NW,Northwest,DF,Day-ahead demand forecast,38733,megawatthours,2026-02-14 20:00:00,38733.0
2026-02-14T20,NW,Northwest,NG,Net generation,43159,megawatthours,2026-02-14 20:00:00,43159.0
2026-02-14T20,NW,Northwest,TI,Total interchange,-206,megawatthours,2026-02-14 20:00:00,-206.0
2026-02-14T19,NW,Northwest,D,Demand,43758,megawatthours,2026-02-14 19:00:00,43758.0
2026-02-14T19,NW,Northwest,DF,Day-ahead demand forecast,39498,megawatthours,2026-02-14 19:00:00,39498.0
2026-02-14T19,NW,Northwest,NG,Net generation,43494,megawatthours,2026-02-14 19:00:00,43494.0
2026-02-14T19,NW,Northwest,TI,Total interchange,-397,megawatthours,2026-02-14 19:00:00,-397.0
2026-02-14T18,NW,Northwest,D,Demand,44509,megawatthours,2026-02-14 18:00:00,44509.0
2026-02-14T18,NW,Northwest,DF,Day-ahead demand forecast,40025,megawatthours,2026-02-14 18:00:00,40025.0
2026-02-14T18,NW,Northwest,NG,Net generation,44761,megawatthours,2026-02-14 18:00:00,44761.0
2026-02-14T18,NW,Northwest,TI,Total interchange,144,megawatthours,2026-02-14 18:00:00,144.0
2026-02-14T17,NW,Northwest,D,Demand,44514,megawatthours,2026-02-14 17:00:00,44514.0
2026-02-14T17,NW,Northwest,DF,Day-ahead demand forecast,40418,megawatthours,2026-02-14 17:00:00,40418.0
2026-02-14T17,NW,Northwest,NG,Net generation,45195,megawatthours,2026-02-14 17:00:00,45195.0
2026-02-14T17,NW,Northwest,TI,Total interchange,552,megawatthours,2026-02-14 17:00:00,552.0
2026-02-14T16,NW,Northwest,D,Demand,43885,megawatthours,2026-02-14 16:00:00,43885.0
2026-02-14T16,NW,Northwest,DF,Day-ahead demand forecast,39918,megawatthours,2026-02-14 16:00:00,39918.0
2026-02-14T16,NW,Northwest,NG,Net generation,45369,megawatthours,2026-02-14 16:00:00,45369.0
2026-02-14T16,NW,Northwest,TI,Total interchange,1411,megawatthours,2026-02-14 16:00:00,1411.0
2026-02-14T15,NW,Northwest,D,Demand,42171,megawatthours,2026-02-14 15:00:00,42171.0
2026-02-14T15,NW,Northwest,DF,Day-ahead demand forecast,39240,megawatthours,2026-02-14 15:00:00,39240.0
2026-02-14T15,NW,Northwest,NG,Net generation,45286,megawatthours,2026-02-14 15:00:00,45286.0
2026-02-14T15,NW,Northwest,TI,Total interchange,3054,megawatthours,2026-02-14 15:00:00,3054.0
2026-02-14T14,NW,Northwest,D,Demand,40993,megawatthours,2026-02-14 14:00:00,40993.0
2026-02-14T14,NW,Northwest,DF,Day-ahead demand forecast,37789,megawatthours,2026-02-14 14:00:00,37789.0
2026-02-14T14,NW,Northwest,NG,Net generation,44502,megawatthours,2026-02-14 14:00:00,44502.0
2026-02-14T14,NW,Northwest,TI,Total interchange,3510,megawatthours,2026-02-14 14:00:00,3510.0
2026-02-14T13,NW,Northwest,D,Demand,39389,megawatthours,2026-02-14 13:00:00,39389.0
2026-02-14T13,NW,Northwest,DF,Day-ahead demand forecast,36363,megawatthours,2026-02-14 13:00:00,36363.0
2026-02-14T13,NW,Northwest,NG,Net generation,42465,megawatthours,2026-02-14 13:00:00,42465.0
2026-02-14T13,NW,Northwest,TI,Total interchange,3081,megawatthours,2026-02-14 13:00:00,3081.0
2026-02-14T12,NW,Northwest,D,Demand,38459,megawatthours,2026-02-14 12:00:00,38459.0
2026-02-14T12,NW,Northwest,DF,Day-ahead demand forecast,35824,megawatthours,2026-02-14 12:00:00,35824.0
2026-02-14T12,NW,Northwest,NG,Net generation,41437,megawatthours,2026-02-14 12:00:00,41437.0
2026-02-14T12,NW,Northwest,TI,Total interchange,2981,megawatthours,2026-02-14 12:00:00,2981.0
2026-02-14T11,NW,Northwest,D,Demand,38193,megawatthours,2026-02-14 11:00:00,38193.0
2026-02-14T11,NW,Northwest,DF,Day-ahead demand forecast,35684,megawatthours,2026-02-14 11:00:00,35684.0
2026-02-14T11,NW,Northwest,NG,Net generation,40822,megawatthours,2026-02-14 11:00:00,40822.0
2026-02-14T11,NW,Northwest,TI,Total interchange,2629,megawatthours,2026-02-14 11:00:00,2629.0
2026-02-14T10,NW,Northwest,D,Demand,38270,megawatthours,2026-02-14 10:00:00,38270.0
2026-02-14T10,NW,Northwest,DF,Day-ahead demand forecast,35863,megawatthours,2026-02-14 10:00:00,35863.0
2026-02-14T10,NW,Northwest,NG,Net generation,40526,megawatthours,2026-02-14 10:00:00,40526.0
2026-02-14T10,NW,Northwest,TI,Total interchange,2258,megawatthours,2026-02-14 10:00:00,2258.0
2026-02-14T09,NW,Northwest,D,Demand,38807,megawatthours,2026-02-14 09:00:00,38807.0
2026-02-14T09,NW,Northwest,DF,Day-ahead demand forecast,36549,megawatthours,2026-02-14 09:00:00,36549.0
2026-02-14T09,NW,Northwest,NG,Net generation,40925,megawatthours,2026-02-14 09:00:00,40925.0
2026-02-14T09,NW,Northwest,TI,Total interchange,2025,megawatthours,2026-02-14 09:00:00,2025.0
2026-02-14T08,NW,Northwest,D,Demand,39696,megawatthours,2026-02-14 08:00:00,39696.0
2026-02-14T08,NW,Northwest,DF,Day-ahead demand forecast,37420,megawatthours,2026-02-14 08:00:00,37420.0
2026-02-14T08,NW,Northwest,NG,Net generation,40078,megawatthours,2026-02-14 08:00:00,40078.0
2026-02-14T08,NW,Northwest,TI,Total interchange,1180,megawatthours,2026-02-14 08:00:00,1180.0
2026-02-14T07,NW,Northwest,D,Demand,40950,megawatthours,2026-02-14 07:00:00,40950.0
2026-02-14T07,NW,Northwest,DF,Day-ahead demand forecast,38730,megawatthours,2026-02-14 07:00:00,38730.0
2026-02-14T07,NW,Northwest,NG,Net generation,41144,megawatthours,2026-02-14 07:00:00,41144.0
2026-02-14T07,NW,Northwest,TI,Total interchange,1144,megawatthours,2026-02-14 07:00:00,1144.0
2026-02-14T06,NW,Northwest,D,Demand,42396,megawatthours,2026-02-14 06:00:00,42396.0
2026-02-14T06,NW,Northwest,DF,Day-ahead demand forecast,40162,megawatthours,2026-02-14 06:00:00,40162.0
2026-02-14T06,NW,Northwest,NG,Net generation,38968,megawatthours,2026-02-14 06:00:00,38968.0
2026-02-14T06,NW,Northwest,TI,Total interchange,57,megawatthours,2026-02-14 06:00:00,57.0
2026-02-14T05,NW,Northwest,D,Demand,43863,megawatthours,2026-02-14 05:00:00,43863.0
2026-02-14T05,NW,Northwest,DF,Day-ahead demand forecast,41333,megawatthours,2026-02-14 05:00:00,41333.0
2026-02-14T05,NW,Northwest,NG,Net generation,44012,megawatthours,2026-02-14 05:00:00,44012.0
2026-02-14T05,NW,Northwest,TI,Total interchange,75,megawatthours,2026-02-14 05:00:00,75.0
2026-02-14T04,NW,Northwest,D,Demand,45074,megawatthours,2026-02-14 04:00:00,45074.0
2026-02-14T04,NW,Northwest,DF,Day-ahead demand forecast,42452,megawatthours,2026-02-14 04:00:00,42452.0
2026-02-14T04,NW,Northwest,NG,Net generation,44711,megawatthours,2026-02-14 04:00:00,44711.0
2026-02-14T04,NW,Northwest,TI,Total interchange,-437,megawatthours,2026-02-14 04:00:00,-437.0
2026-02-14T03,NW,Northwest,D,Demand,45769,megawatthours,2026-02-14 03:00:00,45769.0
2026-02-14T03,NW,Northwest,DF,Day-ahead demand forecast,42965,megawatthours,2026-02-14 03:00:00,42965.0
2026-02-14T03,NW,Northwest,NG,Net generation,45127,megawatthours,2026-02-14 03:00:00,45127.0
2026-02-14T03,NW,Northwest,TI,Total interchange,-715,megawatthours,2026-02-14 03:00:00,-715.0
2026-02-14T02,NW,Northwest,D,Demand,45842,megawatthours,2026-02-14 02:00:00,45842.0
2026-02-14T02,NW,Northwest,DF,Day-ahead demand forecast,42936,megawatthours,2026-02-14 02:00:00,42936.0
2026-02-14T02,NW,Northwest,NG,Net generation,45302,megawatthours,2026-02-14 02:00:00,45302.0
2026-02-14T02,NW,Northwest,TI,Total interchange,-592,megawatthours,2026-02-14 02:00:00,-592.0
2026-02-14T01,NW,Northwest,D,Demand,44859,megawatthours,2026-02-14 01:00:00,44859.0
2026-02-14T01,NW,Northwest,DF,Day-ahead demand forecast,41894,megawatthours,2026-02-14 01:00:00,41894.0
2026-02-14T01,NW,Northwest,NG,Net generation,43437,megawatthours,2026-02-14 01:00:00,43437.0
2026-02-14T01,NW,Northwest,TI,Total interchange,-1433,megawatthours,2026-02-14 01:00:00,-1433.0
2026-02-14T00,NW,Northwest,D,Demand,44192,megawatthours,2026-02-14 00:00:00,44192.0
2026-02-14T00,NW,Northwest,DF,Day-ahead demand forecast,40801,megawatthours,2026-02-14 00:00:00,40801.0
2026-02-14T00,NW,Northwest,NG,Net generation,42721,megawatthours,2026-02-14 00:00:00,42721.0
2026-02-14T00,NW,Northwest,TI,Total interchange,-1513,megawatthours,2026-02-14 00:00:00,-1513.0
2026-02-13T23,NW,Northwest,D,Demand,43930,megawatthours,2026-02-13 23:00:00,43930.0
2026-02-13T23,NW,Northwest,DF,Day-ahead demand forecast,40254,megawatthours,2026-02-13 23:00:00,40254.0
2026-02-13T23,NW,Northwest,NG,Net generation,42181,megawatthours,2026-02-13 23:00:00,42181.0
2026-02-13T23,NW,Northwest,TI,Total interchange,-1808,megawatthours,2026-02-13 23:00:00,-1808.0
2026-02-13T22,NW,Northwest,D,Demand,43896,megawatthours,2026-02-13 22:00:00,43896.0
2026-02-13T22,NW,Northwest,DF,Day-ahead demand forecast,40333,megawatthours,2026-02-13 22:00:00,40333.0
2026-02-13T22,NW,Northwest,NG,Net generation,42506,megawatthours,2026-02-13 22:00:00,42506.0
2026-02-13T22,NW,Northwest,TI,Total interchange,-1454,megawatthours,2026-02-13 22:00:00,-1454.0
2026-02-13T21,NW,Northwest,D,Demand,49623,megawatthours,2026-02-13 21:00:00,49623.0
2026-02-13T21,NW,Northwest,DF,Day-ahead demand forecast,40895,megawatthours,2026-02-13 21:00:00,40895.0
2026-02-13T21,NW,Northwest,NG,Net generation,48783,megawatthours,2026-02-13 21:00:00,48783.0
2026-02-13T21,NW,Northwest,TI,Total interchange,-906,megawatthours,2026-02-13 21:00:00,-906.0
2026-02-13T20,NW,Northwest,D,Demand,44532,megawatthours,2026-02-13 20:00:00,44532.0
2026-02-13T20,NW,Northwest,DF,Day-ahead demand forecast,41493,megawatthours,2026-02-13 20:00:00,41493.0
2026-02-13T20,NW,Northwest,NG,Net generation,43793,megawatthours,2026-02-13 20:00:00,43793.0
2026-02-13T20,NW,Northwest,TI,Total interchange,-797,megawatthours,2026-02-13 20:00:00,-797.0
2026-02-13T19,NW,Northwest,D,Demand,45392,megawatthours,2026-02-13 19:00:00,45392.0
2026-02-13T19,NW,Northwest,DF,Day-ahead demand forecast,42299,megawatthours,2026-02-13 19:00:00,42299.0
2026-02-13T19,NW,Northwest,NG,Net generation,44484,megawatthours,2026-02-13 19:00:00,44484.0
2026-02-13T19,NW,Northwest,TI,Total interchange,-1039,megawatthours,2026-02-13 19:00:00,-1039.0
2026-02-13T18,NW,Northwest,D,Demand,45557,megawatthours,2026-02-13 18:00:00,45557.0
2026-02-13T18,NW,Northwest,DF,Day-ahead demand forecast,42977,megawatthours,2026-02-13 18:00:00,42977.0
2026-02-13T18,NW,Northwest,NG,Net generation,44612,megawatthours,2026-02-13 18:00:00,44612.0
2026-02-13T18,NW,Northwest,TI,Total interchange,-1616,megawatthours,2026-02-13 18:00:00,-1616.0
2026-02-13T17,NW,Northwest,D,Demand,47041,megawatthours,2026-02-13 17:00:00,47041.0
2026-02-13T17,NW,Northwest,DF,Day-ahead demand forecast,43733,megawatthours,2026-02-13 17:00:00,43733.0
2026-02-13T17,NW,Northwest,NG,Net generation,46025,megawatthours,2026-02-13 17:00:00,46025.0
2026-02-13T17,NW,Northwest,TI,Total interchange,-1088,megawatthours,2026-02-13 17:00:00,-1088.0
2026-02-13T16,NW,Northwest,D,Demand,47040,megawatthours,2026-02-13 16:00:00,47040.0
2026-02-13T16,NW,Northwest,DF,Day-ahead demand forecast,44197,megawatthours,2026-02-13 16:00:00,44197.0
2026-02-13T16,NW,Northwest,NG,Net generation,47397,megawatthours,2026-02-13 16:00:00,47397.0
2026-02-13T16,NW,Northwest,TI,Total interchange,326,megawatthours,2026-02-13 16:00:00,326.0
2026-02-13T15,NW,Northwest,D,Demand,45106,megawatthours,2026-02-13 15:00:00,45106.0
2026-02-13T15,NW,Northwest,DF,Day-ahead demand forecast,43421,megawatthours,2026-02-13 15:00:00,43421.0
2026-02-13T15,NW,Northwest,NG,Net generation,46009,megawatthours,2026-02-13 15:00:00,46009.0
2026-02-13T15,NW,Northwest,TI,Total interchange,840,megawatthours,2026-02-13 15:00:00,840.0
2026-02-13T14,NW,Northwest,D,Demand,42450,megawatthours,2026-02-13 14:00:00,42450.0
2026-02-13T14,NW,Northwest,DF,Day-ahead demand forecast,40985,megawatthours,2026-02-13 14:00:00,40985.0
2026-02-13T14,NW,Northwest,NG,Net generation,44368,megawatthours,2026-02-13 14:00:00,44368.0
2026-02-13T14,NW,Northwest,TI,Total interchange,1920,megawatthours,2026-02-13 14:00:00,1920.0
2026-02-13T13,NW,Northwest,D,Demand,39864,megawatthours,2026-02-13 13:00:00,39864.0
2026-02-13T13,NW,Northwest,DF,Day-ahead demand forecast,38363,megawatthours,2026-02-13 13:00:00,38363.0
2026-02-13T13,NW,Northwest,NG,Net generation,41777,megawatthours,2026-02-13 13:00:00,41777.0
2026-02-13T13,NW,Northwest,TI,Total interchange,1921,megawatthours,2026-02-13 13:00:00,1921.0
2026-02-13T12,NW,Northwest,D,Demand,38545,megawatthours,2026-02-13 12:00:00,38545.0
2026-02-13T12,NW,Northwest,DF,Day-ahead demand forecast,37039,megawatthours,2026-02-13 12:00:00,37039.0
2026-02-13T12,NW,Northwest,NG,Net generation,40726,megawatthours,2026-02-13 12:00:00,40726.0
2026-02-13T12,NW,Northwest,TI,Total interchange,2184,megawatthours,2026-02-13 12:00:00,2184.0
2026-02-13T11,NW,Northwest,D,Demand,37950,megawatthours,2026-02-13 11:00:00,37950.0
2026-02-13T11,NW,Northwest,DF,Day-ahead demand forecast,36482,megawatthours,2026-02-13 11:00:00,36482.0
2026-02-13T11,NW,Northwest,NG,Net generation,40444,megawatthours,2026-02-13 11:00:00,40444.0
2026-02-13T11,NW,Northwest,TI,Total interchange,2365,megawatthours,2026-02-13 11:00:00,2365.0
2026-02-13T10,NW,Northwest,D,Demand,38235,megawatthours,2026-02-13 10:00:00,38235.0
2026-02-13T10,NW,Northwest,DF,Day-ahead demand forecast,36784,megawatthours,2026-02-13 10:00:00,36784.0
2026-02-13T10,NW,Northwest,NG,Net generation,40693,megawatthours,2026-02-13 10:00:00,40693.0
2026-02-13T10,NW,Northwest,TI,Total interchange,2461,megawatthours,2026-02-13 10:00:00,2461.0
2026-02-13T09,NW,Northwest,D,Demand,38560,megawatthours,2026-02-13 09:00:00,38560.0
2026-02-13T09,NW,Northwest,DF,Day-ahead demand forecast,37142,megawatthours,2026-02-13 09:00:00,37142.0
2026-02-13T09,NW,Northwest,NG,Net generation,41509,megawatthours,2026-02-13 09:00:00,41509.0
2026-02-13T09,NW,Northwest,TI,Total interchange,2953,megawatthours,2026-02-13 09:00:00,2953.0
2026-02-13T08,NW,Northwest,D,Demand,39575,megawatthours,2026-02-13 08:00:00,39575.0
2026-02-13T08,NW,Northwest,DF,Day-ahead demand forecast,38043,megawatthours,2026-02-13 08:00:00,38043.0
2026-02-13T08,NW,Northwest,NG,Net generation,41747,megawatthours,2026-02-13 08:00:00,41747.0
2026-02-13T08,NW,Northwest,TI,Total interchange,2976,megawatthours,2026-02-13 08:00:00,2976.0
2026-02-13T07,NW,Northwest,D,Demand,40973,megawatthours,2026-02-13 07:00:00,40973.0
2026-02-13T07,NW,Northwest,DF,Day-ahead demand forecast,39129,megawatthours,2026-02-13 07:00:00,39129.0
2026-02-13T07,NW,Northwest,NG,Net generation,42821,megawatthours,2026-02-13 07:00:00,42821.0
2026-02-13T07,NW,Northwest,TI,Total interchange,2793,megawatthours,2026-02-13 07:00:00,2793.0
2026-02-13T06,NW,Northwest,D,Demand,42789,megawatthours,2026-02-13 06:00:00,42789.0
2026-02-13T06,NW,Northwest,DF,Day-ahead demand forecast,40790,megawatthours,2026-02-13 06:00:00,40790.0
2026-02-13T06,NW,Northwest,NG,Net generation,43298,megawatthours,2026-02-13 06:00:00,43298.0
2026-02-13T06,NW,Northwest,TI,Total interchange,1630,megawatthours,2026-02-13 06:00:00,1630.0
2026-02-13T05,NW,Northwest,D,Demand,44454,megawatthours,2026-02-13 05:00:00,44454.0
2026-02-13T05,NW,Northwest,DF,Day-ahead demand forecast,42192,megawatthours,2026-02-13 05:00:00,42192.0
2026-02-13T05,NW,Northwest,NG,Net generation,45196,megawatthours,2026-02-13 05:00:00,45196.0
2026-02-13T05,NW,Northwest,TI,Total interchange,644,megawatthours,2026-02-13 05:00:00,644.0
2026-02-13T04,NW,Northwest,D,Demand,45571,megawatthours,2026-02-13 04:00:00,45571.0
2026-02-13T04,NW,Northwest,DF,Day-ahead demand forecast,43011,megawatthours,2026-02-13 04:00:00,43011.0
2026-02-13T04,NW,Northwest,NG,Net generation,45883,megawatthours,2026-02-13 04:00:00,45883.0
2026-02-13T04,NW,Northwest,TI,Total interchange,223,megawatthours,2026-02-13 04:00:00,223.0
2026-02-13T03,NW,Northwest,D,Demand,45888,megawatthours,2026-02-13 03:00:00,45888.0
2026-02-13T03,NW,Northwest,DF,Day-ahead demand forecast,43415,megawatthours,2026-02-13 03:00:00,43415.0
2026-02-13T03,NW,Northwest,NG,Net generation,45978,megawatthours,2026-02-13 03:00:00,45978.0
2026-02-13T03,NW,Northwest,TI,Total interchange,-32,megawatthours,2026-02-13 03:00:00,-32.0
2026-02-13T02,NW,Northwest,D,Demand,45453,megawatthours,2026-02-13 02:00:00,45453.0
2026-02-13T02,NW,Northwest,DF,Day-ahead demand forecast,42924,megawatthours,2026-02-13 02:00:00,42924.0
2026-02-13T02,NW,Northwest,NG,Net generation,45476,megawatthours,2026-02-13 02:00:00,45476.0
2026-02-13T02,NW,Northwest,TI,Total interchange,-83,megawatthours,2026-02-13 02:00:00,-83.0
2026-02-13T01,NW,Northwest,D,Demand,43582,megawatthours,2026-02-13 01:00:00,43582.0
2026-02-13T01,NW,Northwest,DF,Day-ahead demand forecast,41281,megawatthours,2026-02-13 01:00:00,41281.0
2026-02-13T01,NW,Northwest,NG,Net generation,42772,megawatthours,2026-02-13 01:00:00,42772.0
2026-02-13T01,NW,Northwest,TI,Total interchange,-903,megawatthours,2026-02-13 01:00:00,-903.0
2026-02-13T00,NW,Northwest,D,Demand,42201,megawatthours,2026-02-13 00:00:00,42201.0
2026-02-13T00,NW,Northwest,DF,Day-ahead demand forecast,40045,megawatthours,2026-02-13 00:00:00,40045.0
2026-02-13T00,NW,Northwest,NG,Net generation,39680,megawatthours,2026-02-13 00:00:00,39680.0
2026-02-13T00,NW,Northwest,TI,Total interchange,-2603,megawatthours,2026-02-13 00:00:00,-2603.0
2026-02-12T23,NW,Northwest,D,Demand,41876,megawatthours,2026-02-12 23:00:00,41876.0
2026-02-12T23,NW,Northwest,DF,Day-ahead demand forecast,39446,megawatthours,2026-02-12 23:00:00,39446.0
2026-02-12T23,NW,Northwest,NG,Net generation,39229,megawatthours,2026-02-12 23:00:00,39229.0
2026-02-12T23,NW,Northwest,TI,Total interchange,-2675,megawatthours,2026-02-12 23:00:00,-2675.0
2026-02-12T22,NW,Northwest,D,Demand,41789,megawatthours,2026-02-12 22:00:00,41789.0
2026-02-12T22,NW,Northwest,DF,Day-ahead demand forecast,39373,megawatthours,2026-02-12 22:00:00,39373.0
2026-02-12T22,NW,Northwest,NG,Net generation,39507,megawatthours,2026-02-12 22:00:00,39507.0
2026-02-12T22,NW,Northwest,TI,Total interchange,-2325,megawatthours,2026-02-12 22:00:00,-2325.0
2026-02-12T21,NW,Northwest,D,Demand,42482,megawatthours,2026-02-12 21:00:00,42482.0
2026-02-12T21,NW,Northwest,DF,Day-ahead demand forecast,39872,megawatthours,2026-02-12 21:00:00,39872.0
2026-02-12T21,NW,Northwest,NG,Net generation,40037,megawatthours,2026-02-12 21:00:00,40037.0
2026-02-12T21,NW,Northwest,TI,Total interchange,-2575,megawatthours,2026-02-12 21:00:00,-2575.0
2026-02-12T20,NW,Northwest,D,Demand,43693,megawatthours,2026-02-12 20:00:00,43693.0
2026-02-12T20,NW,Northwest,DF,Day-ahead demand forecast,40740,megawatthours,2026-02-12 20:00:00,40740.0
2026-02-12T20,NW,Northwest,NG,Net generation,41507,megawatthours,2026-02-12 20:00:00,41507.0
2026-02-12T20,NW,Northwest,TI,Total interchange,-2314,megawatthours,2026-02-12 20:00:00,-2314.0
2026-02-12T19,NW,Northwest,D,Demand,45498,megawatthours,2026-02-12 19:00:00,45498.0
2026-02-12T19,NW,Northwest,DF,Day-ahead demand forecast,41794,megawatthours,2026-02-12 19:00:00,41794.0
2026-02-12T19,NW,Northwest,NG,Net generation,43268,megawatthours,2026-02-12 19:00:00,43268.0
2026-02-12T19,NW,Northwest,TI,Total interchange,-2270,megawatthours,2026-02-12 19:00:00,-2270.0
2026-02-12T18,NW,Northwest,D,Demand,46928,megawatthours,2026-02-12 18:00:00,46928.0
2026-02-12T18,NW,Northwest,DF,Day-ahead demand forecast,43129,megawatthours,2026-02-12 18:00:00,43129.0
2026-02-12T18,NW,Northwest,NG,Net generation,44664,megawatthours,2026-02-12 18:00:00,44664.0
2026-02-12T18,NW,Northwest,TI,Total interchange,-2302,megawatthours,2026-02-12 18:00:00,-2302.0
2026-02-12T17,NW,Northwest,D,Demand,48239,megawatthours,2026-02-12 17:00:00,48239.0
2026-02-12T17,NW,Northwest,DF,Day-ahead demand forecast,44623,megawatthours,2026-02-12 17:00:00,44623.0
2026-02-12T17,NW,Northwest,NG,Net generation,45636,megawatthours,2026-02-12 17:00:00,45636.0
2026-02-12T17,NW,Northwest,TI,Total interchange,-2673,megawatthours,2026-02-12 17:00:00,-2673.0
2026-02-12T16,NW,Northwest,D,Demand,48646,megawatthours,2026-02-12 16:00:00,48646.0
2026-02-12T16,NW,Northwest,DF,Day-ahead demand forecast,45350,megawatthours,2026-02-12 16:00:00,45350.0
2026-02-12T16,NW,Northwest,NG,Net generation,47211,megawatthours,2026-02-12 16:00:00,47211.0
2026-02-12T16,NW,Northwest,TI,Total interchange,-1519,megawatthours,2026-02-12 16:00:00,-1519.0
2026-02-12T15,NW,Northwest,D,Demand,47227,megawatthours,2026-02-12 15:00:00,47227.0
2026-02-12T15,NW,Northwest,DF,Day-ahead demand forecast,44483,megawatthours,2026-02-12 15:00:00,44483.0
2026-02-12T15,NW,Northwest,NG,Net generation,46447,megawatthours,2026-02-12 15:00:00,46447.0
2026-02-12T15,NW,Northwest,TI,Total interchange,-833,megawatthours,2026-02-12 15:00:00,-833.0
2026-02-12T14,NW,Northwest,D,Demand,44199,megawatthours,2026-02-12 14:00:00,44199.0
2026-02-12T14,NW,Northwest,DF,Day-ahead demand forecast,41830,megawatthours,2026-02-12 14:00:00,41830.0
2026-02-12T14,NW,Northwest,NG,Net generation,44561,megawatthours,2026-02-12 14:00:00,44561.0
2026-02-12T14,NW,Northwest,TI,Total interchange,364,megawatthours,2026-02-12 14:00:00,364.0
2026-02-12T13,NW,Northwest,D,Demand,41255,megawatthours,2026-02-12 13:00:00,41255.0
2026-02-12T13,NW,Northwest,DF,Day-ahead demand forecast,38988,megawatthours,2026-02-12 13:00:00,38988.0
2026-02-12T13,NW,Northwest,NG,Net generation,41683,megawatthours,2026-02-12 13:00:00,41683.0
2026-02-12T13,NW,Northwest,TI,Total interchange,431,megawatthours,2026-02-12 13:00:00,431.0
2026-02-12T12,NW,Northwest,D,Demand,39661,megawatthours,2026-02-12 12:00:00,39661.0
2026-02-12T12,NW,Northwest,DF,Day-ahead demand forecast,37356,megawatthours,2026-02-12 12:00:00,37356.0
2026-02-12T12,NW,Northwest,NG,Net generation,40447,megawatthours,2026-02-12 12:00:00,40447.0
2026-02-12T12,NW,Northwest,TI,Total interchange,793,megawatthours,2026-02-12 12:00:00,793.0
2026-02-12T11,NW,Northwest,D,Demand,38913,megawatthours,2026-02-12 11:00:00,38913.0
2026-02-12T11,NW,Northwest,DF,Day-ahead demand forecast,36644,megawatthours,2026-02-12 11:00:00,36644.0
2026-02-12T11,NW,Northwest,NG,Net generation,40282,megawatthours,2026-02-12 11:00:00,40282.0
2026-02-12T11,NW,Northwest,TI,Total interchange,1369,megawatthours,2026-02-12 11:00:00,1369.0
2026-02-12T10,NW,Northwest,D,Demand,38887,megawatthours,2026-02-12 10:00:00,38887.0
2026-02-12T10,NW,Northwest,DF,Day-ahead demand forecast,36452,megawatthours,2026-02-12 10:00:00,36452.0
2026-02-12T10,NW,Northwest,NG,Net generation,40436,megawatthours,2026-02-12 10:00:00,40436.0
2026-02-12T10,NW,Northwest,TI,Total interchange,1550,megawatthours,2026-02-12 10:00:00,1550.0
2026-02-12T09,NW,Northwest,D,Demand,39202,megawatthours,2026-02-12 09:00:00,39202.0
2026-02-12T09,NW,Northwest,DF,Day-ahead demand forecast,36706,megawatthours,2026-02-12 09:00:00,36706.0
2026-02-12T09,NW,Northwest,NG,Net generation,41258,megawatthours,2026-02-12 09:00:00,41258.0
2026-02-12T09,NW,Northwest,TI,Total interchange,2063,megawatthours,2026-02-12 09:00:00,2063.0
2026-02-12T08,NW,Northwest,D,Demand,40065,megawatthours,2026-02-12 08:00:00,40065.0
2026-02-12T08,NW,Northwest,DF,Day-ahead demand forecast,37422,megawatthours,2026-02-12 08:00:00,37422.0
2026-02-12T08,NW,Northwest,NG,Net generation,41688,megawatthours,2026-02-12 08:00:00,41688.0
2026-02-12T08,NW,Northwest,TI,Total interchange,2482,megawatthours,2026-02-12 08:00:00,2482.0
2026-02-12T07,NW,Northwest,D,Demand,41703,megawatthours,2026-02-12 07:00:00,41703.0
2026-02-12T07,NW,Northwest,DF,Day-ahead demand forecast,38768,megawatthours,2026-02-12 07:00:00,38768.0
2026-02-12T07,NW,Northwest,NG,Net generation,42946,megawatthours,2026-02-12 07:00:00,42946.0
2026-02-12T07,NW,Northwest,TI,Total interchange,2320,megawatthours,2026-02-12 07:00:00,2320.0
2026-02-12T06,NW,Northwest,D,Demand,43682,megawatthours,2026-02-12 06:00:00,43682.0
2026-02-12T06,NW,Northwest,DF,Day-ahead demand forecast,40481,megawatthours,2026-02-12 06:00:00,40481.0
2026-02-12T06,NW,Northwest,NG,Net generation,44406,megawatthours,2026-02-12 06:00:00,44406.0
2026-02-12T06,NW,Northwest,TI,Total interchange,1727,megawatthours,2026-02-12 06:00:00,1727.0
2026-02-12T05,NW,Northwest,D,Demand,45273,megawatthours,2026-02-12 05:00:00,45273.0
2026-02-12T05,NW,Northwest,DF,Day-ahead demand forecast,41973,megawatthours,2026-02-12 05:00:00,41973.0
2026-02-12T05,NW,Northwest,NG,Net generation,46423,megawatthours,2026-02-12 05:00:00,46423.0
2026-02-12T05,NW,Northwest,TI,Total interchange,1123,megawatthours,2026-02-12 05:00:00,1123.0
2026-02-12T04,NW,Northwest,D,Demand,46031,megawatthours,2026-02-12 04:00:00,46031.0
2026-02-12T04,NW,Northwest,DF,Day-ahead demand forecast,42703,megawatthours,2026-02-12 04:00:00,42703.0
2026-02-12T04,NW,Northwest,NG,Net generation,46825,megawatthours,2026-02-12 04:00:00,46825.0
2026-02-12T04,NW,Northwest,TI,Total interchange,726,megawatthours,2026-02-12 04:00:00,726.0
2026-02-12T03,NW,Northwest,D,Demand,46274,megawatthours,2026-02-12 03:00:00,46274.0
2026-02-12T03,NW,Northwest,DF,Day-ahead demand forecast,43019,megawatthours,2026-02-12 03:00:00,43019.0
2026-02-12T03,NW,Northwest,NG,Net generation,47286,megawatthours,2026-02-12 03:00:00,47286.0
2026-02-12T03,NW,Northwest,TI,Total interchange,1016,megawatthours,2026-02-12 03:00:00,1016.0
2026-02-12T02,NW,Northwest,D,Demand,45673,megawatthours,2026-02-12 02:00:00,45673.0
2026-02-12T02,NW,Northwest,DF,Day-ahead demand forecast,42439,megawatthours,2026-02-12 02:00:00,42439.0
2026-02-12T02,NW,Northwest,NG,Net generation,47251,megawatthours,2026-02-12 02:00:00,47251.0
2026-02-12T02,NW,Northwest,TI,Total interchange,1585,megawatthours,2026-02-12 02:00:00,1585.0
2026-02-12T01,NW,Northwest,D,Demand,43613,megawatthours,2026-02-12 01:00:00,43613.0
2026-02-12T01,NW,Northwest,DF,Day-ahead demand forecast,40773,megawatthours,2026-02-12 01:00:00,40773.0
2026-02-12T01,NW,Northwest,NG,Net generation,44934,megawatthours,2026-02-12 01:00:00,44934.0
2026-02-12T01,NW,Northwest,TI,Total interchange,1321,megawatthours,2026-02-12 01:00:00,1321.0
2026-02-12T00,NW,Northwest,D,Demand,42601,megawatthours,2026-02-12 00:00:00,42601.0
2026-02-12T00,NW,Northwest,DF,Day-ahead demand forecast,39319,megawatthours,2026-02-12 00:00:00,39319.0
2026-02-12T00,NW,Northwest,NG,Net generation,43585,megawatthours,2026-02-12 00:00:00,43585.0
2026-02-12T00,NW,Northwest,TI,Total interchange,970,megawatthours,2026-02-12 00:00:00,970.0
2026-02-11T23,NW,Northwest,D,Demand,42608,megawatthours,2026-02-11 23:00:00,42608.0
2026-02-11T23,NW,Northwest,DF,Day-ahead demand forecast,38583,megawatthours,2026-02-11 23:00:00,38583.0
2026-02-11T23,NW,Northwest,NG,Net generation,43930,megawatthours,2026-02-11 23:00:00,43930.0
2026-02-11T23,NW,Northwest,TI,Total interchange,1295,megawatthours,2026-02-11 23:00:00,1295.0
2026-02-11T22,NW,Northwest,D,Demand,43383,megawatthours,2026-02-11 22:00:00,43383.0
2026-02-11T22,NW,Northwest,DF,Day-ahead demand forecast,38676,megawatthours,2026-02-11 22:00:00,38676.0
2026-02-11T22,NW,Northwest,NG,Net generation,44574,megawatthours,2026-02-11 22:00:00,44574.0
2026-02-11T22,NW,Northwest,TI,Total interchange,1161,megawatthours,2026-02-11 22:00:00,1161.0
2026-02-11T21,NW,Northwest,D,Demand,44317,megawatthours,2026-02-11 21:00:00,44317.0
2026-02-11T21,NW,Northwest,DF,Day-ahead demand forecast,39202,megawatthours,2026-02-11 21:00:00,39202.0
2026-02-11T21,NW,Northwest,NG,Net generation,45404,megawatthours,2026-02-11 21:00:00,45404.0
2026-02-11T21,NW,Northwest,TI,Total interchange,1056,megawatthours,2026-02-11 21:00:00,1056.0
2026-02-11T20,NW,Northwest,D,Demand,44834,megawatthours,2026-02-11 20:00:00,44834.0
2026-02-11T20,NW,Northwest,DF,Day-ahead demand forecast,39979,megawatthours,2026-02-11 20:00:00,39979.0
2026-02-11T20,NW,Northwest,NG,Net generation,45338,megawatthours,2026-02-11 20:00:00,45338.0
2026-02-11T20,NW,Northwest,TI,Total interchange,481,megawatthours,2026-02-11 20:00:00,481.0
2026-02-11T19,NW,Northwest,D,Demand,46031,megawatthours,2026-02-11 19:00:00,46031.0
2026-02-11T19,NW,Northwest,DF,Day-ahead demand forecast,41153,megawatthours,2026-02-11 19:00:00,41153.0
2026-02-11T19,NW,Northwest,NG,Net generation,46563,megawatthours,2026-02-11 19:00:00,46563.0
2026-02-11T19,NW,Northwest,TI,Total interchange,497,megawatthours,2026-02-11 19:00:00,497.0
2026-02-11T18,NW,Northwest,D,Demand,47267,megawatthours,2026-02-11 18:00:00,47267.0
2026-02-11T18,NW,Northwest,DF,Day-ahead demand forecast,42617,megawatthours,2026-02-11 18:00:00,42617.0
2026-02-11T18,NW,Northwest,NG,Net generation,47260,megawatthours,2026-02-11 18:00:00,47260.0
2026-02-11T18,NW,Northwest,TI,Total interchange,-34,megawatthours,2026-02-11 18:00:00,-34.0
2026-02-11T17,NW,Northwest,D,Demand,48573,megawatthours,2026-02-11 17:00:00,48573.0
2026-02-11T17,NW,Northwest,DF,Day-ahead demand forecast,44137,megawatthours,2026-02-11 17:00:00,44137.0
2026-02-11T17,NW,Northwest,NG,Net generation,48971,megawatthours,2026-02-11 17:00:00,48971.0
2026-02-11T17,NW,Northwest,TI,Total interchange,390,megawatthours,2026-02-11 17:00:00,390.0
2026-02-11T16,NW,Northwest,D,Demand,49136,megawatthours,2026-02-11 16:00:00,49136.0
2026-02-11T16,NW,Northwest,DF,Day-ahead demand forecast,44740,megawatthours,2026-02-11 16:00:00,44740.0
2026-02-11T16,NW,Northwest,NG,Net generation,49282,megawatthours,2026-02-11 16:00:00,49282.0
2026-02-11T16,NW,Northwest,TI,Total interchange,143,megawatthours,2026-02-11 16:00:00,143.0
2026-02-11T15,NW,Northwest,D,Demand,47723,megawatthours,2026-02-11 15:00:00,47723.0
2026-02-11T15,NW,Northwest,DF,Day-ahead demand forecast,43993,megawatthours,2026-02-11 15:00:00,43993.0
2026-02-11T15,NW,Northwest,NG,Net generation,48791,megawatthours,2026-02-11 15:00:00,48791.0
2026-02-11T15,NW,Northwest,TI,Total interchange,797,megawatthours,2026-02-11 15:00:00,797.0
2026-02-11T14,NW,Northwest,D,Demand,44853,megawatthours,2026-02-11 14:00:00,44853.0
2026-02-11T14,NW,Northwest,DF,Day-ahead demand forecast,41349,megawatthours,2026-02-11 14:00:00,41349.0
2026-02-11T14,NW,Northwest,NG,Net generation,46788,megawatthours,2026-02-11 14:00:00,46788.0
2026-02-11T14,NW,Northwest,TI,Total interchange,1742,megawatthours,2026-02-11 14:00:00,1742.0
2026-02-11T13,NW,Northwest,D,Demand,41740,megawatthours,2026-02-11 13:00:00,41740.0
2026-02-11T13,NW,Northwest,DF,Day-ahead demand forecast,38846,megawatthours,2026-02-11 13:00:00,38846.0
2026-02-11T13,NW,Northwest,NG,Net generation,43887,megawatthours,2026-02-11 13:00:00,43887.0
2026-02-11T13,NW,Northwest,TI,Total interchange,1903,megawatthours,2026-02-11 13:00:00,1903.0
2026-02-11T12,NW,Northwest,D,Demand,40315,megawatthours,2026-02-11 12:00:00,40315.0
2026-02-11T12,NW,Northwest,DF,Day-ahead demand forecast,37338,megawatthours,2026-02-11 12:00:00,37338.0
2026-02-11T12,NW,Northwest,NG,Net generation,42449,megawatthours,2026-02-11 12:00:00,42449.0
2026-02-11T12,NW,Northwest,TI,Total interchange,1874,megawatthours,2026-02-11 12:00:00,1874.0
2026-02-11T11,NW,Northwest,D,Demand,39718,megawatthours,2026-02-11 11:00:00,39718.0
2026-02-11T11,NW,Northwest,DF,Day-ahead demand forecast,36723,megawatthours,2026-02-11 11:00:00,36723.0
2026-02-11T11,NW,Northwest,NG,Net generation,41676,megawatthours,2026-02-11 11:00:00,41676.0
2026-02-11T11,NW,Northwest,TI,Total interchange,1723,megawatthours,2026-02-11 11:00:00,1723.0
2026-02-11T10,NW,Northwest,D,Demand,39616,megawatthours,2026-02-11 10:00:00,39616.0
2026-02-11T10,NW,Northwest,DF,Day-ahead demand forecast,36508,megawatthours,2026-02-11 10:00:00,36508.0
2026-02-11T10,NW,Northwest,NG,Net generation,41537,megawatthours,2026-02-11 10:00:00,41537.0
2026-02-11T10,NW,Northwest,TI,Total interchange,1725,megawatthours,2026-02-11 10:00:00,1725.0
2026-02-11T09,NW,Northwest,D,Demand,39853,megawatthours,2026-02-11 09:00:00,39853.0
2026-02-11T09,NW,Northwest,DF,Day-ahead demand forecast,36984,megawatthours,2026-02-11 09:00:00,36984.0
2026-02-11T09,NW,Northwest,NG,Net generation,42158,megawatthours,2026-02-11 09:00:00,42158.0
2026-02-11T09,NW,Northwest,TI,Total interchange,2024,megawatthours,2026-02-11 09:00:00,2024.0
2026-02-11T08,NW,Northwest,D,Demand,40797,megawatthours,2026-02-11 08:00:00,40797.0
2026-02-11T08,NW,Northwest,DF,Day-ahead demand forecast,37726,megawatthours,2026-02-11 08:00:00,37726.0
2026-02-11T08,NW,Northwest,NG,Net generation,41805,megawatthours,2026-02-11 08:00:00,41805.0
2026-02-11T08,NW,Northwest,TI,Total interchange,1779,megawatthours,2026-02-11 08:00:00,1779.0
2026-02-11T07,NW,Northwest,D,Demand,42123,megawatthours,2026-02-11 07:00:00,42123.0
2026-02-11T07,NW,Northwest,DF,Day-ahead demand forecast,39083,megawatthours,2026-02-11 07:00:00,39083.0
2026-02-11T07,NW,Northwest,NG,Net generation,42980,megawatthours,2026-02-11 07:00:00,42980.0
2026-02-11T07,NW,Northwest,TI,Total interchange,1745,megawatthours,2026-02-11 07:00:00,1745.0
2026-02-11T06,NW,Northwest,D,Demand,44037,megawatthours,2026-02-11 06:00:00,44037.0
2026-02-11T06,NW,Northwest,DF,Day-ahead demand forecast,40714,megawatthours,2026-02-11 06:00:00,40714.0
2026-02-11T06,NW,Northwest,NG,Net generation,44070,megawatthours,2026-02-11 06:00:00,44070.0
2026-02-11T06,NW,Northwest,TI,Total interchange,1034,megawatthours,2026-02-11 06:00:00,1034.0
2026-02-11T05,NW,Northwest,D,Demand,45690,megawatthours,2026-02-11 05:00:00,45690.0
2026-02-11T05,NW,Northwest,DF,Day-ahead demand forecast,42320,megawatthours,2026-02-11 05:00:00,42320.0
2026-02-11T05,NW,Northwest,NG,Net generation,47248,megawatthours,2026-02-11 05:00:00,47248.0
2026-02-11T05,NW,Northwest,TI,Total interchange,1195,megawatthours,2026-02-11 05:00:00,1195.0
2026-02-11T04,NW,Northwest,D,Demand,46314,megawatthours,2026-02-11 04:00:00,46314.0
2026-02-11T04,NW,Northwest,DF,Day-ahead demand forecast,43068,megawatthours,2026-02-11 04:00:00,43068.0
2026-02-11T04,NW,Northwest,NG,Net generation,47454,megawatthours,2026-02-11 04:00:00,47454.0
2026-02-11T04,NW,Northwest,TI,Total interchange,757,megawatthours,2026-02-11 04:00:00,757.0
2026-02-11T03,NW,Northwest,D,Demand,46638,megawatthours,2026-02-11 03:00:00,46638.0
2026-02-11T03,NW,Northwest,DF,Day-ahead demand forecast,43439,megawatthours,2026-02-11 03:00:00,43439.0
2026-02-11T03,NW,Northwest,NG,Net generation,47262,megawatthours,2026-02-11 03:00:00,47262.0
2026-02-11T03,NW,Northwest,TI,Total interchange,378,megawatthours,2026-02-11 03:00:00,378.0
2026-02-11T02,NW,Northwest,D,Demand,45779,megawatthours,2026-02-11 02:00:00,45779.0
2026-02-11T02,NW,Northwest,DF,Day-ahead demand forecast,43086,megawatthours,2026-02-11 02:00:00,43086.0
2026-02-11T02,NW,Northwest,NG,Net generation,45966,megawatthours,2026-02-11 02:00:00,45966.0
2026-02-11T02,NW,Northwest,TI,Total interchange,-13,megawatthours,2026-02-11 02:00:00,-13.0
2026-02-11T01,NW,Northwest,D,Demand,43842,megawatthours,2026-02-11 01:00:00,43842.0
2026-02-11T01,NW,Northwest,DF,Day-ahead demand forecast,41279,megawatthours,2026-02-11 01:00:00,41279.0
2026-02-11T01,NW,Northwest,NG,Net generation,43873,megawatthours,2026-02-11 01:00:00,43873.0
2026-02-11T01,NW,Northwest,TI,Total interchange,-105,megawatthours,2026-02-11 01:00:00,-105.0
2026-02-11T00,NW,Northwest,D,Demand,42477,megawatthours,2026-02-11 00:00:00,42477.0
2026-02-11T00,NW,Northwest,DF,Day-ahead demand forecast,39559,megawatthours,2026-02-11 00:00:00,39559.0
2026-02-11T00,NW,Northwest,NG,Net generation,42161,megawatthours,2026-02-11 00:00:00,42161.0
2026-02-11T00,NW,Northwest,TI,Total interchange,-321,megawatthours,2026-02-11 00:00:00,-321.0
2026-02-10T23,NW,Northwest,D,Demand,42503,megawatthours,2026-02-10 23:00:00,42503.0
2026-02-10T23,NW,Northwest,DF,Day-ahead demand forecast,38978,megawatthours,2026-02-10 23:00:00,38978.0
2026-02-10T23,NW,Northwest,NG,Net generation,41665,megawatthours,2026-02-10 23:00:00,41665.0
2026-02-10T23,NW,Northwest,TI,Total interchange,-854,megawatthours,2026-02-10 23:00:00,-854.0
2026-02-10T22,NW,Northwest,D,Demand,42926,megawatthours,2026-02-10 22:00:00,42926.0
2026-02-10T22,NW,Northwest,DF,Day-ahead demand forecast,38917,megawatthours,2026-02-10 22:00:00,38917.0
2026-02-10T22,NW,Northwest,NG,Net generation,41447,megawatthours,2026-02-10 22:00:00,41447.0
2026-02-10T22,NW,Northwest,TI,Total interchange,-1498,megawatthours,2026-02-10 22:00:00,-1498.0
2026-02-10T21,NW,Northwest,D,Demand,43317,megawatthours,2026-02-10 21:00:00,43317.0
2026-02-10T21,NW,Northwest,DF,Day-ahead demand forecast,39409,megawatthours,2026-02-10 21:00:00,39409.0
2026-02-10T21,NW,Northwest,NG,Net generation,42277,megawatthours,2026-02-10 21:00:00,42277.0
2026-02-10T21,NW,Northwest,TI,Total interchange,-1107,megawatthours,2026-02-10 21:00:00,-1107.0
2026-02-10T20,NW,Northwest,D,Demand,44419,megawatthours,2026-02-10 20:00:00,44419.0
2026-02-10T20,NW,Northwest,DF,Day-ahead demand forecast,40265,megawatthours,2026-02-10 20:00:00,40265.0
2026-02-10T20,NW,Northwest,NG,Net generation,43494,megawatthours,2026-02-10 20:00:00,43494.0
2026-02-10T20,NW,Northwest,TI,Total interchange,-965,megawatthours,2026-02-10 20:00:00,-965.0
2026-02-10T19,NW,Northwest,D,Demand,45788,megawatthours,2026-02-10 19:00:00,45788.0
2026-02-10T19,NW,Northwest,DF,Day-ahead demand forecast,41606,megawatthours,2026-02-10 19:00:00,41606.0
2026-02-10T19,NW,Northwest,NG,Net generation,44934,megawatthours,2026-02-10 19:00:00,44934.0
2026-02-10T19,NW,Northwest,TI,Total interchange,-904,megawatthours,2026-02-10 19:00:00,-904.0
2026-02-10T18,NW,Northwest,D,Demand,47068,megawatthours,2026-02-10 18:00:00,47068.0
2026-02-10T18,NW,Northwest,DF,Day-ahead demand forecast,42943,megawatthours,2026-02-10 18:00:00,42943.0
2026-02-10T18,NW,Northwest,NG,Net generation,45901,megawatthours,2026-02-10 18:00:00,45901.0
2026-02-10T18,NW,Northwest,TI,Total interchange,-1196,megawatthours,2026-02-10 18:00:00,-1196.0
2026-02-10T17,NW,Northwest,D,Demand,48365,megawatthours,2026-02-10 17:00:00,48365.0
2026-02-10T17,NW,Northwest,DF,Day-ahead demand forecast,44124,megawatthours,2026-02-10 17:00:00,44124.0
2026-02-10T17,NW,Northwest,NG,Net generation,48087,megawatthours,2026-02-10 17:00:00,48087.0
2026-02-10T17,NW,Northwest,TI,Total interchange,-294,megawatthours,2026-02-10 17:00:00,-294.0
2026-02-10T16,NW,Northwest,D,Demand,48513,megawatthours,2026-02-10 16:00:00,48513.0
2026-02-10T16,NW,Northwest,DF,Day-ahead demand forecast,44792,megawatthours,2026-02-10 16:00:00,44792.0
2026-02-10T16,NW,Northwest,NG,Net generation,48051,megawatthours,2026-02-10 16:00:00,48051.0
2026-02-10T16,NW,Northwest,TI,Total interchange,-475,megawatthours,2026-02-10 16:00:00,-475.0
2026-02-10T15,NW,Northwest,D,Demand,46683,megawatthours,2026-02-10 15:00:00,46683.0
2026-02-10T15,NW,Northwest,DF,Day-ahead demand forecast,43955,megawatthours,2026-02-10 15:00:00,43955.0
2026-02-10T15,NW,Northwest,NG,Net generation,46884,megawatthours,2026-02-10 15:00:00,46884.0
2026-02-10T15,NW,Northwest,TI,Total interchange,205,megawatthours,2026-02-10 15:00:00,205.0
2026-02-10T14,NW,Northwest,D,Demand,43861,megawatthours,2026-02-10 14:00:00,43861.0
2026-02-10T14,NW,Northwest,DF,Day-ahead demand forecast,41354,megawatthours,2026-02-10 14:00:00,41354.0
2026-02-10T14,NW,Northwest,NG,Net generation,45510,megawatthours,2026-02-10 14:00:00,45510.0
2026-02-10T14,NW,Northwest,TI,Total interchange,1656,megawatthours,2026-02-10 14:00:00,1656.0
2026-02-10T13,NW,Northwest,D,Demand,41210,megawatthours,2026-02-10 13:00:00,41210.0
2026-02-10T13,NW,Northwest,DF,Day-ahead demand forecast,38577,megawatthours,2026-02-10 13:00:00,38577.0
2026-02-10T13,NW,Northwest,NG,Net generation,43269,megawatthours,2026-02-10 13:00:00,43269.0
2026-02-10T13,NW,Northwest,TI,Total interchange,2063,megawatthours,2026-02-10 13:00:00,2063.0
2026-02-10T12,NW,Northwest,D,Demand,39521,megawatthours,2026-02-10 12:00:00,39521.0
2026-02-10T12,NW,Northwest,DF,Day-ahead demand forecast,36974,megawatthours,2026-02-10 12:00:00,36974.0
2026-02-10T12,NW,Northwest,NG,Net generation,41350,megawatthours,2026-02-10 12:00:00,41350.0
2026-02-10T12,NW,Northwest,TI,Total interchange,1832,megawatthours,2026-02-10 12:00:00,1832.0
2026-02-10T11,NW,Northwest,D,Demand,38864,megawatthours,2026-02-10 11:00:00,38864.0
2026-02-10T11,NW,Northwest,DF,Day-ahead demand forecast,36383,megawatthours,2026-02-10 11:00:00,36383.0
2026-02-10T11,NW,Northwest,NG,Net generation,41272,megawatthours,2026-02-10 11:00:00,41272.0
2026-02-10T11,NW,Northwest,TI,Total interchange,2410,megawatthours,2026-02-10 11:00:00,2410.0
2026-02-10T10,NW,Northwest,D,Demand,38986,megawatthours,2026-02-10 10:00:00,38986.0
2026-02-10T10,NW,Northwest,DF,Day-ahead demand forecast,36227,megawatthours,2026-02-10 10:00:00,36227.0
2026-02-10T10,NW,Northwest,NG,Net generation,41135,megawatthours,2026-02-10 10:00:00,41135.0
2026-02-10T10,NW,Northwest,TI,Total interchange,2154,megawatthours,2026-02-10 10:00:00,2154.0
2026-02-10T09,NW,Northwest,D,Demand,39276,megawatthours,2026-02-10 09:00:00,39276.0
2026-02-10T09,NW,Northwest,DF,Day-ahead demand forecast,36520,megawatthours,2026-02-10 09:00:00,36520.0
2026-02-10T09,NW,Northwest,NG,Net generation,42065,megawatthours,2026-02-10 09:00:00,42065.0
2026-02-10T09,NW,Northwest,TI,Total interchange,2794,megawatthours,2026-02-10 09:00:00,2794.0
2026-02-10T08,NW,Northwest,D,Demand,40278,megawatthours,2026-02-10 08:00:00,40278.0
2026-02-10T08,NW,Northwest,DF,Day-ahead demand forecast,37691,megawatthours,2026-02-10 08:00:00,37691.0
2026-02-10T08,NW,Northwest,NG,Net generation,42958,megawatthours,2026-02-10 08:00:00,42958.0
2026-02-10T08,NW,Northwest,TI,Total interchange,3770,megawatthours,2026-02-10 08:00:00,3770.0
2026-02-10T07,NW,Northwest,D,Demand,41928,megawatthours,2026-02-10 07:00:00,41928.0
2026-02-10T07,NW,Northwest,DF,Day-ahead demand forecast,38915,megawatthours,2026-02-10 07:00:00,38915.0
2026-02-10T07,NW,Northwest,NG,Net generation,44837,megawatthours,2026-02-10 07:00:00,44837.0
2026-02-10T07,NW,Northwest,TI,Total interchange,3930,megawatthours,2026-02-10 07:00:00,3930.0
2026-02-10T06,NW,Northwest,D,Demand,44003,megawatthours,2026-02-10 06:00:00,44003.0
2026-02-10T06,NW,Northwest,DF,Day-ahead demand forecast,40637,megawatthours,2026-02-10 06:00:00,40637.0
2026-02-10T06,NW,Northwest,NG,Net generation,46391,megawatthours,2026-02-10 06:00:00,46391.0
2026-02-10T06,NW,Northwest,TI,Total interchange,3657,megawatthours,2026-02-10 06:00:00,3657.0
2026-02-10T05,NW,Northwest,D,Demand,45757,megawatthours,2026-02-10 05:00:00,45757.0
2026-02-10T05,NW,Northwest,DF,Day-ahead demand forecast,42132,megawatthours,2026-02-10 05:00:00,42132.0
2026-02-10T05,NW,Northwest,NG,Net generation,49333,megawatthours,2026-02-10 05:00:00,49333.0
2026-02-10T05,NW,Northwest,TI,Total interchange,3503,megawatthours,2026-02-10 05:00:00,3503.0
2026-02-10T04,NW,Northwest,D,Demand,46880,megawatthours,2026-02-10 04:00:00,46880.0
2026-02-10T04,NW,Northwest,DF,Day-ahead demand forecast,42963,megawatthours,2026-02-10 04:00:00,42963.0
2026-02-10T04,NW,Northwest,NG,Net generation,50851,megawatthours,2026-02-10 04:00:00,50851.0
2026-02-10T04,NW,Northwest,TI,Total interchange,3899,megawatthours,2026-02-10 04:00:00,3899.0
2026-02-10T03,NW,Northwest,D,Demand,47151,megawatthours,2026-02-10 03:00:00,47151.0
2026-02-10T03,NW,Northwest,DF,Day-ahead demand forecast,43353,megawatthours,2026-02-10 03:00:00,43353.0
2026-02-10T03,NW,Northwest,NG,Net generation,50986,megawatthours,2026-02-10 03:00:00,50986.0
2026-02-10T03,NW,Northwest,TI,Total interchange,3763,megawatthours,2026-02-10 03:00:00,3763.0
2026-02-10T02,NW,Northwest,D,Demand,46974,megawatthours,2026-02-10 02:00:00,46974.0
2026-02-10T02,NW,Northwest,DF,Day-ahead demand forecast,43070,megawatthours,2026-02-10 02:00:00,43070.0
2026-02-10T02,NW,Northwest,NG,Net generation,50798,megawatthours,2026-02-10 02:00:00,50798.0
2026-02-10T02,NW,Northwest,TI,Total interchange,3754,megawatthours,2026-02-10 02:00:00,3754.0
2026-02-10T01,NW,Northwest,D,Demand,44927,megawatthours,2026-02-10 01:00:00,44927.0
2026-02-10T01,NW,Northwest,DF,Day-ahead demand forecast,41311,megawatthours,2026-02-10 01:00:00,41311.0
2026-02-10T01,NW,Northwest,NG,Net generation,48574,megawatthours,2026-02-10 01:00:00,48574.0
2026-02-10T01,NW,Northwest,TI,Total interchange,3647,megawatthours,2026-02-10 01:00:00,3647.0
2026-02-10T00,NW,Northwest,D,Demand,43519,megawatthours,2026-02-10 00:00:00,43519.0
2026-02-10T00,NW,Northwest,DF,Day-ahead demand forecast,39865,megawatthours,2026-02-10 00:00:00,39865.0
2026-02-10T00,NW,Northwest,NG,Net generation,46514,megawatthours,2026-02-10 00:00:00,46514.0
2026-02-10T00,NW,Northwest,TI,Total interchange,2973,megawatthours,2026-02-10 00:00:00,2973.0
2026-02-09T23,NW,Northwest,D,Demand,43691,megawatthours,2026-02-09 23:00:00,43691.0
2026-02-09T23,NW,Northwest,DF,Day-ahead demand forecast,38947,megawatthours,2026-02-09 23:00:00,38947.0
2026-02-09T23,NW,Northwest,NG,Net generation,46221,megawatthours,2026-02-09 23:00:00,46221.0
2026-02-09T23,NW,Northwest,TI,Total interchange,2511,megawatthours,2026-02-09 23:00:00,2511.0
2026-02-09T22,NW,Northwest,D,Demand,44025,megawatthours,2026-02-09 22:00:00,44025.0
2026-02-09T22,NW,Northwest,DF,Day-ahead demand forecast,38836,megawatthours,2026-02-09 22:00:00,38836.0
2026-02-09T22,NW,Northwest,NG,Net generation,46127,megawatthours,2026-02-09 22:00:00,46127.0
2026-02-09T22,NW,Northwest,TI,Total interchange,2024,megawatthours,2026-02-09 22:00:00,2024.0
2026-02-09T21,NW,Northwest,D,Demand,44463,megawatthours,2026-02-09 21:00:00,44463.0
2026-02-09T21,NW,Northwest,DF,Day-ahead demand forecast,39230,megawatthours,2026-02-09 21:00:00,39230.0
2026-02-09T21,NW,Northwest,NG,Net generation,46518,megawatthours,2026-02-09 21:00:00,46518.0
2026-02-09T21,NW,Northwest,TI,Total interchange,1992,megawatthours,2026-02-09 21:00:00,1992.0
2026-02-09T20,NW,Northwest,D,Demand,44673,megawatthours,2026-02-09 20:00:00,44673.0
2026-02-09T20,NW,Northwest,DF,Day-ahead demand forecast,39897,megawatthours,2026-02-09 20:00:00,39897.0
2026-02-09T20,NW,Northwest,NG,Net generation,47137,megawatthours,2026-02-09 20:00:00,47137.0
2026-02-09T20,NW,Northwest,TI,Total interchange,2346,megawatthours,2026-02-09 20:00:00,2346.0
2026-02-09T19,NW,Northwest,D,Demand,45499,megawatthours,2026-02-09 19:00:00,45499.0
2026-02-09T19,NW,Northwest,DF,Day-ahead demand forecast,40693,megawatthours,2026-02-09 19:00:00,40693.0
2026-02-09T19,NW,Northwest,NG,Net generation,47967,megawatthours,2026-02-09 19:00:00,47967.0
2026-02-09T19,NW,Northwest,TI,Total interchange,2427,megawatthours,2026-02-09 19:00:00,2427.0
2026-02-09T18,NW,Northwest,D,Demand,42531,megawatthours,2026-02-09 18:00:00,42531.0
2026-02-09T18,NW,Northwest,DF,Day-ahead demand forecast,41641,megawatthours,2026-02-09 18:00:00,41641.0
2026-02-09T18,NW,Northwest,NG,Net generation,49555,megawatthours,2026-02-09 18:00:00,49555.0
2026-02-09T18,NW,Northwest,TI,Total interchange,2862,megawatthours,2026-02-09 18:00:00,2862.0
2026-02-09T17,NW,Northwest,D,Demand,46750,megawatthours,2026-02-09 17:00:00,46750.0
2026-02-09T17,NW,Northwest,DF,Day-ahead demand forecast,42908,megawatthours,2026-02-09 17:00:00,42908.0
2026-02-09T17,NW,Northwest,NG,Net generation,50154,megawatthours,2026-02-09 17:00:00,50154.0
2026-02-09T17,NW,Northwest,TI,Total interchange,3356,megawatthours,2026-02-09 17:00:00,3356.0
2026-02-09T16,NW,Northwest,D,Demand,46948,megawatthours,2026-02-09 16:00:00,46948.0
2026-02-09T16,NW,Northwest,DF,Day-ahead demand forecast,43034,megawatthours,2026-02-09 16:00:00,43034.0
2026-02-09T16,NW,Northwest,NG,Net generation,51094,megawatthours,2026-02-09 16:00:00,51094.0
2026-02-09T16,NW,Northwest,TI,Total interchange,4110,megawatthours,2026-02-09 16:00:00,4110.0
2026-02-09T15,NW,Northwest,D,Demand,45480,megawatthours,2026-02-09 15:00:00,45480.0
2026-02-09T15,NW,Northwest,DF,Day-ahead demand forecast,42382,megawatthours,2026-02-09 15:00:00,42382.0
2026-02-09T15,NW,Northwest,NG,Net generation,50297,megawatthours,2026-02-09 15:00:00,50297.0
2026-02-09T15,NW,Northwest,TI,Total interchange,4771,megawatthours,2026-02-09 15:00:00,4771.0
2026-02-09T14,NW,Northwest,D,Demand,42402,megawatthours,2026-02-09 14:00:00,42402.0
2026-02-09T14,NW,Northwest,DF,Day-ahead demand forecast,39885,megawatthours,2026-02-09 14:00:00,39885.0
2026-02-09T14,NW,Northwest,NG,Net generation,47831,megawatthours,2026-02-09 14:00:00,47831.0
2026-02-09T14,NW,Northwest,TI,Total interchange,5436,megawatthours,2026-02-09 14:00:00,5436.0
2026-02-09T13,NW,Northwest,D,Demand,39425,megawatthours,2026-02-09 13:00:00,39425.0
2026-02-09T13,NW,Northwest,DF,Day-ahead demand forecast,37092,megawatthours,2026-02-09 13:00:00,37092.0
2026-02-09T13,NW,Northwest,NG,Net generation,44902,megawatthours,2026-02-09 13:00:00,44902.0
2026-02-09T13,NW,Northwest,TI,Total interchange,5477,megawatthours,2026-02-09 13:00:00,5477.0
2026-02-09T12,NW,Northwest,D,Demand,37791,megawatthours,2026-02-09 12:00:00,37791.0
2026-02-09T12,NW,Northwest,DF,Day-ahead demand forecast,35502,megawatthours,2026-02-09 12:00:00,35502.0
2026-02-09T12,NW,Northwest,NG,Net generation,43359,megawatthours,2026-02-09 12:00:00,43359.0
2026-02-09T12,NW,Northwest,TI,Total interchange,5569,megawatthours,2026-02-09 12:00:00,5569.0
2026-02-09T11,NW,Northwest,D,Demand,37209,megawatthours,2026-02-09 11:00:00,37209.0
2026-02-09T11,NW,Northwest,DF,Day-ahead demand forecast,34834,megawatthours,2026-02-09 11:00:00,34834.0
2026-02-09T11,NW,Northwest,NG,Net generation,42806,megawatthours,2026-02-09 11:00:00,42806.0
2026-02-09T11,NW,Northwest,TI,Total interchange,5600,megawatthours,2026-02-09 11:00:00,5600.0
2026-02-09T10,NW,Northwest,D,Demand,37377,megawatthours,2026-02-09 10:00:00,37377.0
2026-02-09T10,NW,Northwest,DF,Day-ahead demand forecast,35024,megawatthours,2026-02-09 10:00:00,35024.0
2026-02-09T10,NW,Northwest,NG,Net generation,42783,megawatthours,2026-02-09 10:00:00,42783.0
2026-02-09T10,NW,Northwest,TI,Total interchange,5408,megawatthours,2026-02-09 10:00:00,5408.0
2026-02-09T09,NW,Northwest,D,Demand,37497,megawatthours,2026-02-09 09:00:00,37497.0
2026-02-09T09,NW,Northwest,DF,Day-ahead demand forecast,35382,megawatthours,2026-02-09 09:00:00,35382.0
2026-02-09T09,NW,Northwest,NG,Net generation,43097,megawatthours,2026-02-09 09:00:00,43097.0
2026-02-09T09,NW,Northwest,TI,Total interchange,5602,megawatthours,2026-02-09 09:00:00,5602.0
2026-02-09T08,NW,Northwest,D,Demand,38270,megawatthours,2026-02-09 08:00:00,38270.0
2026-02-09T08,NW,Northwest,DF,Day-ahead demand forecast,36217,megawatthours,2026-02-09 08:00:00,36217.0
2026-02-09T08,NW,Northwest,NG,Net generation,42629,megawatthours,2026-02-09 08:00:00,42629.0
2026-02-09T08,NW,Northwest,TI,Total interchange,5187,megawatthours,2026-02-09 08:00:00,5187.0
2026-02-09T07,NW,Northwest,D,Demand,39636,megawatthours,2026-02-09 07:00:00,39636.0
2026-02-09T07,NW,Northwest,DF,Day-ahead demand forecast,37645,megawatthours,2026-02-09 07:00:00,37645.0
2026-02-09T07,NW,Northwest,NG,Net generation,43560,megawatthours,2026-02-09 07:00:00,43560.0
2026-02-09T07,NW,Northwest,TI,Total interchange,4830,megawatthours,2026-02-09 07:00:00,4830.0
2026-02-09T06,NW,Northwest,D,Demand,41473,megawatthours,2026-02-09 06:00:00,41473.0
2026-02-09T06,NW,Northwest,DF,Day-ahead demand forecast,39304,megawatthours,2026-02-09 06:00:00,39304.0
2026-02-09T06,NW,Northwest,NG,Net generation,44622,megawatthours,2026-02-09 06:00:00,44622.0
2026-02-09T06,NW,Northwest,TI,Total interchange,4155,megawatthours,2026-02-09 06:00:00,4155.0
2026-02-09T05,NW,Northwest,D,Demand,42876,megawatthours,2026-02-09 05:00:00,42876.0
2026-02-09T05,NW,Northwest,DF,Day-ahead demand forecast,40303,megawatthours,2026-02-09 05:00:00,40303.0
2026-02-09T05,NW,Northwest,NG,Net generation,46814,megawatthours,2026-02-09 05:00:00,46814.0
2026-02-09T05,NW,Northwest,TI,Total interchange,3858,megawatthours,2026-02-09 05:00:00,3858.0
2026-02-09T04,NW,Northwest,D,Demand,42272,megawatthours,2026-02-09 04:00:00,42272.0
2026-02-09T04,NW,Northwest,DF,Day-ahead demand forecast,40893,megawatthours,2026-02-09 04:00:00,40893.0
2026-02-09T04,NW,Northwest,NG,Net generation,46319,megawatthours,2026-02-09 04:00:00,46319.0
2026-02-09T04,NW,Northwest,TI,Total interchange,3964,megawatthours,2026-02-09 04:00:00,3964.0
2026-02-09T03,NW,Northwest,D,Demand,42664,megawatthours,2026-02-09 03:00:00,42664.0
2026-02-09T03,NW,Northwest,DF,Day-ahead demand forecast,41124,megawatthours,2026-02-09 03:00:00,41124.0
2026-02-09T03,NW,Northwest,NG,Net generation,46055,megawatthours,2026-02-09 03:00:00,46055.0
2026-02-09T03,NW,Northwest,TI,Total interchange,3311,megawatthours,2026-02-09 03:00:00,3311.0
2026-02-09T02,NW,Northwest,D,Demand,42674,megawatthours,2026-02-09 02:00:00,42674.0
2026-02-09T02,NW,Northwest,DF,Day-ahead demand forecast,41123,megawatthours,2026-02-09 02:00:00,41123.0
2026-02-09T02,NW,Northwest,NG,Net generation,45806,megawatthours,2026-02-09 02:00:00,45806.0
2026-02-09T02,NW,Northwest,TI,Total interchange,3087,megawatthours,2026-02-09 02:00:00,3087.0
2026-02-09T01,NW,Northwest,D,Demand,42133,megawatthours,2026-02-09 01:00:00,42133.0
2026-02-09T01,NW,Northwest,DF,Day-ahead demand forecast,39943,megawatthours,2026-02-09 01:00:00,39943.0
2026-02-09T01,NW,Northwest,NG,Net generation,44589,megawatthours,2026-02-09 01:00:00,44589.0
2026-02-09T01,NW,Northwest,TI,Total interchange,2448,megawatthours,2026-02-09 01:00:00,2448.0
2026-02-09T00,NW,Northwest,D,Demand,42348,megawatthours,2026-02-09 00:00:00,42348.0
2026-02-09T00,NW,Northwest,DF,Day-ahead demand forecast,38909,megawatthours,2026-02-09 00:00:00,38909.0
2026-02-09T00,NW,Northwest,NG,Net generation,42216,megawatthours,2026-02-09 00:00:00,42216.0
2026-02-09T00,NW,Northwest,TI,Total interchange,-209,megawatthours,2026-02-09 00:00:00,-209.0
2026-02-08T23,NW,Northwest,D,Demand,43276,megawatthours,2026-02-08 23:00:00,43276.0
2026-02-08T23,NW,Northwest,DF,Day-ahead demand forecast,38209,megawatthours,2026-02-08 23:00:00,38209.0
2026-02-08T23,NW,Northwest,NG,Net generation,43633,megawatthours,2026-02-08 23:00:00,43633.0
2026-02-08T23,NW,Northwest,TI,Total interchange,305,megawatthours,2026-02-08 23:00:00,305.0
2026-02-08T22,NW,Northwest,D,Demand,42912,megawatthours,2026-02-08 22:00:00,42912.0
2026-02-08T22,NW,Northwest,DF,Day-ahead demand forecast,38147,megawatthours,2026-02-08 22:00:00,38147.0
2026-02-08T22,NW,Northwest,NG,Net generation,43148,megawatthours,2026-02-08 22:00:00,43148.0
2026-02-08T22,NW,Northwest,TI,Total interchange,181,megawatthours,2026-02-08 22:00:00,181.0
2026-02-08T21,NW,Northwest,D,Demand,42190,megawatthours,2026-02-08 21:00:00,42190.0
2026-02-08T21,NW,Northwest,DF,Day-ahead demand forecast,37998,megawatthours,2026-02-08 21:00:00,37998.0
2026-02-08T21,NW,Northwest,NG,Net generation,42417,megawatthours,2026-02-08 21:00:00,42417.0
2026-02-08T21,NW,Northwest,TI,Total interchange,149,megawatthours,2026-02-08 21:00:00,149.0
2026-02-08T20,NW,Northwest,D,Demand,41916,megawatthours,2026-02-08 20:00:00,41916.0
2026-02-08T20,NW,Northwest,DF,Day-ahead demand forecast,37807,megawatthours,2026-02-08 20:00:00,37807.0
2026-02-08T20,NW,Northwest,NG,Net generation,42464,megawatthours,2026-02-08 20:00:00,42464.0
2026-02-08T20,NW,Northwest,TI,Total interchange,457,megawatthours,2026-02-08 20:00:00,457.0
2026-02-08T19,NW,Northwest,D,Demand,42337,megawatthours,2026-02-08 19:00:00,42337.0
2026-02-08T19,NW,Northwest,DF,Day-ahead demand forecast,38082,megawatthours,2026-02-08 19:00:00,38082.0
2026-02-08T19,NW,Northwest,NG,Net generation,43003,megawatthours,2026-02-08 19:00:00,43003.0
2026-02-08T19,NW,Northwest,TI,Total interchange,597,megawatthours,2026-02-08 19:00:00,597.0
2026-02-08T18,NW,Northwest,D,Demand,42193,megawatthours,2026-02-08 18:00:00,42193.0
2026-02-08T18,NW,Northwest,DF,Day-ahead demand forecast,38349,megawatthours,2026-02-08 18:00:00,38349.0
2026-02-08T18,NW,Northwest,NG,Net generation,43575,megawatthours,2026-02-08 18:00:00,43575.0
2026-02-08T18,NW,Northwest,TI,Total interchange,1309,megawatthours,2026-02-08 18:00:00,1309.0
2026-02-08T17,NW,Northwest,D,Demand,41420,megawatthours,2026-02-08 17:00:00,41420.0
2026-02-08T17,NW,Northwest,DF,Day-ahead demand forecast,38522,megawatthours,2026-02-08 17:00:00,38522.0
2026-02-08T17,NW,Northwest,NG,Net generation,43343,megawatthours,2026-02-08 17:00:00,43343.0
2026-02-08T17,NW,Northwest,TI,Total interchange,1818,megawatthours,2026-02-08 17:00:00,1818.0
2026-02-08T16,NW,Northwest,D,Demand,40410,megawatthours,2026-02-08 16:00:00,40410.0
2026-02-08T16,NW,Northwest,DF,Day-ahead demand forecast,37929,megawatthours,2026-02-08 16:00:00,37929.0
2026-02-08T16,NW,Northwest,NG,Net generation,44663,megawatthours,2026-02-08 16:00:00,44663.0
2026-02-08T16,NW,Northwest,TI,Total interchange,4197,megawatthours,2026-02-08 16:00:00,4197.0
2026-02-08T15,NW,Northwest,D,Demand,39318,megawatthours,2026-02-08 15:00:00,39318.0
2026-02-08T15,NW,Northwest,DF,Day-ahead demand forecast,37215,megawatthours,2026-02-08 15:00:00,37215.0
2026-02-08T15,NW,Northwest,NG,Net generation,44429,megawatthours,2026-02-08 15:00:00,44429.0
2026-02-08T15,NW,Northwest,TI,Total interchange,5116,megawatthours,2026-02-08 15:00:00,5116.0
2026-02-08T14,NW,Northwest,D,Demand,38150,megawatthours,2026-02-08 14:00:00,38150.0
2026-02-08T14,NW,Northwest,DF,Day-ahead demand forecast,36246,megawatthours,2026-02-08 14:00:00,36246.0
2026-02-08T14,NW,Northwest,NG,Net generation,43498,megawatthours,2026-02-08 14:00:00,43498.0
2026-02-08T14,NW,Northwest,TI,Total interchange,5347,megawatthours,2026-02-08 14:00:00,5347.0
2026-02-08T13,NW,Northwest,D,Demand,37004,megawatthours,2026-02-08 13:00:00,37004.0
2026-02-08T13,NW,Northwest,DF,Day-ahead demand forecast,35029,megawatthours,2026-02-08 13:00:00,35029.0
2026-02-08T13,NW,Northwest,NG,Net generation,42647,megawatthours,2026-02-08 13:00:00,42647.0
2026-02-08T13,NW,Northwest,TI,Total interchange,5646,megawatthours,2026-02-08 13:00:00,5646.0
2026-02-08T12,NW,Northwest,D,Demand,36580,megawatthours,2026-02-08 12:00:00,36580.0
2026-02-08T12,NW,Northwest,DF,Day-ahead demand forecast,34430,megawatthours,2026-02-08 12:00:00,34430.0
2026-02-08T12,NW,Northwest,NG,Net generation,42136,megawatthours,2026-02-08 12:00:00,42136.0
2026-02-08T12,NW,Northwest,TI,Total interchange,5559,megawatthours,2026-02-08 12:00:00,5559.0
2026-02-08T11,NW,Northwest,D,Demand,36599,megawatthours,2026-02-08 11:00:00,36599.0
2026-02-08T11,NW,Northwest,DF,Day-ahead demand forecast,34458,megawatthours,2026-02-08 11:00:00,34458.0
2026-02-08T11,NW,Northwest,NG,Net generation,42244,megawatthours,2026-02-08 11:00:00,42244.0
2026-02-08T11,NW,Northwest,TI,Total interchange,5646,megawatthours,2026-02-08 11:00:00,5646.0
2026-02-08T10,NW,Northwest,D,Demand,36848,megawatthours,2026-02-08 10:00:00,36848.0
2026-02-08T10,NW,Northwest,DF,Day-ahead demand forecast,34509,megawatthours,2026-02-08 10:00:00,34509.0
2026-02-08T10,NW,Northwest,NG,Net generation,42072,megawatthours,2026-02-08 10:00:00,42072.0
2026-02-08T10,NW,Northwest,TI,Total interchange,5228,megawatthours,2026-02-08 10:00:00,5228.0
2026-02-08T09,NW,Northwest,D,Demand,37301,megawatthours,2026-02-08 09:00:00,37301.0
2026-02-08T09,NW,Northwest,DF,Day-ahead demand forecast,35160,megawatthours,2026-02-08 09:00:00,35160.0
2026-02-08T09,NW,Northwest,NG,Net generation,42832,megawatthours,2026-02-08 09:00:00,42832.0
2026-02-08T09,NW,Northwest,TI,Total interchange,5535,megawatthours,2026-02-08 09:00:00,5535.0
2026-02-08T08,NW,Northwest,D,Demand,38387,megawatthours,2026-02-08 08:00:00,38387.0
2026-02-08T08,NW,Northwest,DF,Day-ahead demand forecast,36268,megawatthours,2026-02-08 08:00:00,36268.0
2026-02-08T08,NW,Northwest,NG,Net generation,42977,megawatthours,2026-02-08 08:00:00,42977.0
2026-02-08T08,NW,Northwest,TI,Total interchange,5412,megawatthours,2026-02-08 08:00:00,5412.0
2026-02-08T07,NW,Northwest,D,Demand,39535,megawatthours,2026-02-08 07:00:00,39535.0
2026-02-08T07,NW,Northwest,DF,Day-ahead demand forecast,37334,megawatthours,2026-02-08 07:00:00,37334.0
2026-02-08T07,NW,Northwest,NG,Net generation,43857,megawatthours,2026-02-08 07:00:00,43857.0
2026-02-08T07,NW,Northwest,TI,Total interchange,5143,megawatthours,2026-02-08 07:00:00,5143.0
2026-02-08T06,NW,Northwest,D,Demand,40885,megawatthours,2026-02-08 06:00:00,40885.0
2026-02-08T06,NW,Northwest,DF,Day-ahead demand forecast,38544,megawatthours,2026-02-08 06:00:00,38544.0
2026-02-08T06,NW,Northwest,NG,Net generation,43987,megawatthours,2026-02-08 06:00:00,43987.0
2026-02-08T06,NW,Northwest,TI,Total interchange,3970,megawatthours,2026-02-08 06:00:00,3970.0
2026-02-08T05,NW,Northwest,D,Demand,42007,megawatthours,2026-02-08 05:00:00,42007.0
2026-02-08T05,NW,Northwest,DF,Day-ahead demand forecast,40214,megawatthours,2026-02-08 05:00:00,40214.0
2026-02-08T05,NW,Northwest,NG,Net generation,46206,megawatthours,2026-02-08 05:00:00,46206.0
2026-02-08T05,NW,Northwest,TI,Total interchange,4125,megawatthours,2026-02-08 05:00:00,4125.0
2026-02-08T04,NW,Northwest,D,Demand,42894,megawatthours,2026-02-08 04:00:00,42894.0
2026-02-08T04,NW,Northwest,DF,Day-ahead demand forecast,41132,megawatthours,2026-02-08 04:00:00,41132.0
2026-02-08T04,NW,Northwest,NG,Net generation,46781,megawatthours,2026-02-08 04:00:00,46781.0
2026-02-08T04,NW,Northwest,TI,Total interchange,3806,megawatthours,2026-02-08 04:00:00,3806.0
2026-02-08T03,NW,Northwest,D,Demand,43597,megawatthours,2026-02-08 03:00:00,43597.0
2026-02-08T03,NW,Northwest,DF,Day-ahead demand forecast,41507,megawatthours,2026-02-08 03:00:00,41507.0
2026-02-08T03,NW,Northwest,NG,Net generation,46971,megawatthours,2026-02-08 03:00:00,46971.0
2026-02-08T03,NW,Northwest,TI,Total interchange,3301,megawatthours,2026-02-08 03:00:00,3301.0
2026-02-08T02,NW,Northwest,D,Demand,43894,megawatthours,2026-02-08 02:00:00,43894.0
2026-02-08T02,NW,Northwest,DF,Day-ahead demand forecast,41141,megawatthours,2026-02-08 02:00:00,41141.0
2026-02-08T02,NW,Northwest,NG,Net generation,46982,megawatthours,2026-02-08 02:00:00,46982.0
2026-02-08T02,NW,Northwest,TI,Total interchange,3014,megawatthours,2026-02-08 02:00:00,3014.0
2026-02-08T01,NW,Northwest,D,Demand,43000,megawatthours,2026-02-08 01:00:00,43000.0
2026-02-08T01,NW,Northwest,DF,Day-ahead demand forecast,39803,megawatthours,2026-02-08 01:00:00,39803.0
2026-02-08T01,NW,Northwest,NG,Net generation,44618,megawatthours,2026-02-08 01:00:00,44618.0
2026-02-08T01,NW,Northwest,TI,Total interchange,1609,megawatthours,2026-02-08 01:00:00,1609.0
2026-02-08T00,NW,Northwest,D,Demand,42319,megawatthours,2026-02-08 00:00:00,42319.0
2026-02-08T00,NW,Northwest,DF,Day-ahead demand forecast,38469,megawatthours,2026-02-08 00:00:00,38469.0
2026-02-08T00,NW,Northwest,NG,Net generation,42443,megawatthours,2026-02-08 00:00:00,42443.0
2026-02-08T00,NW,Northwest,TI,Total interchange,47,megawatthours,2026-02-08 00:00:00,47.0
2026-02-07T23,NW,Northwest,D,Demand,42481,megawatthours,2026-02-07 23:00:00,42481.0
2026-02-07T23,NW,Northwest,DF,Day-ahead demand forecast,37807,megawatthours,2026-02-07 23:00:00,37807.0
2026-02-07T23,NW,Northwest,NG,Net generation,42876,megawatthours,2026-02-07 23:00:00,42876.0
2026-02-07T23,NW,Northwest,TI,Total interchange,342,megawatthours,2026-02-07 23:00:00,342.0
2026-02-07T22,NW,Northwest,D,Demand,42640,megawatthours,2026-02-07 22:00:00,42640.0
2026-02-07T22,NW,Northwest,DF,Day-ahead demand forecast,37831,megawatthours,2026-02-07 22:00:00,37831.0
2026-02-07T22,NW,Northwest,NG,Net generation,42900,megawatthours,2026-02-07 22:00:00,42900.0
2026-02-07T22,NW,Northwest,TI,Total interchange,191,megawatthours,2026-02-07 22:00:00,191.0
2026-02-07T21,NW,Northwest,D,Demand,42610,megawatthours,2026-02-07 21:00:00,42610.0
2026-02-07T21,NW,Northwest,DF,Day-ahead demand forecast,37893,megawatthours,2026-02-07 21:00:00,37893.0
2026-02-07T21,NW,Northwest,NG,Net generation,42716,megawatthours,2026-02-07 21:00:00,42716.0
2026-02-07T21,NW,Northwest,TI,Total interchange,-13,megawatthours,2026-02-07 21:00:00,-13.0
2026-02-07T20,NW,Northwest,D,Demand,42807,megawatthours,2026-02-07 20:00:00,42807.0
2026-02-07T20,NW,Northwest,DF,Day-ahead demand forecast,38476,megawatthours,2026-02-07 20:00:00,38476.0
2026-02-07T20,NW,Northwest,NG,Net generation,43174,megawatthours,2026-02-07 20:00:00,43174.0
2026-02-07T20,NW,Northwest,TI,Total interchange,239,megawatthours,2026-02-07 20:00:00,239.0
2026-02-07T19,NW,Northwest,D,Demand,42734,megawatthours,2026-02-07 19:00:00,42734.0
2026-02-07T19,NW,Northwest,DF,Day-ahead demand forecast,38970,megawatthours,2026-02-07 19:00:00,38970.0
2026-02-07T19,NW,Northwest,NG,Net generation,43645,megawatthours,2026-02-07 19:00:00,43645.0
2026-02-07T19,NW,Northwest,TI,Total interchange,787,megawatthours,2026-02-07 19:00:00,787.0
2026-02-07T18,NW,Northwest,D,Demand,42739,megawatthours,2026-02-07 18:00:00,42739.0
2026-02-07T18,NW,Northwest,DF,Day-ahead demand forecast,39459,megawatthours,2026-02-07 18:00:00,39459.0
2026-02-07T18,NW,Northwest,NG,Net generation,43762,megawatthours,2026-02-07 18:00:00,43762.0
2026-02-07T18,NW,Northwest,TI,Total interchange,950,megawatthours,2026-02-07 18:00:00,950.0
2026-02-07T17,NW,Northwest,D,Demand,42394,megawatthours,2026-02-07 17:00:00,42394.0
2026-02-07T17,NW,Northwest,DF,Day-ahead demand forecast,39685,megawatthours,2026-02-07 17:00:00,39685.0
2026-02-07T17,NW,Northwest,NG,Net generation,43925,megawatthours,2026-02-07 17:00:00,43925.0
2026-02-07T17,NW,Northwest,TI,Total interchange,1407,megawatthours,2026-02-07 17:00:00,1407.0
2026-02-07T16,NW,Northwest,D,Demand,42150,megawatthours,2026-02-07 16:00:00,42150.0
2026-02-07T16,NW,Northwest,DF,Day-ahead demand forecast,38821,megawatthours,2026-02-07 16:00:00,38821.0
2026-02-07T16,NW,Northwest,NG,Net generation,45072,megawatthours,2026-02-07 16:00:00,45072.0
2026-02-07T16,NW,Northwest,TI,Total interchange,2871,megawatthours,2026-02-07 16:00:00,2871.0
2026-02-07T15,NW,Northwest,D,Demand,40904,megawatthours,2026-02-07 15:00:00,40904.0
2026-02-07T15,NW,Northwest,DF,Day-ahead demand forecast,38117,megawatthours,2026-02-07 15:00:00,38117.0
2026-02-07T15,NW,Northwest,NG,Net generation,44782,megawatthours,2026-02-07 15:00:00,44782.0
2026-02-07T15,NW,Northwest,TI,Total interchange,3856,megawatthours,2026-02-07 15:00:00,3856.0
2026-02-07T14,NW,Northwest,D,Demand,39458,megawatthours,2026-02-07 14:00:00,39458.0
2026-02-07T14,NW,Northwest,DF,Day-ahead demand forecast,37020,megawatthours,2026-02-07 14:00:00,37020.0
2026-02-07T14,NW,Northwest,NG,Net generation,44031,megawatthours,2026-02-07 14:00:00,44031.0
2026-02-07T14,NW,Northwest,TI,Total interchange,4578,megawatthours,2026-02-07 14:00:00,4578.0
2026-02-07T13,NW,Northwest,D,Demand,38068,megawatthours,2026-02-07 13:00:00,38068.0
2026-02-07T13,NW,Northwest,DF,Day-ahead demand forecast,35773,megawatthours,2026-02-07 13:00:00,35773.0
2026-02-07T13,NW,Northwest,NG,Net generation,43490,megawatthours,2026-02-07 13:00:00,43490.0
2026-02-07T13,NW,Northwest,TI,Total interchange,5425,megawatthours,2026-02-07 13:00:00,5425.0
2026-02-07T12,NW,Northwest,D,Demand,37429,megawatthours,2026-02-07 12:00:00,37429.0
2026-02-07T12,NW,Northwest,DF,Day-ahead demand forecast,35163,megawatthours,2026-02-07 12:00:00,35163.0
2026-02-07T12,NW,Northwest,NG,Net generation,43029,megawatthours,2026-02-07 12:00:00,43029.0
2026-02-07T12,NW,Northwest,TI,Total interchange,5601,megawatthours,2026-02-07 12:00:00,5601.0
2026-02-07T11,NW,Northwest,D,Demand,37498,megawatthours,2026-02-07 11:00:00,37498.0
2026-02-07T11,NW,Northwest,DF,Day-ahead demand forecast,35031,megawatthours,2026-02-07 11:00:00,35031.0
2026-02-07T11,NW,Northwest,NG,Net generation,43268,megawatthours,2026-02-07 11:00:00,43268.0
2026-02-07T11,NW,Northwest,TI,Total interchange,5773,megawatthours,2026-02-07 11:00:00,5773.0
2026-02-07T10,NW,Northwest,D,Demand,37543,megawatthours,2026-02-07 10:00:00,37543.0
2026-02-07T10,NW,Northwest,DF,Day-ahead demand forecast,35233,megawatthours,2026-02-07 10:00:00,35233.0
2026-02-07T10,NW,Northwest,NG,Net generation,43390,megawatthours,2026-02-07 10:00:00,43390.0
2026-02-07T10,NW,Northwest,TI,Total interchange,5851,megawatthours,2026-02-07 10:00:00,5851.0
2026-02-07T09,NW,Northwest,D,Demand,38154,megawatthours,2026-02-07 09:00:00,38154.0
2026-02-07T09,NW,Northwest,DF,Day-ahead demand forecast,35555,megawatthours,2026-02-07 09:00:00,35555.0
2026-02-07T09,NW,Northwest,NG,Net generation,44133,megawatthours,2026-02-07 09:00:00,44133.0
2026-02-07T09,NW,Northwest,TI,Total interchange,5980,megawatthours,2026-02-07 09:00:00,5980.0
2026-02-07T08,NW,Northwest,D,Demand,39295,megawatthours,2026-02-07 08:00:00,39295.0
2026-02-07T08,NW,Northwest,DF,Day-ahead demand forecast,37113,megawatthours,2026-02-07 08:00:00,37113.0
2026-02-07T08,NW,Northwest,NG,Net generation,43869,megawatthours,2026-02-07 08:00:00,43869.0
2026-02-07T08,NW,Northwest,TI,Total interchange,5185,megawatthours,2026-02-07 08:00:00,5185.0
2026-02-07T07,NW,Northwest,D,Demand,40620,megawatthours,2026-02-07 07:00:00,40620.0
2026-02-07T07,NW,Northwest,DF,Day-ahead demand forecast,38312,megawatthours,2026-02-07 07:00:00,38312.0
2026-02-07T07,NW,Northwest,NG,Net generation,45279,megawatthours,2026-02-07 07:00:00,45279.0
2026-02-07T07,NW,Northwest,TI,Total interchange,5372,megawatthours,2026-02-07 07:00:00,5372.0
2026-02-07T06,NW,Northwest,D,Demand,42166,megawatthours,2026-02-07 06:00:00,42166.0
2026-02-07T06,NW,Northwest,DF,Day-ahead demand forecast,39573,megawatthours,2026-02-07 06:00:00,39573.0
2026-02-07T06,NW,Northwest,NG,Net generation,45651,megawatthours,2026-02-07 06:00:00,45651.0
2026-02-07T06,NW,Northwest,TI,Total interchange,4462,megawatthours,2026-02-07 06:00:00,4462.0
2026-02-07T05,NW,Northwest,D,Demand,43226,megawatthours,2026-02-07 05:00:00,43226.0
2026-02-07T05,NW,Northwest,DF,Day-ahead demand forecast,40834,megawatthours,2026-02-07 05:00:00,40834.0
2026-02-07T05,NW,Northwest,NG,Net generation,47686,megawatthours,2026-02-07 05:00:00,47686.0
2026-02-07T05,NW,Northwest,TI,Total interchange,4386,megawatthours,2026-02-07 05:00:00,4386.0
2026-02-07T04,NW,Northwest,D,Demand,43897,megawatthours,2026-02-07 04:00:00,43897.0
2026-02-07T04,NW,Northwest,DF,Day-ahead demand forecast,41581,megawatthours,2026-02-07 04:00:00,41581.0
2026-02-07T04,NW,Northwest,NG,Net generation,47998,megawatthours,2026-02-07 04:00:00,47998.0
2026-02-07T04,NW,Northwest,TI,Total interchange,4025,megawatthours,2026-02-07 04:00:00,4025.0
2026-02-07T03,NW,Northwest,D,Demand,44451,megawatthours,2026-02-07 03:00:00,44451.0
2026-02-07T03,NW,Northwest,DF,Day-ahead demand forecast,41845,megawatthours,2026-02-07 03:00:00,41845.0
2026-02-07T03,NW,Northwest,NG,Net generation,48185,megawatthours,2026-02-07 03:00:00,48185.0
2026-02-07T03,NW,Northwest,TI,Total interchange,3660,megawatthours,2026-02-07 03:00:00,3660.0
2026-02-07T02,NW,Northwest,D,Demand,44347,megawatthours,2026-02-07 02:00:00,44347.0
2026-02-07T02,NW,Northwest,DF,Day-ahead demand forecast,41520,megawatthours,2026-02-07 02:00:00,41520.0
2026-02-07T02,NW,Northwest,NG,Net generation,47618,megawatthours,2026-02-07 02:00:00,47618.0
2026-02-07T02,NW,Northwest,TI,Total interchange,3237,megawatthours,2026-02-07 02:00:00,3237.0
2026-02-07T01,NW,Northwest,D,Demand,42810,megawatthours,2026-02-07 01:00:00,42810.0
2026-02-07T01,NW,Northwest,DF,Day-ahead demand forecast,40331,megawatthours,2026-02-07 01:00:00,40331.0
2026-02-07T01,NW,Northwest,NG,Net generation,45446,megawatthours,2026-02-07 01:00:00,45446.0
2026-02-07T01,NW,Northwest,TI,Total interchange,2634,megawatthours,2026-02-07 01:00:00,2634.0
2026-02-07T00,NW,Northwest,D,Demand,41548,megawatthours,2026-02-07 00:00:00,41548.0
2026-02-07T00,NW,Northwest,DF,Day-ahead demand forecast,38632,megawatthours,2026-02-07 00:00:00,38632.0
2026-02-07T00,NW,Northwest,NG,Net generation,42131,megawatthours,2026-02-07 00:00:00,42131.0
2026-02-07T00,NW,Northwest,TI,Total interchange,523,megawatthours,2026-02-07 00:00:00,523.0
2026-02-06T23,NW,Northwest,D,Demand,41687,megawatthours,2026-02-06 23:00:00,41687.0
2026-02-06T23,NW,Northwest,DF,Day-ahead demand forecast,37924,megawatthours,2026-02-06 23:00:00,37924.0
2026-02-06T23,NW,Northwest,NG,Net generation,41083,megawatthours,2026-02-06 23:00:00,41083.0
2026-02-06T23,NW,Northwest,TI,Total interchange,-661,megawatthours,2026-02-06 23:00:00,-661.0
2026-02-06T22,NW,Northwest,D,Demand,41857,megawatthours,2026-02-06 22:00:00,41857.0
2026-02-06T22,NW,Northwest,DF,Day-ahead demand forecast,37863,megawatthours,2026-02-06 22:00:00,37863.0
2026-02-06T22,NW,Northwest,NG,Net generation,41230,megawatthours,2026-02-06 22:00:00,41230.0
2026-02-06T22,NW,Northwest,TI,Total interchange,-679,megawatthours,2026-02-06 22:00:00,-679.0
2026-02-06T21,NW,Northwest,D,Demand,42405,megawatthours,2026-02-06 21:00:00,42405.0
2026-02-06T21,NW,Northwest,DF,Day-ahead demand forecast,38416,megawatthours,2026-02-06 21:00:00,38416.0
2026-02-06T21,NW,Northwest,NG,Net generation,41523,megawatthours,2026-02-06 21:00:00,41523.0
2026-02-06T21,NW,Northwest,TI,Total interchange,-936,megawatthours,2026-02-06 21:00:00,-936.0
2026-02-06T20,NW,Northwest,D,Demand,43078,megawatthours,2026-02-06 20:00:00,43078.0
2026-02-06T20,NW,Northwest,DF,Day-ahead demand forecast,39172,megawatthours,2026-02-06 20:00:00,39172.0
2026-02-06T20,NW,Northwest,NG,Net generation,42238,megawatthours,2026-02-06 20:00:00,42238.0
2026-02-06T20,NW,Northwest,TI,Total interchange,-934,megawatthours,2026-02-06 20:00:00,-934.0
2026-02-06T19,NW,Northwest,D,Demand,44312,megawatthours,2026-02-06 19:00:00,44312.0
2026-02-06T19,NW,Northwest,DF,Day-ahead demand forecast,40283,megawatthours,2026-02-06 19:00:00,40283.0
2026-02-06T19,NW,Northwest,NG,Net generation,43001,megawatthours,2026-02-06 19:00:00,43001.0
2026-02-06T19,NW,Northwest,TI,Total interchange,-1372,megawatthours,2026-02-06 19:00:00,-1372.0
2026-02-06T18,NW,Northwest,D,Demand,45321,megawatthours,2026-02-06 18:00:00,45321.0
2026-02-06T18,NW,Northwest,DF,Day-ahead demand forecast,41483,megawatthours,2026-02-06 18:00:00,41483.0
2026-02-06T18,NW,Northwest,NG,Net generation,44990,megawatthours,2026-02-06 18:00:00,44990.0
2026-02-06T18,NW,Northwest,TI,Total interchange,-419,megawatthours,2026-02-06 18:00:00,-419.0
2026-02-06T17,NW,Northwest,D,Demand,46802,megawatthours,2026-02-06 17:00:00,46802.0
2026-02-06T17,NW,Northwest,DF,Day-ahead demand forecast,42727,megawatthours,2026-02-06 17:00:00,42727.0
2026-02-06T17,NW,Northwest,NG,Net generation,46327,megawatthours,2026-02-06 17:00:00,46327.0
2026-02-06T17,NW,Northwest,TI,Total interchange,-538,megawatthours,2026-02-06 17:00:00,-538.0
2026-02-06T16,NW,Northwest,D,Demand,47060,megawatthours,2026-02-06 16:00:00,47060.0
2026-02-06T16,NW,Northwest,DF,Day-ahead demand forecast,43306,megawatthours,2026-02-06 16:00:00,43306.0
2026-02-06T16,NW,Northwest,NG,Net generation,48122,megawatthours,2026-02-06 16:00:00,48122.0
2026-02-06T16,NW,Northwest,TI,Total interchange,1027,megawatthours,2026-02-06 16:00:00,1027.0
2026-02-06T15,NW,Northwest,D,Demand,45494,megawatthours,2026-02-06 15:00:00,45494.0
2026-02-06T15,NW,Northwest,DF,Day-ahead demand forecast,42651,megawatthours,2026-02-06 15:00:00,42651.0
2026-02-06T15,NW,Northwest,NG,Net generation,47804,megawatthours,2026-02-06 15:00:00,47804.0
2026-02-06T15,NW,Northwest,TI,Total interchange,2270,megawatthours,2026-02-06 15:00:00,2270.0
2026-02-06T14,NW,Northwest,D,Demand,42414,megawatthours,2026-02-06 14:00:00,42414.0
2026-02-06T14,NW,Northwest,DF,Day-ahead demand forecast,40228,megawatthours,2026-02-06 14:00:00,40228.0
2026-02-06T14,NW,Northwest,NG,Net generation,45418,megawatthours,2026-02-06 14:00:00,45418.0
2026-02-06T14,NW,Northwest,TI,Total interchange,3007,megawatthours,2026-02-06 14:00:00,3007.0
2026-02-06T13,NW,Northwest,D,Demand,39776,megawatthours,2026-02-06 13:00:00,39776.0
2026-02-06T13,NW,Northwest,DF,Day-ahead demand forecast,37601,megawatthours,2026-02-06 13:00:00,37601.0
2026-02-06T13,NW,Northwest,NG,Net generation,42323,megawatthours,2026-02-06 13:00:00,42323.0
2026-02-06T13,NW,Northwest,TI,Total interchange,2552,megawatthours,2026-02-06 13:00:00,2552.0
2026-02-06T12,NW,Northwest,D,Demand,38356,megawatthours,2026-02-06 12:00:00,38356.0
2026-02-06T12,NW,Northwest,DF,Day-ahead demand forecast,36083,megawatthours,2026-02-06 12:00:00,36083.0
2026-02-06T12,NW,Northwest,NG,Net generation,40668,megawatthours,2026-02-06 12:00:00,40668.0
2026-02-06T12,NW,Northwest,TI,Total interchange,2314,megawatthours,2026-02-06 12:00:00,2314.0
2026-02-06T11,NW,Northwest,D,Demand,37702,megawatthours,2026-02-06 11:00:00,37702.0
2026-02-06T11,NW,Northwest,DF,Day-ahead demand forecast,35290,megawatthours,2026-02-06 11:00:00,35290.0
2026-02-06T11,NW,Northwest,NG,Net generation,40542,megawatthours,2026-02-06 11:00:00,40542.0
2026-02-06T11,NW,Northwest,TI,Total interchange,2844,megawatthours,2026-02-06 11:00:00,2844.0
2026-02-06T10,NW,Northwest,D,Demand,37757,megawatthours,2026-02-06 10:00:00,37757.0
2026-02-06T10,NW,Northwest,DF,Day-ahead demand forecast,35537,megawatthours,2026-02-06 10:00:00,35537.0
2026-02-06T10,NW,Northwest,NG,Net generation,40951,megawatthours,2026-02-06 10:00:00,40951.0
2026-02-06T10,NW,Northwest,TI,Total interchange,3197,megawatthours,2026-02-06 10:00:00,3197.0
2026-02-06T09,NW,Northwest,D,Demand,38001,megawatthours,2026-02-06 09:00:00,38001.0
2026-02-06T09,NW,Northwest,DF,Day-ahead demand forecast,35884,megawatthours,2026-02-06 09:00:00,35884.0
2026-02-06T09,NW,Northwest,NG,Net generation,41408,megawatthours,2026-02-06 09:00:00,41408.0
2026-02-06T09,NW,Northwest,TI,Total interchange,3408,megawatthours,2026-02-06 09:00:00,3408.0
2026-02-06T08,NW,Northwest,D,Demand,39113,megawatthours,2026-02-06 08:00:00,39113.0
2026-02-06T08,NW,Northwest,DF,Day-ahead demand forecast,36821,megawatthours,2026-02-06 08:00:00,36821.0
2026-02-06T08,NW,Northwest,NG,Net generation,42197,megawatthours,2026-02-06 08:00:00,42197.0
2026-02-06T08,NW,Northwest,TI,Total interchange,3648,megawatthours,2026-02-06 08:00:00,3648.0
2026-02-06T07,NW,Northwest,D,Demand,40457,megawatthours,2026-02-06 07:00:00,40457.0
2026-02-06T07,NW,Northwest,DF,Day-ahead demand forecast,38242,megawatthours,2026-02-06 07:00:00,38242.0
2026-02-06T07,NW,Northwest,NG,Net generation,43801,megawatthours,2026-02-06 07:00:00,43801.0
2026-02-06T07,NW,Northwest,TI,Total interchange,3970,megawatthours,2026-02-06 07:00:00,3970.0
2026-02-06T06,NW,Northwest,D,Demand,42255,megawatthours,2026-02-06 06:00:00,42255.0
2026-02-06T06,NW,Northwest,DF,Day-ahead demand forecast,39874,megawatthours,2026-02-06 06:00:00,39874.0
2026-02-06T06,NW,Northwest,NG,Net generation,43800,megawatthours,2026-02-06 06:00:00,43800.0
2026-02-06T06,NW,Northwest,TI,Total interchange,2413,megawatthours,2026-02-06 06:00:00,2413.0
2026-02-06T05,NW,Northwest,D,Demand,43738,megawatthours,2026-02-06 05:00:00,43738.0
2026-02-06T05,NW,Northwest,DF,Day-ahead demand forecast,41384,megawatthours,2026-02-06 05:00:00,41384.0
2026-02-06T05,NW,Northwest,NG,Net generation,46422,megawatthours,2026-02-06 05:00:00,46422.0
2026-02-06T05,NW,Northwest,TI,Total interchange,2614,megawatthours,2026-02-06 05:00:00,2614.0
2026-02-06T04,NW,Northwest,D,Demand,44537,megawatthours,2026-02-06 04:00:00,44537.0
2026-02-06T04,NW,Northwest,DF,Day-ahead demand forecast,42209,megawatthours,2026-02-06 04:00:00,42209.0
2026-02-06T04,NW,Northwest,NG,Net generation,47693,megawatthours,2026-02-06 04:00:00,47693.0
2026-02-06T04,NW,Northwest,TI,Total interchange,3084,megawatthours,2026-02-06 04:00:00,3084.0
2026-02-06T03,NW,Northwest,D,Demand,44829,megawatthours,2026-02-06 03:00:00,44829.0
2026-02-06T03,NW,Northwest,DF,Day-ahead demand forecast,42408,megawatthours,2026-02-06 03:00:00,42408.0
2026-02-06T03,NW,Northwest,NG,Net generation,47713,megawatthours,2026-02-06 03:00:00,47713.0
2026-02-06T03,NW,Northwest,TI,Total interchange,2815,megawatthours,2026-02-06 03:00:00,2815.0
2026-02-06T02,NW,Northwest,D,Demand,44184,megawatthours,2026-02-06 02:00:00,44184.0
2026-02-06T02,NW,Northwest,DF,Day-ahead demand forecast,41711,megawatthours,2026-02-06 02:00:00,41711.0
2026-02-06T02,NW,Northwest,NG,Net generation,46947,megawatthours,2026-02-06 02:00:00,46947.0
2026-02-06T02,NW,Northwest,TI,Total interchange,2715,megawatthours,2026-02-06 02:00:00,2715.0
2026-02-06T01,NW,Northwest,D,Demand,42395,megawatthours,2026-02-06 01:00:00,42395.0
2026-02-06T01,NW,Northwest,DF,Day-ahead demand forecast,40209,megawatthours,2026-02-06 01:00:00,40209.0
2026-02-06T01,NW,Northwest,NG,Net generation,45369,megawatthours,2026-02-06 01:00:00,45369.0
2026-02-06T01,NW,Northwest,TI,Total interchange,2894,megawatthours,2026-02-06 01:00:00,2894.0
2026-02-06T00,NW,Northwest,D,Demand,41201,megawatthours,2026-02-06 00:00:00,41201.0
2026-02-06T00,NW,Northwest,DF,Day-ahead demand forecast,38439,megawatthours,2026-02-06 00:00:00,38439.0
2026-02-06T00,NW,Northwest,NG,Net generation,44377,megawatthours,2026-02-06 00:00:00,44377.0
2026-02-06T00,NW,Northwest,TI,Total interchange,3096,megawatthours,2026-02-06 00:00:00,3096.0
2026-02-05T23,NW,Northwest,D,Demand,41206,megawatthours,2026-02-05 23:00:00,41206.0
2026-02-05T23,NW,Northwest,DF,Day-ahead demand forecast,37832,megawatthours,2026-02-05 23:00:00,37832.0
2026-02-05T23,NW,Northwest,NG,Net generation,43555,megawatthours,2026-02-05 23:00:00,43555.0
2026-02-05T23,NW,Northwest,TI,Total interchange,2284,megawatthours,2026-02-05 23:00:00,2284.0
2026-02-05T22,NW,Northwest,D,Demand,41228,megawatthours,2026-02-05 22:00:00,41228.0
2026-02-05T22,NW,Northwest,DF,Day-ahead demand forecast,37895,megawatthours,2026-02-05 22:00:00,37895.0
2026-02-05T22,NW,Northwest,NG,Net generation,42978,megawatthours,2026-02-05 22:00:00,42978.0
2026-02-05T22,NW,Northwest,TI,Total interchange,1630,megawatthours,2026-02-05 22:00:00,1630.0
2026-02-05T21,NW,Northwest,D,Demand,42022,megawatthours,2026-02-05 21:00:00,42022.0
2026-02-05T21,NW,Northwest,DF,Day-ahead demand forecast,38483,megawatthours,2026-02-05 21:00:00,38483.0
2026-02-05T21,NW,Northwest,NG,Net generation,42893,megawatthours,2026-02-05 21:00:00,42893.0
2026-02-05T21,NW,Northwest,TI,Total interchange,806,megawatthours,2026-02-05 21:00:00,806.0
2026-02-05T20,NW,Northwest,D,Demand,43187,megawatthours,2026-02-05 20:00:00,43187.0
2026-02-05T20,NW,Northwest,DF,Day-ahead demand forecast,39304,megawatthours,2026-02-05 20:00:00,39304.0
2026-02-05T20,NW,Northwest,NG,Net generation,44551,megawatthours,2026-02-05 20:00:00,44551.0
2026-02-05T20,NW,Northwest,TI,Total interchange,1299,megawatthours,2026-02-05 20:00:00,1299.0
2026-02-05T19,NW,Northwest,D,Demand,44476,megawatthours,2026-02-05 19:00:00,44476.0
2026-02-05T19,NW,Northwest,DF,Day-ahead demand forecast,40418,megawatthours,2026-02-05 19:00:00,40418.0
2026-02-05T19,NW,Northwest,NG,Net generation,45722,megawatthours,2026-02-05 19:00:00,45722.0
2026-02-05T19,NW,Northwest,TI,Total interchange,1180,megawatthours,2026-02-05 19:00:00,1180.0
2026-02-05T18,NW,Northwest,D,Demand,45961,megawatthours,2026-02-05 18:00:00,45961.0
2026-02-05T18,NW,Northwest,DF,Day-ahead demand forecast,41711,megawatthours,2026-02-05 18:00:00,41711.0
2026-02-05T18,NW,Northwest,NG,Net generation,47194,megawatthours,2026-02-05 18:00:00,47194.0
2026-02-05T18,NW,Northwest,TI,Total interchange,1164,megawatthours,2026-02-05 18:00:00,1164.0
2026-02-05T17,NW,Northwest,D,Demand,47507,megawatthours,2026-02-05 17:00:00,47507.0
2026-02-05T17,NW,Northwest,DF,Day-ahead demand forecast,43232,megawatthours,2026-02-05 17:00:00,43232.0
2026-02-05T17,NW,Northwest,NG,Net generation,49605,megawatthours,2026-02-05 17:00:00,49605.0
2026-02-05T17,NW,Northwest,TI,Total interchange,1978,megawatthours,2026-02-05 17:00:00,1978.0
2026-02-05T16,NW,Northwest,D,Demand,48364,megawatthours,2026-02-05 16:00:00,48364.0
2026-02-05T16,NW,Northwest,DF,Day-ahead demand forecast,44260,megawatthours,2026-02-05 16:00:00,44260.0
2026-02-05T16,NW,Northwest,NG,Net generation,51083,megawatthours,2026-02-05 16:00:00,51083.0
2026-02-05T16,NW,Northwest,TI,Total interchange,2669,megawatthours,2026-02-05 16:00:00,2669.0
2026-02-05T15,NW,Northwest,D,Demand,47417,megawatthours,2026-02-05 15:00:00,47417.0
2026-02-05T15,NW,Northwest,DF,Day-ahead demand forecast,43485,megawatthours,2026-02-05 15:00:00,43485.0
2026-02-05T15,NW,Northwest,NG,Net generation,51152,megawatthours,2026-02-05 15:00:00,51152.0
2026-02-05T15,NW,Northwest,TI,Total interchange,3718,megawatthours,2026-02-05 15:00:00,3718.0
2026-02-05T14,NW,Northwest,D,Demand,44282,megawatthours,2026-02-05 14:00:00,44282.0
2026-02-05T14,NW,Northwest,DF,Day-ahead demand forecast,41036,megawatthours,2026-02-05 14:00:00,41036.0
2026-02-05T14,NW,Northwest,NG,Net generation,48881,megawatthours,2026-02-05 14:00:00,48881.0
2026-02-05T14,NW,Northwest,TI,Total interchange,4602,megawatthours,2026-02-05 14:00:00,4602.0
2026-02-05T13,NW,Northwest,D,Demand,41060,megawatthours,2026-02-05 13:00:00,41060.0
2026-02-05T13,NW,Northwest,DF,Day-ahead demand forecast,38182,megawatthours,2026-02-05 13:00:00,38182.0
2026-02-05T13,NW,Northwest,NG,Net generation,45087,megawatthours,2026-02-05 13:00:00,45087.0
2026-02-05T13,NW,Northwest,TI,Total interchange,4030,megawatthours,2026-02-05 13:00:00,4030.0
2026-02-05T12,NW,Northwest,D,Demand,39382,megawatthours,2026-02-05 12:00:00,39382.0
2026-02-05T12,NW,Northwest,DF,Day-ahead demand forecast,36676,megawatthours,2026-02-05 12:00:00,36676.0
2026-02-05T12,NW,Northwest,NG,Net generation,43393,megawatthours,2026-02-05 12:00:00,43393.0
2026-02-05T12,NW,Northwest,TI,Total interchange,4013,megawatthours,2026-02-05 12:00:00,4013.0
2026-02-05T11,NW,Northwest,D,Demand,38732,megawatthours,2026-02-05 11:00:00,38732.0
2026-02-05T11,NW,Northwest,DF,Day-ahead demand forecast,36028,megawatthours,2026-02-05 11:00:00,36028.0
2026-02-05T11,NW,Northwest,NG,Net generation,43275,megawatthours,2026-02-05 11:00:00,43275.0
2026-02-05T11,NW,Northwest,TI,Total interchange,4548,megawatthours,2026-02-05 11:00:00,4548.0
2026-02-05T10,NW,Northwest,D,Demand,38795,megawatthours,2026-02-05 10:00:00,38795.0
2026-02-05T10,NW,Northwest,DF,Day-ahead demand forecast,35742,megawatthours,2026-02-05 10:00:00,35742.0
2026-02-05T10,NW,Northwest,NG,Net generation,43846,megawatthours,2026-02-05 10:00:00,43846.0
2026-02-05T10,NW,Northwest,TI,Total interchange,5052,megawatthours,2026-02-05 10:00:00,5052.0
2026-02-05T09,NW,Northwest,D,Demand,38839,megawatthours,2026-02-05 09:00:00,38839.0
2026-02-05T09,NW,Northwest,DF,Day-ahead demand forecast,36037,megawatthours,2026-02-05 09:00:00,36037.0
2026-02-05T09,NW,Northwest,NG,Net generation,43850,megawatthours,2026-02-05 09:00:00,43850.0
2026-02-05T09,NW,Northwest,TI,Total interchange,5010,megawatthours,2026-02-05 09:00:00,5010.0
2026-02-05T08,NW,Northwest,D,Demand,39780,megawatthours,2026-02-05 08:00:00,39780.0
2026-02-05T08,NW,Northwest,DF,Day-ahead demand forecast,37677,megawatthours,2026-02-05 08:00:00,37677.0
2026-02-05T08,NW,Northwest,NG,Net generation,44310,megawatthours,2026-02-05 08:00:00,44310.0
2026-02-05T08,NW,Northwest,TI,Total interchange,5097,megawatthours,2026-02-05 08:00:00,5097.0
2026-02-05T07,NW,Northwest,D,Demand,41201,megawatthours,2026-02-05 07:00:00,41201.0
2026-02-05T07,NW,Northwest,DF,Day-ahead demand forecast,38959,megawatthours,2026-02-05 07:00:00,38959.0
2026-02-05T07,NW,Northwest,NG,Net generation,45265,megawatthours,2026-02-05 07:00:00,45265.0
2026-02-05T07,NW,Northwest,TI,Total interchange,4837,megawatthours,2026-02-05 07:00:00,4837.0
2026-02-05T06,NW,Northwest,D,Demand,43110,megawatthours,2026-02-05 06:00:00,43110.0
2026-02-05T06,NW,Northwest,DF,Day-ahead demand forecast,40557,megawatthours,2026-02-05 06:00:00,40557.0
2026-02-05T06,NW,Northwest,NG,Net generation,43200,megawatthours,2026-02-05 06:00:00,43200.0
2026-02-05T06,NW,Northwest,TI,Total interchange,4020,megawatthours,2026-02-05 06:00:00,4020.0
2026-02-05T05,NW,Northwest,D,Demand,44709,megawatthours,2026-02-05 05:00:00,44709.0
2026-02-05T05,NW,Northwest,DF,Day-ahead demand forecast,42001,megawatthours,2026-02-05 05:00:00,42001.0
2026-02-05T05,NW,Northwest,NG,Net generation,48862,megawatthours,2026-02-05 05:00:00,48862.0
2026-02-05T05,NW,Northwest,TI,Total interchange,4078,megawatthours,2026-02-05 05:00:00,4078.0
2026-02-05T04,NW,Northwest,D,Demand,45395,megawatthours,2026-02-05 04:00:00,45395.0
2026-02-05T04,NW,Northwest,DF,Day-ahead demand forecast,42563,megawatthours,2026-02-05 04:00:00,42563.0
2026-02-05T04,NW,Northwest,NG,Net generation,49474,megawatthours,2026-02-05 04:00:00,49474.0
2026-02-05T04,NW,Northwest,TI,Total interchange,4006,megawatthours,2026-02-05 04:00:00,4006.0
2026-02-05T03,NW,Northwest,D,Demand,45681,megawatthours,2026-02-05 03:00:00,45681.0
2026-02-05T03,NW,Northwest,DF,Day-ahead demand forecast,42910,megawatthours,2026-02-05 03:00:00,42910.0
2026-02-05T03,NW,Northwest,NG,Net generation,49604,megawatthours,2026-02-05 03:00:00,49604.0
2026-02-05T03,NW,Northwest,TI,Total interchange,3848,megawatthours,2026-02-05 03:00:00,3848.0
2026-02-05T02,NW,Northwest,D,Demand,44953,megawatthours,2026-02-05 02:00:00,44953.0
2026-02-05T02,NW,Northwest,DF,Day-ahead demand forecast,42291,megawatthours,2026-02-05 02:00:00,42291.0
2026-02-05T02,NW,Northwest,NG,Net generation,48931,megawatthours,2026-02-05 02:00:00,48931.0
2026-02-05T02,NW,Northwest,TI,Total interchange,3913,megawatthours,2026-02-05 02:00:00,3913.0
2026-02-05T01,NW,Northwest,D,Demand,42872,megawatthours,2026-02-05 01:00:00,42872.0
2026-02-05T01,NW,Northwest,DF,Day-ahead demand forecast,40328,megawatthours,2026-02-05 01:00:00,40328.0
2026-02-05T01,NW,Northwest,NG,Net generation,45891,megawatthours,2026-02-05 01:00:00,45891.0
2026-02-05T01,NW,Northwest,TI,Total interchange,3011,megawatthours,2026-02-05 01:00:00,3011.0
2026-02-05T00,NW,Northwest,D,Demand,41336,megawatthours,2026-02-05 00:00:00,41336.0
2026-02-05T00,NW,Northwest,DF,Day-ahead demand forecast,38814,megawatthours,2026-02-05 00:00:00,38814.0
2026-02-05T00,NW,Northwest,NG,Net generation,41511,megawatthours,2026-02-05 00:00:00,41511.0
2026-02-05T00,NW,Northwest,TI,Total interchange,100,megawatthours,2026-02-05 00:00:00,100.0
2026-02-04T23,NW,Northwest,D,Demand,41715,megawatthours,2026-02-04 23:00:00,41715.0
2026-02-04T23,NW,Northwest,DF,Day-ahead demand forecast,38084,megawatthours,2026-02-04 23:00:00,38084.0
2026-02-04T23,NW,Northwest,NG,Net generation,41986,megawatthours,2026-02-04 23:00:00,41986.0
2026-02-04T23,NW,Northwest,TI,Total interchange,-85,megawatthours,2026-02-04 23:00:00,-85.0
2026-02-04T22,NW,Northwest,D,Demand,42180,megawatthours,2026-02-04 22:00:00,42180.0
2026-02-04T22,NW,Northwest,DF,Day-ahead demand forecast,38044,megawatthours,2026-02-04 22:00:00,38044.0
2026-02-04T22,NW,Northwest,NG,Net generation,42179,megawatthours,2026-02-04 22:00:00,42179.0
2026-02-04T22,NW,Northwest,TI,Total interchange,-67,megawatthours,2026-02-04 22:00:00,-67.0
2026-02-04T21,NW,Northwest,D,Demand,42152,megawatthours,2026-02-04 21:00:00,42152.0
2026-02-04T21,NW,Northwest,DF,Day-ahead demand forecast,38366,megawatthours,2026-02-04 21:00:00,38366.0
2026-02-04T21,NW,Northwest,NG,Net generation,42041,megawatthours,2026-02-04 21:00:00,42041.0
2026-02-04T21,NW,Northwest,TI,Total interchange,-166,megawatthours,2026-02-04 21:00:00,-166.0
2026-02-04T20,NW,Northwest,D,Demand,43051,megawatthours,2026-02-04 20:00:00,43051.0
2026-02-04T20,NW,Northwest,DF,Day-ahead demand forecast,39189,megawatthours,2026-02-04 20:00:00,39189.0
2026-02-04T20,NW,Northwest,NG,Net generation,43647,megawatthours,2026-02-04 20:00:00,43647.0
2026-02-04T20,NW,Northwest,TI,Total interchange,543,megawatthours,2026-02-04 20:00:00,543.0
2026-02-04T19,NW,Northwest,D,Demand,43910,megawatthours,2026-02-04 19:00:00,43910.0
2026-02-04T19,NW,Northwest,DF,Day-ahead demand forecast,40206,megawatthours,2026-02-04 19:00:00,40206.0
2026-02-04T19,NW,Northwest,NG,Net generation,44734,megawatthours,2026-02-04 19:00:00,44734.0
2026-02-04T19,NW,Northwest,TI,Total interchange,759,megawatthours,2026-02-04 19:00:00,759.0
2026-02-04T18,NW,Northwest,D,Demand,45535,megawatthours,2026-02-04 18:00:00,45535.0
2026-02-04T18,NW,Northwest,DF,Day-ahead demand forecast,41372,megawatthours,2026-02-04 18:00:00,41372.0
2026-02-04T18,NW,Northwest,NG,Net generation,47183,megawatthours,2026-02-04 18:00:00,47183.0
2026-02-04T18,NW,Northwest,TI,Total interchange,1520,megawatthours,2026-02-04 18:00:00,1520.0
2026-02-04T17,NW,Northwest,D,Demand,46163,megawatthours,2026-02-04 17:00:00,46163.0
2026-02-04T17,NW,Northwest,DF,Day-ahead demand forecast,42735,megawatthours,2026-02-04 17:00:00,42735.0
2026-02-04T17,NW,Northwest,NG,Net generation,47476,megawatthours,2026-02-04 17:00:00,47476.0
2026-02-04T17,NW,Northwest,TI,Total interchange,1192,megawatthours,2026-02-04 17:00:00,1192.0
2026-02-04T16,NW,Northwest,D,Demand,47552,megawatthours,2026-02-04 16:00:00,47552.0
2026-02-04T16,NW,Northwest,DF,Day-ahead demand forecast,43672,megawatthours,2026-02-04 16:00:00,43672.0
2026-02-04T16,NW,Northwest,NG,Net generation,50560,megawatthours,2026-02-04 16:00:00,50560.0
2026-02-04T16,NW,Northwest,TI,Total interchange,2958,megawatthours,2026-02-04 16:00:00,2958.0
2026-02-04T15,NW,Northwest,D,Demand,46594,megawatthours,2026-02-04 15:00:00,46594.0
2026-02-04T15,NW,Northwest,DF,Day-ahead demand forecast,43272,megawatthours,2026-02-04 15:00:00,43272.0
2026-02-04T15,NW,Northwest,NG,Net generation,50179,megawatthours,2026-02-04 15:00:00,50179.0
2026-02-04T15,NW,Northwest,TI,Total interchange,3556,megawatthours,2026-02-04 15:00:00,3556.0
2026-02-04T14,NW,Northwest,D,Demand,43561,megawatthours,2026-02-04 14:00:00,43561.0
2026-02-04T14,NW,Northwest,DF,Day-ahead demand forecast,40800,megawatthours,2026-02-04 14:00:00,40800.0
2026-02-04T14,NW,Northwest,NG,Net generation,48167,megawatthours,2026-02-04 14:00:00,48167.0
2026-02-04T14,NW,Northwest,TI,Total interchange,4609,megawatthours,2026-02-04 14:00:00,4609.0
2026-02-04T13,NW,Northwest,D,Demand,40597,megawatthours,2026-02-04 13:00:00,40597.0
2026-02-04T13,NW,Northwest,DF,Day-ahead demand forecast,37972,megawatthours,2026-02-04 13:00:00,37972.0
2026-02-04T13,NW,Northwest,NG,Net generation,45839,megawatthours,2026-02-04 13:00:00,45839.0
2026-02-04T13,NW,Northwest,TI,Total interchange,5244,megawatthours,2026-02-04 13:00:00,5244.0
2026-02-04T12,NW,Northwest,D,Demand,38978,megawatthours,2026-02-04 12:00:00,38978.0
2026-02-04T12,NW,Northwest,DF,Day-ahead demand forecast,36465,megawatthours,2026-02-04 12:00:00,36465.0
2026-02-04T12,NW,Northwest,NG,Net generation,43724,megawatthours,2026-02-04 12:00:00,43724.0
2026-02-04T12,NW,Northwest,TI,Total interchange,4746,megawatthours,2026-02-04 12:00:00,4746.0
2026-02-04T11,NW,Northwest,D,Demand,38569,megawatthours,2026-02-04 11:00:00,38569.0
2026-02-04T11,NW,Northwest,DF,Day-ahead demand forecast,35815,megawatthours,2026-02-04 11:00:00,35815.0
2026-02-04T11,NW,Northwest,NG,Net generation,42999,megawatthours,2026-02-04 11:00:00,42999.0
2026-02-04T11,NW,Northwest,TI,Total interchange,4436,megawatthours,2026-02-04 11:00:00,4436.0
2026-02-04T10,NW,Northwest,D,Demand,38570,megawatthours,2026-02-04 10:00:00,38570.0
2026-02-04T10,NW,Northwest,DF,Day-ahead demand forecast,35641,megawatthours,2026-02-04 10:00:00,35641.0
2026-02-04T10,NW,Northwest,NG,Net generation,42573,megawatthours,2026-02-04 10:00:00,42573.0
2026-02-04T10,NW,Northwest,TI,Total interchange,4005,megawatthours,2026-02-04 10:00:00,4005.0
2026-02-04T09,NW,Northwest,D,Demand,38820,megawatthours,2026-02-04 09:00:00,38820.0
2026-02-04T09,NW,Northwest,DF,Day-ahead demand forecast,36077,megawatthours,2026-02-04 09:00:00,36077.0
2026-02-04T09,NW,Northwest,NG,Net generation,42791,megawatthours,2026-02-04 09:00:00,42791.0
2026-02-04T09,NW,Northwest,TI,Total interchange,3972,megawatthours,2026-02-04 09:00:00,3972.0
2026-02-04T08,NW,Northwest,D,Demand,40169,megawatthours,2026-02-04 08:00:00,40169.0
2026-02-04T08,NW,Northwest,DF,Day-ahead demand forecast,36910,megawatthours,2026-02-04 08:00:00,36910.0
2026-02-04T08,NW,Northwest,NG,Net generation,43155,megawatthours,2026-02-04 08:00:00,43155.0
2026-02-04T08,NW,Northwest,TI,Total interchange,3622,megawatthours,2026-02-04 08:00:00,3622.0
2026-02-04T07,NW,Northwest,D,Demand,41490,megawatthours,2026-02-04 07:00:00,41490.0
2026-02-04T07,NW,Northwest,DF,Day-ahead demand forecast,38229,megawatthours,2026-02-04 07:00:00,38229.0
2026-02-04T07,NW,Northwest,NG,Net generation,44588,megawatthours,2026-02-04 07:00:00,44588.0
2026-02-04T07,NW,Northwest,TI,Total interchange,3837,megawatthours,2026-02-04 07:00:00,3837.0
2026-02-04T06,NW,Northwest,D,Demand,43531,megawatthours,2026-02-04 06:00:00,43531.0
2026-02-04T06,NW,Northwest,DF,Day-ahead demand forecast,39867,megawatthours,2026-02-04 06:00:00,39867.0
2026-02-04T06,NW,Northwest,NG,Net generation,45148,megawatthours,2026-02-04 06:00:00,45148.0
2026-02-04T06,NW,Northwest,TI,Total interchange,2651,megawatthours,2026-02-04 06:00:00,2651.0
2026-02-04T05,NW,Northwest,D,Demand,45066,megawatthours,2026-02-04 05:00:00,45066.0
2026-02-04T05,NW,Northwest,DF,Day-ahead demand forecast,41350,megawatthours,2026-02-04 05:00:00,41350.0
2026-02-04T05,NW,Northwest,NG,Net generation,47627,megawatthours,2026-02-04 05:00:00,47627.0
2026-02-04T05,NW,Northwest,TI,Total interchange,2487,megawatthours,2026-02-04 05:00:00,2487.0
2026-02-04T04,NW,Northwest,D,Demand,46222,megawatthours,2026-02-04 04:00:00,46222.0
2026-02-04T04,NW,Northwest,DF,Day-ahead demand forecast,42386,megawatthours,2026-02-04 04:00:00,42386.0
2026-02-04T04,NW,Northwest,NG,Net generation,48686,megawatthours,2026-02-04 04:00:00,48686.0
2026-02-04T04,NW,Northwest,TI,Total interchange,2389,megawatthours,2026-02-04 04:00:00,2389.0
2026-02-04T03,NW,Northwest,D,Demand,46842,megawatthours,2026-02-04 03:00:00,46842.0
2026-02-04T03,NW,Northwest,DF,Day-ahead demand forecast,42918,megawatthours,2026-02-04 03:00:00,42918.0
2026-02-04T03,NW,Northwest,NG,Net generation,49217,megawatthours,2026-02-04 03:00:00,49217.0
2026-02-04T03,NW,Northwest,TI,Total interchange,2303,megawatthours,2026-02-04 03:00:00,2303.0
2026-02-04T02,NW,Northwest,D,Demand,46712,megawatthours,2026-02-04 02:00:00,46712.0
2026-02-04T02,NW,Northwest,DF,Day-ahead demand forecast,42530,megawatthours,2026-02-04 02:00:00,42530.0
2026-02-04T02,NW,Northwest,NG,Net generation,49569,megawatthours,2026-02-04 02:00:00,49569.0
2026-02-04T02,NW,Northwest,TI,Total interchange,2811,megawatthours,2026-02-04 02:00:00,2811.0
2026-02-04T01,NW,Northwest,D,Demand,45233,megawatthours,2026-02-04 01:00:00,45233.0
2026-02-04T01,NW,Northwest,DF,Day-ahead demand forecast,41327,megawatthours,2026-02-04 01:00:00,41327.0
2026-02-04T01,NW,Northwest,NG,Net generation,47055,megawatthours,2026-02-04 01:00:00,47055.0
2026-02-04T01,NW,Northwest,TI,Total interchange,1818,megawatthours,2026-02-04 01:00:00,1818.0
2026-02-04T00,NW,Northwest,D,Demand,43427,megawatthours,2026-02-04 00:00:00,43427.0
2026-02-04T00,NW,Northwest,DF,Day-ahead demand forecast,39778,megawatthours,2026-02-04 00:00:00,39778.0
2026-02-04T00,NW,Northwest,NG,Net generation,43551,megawatthours,2026-02-04 00:00:00,43551.0
2026-02-04T00,NW,Northwest,TI,Total interchange,77,megawatthours,2026-02-04 00:00:00,77.0
2026-02-03T23,NW,Northwest,D,Demand,42943,megawatthours,2026-02-03 23:00:00,42943.0
2026-02-03T23,NW,Northwest,DF,Day-ahead demand forecast,38947,megawatthours,2026-02-03 23:00:00,38947.0
2026-02-03T23,NW,Northwest,NG,Net generation,43280,megawatthours,2026-02-03 23:00:00,43280.0
2026-02-03T23,NW,Northwest,TI,Total interchange,289,megawatthours,2026-02-03 23:00:00,289.0
2026-02-03T22,NW,Northwest,D,Demand,43485,megawatthours,2026-02-03 22:00:00,43485.0
2026-02-03T22,NW,Northwest,DF,Day-ahead demand forecast,38833,megawatthours,2026-02-03 22:00:00,38833.0
2026-02-03T22,NW,Northwest,NG,Net generation,43644,megawatthours,2026-02-03 22:00:00,43644.0
2026-02-03T22,NW,Northwest,TI,Total interchange,97,megawatthours,2026-02-03 22:00:00,97.0
2026-02-03T21,NW,Northwest,D,Demand,43781,megawatthours,2026-02-03 21:00:00,43781.0
2026-02-03T21,NW,Northwest,DF,Day-ahead demand forecast,39349,megawatthours,2026-02-03 21:00:00,39349.0
2026-02-03T21,NW,Northwest,NG,Net generation,43224,megawatthours,2026-02-03 21:00:00,43224.0
2026-02-03T21,NW,Northwest,TI,Total interchange,-718,megawatthours,2026-02-03 21:00:00,-718.0
2026-02-03T20,NW,Northwest,D,Demand,44617,megawatthours,2026-02-03 20:00:00,44617.0
2026-02-03T20,NW,Northwest,DF,Day-ahead demand forecast,39979,megawatthours,2026-02-03 20:00:00,39979.0
2026-02-03T20,NW,Northwest,NG,Net generation,43803,megawatthours,2026-02-03 20:00:00,43803.0
2026-02-03T20,NW,Northwest,TI,Total interchange,-882,megawatthours,2026-02-03 20:00:00,-882.0
2026-02-03T19,NW,Northwest,D,Demand,45613,megawatthours,2026-02-03 19:00:00,45613.0
2026-02-03T19,NW,Northwest,DF,Day-ahead demand forecast,40786,megawatthours,2026-02-03 19:00:00,40786.0
2026-02-03T19,NW,Northwest,NG,Net generation,44498,megawatthours,2026-02-03 19:00:00,44498.0
2026-02-03T19,NW,Northwest,TI,Total interchange,-1243,megawatthours,2026-02-03 19:00:00,-1243.0
2026-02-03T18,NW,Northwest,D,Demand,46213,megawatthours,2026-02-03 18:00:00,46213.0
2026-02-03T18,NW,Northwest,DF,Day-ahead demand forecast,41925,megawatthours,2026-02-03 18:00:00,41925.0
2026-02-03T18,NW,Northwest,NG,Net generation,46033,megawatthours,2026-02-03 18:00:00,46033.0
2026-02-03T18,NW,Northwest,TI,Total interchange,-309,megawatthours,2026-02-03 18:00:00,-309.0
2026-02-03T17,NW,Northwest,D,Demand,47026,megawatthours,2026-02-03 17:00:00,47026.0
2026-02-03T17,NW,Northwest,DF,Day-ahead demand forecast,43489,megawatthours,2026-02-03 17:00:00,43489.0
2026-02-03T17,NW,Northwest,NG,Net generation,47198,megawatthours,2026-02-03 17:00:00,47198.0
2026-02-03T17,NW,Northwest,TI,Total interchange,49,megawatthours,2026-02-03 17:00:00,49.0
2026-02-03T16,NW,Northwest,D,Demand,47621,megawatthours,2026-02-03 16:00:00,47621.0
2026-02-03T16,NW,Northwest,DF,Day-ahead demand forecast,44084,megawatthours,2026-02-03 16:00:00,44084.0
2026-02-03T16,NW,Northwest,NG,Net generation,49171,megawatthours,2026-02-03 16:00:00,49171.0
2026-02-03T16,NW,Northwest,TI,Total interchange,1504,megawatthours,2026-02-03 16:00:00,1504.0
2026-02-03T15,NW,Northwest,D,Demand,46273,megawatthours,2026-02-03 15:00:00,46273.0
2026-02-03T15,NW,Northwest,DF,Day-ahead demand forecast,43246,megawatthours,2026-02-03 15:00:00,43246.0
2026-02-03T15,NW,Northwest,NG,Net generation,48672,megawatthours,2026-02-03 15:00:00,48672.0
2026-02-03T15,NW,Northwest,TI,Total interchange,2340,megawatthours,2026-02-03 15:00:00,2340.0
2026-02-03T14,NW,Northwest,D,Demand,43690,megawatthours,2026-02-03 14:00:00,43690.0
2026-02-03T14,NW,Northwest,DF,Day-ahead demand forecast,40585,megawatthours,2026-02-03 14:00:00,40585.0
2026-02-03T14,NW,Northwest,NG,Net generation,47807,megawatthours,2026-02-03 14:00:00,47807.0
2026-02-03T14,NW,Northwest,TI,Total interchange,4124,megawatthours,2026-02-03 14:00:00,4124.0
2026-02-03T13,NW,Northwest,D,Demand,40407,megawatthours,2026-02-03 13:00:00,40407.0
2026-02-03T13,NW,Northwest,DF,Day-ahead demand forecast,37857,megawatthours,2026-02-03 13:00:00,37857.0
2026-02-03T13,NW,Northwest,NG,Net generation,44997,megawatthours,2026-02-03 13:00:00,44997.0
2026-02-03T13,NW,Northwest,TI,Total interchange,4592,megawatthours,2026-02-03 13:00:00,4592.0
2026-02-03T12,NW,Northwest,D,Demand,38662,megawatthours,2026-02-03 12:00:00,38662.0
2026-02-03T12,NW,Northwest,DF,Day-ahead demand forecast,36586,megawatthours,2026-02-03 12:00:00,36586.0
2026-02-03T12,NW,Northwest,NG,Net generation,43504,megawatthours,2026-02-03 12:00:00,43504.0
2026-02-03T12,NW,Northwest,TI,Total interchange,4845,megawatthours,2026-02-03 12:00:00,4845.0
2026-02-03T11,NW,Northwest,D,Demand,38102,megawatthours,2026-02-03 11:00:00,38102.0
2026-02-03T11,NW,Northwest,DF,Day-ahead demand forecast,35822,megawatthours,2026-02-03 11:00:00,35822.0
2026-02-03T11,NW,Northwest,NG,Net generation,43508,megawatthours,2026-02-03 11:00:00,43508.0
2026-02-03T11,NW,Northwest,TI,Total interchange,5411,megawatthours,2026-02-03 11:00:00,5411.0
2026-02-03T10,NW,Northwest,D,Demand,38095,megawatthours,2026-02-03 10:00:00,38095.0
2026-02-03T10,NW,Northwest,DF,Day-ahead demand forecast,35951,megawatthours,2026-02-03 10:00:00,35951.0
2026-02-03T10,NW,Northwest,NG,Net generation,42972,megawatthours,2026-02-03 10:00:00,42972.0
2026-02-03T10,NW,Northwest,TI,Total interchange,4879,megawatthours,2026-02-03 10:00:00,4879.0
2026-02-03T09,NW,Northwest,D,Demand,38602,megawatthours,2026-02-03 09:00:00,38602.0
2026-02-03T09,NW,Northwest,DF,Day-ahead demand forecast,36390,megawatthours,2026-02-03 09:00:00,36390.0
2026-02-03T09,NW,Northwest,NG,Net generation,43436,megawatthours,2026-02-03 09:00:00,43436.0
2026-02-03T09,NW,Northwest,TI,Total interchange,4835,megawatthours,2026-02-03 09:00:00,4835.0
2026-02-03T08,NW,Northwest,D,Demand,39542,megawatthours,2026-02-03 08:00:00,39542.0
2026-02-03T08,NW,Northwest,DF,Day-ahead demand forecast,37833,megawatthours,2026-02-03 08:00:00,37833.0
2026-02-03T08,NW,Northwest,NG,Net generation,43379,megawatthours,2026-02-03 08:00:00,43379.0
2026-02-03T08,NW,Northwest,TI,Total interchange,4400,megawatthours,2026-02-03 08:00:00,4400.0
2026-02-03T07,NW,Northwest,D,Demand,40906,megawatthours,2026-02-03 07:00:00,40906.0
2026-02-03T07,NW,Northwest,DF,Day-ahead demand forecast,39002,megawatthours,2026-02-03 07:00:00,39002.0
2026-02-03T07,NW,Northwest,NG,Net generation,44895,megawatthours,2026-02-03 07:00:00,44895.0
2026-02-03T07,NW,Northwest,TI,Total interchange,4743,megawatthours,2026-02-03 07:00:00,4743.0
2026-02-03T06,NW,Northwest,D,Demand,42934,megawatthours,2026-02-03 06:00:00,42934.0
2026-02-03T06,NW,Northwest,DF,Day-ahead demand forecast,40718,megawatthours,2026-02-03 06:00:00,40718.0
2026-02-03T06,NW,Northwest,NG,Net generation,45464,megawatthours,2026-02-03 06:00:00,45464.0
2026-02-03T06,NW,Northwest,TI,Total interchange,3517,megawatthours,2026-02-03 06:00:00,3517.0
2026-02-03T05,NW,Northwest,D,Demand,44770,megawatthours,2026-02-03 05:00:00,44770.0
2026-02-03T05,NW,Northwest,DF,Day-ahead demand forecast,42403,megawatthours,2026-02-03 05:00:00,42403.0
2026-02-03T05,NW,Northwest,NG,Net generation,48609,megawatthours,2026-02-03 05:00:00,48609.0
2026-02-03T05,NW,Northwest,TI,Total interchange,3763,megawatthours,2026-02-03 05:00:00,3763.0
2026-02-03T04,NW,Northwest,D,Demand,45985,megawatthours,2026-02-03 04:00:00,45985.0
2026-02-03T04,NW,Northwest,DF,Day-ahead demand forecast,43500,megawatthours,2026-02-03 04:00:00,43500.0
2026-02-03T04,NW,Northwest,NG,Net generation,50055,megawatthours,2026-02-03 04:00:00,50055.0
2026-02-03T04,NW,Northwest,TI,Total interchange,4002,megawatthours,2026-02-03 04:00:00,4002.0
2026-02-03T03,NW,Northwest,D,Demand,46657,megawatthours,2026-02-03 03:00:00,46657.0
2026-02-03T03,NW,Northwest,DF,Day-ahead demand forecast,44153,megawatthours,2026-02-03 03:00:00,44153.0
2026-02-03T03,NW,Northwest,NG,Net generation,50228,megawatthours,2026-02-03 03:00:00,50228.0
2026-02-03T03,NW,Northwest,TI,Total interchange,3506,megawatthours,2026-02-03 03:00:00,3506.0
2026-02-03T02,NW,Northwest,D,Demand,46973,megawatthours,2026-02-03 02:00:00,46973.0
2026-02-03T02,NW,Northwest,DF,Day-ahead demand forecast,44041,megawatthours,2026-02-03 02:00:00,44041.0
2026-02-03T02,NW,Northwest,NG,Net generation,50102,megawatthours,2026-02-03 02:00:00,50102.0
2026-02-03T02,NW,Northwest,TI,Total interchange,3114,megawatthours,2026-02-03 02:00:00,3114.0
2026-02-03T01,NW,Northwest,D,Demand,45309,megawatthours,2026-02-03 01:00:00,45309.0
2026-02-03T01,NW,Northwest,DF,Day-ahead demand forecast,42628,megawatthours,2026-02-03 01:00:00,42628.0
2026-02-03T01,NW,Northwest,NG,Net generation,47591,megawatthours,2026-02-03 01:00:00,47591.0
2026-02-03T01,NW,Northwest,TI,Total interchange,2279,megawatthours,2026-02-03 01:00:00,2279.0
2026-02-03T00,NW,Northwest,D,Demand,43602,megawatthours,2026-02-03 00:00:00,43602.0
2026-02-03T00,NW,Northwest,DF,Day-ahead demand forecast,41284,megawatthours,2026-02-03 00:00:00,41284.0
2026-02-03T00,NW,Northwest,NG,Net generation,44020,megawatthours,2026-02-03 00:00:00,44020.0
2026-02-03T00,NW,Northwest,TI,Total interchange,374,megawatthours,2026-02-03 00:00:00,374.0
2026-02-02T23,NW,Northwest,D,Demand,44157,megawatthours,2026-02-02 23:00:00,44157.0
2026-02-02T23,NW,Northwest,DF,Day-ahead demand forecast,40710,megawatthours,2026-02-02 23:00:00,40710.0
2026-02-02T23,NW,Northwest,NG,Net generation,44618,megawatthours,2026-02-02 23:00:00,44618.0
2026-02-02T23,NW,Northwest,TI,Total interchange,410,megawatthours,2026-02-02 23:00:00,410.0
2026-02-02T22,NW,Northwest,D,Demand,45048,megawatthours,2026-02-02 22:00:00,45048.0
2026-02-02T22,NW,Northwest,DF,Day-ahead demand forecast,40716,megawatthours,2026-02-02 22:00:00,40716.0
2026-02-02T22,NW,Northwest,NG,Net generation,46340,megawatthours,2026-02-02 22:00:00,46340.0
2026-02-02T22,NW,Northwest,TI,Total interchange,1247,megawatthours,2026-02-02 22:00:00,1247.0
2026-02-02T21,NW,Northwest,D,Demand,45636,megawatthours,2026-02-02 21:00:00,45636.0
2026-02-02T21,NW,Northwest,DF,Day-ahead demand forecast,40965,megawatthours,2026-02-02 21:00:00,40965.0
2026-02-02T21,NW,Northwest,NG,Net generation,46493,megawatthours,2026-02-02 21:00:00,46493.0
2026-02-02T21,NW,Northwest,TI,Total interchange,807,megawatthours,2026-02-02 21:00:00,807.0
2026-02-02T20,NW,Northwest,D,Demand,46181,megawatthours,2026-02-02 20:00:00,46181.0
2026-02-02T20,NW,Northwest,DF,Day-ahead demand forecast,41734,megawatthours,2026-02-02 20:00:00,41734.0
2026-02-02T20,NW,Northwest,NG,Net generation,46880,megawatthours,2026-02-02 20:00:00,46880.0
2026-02-02T20,NW,Northwest,TI,Total interchange,649,megawatthours,2026-02-02 20:00:00,649.0
2026-02-02T19,NW,Northwest,D,Demand,46734,megawatthours,2026-02-02 19:00:00,46734.0
2026-02-02T19,NW,Northwest,DF,Day-ahead demand forecast,42273,megawatthours,2026-02-02 19:00:00,42273.0
2026-02-02T19,NW,Northwest,NG,Net generation,47504,megawatthours,2026-02-02 19:00:00,47504.0
2026-02-02T19,NW,Northwest,TI,Total interchange,647,megawatthours,2026-02-02 19:00:00,647.0
2026-02-02T18,NW,Northwest,D,Demand,47085,megawatthours,2026-02-02 18:00:00,47085.0
2026-02-02T18,NW,Northwest,DF,Day-ahead demand forecast,43083,megawatthours,2026-02-02 18:00:00,43083.0
2026-02-02T18,NW,Northwest,NG,Net generation,48059,megawatthours,2026-02-02 18:00:00,48059.0
2026-02-02T18,NW,Northwest,TI,Total interchange,855,megawatthours,2026-02-02 18:00:00,855.0
2026-02-02T17,NW,Northwest,D,Demand,47041,megawatthours,2026-02-02 17:00:00,47041.0
2026-02-02T17,NW,Northwest,DF,Day-ahead demand forecast,43832,megawatthours,2026-02-02 17:00:00,43832.0
2026-02-02T17,NW,Northwest,NG,Net generation,48925,megawatthours,2026-02-02 17:00:00,48925.0
2026-02-02T17,NW,Northwest,TI,Total interchange,1786,megawatthours,2026-02-02 17:00:00,1786.0
2026-02-02T16,NW,Northwest,D,Demand,47614,megawatthours,2026-02-02 16:00:00,47614.0
2026-02-02T16,NW,Northwest,DF,Day-ahead demand forecast,44102,megawatthours,2026-02-02 16:00:00,44102.0
2026-02-02T16,NW,Northwest,NG,Net generation,50023,megawatthours,2026-02-02 16:00:00,50023.0
2026-02-02T16,NW,Northwest,TI,Total interchange,2367,megawatthours,2026-02-02 16:00:00,2367.0
2026-02-02T15,NW,Northwest,D,Demand,46264,megawatthours,2026-02-02 15:00:00,46264.0
2026-02-02T15,NW,Northwest,DF,Day-ahead demand forecast,43228,megawatthours,2026-02-02 15:00:00,43228.0
2026-02-02T15,NW,Northwest,NG,Net generation,48734,megawatthours,2026-02-02 15:00:00,48734.0
2026-02-02T15,NW,Northwest,TI,Total interchange,2414,megawatthours,2026-02-02 15:00:00,2414.0
2026-02-02T14,NW,Northwest,D,Demand,43195,megawatthours,2026-02-02 14:00:00,43195.0
2026-02-02T14,NW,Northwest,DF,Day-ahead demand forecast,40862,megawatthours,2026-02-02 14:00:00,40862.0
2026-02-02T14,NW,Northwest,NG,Net generation,47490,megawatthours,2026-02-02 14:00:00,47490.0
2026-02-02T14,NW,Northwest,TI,Total interchange,4302,megawatthours,2026-02-02 14:00:00,4302.0
2026-02-02T13,NW,Northwest,D,Demand,40164,megawatthours,2026-02-02 13:00:00,40164.0
2026-02-02T13,NW,Northwest,DF,Day-ahead demand forecast,38279,megawatthours,2026-02-02 13:00:00,38279.0
2026-02-02T13,NW,Northwest,NG,Net generation,45583,megawatthours,2026-02-02 13:00:00,45583.0
2026-02-02T13,NW,Northwest,TI,Total interchange,5424,megawatthours,2026-02-02 13:00:00,5424.0
2026-02-02T12,NW,Northwest,D,Demand,38554,megawatthours,2026-02-02 12:00:00,38554.0
2026-02-02T12,NW,Northwest,DF,Day-ahead demand forecast,36741,megawatthours,2026-02-02 12:00:00,36741.0
2026-02-02T12,NW,Northwest,NG,Net generation,43986,megawatthours,2026-02-02 12:00:00,43986.0
2026-02-02T12,NW,Northwest,TI,Total interchange,5440,megawatthours,2026-02-02 12:00:00,5440.0
2026-02-02T11,NW,Northwest,D,Demand,37983,megawatthours,2026-02-02 11:00:00,37983.0
2026-02-02T11,NW,Northwest,DF,Day-ahead demand forecast,36064,megawatthours,2026-02-02 11:00:00,36064.0
2026-02-02T11,NW,Northwest,NG,Net generation,43656,megawatthours,2026-02-02 11:00:00,43656.0
2026-02-02T11,NW,Northwest,TI,Total interchange,5682,megawatthours,2026-02-02 11:00:00,5682.0
2026-02-02T10,NW,Northwest,D,Demand,37973,megawatthours,2026-02-02 10:00:00,37973.0
2026-02-02T10,NW,Northwest,DF,Day-ahead demand forecast,35967,megawatthours,2026-02-02 10:00:00,35967.0
2026-02-02T10,NW,Northwest,NG,Net generation,43719,megawatthours,2026-02-02 10:00:00,43719.0
2026-02-02T10,NW,Northwest,TI,Total interchange,5751,megawatthours,2026-02-02 10:00:00,5751.0
2026-02-02T09,NW,Northwest,D,Demand,38353,megawatthours,2026-02-02 09:00:00,38353.0
2026-02-02T09,NW,Northwest,DF,Day-ahead demand forecast,36154,megawatthours,2026-02-02 09:00:00,36154.0
2026-02-02T09,NW,Northwest,NG,Net generation,44213,megawatthours,2026-02-02 09:00:00,44213.0
2026-02-02T09,NW,Northwest,TI,Total interchange,5865,megawatthours,2026-02-02 09:00:00,5865.0
2026-02-02T08,NW,Northwest,D,Demand,39030,megawatthours,2026-02-02 08:00:00,39030.0
2026-02-02T08,NW,Northwest,DF,Day-ahead demand forecast,37034,megawatthours,2026-02-02 08:00:00,37034.0
2026-02-02T08,NW,Northwest,NG,Net generation,44841,megawatthours,2026-02-02 08:00:00,44841.0
2026-02-02T08,NW,Northwest,TI,Total interchange,6442,megawatthours,2026-02-02 08:00:00,6442.0
2026-02-02T07,NW,Northwest,D,Demand,40588,megawatthours,2026-02-02 07:00:00,40588.0
2026-02-02T07,NW,Northwest,DF,Day-ahead demand forecast,38259,megawatthours,2026-02-02 07:00:00,38259.0
2026-02-02T07,NW,Northwest,NG,Net generation,46076,megawatthours,2026-02-02 07:00:00,46076.0
2026-02-02T07,NW,Northwest,TI,Total interchange,6239,megawatthours,2026-02-02 07:00:00,6239.0
2026-02-02T06,NW,Northwest,D,Demand,42314,megawatthours,2026-02-02 06:00:00,42314.0
2026-02-02T06,NW,Northwest,DF,Day-ahead demand forecast,39603,megawatthours,2026-02-02 06:00:00,39603.0
2026-02-02T06,NW,Northwest,NG,Net generation,47642,megawatthours,2026-02-02 06:00:00,47642.0
2026-02-02T06,NW,Northwest,TI,Total interchange,6107,megawatthours,2026-02-02 06:00:00,6107.0
2026-02-02T05,NW,Northwest,D,Demand,44006,megawatthours,2026-02-02 05:00:00,44006.0
2026-02-02T05,NW,Northwest,DF,Day-ahead demand forecast,41211,megawatthours,2026-02-02 05:00:00,41211.0
2026-02-02T05,NW,Northwest,NG,Net generation,49860,megawatthours,2026-02-02 05:00:00,49860.0
2026-02-02T05,NW,Northwest,TI,Total interchange,5779,megawatthours,2026-02-02 05:00:00,5779.0
2026-02-02T04,NW,Northwest,D,Demand,44734,megawatthours,2026-02-02 04:00:00,44734.0
2026-02-02T04,NW,Northwest,DF,Day-ahead demand forecast,41721,megawatthours,2026-02-02 04:00:00,41721.0
2026-02-02T04,NW,Northwest,NG,Net generation,50655,megawatthours,2026-02-02 04:00:00,50655.0
2026-02-02T04,NW,Northwest,TI,Total interchange,5852,megawatthours,2026-02-02 04:00:00,5852.0
2026-02-02T03,NW,Northwest,D,Demand,44903,megawatthours,2026-02-02 03:00:00,44903.0
2026-02-02T03,NW,Northwest,DF,Day-ahead demand forecast,42221,megawatthours,2026-02-02 03:00:00,42221.0
2026-02-02T03,NW,Northwest,NG,Net generation,50280,megawatthours,2026-02-02 03:00:00,50280.0
2026-02-02T03,NW,Northwest,TI,Total interchange,5310,megawatthours,2026-02-02 03:00:00,5310.0
2026-02-02T02,NW,Northwest,D,Demand,44681,megawatthours,2026-02-02 02:00:00,44681.0
2026-02-02T02,NW,Northwest,DF,Day-ahead demand forecast,42018,megawatthours,2026-02-02 02:00:00,42018.0
2026-02-02T02,NW,Northwest,NG,Net generation,49458,megawatthours,2026-02-02 02:00:00,49458.0
2026-02-02T02,NW,Northwest,TI,Total interchange,4784,megawatthours,2026-02-02 02:00:00,4784.0
2026-02-02T01,NW,Northwest,D,Demand,42875,megawatthours,2026-02-02 01:00:00,42875.0
2026-02-02T01,NW,Northwest,DF,Day-ahead demand forecast,40659,megawatthours,2026-02-02 01:00:00,40659.0
2026-02-02T01,NW,Northwest,NG,Net generation,47603,megawatthours,2026-02-02 01:00:00,47603.0
2026-02-02T01,NW,Northwest,TI,Total interchange,4729,megawatthours,2026-02-02 01:00:00,4729.0
2026-02-02T00,NW,Northwest,D,Demand,41350,megawatthours,2026-02-02 00:00:00,41350.0
2026-02-02T00,NW,Northwest,DF,Day-ahead demand forecast,38511,megawatthours,2026-02-02 00:00:00,38511.0
2026-02-02T00,NW,Northwest,NG,Net generation,43411,megawatthours,2026-02-02 00:00:00,43411.0
2026-02-02T00,NW,Northwest,TI,Total interchange,2005,megawatthours,2026-02-02 00:00:00,2005.0
2026-02-01T23,NW,Northwest,D,Demand,40930,megawatthours,2026-02-01 23:00:00,40930.0
2026-02-01T23,NW,Northwest,DF,Day-ahead demand forecast,37853,megawatthours,2026-02-01 23:00:00,37853.0
2026-02-01T23,NW,Northwest,NG,Net generation,42794,megawatthours,2026-02-01 23:00:00,42794.0
2026-02-01T23,NW,Northwest,TI,Total interchange,1731,megawatthours,2026-02-01 23:00:00,1731.0
2026-02-01T22,NW,Northwest,D,Demand,41169,megawatthours,2026-02-01 22:00:00,41169.0
2026-02-01T22,NW,Northwest,DF,Day-ahead demand forecast,37737,megawatthours,2026-02-01 22:00:00,37737.0
2026-02-01T22,NW,Northwest,NG,Net generation,42293,megawatthours,2026-02-01 22:00:00,42293.0
2026-02-01T22,NW,Northwest,TI,Total interchange,982,megawatthours,2026-02-01 22:00:00,982.0
2026-02-01T21,NW,Northwest,D,Demand,41616,megawatthours,2026-02-01 21:00:00,41616.0
2026-02-01T21,NW,Northwest,DF,Day-ahead demand forecast,37867,megawatthours,2026-02-01 21:00:00,37867.0
2026-02-01T21,NW,Northwest,NG,Net generation,42989,megawatthours,2026-02-01 21:00:00,42989.0
2026-02-01T21,NW,Northwest,TI,Total interchange,1234,megawatthours,2026-02-01 21:00:00,1234.0
2026-02-01T20,NW,Northwest,D,Demand,42179,megawatthours,2026-02-01 20:00:00,42179.0
2026-02-01T20,NW,Northwest,DF,Day-ahead demand forecast,38381,megawatthours,2026-02-01 20:00:00,38381.0
2026-02-01T20,NW,Northwest,NG,Net generation,43773,megawatthours,2026-02-01 20:00:00,43773.0
2026-02-01T20,NW,Northwest,TI,Total interchange,1501,megawatthours,2026-02-01 20:00:00,1501.0
2026-02-01T19,NW,Northwest,D,Demand,42973,megawatthours,2026-02-01 19:00:00,42973.0
2026-02-01T19,NW,Northwest,DF,Day-ahead demand forecast,38895,megawatthours,2026-02-01 19:00:00,38895.0
2026-02-01T19,NW,Northwest,NG,Net generation,44071,megawatthours,2026-02-01 19:00:00,44071.0
2026-02-01T19,NW,Northwest,TI,Total interchange,1043,megawatthours,2026-02-01 19:00:00,1043.0
2026-02-01T18,NW,Northwest,D,Demand,43088,megawatthours,2026-02-01 18:00:00,43088.0
2026-02-01T18,NW,Northwest,DF,Day-ahead demand forecast,39586,megawatthours,2026-02-01 18:00:00,39586.0
2026-02-01T18,NW,Northwest,NG,Net generation,44634,megawatthours,2026-02-01 18:00:00,44634.0
2026-02-01T18,NW,Northwest,TI,Total interchange,1473,megawatthours,2026-02-01 18:00:00,1473.0
2026-02-01T17,NW,Northwest,D,Demand,43247,megawatthours,2026-02-01 17:00:00,43247.0
2026-02-01T17,NW,Northwest,DF,Day-ahead demand forecast,39809,megawatthours,2026-02-01 17:00:00,39809.0
2026-02-01T17,NW,Northwest,NG,Net generation,45379,megawatthours,2026-02-01 17:00:00,45379.0
2026-02-01T17,NW,Northwest,TI,Total interchange,2038,megawatthours,2026-02-01 17:00:00,2038.0
2026-02-01T16,NW,Northwest,D,Demand,42578,megawatthours,2026-02-01 16:00:00,42578.0
2026-02-01T16,NW,Northwest,DF,Day-ahead demand forecast,39467,megawatthours,2026-02-01 16:00:00,39467.0
2026-02-01T16,NW,Northwest,NG,Net generation,47031,megawatthours,2026-02-01 16:00:00,47031.0
2026-02-01T16,NW,Northwest,TI,Total interchange,4372,megawatthours,2026-02-01 16:00:00,4372.0
2026-02-01T15,NW,Northwest,D,Demand,41065,megawatthours,2026-02-01 15:00:00,41065.0
2026-02-01T15,NW,Northwest,DF,Day-ahead demand forecast,38767,megawatthours,2026-02-01 15:00:00,38767.0
2026-02-01T15,NW,Northwest,NG,Net generation,46169,megawatthours,2026-02-01 15:00:00,46169.0
2026-02-01T15,NW,Northwest,TI,Total interchange,5046,megawatthours,2026-02-01 15:00:00,5046.0
2026-02-01T14,NW,Northwest,D,Demand,39506,megawatthours,2026-02-01 14:00:00,39506.0
2026-02-01T14,NW,Northwest,DF,Day-ahead demand forecast,37565,megawatthours,2026-02-01 14:00:00,37565.0
2026-02-01T14,NW,Northwest,NG,Net generation,46200,megawatthours,2026-02-01 14:00:00,46200.0
2026-02-01T14,NW,Northwest,TI,Total interchange,6700,megawatthours,2026-02-01 14:00:00,6700.0
2026-02-01T13,NW,Northwest,D,Demand,38263,megawatthours,2026-02-01 13:00:00,38263.0
2026-02-01T13,NW,Northwest,DF,Day-ahead demand forecast,36481,megawatthours,2026-02-01 13:00:00,36481.0
2026-02-01T13,NW,Northwest,NG,Net generation,44973,megawatthours,2026-02-01 13:00:00,44973.0
2026-02-01T13,NW,Northwest,TI,Total interchange,6717,megawatthours,2026-02-01 13:00:00,6717.0
2026-02-01T12,NW,Northwest,D,Demand,37723,megawatthours,2026-02-01 12:00:00,37723.0
2026-02-01T12,NW,Northwest,DF,Day-ahead demand forecast,35863,megawatthours,2026-02-01 12:00:00,35863.0
2026-02-01T12,NW,Northwest,NG,Net generation,44481,megawatthours,2026-02-01 12:00:00,44481.0
2026-02-01T12,NW,Northwest,TI,Total interchange,6763,megawatthours,2026-02-01 12:00:00,6763.0
2026-02-01T11,NW,Northwest,D,Demand,37495,megawatthours,2026-02-01 11:00:00,37495.0
2026-02-01T11,NW,Northwest,DF,Day-ahead demand forecast,35897,megawatthours,2026-02-01 11:00:00,35897.0
2026-02-01T11,NW,Northwest,NG,Net generation,43716,megawatthours,2026-02-01 11:00:00,43716.0
2026-02-01T11,NW,Northwest,TI,Total interchange,6229,megawatthours,2026-02-01 11:00:00,6229.0
2026-02-01T10,NW,Northwest,D,Demand,37557,megawatthours,2026-02-01 10:00:00,37557.0
2026-02-01T10,NW,Northwest,DF,Day-ahead demand forecast,36030,megawatthours,2026-02-01 10:00:00,36030.0
2026-02-01T10,NW,Northwest,NG,Net generation,43469,megawatthours,2026-02-01 10:00:00,43469.0
2026-02-01T10,NW,Northwest,TI,Total interchange,5920,megawatthours,2026-02-01 10:00:00,5920.0
2026-02-01T09,NW,Northwest,D,Demand,37856,megawatthours,2026-02-01 09:00:00,37856.0
2026-02-01T09,NW,Northwest,DF,Day-ahead demand forecast,36407,megawatthours,2026-02-01 09:00:00,36407.0
2026-02-01T09,NW,Northwest,NG,Net generation,44012,megawatthours,2026-02-01 09:00:00,44012.0
2026-02-01T09,NW,Northwest,TI,Total interchange,6162,megawatthours,2026-02-01 09:00:00,6162.0
2026-02-01T08,NW,Northwest,D,Demand,38704,megawatthours,2026-02-01 08:00:00,38704.0
2026-02-01T08,NW,Northwest,DF,Day-ahead demand forecast,36972,megawatthours,2026-02-01 08:00:00,36972.0
2026-02-01T08,NW,Northwest,NG,Net generation,44037,megawatthours,2026-02-01 08:00:00,44037.0
2026-02-01T08,NW,Northwest,TI,Total interchange,5948,megawatthours,2026-02-01 08:00:00,5948.0
2026-02-01T07,NW,Northwest,D,Demand,40053,megawatthours,2026-02-01 07:00:00,40053.0
2026-02-01T07,NW,Northwest,DF,Day-ahead demand forecast,37946,megawatthours,2026-02-01 07:00:00,37946.0
2026-02-01T07,NW,Northwest,NG,Net generation,45156,megawatthours,2026-02-01 07:00:00,45156.0
2026-02-01T07,NW,Northwest,TI,Total interchange,5931,megawatthours,2026-02-01 07:00:00,5931.0
2026-02-01T06,NW,Northwest,D,Demand,41346,megawatthours,2026-02-01 06:00:00,41346.0
2026-02-01T06,NW,Northwest,DF,Day-ahead demand forecast,38985,megawatthours,2026-02-01 06:00:00,38985.0
2026-02-01T06,NW,Northwest,NG,Net generation,45912,megawatthours,2026-02-01 06:00:00,45912.0
2026-02-01T06,NW,Northwest,TI,Total interchange,5606,megawatthours,2026-02-01 06:00:00,5606.0
2026-02-01T05,NW,Northwest,D,Demand,42362,megawatthours,2026-02-01 05:00:00,42362.0
2026-02-01T05,NW,Northwest,DF,Day-ahead demand forecast,40002,megawatthours,2026-02-01 05:00:00,40002.0
2026-02-01T05,NW,Northwest,NG,Net generation,47455,megawatthours,2026-02-01 05:00:00,47455.0
2026-02-01T05,NW,Northwest,TI,Total interchange,5100,megawatthours,2026-02-01 05:00:00,5100.0
2026-02-01T04,NW,Northwest,D,Demand,43028,megawatthours,2026-02-01 04:00:00,43028.0
2026-02-01T04,NW,Northwest,DF,Day-ahead demand forecast,40993,megawatthours,2026-02-01 04:00:00,40993.0
2026-02-01T04,NW,Northwest,NG,Net generation,48482,megawatthours,2026-02-01 04:00:00,48482.0
2026-02-01T04,NW,Northwest,TI,Total interchange,5462,megawatthours,2026-02-01 04:00:00,5462.0
2026-02-01T03,NW,Northwest,D,Demand,43551,megawatthours,2026-02-01 03:00:00,43551.0
2026-02-01T03,NW,Northwest,DF,Day-ahead demand forecast,41468,megawatthours,2026-02-01 03:00:00,41468.0
2026-02-01T03,NW,Northwest,NG,Net generation,48209,megawatthours,2026-02-01 03:00:00,48209.0
2026-02-01T03,NW,Northwest,TI,Total interchange,4670,megawatthours,2026-02-01 03:00:00,4670.0
2026-02-01T02,NW,Northwest,D,Demand,43654,megawatthours,2026-02-01 02:00:00,43654.0
2026-02-01T02,NW,Northwest,DF,Day-ahead demand forecast,41540,megawatthours,2026-02-01 02:00:00,41540.0
2026-02-01T02,NW,Northwest,NG,Net generation,48556,megawatthours,2026-02-01 02:00:00,48556.0
2026-02-01T02,NW,Northwest,TI,Total interchange,4910,megawatthours,2026-02-01 02:00:00,4910.0
2026-02-01T01,NW,Northwest,D,Demand,42169,megawatthours,2026-02-01 01:00:00,42169.0
2026-02-01T01,NW,Northwest,DF,Day-ahead demand forecast,40441,megawatthours,2026-02-01 01:00:00,40441.0
2026-02-01T01,NW,Northwest,NG,Net generation,45901,megawatthours,2026-02-01 01:00:00,45901.0
2026-02-01T01,NW,Northwest,TI,Total interchange,3730,megawatthours,2026-02-01 01:00:00,3730.0
2026-02-01T00,NW,Northwest,D,Demand,41203,megawatthours,2026-02-01 00:00:00,41203.0
2026-02-01T00,NW,Northwest,DF,Day-ahead demand forecast,38760,megawatthours,2026-02-01 00:00:00,38760.0
2026-02-01T00,NW,Northwest,NG,Net generation,42499,megawatthours,2026-02-01 00:00:00,42499.0
2026-02-01T00,NW,Northwest,TI,Total interchange,1241,megawatthours,2026-02-01 00:00:00,1241.0
2026-01-31T23,NW,Northwest,D,Demand,41198,megawatthours,2026-01-31 23:00:00,41198.0
2026-01-31T23,NW,Northwest,DF,Day-ahead demand forecast,37800,megawatthours,2026-01-31 23:00:00,37800.0
2026-01-31T23,NW,Northwest,NG,Net generation,41699,megawatthours,2026-01-31 23:00:00,41699.0
2026-01-31T23,NW,Northwest,TI,Total interchange,375,megawatthours,2026-01-31 23:00:00,375.0
2026-01-31T22,NW,Northwest,D,Demand,41488,megawatthours,2026-01-31 22:00:00,41488.0
2026-01-31T22,NW,Northwest,DF,Day-ahead demand forecast,37559,megawatthours,2026-01-31 22:00:00,37559.0
2026-01-31T22,NW,Northwest,NG,Net generation,41539,megawatthours,2026-01-31 22:00:00,41539.0
2026-01-31T22,NW,Northwest,TI,Total interchange,-89,megawatthours,2026-01-31 22:00:00,-89.0
2026-01-31T21,NW,Northwest,D,Demand,41894,megawatthours,2026-01-31 21:00:00,41894.0
2026-01-31T21,NW,Northwest,DF,Day-ahead demand forecast,37846,megawatthours,2026-01-31 21:00:00,37846.0
2026-01-31T21,NW,Northwest,NG,Net generation,41966,megawatthours,2026-01-31 21:00:00,41966.0
2026-01-31T21,NW,Northwest,TI,Total interchange,-76,megawatthours,2026-01-31 21:00:00,-76.0
2026-01-31T20,NW,Northwest,D,Demand,42704,megawatthours,2026-01-31 20:00:00,42704.0
2026-01-31T20,NW,Northwest,DF,Day-ahead demand forecast,38482,megawatthours,2026-01-31 20:00:00,38482.0
2026-01-31T20,NW,Northwest,NG,Net generation,43274,megawatthours,2026-01-31 20:00:00,43274.0
2026-01-31T20,NW,Northwest,TI,Total interchange,423,megawatthours,2026-01-31 20:00:00,423.0
2026-01-31T19,NW,Northwest,D,Demand,43217,megawatthours,2026-01-31 19:00:00,43217.0
2026-01-31T19,NW,Northwest,DF,Day-ahead demand forecast,39134,megawatthours,2026-01-31 19:00:00,39134.0
2026-01-31T19,NW,Northwest,NG,Net generation,43801,megawatthours,2026-01-31 19:00:00,43801.0
2026-01-31T19,NW,Northwest,TI,Total interchange,434,megawatthours,2026-01-31 19:00:00,434.0
2026-01-31T18,NW,Northwest,D,Demand,43500,megawatthours,2026-01-31 18:00:00,43500.0
2026-01-31T18,NW,Northwest,DF,Day-ahead demand forecast,39934,megawatthours,2026-01-31 18:00:00,39934.0
2026-01-31T18,NW,Northwest,NG,Net generation,44704,megawatthours,2026-01-31 18:00:00,44704.0
2026-01-31T18,NW,Northwest,TI,Total interchange,1099,megawatthours,2026-01-31 18:00:00,1099.0
2026-01-31T17,NW,Northwest,D,Demand,43414,megawatthours,2026-01-31 17:00:00,43414.0
2026-01-31T17,NW,Northwest,DF,Day-ahead demand forecast,40168,megawatthours,2026-01-31 17:00:00,40168.0
2026-01-31T17,NW,Northwest,NG,Net generation,45582,megawatthours,2026-01-31 17:00:00,45582.0
2026-01-31T17,NW,Northwest,TI,Total interchange,2099,megawatthours,2026-01-31 17:00:00,2099.0
2026-01-31T16,NW,Northwest,D,Demand,43123,megawatthours,2026-01-31 16:00:00,43123.0
2026-01-31T16,NW,Northwest,DF,Day-ahead demand forecast,40046,megawatthours,2026-01-31 16:00:00,40046.0
2026-01-31T16,NW,Northwest,NG,Net generation,47871,megawatthours,2026-01-31 16:00:00,47871.0
2026-01-31T16,NW,Northwest,TI,Total interchange,4712,megawatthours,2026-01-31 16:00:00,4712.0
2026-01-31T15,NW,Northwest,D,Demand,41761,megawatthours,2026-01-31 15:00:00,41761.0
2026-01-31T15,NW,Northwest,DF,Day-ahead demand forecast,38867,megawatthours,2026-01-31 15:00:00,38867.0
2026-01-31T15,NW,Northwest,NG,Net generation,47444,megawatthours,2026-01-31 15:00:00,47444.0
2026-01-31T15,NW,Northwest,TI,Total interchange,5689,megawatthours,2026-01-31 15:00:00,5689.0
2026-01-31T14,NW,Northwest,D,Demand,40372,megawatthours,2026-01-31 14:00:00,40372.0
2026-01-31T14,NW,Northwest,DF,Day-ahead demand forecast,37910,megawatthours,2026-01-31 14:00:00,37910.0
2026-01-31T14,NW,Northwest,NG,Net generation,47131,megawatthours,2026-01-31 14:00:00,47131.0
2026-01-31T14,NW,Northwest,TI,Total interchange,6765,megawatthours,2026-01-31 14:00:00,6765.0
2026-01-31T13,NW,Northwest,D,Demand,39124,megawatthours,2026-01-31 13:00:00,39124.0
2026-01-31T13,NW,Northwest,DF,Day-ahead demand forecast,37009,megawatthours,2026-01-31 13:00:00,37009.0
2026-01-31T13,NW,Northwest,NG,Net generation,45375,megawatthours,2026-01-31 13:00:00,45375.0
2026-01-31T13,NW,Northwest,TI,Total interchange,6256,megawatthours,2026-01-31 13:00:00,6256.0
2026-01-31T12,NW,Northwest,D,Demand,38662,megawatthours,2026-01-31 12:00:00,38662.0
2026-01-31T12,NW,Northwest,DF,Day-ahead demand forecast,36101,megawatthours,2026-01-31 12:00:00,36101.0
2026-01-31T12,NW,Northwest,NG,Net generation,45176,megawatthours,2026-01-31 12:00:00,45176.0
2026-01-31T12,NW,Northwest,TI,Total interchange,6520,megawatthours,2026-01-31 12:00:00,6520.0
2026-01-31T11,NW,Northwest,D,Demand,38630,megawatthours,2026-01-31 11:00:00,38630.0
2026-01-31T11,NW,Northwest,DF,Day-ahead demand forecast,36251,megawatthours,2026-01-31 11:00:00,36251.0
2026-01-31T11,NW,Northwest,NG,Net generation,45310,megawatthours,2026-01-31 11:00:00,45310.0
2026-01-31T11,NW,Northwest,TI,Total interchange,6688,megawatthours,2026-01-31 11:00:00,6688.0
2026-01-31T10,NW,Northwest,D,Demand,38992,megawatthours,2026-01-31 10:00:00,38992.0
2026-01-31T10,NW,Northwest,DF,Day-ahead demand forecast,35904,megawatthours,2026-01-31 10:00:00,35904.0
2026-01-31T10,NW,Northwest,NG,Net generation,45528,megawatthours,2026-01-31 10:00:00,45528.0
2026-01-31T10,NW,Northwest,TI,Total interchange,6543,megawatthours,2026-01-31 10:00:00,6543.0
2026-01-31T09,NW,Northwest,D,Demand,39247,megawatthours,2026-01-31 09:00:00,39247.0
2026-01-31T09,NW,Northwest,DF,Day-ahead demand forecast,36620,megawatthours,2026-01-31 09:00:00,36620.0
2026-01-31T09,NW,Northwest,NG,Net generation,46191,megawatthours,2026-01-31 09:00:00,46191.0
2026-01-31T09,NW,Northwest,TI,Total interchange,6953,megawatthours,2026-01-31 09:00:00,6953.0
2026-01-31T08,NW,Northwest,D,Demand,39990,megawatthours,2026-01-31 08:00:00,39990.0
2026-01-31T08,NW,Northwest,DF,Day-ahead demand forecast,38163,megawatthours,2026-01-31 08:00:00,38163.0
2026-01-31T08,NW,Northwest,NG,Net generation,45634,megawatthours,2026-01-31 08:00:00,45634.0
2026-01-31T08,NW,Northwest,TI,Total interchange,6257,megawatthours,2026-01-31 08:00:00,6257.0
2026-01-31T07,NW,Northwest,D,Demand,41504,megawatthours,2026-01-31 07:00:00,41504.0
2026-01-31T07,NW,Northwest,DF,Day-ahead demand forecast,39230,megawatthours,2026-01-31 07:00:00,39230.0
2026-01-31T07,NW,Northwest,NG,Net generation,47054,megawatthours,2026-01-31 07:00:00,47054.0
2026-01-31T07,NW,Northwest,TI,Total interchange,6261,megawatthours,2026-01-31 07:00:00,6261.0
2026-01-31T06,NW,Northwest,D,Demand,43054,megawatthours,2026-01-31 06:00:00,43054.0
2026-01-31T06,NW,Northwest,DF,Day-ahead demand forecast,40363,megawatthours,2026-01-31 06:00:00,40363.0
2026-01-31T06,NW,Northwest,NG,Net generation,48104,megawatthours,2026-01-31 06:00:00,48104.0
2026-01-31T06,NW,Northwest,TI,Total interchange,6024,megawatthours,2026-01-31 06:00:00,6024.0
2026-01-31T05,NW,Northwest,D,Demand,44359,megawatthours,2026-01-31 05:00:00,44359.0
2026-01-31T05,NW,Northwest,DF,Day-ahead demand forecast,41522,megawatthours,2026-01-31 05:00:00,41522.0
2026-01-31T05,NW,Northwest,NG,Net generation,49812,megawatthours,2026-01-31 05:00:00,49812.0
2026-01-31T05,NW,Northwest,TI,Total interchange,5462,megawatthours,2026-01-31 05:00:00,5462.0
2026-01-31T04,NW,Northwest,D,Demand,45388,megawatthours,2026-01-31 04:00:00,45388.0
2026-01-31T04,NW,Northwest,DF,Day-ahead demand forecast,43043,megawatthours,2026-01-31 04:00:00,43043.0
2026-01-31T04,NW,Northwest,NG,Net generation,50350,megawatthours,2026-01-31 04:00:00,50350.0
2026-01-31T04,NW,Northwest,TI,Total interchange,4966,megawatthours,2026-01-31 04:00:00,4966.0
2026-01-31T03,NW,Northwest,D,Demand,46260,megawatthours,2026-01-31 03:00:00,46260.0
2026-01-31T03,NW,Northwest,DF,Day-ahead demand forecast,43794,megawatthours,2026-01-31 03:00:00,43794.0
2026-01-31T03,NW,Northwest,NG,Net generation,50853,megawatthours,2026-01-31 03:00:00,50853.0
2026-01-31T03,NW,Northwest,TI,Total interchange,4600,megawatthours,2026-01-31 03:00:00,4600.0
2026-01-31T02,NW,Northwest,D,Demand,46362,megawatthours,2026-01-31 02:00:00,46362.0
2026-01-31T02,NW,Northwest,DF,Day-ahead demand forecast,44035,megawatthours,2026-01-31 02:00:00,44035.0
2026-01-31T02,NW,Northwest,NG,Net generation,50816,megawatthours,2026-01-31 02:00:00,50816.0
2026-01-31T02,NW,Northwest,TI,Total interchange,4462,megawatthours,2026-01-31 02:00:00,4462.0
2026-01-31T01,NW,Northwest,D,Demand,45610,megawatthours,2026-01-31 01:00:00,45610.0
2026-01-31T01,NW,Northwest,DF,Day-ahead demand forecast,42908,megawatthours,2026-01-31 01:00:00,42908.0
2026-01-31T01,NW,Northwest,NG,Net generation,49035,megawatthours,2026-01-31 01:00:00,49035.0
2026-01-31T01,NW,Northwest,TI,Total interchange,3425,megawatthours,2026-01-31 01:00:00,3425.0
2026-01-31T00,NW,Northwest,D,Demand,44734,megawatthours,2026-01-31 00:00:00,44734.0
2026-01-31T00,NW,Northwest,DF,Day-ahead demand forecast,41353,megawatthours,2026-01-31 00:00:00,41353.0
2026-01-31T00,NW,Northwest,NG,Net generation,45160,megawatthours,2026-01-31 00:00:00,45160.0
2026-01-31T00,NW,Northwest,TI,Total interchange,369,megawatthours,2026-01-31 00:00:00,369.0
2026-01-30T23,NW,Northwest,D,Demand,44957,megawatthours,2026-01-30 23:00:00,44957.0
2026-01-30T23,NW,Northwest,DF,Day-ahead demand forecast,40525,megawatthours,2026-01-30 23:00:00,40525.0
2026-01-30T23,NW,Northwest,NG,Net generation,44912,megawatthours,2026-01-30 23:00:00,44912.0
2026-01-30T23,NW,Northwest,TI,Total interchange,-181,megawatthours,2026-01-30 23:00:00,-181.0
2026-01-30T22,NW,Northwest,D,Demand,45488,megawatthours,2026-01-30 22:00:00,45488.0
2026-01-30T22,NW,Northwest,DF,Day-ahead demand forecast,40489,megawatthours,2026-01-30 22:00:00,40489.0
2026-01-30T22,NW,Northwest,NG,Net generation,45449,megawatthours,2026-01-30 22:00:00,45449.0
2026-01-30T22,NW,Northwest,TI,Total interchange,-137,megawatthours,2026-01-30 22:00:00,-137.0
2026-01-30T21,NW,Northwest,D,Demand,45945,megawatthours,2026-01-30 21:00:00,45945.0
2026-01-30T21,NW,Northwest,DF,Day-ahead demand forecast,40693,megawatthours,2026-01-30 21:00:00,40693.0
2026-01-30T21,NW,Northwest,NG,Net generation,45645,megawatthours,2026-01-30 21:00:00,45645.0
2026-01-30T21,NW,Northwest,TI,Total interchange,-355,megawatthours,2026-01-30 21:00:00,-355.0
2026-01-30T20,NW,Northwest,D,Demand,46372,megawatthours,2026-01-30 20:00:00,46372.0
2026-01-30T20,NW,Northwest,DF,Day-ahead demand forecast,41137,megawatthours,2026-01-30 20:00:00,41137.0
2026-01-30T20,NW,Northwest,NG,Net generation,45876,megawatthours,2026-01-30 20:00:00,45876.0
2026-01-30T20,NW,Northwest,TI,Total interchange,-542,megawatthours,2026-01-30 20:00:00,-542.0
2026-01-30T19,NW,Northwest,D,Demand,46956,megawatthours,2026-01-30 19:00:00,46956.0
2026-01-30T19,NW,Northwest,DF,Day-ahead demand forecast,41727,megawatthours,2026-01-30 19:00:00,41727.0
2026-01-30T19,NW,Northwest,NG,Net generation,46175,megawatthours,2026-01-30 19:00:00,46175.0
2026-01-30T19,NW,Northwest,TI,Total interchange,-829,megawatthours,2026-01-30 19:00:00,-829.0
2026-01-30T18,NW,Northwest,D,Demand,47714,megawatthours,2026-01-30 18:00:00,47714.0
2026-01-30T18,NW,Northwest,DF,Day-ahead demand forecast,42502,megawatthours,2026-01-30 18:00:00,42502.0
2026-01-30T18,NW,Northwest,NG,Net generation,47555,megawatthours,2026-01-30 18:00:00,47555.0
2026-01-30T18,NW,Northwest,TI,Total interchange,-211,megawatthours,2026-01-30 18:00:00,-211.0
2026-01-30T17,NW,Northwest,D,Demand,47726,megawatthours,2026-01-30 17:00:00,47726.0
2026-01-30T17,NW,Northwest,DF,Day-ahead demand forecast,43539,megawatthours,2026-01-30 17:00:00,43539.0
2026-01-30T17,NW,Northwest,NG,Net generation,49834,megawatthours,2026-01-30 17:00:00,49834.0
2026-01-30T17,NW,Northwest,TI,Total interchange,2052,megawatthours,2026-01-30 17:00:00,2052.0
2026-01-30T16,NW,Northwest,D,Demand,47723,megawatthours,2026-01-30 16:00:00,47723.0
2026-01-30T16,NW,Northwest,DF,Day-ahead demand forecast,44049,megawatthours,2026-01-30 16:00:00,44049.0
2026-01-30T16,NW,Northwest,NG,Net generation,51365,megawatthours,2026-01-30 16:00:00,51365.0
2026-01-30T16,NW,Northwest,TI,Total interchange,3631,megawatthours,2026-01-30 16:00:00,3631.0
2026-01-30T15,NW,Northwest,D,Demand,46756,megawatthours,2026-01-30 15:00:00,46756.0
2026-01-30T15,NW,Northwest,DF,Day-ahead demand forecast,43177,megawatthours,2026-01-30 15:00:00,43177.0
2026-01-30T15,NW,Northwest,NG,Net generation,51594,megawatthours,2026-01-30 15:00:00,51594.0
2026-01-30T15,NW,Northwest,TI,Total interchange,4845,megawatthours,2026-01-30 15:00:00,4845.0
2026-01-30T14,NW,Northwest,D,Demand,43989,megawatthours,2026-01-30 14:00:00,43989.0
2026-01-30T14,NW,Northwest,DF,Day-ahead demand forecast,40907,megawatthours,2026-01-30 14:00:00,40907.0
2026-01-30T14,NW,Northwest,NG,Net generation,50262,megawatthours,2026-01-30 14:00:00,50262.0
2026-01-30T14,NW,Northwest,TI,Total interchange,6282,megawatthours,2026-01-30 14:00:00,6282.0
2026-01-30T13,NW,Northwest,D,Demand,41653,megawatthours,2026-01-30 13:00:00,41653.0
2026-01-30T13,NW,Northwest,DF,Day-ahead demand forecast,38570,megawatthours,2026-01-30 13:00:00,38570.0
2026-01-30T13,NW,Northwest,NG,Net generation,46924,megawatthours,2026-01-30 13:00:00,46924.0
2026-01-30T13,NW,Northwest,TI,Total interchange,5278,megawatthours,2026-01-30 13:00:00,5278.0
2026-01-30T12,NW,Northwest,D,Demand,40217,megawatthours,2026-01-30 12:00:00,40217.0
2026-01-30T12,NW,Northwest,DF,Day-ahead demand forecast,37332,megawatthours,2026-01-30 12:00:00,37332.0
2026-01-30T12,NW,Northwest,NG,Net generation,45986,megawatthours,2026-01-30 12:00:00,45986.0
2026-01-30T12,NW,Northwest,TI,Total interchange,5775,megawatthours,2026-01-30 12:00:00,5775.0
2026-01-30T11,NW,Northwest,D,Demand,39735,megawatthours,2026-01-30 11:00:00,39735.0
2026-01-30T11,NW,Northwest,DF,Day-ahead demand forecast,36790,megawatthours,2026-01-30 11:00:00,36790.0
2026-01-30T11,NW,Northwest,NG,Net generation,45349,megawatthours,2026-01-30 11:00:00,45349.0
2026-01-30T11,NW,Northwest,TI,Total interchange,5626,megawatthours,2026-01-30 11:00:00,5626.0
2026-01-30T10,NW,Northwest,D,Demand,39964,megawatthours,2026-01-30 10:00:00,39964.0
2026-01-30T10,NW,Northwest,DF,Day-ahead demand forecast,36961,megawatthours,2026-01-30 10:00:00,36961.0
2026-01-30T10,NW,Northwest,NG,Net generation,45411,megawatthours,2026-01-30 10:00:00,45411.0
2026-01-30T10,NW,Northwest,TI,Total interchange,5454,megawatthours,2026-01-30 10:00:00,5454.0
2026-01-30T09,NW,Northwest,D,Demand,40368,megawatthours,2026-01-30 09:00:00,40368.0
2026-01-30T09,NW,Northwest,DF,Day-ahead demand forecast,37359,megawatthours,2026-01-30 09:00:00,37359.0
2026-01-30T09,NW,Northwest,NG,Net generation,45590,megawatthours,2026-01-30 09:00:00,45590.0
2026-01-30T09,NW,Northwest,TI,Total interchange,5229,megawatthours,2026-01-30 09:00:00,5229.0
2026-01-30T08,NW,Northwest,D,Demand,41211,megawatthours,2026-01-30 08:00:00,41211.0
2026-01-30T08,NW,Northwest,DF,Day-ahead demand forecast,38099,megawatthours,2026-01-30 08:00:00,38099.0
2026-01-30T08,NW,Northwest,NG,Net generation,45784,megawatthours,2026-01-30 08:00:00,45784.0
2026-01-30T08,NW,Northwest,TI,Total interchange,5251,megawatthours,2026-01-30 08:00:00,5251.0
2026-01-30T07,NW,Northwest,D,Demand,42523,megawatthours,2026-01-30 07:00:00,42523.0
2026-01-30T07,NW,Northwest,DF,Day-ahead demand forecast,39603,megawatthours,2026-01-30 07:00:00,39603.0
2026-01-30T07,NW,Northwest,NG,Net generation,46350,megawatthours,2026-01-30 07:00:00,46350.0
2026-01-30T07,NW,Northwest,TI,Total interchange,4715,megawatthours,2026-01-30 07:00:00,4715.0
2026-01-30T06,NW,Northwest,D,Demand,44601,megawatthours,2026-01-30 06:00:00,44601.0
2026-01-30T06,NW,Northwest,DF,Day-ahead demand forecast,41274,megawatthours,2026-01-30 06:00:00,41274.0
2026-01-30T06,NW,Northwest,NG,Net generation,47081,megawatthours,2026-01-30 06:00:00,47081.0
2026-01-30T06,NW,Northwest,TI,Total interchange,3715,megawatthours,2026-01-30 06:00:00,3715.0
2026-01-30T05,NW,Northwest,D,Demand,46386,megawatthours,2026-01-30 05:00:00,46386.0
2026-01-30T05,NW,Northwest,DF,Day-ahead demand forecast,42362,megawatthours,2026-01-30 05:00:00,42362.0
2026-01-30T05,NW,Northwest,NG,Net generation,49880,megawatthours,2026-01-30 05:00:00,49880.0
2026-01-30T05,NW,Northwest,TI,Total interchange,3503,megawatthours,2026-01-30 05:00:00,3503.0
2026-01-30T04,NW,Northwest,D,Demand,47575,megawatthours,2026-01-30 04:00:00,47575.0
2026-01-30T04,NW,Northwest,DF,Day-ahead demand forecast,43865,megawatthours,2026-01-30 04:00:00,43865.0
2026-01-30T04,NW,Northwest,NG,Net generation,51087,megawatthours,2026-01-30 04:00:00,51087.0
2026-01-30T04,NW,Northwest,TI,Total interchange,3521,megawatthours,2026-01-30 04:00:00,3521.0
2026-01-30T03,NW,Northwest,D,Demand,47777,megawatthours,2026-01-30 03:00:00,47777.0
2026-01-30T03,NW,Northwest,DF,Day-ahead demand forecast,44487,megawatthours,2026-01-30 03:00:00,44487.0
2026-01-30T03,NW,Northwest,NG,Net generation,51335,megawatthours,2026-01-30 03:00:00,51335.0
2026-01-30T03,NW,Northwest,TI,Total interchange,3565,megawatthours,2026-01-30 03:00:00,3565.0
2026-01-30T02,NW,Northwest,D,Demand,48133,megawatthours,2026-01-30 02:00:00,48133.0
2026-01-30T02,NW,Northwest,DF,Day-ahead demand forecast,44631,megawatthours,2026-01-30 02:00:00,44631.0
2026-01-30T02,NW,Northwest,NG,Net generation,51617,megawatthours,2026-01-30 02:00:00,51617.0
2026-01-30T02,NW,Northwest,TI,Total interchange,3490,megawatthours,2026-01-30 02:00:00,3490.0
2026-01-30T01,NW,Northwest,D,Demand,46873,megawatthours,2026-01-30 01:00:00,46873.0
2026-01-30T01,NW,Northwest,DF,Day-ahead demand forecast,43406,megawatthours,2026-01-30 01:00:00,43406.0
2026-01-30T01,NW,Northwest,NG,Net generation,49908,megawatthours,2026-01-30 01:00:00,49908.0
2026-01-30T01,NW,Northwest,TI,Total interchange,3044,megawatthours,2026-01-30 01:00:00,3044.0
2026-01-30T00,NW,Northwest,D,Demand,45790,megawatthours,2026-01-30 00:00:00,45790.0
2026-01-30T00,NW,Northwest,DF,Day-ahead demand forecast,41763,megawatthours,2026-01-30 00:00:00,41763.0
2026-01-30T00,NW,Northwest,NG,Net generation,46815,megawatthours,2026-01-30 00:00:00,46815.0
2026-01-30T00,NW,Northwest,TI,Total interchange,1034,megawatthours,2026-01-30 00:00:00,1034.0
2026-01-29T23,NW,Northwest,D,Demand,45507,megawatthours,2026-01-29 23:00:00,45507.0
2026-01-29T23,NW,Northwest,DF,Day-ahead demand forecast,40983,megawatthours,2026-01-29 23:00:00,40983.0
2026-01-29T23,NW,Northwest,NG,Net generation,46810,megawatthours,2026-01-29 23:00:00,46810.0
2026-01-29T23,NW,Northwest,TI,Total interchange,1309,megawatthours,2026-01-29 23:00:00,1309.0
2026-01-29T22,NW,Northwest,D,Demand,46147,megawatthours,2026-01-29 22:00:00,46147.0
2026-01-29T22,NW,Northwest,DF,Day-ahead demand forecast,40860,megawatthours,2026-01-29 22:00:00,40860.0
2026-01-29T22,NW,Northwest,NG,Net generation,47084,megawatthours,2026-01-29 22:00:00,47084.0
2026-01-29T22,NW,Northwest,TI,Total interchange,947,megawatthours,2026-01-29 22:00:00,947.0
2026-01-29T21,NW,Northwest,D,Demand,46617,megawatthours,2026-01-29 21:00:00,46617.0
2026-01-29T21,NW,Northwest,DF,Day-ahead demand forecast,40997,megawatthours,2026-01-29 21:00:00,40997.0
2026-01-29T21,NW,Northwest,NG,Net generation,47238,megawatthours,2026-01-29 21:00:00,47238.0
2026-01-29T21,NW,Northwest,TI,Total interchange,627,megawatthours,2026-01-29 21:00:00,627.0
2026-01-29T20,NW,Northwest,D,Demand,46810,megawatthours,2026-01-29 20:00:00,46810.0
2026-01-29T20,NW,Northwest,DF,Day-ahead demand forecast,41635,megawatthours,2026-01-29 20:00:00,41635.0
2026-01-29T20,NW,Northwest,NG,Net generation,47029,megawatthours,2026-01-29 20:00:00,47029.0
2026-01-29T20,NW,Northwest,TI,Total interchange,228,megawatthours,2026-01-29 20:00:00,228.0
2026-01-29T19,NW,Northwest,D,Demand,47360,megawatthours,2026-01-29 19:00:00,47360.0
2026-01-29T19,NW,Northwest,DF,Day-ahead demand forecast,42284,megawatthours,2026-01-29 19:00:00,42284.0
2026-01-29T19,NW,Northwest,NG,Net generation,47303,megawatthours,2026-01-29 19:00:00,47303.0
2026-01-29T19,NW,Northwest,TI,Total interchange,-52,megawatthours,2026-01-29 19:00:00,-52.0
2026-01-29T18,NW,Northwest,D,Demand,48093,megawatthours,2026-01-29 18:00:00,48093.0
2026-01-29T18,NW,Northwest,DF,Day-ahead demand forecast,43154,megawatthours,2026-01-29 18:00:00,43154.0
2026-01-29T18,NW,Northwest,NG,Net generation,48334,megawatthours,2026-01-29 18:00:00,48334.0
2026-01-29T18,NW,Northwest,TI,Total interchange,248,megawatthours,2026-01-29 18:00:00,248.0
2026-01-29T17,NW,Northwest,D,Demand,48931,megawatthours,2026-01-29 17:00:00,48931.0
2026-01-29T17,NW,Northwest,DF,Day-ahead demand forecast,44076,megawatthours,2026-01-29 17:00:00,44076.0
2026-01-29T17,NW,Northwest,NG,Net generation,51720,megawatthours,2026-01-29 17:00:00,51720.0
2026-01-29T17,NW,Northwest,TI,Total interchange,2797,megawatthours,2026-01-29 17:00:00,2797.0
2026-01-29T16,NW,Northwest,D,Demand,48933,megawatthours,2026-01-29 16:00:00,48933.0
2026-01-29T16,NW,Northwest,DF,Day-ahead demand forecast,44658,megawatthours,2026-01-29 16:00:00,44658.0
2026-01-29T16,NW,Northwest,NG,Net generation,52581,megawatthours,2026-01-29 16:00:00,52581.0
2026-01-29T16,NW,Northwest,TI,Total interchange,3652,megawatthours,2026-01-29 16:00:00,3652.0
2026-01-29T15,NW,Northwest,D,Demand,47904,megawatthours,2026-01-29 15:00:00,47904.0
2026-01-29T15,NW,Northwest,DF,Day-ahead demand forecast,44181,megawatthours,2026-01-29 15:00:00,44181.0
2026-01-29T15,NW,Northwest,NG,Net generation,51686,megawatthours,2026-01-29 15:00:00,51686.0
2026-01-29T15,NW,Northwest,TI,Total interchange,3792,megawatthours,2026-01-29 15:00:00,3792.0
2026-01-29T14,NW,Northwest,D,Demand,45034,megawatthours,2026-01-29 14:00:00,45034.0
2026-01-29T14,NW,Northwest,DF,Day-ahead demand forecast,41734,megawatthours,2026-01-29 14:00:00,41734.0
2026-01-29T14,NW,Northwest,NG,Net generation,50953,megawatthours,2026-01-29 14:00:00,50953.0
2026-01-29T14,NW,Northwest,TI,Total interchange,5926,megawatthours,2026-01-29 14:00:00,5926.0
2026-01-29T13,NW,Northwest,D,Demand,42443,megawatthours,2026-01-29 13:00:00,42443.0
2026-01-29T13,NW,Northwest,DF,Day-ahead demand forecast,39242,megawatthours,2026-01-29 13:00:00,39242.0
2026-01-29T13,NW,Northwest,NG,Net generation,48083,megawatthours,2026-01-29 13:00:00,48083.0
2026-01-29T13,NW,Northwest,TI,Total interchange,5648,megawatthours,2026-01-29 13:00:00,5648.0
2026-01-29T12,NW,Northwest,D,Demand,40885,megawatthours,2026-01-29 12:00:00,40885.0
2026-01-29T12,NW,Northwest,DF,Day-ahead demand forecast,37976,megawatthours,2026-01-29 12:00:00,37976.0
2026-01-29T12,NW,Northwest,NG,Net generation,46900,megawatthours,2026-01-29 12:00:00,46900.0
2026-01-29T12,NW,Northwest,TI,Total interchange,6025,megawatthours,2026-01-29 12:00:00,6025.0
2026-01-29T11,NW,Northwest,D,Demand,40223,megawatthours,2026-01-29 11:00:00,40223.0
2026-01-29T11,NW,Northwest,DF,Day-ahead demand forecast,37296,megawatthours,2026-01-29 11:00:00,37296.0
2026-01-29T11,NW,Northwest,NG,Net generation,46218,megawatthours,2026-01-29 11:00:00,46218.0
2026-01-29T11,NW,Northwest,TI,Total interchange,5999,megawatthours,2026-01-29 11:00:00,5999.0
2026-01-29T10,NW,Northwest,D,Demand,40173,megawatthours,2026-01-29 10:00:00,40173.0
2026-01-29T10,NW,Northwest,DF,Day-ahead demand forecast,37488,megawatthours,2026-01-29 10:00:00,37488.0
2026-01-29T10,NW,Northwest,NG,Net generation,46051,megawatthours,2026-01-29 10:00:00,46051.0
2026-01-29T10,NW,Northwest,TI,Total interchange,5887,megawatthours,2026-01-29 10:00:00,5887.0
2026-01-29T09,NW,Northwest,D,Demand,42536,megawatthours,2026-01-29 09:00:00,42536.0
2026-01-29T09,NW,Northwest,DF,Day-ahead demand forecast,37959,megawatthours,2026-01-29 09:00:00,37959.0
2026-01-29T09,NW,Northwest,NG,Net generation,46200,megawatthours,2026-01-29 09:00:00,46200.0
2026-01-29T09,NW,Northwest,TI,Total interchange,1743,megawatthours,2026-01-29 09:00:00,1743.0
2026-01-29T08,NW,Northwest,D,Demand,41479,megawatthours,2026-01-29 08:00:00,41479.0
2026-01-29T08,NW,Northwest,DF,Day-ahead demand forecast,39058,megawatthours,2026-01-29 08:00:00,39058.0
2026-01-29T08,NW,Northwest,NG,Net generation,45603,megawatthours,2026-01-29 08:00:00,45603.0
2026-01-29T08,NW,Northwest,TI,Total interchange,4807,megawatthours,2026-01-29 08:00:00,4807.0
2026-01-29T07,NW,Northwest,D,Demand,42959,megawatthours,2026-01-29 07:00:00,42959.0
2026-01-29T07,NW,Northwest,DF,Day-ahead demand forecast,40582,megawatthours,2026-01-29 07:00:00,40582.0
2026-01-29T07,NW,Northwest,NG,Net generation,46395,megawatthours,2026-01-29 07:00:00,46395.0
2026-01-29T07,NW,Northwest,TI,Total interchange,4237,megawatthours,2026-01-29 07:00:00,4237.0
2026-01-29T06,NW,Northwest,D,Demand,45369,megawatthours,2026-01-29 06:00:00,45369.0
2026-01-29T06,NW,Northwest,DF,Day-ahead demand forecast,42532,megawatthours,2026-01-29 06:00:00,42532.0
2026-01-29T06,NW,Northwest,NG,Net generation,47454,megawatthours,2026-01-29 06:00:00,47454.0
2026-01-29T06,NW,Northwest,TI,Total interchange,3179,megawatthours,2026-01-29 06:00:00,3179.0
2026-01-29T05,NW,Northwest,D,Demand,47028,megawatthours,2026-01-29 05:00:00,47028.0
2026-01-29T05,NW,Northwest,DF,Day-ahead demand forecast,44249,megawatthours,2026-01-29 05:00:00,44249.0
2026-01-29T05,NW,Northwest,NG,Net generation,50096,megawatthours,2026-01-29 05:00:00,50096.0
2026-01-29T05,NW,Northwest,TI,Total interchange,3076,megawatthours,2026-01-29 05:00:00,3076.0
2026-01-29T04,NW,Northwest,D,Demand,47892,megawatthours,2026-01-29 04:00:00,47892.0
2026-01-29T04,NW,Northwest,DF,Day-ahead demand forecast,45321,megawatthours,2026-01-29 04:00:00,45321.0
2026-01-29T04,NW,Northwest,NG,Net generation,50670,megawatthours,2026-01-29 04:00:00,50670.0
2026-01-29T04,NW,Northwest,TI,Total interchange,2785,megawatthours,2026-01-29 04:00:00,2785.0
2026-01-29T03,NW,Northwest,D,Demand,48783,megawatthours,2026-01-29 03:00:00,48783.0
2026-01-29T03,NW,Northwest,DF,Day-ahead demand forecast,45871,megawatthours,2026-01-29 03:00:00,45871.0
2026-01-29T03,NW,Northwest,NG,Net generation,51603,megawatthours,2026-01-29 03:00:00,51603.0
2026-01-29T03,NW,Northwest,TI,Total interchange,2824,megawatthours,2026-01-29 03:00:00,2824.0
2026-01-29T02,NW,Northwest,D,Demand,48652,megawatthours,2026-01-29 02:00:00,48652.0
2026-01-29T02,NW,Northwest,DF,Day-ahead demand forecast,45934,megawatthours,2026-01-29 02:00:00,45934.0
2026-01-29T02,NW,Northwest,NG,Net generation,51827,megawatthours,2026-01-29 02:00:00,51827.0
2026-01-29T02,NW,Northwest,TI,Total interchange,3182,megawatthours,2026-01-29 02:00:00,3182.0
2026-01-29T01,NW,Northwest,D,Demand,47381,megawatthours,2026-01-29 01:00:00,47381.0
2026-01-29T01,NW,Northwest,DF,Day-ahead demand forecast,44906,megawatthours,2026-01-29 01:00:00,44906.0
2026-01-29T01,NW,Northwest,NG,Net generation,49711,megawatthours,2026-01-29 01:00:00,49711.0
2026-01-29T01,NW,Northwest,TI,Total interchange,2340,megawatthours,2026-01-29 01:00:00,2340.0
2026-01-29T00,NW,Northwest,D,Demand,46343,megawatthours,2026-01-29 00:00:00,46343.0
2026-01-29T00,NW,Northwest,DF,Day-ahead demand forecast,42989,megawatthours,2026-01-29 00:00:00,42989.0
2026-01-29T00,NW,Northwest,NG,Net generation,47686,megawatthours,2026-01-29 00:00:00,47686.0
2026-01-29T00,NW,Northwest,TI,Total interchange,1352,megawatthours,2026-01-29 00:00:00,1352.0
2026-01-28T23,NW,Northwest,D,Demand,46422,megawatthours,2026-01-28 23:00:00,46422.0
2026-01-28T23,NW,Northwest,DF,Day-ahead demand forecast,42270,megawatthours,2026-01-28 23:00:00,42270.0
2026-01-28T23,NW,Northwest,NG,Net generation,47843,megawatthours,2026-01-28 23:00:00,47843.0
2026-01-28T23,NW,Northwest,TI,Total interchange,1430,megawatthours,2026-01-28 23:00:00,1430.0
2026-01-28T22,NW,Northwest,D,Demand,46619,megawatthours,2026-01-28 22:00:00,46619.0
2026-01-28T22,NW,Northwest,DF,Day-ahead demand forecast,42430,megawatthours,2026-01-28 22:00:00,42430.0
2026-01-28T22,NW,Northwest,NG,Net generation,47761,megawatthours,2026-01-28 22:00:00,47761.0
2026-01-28T22,NW,Northwest,TI,Total interchange,1150,megawatthours,2026-01-28 22:00:00,1150.0
2026-01-28T21,NW,Northwest,D,Demand,47299,megawatthours,2026-01-28 21:00:00,47299.0
2026-01-28T21,NW,Northwest,DF,Day-ahead demand forecast,42631,megawatthours,2026-01-28 21:00:00,42631.0
2026-01-28T21,NW,Northwest,NG,Net generation,48006,megawatthours,2026-01-28 21:00:00,48006.0
2026-01-28T21,NW,Northwest,TI,Total interchange,717,megawatthours,2026-01-28 21:00:00,717.0
2026-01-28T20,NW,Northwest,D,Demand,48398,megawatthours,2026-01-28 20:00:00,48398.0
2026-01-28T20,NW,Northwest,DF,Day-ahead demand forecast,43069,megawatthours,2026-01-28 20:00:00,43069.0
2026-01-28T20,NW,Northwest,NG,Net generation,49108,megawatthours,2026-01-28 20:00:00,49108.0
2026-01-28T20,NW,Northwest,TI,Total interchange,714,megawatthours,2026-01-28 20:00:00,714.0
2026-01-28T19,NW,Northwest,D,Demand,48972,megawatthours,2026-01-28 19:00:00,48972.0
2026-01-28T19,NW,Northwest,DF,Day-ahead demand forecast,43912,megawatthours,2026-01-28 19:00:00,43912.0
2026-01-28T19,NW,Northwest,NG,Net generation,48982,megawatthours,2026-01-28 19:00:00,48982.0
2026-01-28T19,NW,Northwest,TI,Total interchange,22,megawatthours,2026-01-28 19:00:00,22.0
2026-01-28T18,NW,Northwest,D,Demand,49697,megawatthours,2026-01-28 18:00:00,49697.0
2026-01-28T18,NW,Northwest,DF,Day-ahead demand forecast,45071,megawatthours,2026-01-28 18:00:00,45071.0
2026-01-28T18,NW,Northwest,NG,Net generation,50059,megawatthours,2026-01-28 18:00:00,50059.0
2026-01-28T18,NW,Northwest,TI,Total interchange,369,megawatthours,2026-01-28 18:00:00,369.0
2026-01-28T17,NW,Northwest,D,Demand,50293,megawatthours,2026-01-28 17:00:00,50293.0
2026-01-28T17,NW,Northwest,DF,Day-ahead demand forecast,46214,megawatthours,2026-01-28 17:00:00,46214.0
2026-01-28T17,NW,Northwest,NG,Net generation,51391,megawatthours,2026-01-28 17:00:00,51391.0
2026-01-28T17,NW,Northwest,TI,Total interchange,1104,megawatthours,2026-01-28 17:00:00,1104.0
2026-01-28T16,NW,Northwest,D,Demand,50174,megawatthours,2026-01-28 16:00:00,50174.0
2026-01-28T16,NW,Northwest,DF,Day-ahead demand forecast,46772,megawatthours,2026-01-28 16:00:00,46772.0
2026-01-28T16,NW,Northwest,NG,Net generation,54026,megawatthours,2026-01-28 16:00:00,54026.0
2026-01-28T16,NW,Northwest,TI,Total interchange,3862,megawatthours,2026-01-28 16:00:00,3862.0
2026-01-28T15,NW,Northwest,D,Demand,48799,megawatthours,2026-01-28 15:00:00,48799.0
2026-01-28T15,NW,Northwest,DF,Day-ahead demand forecast,46139,megawatthours,2026-01-28 15:00:00,46139.0
2026-01-28T15,NW,Northwest,NG,Net generation,53195,megawatthours,2026-01-28 15:00:00,53195.0
2026-01-28T15,NW,Northwest,TI,Total interchange,4404,megawatthours,2026-01-28 15:00:00,4404.0
2026-01-28T14,NW,Northwest,D,Demand,45803,megawatthours,2026-01-28 14:00:00,45803.0
2026-01-28T14,NW,Northwest,DF,Day-ahead demand forecast,43655,megawatthours,2026-01-28 14:00:00,43655.0
2026-01-28T14,NW,Northwest,NG,Net generation,51483,megawatthours,2026-01-28 14:00:00,51483.0
2026-01-28T14,NW,Northwest,TI,Total interchange,5687,megawatthours,2026-01-28 14:00:00,5687.0
2026-01-28T13,NW,Northwest,D,Demand,43209,megawatthours,2026-01-28 13:00:00,43209.0
2026-01-28T13,NW,Northwest,DF,Day-ahead demand forecast,40975,megawatthours,2026-01-28 13:00:00,40975.0
2026-01-28T13,NW,Northwest,NG,Net generation,47976,megawatthours,2026-01-28 13:00:00,47976.0
2026-01-28T13,NW,Northwest,TI,Total interchange,4774,megawatthours,2026-01-28 13:00:00,4774.0
2026-01-28T12,NW,Northwest,D,Demand,41562,megawatthours,2026-01-28 12:00:00,41562.0
2026-01-28T12,NW,Northwest,DF,Day-ahead demand forecast,39420,megawatthours,2026-01-28 12:00:00,39420.0
2026-01-28T12,NW,Northwest,NG,Net generation,46404,megawatthours,2026-01-28 12:00:00,46404.0
2026-01-28T12,NW,Northwest,TI,Total interchange,4847,megawatthours,2026-01-28 12:00:00,4847.0
2026-01-28T11,NW,Northwest,D,Demand,41109,megawatthours,2026-01-28 11:00:00,41109.0
2026-01-28T11,NW,Northwest,DF,Day-ahead demand forecast,38971,megawatthours,2026-01-28 11:00:00,38971.0
2026-01-28T11,NW,Northwest,NG,Net generation,46327,megawatthours,2026-01-28 11:00:00,46327.0
2026-01-28T11,NW,Northwest,TI,Total interchange,5227,megawatthours,2026-01-28 11:00:00,5227.0
2026-01-28T10,NW,Northwest,D,Demand,41234,megawatthours,2026-01-28 10:00:00,41234.0
2026-01-28T10,NW,Northwest,DF,Day-ahead demand forecast,38660,megawatthours,2026-01-28 10:00:00,38660.0
2026-01-28T10,NW,Northwest,NG,Net generation,46481,megawatthours,2026-01-28 10:00:00,46481.0
2026-01-28T10,NW,Northwest,TI,Total interchange,5249,megawatthours,2026-01-28 10:00:00,5249.0
2026-01-28T09,NW,Northwest,D,Demand,41813,megawatthours,2026-01-28 09:00:00,41813.0
2026-01-28T09,NW,Northwest,DF,Day-ahead demand forecast,39197,megawatthours,2026-01-28 09:00:00,39197.0
2026-01-28T09,NW,Northwest,NG,Net generation,46747,megawatthours,2026-01-28 09:00:00,46747.0
2026-01-28T09,NW,Northwest,TI,Total interchange,4946,megawatthours,2026-01-28 09:00:00,4946.0
2026-01-28T08,NW,Northwest,D,Demand,42372,megawatthours,2026-01-28 08:00:00,42372.0
2026-01-28T08,NW,Northwest,DF,Day-ahead demand forecast,40314,megawatthours,2026-01-28 08:00:00,40314.0
2026-01-28T08,NW,Northwest,NG,Net generation,45646,megawatthours,2026-01-28 08:00:00,45646.0
2026-01-28T08,NW,Northwest,TI,Total interchange,3868,megawatthours,2026-01-28 08:00:00,3868.0
2026-01-28T07,NW,Northwest,D,Demand,44222,megawatthours,2026-01-28 07:00:00,44222.0
2026-01-28T07,NW,Northwest,DF,Day-ahead demand forecast,41924,megawatthours,2026-01-28 07:00:00,41924.0
2026-01-28T07,NW,Northwest,NG,Net generation,46903,megawatthours,2026-01-28 07:00:00,46903.0
2026-01-28T07,NW,Northwest,TI,Total interchange,3354,megawatthours,2026-01-28 07:00:00,3354.0
2026-01-28T06,NW,Northwest,D,Demand,46484,megawatthours,2026-01-28 06:00:00,46484.0
2026-01-28T06,NW,Northwest,DF,Day-ahead demand forecast,43727,megawatthours,2026-01-28 06:00:00,43727.0
2026-01-28T06,NW,Northwest,NG,Net generation,48174,megawatthours,2026-01-28 06:00:00,48174.0
2026-01-28T06,NW,Northwest,TI,Total interchange,2701,megawatthours,2026-01-28 06:00:00,2701.0
2026-01-28T05,NW,Northwest,D,Demand,48185,megawatthours,2026-01-28 05:00:00,48185.0
2026-01-28T05,NW,Northwest,DF,Day-ahead demand forecast,45387,megawatthours,2026-01-28 05:00:00,45387.0
2026-01-28T05,NW,Northwest,NG,Net generation,50179,megawatthours,2026-01-28 05:00:00,50179.0
2026-01-28T05,NW,Northwest,TI,Total interchange,2001,megawatthours,2026-01-28 05:00:00,2001.0
2026-01-28T04,NW,Northwest,D,Demand,49410,megawatthours,2026-01-28 04:00:00,49410.0
2026-01-28T04,NW,Northwest,DF,Day-ahead demand forecast,46656,megawatthours,2026-01-28 04:00:00,46656.0
2026-01-28T04,NW,Northwest,NG,Net generation,50756,megawatthours,2026-01-28 04:00:00,50756.0
2026-01-28T04,NW,Northwest,TI,Total interchange,1351,megawatthours,2026-01-28 04:00:00,1351.0
2026-01-28T03,NW,Northwest,D,Demand,50198,megawatthours,2026-01-28 03:00:00,50198.0
2026-01-28T03,NW,Northwest,DF,Day-ahead demand forecast,47188,megawatthours,2026-01-28 03:00:00,47188.0
2026-01-28T03,NW,Northwest,NG,Net generation,51357,megawatthours,2026-01-28 03:00:00,51357.0
2026-01-28T03,NW,Northwest,TI,Total interchange,1167,megawatthours,2026-01-28 03:00:00,1167.0
2026-01-28T02,NW,Northwest,D,Demand,50237,megawatthours,2026-01-28 02:00:00,50237.0
2026-01-28T02,NW,Northwest,DF,Day-ahead demand forecast,47185,megawatthours,2026-01-28 02:00:00,47185.0
2026-01-28T02,NW,Northwest,NG,Net generation,51042,megawatthours,2026-01-28 02:00:00,51042.0
2026-01-28T02,NW,Northwest,TI,Total interchange,814,megawatthours,2026-01-28 02:00:00,814.0
2026-01-28T01,NW,Northwest,D,Demand,48638,megawatthours,2026-01-28 01:00:00,48638.0
2026-01-28T01,NW,Northwest,DF,Day-ahead demand forecast,45770,megawatthours,2026-01-28 01:00:00,45770.0
2026-01-28T01,NW,Northwest,NG,Net generation,48825,megawatthours,2026-01-28 01:00:00,48825.0
2026-01-28T01,NW,Northwest,TI,Total interchange,194,megawatthours,2026-01-28 01:00:00,194.0
2026-01-28T00,NW,Northwest,D,Demand,46932,megawatthours,2026-01-28 00:00:00,46932.0
2026-01-28T00,NW,Northwest,DF,Day-ahead demand forecast,43592,megawatthours,2026-01-28 00:00:00,43592.0
2026-01-28T00,NW,Northwest,NG,Net generation,44829,megawatthours,2026-01-28 00:00:00,44829.0
2026-01-28T00,NW,Northwest,TI,Total interchange,-2092,megawatthours,2026-01-28 00:00:00,-2092.0
2026-01-27T23,NW,Northwest,D,Demand,46484,megawatthours,2026-01-27 23:00:00,46484.0
2026-01-27T23,NW,Northwest,DF,Day-ahead demand forecast,42814,megawatthours,2026-01-27 23:00:00,42814.0
2026-01-27T23,NW,Northwest,NG,Net generation,44068,megawatthours,2026-01-27 23:00:00,44068.0
2026-01-27T23,NW,Northwest,TI,Total interchange,-2408,megawatthours,2026-01-27 23:00:00,-2408.0
2026-01-27T22,NW,Northwest,D,Demand,47031,megawatthours,2026-01-27 22:00:00,47031.0
2026-01-27T22,NW,Northwest,DF,Day-ahead demand forecast,42595,megawatthours,2026-01-27 22:00:00,42595.0
2026-01-27T22,NW,Northwest,NG,Net generation,44769,megawatthours,2026-01-27 22:00:00,44769.0
2026-01-27T22,NW,Northwest,TI,Total interchange,-2255,megawatthours,2026-01-27 22:00:00,-2255.0
2026-01-27T21,NW,Northwest,D,Demand,47887,megawatthours,2026-01-27 21:00:00,47887.0
2026-01-27T21,NW,Northwest,DF,Day-ahead demand forecast,42914,megawatthours,2026-01-27 21:00:00,42914.0
2026-01-27T21,NW,Northwest,NG,Net generation,45546,megawatthours,2026-01-27 21:00:00,45546.0
2026-01-27T21,NW,Northwest,TI,Total interchange,-2328,megawatthours,2026-01-27 21:00:00,-2328.0
2026-01-27T20,NW,Northwest,D,Demand,48712,megawatthours,2026-01-27 20:00:00,48712.0
2026-01-27T20,NW,Northwest,DF,Day-ahead demand forecast,43916,megawatthours,2026-01-27 20:00:00,43916.0
2026-01-27T20,NW,Northwest,NG,Net generation,46768,megawatthours,2026-01-27 20:00:00,46768.0
2026-01-27T20,NW,Northwest,TI,Total interchange,-1938,megawatthours,2026-01-27 20:00:00,-1938.0
2026-01-27T19,NW,Northwest,D,Demand,49912,megawatthours,2026-01-27 19:00:00,49912.0
2026-01-27T19,NW,Northwest,DF,Day-ahead demand forecast,45290,megawatthours,2026-01-27 19:00:00,45290.0
2026-01-27T19,NW,Northwest,NG,Net generation,47947,megawatthours,2026-01-27 19:00:00,47947.0
2026-01-27T19,NW,Northwest,TI,Total interchange,-1956,megawatthours,2026-01-27 19:00:00,-1956.0
2026-01-27T18,NW,Northwest,D,Demand,51652,megawatthours,2026-01-27 18:00:00,51652.0
2026-01-27T18,NW,Northwest,DF,Day-ahead demand forecast,46551,megawatthours,2026-01-27 18:00:00,46551.0
2026-01-27T18,NW,Northwest,NG,Net generation,49974,megawatthours,2026-01-27 18:00:00,49974.0
2026-01-27T18,NW,Northwest,TI,Total interchange,-1671,megawatthours,2026-01-27 18:00:00,-1671.0
2026-01-27T17,NW,Northwest,D,Demand,52439,megawatthours,2026-01-27 17:00:00,52439.0
2026-01-27T17,NW,Northwest,DF,Day-ahead demand forecast,47934,megawatthours,2026-01-27 17:00:00,47934.0
2026-01-27T17,NW,Northwest,NG,Net generation,51465,megawatthours,2026-01-27 17:00:00,51465.0
2026-01-27T17,NW,Northwest,TI,Total interchange,-966,megawatthours,2026-01-27 17:00:00,-966.0
2026-01-27T16,NW,Northwest,D,Demand,53199,megawatthours,2026-01-27 16:00:00,53199.0
2026-01-27T16,NW,Northwest,DF,Day-ahead demand forecast,48815,megawatthours,2026-01-27 16:00:00,48815.0
2026-01-27T16,NW,Northwest,NG,Net generation,52374,megawatthours,2026-01-27 16:00:00,52374.0
2026-01-27T16,NW,Northwest,TI,Total interchange,-816,megawatthours,2026-01-27 16:00:00,-816.0
2026-01-27T15,NW,Northwest,D,Demand,51707,megawatthours,2026-01-27 15:00:00,51707.0
2026-01-27T15,NW,Northwest,DF,Day-ahead demand forecast,48120,megawatthours,2026-01-27 15:00:00,48120.0
2026-01-27T15,NW,Northwest,NG,Net generation,51953,megawatthours,2026-01-27 15:00:00,51953.0
2026-01-27T15,NW,Northwest,TI,Total interchange,254,megawatthours,2026-01-27 15:00:00,254.0
2026-01-27T14,NW,Northwest,D,Demand,48344,megawatthours,2026-01-27 14:00:00,48344.0
2026-01-27T14,NW,Northwest,DF,Day-ahead demand forecast,45508,megawatthours,2026-01-27 14:00:00,45508.0
2026-01-27T14,NW,Northwest,NG,Net generation,49659,megawatthours,2026-01-27 14:00:00,49659.0
2026-01-27T14,NW,Northwest,TI,Total interchange,1321,megawatthours,2026-01-27 14:00:00,1321.0
2026-01-27T13,NW,Northwest,D,Demand,45428,megawatthours,2026-01-27 13:00:00,45428.0
2026-01-27T13,NW,Northwest,DF,Day-ahead demand forecast,42761,megawatthours,2026-01-27 13:00:00,42761.0
2026-01-27T13,NW,Northwest,NG,Net generation,47350,megawatthours,2026-01-27 13:00:00,47350.0
2026-01-27T13,NW,Northwest,TI,Total interchange,1932,megawatthours,2026-01-27 13:00:00,1932.0
2026-01-27T12,NW,Northwest,D,Demand,43901,megawatthours,2026-01-27 12:00:00,43901.0
2026-01-27T12,NW,Northwest,DF,Day-ahead demand forecast,41167,megawatthours,2026-01-27 12:00:00,41167.0
2026-01-27T12,NW,Northwest,NG,Net generation,46164,megawatthours,2026-01-27 12:00:00,46164.0
2026-01-27T12,NW,Northwest,TI,Total interchange,2267,megawatthours,2026-01-27 12:00:00,2267.0
2026-01-27T11,NW,Northwest,D,Demand,43179,megawatthours,2026-01-27 11:00:00,43179.0
2026-01-27T11,NW,Northwest,DF,Day-ahead demand forecast,40592,megawatthours,2026-01-27 11:00:00,40592.0
2026-01-27T11,NW,Northwest,NG,Net generation,45778,megawatthours,2026-01-27 11:00:00,45778.0
2026-01-27T11,NW,Northwest,TI,Total interchange,2613,megawatthours,2026-01-27 11:00:00,2613.0
2026-01-27T10,NW,Northwest,D,Demand,43278,megawatthours,2026-01-27 10:00:00,43278.0
2026-01-27T10,NW,Northwest,DF,Day-ahead demand forecast,39924,megawatthours,2026-01-27 10:00:00,39924.0
2026-01-27T10,NW,Northwest,NG,Net generation,46052,megawatthours,2026-01-27 10:00:00,46052.0
2026-01-27T10,NW,Northwest,TI,Total interchange,2783,megawatthours,2026-01-27 10:00:00,2783.0
2026-01-27T09,NW,Northwest,D,Demand,43545,megawatthours,2026-01-27 09:00:00,43545.0
2026-01-27T09,NW,Northwest,DF,Day-ahead demand forecast,40533,megawatthours,2026-01-27 09:00:00,40533.0
2026-01-27T09,NW,Northwest,NG,Net generation,46237,megawatthours,2026-01-27 09:00:00,46237.0
2026-01-27T09,NW,Northwest,TI,Total interchange,2700,megawatthours,2026-01-27 09:00:00,2700.0
2026-01-27T08,NW,Northwest,D,Demand,44281,megawatthours,2026-01-27 08:00:00,44281.0
2026-01-27T08,NW,Northwest,DF,Day-ahead demand forecast,42167,megawatthours,2026-01-27 08:00:00,42167.0
2026-01-27T08,NW,Northwest,NG,Net generation,46075,megawatthours,2026-01-27 08:00:00,46075.0
2026-01-27T08,NW,Northwest,TI,Total interchange,2507,megawatthours,2026-01-27 08:00:00,2507.0
2026-01-27T07,NW,Northwest,D,Demand,45932,megawatthours,2026-01-27 07:00:00,45932.0
2026-01-27T07,NW,Northwest,DF,Day-ahead demand forecast,43552,megawatthours,2026-01-27 07:00:00,43552.0
2026-01-27T07,NW,Northwest,NG,Net generation,47128,megawatthours,2026-01-27 07:00:00,47128.0
2026-01-27T07,NW,Northwest,TI,Total interchange,1984,megawatthours,2026-01-27 07:00:00,1984.0
2026-01-27T06,NW,Northwest,D,Demand,48113,megawatthours,2026-01-27 06:00:00,48113.0
2026-01-27T06,NW,Northwest,DF,Day-ahead demand forecast,45407,megawatthours,2026-01-27 06:00:00,45407.0
2026-01-27T06,NW,Northwest,NG,Net generation,48328,megawatthours,2026-01-27 06:00:00,48328.0
2026-01-27T06,NW,Northwest,TI,Total interchange,1190,megawatthours,2026-01-27 06:00:00,1190.0
2026-01-27T05,NW,Northwest,D,Demand,50271,megawatthours,2026-01-27 05:00:00,50271.0
2026-01-27T05,NW,Northwest,DF,Day-ahead demand forecast,47020,megawatthours,2026-01-27 05:00:00,47020.0
2026-01-27T05,NW,Northwest,NG,Net generation,51218,megawatthours,2026-01-27 05:00:00,51218.0
2026-01-27T05,NW,Northwest,TI,Total interchange,958,megawatthours,2026-01-27 05:00:00,958.0
2026-01-27T04,NW,Northwest,D,Demand,51394,megawatthours,2026-01-27 04:00:00,51394.0
2026-01-27T04,NW,Northwest,DF,Day-ahead demand forecast,48309,megawatthours,2026-01-27 04:00:00,48309.0
2026-01-27T04,NW,Northwest,NG,Net generation,52011,megawatthours,2026-01-27 04:00:00,52011.0
2026-01-27T04,NW,Northwest,TI,Total interchange,625,megawatthours,2026-01-27 04:00:00,625.0
2026-01-27T03,NW,Northwest,D,Demand,52132,megawatthours,2026-01-27 03:00:00,52132.0
2026-01-27T03,NW,Northwest,DF,Day-ahead demand forecast,48874,megawatthours,2026-01-27 03:00:00,48874.0
2026-01-27T03,NW,Northwest,NG,Net generation,52369,megawatthours,2026-01-27 03:00:00,52369.0
2026-01-27T03,NW,Northwest,TI,Total interchange,245,megawatthours,2026-01-27 03:00:00,245.0
2026-01-27T02,NW,Northwest,D,Demand,52024,megawatthours,2026-01-27 02:00:00,52024.0
2026-01-27T02,NW,Northwest,DF,Day-ahead demand forecast,48883,megawatthours,2026-01-27 02:00:00,48883.0
2026-01-27T02,NW,Northwest,NG,Net generation,52610,megawatthours,2026-01-27 02:00:00,52610.0
2026-01-27T02,NW,Northwest,TI,Total interchange,598,megawatthours,2026-01-27 02:00:00,598.0
2026-01-27T01,NW,Northwest,D,Demand,50403,megawatthours,2026-01-27 01:00:00,50403.0
2026-01-27T01,NW,Northwest,DF,Day-ahead demand forecast,47383,megawatthours,2026-01-27 01:00:00,47383.0
2026-01-27T01,NW,Northwest,NG,Net generation,49711,megawatthours,2026-01-27 01:00:00,49711.0
2026-01-27T01,NW,Northwest,TI,Total interchange,-687,megawatthours,2026-01-27 01:00:00,-687.0
2026-01-27T00,NW,Northwest,D,Demand,44504,megawatthours,2026-01-27 00:00:00,44504.0
2026-01-27T00,NW,Northwest,DF,Day-ahead demand forecast,44975,megawatthours,2026-01-27 00:00:00,44975.0
2026-01-27T00,NW,Northwest,NG,Net generation,49912,megawatthours,2026-01-27 00:00:00,49912.0
2026-01-27T00,NW,Northwest,TI,Total interchange,-1942,megawatthours,2026-01-27 00:00:00,-1942.0
2026-01-26T23,NW,Northwest,D,Demand,48964,megawatthours,2026-01-26 23:00:00,48964.0
2026-01-26T23,NW,Northwest,DF,Day-ahead demand forecast,44032,megawatthours,2026-01-26 23:00:00,44032.0
2026-01-26T23,NW,Northwest,NG,Net generation,47679,megawatthours,2026-01-26 23:00:00,47679.0
2026-01-26T23,NW,Northwest,TI,Total interchange,-1272,megawatthours,2026-01-26 23:00:00,-1272.0
2026-01-26T22,NW,Northwest,D,Demand,49395,megawatthours,2026-01-26 22:00:00,49395.0
2026-01-26T22,NW,Northwest,DF,Day-ahead demand forecast,44094,megawatthours,2026-01-26 22:00:00,44094.0
2026-01-26T22,NW,Northwest,NG,Net generation,48080,megawatthours,2026-01-26 22:00:00,48080.0
2026-01-26T22,NW,Northwest,TI,Total interchange,-1310,megawatthours,2026-01-26 22:00:00,-1310.0
2026-01-26T21,NW,Northwest,D,Demand,50443,megawatthours,2026-01-26 21:00:00,50443.0
2026-01-26T21,NW,Northwest,DF,Day-ahead demand forecast,44823,megawatthours,2026-01-26 21:00:00,44823.0
2026-01-26T21,NW,Northwest,NG,Net generation,49451,megawatthours,2026-01-26 21:00:00,49451.0
2026-01-26T21,NW,Northwest,TI,Total interchange,-972,megawatthours,2026-01-26 21:00:00,-972.0
2026-01-26T20,NW,Northwest,D,Demand,51501,megawatthours,2026-01-26 20:00:00,51501.0
2026-01-26T20,NW,Northwest,DF,Day-ahead demand forecast,45778,megawatthours,2026-01-26 20:00:00,45778.0
2026-01-26T20,NW,Northwest,NG,Net generation,50945,megawatthours,2026-01-26 20:00:00,50945.0
2026-01-26T20,NW,Northwest,TI,Total interchange,-550,megawatthours,2026-01-26 20:00:00,-550.0
2026-01-26T19,NW,Northwest,D,Demand,52568,megawatthours,2026-01-26 19:00:00,52568.0
2026-01-26T19,NW,Northwest,DF,Day-ahead demand forecast,47386,megawatthours,2026-01-26 19:00:00,47386.0
2026-01-26T19,NW,Northwest,NG,Net generation,52600,megawatthours,2026-01-26 19:00:00,52600.0
2026-01-26T19,NW,Northwest,TI,Total interchange,45,megawatthours,2026-01-26 19:00:00,45.0
2026-01-26T18,NW,Northwest,D,Demand,53865,megawatthours,2026-01-26 18:00:00,53865.0
2026-01-26T18,NW,Northwest,DF,Day-ahead demand forecast,48720,megawatthours,2026-01-26 18:00:00,48720.0
2026-01-26T18,NW,Northwest,NG,Net generation,53759,megawatthours,2026-01-26 18:00:00,53759.0
2026-01-26T18,NW,Northwest,TI,Total interchange,-98,megawatthours,2026-01-26 18:00:00,-98.0
2026-01-26T17,NW,Northwest,D,Demand,57475,megawatthours,2026-01-26 17:00:00,57475.0
2026-01-26T17,NW,Northwest,DF,Day-ahead demand forecast,50171,megawatthours,2026-01-26 17:00:00,50171.0
2026-01-26T17,NW,Northwest,NG,Net generation,57930,megawatthours,2026-01-26 17:00:00,57930.0
2026-01-26T17,NW,Northwest,TI,Total interchange,465,megawatthours,2026-01-26 17:00:00,465.0
2026-01-26T16,NW,Northwest,D,Demand,55105,megawatthours,2026-01-26 16:00:00,55105.0
2026-01-26T16,NW,Northwest,DF,Day-ahead demand forecast,50723,megawatthours,2026-01-26 16:00:00,50723.0
2026-01-26T16,NW,Northwest,NG,Net generation,58596,megawatthours,2026-01-26 16:00:00,58596.0
2026-01-26T16,NW,Northwest,TI,Total interchange,-392,megawatthours,2026-01-26 16:00:00,-392.0
2026-01-26T15,NW,Northwest,D,Demand,50186,megawatthours,2026-01-26 15:00:00,50186.0
2026-01-26T15,NW,Northwest,DF,Day-ahead demand forecast,49944,megawatthours,2026-01-26 15:00:00,49944.0
2026-01-26T15,NW,Northwest,NG,Net generation,57987,megawatthours,2026-01-26 15:00:00,57987.0
2026-01-26T15,NW,Northwest,TI,Total interchange,-120,megawatthours,2026-01-26 15:00:00,-120.0
2026-01-26T14,NW,Northwest,D,Demand,46850,megawatthours,2026-01-26 14:00:00,46850.0
2026-01-26T14,NW,Northwest,DF,Day-ahead demand forecast,47440,megawatthours,2026-01-26 14:00:00,47440.0
2026-01-26T14,NW,Northwest,NG,Net generation,56341,megawatthours,2026-01-26 14:00:00,56341.0
2026-01-26T14,NW,Northwest,TI,Total interchange,1704,megawatthours,2026-01-26 14:00:00,1704.0
2026-01-26T13,NW,Northwest,D,Demand,44140,megawatthours,2026-01-26 13:00:00,44140.0
2026-01-26T13,NW,Northwest,DF,Day-ahead demand forecast,44881,megawatthours,2026-01-26 13:00:00,44881.0
2026-01-26T13,NW,Northwest,NG,Net generation,53405,megawatthours,2026-01-26 13:00:00,53405.0
2026-01-26T13,NW,Northwest,TI,Total interchange,1810,megawatthours,2026-01-26 13:00:00,1810.0
2026-01-26T12,NW,Northwest,D,Demand,46797,megawatthours,2026-01-26 12:00:00,46797.0
2026-01-26T12,NW,Northwest,DF,Day-ahead demand forecast,43333,megawatthours,2026-01-26 12:00:00,43333.0
2026-01-26T12,NW,Northwest,NG,Net generation,48961,megawatthours,2026-01-26 12:00:00,48961.0
2026-01-26T12,NW,Northwest,TI,Total interchange,2170,megawatthours,2026-01-26 12:00:00,2170.0
2026-01-26T11,NW,Northwest,D,Demand,46141,megawatthours,2026-01-26 11:00:00,46141.0
2026-01-26T11,NW,Northwest,DF,Day-ahead demand forecast,42641,megawatthours,2026-01-26 11:00:00,42641.0
2026-01-26T11,NW,Northwest,NG,Net generation,48372,megawatthours,2026-01-26 11:00:00,48372.0
2026-01-26T11,NW,Northwest,TI,Total interchange,2240,megawatthours,2026-01-26 11:00:00,2240.0
2026-01-26T10,NW,Northwest,D,Demand,45683,megawatthours,2026-01-26 10:00:00,45683.0
2026-01-26T10,NW,Northwest,DF,Day-ahead demand forecast,42530,megawatthours,2026-01-26 10:00:00,42530.0
2026-01-26T10,NW,Northwest,NG,Net generation,48656,megawatthours,2026-01-26 10:00:00,48656.0
2026-01-26T10,NW,Northwest,TI,Total interchange,2983,megawatthours,2026-01-26 10:00:00,2983.0
2026-01-26T09,NW,Northwest,D,Demand,45469,megawatthours,2026-01-26 09:00:00,45469.0
2026-01-26T09,NW,Northwest,DF,Day-ahead demand forecast,42748,megawatthours,2026-01-26 09:00:00,42748.0
2026-01-26T09,NW,Northwest,NG,Net generation,48482,megawatthours,2026-01-26 09:00:00,48482.0
2026-01-26T09,NW,Northwest,TI,Total interchange,3017,megawatthours,2026-01-26 09:00:00,3017.0
2026-01-26T08,NW,Northwest,D,Demand,46039,megawatthours,2026-01-26 08:00:00,46039.0
2026-01-26T08,NW,Northwest,DF,Day-ahead demand forecast,43382,megawatthours,2026-01-26 08:00:00,43382.0
2026-01-26T08,NW,Northwest,NG,Net generation,48066,megawatthours,2026-01-26 08:00:00,48066.0
2026-01-26T08,NW,Northwest,TI,Total interchange,2591,megawatthours,2026-01-26 08:00:00,2591.0
2026-01-26T07,NW,Northwest,D,Demand,42986,megawatthours,2026-01-26 07:00:00,42986.0
2026-01-26T07,NW,Northwest,DF,Day-ahead demand forecast,40990,megawatthours,2026-01-26 07:00:00,40990.0
2026-01-26T07,NW,Northwest,NG,Net generation,44943,megawatthours,2026-01-26 07:00:00,44943.0
2026-01-26T07,NW,Northwest,TI,Total interchange,2199,megawatthours,2026-01-26 07:00:00,2199.0
2026-01-26T06,NW,Northwest,D,Demand,45163,megawatthours,2026-01-26 06:00:00,45163.0
2026-01-26T06,NW,Northwest,DF,Day-ahead demand forecast,42861,megawatthours,2026-01-26 06:00:00,42861.0
2026-01-26T06,NW,Northwest,NG,Net generation,46698,megawatthours,2026-01-26 06:00:00,46698.0
2026-01-26T06,NW,Northwest,TI,Total interchange,1780,megawatthours,2026-01-26 06:00:00,1780.0
2026-01-26T05,NW,Northwest,D,Demand,46612,megawatthours,2026-01-26 05:00:00,46612.0
2026-01-26T05,NW,Northwest,DF,Day-ahead demand forecast,44086,megawatthours,2026-01-26 05:00:00,44086.0
2026-01-26T05,NW,Northwest,NG,Net generation,55298,megawatthours,2026-01-26 05:00:00,55298.0
2026-01-26T05,NW,Northwest,TI,Total interchange,804,megawatthours,2026-01-26 05:00:00,804.0
2026-01-26T04,NW,Northwest,D,Demand,47651,megawatthours,2026-01-26 04:00:00,47651.0
2026-01-26T04,NW,Northwest,DF,Day-ahead demand forecast,44842,megawatthours,2026-01-26 04:00:00,44842.0
2026-01-26T04,NW,Northwest,NG,Net generation,56295,megawatthours,2026-01-26 04:00:00,56295.0
2026-01-26T04,NW,Northwest,TI,Total interchange,668,megawatthours,2026-01-26 04:00:00,668.0
2026-01-26T03,NW,Northwest,D,Demand,47416,megawatthours,2026-01-26 03:00:00,47416.0
2026-01-26T03,NW,Northwest,DF,Day-ahead demand forecast,45196,megawatthours,2026-01-26 03:00:00,45196.0
2026-01-26T03,NW,Northwest,NG,Net generation,48125,megawatthours,2026-01-26 03:00:00,48125.0
2026-01-26T03,NW,Northwest,TI,Total interchange,-77,megawatthours,2026-01-26 03:00:00,-77.0
2026-01-26T02,NW,Northwest,D,Demand,47411,megawatthours,2026-01-26 02:00:00,47411.0
2026-01-26T02,NW,Northwest,DF,Day-ahead demand forecast,44961,megawatthours,2026-01-26 02:00:00,44961.0
2026-01-26T02,NW,Northwest,NG,Net generation,46826,megawatthours,2026-01-26 02:00:00,46826.0
2026-01-26T02,NW,Northwest,TI,Total interchange,-1254,megawatthours,2026-01-26 02:00:00,-1254.0
2026-01-26T01,NW,Northwest,D,Demand,45054,megawatthours,2026-01-26 01:00:00,45054.0
2026-01-26T01,NW,Northwest,DF,Day-ahead demand forecast,43084,megawatthours,2026-01-26 01:00:00,43084.0
2026-01-26T01,NW,Northwest,NG,Net generation,44002,megawatthours,2026-01-26 01:00:00,44002.0
2026-01-26T01,NW,Northwest,TI,Total interchange,-1577,megawatthours,2026-01-26 01:00:00,-1577.0
2026-01-26T00,NW,Northwest,D,Demand,43494,megawatthours,2026-01-26 00:00:00,43494.0
2026-01-26T00,NW,Northwest,DF,Day-ahead demand forecast,41004,megawatthours,2026-01-26 00:00:00,41004.0
2026-01-26T00,NW,Northwest,NG,Net generation,42010,megawatthours,2026-01-26 00:00:00,42010.0
2026-01-26T00,NW,Northwest,TI,Total interchange,-2048,megawatthours,2026-01-26 00:00:00,-2048.0
2026-01-25T23,NW,Northwest,D,Demand,43443,megawatthours,2026-01-25 23:00:00,43443.0
2026-01-25T23,NW,Northwest,DF,Day-ahead demand forecast,39987,megawatthours,2026-01-25 23:00:00,39987.0
2026-01-25T23,NW,Northwest,NG,Net generation,47513,megawatthours,2026-01-25 23:00:00,47513.0
2026-01-25T23,NW,Northwest,TI,Total interchange,-2658,megawatthours,2026-01-25 23:00:00,-2658.0
2026-01-25T22,NW,Northwest,D,Demand,43976,megawatthours,2026-01-25 22:00:00,43976.0
2026-01-25T22,NW,Northwest,DF,Day-ahead demand forecast,39794,megawatthours,2026-01-25 22:00:00,39794.0
2026-01-25T22,NW,Northwest,NG,Net generation,48141,megawatthours,2026-01-25 22:00:00,48141.0
2026-01-25T22,NW,Northwest,TI,Total interchange,-2830,megawatthours,2026-01-25 22:00:00,-2830.0
2026-01-25T21,NW,Northwest,D,Demand,44688,megawatthours,2026-01-25 21:00:00,44688.0
2026-01-25T21,NW,Northwest,DF,Day-ahead demand forecast,40138,megawatthours,2026-01-25 21:00:00,40138.0
2026-01-25T21,NW,Northwest,NG,Net generation,50092,megawatthours,2026-01-25 21:00:00,50092.0
2026-01-25T21,NW,Northwest,TI,Total interchange,-1678,megawatthours,2026-01-25 21:00:00,-1678.0
2026-01-25T20,NW,Northwest,D,Demand,45395,megawatthours,2026-01-25 20:00:00,45395.0
2026-01-25T20,NW,Northwest,DF,Day-ahead demand forecast,41105,megawatthours,2026-01-25 20:00:00,41105.0
2026-01-25T20,NW,Northwest,NG,Net generation,50633,megawatthours,2026-01-25 20:00:00,50633.0
2026-01-25T20,NW,Northwest,TI,Total interchange,-1614,megawatthours,2026-01-25 20:00:00,-1614.0
2026-01-25T19,NW,Northwest,D,Demand,50594,megawatthours,2026-01-25 19:00:00,50594.0
2026-01-25T19,NW,Northwest,DF,Day-ahead demand forecast,42293,megawatthours,2026-01-25 19:00:00,42293.0
2026-01-25T19,NW,Northwest,NG,Net generation,48672,megawatthours,2026-01-25 19:00:00,48672.0
2026-01-25T19,NW,Northwest,TI,Total interchange,-1909,megawatthours,2026-01-25 19:00:00,-1909.0
2026-01-25T18,NW,Northwest,D,Demand,51925,megawatthours,2026-01-25 18:00:00,51925.0
2026-01-25T18,NW,Northwest,DF,Day-ahead demand forecast,43280,megawatthours,2026-01-25 18:00:00,43280.0
2026-01-25T18,NW,Northwest,NG,Net generation,49737,megawatthours,2026-01-25 18:00:00,49737.0
2026-01-25T18,NW,Northwest,TI,Total interchange,-2181,megawatthours,2026-01-25 18:00:00,-2181.0
2026-01-25T17,NW,Northwest,D,Demand,52405,megawatthours,2026-01-25 17:00:00,52405.0
2026-01-25T17,NW,Northwest,DF,Day-ahead demand forecast,43964,megawatthours,2026-01-25 17:00:00,43964.0
2026-01-25T17,NW,Northwest,NG,Net generation,49641,megawatthours,2026-01-25 17:00:00,49641.0
2026-01-25T17,NW,Northwest,TI,Total interchange,-2757,megawatthours,2026-01-25 17:00:00,-2757.0
2026-01-25T16,NW,Northwest,D,Demand,47054,megawatthours,2026-01-25 16:00:00,47054.0
2026-01-25T16,NW,Northwest,DF,Day-ahead demand forecast,43472,megawatthours,2026-01-25 16:00:00,43472.0
2026-01-25T16,NW,Northwest,NG,Net generation,52896,megawatthours,2026-01-25 16:00:00,52896.0
2026-01-25T16,NW,Northwest,TI,Total interchange,-1513,megawatthours,2026-01-25 16:00:00,-1513.0
2026-01-25T15,NW,Northwest,D,Demand,45714,megawatthours,2026-01-25 15:00:00,45714.0
2026-01-25T15,NW,Northwest,DF,Day-ahead demand forecast,42394,megawatthours,2026-01-25 15:00:00,42394.0
2026-01-25T15,NW,Northwest,NG,Net generation,52892,megawatthours,2026-01-25 15:00:00,52892.0
2026-01-25T15,NW,Northwest,TI,Total interchange,-217,megawatthours,2026-01-25 15:00:00,-217.0
2026-01-25T14,NW,Northwest,D,Demand,47778,megawatthours,2026-01-25 14:00:00,47778.0
2026-01-25T14,NW,Northwest,DF,Day-ahead demand forecast,40774,megawatthours,2026-01-25 14:00:00,40774.0
2026-01-25T14,NW,Northwest,NG,Net generation,51050,megawatthours,2026-01-25 14:00:00,51050.0
2026-01-25T14,NW,Northwest,TI,Total interchange,-192,megawatthours,2026-01-25 14:00:00,-192.0
2026-01-25T13,NW,Northwest,D,Demand,46407,megawatthours,2026-01-25 13:00:00,46407.0
2026-01-25T13,NW,Northwest,DF,Day-ahead demand forecast,39505,megawatthours,2026-01-25 13:00:00,39505.0
2026-01-25T13,NW,Northwest,NG,Net generation,49195,megawatthours,2026-01-25 13:00:00,49195.0
2026-01-25T13,NW,Northwest,TI,Total interchange,-520,megawatthours,2026-01-25 13:00:00,-520.0
2026-01-25T12,NW,Northwest,D,Demand,45642,megawatthours,2026-01-25 12:00:00,45642.0
2026-01-25T12,NW,Northwest,DF,Day-ahead demand forecast,38744,megawatthours,2026-01-25 12:00:00,38744.0
2026-01-25T12,NW,Northwest,NG,Net generation,44967,megawatthours,2026-01-25 12:00:00,44967.0
2026-01-25T12,NW,Northwest,TI,Total interchange,-818,megawatthours,2026-01-25 12:00:00,-818.0
2026-01-25T11,NW,Northwest,D,Demand,45251,megawatthours,2026-01-25 11:00:00,45251.0
2026-01-25T11,NW,Northwest,DF,Day-ahead demand forecast,38372,megawatthours,2026-01-25 11:00:00,38372.0
2026-01-25T11,NW,Northwest,NG,Net generation,44667,megawatthours,2026-01-25 11:00:00,44667.0
2026-01-25T11,NW,Northwest,TI,Total interchange,-578,megawatthours,2026-01-25 11:00:00,-578.0
2026-01-25T10,NW,Northwest,D,Demand,45202,megawatthours,2026-01-25 10:00:00,45202.0
2026-01-25T10,NW,Northwest,DF,Day-ahead demand forecast,37956,megawatthours,2026-01-25 10:00:00,37956.0
2026-01-25T10,NW,Northwest,NG,Net generation,44391,megawatthours,2026-01-25 10:00:00,44391.0
2026-01-25T10,NW,Northwest,TI,Total interchange,-805,megawatthours,2026-01-25 10:00:00,-805.0
2026-01-25T09,NW,Northwest,D,Demand,45580,megawatthours,2026-01-25 09:00:00,45580.0
2026-01-25T09,NW,Northwest,DF,Day-ahead demand forecast,38453,megawatthours,2026-01-25 09:00:00,38453.0
2026-01-25T09,NW,Northwest,NG,Net generation,45070,megawatthours,2026-01-25 09:00:00,45070.0
2026-01-25T09,NW,Northwest,TI,Total interchange,-508,megawatthours,2026-01-25 09:00:00,-508.0
2026-01-25T08,NW,Northwest,D,Demand,46069,megawatthours,2026-01-25 08:00:00,46069.0
2026-01-25T08,NW,Northwest,DF,Day-ahead demand forecast,39131,megawatthours,2026-01-25 08:00:00,39131.0
2026-01-25T08,NW,Northwest,NG,Net generation,45985,megawatthours,2026-01-25 08:00:00,45985.0
2026-01-25T08,NW,Northwest,TI,Total interchange,673,megawatthours,2026-01-25 08:00:00,673.0
2026-01-25T07,NW,Northwest,D,Demand,43550,megawatthours,2026-01-25 07:00:00,43550.0
2026-01-25T07,NW,Northwest,DF,Day-ahead demand forecast,40363,megawatthours,2026-01-25 07:00:00,40363.0
2026-01-25T07,NW,Northwest,NG,Net generation,43922,megawatthours,2026-01-25 07:00:00,43922.0
2026-01-25T07,NW,Northwest,TI,Total interchange,1323,megawatthours,2026-01-25 07:00:00,1323.0
2026-01-25T06,NW,Northwest,D,Demand,44990,megawatthours,2026-01-25 06:00:00,44990.0
2026-01-25T06,NW,Northwest,DF,Day-ahead demand forecast,41746,megawatthours,2026-01-25 06:00:00,41746.0
2026-01-25T06,NW,Northwest,NG,Net generation,44566,megawatthours,2026-01-25 06:00:00,44566.0
2026-01-25T06,NW,Northwest,TI,Total interchange,767,megawatthours,2026-01-25 06:00:00,767.0
2026-01-25T05,NW,Northwest,D,Demand,53499,megawatthours,2026-01-25 05:00:00,53499.0
2026-01-25T05,NW,Northwest,DF,Day-ahead demand forecast,42900,megawatthours,2026-01-25 05:00:00,42900.0
2026-01-25T05,NW,Northwest,NG,Net generation,46124,megawatthours,2026-01-25 05:00:00,46124.0
2026-01-25T05,NW,Northwest,TI,Total interchange,138,megawatthours,2026-01-25 05:00:00,138.0
2026-01-25T04,NW,Northwest,D,Demand,46442,megawatthours,2026-01-25 04:00:00,46442.0
2026-01-25T04,NW,Northwest,DF,Day-ahead demand forecast,43489,megawatthours,2026-01-25 04:00:00,43489.0
2026-01-25T04,NW,Northwest,NG,Net generation,45333,megawatthours,2026-01-25 04:00:00,45333.0
2026-01-25T04,NW,Northwest,TI,Total interchange,-1065,megawatthours,2026-01-25 04:00:00,-1065.0
2026-01-25T03,NW,Northwest,D,Demand,46714,megawatthours,2026-01-25 03:00:00,46714.0
2026-01-25T03,NW,Northwest,DF,Day-ahead demand forecast,43839,megawatthours,2026-01-25 03:00:00,43839.0
2026-01-25T03,NW,Northwest,NG,Net generation,45928,megawatthours,2026-01-25 03:00:00,45928.0
2026-01-25T03,NW,Northwest,TI,Total interchange,-733,megawatthours,2026-01-25 03:00:00,-733.0
2026-01-25T02,NW,Northwest,D,Demand,46522,megawatthours,2026-01-25 02:00:00,46522.0
2026-01-25T02,NW,Northwest,DF,Day-ahead demand forecast,43727,megawatthours,2026-01-25 02:00:00,43727.0
2026-01-25T02,NW,Northwest,NG,Net generation,46145,megawatthours,2026-01-25 02:00:00,46145.0
2026-01-25T02,NW,Northwest,TI,Total interchange,-231,megawatthours,2026-01-25 02:00:00,-231.0
2026-01-25T01,NW,Northwest,D,Demand,44820,megawatthours,2026-01-25 01:00:00,44820.0
2026-01-25T01,NW,Northwest,DF,Day-ahead demand forecast,42119,megawatthours,2026-01-25 01:00:00,42119.0
2026-01-25T01,NW,Northwest,NG,Net generation,44642,megawatthours,2026-01-25 01:00:00,44642.0
2026-01-25T01,NW,Northwest,TI,Total interchange,-41,megawatthours,2026-01-25 01:00:00,-41.0
2026-01-25T00,NW,Northwest,D,Demand,42719,megawatthours,2026-01-25 00:00:00,42719.0
2026-01-25T00,NW,Northwest,DF,Day-ahead demand forecast,40159,megawatthours,2026-01-25 00:00:00,40159.0
2026-01-25T00,NW,Northwest,NG,Net generation,43393,megawatthours,2026-01-25 00:00:00,43393.0
2026-01-25T00,NW,Northwest,TI,Total interchange,685,megawatthours,2026-01-25 00:00:00,685.0
2026-01-24T23,NW,Northwest,D,Demand,42387,megawatthours,2026-01-24 23:00:00,42387.0
2026-01-24T23,NW,Northwest,DF,Day-ahead demand forecast,39344,megawatthours,2026-01-24 23:00:00,39344.0
2026-01-24T23,NW,Northwest,NG,Net generation,43972,megawatthours,2026-01-24 23:00:00,43972.0
2026-01-24T23,NW,Northwest,TI,Total interchange,1594,megawatthours,2026-01-24 23:00:00,1594.0
2026-01-24T22,NW,Northwest,D,Demand,42848,megawatthours,2026-01-24 22:00:00,42848.0
2026-01-24T22,NW,Northwest,DF,Day-ahead demand forecast,39575,megawatthours,2026-01-24 22:00:00,39575.0
2026-01-24T22,NW,Northwest,NG,Net generation,43746,megawatthours,2026-01-24 22:00:00,43746.0
2026-01-24T22,NW,Northwest,TI,Total interchange,904,megawatthours,2026-01-24 22:00:00,904.0
2026-01-24T21,NW,Northwest,D,Demand,43574,megawatthours,2026-01-24 21:00:00,43574.0
2026-01-24T21,NW,Northwest,DF,Day-ahead demand forecast,40263,megawatthours,2026-01-24 21:00:00,40263.0
2026-01-24T21,NW,Northwest,NG,Net generation,44191,megawatthours,2026-01-24 21:00:00,44191.0
2026-01-24T21,NW,Northwest,TI,Total interchange,625,megawatthours,2026-01-24 21:00:00,625.0
2026-01-24T20,NW,Northwest,D,Demand,44424,megawatthours,2026-01-24 20:00:00,44424.0
2026-01-24T20,NW,Northwest,DF,Day-ahead demand forecast,40909,megawatthours,2026-01-24 20:00:00,40909.0
2026-01-24T20,NW,Northwest,NG,Net generation,44366,megawatthours,2026-01-24 20:00:00,44366.0
2026-01-24T20,NW,Northwest,TI,Total interchange,-38,megawatthours,2026-01-24 20:00:00,-38.0
2026-01-24T19,NW,Northwest,D,Demand,45924,megawatthours,2026-01-24 19:00:00,45924.0
2026-01-24T19,NW,Northwest,DF,Day-ahead demand forecast,42119,megawatthours,2026-01-24 19:00:00,42119.0
2026-01-24T19,NW,Northwest,NG,Net generation,45099,megawatthours,2026-01-24 19:00:00,45099.0
2026-01-24T19,NW,Northwest,TI,Total interchange,-802,megawatthours,2026-01-24 19:00:00,-802.0
2026-01-24T18,NW,Northwest,D,Demand,47457,megawatthours,2026-01-24 18:00:00,47457.0
2026-01-24T18,NW,Northwest,DF,Day-ahead demand forecast,43714,megawatthours,2026-01-24 18:00:00,43714.0
2026-01-24T18,NW,Northwest,NG,Net generation,45859,megawatthours,2026-01-24 18:00:00,45859.0
2026-01-24T18,NW,Northwest,TI,Total interchange,-1561,megawatthours,2026-01-24 18:00:00,-1561.0
2026-01-24T17,NW,Northwest,D,Demand,47942,megawatthours,2026-01-24 17:00:00,47942.0
2026-01-24T17,NW,Northwest,DF,Day-ahead demand forecast,43735,megawatthours,2026-01-24 17:00:00,43735.0
2026-01-24T17,NW,Northwest,NG,Net generation,46269,megawatthours,2026-01-24 17:00:00,46269.0
2026-01-24T17,NW,Northwest,TI,Total interchange,-1627,megawatthours,2026-01-24 17:00:00,-1627.0
2026-01-24T16,NW,Northwest,D,Demand,47196,megawatthours,2026-01-24 16:00:00,47196.0
2026-01-24T16,NW,Northwest,DF,Day-ahead demand forecast,43432,megawatthours,2026-01-24 16:00:00,43432.0
2026-01-24T16,NW,Northwest,NG,Net generation,46588,megawatthours,2026-01-24 16:00:00,46588.0
2026-01-24T16,NW,Northwest,TI,Total interchange,-572,megawatthours,2026-01-24 16:00:00,-572.0
2026-01-24T15,NW,Northwest,D,Demand,45330,megawatthours,2026-01-24 15:00:00,45330.0
2026-01-24T15,NW,Northwest,DF,Day-ahead demand forecast,42213,megawatthours,2026-01-24 15:00:00,42213.0
2026-01-24T15,NW,Northwest,NG,Net generation,45400,megawatthours,2026-01-24 15:00:00,45400.0
2026-01-24T15,NW,Northwest,TI,Total interchange,78,megawatthours,2026-01-24 15:00:00,78.0
2026-01-24T14,NW,Northwest,D,Demand,47276,megawatthours,2026-01-24 14:00:00,47276.0
2026-01-24T14,NW,Northwest,DF,Day-ahead demand forecast,40508,megawatthours,2026-01-24 14:00:00,40508.0
2026-01-24T14,NW,Northwest,NG,Net generation,44426,megawatthours,2026-01-24 14:00:00,44426.0
2026-01-24T14,NW,Northwest,TI,Total interchange,1053,megawatthours,2026-01-24 14:00:00,1053.0
2026-01-24T13,NW,Northwest,D,Demand,45694,megawatthours,2026-01-24 13:00:00,45694.0
2026-01-24T13,NW,Northwest,DF,Day-ahead demand forecast,39153,megawatthours,2026-01-24 13:00:00,39153.0
2026-01-24T13,NW,Northwest,NG,Net generation,42919,megawatthours,2026-01-24 13:00:00,42919.0
2026-01-24T13,NW,Northwest,TI,Total interchange,1031,megawatthours,2026-01-24 13:00:00,1031.0
2026-01-24T12,NW,Northwest,D,Demand,44715,megawatthours,2026-01-24 12:00:00,44715.0
2026-01-24T12,NW,Northwest,DF,Day-ahead demand forecast,38470,megawatthours,2026-01-24 12:00:00,38470.0
2026-01-24T12,NW,Northwest,NG,Net generation,42416,megawatthours,2026-01-24 12:00:00,42416.0
2026-01-24T12,NW,Northwest,TI,Total interchange,1484,megawatthours,2026-01-24 12:00:00,1484.0
2026-01-24T11,NW,Northwest,D,Demand,44281,megawatthours,2026-01-24 11:00:00,44281.0
2026-01-24T11,NW,Northwest,DF,Day-ahead demand forecast,38024,megawatthours,2026-01-24 11:00:00,38024.0
2026-01-24T11,NW,Northwest,NG,Net generation,42041,megawatthours,2026-01-24 11:00:00,42041.0
2026-01-24T11,NW,Northwest,TI,Total interchange,1533,megawatthours,2026-01-24 11:00:00,1533.0
2026-01-24T10,NW,Northwest,D,Demand,44431,megawatthours,2026-01-24 10:00:00,44431.0
2026-01-24T10,NW,Northwest,DF,Day-ahead demand forecast,37724,megawatthours,2026-01-24 10:00:00,37724.0
2026-01-24T10,NW,Northwest,NG,Net generation,42235,megawatthours,2026-01-24 10:00:00,42235.0
2026-01-24T10,NW,Northwest,TI,Total interchange,1580,megawatthours,2026-01-24 10:00:00,1580.0
2026-01-24T09,NW,Northwest,D,Demand,44846,megawatthours,2026-01-24 09:00:00,44846.0
2026-01-24T09,NW,Northwest,DF,Day-ahead demand forecast,38287,megawatthours,2026-01-24 09:00:00,38287.0
2026-01-24T09,NW,Northwest,NG,Net generation,42460,megawatthours,2026-01-24 09:00:00,42460.0
2026-01-24T09,NW,Northwest,TI,Total interchange,1455,megawatthours,2026-01-24 09:00:00,1455.0
2026-01-24T08,NW,Northwest,D,Demand,45477,megawatthours,2026-01-24 08:00:00,45477.0
2026-01-24T08,NW,Northwest,DF,Day-ahead demand forecast,39003,megawatthours,2026-01-24 08:00:00,39003.0
2026-01-24T08,NW,Northwest,NG,Net generation,41685,megawatthours,2026-01-24 08:00:00,41685.0
2026-01-24T08,NW,Northwest,TI,Total interchange,930,megawatthours,2026-01-24 08:00:00,930.0
2026-01-24T07,NW,Northwest,D,Demand,42795,megawatthours,2026-01-24 07:00:00,42795.0
2026-01-24T07,NW,Northwest,DF,Day-ahead demand forecast,40108,megawatthours,2026-01-24 07:00:00,40108.0
2026-01-24T07,NW,Northwest,NG,Net generation,43012,megawatthours,2026-01-24 07:00:00,43012.0
2026-01-24T07,NW,Northwest,TI,Total interchange,1209,megawatthours,2026-01-24 07:00:00,1209.0
2026-01-24T06,NW,Northwest,D,Demand,44334,megawatthours,2026-01-24 06:00:00,44334.0
2026-01-24T06,NW,Northwest,DF,Day-ahead demand forecast,41210,megawatthours,2026-01-24 06:00:00,41210.0
2026-01-24T06,NW,Northwest,NG,Net generation,43338,megawatthours,2026-01-24 06:00:00,43338.0
2026-01-24T06,NW,Northwest,TI,Total interchange,239,megawatthours,2026-01-24 06:00:00,239.0
2026-01-24T05,NW,Northwest,D,Demand,45843,megawatthours,2026-01-24 05:00:00,45843.0
2026-01-24T05,NW,Northwest,DF,Day-ahead demand forecast,42223,megawatthours,2026-01-24 05:00:00,42223.0
2026-01-24T05,NW,Northwest,NG,Net generation,46318,megawatthours,2026-01-24 05:00:00,46318.0
2026-01-24T05,NW,Northwest,TI,Total interchange,427,megawatthours,2026-01-24 05:00:00,427.0
2026-01-24T04,NW,Northwest,D,Demand,54743,megawatthours,2026-01-24 04:00:00,54743.0
2026-01-24T04,NW,Northwest,DF,Day-ahead demand forecast,42910,megawatthours,2026-01-24 04:00:00,42910.0
2026-01-24T04,NW,Northwest,NG,Net generation,46441,megawatthours,2026-01-24 04:00:00,46441.0
2026-01-24T04,NW,Northwest,TI,Total interchange,-201,megawatthours,2026-01-24 04:00:00,-201.0
2026-01-24T03,NW,Northwest,D,Demand,47132,megawatthours,2026-01-24 03:00:00,47132.0
2026-01-24T03,NW,Northwest,DF,Day-ahead demand forecast,43451,megawatthours,2026-01-24 03:00:00,43451.0
2026-01-24T03,NW,Northwest,NG,Net generation,47160,megawatthours,2026-01-24 03:00:00,47160.0
2026-01-24T03,NW,Northwest,TI,Total interchange,-2,megawatthours,2026-01-24 03:00:00,-2.0
2026-01-24T02,NW,Northwest,D,Demand,47308,megawatthours,2026-01-24 02:00:00,47308.0
2026-01-24T02,NW,Northwest,DF,Day-ahead demand forecast,43556,megawatthours,2026-01-24 02:00:00,43556.0
2026-01-24T02,NW,Northwest,NG,Net generation,46648,megawatthours,2026-01-24 02:00:00,46648.0
2026-01-24T02,NW,Northwest,TI,Total interchange,-662,megawatthours,2026-01-24 02:00:00,-662.0
2026-01-24T01,NW,Northwest,D,Demand,45869,megawatthours,2026-01-24 01:00:00,45869.0
2026-01-24T01,NW,Northwest,DF,Day-ahead demand forecast,42294,megawatthours,2026-01-24 01:00:00,42294.0
2026-01-24T01,NW,Northwest,NG,Net generation,45810,megawatthours,2026-01-24 01:00:00,45810.0
2026-01-24T01,NW,Northwest,TI,Total interchange,-30,megawatthours,2026-01-24 01:00:00,-30.0
2026-01-24T00,NW,Northwest,D,Demand,44354,megawatthours,2026-01-24 00:00:00,44354.0
2026-01-24T00,NW,Northwest,DF,Day-ahead demand forecast,40144,megawatthours,2026-01-24 00:00:00,40144.0
2026-01-24T00,NW,Northwest,NG,Net generation,43255,megawatthours,2026-01-24 00:00:00,43255.0
2026-01-24T00,NW,Northwest,TI,Total interchange,-1050,megawatthours,2026-01-24 00:00:00,-1050.0
2026-01-23T23,NW,Northwest,D,Demand,43997,megawatthours,2026-01-23 23:00:00,43997.0
2026-01-23T23,NW,Northwest,DF,Day-ahead demand forecast,39451,megawatthours,2026-01-23 23:00:00,39451.0
2026-01-23T23,NW,Northwest,NG,Net generation,42637,megawatthours,2026-01-23 23:00:00,42637.0
2026-01-23T23,NW,Northwest,TI,Total interchange,-1312,megawatthours,2026-01-23 23:00:00,-1312.0
2026-01-23T22,NW,Northwest,D,Demand,49032,megawatthours,2026-01-23 22:00:00,49032.0
2026-01-23T22,NW,Northwest,DF,Day-ahead demand forecast,39546,megawatthours,2026-01-23 22:00:00,39546.0
2026-01-23T22,NW,Northwest,NG,Net generation,43940,megawatthours,2026-01-23 22:00:00,43940.0
2026-01-23T22,NW,Northwest,TI,Total interchange,-639,megawatthours,2026-01-23 22:00:00,-639.0
2026-01-23T21,NW,Northwest,D,Demand,49600,megawatthours,2026-01-23 21:00:00,49600.0
2026-01-23T21,NW,Northwest,DF,Day-ahead demand forecast,40366,megawatthours,2026-01-23 21:00:00,40366.0
2026-01-23T21,NW,Northwest,NG,Net generation,44716,megawatthours,2026-01-23 21:00:00,44716.0
2026-01-23T21,NW,Northwest,TI,Total interchange,-498,megawatthours,2026-01-23 21:00:00,-498.0
2026-01-23T20,NW,Northwest,D,Demand,50616,megawatthours,2026-01-23 20:00:00,50616.0
2026-01-23T20,NW,Northwest,DF,Day-ahead demand forecast,41288,megawatthours,2026-01-23 20:00:00,41288.0
2026-01-23T20,NW,Northwest,NG,Net generation,45158,megawatthours,2026-01-23 20:00:00,45158.0
2026-01-23T20,NW,Northwest,TI,Total interchange,-1053,megawatthours,2026-01-23 20:00:00,-1053.0
2026-01-23T19,NW,Northwest,D,Demand,51755,megawatthours,2026-01-23 19:00:00,51755.0
2026-01-23T19,NW,Northwest,DF,Day-ahead demand forecast,42535,megawatthours,2026-01-23 19:00:00,42535.0
2026-01-23T19,NW,Northwest,NG,Net generation,45656,megawatthours,2026-01-23 19:00:00,45656.0
2026-01-23T19,NW,Northwest,TI,Total interchange,-1675,megawatthours,2026-01-23 19:00:00,-1675.0
2026-01-23T18,NW,Northwest,D,Demand,53142,megawatthours,2026-01-23 18:00:00,53142.0
2026-01-23T18,NW,Northwest,DF,Day-ahead demand forecast,43617,megawatthours,2026-01-23 18:00:00,43617.0
2026-01-23T18,NW,Northwest,NG,Net generation,46134,megawatthours,2026-01-23 18:00:00,46134.0
2026-01-23T18,NW,Northwest,TI,Total interchange,-2522,megawatthours,2026-01-23 18:00:00,-2522.0
2026-01-23T17,NW,Northwest,D,Demand,53547,megawatthours,2026-01-23 17:00:00,53547.0
2026-01-23T17,NW,Northwest,DF,Day-ahead demand forecast,44421,megawatthours,2026-01-23 17:00:00,44421.0
2026-01-23T17,NW,Northwest,NG,Net generation,47871,megawatthours,2026-01-23 17:00:00,47871.0
2026-01-23T17,NW,Northwest,TI,Total interchange,-1100,megawatthours,2026-01-23 17:00:00,-1100.0
2026-01-23T16,NW,Northwest,D,Demand,54255,megawatthours,2026-01-23 16:00:00,54255.0
2026-01-23T16,NW,Northwest,DF,Day-ahead demand forecast,44475,megawatthours,2026-01-23 16:00:00,44475.0
2026-01-23T16,NW,Northwest,NG,Net generation,47935,megawatthours,2026-01-23 16:00:00,47935.0
2026-01-23T16,NW,Northwest,TI,Total interchange,-662,megawatthours,2026-01-23 16:00:00,-662.0
2026-01-23T15,NW,Northwest,D,Demand,46795,megawatthours,2026-01-23 15:00:00,46795.0
2026-01-23T15,NW,Northwest,DF,Day-ahead demand forecast,43563,megawatthours,2026-01-23 15:00:00,43563.0
2026-01-23T15,NW,Northwest,NG,Net generation,46718,megawatthours,2026-01-23 15:00:00,46718.0
2026-01-23T15,NW,Northwest,TI,Total interchange,5,megawatthours,2026-01-23 15:00:00,5.0
2026-01-23T14,NW,Northwest,D,Demand,48979,megawatthours,2026-01-23 14:00:00,48979.0
2026-01-23T14,NW,Northwest,DF,Day-ahead demand forecast,41015,megawatthours,2026-01-23 14:00:00,41015.0
2026-01-23T14,NW,Northwest,NG,Net generation,45166,megawatthours,2026-01-23 14:00:00,45166.0
2026-01-23T14,NW,Northwest,TI,Total interchange,1372,megawatthours,2026-01-23 14:00:00,1372.0
2026-01-23T13,NW,Northwest,D,Demand,46213,megawatthours,2026-01-23 13:00:00,46213.0
2026-01-23T13,NW,Northwest,DF,Day-ahead demand forecast,38542,megawatthours,2026-01-23 13:00:00,38542.0
2026-01-23T13,NW,Northwest,NG,Net generation,42358,megawatthours,2026-01-23 13:00:00,42358.0
2026-01-23T13,NW,Northwest,TI,Total interchange,1223,megawatthours,2026-01-23 13:00:00,1223.0
2026-01-23T12,NW,Northwest,D,Demand,44370,megawatthours,2026-01-23 12:00:00,44370.0
2026-01-23T12,NW,Northwest,DF,Day-ahead demand forecast,37257,megawatthours,2026-01-23 12:00:00,37257.0
2026-01-23T12,NW,Northwest,NG,Net generation,40688,megawatthours,2026-01-23 12:00:00,40688.0
2026-01-23T12,NW,Northwest,TI,Total interchange,1104,megawatthours,2026-01-23 12:00:00,1104.0
2026-01-23T11,NW,Northwest,D,Demand,42838,megawatthours,2026-01-23 11:00:00,42838.0
2026-01-23T11,NW,Northwest,DF,Day-ahead demand forecast,36731,megawatthours,2026-01-23 11:00:00,36731.0
2026-01-23T11,NW,Northwest,NG,Net generation,40141,megawatthours,2026-01-23 11:00:00,40141.0
2026-01-23T11,NW,Northwest,TI,Total interchange,1178,megawatthours,2026-01-23 11:00:00,1178.0
2026-01-23T10,NW,Northwest,D,Demand,42943,megawatthours,2026-01-23 10:00:00,42943.0
2026-01-23T10,NW,Northwest,DF,Day-ahead demand forecast,36676,megawatthours,2026-01-23 10:00:00,36676.0
2026-01-23T10,NW,Northwest,NG,Net generation,40676,megawatthours,2026-01-23 10:00:00,40676.0
2026-01-23T10,NW,Northwest,TI,Total interchange,1548,megawatthours,2026-01-23 10:00:00,1548.0
2026-01-23T09,NW,Northwest,D,Demand,43482,megawatthours,2026-01-23 09:00:00,43482.0
2026-01-23T09,NW,Northwest,DF,Day-ahead demand forecast,36943,megawatthours,2026-01-23 09:00:00,36943.0
2026-01-23T09,NW,Northwest,NG,Net generation,41571,megawatthours,2026-01-23 09:00:00,41571.0
2026-01-23T09,NW,Northwest,TI,Total interchange,1926,megawatthours,2026-01-23 09:00:00,1926.0
2026-01-23T08,NW,Northwest,D,Demand,40465,megawatthours,2026-01-23 08:00:00,40465.0
2026-01-23T08,NW,Northwest,DF,Day-ahead demand forecast,37901,megawatthours,2026-01-23 08:00:00,37901.0
2026-01-23T08,NW,Northwest,NG,Net generation,40875,megawatthours,2026-01-23 08:00:00,40875.0
2026-01-23T08,NW,Northwest,TI,Total interchange,1132,megawatthours,2026-01-23 08:00:00,1132.0
2026-01-23T07,NW,Northwest,D,Demand,38182,megawatthours,2026-01-23 07:00:00,38182.0
2026-01-23T07,NW,Northwest,DF,Day-ahead demand forecast,42772,megawatthours,2026-01-23 07:00:00,42772.0
2026-01-23T07,NW,Northwest,NG,Net generation,46144,megawatthours,2026-01-23 07:00:00,46144.0
2026-01-23T07,NW,Northwest,TI,Total interchange,1677,megawatthours,2026-01-23 07:00:00,1677.0
2026-01-23T06,NW,Northwest,D,Demand,48439,megawatthours,2026-01-23 06:00:00,48439.0
2026-01-23T06,NW,Northwest,DF,Day-ahead demand forecast,44403,megawatthours,2026-01-23 06:00:00,44403.0
2026-01-23T06,NW,Northwest,NG,Net generation,48824,megawatthours,2026-01-23 06:00:00,48824.0
2026-01-23T06,NW,Northwest,TI,Total interchange,856,megawatthours,2026-01-23 06:00:00,856.0
2026-01-23T05,NW,Northwest,D,Demand,49472,megawatthours,2026-01-23 05:00:00,49472.0
2026-01-23T05,NW,Northwest,DF,Day-ahead demand forecast,45951,megawatthours,2026-01-23 05:00:00,45951.0
2026-01-23T05,NW,Northwest,NG,Net generation,53094,megawatthours,2026-01-23 05:00:00,53094.0
2026-01-23T05,NW,Northwest,TI,Total interchange,694,megawatthours,2026-01-23 05:00:00,694.0
2026-01-23T04,NW,Northwest,D,Demand,46747,megawatthours,2026-01-23 04:00:00,46747.0
2026-01-23T04,NW,Northwest,DF,Day-ahead demand forecast,47039,megawatthours,2026-01-23 04:00:00,47039.0
2026-01-23T04,NW,Northwest,NG,Net generation,57032,megawatthours,2026-01-23 04:00:00,57032.0
2026-01-23T04,NW,Northwest,TI,Total interchange,566,megawatthours,2026-01-23 04:00:00,566.0
2026-01-23T03,NW,Northwest,D,Demand,47419,megawatthours,2026-01-23 03:00:00,47419.0
2026-01-23T03,NW,Northwest,DF,Day-ahead demand forecast,47639,megawatthours,2026-01-23 03:00:00,47639.0
2026-01-23T03,NW,Northwest,NG,Net generation,47460,megawatthours,2026-01-23 03:00:00,47460.0
2026-01-23T03,NW,Northwest,TI,Total interchange,181,megawatthours,2026-01-23 03:00:00,181.0
2026-01-23T02,NW,Northwest,D,Demand,51336,megawatthours,2026-01-23 02:00:00,51336.0
2026-01-23T02,NW,Northwest,DF,Day-ahead demand forecast,47664,megawatthours,2026-01-23 02:00:00,47664.0
2026-01-23T02,NW,Northwest,NG,Net generation,47110,megawatthours,2026-01-23 02:00:00,47110.0
2026-01-23T02,NW,Northwest,TI,Total interchange,-270,megawatthours,2026-01-23 02:00:00,-270.0
2026-01-23T01,NW,Northwest,D,Demand,46465,megawatthours,2026-01-23 01:00:00,46465.0
2026-01-23T01,NW,Northwest,DF,Day-ahead demand forecast,46308,megawatthours,2026-01-23 01:00:00,46308.0
2026-01-23T01,NW,Northwest,NG,Net generation,46198,megawatthours,2026-01-23 01:00:00,46198.0
2026-01-23T01,NW,Northwest,TI,Total interchange,-258,megawatthours,2026-01-23 01:00:00,-258.0
2026-01-23T00,NW,Northwest,D,Demand,48894,megawatthours,2026-01-23 00:00:00,48894.0
2026-01-23T00,NW,Northwest,DF,Day-ahead demand forecast,44564,megawatthours,2026-01-23 00:00:00,44564.0
2026-01-23T00,NW,Northwest,NG,Net generation,48488,megawatthours,2026-01-23 00:00:00,48488.0
2026-01-23T00,NW,Northwest,TI,Total interchange,-149,megawatthours,2026-01-23 00:00:00,-149.0
2026-01-22T23,NW,Northwest,D,Demand,45056,megawatthours,2026-01-22 23:00:00,45056.0
2026-01-22T23,NW,Northwest,DF,Day-ahead demand forecast,43424,megawatthours,2026-01-22 23:00:00,43424.0
2026-01-22T23,NW,Northwest,NG,Net generation,48412,megawatthours,2026-01-22 23:00:00,48412.0
2026-01-22T23,NW,Northwest,TI,Total interchange,537,megawatthours,2026-01-22 23:00:00,537.0
2026-01-22T22,NW,Northwest,D,Demand,48927,megawatthours,2026-01-22 22:00:00,48927.0
2026-01-22T22,NW,Northwest,DF,Day-ahead demand forecast,43320,megawatthours,2026-01-22 22:00:00,43320.0
2026-01-22T22,NW,Northwest,NG,Net generation,49257,megawatthours,2026-01-22 22:00:00,49257.0
2026-01-22T22,NW,Northwest,TI,Total interchange,-207,megawatthours,2026-01-22 22:00:00,-207.0
2026-01-22T21,NW,Northwest,D,Demand,49513,megawatthours,2026-01-22 21:00:00,49513.0
2026-01-22T21,NW,Northwest,DF,Day-ahead demand forecast,43571,megawatthours,2026-01-22 21:00:00,43571.0
2026-01-22T21,NW,Northwest,NG,Net generation,45278,megawatthours,2026-01-22 21:00:00,45278.0
2026-01-22T21,NW,Northwest,TI,Total interchange,-458,megawatthours,2026-01-22 21:00:00,-458.0
2026-01-22T20,NW,Northwest,D,Demand,50085,megawatthours,2026-01-22 20:00:00,50085.0
2026-01-22T20,NW,Northwest,DF,Day-ahead demand forecast,44078,megawatthours,2026-01-22 20:00:00,44078.0
2026-01-22T20,NW,Northwest,NG,Net generation,49994,megawatthours,2026-01-22 20:00:00,49994.0
2026-01-22T20,NW,Northwest,TI,Total interchange,-173,megawatthours,2026-01-22 20:00:00,-173.0
2026-01-22T19,NW,Northwest,D,Demand,50960,megawatthours,2026-01-22 19:00:00,50960.0
2026-01-22T19,NW,Northwest,DF,Day-ahead demand forecast,45045,megawatthours,2026-01-22 19:00:00,45045.0
2026-01-22T19,NW,Northwest,NG,Net generation,50325,megawatthours,2026-01-22 19:00:00,50325.0
2026-01-22T19,NW,Northwest,TI,Total interchange,-607,megawatthours,2026-01-22 19:00:00,-607.0
2026-01-22T18,NW,Northwest,D,Demand,52082,megawatthours,2026-01-22 18:00:00,52082.0
2026-01-22T18,NW,Northwest,DF,Day-ahead demand forecast,46594,megawatthours,2026-01-22 18:00:00,46594.0
2026-01-22T18,NW,Northwest,NG,Net generation,51521,megawatthours,2026-01-22 18:00:00,51521.0
2026-01-22T18,NW,Northwest,TI,Total interchange,-214,megawatthours,2026-01-22 18:00:00,-214.0
2026-01-22T17,NW,Northwest,D,Demand,52876,megawatthours,2026-01-22 17:00:00,52876.0
2026-01-22T17,NW,Northwest,DF,Day-ahead demand forecast,48095,megawatthours,2026-01-22 17:00:00,48095.0
2026-01-22T17,NW,Northwest,NG,Net generation,53313,megawatthours,2026-01-22 17:00:00,53313.0
2026-01-22T17,NW,Northwest,TI,Total interchange,921,megawatthours,2026-01-22 17:00:00,921.0
2026-01-22T16,NW,Northwest,D,Demand,48891,megawatthours,2026-01-22 16:00:00,48891.0
2026-01-22T16,NW,Northwest,DF,Day-ahead demand forecast,48734,megawatthours,2026-01-22 16:00:00,48734.0
2026-01-22T16,NW,Northwest,NG,Net generation,53454,megawatthours,2026-01-22 16:00:00,53454.0
2026-01-22T16,NW,Northwest,TI,Total interchange,724,megawatthours,2026-01-22 16:00:00,724.0
2026-01-22T15,NW,Northwest,D,Demand,51764,megawatthours,2026-01-22 15:00:00,51764.0
2026-01-22T15,NW,Northwest,DF,Day-ahead demand forecast,47862,megawatthours,2026-01-22 15:00:00,47862.0
2026-01-22T15,NW,Northwest,NG,Net generation,51678,megawatthours,2026-01-22 15:00:00,51678.0
2026-01-22T15,NW,Northwest,TI,Total interchange,522,megawatthours,2026-01-22 15:00:00,522.0
2026-01-22T14,NW,Northwest,D,Demand,48385,megawatthours,2026-01-22 14:00:00,48385.0
2026-01-22T14,NW,Northwest,DF,Day-ahead demand forecast,45327,megawatthours,2026-01-22 14:00:00,45327.0
2026-01-22T14,NW,Northwest,NG,Net generation,49333,megawatthours,2026-01-22 14:00:00,49333.0
2026-01-22T14,NW,Northwest,TI,Total interchange,1751,megawatthours,2026-01-22 14:00:00,1751.0
2026-01-22T13,NW,Northwest,D,Demand,45466,megawatthours,2026-01-22 13:00:00,45466.0
2026-01-22T13,NW,Northwest,DF,Day-ahead demand forecast,42395,megawatthours,2026-01-22 13:00:00,42395.0
2026-01-22T13,NW,Northwest,NG,Net generation,46757,megawatthours,2026-01-22 13:00:00,46757.0
2026-01-22T13,NW,Northwest,TI,Total interchange,2154,megawatthours,2026-01-22 13:00:00,2154.0
2026-01-22T12,NW,Northwest,D,Demand,43835,megawatthours,2026-01-22 12:00:00,43835.0
2026-01-22T12,NW,Northwest,DF,Day-ahead demand forecast,40847,megawatthours,2026-01-22 12:00:00,40847.0
2026-01-22T12,NW,Northwest,NG,Net generation,45104,megawatthours,2026-01-22 12:00:00,45104.0
2026-01-22T12,NW,Northwest,TI,Total interchange,1978,megawatthours,2026-01-22 12:00:00,1978.0
2026-01-22T11,NW,Northwest,D,Demand,43117,megawatthours,2026-01-22 11:00:00,43117.0
2026-01-22T11,NW,Northwest,DF,Day-ahead demand forecast,40175,megawatthours,2026-01-22 11:00:00,40175.0
2026-01-22T11,NW,Northwest,NG,Net generation,44529,megawatthours,2026-01-22 11:00:00,44529.0
2026-01-22T11,NW,Northwest,TI,Total interchange,1965,megawatthours,2026-01-22 11:00:00,1965.0
2026-01-22T10,NW,Northwest,D,Demand,42997,megawatthours,2026-01-22 10:00:00,42997.0
2026-01-22T10,NW,Northwest,DF,Day-ahead demand forecast,39979,megawatthours,2026-01-22 10:00:00,39979.0
2026-01-22T10,NW,Northwest,NG,Net generation,45165,megawatthours,2026-01-22 10:00:00,45165.0
2026-01-22T10,NW,Northwest,TI,Total interchange,2562,megawatthours,2026-01-22 10:00:00,2562.0
2026-01-22T09,NW,Northwest,D,Demand,43357,megawatthours,2026-01-22 09:00:00,43357.0
2026-01-22T09,NW,Northwest,DF,Day-ahead demand forecast,40384,megawatthours,2026-01-22 09:00:00,40384.0
2026-01-22T09,NW,Northwest,NG,Net generation,45744,megawatthours,2026-01-22 09:00:00,45744.0
2026-01-22T09,NW,Northwest,TI,Total interchange,2740,megawatthours,2026-01-22 09:00:00,2740.0
2026-01-22T08,NW,Northwest,D,Demand,44033,megawatthours,2026-01-22 08:00:00,44033.0
2026-01-22T08,NW,Northwest,DF,Day-ahead demand forecast,40984,megawatthours,2026-01-22 08:00:00,40984.0
2026-01-22T08,NW,Northwest,NG,Net generation,46365,megawatthours,2026-01-22 08:00:00,46365.0
2026-01-22T08,NW,Northwest,TI,Total interchange,3255,megawatthours,2026-01-22 08:00:00,3255.0
2026-01-22T07,NW,Northwest,D,Demand,45751,megawatthours,2026-01-22 07:00:00,45751.0
2026-01-22T07,NW,Northwest,DF,Day-ahead demand forecast,42151,megawatthours,2026-01-22 07:00:00,42151.0
2026-01-22T07,NW,Northwest,NG,Net generation,48428,megawatthours,2026-01-22 07:00:00,48428.0
2026-01-22T07,NW,Northwest,TI,Total interchange,3121,megawatthours,2026-01-22 07:00:00,3121.0
2026-01-22T06,NW,Northwest,D,Demand,49511,megawatthours,2026-01-22 06:00:00,49511.0
2026-01-22T06,NW,Northwest,DF,Day-ahead demand forecast,43902,megawatthours,2026-01-22 06:00:00,43902.0
2026-01-22T06,NW,Northwest,NG,Net generation,51637,megawatthours,2026-01-22 06:00:00,51637.0
2026-01-22T06,NW,Northwest,TI,Total interchange,2728,megawatthours,2026-01-22 06:00:00,2728.0
2026-01-22T05,NW,Northwest,D,Demand,46123,megawatthours,2026-01-22 05:00:00,46123.0
2026-01-22T05,NW,Northwest,DF,Day-ahead demand forecast,45463,megawatthours,2026-01-22 05:00:00,45463.0
2026-01-22T05,NW,Northwest,NG,Net generation,55579,megawatthours,2026-01-22 05:00:00,55579.0
2026-01-22T05,NW,Northwest,TI,Total interchange,2024,megawatthours,2026-01-22 05:00:00,2024.0
2026-01-22T04,NW,Northwest,D,Demand,50879,megawatthours,2026-01-22 04:00:00,50879.0
2026-01-22T04,NW,Northwest,DF,Day-ahead demand forecast,46339,megawatthours,2026-01-22 04:00:00,46339.0
2026-01-22T04,NW,Northwest,NG,Net generation,59413,megawatthours,2026-01-22 04:00:00,59413.0
2026-01-22T04,NW,Northwest,TI,Total interchange,1727,megawatthours,2026-01-22 04:00:00,1727.0
2026-01-22T03,NW,Northwest,D,Demand,47546,megawatthours,2026-01-22 03:00:00,47546.0
2026-01-22T03,NW,Northwest,DF,Day-ahead demand forecast,46917,megawatthours,2026-01-22 03:00:00,46917.0
2026-01-22T03,NW,Northwest,NG,Net generation,52818,megawatthours,2026-01-22 03:00:00,52818.0
2026-01-22T03,NW,Northwest,TI,Total interchange,1067,megawatthours,2026-01-22 03:00:00,1067.0
2026-01-22T02,NW,Northwest,D,Demand,47115,megawatthours,2026-01-22 02:00:00,47115.0
2026-01-22T02,NW,Northwest,DF,Day-ahead demand forecast,46857,megawatthours,2026-01-22 02:00:00,46857.0
2026-01-22T02,NW,Northwest,NG,Net generation,52175,megawatthours,2026-01-22 02:00:00,52175.0
2026-01-22T02,NW,Northwest,TI,Total interchange,999,megawatthours,2026-01-22 02:00:00,999.0
2026-01-22T01,NW,Northwest,D,Demand,45202,megawatthours,2026-01-22 01:00:00,45202.0
2026-01-22T01,NW,Northwest,DF,Day-ahead demand forecast,45542,megawatthours,2026-01-22 01:00:00,45542.0
2026-01-22T01,NW,Northwest,NG,Net generation,50641,megawatthours,2026-01-22 01:00:00,50641.0
2026-01-22T01,NW,Northwest,TI,Total interchange,1622,megawatthours,2026-01-22 01:00:00,1622.0
2026-01-22T00,NW,Northwest,D,Demand,47258,megawatthours,2026-01-22 00:00:00,47258.0
2026-01-22T00,NW,Northwest,DF,Day-ahead demand forecast,43647,megawatthours,2026-01-22 00:00:00,43647.0
2026-01-22T00,NW,Northwest,NG,Net generation,48168,megawatthours,2026-01-22 00:00:00,48168.0
2026-01-22T00,NW,Northwest,TI,Total interchange,913,megawatthours,2026-01-22 00:00:00,913.0
2026-01-21T23,NW,Northwest,D,Demand,47069,megawatthours,2026-01-21 23:00:00,47069.0
2026-01-21T23,NW,Northwest,DF,Day-ahead demand forecast,42654,megawatthours,2026-01-21 23:00:00,42654.0
2026-01-21T23,NW,Northwest,NG,Net generation,48343,megawatthours,2026-01-21 23:00:00,48343.0
2026-01-21T23,NW,Northwest,TI,Total interchange,1261,megawatthours,2026-01-21 23:00:00,1261.0
2026-01-21T22,NW,Northwest,D,Demand,48130,megawatthours,2026-01-21 22:00:00,48130.0
2026-01-21T22,NW,Northwest,DF,Day-ahead demand forecast,42493,megawatthours,2026-01-21 22:00:00,42493.0
2026-01-21T22,NW,Northwest,NG,Net generation,49055,megawatthours,2026-01-21 22:00:00,49055.0
2026-01-21T22,NW,Northwest,TI,Total interchange,899,megawatthours,2026-01-21 22:00:00,899.0
2026-01-21T21,NW,Northwest,D,Demand,44372,megawatthours,2026-01-21 21:00:00,44372.0
2026-01-21T21,NW,Northwest,DF,Day-ahead demand forecast,42998,megawatthours,2026-01-21 21:00:00,42998.0
2026-01-21T21,NW,Northwest,NG,Net generation,45159,megawatthours,2026-01-21 21:00:00,45159.0
2026-01-21T21,NW,Northwest,TI,Total interchange,766,megawatthours,2026-01-21 21:00:00,766.0
2026-01-21T20,NW,Northwest,D,Demand,48997,megawatthours,2026-01-21 20:00:00,48997.0
2026-01-21T20,NW,Northwest,DF,Day-ahead demand forecast,43629,megawatthours,2026-01-21 20:00:00,43629.0
2026-01-21T20,NW,Northwest,NG,Net generation,49816,megawatthours,2026-01-21 20:00:00,49816.0
2026-01-21T20,NW,Northwest,TI,Total interchange,788,megawatthours,2026-01-21 20:00:00,788.0
2026-01-21T19,NW,Northwest,D,Demand,50366,megawatthours,2026-01-21 19:00:00,50366.0
2026-01-21T19,NW,Northwest,DF,Day-ahead demand forecast,44562,megawatthours,2026-01-21 19:00:00,44562.0
2026-01-21T19,NW,Northwest,NG,Net generation,51087,megawatthours,2026-01-21 19:00:00,51087.0
2026-01-21T19,NW,Northwest,TI,Total interchange,674,megawatthours,2026-01-21 19:00:00,674.0
2026-01-21T18,NW,Northwest,D,Demand,51391,megawatthours,2026-01-21 18:00:00,51391.0
2026-01-21T18,NW,Northwest,DF,Day-ahead demand forecast,45973,megawatthours,2026-01-21 18:00:00,45973.0
2026-01-21T18,NW,Northwest,NG,Net generation,52199,megawatthours,2026-01-21 18:00:00,52199.0
2026-01-21T18,NW,Northwest,TI,Total interchange,765,megawatthours,2026-01-21 18:00:00,765.0
2026-01-21T17,NW,Northwest,D,Demand,52912,megawatthours,2026-01-21 17:00:00,52912.0
2026-01-21T17,NW,Northwest,DF,Day-ahead demand forecast,47474,megawatthours,2026-01-21 17:00:00,47474.0
2026-01-21T17,NW,Northwest,NG,Net generation,53898,megawatthours,2026-01-21 17:00:00,53898.0
2026-01-21T17,NW,Northwest,TI,Total interchange,944,megawatthours,2026-01-21 17:00:00,944.0
2026-01-21T16,NW,Northwest,D,Demand,53301,megawatthours,2026-01-21 16:00:00,53301.0
2026-01-21T16,NW,Northwest,DF,Day-ahead demand forecast,48073,megawatthours,2026-01-21 16:00:00,48073.0
2026-01-21T16,NW,Northwest,NG,Net generation,54284,megawatthours,2026-01-21 16:00:00,54284.0
2026-01-21T16,NW,Northwest,TI,Total interchange,987,megawatthours,2026-01-21 16:00:00,987.0
2026-01-21T15,NW,Northwest,D,Demand,51985,megawatthours,2026-01-21 15:00:00,51985.0
2026-01-21T15,NW,Northwest,DF,Day-ahead demand forecast,47211,megawatthours,2026-01-21 15:00:00,47211.0
2026-01-21T15,NW,Northwest,NG,Net generation,54371,megawatthours,2026-01-21 15:00:00,54371.0
2026-01-21T15,NW,Northwest,TI,Total interchange,2354,megawatthours,2026-01-21 15:00:00,2354.0
2026-01-21T14,NW,Northwest,D,Demand,48942,megawatthours,2026-01-21 14:00:00,48942.0
2026-01-21T14,NW,Northwest,DF,Day-ahead demand forecast,44631,megawatthours,2026-01-21 14:00:00,44631.0
2026-01-21T14,NW,Northwest,NG,Net generation,52297,megawatthours,2026-01-21 14:00:00,52297.0
2026-01-21T14,NW,Northwest,TI,Total interchange,3359,megawatthours,2026-01-21 14:00:00,3359.0
2026-01-21T13,NW,Northwest,D,Demand,45731,megawatthours,2026-01-21 13:00:00,45731.0
2026-01-21T13,NW,Northwest,DF,Day-ahead demand forecast,41806,megawatthours,2026-01-21 13:00:00,41806.0
2026-01-21T13,NW,Northwest,NG,Net generation,49369,megawatthours,2026-01-21 13:00:00,49369.0
2026-01-21T13,NW,Northwest,TI,Total interchange,3645,megawatthours,2026-01-21 13:00:00,3645.0
2026-01-21T12,NW,Northwest,D,Demand,44024,megawatthours,2026-01-21 12:00:00,44024.0
2026-01-21T12,NW,Northwest,DF,Day-ahead demand forecast,40331,megawatthours,2026-01-21 12:00:00,40331.0
2026-01-21T12,NW,Northwest,NG,Net generation,48060,megawatthours,2026-01-21 12:00:00,48060.0
2026-01-21T12,NW,Northwest,TI,Total interchange,4043,megawatthours,2026-01-21 12:00:00,4043.0
2026-01-21T11,NW,Northwest,D,Demand,43127,megawatthours,2026-01-21 11:00:00,43127.0
2026-01-21T11,NW,Northwest,DF,Day-ahead demand forecast,39696,megawatthours,2026-01-21 11:00:00,39696.0
2026-01-21T11,NW,Northwest,NG,Net generation,47325,megawatthours,2026-01-21 11:00:00,47325.0
2026-01-21T11,NW,Northwest,TI,Total interchange,4206,megawatthours,2026-01-21 11:00:00,4206.0
2026-01-21T10,NW,Northwest,D,Demand,42856,megawatthours,2026-01-21 10:00:00,42856.0
2026-01-21T10,NW,Northwest,DF,Day-ahead demand forecast,39588,megawatthours,2026-01-21 10:00:00,39588.0
2026-01-21T10,NW,Northwest,NG,Net generation,46982,megawatthours,2026-01-21 10:00:00,46982.0
2026-01-21T10,NW,Northwest,TI,Total interchange,4132,megawatthours,2026-01-21 10:00:00,4132.0
2026-01-21T09,NW,Northwest,D,Demand,43405,megawatthours,2026-01-21 09:00:00,43405.0
2026-01-21T09,NW,Northwest,DF,Day-ahead demand forecast,39879,megawatthours,2026-01-21 09:00:00,39879.0
2026-01-21T09,NW,Northwest,NG,Net generation,47397,megawatthours,2026-01-21 09:00:00,47397.0
2026-01-21T09,NW,Northwest,TI,Total interchange,4002,megawatthours,2026-01-21 09:00:00,4002.0
2026-01-21T08,NW,Northwest,D,Demand,44356,megawatthours,2026-01-21 08:00:00,44356.0
2026-01-21T08,NW,Northwest,DF,Day-ahead demand forecast,41161,megawatthours,2026-01-21 08:00:00,41161.0
2026-01-21T08,NW,Northwest,NG,Net generation,48932,megawatthours,2026-01-21 08:00:00,48932.0
2026-01-21T08,NW,Northwest,TI,Total interchange,4580,megawatthours,2026-01-21 08:00:00,4580.0
2026-01-21T07,NW,Northwest,D,Demand,46280,megawatthours,2026-01-21 07:00:00,46280.0
2026-01-21T07,NW,Northwest,DF,Day-ahead demand forecast,42645,megawatthours,2026-01-21 07:00:00,42645.0
2026-01-21T07,NW,Northwest,NG,Net generation,50441,megawatthours,2026-01-21 07:00:00,50441.0
2026-01-21T07,NW,Northwest,TI,Total interchange,4091,megawatthours,2026-01-21 07:00:00,4091.0
2026-01-21T06,NW,Northwest,D,Demand,48378,megawatthours,2026-01-21 06:00:00,48378.0
2026-01-21T06,NW,Northwest,DF,Day-ahead demand forecast,44107,megawatthours,2026-01-21 06:00:00,44107.0
2026-01-21T06,NW,Northwest,NG,Net generation,51903,megawatthours,2026-01-21 06:00:00,51903.0
2026-01-21T06,NW,Northwest,TI,Total interchange,3459,megawatthours,2026-01-21 06:00:00,3459.0
2026-01-21T05,NW,Northwest,D,Demand,49939,megawatthours,2026-01-21 05:00:00,49939.0
2026-01-21T05,NW,Northwest,DF,Day-ahead demand forecast,45768,megawatthours,2026-01-21 05:00:00,45768.0
2026-01-21T05,NW,Northwest,NG,Net generation,53016,megawatthours,2026-01-21 05:00:00,53016.0
2026-01-21T05,NW,Northwest,TI,Total interchange,3010,megawatthours,2026-01-21 05:00:00,3010.0
2026-01-21T04,NW,Northwest,D,Demand,50824,megawatthours,2026-01-21 04:00:00,50824.0
2026-01-21T04,NW,Northwest,DF,Day-ahead demand forecast,46988,megawatthours,2026-01-21 04:00:00,46988.0
2026-01-21T04,NW,Northwest,NG,Net generation,53133,megawatthours,2026-01-21 04:00:00,53133.0
2026-01-21T04,NW,Northwest,TI,Total interchange,2242,megawatthours,2026-01-21 04:00:00,2242.0
2026-01-21T03,NW,Northwest,D,Demand,51374,megawatthours,2026-01-21 03:00:00,51374.0
2026-01-21T03,NW,Northwest,DF,Day-ahead demand forecast,47569,megawatthours,2026-01-21 03:00:00,47569.0
2026-01-21T03,NW,Northwest,NG,Net generation,53784,megawatthours,2026-01-21 03:00:00,53784.0
2026-01-21T03,NW,Northwest,TI,Total interchange,2341,megawatthours,2026-01-21 03:00:00,2341.0
2026-01-21T02,NW,Northwest,D,Demand,50748,megawatthours,2026-01-21 02:00:00,50748.0
2026-01-21T02,NW,Northwest,DF,Day-ahead demand forecast,47369,megawatthours,2026-01-21 02:00:00,47369.0
2026-01-21T02,NW,Northwest,NG,Net generation,53670,megawatthours,2026-01-21 02:00:00,53670.0
2026-01-21T02,NW,Northwest,TI,Total interchange,2860,megawatthours,2026-01-21 02:00:00,2860.0
2026-01-21T01,NW,Northwest,D,Demand,49168,megawatthours,2026-01-21 01:00:00,49168.0
2026-01-21T01,NW,Northwest,DF,Day-ahead demand forecast,45712,megawatthours,2026-01-21 01:00:00,45712.0
2026-01-21T01,NW,Northwest,NG,Net generation,51703,megawatthours,2026-01-21 01:00:00,51703.0
2026-01-21T01,NW,Northwest,TI,Total interchange,2543,megawatthours,2026-01-21 01:00:00,2543.0
2026-01-21T00,NW,Northwest,D,Demand,46993,megawatthours,2026-01-21 00:00:00,46993.0
2026-01-21T00,NW,Northwest,DF,Day-ahead demand forecast,43712,megawatthours,2026-01-21 00:00:00,43712.0
2026-01-21T00,NW,Northwest,NG,Net generation,48753,megawatthours,2026-01-21 00:00:00,48753.0
2026-01-21T00,NW,Northwest,TI,Total interchange,1720,megawatthours,2026-01-21 00:00:00,1720.0
2026-01-20T23,NW,Northwest,D,Demand,46873,megawatthours,2026-01-20 23:00:00,46873.0
2026-01-20T23,NW,Northwest,DF,Day-ahead demand forecast,42763,megawatthours,2026-01-20 23:00:00,42763.0
2026-01-20T23,NW,Northwest,NG,Net generation,48976,megawatthours,2026-01-20 23:00:00,48976.0
2026-01-20T23,NW,Northwest,TI,Total interchange,2061,megawatthours,2026-01-20 23:00:00,2061.0
2026-01-20T22,NW,Northwest,D,Demand,47340,megawatthours,2026-01-20 22:00:00,47340.0
2026-01-20T22,NW,Northwest,DF,Day-ahead demand forecast,42610,megawatthours,2026-01-20 22:00:00,42610.0
2026-01-20T22,NW,Northwest,NG,Net generation,48759,megawatthours,2026-01-20 22:00:00,48759.0
2026-01-20T22,NW,Northwest,TI,Total interchange,1374,megawatthours,2026-01-20 22:00:00,1374.0
2026-01-20T21,NW,Northwest,D,Demand,48044,megawatthours,2026-01-20 21:00:00,48044.0
2026-01-20T21,NW,Northwest,DF,Day-ahead demand forecast,43296,megawatthours,2026-01-20 21:00:00,43296.0
2026-01-20T21,NW,Northwest,NG,Net generation,49336,megawatthours,2026-01-20 21:00:00,49336.0
2026-01-20T21,NW,Northwest,TI,Total interchange,1249,megawatthours,2026-01-20 21:00:00,1249.0
2026-01-20T20,NW,Northwest,D,Demand,49052,megawatthours,2026-01-20 20:00:00,49052.0
2026-01-20T20,NW,Northwest,DF,Day-ahead demand forecast,43934,megawatthours,2026-01-20 20:00:00,43934.0
2026-01-20T20,NW,Northwest,NG,Net generation,49839,megawatthours,2026-01-20 20:00:00,49839.0
2026-01-20T20,NW,Northwest,TI,Total interchange,738,megawatthours,2026-01-20 20:00:00,738.0
2026-01-20T19,NW,Northwest,D,Demand,50023,megawatthours,2026-01-20 19:00:00,50023.0
2026-01-20T19,NW,Northwest,DF,Day-ahead demand forecast,45099,megawatthours,2026-01-20 19:00:00,45099.0
2026-01-20T19,NW,Northwest,NG,Net generation,50902,megawatthours,2026-01-20 19:00:00,50902.0
2026-01-20T19,NW,Northwest,TI,Total interchange,801,megawatthours,2026-01-20 19:00:00,801.0
2026-01-20T18,NW,Northwest,D,Demand,50969,megawatthours,2026-01-20 18:00:00,50969.0
2026-01-20T18,NW,Northwest,DF,Day-ahead demand forecast,46610,megawatthours,2026-01-20 18:00:00,46610.0
2026-01-20T18,NW,Northwest,NG,Net generation,52074,megawatthours,2026-01-20 18:00:00,52074.0
2026-01-20T18,NW,Northwest,TI,Total interchange,992,megawatthours,2026-01-20 18:00:00,992.0
2026-01-20T17,NW,Northwest,D,Demand,51804,megawatthours,2026-01-20 17:00:00,51804.0
2026-01-20T17,NW,Northwest,DF,Day-ahead demand forecast,47747,megawatthours,2026-01-20 17:00:00,47747.0
2026-01-20T17,NW,Northwest,NG,Net generation,53791,megawatthours,2026-01-20 17:00:00,53791.0
2026-01-20T17,NW,Northwest,TI,Total interchange,1884,megawatthours,2026-01-20 17:00:00,1884.0
2026-01-20T16,NW,Northwest,D,Demand,52692,megawatthours,2026-01-20 16:00:00,52692.0
2026-01-20T16,NW,Northwest,DF,Day-ahead demand forecast,48502,megawatthours,2026-01-20 16:00:00,48502.0
2026-01-20T16,NW,Northwest,NG,Net generation,54605,megawatthours,2026-01-20 16:00:00,54605.0
2026-01-20T16,NW,Northwest,TI,Total interchange,1894,megawatthours,2026-01-20 16:00:00,1894.0
2026-01-20T15,NW,Northwest,D,Demand,51048,megawatthours,2026-01-20 15:00:00,51048.0
2026-01-20T15,NW,Northwest,DF,Day-ahead demand forecast,47627,megawatthours,2026-01-20 15:00:00,47627.0
2026-01-20T15,NW,Northwest,NG,Net generation,53485,megawatthours,2026-01-20 15:00:00,53485.0
2026-01-20T15,NW,Northwest,TI,Total interchange,2375,megawatthours,2026-01-20 15:00:00,2375.0
2026-01-20T14,NW,Northwest,D,Demand,48134,megawatthours,2026-01-20 14:00:00,48134.0
2026-01-20T14,NW,Northwest,DF,Day-ahead demand forecast,45089,megawatthours,2026-01-20 14:00:00,45089.0
2026-01-20T14,NW,Northwest,NG,Net generation,51951,megawatthours,2026-01-20 14:00:00,51951.0
2026-01-20T14,NW,Northwest,TI,Total interchange,3828,megawatthours,2026-01-20 14:00:00,3828.0
2026-01-20T13,NW,Northwest,D,Demand,44956,megawatthours,2026-01-20 13:00:00,44956.0
2026-01-20T13,NW,Northwest,DF,Day-ahead demand forecast,42361,megawatthours,2026-01-20 13:00:00,42361.0
2026-01-20T13,NW,Northwest,NG,Net generation,48637,megawatthours,2026-01-20 13:00:00,48637.0
2026-01-20T13,NW,Northwest,TI,Total interchange,3689,megawatthours,2026-01-20 13:00:00,3689.0
2026-01-20T12,NW,Northwest,D,Demand,43213,megawatthours,2026-01-20 12:00:00,43213.0
2026-01-20T12,NW,Northwest,DF,Day-ahead demand forecast,40865,megawatthours,2026-01-20 12:00:00,40865.0
2026-01-20T12,NW,Northwest,NG,Net generation,47645,megawatthours,2026-01-20 12:00:00,47645.0
2026-01-20T12,NW,Northwest,TI,Total interchange,4439,megawatthours,2026-01-20 12:00:00,4439.0
2026-01-20T11,NW,Northwest,D,Demand,42542,megawatthours,2026-01-20 11:00:00,42542.0
2026-01-20T11,NW,Northwest,DF,Day-ahead demand forecast,40274,megawatthours,2026-01-20 11:00:00,40274.0
2026-01-20T11,NW,Northwest,NG,Net generation,47228,megawatthours,2026-01-20 11:00:00,47228.0
2026-01-20T11,NW,Northwest,TI,Total interchange,4696,megawatthours,2026-01-20 11:00:00,4696.0
2026-01-20T10,NW,Northwest,D,Demand,42433,megawatthours,2026-01-20 10:00:00,42433.0
2026-01-20T10,NW,Northwest,DF,Day-ahead demand forecast,39802,megawatthours,2026-01-20 10:00:00,39802.0
2026-01-20T10,NW,Northwest,NG,Net generation,47266,megawatthours,2026-01-20 10:00:00,47266.0
2026-01-20T10,NW,Northwest,TI,Total interchange,4841,megawatthours,2026-01-20 10:00:00,4841.0
2026-01-20T09,NW,Northwest,D,Demand,42922,megawatthours,2026-01-20 09:00:00,42922.0
2026-01-20T09,NW,Northwest,DF,Day-ahead demand forecast,40194,megawatthours,2026-01-20 09:00:00,40194.0
2026-01-20T09,NW,Northwest,NG,Net generation,47621,megawatthours,2026-01-20 09:00:00,47621.0
2026-01-20T09,NW,Northwest,TI,Total interchange,4705,megawatthours,2026-01-20 09:00:00,4705.0
2026-01-20T08,NW,Northwest,D,Demand,43794,megawatthours,2026-01-20 08:00:00,43794.0
2026-01-20T08,NW,Northwest,DF,Day-ahead demand forecast,40925,megawatthours,2026-01-20 08:00:00,40925.0
2026-01-20T08,NW,Northwest,NG,Net generation,47964,megawatthours,2026-01-20 08:00:00,47964.0
2026-01-20T08,NW,Northwest,TI,Total interchange,4445,megawatthours,2026-01-20 08:00:00,4445.0
2026-01-20T07,NW,Northwest,D,Demand,45258,megawatthours,2026-01-20 07:00:00,45258.0
2026-01-20T07,NW,Northwest,DF,Day-ahead demand forecast,42156,megawatthours,2026-01-20 07:00:00,42156.0
2026-01-20T07,NW,Northwest,NG,Net generation,49135,megawatthours,2026-01-20 07:00:00,49135.0
2026-01-20T07,NW,Northwest,TI,Total interchange,4202,megawatthours,2026-01-20 07:00:00,4202.0
2026-01-20T06,NW,Northwest,D,Demand,47513,megawatthours,2026-01-20 06:00:00,47513.0
2026-01-20T06,NW,Northwest,DF,Day-ahead demand forecast,44050,megawatthours,2026-01-20 06:00:00,44050.0
2026-01-20T06,NW,Northwest,NG,Net generation,49830,megawatthours,2026-01-20 06:00:00,49830.0
2026-01-20T06,NW,Northwest,TI,Total interchange,2973,megawatthours,2026-01-20 06:00:00,2973.0
2026-01-20T05,NW,Northwest,D,Demand,49354,megawatthours,2026-01-20 05:00:00,49354.0
2026-01-20T05,NW,Northwest,DF,Day-ahead demand forecast,45525,megawatthours,2026-01-20 05:00:00,45525.0
2026-01-20T05,NW,Northwest,NG,Net generation,52021,megawatthours,2026-01-20 05:00:00,52021.0
2026-01-20T05,NW,Northwest,TI,Total interchange,2596,megawatthours,2026-01-20 05:00:00,2596.0
2026-01-20T04,NW,Northwest,D,Demand,50357,megawatthours,2026-01-20 04:00:00,50357.0
2026-01-20T04,NW,Northwest,DF,Day-ahead demand forecast,46640,megawatthours,2026-01-20 04:00:00,46640.0
2026-01-20T04,NW,Northwest,NG,Net generation,52521,megawatthours,2026-01-20 04:00:00,52521.0
2026-01-20T04,NW,Northwest,TI,Total interchange,2102,megawatthours,2026-01-20 04:00:00,2102.0
2026-01-20T03,NW,Northwest,D,Demand,51224,megawatthours,2026-01-20 03:00:00,51224.0
2026-01-20T03,NW,Northwest,DF,Day-ahead demand forecast,47185,megawatthours,2026-01-20 03:00:00,47185.0
2026-01-20T03,NW,Northwest,NG,Net generation,53117,megawatthours,2026-01-20 03:00:00,53117.0
2026-01-20T03,NW,Northwest,TI,Total interchange,1823,megawatthours,2026-01-20 03:00:00,1823.0
2026-01-20T02,NW,Northwest,D,Demand,51069,megawatthours,2026-01-20 02:00:00,51069.0
2026-01-20T02,NW,Northwest,DF,Day-ahead demand forecast,47120,megawatthours,2026-01-20 02:00:00,47120.0
2026-01-20T02,NW,Northwest,NG,Net generation,52915,megawatthours,2026-01-20 02:00:00,52915.0
2026-01-20T02,NW,Northwest,TI,Total interchange,1801,megawatthours,2026-01-20 02:00:00,1801.0
2026-01-20T01,NW,Northwest,D,Demand,49285,megawatthours,2026-01-20 01:00:00,49285.0
2026-01-20T01,NW,Northwest,DF,Day-ahead demand forecast,45612,megawatthours,2026-01-20 01:00:00,45612.0
2026-01-20T01,NW,Northwest,NG,Net generation,51354,megawatthours,2026-01-20 01:00:00,51354.0
2026-01-20T01,NW,Northwest,TI,Total interchange,2074,megawatthours,2026-01-20 01:00:00,2074.0
2026-01-20T00,NW,Northwest,D,Demand,47531,megawatthours,2026-01-20 00:00:00,47531.0
2026-01-20T00,NW,Northwest,DF,Day-ahead demand forecast,43472,megawatthours,2026-01-20 00:00:00,43472.0
2026-01-20T00,NW,Northwest,NG,Net generation,48377,megawatthours,2026-01-20 00:00:00,48377.0
2026-01-20T00,NW,Northwest,TI,Total interchange,798,megawatthours,2026-01-20 00:00:00,798.0
2026-01-19T23,NW,Northwest,D,Demand,47294,megawatthours,2026-01-19 23:00:00,47294.0
2026-01-19T23,NW,Northwest,DF,Day-ahead demand forecast,42326,megawatthours,2026-01-19 23:00:00,42326.0
2026-01-19T23,NW,Northwest,NG,Net generation,48357,megawatthours,2026-01-19 23:00:00,48357.0
2026-01-19T23,NW,Northwest,TI,Total interchange,999,megawatthours,2026-01-19 23:00:00,999.0
2026-01-19T22,NW,Northwest,D,Demand,48279,megawatthours,2026-01-19 22:00:00,48279.0
2026-01-19T22,NW,Northwest,DF,Day-ahead demand forecast,42163,megawatthours,2026-01-19 22:00:00,42163.0
2026-01-19T22,NW,Northwest,NG,Net generation,48405,megawatthours,2026-01-19 22:00:00,48405.0
2026-01-19T22,NW,Northwest,TI,Total interchange,77,megawatthours,2026-01-19 22:00:00,77.0
2026-01-19T21,NW,Northwest,D,Demand,48884,megawatthours,2026-01-19 21:00:00,48884.0
2026-01-19T21,NW,Northwest,DF,Day-ahead demand forecast,42682,megawatthours,2026-01-19 21:00:00,42682.0
2026-01-19T21,NW,Northwest,NG,Net generation,48316,megawatthours,2026-01-19 21:00:00,48316.0
2026-01-19T21,NW,Northwest,TI,Total interchange,-663,megawatthours,2026-01-19 21:00:00,-663.0
2026-01-19T20,NW,Northwest,D,Demand,49625,megawatthours,2026-01-19 20:00:00,49625.0
2026-01-19T20,NW,Northwest,DF,Day-ahead demand forecast,43307,megawatthours,2026-01-19 20:00:00,43307.0
2026-01-19T20,NW,Northwest,NG,Net generation,48988,megawatthours,2026-01-19 20:00:00,48988.0
2026-01-19T20,NW,Northwest,TI,Total interchange,-678,megawatthours,2026-01-19 20:00:00,-678.0
2026-01-19T19,NW,Northwest,D,Demand,50298,megawatthours,2026-01-19 19:00:00,50298.0
2026-01-19T19,NW,Northwest,DF,Day-ahead demand forecast,44416,megawatthours,2026-01-19 19:00:00,44416.0
2026-01-19T19,NW,Northwest,NG,Net generation,49820,megawatthours,2026-01-19 19:00:00,49820.0
2026-01-19T19,NW,Northwest,TI,Total interchange,-524,megawatthours,2026-01-19 19:00:00,-524.0
2026-01-19T18,NW,Northwest,D,Demand,50765,megawatthours,2026-01-19 18:00:00,50765.0
2026-01-19T18,NW,Northwest,DF,Day-ahead demand forecast,45521,megawatthours,2026-01-19 18:00:00,45521.0
2026-01-19T18,NW,Northwest,NG,Net generation,50877,megawatthours,2026-01-19 18:00:00,50877.0
2026-01-19T18,NW,Northwest,TI,Total interchange,34,megawatthours,2026-01-19 18:00:00,34.0
2026-01-19T17,NW,Northwest,D,Demand,50777,megawatthours,2026-01-19 17:00:00,50777.0
2026-01-19T17,NW,Northwest,DF,Day-ahead demand forecast,46235,megawatthours,2026-01-19 17:00:00,46235.0
2026-01-19T17,NW,Northwest,NG,Net generation,51532,megawatthours,2026-01-19 17:00:00,51532.0
2026-01-19T17,NW,Northwest,TI,Total interchange,663,megawatthours,2026-01-19 17:00:00,663.0
2026-01-19T16,NW,Northwest,D,Demand,50072,megawatthours,2026-01-19 16:00:00,50072.0
2026-01-19T16,NW,Northwest,DF,Day-ahead demand forecast,45810,megawatthours,2026-01-19 16:00:00,45810.0
2026-01-19T16,NW,Northwest,NG,Net generation,52079,megawatthours,2026-01-19 16:00:00,52079.0
2026-01-19T16,NW,Northwest,TI,Total interchange,2005,megawatthours,2026-01-19 16:00:00,2005.0
2026-01-19T15,NW,Northwest,D,Demand,48484,megawatthours,2026-01-19 15:00:00,48484.0
2026-01-19T15,NW,Northwest,DF,Day-ahead demand forecast,44768,megawatthours,2026-01-19 15:00:00,44768.0
2026-01-19T15,NW,Northwest,NG,Net generation,51443,megawatthours,2026-01-19 15:00:00,51443.0
2026-01-19T15,NW,Northwest,TI,Total interchange,2930,megawatthours,2026-01-19 15:00:00,2930.0
2026-01-19T14,NW,Northwest,D,Demand,45841,megawatthours,2026-01-19 14:00:00,45841.0
2026-01-19T14,NW,Northwest,DF,Day-ahead demand forecast,42736,megawatthours,2026-01-19 14:00:00,42736.0
2026-01-19T14,NW,Northwest,NG,Net generation,49253,megawatthours,2026-01-19 14:00:00,49253.0
2026-01-19T14,NW,Northwest,TI,Total interchange,3421,megawatthours,2026-01-19 14:00:00,3421.0
2026-01-19T13,NW,Northwest,D,Demand,43506,megawatthours,2026-01-19 13:00:00,43506.0
2026-01-19T13,NW,Northwest,DF,Day-ahead demand forecast,40511,megawatthours,2026-01-19 13:00:00,40511.0
2026-01-19T13,NW,Northwest,NG,Net generation,46410,megawatthours,2026-01-19 13:00:00,46410.0
2026-01-19T13,NW,Northwest,TI,Total interchange,2911,megawatthours,2026-01-19 13:00:00,2911.0
2026-01-19T12,NW,Northwest,D,Demand,41833,megawatthours,2026-01-19 12:00:00,41833.0
2026-01-19T12,NW,Northwest,DF,Day-ahead demand forecast,39195,megawatthours,2026-01-19 12:00:00,39195.0
2026-01-19T12,NW,Northwest,NG,Net generation,44546,megawatthours,2026-01-19 12:00:00,44546.0
2026-01-19T12,NW,Northwest,TI,Total interchange,2721,megawatthours,2026-01-19 12:00:00,2721.0
2026-01-19T11,NW,Northwest,D,Demand,41117,megawatthours,2026-01-19 11:00:00,41117.0
2026-01-19T11,NW,Northwest,DF,Day-ahead demand forecast,38489,megawatthours,2026-01-19 11:00:00,38489.0
2026-01-19T11,NW,Northwest,NG,Net generation,43947,megawatthours,2026-01-19 11:00:00,43947.0
2026-01-19T11,NW,Northwest,TI,Total interchange,2837,megawatthours,2026-01-19 11:00:00,2837.0
2026-01-19T10,NW,Northwest,D,Demand,40953,megawatthours,2026-01-19 10:00:00,40953.0
2026-01-19T10,NW,Northwest,DF,Day-ahead demand forecast,38338,megawatthours,2026-01-19 10:00:00,38338.0
2026-01-19T10,NW,Northwest,NG,Net generation,44064,megawatthours,2026-01-19 10:00:00,44064.0
2026-01-19T10,NW,Northwest,TI,Total interchange,3119,megawatthours,2026-01-19 10:00:00,3119.0
2026-01-19T09,NW,Northwest,D,Demand,41229,megawatthours,2026-01-19 09:00:00,41229.0
2026-01-19T09,NW,Northwest,DF,Day-ahead demand forecast,38425,megawatthours,2026-01-19 09:00:00,38425.0
2026-01-19T09,NW,Northwest,NG,Net generation,44492,megawatthours,2026-01-19 09:00:00,44492.0
2026-01-19T09,NW,Northwest,TI,Total interchange,3270,megawatthours,2026-01-19 09:00:00,3270.0
2026-01-19T08,NW,Northwest,D,Demand,42113,megawatthours,2026-01-19 08:00:00,42113.0
2026-01-19T08,NW,Northwest,DF,Day-ahead demand forecast,39410,megawatthours,2026-01-19 08:00:00,39410.0
2026-01-19T08,NW,Northwest,NG,Net generation,44413,megawatthours,2026-01-19 08:00:00,44413.0
2026-01-19T08,NW,Northwest,TI,Total interchange,2743,megawatthours,2026-01-19 08:00:00,2743.0
2026-01-19T07,NW,Northwest,D,Demand,43475,megawatthours,2026-01-19 07:00:00,43475.0
2026-01-19T07,NW,Northwest,DF,Day-ahead demand forecast,40608,megawatthours,2026-01-19 07:00:00,40608.0
2026-01-19T07,NW,Northwest,NG,Net generation,46108,megawatthours,2026-01-19 07:00:00,46108.0
2026-01-19T07,NW,Northwest,TI,Total interchange,3027,megawatthours,2026-01-19 07:00:00,3027.0
2026-01-19T06,NW,Northwest,D,Demand,45457,megawatthours,2026-01-19 06:00:00,45457.0
2026-01-19T06,NW,Northwest,DF,Day-ahead demand forecast,42208,megawatthours,2026-01-19 06:00:00,42208.0
2026-01-19T06,NW,Northwest,NG,Net generation,47447,megawatthours,2026-01-19 06:00:00,47447.0
2026-01-19T06,NW,Northwest,TI,Total interchange,2787,megawatthours,2026-01-19 06:00:00,2787.0
2026-01-19T05,NW,Northwest,D,Demand,47418,megawatthours,2026-01-19 05:00:00,47418.0
2026-01-19T05,NW,Northwest,DF,Day-ahead demand forecast,43689,megawatthours,2026-01-19 05:00:00,43689.0
2026-01-19T05,NW,Northwest,NG,Net generation,50168,megawatthours,2026-01-19 05:00:00,50168.0
2026-01-19T05,NW,Northwest,TI,Total interchange,2768,megawatthours,2026-01-19 05:00:00,2768.0
2026-01-19T04,NW,Northwest,D,Demand,48333,megawatthours,2026-01-19 04:00:00,48333.0
2026-01-19T04,NW,Northwest,DF,Day-ahead demand forecast,44552,megawatthours,2026-01-19 04:00:00,44552.0
2026-01-19T04,NW,Northwest,NG,Net generation,51113,megawatthours,2026-01-19 04:00:00,51113.0
2026-01-19T04,NW,Northwest,TI,Total interchange,2839,megawatthours,2026-01-19 04:00:00,2839.0
2026-01-19T03,NW,Northwest,D,Demand,48702,megawatthours,2026-01-19 03:00:00,48702.0
2026-01-19T03,NW,Northwest,DF,Day-ahead demand forecast,44917,megawatthours,2026-01-19 03:00:00,44917.0
2026-01-19T03,NW,Northwest,NG,Net generation,51670,megawatthours,2026-01-19 03:00:00,51670.0
2026-01-19T03,NW,Northwest,TI,Total interchange,3030,megawatthours,2026-01-19 03:00:00,3030.0
2026-01-19T02,NW,Northwest,D,Demand,48972,megawatthours,2026-01-19 02:00:00,48972.0
2026-01-19T02,NW,Northwest,DF,Day-ahead demand forecast,44936,megawatthours,2026-01-19 02:00:00,44936.0
2026-01-19T02,NW,Northwest,NG,Net generation,52011,megawatthours,2026-01-19 02:00:00,52011.0
2026-01-19T02,NW,Northwest,TI,Total interchange,3125,megawatthours,2026-01-19 02:00:00,3125.0
2026-01-19T01,NW,Northwest,D,Demand,47488,megawatthours,2026-01-19 01:00:00,47488.0
2026-01-19T01,NW,Northwest,DF,Day-ahead demand forecast,43430,megawatthours,2026-01-19 01:00:00,43430.0
2026-01-19T01,NW,Northwest,NG,Net generation,49993,megawatthours,2026-01-19 01:00:00,49993.0
2026-01-19T01,NW,Northwest,TI,Total interchange,2648,megawatthours,2026-01-19 01:00:00,2648.0
2026-01-19T00,NW,Northwest,D,Demand,45400,megawatthours,2026-01-19 00:00:00,45400.0
2026-01-19T00,NW,Northwest,DF,Day-ahead demand forecast,41465,megawatthours,2026-01-19 00:00:00,41465.0
2026-01-19T00,NW,Northwest,NG,Net generation,46950,megawatthours,2026-01-19 00:00:00,46950.0
2026-01-19T00,NW,Northwest,TI,Total interchange,1604,megawatthours,2026-01-19 00:00:00,1604.0
2026-01-18T23,NW,Northwest,D,Demand,44737,megawatthours,2026-01-18 23:00:00,44737.0
2026-01-18T23,NW,Northwest,DF,Day-ahead demand forecast,40370,megawatthours,2026-01-18 23:00:00,40370.0
2026-01-18T23,NW,Northwest,NG,Net generation,46374,megawatthours,2026-01-18 23:00:00,46374.0
2026-01-18T23,NW,Northwest,TI,Total interchange,1658,megawatthours,2026-01-18 23:00:00,1658.0
2026-01-18T22,NW,Northwest,D,Demand,44840,megawatthours,2026-01-18 22:00:00,44840.0
2026-01-18T22,NW,Northwest,DF,Day-ahead demand forecast,40105,megawatthours,2026-01-18 22:00:00,40105.0
2026-01-18T22,NW,Northwest,NG,Net generation,46433,megawatthours,2026-01-18 22:00:00,46433.0
2026-01-18T22,NW,Northwest,TI,Total interchange,1631,megawatthours,2026-01-18 22:00:00,1631.0
2026-01-18T21,NW,Northwest,D,Demand,45464,megawatthours,2026-01-18 21:00:00,45464.0
2026-01-18T21,NW,Northwest,DF,Day-ahead demand forecast,40367,megawatthours,2026-01-18 21:00:00,40367.0
2026-01-18T21,NW,Northwest,NG,Net generation,47213,megawatthours,2026-01-18 21:00:00,47213.0
2026-01-18T21,NW,Northwest,TI,Total interchange,1708,megawatthours,2026-01-18 21:00:00,1708.0
2026-01-18T20,NW,Northwest,D,Demand,46195,megawatthours,2026-01-18 20:00:00,46195.0
2026-01-18T20,NW,Northwest,DF,Day-ahead demand forecast,41055,megawatthours,2026-01-18 20:00:00,41055.0
2026-01-18T20,NW,Northwest,NG,Net generation,47343,megawatthours,2026-01-18 20:00:00,47343.0
2026-01-18T20,NW,Northwest,TI,Total interchange,1108,megawatthours,2026-01-18 20:00:00,1108.0
2026-01-18T19,NW,Northwest,D,Demand,47025,megawatthours,2026-01-18 19:00:00,47025.0
2026-01-18T19,NW,Northwest,DF,Day-ahead demand forecast,42094,megawatthours,2026-01-18 19:00:00,42094.0
2026-01-18T19,NW,Northwest,NG,Net generation,48291,megawatthours,2026-01-18 19:00:00,48291.0
2026-01-18T19,NW,Northwest,TI,Total interchange,1224,megawatthours,2026-01-18 19:00:00,1224.0
2026-01-18T18,NW,Northwest,D,Demand,47235,megawatthours,2026-01-18 18:00:00,47235.0
2026-01-18T18,NW,Northwest,DF,Day-ahead demand forecast,42831,megawatthours,2026-01-18 18:00:00,42831.0
2026-01-18T18,NW,Northwest,NG,Net generation,48919,megawatthours,2026-01-18 18:00:00,48919.0
2026-01-18T18,NW,Northwest,TI,Total interchange,1635,megawatthours,2026-01-18 18:00:00,1635.0
2026-01-18T17,NW,Northwest,D,Demand,47164,megawatthours,2026-01-18 17:00:00,47164.0
2026-01-18T17,NW,Northwest,DF,Day-ahead demand forecast,43213,megawatthours,2026-01-18 17:00:00,43213.0
2026-01-18T17,NW,Northwest,NG,Net generation,48831,megawatthours,2026-01-18 17:00:00,48831.0
2026-01-18T17,NW,Northwest,TI,Total interchange,1613,megawatthours,2026-01-18 17:00:00,1613.0
2026-01-18T16,NW,Northwest,D,Demand,46929,megawatthours,2026-01-18 16:00:00,46929.0
2026-01-18T16,NW,Northwest,DF,Day-ahead demand forecast,42801,megawatthours,2026-01-18 16:00:00,42801.0
2026-01-18T16,NW,Northwest,NG,Net generation,49346,megawatthours,2026-01-18 16:00:00,49346.0
2026-01-18T16,NW,Northwest,TI,Total interchange,2399,megawatthours,2026-01-18 16:00:00,2399.0
2026-01-18T15,NW,Northwest,D,Demand,45457,megawatthours,2026-01-18 15:00:00,45457.0
2026-01-18T15,NW,Northwest,DF,Day-ahead demand forecast,41666,megawatthours,2026-01-18 15:00:00,41666.0
2026-01-18T15,NW,Northwest,NG,Net generation,49268,megawatthours,2026-01-18 15:00:00,49268.0
2026-01-18T15,NW,Northwest,TI,Total interchange,3766,megawatthours,2026-01-18 15:00:00,3766.0
2026-01-18T14,NW,Northwest,D,Demand,43894,megawatthours,2026-01-18 14:00:00,43894.0
2026-01-18T14,NW,Northwest,DF,Day-ahead demand forecast,40358,megawatthours,2026-01-18 14:00:00,40358.0
2026-01-18T14,NW,Northwest,NG,Net generation,48029,megawatthours,2026-01-18 14:00:00,48029.0
2026-01-18T14,NW,Northwest,TI,Total interchange,4144,megawatthours,2026-01-18 14:00:00,4144.0
2026-01-18T13,NW,Northwest,D,Demand,42547,megawatthours,2026-01-18 13:00:00,42547.0
2026-01-18T13,NW,Northwest,DF,Day-ahead demand forecast,39210,megawatthours,2026-01-18 13:00:00,39210.0
2026-01-18T13,NW,Northwest,NG,Net generation,46842,megawatthours,2026-01-18 13:00:00,46842.0
2026-01-18T13,NW,Northwest,TI,Total interchange,4301,megawatthours,2026-01-18 13:00:00,4301.0
2026-01-18T12,NW,Northwest,D,Demand,41588,megawatthours,2026-01-18 12:00:00,41588.0
2026-01-18T12,NW,Northwest,DF,Day-ahead demand forecast,38640,megawatthours,2026-01-18 12:00:00,38640.0
2026-01-18T12,NW,Northwest,NG,Net generation,46195,megawatthours,2026-01-18 12:00:00,46195.0
2026-01-18T12,NW,Northwest,TI,Total interchange,4611,megawatthours,2026-01-18 12:00:00,4611.0
2026-01-18T11,NW,Northwest,D,Demand,41590,megawatthours,2026-01-18 11:00:00,41590.0
2026-01-18T11,NW,Northwest,DF,Day-ahead demand forecast,38636,megawatthours,2026-01-18 11:00:00,38636.0
2026-01-18T11,NW,Northwest,NG,Net generation,46227,megawatthours,2026-01-18 11:00:00,46227.0
2026-01-18T11,NW,Northwest,TI,Total interchange,4649,megawatthours,2026-01-18 11:00:00,4649.0
2026-01-18T10,NW,Northwest,D,Demand,41810,megawatthours,2026-01-18 10:00:00,41810.0
2026-01-18T10,NW,Northwest,DF,Day-ahead demand forecast,38421,megawatthours,2026-01-18 10:00:00,38421.0
2026-01-18T10,NW,Northwest,NG,Net generation,46132,megawatthours,2026-01-18 10:00:00,46132.0
2026-01-18T10,NW,Northwest,TI,Total interchange,4327,megawatthours,2026-01-18 10:00:00,4327.0
2026-01-18T09,NW,Northwest,D,Demand,42220,megawatthours,2026-01-18 09:00:00,42220.0
2026-01-18T09,NW,Northwest,DF,Day-ahead demand forecast,38887,megawatthours,2026-01-18 09:00:00,38887.0
2026-01-18T09,NW,Northwest,NG,Net generation,46629,megawatthours,2026-01-18 09:00:00,46629.0
2026-01-18T09,NW,Northwest,TI,Total interchange,4418,megawatthours,2026-01-18 09:00:00,4418.0
2026-01-18T08,NW,Northwest,D,Demand,42925,megawatthours,2026-01-18 08:00:00,42925.0
2026-01-18T08,NW,Northwest,DF,Day-ahead demand forecast,39809,megawatthours,2026-01-18 08:00:00,39809.0
2026-01-18T08,NW,Northwest,NG,Net generation,47765,megawatthours,2026-01-18 08:00:00,47765.0
2026-01-18T08,NW,Northwest,TI,Total interchange,4442,megawatthours,2026-01-18 08:00:00,4442.0
2026-01-18T07,NW,Northwest,D,Demand,44223,megawatthours,2026-01-18 07:00:00,44223.0
2026-01-18T07,NW,Northwest,DF,Day-ahead demand forecast,40747,megawatthours,2026-01-18 07:00:00,40747.0
2026-01-18T07,NW,Northwest,NG,Net generation,49000,megawatthours,2026-01-18 07:00:00,49000.0
2026-01-18T07,NW,Northwest,TI,Total interchange,4396,megawatthours,2026-01-18 07:00:00,4396.0
2026-01-18T06,NW,Northwest,D,Demand,45698,megawatthours,2026-01-18 06:00:00,45698.0
2026-01-18T06,NW,Northwest,DF,Day-ahead demand forecast,41915,megawatthours,2026-01-18 06:00:00,41915.0
2026-01-18T06,NW,Northwest,NG,Net generation,49832,megawatthours,2026-01-18 06:00:00,49832.0
2026-01-18T06,NW,Northwest,TI,Total interchange,3770,megawatthours,2026-01-18 06:00:00,3770.0
2026-01-18T05,NW,Northwest,D,Demand,46804,megawatthours,2026-01-18 05:00:00,46804.0
2026-01-18T05,NW,Northwest,DF,Day-ahead demand forecast,43134,megawatthours,2026-01-18 05:00:00,43134.0
2026-01-18T05,NW,Northwest,NG,Net generation,50918,megawatthours,2026-01-18 05:00:00,50918.0
2026-01-18T05,NW,Northwest,TI,Total interchange,3278,megawatthours,2026-01-18 05:00:00,3278.0
2026-01-18T04,NW,Northwest,D,Demand,47202,megawatthours,2026-01-18 04:00:00,47202.0
2026-01-18T04,NW,Northwest,DF,Day-ahead demand forecast,43975,megawatthours,2026-01-18 04:00:00,43975.0
2026-01-18T04,NW,Northwest,NG,Net generation,50867,megawatthours,2026-01-18 04:00:00,50867.0
2026-01-18T04,NW,Northwest,TI,Total interchange,2848,megawatthours,2026-01-18 04:00:00,2848.0
2026-01-18T03,NW,Northwest,D,Demand,47360,megawatthours,2026-01-18 03:00:00,47360.0
2026-01-18T03,NW,Northwest,DF,Day-ahead demand forecast,44379,megawatthours,2026-01-18 03:00:00,44379.0
2026-01-18T03,NW,Northwest,NG,Net generation,51062,megawatthours,2026-01-18 03:00:00,51062.0
2026-01-18T03,NW,Northwest,TI,Total interchange,2793,megawatthours,2026-01-18 03:00:00,2793.0
2026-01-18T02,NW,Northwest,D,Demand,47207,megawatthours,2026-01-18 02:00:00,47207.0
2026-01-18T02,NW,Northwest,DF,Day-ahead demand forecast,44308,megawatthours,2026-01-18 02:00:00,44308.0
2026-01-18T02,NW,Northwest,NG,Net generation,51060,megawatthours,2026-01-18 02:00:00,51060.0
2026-01-18T02,NW,Northwest,TI,Total interchange,2953,megawatthours,2026-01-18 02:00:00,2953.0
2026-01-18T01,NW,Northwest,D,Demand,46016,megawatthours,2026-01-18 01:00:00,46016.0
2026-01-18T01,NW,Northwest,DF,Day-ahead demand forecast,43040,megawatthours,2026-01-18 01:00:00,43040.0
2026-01-18T01,NW,Northwest,NG,Net generation,49659,megawatthours,2026-01-18 01:00:00,49659.0
2026-01-18T01,NW,Northwest,TI,Total interchange,2894,megawatthours,2026-01-18 01:00:00,2894.0
2026-01-18T00,NW,Northwest,D,Demand,44550,megawatthours,2026-01-18 00:00:00,44550.0
2026-01-18T00,NW,Northwest,DF,Day-ahead demand forecast,40927,megawatthours,2026-01-18 00:00:00,40927.0
2026-01-18T00,NW,Northwest,NG,Net generation,46295,megawatthours,2026-01-18 00:00:00,46295.0
2026-01-18T00,NW,Northwest,TI,Total interchange,1296,megawatthours,2026-01-18 00:00:00,1296.0
2026-01-17T23,NW,Northwest,D,Demand,44141,megawatthours,2026-01-17 23:00:00,44141.0
2026-01-17T23,NW,Northwest,DF,Day-ahead demand forecast,39746,megawatthours,2026-01-17 23:00:00,39746.0
2026-01-17T23,NW,Northwest,NG,Net generation,46299,megawatthours,2026-01-17 23:00:00,46299.0
2026-01-17T23,NW,Northwest,TI,Total interchange,1681,megawatthours,2026-01-17 23:00:00,1681.0
2026-01-17T22,NW,Northwest,D,Demand,44310,megawatthours,2026-01-17 22:00:00,44310.0
2026-01-17T22,NW,Northwest,DF,Day-ahead demand forecast,39464,megawatthours,2026-01-17 22:00:00,39464.0
2026-01-17T22,NW,Northwest,NG,Net generation,46081,megawatthours,2026-01-17 22:00:00,46081.0
2026-01-17T22,NW,Northwest,TI,Total interchange,1394,megawatthours,2026-01-17 22:00:00,1394.0
2026-01-17T21,NW,Northwest,D,Demand,45200,megawatthours,2026-01-17 21:00:00,45200.0
2026-01-17T21,NW,Northwest,DF,Day-ahead demand forecast,40012,megawatthours,2026-01-17 21:00:00,40012.0
2026-01-17T21,NW,Northwest,NG,Net generation,46204,megawatthours,2026-01-17 21:00:00,46204.0
2026-01-17T21,NW,Northwest,TI,Total interchange,643,megawatthours,2026-01-17 21:00:00,643.0
2026-01-17T20,NW,Northwest,D,Demand,46657,megawatthours,2026-01-17 20:00:00,46657.0
2026-01-17T20,NW,Northwest,DF,Day-ahead demand forecast,40889,megawatthours,2026-01-17 20:00:00,40889.0
2026-01-17T20,NW,Northwest,NG,Net generation,47064,megawatthours,2026-01-17 20:00:00,47064.0
2026-01-17T20,NW,Northwest,TI,Total interchange,362,megawatthours,2026-01-17 20:00:00,362.0
2026-01-17T19,NW,Northwest,D,Demand,47293,megawatthours,2026-01-17 19:00:00,47293.0
2026-01-17T19,NW,Northwest,DF,Day-ahead demand forecast,41915,megawatthours,2026-01-17 19:00:00,41915.0
2026-01-17T19,NW,Northwest,NG,Net generation,47662,megawatthours,2026-01-17 19:00:00,47662.0
2026-01-17T19,NW,Northwest,TI,Total interchange,323,megawatthours,2026-01-17 19:00:00,323.0
2026-01-17T18,NW,Northwest,D,Demand,48546,megawatthours,2026-01-17 18:00:00,48546.0
2026-01-17T18,NW,Northwest,DF,Day-ahead demand forecast,42851,megawatthours,2026-01-17 18:00:00,42851.0
2026-01-17T18,NW,Northwest,NG,Net generation,48452,megawatthours,2026-01-17 18:00:00,48452.0
2026-01-17T18,NW,Northwest,TI,Total interchange,-543,megawatthours,2026-01-17 18:00:00,-543.0
2026-01-17T17,NW,Northwest,D,Demand,48499,megawatthours,2026-01-17 17:00:00,48499.0
2026-01-17T17,NW,Northwest,DF,Day-ahead demand forecast,43372,megawatthours,2026-01-17 17:00:00,43372.0
2026-01-17T17,NW,Northwest,NG,Net generation,49424,megawatthours,2026-01-17 17:00:00,49424.0
2026-01-17T17,NW,Northwest,TI,Total interchange,409,megawatthours,2026-01-17 17:00:00,409.0
2026-01-17T16,NW,Northwest,D,Demand,47418,megawatthours,2026-01-17 16:00:00,47418.0
2026-01-17T16,NW,Northwest,DF,Day-ahead demand forecast,42955,megawatthours,2026-01-17 16:00:00,42955.0
2026-01-17T16,NW,Northwest,NG,Net generation,50244,megawatthours,2026-01-17 16:00:00,50244.0
2026-01-17T16,NW,Northwest,TI,Total interchange,2140,megawatthours,2026-01-17 16:00:00,2140.0
2026-01-17T15,NW,Northwest,D,Demand,46081,megawatthours,2026-01-17 15:00:00,46081.0
2026-01-17T15,NW,Northwest,DF,Day-ahead demand forecast,42045,megawatthours,2026-01-17 15:00:00,42045.0
2026-01-17T15,NW,Northwest,NG,Net generation,50191,megawatthours,2026-01-17 15:00:00,50191.0
2026-01-17T15,NW,Northwest,TI,Total interchange,3282,megawatthours,2026-01-17 15:00:00,3282.0
2026-01-17T14,NW,Northwest,D,Demand,44435,megawatthours,2026-01-17 14:00:00,44435.0
2026-01-17T14,NW,Northwest,DF,Day-ahead demand forecast,40361,megawatthours,2026-01-17 14:00:00,40361.0
2026-01-17T14,NW,Northwest,NG,Net generation,49253,megawatthours,2026-01-17 14:00:00,49253.0
2026-01-17T14,NW,Northwest,TI,Total interchange,4237,megawatthours,2026-01-17 14:00:00,4237.0
2026-01-17T13,NW,Northwest,D,Demand,43022,megawatthours,2026-01-17 13:00:00,43022.0
2026-01-17T13,NW,Northwest,DF,Day-ahead demand forecast,39002,megawatthours,2026-01-17 13:00:00,39002.0
2026-01-17T13,NW,Northwest,NG,Net generation,48386,megawatthours,2026-01-17 13:00:00,48386.0
2026-01-17T13,NW,Northwest,TI,Total interchange,4810,megawatthours,2026-01-17 13:00:00,4810.0
2026-01-17T12,NW,Northwest,D,Demand,42014,megawatthours,2026-01-17 12:00:00,42014.0
2026-01-17T12,NW,Northwest,DF,Day-ahead demand forecast,38459,megawatthours,2026-01-17 12:00:00,38459.0
2026-01-17T12,NW,Northwest,NG,Net generation,47654,megawatthours,2026-01-17 12:00:00,47654.0
2026-01-17T12,NW,Northwest,TI,Total interchange,5120,megawatthours,2026-01-17 12:00:00,5120.0
2026-01-17T11,NW,Northwest,D,Demand,41723,megawatthours,2026-01-17 11:00:00,41723.0
2026-01-17T11,NW,Northwest,DF,Day-ahead demand forecast,38278,megawatthours,2026-01-17 11:00:00,38278.0
2026-01-17T11,NW,Northwest,NG,Net generation,47324,megawatthours,2026-01-17 11:00:00,47324.0
2026-01-17T11,NW,Northwest,TI,Total interchange,5080,megawatthours,2026-01-17 11:00:00,5080.0
2026-01-17T10,NW,Northwest,D,Demand,41813,megawatthours,2026-01-17 10:00:00,41813.0
2026-01-17T10,NW,Northwest,DF,Day-ahead demand forecast,38126,megawatthours,2026-01-17 10:00:00,38126.0
2026-01-17T10,NW,Northwest,NG,Net generation,47624,megawatthours,2026-01-17 10:00:00,47624.0
2026-01-17T10,NW,Northwest,TI,Total interchange,5243,megawatthours,2026-01-17 10:00:00,5243.0
2026-01-17T09,NW,Northwest,D,Demand,42173,megawatthours,2026-01-17 09:00:00,42173.0
2026-01-17T09,NW,Northwest,DF,Day-ahead demand forecast,38838,megawatthours,2026-01-17 09:00:00,38838.0
2026-01-17T09,NW,Northwest,NG,Net generation,47573,megawatthours,2026-01-17 09:00:00,47573.0
2026-01-17T09,NW,Northwest,TI,Total interchange,4757,megawatthours,2026-01-17 09:00:00,4757.0
2026-01-17T08,NW,Northwest,D,Demand,43192,megawatthours,2026-01-17 08:00:00,43192.0
2026-01-17T08,NW,Northwest,DF,Day-ahead demand forecast,39936,megawatthours,2026-01-17 08:00:00,39936.0
2026-01-17T08,NW,Northwest,NG,Net generation,47843,megawatthours,2026-01-17 08:00:00,47843.0
2026-01-17T08,NW,Northwest,TI,Total interchange,5288,megawatthours,2026-01-17 08:00:00,5288.0
2026-01-17T07,NW,Northwest,D,Demand,44660,megawatthours,2026-01-17 07:00:00,44660.0
2026-01-17T07,NW,Northwest,DF,Day-ahead demand forecast,40900,megawatthours,2026-01-17 07:00:00,40900.0
2026-01-17T07,NW,Northwest,NG,Net generation,49033,megawatthours,2026-01-17 07:00:00,49033.0
2026-01-17T07,NW,Northwest,TI,Total interchange,5099,megawatthours,2026-01-17 07:00:00,5099.0
2026-01-17T06,NW,Northwest,D,Demand,46353,megawatthours,2026-01-17 06:00:00,46353.0
2026-01-17T06,NW,Northwest,DF,Day-ahead demand forecast,42281,megawatthours,2026-01-17 06:00:00,42281.0
2026-01-17T06,NW,Northwest,NG,Net generation,50538,megawatthours,2026-01-17 06:00:00,50538.0
2026-01-17T06,NW,Northwest,TI,Total interchange,4982,megawatthours,2026-01-17 06:00:00,4982.0
2026-01-17T05,NW,Northwest,D,Demand,47782,megawatthours,2026-01-17 05:00:00,47782.0
2026-01-17T05,NW,Northwest,DF,Day-ahead demand forecast,43670,megawatthours,2026-01-17 05:00:00,43670.0
2026-01-17T05,NW,Northwest,NG,Net generation,52839,megawatthours,2026-01-17 05:00:00,52839.0
2026-01-17T05,NW,Northwest,TI,Total interchange,4988,megawatthours,2026-01-17 05:00:00,4988.0
2026-01-17T04,NW,Northwest,D,Demand,48646,megawatthours,2026-01-17 04:00:00,48646.0
2026-01-17T04,NW,Northwest,DF,Day-ahead demand forecast,44386,megawatthours,2026-01-17 04:00:00,44386.0
2026-01-17T04,NW,Northwest,NG,Net generation,53146,megawatthours,2026-01-17 04:00:00,53146.0
2026-01-17T04,NW,Northwest,TI,Total interchange,4431,megawatthours,2026-01-17 04:00:00,4431.0
2026-01-17T03,NW,Northwest,D,Demand,49199,megawatthours,2026-01-17 03:00:00,49199.0
2026-01-17T03,NW,Northwest,DF,Day-ahead demand forecast,44723,megawatthours,2026-01-17 03:00:00,44723.0
2026-01-17T03,NW,Northwest,NG,Net generation,53375,megawatthours,2026-01-17 03:00:00,53375.0
2026-01-17T03,NW,Northwest,TI,Total interchange,4110,megawatthours,2026-01-17 03:00:00,4110.0
2026-01-17T02,NW,Northwest,D,Demand,49263,megawatthours,2026-01-17 02:00:00,49263.0
2026-01-17T02,NW,Northwest,DF,Day-ahead demand forecast,45124,megawatthours,2026-01-17 02:00:00,45124.0
2026-01-17T02,NW,Northwest,NG,Net generation,53433,megawatthours,2026-01-17 02:00:00,53433.0
2026-01-17T02,NW,Northwest,TI,Total interchange,4102,megawatthours,2026-01-17 02:00:00,4102.0
2026-01-17T01,NW,Northwest,D,Demand,48113,megawatthours,2026-01-17 01:00:00,48113.0
2026-01-17T01,NW,Northwest,DF,Day-ahead demand forecast,43892,megawatthours,2026-01-17 01:00:00,43892.0
2026-01-17T01,NW,Northwest,NG,Net generation,52008,megawatthours,2026-01-17 01:00:00,52008.0
2026-01-17T01,NW,Northwest,TI,Total interchange,3900,megawatthours,2026-01-17 01:00:00,3900.0
2026-01-17T00,NW,Northwest,D,Demand,46003,megawatthours,2026-01-17 00:00:00,46003.0
2026-01-17T00,NW,Northwest,DF,Day-ahead demand forecast,41851,megawatthours,2026-01-17 00:00:00,41851.0
2026-01-17T00,NW,Northwest,NG,Net generation,48167,megawatthours,2026-01-17 00:00:00,48167.0
2026-01-17T00,NW,Northwest,TI,Total interchange,2128,megawatthours,2026-01-17 00:00:00,2128.0
2026-01-16T23,NW,Northwest,D,Demand,45407,megawatthours,2026-01-16 23:00:00,45407.0
2026-01-16T23,NW,Northwest,DF,Day-ahead demand forecast,40868,megawatthours,2026-01-16 23:00:00,40868.0
2026-01-16T23,NW,Northwest,NG,Net generation,47219,megawatthours,2026-01-16 23:00:00,47219.0
2026-01-16T23,NW,Northwest,TI,Total interchange,1439,megawatthours,2026-01-16 23:00:00,1439.0
2026-01-16T22,NW,Northwest,D,Demand,45749,megawatthours,2026-01-16 22:00:00,45749.0
2026-01-16T22,NW,Northwest,DF,Day-ahead demand forecast,41004,megawatthours,2026-01-16 22:00:00,41004.0
2026-01-16T22,NW,Northwest,NG,Net generation,47333,megawatthours,2026-01-16 22:00:00,47333.0
2026-01-16T22,NW,Northwest,TI,Total interchange,1086,megawatthours,2026-01-16 22:00:00,1086.0
2026-01-16T21,NW,Northwest,D,Demand,46580,megawatthours,2026-01-16 21:00:00,46580.0
2026-01-16T21,NW,Northwest,DF,Day-ahead demand forecast,41396,megawatthours,2026-01-16 21:00:00,41396.0
2026-01-16T21,NW,Northwest,NG,Net generation,47058,megawatthours,2026-01-16 21:00:00,47058.0
2026-01-16T21,NW,Northwest,TI,Total interchange,436,megawatthours,2026-01-16 21:00:00,436.0
2026-01-16T20,NW,Northwest,D,Demand,47517,megawatthours,2026-01-16 20:00:00,47517.0
2026-01-16T20,NW,Northwest,DF,Day-ahead demand forecast,42331,megawatthours,2026-01-16 20:00:00,42331.0
2026-01-16T20,NW,Northwest,NG,Net generation,48002,megawatthours,2026-01-16 20:00:00,48002.0
2026-01-16T20,NW,Northwest,TI,Total interchange,430,megawatthours,2026-01-16 20:00:00,430.0
2026-01-16T19,NW,Northwest,D,Demand,48044,megawatthours,2026-01-16 19:00:00,48044.0
2026-01-16T19,NW,Northwest,DF,Day-ahead demand forecast,43087,megawatthours,2026-01-16 19:00:00,43087.0
2026-01-16T19,NW,Northwest,NG,Net generation,48441,megawatthours,2026-01-16 19:00:00,48441.0
2026-01-16T19,NW,Northwest,TI,Total interchange,288,megawatthours,2026-01-16 19:00:00,288.0
2026-01-16T18,NW,Northwest,D,Demand,49681,megawatthours,2026-01-16 18:00:00,49681.0
2026-01-16T18,NW,Northwest,DF,Day-ahead demand forecast,44232,megawatthours,2026-01-16 18:00:00,44232.0
2026-01-16T18,NW,Northwest,NG,Net generation,49824,megawatthours,2026-01-16 18:00:00,49824.0
2026-01-16T18,NW,Northwest,TI,Total interchange,95,megawatthours,2026-01-16 18:00:00,95.0
2026-01-16T17,NW,Northwest,D,Demand,50037,megawatthours,2026-01-16 17:00:00,50037.0
2026-01-16T17,NW,Northwest,DF,Day-ahead demand forecast,45312,megawatthours,2026-01-16 17:00:00,45312.0
2026-01-16T17,NW,Northwest,NG,Net generation,51479,megawatthours,2026-01-16 17:00:00,51479.0
2026-01-16T17,NW,Northwest,TI,Total interchange,1343,megawatthours,2026-01-16 17:00:00,1343.0
2026-01-16T16,NW,Northwest,D,Demand,50219,megawatthours,2026-01-16 16:00:00,50219.0
2026-01-16T16,NW,Northwest,DF,Day-ahead demand forecast,45646,megawatthours,2026-01-16 16:00:00,45646.0
2026-01-16T16,NW,Northwest,NG,Net generation,53047,megawatthours,2026-01-16 16:00:00,53047.0
2026-01-16T16,NW,Northwest,TI,Total interchange,2807,megawatthours,2026-01-16 16:00:00,2807.0
2026-01-16T15,NW,Northwest,D,Demand,48795,megawatthours,2026-01-16 15:00:00,48795.0
2026-01-16T15,NW,Northwest,DF,Day-ahead demand forecast,44689,megawatthours,2026-01-16 15:00:00,44689.0
2026-01-16T15,NW,Northwest,NG,Net generation,53122,megawatthours,2026-01-16 15:00:00,53122.0
2026-01-16T15,NW,Northwest,TI,Total interchange,4306,megawatthours,2026-01-16 15:00:00,4306.0
2026-01-16T14,NW,Northwest,D,Demand,45501,megawatthours,2026-01-16 14:00:00,45501.0
2026-01-16T14,NW,Northwest,DF,Day-ahead demand forecast,42516,megawatthours,2026-01-16 14:00:00,42516.0
2026-01-16T14,NW,Northwest,NG,Net generation,51344,megawatthours,2026-01-16 14:00:00,51344.0
2026-01-16T14,NW,Northwest,TI,Total interchange,5849,megawatthours,2026-01-16 14:00:00,5849.0
2026-01-16T13,NW,Northwest,D,Demand,42802,megawatthours,2026-01-16 13:00:00,42802.0
2026-01-16T13,NW,Northwest,DF,Day-ahead demand forecast,40004,megawatthours,2026-01-16 13:00:00,40004.0
2026-01-16T13,NW,Northwest,NG,Net generation,48895,megawatthours,2026-01-16 13:00:00,48895.0
2026-01-16T13,NW,Northwest,TI,Total interchange,6101,megawatthours,2026-01-16 13:00:00,6101.0
2026-01-16T12,NW,Northwest,D,Demand,41606,megawatthours,2026-01-16 12:00:00,41606.0
2026-01-16T12,NW,Northwest,DF,Day-ahead demand forecast,38500,megawatthours,2026-01-16 12:00:00,38500.0
2026-01-16T12,NW,Northwest,NG,Net generation,47684,megawatthours,2026-01-16 12:00:00,47684.0
2026-01-16T12,NW,Northwest,TI,Total interchange,6085,megawatthours,2026-01-16 12:00:00,6085.0
2026-01-16T11,NW,Northwest,D,Demand,40795,megawatthours,2026-01-16 11:00:00,40795.0
2026-01-16T11,NW,Northwest,DF,Day-ahead demand forecast,38016,megawatthours,2026-01-16 11:00:00,38016.0
2026-01-16T11,NW,Northwest,NG,Net generation,47111,megawatthours,2026-01-16 11:00:00,47111.0
2026-01-16T11,NW,Northwest,TI,Total interchange,6325,megawatthours,2026-01-16 11:00:00,6325.0
2026-01-16T10,NW,Northwest,D,Demand,40657,megawatthours,2026-01-16 10:00:00,40657.0
2026-01-16T10,NW,Northwest,DF,Day-ahead demand forecast,37588,megawatthours,2026-01-16 10:00:00,37588.0
2026-01-16T10,NW,Northwest,NG,Net generation,46786,megawatthours,2026-01-16 10:00:00,46786.0
2026-01-16T10,NW,Northwest,TI,Total interchange,6133,megawatthours,2026-01-16 10:00:00,6133.0
2026-01-16T09,NW,Northwest,D,Demand,41085,megawatthours,2026-01-16 09:00:00,41085.0
2026-01-16T09,NW,Northwest,DF,Day-ahead demand forecast,38088,megawatthours,2026-01-16 09:00:00,38088.0
2026-01-16T09,NW,Northwest,NG,Net generation,46876,megawatthours,2026-01-16 09:00:00,46876.0
2026-01-16T09,NW,Northwest,TI,Total interchange,5796,megawatthours,2026-01-16 09:00:00,5796.0
2026-01-16T08,NW,Northwest,D,Demand,41848,megawatthours,2026-01-16 08:00:00,41848.0
2026-01-16T08,NW,Northwest,DF,Day-ahead demand forecast,38980,megawatthours,2026-01-16 08:00:00,38980.0
2026-01-16T08,NW,Northwest,NG,Net generation,46331,megawatthours,2026-01-16 08:00:00,46331.0
2026-01-16T08,NW,Northwest,TI,Total interchange,4293,megawatthours,2026-01-16 08:00:00,4293.0
2026-01-16T07,NW,Northwest,D,Demand,43506,megawatthours,2026-01-16 07:00:00,43506.0
2026-01-16T07,NW,Northwest,DF,Day-ahead demand forecast,40008,megawatthours,2026-01-16 07:00:00,40008.0
2026-01-16T07,NW,Northwest,NG,Net generation,47374,megawatthours,2026-01-16 07:00:00,47374.0
2026-01-16T07,NW,Northwest,TI,Total interchange,3703,megawatthours,2026-01-16 07:00:00,3703.0
2026-01-16T06,NW,Northwest,D,Demand,45327,megawatthours,2026-01-16 06:00:00,45327.0
2026-01-16T06,NW,Northwest,DF,Day-ahead demand forecast,41501,megawatthours,2026-01-16 06:00:00,41501.0
2026-01-16T06,NW,Northwest,NG,Net generation,48276,megawatthours,2026-01-16 06:00:00,48276.0
2026-01-16T06,NW,Northwest,TI,Total interchange,3014,megawatthours,2026-01-16 06:00:00,3014.0
2026-01-16T05,NW,Northwest,D,Demand,46875,megawatthours,2026-01-16 05:00:00,46875.0
2026-01-16T05,NW,Northwest,DF,Day-ahead demand forecast,43184,megawatthours,2026-01-16 05:00:00,43184.0
2026-01-16T05,NW,Northwest,NG,Net generation,50842,megawatthours,2026-01-16 05:00:00,50842.0
2026-01-16T05,NW,Northwest,TI,Total interchange,3063,megawatthours,2026-01-16 05:00:00,3063.0
2026-01-16T04,NW,Northwest,D,Demand,47976,megawatthours,2026-01-16 04:00:00,47976.0
2026-01-16T04,NW,Northwest,DF,Day-ahead demand forecast,43972,megawatthours,2026-01-16 04:00:00,43972.0
2026-01-16T04,NW,Northwest,NG,Net generation,51987,megawatthours,2026-01-16 04:00:00,51987.0
2026-01-16T04,NW,Northwest,TI,Total interchange,3941,megawatthours,2026-01-16 04:00:00,3941.0
2026-01-16T03,NW,Northwest,D,Demand,48147,megawatthours,2026-01-16 03:00:00,48147.0
2026-01-16T03,NW,Northwest,DF,Day-ahead demand forecast,44518,megawatthours,2026-01-16 03:00:00,44518.0
2026-01-16T03,NW,Northwest,NG,Net generation,51988,megawatthours,2026-01-16 03:00:00,51988.0
2026-01-16T03,NW,Northwest,TI,Total interchange,3771,megawatthours,2026-01-16 03:00:00,3771.0
2026-01-16T02,NW,Northwest,D,Demand,48324,megawatthours,2026-01-16 02:00:00,48324.0
2026-01-16T02,NW,Northwest,DF,Day-ahead demand forecast,44805,megawatthours,2026-01-16 02:00:00,44805.0
2026-01-16T02,NW,Northwest,NG,Net generation,52142,megawatthours,2026-01-16 02:00:00,52142.0
2026-01-16T02,NW,Northwest,TI,Total interchange,2921,megawatthours,2026-01-16 02:00:00,2921.0
2026-01-16T01,NW,Northwest,D,Demand,46775,megawatthours,2026-01-16 01:00:00,46775.0
2026-01-16T01,NW,Northwest,DF,Day-ahead demand forecast,43280,megawatthours,2026-01-16 01:00:00,43280.0
2026-01-16T01,NW,Northwest,NG,Net generation,50408,megawatthours,2026-01-16 01:00:00,50408.0
2026-01-16T01,NW,Northwest,TI,Total interchange,3005,megawatthours,2026-01-16 01:00:00,3005.0
2026-01-16T00,NW,Northwest,D,Demand,44806,megawatthours,2026-01-16 00:00:00,44806.0
2026-01-16T00,NW,Northwest,DF,Day-ahead demand forecast,41266,megawatthours,2026-01-16 00:00:00,41266.0
2026-01-16T00,NW,Northwest,NG,Net generation,47304,megawatthours,2026-01-16 00:00:00,47304.0
2026-01-16T00,NW,Northwest,TI,Total interchange,2018,megawatthours,2026-01-16 00:00:00,2018.0
2026-01-15T23,NW,Northwest,D,Demand,44841,megawatthours,2026-01-15 23:00:00,44841.0
2026-01-15T23,NW,Northwest,DF,Day-ahead demand forecast,40272,megawatthours,2026-01-15 23:00:00,40272.0
2026-01-15T23,NW,Northwest,NG,Net generation,47101,megawatthours,2026-01-15 23:00:00,47101.0
2026-01-15T23,NW,Northwest,TI,Total interchange,1918,megawatthours,2026-01-15 23:00:00,1918.0
2026-01-15T22,NW,Northwest,D,Demand,45177,megawatthours,2026-01-15 22:00:00,45177.0
2026-01-15T22,NW,Northwest,DF,Day-ahead demand forecast,40046,megawatthours,2026-01-15 22:00:00,40046.0
2026-01-15T22,NW,Northwest,NG,Net generation,47556,megawatthours,2026-01-15 22:00:00,47556.0
2026-01-15T22,NW,Northwest,TI,Total interchange,1974,megawatthours,2026-01-15 22:00:00,1974.0
2026-01-15T21,NW,Northwest,D,Demand,45349,megawatthours,2026-01-15 21:00:00,45349.0
2026-01-15T21,NW,Northwest,DF,Day-ahead demand forecast,40401,megawatthours,2026-01-15 21:00:00,40401.0
2026-01-15T21,NW,Northwest,NG,Net generation,47526,megawatthours,2026-01-15 21:00:00,47526.0
2026-01-15T21,NW,Northwest,TI,Total interchange,1769,megawatthours,2026-01-15 21:00:00,1769.0
2026-01-15T20,NW,Northwest,D,Demand,45973,megawatthours,2026-01-15 20:00:00,45973.0
2026-01-15T20,NW,Northwest,DF,Day-ahead demand forecast,41014,megawatthours,2026-01-15 20:00:00,41014.0
2026-01-15T20,NW,Northwest,NG,Net generation,47790,megawatthours,2026-01-15 20:00:00,47790.0
2026-01-15T20,NW,Northwest,TI,Total interchange,1393,megawatthours,2026-01-15 20:00:00,1393.0
2026-01-15T19,NW,Northwest,D,Demand,46386,megawatthours,2026-01-15 19:00:00,46386.0
2026-01-15T19,NW,Northwest,DF,Day-ahead demand forecast,42122,megawatthours,2026-01-15 19:00:00,42122.0
2026-01-15T19,NW,Northwest,NG,Net generation,48031,megawatthours,2026-01-15 19:00:00,48031.0
2026-01-15T19,NW,Northwest,TI,Total interchange,1173,megawatthours,2026-01-15 19:00:00,1173.0
2026-01-15T18,NW,Northwest,D,Demand,47552,megawatthours,2026-01-15 18:00:00,47552.0
2026-01-15T18,NW,Northwest,DF,Day-ahead demand forecast,42973,megawatthours,2026-01-15 18:00:00,42973.0
2026-01-15T18,NW,Northwest,NG,Net generation,48697,megawatthours,2026-01-15 18:00:00,48697.0
2026-01-15T18,NW,Northwest,TI,Total interchange,732,megawatthours,2026-01-15 18:00:00,732.0
2026-01-15T17,NW,Northwest,D,Demand,48063,megawatthours,2026-01-15 17:00:00,48063.0
2026-01-15T17,NW,Northwest,DF,Day-ahead demand forecast,44142,megawatthours,2026-01-15 17:00:00,44142.0
2026-01-15T17,NW,Northwest,NG,Net generation,50368,megawatthours,2026-01-15 17:00:00,50368.0
2026-01-15T17,NW,Northwest,TI,Total interchange,1713,megawatthours,2026-01-15 17:00:00,1713.0
2026-01-15T16,NW,Northwest,D,Demand,48861,megawatthours,2026-01-15 16:00:00,48861.0
2026-01-15T16,NW,Northwest,DF,Day-ahead demand forecast,45020,megawatthours,2026-01-15 16:00:00,45020.0
2026-01-15T16,NW,Northwest,NG,Net generation,51872,megawatthours,2026-01-15 16:00:00,51872.0
2026-01-15T16,NW,Northwest,TI,Total interchange,2198,megawatthours,2026-01-15 16:00:00,2198.0
2026-01-15T15,NW,Northwest,D,Demand,47736,megawatthours,2026-01-15 15:00:00,47736.0
2026-01-15T15,NW,Northwest,DF,Day-ahead demand forecast,44485,megawatthours,2026-01-15 15:00:00,44485.0
2026-01-15T15,NW,Northwest,NG,Net generation,51723,megawatthours,2026-01-15 15:00:00,51723.0
2026-01-15T15,NW,Northwest,TI,Total interchange,3168,megawatthours,2026-01-15 15:00:00,3168.0
2026-01-15T14,NW,Northwest,D,Demand,44617,megawatthours,2026-01-15 14:00:00,44617.0
2026-01-15T14,NW,Northwest,DF,Day-ahead demand forecast,41923,megawatthours,2026-01-15 14:00:00,41923.0
2026-01-15T14,NW,Northwest,NG,Net generation,50213,megawatthours,2026-01-15 14:00:00,50213.0
2026-01-15T14,NW,Northwest,TI,Total interchange,4982,megawatthours,2026-01-15 14:00:00,4982.0
2026-01-15T13,NW,Northwest,D,Demand,41739,megawatthours,2026-01-15 13:00:00,41739.0
2026-01-15T13,NW,Northwest,DF,Day-ahead demand forecast,39366,megawatthours,2026-01-15 13:00:00,39366.0
2026-01-15T13,NW,Northwest,NG,Net generation,47580,megawatthours,2026-01-15 13:00:00,47580.0
2026-01-15T13,NW,Northwest,TI,Total interchange,5275,megawatthours,2026-01-15 13:00:00,5275.0
2026-01-15T12,NW,Northwest,D,Demand,40046,megawatthours,2026-01-15 12:00:00,40046.0
2026-01-15T12,NW,Northwest,DF,Day-ahead demand forecast,38004,megawatthours,2026-01-15 12:00:00,38004.0
2026-01-15T12,NW,Northwest,NG,Net generation,45922,megawatthours,2026-01-15 12:00:00,45922.0
2026-01-15T12,NW,Northwest,TI,Total interchange,5391,megawatthours,2026-01-15 12:00:00,5391.0
2026-01-15T11,NW,Northwest,D,Demand,39791,megawatthours,2026-01-15 11:00:00,39791.0
2026-01-15T11,NW,Northwest,DF,Day-ahead demand forecast,37624,megawatthours,2026-01-15 11:00:00,37624.0
2026-01-15T11,NW,Northwest,NG,Net generation,45824,megawatthours,2026-01-15 11:00:00,45824.0
2026-01-15T11,NW,Northwest,TI,Total interchange,5517,megawatthours,2026-01-15 11:00:00,5517.0
2026-01-15T10,NW,Northwest,D,Demand,39817,megawatthours,2026-01-15 10:00:00,39817.0
2026-01-15T10,NW,Northwest,DF,Day-ahead demand forecast,37219,megawatthours,2026-01-15 10:00:00,37219.0
2026-01-15T10,NW,Northwest,NG,Net generation,45761,megawatthours,2026-01-15 10:00:00,45761.0
2026-01-15T10,NW,Northwest,TI,Total interchange,5434,megawatthours,2026-01-15 10:00:00,5434.0
2026-01-15T09,NW,Northwest,D,Demand,40165,megawatthours,2026-01-15 09:00:00,40165.0
2026-01-15T09,NW,Northwest,DF,Day-ahead demand forecast,37516,megawatthours,2026-01-15 09:00:00,37516.0
2026-01-15T09,NW,Northwest,NG,Net generation,45994,megawatthours,2026-01-15 09:00:00,45994.0
2026-01-15T09,NW,Northwest,TI,Total interchange,5260,megawatthours,2026-01-15 09:00:00,5260.0
2026-01-15T08,NW,Northwest,D,Demand,40893,megawatthours,2026-01-15 08:00:00,40893.0
2026-01-15T08,NW,Northwest,DF,Day-ahead demand forecast,38258,megawatthours,2026-01-15 08:00:00,38258.0
2026-01-15T08,NW,Northwest,NG,Net generation,47505,megawatthours,2026-01-15 08:00:00,47505.0
2026-01-15T08,NW,Northwest,TI,Total interchange,7013,megawatthours,2026-01-15 08:00:00,7013.0
2026-01-15T07,NW,Northwest,D,Demand,42381,megawatthours,2026-01-15 07:00:00,42381.0
2026-01-15T07,NW,Northwest,DF,Day-ahead demand forecast,39364,megawatthours,2026-01-15 07:00:00,39364.0
2026-01-15T07,NW,Northwest,NG,Net generation,48778,megawatthours,2026-01-15 07:00:00,48778.0
2026-01-15T07,NW,Northwest,TI,Total interchange,7022,megawatthours,2026-01-15 07:00:00,7022.0
2026-01-15T06,NW,Northwest,D,Demand,44293,megawatthours,2026-01-15 06:00:00,44293.0
2026-01-15T06,NW,Northwest,DF,Day-ahead demand forecast,41352,megawatthours,2026-01-15 06:00:00,41352.0
2026-01-15T06,NW,Northwest,NG,Net generation,49015,megawatthours,2026-01-15 06:00:00,49015.0
2026-01-15T06,NW,Northwest,TI,Total interchange,5512,megawatthours,2026-01-15 06:00:00,5512.0
2026-01-15T05,NW,Northwest,D,Demand,46057,megawatthours,2026-01-15 05:00:00,46057.0
2026-01-15T05,NW,Northwest,DF,Day-ahead demand forecast,42976,megawatthours,2026-01-15 05:00:00,42976.0
2026-01-15T05,NW,Northwest,NG,Net generation,51687,megawatthours,2026-01-15 05:00:00,51687.0
2026-01-15T05,NW,Northwest,TI,Total interchange,5562,megawatthours,2026-01-15 05:00:00,5562.0
2026-01-15T04,NW,Northwest,D,Demand,47057,megawatthours,2026-01-15 04:00:00,47057.0
2026-01-15T04,NW,Northwest,DF,Day-ahead demand forecast,43980,megawatthours,2026-01-15 04:00:00,43980.0
2026-01-15T04,NW,Northwest,NG,Net generation,52297,megawatthours,2026-01-15 04:00:00,52297.0
2026-01-15T04,NW,Northwest,TI,Total interchange,5170,megawatthours,2026-01-15 04:00:00,5170.0
2026-01-15T03,NW,Northwest,D,Demand,47193,megawatthours,2026-01-15 03:00:00,47193.0
2026-01-15T03,NW,Northwest,DF,Day-ahead demand forecast,44593,megawatthours,2026-01-15 03:00:00,44593.0
2026-01-15T03,NW,Northwest,NG,Net generation,52040,megawatthours,2026-01-15 03:00:00,52040.0
2026-01-15T03,NW,Northwest,TI,Total interchange,4779,megawatthours,2026-01-15 03:00:00,4779.0
2026-01-15T02,NW,Northwest,D,Demand,47437,megawatthours,2026-01-15 02:00:00,47437.0
2026-01-15T02,NW,Northwest,DF,Day-ahead demand forecast,44775,megawatthours,2026-01-15 02:00:00,44775.0
2026-01-15T02,NW,Northwest,NG,Net generation,51763,megawatthours,2026-01-15 02:00:00,51763.0
2026-01-15T02,NW,Northwest,TI,Total interchange,4285,megawatthours,2026-01-15 02:00:00,4285.0
2026-01-15T01,NW,Northwest,D,Demand,46145,megawatthours,2026-01-15 01:00:00,46145.0
2026-01-15T01,NW,Northwest,DF,Day-ahead demand forecast,43414,megawatthours,2026-01-15 01:00:00,43414.0
2026-01-15T01,NW,Northwest,NG,Net generation,50376,megawatthours,2026-01-15 01:00:00,50376.0
2026-01-15T01,NW,Northwest,TI,Total interchange,4237,megawatthours,2026-01-15 01:00:00,4237.0
2026-01-15T00,NW,Northwest,D,Demand,43917,megawatthours,2026-01-15 00:00:00,43917.0
2026-01-15T00,NW,Northwest,DF,Day-ahead demand forecast,41454,megawatthours,2026-01-15 00:00:00,41454.0
2026-01-15T00,NW,Northwest,NG,Net generation,45937,megawatthours,2026-01-15 00:00:00,45937.0
2026-01-15T00,NW,Northwest,TI,Total interchange,1986,megawatthours,2026-01-15 00:00:00,1986.0
2026-01-14T23,NW,Northwest,D,Demand,43748,megawatthours,2026-01-14 23:00:00,43748.0
2026-01-14T23,NW,Northwest,DF,Day-ahead demand forecast,40327,megawatthours,2026-01-14 23:00:00,40327.0
2026-01-14T23,NW,Northwest,NG,Net generation,46299,megawatthours,2026-01-14 23:00:00,46299.0
2026-01-14T23,NW,Northwest,TI,Total interchange,2506,megawatthours,2026-01-14 23:00:00,2506.0
2026-01-14T22,NW,Northwest,D,Demand,44604,megawatthours,2026-01-14 22:00:00,44604.0
2026-01-14T22,NW,Northwest,DF,Day-ahead demand forecast,40137,megawatthours,2026-01-14 22:00:00,40137.0
2026-01-14T22,NW,Northwest,NG,Net generation,46886,megawatthours,2026-01-14 22:00:00,46886.0
2026-01-14T22,NW,Northwest,TI,Total interchange,2235,megawatthours,2026-01-14 22:00:00,2235.0
2026-01-14T21,NW,Northwest,D,Demand,44808,megawatthours,2026-01-14 21:00:00,44808.0
2026-01-14T21,NW,Northwest,DF,Day-ahead demand forecast,40398,megawatthours,2026-01-14 21:00:00,40398.0
2026-01-14T21,NW,Northwest,NG,Net generation,46468,megawatthours,2026-01-14 21:00:00,46468.0
2026-01-14T21,NW,Northwest,TI,Total interchange,1612,megawatthours,2026-01-14 21:00:00,1612.0
2026-01-14T20,NW,Northwest,D,Demand,45195,megawatthours,2026-01-14 20:00:00,45195.0
2026-01-14T20,NW,Northwest,DF,Day-ahead demand forecast,41034,megawatthours,2026-01-14 20:00:00,41034.0
2026-01-14T20,NW,Northwest,NG,Net generation,46750,megawatthours,2026-01-14 20:00:00,46750.0
2026-01-14T20,NW,Northwest,TI,Total interchange,1446,megawatthours,2026-01-14 20:00:00,1446.0
2026-01-14T19,NW,Northwest,D,Demand,46326,megawatthours,2026-01-14 19:00:00,46326.0
2026-01-14T19,NW,Northwest,DF,Day-ahead demand forecast,41991,megawatthours,2026-01-14 19:00:00,41991.0
2026-01-14T19,NW,Northwest,NG,Net generation,47671,megawatthours,2026-01-14 19:00:00,47671.0
2026-01-14T19,NW,Northwest,TI,Total interchange,1261,megawatthours,2026-01-14 19:00:00,1261.0
2026-01-14T18,NW,Northwest,D,Demand,47031,megawatthours,2026-01-14 18:00:00,47031.0
2026-01-14T18,NW,Northwest,DF,Day-ahead demand forecast,42824,megawatthours,2026-01-14 18:00:00,42824.0
2026-01-14T18,NW,Northwest,NG,Net generation,48625,megawatthours,2026-01-14 18:00:00,48625.0
2026-01-14T18,NW,Northwest,TI,Total interchange,1545,megawatthours,2026-01-14 18:00:00,1545.0
2026-01-14T17,NW,Northwest,D,Demand,47950,megawatthours,2026-01-14 17:00:00,47950.0
2026-01-14T17,NW,Northwest,DF,Day-ahead demand forecast,43891,megawatthours,2026-01-14 17:00:00,43891.0
2026-01-14T17,NW,Northwest,NG,Net generation,51045,megawatthours,2026-01-14 17:00:00,51045.0
2026-01-14T17,NW,Northwest,TI,Total interchange,3004,megawatthours,2026-01-14 17:00:00,3004.0
2026-01-14T16,NW,Northwest,D,Demand,48469,megawatthours,2026-01-14 16:00:00,48469.0
2026-01-14T16,NW,Northwest,DF,Day-ahead demand forecast,44550,megawatthours,2026-01-14 16:00:00,44550.0
2026-01-14T16,NW,Northwest,NG,Net generation,52593,megawatthours,2026-01-14 16:00:00,52593.0
2026-01-14T16,NW,Northwest,TI,Total interchange,4104,megawatthours,2026-01-14 16:00:00,4104.0
2026-01-14T15,NW,Northwest,D,Demand,47302,megawatthours,2026-01-14 15:00:00,47302.0
2026-01-14T15,NW,Northwest,DF,Day-ahead demand forecast,43641,megawatthours,2026-01-14 15:00:00,43641.0
2026-01-14T15,NW,Northwest,NG,Net generation,51746,megawatthours,2026-01-14 15:00:00,51746.0
2026-01-14T15,NW,Northwest,TI,Total interchange,4452,megawatthours,2026-01-14 15:00:00,4452.0
2026-01-14T14,NW,Northwest,D,Demand,44359,megawatthours,2026-01-14 14:00:00,44359.0
2026-01-14T14,NW,Northwest,DF,Day-ahead demand forecast,41024,megawatthours,2026-01-14 14:00:00,41024.0
2026-01-14T14,NW,Northwest,NG,Net generation,49609,megawatthours,2026-01-14 14:00:00,49609.0
2026-01-14T14,NW,Northwest,TI,Total interchange,5259,megawatthours,2026-01-14 14:00:00,5259.0
2026-01-14T13,NW,Northwest,D,Demand,41389,megawatthours,2026-01-14 13:00:00,41389.0
2026-01-14T13,NW,Northwest,DF,Day-ahead demand forecast,38276,megawatthours,2026-01-14 13:00:00,38276.0
2026-01-14T13,NW,Northwest,NG,Net generation,46703,megawatthours,2026-01-14 13:00:00,46703.0
2026-01-14T13,NW,Northwest,TI,Total interchange,5322,megawatthours,2026-01-14 13:00:00,5322.0
2026-01-14T12,NW,Northwest,D,Demand,39741,megawatthours,2026-01-14 12:00:00,39741.0
2026-01-14T12,NW,Northwest,DF,Day-ahead demand forecast,36866,megawatthours,2026-01-14 12:00:00,36866.0
2026-01-14T12,NW,Northwest,NG,Net generation,45594,megawatthours,2026-01-14 12:00:00,45594.0
2026-01-14T12,NW,Northwest,TI,Total interchange,5862,megawatthours,2026-01-14 12:00:00,5862.0
2026-01-14T11,NW,Northwest,D,Demand,39059,megawatthours,2026-01-14 11:00:00,39059.0
2026-01-14T11,NW,Northwest,DF,Day-ahead demand forecast,36411,megawatthours,2026-01-14 11:00:00,36411.0
2026-01-14T11,NW,Northwest,NG,Net generation,45579,megawatthours,2026-01-14 11:00:00,45579.0
2026-01-14T11,NW,Northwest,TI,Total interchange,6528,megawatthours,2026-01-14 11:00:00,6528.0
2026-01-14T10,NW,Northwest,D,Demand,39144,megawatthours,2026-01-14 10:00:00,39144.0
2026-01-14T10,NW,Northwest,DF,Day-ahead demand forecast,35989,megawatthours,2026-01-14 10:00:00,35989.0
2026-01-14T10,NW,Northwest,NG,Net generation,45833,megawatthours,2026-01-14 10:00:00,45833.0
2026-01-14T10,NW,Northwest,TI,Total interchange,6697,megawatthours,2026-01-14 10:00:00,6697.0
2026-01-14T09,NW,Northwest,D,Demand,39621,megawatthours,2026-01-14 09:00:00,39621.0
2026-01-14T09,NW,Northwest,DF,Day-ahead demand forecast,36624,megawatthours,2026-01-14 09:00:00,36624.0
2026-01-14T09,NW,Northwest,NG,Net generation,46281,megawatthours,2026-01-14 09:00:00,46281.0
2026-01-14T09,NW,Northwest,TI,Total interchange,6667,megawatthours,2026-01-14 09:00:00,6667.0
2026-01-14T08,NW,Northwest,D,Demand,40614,megawatthours,2026-01-14 08:00:00,40614.0
2026-01-14T08,NW,Northwest,DF,Day-ahead demand forecast,37697,megawatthours,2026-01-14 08:00:00,37697.0
2026-01-14T08,NW,Northwest,NG,Net generation,45458,megawatthours,2026-01-14 08:00:00,45458.0
2026-01-14T08,NW,Northwest,TI,Total interchange,4848,megawatthours,2026-01-14 08:00:00,4848.0
2026-01-14T07,NW,Northwest,D,Demand,41889,megawatthours,2026-01-14 07:00:00,41889.0
2026-01-14T07,NW,Northwest,DF,Day-ahead demand forecast,39018,megawatthours,2026-01-14 07:00:00,39018.0
2026-01-14T07,NW,Northwest,NG,Net generation,47111,megawatthours,2026-01-14 07:00:00,47111.0
2026-01-14T07,NW,Northwest,TI,Total interchange,5206,megawatthours,2026-01-14 07:00:00,5206.0
2026-01-14T06,NW,Northwest,D,Demand,43712,megawatthours,2026-01-14 06:00:00,43712.0
2026-01-14T06,NW,Northwest,DF,Day-ahead demand forecast,40811,megawatthours,2026-01-14 06:00:00,40811.0
2026-01-14T06,NW,Northwest,NG,Net generation,48258,megawatthours,2026-01-14 06:00:00,48258.0
2026-01-14T06,NW,Northwest,TI,Total interchange,5295,megawatthours,2026-01-14 06:00:00,5295.0
2026-01-14T05,NW,Northwest,D,Demand,45543,megawatthours,2026-01-14 05:00:00,45543.0
2026-01-14T05,NW,Northwest,DF,Day-ahead demand forecast,42378,megawatthours,2026-01-14 05:00:00,42378.0
2026-01-14T05,NW,Northwest,NG,Net generation,50739,megawatthours,2026-01-14 05:00:00,50739.0
2026-01-14T05,NW,Northwest,TI,Total interchange,5126,megawatthours,2026-01-14 05:00:00,5126.0
2026-01-14T04,NW,Northwest,D,Demand,46774,megawatthours,2026-01-14 04:00:00,46774.0
2026-01-14T04,NW,Northwest,DF,Day-ahead demand forecast,43321,megawatthours,2026-01-14 04:00:00,43321.0
2026-01-14T04,NW,Northwest,NG,Net generation,52226,megawatthours,2026-01-14 04:00:00,52226.0
2026-01-14T04,NW,Northwest,TI,Total interchange,5378,megawatthours,2026-01-14 04:00:00,5378.0
2026-01-14T03,NW,Northwest,D,Demand,47297,megawatthours,2026-01-14 03:00:00,47297.0
2026-01-14T03,NW,Northwest,DF,Day-ahead demand forecast,43958,megawatthours,2026-01-14 03:00:00,43958.0
2026-01-14T03,NW,Northwest,NG,Net generation,52574,megawatthours,2026-01-14 03:00:00,52574.0
2026-01-14T03,NW,Northwest,TI,Total interchange,4354,megawatthours,2026-01-14 03:00:00,4354.0
2026-01-14T02,NW,Northwest,D,Demand,47345,megawatthours,2026-01-14 02:00:00,47345.0
2026-01-14T02,NW,Northwest,DF,Day-ahead demand forecast,44050,megawatthours,2026-01-14 02:00:00,44050.0
2026-01-14T02,NW,Northwest,NG,Net generation,52585,megawatthours,2026-01-14 02:00:00,52585.0
2026-01-14T02,NW,Northwest,TI,Total interchange,4347,megawatthours,2026-01-14 02:00:00,4347.0
2026-01-14T01,NW,Northwest,D,Demand,45915,megawatthours,2026-01-14 01:00:00,45915.0
2026-01-14T01,NW,Northwest,DF,Day-ahead demand forecast,42981,megawatthours,2026-01-14 01:00:00,42981.0
2026-01-14T01,NW,Northwest,NG,Net generation,51323,megawatthours,2026-01-14 01:00:00,51323.0
2026-01-14T01,NW,Northwest,TI,Total interchange,4740,megawatthours,2026-01-14 01:00:00,4740.0
2026-01-14T00,NW,Northwest,D,Demand,43658,megawatthours,2026-01-14 00:00:00,43658.0
2026-01-14T00,NW,Northwest,DF,Day-ahead demand forecast,41350,megawatthours,2026-01-14 00:00:00,41350.0
2026-01-14T00,NW,Northwest,NG,Net generation,47666,megawatthours,2026-01-14 00:00:00,47666.0
2026-01-14T00,NW,Northwest,TI,Total interchange,3454,megawatthours,2026-01-14 00:00:00,3454.0
2026-01-13T23,NW,Northwest,D,Demand,43383,megawatthours,2026-01-13 23:00:00,43383.0
2026-01-13T23,NW,Northwest,DF,Day-ahead demand forecast,40466,megawatthours,2026-01-13 23:00:00,40466.0
2026-01-13T23,NW,Northwest,NG,Net generation,46275,megawatthours,2026-01-13 23:00:00,46275.0
2026-01-13T23,NW,Northwest,TI,Total interchange,2450,megawatthours,2026-01-13 23:00:00,2450.0
2026-01-13T22,NW,Northwest,D,Demand,43977,megawatthours,2026-01-13 22:00:00,43977.0
2026-01-13T22,NW,Northwest,DF,Day-ahead demand forecast,40200,megawatthours,2026-01-13 22:00:00,40200.0
2026-01-13T22,NW,Northwest,NG,Net generation,47102,megawatthours,2026-01-13 22:00:00,47102.0
2026-01-13T22,NW,Northwest,TI,Total interchange,2772,megawatthours,2026-01-13 22:00:00,2772.0
2026-01-13T21,NW,Northwest,D,Demand,44314,megawatthours,2026-01-13 21:00:00,44314.0
2026-01-13T21,NW,Northwest,DF,Day-ahead demand forecast,40238,megawatthours,2026-01-13 21:00:00,40238.0
2026-01-13T21,NW,Northwest,NG,Net generation,47030,megawatthours,2026-01-13 21:00:00,47030.0
2026-01-13T21,NW,Northwest,TI,Total interchange,2361,megawatthours,2026-01-13 21:00:00,2361.0
2026-01-13T20,NW,Northwest,D,Demand,44737,megawatthours,2026-01-13 20:00:00,44737.0
2026-01-13T20,NW,Northwest,DF,Day-ahead demand forecast,40595,megawatthours,2026-01-13 20:00:00,40595.0
2026-01-13T20,NW,Northwest,NG,Net generation,47262,megawatthours,2026-01-13 20:00:00,47262.0
2026-01-13T20,NW,Northwest,TI,Total interchange,2488,megawatthours,2026-01-13 20:00:00,2488.0
2026-01-13T19,NW,Northwest,D,Demand,45745,megawatthours,2026-01-13 19:00:00,45745.0
2026-01-13T19,NW,Northwest,DF,Day-ahead demand forecast,41321,megawatthours,2026-01-13 19:00:00,41321.0
2026-01-13T19,NW,Northwest,NG,Net generation,48052,megawatthours,2026-01-13 19:00:00,48052.0
2026-01-13T19,NW,Northwest,TI,Total interchange,2214,megawatthours,2026-01-13 19:00:00,2214.0
2026-01-13T18,NW,Northwest,D,Demand,46623,megawatthours,2026-01-13 18:00:00,46623.0
2026-01-13T18,NW,Northwest,DF,Day-ahead demand forecast,42263,megawatthours,2026-01-13 18:00:00,42263.0
2026-01-13T18,NW,Northwest,NG,Net generation,49155,megawatthours,2026-01-13 18:00:00,49155.0
2026-01-13T18,NW,Northwest,TI,Total interchange,2478,megawatthours,2026-01-13 18:00:00,2478.0
2026-01-13T17,NW,Northwest,D,Demand,47529,megawatthours,2026-01-13 17:00:00,47529.0
2026-01-13T17,NW,Northwest,DF,Day-ahead demand forecast,43621,megawatthours,2026-01-13 17:00:00,43621.0
2026-01-13T17,NW,Northwest,NG,Net generation,51614,megawatthours,2026-01-13 17:00:00,51614.0
2026-01-13T17,NW,Northwest,TI,Total interchange,3648,megawatthours,2026-01-13 17:00:00,3648.0
2026-01-13T16,NW,Northwest,D,Demand,47999,megawatthours,2026-01-13 16:00:00,47999.0
2026-01-13T16,NW,Northwest,DF,Day-ahead demand forecast,44415,megawatthours,2026-01-13 16:00:00,44415.0
2026-01-13T16,NW,Northwest,NG,Net generation,53011,megawatthours,2026-01-13 16:00:00,53011.0
2026-01-13T16,NW,Northwest,TI,Total interchange,4167,megawatthours,2026-01-13 16:00:00,4167.0
2026-01-13T15,NW,Northwest,D,Demand,46544,megawatthours,2026-01-13 15:00:00,46544.0
2026-01-13T15,NW,Northwest,DF,Day-ahead demand forecast,43624,megawatthours,2026-01-13 15:00:00,43624.0
2026-01-13T15,NW,Northwest,NG,Net generation,52529,megawatthours,2026-01-13 15:00:00,52529.0
2026-01-13T15,NW,Northwest,TI,Total interchange,5036,megawatthours,2026-01-13 15:00:00,5036.0
2026-01-13T14,NW,Northwest,D,Demand,43464,megawatthours,2026-01-13 14:00:00,43464.0
2026-01-13T14,NW,Northwest,DF,Day-ahead demand forecast,41381,megawatthours,2026-01-13 14:00:00,41381.0
2026-01-13T14,NW,Northwest,NG,Net generation,51131,megawatthours,2026-01-13 14:00:00,51131.0
2026-01-13T14,NW,Northwest,TI,Total interchange,6879,megawatthours,2026-01-13 14:00:00,6879.0
2026-01-13T13,NW,Northwest,D,Demand,40404,megawatthours,2026-01-13 13:00:00,40404.0
2026-01-13T13,NW,Northwest,DF,Day-ahead demand forecast,38816,megawatthours,2026-01-13 13:00:00,38816.0
2026-01-13T13,NW,Northwest,NG,Net generation,48146,megawatthours,2026-01-13 13:00:00,48146.0
2026-01-13T13,NW,Northwest,TI,Total interchange,7234,megawatthours,2026-01-13 13:00:00,7234.0
2026-01-13T12,NW,Northwest,D,Demand,39152,megawatthours,2026-01-13 12:00:00,39152.0
2026-01-13T12,NW,Northwest,DF,Day-ahead demand forecast,37419,megawatthours,2026-01-13 12:00:00,37419.0
2026-01-13T12,NW,Northwest,NG,Net generation,47313,megawatthours,2026-01-13 12:00:00,47313.0
2026-01-13T12,NW,Northwest,TI,Total interchange,8168,megawatthours,2026-01-13 12:00:00,8168.0
2026-01-13T11,NW,Northwest,D,Demand,38614,megawatthours,2026-01-13 11:00:00,38614.0
2026-01-13T11,NW,Northwest,DF,Day-ahead demand forecast,37056,megawatthours,2026-01-13 11:00:00,37056.0
2026-01-13T11,NW,Northwest,NG,Net generation,47080,megawatthours,2026-01-13 11:00:00,47080.0
2026-01-13T11,NW,Northwest,TI,Total interchange,7978,megawatthours,2026-01-13 11:00:00,7978.0
2026-01-13T10,NW,Northwest,D,Demand,38564,megawatthours,2026-01-13 10:00:00,38564.0
2026-01-13T10,NW,Northwest,DF,Day-ahead demand forecast,36786,megawatthours,2026-01-13 10:00:00,36786.0
2026-01-13T10,NW,Northwest,NG,Net generation,47298,megawatthours,2026-01-13 10:00:00,47298.0
2026-01-13T10,NW,Northwest,TI,Total interchange,8245,megawatthours,2026-01-13 10:00:00,8245.0
2026-01-13T09,NW,Northwest,D,Demand,39133,megawatthours,2026-01-13 09:00:00,39133.0
2026-01-13T09,NW,Northwest,DF,Day-ahead demand forecast,37194,megawatthours,2026-01-13 09:00:00,37194.0
2026-01-13T09,NW,Northwest,NG,Net generation,47550,megawatthours,2026-01-13 09:00:00,47550.0
2026-01-13T09,NW,Northwest,TI,Total interchange,8421,megawatthours,2026-01-13 09:00:00,8421.0
2026-01-13T08,NW,Northwest,D,Demand,40002,megawatthours,2026-01-13 08:00:00,40002.0
2026-01-13T08,NW,Northwest,DF,Day-ahead demand forecast,38479,megawatthours,2026-01-13 08:00:00,38479.0
2026-01-13T08,NW,Northwest,NG,Net generation,47774,megawatthours,2026-01-13 08:00:00,47774.0
2026-01-13T08,NW,Northwest,TI,Total interchange,8250,megawatthours,2026-01-13 08:00:00,8250.0
2026-01-13T07,NW,Northwest,D,Demand,41729,megawatthours,2026-01-13 07:00:00,41729.0
2026-01-13T07,NW,Northwest,DF,Day-ahead demand forecast,39978,megawatthours,2026-01-13 07:00:00,39978.0
2026-01-13T07,NW,Northwest,NG,Net generation,49429,megawatthours,2026-01-13 07:00:00,49429.0
2026-01-13T07,NW,Northwest,TI,Total interchange,8233,megawatthours,2026-01-13 07:00:00,8233.0
2026-01-13T06,NW,Northwest,D,Demand,43894,megawatthours,2026-01-13 06:00:00,43894.0
2026-01-13T06,NW,Northwest,DF,Day-ahead demand forecast,41686,megawatthours,2026-01-13 06:00:00,41686.0
2026-01-13T06,NW,Northwest,NG,Net generation,48147,megawatthours,2026-01-13 06:00:00,48147.0
2026-01-13T06,NW,Northwest,TI,Total interchange,7888,megawatthours,2026-01-13 06:00:00,7888.0
2026-01-13T05,NW,Northwest,D,Demand,45843,megawatthours,2026-01-13 05:00:00,45843.0
2026-01-13T05,NW,Northwest,DF,Day-ahead demand forecast,43258,megawatthours,2026-01-13 05:00:00,43258.0
2026-01-13T05,NW,Northwest,NG,Net generation,53429,megawatthours,2026-01-13 05:00:00,53429.0
2026-01-13T05,NW,Northwest,TI,Total interchange,7514,megawatthours,2026-01-13 05:00:00,7514.0
2026-01-13T04,NW,Northwest,D,Demand,46997,megawatthours,2026-01-13 04:00:00,46997.0
2026-01-13T04,NW,Northwest,DF,Day-ahead demand forecast,44278,megawatthours,2026-01-13 04:00:00,44278.0
2026-01-13T04,NW,Northwest,NG,Net generation,54369,megawatthours,2026-01-13 04:00:00,54369.0
2026-01-13T04,NW,Northwest,TI,Total interchange,7305,megawatthours,2026-01-13 04:00:00,7305.0
2026-01-13T03,NW,Northwest,D,Demand,47754,megawatthours,2026-01-13 03:00:00,47754.0
2026-01-13T03,NW,Northwest,DF,Day-ahead demand forecast,45095,megawatthours,2026-01-13 03:00:00,45095.0
2026-01-13T03,NW,Northwest,NG,Net generation,54711,megawatthours,2026-01-13 03:00:00,54711.0
2026-01-13T03,NW,Northwest,TI,Total interchange,6890,megawatthours,2026-01-13 03:00:00,6890.0
2026-01-13T02,NW,Northwest,D,Demand,47776,megawatthours,2026-01-13 02:00:00,47776.0
2026-01-13T02,NW,Northwest,DF,Day-ahead demand forecast,45322,megawatthours,2026-01-13 02:00:00,45322.0
2026-01-13T02,NW,Northwest,NG,Net generation,54422,megawatthours,2026-01-13 02:00:00,54422.0
2026-01-13T02,NW,Northwest,TI,Total interchange,6579,megawatthours,2026-01-13 02:00:00,6579.0
2026-01-13T01,NW,Northwest,D,Demand,46303,megawatthours,2026-01-13 01:00:00,46303.0
2026-01-13T01,NW,Northwest,DF,Day-ahead demand forecast,44198,megawatthours,2026-01-13 01:00:00,44198.0
2026-01-13T01,NW,Northwest,NG,Net generation,52639,megawatthours,2026-01-13 01:00:00,52639.0
2026-01-13T01,NW,Northwest,TI,Total interchange,6341,megawatthours,2026-01-13 01:00:00,6341.0
2026-01-13T00,NW,Northwest,D,Demand,44256,megawatthours,2026-01-13 00:00:00,44256.0
2026-01-13T00,NW,Northwest,DF,Day-ahead demand forecast,42209,megawatthours,2026-01-13 00:00:00,42209.0
2026-01-13T00,NW,Northwest,NG,Net generation,49847,megawatthours,2026-01-13 00:00:00,49847.0
2026-01-13T00,NW,Northwest,TI,Total interchange,5574,megawatthours,2026-01-13 00:00:00,5574.0
2026-01-12T23,NW,Northwest,D,Demand,44099,megawatthours,2026-01-12 23:00:00,44099.0
2026-01-12T23,NW,Northwest,DF,Day-ahead demand forecast,41078,megawatthours,2026-01-12 23:00:00,41078.0
2026-01-12T23,NW,Northwest,NG,Net generation,49275,megawatthours,2026-01-12 23:00:00,49275.0
2026-01-12T23,NW,Northwest,TI,Total interchange,5127,megawatthours,2026-01-12 23:00:00,5127.0
2026-01-12T22,NW,Northwest,D,Demand,44412,megawatthours,2026-01-12 22:00:00,44412.0
2026-01-12T22,NW,Northwest,DF,Day-ahead demand forecast,40481,megawatthours,2026-01-12 22:00:00,40481.0
2026-01-12T22,NW,Northwest,NG,Net generation,49497,megawatthours,2026-01-12 22:00:00,49497.0
2026-01-12T22,NW,Northwest,TI,Total interchange,5039,megawatthours,2026-01-12 22:00:00,5039.0
2026-01-12T21,NW,Northwest,D,Demand,44805,megawatthours,2026-01-12 21:00:00,44805.0
2026-01-12T21,NW,Northwest,DF,Day-ahead demand forecast,40733,megawatthours,2026-01-12 21:00:00,40733.0
2026-01-12T21,NW,Northwest,NG,Net generation,49848,megawatthours,2026-01-12 21:00:00,49848.0
2026-01-12T21,NW,Northwest,TI,Total interchange,4998,megawatthours,2026-01-12 21:00:00,4998.0
2026-01-12T20,NW,Northwest,D,Demand,45202,megawatthours,2026-01-12 20:00:00,45202.0
2026-01-12T20,NW,Northwest,DF,Day-ahead demand forecast,41179,megawatthours,2026-01-12 20:00:00,41179.0
2026-01-12T20,NW,Northwest,NG,Net generation,50092,megawatthours,2026-01-12 20:00:00,50092.0
2026-01-12T20,NW,Northwest,TI,Total interchange,4778,megawatthours,2026-01-12 20:00:00,4778.0
2026-01-12T19,NW,Northwest,D,Demand,46017,megawatthours,2026-01-12 19:00:00,46017.0
2026-01-12T19,NW,Northwest,DF,Day-ahead demand forecast,41757,megawatthours,2026-01-12 19:00:00,41757.0
2026-01-12T19,NW,Northwest,NG,Net generation,50628,megawatthours,2026-01-12 19:00:00,50628.0
2026-01-12T19,NW,Northwest,TI,Total interchange,4499,megawatthours,2026-01-12 19:00:00,4499.0
2026-01-12T18,NW,Northwest,D,Demand,46884,megawatthours,2026-01-12 18:00:00,46884.0
2026-01-12T18,NW,Northwest,DF,Day-ahead demand forecast,42693,megawatthours,2026-01-12 18:00:00,42693.0
2026-01-12T18,NW,Northwest,NG,Net generation,51483,megawatthours,2026-01-12 18:00:00,51483.0
2026-01-12T18,NW,Northwest,TI,Total interchange,4551,megawatthours,2026-01-12 18:00:00,4551.0
2026-01-12T17,NW,Northwest,D,Demand,47581,megawatthours,2026-01-12 17:00:00,47581.0
2026-01-12T17,NW,Northwest,DF,Day-ahead demand forecast,43773,megawatthours,2026-01-12 17:00:00,43773.0
2026-01-12T17,NW,Northwest,NG,Net generation,53227,megawatthours,2026-01-12 17:00:00,53227.0
2026-01-12T17,NW,Northwest,TI,Total interchange,5551,megawatthours,2026-01-12 17:00:00,5551.0
2026-01-12T16,NW,Northwest,D,Demand,48401,megawatthours,2026-01-12 16:00:00,48401.0
2026-01-12T16,NW,Northwest,DF,Day-ahead demand forecast,44575,megawatthours,2026-01-12 16:00:00,44575.0
2026-01-12T16,NW,Northwest,NG,Net generation,54912,megawatthours,2026-01-12 16:00:00,54912.0
2026-01-12T16,NW,Northwest,TI,Total interchange,6494,megawatthours,2026-01-12 16:00:00,6494.0
2026-01-12T15,NW,Northwest,D,Demand,47156,megawatthours,2026-01-12 15:00:00,47156.0
2026-01-12T15,NW,Northwest,DF,Day-ahead demand forecast,43889,megawatthours,2026-01-12 15:00:00,43889.0
2026-01-12T15,NW,Northwest,NG,Net generation,54188,megawatthours,2026-01-12 15:00:00,54188.0
2026-01-12T15,NW,Northwest,TI,Total interchange,7040,megawatthours,2026-01-12 15:00:00,7040.0
2026-01-12T14,NW,Northwest,D,Demand,43963,megawatthours,2026-01-12 14:00:00,43963.0
2026-01-12T14,NW,Northwest,DF,Day-ahead demand forecast,41796,megawatthours,2026-01-12 14:00:00,41796.0
2026-01-12T14,NW,Northwest,NG,Net generation,51787,megawatthours,2026-01-12 14:00:00,51787.0
2026-01-12T14,NW,Northwest,TI,Total interchange,7832,megawatthours,2026-01-12 14:00:00,7832.0
2026-01-12T13,NW,Northwest,D,Demand,41092,megawatthours,2026-01-12 13:00:00,41092.0
2026-01-12T13,NW,Northwest,DF,Day-ahead demand forecast,39157,megawatthours,2026-01-12 13:00:00,39157.0
2026-01-12T13,NW,Northwest,NG,Net generation,48537,megawatthours,2026-01-12 13:00:00,48537.0
2026-01-12T13,NW,Northwest,TI,Total interchange,7448,megawatthours,2026-01-12 13:00:00,7448.0
2026-01-12T12,NW,Northwest,D,Demand,39450,megawatthours,2026-01-12 12:00:00,39450.0
2026-01-12T12,NW,Northwest,DF,Day-ahead demand forecast,37938,megawatthours,2026-01-12 12:00:00,37938.0
2026-01-12T12,NW,Northwest,NG,Net generation,47342,megawatthours,2026-01-12 12:00:00,47342.0
2026-01-12T12,NW,Northwest,TI,Total interchange,7898,megawatthours,2026-01-12 12:00:00,7898.0
2026-01-12T11,NW,Northwest,D,Demand,38915,megawatthours,2026-01-12 11:00:00,38915.0
2026-01-12T11,NW,Northwest,DF,Day-ahead demand forecast,37406,megawatthours,2026-01-12 11:00:00,37406.0
2026-01-12T11,NW,Northwest,NG,Net generation,47046,megawatthours,2026-01-12 11:00:00,47046.0
2026-01-12T11,NW,Northwest,TI,Total interchange,8140,megawatthours,2026-01-12 11:00:00,8140.0
2026-01-12T10,NW,Northwest,D,Demand,39001,megawatthours,2026-01-12 10:00:00,39001.0
2026-01-12T10,NW,Northwest,DF,Day-ahead demand forecast,37264,megawatthours,2026-01-12 10:00:00,37264.0
2026-01-12T10,NW,Northwest,NG,Net generation,46672,megawatthours,2026-01-12 10:00:00,46672.0
2026-01-12T10,NW,Northwest,TI,Total interchange,7679,megawatthours,2026-01-12 10:00:00,7679.0
2026-01-12T09,NW,Northwest,D,Demand,39581,megawatthours,2026-01-12 09:00:00,39581.0
2026-01-12T09,NW,Northwest,DF,Day-ahead demand forecast,37712,megawatthours,2026-01-12 09:00:00,37712.0
2026-01-12T09,NW,Northwest,NG,Net generation,47125,megawatthours,2026-01-12 09:00:00,47125.0
2026-01-12T09,NW,Northwest,TI,Total interchange,7553,megawatthours,2026-01-12 09:00:00,7553.0
2026-01-12T08,NW,Northwest,D,Demand,40427,megawatthours,2026-01-12 08:00:00,40427.0
2026-01-12T08,NW,Northwest,DF,Day-ahead demand forecast,38837,megawatthours,2026-01-12 08:00:00,38837.0
2026-01-12T08,NW,Northwest,NG,Net generation,47344,megawatthours,2026-01-12 08:00:00,47344.0
2026-01-12T08,NW,Northwest,TI,Total interchange,6856,megawatthours,2026-01-12 08:00:00,6856.0
2026-01-12T07,NW,Northwest,D,Demand,41793,megawatthours,2026-01-12 07:00:00,41793.0
2026-01-12T07,NW,Northwest,DF,Day-ahead demand forecast,40104,megawatthours,2026-01-12 07:00:00,40104.0
2026-01-12T07,NW,Northwest,NG,Net generation,48365,megawatthours,2026-01-12 07:00:00,48365.0
2026-01-12T07,NW,Northwest,TI,Total interchange,6670,megawatthours,2026-01-12 07:00:00,6670.0
2026-01-12T06,NW,Northwest,D,Demand,43989,megawatthours,2026-01-12 06:00:00,43989.0
2026-01-12T06,NW,Northwest,DF,Day-ahead demand forecast,41592,megawatthours,2026-01-12 06:00:00,41592.0
2026-01-12T06,NW,Northwest,NG,Net generation,48787,megawatthours,2026-01-12 06:00:00,48787.0
2026-01-12T06,NW,Northwest,TI,Total interchange,5603,megawatthours,2026-01-12 06:00:00,5603.0
2026-01-12T05,NW,Northwest,D,Demand,45957,megawatthours,2026-01-12 05:00:00,45957.0
2026-01-12T05,NW,Northwest,DF,Day-ahead demand forecast,43033,megawatthours,2026-01-12 05:00:00,43033.0
2026-01-12T05,NW,Northwest,NG,Net generation,51909,megawatthours,2026-01-12 05:00:00,51909.0
2026-01-12T05,NW,Northwest,TI,Total interchange,5138,megawatthours,2026-01-12 05:00:00,5138.0
2026-01-12T04,NW,Northwest,D,Demand,47006,megawatthours,2026-01-12 04:00:00,47006.0
2026-01-12T04,NW,Northwest,DF,Day-ahead demand forecast,43998,megawatthours,2026-01-12 04:00:00,43998.0
2026-01-12T04,NW,Northwest,NG,Net generation,53134,megawatthours,2026-01-12 04:00:00,53134.0
2026-01-12T04,NW,Northwest,TI,Total interchange,6058,megawatthours,2026-01-12 04:00:00,6058.0
2026-01-12T03,NW,Northwest,D,Demand,47605,megawatthours,2026-01-12 03:00:00,47605.0
2026-01-12T03,NW,Northwest,DF,Day-ahead demand forecast,44457,megawatthours,2026-01-12 03:00:00,44457.0
2026-01-12T03,NW,Northwest,NG,Net generation,52694,megawatthours,2026-01-12 03:00:00,52694.0
2026-01-12T03,NW,Northwest,TI,Total interchange,5076,megawatthours,2026-01-12 03:00:00,5076.0
2026-01-12T02,NW,Northwest,D,Demand,47875,megawatthours,2026-01-12 02:00:00,47875.0
2026-01-12T02,NW,Northwest,DF,Day-ahead demand forecast,44529,megawatthours,2026-01-12 02:00:00,44529.0
2026-01-12T02,NW,Northwest,NG,Net generation,52693,megawatthours,2026-01-12 02:00:00,52693.0
2026-01-12T02,NW,Northwest,TI,Total interchange,4755,megawatthours,2026-01-12 02:00:00,4755.0
2026-01-12T01,NW,Northwest,D,Demand,46560,megawatthours,2026-01-12 01:00:00,46560.0
2026-01-12T01,NW,Northwest,DF,Day-ahead demand forecast,43241,megawatthours,2026-01-12 01:00:00,43241.0
2026-01-12T01,NW,Northwest,NG,Net generation,51998,megawatthours,2026-01-12 01:00:00,51998.0
2026-01-12T01,NW,Northwest,TI,Total interchange,4755,megawatthours,2026-01-12 01:00:00,4755.0
2026-01-12T00,NW,Northwest,D,Demand,44380,megawatthours,2026-01-12 00:00:00,44380.0
2026-01-12T00,NW,Northwest,DF,Day-ahead demand forecast,41417,megawatthours,2026-01-12 00:00:00,41417.0
2026-01-12T00,NW,Northwest,NG,Net generation,47891,megawatthours,2026-01-12 00:00:00,47891.0
2026-01-12T00,NW,Northwest,TI,Total interchange,2974,megawatthours,2026-01-12 00:00:00,2974.0
2026-01-11T23,NW,Northwest,D,Demand,43769,megawatthours,2026-01-11 23:00:00,43769.0
2026-01-11T23,NW,Northwest,DF,Day-ahead demand forecast,40340,megawatthours,2026-01-11 23:00:00,40340.0
2026-01-11T23,NW,Northwest,NG,Net generation,46323,megawatthours,2026-01-11 23:00:00,46323.0
2026-01-11T23,NW,Northwest,TI,Total interchange,2559,megawatthours,2026-01-11 23:00:00,2559.0
2026-01-11T22,NW,Northwest,D,Demand,44605,megawatthours,2026-01-11 22:00:00,44605.0
2026-01-11T22,NW,Northwest,DF,Day-ahead demand forecast,40062,megawatthours,2026-01-11 22:00:00,40062.0
2026-01-11T22,NW,Northwest,NG,Net generation,47146,megawatthours,2026-01-11 22:00:00,47146.0
2026-01-11T22,NW,Northwest,TI,Total interchange,2561,megawatthours,2026-01-11 22:00:00,2561.0
2026-01-11T21,NW,Northwest,D,Demand,44495,megawatthours,2026-01-11 21:00:00,44495.0
2026-01-11T21,NW,Northwest,DF,Day-ahead demand forecast,40062,megawatthours,2026-01-11 21:00:00,40062.0
2026-01-11T21,NW,Northwest,NG,Net generation,47565,megawatthours,2026-01-11 21:00:00,47565.0
2026-01-11T21,NW,Northwest,TI,Total interchange,2565,megawatthours,2026-01-11 21:00:00,2565.0
2026-01-11T20,NW,Northwest,D,Demand,44746,megawatthours,2026-01-11 20:00:00,44746.0
2026-01-11T20,NW,Northwest,DF,Day-ahead demand forecast,40470,megawatthours,2026-01-11 20:00:00,40470.0
2026-01-11T20,NW,Northwest,NG,Net generation,47687,megawatthours,2026-01-11 20:00:00,47687.0
2026-01-11T20,NW,Northwest,TI,Total interchange,2327,megawatthours,2026-01-11 20:00:00,2327.0
2026-01-11T19,NW,Northwest,D,Demand,45106,megawatthours,2026-01-11 19:00:00,45106.0
2026-01-11T19,NW,Northwest,DF,Day-ahead demand forecast,41041,megawatthours,2026-01-11 19:00:00,41041.0
2026-01-11T19,NW,Northwest,NG,Net generation,47559,megawatthours,2026-01-11 19:00:00,47559.0
2026-01-11T19,NW,Northwest,TI,Total interchange,2341,megawatthours,2026-01-11 19:00:00,2341.0
2026-01-11T18,NW,Northwest,D,Demand,45385,megawatthours,2026-01-11 18:00:00,45385.0
2026-01-11T18,NW,Northwest,DF,Day-ahead demand forecast,41417,megawatthours,2026-01-11 18:00:00,41417.0
2026-01-11T18,NW,Northwest,NG,Net generation,48493,megawatthours,2026-01-11 18:00:00,48493.0
2026-01-11T18,NW,Northwest,TI,Total interchange,2334,megawatthours,2026-01-11 18:00:00,2334.0
2026-01-11T17,NW,Northwest,D,Demand,45160,megawatthours,2026-01-11 17:00:00,45160.0
2026-01-11T17,NW,Northwest,DF,Day-ahead demand forecast,41656,megawatthours,2026-01-11 17:00:00,41656.0
2026-01-11T17,NW,Northwest,NG,Net generation,48701,megawatthours,2026-01-11 17:00:00,48701.0
2026-01-11T17,NW,Northwest,TI,Total interchange,3498,megawatthours,2026-01-11 17:00:00,3498.0
2026-01-11T16,NW,Northwest,D,Demand,44729,megawatthours,2026-01-11 16:00:00,44729.0
2026-01-11T16,NW,Northwest,DF,Day-ahead demand forecast,41535,megawatthours,2026-01-11 16:00:00,41535.0
2026-01-11T16,NW,Northwest,NG,Net generation,50148,megawatthours,2026-01-11 16:00:00,50148.0
2026-01-11T16,NW,Northwest,TI,Total interchange,5456,megawatthours,2026-01-11 16:00:00,5456.0
2026-01-11T15,NW,Northwest,D,Demand,43436,megawatthours,2026-01-11 15:00:00,43436.0
2026-01-11T15,NW,Northwest,DF,Day-ahead demand forecast,40915,megawatthours,2026-01-11 15:00:00,40915.0
2026-01-11T15,NW,Northwest,NG,Net generation,50173,megawatthours,2026-01-11 15:00:00,50173.0
2026-01-11T15,NW,Northwest,TI,Total interchange,5908,megawatthours,2026-01-11 15:00:00,5908.0
2026-01-11T14,NW,Northwest,D,Demand,41803,megawatthours,2026-01-11 14:00:00,41803.0
2026-01-11T14,NW,Northwest,DF,Day-ahead demand forecast,39640,megawatthours,2026-01-11 14:00:00,39640.0
2026-01-11T14,NW,Northwest,NG,Net generation,49005,megawatthours,2026-01-11 14:00:00,49005.0
2026-01-11T14,NW,Northwest,TI,Total interchange,7209,megawatthours,2026-01-11 14:00:00,7209.0
2026-01-11T13,NW,Northwest,D,Demand,40683,megawatthours,2026-01-11 13:00:00,40683.0
2026-01-11T13,NW,Northwest,DF,Day-ahead demand forecast,38603,megawatthours,2026-01-11 13:00:00,38603.0
2026-01-11T13,NW,Northwest,NG,Net generation,47367,megawatthours,2026-01-11 13:00:00,47367.0
2026-01-11T13,NW,Northwest,TI,Total interchange,7327,megawatthours,2026-01-11 13:00:00,7327.0
2026-01-11T12,NW,Northwest,D,Demand,40137,megawatthours,2026-01-11 12:00:00,40137.0
2026-01-11T12,NW,Northwest,DF,Day-ahead demand forecast,37966,megawatthours,2026-01-11 12:00:00,37966.0
2026-01-11T12,NW,Northwest,NG,Net generation,47337,megawatthours,2026-01-11 12:00:00,47337.0
2026-01-11T12,NW,Northwest,TI,Total interchange,6720,megawatthours,2026-01-11 12:00:00,6720.0
2026-01-11T11,NW,Northwest,D,Demand,40132,megawatthours,2026-01-11 11:00:00,40132.0
2026-01-11T11,NW,Northwest,DF,Day-ahead demand forecast,37907,megawatthours,2026-01-11 11:00:00,37907.0
2026-01-11T11,NW,Northwest,NG,Net generation,47689,megawatthours,2026-01-11 11:00:00,47689.0
2026-01-11T11,NW,Northwest,TI,Total interchange,7080,megawatthours,2026-01-11 11:00:00,7080.0
2026-01-11T10,NW,Northwest,D,Demand,40680,megawatthours,2026-01-11 10:00:00,40680.0
2026-01-11T10,NW,Northwest,DF,Day-ahead demand forecast,38005,megawatthours,2026-01-11 10:00:00,38005.0
2026-01-11T10,NW,Northwest,NG,Net generation,47260,megawatthours,2026-01-11 10:00:00,47260.0
2026-01-11T10,NW,Northwest,TI,Total interchange,6637,megawatthours,2026-01-11 10:00:00,6637.0
2026-01-11T09,NW,Northwest,D,Demand,41439,megawatthours,2026-01-11 09:00:00,41439.0
2026-01-11T09,NW,Northwest,DF,Day-ahead demand forecast,38485,megawatthours,2026-01-11 09:00:00,38485.0
2026-01-11T09,NW,Northwest,NG,Net generation,47392,megawatthours,2026-01-11 09:00:00,47392.0
2026-01-11T09,NW,Northwest,TI,Total interchange,6017,megawatthours,2026-01-11 09:00:00,6017.0
2026-01-11T08,NW,Northwest,D,Demand,42593,megawatthours,2026-01-11 08:00:00,42593.0
2026-01-11T08,NW,Northwest,DF,Day-ahead demand forecast,39617,megawatthours,2026-01-11 08:00:00,39617.0
2026-01-11T08,NW,Northwest,NG,Net generation,48659,megawatthours,2026-01-11 08:00:00,48659.0
2026-01-11T08,NW,Northwest,TI,Total interchange,6575,megawatthours,2026-01-11 08:00:00,6575.0
2026-01-11T07,NW,Northwest,D,Demand,44119,megawatthours,2026-01-11 07:00:00,44119.0
2026-01-11T07,NW,Northwest,DF,Day-ahead demand forecast,40877,megawatthours,2026-01-11 07:00:00,40877.0
2026-01-11T07,NW,Northwest,NG,Net generation,49625,megawatthours,2026-01-11 07:00:00,49625.0
2026-01-11T07,NW,Northwest,TI,Total interchange,6354,megawatthours,2026-01-11 07:00:00,6354.0
2026-01-11T06,NW,Northwest,D,Demand,42006,megawatthours,2026-01-11 06:00:00,42006.0
2026-01-11T06,NW,Northwest,DF,Day-ahead demand forecast,42303,megawatthours,2026-01-11 06:00:00,42303.0
2026-01-11T06,NW,Northwest,NG,Net generation,46162,megawatthours,2026-01-11 06:00:00,46162.0
2026-01-11T06,NW,Northwest,TI,Total interchange,5021,megawatthours,2026-01-11 06:00:00,5021.0
2026-01-11T05,NW,Northwest,D,Demand,47044,megawatthours,2026-01-11 05:00:00,47044.0
2026-01-11T05,NW,Northwest,DF,Day-ahead demand forecast,43452,megawatthours,2026-01-11 05:00:00,43452.0
2026-01-11T05,NW,Northwest,NG,Net generation,51939,megawatthours,2026-01-11 05:00:00,51939.0
2026-01-11T05,NW,Northwest,TI,Total interchange,4825,megawatthours,2026-01-11 05:00:00,4825.0
2026-01-11T04,NW,Northwest,D,Demand,47731,megawatthours,2026-01-11 04:00:00,47731.0
2026-01-11T04,NW,Northwest,DF,Day-ahead demand forecast,44287,megawatthours,2026-01-11 04:00:00,44287.0
2026-01-11T04,NW,Northwest,NG,Net generation,52848,megawatthours,2026-01-11 04:00:00,52848.0
2026-01-11T04,NW,Northwest,TI,Total interchange,5047,megawatthours,2026-01-11 04:00:00,5047.0
2026-01-11T03,NW,Northwest,D,Demand,48527,megawatthours,2026-01-11 03:00:00,48527.0
2026-01-11T03,NW,Northwest,DF,Day-ahead demand forecast,44797,megawatthours,2026-01-11 03:00:00,44797.0
2026-01-11T03,NW,Northwest,NG,Net generation,53411,megawatthours,2026-01-11 03:00:00,53411.0
2026-01-11T03,NW,Northwest,TI,Total interchange,4817,megawatthours,2026-01-11 03:00:00,4817.0
2026-01-11T02,NW,Northwest,D,Demand,48605,megawatthours,2026-01-11 02:00:00,48605.0
2026-01-11T02,NW,Northwest,DF,Day-ahead demand forecast,44902,megawatthours,2026-01-11 02:00:00,44902.0
2026-01-11T02,NW,Northwest,NG,Net generation,53580,megawatthours,2026-01-11 02:00:00,53580.0
2026-01-11T02,NW,Northwest,TI,Total interchange,4913,megawatthours,2026-01-11 02:00:00,4913.0
2026-01-11T01,NW,Northwest,D,Demand,47768,megawatthours,2026-01-11 01:00:00,47768.0
2026-01-11T01,NW,Northwest,DF,Day-ahead demand forecast,43635,megawatthours,2026-01-11 01:00:00,43635.0
2026-01-11T01,NW,Northwest,NG,Net generation,52236,megawatthours,2026-01-11 01:00:00,52236.0
2026-01-11T01,NW,Northwest,TI,Total interchange,4476,megawatthours,2026-01-11 01:00:00,4476.0
2026-01-11T00,NW,Northwest,D,Demand,45736,megawatthours,2026-01-11 00:00:00,45736.0
2026-01-11T00,NW,Northwest,DF,Day-ahead demand forecast,41674,megawatthours,2026-01-11 00:00:00,41674.0
2026-01-11T00,NW,Northwest,NG,Net generation,47838,megawatthours,2026-01-11 00:00:00,47838.0
2026-01-11T00,NW,Northwest,TI,Total interchange,2083,megawatthours,2026-01-11 00:00:00,2083.0
2026-01-10T23,NW,Northwest,D,Demand,45066,megawatthours,2026-01-10 23:00:00,45066.0
2026-01-10T23,NW,Northwest,DF,Day-ahead demand forecast,40500,megawatthours,2026-01-10 23:00:00,40500.0
2026-01-10T23,NW,Northwest,NG,Net generation,46620,megawatthours,2026-01-10 23:00:00,46620.0
2026-01-10T23,NW,Northwest,TI,Total interchange,1513,megawatthours,2026-01-10 23:00:00,1513.0
2026-01-10T22,NW,Northwest,D,Demand,45285,megawatthours,2026-01-10 22:00:00,45285.0
2026-01-10T22,NW,Northwest,DF,Day-ahead demand forecast,40257,megawatthours,2026-01-10 22:00:00,40257.0
2026-01-10T22,NW,Northwest,NG,Net generation,47029,megawatthours,2026-01-10 22:00:00,47029.0
2026-01-10T22,NW,Northwest,TI,Total interchange,1248,megawatthours,2026-01-10 22:00:00,1248.0
2026-01-10T21,NW,Northwest,D,Demand,45784,megawatthours,2026-01-10 21:00:00,45784.0
2026-01-10T21,NW,Northwest,DF,Day-ahead demand forecast,40421,megawatthours,2026-01-10 21:00:00,40421.0
2026-01-10T21,NW,Northwest,NG,Net generation,47052,megawatthours,2026-01-10 21:00:00,47052.0
2026-01-10T21,NW,Northwest,TI,Total interchange,888,megawatthours,2026-01-10 21:00:00,888.0
2026-01-10T20,NW,Northwest,D,Demand,46615,megawatthours,2026-01-10 20:00:00,46615.0
2026-01-10T20,NW,Northwest,DF,Day-ahead demand forecast,41319,megawatthours,2026-01-10 20:00:00,41319.0
2026-01-10T20,NW,Northwest,NG,Net generation,47484,megawatthours,2026-01-10 20:00:00,47484.0
2026-01-10T20,NW,Northwest,TI,Total interchange,758,megawatthours,2026-01-10 20:00:00,758.0
2026-01-10T19,NW,Northwest,D,Demand,47503,megawatthours,2026-01-10 19:00:00,47503.0
2026-01-10T19,NW,Northwest,DF,Day-ahead demand forecast,42028,megawatthours,2026-01-10 19:00:00,42028.0
2026-01-10T19,NW,Northwest,NG,Net generation,48358,megawatthours,2026-01-10 19:00:00,48358.0
2026-01-10T19,NW,Northwest,TI,Total interchange,810,megawatthours,2026-01-10 19:00:00,810.0
2026-01-10T18,NW,Northwest,D,Demand,47907,megawatthours,2026-01-10 18:00:00,47907.0
2026-01-10T18,NW,Northwest,DF,Day-ahead demand forecast,42913,megawatthours,2026-01-10 18:00:00,42913.0
2026-01-10T18,NW,Northwest,NG,Net generation,49212,megawatthours,2026-01-10 18:00:00,49212.0
2026-01-10T18,NW,Northwest,TI,Total interchange,1260,megawatthours,2026-01-10 18:00:00,1260.0
2026-01-10T17,NW,Northwest,D,Demand,47727,megawatthours,2026-01-10 17:00:00,47727.0
2026-01-10T17,NW,Northwest,DF,Day-ahead demand forecast,43437,megawatthours,2026-01-10 17:00:00,43437.0
2026-01-10T17,NW,Northwest,NG,Net generation,50294,megawatthours,2026-01-10 17:00:00,50294.0
2026-01-10T17,NW,Northwest,TI,Total interchange,2475,megawatthours,2026-01-10 17:00:00,2475.0
2026-01-10T16,NW,Northwest,D,Demand,47230,megawatthours,2026-01-10 16:00:00,47230.0
2026-01-10T16,NW,Northwest,DF,Day-ahead demand forecast,43425,megawatthours,2026-01-10 16:00:00,43425.0
2026-01-10T16,NW,Northwest,NG,Net generation,51566,megawatthours,2026-01-10 16:00:00,51566.0
2026-01-10T16,NW,Northwest,TI,Total interchange,4319,megawatthours,2026-01-10 16:00:00,4319.0
2026-01-10T15,NW,Northwest,D,Demand,45831,megawatthours,2026-01-10 15:00:00,45831.0
2026-01-10T15,NW,Northwest,DF,Day-ahead demand forecast,42424,megawatthours,2026-01-10 15:00:00,42424.0
2026-01-10T15,NW,Northwest,NG,Net generation,51211,megawatthours,2026-01-10 15:00:00,51211.0
2026-01-10T15,NW,Northwest,TI,Total interchange,5372,megawatthours,2026-01-10 15:00:00,5372.0
2026-01-10T14,NW,Northwest,D,Demand,44449,megawatthours,2026-01-10 14:00:00,44449.0
2026-01-10T14,NW,Northwest,DF,Day-ahead demand forecast,40892,megawatthours,2026-01-10 14:00:00,40892.0
2026-01-10T14,NW,Northwest,NG,Net generation,50486,megawatthours,2026-01-10 14:00:00,50486.0
2026-01-10T14,NW,Northwest,TI,Total interchange,6039,megawatthours,2026-01-10 14:00:00,6039.0
2026-01-10T13,NW,Northwest,D,Demand,43251,megawatthours,2026-01-10 13:00:00,43251.0
2026-01-10T13,NW,Northwest,DF,Day-ahead demand forecast,39412,megawatthours,2026-01-10 13:00:00,39412.0
2026-01-10T13,NW,Northwest,NG,Net generation,49450,megawatthours,2026-01-10 13:00:00,49450.0
2026-01-10T13,NW,Northwest,TI,Total interchange,6210,megawatthours,2026-01-10 13:00:00,6210.0
2026-01-10T12,NW,Northwest,D,Demand,42395,megawatthours,2026-01-10 12:00:00,42395.0
2026-01-10T12,NW,Northwest,DF,Day-ahead demand forecast,38771,megawatthours,2026-01-10 12:00:00,38771.0
2026-01-10T12,NW,Northwest,NG,Net generation,49236,megawatthours,2026-01-10 12:00:00,49236.0
2026-01-10T12,NW,Northwest,TI,Total interchange,6846,megawatthours,2026-01-10 12:00:00,6846.0
2026-01-10T11,NW,Northwest,D,Demand,42169,megawatthours,2026-01-10 11:00:00,42169.0
2026-01-10T11,NW,Northwest,DF,Day-ahead demand forecast,38410,megawatthours,2026-01-10 11:00:00,38410.0
2026-01-10T11,NW,Northwest,NG,Net generation,49088,megawatthours,2026-01-10 11:00:00,49088.0
2026-01-10T11,NW,Northwest,TI,Total interchange,6926,megawatthours,2026-01-10 11:00:00,6926.0
2026-01-10T10,NW,Northwest,D,Demand,42246,megawatthours,2026-01-10 10:00:00,42246.0
2026-01-10T10,NW,Northwest,DF,Day-ahead demand forecast,38686,megawatthours,2026-01-10 10:00:00,38686.0
2026-01-10T10,NW,Northwest,NG,Net generation,49471,megawatthours,2026-01-10 10:00:00,49471.0
2026-01-10T10,NW,Northwest,TI,Total interchange,7233,megawatthours,2026-01-10 10:00:00,7233.0
2026-01-10T09,NW,Northwest,D,Demand,42776,megawatthours,2026-01-10 09:00:00,42776.0
2026-01-10T09,NW,Northwest,DF,Day-ahead demand forecast,39092,megawatthours,2026-01-10 09:00:00,39092.0
2026-01-10T09,NW,Northwest,NG,Net generation,49614,megawatthours,2026-01-10 09:00:00,49614.0
2026-01-10T09,NW,Northwest,TI,Total interchange,6847,megawatthours,2026-01-10 09:00:00,6847.0
2026-01-10T08,NW,Northwest,D,Demand,43879,megawatthours,2026-01-10 08:00:00,43879.0
2026-01-10T08,NW,Northwest,DF,Day-ahead demand forecast,40745,megawatthours,2026-01-10 08:00:00,40745.0
2026-01-10T08,NW,Northwest,NG,Net generation,49948,megawatthours,2026-01-10 08:00:00,49948.0
2026-01-10T08,NW,Northwest,TI,Total interchange,6315,megawatthours,2026-01-10 08:00:00,6315.0
2026-01-10T07,NW,Northwest,D,Demand,45361,megawatthours,2026-01-10 07:00:00,45361.0
2026-01-10T07,NW,Northwest,DF,Day-ahead demand forecast,42026,megawatthours,2026-01-10 07:00:00,42026.0
2026-01-10T07,NW,Northwest,NG,Net generation,49954,megawatthours,2026-01-10 07:00:00,49954.0
2026-01-10T07,NW,Northwest,TI,Total interchange,5531,megawatthours,2026-01-10 07:00:00,5531.0
2026-01-10T06,NW,Northwest,D,Demand,46868,megawatthours,2026-01-10 06:00:00,46868.0
2026-01-10T06,NW,Northwest,DF,Day-ahead demand forecast,43449,megawatthours,2026-01-10 06:00:00,43449.0
2026-01-10T06,NW,Northwest,NG,Net generation,51228,megawatthours,2026-01-10 06:00:00,51228.0
2026-01-10T06,NW,Northwest,TI,Total interchange,4434,megawatthours,2026-01-10 06:00:00,4434.0
2026-01-10T05,NW,Northwest,D,Demand,48338,megawatthours,2026-01-10 05:00:00,48338.0
2026-01-10T05,NW,Northwest,DF,Day-ahead demand forecast,44796,megawatthours,2026-01-10 05:00:00,44796.0
2026-01-10T05,NW,Northwest,NG,Net generation,53362,megawatthours,2026-01-10 05:00:00,53362.0
2026-01-10T05,NW,Northwest,TI,Total interchange,4362,megawatthours,2026-01-10 05:00:00,4362.0
2026-01-10T04,NW,Northwest,D,Demand,49292,megawatthours,2026-01-10 04:00:00,49292.0
2026-01-10T04,NW,Northwest,DF,Day-ahead demand forecast,45618,megawatthours,2026-01-10 04:00:00,45618.0
2026-01-10T04,NW,Northwest,NG,Net generation,53802,megawatthours,2026-01-10 04:00:00,53802.0
2026-01-10T04,NW,Northwest,TI,Total interchange,4438,megawatthours,2026-01-10 04:00:00,4438.0
2026-01-10T03,NW,Northwest,D,Demand,50040,megawatthours,2026-01-10 03:00:00,50040.0
2026-01-10T03,NW,Northwest,DF,Day-ahead demand forecast,46515,megawatthours,2026-01-10 03:00:00,46515.0
2026-01-10T03,NW,Northwest,NG,Net generation,54523,megawatthours,2026-01-10 03:00:00,54523.0
2026-01-10T03,NW,Northwest,TI,Total interchange,3728,megawatthours,2026-01-10 03:00:00,3728.0
2026-01-10T02,NW,Northwest,D,Demand,50625,megawatthours,2026-01-10 02:00:00,50625.0
2026-01-10T02,NW,Northwest,DF,Day-ahead demand forecast,46785,megawatthours,2026-01-10 02:00:00,46785.0
2026-01-10T02,NW,Northwest,NG,Net generation,55641,megawatthours,2026-01-10 02:00:00,55641.0
2026-01-10T02,NW,Northwest,TI,Total interchange,4141,megawatthours,2026-01-10 02:00:00,4141.0
2026-01-10T01,NW,Northwest,D,Demand,49511,megawatthours,2026-01-10 01:00:00,49511.0
2026-01-10T01,NW,Northwest,DF,Day-ahead demand forecast,45600,megawatthours,2026-01-10 01:00:00,45600.0
2026-01-10T01,NW,Northwest,NG,Net generation,54192,megawatthours,2026-01-10 01:00:00,54192.0
2026-01-10T01,NW,Northwest,TI,Total interchange,4098,megawatthours,2026-01-10 01:00:00,4098.0
2026-01-10T00,NW,Northwest,D,Demand,47215,megawatthours,2026-01-10 00:00:00,47215.0
2026-01-10T00,NW,Northwest,DF,Day-ahead demand forecast,43987,megawatthours,2026-01-10 00:00:00,43987.0
2026-01-10T00,NW,Northwest,NG,Net generation,50063,megawatthours,2026-01-10 00:00:00,50063.0
2026-01-10T00,NW,Northwest,TI,Total interchange,2429,megawatthours,2026-01-10 00:00:00,2429.0
2026-01-09T23,NW,Northwest,D,Demand,46715,megawatthours,2026-01-09 23:00:00,46715.0
2026-01-09T23,NW,Northwest,DF,Day-ahead demand forecast,43004,megawatthours,2026-01-09 23:00:00,43004.0
2026-01-09T23,NW,Northwest,NG,Net generation,50038,megawatthours,2026-01-09 23:00:00,50038.0
2026-01-09T23,NW,Northwest,TI,Total interchange,3005,megawatthours,2026-01-09 23:00:00,3005.0
2026-01-09T22,NW,Northwest,D,Demand,47523,megawatthours,2026-01-09 22:00:00,47523.0
2026-01-09T22,NW,Northwest,DF,Day-ahead demand forecast,42650,megawatthours,2026-01-09 22:00:00,42650.0
2026-01-09T22,NW,Northwest,NG,Net generation,50270,megawatthours,2026-01-09 22:00:00,50270.0
2026-01-09T22,NW,Northwest,TI,Total interchange,2398,megawatthours,2026-01-09 22:00:00,2398.0
2026-01-09T21,NW,Northwest,D,Demand,48299,megawatthours,2026-01-09 21:00:00,48299.0
2026-01-09T21,NW,Northwest,DF,Day-ahead demand forecast,43072,megawatthours,2026-01-09 21:00:00,43072.0
2026-01-09T21,NW,Northwest,NG,Net generation,51523,megawatthours,2026-01-09 21:00:00,51523.0
2026-01-09T21,NW,Northwest,TI,Total interchange,2829,megawatthours,2026-01-09 21:00:00,2829.0
2026-01-09T20,NW,Northwest,D,Demand,49072,megawatthours,2026-01-09 20:00:00,49072.0
2026-01-09T20,NW,Northwest,DF,Day-ahead demand forecast,43542,megawatthours,2026-01-09 20:00:00,43542.0
2026-01-09T20,NW,Northwest,NG,Net generation,51651,megawatthours,2026-01-09 20:00:00,51651.0
2026-01-09T20,NW,Northwest,TI,Total interchange,2196,megawatthours,2026-01-09 20:00:00,2196.0
2026-01-09T19,NW,Northwest,D,Demand,50058,megawatthours,2026-01-09 19:00:00,50058.0
2026-01-09T19,NW,Northwest,DF,Day-ahead demand forecast,44405,megawatthours,2026-01-09 19:00:00,44405.0
2026-01-09T19,NW,Northwest,NG,Net generation,52150,megawatthours,2026-01-09 19:00:00,52150.0
2026-01-09T19,NW,Northwest,TI,Total interchange,2097,megawatthours,2026-01-09 19:00:00,2097.0
2026-01-09T18,NW,Northwest,D,Demand,50984,megawatthours,2026-01-09 18:00:00,50984.0
2026-01-09T18,NW,Northwest,DF,Day-ahead demand forecast,45145,megawatthours,2026-01-09 18:00:00,45145.0
2026-01-09T18,NW,Northwest,NG,Net generation,53389,megawatthours,2026-01-09 18:00:00,53389.0
2026-01-09T18,NW,Northwest,TI,Total interchange,2359,megawatthours,2026-01-09 18:00:00,2359.0
2026-01-09T17,NW,Northwest,D,Demand,51336,megawatthours,2026-01-09 17:00:00,51336.0
2026-01-09T17,NW,Northwest,DF,Day-ahead demand forecast,46120,megawatthours,2026-01-09 17:00:00,46120.0
2026-01-09T17,NW,Northwest,NG,Net generation,54237,megawatthours,2026-01-09 17:00:00,54237.0
2026-01-09T17,NW,Northwest,TI,Total interchange,2858,megawatthours,2026-01-09 17:00:00,2858.0
2026-01-09T16,NW,Northwest,D,Demand,51052,megawatthours,2026-01-09 16:00:00,51052.0
2026-01-09T16,NW,Northwest,DF,Day-ahead demand forecast,46333,megawatthours,2026-01-09 16:00:00,46333.0
2026-01-09T16,NW,Northwest,NG,Net generation,54970,megawatthours,2026-01-09 16:00:00,54970.0
2026-01-09T16,NW,Northwest,TI,Total interchange,3907,megawatthours,2026-01-09 16:00:00,3907.0
2026-01-09T15,NW,Northwest,D,Demand,49223,megawatthours,2026-01-09 15:00:00,49223.0
2026-01-09T15,NW,Northwest,DF,Day-ahead demand forecast,45327,megawatthours,2026-01-09 15:00:00,45327.0
2026-01-09T15,NW,Northwest,NG,Net generation,53132,megawatthours,2026-01-09 15:00:00,53132.0
2026-01-09T15,NW,Northwest,TI,Total interchange,3914,megawatthours,2026-01-09 15:00:00,3914.0
2026-01-09T14,NW,Northwest,D,Demand,46123,megawatthours,2026-01-09 14:00:00,46123.0
2026-01-09T14,NW,Northwest,DF,Day-ahead demand forecast,42879,megawatthours,2026-01-09 14:00:00,42879.0
2026-01-09T14,NW,Northwest,NG,Net generation,51176,megawatthours,2026-01-09 14:00:00,51176.0
2026-01-09T14,NW,Northwest,TI,Total interchange,5120,megawatthours,2026-01-09 14:00:00,5120.0
2026-01-09T13,NW,Northwest,D,Demand,43533,megawatthours,2026-01-09 13:00:00,43533.0
2026-01-09T13,NW,Northwest,DF,Day-ahead demand forecast,40643,megawatthours,2026-01-09 13:00:00,40643.0
2026-01-09T13,NW,Northwest,NG,Net generation,50479,megawatthours,2026-01-09 13:00:00,50479.0
2026-01-09T13,NW,Northwest,TI,Total interchange,6288,megawatthours,2026-01-09 13:00:00,6288.0
2026-01-09T12,NW,Northwest,D,Demand,41775,megawatthours,2026-01-09 12:00:00,41775.0
2026-01-09T12,NW,Northwest,DF,Day-ahead demand forecast,39436,megawatthours,2026-01-09 12:00:00,39436.0
2026-01-09T12,NW,Northwest,NG,Net generation,49065,megawatthours,2026-01-09 12:00:00,49065.0
2026-01-09T12,NW,Northwest,TI,Total interchange,7293,megawatthours,2026-01-09 12:00:00,7293.0
2026-01-09T11,NW,Northwest,D,Demand,41071,megawatthours,2026-01-09 11:00:00,41071.0
2026-01-09T11,NW,Northwest,DF,Day-ahead demand forecast,39071,megawatthours,2026-01-09 11:00:00,39071.0
2026-01-09T11,NW,Northwest,NG,Net generation,47909,megawatthours,2026-01-09 11:00:00,47909.0
2026-01-09T11,NW,Northwest,TI,Total interchange,6879,megawatthours,2026-01-09 11:00:00,6879.0
2026-01-09T10,NW,Northwest,D,Demand,41255,megawatthours,2026-01-09 10:00:00,41255.0
2026-01-09T10,NW,Northwest,DF,Day-ahead demand forecast,38676,megawatthours,2026-01-09 10:00:00,38676.0
2026-01-09T10,NW,Northwest,NG,Net generation,48102,megawatthours,2026-01-09 10:00:00,48102.0
2026-01-09T10,NW,Northwest,TI,Total interchange,6893,megawatthours,2026-01-09 10:00:00,6893.0
2026-01-09T09,NW,Northwest,D,Demand,41952,megawatthours,2026-01-09 09:00:00,41952.0
2026-01-09T09,NW,Northwest,DF,Day-ahead demand forecast,39254,megawatthours,2026-01-09 09:00:00,39254.0
2026-01-09T09,NW,Northwest,NG,Net generation,48988,megawatthours,2026-01-09 09:00:00,48988.0
2026-01-09T09,NW,Northwest,TI,Total interchange,7087,megawatthours,2026-01-09 09:00:00,7087.0
2026-01-09T08,NW,Northwest,D,Demand,42966,megawatthours,2026-01-09 08:00:00,42966.0
2026-01-09T08,NW,Northwest,DF,Day-ahead demand forecast,40530,megawatthours,2026-01-09 08:00:00,40530.0
2026-01-09T08,NW,Northwest,NG,Net generation,49958,megawatthours,2026-01-09 08:00:00,49958.0
2026-01-09T08,NW,Northwest,TI,Total interchange,7093,megawatthours,2026-01-09 08:00:00,7093.0
2026-01-09T07,NW,Northwest,D,Demand,44921,megawatthours,2026-01-09 07:00:00,44921.0
2026-01-09T07,NW,Northwest,DF,Day-ahead demand forecast,41854,megawatthours,2026-01-09 07:00:00,41854.0
2026-01-09T07,NW,Northwest,NG,Net generation,51787,megawatthours,2026-01-09 07:00:00,51787.0
2026-01-09T07,NW,Northwest,TI,Total interchange,7437,megawatthours,2026-01-09 07:00:00,7437.0
2026-01-09T06,NW,Northwest,D,Demand,47241,megawatthours,2026-01-09 06:00:00,47241.0
2026-01-09T06,NW,Northwest,DF,Day-ahead demand forecast,43521,megawatthours,2026-01-09 06:00:00,43521.0
2026-01-09T06,NW,Northwest,NG,Net generation,52418,megawatthours,2026-01-09 06:00:00,52418.0
2026-01-09T06,NW,Northwest,TI,Total interchange,5984,megawatthours,2026-01-09 06:00:00,5984.0
2026-01-09T05,NW,Northwest,D,Demand,49011,megawatthours,2026-01-09 05:00:00,49011.0
2026-01-09T05,NW,Northwest,DF,Day-ahead demand forecast,45552,megawatthours,2026-01-09 05:00:00,45552.0
2026-01-09T05,NW,Northwest,NG,Net generation,55430,megawatthours,2026-01-09 05:00:00,55430.0
2026-01-09T05,NW,Northwest,TI,Total interchange,5640,megawatthours,2026-01-09 05:00:00,5640.0
2026-01-09T04,NW,Northwest,D,Demand,50142,megawatthours,2026-01-09 04:00:00,50142.0
2026-01-09T04,NW,Northwest,DF,Day-ahead demand forecast,46637,megawatthours,2026-01-09 04:00:00,46637.0
2026-01-09T04,NW,Northwest,NG,Net generation,56382,megawatthours,2026-01-09 04:00:00,56382.0
2026-01-09T04,NW,Northwest,TI,Total interchange,5465,megawatthours,2026-01-09 04:00:00,5465.0
2026-01-09T03,NW,Northwest,D,Demand,50932,megawatthours,2026-01-09 03:00:00,50932.0
2026-01-09T03,NW,Northwest,DF,Day-ahead demand forecast,47325,megawatthours,2026-01-09 03:00:00,47325.0
2026-01-09T03,NW,Northwest,NG,Net generation,55314,megawatthours,2026-01-09 03:00:00,55314.0
2026-01-09T03,NW,Northwest,TI,Total interchange,4435,megawatthours,2026-01-09 03:00:00,4435.0
2026-01-09T02,NW,Northwest,D,Demand,51420,megawatthours,2026-01-09 02:00:00,51420.0
2026-01-09T02,NW,Northwest,DF,Day-ahead demand forecast,47630,megawatthours,2026-01-09 02:00:00,47630.0
2026-01-09T02,NW,Northwest,NG,Net generation,55506,megawatthours,2026-01-09 02:00:00,55506.0
2026-01-09T02,NW,Northwest,TI,Total interchange,4149,megawatthours,2026-01-09 02:00:00,4149.0
2026-01-09T01,NW,Northwest,D,Demand,50540,megawatthours,2026-01-09 01:00:00,50540.0
2026-01-09T01,NW,Northwest,DF,Day-ahead demand forecast,46717,megawatthours,2026-01-09 01:00:00,46717.0
2026-01-09T01,NW,Northwest,NG,Net generation,55711,megawatthours,2026-01-09 01:00:00,55711.0
2026-01-09T01,NW,Northwest,TI,Total interchange,4495,megawatthours,2026-01-09 01:00:00,4495.0
2026-01-09T00,NW,Northwest,D,Demand,48661,megawatthours,2026-01-09 00:00:00,48661.0
2026-01-09T00,NW,Northwest,DF,Day-ahead demand forecast,44844,megawatthours,2026-01-09 00:00:00,44844.0
2026-01-09T00,NW,Northwest,NG,Net generation,52446,megawatthours,2026-01-09 00:00:00,52446.0
2026-01-09T00,NW,Northwest,TI,Total interchange,3790,megawatthours,2026-01-09 00:00:00,3790.0
2026-01-08T23,NW,Northwest,D,Demand,48605,megawatthours,2026-01-08 23:00:00,48605.0
2026-01-08T23,NW,Northwest,DF,Day-ahead demand forecast,43749,megawatthours,2026-01-08 23:00:00,43749.0
2026-01-08T23,NW,Northwest,NG,Net generation,51499,megawatthours,2026-01-08 23:00:00,51499.0
2026-01-08T23,NW,Northwest,TI,Total interchange,2887,megawatthours,2026-01-08 23:00:00,2887.0
2026-01-08T22,NW,Northwest,D,Demand,48639,megawatthours,2026-01-08 22:00:00,48639.0
2026-01-08T22,NW,Northwest,DF,Day-ahead demand forecast,43572,megawatthours,2026-01-08 22:00:00,43572.0
2026-01-08T22,NW,Northwest,NG,Net generation,51658,megawatthours,2026-01-08 22:00:00,51658.0
2026-01-08T22,NW,Northwest,TI,Total interchange,2382,megawatthours,2026-01-08 22:00:00,2382.0
2026-01-08T21,NW,Northwest,D,Demand,49024,megawatthours,2026-01-08 21:00:00,49024.0
2026-01-08T21,NW,Northwest,DF,Day-ahead demand forecast,43767,megawatthours,2026-01-08 21:00:00,43767.0
2026-01-08T21,NW,Northwest,NG,Net generation,51489,megawatthours,2026-01-08 21:00:00,51489.0
2026-01-08T21,NW,Northwest,TI,Total interchange,3067,megawatthours,2026-01-08 21:00:00,3067.0
2026-01-08T20,NW,Northwest,D,Demand,49065,megawatthours,2026-01-08 20:00:00,49065.0
2026-01-08T20,NW,Northwest,DF,Day-ahead demand forecast,44349,megawatthours,2026-01-08 20:00:00,44349.0
2026-01-08T20,NW,Northwest,NG,Net generation,50915,megawatthours,2026-01-08 20:00:00,50915.0
2026-01-08T20,NW,Northwest,TI,Total interchange,2464,megawatthours,2026-01-08 20:00:00,2464.0
2026-01-08T19,NW,Northwest,D,Demand,49618,megawatthours,2026-01-08 19:00:00,49618.0
2026-01-08T19,NW,Northwest,DF,Day-ahead demand forecast,45008,megawatthours,2026-01-08 19:00:00,45008.0
2026-01-08T19,NW,Northwest,NG,Net generation,51124,megawatthours,2026-01-08 19:00:00,51124.0
2026-01-08T19,NW,Northwest,TI,Total interchange,1554,megawatthours,2026-01-08 19:00:00,1554.0
2026-01-08T18,NW,Northwest,D,Demand,50364,megawatthours,2026-01-08 18:00:00,50364.0
2026-01-08T18,NW,Northwest,DF,Day-ahead demand forecast,45688,megawatthours,2026-01-08 18:00:00,45688.0
2026-01-08T18,NW,Northwest,NG,Net generation,51392,megawatthours,2026-01-08 18:00:00,51392.0
2026-01-08T18,NW,Northwest,TI,Total interchange,415,megawatthours,2026-01-08 18:00:00,415.0
2026-01-08T17,NW,Northwest,D,Demand,51284,megawatthours,2026-01-08 17:00:00,51284.0
2026-01-08T17,NW,Northwest,DF,Day-ahead demand forecast,46346,megawatthours,2026-01-08 17:00:00,46346.0
2026-01-08T17,NW,Northwest,NG,Net generation,53524,megawatthours,2026-01-08 17:00:00,53524.0
2026-01-08T17,NW,Northwest,TI,Total interchange,1591,megawatthours,2026-01-08 17:00:00,1591.0
2026-01-08T16,NW,Northwest,D,Demand,51043,megawatthours,2026-01-08 16:00:00,51043.0
2026-01-08T16,NW,Northwest,DF,Day-ahead demand forecast,46461,megawatthours,2026-01-08 16:00:00,46461.0
2026-01-08T16,NW,Northwest,NG,Net generation,54821,megawatthours,2026-01-08 16:00:00,54821.0
2026-01-08T16,NW,Northwest,TI,Total interchange,3821,megawatthours,2026-01-08 16:00:00,3821.0
2026-01-08T15,NW,Northwest,D,Demand,49831,megawatthours,2026-01-08 15:00:00,49831.0
2026-01-08T15,NW,Northwest,DF,Day-ahead demand forecast,45103,megawatthours,2026-01-08 15:00:00,45103.0
2026-01-08T15,NW,Northwest,NG,Net generation,53244,megawatthours,2026-01-08 15:00:00,53244.0
2026-01-08T15,NW,Northwest,TI,Total interchange,3462,megawatthours,2026-01-08 15:00:00,3462.0
2026-01-08T14,NW,Northwest,D,Demand,46700,megawatthours,2026-01-08 14:00:00,46700.0
2026-01-08T14,NW,Northwest,DF,Day-ahead demand forecast,42422,megawatthours,2026-01-08 14:00:00,42422.0
2026-01-08T14,NW,Northwest,NG,Net generation,52464,megawatthours,2026-01-08 14:00:00,52464.0
2026-01-08T14,NW,Northwest,TI,Total interchange,4935,megawatthours,2026-01-08 14:00:00,4935.0
2026-01-08T13,NW,Northwest,D,Demand,43615,megawatthours,2026-01-08 13:00:00,43615.0
2026-01-08T13,NW,Northwest,DF,Day-ahead demand forecast,39679,megawatthours,2026-01-08 13:00:00,39679.0
2026-01-08T13,NW,Northwest,NG,Net generation,49904,megawatthours,2026-01-08 13:00:00,49904.0
2026-01-08T13,NW,Northwest,TI,Total interchange,5441,megawatthours,2026-01-08 13:00:00,5441.0
2026-01-08T12,NW,Northwest,D,Demand,41831,megawatthours,2026-01-08 12:00:00,41831.0
2026-01-08T12,NW,Northwest,DF,Day-ahead demand forecast,38168,megawatthours,2026-01-08 12:00:00,38168.0
2026-01-08T12,NW,Northwest,NG,Net generation,47826,megawatthours,2026-01-08 12:00:00,47826.0
2026-01-08T12,NW,Northwest,TI,Total interchange,6005,megawatthours,2026-01-08 12:00:00,6005.0
2026-01-08T11,NW,Northwest,D,Demand,41257,megawatthours,2026-01-08 11:00:00,41257.0
2026-01-08T11,NW,Northwest,DF,Day-ahead demand forecast,37723,megawatthours,2026-01-08 11:00:00,37723.0
2026-01-08T11,NW,Northwest,NG,Net generation,47052,megawatthours,2026-01-08 11:00:00,47052.0
2026-01-08T11,NW,Northwest,TI,Total interchange,6437,megawatthours,2026-01-08 11:00:00,6437.0
2026-01-08T10,NW,Northwest,D,Demand,41208,megawatthours,2026-01-08 10:00:00,41208.0
2026-01-08T10,NW,Northwest,DF,Day-ahead demand forecast,37694,megawatthours,2026-01-08 10:00:00,37694.0
2026-01-08T10,NW,Northwest,NG,Net generation,46908,megawatthours,2026-01-08 10:00:00,46908.0
2026-01-08T10,NW,Northwest,TI,Total interchange,6298,megawatthours,2026-01-08 10:00:00,6298.0
2026-01-08T09,NW,Northwest,D,Demand,36969,megawatthours,2026-01-08 09:00:00,36969.0
2026-01-08T09,NW,Northwest,DF,Day-ahead demand forecast,38202,megawatthours,2026-01-08 09:00:00,38202.0
2026-01-08T09,NW,Northwest,NG,Net generation,42685,megawatthours,2026-01-08 09:00:00,42685.0
2026-01-08T09,NW,Northwest,TI,Total interchange,5054,megawatthours,2026-01-08 09:00:00,5054.0
2026-01-08T08,NW,Northwest,D,Demand,42270,megawatthours,2026-01-08 08:00:00,42270.0
2026-01-08T08,NW,Northwest,DF,Day-ahead demand forecast,39644,megawatthours,2026-01-08 08:00:00,39644.0
2026-01-08T08,NW,Northwest,NG,Net generation,48082,megawatthours,2026-01-08 08:00:00,48082.0
2026-01-08T08,NW,Northwest,TI,Total interchange,6377,megawatthours,2026-01-08 08:00:00,6377.0
2026-01-08T07,NW,Northwest,D,Demand,43797,megawatthours,2026-01-08 07:00:00,43797.0
2026-01-08T07,NW,Northwest,DF,Day-ahead demand forecast,41096,megawatthours,2026-01-08 07:00:00,41096.0
2026-01-08T07,NW,Northwest,NG,Net generation,49252,megawatthours,2026-01-08 07:00:00,49252.0
2026-01-08T07,NW,Northwest,TI,Total interchange,6171,megawatthours,2026-01-08 07:00:00,6171.0
2026-01-08T06,NW,Northwest,D,Demand,46241,megawatthours,2026-01-08 06:00:00,46241.0
2026-01-08T06,NW,Northwest,DF,Day-ahead demand forecast,42473,megawatthours,2026-01-08 06:00:00,42473.0
2026-01-08T06,NW,Northwest,NG,Net generation,50421,megawatthours,2026-01-08 06:00:00,50421.0
2026-01-08T06,NW,Northwest,TI,Total interchange,5155,megawatthours,2026-01-08 06:00:00,5155.0
2026-01-08T05,NW,Northwest,D,Demand,48074,megawatthours,2026-01-08 05:00:00,48074.0
2026-01-08T05,NW,Northwest,DF,Day-ahead demand forecast,44401,megawatthours,2026-01-08 05:00:00,44401.0
2026-01-08T05,NW,Northwest,NG,Net generation,52966,megawatthours,2026-01-08 05:00:00,52966.0
2026-01-08T05,NW,Northwest,TI,Total interchange,4868,megawatthours,2026-01-08 05:00:00,4868.0
2026-01-08T04,NW,Northwest,D,Demand,49457,megawatthours,2026-01-08 04:00:00,49457.0
2026-01-08T04,NW,Northwest,DF,Day-ahead demand forecast,45814,megawatthours,2026-01-08 04:00:00,45814.0
2026-01-08T04,NW,Northwest,NG,Net generation,54223,megawatthours,2026-01-08 04:00:00,54223.0
2026-01-08T04,NW,Northwest,TI,Total interchange,4740,megawatthours,2026-01-08 04:00:00,4740.0
2026-01-08T03,NW,Northwest,D,Demand,50190,megawatthours,2026-01-08 03:00:00,50190.0
2026-01-08T03,NW,Northwest,DF,Day-ahead demand forecast,46659,megawatthours,2026-01-08 03:00:00,46659.0
2026-01-08T03,NW,Northwest,NG,Net generation,54512,megawatthours,2026-01-08 03:00:00,54512.0
2026-01-08T03,NW,Northwest,TI,Total interchange,4299,megawatthours,2026-01-08 03:00:00,4299.0
2026-01-08T02,NW,Northwest,D,Demand,50675,megawatthours,2026-01-08 02:00:00,50675.0
2026-01-08T02,NW,Northwest,DF,Day-ahead demand forecast,46932,megawatthours,2026-01-08 02:00:00,46932.0
2026-01-08T02,NW,Northwest,NG,Net generation,55154,megawatthours,2026-01-08 02:00:00,55154.0
2026-01-08T02,NW,Northwest,TI,Total interchange,4465,megawatthours,2026-01-08 02:00:00,4465.0
2026-01-08T01,NW,Northwest,D,Demand,49672,megawatthours,2026-01-08 01:00:00,49672.0
2026-01-08T01,NW,Northwest,DF,Day-ahead demand forecast,45991,megawatthours,2026-01-08 01:00:00,45991.0
2026-01-08T01,NW,Northwest,NG,Net generation,54092,megawatthours,2026-01-08 01:00:00,54092.0
2026-01-08T01,NW,Northwest,TI,Total interchange,4461,megawatthours,2026-01-08 01:00:00,4461.0
2026-01-08T00,NW,Northwest,D,Demand,47851,megawatthours,2026-01-08 00:00:00,47851.0
2026-01-08T00,NW,Northwest,DF,Day-ahead demand forecast,44194,megawatthours,2026-01-08 00:00:00,44194.0
2026-01-08T00,NW,Northwest,NG,Net generation,52061,megawatthours,2026-01-08 00:00:00,52061.0
2026-01-08T00,NW,Northwest,TI,Total interchange,4244,megawatthours,2026-01-08 00:00:00,4244.0
2026-01-07T23,NW,Northwest,D,Demand,47088,megawatthours,2026-01-07 23:00:00,47088.0
2026-01-07T23,NW,Northwest,DF,Day-ahead demand forecast,43008,megawatthours,2026-01-07 23:00:00,43008.0
2026-01-07T23,NW,Northwest,NG,Net generation,51320,megawatthours,2026-01-07 23:00:00,51320.0
2026-01-07T23,NW,Northwest,TI,Total interchange,4242,megawatthours,2026-01-07 23:00:00,4242.0
2026-01-07T22,NW,Northwest,D,Demand,47533,megawatthours,2026-01-07 22:00:00,47533.0
2026-01-07T22,NW,Northwest,DF,Day-ahead demand forecast,42825,megawatthours,2026-01-07 22:00:00,42825.0
2026-01-07T22,NW,Northwest,NG,Net generation,52526,megawatthours,2026-01-07 22:00:00,52526.0
2026-01-07T22,NW,Northwest,TI,Total interchange,4998,megawatthours,2026-01-07 22:00:00,4998.0
2026-01-07T21,NW,Northwest,D,Demand,47637,megawatthours,2026-01-07 21:00:00,47637.0
2026-01-07T21,NW,Northwest,DF,Day-ahead demand forecast,42885,megawatthours,2026-01-07 21:00:00,42885.0
2026-01-07T21,NW,Northwest,NG,Net generation,52195,megawatthours,2026-01-07 21:00:00,52195.0
2026-01-07T21,NW,Northwest,TI,Total interchange,4591,megawatthours,2026-01-07 21:00:00,4591.0
2026-01-07T20,NW,Northwest,D,Demand,47790,megawatthours,2026-01-07 20:00:00,47790.0
2026-01-07T20,NW,Northwest,DF,Day-ahead demand forecast,42843,megawatthours,2026-01-07 20:00:00,42843.0
2026-01-07T20,NW,Northwest,NG,Net generation,52255,megawatthours,2026-01-07 20:00:00,52255.0
2026-01-07T20,NW,Northwest,TI,Total interchange,4504,megawatthours,2026-01-07 20:00:00,4504.0
2026-01-07T19,NW,Northwest,D,Demand,47682,megawatthours,2026-01-07 19:00:00,47682.0
2026-01-07T19,NW,Northwest,DF,Day-ahead demand forecast,43261,megawatthours,2026-01-07 19:00:00,43261.0
2026-01-07T19,NW,Northwest,NG,Net generation,51711,megawatthours,2026-01-07 19:00:00,51711.0
2026-01-07T19,NW,Northwest,TI,Total interchange,4068,megawatthours,2026-01-07 19:00:00,4068.0
2026-01-07T18,NW,Northwest,D,Demand,48102,megawatthours,2026-01-07 18:00:00,48102.0
2026-01-07T18,NW,Northwest,DF,Day-ahead demand forecast,43854,megawatthours,2026-01-07 18:00:00,43854.0
2026-01-07T18,NW,Northwest,NG,Net generation,52952,megawatthours,2026-01-07 18:00:00,52952.0
2026-01-07T18,NW,Northwest,TI,Total interchange,4871,megawatthours,2026-01-07 18:00:00,4871.0
2026-01-07T17,NW,Northwest,D,Demand,48595,megawatthours,2026-01-07 17:00:00,48595.0
2026-01-07T17,NW,Northwest,DF,Day-ahead demand forecast,44640,megawatthours,2026-01-07 17:00:00,44640.0
2026-01-07T17,NW,Northwest,NG,Net generation,53611,megawatthours,2026-01-07 17:00:00,53611.0
2026-01-07T17,NW,Northwest,TI,Total interchange,5030,megawatthours,2026-01-07 17:00:00,5030.0
2026-01-07T16,NW,Northwest,D,Demand,48561,megawatthours,2026-01-07 16:00:00,48561.0
2026-01-07T16,NW,Northwest,DF,Day-ahead demand forecast,44920,megawatthours,2026-01-07 16:00:00,44920.0
2026-01-07T16,NW,Northwest,NG,Net generation,53198,megawatthours,2026-01-07 16:00:00,53198.0
2026-01-07T16,NW,Northwest,TI,Total interchange,4685,megawatthours,2026-01-07 16:00:00,4685.0
2026-01-07T15,NW,Northwest,D,Demand,47303,megawatthours,2026-01-07 15:00:00,47303.0
2026-01-07T15,NW,Northwest,DF,Day-ahead demand forecast,43964,megawatthours,2026-01-07 15:00:00,43964.0
2026-01-07T15,NW,Northwest,NG,Net generation,53262,megawatthours,2026-01-07 15:00:00,53262.0
2026-01-07T15,NW,Northwest,TI,Total interchange,5947,megawatthours,2026-01-07 15:00:00,5947.0
2026-01-07T14,NW,Northwest,D,Demand,44665,megawatthours,2026-01-07 14:00:00,44665.0
2026-01-07T14,NW,Northwest,DF,Day-ahead demand forecast,41697,megawatthours,2026-01-07 14:00:00,41697.0
2026-01-07T14,NW,Northwest,NG,Net generation,52179,megawatthours,2026-01-07 14:00:00,52179.0
2026-01-07T14,NW,Northwest,TI,Total interchange,7549,megawatthours,2026-01-07 14:00:00,7549.0
2026-01-07T13,NW,Northwest,D,Demand,41683,megawatthours,2026-01-07 13:00:00,41683.0
2026-01-07T13,NW,Northwest,DF,Day-ahead demand forecast,39233,megawatthours,2026-01-07 13:00:00,39233.0
2026-01-07T13,NW,Northwest,NG,Net generation,50875,megawatthours,2026-01-07 13:00:00,50875.0
2026-01-07T13,NW,Northwest,TI,Total interchange,9228,megawatthours,2026-01-07 13:00:00,9228.0
2026-01-07T12,NW,Northwest,D,Demand,40092,megawatthours,2026-01-07 12:00:00,40092.0
2026-01-07T12,NW,Northwest,DF,Day-ahead demand forecast,37622,megawatthours,2026-01-07 12:00:00,37622.0
2026-01-07T12,NW,Northwest,NG,Net generation,49343,megawatthours,2026-01-07 12:00:00,49343.0
2026-01-07T12,NW,Northwest,TI,Total interchange,9285,megawatthours,2026-01-07 12:00:00,9285.0
2026-01-07T11,NW,Northwest,D,Demand,39352,megawatthours,2026-01-07 11:00:00,39352.0
2026-01-07T11,NW,Northwest,DF,Day-ahead demand forecast,37062,megawatthours,2026-01-07 11:00:00,37062.0
2026-01-07T11,NW,Northwest,NG,Net generation,49026,megawatthours,2026-01-07 11:00:00,49026.0
2026-01-07T11,NW,Northwest,TI,Total interchange,9712,megawatthours,2026-01-07 11:00:00,9712.0
2026-01-07T10,NW,Northwest,D,Demand,39621,megawatthours,2026-01-07 10:00:00,39621.0
2026-01-07T10,NW,Northwest,DF,Day-ahead demand forecast,36944,megawatthours,2026-01-07 10:00:00,36944.0
2026-01-07T10,NW,Northwest,NG,Net generation,49239,megawatthours,2026-01-07 10:00:00,49239.0
2026-01-07T10,NW,Northwest,TI,Total interchange,9651,megawatthours,2026-01-07 10:00:00,9651.0
2026-01-07T09,NW,Northwest,D,Demand,40316,megawatthours,2026-01-07 09:00:00,40316.0
2026-01-07T09,NW,Northwest,DF,Day-ahead demand forecast,37394,megawatthours,2026-01-07 09:00:00,37394.0
2026-01-07T09,NW,Northwest,NG,Net generation,50362,megawatthours,2026-01-07 09:00:00,50362.0
2026-01-07T09,NW,Northwest,TI,Total interchange,9326,megawatthours,2026-01-07 09:00:00,9326.0
2026-01-07T08,NW,Northwest,D,Demand,41652,megawatthours,2026-01-07 08:00:00,41652.0
2026-01-07T08,NW,Northwest,DF,Day-ahead demand forecast,38391,megawatthours,2026-01-07 08:00:00,38391.0
2026-01-07T08,NW,Northwest,NG,Net generation,50017,megawatthours,2026-01-07 08:00:00,50017.0
2026-01-07T08,NW,Northwest,TI,Total interchange,8845,megawatthours,2026-01-07 08:00:00,8845.0
2026-01-07T07,NW,Northwest,D,Demand,43393,megawatthours,2026-01-07 07:00:00,43393.0
2026-01-07T07,NW,Northwest,DF,Day-ahead demand forecast,39834,megawatthours,2026-01-07 07:00:00,39834.0
2026-01-07T07,NW,Northwest,NG,Net generation,51485,megawatthours,2026-01-07 07:00:00,51485.0
2026-01-07T07,NW,Northwest,TI,Total interchange,8674,megawatthours,2026-01-07 07:00:00,8674.0
2026-01-07T06,NW,Northwest,D,Demand,45863,megawatthours,2026-01-07 06:00:00,45863.0
2026-01-07T06,NW,Northwest,DF,Day-ahead demand forecast,41621,megawatthours,2026-01-07 06:00:00,41621.0
2026-01-07T06,NW,Northwest,NG,Net generation,52355,megawatthours,2026-01-07 06:00:00,52355.0
2026-01-07T06,NW,Northwest,TI,Total interchange,7320,megawatthours,2026-01-07 06:00:00,7320.0
2026-01-07T05,NW,Northwest,D,Demand,47840,megawatthours,2026-01-07 05:00:00,47840.0
2026-01-07T05,NW,Northwest,DF,Day-ahead demand forecast,43264,megawatthours,2026-01-07 05:00:00,43264.0
2026-01-07T05,NW,Northwest,NG,Net generation,55535,megawatthours,2026-01-07 05:00:00,55535.0
2026-01-07T05,NW,Northwest,TI,Total interchange,7623,megawatthours,2026-01-07 05:00:00,7623.0
2026-01-07T04,NW,Northwest,D,Demand,49048,megawatthours,2026-01-07 04:00:00,49048.0
2026-01-07T04,NW,Northwest,DF,Day-ahead demand forecast,44483,megawatthours,2026-01-07 04:00:00,44483.0
2026-01-07T04,NW,Northwest,NG,Net generation,56431,megawatthours,2026-01-07 04:00:00,56431.0
2026-01-07T04,NW,Northwest,TI,Total interchange,7313,megawatthours,2026-01-07 04:00:00,7313.0
2026-01-07T03,NW,Northwest,D,Demand,49753,megawatthours,2026-01-07 03:00:00,49753.0
2026-01-07T03,NW,Northwest,DF,Day-ahead demand forecast,45354,megawatthours,2026-01-07 03:00:00,45354.0
2026-01-07T03,NW,Northwest,NG,Net generation,56696,megawatthours,2026-01-07 03:00:00,56696.0
2026-01-07T03,NW,Northwest,TI,Total interchange,6872,megawatthours,2026-01-07 03:00:00,6872.0
2026-01-07T02,NW,Northwest,D,Demand,50331,megawatthours,2026-01-07 02:00:00,50331.0
2026-01-07T02,NW,Northwest,DF,Day-ahead demand forecast,45801,megawatthours,2026-01-07 02:00:00,45801.0
2026-01-07T02,NW,Northwest,NG,Net generation,56773,megawatthours,2026-01-07 02:00:00,56773.0
2026-01-07T02,NW,Northwest,TI,Total interchange,6397,megawatthours,2026-01-07 02:00:00,6397.0
2026-01-07T01,NW,Northwest,D,Demand,49839,megawatthours,2026-01-07 01:00:00,49839.0
2026-01-07T01,NW,Northwest,DF,Day-ahead demand forecast,44766,megawatthours,2026-01-07 01:00:00,44766.0
2026-01-07T01,NW,Northwest,NG,Net generation,56209,megawatthours,2026-01-07 01:00:00,56209.0
2026-01-07T01,NW,Northwest,TI,Total interchange,6364,megawatthours,2026-01-07 01:00:00,6364.0
2026-01-07T00,NW,Northwest,D,Demand,47893,megawatthours,2026-01-07 00:00:00,47893.0
2026-01-07T00,NW,Northwest,DF,Day-ahead demand forecast,42997,megawatthours,2026-01-07 00:00:00,42997.0
2026-01-07T00,NW,Northwest,NG,Net generation,53379,megawatthours,2026-01-07 00:00:00,53379.0
2026-01-07T00,NW,Northwest,TI,Total interchange,5436,megawatthours,2026-01-07 00:00:00,5436.0
2026-01-06T23,NW,Northwest,D,Demand,47539,megawatthours,2026-01-06 23:00:00,47539.0
2026-01-06T23,NW,Northwest,DF,Day-ahead demand forecast,42200,megawatthours,2026-01-06 23:00:00,42200.0
2026-01-06T23,NW,Northwest,NG,Net generation,52268,megawatthours,2026-01-06 23:00:00,52268.0
2026-01-06T23,NW,Northwest,TI,Total interchange,4716,megawatthours,2026-01-06 23:00:00,4716.0
2026-01-06T22,NW,Northwest,D,Demand,47587,megawatthours,2026-01-06 22:00:00,47587.0
2026-01-06T22,NW,Northwest,DF,Day-ahead demand forecast,41786,megawatthours,2026-01-06 22:00:00,41786.0
2026-01-06T22,NW,Northwest,NG,Net generation,52742,megawatthours,2026-01-06 22:00:00,52742.0
2026-01-06T22,NW,Northwest,TI,Total interchange,5139,megawatthours,2026-01-06 22:00:00,5139.0
2026-01-06T21,NW,Northwest,D,Demand,47620,megawatthours,2026-01-06 21:00:00,47620.0
2026-01-06T21,NW,Northwest,DF,Day-ahead demand forecast,41982,megawatthours,2026-01-06 21:00:00,41982.0
2026-01-06T21,NW,Northwest,NG,Net generation,52986,megawatthours,2026-01-06 21:00:00,52986.0
2026-01-06T21,NW,Northwest,TI,Total interchange,5346,megawatthours,2026-01-06 21:00:00,5346.0
2026-01-06T20,NW,Northwest,D,Demand,47454,megawatthours,2026-01-06 20:00:00,47454.0
2026-01-06T20,NW,Northwest,DF,Day-ahead demand forecast,42444,megawatthours,2026-01-06 20:00:00,42444.0
2026-01-06T20,NW,Northwest,NG,Net generation,52626,megawatthours,2026-01-06 20:00:00,52626.0
2026-01-06T20,NW,Northwest,TI,Total interchange,5135,megawatthours,2026-01-06 20:00:00,5135.0
2026-01-06T19,NW,Northwest,D,Demand,47790,megawatthours,2026-01-06 19:00:00,47790.0
2026-01-06T19,NW,Northwest,DF,Day-ahead demand forecast,42833,megawatthours,2026-01-06 19:00:00,42833.0
2026-01-06T19,NW,Northwest,NG,Net generation,52583,megawatthours,2026-01-06 19:00:00,52583.0
2026-01-06T19,NW,Northwest,TI,Total interchange,4755,megawatthours,2026-01-06 19:00:00,4755.0
2026-01-06T18,NW,Northwest,D,Demand,48271,megawatthours,2026-01-06 18:00:00,48271.0
2026-01-06T18,NW,Northwest,DF,Day-ahead demand forecast,43593,megawatthours,2026-01-06 18:00:00,43593.0
2026-01-06T18,NW,Northwest,NG,Net generation,53342,megawatthours,2026-01-06 18:00:00,53342.0
2026-01-06T18,NW,Northwest,TI,Total interchange,5038,megawatthours,2026-01-06 18:00:00,5038.0
2026-01-06T17,NW,Northwest,D,Demand,48830,megawatthours,2026-01-06 17:00:00,48830.0
2026-01-06T17,NW,Northwest,DF,Day-ahead demand forecast,44261,megawatthours,2026-01-06 17:00:00,44261.0
2026-01-06T17,NW,Northwest,NG,Net generation,53737,megawatthours,2026-01-06 17:00:00,53737.0
2026-01-06T17,NW,Northwest,TI,Total interchange,4897,megawatthours,2026-01-06 17:00:00,4897.0
2026-01-06T16,NW,Northwest,D,Demand,49093,megawatthours,2026-01-06 16:00:00,49093.0
2026-01-06T16,NW,Northwest,DF,Day-ahead demand forecast,44540,megawatthours,2026-01-06 16:00:00,44540.0
2026-01-06T16,NW,Northwest,NG,Net generation,53796,megawatthours,2026-01-06 16:00:00,53796.0
2026-01-06T16,NW,Northwest,TI,Total interchange,4696,megawatthours,2026-01-06 16:00:00,4696.0
2026-01-06T15,NW,Northwest,D,Demand,47714,megawatthours,2026-01-06 15:00:00,47714.0
2026-01-06T15,NW,Northwest,DF,Day-ahead demand forecast,43735,megawatthours,2026-01-06 15:00:00,43735.0
2026-01-06T15,NW,Northwest,NG,Net generation,53184,megawatthours,2026-01-06 15:00:00,53184.0
2026-01-06T15,NW,Northwest,TI,Total interchange,5453,megawatthours,2026-01-06 15:00:00,5453.0
2026-01-06T14,NW,Northwest,D,Demand,44697,megawatthours,2026-01-06 14:00:00,44697.0
2026-01-06T14,NW,Northwest,DF,Day-ahead demand forecast,41299,megawatthours,2026-01-06 14:00:00,41299.0
2026-01-06T14,NW,Northwest,NG,Net generation,51631,megawatthours,2026-01-06 14:00:00,51631.0
2026-01-06T14,NW,Northwest,TI,Total interchange,6939,megawatthours,2026-01-06 14:00:00,6939.0
2026-01-06T13,NW,Northwest,D,Demand,42031,megawatthours,2026-01-06 13:00:00,42031.0
2026-01-06T13,NW,Northwest,DF,Day-ahead demand forecast,38836,megawatthours,2026-01-06 13:00:00,38836.0
2026-01-06T13,NW,Northwest,NG,Net generation,49436,megawatthours,2026-01-06 13:00:00,49436.0
2026-01-06T13,NW,Northwest,TI,Total interchange,7407,megawatthours,2026-01-06 13:00:00,7407.0
2026-01-06T12,NW,Northwest,D,Demand,40554,megawatthours,2026-01-06 12:00:00,40554.0
2026-01-06T12,NW,Northwest,DF,Day-ahead demand forecast,37467,megawatthours,2026-01-06 12:00:00,37467.0
2026-01-06T12,NW,Northwest,NG,Net generation,48301,megawatthours,2026-01-06 12:00:00,48301.0
2026-01-06T12,NW,Northwest,TI,Total interchange,7750,megawatthours,2026-01-06 12:00:00,7750.0
2026-01-06T11,NW,Northwest,D,Demand,40105,megawatthours,2026-01-06 11:00:00,40105.0
2026-01-06T11,NW,Northwest,DF,Day-ahead demand forecast,36882,megawatthours,2026-01-06 11:00:00,36882.0
2026-01-06T11,NW,Northwest,NG,Net generation,48069,megawatthours,2026-01-06 11:00:00,48069.0
2026-01-06T11,NW,Northwest,TI,Total interchange,7967,megawatthours,2026-01-06 11:00:00,7967.0
2026-01-06T10,NW,Northwest,D,Demand,40294,megawatthours,2026-01-06 10:00:00,40294.0
2026-01-06T10,NW,Northwest,DF,Day-ahead demand forecast,36873,megawatthours,2026-01-06 10:00:00,36873.0
2026-01-06T10,NW,Northwest,NG,Net generation,48286,megawatthours,2026-01-06 10:00:00,48286.0
2026-01-06T10,NW,Northwest,TI,Total interchange,7995,megawatthours,2026-01-06 10:00:00,7995.0
2026-01-06T09,NW,Northwest,D,Demand,41151,megawatthours,2026-01-06 09:00:00,41151.0
2026-01-06T09,NW,Northwest,DF,Day-ahead demand forecast,37405,megawatthours,2026-01-06 09:00:00,37405.0
2026-01-06T09,NW,Northwest,NG,Net generation,49643,megawatthours,2026-01-06 09:00:00,49643.0
2026-01-06T09,NW,Northwest,TI,Total interchange,8493,megawatthours,2026-01-06 09:00:00,8493.0
2026-01-06T08,NW,Northwest,D,Demand,42326,megawatthours,2026-01-06 08:00:00,42326.0
2026-01-06T08,NW,Northwest,DF,Day-ahead demand forecast,38848,megawatthours,2026-01-06 08:00:00,38848.0
2026-01-06T08,NW,Northwest,NG,Net generation,49184,megawatthours,2026-01-06 08:00:00,49184.0
2026-01-06T08,NW,Northwest,TI,Total interchange,7354,megawatthours,2026-01-06 08:00:00,7354.0
2026-01-06T07,NW,Northwest,D,Demand,43746,megawatthours,2026-01-06 07:00:00,43746.0
2026-01-06T07,NW,Northwest,DF,Day-ahead demand forecast,40275,megawatthours,2026-01-06 07:00:00,40275.0
2026-01-06T07,NW,Northwest,NG,Net generation,50914,megawatthours,2026-01-06 07:00:00,50914.0
2026-01-06T07,NW,Northwest,TI,Total interchange,7763,megawatthours,2026-01-06 07:00:00,7763.0
2026-01-06T06,NW,Northwest,D,Demand,46171,megawatthours,2026-01-06 06:00:00,46171.0
2026-01-06T06,NW,Northwest,DF,Day-ahead demand forecast,41742,megawatthours,2026-01-06 06:00:00,41742.0
2026-01-06T06,NW,Northwest,NG,Net generation,52901,megawatthours,2026-01-06 06:00:00,52901.0
2026-01-06T06,NW,Northwest,TI,Total interchange,7539,megawatthours,2026-01-06 06:00:00,7539.0
2026-01-06T05,NW,Northwest,D,Demand,47813,megawatthours,2026-01-06 05:00:00,47813.0
2026-01-06T05,NW,Northwest,DF,Day-ahead demand forecast,43492,megawatthours,2026-01-06 05:00:00,43492.0
2026-01-06T05,NW,Northwest,NG,Net generation,54786,megawatthours,2026-01-06 05:00:00,54786.0
2026-01-06T05,NW,Northwest,TI,Total interchange,6907,megawatthours,2026-01-06 05:00:00,6907.0
2026-01-06T04,NW,Northwest,D,Demand,48579,megawatthours,2026-01-06 04:00:00,48579.0
2026-01-06T04,NW,Northwest,DF,Day-ahead demand forecast,44073,megawatthours,2026-01-06 04:00:00,44073.0
2026-01-06T04,NW,Northwest,NG,Net generation,54727,megawatthours,2026-01-06 04:00:00,54727.0
2026-01-06T04,NW,Northwest,TI,Total interchange,6084,megawatthours,2026-01-06 04:00:00,6084.0
2026-01-06T03,NW,Northwest,D,Demand,49469,megawatthours,2026-01-06 03:00:00,49469.0
2026-01-06T03,NW,Northwest,DF,Day-ahead demand forecast,44915,megawatthours,2026-01-06 03:00:00,44915.0
2026-01-06T03,NW,Northwest,NG,Net generation,55410,megawatthours,2026-01-06 03:00:00,55410.0
2026-01-06T03,NW,Northwest,TI,Total interchange,5874,megawatthours,2026-01-06 03:00:00,5874.0
2026-01-06T02,NW,Northwest,D,Demand,49729,megawatthours,2026-01-06 02:00:00,49729.0
2026-01-06T02,NW,Northwest,DF,Day-ahead demand forecast,45145,megawatthours,2026-01-06 02:00:00,45145.0
2026-01-06T02,NW,Northwest,NG,Net generation,55162,megawatthours,2026-01-06 02:00:00,55162.0
2026-01-06T02,NW,Northwest,TI,Total interchange,5397,megawatthours,2026-01-06 02:00:00,5397.0
2026-01-06T01,NW,Northwest,D,Demand,48083,megawatthours,2026-01-06 01:00:00,48083.0
2026-01-06T01,NW,Northwest,DF,Day-ahead demand forecast,43987,megawatthours,2026-01-06 01:00:00,43987.0
2026-01-06T01,NW,Northwest,NG,Net generation,53284,megawatthours,2026-01-06 01:00:00,53284.0
2026-01-06T01,NW,Northwest,TI,Total interchange,5207,megawatthours,2026-01-06 01:00:00,5207.0
2026-01-06T00,NW,Northwest,D,Demand,44983,megawatthours,2026-01-06 00:00:00,44983.0
2026-01-06T00,NW,Northwest,DF,Day-ahead demand forecast,42102,megawatthours,2026-01-06 00:00:00,42102.0
2026-01-06T00,NW,Northwest,NG,Net generation,50690,megawatthours,2026-01-06 00:00:00,50690.0
2026-01-06T00,NW,Northwest,TI,Total interchange,5644,megawatthours,2026-01-06 00:00:00,5644.0
2026-01-05T23,NW,Northwest,D,Demand,44152,megawatthours,2026-01-05 23:00:00,44152.0
2026-01-05T23,NW,Northwest,DF,Day-ahead demand forecast,40935,megawatthours,2026-01-05 23:00:00,40935.0
2026-01-05T23,NW,Northwest,NG,Net generation,49830,megawatthours,2026-01-05 23:00:00,49830.0
2026-01-05T23,NW,Northwest,TI,Total interchange,5127,megawatthours,2026-01-05 23:00:00,5127.0
2026-01-05T22,NW,Northwest,D,Demand,45842,megawatthours,2026-01-05 22:00:00,45842.0
2026-01-05T22,NW,Northwest,DF,Day-ahead demand forecast,40887,megawatthours,2026-01-05 22:00:00,40887.0
2026-01-05T22,NW,Northwest,NG,Net generation,50298,megawatthours,2026-01-05 22:00:00,50298.0
2026-01-05T22,NW,Northwest,TI,Total interchange,4412,megawatthours,2026-01-05 22:00:00,4412.0
2026-01-05T21,NW,Northwest,D,Demand,46130,megawatthours,2026-01-05 21:00:00,46130.0
2026-01-05T21,NW,Northwest,DF,Day-ahead demand forecast,41179,megawatthours,2026-01-05 21:00:00,41179.0
2026-01-05T21,NW,Northwest,NG,Net generation,50453,megawatthours,2026-01-05 21:00:00,50453.0
2026-01-05T21,NW,Northwest,TI,Total interchange,4271,megawatthours,2026-01-05 21:00:00,4271.0
2026-01-05T20,NW,Northwest,D,Demand,46439,megawatthours,2026-01-05 20:00:00,46439.0
2026-01-05T20,NW,Northwest,DF,Day-ahead demand forecast,41353,megawatthours,2026-01-05 20:00:00,41353.0
2026-01-05T20,NW,Northwest,NG,Net generation,50626,megawatthours,2026-01-05 20:00:00,50626.0
2026-01-05T20,NW,Northwest,TI,Total interchange,4151,megawatthours,2026-01-05 20:00:00,4151.0
2026-01-05T19,NW,Northwest,D,Demand,47086,megawatthours,2026-01-05 19:00:00,47086.0
2026-01-05T19,NW,Northwest,DF,Day-ahead demand forecast,42114,megawatthours,2026-01-05 19:00:00,42114.0
2026-01-05T19,NW,Northwest,NG,Net generation,51416,megawatthours,2026-01-05 19:00:00,51416.0
2026-01-05T19,NW,Northwest,TI,Total interchange,4286,megawatthours,2026-01-05 19:00:00,4286.0
2026-01-05T18,NW,Northwest,D,Demand,47896,megawatthours,2026-01-05 18:00:00,47896.0
2026-01-05T18,NW,Northwest,DF,Day-ahead demand forecast,42824,megawatthours,2026-01-05 18:00:00,42824.0
2026-01-05T18,NW,Northwest,NG,Net generation,52395,megawatthours,2026-01-05 18:00:00,52395.0
2026-01-05T18,NW,Northwest,TI,Total interchange,4458,megawatthours,2026-01-05 18:00:00,4458.0
2026-01-05T17,NW,Northwest,D,Demand,48027,megawatthours,2026-01-05 17:00:00,48027.0
2026-01-05T17,NW,Northwest,DF,Day-ahead demand forecast,43334,megawatthours,2026-01-05 17:00:00,43334.0
2026-01-05T17,NW,Northwest,NG,Net generation,52531,megawatthours,2026-01-05 17:00:00,52531.0
2026-01-05T17,NW,Northwest,TI,Total interchange,4471,megawatthours,2026-01-05 17:00:00,4471.0
2026-01-05T16,NW,Northwest,D,Demand,48054,megawatthours,2026-01-05 16:00:00,48054.0
2026-01-05T16,NW,Northwest,DF,Day-ahead demand forecast,43576,megawatthours,2026-01-05 16:00:00,43576.0
2026-01-05T16,NW,Northwest,NG,Net generation,52794,megawatthours,2026-01-05 16:00:00,52794.0
2026-01-05T16,NW,Northwest,TI,Total interchange,4726,megawatthours,2026-01-05 16:00:00,4726.0
2026-01-05T15,NW,Northwest,D,Demand,46117,megawatthours,2026-01-05 15:00:00,46117.0
2026-01-05T15,NW,Northwest,DF,Day-ahead demand forecast,42115,megawatthours,2026-01-05 15:00:00,42115.0
2026-01-05T15,NW,Northwest,NG,Net generation,51514,megawatthours,2026-01-05 15:00:00,51514.0
2026-01-05T15,NW,Northwest,TI,Total interchange,5387,megawatthours,2026-01-05 15:00:00,5387.0
2026-01-05T14,NW,Northwest,D,Demand,42785,megawatthours,2026-01-05 14:00:00,42785.0
2026-01-05T14,NW,Northwest,DF,Day-ahead demand forecast,39717,megawatthours,2026-01-05 14:00:00,39717.0
2026-01-05T14,NW,Northwest,NG,Net generation,48648,megawatthours,2026-01-05 14:00:00,48648.0
2026-01-05T14,NW,Northwest,TI,Total interchange,5875,megawatthours,2026-01-05 14:00:00,5875.0
2026-01-05T13,NW,Northwest,D,Demand,39772,megawatthours,2026-01-05 13:00:00,39772.0
2026-01-05T13,NW,Northwest,DF,Day-ahead demand forecast,37411,megawatthours,2026-01-05 13:00:00,37411.0
2026-01-05T13,NW,Northwest,NG,Net generation,45312,megawatthours,2026-01-05 13:00:00,45312.0
2026-01-05T13,NW,Northwest,TI,Total interchange,5548,megawatthours,2026-01-05 13:00:00,5548.0
2026-01-05T12,NW,Northwest,D,Demand,38310,megawatthours,2026-01-05 12:00:00,38310.0
2026-01-05T12,NW,Northwest,DF,Day-ahead demand forecast,36006,megawatthours,2026-01-05 12:00:00,36006.0
2026-01-05T12,NW,Northwest,NG,Net generation,44310,megawatthours,2026-01-05 12:00:00,44310.0
2026-01-05T12,NW,Northwest,TI,Total interchange,6006,megawatthours,2026-01-05 12:00:00,6006.0
2026-01-05T11,NW,Northwest,D,Demand,37620,megawatthours,2026-01-05 11:00:00,37620.0
2026-01-05T11,NW,Northwest,DF,Day-ahead demand forecast,35493,megawatthours,2026-01-05 11:00:00,35493.0
2026-01-05T11,NW,Northwest,NG,Net generation,43512,megawatthours,2026-01-05 11:00:00,43512.0
2026-01-05T11,NW,Northwest,TI,Total interchange,5895,megawatthours,2026-01-05 11:00:00,5895.0
2026-01-05T10,NW,Northwest,D,Demand,37587,megawatthours,2026-01-05 10:00:00,37587.0
2026-01-05T10,NW,Northwest,DF,Day-ahead demand forecast,35758,megawatthours,2026-01-05 10:00:00,35758.0
2026-01-05T10,NW,Northwest,NG,Net generation,43414,megawatthours,2026-01-05 10:00:00,43414.0
2026-01-05T10,NW,Northwest,TI,Total interchange,5835,megawatthours,2026-01-05 10:00:00,5835.0
2026-01-05T09,NW,Northwest,D,Demand,38172,megawatthours,2026-01-05 09:00:00,38172.0
2026-01-05T09,NW,Northwest,DF,Day-ahead demand forecast,36071,megawatthours,2026-01-05 09:00:00,36071.0
2026-01-05T09,NW,Northwest,NG,Net generation,44688,megawatthours,2026-01-05 09:00:00,44688.0
2026-01-05T09,NW,Northwest,TI,Total interchange,6525,megawatthours,2026-01-05 09:00:00,6525.0
2026-01-05T08,NW,Northwest,D,Demand,38994,megawatthours,2026-01-05 08:00:00,38994.0
2026-01-05T08,NW,Northwest,DF,Day-ahead demand forecast,36894,megawatthours,2026-01-05 08:00:00,36894.0
2026-01-05T08,NW,Northwest,NG,Net generation,43460,megawatthours,2026-01-05 08:00:00,43460.0
2026-01-05T08,NW,Northwest,TI,Total interchange,5011,megawatthours,2026-01-05 08:00:00,5011.0
2026-01-05T07,NW,Northwest,D,Demand,40704,megawatthours,2026-01-05 07:00:00,40704.0
2026-01-05T07,NW,Northwest,DF,Day-ahead demand forecast,32558,megawatthours,2026-01-05 07:00:00,32558.0
2026-01-05T07,NW,Northwest,NG,Net generation,45489,megawatthours,2026-01-05 07:00:00,45489.0
2026-01-05T07,NW,Northwest,TI,Total interchange,5484,megawatthours,2026-01-05 07:00:00,5484.0
2026-01-05T06,NW,Northwest,D,Demand,42875,megawatthours,2026-01-05 06:00:00,42875.0
2026-01-05T06,NW,Northwest,DF,Day-ahead demand forecast,33850,megawatthours,2026-01-05 06:00:00,33850.0
2026-01-05T06,NW,Northwest,NG,Net generation,46440,megawatthours,2026-01-05 06:00:00,46440.0
2026-01-05T06,NW,Northwest,TI,Total interchange,4530,megawatthours,2026-01-05 06:00:00,4530.0
2026-01-05T05,NW,Northwest,D,Demand,44480,megawatthours,2026-01-05 05:00:00,44480.0
2026-01-05T05,NW,Northwest,DF,Day-ahead demand forecast,35190,megawatthours,2026-01-05 05:00:00,35190.0
2026-01-05T05,NW,Northwest,NG,Net generation,49781,megawatthours,2026-01-05 05:00:00,49781.0
2026-01-05T05,NW,Northwest,TI,Total interchange,5244,megawatthours,2026-01-05 05:00:00,5244.0
2026-01-05T04,NW,Northwest,D,Demand,45567,megawatthours,2026-01-05 04:00:00,45567.0
2026-01-05T04,NW,Northwest,DF,Day-ahead demand forecast,36021,megawatthours,2026-01-05 04:00:00,36021.0
2026-01-05T04,NW,Northwest,NG,Net generation,50840,megawatthours,2026-01-05 04:00:00,50840.0
2026-01-05T04,NW,Northwest,TI,Total interchange,5211,megawatthours,2026-01-05 04:00:00,5211.0
2026-01-05T03,NW,Northwest,D,Demand,46206,megawatthours,2026-01-05 03:00:00,46206.0
2026-01-05T03,NW,Northwest,DF,Day-ahead demand forecast,36856,megawatthours,2026-01-05 03:00:00,36856.0
2026-01-05T03,NW,Northwest,NG,Net generation,50858,megawatthours,2026-01-05 03:00:00,50858.0
2026-01-05T03,NW,Northwest,TI,Total interchange,4660,megawatthours,2026-01-05 03:00:00,4660.0
2026-01-05T02,NW,Northwest,D,Demand,46732,megawatthours,2026-01-05 02:00:00,46732.0
2026-01-05T02,NW,Northwest,DF,Day-ahead demand forecast,36876,megawatthours,2026-01-05 02:00:00,36876.0
2026-01-05T02,NW,Northwest,NG,Net generation,50883,megawatthours,2026-01-05 02:00:00,50883.0
2026-01-05T02,NW,Northwest,TI,Total interchange,4158,megawatthours,2026-01-05 02:00:00,4158.0
2026-01-05T01,NW,Northwest,D,Demand,45648,megawatthours,2026-01-05 01:00:00,45648.0
2026-01-05T01,NW,Northwest,DF,Day-ahead demand forecast,36061,megawatthours,2026-01-05 01:00:00,36061.0
2026-01-05T01,NW,Northwest,NG,Net generation,49710,megawatthours,2026-01-05 01:00:00,49710.0
2026-01-05T01,NW,Northwest,TI,Total interchange,4072,megawatthours,2026-01-05 01:00:00,4072.0
2026-01-05T00,NW,Northwest,D,Demand,44031,megawatthours,2026-01-05 00:00:00,44031.0
2026-01-05T00,NW,Northwest,DF,Day-ahead demand forecast,34567,megawatthours,2026-01-05 00:00:00,34567.0
2026-01-05T00,NW,Northwest,NG,Net generation,47328,megawatthours,2026-01-05 00:00:00,47328.0
2026-01-05T00,NW,Northwest,TI,Total interchange,3303,megawatthours,2026-01-05 00:00:00,3303.0
2026-01-04T23,NW,Northwest,D,Demand,43588,megawatthours,2026-01-04 23:00:00,43588.0
2026-01-04T23,NW,Northwest,DF,Day-ahead demand forecast,33415,megawatthours,2026-01-04 23:00:00,33415.0
2026-01-04T23,NW,Northwest,NG,Net generation,46755,megawatthours,2026-01-04 23:00:00,46755.0
2026-01-04T23,NW,Northwest,TI,Total interchange,3168,megawatthours,2026-01-04 23:00:00,3168.0
2026-01-04T22,NW,Northwest,D,Demand,43578,megawatthours,2026-01-04 22:00:00,43578.0
2026-01-04T22,NW,Northwest,DF,Day-ahead demand forecast,33193,megawatthours,2026-01-04 22:00:00,33193.0
2026-01-04T22,NW,Northwest,NG,Net generation,47509,megawatthours,2026-01-04 22:00:00,47509.0
2026-01-04T22,NW,Northwest,TI,Total interchange,3926,megawatthours,2026-01-04 22:00:00,3926.0
2026-01-04T21,NW,Northwest,D,Demand,43388,megawatthours,2026-01-04 21:00:00,43388.0
2026-01-04T21,NW,Northwest,DF,Day-ahead demand forecast,33142,megawatthours,2026-01-04 21:00:00,33142.0
2026-01-04T21,NW,Northwest,NG,Net generation,48064,megawatthours,2026-01-04 21:00:00,48064.0
2026-01-04T21,NW,Northwest,TI,Total interchange,4674,megawatthours,2026-01-04 21:00:00,4674.0
2026-01-04T20,NW,Northwest,D,Demand,43014,megawatthours,2026-01-04 20:00:00,43014.0
2026-01-04T20,NW,Northwest,DF,Day-ahead demand forecast,33068,megawatthours,2026-01-04 20:00:00,33068.0
2026-01-04T20,NW,Northwest,NG,Net generation,48458,megawatthours,2026-01-04 20:00:00,48458.0
2026-01-04T20,NW,Northwest,TI,Total interchange,5431,megawatthours,2026-01-04 20:00:00,5431.0
2026-01-04T19,NW,Northwest,D,Demand,42996,megawatthours,2026-01-04 19:00:00,42996.0
2026-01-04T19,NW,Northwest,DF,Day-ahead demand forecast,32977,megawatthours,2026-01-04 19:00:00,32977.0
2026-01-04T19,NW,Northwest,NG,Net generation,48886,megawatthours,2026-01-04 19:00:00,48886.0
2026-01-04T19,NW,Northwest,TI,Total interchange,5868,megawatthours,2026-01-04 19:00:00,5868.0
2026-01-04T18,NW,Northwest,D,Demand,42892,megawatthours,2026-01-04 18:00:00,42892.0
2026-01-04T18,NW,Northwest,DF,Day-ahead demand forecast,33375,megawatthours,2026-01-04 18:00:00,33375.0
2026-01-04T18,NW,Northwest,NG,Net generation,48973,megawatthours,2026-01-04 18:00:00,48973.0
2026-01-04T18,NW,Northwest,TI,Total interchange,6082,megawatthours,2026-01-04 18:00:00,6082.0
2026-01-04T17,NW,Northwest,D,Demand,41784,megawatthours,2026-01-04 17:00:00,41784.0
2026-01-04T17,NW,Northwest,DF,Day-ahead demand forecast,32994,megawatthours,2026-01-04 17:00:00,32994.0
2026-01-04T17,NW,Northwest,NG,Net generation,48630,megawatthours,2026-01-04 17:00:00,48630.0
2026-01-04T17,NW,Northwest,TI,Total interchange,6830,megawatthours,2026-01-04 17:00:00,6830.0
2026-01-04T16,NW,Northwest,D,Demand,40973,megawatthours,2026-01-04 16:00:00,40973.0
2026-01-04T16,NW,Northwest,DF,Day-ahead demand forecast,32598,megawatthours,2026-01-04 16:00:00,32598.0
2026-01-04T16,NW,Northwest,NG,Net generation,48187,megawatthours,2026-01-04 16:00:00,48187.0
2026-01-04T16,NW,Northwest,TI,Total interchange,7219,megawatthours,2026-01-04 16:00:00,7219.0
2026-01-04T15,NW,Northwest,D,Demand,39533,megawatthours,2026-01-04 15:00:00,39533.0
2026-01-04T15,NW,Northwest,DF,Day-ahead demand forecast,31885,megawatthours,2026-01-04 15:00:00,31885.0
2026-01-04T15,NW,Northwest,NG,Net generation,46438,megawatthours,2026-01-04 15:00:00,46438.0
2026-01-04T15,NW,Northwest,TI,Total interchange,6910,megawatthours,2026-01-04 15:00:00,6910.0
2026-01-04T14,NW,Northwest,D,Demand,38081,megawatthours,2026-01-04 14:00:00,38081.0
2026-01-04T14,NW,Northwest,DF,Day-ahead demand forecast,30718,megawatthours,2026-01-04 14:00:00,30718.0
2026-01-04T14,NW,Northwest,NG,Net generation,45146,megawatthours,2026-01-04 14:00:00,45146.0
2026-01-04T14,NW,Northwest,TI,Total interchange,7071,megawatthours,2026-01-04 14:00:00,7071.0
2026-01-04T13,NW,Northwest,D,Demand,37098,megawatthours,2026-01-04 13:00:00,37098.0
2026-01-04T13,NW,Northwest,DF,Day-ahead demand forecast,29885,megawatthours,2026-01-04 13:00:00,29885.0
2026-01-04T13,NW,Northwest,NG,Net generation,43938,megawatthours,2026-01-04 13:00:00,43938.0
2026-01-04T13,NW,Northwest,TI,Total interchange,6832,megawatthours,2026-01-04 13:00:00,6832.0
2026-01-04T12,NW,Northwest,D,Demand,36709,megawatthours,2026-01-04 12:00:00,36709.0
2026-01-04T12,NW,Northwest,DF,Day-ahead demand forecast,29451,megawatthours,2026-01-04 12:00:00,29451.0
2026-01-04T12,NW,Northwest,NG,Net generation,43805,megawatthours,2026-01-04 12:00:00,43805.0
2026-01-04T12,NW,Northwest,TI,Total interchange,7105,megawatthours,2026-01-04 12:00:00,7105.0
2026-01-04T11,NW,Northwest,D,Demand,36756,megawatthours,2026-01-04 11:00:00,36756.0
2026-01-04T11,NW,Northwest,DF,Day-ahead demand forecast,29358,megawatthours,2026-01-04 11:00:00,29358.0
2026-01-04T11,NW,Northwest,NG,Net generation,43608,megawatthours,2026-01-04 11:00:00,43608.0
2026-01-04T11,NW,Northwest,TI,Total interchange,6858,megawatthours,2026-01-04 11:00:00,6858.0
2026-01-04T10,NW,Northwest,D,Demand,37295,megawatthours,2026-01-04 10:00:00,37295.0
2026-01-04T10,NW,Northwest,DF,Day-ahead demand forecast,29889,megawatthours,2026-01-04 10:00:00,29889.0
2026-01-04T10,NW,Northwest,NG,Net generation,43892,megawatthours,2026-01-04 10:00:00,43892.0
2026-01-04T10,NW,Northwest,TI,Total interchange,6593,megawatthours,2026-01-04 10:00:00,6593.0
2026-01-04T09,NW,Northwest,D,Demand,37971,megawatthours,2026-01-04 09:00:00,37971.0
2026-01-04T09,NW,Northwest,DF,Day-ahead demand forecast,30257,megawatthours,2026-01-04 09:00:00,30257.0
2026-01-04T09,NW,Northwest,NG,Net generation,44396,megawatthours,2026-01-04 09:00:00,44396.0
2026-01-04T09,NW,Northwest,TI,Total interchange,6431,megawatthours,2026-01-04 09:00:00,6431.0
2026-01-04T08,NW,Northwest,D,Demand,39191,megawatthours,2026-01-04 08:00:00,39191.0
2026-01-04T08,NW,Northwest,DF,Day-ahead demand forecast,31391,megawatthours,2026-01-04 08:00:00,31391.0
2026-01-04T08,NW,Northwest,NG,Net generation,45381,megawatthours,2026-01-04 08:00:00,45381.0
2026-01-04T08,NW,Northwest,TI,Total interchange,6156,megawatthours,2026-01-04 08:00:00,6156.0
2026-01-04T07,NW,Northwest,D,Demand,40547,megawatthours,2026-01-04 07:00:00,40547.0
2026-01-04T07,NW,Northwest,DF,Day-ahead demand forecast,32436,megawatthours,2026-01-04 07:00:00,32436.0
2026-01-04T07,NW,Northwest,NG,Net generation,46651,megawatthours,2026-01-04 07:00:00,46651.0
2026-01-04T07,NW,Northwest,TI,Total interchange,6126,megawatthours,2026-01-04 07:00:00,6126.0
2026-01-04T06,NW,Northwest,D,Demand,42452,megawatthours,2026-01-04 06:00:00,42452.0
2026-01-04T06,NW,Northwest,DF,Day-ahead demand forecast,33543,megawatthours,2026-01-04 06:00:00,33543.0
2026-01-04T06,NW,Northwest,NG,Net generation,48064,megawatthours,2026-01-04 06:00:00,48064.0
2026-01-04T06,NW,Northwest,TI,Total interchange,5399,megawatthours,2026-01-04 06:00:00,5399.0
2026-01-04T05,NW,Northwest,D,Demand,44021,megawatthours,2026-01-04 05:00:00,44021.0
2026-01-04T05,NW,Northwest,DF,Day-ahead demand forecast,34654,megawatthours,2026-01-04 05:00:00,34654.0
2026-01-04T05,NW,Northwest,NG,Net generation,49923,megawatthours,2026-01-04 05:00:00,49923.0
2026-01-04T05,NW,Northwest,TI,Total interchange,5092,megawatthours,2026-01-04 05:00:00,5092.0
2026-01-04T04,NW,Northwest,D,Demand,44600,megawatthours,2026-01-04 04:00:00,44600.0
2026-01-04T04,NW,Northwest,DF,Day-ahead demand forecast,34756,megawatthours,2026-01-04 04:00:00,34756.0
2026-01-04T04,NW,Northwest,NG,Net generation,50397,megawatthours,2026-01-04 04:00:00,50397.0
2026-01-04T04,NW,Northwest,TI,Total interchange,4960,megawatthours,2026-01-04 04:00:00,4960.0
2026-01-04T03,NW,Northwest,D,Demand,45361,megawatthours,2026-01-04 03:00:00,45361.0
2026-01-04T03,NW,Northwest,DF,Day-ahead demand forecast,35445,megawatthours,2026-01-04 03:00:00,35445.0
2026-01-04T03,NW,Northwest,NG,Net generation,51056,megawatthours,2026-01-04 03:00:00,51056.0
2026-01-04T03,NW,Northwest,TI,Total interchange,4798,megawatthours,2026-01-04 03:00:00,4798.0
2026-01-04T02,NW,Northwest,D,Demand,45990,megawatthours,2026-01-04 02:00:00,45990.0
2026-01-04T02,NW,Northwest,DF,Day-ahead demand forecast,35821,megawatthours,2026-01-04 02:00:00,35821.0
2026-01-04T02,NW,Northwest,NG,Net generation,51223,megawatthours,2026-01-04 02:00:00,51223.0
2026-01-04T02,NW,Northwest,TI,Total interchange,4422,megawatthours,2026-01-04 02:00:00,4422.0
2026-01-04T01,NW,Northwest,D,Demand,45541,megawatthours,2026-01-04 01:00:00,45541.0
2026-01-04T01,NW,Northwest,DF,Day-ahead demand forecast,35072,megawatthours,2026-01-04 01:00:00,35072.0
2026-01-04T01,NW,Northwest,NG,Net generation,50719,megawatthours,2026-01-04 01:00:00,50719.0
2026-01-04T01,NW,Northwest,TI,Total interchange,4334,megawatthours,2026-01-04 01:00:00,4334.0
2026-01-04T00,NW,Northwest,D,Demand,43833,megawatthours,2026-01-04 00:00:00,43833.0
2026-01-04T00,NW,Northwest,DF,Day-ahead demand forecast,33734,megawatthours,2026-01-04 00:00:00,33734.0
2026-01-04T00,NW,Northwest,NG,Net generation,48222,megawatthours,2026-01-04 00:00:00,48222.0
2026-01-04T00,NW,Northwest,TI,Total interchange,3664,megawatthours,2026-01-04 00:00:00,3664.0
2026-01-03T23,NW,Northwest,D,Demand,43014,megawatthours,2026-01-03 23:00:00,43014.0
2026-01-03T23,NW,Northwest,DF,Day-ahead demand forecast,32995,megawatthours,2026-01-03 23:00:00,32995.0
2026-01-03T23,NW,Northwest,NG,Net generation,46421,megawatthours,2026-01-03 23:00:00,46421.0
2026-01-03T23,NW,Northwest,TI,Total interchange,2845,megawatthours,2026-01-03 23:00:00,2845.0
2026-01-03T22,NW,Northwest,D,Demand,43129,megawatthours,2026-01-03 22:00:00,43129.0
2026-01-03T22,NW,Northwest,DF,Day-ahead demand forecast,32731,megawatthours,2026-01-03 22:00:00,32731.0
2026-01-03T22,NW,Northwest,NG,Net generation,47103,megawatthours,2026-01-03 22:00:00,47103.0
2026-01-03T22,NW,Northwest,TI,Total interchange,3407,megawatthours,2026-01-03 22:00:00,3407.0
2026-01-03T21,NW,Northwest,D,Demand,43187,megawatthours,2026-01-03 21:00:00,43187.0
2026-01-03T21,NW,Northwest,DF,Day-ahead demand forecast,32734,megawatthours,2026-01-03 21:00:00,32734.0
2026-01-03T21,NW,Northwest,NG,Net generation,47593,megawatthours,2026-01-03 21:00:00,47593.0
2026-01-03T21,NW,Northwest,TI,Total interchange,3846,megawatthours,2026-01-03 21:00:00,3846.0
2026-01-03T20,NW,Northwest,D,Demand,43223,megawatthours,2026-01-03 20:00:00,43223.0
2026-01-03T20,NW,Northwest,DF,Day-ahead demand forecast,32975,megawatthours,2026-01-03 20:00:00,32975.0
2026-01-03T20,NW,Northwest,NG,Net generation,47651,megawatthours,2026-01-03 20:00:00,47651.0
2026-01-03T20,NW,Northwest,TI,Total interchange,3860,megawatthours,2026-01-03 20:00:00,3860.0
2026-01-03T19,NW,Northwest,D,Demand,43630,megawatthours,2026-01-03 19:00:00,43630.0
2026-01-03T19,NW,Northwest,DF,Day-ahead demand forecast,33576,megawatthours,2026-01-03 19:00:00,33576.0
2026-01-03T19,NW,Northwest,NG,Net generation,47958,megawatthours,2026-01-03 19:00:00,47958.0
2026-01-03T19,NW,Northwest,TI,Total interchange,3604,megawatthours,2026-01-03 19:00:00,3604.0
2026-01-03T18,NW,Northwest,D,Demand,43588,megawatthours,2026-01-03 18:00:00,43588.0
2026-01-03T18,NW,Northwest,DF,Day-ahead demand forecast,34005,megawatthours,2026-01-03 18:00:00,34005.0
2026-01-03T18,NW,Northwest,NG,Net generation,47389,megawatthours,2026-01-03 18:00:00,47389.0
2026-01-03T18,NW,Northwest,TI,Total interchange,3020,megawatthours,2026-01-03 18:00:00,3020.0
2026-01-03T17,NW,Northwest,D,Demand,43143,megawatthours,2026-01-03 17:00:00,43143.0
2026-01-03T17,NW,Northwest,DF,Day-ahead demand forecast,33939,megawatthours,2026-01-03 17:00:00,33939.0
2026-01-03T17,NW,Northwest,NG,Net generation,47388,megawatthours,2026-01-03 17:00:00,47388.0
2026-01-03T17,NW,Northwest,TI,Total interchange,3465,megawatthours,2026-01-03 17:00:00,3465.0
2026-01-03T16,NW,Northwest,D,Demand,42094,megawatthours,2026-01-03 16:00:00,42094.0
2026-01-03T16,NW,Northwest,DF,Day-ahead demand forecast,33251,megawatthours,2026-01-03 16:00:00,33251.0
2026-01-03T16,NW,Northwest,NG,Net generation,46848,megawatthours,2026-01-03 16:00:00,46848.0
2026-01-03T16,NW,Northwest,TI,Total interchange,3989,megawatthours,2026-01-03 16:00:00,3989.0
2026-01-03T15,NW,Northwest,D,Demand,40793,megawatthours,2026-01-03 15:00:00,40793.0
2026-01-03T15,NW,Northwest,DF,Day-ahead demand forecast,32446,megawatthours,2026-01-03 15:00:00,32446.0
2026-01-03T15,NW,Northwest,NG,Net generation,46507,megawatthours,2026-01-03 15:00:00,46507.0
2026-01-03T15,NW,Northwest,TI,Total interchange,4916,megawatthours,2026-01-03 15:00:00,4916.0
2026-01-03T14,NW,Northwest,D,Demand,39345,megawatthours,2026-01-03 14:00:00,39345.0
2026-01-03T14,NW,Northwest,DF,Day-ahead demand forecast,31171,megawatthours,2026-01-03 14:00:00,31171.0
2026-01-03T14,NW,Northwest,NG,Net generation,44864,megawatthours,2026-01-03 14:00:00,44864.0
2026-01-03T14,NW,Northwest,TI,Total interchange,4929,megawatthours,2026-01-03 14:00:00,4929.0
2026-01-03T13,NW,Northwest,D,Demand,38294,megawatthours,2026-01-03 13:00:00,38294.0
2026-01-03T13,NW,Northwest,DF,Day-ahead demand forecast,30358,megawatthours,2026-01-03 13:00:00,30358.0
2026-01-03T13,NW,Northwest,NG,Net generation,43945,megawatthours,2026-01-03 13:00:00,43945.0
2026-01-03T13,NW,Northwest,TI,Total interchange,5050,megawatthours,2026-01-03 13:00:00,5050.0
2026-01-03T12,NW,Northwest,D,Demand,37794,megawatthours,2026-01-03 12:00:00,37794.0
2026-01-03T12,NW,Northwest,DF,Day-ahead demand forecast,30045,megawatthours,2026-01-03 12:00:00,30045.0
2026-01-03T12,NW,Northwest,NG,Net generation,43713,megawatthours,2026-01-03 12:00:00,43713.0
2026-01-03T12,NW,Northwest,TI,Total interchange,5329,megawatthours,2026-01-03 12:00:00,5329.0
2026-01-03T11,NW,Northwest,D,Demand,37761,megawatthours,2026-01-03 11:00:00,37761.0
2026-01-03T11,NW,Northwest,DF,Day-ahead demand forecast,30042,megawatthours,2026-01-03 11:00:00,30042.0
2026-01-03T11,NW,Northwest,NG,Net generation,43684,megawatthours,2026-01-03 11:00:00,43684.0
2026-01-03T11,NW,Northwest,TI,Total interchange,5320,megawatthours,2026-01-03 11:00:00,5320.0
2026-01-03T10,NW,Northwest,D,Demand,38159,megawatthours,2026-01-03 10:00:00,38159.0
2026-01-03T10,NW,Northwest,DF,Day-ahead demand forecast,30486,megawatthours,2026-01-03 10:00:00,30486.0
2026-01-03T10,NW,Northwest,NG,Net generation,44437,megawatthours,2026-01-03 10:00:00,44437.0
2026-01-03T10,NW,Northwest,TI,Total interchange,5680,megawatthours,2026-01-03 10:00:00,5680.0
2026-01-03T09,NW,Northwest,D,Demand,39013,megawatthours,2026-01-03 09:00:00,39013.0
2026-01-03T09,NW,Northwest,DF,Day-ahead demand forecast,31023,megawatthours,2026-01-03 09:00:00,31023.0
2026-01-03T09,NW,Northwest,NG,Net generation,45326,megawatthours,2026-01-03 09:00:00,45326.0
2026-01-03T09,NW,Northwest,TI,Total interchange,5738,megawatthours,2026-01-03 09:00:00,5738.0
2026-01-03T08,NW,Northwest,D,Demand,40070,megawatthours,2026-01-03 08:00:00,40070.0
2026-01-03T08,NW,Northwest,DF,Day-ahead demand forecast,31963,megawatthours,2026-01-03 08:00:00,31963.0
2026-01-03T08,NW,Northwest,NG,Net generation,45129,megawatthours,2026-01-03 08:00:00,45129.0
2026-01-03T08,NW,Northwest,TI,Total interchange,5539,megawatthours,2026-01-03 08:00:00,5539.0
2026-01-03T07,NW,Northwest,D,Demand,41628,megawatthours,2026-01-03 07:00:00,41628.0
2026-01-03T07,NW,Northwest,DF,Day-ahead demand forecast,33493,megawatthours,2026-01-03 07:00:00,33493.0
2026-01-03T07,NW,Northwest,NG,Net generation,46501,megawatthours,2026-01-03 07:00:00,46501.0
2026-01-03T07,NW,Northwest,TI,Total interchange,5440,megawatthours,2026-01-03 07:00:00,5440.0
2026-01-03T06,NW,Northwest,D,Demand,43464,megawatthours,2026-01-03 06:00:00,43464.0
2026-01-03T06,NW,Northwest,DF,Day-ahead demand forecast,34518,megawatthours,2026-01-03 06:00:00,34518.0
2026-01-03T06,NW,Northwest,NG,Net generation,48124,megawatthours,2026-01-03 06:00:00,48124.0
2026-01-03T06,NW,Northwest,TI,Total interchange,5382,megawatthours,2026-01-03 06:00:00,5382.0
2026-01-03T05,NW,Northwest,D,Demand,44858,megawatthours,2026-01-03 05:00:00,44858.0
2026-01-03T05,NW,Northwest,DF,Day-ahead demand forecast,35563,megawatthours,2026-01-03 05:00:00,35563.0
2026-01-03T05,NW,Northwest,NG,Net generation,50003,megawatthours,2026-01-03 05:00:00,50003.0
2026-01-03T05,NW,Northwest,TI,Total interchange,5080,megawatthours,2026-01-03 05:00:00,5080.0
2026-01-03T04,NW,Northwest,D,Demand,45750,megawatthours,2026-01-03 04:00:00,45750.0
2026-01-03T04,NW,Northwest,DF,Day-ahead demand forecast,36131,megawatthours,2026-01-03 04:00:00,36131.0
2026-01-03T04,NW,Northwest,NG,Net generation,50652,megawatthours,2026-01-03 04:00:00,50652.0
2026-01-03T04,NW,Northwest,TI,Total interchange,4834,megawatthours,2026-01-03 04:00:00,4834.0
2026-01-03T03,NW,Northwest,D,Demand,46842,megawatthours,2026-01-03 03:00:00,46842.0
2026-01-03T03,NW,Northwest,DF,Day-ahead demand forecast,37062,megawatthours,2026-01-03 03:00:00,37062.0
2026-01-03T03,NW,Northwest,NG,Net generation,50941,megawatthours,2026-01-03 03:00:00,50941.0
2026-01-03T03,NW,Northwest,TI,Total interchange,4032,megawatthours,2026-01-03 03:00:00,4032.0
2026-01-03T02,NW,Northwest,D,Demand,47749,megawatthours,2026-01-03 02:00:00,47749.0
2026-01-03T02,NW,Northwest,DF,Day-ahead demand forecast,37553,megawatthours,2026-01-03 02:00:00,37553.0
2026-01-03T02,NW,Northwest,NG,Net generation,51504,megawatthours,2026-01-03 02:00:00,51504.0
2026-01-03T02,NW,Northwest,TI,Total interchange,3688,megawatthours,2026-01-03 02:00:00,3688.0
2026-01-03T01,NW,Northwest,D,Demand,47339,megawatthours,2026-01-03 01:00:00,47339.0
2026-01-03T01,NW,Northwest,DF,Day-ahead demand forecast,36836,megawatthours,2026-01-03 01:00:00,36836.0
2026-01-03T01,NW,Northwest,NG,Net generation,51621,megawatthours,2026-01-03 01:00:00,51621.0
2026-01-03T01,NW,Northwest,TI,Total interchange,4292,megawatthours,2026-01-03 01:00:00,4292.0
2026-01-03T00,NW,Northwest,D,Demand,46000,megawatthours,2026-01-03 00:00:00,46000.0
2026-01-03T00,NW,Northwest,DF,Day-ahead demand forecast,35486,megawatthours,2026-01-03 00:00:00,35486.0
2026-01-03T00,NW,Northwest,NG,Net generation,49506,megawatthours,2026-01-03 00:00:00,49506.0
2026-01-03T00,NW,Northwest,TI,Total interchange,3507,megawatthours,2026-01-03 00:00:00,3507.0
2026-01-02T23,NW,Northwest,D,Demand,45761,megawatthours,2026-01-02 23:00:00,45761.0
2026-01-02T23,NW,Northwest,DF,Day-ahead demand forecast,34732,megawatthours,2026-01-02 23:00:00,34732.0
2026-01-02T23,NW,Northwest,NG,Net generation,49375,megawatthours,2026-01-02 23:00:00,49375.0
2026-01-02T23,NW,Northwest,TI,Total interchange,3608,megawatthours,2026-01-02 23:00:00,3608.0
2026-01-02T22,NW,Northwest,D,Demand,46031,megawatthours,2026-01-02 22:00:00,46031.0
2026-01-02T22,NW,Northwest,DF,Day-ahead demand forecast,34734,megawatthours,2026-01-02 22:00:00,34734.0
2026-01-02T22,NW,Northwest,NG,Net generation,49795,megawatthours,2026-01-02 22:00:00,49795.0
2026-01-02T22,NW,Northwest,TI,Total interchange,3753,megawatthours,2026-01-02 22:00:00,3753.0
2026-01-02T21,NW,Northwest,D,Demand,46084,megawatthours,2026-01-02 21:00:00,46084.0
2026-01-02T21,NW,Northwest,DF,Day-ahead demand forecast,34886,megawatthours,2026-01-02 21:00:00,34886.0
2026-01-02T21,NW,Northwest,NG,Net generation,47899,megawatthours,2026-01-02 21:00:00,47899.0
2026-01-02T21,NW,Northwest,TI,Total interchange,1803,megawatthours,2026-01-02 21:00:00,1803.0
2026-01-02T20,NW,Northwest,D,Demand,46428,megawatthours,2026-01-02 20:00:00,46428.0
2026-01-02T20,NW,Northwest,DF,Day-ahead demand forecast,35324,megawatthours,2026-01-02 20:00:00,35324.0
2026-01-02T20,NW,Northwest,NG,Net generation,47773,megawatthours,2026-01-02 20:00:00,47773.0
2026-01-02T20,NW,Northwest,TI,Total interchange,1322,megawatthours,2026-01-02 20:00:00,1322.0
2026-01-02T19,NW,Northwest,D,Demand,46640,megawatthours,2026-01-02 19:00:00,46640.0
2026-01-02T19,NW,Northwest,DF,Day-ahead demand forecast,35763,megawatthours,2026-01-02 19:00:00,35763.0
2026-01-02T19,NW,Northwest,NG,Net generation,47635,megawatthours,2026-01-02 19:00:00,47635.0
2026-01-02T19,NW,Northwest,TI,Total interchange,966,megawatthours,2026-01-02 19:00:00,966.0
2026-01-02T18,NW,Northwest,D,Demand,46601,megawatthours,2026-01-02 18:00:00,46601.0
2026-01-02T18,NW,Northwest,DF,Day-ahead demand forecast,36231,megawatthours,2026-01-02 18:00:00,36231.0
2026-01-02T18,NW,Northwest,NG,Net generation,47345,megawatthours,2026-01-02 18:00:00,47345.0
2026-01-02T18,NW,Northwest,TI,Total interchange,732,megawatthours,2026-01-02 18:00:00,732.0
2026-01-02T17,NW,Northwest,D,Demand,45924,megawatthours,2026-01-02 17:00:00,45924.0
2026-01-02T17,NW,Northwest,DF,Day-ahead demand forecast,36416,megawatthours,2026-01-02 17:00:00,36416.0
2026-01-02T17,NW,Northwest,NG,Net generation,47565,megawatthours,2026-01-02 17:00:00,47565.0
2026-01-02T17,NW,Northwest,TI,Total interchange,1624,megawatthours,2026-01-02 17:00:00,1624.0
2026-01-02T16,NW,Northwest,D,Demand,44917,megawatthours,2026-01-02 16:00:00,44917.0
2026-01-02T16,NW,Northwest,DF,Day-ahead demand forecast,36289,megawatthours,2026-01-02 16:00:00,36289.0
2026-01-02T16,NW,Northwest,NG,Net generation,47262,megawatthours,2026-01-02 16:00:00,47262.0
2026-01-02T16,NW,Northwest,TI,Total interchange,2351,megawatthours,2026-01-02 16:00:00,2351.0
2026-01-02T15,NW,Northwest,D,Demand,43572,megawatthours,2026-01-02 15:00:00,43572.0
2026-01-02T15,NW,Northwest,DF,Day-ahead demand forecast,35391,megawatthours,2026-01-02 15:00:00,35391.0
2026-01-02T15,NW,Northwest,NG,Net generation,46809,megawatthours,2026-01-02 15:00:00,46809.0
2026-01-02T15,NW,Northwest,TI,Total interchange,3242,megawatthours,2026-01-02 15:00:00,3242.0
2026-01-02T14,NW,Northwest,D,Demand,41427,megawatthours,2026-01-02 14:00:00,41427.0
2026-01-02T14,NW,Northwest,DF,Day-ahead demand forecast,33529,megawatthours,2026-01-02 14:00:00,33529.0
2026-01-02T14,NW,Northwest,NG,Net generation,44487,megawatthours,2026-01-02 14:00:00,44487.0
2026-01-02T14,NW,Northwest,TI,Total interchange,3071,megawatthours,2026-01-02 14:00:00,3071.0
