period,respondent,respondent-name,type,type-name,value,value-units,datetime,demand_MW
2026-02-24T00,MIDA,Mid-Atlantic,D,Demand,119104,megawatthours,2026-02-24 00:00:00,119104.0
2026-02-24T00,MIDA,Mid-Atlantic,DF,Day-ahead demand forecast,117198,megawatthours,2026-02-24 00:00:00,117198.0
2026-02-23T23,MIDA,Mid-Atlantic,D,Demand,115954,megawatthours,2026-02-23 23:00:00,115954.0
2026-02-23T23,MIDA,Mid-Atlantic,DF,Day-ahead demand forecast,117284,megawatthours,2026-02-23 23:00:00,117284.0
2026-02-23T22,MIDA,Mid-Atlantic,D,Demand,113354,megawatthours,2026-02-23 22:00:00,113354.0
2026-02-23T22,MIDA,Mid-Atlantic,DF,Day-ahead demand forecast,114158,megawatthours,2026-02-23 22:00:00,114158.0
2026-02-23T21,MIDA,Mid-Atlantic,D,Demand,113181,megawatthours,2026-02-23 21:00:00,113181.0
2026-02-23T21,MIDA,Mid-Atlantic,DF,Day-ahead demand forecast,110101,megawatthours,2026-02-23 21:00:00,110101.0
2026-02-23T20,MIDA,Mid-Atlantic,D,Demand,113901,megawatthours,2026-02-23 20:00:00,113901.0
2026-02-23T20,MIDA,Mid-Atlantic,DF,Day-ahead demand forecast,107736,megawatthours,2026-02-23 20:00:00,107736.0
2026-02-23T19,MIDA,Mid-Atlantic,D,Demand,115075,megawatthours,2026-02-23 19:00:00,115075.0
2026-02-23T19,MIDA,Mid-Atlantic,DF,Day-ahead demand forecast,107496,megawatthours,2026-02-23 19:00:00,107496.0
2026-02-23T18,MIDA,Mid-Atlantic,D,Demand,115373,megawatthours,2026-02-23 18:00:00,115373.0
2026-02-23T18,MIDA,Mid-Atlantic,DF,Day-ahead demand forecast,108548,megawatthours,2026-02-23 18:00:00,108548.0
2026-02-23T17,MIDA,Mid-Atlantic,D,Demand,115451,megawatthours,2026-02-23 17:00:00,115451.0
2026-02-23T17,MIDA,Mid-Atlantic,DF,Day-ahead demand forecast,109639,megawatthours,2026-02-23 17:00:00,109639.0
2026-02-23T16,MIDA,Mid-Atlantic,D,Demand,116156,megawatthours,2026-02-23 16:00:00,116156.0
2026-02-23T16,MIDA,Mid-Atlantic,DF,Day-ahead demand forecast,111372,megawatthours,2026-02-23 16:00:00,111372.0
2026-02-23T15,MIDA,Mid-Atlantic,D,Demand,116541,megawatthours,2026-02-23 15:00:00,116541.0
2026-02-23T15,MIDA,Mid-Atlantic,DF,Day-ahead demand forecast,112867,megawatthours,2026-02-23 15:00:00,112867.0
2026-02-23T14,MIDA,Mid-Atlantic,D,Demand,116693,megawatthours,2026-02-23 14:00:00,116693.0
2026-02-23T14,MIDA,Mid-Atlantic,DF,Day-ahead demand forecast,114677,megawatthours,2026-02-23 14:00:00,114677.0
2026-02-23T13,MIDA,Mid-Atlantic,D,Demand,115052,megawatthours,2026-02-23 13:00:00,115052.0
2026-02-23T13,MIDA,Mid-Atlantic,DF,Day-ahead demand forecast,116114,megawatthours,2026-02-23 13:00:00,116114.0
2026-02-23T12,MIDA,Mid-Atlantic,D,Demand,111249,megawatthours,2026-02-23 12:00:00,111249.0
2026-02-23T12,MIDA,Mid-Atlantic,DF,Day-ahead demand forecast,115644,megawatthours,2026-02-23 12:00:00,115644.0
2026-02-23T11,MIDA,Mid-Atlantic,D,Demand,106206,megawatthours,2026-02-23 11:00:00,106206.0
2026-02-23T11,MIDA,Mid-Atlantic,DF,Day-ahead demand forecast,111038,megawatthours,2026-02-23 11:00:00,111038.0
2026-02-23T10,MIDA,Mid-Atlantic,D,Demand,103825,megawatthours,2026-02-23 10:00:00,103825.0
2026-02-23T10,MIDA,Mid-Atlantic,DF,Day-ahead demand forecast,104354,megawatthours,2026-02-23 10:00:00,104354.0
2026-02-23T09,MIDA,Mid-Atlantic,D,Demand,103198,megawatthours,2026-02-23 09:00:00,103198.0
2026-02-23T09,MIDA,Mid-Atlantic,DF,Day-ahead demand forecast,99722,megawatthours,2026-02-23 09:00:00,99722.0
2026-02-23T08,MIDA,Mid-Atlantic,D,Demand,103113,megawatthours,2026-02-23 08:00:00,103113.0
2026-02-23T08,MIDA,Mid-Atlantic,DF,Day-ahead demand forecast,97625,megawatthours,2026-02-23 08:00:00,97625.0
2026-02-23T07,MIDA,Mid-Atlantic,D,Demand,103752,megawatthours,2026-02-23 07:00:00,103752.0
2026-02-23T07,MIDA,Mid-Atlantic,DF,Day-ahead demand forecast,97212,megawatthours,2026-02-23 07:00:00,97212.0
2026-02-23T06,MIDA,Mid-Atlantic,D,Demand,103986,megawatthours,2026-02-23 06:00:00,103986.0
2026-02-23T06,MIDA,Mid-Atlantic,DF,Day-ahead demand forecast,97856,megawatthours,2026-02-23 06:00:00,97856.0
2026-02-23T05,MIDA,Mid-Atlantic,D,Demand,105257,megawatthours,2026-02-23 05:00:00,105257.0
2026-02-23T05,MIDA,Mid-Atlantic,DF,Day-ahead demand forecast,98774,megawatthours,2026-02-23 05:00:00,98774.0
2026-02-23T04,MIDA,Mid-Atlantic,D,Demand,107531,megawatthours,2026-02-23 04:00:00,107531.0
2026-02-23T04,MIDA,Mid-Atlantic,DF,Day-ahead demand forecast,100159,megawatthours,2026-02-23 04:00:00,100159.0
2026-02-23T04,MIDA,Mid-Atlantic,NG,Net generation,109679,megawatthours,2026-02-23 04:00:00,109679.0
2026-02-23T04,MIDA,Mid-Atlantic,TI,Total interchange,1424,megawatthours,2026-02-23 04:00:00,1424.0
2026-02-23T03,MIDA,Mid-Atlantic,D,Demand,110768,megawatthours,2026-02-23 03:00:00,110768.0
2026-02-23T03,MIDA,Mid-Atlantic,DF,Day-ahead demand forecast,103454,megawatthours,2026-02-23 03:00:00,103454.0
2026-02-23T03,MIDA,Mid-Atlantic,NG,Net generation,112572,megawatthours,2026-02-23 03:00:00,112572.0
2026-02-23T03,MIDA,Mid-Atlantic,TI,Total interchange,1347,megawatthours,2026-02-23 03:00:00,1347.0
2026-02-23T02,MIDA,Mid-Atlantic,D,Demand,113311,megawatthours,2026-02-23 02:00:00,113311.0
2026-02-23T02,MIDA,Mid-Atlantic,DF,Day-ahead demand forecast,106591,megawatthours,2026-02-23 02:00:00,106591.0
2026-02-23T02,MIDA,Mid-Atlantic,NG,Net generation,114151,megawatthours,2026-02-23 02:00:00,114151.0
2026-02-23T02,MIDA,Mid-Atlantic,TI,Total interchange,1575,megawatthours,2026-02-23 02:00:00,1575.0
2026-02-23T01,MIDA,Mid-Atlantic,D,Demand,114690,megawatthours,2026-02-23 01:00:00,114690.0
2026-02-23T01,MIDA,Mid-Atlantic,DF,Day-ahead demand forecast,108794,megawatthours,2026-02-23 01:00:00,108794.0
2026-02-23T01,MIDA,Mid-Atlantic,NG,Net generation,115494,megawatthours,2026-02-23 01:00:00,115494.0
2026-02-23T01,MIDA,Mid-Atlantic,TI,Total interchange,1816,megawatthours,2026-02-23 01:00:00,1816.0
2026-02-23T00,MIDA,Mid-Atlantic,D,Demand,114356,megawatthours,2026-02-23 00:00:00,114356.0
2026-02-23T00,MIDA,Mid-Atlantic,DF,Day-ahead demand forecast,109848,megawatthours,2026-02-23 00:00:00,109848.0
2026-02-23T00,MIDA,Mid-Atlantic,NG,Net generation,116109,megawatthours,2026-02-23 00:00:00,116109.0
2026-02-23T00,MIDA,Mid-Atlantic,TI,Total interchange,1993,megawatthours,2026-02-23 00:00:00,1993.0
2026-02-22T23,MIDA,Mid-Atlantic,D,Demand,111601,megawatthours,2026-02-22 23:00:00,111601.0
2026-02-22T23,MIDA,Mid-Atlantic,DF,Day-ahead demand forecast,110164,megawatthours,2026-02-22 23:00:00,110164.0
2026-02-22T23,MIDA,Mid-Atlantic,NG,Net generation,113271,megawatthours,2026-02-22 23:00:00,113271.0
2026-02-22T23,MIDA,Mid-Atlantic,TI,Total interchange,1841,megawatthours,2026-02-22 23:00:00,1841.0
2026-02-22T22,MIDA,Mid-Atlantic,D,Demand,108278,megawatthours,2026-02-22 22:00:00,108278.0
2026-02-22T22,MIDA,Mid-Atlantic,DF,Day-ahead demand forecast,107944,megawatthours,2026-02-22 22:00:00,107944.0
2026-02-22T22,MIDA,Mid-Atlantic,NG,Net generation,110025,megawatthours,2026-02-22 22:00:00,110025.0
2026-02-22T22,MIDA,Mid-Atlantic,TI,Total interchange,1880,megawatthours,2026-02-22 22:00:00,1880.0
2026-02-22T21,MIDA,Mid-Atlantic,D,Demand,105565,megawatthours,2026-02-22 21:00:00,105565.0
2026-02-22T21,MIDA,Mid-Atlantic,DF,Day-ahead demand forecast,104481,megawatthours,2026-02-22 21:00:00,104481.0
2026-02-22T21,MIDA,Mid-Atlantic,NG,Net generation,107294,megawatthours,2026-02-22 21:00:00,107294.0
2026-02-22T21,MIDA,Mid-Atlantic,TI,Total interchange,1760,megawatthours,2026-02-22 21:00:00,1760.0
2026-02-22T20,MIDA,Mid-Atlantic,D,Demand,104484,megawatthours,2026-02-22 20:00:00,104484.0
2026-02-22T20,MIDA,Mid-Atlantic,DF,Day-ahead demand forecast,101892,megawatthours,2026-02-22 20:00:00,101892.0
2026-02-22T20,MIDA,Mid-Atlantic,NG,Net generation,106141,megawatthours,2026-02-22 20:00:00,106141.0
2026-02-22T20,MIDA,Mid-Atlantic,TI,Total interchange,1437,megawatthours,2026-02-22 20:00:00,1437.0
2026-02-22T19,MIDA,Mid-Atlantic,D,Demand,103564,megawatthours,2026-02-22 19:00:00,103564.0
2026-02-22T19,MIDA,Mid-Atlantic,DF,Day-ahead demand forecast,101022,megawatthours,2026-02-22 19:00:00,101022.0
2026-02-22T19,MIDA,Mid-Atlantic,NG,Net generation,105308,megawatthours,2026-02-22 19:00:00,105308.0
2026-02-22T19,MIDA,Mid-Atlantic,TI,Total interchange,1214,megawatthours,2026-02-22 19:00:00,1214.0
2026-02-22T18,MIDA,Mid-Atlantic,D,Demand,102924,megawatthours,2026-02-22 18:00:00,102924.0
2026-02-22T18,MIDA,Mid-Atlantic,DF,Day-ahead demand forecast,101132,megawatthours,2026-02-22 18:00:00,101132.0
2026-02-22T18,MIDA,Mid-Atlantic,NG,Net generation,104918,megawatthours,2026-02-22 18:00:00,104918.0
2026-02-22T18,MIDA,Mid-Atlantic,TI,Total interchange,1228,megawatthours,2026-02-22 18:00:00,1228.0
2026-02-22T17,MIDA,Mid-Atlantic,D,Demand,101681,megawatthours,2026-02-22 17:00:00,101681.0
2026-02-22T17,MIDA,Mid-Atlantic,DF,Day-ahead demand forecast,101001,megawatthours,2026-02-22 17:00:00,101001.0
2026-02-22T17,MIDA,Mid-Atlantic,NG,Net generation,104076,megawatthours,2026-02-22 17:00:00,104076.0
2026-02-22T17,MIDA,Mid-Atlantic,TI,Total interchange,1372,megawatthours,2026-02-22 17:00:00,1372.0
2026-02-22T16,MIDA,Mid-Atlantic,D,Demand,100774,megawatthours,2026-02-22 16:00:00,100774.0
2026-02-22T16,MIDA,Mid-Atlantic,DF,Day-ahead demand forecast,100716,megawatthours,2026-02-22 16:00:00,100716.0
2026-02-22T16,MIDA,Mid-Atlantic,NG,Net generation,102911,megawatthours,2026-02-22 16:00:00,102911.0
2026-02-22T16,MIDA,Mid-Atlantic,TI,Total interchange,1302,megawatthours,2026-02-22 16:00:00,1302.0
2026-02-22T15,MIDA,Mid-Atlantic,D,Demand,100087,megawatthours,2026-02-22 15:00:00,100087.0
2026-02-22T15,MIDA,Mid-Atlantic,DF,Day-ahead demand forecast,100214,megawatthours,2026-02-22 15:00:00,100214.0
2026-02-22T15,MIDA,Mid-Atlantic,NG,Net generation,102307,megawatthours,2026-02-22 15:00:00,102307.0
2026-02-22T15,MIDA,Mid-Atlantic,TI,Total interchange,1372,megawatthours,2026-02-22 15:00:00,1372.0
2026-02-22T14,MIDA,Mid-Atlantic,D,Demand,97950,megawatthours,2026-02-22 14:00:00,97950.0
2026-02-22T14,MIDA,Mid-Atlantic,DF,Day-ahead demand forecast,99450,megawatthours,2026-02-22 14:00:00,99450.0
2026-02-22T14,MIDA,Mid-Atlantic,NG,Net generation,101158,megawatthours,2026-02-22 14:00:00,101158.0
2026-02-22T14,MIDA,Mid-Atlantic,TI,Total interchange,1427,megawatthours,2026-02-22 14:00:00,1427.0
2026-02-22T13,MIDA,Mid-Atlantic,D,Demand,94749,megawatthours,2026-02-22 13:00:00,94749.0
2026-02-22T13,MIDA,Mid-Atlantic,DF,Day-ahead demand forecast,97671,megawatthours,2026-02-22 13:00:00,97671.0
2026-02-22T13,MIDA,Mid-Atlantic,NG,Net generation,98712,megawatthours,2026-02-22 13:00:00,98712.0
2026-02-22T13,MIDA,Mid-Atlantic,TI,Total interchange,1393,megawatthours,2026-02-22 13:00:00,1393.0
2026-02-22T12,MIDA,Mid-Atlantic,D,Demand,91770,megawatthours,2026-02-22 12:00:00,91770.0
2026-02-22T12,MIDA,Mid-Atlantic,DF,Day-ahead demand forecast,95149,megawatthours,2026-02-22 12:00:00,95149.0
2026-02-22T12,MIDA,Mid-Atlantic,NG,Net generation,94996,megawatthours,2026-02-22 12:00:00,94996.0
2026-02-22T12,MIDA,Mid-Atlantic,TI,Total interchange,1458,megawatthours,2026-02-22 12:00:00,1458.0
2026-02-22T11,MIDA,Mid-Atlantic,D,Demand,89726,megawatthours,2026-02-22 11:00:00,89726.0
2026-02-22T11,MIDA,Mid-Atlantic,DF,Day-ahead demand forecast,91977,megawatthours,2026-02-22 11:00:00,91977.0
2026-02-22T11,MIDA,Mid-Atlantic,NG,Net generation,92420,megawatthours,2026-02-22 11:00:00,92420.0
2026-02-22T11,MIDA,Mid-Atlantic,TI,Total interchange,1470,megawatthours,2026-02-22 11:00:00,1470.0
2026-02-22T10,MIDA,Mid-Atlantic,D,Demand,89639,megawatthours,2026-02-22 10:00:00,89639.0
2026-02-22T10,MIDA,Mid-Atlantic,DF,Day-ahead demand forecast,89352,megawatthours,2026-02-22 10:00:00,89352.0
2026-02-22T10,MIDA,Mid-Atlantic,NG,Net generation,92300,megawatthours,2026-02-22 10:00:00,92300.0
2026-02-22T10,MIDA,Mid-Atlantic,TI,Total interchange,1447,megawatthours,2026-02-22 10:00:00,1447.0
2026-02-22T09,MIDA,Mid-Atlantic,D,Demand,89742,megawatthours,2026-02-22 09:00:00,89742.0
2026-02-22T09,MIDA,Mid-Atlantic,DF,Day-ahead demand forecast,87575,megawatthours,2026-02-22 09:00:00,87575.0
2026-02-22T09,MIDA,Mid-Atlantic,NG,Net generation,92337,megawatthours,2026-02-22 09:00:00,92337.0
2026-02-22T09,MIDA,Mid-Atlantic,TI,Total interchange,585,megawatthours,2026-02-22 09:00:00,585.0
2026-02-22T08,MIDA,Mid-Atlantic,D,Demand,90165,megawatthours,2026-02-22 08:00:00,90165.0
2026-02-22T08,MIDA,Mid-Atlantic,DF,Day-ahead demand forecast,86834,megawatthours,2026-02-22 08:00:00,86834.0
2026-02-22T08,MIDA,Mid-Atlantic,NG,Net generation,92726,megawatthours,2026-02-22 08:00:00,92726.0
2026-02-22T08,MIDA,Mid-Atlantic,TI,Total interchange,728,megawatthours,2026-02-22 08:00:00,728.0
2026-02-22T07,MIDA,Mid-Atlantic,D,Demand,91174,megawatthours,2026-02-22 07:00:00,91174.0
2026-02-22T07,MIDA,Mid-Atlantic,DF,Day-ahead demand forecast,86900,megawatthours,2026-02-22 07:00:00,86900.0
2026-02-22T07,MIDA,Mid-Atlantic,NG,Net generation,93360,megawatthours,2026-02-22 07:00:00,93360.0
2026-02-22T07,MIDA,Mid-Atlantic,TI,Total interchange,843,megawatthours,2026-02-22 07:00:00,843.0
2026-02-22T06,MIDA,Mid-Atlantic,D,Demand,92625,megawatthours,2026-02-22 06:00:00,92625.0
2026-02-22T06,MIDA,Mid-Atlantic,DF,Day-ahead demand forecast,87688,megawatthours,2026-02-22 06:00:00,87688.0
2026-02-22T06,MIDA,Mid-Atlantic,NG,Net generation,95371,megawatthours,2026-02-22 06:00:00,95371.0
2026-02-22T06,MIDA,Mid-Atlantic,TI,Total interchange,662,megawatthours,2026-02-22 06:00:00,662.0
2026-02-22T05,MIDA,Mid-Atlantic,D,Demand,93324,megawatthours,2026-02-22 05:00:00,93324.0
2026-02-22T05,MIDA,Mid-Atlantic,DF,Day-ahead demand forecast,89267,megawatthours,2026-02-22 05:00:00,89267.0
2026-02-22T05,MIDA,Mid-Atlantic,NG,Net generation,96667,megawatthours,2026-02-22 05:00:00,96667.0
2026-02-22T05,MIDA,Mid-Atlantic,TI,Total interchange,1554,megawatthours,2026-02-22 05:00:00,1554.0
2026-02-22T04,MIDA,Mid-Atlantic,D,Demand,94563,megawatthours,2026-02-22 04:00:00,94563.0
2026-02-22T04,MIDA,Mid-Atlantic,DF,Day-ahead demand forecast,90799,megawatthours,2026-02-22 04:00:00,90799.0
2026-02-22T04,MIDA,Mid-Atlantic,NG,Net generation,97717,megawatthours,2026-02-22 04:00:00,97717.0
2026-02-22T04,MIDA,Mid-Atlantic,TI,Total interchange,1784,megawatthours,2026-02-22 04:00:00,1784.0
2026-02-22T03,MIDA,Mid-Atlantic,D,Demand,96227,megawatthours,2026-02-22 03:00:00,96227.0
2026-02-22T03,MIDA,Mid-Atlantic,DF,Day-ahead demand forecast,93614,megawatthours,2026-02-22 03:00:00,93614.0
2026-02-22T03,MIDA,Mid-Atlantic,NG,Net generation,99037,megawatthours,2026-02-22 03:00:00,99037.0
2026-02-22T03,MIDA,Mid-Atlantic,TI,Total interchange,1607,megawatthours,2026-02-22 03:00:00,1607.0
2026-02-22T02,MIDA,Mid-Atlantic,D,Demand,97370,megawatthours,2026-02-22 02:00:00,97370.0
2026-02-22T02,MIDA,Mid-Atlantic,DF,Day-ahead demand forecast,95620,megawatthours,2026-02-22 02:00:00,95620.0
2026-02-22T02,MIDA,Mid-Atlantic,NG,Net generation,100080,megawatthours,2026-02-22 02:00:00,100080.0
2026-02-22T02,MIDA,Mid-Atlantic,TI,Total interchange,1689,megawatthours,2026-02-22 02:00:00,1689.0
2026-02-22T01,MIDA,Mid-Atlantic,D,Demand,97802,megawatthours,2026-02-22 01:00:00,97802.0
2026-02-22T01,MIDA,Mid-Atlantic,DF,Day-ahead demand forecast,97046,megawatthours,2026-02-22 01:00:00,97046.0
2026-02-22T01,MIDA,Mid-Atlantic,NG,Net generation,100365,megawatthours,2026-02-22 01:00:00,100365.0
2026-02-22T01,MIDA,Mid-Atlantic,TI,Total interchange,1682,megawatthours,2026-02-22 01:00:00,1682.0
2026-02-22T00,MIDA,Mid-Atlantic,D,Demand,97158,megawatthours,2026-02-22 00:00:00,97158.0
2026-02-22T00,MIDA,Mid-Atlantic,DF,Day-ahead demand forecast,97591,megawatthours,2026-02-22 00:00:00,97591.0
2026-02-22T00,MIDA,Mid-Atlantic,NG,Net generation,100024,megawatthours,2026-02-22 00:00:00,100024.0
2026-02-22T00,MIDA,Mid-Atlantic,TI,Total interchange,1719,megawatthours,2026-02-22 00:00:00,1719.0
2026-02-21T23,MIDA,Mid-Atlantic,D,Demand,93750,megawatthours,2026-02-21 23:00:00,93750.0
2026-02-21T23,MIDA,Mid-Atlantic,DF,Day-ahead demand forecast,97191,megawatthours,2026-02-21 23:00:00,97191.0
2026-02-21T23,MIDA,Mid-Atlantic,NG,Net generation,96037,megawatthours,2026-02-21 23:00:00,96037.0
2026-02-21T23,MIDA,Mid-Atlantic,TI,Total interchange,1715,megawatthours,2026-02-21 23:00:00,1715.0
2026-02-21T22,MIDA,Mid-Atlantic,D,Demand,91438,megawatthours,2026-02-21 22:00:00,91438.0
2026-02-21T22,MIDA,Mid-Atlantic,DF,Day-ahead demand forecast,94140,megawatthours,2026-02-21 22:00:00,94140.0
2026-02-21T22,MIDA,Mid-Atlantic,NG,Net generation,94223,megawatthours,2026-02-21 22:00:00,94223.0
2026-02-21T22,MIDA,Mid-Atlantic,TI,Total interchange,1709,megawatthours,2026-02-21 22:00:00,1709.0
2026-02-21T21,MIDA,Mid-Atlantic,D,Demand,90444,megawatthours,2026-02-21 21:00:00,90444.0
2026-02-21T21,MIDA,Mid-Atlantic,DF,Day-ahead demand forecast,90167,megawatthours,2026-02-21 21:00:00,90167.0
2026-02-21T21,MIDA,Mid-Atlantic,NG,Net generation,93278,megawatthours,2026-02-21 21:00:00,93278.0
2026-02-21T21,MIDA,Mid-Atlantic,TI,Total interchange,1577,megawatthours,2026-02-21 21:00:00,1577.0
2026-02-21T20,MIDA,Mid-Atlantic,D,Demand,90969,megawatthours,2026-02-21 20:00:00,90969.0
2026-02-21T20,MIDA,Mid-Atlantic,DF,Day-ahead demand forecast,87657,megawatthours,2026-02-21 20:00:00,87657.0
2026-02-21T20,MIDA,Mid-Atlantic,NG,Net generation,93698,megawatthours,2026-02-21 20:00:00,93698.0
2026-02-21T20,MIDA,Mid-Atlantic,TI,Total interchange,1465,megawatthours,2026-02-21 20:00:00,1465.0
2026-02-21T19,MIDA,Mid-Atlantic,D,Demand,92154,megawatthours,2026-02-21 19:00:00,92154.0
2026-02-21T19,MIDA,Mid-Atlantic,DF,Day-ahead demand forecast,87213,megawatthours,2026-02-21 19:00:00,87213.0
2026-02-21T19,MIDA,Mid-Atlantic,NG,Net generation,94849,megawatthours,2026-02-21 19:00:00,94849.0
2026-02-21T19,MIDA,Mid-Atlantic,TI,Total interchange,1500,megawatthours,2026-02-21 19:00:00,1500.0
2026-02-21T18,MIDA,Mid-Atlantic,D,Demand,93936,megawatthours,2026-02-21 18:00:00,93936.0
2026-02-21T18,MIDA,Mid-Atlantic,DF,Day-ahead demand forecast,88054,megawatthours,2026-02-21 18:00:00,88054.0
2026-02-21T18,MIDA,Mid-Atlantic,NG,Net generation,96993,megawatthours,2026-02-21 18:00:00,96993.0
2026-02-21T18,MIDA,Mid-Atlantic,TI,Total interchange,1558,megawatthours,2026-02-21 18:00:00,1558.0
2026-02-21T17,MIDA,Mid-Atlantic,D,Demand,95442,megawatthours,2026-02-21 17:00:00,95442.0
2026-02-21T17,MIDA,Mid-Atlantic,DF,Day-ahead demand forecast,89401,megawatthours,2026-02-21 17:00:00,89401.0
2026-02-21T17,MIDA,Mid-Atlantic,NG,Net generation,98777,megawatthours,2026-02-21 17:00:00,98777.0
2026-02-21T17,MIDA,Mid-Atlantic,TI,Total interchange,1452,megawatthours,2026-02-21 17:00:00,1452.0
2026-02-21T16,MIDA,Mid-Atlantic,D,Demand,94909,megawatthours,2026-02-21 16:00:00,94909.0
2026-02-21T16,MIDA,Mid-Atlantic,DF,Day-ahead demand forecast,91114,megawatthours,2026-02-21 16:00:00,91114.0
2026-02-21T16,MIDA,Mid-Atlantic,NG,Net generation,98217,megawatthours,2026-02-21 16:00:00,98217.0
2026-02-21T16,MIDA,Mid-Atlantic,TI,Total interchange,1321,megawatthours,2026-02-21 16:00:00,1321.0
2026-02-21T15,MIDA,Mid-Atlantic,D,Demand,95444,megawatthours,2026-02-21 15:00:00,95444.0
2026-02-21T15,MIDA,Mid-Atlantic,DF,Day-ahead demand forecast,92589,megawatthours,2026-02-21 15:00:00,92589.0
2026-02-21T15,MIDA,Mid-Atlantic,NG,Net generation,98643,megawatthours,2026-02-21 15:00:00,98643.0
2026-02-21T15,MIDA,Mid-Atlantic,TI,Total interchange,1625,megawatthours,2026-02-21 15:00:00,1625.0
2026-02-21T14,MIDA,Mid-Atlantic,D,Demand,95043,megawatthours,2026-02-21 14:00:00,95043.0
2026-02-21T14,MIDA,Mid-Atlantic,DF,Day-ahead demand forecast,94044,megawatthours,2026-02-21 14:00:00,94044.0
2026-02-21T14,MIDA,Mid-Atlantic,NG,Net generation,98631,megawatthours,2026-02-21 14:00:00,98631.0
2026-02-21T14,MIDA,Mid-Atlantic,TI,Total interchange,1715,megawatthours,2026-02-21 14:00:00,1715.0
2026-02-21T13,MIDA,Mid-Atlantic,D,Demand,93850,megawatthours,2026-02-21 13:00:00,93850.0
2026-02-21T13,MIDA,Mid-Atlantic,DF,Day-ahead demand forecast,94330,megawatthours,2026-02-21 13:00:00,94330.0
2026-02-21T13,MIDA,Mid-Atlantic,NG,Net generation,97317,megawatthours,2026-02-21 13:00:00,97317.0
2026-02-21T13,MIDA,Mid-Atlantic,TI,Total interchange,1530,megawatthours,2026-02-21 13:00:00,1530.0
2026-02-21T12,MIDA,Mid-Atlantic,D,Demand,91060,megawatthours,2026-02-21 12:00:00,91060.0
2026-02-21T12,MIDA,Mid-Atlantic,DF,Day-ahead demand forecast,92931,megawatthours,2026-02-21 12:00:00,92931.0
2026-02-21T12,MIDA,Mid-Atlantic,NG,Net generation,94512,megawatthours,2026-02-21 12:00:00,94512.0
2026-02-21T12,MIDA,Mid-Atlantic,TI,Total interchange,1576,megawatthours,2026-02-21 12:00:00,1576.0
2026-02-21T11,MIDA,Mid-Atlantic,D,Demand,89296,megawatthours,2026-02-21 11:00:00,89296.0
2026-02-21T11,MIDA,Mid-Atlantic,DF,Day-ahead demand forecast,89717,megawatthours,2026-02-21 11:00:00,89717.0
2026-02-21T11,MIDA,Mid-Atlantic,NG,Net generation,93185,megawatthours,2026-02-21 11:00:00,93185.0
2026-02-21T11,MIDA,Mid-Atlantic,TI,Total interchange,1588,megawatthours,2026-02-21 11:00:00,1588.0
2026-02-21T10,MIDA,Mid-Atlantic,D,Demand,87906,megawatthours,2026-02-21 10:00:00,87906.0
2026-02-21T10,MIDA,Mid-Atlantic,DF,Day-ahead demand forecast,86744,megawatthours,2026-02-21 10:00:00,86744.0
2026-02-21T10,MIDA,Mid-Atlantic,NG,Net generation,92317,megawatthours,2026-02-21 10:00:00,92317.0
2026-02-21T10,MIDA,Mid-Atlantic,TI,Total interchange,1705,megawatthours,2026-02-21 10:00:00,1705.0
2026-02-21T09,MIDA,Mid-Atlantic,D,Demand,87791,megawatthours,2026-02-21 09:00:00,87791.0
2026-02-21T09,MIDA,Mid-Atlantic,DF,Day-ahead demand forecast,84719,megawatthours,2026-02-21 09:00:00,84719.0
2026-02-21T09,MIDA,Mid-Atlantic,NG,Net generation,92463,megawatthours,2026-02-21 09:00:00,92463.0
2026-02-21T09,MIDA,Mid-Atlantic,TI,Total interchange,376,megawatthours,2026-02-21 09:00:00,376.0
2026-02-21T08,MIDA,Mid-Atlantic,D,Demand,88301,megawatthours,2026-02-21 08:00:00,88301.0
2026-02-21T08,MIDA,Mid-Atlantic,DF,Day-ahead demand forecast,84180,megawatthours,2026-02-21 08:00:00,84180.0
2026-02-21T08,MIDA,Mid-Atlantic,NG,Net generation,93552,megawatthours,2026-02-21 08:00:00,93552.0
2026-02-21T08,MIDA,Mid-Atlantic,TI,Total interchange,438,megawatthours,2026-02-21 08:00:00,438.0
2026-02-21T07,MIDA,Mid-Atlantic,D,Demand,89104,megawatthours,2026-02-21 07:00:00,89104.0
2026-02-21T07,MIDA,Mid-Atlantic,DF,Day-ahead demand forecast,84485,megawatthours,2026-02-21 07:00:00,84485.0
2026-02-21T07,MIDA,Mid-Atlantic,NG,Net generation,93853,megawatthours,2026-02-21 07:00:00,93853.0
2026-02-21T07,MIDA,Mid-Atlantic,TI,Total interchange,942,megawatthours,2026-02-21 07:00:00,942.0
2026-02-21T06,MIDA,Mid-Atlantic,D,Demand,90040,megawatthours,2026-02-21 06:00:00,90040.0
2026-02-21T06,MIDA,Mid-Atlantic,DF,Day-ahead demand forecast,85607,megawatthours,2026-02-21 06:00:00,85607.0
2026-02-21T06,MIDA,Mid-Atlantic,NG,Net generation,95457,megawatthours,2026-02-21 06:00:00,95457.0
2026-02-21T06,MIDA,Mid-Atlantic,TI,Total interchange,1020,megawatthours,2026-02-21 06:00:00,1020.0
2026-02-21T05,MIDA,Mid-Atlantic,D,Demand,91937,megawatthours,2026-02-21 05:00:00,91937.0
2026-02-21T05,MIDA,Mid-Atlantic,DF,Day-ahead demand forecast,86230,megawatthours,2026-02-21 05:00:00,86230.0
2026-02-21T05,MIDA,Mid-Atlantic,NG,Net generation,96641,megawatthours,2026-02-21 05:00:00,96641.0
2026-02-21T05,MIDA,Mid-Atlantic,TI,Total interchange,2089,megawatthours,2026-02-21 05:00:00,2089.0
2026-02-21T04,MIDA,Mid-Atlantic,D,Demand,94608,megawatthours,2026-02-21 04:00:00,94608.0
2026-02-21T04,MIDA,Mid-Atlantic,DF,Day-ahead demand forecast,87971,megawatthours,2026-02-21 04:00:00,87971.0
2026-02-21T04,MIDA,Mid-Atlantic,NG,Net generation,99010,megawatthours,2026-02-21 04:00:00,99010.0
2026-02-21T04,MIDA,Mid-Atlantic,TI,Total interchange,2101,megawatthours,2026-02-21 04:00:00,2101.0
2026-02-21T03,MIDA,Mid-Atlantic,D,Demand,97388,megawatthours,2026-02-21 03:00:00,97388.0
2026-02-21T03,MIDA,Mid-Atlantic,DF,Day-ahead demand forecast,91876,megawatthours,2026-02-21 03:00:00,91876.0
2026-02-21T03,MIDA,Mid-Atlantic,NG,Net generation,102420,megawatthours,2026-02-21 03:00:00,102420.0
2026-02-21T03,MIDA,Mid-Atlantic,TI,Total interchange,1858,megawatthours,2026-02-21 03:00:00,1858.0
2026-02-21T02,MIDA,Mid-Atlantic,D,Demand,99267,megawatthours,2026-02-21 02:00:00,99267.0
2026-02-21T02,MIDA,Mid-Atlantic,DF,Day-ahead demand forecast,95043,megawatthours,2026-02-21 02:00:00,95043.0
2026-02-21T02,MIDA,Mid-Atlantic,NG,Net generation,104643,megawatthours,2026-02-21 02:00:00,104643.0
2026-02-21T02,MIDA,Mid-Atlantic,TI,Total interchange,1821,megawatthours,2026-02-21 02:00:00,1821.0
2026-02-21T01,MIDA,Mid-Atlantic,D,Demand,100511,megawatthours,2026-02-21 01:00:00,100511.0
2026-02-21T01,MIDA,Mid-Atlantic,DF,Day-ahead demand forecast,97419,megawatthours,2026-02-21 01:00:00,97419.0
2026-02-21T01,MIDA,Mid-Atlantic,NG,Net generation,105604,megawatthours,2026-02-21 01:00:00,105604.0
2026-02-21T01,MIDA,Mid-Atlantic,TI,Total interchange,1952,megawatthours,2026-02-21 01:00:00,1952.0
2026-02-21T00,MIDA,Mid-Atlantic,D,Demand,101105,megawatthours,2026-02-21 00:00:00,101105.0
2026-02-21T00,MIDA,Mid-Atlantic,DF,Day-ahead demand forecast,99042,megawatthours,2026-02-21 00:00:00,99042.0
2026-02-21T00,MIDA,Mid-Atlantic,NG,Net generation,105724,megawatthours,2026-02-21 00:00:00,105724.0
2026-02-21T00,MIDA,Mid-Atlantic,TI,Total interchange,2104,megawatthours,2026-02-21 00:00:00,2104.0
2026-02-20T23,MIDA,Mid-Atlantic,D,Demand,98712,megawatthours,2026-02-20 23:00:00,98712.0
2026-02-20T23,MIDA,Mid-Atlantic,DF,Day-ahead demand forecast,100096,megawatthours,2026-02-20 23:00:00,100096.0
2026-02-20T23,MIDA,Mid-Atlantic,NG,Net generation,102550,megawatthours,2026-02-20 23:00:00,102550.0
2026-02-20T23,MIDA,Mid-Atlantic,TI,Total interchange,2091,megawatthours,2026-02-20 23:00:00,2091.0
2026-02-20T22,MIDA,Mid-Atlantic,D,Demand,97328,megawatthours,2026-02-20 22:00:00,97328.0
2026-02-20T22,MIDA,Mid-Atlantic,DF,Day-ahead demand forecast,99202,megawatthours,2026-02-20 22:00:00,99202.0
2026-02-20T22,MIDA,Mid-Atlantic,NG,Net generation,101270,megawatthours,2026-02-20 22:00:00,101270.0
2026-02-20T22,MIDA,Mid-Atlantic,TI,Total interchange,1974,megawatthours,2026-02-20 22:00:00,1974.0
2026-02-20T21,MIDA,Mid-Atlantic,D,Demand,97606,megawatthours,2026-02-20 21:00:00,97606.0
2026-02-20T21,MIDA,Mid-Atlantic,DF,Day-ahead demand forecast,96367,megawatthours,2026-02-20 21:00:00,96367.0
2026-02-20T21,MIDA,Mid-Atlantic,NG,Net generation,101630,megawatthours,2026-02-20 21:00:00,101630.0
2026-02-20T21,MIDA,Mid-Atlantic,TI,Total interchange,2058,megawatthours,2026-02-20 21:00:00,2058.0
2026-02-20T20,MIDA,Mid-Atlantic,D,Demand,98341,megawatthours,2026-02-20 20:00:00,98341.0
2026-02-20T20,MIDA,Mid-Atlantic,DF,Day-ahead demand forecast,94407,megawatthours,2026-02-20 20:00:00,94407.0
2026-02-20T20,MIDA,Mid-Atlantic,NG,Net generation,102057,megawatthours,2026-02-20 20:00:00,102057.0
2026-02-20T20,MIDA,Mid-Atlantic,TI,Total interchange,1971,megawatthours,2026-02-20 20:00:00,1971.0
2026-02-20T19,MIDA,Mid-Atlantic,D,Demand,99503,megawatthours,2026-02-20 19:00:00,99503.0
2026-02-20T19,MIDA,Mid-Atlantic,DF,Day-ahead demand forecast,94154,megawatthours,2026-02-20 19:00:00,94154.0
2026-02-20T19,MIDA,Mid-Atlantic,NG,Net generation,103308,megawatthours,2026-02-20 19:00:00,103308.0
2026-02-20T19,MIDA,Mid-Atlantic,TI,Total interchange,1933,megawatthours,2026-02-20 19:00:00,1933.0
2026-02-20T18,MIDA,Mid-Atlantic,D,Demand,99836,megawatthours,2026-02-20 18:00:00,99836.0
2026-02-20T18,MIDA,Mid-Atlantic,DF,Day-ahead demand forecast,94529,megawatthours,2026-02-20 18:00:00,94529.0
2026-02-20T18,MIDA,Mid-Atlantic,NG,Net generation,102950,megawatthours,2026-02-20 18:00:00,102950.0
2026-02-20T18,MIDA,Mid-Atlantic,TI,Total interchange,1906,megawatthours,2026-02-20 18:00:00,1906.0
2026-02-20T17,MIDA,Mid-Atlantic,D,Demand,101732,megawatthours,2026-02-20 17:00:00,101732.0
2026-02-20T17,MIDA,Mid-Atlantic,DF,Day-ahead demand forecast,95202,megawatthours,2026-02-20 17:00:00,95202.0
2026-02-20T17,MIDA,Mid-Atlantic,NG,Net generation,104292,megawatthours,2026-02-20 17:00:00,104292.0
2026-02-20T17,MIDA,Mid-Atlantic,TI,Total interchange,1843,megawatthours,2026-02-20 17:00:00,1843.0
2026-02-20T16,MIDA,Mid-Atlantic,D,Demand,102573,megawatthours,2026-02-20 16:00:00,102573.0
2026-02-20T16,MIDA,Mid-Atlantic,DF,Day-ahead demand forecast,96158,megawatthours,2026-02-20 16:00:00,96158.0
2026-02-20T16,MIDA,Mid-Atlantic,NG,Net generation,104929,megawatthours,2026-02-20 16:00:00,104929.0
2026-02-20T16,MIDA,Mid-Atlantic,TI,Total interchange,1759,megawatthours,2026-02-20 16:00:00,1759.0
2026-02-20T15,MIDA,Mid-Atlantic,D,Demand,102740,megawatthours,2026-02-20 15:00:00,102740.0
2026-02-20T15,MIDA,Mid-Atlantic,DF,Day-ahead demand forecast,97017,megawatthours,2026-02-20 15:00:00,97017.0
2026-02-20T15,MIDA,Mid-Atlantic,NG,Net generation,104878,megawatthours,2026-02-20 15:00:00,104878.0
2026-02-20T15,MIDA,Mid-Atlantic,TI,Total interchange,1616,megawatthours,2026-02-20 15:00:00,1616.0
2026-02-20T14,MIDA,Mid-Atlantic,D,Demand,102731,megawatthours,2026-02-20 14:00:00,102731.0
2026-02-20T14,MIDA,Mid-Atlantic,DF,Day-ahead demand forecast,98143,megawatthours,2026-02-20 14:00:00,98143.0
2026-02-20T14,MIDA,Mid-Atlantic,NG,Net generation,104765,megawatthours,2026-02-20 14:00:00,104765.0
2026-02-20T14,MIDA,Mid-Atlantic,TI,Total interchange,1574,megawatthours,2026-02-20 14:00:00,1574.0
2026-02-20T13,MIDA,Mid-Atlantic,D,Demand,100874,megawatthours,2026-02-20 13:00:00,100874.0
2026-02-20T13,MIDA,Mid-Atlantic,DF,Day-ahead demand forecast,98599,megawatthours,2026-02-20 13:00:00,98599.0
2026-02-20T13,MIDA,Mid-Atlantic,NG,Net generation,102785,megawatthours,2026-02-20 13:00:00,102785.0
2026-02-20T13,MIDA,Mid-Atlantic,TI,Total interchange,1661,megawatthours,2026-02-20 13:00:00,1661.0
2026-02-20T12,MIDA,Mid-Atlantic,D,Demand,96483,megawatthours,2026-02-20 12:00:00,96483.0
2026-02-20T12,MIDA,Mid-Atlantic,DF,Day-ahead demand forecast,97646,megawatthours,2026-02-20 12:00:00,97646.0
2026-02-20T12,MIDA,Mid-Atlantic,NG,Net generation,98526,megawatthours,2026-02-20 12:00:00,98526.0
2026-02-20T12,MIDA,Mid-Atlantic,TI,Total interchange,1553,megawatthours,2026-02-20 12:00:00,1553.0
2026-02-20T11,MIDA,Mid-Atlantic,D,Demand,90708,megawatthours,2026-02-20 11:00:00,90708.0
2026-02-20T11,MIDA,Mid-Atlantic,DF,Day-ahead demand forecast,93090,megawatthours,2026-02-20 11:00:00,93090.0
2026-02-20T11,MIDA,Mid-Atlantic,NG,Net generation,92841,megawatthours,2026-02-20 11:00:00,92841.0
2026-02-20T11,MIDA,Mid-Atlantic,TI,Total interchange,1500,megawatthours,2026-02-20 11:00:00,1500.0
2026-02-20T10,MIDA,Mid-Atlantic,D,Demand,88975,megawatthours,2026-02-20 10:00:00,88975.0
2026-02-20T10,MIDA,Mid-Atlantic,DF,Day-ahead demand forecast,87214,megawatthours,2026-02-20 10:00:00,87214.0
2026-02-20T10,MIDA,Mid-Atlantic,NG,Net generation,90839,megawatthours,2026-02-20 10:00:00,90839.0
2026-02-20T10,MIDA,Mid-Atlantic,TI,Total interchange,1557,megawatthours,2026-02-20 10:00:00,1557.0
2026-02-20T09,MIDA,Mid-Atlantic,D,Demand,87964,megawatthours,2026-02-20 09:00:00,87964.0
2026-02-20T09,MIDA,Mid-Atlantic,DF,Day-ahead demand forecast,83439,megawatthours,2026-02-20 09:00:00,83439.0
2026-02-20T09,MIDA,Mid-Atlantic,NG,Net generation,90079,megawatthours,2026-02-20 09:00:00,90079.0
2026-02-20T09,MIDA,Mid-Atlantic,TI,Total interchange,2319,megawatthours,2026-02-20 09:00:00,2319.0
2026-02-20T08,MIDA,Mid-Atlantic,D,Demand,88333,megawatthours,2026-02-20 08:00:00,88333.0
2026-02-20T08,MIDA,Mid-Atlantic,DF,Day-ahead demand forecast,82349,megawatthours,2026-02-20 08:00:00,82349.0
2026-02-20T08,MIDA,Mid-Atlantic,NG,Net generation,90495,megawatthours,2026-02-20 08:00:00,90495.0
2026-02-20T08,MIDA,Mid-Atlantic,TI,Total interchange,2636,megawatthours,2026-02-20 08:00:00,2636.0
2026-02-20T07,MIDA,Mid-Atlantic,D,Demand,89311,megawatthours,2026-02-20 07:00:00,89311.0
2026-02-20T07,MIDA,Mid-Atlantic,DF,Day-ahead demand forecast,82713,megawatthours,2026-02-20 07:00:00,82713.0
2026-02-20T07,MIDA,Mid-Atlantic,NG,Net generation,91583,megawatthours,2026-02-20 07:00:00,91583.0
2026-02-20T07,MIDA,Mid-Atlantic,TI,Total interchange,3004,megawatthours,2026-02-20 07:00:00,3004.0
2026-02-20T06,MIDA,Mid-Atlantic,D,Demand,90033,megawatthours,2026-02-20 06:00:00,90033.0
2026-02-20T06,MIDA,Mid-Atlantic,DF,Day-ahead demand forecast,84010,megawatthours,2026-02-20 06:00:00,84010.0
2026-02-20T06,MIDA,Mid-Atlantic,NG,Net generation,92267,megawatthours,2026-02-20 06:00:00,92267.0
2026-02-20T06,MIDA,Mid-Atlantic,TI,Total interchange,2976,megawatthours,2026-02-20 06:00:00,2976.0
2026-02-20T05,MIDA,Mid-Atlantic,D,Demand,92576,megawatthours,2026-02-20 05:00:00,92576.0
2026-02-20T05,MIDA,Mid-Atlantic,DF,Day-ahead demand forecast,85073,megawatthours,2026-02-20 05:00:00,85073.0
2026-02-20T05,MIDA,Mid-Atlantic,NG,Net generation,95115,megawatthours,2026-02-20 05:00:00,95115.0
2026-02-20T05,MIDA,Mid-Atlantic,TI,Total interchange,1900,megawatthours,2026-02-20 05:00:00,1900.0
2026-02-20T04,MIDA,Mid-Atlantic,D,Demand,95795,megawatthours,2026-02-20 04:00:00,95795.0
2026-02-20T04,MIDA,Mid-Atlantic,DF,Day-ahead demand forecast,87834,megawatthours,2026-02-20 04:00:00,87834.0
2026-02-20T04,MIDA,Mid-Atlantic,NG,Net generation,98637,megawatthours,2026-02-20 04:00:00,98637.0
2026-02-20T04,MIDA,Mid-Atlantic,TI,Total interchange,1891,megawatthours,2026-02-20 04:00:00,1891.0
2026-02-20T03,MIDA,Mid-Atlantic,D,Demand,98971,megawatthours,2026-02-20 03:00:00,98971.0
2026-02-20T03,MIDA,Mid-Atlantic,DF,Day-ahead demand forecast,92002,megawatthours,2026-02-20 03:00:00,92002.0
2026-02-20T03,MIDA,Mid-Atlantic,NG,Net generation,102147,megawatthours,2026-02-20 03:00:00,102147.0
2026-02-20T03,MIDA,Mid-Atlantic,TI,Total interchange,1852,megawatthours,2026-02-20 03:00:00,1852.0
2026-02-20T02,MIDA,Mid-Atlantic,D,Demand,101870,megawatthours,2026-02-20 02:00:00,101870.0
2026-02-20T02,MIDA,Mid-Atlantic,DF,Day-ahead demand forecast,95945,megawatthours,2026-02-20 02:00:00,95945.0
2026-02-20T02,MIDA,Mid-Atlantic,NG,Net generation,105002,megawatthours,2026-02-20 02:00:00,105002.0
2026-02-20T02,MIDA,Mid-Atlantic,TI,Total interchange,1811,megawatthours,2026-02-20 02:00:00,1811.0
2026-02-20T01,MIDA,Mid-Atlantic,D,Demand,103509,megawatthours,2026-02-20 01:00:00,103509.0
2026-02-20T01,MIDA,Mid-Atlantic,DF,Day-ahead demand forecast,98601,megawatthours,2026-02-20 01:00:00,98601.0
2026-02-20T01,MIDA,Mid-Atlantic,NG,Net generation,106263,megawatthours,2026-02-20 01:00:00,106263.0
2026-02-20T01,MIDA,Mid-Atlantic,TI,Total interchange,1771,megawatthours,2026-02-20 01:00:00,1771.0
2026-02-20T00,MIDA,Mid-Atlantic,D,Demand,104139,megawatthours,2026-02-20 00:00:00,104139.0
2026-02-20T00,MIDA,Mid-Atlantic,DF,Day-ahead demand forecast,100105,megawatthours,2026-02-20 00:00:00,100105.0
2026-02-20T00,MIDA,Mid-Atlantic,NG,Net generation,106336,megawatthours,2026-02-20 00:00:00,106336.0
2026-02-20T00,MIDA,Mid-Atlantic,TI,Total interchange,1860,megawatthours,2026-02-20 00:00:00,1860.0
2026-02-19T23,MIDA,Mid-Atlantic,D,Demand,102243,megawatthours,2026-02-19 23:00:00,102243.0
2026-02-19T23,MIDA,Mid-Atlantic,DF,Day-ahead demand forecast,100765,megawatthours,2026-02-19 23:00:00,100765.0
2026-02-19T23,MIDA,Mid-Atlantic,NG,Net generation,104298,megawatthours,2026-02-19 23:00:00,104298.0
2026-02-19T23,MIDA,Mid-Atlantic,TI,Total interchange,1965,megawatthours,2026-02-19 23:00:00,1965.0
2026-02-19T22,MIDA,Mid-Atlantic,D,Demand,99869,megawatthours,2026-02-19 22:00:00,99869.0
2026-02-19T22,MIDA,Mid-Atlantic,DF,Day-ahead demand forecast,99433,megawatthours,2026-02-19 22:00:00,99433.0
2026-02-19T22,MIDA,Mid-Atlantic,NG,Net generation,101433,megawatthours,2026-02-19 22:00:00,101433.0
2026-02-19T22,MIDA,Mid-Atlantic,TI,Total interchange,2016,megawatthours,2026-02-19 22:00:00,2016.0
2026-02-19T21,MIDA,Mid-Atlantic,D,Demand,98771,megawatthours,2026-02-19 21:00:00,98771.0
2026-02-19T21,MIDA,Mid-Atlantic,DF,Day-ahead demand forecast,96050,megawatthours,2026-02-19 21:00:00,96050.0
2026-02-19T21,MIDA,Mid-Atlantic,NG,Net generation,100477,megawatthours,2026-02-19 21:00:00,100477.0
2026-02-19T21,MIDA,Mid-Atlantic,TI,Total interchange,2218,megawatthours,2026-02-19 21:00:00,2218.0
2026-02-19T20,MIDA,Mid-Atlantic,D,Demand,98594,megawatthours,2026-02-19 20:00:00,98594.0
2026-02-19T20,MIDA,Mid-Atlantic,DF,Day-ahead demand forecast,93778,megawatthours,2026-02-19 20:00:00,93778.0
2026-02-19T20,MIDA,Mid-Atlantic,NG,Net generation,100306,megawatthours,2026-02-19 20:00:00,100306.0
2026-02-19T20,MIDA,Mid-Atlantic,TI,Total interchange,2197,megawatthours,2026-02-19 20:00:00,2197.0
2026-02-19T19,MIDA,Mid-Atlantic,D,Demand,98556,megawatthours,2026-02-19 19:00:00,98556.0
2026-02-19T19,MIDA,Mid-Atlantic,DF,Day-ahead demand forecast,93177,megawatthours,2026-02-19 19:00:00,93177.0
2026-02-19T19,MIDA,Mid-Atlantic,NG,Net generation,100675,megawatthours,2026-02-19 19:00:00,100675.0
2026-02-19T19,MIDA,Mid-Atlantic,TI,Total interchange,2143,megawatthours,2026-02-19 19:00:00,2143.0
2026-02-19T18,MIDA,Mid-Atlantic,D,Demand,98192,megawatthours,2026-02-19 18:00:00,98192.0
2026-02-19T18,MIDA,Mid-Atlantic,DF,Day-ahead demand forecast,93379,megawatthours,2026-02-19 18:00:00,93379.0
2026-02-19T18,MIDA,Mid-Atlantic,NG,Net generation,100299,megawatthours,2026-02-19 18:00:00,100299.0
2026-02-19T18,MIDA,Mid-Atlantic,TI,Total interchange,2017,megawatthours,2026-02-19 18:00:00,2017.0
2026-02-19T17,MIDA,Mid-Atlantic,D,Demand,98424,megawatthours,2026-02-19 17:00:00,98424.0
2026-02-19T17,MIDA,Mid-Atlantic,DF,Day-ahead demand forecast,93756,megawatthours,2026-02-19 17:00:00,93756.0
2026-02-19T17,MIDA,Mid-Atlantic,NG,Net generation,100845,megawatthours,2026-02-19 17:00:00,100845.0
2026-02-19T17,MIDA,Mid-Atlantic,TI,Total interchange,1739,megawatthours,2026-02-19 17:00:00,1739.0
2026-02-19T16,MIDA,Mid-Atlantic,D,Demand,99027,megawatthours,2026-02-19 16:00:00,99027.0
2026-02-19T16,MIDA,Mid-Atlantic,DF,Day-ahead demand forecast,94465,megawatthours,2026-02-19 16:00:00,94465.0
2026-02-19T16,MIDA,Mid-Atlantic,NG,Net generation,101093,megawatthours,2026-02-19 16:00:00,101093.0
2026-02-19T16,MIDA,Mid-Atlantic,TI,Total interchange,1430,megawatthours,2026-02-19 16:00:00,1430.0
2026-02-19T15,MIDA,Mid-Atlantic,D,Demand,99649,megawatthours,2026-02-19 15:00:00,99649.0
2026-02-19T15,MIDA,Mid-Atlantic,DF,Day-ahead demand forecast,95524,megawatthours,2026-02-19 15:00:00,95524.0
2026-02-19T15,MIDA,Mid-Atlantic,NG,Net generation,101786,megawatthours,2026-02-19 15:00:00,101786.0
2026-02-19T15,MIDA,Mid-Atlantic,TI,Total interchange,1491,megawatthours,2026-02-19 15:00:00,1491.0
2026-02-19T14,MIDA,Mid-Atlantic,D,Demand,100290,megawatthours,2026-02-19 14:00:00,100290.0
2026-02-19T14,MIDA,Mid-Atlantic,DF,Day-ahead demand forecast,96625,megawatthours,2026-02-19 14:00:00,96625.0
2026-02-19T14,MIDA,Mid-Atlantic,NG,Net generation,102306,megawatthours,2026-02-19 14:00:00,102306.0
2026-02-19T14,MIDA,Mid-Atlantic,TI,Total interchange,1617,megawatthours,2026-02-19 14:00:00,1617.0
2026-02-19T13,MIDA,Mid-Atlantic,D,Demand,99916,megawatthours,2026-02-19 13:00:00,99916.0
2026-02-19T13,MIDA,Mid-Atlantic,DF,Day-ahead demand forecast,97665,megawatthours,2026-02-19 13:00:00,97665.0
2026-02-19T13,MIDA,Mid-Atlantic,NG,Net generation,101437,megawatthours,2026-02-19 13:00:00,101437.0
2026-02-19T13,MIDA,Mid-Atlantic,TI,Total interchange,1524,megawatthours,2026-02-19 13:00:00,1524.0
2026-02-19T12,MIDA,Mid-Atlantic,D,Demand,95617,megawatthours,2026-02-19 12:00:00,95617.0
2026-02-19T12,MIDA,Mid-Atlantic,DF,Day-ahead demand forecast,97043,megawatthours,2026-02-19 12:00:00,97043.0
2026-02-19T12,MIDA,Mid-Atlantic,NG,Net generation,97934,megawatthours,2026-02-19 12:00:00,97934.0
2026-02-19T12,MIDA,Mid-Atlantic,TI,Total interchange,1529,megawatthours,2026-02-19 12:00:00,1529.0
2026-02-19T11,MIDA,Mid-Atlantic,D,Demand,89564,megawatthours,2026-02-19 11:00:00,89564.0
2026-02-19T11,MIDA,Mid-Atlantic,DF,Day-ahead demand forecast,92491,megawatthours,2026-02-19 11:00:00,92491.0
2026-02-19T11,MIDA,Mid-Atlantic,NG,Net generation,92605,megawatthours,2026-02-19 11:00:00,92605.0
2026-02-19T11,MIDA,Mid-Atlantic,TI,Total interchange,1499,megawatthours,2026-02-19 11:00:00,1499.0
2026-02-19T10,MIDA,Mid-Atlantic,D,Demand,87329,megawatthours,2026-02-19 10:00:00,87329.0
2026-02-19T10,MIDA,Mid-Atlantic,DF,Day-ahead demand forecast,86003,megawatthours,2026-02-19 10:00:00,86003.0
2026-02-19T10,MIDA,Mid-Atlantic,NG,Net generation,91103,megawatthours,2026-02-19 10:00:00,91103.0
2026-02-19T10,MIDA,Mid-Atlantic,TI,Total interchange,1455,megawatthours,2026-02-19 10:00:00,1455.0
2026-02-19T09,MIDA,Mid-Atlantic,D,Demand,86118,megawatthours,2026-02-19 09:00:00,86118.0
2026-02-19T09,MIDA,Mid-Atlantic,DF,Day-ahead demand forecast,81914,megawatthours,2026-02-19 09:00:00,81914.0
2026-02-19T09,MIDA,Mid-Atlantic,NG,Net generation,89986,megawatthours,2026-02-19 09:00:00,89986.0
2026-02-19T09,MIDA,Mid-Atlantic,TI,Total interchange,3997,megawatthours,2026-02-19 09:00:00,3997.0
2026-02-19T08,MIDA,Mid-Atlantic,D,Demand,86199,megawatthours,2026-02-19 08:00:00,86199.0
2026-02-19T08,MIDA,Mid-Atlantic,DF,Day-ahead demand forecast,80438,megawatthours,2026-02-19 08:00:00,80438.0
2026-02-19T08,MIDA,Mid-Atlantic,NG,Net generation,90048,megawatthours,2026-02-19 08:00:00,90048.0
2026-02-19T08,MIDA,Mid-Atlantic,TI,Total interchange,4126,megawatthours,2026-02-19 08:00:00,4126.0
2026-02-19T07,MIDA,Mid-Atlantic,D,Demand,86579,megawatthours,2026-02-19 07:00:00,86579.0
2026-02-19T07,MIDA,Mid-Atlantic,DF,Day-ahead demand forecast,80550,megawatthours,2026-02-19 07:00:00,80550.0
2026-02-19T07,MIDA,Mid-Atlantic,NG,Net generation,90520,megawatthours,2026-02-19 07:00:00,90520.0
2026-02-19T07,MIDA,Mid-Atlantic,TI,Total interchange,4203,megawatthours,2026-02-19 07:00:00,4203.0
2026-02-19T06,MIDA,Mid-Atlantic,D,Demand,88272,megawatthours,2026-02-19 06:00:00,88272.0
2026-02-19T06,MIDA,Mid-Atlantic,DF,Day-ahead demand forecast,81600,megawatthours,2026-02-19 06:00:00,81600.0
2026-02-19T06,MIDA,Mid-Atlantic,NG,Net generation,92472,megawatthours,2026-02-19 06:00:00,92472.0
2026-02-19T06,MIDA,Mid-Atlantic,TI,Total interchange,3859,megawatthours,2026-02-19 06:00:00,3859.0
2026-02-19T05,MIDA,Mid-Atlantic,D,Demand,89850,megawatthours,2026-02-19 05:00:00,89850.0
2026-02-19T05,MIDA,Mid-Atlantic,DF,Day-ahead demand forecast,82655,megawatthours,2026-02-19 05:00:00,82655.0
2026-02-19T05,MIDA,Mid-Atlantic,NG,Net generation,94110,megawatthours,2026-02-19 05:00:00,94110.0
2026-02-19T05,MIDA,Mid-Atlantic,TI,Total interchange,1727,megawatthours,2026-02-19 05:00:00,1727.0
2026-02-19T04,MIDA,Mid-Atlantic,D,Demand,92163,megawatthours,2026-02-19 04:00:00,92163.0
2026-02-19T04,MIDA,Mid-Atlantic,DF,Day-ahead demand forecast,85080,megawatthours,2026-02-19 04:00:00,85080.0
2026-02-19T04,MIDA,Mid-Atlantic,NG,Net generation,96473,megawatthours,2026-02-19 04:00:00,96473.0
2026-02-19T04,MIDA,Mid-Atlantic,TI,Total interchange,1713,megawatthours,2026-02-19 04:00:00,1713.0
2026-02-19T03,MIDA,Mid-Atlantic,D,Demand,95934,megawatthours,2026-02-19 03:00:00,95934.0
2026-02-19T03,MIDA,Mid-Atlantic,DF,Day-ahead demand forecast,89458,megawatthours,2026-02-19 03:00:00,89458.0
2026-02-19T03,MIDA,Mid-Atlantic,NG,Net generation,100321,megawatthours,2026-02-19 03:00:00,100321.0
2026-02-19T03,MIDA,Mid-Atlantic,TI,Total interchange,1603,megawatthours,2026-02-19 03:00:00,1603.0
2026-02-19T02,MIDA,Mid-Atlantic,D,Demand,98560,megawatthours,2026-02-19 02:00:00,98560.0
2026-02-19T02,MIDA,Mid-Atlantic,DF,Day-ahead demand forecast,93600,megawatthours,2026-02-19 02:00:00,93600.0
2026-02-19T02,MIDA,Mid-Atlantic,NG,Net generation,102542,megawatthours,2026-02-19 02:00:00,102542.0
2026-02-19T02,MIDA,Mid-Atlantic,TI,Total interchange,1411,megawatthours,2026-02-19 02:00:00,1411.0
2026-02-19T01,MIDA,Mid-Atlantic,D,Demand,100248,megawatthours,2026-02-19 01:00:00,100248.0
2026-02-19T01,MIDA,Mid-Atlantic,DF,Day-ahead demand forecast,96336,megawatthours,2026-02-19 01:00:00,96336.0
2026-02-19T01,MIDA,Mid-Atlantic,NG,Net generation,103887,megawatthours,2026-02-19 01:00:00,103887.0
2026-02-19T01,MIDA,Mid-Atlantic,TI,Total interchange,1622,megawatthours,2026-02-19 01:00:00,1622.0
2026-02-19T00,MIDA,Mid-Atlantic,D,Demand,100723,megawatthours,2026-02-19 00:00:00,100723.0
2026-02-19T00,MIDA,Mid-Atlantic,DF,Day-ahead demand forecast,97961,megawatthours,2026-02-19 00:00:00,97961.0
2026-02-19T00,MIDA,Mid-Atlantic,NG,Net generation,104422,megawatthours,2026-02-19 00:00:00,104422.0
2026-02-19T00,MIDA,Mid-Atlantic,TI,Total interchange,1718,megawatthours,2026-02-19 00:00:00,1718.0
2026-02-18T23,MIDA,Mid-Atlantic,D,Demand,98692,megawatthours,2026-02-18 23:00:00,98692.0
2026-02-18T23,MIDA,Mid-Atlantic,DF,Day-ahead demand forecast,98754,megawatthours,2026-02-18 23:00:00,98754.0
2026-02-18T23,MIDA,Mid-Atlantic,NG,Net generation,101972,megawatthours,2026-02-18 23:00:00,101972.0
2026-02-18T23,MIDA,Mid-Atlantic,TI,Total interchange,1815,megawatthours,2026-02-18 23:00:00,1815.0
2026-02-18T22,MIDA,Mid-Atlantic,D,Demand,96645,megawatthours,2026-02-18 22:00:00,96645.0
2026-02-18T22,MIDA,Mid-Atlantic,DF,Day-ahead demand forecast,97716,megawatthours,2026-02-18 22:00:00,97716.0
2026-02-18T22,MIDA,Mid-Atlantic,NG,Net generation,99787,megawatthours,2026-02-18 22:00:00,99787.0
2026-02-18T22,MIDA,Mid-Atlantic,TI,Total interchange,1923,megawatthours,2026-02-18 22:00:00,1923.0
2026-02-18T21,MIDA,Mid-Atlantic,D,Demand,96343,megawatthours,2026-02-18 21:00:00,96343.0
2026-02-18T21,MIDA,Mid-Atlantic,DF,Day-ahead demand forecast,94712,megawatthours,2026-02-18 21:00:00,94712.0
2026-02-18T21,MIDA,Mid-Atlantic,NG,Net generation,99992,megawatthours,2026-02-18 21:00:00,99992.0
2026-02-18T21,MIDA,Mid-Atlantic,TI,Total interchange,1884,megawatthours,2026-02-18 21:00:00,1884.0
2026-02-18T20,MIDA,Mid-Atlantic,D,Demand,97200,megawatthours,2026-02-18 20:00:00,97200.0
2026-02-18T20,MIDA,Mid-Atlantic,DF,Day-ahead demand forecast,92766,megawatthours,2026-02-18 20:00:00,92766.0
2026-02-18T20,MIDA,Mid-Atlantic,NG,Net generation,100870,megawatthours,2026-02-18 20:00:00,100870.0
2026-02-18T20,MIDA,Mid-Atlantic,TI,Total interchange,1941,megawatthours,2026-02-18 20:00:00,1941.0
2026-02-18T19,MIDA,Mid-Atlantic,D,Demand,97512,megawatthours,2026-02-18 19:00:00,97512.0
2026-02-18T19,MIDA,Mid-Atlantic,DF,Day-ahead demand forecast,92408,megawatthours,2026-02-18 19:00:00,92408.0
2026-02-18T19,MIDA,Mid-Atlantic,NG,Net generation,101308,megawatthours,2026-02-18 19:00:00,101308.0
2026-02-18T19,MIDA,Mid-Atlantic,TI,Total interchange,1936,megawatthours,2026-02-18 19:00:00,1936.0
2026-02-18T18,MIDA,Mid-Atlantic,D,Demand,97280,megawatthours,2026-02-18 18:00:00,97280.0
2026-02-18T18,MIDA,Mid-Atlantic,DF,Day-ahead demand forecast,92761,megawatthours,2026-02-18 18:00:00,92761.0
2026-02-18T18,MIDA,Mid-Atlantic,NG,Net generation,100907,megawatthours,2026-02-18 18:00:00,100907.0
2026-02-18T18,MIDA,Mid-Atlantic,TI,Total interchange,2073,megawatthours,2026-02-18 18:00:00,2073.0
2026-02-18T17,MIDA,Mid-Atlantic,D,Demand,98729,megawatthours,2026-02-18 17:00:00,98729.0
2026-02-18T17,MIDA,Mid-Atlantic,DF,Day-ahead demand forecast,93253,megawatthours,2026-02-18 17:00:00,93253.0
2026-02-18T17,MIDA,Mid-Atlantic,NG,Net generation,101582,megawatthours,2026-02-18 17:00:00,101582.0
2026-02-18T17,MIDA,Mid-Atlantic,TI,Total interchange,1889,megawatthours,2026-02-18 17:00:00,1889.0
2026-02-18T16,MIDA,Mid-Atlantic,D,Demand,99933,megawatthours,2026-02-18 16:00:00,99933.0
2026-02-18T16,MIDA,Mid-Atlantic,DF,Day-ahead demand forecast,94115,megawatthours,2026-02-18 16:00:00,94115.0
2026-02-18T16,MIDA,Mid-Atlantic,NG,Net generation,102612,megawatthours,2026-02-18 16:00:00,102612.0
2026-02-18T16,MIDA,Mid-Atlantic,TI,Total interchange,1497,megawatthours,2026-02-18 16:00:00,1497.0
2026-02-18T15,MIDA,Mid-Atlantic,D,Demand,100698,megawatthours,2026-02-18 15:00:00,100698.0
2026-02-18T15,MIDA,Mid-Atlantic,DF,Day-ahead demand forecast,95382,megawatthours,2026-02-18 15:00:00,95382.0
2026-02-18T15,MIDA,Mid-Atlantic,NG,Net generation,102986,megawatthours,2026-02-18 15:00:00,102986.0
2026-02-18T15,MIDA,Mid-Atlantic,TI,Total interchange,1535,megawatthours,2026-02-18 15:00:00,1535.0
2026-02-18T14,MIDA,Mid-Atlantic,D,Demand,101817,megawatthours,2026-02-18 14:00:00,101817.0
2026-02-18T14,MIDA,Mid-Atlantic,DF,Day-ahead demand forecast,97019,megawatthours,2026-02-18 14:00:00,97019.0
2026-02-18T14,MIDA,Mid-Atlantic,NG,Net generation,104293,megawatthours,2026-02-18 14:00:00,104293.0
2026-02-18T14,MIDA,Mid-Atlantic,TI,Total interchange,1681,megawatthours,2026-02-18 14:00:00,1681.0
2026-02-18T13,MIDA,Mid-Atlantic,D,Demand,101590,megawatthours,2026-02-18 13:00:00,101590.0
2026-02-18T13,MIDA,Mid-Atlantic,DF,Day-ahead demand forecast,98385,megawatthours,2026-02-18 13:00:00,98385.0
2026-02-18T13,MIDA,Mid-Atlantic,NG,Net generation,103474,megawatthours,2026-02-18 13:00:00,103474.0
2026-02-18T13,MIDA,Mid-Atlantic,TI,Total interchange,1670,megawatthours,2026-02-18 13:00:00,1670.0
2026-02-18T12,MIDA,Mid-Atlantic,D,Demand,97644,megawatthours,2026-02-18 12:00:00,97644.0
2026-02-18T12,MIDA,Mid-Atlantic,DF,Day-ahead demand forecast,98179,megawatthours,2026-02-18 12:00:00,98179.0
2026-02-18T12,MIDA,Mid-Atlantic,NG,Net generation,99518,megawatthours,2026-02-18 12:00:00,99518.0
2026-02-18T12,MIDA,Mid-Atlantic,TI,Total interchange,1552,megawatthours,2026-02-18 12:00:00,1552.0
2026-02-18T11,MIDA,Mid-Atlantic,D,Demand,91457,megawatthours,2026-02-18 11:00:00,91457.0
2026-02-18T11,MIDA,Mid-Atlantic,DF,Day-ahead demand forecast,93970,megawatthours,2026-02-18 11:00:00,93970.0
2026-02-18T11,MIDA,Mid-Atlantic,NG,Net generation,93850,megawatthours,2026-02-18 11:00:00,93850.0
2026-02-18T11,MIDA,Mid-Atlantic,TI,Total interchange,1685,megawatthours,2026-02-18 11:00:00,1685.0
2026-02-18T10,MIDA,Mid-Atlantic,D,Demand,88784,megawatthours,2026-02-18 10:00:00,88784.0
2026-02-18T10,MIDA,Mid-Atlantic,DF,Day-ahead demand forecast,88051,megawatthours,2026-02-18 10:00:00,88051.0
2026-02-18T10,MIDA,Mid-Atlantic,NG,Net generation,91889,megawatthours,2026-02-18 10:00:00,91889.0
2026-02-18T10,MIDA,Mid-Atlantic,TI,Total interchange,1746,megawatthours,2026-02-18 10:00:00,1746.0
2026-02-18T09,MIDA,Mid-Atlantic,D,Demand,88289,megawatthours,2026-02-18 09:00:00,88289.0
2026-02-18T09,MIDA,Mid-Atlantic,DF,Day-ahead demand forecast,84247,megawatthours,2026-02-18 09:00:00,84247.0
2026-02-18T09,MIDA,Mid-Atlantic,NG,Net generation,91347,megawatthours,2026-02-18 09:00:00,91347.0
2026-02-18T09,MIDA,Mid-Atlantic,TI,Total interchange,3060,megawatthours,2026-02-18 09:00:00,3060.0
2026-02-18T08,MIDA,Mid-Atlantic,D,Demand,88925,megawatthours,2026-02-18 08:00:00,88925.0
2026-02-18T08,MIDA,Mid-Atlantic,DF,Day-ahead demand forecast,83074,megawatthours,2026-02-18 08:00:00,83074.0
2026-02-18T08,MIDA,Mid-Atlantic,NG,Net generation,92139,megawatthours,2026-02-18 08:00:00,92139.0
2026-02-18T08,MIDA,Mid-Atlantic,TI,Total interchange,2301,megawatthours,2026-02-18 08:00:00,2301.0
2026-02-18T07,MIDA,Mid-Atlantic,D,Demand,88979,megawatthours,2026-02-18 07:00:00,88979.0
2026-02-18T07,MIDA,Mid-Atlantic,DF,Day-ahead demand forecast,83267,megawatthours,2026-02-18 07:00:00,83267.0
2026-02-18T07,MIDA,Mid-Atlantic,NG,Net generation,92227,megawatthours,2026-02-18 07:00:00,92227.0
2026-02-18T07,MIDA,Mid-Atlantic,TI,Total interchange,2346,megawatthours,2026-02-18 07:00:00,2346.0
2026-02-18T06,MIDA,Mid-Atlantic,D,Demand,90846,megawatthours,2026-02-18 06:00:00,90846.0
2026-02-18T06,MIDA,Mid-Atlantic,DF,Day-ahead demand forecast,84466,megawatthours,2026-02-18 06:00:00,84466.0
2026-02-18T06,MIDA,Mid-Atlantic,NG,Net generation,93660,megawatthours,2026-02-18 06:00:00,93660.0
2026-02-18T06,MIDA,Mid-Atlantic,TI,Total interchange,2718,megawatthours,2026-02-18 06:00:00,2718.0
2026-02-18T05,MIDA,Mid-Atlantic,D,Demand,93904,megawatthours,2026-02-18 05:00:00,93904.0
2026-02-18T05,MIDA,Mid-Atlantic,DF,Day-ahead demand forecast,85675,megawatthours,2026-02-18 05:00:00,85675.0
2026-02-18T05,MIDA,Mid-Atlantic,NG,Net generation,97109,megawatthours,2026-02-18 05:00:00,97109.0
2026-02-18T05,MIDA,Mid-Atlantic,TI,Total interchange,1891,megawatthours,2026-02-18 05:00:00,1891.0
2026-02-18T04,MIDA,Mid-Atlantic,D,Demand,97069,megawatthours,2026-02-18 04:00:00,97069.0
2026-02-18T04,MIDA,Mid-Atlantic,DF,Day-ahead demand forecast,88796,megawatthours,2026-02-18 04:00:00,88796.0
2026-02-18T04,MIDA,Mid-Atlantic,NG,Net generation,99510,megawatthours,2026-02-18 04:00:00,99510.0
2026-02-18T04,MIDA,Mid-Atlantic,TI,Total interchange,1672,megawatthours,2026-02-18 04:00:00,1672.0
2026-02-18T03,MIDA,Mid-Atlantic,D,Demand,99729,megawatthours,2026-02-18 03:00:00,99729.0
2026-02-18T03,MIDA,Mid-Atlantic,DF,Day-ahead demand forecast,93067,megawatthours,2026-02-18 03:00:00,93067.0
2026-02-18T03,MIDA,Mid-Atlantic,NG,Net generation,102205,megawatthours,2026-02-18 03:00:00,102205.0
2026-02-18T03,MIDA,Mid-Atlantic,TI,Total interchange,1728,megawatthours,2026-02-18 03:00:00,1728.0
2026-02-18T02,MIDA,Mid-Atlantic,D,Demand,101940,megawatthours,2026-02-18 02:00:00,101940.0
2026-02-18T02,MIDA,Mid-Atlantic,DF,Day-ahead demand forecast,97189,megawatthours,2026-02-18 02:00:00,97189.0
2026-02-18T02,MIDA,Mid-Atlantic,NG,Net generation,104767,megawatthours,2026-02-18 02:00:00,104767.0
2026-02-18T02,MIDA,Mid-Atlantic,TI,Total interchange,2042,megawatthours,2026-02-18 02:00:00,2042.0
2026-02-18T01,MIDA,Mid-Atlantic,D,Demand,103014,megawatthours,2026-02-18 01:00:00,103014.0
2026-02-18T01,MIDA,Mid-Atlantic,DF,Day-ahead demand forecast,99522,megawatthours,2026-02-18 01:00:00,99522.0
2026-02-18T01,MIDA,Mid-Atlantic,NG,Net generation,106162,megawatthours,2026-02-18 01:00:00,106162.0
2026-02-18T01,MIDA,Mid-Atlantic,TI,Total interchange,2152,megawatthours,2026-02-18 01:00:00,2152.0
2026-02-18T00,MIDA,Mid-Atlantic,D,Demand,102751,megawatthours,2026-02-18 00:00:00,102751.0
2026-02-18T00,MIDA,Mid-Atlantic,DF,Day-ahead demand forecast,100624,megawatthours,2026-02-18 00:00:00,100624.0
2026-02-18T00,MIDA,Mid-Atlantic,NG,Net generation,105480,megawatthours,2026-02-18 00:00:00,105480.0
2026-02-18T00,MIDA,Mid-Atlantic,TI,Total interchange,2058,megawatthours,2026-02-18 00:00:00,2058.0
2026-02-17T23,MIDA,Mid-Atlantic,D,Demand,99222,megawatthours,2026-02-17 23:00:00,99222.0
2026-02-17T23,MIDA,Mid-Atlantic,DF,Day-ahead demand forecast,101028,megawatthours,2026-02-17 23:00:00,101028.0
2026-02-17T23,MIDA,Mid-Atlantic,NG,Net generation,100976,megawatthours,2026-02-17 23:00:00,100976.0
2026-02-17T23,MIDA,Mid-Atlantic,TI,Total interchange,2165,megawatthours,2026-02-17 23:00:00,2165.0
2026-02-17T22,MIDA,Mid-Atlantic,D,Demand,96210,megawatthours,2026-02-17 22:00:00,96210.0
2026-02-17T22,MIDA,Mid-Atlantic,DF,Day-ahead demand forecast,99280,megawatthours,2026-02-17 22:00:00,99280.0
2026-02-17T22,MIDA,Mid-Atlantic,NG,Net generation,98493,megawatthours,2026-02-17 22:00:00,98493.0
2026-02-17T22,MIDA,Mid-Atlantic,TI,Total interchange,2079,megawatthours,2026-02-17 22:00:00,2079.0
2026-02-17T21,MIDA,Mid-Atlantic,D,Demand,95623,megawatthours,2026-02-17 21:00:00,95623.0
2026-02-17T21,MIDA,Mid-Atlantic,DF,Day-ahead demand forecast,95568,megawatthours,2026-02-17 21:00:00,95568.0
2026-02-17T21,MIDA,Mid-Atlantic,NG,Net generation,98179,megawatthours,2026-02-17 21:00:00,98179.0
2026-02-17T21,MIDA,Mid-Atlantic,TI,Total interchange,1999,megawatthours,2026-02-17 21:00:00,1999.0
2026-02-17T20,MIDA,Mid-Atlantic,D,Demand,95326,megawatthours,2026-02-17 20:00:00,95326.0
2026-02-17T20,MIDA,Mid-Atlantic,DF,Day-ahead demand forecast,93223,megawatthours,2026-02-17 20:00:00,93223.0
2026-02-17T20,MIDA,Mid-Atlantic,NG,Net generation,97955,megawatthours,2026-02-17 20:00:00,97955.0
2026-02-17T20,MIDA,Mid-Atlantic,TI,Total interchange,2115,megawatthours,2026-02-17 20:00:00,2115.0
2026-02-17T19,MIDA,Mid-Atlantic,D,Demand,96631,megawatthours,2026-02-17 19:00:00,96631.0
2026-02-17T19,MIDA,Mid-Atlantic,DF,Day-ahead demand forecast,93072,megawatthours,2026-02-17 19:00:00,93072.0
2026-02-17T19,MIDA,Mid-Atlantic,NG,Net generation,99380,megawatthours,2026-02-17 19:00:00,99380.0
2026-02-17T19,MIDA,Mid-Atlantic,TI,Total interchange,2016,megawatthours,2026-02-17 19:00:00,2016.0
2026-02-17T18,MIDA,Mid-Atlantic,D,Demand,98992,megawatthours,2026-02-17 18:00:00,98992.0
2026-02-17T18,MIDA,Mid-Atlantic,DF,Day-ahead demand forecast,93850,megawatthours,2026-02-17 18:00:00,93850.0
2026-02-17T18,MIDA,Mid-Atlantic,NG,Net generation,101047,megawatthours,2026-02-17 18:00:00,101047.0
2026-02-17T18,MIDA,Mid-Atlantic,TI,Total interchange,2127,megawatthours,2026-02-17 18:00:00,2127.0
2026-02-17T17,MIDA,Mid-Atlantic,D,Demand,101330,megawatthours,2026-02-17 17:00:00,101330.0
2026-02-17T17,MIDA,Mid-Atlantic,DF,Day-ahead demand forecast,94936,megawatthours,2026-02-17 17:00:00,94936.0
2026-02-17T17,MIDA,Mid-Atlantic,NG,Net generation,103274,megawatthours,2026-02-17 17:00:00,103274.0
2026-02-17T17,MIDA,Mid-Atlantic,TI,Total interchange,2013,megawatthours,2026-02-17 17:00:00,2013.0
2026-02-17T16,MIDA,Mid-Atlantic,D,Demand,104093,megawatthours,2026-02-17 16:00:00,104093.0
2026-02-17T16,MIDA,Mid-Atlantic,DF,Day-ahead demand forecast,96626,megawatthours,2026-02-17 16:00:00,96626.0
2026-02-17T16,MIDA,Mid-Atlantic,NG,Net generation,106647,megawatthours,2026-02-17 16:00:00,106647.0
2026-02-17T16,MIDA,Mid-Atlantic,TI,Total interchange,1953,megawatthours,2026-02-17 16:00:00,1953.0
2026-02-17T15,MIDA,Mid-Atlantic,D,Demand,106372,megawatthours,2026-02-17 15:00:00,106372.0
2026-02-17T15,MIDA,Mid-Atlantic,DF,Day-ahead demand forecast,98785,megawatthours,2026-02-17 15:00:00,98785.0
2026-02-17T15,MIDA,Mid-Atlantic,NG,Net generation,108934,megawatthours,2026-02-17 15:00:00,108934.0
2026-02-17T15,MIDA,Mid-Atlantic,TI,Total interchange,2027,megawatthours,2026-02-17 15:00:00,2027.0
2026-02-17T14,MIDA,Mid-Atlantic,D,Demand,108517,megawatthours,2026-02-17 14:00:00,108517.0
2026-02-17T14,MIDA,Mid-Atlantic,DF,Day-ahead demand forecast,101580,megawatthours,2026-02-17 14:00:00,101580.0
2026-02-17T14,MIDA,Mid-Atlantic,NG,Net generation,111793,megawatthours,2026-02-17 14:00:00,111793.0
2026-02-17T14,MIDA,Mid-Atlantic,TI,Total interchange,1897,megawatthours,2026-02-17 14:00:00,1897.0
2026-02-17T13,MIDA,Mid-Atlantic,D,Demand,108930,megawatthours,2026-02-17 13:00:00,108930.0
2026-02-17T13,MIDA,Mid-Atlantic,DF,Day-ahead demand forecast,104556,megawatthours,2026-02-17 13:00:00,104556.0
2026-02-17T13,MIDA,Mid-Atlantic,NG,Net generation,110413,megawatthours,2026-02-17 13:00:00,110413.0
2026-02-17T13,MIDA,Mid-Atlantic,TI,Total interchange,1844,megawatthours,2026-02-17 13:00:00,1844.0
2026-02-17T12,MIDA,Mid-Atlantic,D,Demand,104896,megawatthours,2026-02-17 12:00:00,104896.0
2026-02-17T12,MIDA,Mid-Atlantic,DF,Day-ahead demand forecast,105404,megawatthours,2026-02-17 12:00:00,105404.0
2026-02-17T12,MIDA,Mid-Atlantic,NG,Net generation,107149,megawatthours,2026-02-17 12:00:00,107149.0
2026-02-17T12,MIDA,Mid-Atlantic,TI,Total interchange,1827,megawatthours,2026-02-17 12:00:00,1827.0
2026-02-17T11,MIDA,Mid-Atlantic,D,Demand,98419,megawatthours,2026-02-17 11:00:00,98419.0
2026-02-17T11,MIDA,Mid-Atlantic,DF,Day-ahead demand forecast,101422,megawatthours,2026-02-17 11:00:00,101422.0
2026-02-17T11,MIDA,Mid-Atlantic,NG,Net generation,101520,megawatthours,2026-02-17 11:00:00,101520.0
2026-02-17T11,MIDA,Mid-Atlantic,TI,Total interchange,1691,megawatthours,2026-02-17 11:00:00,1691.0
2026-02-17T10,MIDA,Mid-Atlantic,D,Demand,95208,megawatthours,2026-02-17 10:00:00,95208.0
2026-02-17T10,MIDA,Mid-Atlantic,DF,Day-ahead demand forecast,95126,megawatthours,2026-02-17 10:00:00,95126.0
2026-02-17T10,MIDA,Mid-Atlantic,NG,Net generation,98775,megawatthours,2026-02-17 10:00:00,98775.0
2026-02-17T10,MIDA,Mid-Atlantic,TI,Total interchange,1685,megawatthours,2026-02-17 10:00:00,1685.0
2026-02-17T09,MIDA,Mid-Atlantic,D,Demand,93417,megawatthours,2026-02-17 09:00:00,93417.0
2026-02-17T09,MIDA,Mid-Atlantic,DF,Day-ahead demand forecast,91026,megawatthours,2026-02-17 09:00:00,91026.0
2026-02-17T09,MIDA,Mid-Atlantic,NG,Net generation,96812,megawatthours,2026-02-17 09:00:00,96812.0
2026-02-17T09,MIDA,Mid-Atlantic,TI,Total interchange,2781,megawatthours,2026-02-17 09:00:00,2781.0
2026-02-17T08,MIDA,Mid-Atlantic,D,Demand,93170,megawatthours,2026-02-17 08:00:00,93170.0
2026-02-17T08,MIDA,Mid-Atlantic,DF,Day-ahead demand forecast,89644,megawatthours,2026-02-17 08:00:00,89644.0
2026-02-17T08,MIDA,Mid-Atlantic,NG,Net generation,96167,megawatthours,2026-02-17 08:00:00,96167.0
2026-02-17T08,MIDA,Mid-Atlantic,TI,Total interchange,2654,megawatthours,2026-02-17 08:00:00,2654.0
2026-02-17T07,MIDA,Mid-Atlantic,D,Demand,93761,megawatthours,2026-02-17 07:00:00,93761.0
2026-02-17T07,MIDA,Mid-Atlantic,DF,Day-ahead demand forecast,89569,megawatthours,2026-02-17 07:00:00,89569.0
2026-02-17T07,MIDA,Mid-Atlantic,NG,Net generation,96372,megawatthours,2026-02-17 07:00:00,96372.0
2026-02-17T07,MIDA,Mid-Atlantic,TI,Total interchange,2086,megawatthours,2026-02-17 07:00:00,2086.0
2026-02-17T06,MIDA,Mid-Atlantic,D,Demand,95158,megawatthours,2026-02-17 06:00:00,95158.0
2026-02-17T06,MIDA,Mid-Atlantic,DF,Day-ahead demand forecast,90579,megawatthours,2026-02-17 06:00:00,90579.0
2026-02-17T06,MIDA,Mid-Atlantic,NG,Net generation,98269,megawatthours,2026-02-17 06:00:00,98269.0
2026-02-17T06,MIDA,Mid-Atlantic,TI,Total interchange,2656,megawatthours,2026-02-17 06:00:00,2656.0
2026-02-17T05,MIDA,Mid-Atlantic,D,Demand,97779,megawatthours,2026-02-17 05:00:00,97779.0
2026-02-17T05,MIDA,Mid-Atlantic,DF,Day-ahead demand forecast,92692,megawatthours,2026-02-17 05:00:00,92692.0
2026-02-17T05,MIDA,Mid-Atlantic,NG,Net generation,100765,megawatthours,2026-02-17 05:00:00,100765.0
2026-02-17T05,MIDA,Mid-Atlantic,TI,Total interchange,1941,megawatthours,2026-02-17 05:00:00,1941.0
2026-02-17T04,MIDA,Mid-Atlantic,D,Demand,100831,megawatthours,2026-02-17 04:00:00,100831.0
2026-02-17T04,MIDA,Mid-Atlantic,DF,Day-ahead demand forecast,94991,megawatthours,2026-02-17 04:00:00,94991.0
2026-02-17T04,MIDA,Mid-Atlantic,NG,Net generation,103658,megawatthours,2026-02-17 04:00:00,103658.0
2026-02-17T04,MIDA,Mid-Atlantic,TI,Total interchange,1829,megawatthours,2026-02-17 04:00:00,1829.0
2026-02-17T03,MIDA,Mid-Atlantic,D,Demand,103658,megawatthours,2026-02-17 03:00:00,103658.0
2026-02-17T03,MIDA,Mid-Atlantic,DF,Day-ahead demand forecast,98923,megawatthours,2026-02-17 03:00:00,98923.0
2026-02-17T03,MIDA,Mid-Atlantic,NG,Net generation,105988,megawatthours,2026-02-17 03:00:00,105988.0
2026-02-17T03,MIDA,Mid-Atlantic,TI,Total interchange,1752,megawatthours,2026-02-17 03:00:00,1752.0
2026-02-17T02,MIDA,Mid-Atlantic,D,Demand,106234,megawatthours,2026-02-17 02:00:00,106234.0
2026-02-17T02,MIDA,Mid-Atlantic,DF,Day-ahead demand forecast,102759,megawatthours,2026-02-17 02:00:00,102759.0
2026-02-17T02,MIDA,Mid-Atlantic,NG,Net generation,108748,megawatthours,2026-02-17 02:00:00,108748.0
2026-02-17T02,MIDA,Mid-Atlantic,TI,Total interchange,1930,megawatthours,2026-02-17 02:00:00,1930.0
2026-02-17T01,MIDA,Mid-Atlantic,D,Demand,107478,megawatthours,2026-02-17 01:00:00,107478.0
2026-02-17T01,MIDA,Mid-Atlantic,DF,Day-ahead demand forecast,104935,megawatthours,2026-02-17 01:00:00,104935.0
2026-02-17T01,MIDA,Mid-Atlantic,NG,Net generation,109957,megawatthours,2026-02-17 01:00:00,109957.0
2026-02-17T01,MIDA,Mid-Atlantic,TI,Total interchange,2085,megawatthours,2026-02-17 01:00:00,2085.0
2026-02-17T00,MIDA,Mid-Atlantic,D,Demand,107132,megawatthours,2026-02-17 00:00:00,107132.0
2026-02-17T00,MIDA,Mid-Atlantic,DF,Day-ahead demand forecast,105780,megawatthours,2026-02-17 00:00:00,105780.0
2026-02-17T00,MIDA,Mid-Atlantic,NG,Net generation,109339,megawatthours,2026-02-17 00:00:00,109339.0
2026-02-17T00,MIDA,Mid-Atlantic,TI,Total interchange,1995,megawatthours,2026-02-17 00:00:00,1995.0
2026-02-16T23,MIDA,Mid-Atlantic,D,Demand,103568,megawatthours,2026-02-16 23:00:00,103568.0
2026-02-16T23,MIDA,Mid-Atlantic,DF,Day-ahead demand forecast,105810,megawatthours,2026-02-16 23:00:00,105810.0
2026-02-16T23,MIDA,Mid-Atlantic,NG,Net generation,105702,megawatthours,2026-02-16 23:00:00,105702.0
2026-02-16T23,MIDA,Mid-Atlantic,TI,Total interchange,1951,megawatthours,2026-02-16 23:00:00,1951.0
2026-02-16T22,MIDA,Mid-Atlantic,D,Demand,100369,megawatthours,2026-02-16 22:00:00,100369.0
2026-02-16T22,MIDA,Mid-Atlantic,DF,Day-ahead demand forecast,103375,megawatthours,2026-02-16 22:00:00,103375.0
2026-02-16T22,MIDA,Mid-Atlantic,NG,Net generation,102539,megawatthours,2026-02-16 22:00:00,102539.0
2026-02-16T22,MIDA,Mid-Atlantic,TI,Total interchange,1851,megawatthours,2026-02-16 22:00:00,1851.0
2026-02-16T21,MIDA,Mid-Atlantic,D,Demand,100985,megawatthours,2026-02-16 21:00:00,100985.0
2026-02-16T21,MIDA,Mid-Atlantic,DF,Day-ahead demand forecast,98810,megawatthours,2026-02-16 21:00:00,98810.0
2026-02-16T21,MIDA,Mid-Atlantic,NG,Net generation,103021,megawatthours,2026-02-16 21:00:00,103021.0
2026-02-16T21,MIDA,Mid-Atlantic,TI,Total interchange,1977,megawatthours,2026-02-16 21:00:00,1977.0
2026-02-16T20,MIDA,Mid-Atlantic,D,Demand,101499,megawatthours,2026-02-16 20:00:00,101499.0
2026-02-16T20,MIDA,Mid-Atlantic,DF,Day-ahead demand forecast,96096,megawatthours,2026-02-16 20:00:00,96096.0
2026-02-16T20,MIDA,Mid-Atlantic,NG,Net generation,103927,megawatthours,2026-02-16 20:00:00,103927.0
2026-02-16T20,MIDA,Mid-Atlantic,TI,Total interchange,1927,megawatthours,2026-02-16 20:00:00,1927.0
2026-02-16T19,MIDA,Mid-Atlantic,D,Demand,102098,megawatthours,2026-02-16 19:00:00,102098.0
2026-02-16T19,MIDA,Mid-Atlantic,DF,Day-ahead demand forecast,95788,megawatthours,2026-02-16 19:00:00,95788.0
2026-02-16T19,MIDA,Mid-Atlantic,NG,Net generation,104316,megawatthours,2026-02-16 19:00:00,104316.0
2026-02-16T19,MIDA,Mid-Atlantic,TI,Total interchange,1758,megawatthours,2026-02-16 19:00:00,1758.0
2026-02-16T18,MIDA,Mid-Atlantic,D,Demand,102804,megawatthours,2026-02-16 18:00:00,102804.0
2026-02-16T18,MIDA,Mid-Atlantic,DF,Day-ahead demand forecast,96665,megawatthours,2026-02-16 18:00:00,96665.0
2026-02-16T18,MIDA,Mid-Atlantic,NG,Net generation,104161,megawatthours,2026-02-16 18:00:00,104161.0
2026-02-16T18,MIDA,Mid-Atlantic,TI,Total interchange,1443,megawatthours,2026-02-16 18:00:00,1443.0
2026-02-16T17,MIDA,Mid-Atlantic,D,Demand,104508,megawatthours,2026-02-16 17:00:00,104508.0
2026-02-16T17,MIDA,Mid-Atlantic,DF,Day-ahead demand forecast,97839,megawatthours,2026-02-16 17:00:00,97839.0
2026-02-16T17,MIDA,Mid-Atlantic,NG,Net generation,105484,megawatthours,2026-02-16 17:00:00,105484.0
2026-02-16T17,MIDA,Mid-Atlantic,TI,Total interchange,1396,megawatthours,2026-02-16 17:00:00,1396.0
2026-02-16T16,MIDA,Mid-Atlantic,D,Demand,105727,megawatthours,2026-02-16 16:00:00,105727.0
2026-02-16T16,MIDA,Mid-Atlantic,DF,Day-ahead demand forecast,99607,megawatthours,2026-02-16 16:00:00,99607.0
2026-02-16T16,MIDA,Mid-Atlantic,NG,Net generation,107074,megawatthours,2026-02-16 16:00:00,107074.0
2026-02-16T16,MIDA,Mid-Atlantic,TI,Total interchange,1177,megawatthours,2026-02-16 16:00:00,1177.0
2026-02-16T15,MIDA,Mid-Atlantic,D,Demand,106598,megawatthours,2026-02-16 15:00:00,106598.0
2026-02-16T15,MIDA,Mid-Atlantic,DF,Day-ahead demand forecast,101645,megawatthours,2026-02-16 15:00:00,101645.0
2026-02-16T15,MIDA,Mid-Atlantic,NG,Net generation,108458,megawatthours,2026-02-16 15:00:00,108458.0
2026-02-16T15,MIDA,Mid-Atlantic,TI,Total interchange,1632,megawatthours,2026-02-16 15:00:00,1632.0
2026-02-16T14,MIDA,Mid-Atlantic,D,Demand,106618,megawatthours,2026-02-16 14:00:00,106618.0
2026-02-16T14,MIDA,Mid-Atlantic,DF,Day-ahead demand forecast,104425,megawatthours,2026-02-16 14:00:00,104425.0
2026-02-16T14,MIDA,Mid-Atlantic,NG,Net generation,108174,megawatthours,2026-02-16 14:00:00,108174.0
2026-02-16T14,MIDA,Mid-Atlantic,TI,Total interchange,1642,megawatthours,2026-02-16 14:00:00,1642.0
2026-02-16T13,MIDA,Mid-Atlantic,D,Demand,105023,megawatthours,2026-02-16 13:00:00,105023.0
2026-02-16T13,MIDA,Mid-Atlantic,DF,Day-ahead demand forecast,107053,megawatthours,2026-02-16 13:00:00,107053.0
2026-02-16T13,MIDA,Mid-Atlantic,NG,Net generation,105985,megawatthours,2026-02-16 13:00:00,105985.0
2026-02-16T13,MIDA,Mid-Atlantic,TI,Total interchange,1642,megawatthours,2026-02-16 13:00:00,1642.0
2026-02-16T12,MIDA,Mid-Atlantic,D,Demand,100746,megawatthours,2026-02-16 12:00:00,100746.0
2026-02-16T12,MIDA,Mid-Atlantic,DF,Day-ahead demand forecast,107283,megawatthours,2026-02-16 12:00:00,107283.0
2026-02-16T12,MIDA,Mid-Atlantic,NG,Net generation,101749,megawatthours,2026-02-16 12:00:00,101749.0
2026-02-16T12,MIDA,Mid-Atlantic,TI,Total interchange,1394,megawatthours,2026-02-16 12:00:00,1394.0
2026-02-16T11,MIDA,Mid-Atlantic,D,Demand,95305,megawatthours,2026-02-16 11:00:00,95305.0
2026-02-16T11,MIDA,Mid-Atlantic,DF,Day-ahead demand forecast,102591,megawatthours,2026-02-16 11:00:00,102591.0
2026-02-16T11,MIDA,Mid-Atlantic,NG,Net generation,97702,megawatthours,2026-02-16 11:00:00,97702.0
2026-02-16T11,MIDA,Mid-Atlantic,TI,Total interchange,1267,megawatthours,2026-02-16 11:00:00,1267.0
2026-02-16T10,MIDA,Mid-Atlantic,D,Demand,92294,megawatthours,2026-02-16 10:00:00,92294.0
2026-02-16T10,MIDA,Mid-Atlantic,DF,Day-ahead demand forecast,95648,megawatthours,2026-02-16 10:00:00,95648.0
2026-02-16T10,MIDA,Mid-Atlantic,NG,Net generation,95150,megawatthours,2026-02-16 10:00:00,95150.0
2026-02-16T10,MIDA,Mid-Atlantic,TI,Total interchange,1230,megawatthours,2026-02-16 10:00:00,1230.0
2026-02-16T09,MIDA,Mid-Atlantic,D,Demand,90752,megawatthours,2026-02-16 09:00:00,90752.0
2026-02-16T09,MIDA,Mid-Atlantic,DF,Day-ahead demand forecast,90977,megawatthours,2026-02-16 09:00:00,90977.0
2026-02-16T09,MIDA,Mid-Atlantic,NG,Net generation,93687,megawatthours,2026-02-16 09:00:00,93687.0
2026-02-16T09,MIDA,Mid-Atlantic,TI,Total interchange,1247,megawatthours,2026-02-16 09:00:00,1247.0
2026-02-16T08,MIDA,Mid-Atlantic,D,Demand,90447,megawatthours,2026-02-16 08:00:00,90447.0
2026-02-16T08,MIDA,Mid-Atlantic,DF,Day-ahead demand forecast,89041,megawatthours,2026-02-16 08:00:00,89041.0
2026-02-16T08,MIDA,Mid-Atlantic,NG,Net generation,92984,megawatthours,2026-02-16 08:00:00,92984.0
2026-02-16T08,MIDA,Mid-Atlantic,TI,Total interchange,810,megawatthours,2026-02-16 08:00:00,810.0
2026-02-16T07,MIDA,Mid-Atlantic,D,Demand,90781,megawatthours,2026-02-16 07:00:00,90781.0
2026-02-16T07,MIDA,Mid-Atlantic,DF,Day-ahead demand forecast,88588,megawatthours,2026-02-16 07:00:00,88588.0
2026-02-16T07,MIDA,Mid-Atlantic,NG,Net generation,92992,megawatthours,2026-02-16 07:00:00,92992.0
2026-02-16T07,MIDA,Mid-Atlantic,TI,Total interchange,396,megawatthours,2026-02-16 07:00:00,396.0
2026-02-16T06,MIDA,Mid-Atlantic,D,Demand,92146,megawatthours,2026-02-16 06:00:00,92146.0
2026-02-16T06,MIDA,Mid-Atlantic,DF,Day-ahead demand forecast,89314,megawatthours,2026-02-16 06:00:00,89314.0
2026-02-16T06,MIDA,Mid-Atlantic,NG,Net generation,94367,megawatthours,2026-02-16 06:00:00,94367.0
2026-02-16T06,MIDA,Mid-Atlantic,TI,Total interchange,962,megawatthours,2026-02-16 06:00:00,962.0
2026-02-16T05,MIDA,Mid-Atlantic,D,Demand,94253,megawatthours,2026-02-16 05:00:00,94253.0
2026-02-16T05,MIDA,Mid-Atlantic,DF,Day-ahead demand forecast,91479,megawatthours,2026-02-16 05:00:00,91479.0
2026-02-16T05,MIDA,Mid-Atlantic,NG,Net generation,96657,megawatthours,2026-02-16 05:00:00,96657.0
2026-02-16T05,MIDA,Mid-Atlantic,TI,Total interchange,1610,megawatthours,2026-02-16 05:00:00,1610.0
2026-02-16T04,MIDA,Mid-Atlantic,D,Demand,96187,megawatthours,2026-02-16 04:00:00,96187.0
2026-02-16T04,MIDA,Mid-Atlantic,DF,Day-ahead demand forecast,93866,megawatthours,2026-02-16 04:00:00,93866.0
2026-02-16T04,MIDA,Mid-Atlantic,NG,Net generation,98171,megawatthours,2026-02-16 04:00:00,98171.0
2026-02-16T04,MIDA,Mid-Atlantic,TI,Total interchange,1504,megawatthours,2026-02-16 04:00:00,1504.0
2026-02-16T03,MIDA,Mid-Atlantic,D,Demand,98304,megawatthours,2026-02-16 03:00:00,98304.0
2026-02-16T03,MIDA,Mid-Atlantic,DF,Day-ahead demand forecast,97049,megawatthours,2026-02-16 03:00:00,97049.0
2026-02-16T03,MIDA,Mid-Atlantic,NG,Net generation,99843,megawatthours,2026-02-16 03:00:00,99843.0
2026-02-16T03,MIDA,Mid-Atlantic,TI,Total interchange,1401,megawatthours,2026-02-16 03:00:00,1401.0
2026-02-16T02,MIDA,Mid-Atlantic,D,Demand,100321,megawatthours,2026-02-16 02:00:00,100321.0
2026-02-16T02,MIDA,Mid-Atlantic,DF,Day-ahead demand forecast,100021,megawatthours,2026-02-16 02:00:00,100021.0
2026-02-16T02,MIDA,Mid-Atlantic,NG,Net generation,102322,megawatthours,2026-02-16 02:00:00,102322.0
2026-02-16T02,MIDA,Mid-Atlantic,TI,Total interchange,1611,megawatthours,2026-02-16 02:00:00,1611.0
2026-02-16T01,MIDA,Mid-Atlantic,D,Demand,101390,megawatthours,2026-02-16 01:00:00,101390.0
2026-02-16T01,MIDA,Mid-Atlantic,DF,Day-ahead demand forecast,102104,megawatthours,2026-02-16 01:00:00,102104.0
2026-02-16T01,MIDA,Mid-Atlantic,NG,Net generation,103391,megawatthours,2026-02-16 01:00:00,103391.0
2026-02-16T01,MIDA,Mid-Atlantic,TI,Total interchange,1882,megawatthours,2026-02-16 01:00:00,1882.0
2026-02-16T00,MIDA,Mid-Atlantic,D,Demand,101233,megawatthours,2026-02-16 00:00:00,101233.0
2026-02-16T00,MIDA,Mid-Atlantic,DF,Day-ahead demand forecast,103112,megawatthours,2026-02-16 00:00:00,103112.0
2026-02-16T00,MIDA,Mid-Atlantic,NG,Net generation,103304,megawatthours,2026-02-16 00:00:00,103304.0
2026-02-16T00,MIDA,Mid-Atlantic,TI,Total interchange,2016,megawatthours,2026-02-16 00:00:00,2016.0
2026-02-15T23,MIDA,Mid-Atlantic,D,Demand,98477,megawatthours,2026-02-15 23:00:00,98477.0
2026-02-15T23,MIDA,Mid-Atlantic,DF,Day-ahead demand forecast,103419,megawatthours,2026-02-15 23:00:00,103419.0
2026-02-15T23,MIDA,Mid-Atlantic,NG,Net generation,100276,megawatthours,2026-02-15 23:00:00,100276.0
2026-02-15T23,MIDA,Mid-Atlantic,TI,Total interchange,1928,megawatthours,2026-02-15 23:00:00,1928.0
2026-02-15T22,MIDA,Mid-Atlantic,D,Demand,95757,megawatthours,2026-02-15 22:00:00,95757.0
2026-02-15T22,MIDA,Mid-Atlantic,DF,Day-ahead demand forecast,100923,megawatthours,2026-02-15 22:00:00,100923.0
2026-02-15T22,MIDA,Mid-Atlantic,NG,Net generation,97866,megawatthours,2026-02-15 22:00:00,97866.0
2026-02-15T22,MIDA,Mid-Atlantic,TI,Total interchange,1955,megawatthours,2026-02-15 22:00:00,1955.0
2026-02-15T21,MIDA,Mid-Atlantic,D,Demand,94463,megawatthours,2026-02-15 21:00:00,94463.0
2026-02-15T21,MIDA,Mid-Atlantic,DF,Day-ahead demand forecast,96158,megawatthours,2026-02-15 21:00:00,96158.0
2026-02-15T21,MIDA,Mid-Atlantic,NG,Net generation,97291,megawatthours,2026-02-15 21:00:00,97291.0
2026-02-15T21,MIDA,Mid-Atlantic,TI,Total interchange,1857,megawatthours,2026-02-15 21:00:00,1857.0
2026-02-15T20,MIDA,Mid-Atlantic,D,Demand,94212,megawatthours,2026-02-15 20:00:00,94212.0
2026-02-15T20,MIDA,Mid-Atlantic,DF,Day-ahead demand forecast,92906,megawatthours,2026-02-15 20:00:00,92906.0
2026-02-15T20,MIDA,Mid-Atlantic,NG,Net generation,96902,megawatthours,2026-02-15 20:00:00,96902.0
2026-02-15T20,MIDA,Mid-Atlantic,TI,Total interchange,1767,megawatthours,2026-02-15 20:00:00,1767.0
2026-02-15T19,MIDA,Mid-Atlantic,D,Demand,94214,megawatthours,2026-02-15 19:00:00,94214.0
2026-02-15T19,MIDA,Mid-Atlantic,DF,Day-ahead demand forecast,91664,megawatthours,2026-02-15 19:00:00,91664.0
2026-02-15T19,MIDA,Mid-Atlantic,NG,Net generation,96697,megawatthours,2026-02-15 19:00:00,96697.0
2026-02-15T19,MIDA,Mid-Atlantic,TI,Total interchange,1732,megawatthours,2026-02-15 19:00:00,1732.0
2026-02-15T18,MIDA,Mid-Atlantic,D,Demand,94051,megawatthours,2026-02-15 18:00:00,94051.0
2026-02-15T18,MIDA,Mid-Atlantic,DF,Day-ahead demand forecast,91694,megawatthours,2026-02-15 18:00:00,91694.0
2026-02-15T18,MIDA,Mid-Atlantic,NG,Net generation,96576,megawatthours,2026-02-15 18:00:00,96576.0
2026-02-15T18,MIDA,Mid-Atlantic,TI,Total interchange,1834,megawatthours,2026-02-15 18:00:00,1834.0
2026-02-15T17,MIDA,Mid-Atlantic,D,Demand,94374,megawatthours,2026-02-15 17:00:00,94374.0
2026-02-15T17,MIDA,Mid-Atlantic,DF,Day-ahead demand forecast,92106,megawatthours,2026-02-15 17:00:00,92106.0
2026-02-15T17,MIDA,Mid-Atlantic,NG,Net generation,96415,megawatthours,2026-02-15 17:00:00,96415.0
2026-02-15T17,MIDA,Mid-Atlantic,TI,Total interchange,1760,megawatthours,2026-02-15 17:00:00,1760.0
2026-02-15T16,MIDA,Mid-Atlantic,D,Demand,95156,megawatthours,2026-02-15 16:00:00,95156.0
2026-02-15T16,MIDA,Mid-Atlantic,DF,Day-ahead demand forecast,92529,megawatthours,2026-02-15 16:00:00,92529.0
2026-02-15T16,MIDA,Mid-Atlantic,NG,Net generation,97223,megawatthours,2026-02-15 16:00:00,97223.0
2026-02-15T16,MIDA,Mid-Atlantic,TI,Total interchange,1496,megawatthours,2026-02-15 16:00:00,1496.0
2026-02-15T15,MIDA,Mid-Atlantic,D,Demand,96071,megawatthours,2026-02-15 15:00:00,96071.0
2026-02-15T15,MIDA,Mid-Atlantic,DF,Day-ahead demand forecast,93669,megawatthours,2026-02-15 15:00:00,93669.0
2026-02-15T15,MIDA,Mid-Atlantic,NG,Net generation,98137,megawatthours,2026-02-15 15:00:00,98137.0
2026-02-15T15,MIDA,Mid-Atlantic,TI,Total interchange,1503,megawatthours,2026-02-15 15:00:00,1503.0
2026-02-15T14,MIDA,Mid-Atlantic,D,Demand,95722,megawatthours,2026-02-15 14:00:00,95722.0
2026-02-15T14,MIDA,Mid-Atlantic,DF,Day-ahead demand forecast,94834,megawatthours,2026-02-15 14:00:00,94834.0
2026-02-15T14,MIDA,Mid-Atlantic,NG,Net generation,97972,megawatthours,2026-02-15 14:00:00,97972.0
2026-02-15T14,MIDA,Mid-Atlantic,TI,Total interchange,1378,megawatthours,2026-02-15 14:00:00,1378.0
2026-02-15T13,MIDA,Mid-Atlantic,D,Demand,94551,megawatthours,2026-02-15 13:00:00,94551.0
2026-02-15T13,MIDA,Mid-Atlantic,DF,Day-ahead demand forecast,95269,megawatthours,2026-02-15 13:00:00,95269.0
2026-02-15T13,MIDA,Mid-Atlantic,NG,Net generation,96561,megawatthours,2026-02-15 13:00:00,96561.0
2026-02-15T13,MIDA,Mid-Atlantic,TI,Total interchange,1404,megawatthours,2026-02-15 13:00:00,1404.0
2026-02-15T12,MIDA,Mid-Atlantic,D,Demand,92481,megawatthours,2026-02-15 12:00:00,92481.0
2026-02-15T12,MIDA,Mid-Atlantic,DF,Day-ahead demand forecast,94253,megawatthours,2026-02-15 12:00:00,94253.0
2026-02-15T12,MIDA,Mid-Atlantic,NG,Net generation,94448,megawatthours,2026-02-15 12:00:00,94448.0
2026-02-15T12,MIDA,Mid-Atlantic,TI,Total interchange,1443,megawatthours,2026-02-15 12:00:00,1443.0
2026-02-15T11,MIDA,Mid-Atlantic,D,Demand,90913,megawatthours,2026-02-15 11:00:00,90913.0
2026-02-15T11,MIDA,Mid-Atlantic,DF,Day-ahead demand forecast,91724,megawatthours,2026-02-15 11:00:00,91724.0
2026-02-15T11,MIDA,Mid-Atlantic,NG,Net generation,93300,megawatthours,2026-02-15 11:00:00,93300.0
2026-02-15T11,MIDA,Mid-Atlantic,TI,Total interchange,1424,megawatthours,2026-02-15 11:00:00,1424.0
2026-02-15T10,MIDA,Mid-Atlantic,D,Demand,90477,megawatthours,2026-02-15 10:00:00,90477.0
2026-02-15T10,MIDA,Mid-Atlantic,DF,Day-ahead demand forecast,89267,megawatthours,2026-02-15 10:00:00,89267.0
2026-02-15T10,MIDA,Mid-Atlantic,NG,Net generation,93139,megawatthours,2026-02-15 10:00:00,93139.0
2026-02-15T10,MIDA,Mid-Atlantic,TI,Total interchange,1420,megawatthours,2026-02-15 10:00:00,1420.0
2026-02-15T09,MIDA,Mid-Atlantic,D,Demand,90155,megawatthours,2026-02-15 09:00:00,90155.0
2026-02-15T09,MIDA,Mid-Atlantic,DF,Day-ahead demand forecast,87675,megawatthours,2026-02-15 09:00:00,87675.0
2026-02-15T09,MIDA,Mid-Atlantic,NG,Net generation,93133,megawatthours,2026-02-15 09:00:00,93133.0
2026-02-15T09,MIDA,Mid-Atlantic,TI,Total interchange,988,megawatthours,2026-02-15 09:00:00,988.0
2026-02-15T08,MIDA,Mid-Atlantic,D,Demand,90371,megawatthours,2026-02-15 08:00:00,90371.0
2026-02-15T08,MIDA,Mid-Atlantic,DF,Day-ahead demand forecast,87177,megawatthours,2026-02-15 08:00:00,87177.0
2026-02-15T08,MIDA,Mid-Atlantic,NG,Net generation,93500,megawatthours,2026-02-15 08:00:00,93500.0
2026-02-15T08,MIDA,Mid-Atlantic,TI,Total interchange,917,megawatthours,2026-02-15 08:00:00,917.0
2026-02-15T07,MIDA,Mid-Atlantic,D,Demand,91470,megawatthours,2026-02-15 07:00:00,91470.0
2026-02-15T07,MIDA,Mid-Atlantic,DF,Day-ahead demand forecast,87327,megawatthours,2026-02-15 07:00:00,87327.0
2026-02-15T07,MIDA,Mid-Atlantic,NG,Net generation,94761,megawatthours,2026-02-15 07:00:00,94761.0
2026-02-15T07,MIDA,Mid-Atlantic,TI,Total interchange,627,megawatthours,2026-02-15 07:00:00,627.0
2026-02-15T06,MIDA,Mid-Atlantic,D,Demand,92473,megawatthours,2026-02-15 06:00:00,92473.0
2026-02-15T06,MIDA,Mid-Atlantic,DF,Day-ahead demand forecast,88185,megawatthours,2026-02-15 06:00:00,88185.0
2026-02-15T06,MIDA,Mid-Atlantic,NG,Net generation,95911,megawatthours,2026-02-15 06:00:00,95911.0
2026-02-15T06,MIDA,Mid-Atlantic,TI,Total interchange,477,megawatthours,2026-02-15 06:00:00,477.0
2026-02-15T05,MIDA,Mid-Atlantic,D,Demand,93584,megawatthours,2026-02-15 05:00:00,93584.0
2026-02-15T05,MIDA,Mid-Atlantic,DF,Day-ahead demand forecast,91717,megawatthours,2026-02-15 05:00:00,91717.0
2026-02-15T05,MIDA,Mid-Atlantic,NG,Net generation,97478,megawatthours,2026-02-15 05:00:00,97478.0
2026-02-15T05,MIDA,Mid-Atlantic,TI,Total interchange,1260,megawatthours,2026-02-15 05:00:00,1260.0
2026-02-15T04,MIDA,Mid-Atlantic,D,Demand,95100,megawatthours,2026-02-15 04:00:00,95100.0
2026-02-15T04,MIDA,Mid-Atlantic,DF,Day-ahead demand forecast,93319,megawatthours,2026-02-15 04:00:00,93319.0
2026-02-15T04,MIDA,Mid-Atlantic,NG,Net generation,98963,megawatthours,2026-02-15 04:00:00,98963.0
2026-02-15T04,MIDA,Mid-Atlantic,TI,Total interchange,1246,megawatthours,2026-02-15 04:00:00,1246.0
2026-02-15T03,MIDA,Mid-Atlantic,D,Demand,96437,megawatthours,2026-02-15 03:00:00,96437.0
2026-02-15T03,MIDA,Mid-Atlantic,DF,Day-ahead demand forecast,96361,megawatthours,2026-02-15 03:00:00,96361.0
2026-02-15T03,MIDA,Mid-Atlantic,NG,Net generation,100076,megawatthours,2026-02-15 03:00:00,100076.0
2026-02-15T03,MIDA,Mid-Atlantic,TI,Total interchange,1254,megawatthours,2026-02-15 03:00:00,1254.0
2026-02-15T02,MIDA,Mid-Atlantic,D,Demand,97586,megawatthours,2026-02-15 02:00:00,97586.0
2026-02-15T02,MIDA,Mid-Atlantic,DF,Day-ahead demand forecast,98841,megawatthours,2026-02-15 02:00:00,98841.0
2026-02-15T02,MIDA,Mid-Atlantic,NG,Net generation,101072,megawatthours,2026-02-15 02:00:00,101072.0
2026-02-15T02,MIDA,Mid-Atlantic,TI,Total interchange,1552,megawatthours,2026-02-15 02:00:00,1552.0
2026-02-15T01,MIDA,Mid-Atlantic,D,Demand,98320,megawatthours,2026-02-15 01:00:00,98320.0
2026-02-15T01,MIDA,Mid-Atlantic,DF,Day-ahead demand forecast,99961,megawatthours,2026-02-15 01:00:00,99961.0
2026-02-15T01,MIDA,Mid-Atlantic,NG,Net generation,101755,megawatthours,2026-02-15 01:00:00,101755.0
2026-02-15T01,MIDA,Mid-Atlantic,TI,Total interchange,1783,megawatthours,2026-02-15 01:00:00,1783.0
2026-02-15T00,MIDA,Mid-Atlantic,D,Demand,97931,megawatthours,2026-02-15 00:00:00,97931.0
2026-02-15T00,MIDA,Mid-Atlantic,DF,Day-ahead demand forecast,100327,megawatthours,2026-02-15 00:00:00,100327.0
2026-02-15T00,MIDA,Mid-Atlantic,NG,Net generation,101523,megawatthours,2026-02-15 00:00:00,101523.0
2026-02-15T00,MIDA,Mid-Atlantic,TI,Total interchange,1856,megawatthours,2026-02-15 00:00:00,1856.0
2026-02-14T23,MIDA,Mid-Atlantic,D,Demand,94462,megawatthours,2026-02-14 23:00:00,94462.0
2026-02-14T23,MIDA,Mid-Atlantic,DF,Day-ahead demand forecast,100072,megawatthours,2026-02-14 23:00:00,100072.0
2026-02-14T23,MIDA,Mid-Atlantic,NG,Net generation,97819,megawatthours,2026-02-14 23:00:00,97819.0
2026-02-14T23,MIDA,Mid-Atlantic,TI,Total interchange,1864,megawatthours,2026-02-14 23:00:00,1864.0
2026-02-14T22,MIDA,Mid-Atlantic,D,Demand,91338,megawatthours,2026-02-14 22:00:00,91338.0
2026-02-14T22,MIDA,Mid-Atlantic,DF,Day-ahead demand forecast,97279,megawatthours,2026-02-14 22:00:00,97279.0
2026-02-14T22,MIDA,Mid-Atlantic,NG,Net generation,95035,megawatthours,2026-02-14 22:00:00,95035.0
2026-02-14T22,MIDA,Mid-Atlantic,TI,Total interchange,1838,megawatthours,2026-02-14 22:00:00,1838.0
2026-02-14T21,MIDA,Mid-Atlantic,D,Demand,90261,megawatthours,2026-02-14 21:00:00,90261.0
2026-02-14T21,MIDA,Mid-Atlantic,DF,Day-ahead demand forecast,93408,megawatthours,2026-02-14 21:00:00,93408.0
2026-02-14T21,MIDA,Mid-Atlantic,NG,Net generation,94602,megawatthours,2026-02-14 21:00:00,94602.0
2026-02-14T21,MIDA,Mid-Atlantic,TI,Total interchange,1887,megawatthours,2026-02-14 21:00:00,1887.0
2026-02-14T20,MIDA,Mid-Atlantic,D,Demand,89998,megawatthours,2026-02-14 20:00:00,89998.0
2026-02-14T20,MIDA,Mid-Atlantic,DF,Day-ahead demand forecast,90896,megawatthours,2026-02-14 20:00:00,90896.0
2026-02-14T20,MIDA,Mid-Atlantic,NG,Net generation,94361,megawatthours,2026-02-14 20:00:00,94361.0
2026-02-14T20,MIDA,Mid-Atlantic,TI,Total interchange,1687,megawatthours,2026-02-14 20:00:00,1687.0
2026-02-14T19,MIDA,Mid-Atlantic,D,Demand,91458,megawatthours,2026-02-14 19:00:00,91458.0
2026-02-14T19,MIDA,Mid-Atlantic,DF,Day-ahead demand forecast,90523,megawatthours,2026-02-14 19:00:00,90523.0
2026-02-14T19,MIDA,Mid-Atlantic,NG,Net generation,95754,megawatthours,2026-02-14 19:00:00,95754.0
2026-02-14T19,MIDA,Mid-Atlantic,TI,Total interchange,1807,megawatthours,2026-02-14 19:00:00,1807.0
2026-02-14T18,MIDA,Mid-Atlantic,D,Demand,93657,megawatthours,2026-02-14 18:00:00,93657.0
2026-02-14T18,MIDA,Mid-Atlantic,DF,Day-ahead demand forecast,91627,megawatthours,2026-02-14 18:00:00,91627.0
2026-02-14T18,MIDA,Mid-Atlantic,NG,Net generation,98035,megawatthours,2026-02-14 18:00:00,98035.0
2026-02-14T18,MIDA,Mid-Atlantic,TI,Total interchange,1779,megawatthours,2026-02-14 18:00:00,1779.0
2026-02-14T17,MIDA,Mid-Atlantic,D,Demand,96801,megawatthours,2026-02-14 17:00:00,96801.0
2026-02-14T17,MIDA,Mid-Atlantic,DF,Day-ahead demand forecast,93432,megawatthours,2026-02-14 17:00:00,93432.0
2026-02-14T17,MIDA,Mid-Atlantic,NG,Net generation,100915,megawatthours,2026-02-14 17:00:00,100915.0
2026-02-14T17,MIDA,Mid-Atlantic,TI,Total interchange,1843,megawatthours,2026-02-14 17:00:00,1843.0
2026-02-14T16,MIDA,Mid-Atlantic,D,Demand,100065,megawatthours,2026-02-14 16:00:00,100065.0
2026-02-14T16,MIDA,Mid-Atlantic,DF,Day-ahead demand forecast,95975,megawatthours,2026-02-14 16:00:00,95975.0
2026-02-14T16,MIDA,Mid-Atlantic,NG,Net generation,103369,megawatthours,2026-02-14 16:00:00,103369.0
2026-02-14T16,MIDA,Mid-Atlantic,TI,Total interchange,1643,megawatthours,2026-02-14 16:00:00,1643.0
2026-02-14T15,MIDA,Mid-Atlantic,D,Demand,103510,megawatthours,2026-02-14 15:00:00,103510.0
2026-02-14T15,MIDA,Mid-Atlantic,DF,Day-ahead demand forecast,99095,megawatthours,2026-02-14 15:00:00,99095.0
2026-02-14T15,MIDA,Mid-Atlantic,NG,Net generation,106615,megawatthours,2026-02-14 15:00:00,106615.0
2026-02-14T15,MIDA,Mid-Atlantic,TI,Total interchange,1595,megawatthours,2026-02-14 15:00:00,1595.0
2026-02-14T14,MIDA,Mid-Atlantic,D,Demand,106294,megawatthours,2026-02-14 14:00:00,106294.0
2026-02-14T14,MIDA,Mid-Atlantic,DF,Day-ahead demand forecast,102498,megawatthours,2026-02-14 14:00:00,102498.0
2026-02-14T14,MIDA,Mid-Atlantic,NG,Net generation,109200,megawatthours,2026-02-14 14:00:00,109200.0
2026-02-14T14,MIDA,Mid-Atlantic,TI,Total interchange,1675,megawatthours,2026-02-14 14:00:00,1675.0
2026-02-14T13,MIDA,Mid-Atlantic,D,Demand,107423,megawatthours,2026-02-14 13:00:00,107423.0
2026-02-14T13,MIDA,Mid-Atlantic,DF,Day-ahead demand forecast,105302,megawatthours,2026-02-14 13:00:00,105302.0
2026-02-14T13,MIDA,Mid-Atlantic,NG,Net generation,109341,megawatthours,2026-02-14 13:00:00,109341.0
2026-02-14T13,MIDA,Mid-Atlantic,TI,Total interchange,1731,megawatthours,2026-02-14 13:00:00,1731.0
2026-02-14T12,MIDA,Mid-Atlantic,D,Demand,105338,megawatthours,2026-02-14 12:00:00,105338.0
2026-02-14T12,MIDA,Mid-Atlantic,DF,Day-ahead demand forecast,105821,megawatthours,2026-02-14 12:00:00,105821.0
2026-02-14T12,MIDA,Mid-Atlantic,NG,Net generation,106900,megawatthours,2026-02-14 12:00:00,106900.0
2026-02-14T12,MIDA,Mid-Atlantic,TI,Total interchange,1757,megawatthours,2026-02-14 12:00:00,1757.0
2026-02-14T11,MIDA,Mid-Atlantic,D,Demand,102509,megawatthours,2026-02-14 11:00:00,102509.0
2026-02-14T11,MIDA,Mid-Atlantic,DF,Day-ahead demand forecast,103559,megawatthours,2026-02-14 11:00:00,103559.0
2026-02-14T11,MIDA,Mid-Atlantic,NG,Net generation,103583,megawatthours,2026-02-14 11:00:00,103583.0
2026-02-14T11,MIDA,Mid-Atlantic,TI,Total interchange,1655,megawatthours,2026-02-14 11:00:00,1655.0
2026-02-14T10,MIDA,Mid-Atlantic,D,Demand,101134,megawatthours,2026-02-14 10:00:00,101134.0
2026-02-14T10,MIDA,Mid-Atlantic,DF,Day-ahead demand forecast,100755,megawatthours,2026-02-14 10:00:00,100755.0
2026-02-14T10,MIDA,Mid-Atlantic,NG,Net generation,102227,megawatthours,2026-02-14 10:00:00,102227.0
2026-02-14T10,MIDA,Mid-Atlantic,TI,Total interchange,1573,megawatthours,2026-02-14 10:00:00,1573.0
2026-02-14T09,MIDA,Mid-Atlantic,D,Demand,100803,megawatthours,2026-02-14 09:00:00,100803.0
2026-02-14T09,MIDA,Mid-Atlantic,DF,Day-ahead demand forecast,99054,megawatthours,2026-02-14 09:00:00,99054.0
2026-02-14T09,MIDA,Mid-Atlantic,NG,Net generation,102210,megawatthours,2026-02-14 09:00:00,102210.0
2026-02-14T09,MIDA,Mid-Atlantic,TI,Total interchange,-1138,megawatthours,2026-02-14 09:00:00,-1138.0
2026-02-14T08,MIDA,Mid-Atlantic,D,Demand,101061,megawatthours,2026-02-14 08:00:00,101061.0
2026-02-14T08,MIDA,Mid-Atlantic,DF,Day-ahead demand forecast,98644,megawatthours,2026-02-14 08:00:00,98644.0
2026-02-14T08,MIDA,Mid-Atlantic,NG,Net generation,102540,megawatthours,2026-02-14 08:00:00,102540.0
2026-02-14T08,MIDA,Mid-Atlantic,TI,Total interchange,-1173,megawatthours,2026-02-14 08:00:00,-1173.0
2026-02-14T07,MIDA,Mid-Atlantic,D,Demand,101537,megawatthours,2026-02-14 07:00:00,101537.0
2026-02-14T07,MIDA,Mid-Atlantic,DF,Day-ahead demand forecast,98611,megawatthours,2026-02-14 07:00:00,98611.0
2026-02-14T07,MIDA,Mid-Atlantic,NG,Net generation,102953,megawatthours,2026-02-14 07:00:00,102953.0
2026-02-14T07,MIDA,Mid-Atlantic,TI,Total interchange,-1571,megawatthours,2026-02-14 07:00:00,-1571.0
2026-02-14T06,MIDA,Mid-Atlantic,D,Demand,102506,megawatthours,2026-02-14 06:00:00,102506.0
2026-02-14T06,MIDA,Mid-Atlantic,DF,Day-ahead demand forecast,99536,megawatthours,2026-02-14 06:00:00,99536.0
2026-02-14T06,MIDA,Mid-Atlantic,NG,Net generation,103998,megawatthours,2026-02-14 06:00:00,103998.0
2026-02-14T06,MIDA,Mid-Atlantic,TI,Total interchange,-1347,megawatthours,2026-02-14 06:00:00,-1347.0
2026-02-14T05,MIDA,Mid-Atlantic,D,Demand,104396,megawatthours,2026-02-14 05:00:00,104396.0
2026-02-14T05,MIDA,Mid-Atlantic,DF,Day-ahead demand forecast,101691,megawatthours,2026-02-14 05:00:00,101691.0
2026-02-14T05,MIDA,Mid-Atlantic,NG,Net generation,105926,megawatthours,2026-02-14 05:00:00,105926.0
2026-02-14T05,MIDA,Mid-Atlantic,TI,Total interchange,1766,megawatthours,2026-02-14 05:00:00,1766.0
2026-02-14T04,MIDA,Mid-Atlantic,D,Demand,107251,megawatthours,2026-02-14 04:00:00,107251.0
2026-02-14T04,MIDA,Mid-Atlantic,DF,Day-ahead demand forecast,103721,megawatthours,2026-02-14 04:00:00,103721.0
2026-02-14T04,MIDA,Mid-Atlantic,NG,Net generation,108936,megawatthours,2026-02-14 04:00:00,108936.0
2026-02-14T04,MIDA,Mid-Atlantic,TI,Total interchange,1592,megawatthours,2026-02-14 04:00:00,1592.0
2026-02-14T03,MIDA,Mid-Atlantic,D,Demand,109147,megawatthours,2026-02-14 03:00:00,109147.0
2026-02-14T03,MIDA,Mid-Atlantic,DF,Day-ahead demand forecast,107342,megawatthours,2026-02-14 03:00:00,107342.0
2026-02-14T03,MIDA,Mid-Atlantic,NG,Net generation,110326,megawatthours,2026-02-14 03:00:00,110326.0
2026-02-14T03,MIDA,Mid-Atlantic,TI,Total interchange,1569,megawatthours,2026-02-14 03:00:00,1569.0
2026-02-14T02,MIDA,Mid-Atlantic,D,Demand,110192,megawatthours,2026-02-14 02:00:00,110192.0
2026-02-14T02,MIDA,Mid-Atlantic,DF,Day-ahead demand forecast,110299,megawatthours,2026-02-14 02:00:00,110299.0
2026-02-14T02,MIDA,Mid-Atlantic,NG,Net generation,111733,megawatthours,2026-02-14 02:00:00,111733.0
2026-02-14T02,MIDA,Mid-Atlantic,TI,Total interchange,1887,megawatthours,2026-02-14 02:00:00,1887.0
2026-02-14T01,MIDA,Mid-Atlantic,D,Demand,110435,megawatthours,2026-02-14 01:00:00,110435.0
2026-02-14T01,MIDA,Mid-Atlantic,DF,Day-ahead demand forecast,111684,megawatthours,2026-02-14 01:00:00,111684.0
2026-02-14T01,MIDA,Mid-Atlantic,NG,Net generation,112841,megawatthours,2026-02-14 01:00:00,112841.0
2026-02-14T01,MIDA,Mid-Atlantic,TI,Total interchange,1976,megawatthours,2026-02-14 01:00:00,1976.0
2026-02-14T00,MIDA,Mid-Atlantic,D,Demand,109301,megawatthours,2026-02-14 00:00:00,109301.0
2026-02-14T00,MIDA,Mid-Atlantic,DF,Day-ahead demand forecast,112203,megawatthours,2026-02-14 00:00:00,112203.0
2026-02-14T00,MIDA,Mid-Atlantic,NG,Net generation,111503,megawatthours,2026-02-14 00:00:00,111503.0
2026-02-14T00,MIDA,Mid-Atlantic,TI,Total interchange,1979,megawatthours,2026-02-14 00:00:00,1979.0
2026-02-13T23,MIDA,Mid-Atlantic,D,Demand,104911,megawatthours,2026-02-13 23:00:00,104911.0
2026-02-13T23,MIDA,Mid-Atlantic,DF,Day-ahead demand forecast,112214,megawatthours,2026-02-13 23:00:00,112214.0
2026-02-13T23,MIDA,Mid-Atlantic,NG,Net generation,106578,megawatthours,2026-02-13 23:00:00,106578.0
2026-02-13T23,MIDA,Mid-Atlantic,TI,Total interchange,1667,megawatthours,2026-02-13 23:00:00,1667.0
2026-02-13T22,MIDA,Mid-Atlantic,D,Demand,100881,megawatthours,2026-02-13 22:00:00,100881.0
2026-02-13T22,MIDA,Mid-Atlantic,DF,Day-ahead demand forecast,109513,megawatthours,2026-02-13 22:00:00,109513.0
2026-02-13T22,MIDA,Mid-Atlantic,NG,Net generation,103185,megawatthours,2026-02-13 22:00:00,103185.0
2026-02-13T22,MIDA,Mid-Atlantic,TI,Total interchange,1672,megawatthours,2026-02-13 22:00:00,1672.0
2026-02-13T21,MIDA,Mid-Atlantic,D,Demand,100484,megawatthours,2026-02-13 21:00:00,100484.0
2026-02-13T21,MIDA,Mid-Atlantic,DF,Day-ahead demand forecast,105063,megawatthours,2026-02-13 21:00:00,105063.0
2026-02-13T21,MIDA,Mid-Atlantic,NG,Net generation,103346,megawatthours,2026-02-13 21:00:00,103346.0
2026-02-13T21,MIDA,Mid-Atlantic,TI,Total interchange,1877,megawatthours,2026-02-13 21:00:00,1877.0
2026-02-13T20,MIDA,Mid-Atlantic,D,Demand,101528,megawatthours,2026-02-13 20:00:00,101528.0
2026-02-13T20,MIDA,Mid-Atlantic,DF,Day-ahead demand forecast,102054,megawatthours,2026-02-13 20:00:00,102054.0
2026-02-13T20,MIDA,Mid-Atlantic,NG,Net generation,104370,megawatthours,2026-02-13 20:00:00,104370.0
2026-02-13T20,MIDA,Mid-Atlantic,TI,Total interchange,1885,megawatthours,2026-02-13 20:00:00,1885.0
2026-02-13T19,MIDA,Mid-Atlantic,D,Demand,103318,megawatthours,2026-02-13 19:00:00,103318.0
2026-02-13T19,MIDA,Mid-Atlantic,DF,Day-ahead demand forecast,101824,megawatthours,2026-02-13 19:00:00,101824.0
2026-02-13T19,MIDA,Mid-Atlantic,NG,Net generation,105561,megawatthours,2026-02-13 19:00:00,105561.0
2026-02-13T19,MIDA,Mid-Atlantic,TI,Total interchange,1545,megawatthours,2026-02-13 19:00:00,1545.0
2026-02-13T18,MIDA,Mid-Atlantic,D,Demand,105557,megawatthours,2026-02-13 18:00:00,105557.0
2026-02-13T18,MIDA,Mid-Atlantic,DF,Day-ahead demand forecast,102868,megawatthours,2026-02-13 18:00:00,102868.0
2026-02-13T18,MIDA,Mid-Atlantic,NG,Net generation,108121,megawatthours,2026-02-13 18:00:00,108121.0
2026-02-13T18,MIDA,Mid-Atlantic,TI,Total interchange,1644,megawatthours,2026-02-13 18:00:00,1644.0
2026-02-13T17,MIDA,Mid-Atlantic,D,Demand,108069,megawatthours,2026-02-13 17:00:00,108069.0
2026-02-13T17,MIDA,Mid-Atlantic,DF,Day-ahead demand forecast,104693,megawatthours,2026-02-13 17:00:00,104693.0
2026-02-13T17,MIDA,Mid-Atlantic,NG,Net generation,110936,megawatthours,2026-02-13 17:00:00,110936.0
2026-02-13T17,MIDA,Mid-Atlantic,TI,Total interchange,1572,megawatthours,2026-02-13 17:00:00,1572.0
2026-02-13T16,MIDA,Mid-Atlantic,D,Demand,110735,megawatthours,2026-02-13 16:00:00,110735.0
2026-02-13T16,MIDA,Mid-Atlantic,DF,Day-ahead demand forecast,107589,megawatthours,2026-02-13 16:00:00,107589.0
2026-02-13T16,MIDA,Mid-Atlantic,NG,Net generation,113706,megawatthours,2026-02-13 16:00:00,113706.0
2026-02-13T16,MIDA,Mid-Atlantic,TI,Total interchange,1266,megawatthours,2026-02-13 16:00:00,1266.0
2026-02-13T15,MIDA,Mid-Atlantic,D,Demand,114754,megawatthours,2026-02-13 15:00:00,114754.0
2026-02-13T15,MIDA,Mid-Atlantic,DF,Day-ahead demand forecast,111240,megawatthours,2026-02-13 15:00:00,111240.0
2026-02-13T15,MIDA,Mid-Atlantic,NG,Net generation,117507,megawatthours,2026-02-13 15:00:00,117507.0
2026-02-13T15,MIDA,Mid-Atlantic,TI,Total interchange,1372,megawatthours,2026-02-13 15:00:00,1372.0
2026-02-13T14,MIDA,Mid-Atlantic,D,Demand,119721,megawatthours,2026-02-13 14:00:00,119721.0
2026-02-13T14,MIDA,Mid-Atlantic,DF,Day-ahead demand forecast,115905,megawatthours,2026-02-13 14:00:00,115905.0
2026-02-13T14,MIDA,Mid-Atlantic,NG,Net generation,122184,megawatthours,2026-02-13 14:00:00,122184.0
2026-02-13T14,MIDA,Mid-Atlantic,TI,Total interchange,1588,megawatthours,2026-02-13 14:00:00,1588.0
2026-02-13T13,MIDA,Mid-Atlantic,D,Demand,122407,megawatthours,2026-02-13 13:00:00,122407.0
2026-02-13T13,MIDA,Mid-Atlantic,DF,Day-ahead demand forecast,120369,megawatthours,2026-02-13 13:00:00,120369.0
2026-02-13T13,MIDA,Mid-Atlantic,NG,Net generation,124621,megawatthours,2026-02-13 13:00:00,124621.0
2026-02-13T13,MIDA,Mid-Atlantic,TI,Total interchange,1500,megawatthours,2026-02-13 13:00:00,1500.0
2026-02-13T12,MIDA,Mid-Atlantic,D,Demand,118270,megawatthours,2026-02-13 12:00:00,118270.0
2026-02-13T12,MIDA,Mid-Atlantic,DF,Day-ahead demand forecast,121853,megawatthours,2026-02-13 12:00:00,121853.0
2026-02-13T12,MIDA,Mid-Atlantic,NG,Net generation,119532,megawatthours,2026-02-13 12:00:00,119532.0
2026-02-13T12,MIDA,Mid-Atlantic,TI,Total interchange,1576,megawatthours,2026-02-13 12:00:00,1576.0
2026-02-13T11,MIDA,Mid-Atlantic,D,Demand,111334,megawatthours,2026-02-13 11:00:00,111334.0
2026-02-13T11,MIDA,Mid-Atlantic,DF,Day-ahead demand forecast,117683,megawatthours,2026-02-13 11:00:00,117683.0
2026-02-13T11,MIDA,Mid-Atlantic,NG,Net generation,112448,megawatthours,2026-02-13 11:00:00,112448.0
2026-02-13T11,MIDA,Mid-Atlantic,TI,Total interchange,1545,megawatthours,2026-02-13 11:00:00,1545.0
2026-02-13T10,MIDA,Mid-Atlantic,D,Demand,106385,megawatthours,2026-02-13 10:00:00,106385.0
2026-02-13T10,MIDA,Mid-Atlantic,DF,Day-ahead demand forecast,111105,megawatthours,2026-02-13 10:00:00,111105.0
2026-02-13T10,MIDA,Mid-Atlantic,NG,Net generation,107243,megawatthours,2026-02-13 10:00:00,107243.0
2026-02-13T10,MIDA,Mid-Atlantic,TI,Total interchange,1523,megawatthours,2026-02-13 10:00:00,1523.0
2026-02-13T09,MIDA,Mid-Atlantic,D,Demand,104950,megawatthours,2026-02-13 09:00:00,104950.0
2026-02-13T09,MIDA,Mid-Atlantic,DF,Day-ahead demand forecast,106872,megawatthours,2026-02-13 09:00:00,106872.0
2026-02-13T09,MIDA,Mid-Atlantic,NG,Net generation,105553,megawatthours,2026-02-13 09:00:00,105553.0
2026-02-13T09,MIDA,Mid-Atlantic,TI,Total interchange,735,megawatthours,2026-02-13 09:00:00,735.0
2026-02-13T08,MIDA,Mid-Atlantic,D,Demand,104746,megawatthours,2026-02-13 08:00:00,104746.0
2026-02-13T08,MIDA,Mid-Atlantic,DF,Day-ahead demand forecast,104972,megawatthours,2026-02-13 08:00:00,104972.0
2026-02-13T08,MIDA,Mid-Atlantic,NG,Net generation,105801,megawatthours,2026-02-13 08:00:00,105801.0
2026-02-13T08,MIDA,Mid-Atlantic,TI,Total interchange,324,megawatthours,2026-02-13 08:00:00,324.0
2026-02-13T07,MIDA,Mid-Atlantic,D,Demand,105075,megawatthours,2026-02-13 07:00:00,105075.0
2026-02-13T07,MIDA,Mid-Atlantic,DF,Day-ahead demand forecast,104417,megawatthours,2026-02-13 07:00:00,104417.0
2026-02-13T07,MIDA,Mid-Atlantic,NG,Net generation,106034,megawatthours,2026-02-13 07:00:00,106034.0
2026-02-13T07,MIDA,Mid-Atlantic,TI,Total interchange,644,megawatthours,2026-02-13 07:00:00,644.0
2026-02-13T06,MIDA,Mid-Atlantic,D,Demand,105975,megawatthours,2026-02-13 06:00:00,105975.0
2026-02-13T06,MIDA,Mid-Atlantic,DF,Day-ahead demand forecast,104729,megawatthours,2026-02-13 06:00:00,104729.0
2026-02-13T06,MIDA,Mid-Atlantic,NG,Net generation,106709,megawatthours,2026-02-13 06:00:00,106709.0
2026-02-13T06,MIDA,Mid-Atlantic,TI,Total interchange,1285,megawatthours,2026-02-13 06:00:00,1285.0
2026-02-13T05,MIDA,Mid-Atlantic,D,Demand,107804,megawatthours,2026-02-13 05:00:00,107804.0
2026-02-13T05,MIDA,Mid-Atlantic,DF,Day-ahead demand forecast,106737,megawatthours,2026-02-13 05:00:00,106737.0
2026-02-13T05,MIDA,Mid-Atlantic,NG,Net generation,109141,megawatthours,2026-02-13 05:00:00,109141.0
2026-02-13T05,MIDA,Mid-Atlantic,TI,Total interchange,996,megawatthours,2026-02-13 05:00:00,996.0
2026-02-13T04,MIDA,Mid-Atlantic,D,Demand,110466,megawatthours,2026-02-13 04:00:00,110466.0
2026-02-13T04,MIDA,Mid-Atlantic,DF,Day-ahead demand forecast,108662,megawatthours,2026-02-13 04:00:00,108662.0
2026-02-13T04,MIDA,Mid-Atlantic,NG,Net generation,111386,megawatthours,2026-02-13 04:00:00,111386.0
2026-02-13T04,MIDA,Mid-Atlantic,TI,Total interchange,1989,megawatthours,2026-02-13 04:00:00,1989.0
2026-02-13T03,MIDA,Mid-Atlantic,D,Demand,113428,megawatthours,2026-02-13 03:00:00,113428.0
2026-02-13T03,MIDA,Mid-Atlantic,DF,Day-ahead demand forecast,112401,megawatthours,2026-02-13 03:00:00,112401.0
2026-02-13T03,MIDA,Mid-Atlantic,NG,Net generation,114689,megawatthours,2026-02-13 03:00:00,114689.0
2026-02-13T03,MIDA,Mid-Atlantic,TI,Total interchange,1706,megawatthours,2026-02-13 03:00:00,1706.0
2026-02-13T02,MIDA,Mid-Atlantic,D,Demand,115574,megawatthours,2026-02-13 02:00:00,115574.0
2026-02-13T02,MIDA,Mid-Atlantic,DF,Day-ahead demand forecast,116320,megawatthours,2026-02-13 02:00:00,116320.0
2026-02-13T02,MIDA,Mid-Atlantic,NG,Net generation,117013,megawatthours,2026-02-13 02:00:00,117013.0
2026-02-13T02,MIDA,Mid-Atlantic,TI,Total interchange,1649,megawatthours,2026-02-13 02:00:00,1649.0
2026-02-13T01,MIDA,Mid-Atlantic,D,Demand,116094,megawatthours,2026-02-13 01:00:00,116094.0
2026-02-13T01,MIDA,Mid-Atlantic,DF,Day-ahead demand forecast,118132,megawatthours,2026-02-13 01:00:00,118132.0
2026-02-13T01,MIDA,Mid-Atlantic,NG,Net generation,117309,megawatthours,2026-02-13 01:00:00,117309.0
2026-02-13T01,MIDA,Mid-Atlantic,TI,Total interchange,1993,megawatthours,2026-02-13 01:00:00,1993.0
2026-02-13T00,MIDA,Mid-Atlantic,D,Demand,115643,megawatthours,2026-02-13 00:00:00,115643.0
2026-02-13T00,MIDA,Mid-Atlantic,DF,Day-ahead demand forecast,118872,megawatthours,2026-02-13 00:00:00,118872.0
2026-02-13T00,MIDA,Mid-Atlantic,NG,Net generation,117783,megawatthours,2026-02-13 00:00:00,117783.0
2026-02-13T00,MIDA,Mid-Atlantic,TI,Total interchange,1702,megawatthours,2026-02-13 00:00:00,1702.0
2026-02-12T23,MIDA,Mid-Atlantic,D,Demand,111436,megawatthours,2026-02-12 23:00:00,111436.0
2026-02-12T23,MIDA,Mid-Atlantic,DF,Day-ahead demand forecast,119073,megawatthours,2026-02-12 23:00:00,119073.0
2026-02-12T23,MIDA,Mid-Atlantic,NG,Net generation,113349,megawatthours,2026-02-12 23:00:00,113349.0
2026-02-12T23,MIDA,Mid-Atlantic,TI,Total interchange,2039,megawatthours,2026-02-12 23:00:00,2039.0
2026-02-12T22,MIDA,Mid-Atlantic,D,Demand,107697,megawatthours,2026-02-12 22:00:00,107697.0
2026-02-12T22,MIDA,Mid-Atlantic,DF,Day-ahead demand forecast,116400,megawatthours,2026-02-12 22:00:00,116400.0
2026-02-12T22,MIDA,Mid-Atlantic,NG,Net generation,109645,megawatthours,2026-02-12 22:00:00,109645.0
2026-02-12T22,MIDA,Mid-Atlantic,TI,Total interchange,1938,megawatthours,2026-02-12 22:00:00,1938.0
2026-02-12T21,MIDA,Mid-Atlantic,D,Demand,107176,megawatthours,2026-02-12 21:00:00,107176.0
2026-02-12T21,MIDA,Mid-Atlantic,DF,Day-ahead demand forecast,110894,megawatthours,2026-02-12 21:00:00,110894.0
2026-02-12T21,MIDA,Mid-Atlantic,NG,Net generation,109529,megawatthours,2026-02-12 21:00:00,109529.0
2026-02-12T21,MIDA,Mid-Atlantic,TI,Total interchange,1996,megawatthours,2026-02-12 21:00:00,1996.0
2026-02-12T20,MIDA,Mid-Atlantic,D,Demand,107623,megawatthours,2026-02-12 20:00:00,107623.0
2026-02-12T20,MIDA,Mid-Atlantic,DF,Day-ahead demand forecast,107184,megawatthours,2026-02-12 20:00:00,107184.0
2026-02-12T20,MIDA,Mid-Atlantic,NG,Net generation,109697,megawatthours,2026-02-12 20:00:00,109697.0
2026-02-12T20,MIDA,Mid-Atlantic,TI,Total interchange,1928,megawatthours,2026-02-12 20:00:00,1928.0
2026-02-12T19,MIDA,Mid-Atlantic,D,Demand,108840,megawatthours,2026-02-12 19:00:00,108840.0
2026-02-12T19,MIDA,Mid-Atlantic,DF,Day-ahead demand forecast,105929,megawatthours,2026-02-12 19:00:00,105929.0
2026-02-12T19,MIDA,Mid-Atlantic,NG,Net generation,111280,megawatthours,2026-02-12 19:00:00,111280.0
2026-02-12T19,MIDA,Mid-Atlantic,TI,Total interchange,2245,megawatthours,2026-02-12 19:00:00,2245.0
2026-02-12T18,MIDA,Mid-Atlantic,D,Demand,110123,megawatthours,2026-02-12 18:00:00,110123.0
2026-02-12T18,MIDA,Mid-Atlantic,DF,Day-ahead demand forecast,106340,megawatthours,2026-02-12 18:00:00,106340.0
2026-02-12T18,MIDA,Mid-Atlantic,NG,Net generation,112460,megawatthours,2026-02-12 18:00:00,112460.0
2026-02-12T18,MIDA,Mid-Atlantic,TI,Total interchange,2425,megawatthours,2026-02-12 18:00:00,2425.0
2026-02-12T17,MIDA,Mid-Atlantic,D,Demand,111291,megawatthours,2026-02-12 17:00:00,111291.0
2026-02-12T17,MIDA,Mid-Atlantic,DF,Day-ahead demand forecast,107407,megawatthours,2026-02-12 17:00:00,107407.0
2026-02-12T17,MIDA,Mid-Atlantic,NG,Net generation,113731,megawatthours,2026-02-12 17:00:00,113731.0
2026-02-12T17,MIDA,Mid-Atlantic,TI,Total interchange,2486,megawatthours,2026-02-12 17:00:00,2486.0
2026-02-12T16,MIDA,Mid-Atlantic,D,Demand,112682,megawatthours,2026-02-12 16:00:00,112682.0
2026-02-12T16,MIDA,Mid-Atlantic,DF,Day-ahead demand forecast,109144,megawatthours,2026-02-12 16:00:00,109144.0
2026-02-12T16,MIDA,Mid-Atlantic,NG,Net generation,114942,megawatthours,2026-02-12 16:00:00,114942.0
2026-02-12T16,MIDA,Mid-Atlantic,TI,Total interchange,1492,megawatthours,2026-02-12 16:00:00,1492.0
2026-02-12T15,MIDA,Mid-Atlantic,D,Demand,114304,megawatthours,2026-02-12 15:00:00,114304.0
2026-02-12T15,MIDA,Mid-Atlantic,DF,Day-ahead demand forecast,111505,megawatthours,2026-02-12 15:00:00,111505.0
2026-02-12T15,MIDA,Mid-Atlantic,NG,Net generation,116735,megawatthours,2026-02-12 15:00:00,116735.0
2026-02-12T15,MIDA,Mid-Atlantic,TI,Total interchange,1164,megawatthours,2026-02-12 15:00:00,1164.0
2026-02-12T14,MIDA,Mid-Atlantic,D,Demand,116808,megawatthours,2026-02-12 14:00:00,116808.0
2026-02-12T14,MIDA,Mid-Atlantic,DF,Day-ahead demand forecast,114487,megawatthours,2026-02-12 14:00:00,114487.0
2026-02-12T14,MIDA,Mid-Atlantic,NG,Net generation,119415,megawatthours,2026-02-12 14:00:00,119415.0
2026-02-12T14,MIDA,Mid-Atlantic,TI,Total interchange,1014,megawatthours,2026-02-12 14:00:00,1014.0
2026-02-12T13,MIDA,Mid-Atlantic,D,Demand,117786,megawatthours,2026-02-12 13:00:00,117786.0
2026-02-12T13,MIDA,Mid-Atlantic,DF,Day-ahead demand forecast,117425,megawatthours,2026-02-12 13:00:00,117425.0
2026-02-12T13,MIDA,Mid-Atlantic,NG,Net generation,120408,megawatthours,2026-02-12 13:00:00,120408.0
2026-02-12T13,MIDA,Mid-Atlantic,TI,Total interchange,1118,megawatthours,2026-02-12 13:00:00,1118.0
2026-02-12T12,MIDA,Mid-Atlantic,D,Demand,113207,megawatthours,2026-02-12 12:00:00,113207.0
2026-02-12T12,MIDA,Mid-Atlantic,DF,Day-ahead demand forecast,117700,megawatthours,2026-02-12 12:00:00,117700.0
2026-02-12T12,MIDA,Mid-Atlantic,NG,Net generation,115183,megawatthours,2026-02-12 12:00:00,115183.0
2026-02-12T12,MIDA,Mid-Atlantic,TI,Total interchange,819,megawatthours,2026-02-12 12:00:00,819.0
2026-02-12T11,MIDA,Mid-Atlantic,D,Demand,105707,megawatthours,2026-02-12 11:00:00,105707.0
2026-02-12T11,MIDA,Mid-Atlantic,DF,Day-ahead demand forecast,112912,megawatthours,2026-02-12 11:00:00,112912.0
2026-02-12T11,MIDA,Mid-Atlantic,NG,Net generation,107410,megawatthours,2026-02-12 11:00:00,107410.0
2026-02-12T11,MIDA,Mid-Atlantic,TI,Total interchange,303,megawatthours,2026-02-12 11:00:00,303.0
2026-02-12T10,MIDA,Mid-Atlantic,D,Demand,101563,megawatthours,2026-02-12 10:00:00,101563.0
2026-02-12T10,MIDA,Mid-Atlantic,DF,Day-ahead demand forecast,105863,megawatthours,2026-02-12 10:00:00,105863.0
2026-02-12T10,MIDA,Mid-Atlantic,NG,Net generation,103113,megawatthours,2026-02-12 10:00:00,103113.0
2026-02-12T10,MIDA,Mid-Atlantic,TI,Total interchange,1311,megawatthours,2026-02-12 10:00:00,1311.0
2026-02-12T09,MIDA,Mid-Atlantic,D,Demand,100878,megawatthours,2026-02-12 09:00:00,100878.0
2026-02-12T09,MIDA,Mid-Atlantic,DF,Day-ahead demand forecast,101122,megawatthours,2026-02-12 09:00:00,101122.0
2026-02-12T09,MIDA,Mid-Atlantic,NG,Net generation,102557,megawatthours,2026-02-12 09:00:00,102557.0
2026-02-12T09,MIDA,Mid-Atlantic,TI,Total interchange,2467,megawatthours,2026-02-12 09:00:00,2467.0
2026-02-12T08,MIDA,Mid-Atlantic,D,Demand,100973,megawatthours,2026-02-12 08:00:00,100973.0
2026-02-12T08,MIDA,Mid-Atlantic,DF,Day-ahead demand forecast,98661,megawatthours,2026-02-12 08:00:00,98661.0
2026-02-12T08,MIDA,Mid-Atlantic,NG,Net generation,102338,megawatthours,2026-02-12 08:00:00,102338.0
2026-02-12T08,MIDA,Mid-Atlantic,TI,Total interchange,2300,megawatthours,2026-02-12 08:00:00,2300.0
2026-02-12T07,MIDA,Mid-Atlantic,D,Demand,101261,megawatthours,2026-02-12 07:00:00,101261.0
2026-02-12T07,MIDA,Mid-Atlantic,DF,Day-ahead demand forecast,97790,megawatthours,2026-02-12 07:00:00,97790.0
2026-02-12T07,MIDA,Mid-Atlantic,NG,Net generation,102092,megawatthours,2026-02-12 07:00:00,102092.0
2026-02-12T07,MIDA,Mid-Atlantic,TI,Total interchange,2331,megawatthours,2026-02-12 07:00:00,2331.0
2026-02-12T06,MIDA,Mid-Atlantic,D,Demand,101354,megawatthours,2026-02-12 06:00:00,101354.0
2026-02-12T06,MIDA,Mid-Atlantic,DF,Day-ahead demand forecast,98160,megawatthours,2026-02-12 06:00:00,98160.0
2026-02-12T06,MIDA,Mid-Atlantic,NG,Net generation,103168,megawatthours,2026-02-12 06:00:00,103168.0
2026-02-12T06,MIDA,Mid-Atlantic,TI,Total interchange,3165,megawatthours,2026-02-12 06:00:00,3165.0
2026-02-12T05,MIDA,Mid-Atlantic,D,Demand,102990,megawatthours,2026-02-12 05:00:00,102990.0
2026-02-12T05,MIDA,Mid-Atlantic,DF,Day-ahead demand forecast,101615,megawatthours,2026-02-12 05:00:00,101615.0
2026-02-12T05,MIDA,Mid-Atlantic,NG,Net generation,106026,megawatthours,2026-02-12 05:00:00,106026.0
2026-02-12T05,MIDA,Mid-Atlantic,TI,Total interchange,1674,megawatthours,2026-02-12 05:00:00,1674.0
2026-02-12T04,MIDA,Mid-Atlantic,D,Demand,105548,megawatthours,2026-02-12 04:00:00,105548.0
2026-02-12T04,MIDA,Mid-Atlantic,DF,Day-ahead demand forecast,103325,megawatthours,2026-02-12 04:00:00,103325.0
2026-02-12T04,MIDA,Mid-Atlantic,NG,Net generation,108480,megawatthours,2026-02-12 04:00:00,108480.0
2026-02-12T04,MIDA,Mid-Atlantic,TI,Total interchange,1533,megawatthours,2026-02-12 04:00:00,1533.0
2026-02-12T03,MIDA,Mid-Atlantic,D,Demand,108967,megawatthours,2026-02-12 03:00:00,108967.0
2026-02-12T03,MIDA,Mid-Atlantic,DF,Day-ahead demand forecast,107011,megawatthours,2026-02-12 03:00:00,107011.0
2026-02-12T03,MIDA,Mid-Atlantic,NG,Net generation,111842,megawatthours,2026-02-12 03:00:00,111842.0
2026-02-12T03,MIDA,Mid-Atlantic,TI,Total interchange,1372,megawatthours,2026-02-12 03:00:00,1372.0
2026-02-12T02,MIDA,Mid-Atlantic,D,Demand,111123,megawatthours,2026-02-12 02:00:00,111123.0
2026-02-12T02,MIDA,Mid-Atlantic,DF,Day-ahead demand forecast,110612,megawatthours,2026-02-12 02:00:00,110612.0
2026-02-12T02,MIDA,Mid-Atlantic,NG,Net generation,114438,megawatthours,2026-02-12 02:00:00,114438.0
2026-02-12T02,MIDA,Mid-Atlantic,TI,Total interchange,1384,megawatthours,2026-02-12 02:00:00,1384.0
2026-02-12T01,MIDA,Mid-Atlantic,D,Demand,111709,megawatthours,2026-02-12 01:00:00,111709.0
2026-02-12T01,MIDA,Mid-Atlantic,DF,Day-ahead demand forecast,112119,megawatthours,2026-02-12 01:00:00,112119.0
2026-02-12T01,MIDA,Mid-Atlantic,NG,Net generation,114765,megawatthours,2026-02-12 01:00:00,114765.0
2026-02-12T01,MIDA,Mid-Atlantic,TI,Total interchange,1494,megawatthours,2026-02-12 01:00:00,1494.0
2026-02-12T00,MIDA,Mid-Atlantic,D,Demand,111311,megawatthours,2026-02-12 00:00:00,111311.0
2026-02-12T00,MIDA,Mid-Atlantic,DF,Day-ahead demand forecast,112641,megawatthours,2026-02-12 00:00:00,112641.0
2026-02-12T00,MIDA,Mid-Atlantic,NG,Net generation,114544,megawatthours,2026-02-12 00:00:00,114544.0
2026-02-12T00,MIDA,Mid-Atlantic,TI,Total interchange,1485,megawatthours,2026-02-12 00:00:00,1485.0
2026-02-11T23,MIDA,Mid-Atlantic,D,Demand,107507,megawatthours,2026-02-11 23:00:00,107507.0
2026-02-11T23,MIDA,Mid-Atlantic,DF,Day-ahead demand forecast,113084,megawatthours,2026-02-11 23:00:00,113084.0
2026-02-11T23,MIDA,Mid-Atlantic,NG,Net generation,110111,megawatthours,2026-02-11 23:00:00,110111.0
2026-02-11T23,MIDA,Mid-Atlantic,TI,Total interchange,1547,megawatthours,2026-02-11 23:00:00,1547.0
2026-02-11T22,MIDA,Mid-Atlantic,D,Demand,103981,megawatthours,2026-02-11 22:00:00,103981.0
2026-02-11T22,MIDA,Mid-Atlantic,DF,Day-ahead demand forecast,110981,megawatthours,2026-02-11 22:00:00,110981.0
2026-02-11T22,MIDA,Mid-Atlantic,NG,Net generation,106873,megawatthours,2026-02-11 22:00:00,106873.0
2026-02-11T22,MIDA,Mid-Atlantic,TI,Total interchange,1672,megawatthours,2026-02-11 22:00:00,1672.0
2026-02-11T21,MIDA,Mid-Atlantic,D,Demand,103944,megawatthours,2026-02-11 21:00:00,103944.0
2026-02-11T21,MIDA,Mid-Atlantic,DF,Day-ahead demand forecast,106793,megawatthours,2026-02-11 21:00:00,106793.0
2026-02-11T21,MIDA,Mid-Atlantic,NG,Net generation,107155,megawatthours,2026-02-11 21:00:00,107155.0
2026-02-11T21,MIDA,Mid-Atlantic,TI,Total interchange,1621,megawatthours,2026-02-11 21:00:00,1621.0
2026-02-11T20,MIDA,Mid-Atlantic,D,Demand,103324,megawatthours,2026-02-11 20:00:00,103324.0
2026-02-11T20,MIDA,Mid-Atlantic,DF,Day-ahead demand forecast,104015,megawatthours,2026-02-11 20:00:00,104015.0
2026-02-11T20,MIDA,Mid-Atlantic,NG,Net generation,106592,megawatthours,2026-02-11 20:00:00,106592.0
2026-02-11T20,MIDA,Mid-Atlantic,TI,Total interchange,1629,megawatthours,2026-02-11 20:00:00,1629.0
2026-02-11T19,MIDA,Mid-Atlantic,D,Demand,104037,megawatthours,2026-02-11 19:00:00,104037.0
2026-02-11T19,MIDA,Mid-Atlantic,DF,Day-ahead demand forecast,103390,megawatthours,2026-02-11 19:00:00,103390.0
2026-02-11T19,MIDA,Mid-Atlantic,NG,Net generation,107187,megawatthours,2026-02-11 19:00:00,107187.0
2026-02-11T19,MIDA,Mid-Atlantic,TI,Total interchange,1621,megawatthours,2026-02-11 19:00:00,1621.0
2026-02-11T18,MIDA,Mid-Atlantic,D,Demand,104228,megawatthours,2026-02-11 18:00:00,104228.0
2026-02-11T18,MIDA,Mid-Atlantic,DF,Day-ahead demand forecast,103720,megawatthours,2026-02-11 18:00:00,103720.0
2026-02-11T18,MIDA,Mid-Atlantic,NG,Net generation,107474,megawatthours,2026-02-11 18:00:00,107474.0
2026-02-11T18,MIDA,Mid-Atlantic,TI,Total interchange,1624,megawatthours,2026-02-11 18:00:00,1624.0
2026-02-11T17,MIDA,Mid-Atlantic,D,Demand,104214,megawatthours,2026-02-11 17:00:00,104214.0
2026-02-11T17,MIDA,Mid-Atlantic,DF,Day-ahead demand forecast,104394,megawatthours,2026-02-11 17:00:00,104394.0
2026-02-11T17,MIDA,Mid-Atlantic,NG,Net generation,107423,megawatthours,2026-02-11 17:00:00,107423.0
2026-02-11T17,MIDA,Mid-Atlantic,TI,Total interchange,1532,megawatthours,2026-02-11 17:00:00,1532.0
2026-02-11T16,MIDA,Mid-Atlantic,D,Demand,104331,megawatthours,2026-02-11 16:00:00,104331.0
2026-02-11T16,MIDA,Mid-Atlantic,DF,Day-ahead demand forecast,105600,megawatthours,2026-02-11 16:00:00,105600.0
2026-02-11T16,MIDA,Mid-Atlantic,NG,Net generation,107804,megawatthours,2026-02-11 16:00:00,107804.0
2026-02-11T16,MIDA,Mid-Atlantic,TI,Total interchange,1382,megawatthours,2026-02-11 16:00:00,1382.0
2026-02-11T15,MIDA,Mid-Atlantic,D,Demand,105787,megawatthours,2026-02-11 15:00:00,105787.0
2026-02-11T15,MIDA,Mid-Atlantic,DF,Day-ahead demand forecast,106991,megawatthours,2026-02-11 15:00:00,106991.0
2026-02-11T15,MIDA,Mid-Atlantic,NG,Net generation,109427,megawatthours,2026-02-11 15:00:00,109427.0
2026-02-11T15,MIDA,Mid-Atlantic,TI,Total interchange,1412,megawatthours,2026-02-11 15:00:00,1412.0
2026-02-11T14,MIDA,Mid-Atlantic,D,Demand,107927,megawatthours,2026-02-11 14:00:00,107927.0
2026-02-11T14,MIDA,Mid-Atlantic,DF,Day-ahead demand forecast,108721,megawatthours,2026-02-11 14:00:00,108721.0
2026-02-11T14,MIDA,Mid-Atlantic,NG,Net generation,111794,megawatthours,2026-02-11 14:00:00,111794.0
2026-02-11T14,MIDA,Mid-Atlantic,TI,Total interchange,1683,megawatthours,2026-02-11 14:00:00,1683.0
2026-02-11T13,MIDA,Mid-Atlantic,D,Demand,108207,megawatthours,2026-02-11 13:00:00,108207.0
2026-02-11T13,MIDA,Mid-Atlantic,DF,Day-ahead demand forecast,109987,megawatthours,2026-02-11 13:00:00,109987.0
2026-02-11T13,MIDA,Mid-Atlantic,NG,Net generation,111742,megawatthours,2026-02-11 13:00:00,111742.0
2026-02-11T13,MIDA,Mid-Atlantic,TI,Total interchange,1693,megawatthours,2026-02-11 13:00:00,1693.0
2026-02-11T12,MIDA,Mid-Atlantic,D,Demand,103948,megawatthours,2026-02-11 12:00:00,103948.0
2026-02-11T12,MIDA,Mid-Atlantic,DF,Day-ahead demand forecast,109260,megawatthours,2026-02-11 12:00:00,109260.0
2026-02-11T12,MIDA,Mid-Atlantic,NG,Net generation,107918,megawatthours,2026-02-11 12:00:00,107918.0
2026-02-11T12,MIDA,Mid-Atlantic,TI,Total interchange,1664,megawatthours,2026-02-11 12:00:00,1664.0
2026-02-11T11,MIDA,Mid-Atlantic,D,Demand,97792,megawatthours,2026-02-11 11:00:00,97792.0
2026-02-11T11,MIDA,Mid-Atlantic,DF,Day-ahead demand forecast,104835,megawatthours,2026-02-11 11:00:00,104835.0
2026-02-11T11,MIDA,Mid-Atlantic,NG,Net generation,101876,megawatthours,2026-02-11 11:00:00,101876.0
2026-02-11T11,MIDA,Mid-Atlantic,TI,Total interchange,1571,megawatthours,2026-02-11 11:00:00,1571.0
2026-02-11T10,MIDA,Mid-Atlantic,D,Demand,96222,megawatthours,2026-02-11 10:00:00,96222.0
2026-02-11T10,MIDA,Mid-Atlantic,DF,Day-ahead demand forecast,98890,megawatthours,2026-02-11 10:00:00,98890.0
2026-02-11T10,MIDA,Mid-Atlantic,NG,Net generation,100197,megawatthours,2026-02-11 10:00:00,100197.0
2026-02-11T10,MIDA,Mid-Atlantic,TI,Total interchange,1539,megawatthours,2026-02-11 10:00:00,1539.0
2026-02-11T09,MIDA,Mid-Atlantic,D,Demand,95002,megawatthours,2026-02-11 09:00:00,95002.0
2026-02-11T09,MIDA,Mid-Atlantic,DF,Day-ahead demand forecast,94943,megawatthours,2026-02-11 09:00:00,94943.0
2026-02-11T09,MIDA,Mid-Atlantic,NG,Net generation,98890,megawatthours,2026-02-11 09:00:00,98890.0
2026-02-11T09,MIDA,Mid-Atlantic,TI,Total interchange,994,megawatthours,2026-02-11 09:00:00,994.0
2026-02-11T08,MIDA,Mid-Atlantic,D,Demand,95037,megawatthours,2026-02-11 08:00:00,95037.0
2026-02-11T08,MIDA,Mid-Atlantic,DF,Day-ahead demand forecast,93349,megawatthours,2026-02-11 08:00:00,93349.0
2026-02-11T08,MIDA,Mid-Atlantic,NG,Net generation,98967,megawatthours,2026-02-11 08:00:00,98967.0
2026-02-11T08,MIDA,Mid-Atlantic,TI,Total interchange,578,megawatthours,2026-02-11 08:00:00,578.0
2026-02-11T07,MIDA,Mid-Atlantic,D,Demand,95873,megawatthours,2026-02-11 07:00:00,95873.0
2026-02-11T07,MIDA,Mid-Atlantic,DF,Day-ahead demand forecast,93042,megawatthours,2026-02-11 07:00:00,93042.0
2026-02-11T07,MIDA,Mid-Atlantic,NG,Net generation,99633,megawatthours,2026-02-11 07:00:00,99633.0
2026-02-11T07,MIDA,Mid-Atlantic,TI,Total interchange,656,megawatthours,2026-02-11 07:00:00,656.0
2026-02-11T06,MIDA,Mid-Atlantic,D,Demand,97814,megawatthours,2026-02-11 06:00:00,97814.0
2026-02-11T06,MIDA,Mid-Atlantic,DF,Day-ahead demand forecast,93955,megawatthours,2026-02-11 06:00:00,93955.0
2026-02-11T06,MIDA,Mid-Atlantic,NG,Net generation,100320,megawatthours,2026-02-11 06:00:00,100320.0
2026-02-11T06,MIDA,Mid-Atlantic,TI,Total interchange,1033,megawatthours,2026-02-11 06:00:00,1033.0
2026-02-11T05,MIDA,Mid-Atlantic,D,Demand,99529,megawatthours,2026-02-11 05:00:00,99529.0
2026-02-11T05,MIDA,Mid-Atlantic,DF,Day-ahead demand forecast,97091,megawatthours,2026-02-11 05:00:00,97091.0
2026-02-11T05,MIDA,Mid-Atlantic,NG,Net generation,101172,megawatthours,2026-02-11 05:00:00,101172.0
2026-02-11T05,MIDA,Mid-Atlantic,TI,Total interchange,1663,megawatthours,2026-02-11 05:00:00,1663.0
2026-02-11T04,MIDA,Mid-Atlantic,D,Demand,102574,megawatthours,2026-02-11 04:00:00,102574.0
2026-02-11T04,MIDA,Mid-Atlantic,DF,Day-ahead demand forecast,100604,megawatthours,2026-02-11 04:00:00,100604.0
2026-02-11T04,MIDA,Mid-Atlantic,NG,Net generation,103863,megawatthours,2026-02-11 04:00:00,103863.0
2026-02-11T04,MIDA,Mid-Atlantic,TI,Total interchange,1540,megawatthours,2026-02-11 04:00:00,1540.0
2026-02-11T03,MIDA,Mid-Atlantic,D,Demand,106345,megawatthours,2026-02-11 03:00:00,106345.0
2026-02-11T03,MIDA,Mid-Atlantic,DF,Day-ahead demand forecast,104495,megawatthours,2026-02-11 03:00:00,104495.0
2026-02-11T03,MIDA,Mid-Atlantic,NG,Net generation,107605,megawatthours,2026-02-11 03:00:00,107605.0
2026-02-11T03,MIDA,Mid-Atlantic,TI,Total interchange,1566,megawatthours,2026-02-11 03:00:00,1566.0
2026-02-11T02,MIDA,Mid-Atlantic,D,Demand,109226,megawatthours,2026-02-11 02:00:00,109226.0
2026-02-11T02,MIDA,Mid-Atlantic,DF,Day-ahead demand forecast,108563,megawatthours,2026-02-11 02:00:00,108563.0
2026-02-11T02,MIDA,Mid-Atlantic,NG,Net generation,110819,megawatthours,2026-02-11 02:00:00,110819.0
2026-02-11T02,MIDA,Mid-Atlantic,TI,Total interchange,1763,megawatthours,2026-02-11 02:00:00,1763.0
2026-02-11T01,MIDA,Mid-Atlantic,D,Demand,110277,megawatthours,2026-02-11 01:00:00,110277.0
2026-02-11T01,MIDA,Mid-Atlantic,DF,Day-ahead demand forecast,110814,megawatthours,2026-02-11 01:00:00,110814.0
2026-02-11T01,MIDA,Mid-Atlantic,NG,Net generation,112125,megawatthours,2026-02-11 01:00:00,112125.0
2026-02-11T01,MIDA,Mid-Atlantic,TI,Total interchange,1548,megawatthours,2026-02-11 01:00:00,1548.0
2026-02-11T00,MIDA,Mid-Atlantic,D,Demand,109795,megawatthours,2026-02-11 00:00:00,109795.0
2026-02-11T00,MIDA,Mid-Atlantic,DF,Day-ahead demand forecast,111876,megawatthours,2026-02-11 00:00:00,111876.0
2026-02-11T00,MIDA,Mid-Atlantic,NG,Net generation,111894,megawatthours,2026-02-11 00:00:00,111894.0
2026-02-11T00,MIDA,Mid-Atlantic,TI,Total interchange,1472,megawatthours,2026-02-11 00:00:00,1472.0
2026-02-10T23,MIDA,Mid-Atlantic,D,Demand,105667,megawatthours,2026-02-10 23:00:00,105667.0
2026-02-10T23,MIDA,Mid-Atlantic,DF,Day-ahead demand forecast,112211,megawatthours,2026-02-10 23:00:00,112211.0
2026-02-10T23,MIDA,Mid-Atlantic,NG,Net generation,107555,megawatthours,2026-02-10 23:00:00,107555.0
2026-02-10T23,MIDA,Mid-Atlantic,TI,Total interchange,1670,megawatthours,2026-02-10 23:00:00,1670.0
2026-02-10T22,MIDA,Mid-Atlantic,D,Demand,101944,megawatthours,2026-02-10 22:00:00,101944.0
2026-02-10T22,MIDA,Mid-Atlantic,DF,Day-ahead demand forecast,109479,megawatthours,2026-02-10 22:00:00,109479.0
2026-02-10T22,MIDA,Mid-Atlantic,NG,Net generation,103552,megawatthours,2026-02-10 22:00:00,103552.0
2026-02-10T22,MIDA,Mid-Atlantic,TI,Total interchange,1923,megawatthours,2026-02-10 22:00:00,1923.0
2026-02-10T21,MIDA,Mid-Atlantic,D,Demand,103319,megawatthours,2026-02-10 21:00:00,103319.0
2026-02-10T21,MIDA,Mid-Atlantic,DF,Day-ahead demand forecast,105895,megawatthours,2026-02-10 21:00:00,105895.0
2026-02-10T21,MIDA,Mid-Atlantic,NG,Net generation,104609,megawatthours,2026-02-10 21:00:00,104609.0
2026-02-10T21,MIDA,Mid-Atlantic,TI,Total interchange,2026,megawatthours,2026-02-10 21:00:00,2026.0
2026-02-10T20,MIDA,Mid-Atlantic,D,Demand,104042,megawatthours,2026-02-10 20:00:00,104042.0
2026-02-10T20,MIDA,Mid-Atlantic,DF,Day-ahead demand forecast,104400,megawatthours,2026-02-10 20:00:00,104400.0
2026-02-10T20,MIDA,Mid-Atlantic,NG,Net generation,105012,megawatthours,2026-02-10 20:00:00,105012.0
2026-02-10T20,MIDA,Mid-Atlantic,TI,Total interchange,1983,megawatthours,2026-02-10 20:00:00,1983.0
2026-02-10T19,MIDA,Mid-Atlantic,D,Demand,105471,megawatthours,2026-02-10 19:00:00,105471.0
2026-02-10T19,MIDA,Mid-Atlantic,DF,Day-ahead demand forecast,104925,megawatthours,2026-02-10 19:00:00,104925.0
2026-02-10T19,MIDA,Mid-Atlantic,NG,Net generation,106597,megawatthours,2026-02-10 19:00:00,106597.0
2026-02-10T19,MIDA,Mid-Atlantic,TI,Total interchange,1769,megawatthours,2026-02-10 19:00:00,1769.0
2026-02-10T18,MIDA,Mid-Atlantic,D,Demand,106267,megawatthours,2026-02-10 18:00:00,106267.0
2026-02-10T18,MIDA,Mid-Atlantic,DF,Day-ahead demand forecast,106468,megawatthours,2026-02-10 18:00:00,106468.0
2026-02-10T18,MIDA,Mid-Atlantic,NG,Net generation,107891,megawatthours,2026-02-10 18:00:00,107891.0
2026-02-10T18,MIDA,Mid-Atlantic,TI,Total interchange,1617,megawatthours,2026-02-10 18:00:00,1617.0
2026-02-10T17,MIDA,Mid-Atlantic,D,Demand,107547,megawatthours,2026-02-10 17:00:00,107547.0
2026-02-10T17,MIDA,Mid-Atlantic,DF,Day-ahead demand forecast,108206,megawatthours,2026-02-10 17:00:00,108206.0
2026-02-10T17,MIDA,Mid-Atlantic,NG,Net generation,109606,megawatthours,2026-02-10 17:00:00,109606.0
2026-02-10T17,MIDA,Mid-Atlantic,TI,Total interchange,1675,megawatthours,2026-02-10 17:00:00,1675.0
2026-02-10T16,MIDA,Mid-Atlantic,D,Demand,110094,megawatthours,2026-02-10 16:00:00,110094.0
2026-02-10T16,MIDA,Mid-Atlantic,DF,Day-ahead demand forecast,110661,megawatthours,2026-02-10 16:00:00,110661.0
2026-02-10T16,MIDA,Mid-Atlantic,NG,Net generation,111893,megawatthours,2026-02-10 16:00:00,111893.0
2026-02-10T16,MIDA,Mid-Atlantic,TI,Total interchange,1603,megawatthours,2026-02-10 16:00:00,1603.0
2026-02-10T15,MIDA,Mid-Atlantic,D,Demand,114791,megawatthours,2026-02-10 15:00:00,114791.0
2026-02-10T15,MIDA,Mid-Atlantic,DF,Day-ahead demand forecast,114114,megawatthours,2026-02-10 15:00:00,114114.0
2026-02-10T15,MIDA,Mid-Atlantic,NG,Net generation,116812,megawatthours,2026-02-10 15:00:00,116812.0
2026-02-10T15,MIDA,Mid-Atlantic,TI,Total interchange,1402,megawatthours,2026-02-10 15:00:00,1402.0
2026-02-10T14,MIDA,Mid-Atlantic,D,Demand,119464,megawatthours,2026-02-10 14:00:00,119464.0
2026-02-10T14,MIDA,Mid-Atlantic,DF,Day-ahead demand forecast,117746,megawatthours,2026-02-10 14:00:00,117746.0
2026-02-10T14,MIDA,Mid-Atlantic,NG,Net generation,121780,megawatthours,2026-02-10 14:00:00,121780.0
2026-02-10T14,MIDA,Mid-Atlantic,TI,Total interchange,1643,megawatthours,2026-02-10 14:00:00,1643.0
2026-02-10T13,MIDA,Mid-Atlantic,D,Demand,121298,megawatthours,2026-02-10 13:00:00,121298.0
2026-02-10T13,MIDA,Mid-Atlantic,DF,Day-ahead demand forecast,121440,megawatthours,2026-02-10 13:00:00,121440.0
2026-02-10T13,MIDA,Mid-Atlantic,NG,Net generation,123337,megawatthours,2026-02-10 13:00:00,123337.0
2026-02-10T13,MIDA,Mid-Atlantic,TI,Total interchange,1543,megawatthours,2026-02-10 13:00:00,1543.0
2026-02-10T12,MIDA,Mid-Atlantic,D,Demand,117728,megawatthours,2026-02-10 12:00:00,117728.0
2026-02-10T12,MIDA,Mid-Atlantic,DF,Day-ahead demand forecast,122380,megawatthours,2026-02-10 12:00:00,122380.0
2026-02-10T12,MIDA,Mid-Atlantic,NG,Net generation,118743,megawatthours,2026-02-10 12:00:00,118743.0
2026-02-10T12,MIDA,Mid-Atlantic,TI,Total interchange,1629,megawatthours,2026-02-10 12:00:00,1629.0
2026-02-10T11,MIDA,Mid-Atlantic,D,Demand,110971,megawatthours,2026-02-10 11:00:00,110971.0
2026-02-10T11,MIDA,Mid-Atlantic,DF,Day-ahead demand forecast,118438,megawatthours,2026-02-10 11:00:00,118438.0
2026-02-10T11,MIDA,Mid-Atlantic,NG,Net generation,110873,megawatthours,2026-02-10 11:00:00,110873.0
2026-02-10T11,MIDA,Mid-Atlantic,TI,Total interchange,1696,megawatthours,2026-02-10 11:00:00,1696.0
2026-02-10T10,MIDA,Mid-Atlantic,D,Demand,108465,megawatthours,2026-02-10 10:00:00,108465.0
2026-02-10T10,MIDA,Mid-Atlantic,DF,Day-ahead demand forecast,112065,megawatthours,2026-02-10 10:00:00,112065.0
2026-02-10T10,MIDA,Mid-Atlantic,NG,Net generation,108337,megawatthours,2026-02-10 10:00:00,108337.0
2026-02-10T10,MIDA,Mid-Atlantic,TI,Total interchange,1703,megawatthours,2026-02-10 10:00:00,1703.0
2026-02-10T09,MIDA,Mid-Atlantic,D,Demand,107449,megawatthours,2026-02-10 09:00:00,107449.0
2026-02-10T09,MIDA,Mid-Atlantic,DF,Day-ahead demand forecast,108052,megawatthours,2026-02-10 09:00:00,108052.0
2026-02-10T09,MIDA,Mid-Atlantic,NG,Net generation,107788,megawatthours,2026-02-10 09:00:00,107788.0
2026-02-10T09,MIDA,Mid-Atlantic,TI,Total interchange,-17,megawatthours,2026-02-10 09:00:00,-17.0
2026-02-10T08,MIDA,Mid-Atlantic,D,Demand,107492,megawatthours,2026-02-10 08:00:00,107492.0
2026-02-10T08,MIDA,Mid-Atlantic,DF,Day-ahead demand forecast,106596,megawatthours,2026-02-10 08:00:00,106596.0
2026-02-10T08,MIDA,Mid-Atlantic,NG,Net generation,107550,megawatthours,2026-02-10 08:00:00,107550.0
2026-02-10T08,MIDA,Mid-Atlantic,TI,Total interchange,401,megawatthours,2026-02-10 08:00:00,401.0
2026-02-10T07,MIDA,Mid-Atlantic,D,Demand,108169,megawatthours,2026-02-10 07:00:00,108169.0
2026-02-10T07,MIDA,Mid-Atlantic,DF,Day-ahead demand forecast,106350,megawatthours,2026-02-10 07:00:00,106350.0
2026-02-10T07,MIDA,Mid-Atlantic,NG,Net generation,108876,megawatthours,2026-02-10 07:00:00,108876.0
2026-02-10T07,MIDA,Mid-Atlantic,TI,Total interchange,737,megawatthours,2026-02-10 07:00:00,737.0
2026-02-10T06,MIDA,Mid-Atlantic,D,Demand,109793,megawatthours,2026-02-10 06:00:00,109793.0
2026-02-10T06,MIDA,Mid-Atlantic,DF,Day-ahead demand forecast,107315,megawatthours,2026-02-10 06:00:00,107315.0
2026-02-10T06,MIDA,Mid-Atlantic,NG,Net generation,111865,megawatthours,2026-02-10 06:00:00,111865.0
2026-02-10T06,MIDA,Mid-Atlantic,TI,Total interchange,1216,megawatthours,2026-02-10 06:00:00,1216.0
2026-02-10T05,MIDA,Mid-Atlantic,D,Demand,111955,megawatthours,2026-02-10 05:00:00,111955.0
2026-02-10T05,MIDA,Mid-Atlantic,DF,Day-ahead demand forecast,109581,megawatthours,2026-02-10 05:00:00,109581.0
2026-02-10T05,MIDA,Mid-Atlantic,NG,Net generation,112542,megawatthours,2026-02-10 05:00:00,112542.0
2026-02-10T05,MIDA,Mid-Atlantic,TI,Total interchange,881,megawatthours,2026-02-10 05:00:00,881.0
2026-02-10T04,MIDA,Mid-Atlantic,D,Demand,114965,megawatthours,2026-02-10 04:00:00,114965.0
2026-02-10T04,MIDA,Mid-Atlantic,DF,Day-ahead demand forecast,113549,megawatthours,2026-02-10 04:00:00,113549.0
2026-02-10T04,MIDA,Mid-Atlantic,NG,Net generation,115945,megawatthours,2026-02-10 04:00:00,115945.0
2026-02-10T04,MIDA,Mid-Atlantic,TI,Total interchange,417,megawatthours,2026-02-10 04:00:00,417.0
2026-02-10T03,MIDA,Mid-Atlantic,D,Demand,118779,megawatthours,2026-02-10 03:00:00,118779.0
2026-02-10T03,MIDA,Mid-Atlantic,DF,Day-ahead demand forecast,116987,megawatthours,2026-02-10 03:00:00,116987.0
2026-02-10T03,MIDA,Mid-Atlantic,NG,Net generation,120084,megawatthours,2026-02-10 03:00:00,120084.0
2026-02-10T03,MIDA,Mid-Atlantic,TI,Total interchange,576,megawatthours,2026-02-10 03:00:00,576.0
2026-02-10T02,MIDA,Mid-Atlantic,D,Demand,121877,megawatthours,2026-02-10 02:00:00,121877.0
2026-02-10T02,MIDA,Mid-Atlantic,DF,Day-ahead demand forecast,120855,megawatthours,2026-02-10 02:00:00,120855.0
2026-02-10T02,MIDA,Mid-Atlantic,NG,Net generation,123620,megawatthours,2026-02-10 02:00:00,123620.0
2026-02-10T02,MIDA,Mid-Atlantic,TI,Total interchange,1064,megawatthours,2026-02-10 02:00:00,1064.0
2026-02-10T01,MIDA,Mid-Atlantic,D,Demand,123215,megawatthours,2026-02-10 01:00:00,123215.0
2026-02-10T01,MIDA,Mid-Atlantic,DF,Day-ahead demand forecast,122804,megawatthours,2026-02-10 01:00:00,122804.0
2026-02-10T01,MIDA,Mid-Atlantic,NG,Net generation,124734,megawatthours,2026-02-10 01:00:00,124734.0
2026-02-10T01,MIDA,Mid-Atlantic,TI,Total interchange,1430,megawatthours,2026-02-10 01:00:00,1430.0
2026-02-10T00,MIDA,Mid-Atlantic,D,Demand,123126,megawatthours,2026-02-10 00:00:00,123126.0
2026-02-10T00,MIDA,Mid-Atlantic,DF,Day-ahead demand forecast,123315,megawatthours,2026-02-10 00:00:00,123315.0
2026-02-10T00,MIDA,Mid-Atlantic,NG,Net generation,125092,megawatthours,2026-02-10 00:00:00,125092.0
2026-02-10T00,MIDA,Mid-Atlantic,TI,Total interchange,1541,megawatthours,2026-02-10 00:00:00,1541.0
2026-02-09T23,MIDA,Mid-Atlantic,D,Demand,119105,megawatthours,2026-02-09 23:00:00,119105.0
2026-02-09T23,MIDA,Mid-Atlantic,DF,Day-ahead demand forecast,123265,megawatthours,2026-02-09 23:00:00,123265.0
2026-02-09T23,MIDA,Mid-Atlantic,NG,Net generation,121275,megawatthours,2026-02-09 23:00:00,121275.0
2026-02-09T23,MIDA,Mid-Atlantic,TI,Total interchange,1726,megawatthours,2026-02-09 23:00:00,1726.0
2026-02-09T22,MIDA,Mid-Atlantic,D,Demand,115244,megawatthours,2026-02-09 22:00:00,115244.0
2026-02-09T22,MIDA,Mid-Atlantic,DF,Day-ahead demand forecast,118660,megawatthours,2026-02-09 22:00:00,118660.0
2026-02-09T22,MIDA,Mid-Atlantic,NG,Net generation,118246,megawatthours,2026-02-09 22:00:00,118246.0
2026-02-09T22,MIDA,Mid-Atlantic,TI,Total interchange,1501,megawatthours,2026-02-09 22:00:00,1501.0
2026-02-09T21,MIDA,Mid-Atlantic,D,Demand,115245,megawatthours,2026-02-09 21:00:00,115245.0
2026-02-09T21,MIDA,Mid-Atlantic,DF,Day-ahead demand forecast,112946,megawatthours,2026-02-09 21:00:00,112946.0
2026-02-09T21,MIDA,Mid-Atlantic,NG,Net generation,118304,megawatthours,2026-02-09 21:00:00,118304.0
2026-02-09T21,MIDA,Mid-Atlantic,TI,Total interchange,1479,megawatthours,2026-02-09 21:00:00,1479.0
2026-02-09T20,MIDA,Mid-Atlantic,D,Demand,115853,megawatthours,2026-02-09 20:00:00,115853.0
2026-02-09T20,MIDA,Mid-Atlantic,DF,Day-ahead demand forecast,110632,megawatthours,2026-02-09 20:00:00,110632.0
2026-02-09T20,MIDA,Mid-Atlantic,NG,Net generation,117491,megawatthours,2026-02-09 20:00:00,117491.0
2026-02-09T20,MIDA,Mid-Atlantic,TI,Total interchange,1469,megawatthours,2026-02-09 20:00:00,1469.0
2026-02-09T19,MIDA,Mid-Atlantic,D,Demand,117619,megawatthours,2026-02-09 19:00:00,117619.0
2026-02-09T19,MIDA,Mid-Atlantic,DF,Day-ahead demand forecast,110880,megawatthours,2026-02-09 19:00:00,110880.0
2026-02-09T19,MIDA,Mid-Atlantic,NG,Net generation,119471,megawatthours,2026-02-09 19:00:00,119471.0
2026-02-09T19,MIDA,Mid-Atlantic,TI,Total interchange,1483,megawatthours,2026-02-09 19:00:00,1483.0
2026-02-09T18,MIDA,Mid-Atlantic,D,Demand,120239,megawatthours,2026-02-09 18:00:00,120239.0
2026-02-09T18,MIDA,Mid-Atlantic,DF,Day-ahead demand forecast,112711,megawatthours,2026-02-09 18:00:00,112711.0
2026-02-09T18,MIDA,Mid-Atlantic,NG,Net generation,121011,megawatthours,2026-02-09 18:00:00,121011.0
2026-02-09T18,MIDA,Mid-Atlantic,TI,Total interchange,1280,megawatthours,2026-02-09 18:00:00,1280.0
2026-02-09T17,MIDA,Mid-Atlantic,D,Demand,123233,megawatthours,2026-02-09 17:00:00,123233.0
2026-02-09T17,MIDA,Mid-Atlantic,DF,Day-ahead demand forecast,115763,megawatthours,2026-02-09 17:00:00,115763.0
2026-02-09T17,MIDA,Mid-Atlantic,NG,Net generation,124344,megawatthours,2026-02-09 17:00:00,124344.0
2026-02-09T17,MIDA,Mid-Atlantic,TI,Total interchange,1202,megawatthours,2026-02-09 17:00:00,1202.0
2026-02-09T16,MIDA,Mid-Atlantic,D,Demand,126304,megawatthours,2026-02-09 16:00:00,126304.0
2026-02-09T16,MIDA,Mid-Atlantic,DF,Day-ahead demand forecast,119305,megawatthours,2026-02-09 16:00:00,119305.0
2026-02-09T16,MIDA,Mid-Atlantic,NG,Net generation,127452,megawatthours,2026-02-09 16:00:00,127452.0
2026-02-09T16,MIDA,Mid-Atlantic,TI,Total interchange,979,megawatthours,2026-02-09 16:00:00,979.0
2026-02-09T15,MIDA,Mid-Atlantic,D,Demand,129977,megawatthours,2026-02-09 15:00:00,129977.0
2026-02-09T15,MIDA,Mid-Atlantic,DF,Day-ahead demand forecast,123807,megawatthours,2026-02-09 15:00:00,123807.0
2026-02-09T15,MIDA,Mid-Atlantic,NG,Net generation,131117,megawatthours,2026-02-09 15:00:00,131117.0
2026-02-09T15,MIDA,Mid-Atlantic,TI,Total interchange,916,megawatthours,2026-02-09 15:00:00,916.0
2026-02-09T14,MIDA,Mid-Atlantic,D,Demand,135705,megawatthours,2026-02-09 14:00:00,135705.0
2026-02-09T14,MIDA,Mid-Atlantic,DF,Day-ahead demand forecast,129176,megawatthours,2026-02-09 14:00:00,129176.0
2026-02-09T14,MIDA,Mid-Atlantic,NG,Net generation,136405,megawatthours,2026-02-09 14:00:00,136405.0
2026-02-09T14,MIDA,Mid-Atlantic,TI,Total interchange,1113,megawatthours,2026-02-09 14:00:00,1113.0
2026-02-09T13,MIDA,Mid-Atlantic,D,Demand,138304,megawatthours,2026-02-09 13:00:00,138304.0
2026-02-09T13,MIDA,Mid-Atlantic,DF,Day-ahead demand forecast,134008,megawatthours,2026-02-09 13:00:00,134008.0
2026-02-09T13,MIDA,Mid-Atlantic,NG,Net generation,138405,megawatthours,2026-02-09 13:00:00,138405.0
2026-02-09T13,MIDA,Mid-Atlantic,TI,Total interchange,1198,megawatthours,2026-02-09 13:00:00,1198.0
2026-02-09T12,MIDA,Mid-Atlantic,D,Demand,134446,megawatthours,2026-02-09 12:00:00,134446.0
2026-02-09T12,MIDA,Mid-Atlantic,DF,Day-ahead demand forecast,135024,megawatthours,2026-02-09 12:00:00,135024.0
2026-02-09T12,MIDA,Mid-Atlantic,NG,Net generation,134468,megawatthours,2026-02-09 12:00:00,134468.0
2026-02-09T12,MIDA,Mid-Atlantic,TI,Total interchange,1191,megawatthours,2026-02-09 12:00:00,1191.0
2026-02-09T11,MIDA,Mid-Atlantic,D,Demand,127426,megawatthours,2026-02-09 11:00:00,127426.0
2026-02-09T11,MIDA,Mid-Atlantic,DF,Day-ahead demand forecast,131294,megawatthours,2026-02-09 11:00:00,131294.0
2026-02-09T11,MIDA,Mid-Atlantic,NG,Net generation,127928,megawatthours,2026-02-09 11:00:00,127928.0
2026-02-09T11,MIDA,Mid-Atlantic,TI,Total interchange,1176,megawatthours,2026-02-09 11:00:00,1176.0
2026-02-09T10,MIDA,Mid-Atlantic,D,Demand,122584,megawatthours,2026-02-09 10:00:00,122584.0
2026-02-09T10,MIDA,Mid-Atlantic,DF,Day-ahead demand forecast,125848,megawatthours,2026-02-09 10:00:00,125848.0
2026-02-09T10,MIDA,Mid-Atlantic,NG,Net generation,123447,megawatthours,2026-02-09 10:00:00,123447.0
2026-02-09T10,MIDA,Mid-Atlantic,TI,Total interchange,968,megawatthours,2026-02-09 10:00:00,968.0
2026-02-09T09,MIDA,Mid-Atlantic,D,Demand,120366,megawatthours,2026-02-09 09:00:00,120366.0
2026-02-09T09,MIDA,Mid-Atlantic,DF,Day-ahead demand forecast,121718,megawatthours,2026-02-09 09:00:00,121718.0
2026-02-09T09,MIDA,Mid-Atlantic,NG,Net generation,121252,megawatthours,2026-02-09 09:00:00,121252.0
2026-02-09T09,MIDA,Mid-Atlantic,TI,Total interchange,1225,megawatthours,2026-02-09 09:00:00,1225.0
2026-02-09T08,MIDA,Mid-Atlantic,D,Demand,119830,megawatthours,2026-02-09 08:00:00,119830.0
2026-02-09T08,MIDA,Mid-Atlantic,DF,Day-ahead demand forecast,119495,megawatthours,2026-02-09 08:00:00,119495.0
2026-02-09T08,MIDA,Mid-Atlantic,NG,Net generation,119813,megawatthours,2026-02-09 08:00:00,119813.0
2026-02-09T08,MIDA,Mid-Atlantic,TI,Total interchange,707,megawatthours,2026-02-09 08:00:00,707.0
2026-02-09T07,MIDA,Mid-Atlantic,D,Demand,119793,megawatthours,2026-02-09 07:00:00,119793.0
2026-02-09T07,MIDA,Mid-Atlantic,DF,Day-ahead demand forecast,118677,megawatthours,2026-02-09 07:00:00,118677.0
2026-02-09T07,MIDA,Mid-Atlantic,NG,Net generation,120246,megawatthours,2026-02-09 07:00:00,120246.0
2026-02-09T07,MIDA,Mid-Atlantic,TI,Total interchange,1116,megawatthours,2026-02-09 07:00:00,1116.0
2026-02-09T06,MIDA,Mid-Atlantic,D,Demand,120486,megawatthours,2026-02-09 06:00:00,120486.0
2026-02-09T06,MIDA,Mid-Atlantic,DF,Day-ahead demand forecast,118284,megawatthours,2026-02-09 06:00:00,118284.0
2026-02-09T06,MIDA,Mid-Atlantic,NG,Net generation,121793,megawatthours,2026-02-09 06:00:00,121793.0
2026-02-09T06,MIDA,Mid-Atlantic,TI,Total interchange,1590,megawatthours,2026-02-09 06:00:00,1590.0
2026-02-09T05,MIDA,Mid-Atlantic,D,Demand,122539,megawatthours,2026-02-09 05:00:00,122539.0
2026-02-09T05,MIDA,Mid-Atlantic,DF,Day-ahead demand forecast,117640,megawatthours,2026-02-09 05:00:00,117640.0
2026-02-09T05,MIDA,Mid-Atlantic,NG,Net generation,124468,megawatthours,2026-02-09 05:00:00,124468.0
2026-02-09T05,MIDA,Mid-Atlantic,TI,Total interchange,919,megawatthours,2026-02-09 05:00:00,919.0
2026-02-09T04,MIDA,Mid-Atlantic,D,Demand,124706,megawatthours,2026-02-09 04:00:00,124706.0
2026-02-09T04,MIDA,Mid-Atlantic,DF,Day-ahead demand forecast,119979,megawatthours,2026-02-09 04:00:00,119979.0
2026-02-09T04,MIDA,Mid-Atlantic,NG,Net generation,126317,megawatthours,2026-02-09 04:00:00,126317.0
2026-02-09T04,MIDA,Mid-Atlantic,TI,Total interchange,897,megawatthours,2026-02-09 04:00:00,897.0
2026-02-09T03,MIDA,Mid-Atlantic,D,Demand,126869,megawatthours,2026-02-09 03:00:00,126869.0
2026-02-09T03,MIDA,Mid-Atlantic,DF,Day-ahead demand forecast,122670,megawatthours,2026-02-09 03:00:00,122670.0
2026-02-09T03,MIDA,Mid-Atlantic,NG,Net generation,128776,megawatthours,2026-02-09 03:00:00,128776.0
2026-02-09T03,MIDA,Mid-Atlantic,TI,Total interchange,888,megawatthours,2026-02-09 03:00:00,888.0
2026-02-09T02,MIDA,Mid-Atlantic,D,Demand,127579,megawatthours,2026-02-09 02:00:00,127579.0
2026-02-09T02,MIDA,Mid-Atlantic,DF,Day-ahead demand forecast,126450,megawatthours,2026-02-09 02:00:00,126450.0
2026-02-09T02,MIDA,Mid-Atlantic,NG,Net generation,129620,megawatthours,2026-02-09 02:00:00,129620.0
2026-02-09T02,MIDA,Mid-Atlantic,TI,Total interchange,1043,megawatthours,2026-02-09 02:00:00,1043.0
2026-02-09T01,MIDA,Mid-Atlantic,D,Demand,128362,megawatthours,2026-02-09 01:00:00,128362.0
2026-02-09T01,MIDA,Mid-Atlantic,DF,Day-ahead demand forecast,128512,megawatthours,2026-02-09 01:00:00,128512.0
2026-02-09T01,MIDA,Mid-Atlantic,NG,Net generation,130049,megawatthours,2026-02-09 01:00:00,130049.0
2026-02-09T01,MIDA,Mid-Atlantic,TI,Total interchange,1276,megawatthours,2026-02-09 01:00:00,1276.0
2026-02-09T00,MIDA,Mid-Atlantic,D,Demand,129449,megawatthours,2026-02-09 00:00:00,129449.0
2026-02-09T00,MIDA,Mid-Atlantic,DF,Day-ahead demand forecast,128857,megawatthours,2026-02-09 00:00:00,128857.0
2026-02-09T00,MIDA,Mid-Atlantic,NG,Net generation,130611,megawatthours,2026-02-09 00:00:00,130611.0
2026-02-09T00,MIDA,Mid-Atlantic,TI,Total interchange,1282,megawatthours,2026-02-09 00:00:00,1282.0
2026-02-08T23,MIDA,Mid-Atlantic,D,Demand,127091,megawatthours,2026-02-08 23:00:00,127091.0
2026-02-08T23,MIDA,Mid-Atlantic,DF,Day-ahead demand forecast,128322,megawatthours,2026-02-08 23:00:00,128322.0
2026-02-08T23,MIDA,Mid-Atlantic,NG,Net generation,128538,megawatthours,2026-02-08 23:00:00,128538.0
2026-02-08T23,MIDA,Mid-Atlantic,TI,Total interchange,1166,megawatthours,2026-02-08 23:00:00,1166.0
2026-02-08T22,MIDA,Mid-Atlantic,D,Demand,122701,megawatthours,2026-02-08 22:00:00,122701.0
2026-02-08T22,MIDA,Mid-Atlantic,DF,Day-ahead demand forecast,124664,megawatthours,2026-02-08 22:00:00,124664.0
2026-02-08T22,MIDA,Mid-Atlantic,NG,Net generation,125128,megawatthours,2026-02-08 22:00:00,125128.0
2026-02-08T22,MIDA,Mid-Atlantic,TI,Total interchange,1156,megawatthours,2026-02-08 22:00:00,1156.0
2026-02-08T21,MIDA,Mid-Atlantic,D,Demand,120520,megawatthours,2026-02-08 21:00:00,120520.0
2026-02-08T21,MIDA,Mid-Atlantic,DF,Day-ahead demand forecast,118306,megawatthours,2026-02-08 21:00:00,118306.0
2026-02-08T21,MIDA,Mid-Atlantic,NG,Net generation,123425,megawatthours,2026-02-08 21:00:00,123425.0
2026-02-08T21,MIDA,Mid-Atlantic,TI,Total interchange,1063,megawatthours,2026-02-08 21:00:00,1063.0
2026-02-08T20,MIDA,Mid-Atlantic,D,Demand,120347,megawatthours,2026-02-08 20:00:00,120347.0
2026-02-08T20,MIDA,Mid-Atlantic,DF,Day-ahead demand forecast,115673,megawatthours,2026-02-08 20:00:00,115673.0
2026-02-08T20,MIDA,Mid-Atlantic,NG,Net generation,122886,megawatthours,2026-02-08 20:00:00,122886.0
2026-02-08T20,MIDA,Mid-Atlantic,TI,Total interchange,993,megawatthours,2026-02-08 20:00:00,993.0
2026-02-08T19,MIDA,Mid-Atlantic,D,Demand,121603,megawatthours,2026-02-08 19:00:00,121603.0
2026-02-08T19,MIDA,Mid-Atlantic,DF,Day-ahead demand forecast,114492,megawatthours,2026-02-08 19:00:00,114492.0
2026-02-08T19,MIDA,Mid-Atlantic,NG,Net generation,123755,megawatthours,2026-02-08 19:00:00,123755.0
2026-02-08T19,MIDA,Mid-Atlantic,TI,Total interchange,947,megawatthours,2026-02-08 19:00:00,947.0
2026-02-08T18,MIDA,Mid-Atlantic,D,Demand,123391,megawatthours,2026-02-08 18:00:00,123391.0
2026-02-08T18,MIDA,Mid-Atlantic,DF,Day-ahead demand forecast,115568,megawatthours,2026-02-08 18:00:00,115568.0
2026-02-08T18,MIDA,Mid-Atlantic,NG,Net generation,125617,megawatthours,2026-02-08 18:00:00,125617.0
2026-02-08T18,MIDA,Mid-Atlantic,TI,Total interchange,799,megawatthours,2026-02-08 18:00:00,799.0
2026-02-08T17,MIDA,Mid-Atlantic,D,Demand,124522,megawatthours,2026-02-08 17:00:00,124522.0
2026-02-08T17,MIDA,Mid-Atlantic,DF,Day-ahead demand forecast,117635,megawatthours,2026-02-08 17:00:00,117635.0
2026-02-08T17,MIDA,Mid-Atlantic,NG,Net generation,126814,megawatthours,2026-02-08 17:00:00,126814.0
2026-02-08T17,MIDA,Mid-Atlantic,TI,Total interchange,562,megawatthours,2026-02-08 17:00:00,562.0
2026-02-08T16,MIDA,Mid-Atlantic,D,Demand,125858,megawatthours,2026-02-08 16:00:00,125858.0
2026-02-08T16,MIDA,Mid-Atlantic,DF,Day-ahead demand forecast,119992,megawatthours,2026-02-08 16:00:00,119992.0
2026-02-08T16,MIDA,Mid-Atlantic,NG,Net generation,127503,megawatthours,2026-02-08 16:00:00,127503.0
2026-02-08T16,MIDA,Mid-Atlantic,TI,Total interchange,697,megawatthours,2026-02-08 16:00:00,697.0
2026-02-08T15,MIDA,Mid-Atlantic,D,Demand,127173,megawatthours,2026-02-08 15:00:00,127173.0
2026-02-08T15,MIDA,Mid-Atlantic,DF,Day-ahead demand forecast,122352,megawatthours,2026-02-08 15:00:00,122352.0
2026-02-08T15,MIDA,Mid-Atlantic,NG,Net generation,127787,megawatthours,2026-02-08 15:00:00,127787.0
2026-02-08T15,MIDA,Mid-Atlantic,TI,Total interchange,693,megawatthours,2026-02-08 15:00:00,693.0
2026-02-08T14,MIDA,Mid-Atlantic,D,Demand,128982,megawatthours,2026-02-08 14:00:00,128982.0
2026-02-08T14,MIDA,Mid-Atlantic,DF,Day-ahead demand forecast,125535,megawatthours,2026-02-08 14:00:00,125535.0
2026-02-08T14,MIDA,Mid-Atlantic,NG,Net generation,128935,megawatthours,2026-02-08 14:00:00,128935.0
2026-02-08T14,MIDA,Mid-Atlantic,TI,Total interchange,637,megawatthours,2026-02-08 14:00:00,637.0
2026-02-08T13,MIDA,Mid-Atlantic,D,Demand,129276,megawatthours,2026-02-08 13:00:00,129276.0
2026-02-08T13,MIDA,Mid-Atlantic,DF,Day-ahead demand forecast,128321,megawatthours,2026-02-08 13:00:00,128321.0
2026-02-08T13,MIDA,Mid-Atlantic,NG,Net generation,129478,megawatthours,2026-02-08 13:00:00,129478.0
2026-02-08T13,MIDA,Mid-Atlantic,TI,Total interchange,396,megawatthours,2026-02-08 13:00:00,396.0
2026-02-08T12,MIDA,Mid-Atlantic,D,Demand,127391,megawatthours,2026-02-08 12:00:00,127391.0
2026-02-08T12,MIDA,Mid-Atlantic,DF,Day-ahead demand forecast,128833,megawatthours,2026-02-08 12:00:00,128833.0
2026-02-08T12,MIDA,Mid-Atlantic,NG,Net generation,127545,megawatthours,2026-02-08 12:00:00,127545.0
2026-02-08T12,MIDA,Mid-Atlantic,TI,Total interchange,200,megawatthours,2026-02-08 12:00:00,200.0
2026-02-08T11,MIDA,Mid-Atlantic,D,Demand,124679,megawatthours,2026-02-08 11:00:00,124679.0
2026-02-08T11,MIDA,Mid-Atlantic,DF,Day-ahead demand forecast,126965,megawatthours,2026-02-08 11:00:00,126965.0
2026-02-08T11,MIDA,Mid-Atlantic,NG,Net generation,124262,megawatthours,2026-02-08 11:00:00,124262.0
2026-02-08T11,MIDA,Mid-Atlantic,TI,Total interchange,254,megawatthours,2026-02-08 11:00:00,254.0
2026-02-08T10,MIDA,Mid-Atlantic,D,Demand,123361,megawatthours,2026-02-08 10:00:00,123361.0
2026-02-08T10,MIDA,Mid-Atlantic,DF,Day-ahead demand forecast,124749,megawatthours,2026-02-08 10:00:00,124749.0
2026-02-08T10,MIDA,Mid-Atlantic,NG,Net generation,122341,megawatthours,2026-02-08 10:00:00,122341.0
2026-02-08T10,MIDA,Mid-Atlantic,TI,Total interchange,520,megawatthours,2026-02-08 10:00:00,520.0
2026-02-08T09,MIDA,Mid-Atlantic,D,Demand,123047,megawatthours,2026-02-08 09:00:00,123047.0
2026-02-08T09,MIDA,Mid-Atlantic,DF,Day-ahead demand forecast,123465,megawatthours,2026-02-08 09:00:00,123465.0
2026-02-08T09,MIDA,Mid-Atlantic,NG,Net generation,121385,megawatthours,2026-02-08 09:00:00,121385.0
2026-02-08T09,MIDA,Mid-Atlantic,TI,Total interchange,-2894,megawatthours,2026-02-08 09:00:00,-2894.0
2026-02-08T08,MIDA,Mid-Atlantic,D,Demand,123059,megawatthours,2026-02-08 08:00:00,123059.0
2026-02-08T08,MIDA,Mid-Atlantic,DF,Day-ahead demand forecast,122035,megawatthours,2026-02-08 08:00:00,122035.0
2026-02-08T08,MIDA,Mid-Atlantic,NG,Net generation,121448,megawatthours,2026-02-08 08:00:00,121448.0
2026-02-08T08,MIDA,Mid-Atlantic,TI,Total interchange,-2516,megawatthours,2026-02-08 08:00:00,-2516.0
2026-02-08T07,MIDA,Mid-Atlantic,D,Demand,123536,megawatthours,2026-02-08 07:00:00,123536.0
2026-02-08T07,MIDA,Mid-Atlantic,DF,Day-ahead demand forecast,122552,megawatthours,2026-02-08 07:00:00,122552.0
2026-02-08T07,MIDA,Mid-Atlantic,NG,Net generation,121806,megawatthours,2026-02-08 07:00:00,121806.0
2026-02-08T07,MIDA,Mid-Atlantic,TI,Total interchange,-2589,megawatthours,2026-02-08 07:00:00,-2589.0
2026-02-08T06,MIDA,Mid-Atlantic,D,Demand,124524,megawatthours,2026-02-08 06:00:00,124524.0
2026-02-08T06,MIDA,Mid-Atlantic,DF,Day-ahead demand forecast,122826,megawatthours,2026-02-08 06:00:00,122826.0
2026-02-08T06,MIDA,Mid-Atlantic,NG,Net generation,122837,megawatthours,2026-02-08 06:00:00,122837.0
2026-02-08T06,MIDA,Mid-Atlantic,TI,Total interchange,-2460,megawatthours,2026-02-08 06:00:00,-2460.0
2026-02-08T05,MIDA,Mid-Atlantic,D,Demand,126257,megawatthours,2026-02-08 05:00:00,126257.0
2026-02-08T05,MIDA,Mid-Atlantic,DF,Day-ahead demand forecast,123439,megawatthours,2026-02-08 05:00:00,123439.0
2026-02-08T05,MIDA,Mid-Atlantic,NG,Net generation,125994,megawatthours,2026-02-08 05:00:00,125994.0
2026-02-08T05,MIDA,Mid-Atlantic,TI,Total interchange,1077,megawatthours,2026-02-08 05:00:00,1077.0
2026-02-08T04,MIDA,Mid-Atlantic,D,Demand,128585,megawatthours,2026-02-08 04:00:00,128585.0
2026-02-08T04,MIDA,Mid-Atlantic,DF,Day-ahead demand forecast,126027,megawatthours,2026-02-08 04:00:00,126027.0
2026-02-08T04,MIDA,Mid-Atlantic,NG,Net generation,128688,megawatthours,2026-02-08 04:00:00,128688.0
2026-02-08T04,MIDA,Mid-Atlantic,TI,Total interchange,1129,megawatthours,2026-02-08 04:00:00,1129.0
2026-02-08T03,MIDA,Mid-Atlantic,D,Demand,131161,megawatthours,2026-02-08 03:00:00,131161.0
2026-02-08T03,MIDA,Mid-Atlantic,DF,Day-ahead demand forecast,128091,megawatthours,2026-02-08 03:00:00,128091.0
2026-02-08T03,MIDA,Mid-Atlantic,NG,Net generation,131381,megawatthours,2026-02-08 03:00:00,131381.0
2026-02-08T03,MIDA,Mid-Atlantic,TI,Total interchange,955,megawatthours,2026-02-08 03:00:00,955.0
2026-02-08T02,MIDA,Mid-Atlantic,D,Demand,132574,megawatthours,2026-02-08 02:00:00,132574.0
2026-02-08T02,MIDA,Mid-Atlantic,DF,Day-ahead demand forecast,130515,megawatthours,2026-02-08 02:00:00,130515.0
2026-02-08T02,MIDA,Mid-Atlantic,NG,Net generation,131976,megawatthours,2026-02-08 02:00:00,131976.0
2026-02-08T02,MIDA,Mid-Atlantic,TI,Total interchange,1164,megawatthours,2026-02-08 02:00:00,1164.0
2026-02-08T01,MIDA,Mid-Atlantic,D,Demand,132998,megawatthours,2026-02-08 01:00:00,132998.0
2026-02-08T01,MIDA,Mid-Atlantic,DF,Day-ahead demand forecast,132146,megawatthours,2026-02-08 01:00:00,132146.0
2026-02-08T01,MIDA,Mid-Atlantic,NG,Net generation,131428,megawatthours,2026-02-08 01:00:00,131428.0
2026-02-08T01,MIDA,Mid-Atlantic,TI,Total interchange,1328,megawatthours,2026-02-08 01:00:00,1328.0
2026-02-08T00,MIDA,Mid-Atlantic,D,Demand,132712,megawatthours,2026-02-08 00:00:00,132712.0
2026-02-08T00,MIDA,Mid-Atlantic,DF,Day-ahead demand forecast,132972,megawatthours,2026-02-08 00:00:00,132972.0
2026-02-08T00,MIDA,Mid-Atlantic,NG,Net generation,132737,megawatthours,2026-02-08 00:00:00,132737.0
2026-02-08T00,MIDA,Mid-Atlantic,TI,Total interchange,1229,megawatthours,2026-02-08 00:00:00,1229.0
2026-02-07T23,MIDA,Mid-Atlantic,D,Demand,127946,megawatthours,2026-02-07 23:00:00,127946.0
2026-02-07T23,MIDA,Mid-Atlantic,DF,Day-ahead demand forecast,132258,megawatthours,2026-02-07 23:00:00,132258.0
2026-02-07T23,MIDA,Mid-Atlantic,NG,Net generation,127190,megawatthours,2026-02-07 23:00:00,127190.0
2026-02-07T23,MIDA,Mid-Atlantic,TI,Total interchange,1012,megawatthours,2026-02-07 23:00:00,1012.0
2026-02-07T22,MIDA,Mid-Atlantic,D,Demand,122011,megawatthours,2026-02-07 22:00:00,122011.0
2026-02-07T22,MIDA,Mid-Atlantic,DF,Day-ahead demand forecast,128748,megawatthours,2026-02-07 22:00:00,128748.0
2026-02-07T22,MIDA,Mid-Atlantic,NG,Net generation,121637,megawatthours,2026-02-07 22:00:00,121637.0
2026-02-07T22,MIDA,Mid-Atlantic,TI,Total interchange,1083,megawatthours,2026-02-07 22:00:00,1083.0
2026-02-07T21,MIDA,Mid-Atlantic,D,Demand,119514,megawatthours,2026-02-07 21:00:00,119514.0
2026-02-07T21,MIDA,Mid-Atlantic,DF,Day-ahead demand forecast,124685,megawatthours,2026-02-07 21:00:00,124685.0
2026-02-07T21,MIDA,Mid-Atlantic,NG,Net generation,119149,megawatthours,2026-02-07 21:00:00,119149.0
2026-02-07T21,MIDA,Mid-Atlantic,TI,Total interchange,1105,megawatthours,2026-02-07 21:00:00,1105.0
2026-02-07T20,MIDA,Mid-Atlantic,D,Demand,118526,megawatthours,2026-02-07 20:00:00,118526.0
2026-02-07T20,MIDA,Mid-Atlantic,DF,Day-ahead demand forecast,123502,megawatthours,2026-02-07 20:00:00,123502.0
2026-02-07T20,MIDA,Mid-Atlantic,NG,Net generation,117572,megawatthours,2026-02-07 20:00:00,117572.0
2026-02-07T20,MIDA,Mid-Atlantic,TI,Total interchange,1120,megawatthours,2026-02-07 20:00:00,1120.0
2026-02-07T19,MIDA,Mid-Atlantic,D,Demand,118996,megawatthours,2026-02-07 19:00:00,118996.0
2026-02-07T19,MIDA,Mid-Atlantic,DF,Day-ahead demand forecast,123413,megawatthours,2026-02-07 19:00:00,123413.0
2026-02-07T19,MIDA,Mid-Atlantic,NG,Net generation,117516,megawatthours,2026-02-07 19:00:00,117516.0
2026-02-07T19,MIDA,Mid-Atlantic,TI,Total interchange,1182,megawatthours,2026-02-07 19:00:00,1182.0
2026-02-07T18,MIDA,Mid-Atlantic,D,Demand,120128,megawatthours,2026-02-07 18:00:00,120128.0
2026-02-07T18,MIDA,Mid-Atlantic,DF,Day-ahead demand forecast,124491,megawatthours,2026-02-07 18:00:00,124491.0
2026-02-07T18,MIDA,Mid-Atlantic,NG,Net generation,118898,megawatthours,2026-02-07 18:00:00,118898.0
2026-02-07T18,MIDA,Mid-Atlantic,TI,Total interchange,1354,megawatthours,2026-02-07 18:00:00,1354.0
2026-02-07T17,MIDA,Mid-Atlantic,D,Demand,120690,megawatthours,2026-02-07 17:00:00,120690.0
2026-02-07T17,MIDA,Mid-Atlantic,DF,Day-ahead demand forecast,125478,megawatthours,2026-02-07 17:00:00,125478.0
2026-02-07T17,MIDA,Mid-Atlantic,NG,Net generation,120576,megawatthours,2026-02-07 17:00:00,120576.0
2026-02-07T17,MIDA,Mid-Atlantic,TI,Total interchange,1258,megawatthours,2026-02-07 17:00:00,1258.0
2026-02-07T16,MIDA,Mid-Atlantic,D,Demand,121802,megawatthours,2026-02-07 16:00:00,121802.0
2026-02-07T16,MIDA,Mid-Atlantic,DF,Day-ahead demand forecast,126667,megawatthours,2026-02-07 16:00:00,126667.0
2026-02-07T16,MIDA,Mid-Atlantic,NG,Net generation,120988,megawatthours,2026-02-07 16:00:00,120988.0
2026-02-07T16,MIDA,Mid-Atlantic,TI,Total interchange,1531,megawatthours,2026-02-07 16:00:00,1531.0
2026-02-07T15,MIDA,Mid-Atlantic,D,Demand,122971,megawatthours,2026-02-07 15:00:00,122971.0
2026-02-07T15,MIDA,Mid-Atlantic,DF,Day-ahead demand forecast,127161,megawatthours,2026-02-07 15:00:00,127161.0
2026-02-07T15,MIDA,Mid-Atlantic,NG,Net generation,122439,megawatthours,2026-02-07 15:00:00,122439.0
2026-02-07T15,MIDA,Mid-Atlantic,TI,Total interchange,1556,megawatthours,2026-02-07 15:00:00,1556.0
2026-02-07T14,MIDA,Mid-Atlantic,D,Demand,123443,megawatthours,2026-02-07 14:00:00,123443.0
2026-02-07T14,MIDA,Mid-Atlantic,DF,Day-ahead demand forecast,126454,megawatthours,2026-02-07 14:00:00,126454.0
2026-02-07T14,MIDA,Mid-Atlantic,NG,Net generation,122562,megawatthours,2026-02-07 14:00:00,122562.0
2026-02-07T14,MIDA,Mid-Atlantic,TI,Total interchange,1537,megawatthours,2026-02-07 14:00:00,1537.0
2026-02-07T13,MIDA,Mid-Atlantic,D,Demand,121192,megawatthours,2026-02-07 13:00:00,121192.0
2026-02-07T13,MIDA,Mid-Atlantic,DF,Day-ahead demand forecast,125510,megawatthours,2026-02-07 13:00:00,125510.0
2026-02-07T13,MIDA,Mid-Atlantic,NG,Net generation,120124,megawatthours,2026-02-07 13:00:00,120124.0
2026-02-07T13,MIDA,Mid-Atlantic,TI,Total interchange,1285,megawatthours,2026-02-07 13:00:00,1285.0
2026-02-07T12,MIDA,Mid-Atlantic,D,Demand,116616,megawatthours,2026-02-07 12:00:00,116616.0
2026-02-07T12,MIDA,Mid-Atlantic,DF,Day-ahead demand forecast,122336,megawatthours,2026-02-07 12:00:00,122336.0
2026-02-07T12,MIDA,Mid-Atlantic,NG,Net generation,117076,megawatthours,2026-02-07 12:00:00,117076.0
2026-02-07T12,MIDA,Mid-Atlantic,TI,Total interchange,1095,megawatthours,2026-02-07 12:00:00,1095.0
2026-02-07T11,MIDA,Mid-Atlantic,D,Demand,112744,megawatthours,2026-02-07 11:00:00,112744.0
2026-02-07T11,MIDA,Mid-Atlantic,DF,Day-ahead demand forecast,117969,megawatthours,2026-02-07 11:00:00,117969.0
2026-02-07T11,MIDA,Mid-Atlantic,NG,Net generation,113323,megawatthours,2026-02-07 11:00:00,113323.0
2026-02-07T11,MIDA,Mid-Atlantic,TI,Total interchange,1180,megawatthours,2026-02-07 11:00:00,1180.0
2026-02-07T10,MIDA,Mid-Atlantic,D,Demand,111247,megawatthours,2026-02-07 10:00:00,111247.0
2026-02-07T10,MIDA,Mid-Atlantic,DF,Day-ahead demand forecast,112919,megawatthours,2026-02-07 10:00:00,112919.0
2026-02-07T10,MIDA,Mid-Atlantic,NG,Net generation,112681,megawatthours,2026-02-07 10:00:00,112681.0
2026-02-07T10,MIDA,Mid-Atlantic,TI,Total interchange,1212,megawatthours,2026-02-07 10:00:00,1212.0
2026-02-07T09,MIDA,Mid-Atlantic,D,Demand,109991,megawatthours,2026-02-07 09:00:00,109991.0
2026-02-07T09,MIDA,Mid-Atlantic,DF,Day-ahead demand forecast,109808,megawatthours,2026-02-07 09:00:00,109808.0
2026-02-07T09,MIDA,Mid-Atlantic,NG,Net generation,111187,megawatthours,2026-02-07 09:00:00,111187.0
2026-02-07T09,MIDA,Mid-Atlantic,TI,Total interchange,-1566,megawatthours,2026-02-07 09:00:00,-1566.0
2026-02-07T08,MIDA,Mid-Atlantic,D,Demand,109687,megawatthours,2026-02-07 08:00:00,109687.0
2026-02-07T08,MIDA,Mid-Atlantic,DF,Day-ahead demand forecast,108099,megawatthours,2026-02-07 08:00:00,108099.0
2026-02-07T08,MIDA,Mid-Atlantic,NG,Net generation,110730,megawatthours,2026-02-07 08:00:00,110730.0
2026-02-07T08,MIDA,Mid-Atlantic,TI,Total interchange,-1680,megawatthours,2026-02-07 08:00:00,-1680.0
2026-02-07T07,MIDA,Mid-Atlantic,D,Demand,110319,megawatthours,2026-02-07 07:00:00,110319.0
2026-02-07T07,MIDA,Mid-Atlantic,DF,Day-ahead demand forecast,107751,megawatthours,2026-02-07 07:00:00,107751.0
2026-02-07T07,MIDA,Mid-Atlantic,NG,Net generation,111710,megawatthours,2026-02-07 07:00:00,111710.0
2026-02-07T07,MIDA,Mid-Atlantic,TI,Total interchange,-2203,megawatthours,2026-02-07 07:00:00,-2203.0
2026-02-07T06,MIDA,Mid-Atlantic,D,Demand,111071,megawatthours,2026-02-07 06:00:00,111071.0
2026-02-07T06,MIDA,Mid-Atlantic,DF,Day-ahead demand forecast,107658,megawatthours,2026-02-07 06:00:00,107658.0
2026-02-07T06,MIDA,Mid-Atlantic,NG,Net generation,113388,megawatthours,2026-02-07 06:00:00,113388.0
2026-02-07T06,MIDA,Mid-Atlantic,TI,Total interchange,-2048,megawatthours,2026-02-07 06:00:00,-2048.0
2026-02-07T05,MIDA,Mid-Atlantic,D,Demand,113319,megawatthours,2026-02-07 05:00:00,113319.0
2026-02-07T05,MIDA,Mid-Atlantic,DF,Day-ahead demand forecast,108416,megawatthours,2026-02-07 05:00:00,108416.0
2026-02-07T05,MIDA,Mid-Atlantic,NG,Net generation,115444,megawatthours,2026-02-07 05:00:00,115444.0
2026-02-07T05,MIDA,Mid-Atlantic,TI,Total interchange,1623,megawatthours,2026-02-07 05:00:00,1623.0
2026-02-07T04,MIDA,Mid-Atlantic,D,Demand,116425,megawatthours,2026-02-07 04:00:00,116425.0
2026-02-07T04,MIDA,Mid-Atlantic,DF,Day-ahead demand forecast,108954,megawatthours,2026-02-07 04:00:00,108954.0
2026-02-07T04,MIDA,Mid-Atlantic,NG,Net generation,118418,megawatthours,2026-02-07 04:00:00,118418.0
2026-02-07T04,MIDA,Mid-Atlantic,TI,Total interchange,1556,megawatthours,2026-02-07 04:00:00,1556.0
2026-02-07T03,MIDA,Mid-Atlantic,D,Demand,119331,megawatthours,2026-02-07 03:00:00,119331.0
2026-02-07T03,MIDA,Mid-Atlantic,DF,Day-ahead demand forecast,112815,megawatthours,2026-02-07 03:00:00,112815.0
2026-02-07T03,MIDA,Mid-Atlantic,NG,Net generation,120894,megawatthours,2026-02-07 03:00:00,120894.0
2026-02-07T03,MIDA,Mid-Atlantic,TI,Total interchange,1552,megawatthours,2026-02-07 03:00:00,1552.0
2026-02-07T02,MIDA,Mid-Atlantic,D,Demand,119901,megawatthours,2026-02-07 02:00:00,119901.0
2026-02-07T02,MIDA,Mid-Atlantic,DF,Day-ahead demand forecast,116371,megawatthours,2026-02-07 02:00:00,116371.0
2026-02-07T02,MIDA,Mid-Atlantic,NG,Net generation,121201,megawatthours,2026-02-07 02:00:00,121201.0
2026-02-07T02,MIDA,Mid-Atlantic,TI,Total interchange,1709,megawatthours,2026-02-07 02:00:00,1709.0
2026-02-07T01,MIDA,Mid-Atlantic,D,Demand,121114,megawatthours,2026-02-07 01:00:00,121114.0
2026-02-07T01,MIDA,Mid-Atlantic,DF,Day-ahead demand forecast,118527,megawatthours,2026-02-07 01:00:00,118527.0
2026-02-07T01,MIDA,Mid-Atlantic,NG,Net generation,122609,megawatthours,2026-02-07 01:00:00,122609.0
2026-02-07T01,MIDA,Mid-Atlantic,TI,Total interchange,1660,megawatthours,2026-02-07 01:00:00,1660.0
2026-02-07T00,MIDA,Mid-Atlantic,D,Demand,121950,megawatthours,2026-02-07 00:00:00,121950.0
2026-02-07T00,MIDA,Mid-Atlantic,DF,Day-ahead demand forecast,120009,megawatthours,2026-02-07 00:00:00,120009.0
2026-02-07T00,MIDA,Mid-Atlantic,NG,Net generation,124409,megawatthours,2026-02-07 00:00:00,124409.0
2026-02-07T00,MIDA,Mid-Atlantic,TI,Total interchange,1733,megawatthours,2026-02-07 00:00:00,1733.0
2026-02-06T23,MIDA,Mid-Atlantic,D,Demand,120947,megawatthours,2026-02-06 23:00:00,120947.0
2026-02-06T23,MIDA,Mid-Atlantic,DF,Day-ahead demand forecast,121235,megawatthours,2026-02-06 23:00:00,121235.0
2026-02-06T23,MIDA,Mid-Atlantic,NG,Net generation,121368,megawatthours,2026-02-06 23:00:00,121368.0
2026-02-06T23,MIDA,Mid-Atlantic,TI,Total interchange,1768,megawatthours,2026-02-06 23:00:00,1768.0
2026-02-06T22,MIDA,Mid-Atlantic,D,Demand,119691,megawatthours,2026-02-06 22:00:00,119691.0
2026-02-06T22,MIDA,Mid-Atlantic,DF,Day-ahead demand forecast,119644,megawatthours,2026-02-06 22:00:00,119644.0
2026-02-06T22,MIDA,Mid-Atlantic,NG,Net generation,120328,megawatthours,2026-02-06 22:00:00,120328.0
2026-02-06T22,MIDA,Mid-Atlantic,TI,Total interchange,1828,megawatthours,2026-02-06 22:00:00,1828.0
2026-02-06T21,MIDA,Mid-Atlantic,D,Demand,119731,megawatthours,2026-02-06 21:00:00,119731.0
2026-02-06T21,MIDA,Mid-Atlantic,DF,Day-ahead demand forecast,116204,megawatthours,2026-02-06 21:00:00,116204.0
2026-02-06T21,MIDA,Mid-Atlantic,NG,Net generation,120058,megawatthours,2026-02-06 21:00:00,120058.0
2026-02-06T21,MIDA,Mid-Atlantic,TI,Total interchange,1663,megawatthours,2026-02-06 21:00:00,1663.0
2026-02-06T20,MIDA,Mid-Atlantic,D,Demand,119905,megawatthours,2026-02-06 20:00:00,119905.0
2026-02-06T20,MIDA,Mid-Atlantic,DF,Day-ahead demand forecast,114473,megawatthours,2026-02-06 20:00:00,114473.0
2026-02-06T20,MIDA,Mid-Atlantic,NG,Net generation,120060,megawatthours,2026-02-06 20:00:00,120060.0
2026-02-06T20,MIDA,Mid-Atlantic,TI,Total interchange,1632,megawatthours,2026-02-06 20:00:00,1632.0
2026-02-06T19,MIDA,Mid-Atlantic,D,Demand,120531,megawatthours,2026-02-06 19:00:00,120531.0
2026-02-06T19,MIDA,Mid-Atlantic,DF,Day-ahead demand forecast,114925,megawatthours,2026-02-06 19:00:00,114925.0
2026-02-06T19,MIDA,Mid-Atlantic,NG,Net generation,120059,megawatthours,2026-02-06 19:00:00,120059.0
2026-02-06T19,MIDA,Mid-Atlantic,TI,Total interchange,1387,megawatthours,2026-02-06 19:00:00,1387.0
2026-02-06T18,MIDA,Mid-Atlantic,D,Demand,121471,megawatthours,2026-02-06 18:00:00,121471.0
2026-02-06T18,MIDA,Mid-Atlantic,DF,Day-ahead demand forecast,116198,megawatthours,2026-02-06 18:00:00,116198.0
2026-02-06T18,MIDA,Mid-Atlantic,NG,Net generation,122847,megawatthours,2026-02-06 18:00:00,122847.0
2026-02-06T18,MIDA,Mid-Atlantic,TI,Total interchange,1278,megawatthours,2026-02-06 18:00:00,1278.0
2026-02-06T17,MIDA,Mid-Atlantic,D,Demand,121497,megawatthours,2026-02-06 17:00:00,121497.0
2026-02-06T17,MIDA,Mid-Atlantic,DF,Day-ahead demand forecast,117909,megawatthours,2026-02-06 17:00:00,117909.0
2026-02-06T17,MIDA,Mid-Atlantic,NG,Net generation,122677,megawatthours,2026-02-06 17:00:00,122677.0
2026-02-06T17,MIDA,Mid-Atlantic,TI,Total interchange,1308,megawatthours,2026-02-06 17:00:00,1308.0
2026-02-06T16,MIDA,Mid-Atlantic,D,Demand,121659,megawatthours,2026-02-06 16:00:00,121659.0
2026-02-06T16,MIDA,Mid-Atlantic,DF,Day-ahead demand forecast,120258,megawatthours,2026-02-06 16:00:00,120258.0
2026-02-06T16,MIDA,Mid-Atlantic,NG,Net generation,123565,megawatthours,2026-02-06 16:00:00,123565.0
2026-02-06T16,MIDA,Mid-Atlantic,TI,Total interchange,1053,megawatthours,2026-02-06 16:00:00,1053.0
2026-02-06T15,MIDA,Mid-Atlantic,D,Demand,124250,megawatthours,2026-02-06 15:00:00,124250.0
2026-02-06T15,MIDA,Mid-Atlantic,DF,Day-ahead demand forecast,122931,megawatthours,2026-02-06 15:00:00,122931.0
2026-02-06T15,MIDA,Mid-Atlantic,NG,Net generation,126316,megawatthours,2026-02-06 15:00:00,126316.0
2026-02-06T15,MIDA,Mid-Atlantic,TI,Total interchange,1057,megawatthours,2026-02-06 15:00:00,1057.0
2026-02-06T14,MIDA,Mid-Atlantic,D,Demand,126852,megawatthours,2026-02-06 14:00:00,126852.0
2026-02-06T14,MIDA,Mid-Atlantic,DF,Day-ahead demand forecast,126216,megawatthours,2026-02-06 14:00:00,126216.0
2026-02-06T14,MIDA,Mid-Atlantic,NG,Net generation,128620,megawatthours,2026-02-06 14:00:00,128620.0
2026-02-06T14,MIDA,Mid-Atlantic,TI,Total interchange,1233,megawatthours,2026-02-06 14:00:00,1233.0
2026-02-06T13,MIDA,Mid-Atlantic,D,Demand,128142,megawatthours,2026-02-06 13:00:00,128142.0
2026-02-06T13,MIDA,Mid-Atlantic,DF,Day-ahead demand forecast,128723,megawatthours,2026-02-06 13:00:00,128723.0
2026-02-06T13,MIDA,Mid-Atlantic,NG,Net generation,130382,megawatthours,2026-02-06 13:00:00,130382.0
2026-02-06T13,MIDA,Mid-Atlantic,TI,Total interchange,1260,megawatthours,2026-02-06 13:00:00,1260.0
2026-02-06T12,MIDA,Mid-Atlantic,D,Demand,124205,megawatthours,2026-02-06 12:00:00,124205.0
2026-02-06T12,MIDA,Mid-Atlantic,DF,Day-ahead demand forecast,128898,megawatthours,2026-02-06 12:00:00,128898.0
2026-02-06T12,MIDA,Mid-Atlantic,NG,Net generation,126035,megawatthours,2026-02-06 12:00:00,126035.0
2026-02-06T12,MIDA,Mid-Atlantic,TI,Total interchange,1326,megawatthours,2026-02-06 12:00:00,1326.0
2026-02-06T11,MIDA,Mid-Atlantic,D,Demand,118050,megawatthours,2026-02-06 11:00:00,118050.0
2026-02-06T11,MIDA,Mid-Atlantic,DF,Day-ahead demand forecast,124819,megawatthours,2026-02-06 11:00:00,124819.0
2026-02-06T11,MIDA,Mid-Atlantic,NG,Net generation,119663,megawatthours,2026-02-06 11:00:00,119663.0
2026-02-06T11,MIDA,Mid-Atlantic,TI,Total interchange,1238,megawatthours,2026-02-06 11:00:00,1238.0
2026-02-06T10,MIDA,Mid-Atlantic,D,Demand,114228,megawatthours,2026-02-06 10:00:00,114228.0
2026-02-06T10,MIDA,Mid-Atlantic,DF,Day-ahead demand forecast,119423,megawatthours,2026-02-06 10:00:00,119423.0
2026-02-06T10,MIDA,Mid-Atlantic,NG,Net generation,115050,megawatthours,2026-02-06 10:00:00,115050.0
2026-02-06T10,MIDA,Mid-Atlantic,TI,Total interchange,1253,megawatthours,2026-02-06 10:00:00,1253.0
2026-02-06T09,MIDA,Mid-Atlantic,D,Demand,112825,megawatthours,2026-02-06 09:00:00,112825.0
2026-02-06T09,MIDA,Mid-Atlantic,DF,Day-ahead demand forecast,115783,megawatthours,2026-02-06 09:00:00,115783.0
2026-02-06T09,MIDA,Mid-Atlantic,NG,Net generation,113263,megawatthours,2026-02-06 09:00:00,113263.0
2026-02-06T09,MIDA,Mid-Atlantic,TI,Total interchange,2437,megawatthours,2026-02-06 09:00:00,2437.0
2026-02-06T08,MIDA,Mid-Atlantic,D,Demand,112152,megawatthours,2026-02-06 08:00:00,112152.0
2026-02-06T08,MIDA,Mid-Atlantic,DF,Day-ahead demand forecast,113975,megawatthours,2026-02-06 08:00:00,113975.0
2026-02-06T08,MIDA,Mid-Atlantic,NG,Net generation,112390,megawatthours,2026-02-06 08:00:00,112390.0
2026-02-06T08,MIDA,Mid-Atlantic,TI,Total interchange,910,megawatthours,2026-02-06 08:00:00,910.0
2026-02-06T07,MIDA,Mid-Atlantic,D,Demand,112603,megawatthours,2026-02-06 07:00:00,112603.0
2026-02-06T07,MIDA,Mid-Atlantic,DF,Day-ahead demand forecast,113699,megawatthours,2026-02-06 07:00:00,113699.0
2026-02-06T07,MIDA,Mid-Atlantic,NG,Net generation,113054,megawatthours,2026-02-06 07:00:00,113054.0
2026-02-06T07,MIDA,Mid-Atlantic,TI,Total interchange,1516,megawatthours,2026-02-06 07:00:00,1516.0
2026-02-06T06,MIDA,Mid-Atlantic,D,Demand,113598,megawatthours,2026-02-06 06:00:00,113598.0
2026-02-06T06,MIDA,Mid-Atlantic,DF,Day-ahead demand forecast,114107,megawatthours,2026-02-06 06:00:00,114107.0
2026-02-06T06,MIDA,Mid-Atlantic,NG,Net generation,115341,megawatthours,2026-02-06 06:00:00,115341.0
2026-02-06T06,MIDA,Mid-Atlantic,TI,Total interchange,1415,megawatthours,2026-02-06 06:00:00,1415.0
2026-02-06T05,MIDA,Mid-Atlantic,D,Demand,115562,megawatthours,2026-02-06 05:00:00,115562.0
2026-02-06T05,MIDA,Mid-Atlantic,DF,Day-ahead demand forecast,115691,megawatthours,2026-02-06 05:00:00,115691.0
2026-02-06T05,MIDA,Mid-Atlantic,NG,Net generation,118537,megawatthours,2026-02-06 05:00:00,118537.0
2026-02-06T05,MIDA,Mid-Atlantic,TI,Total interchange,960,megawatthours,2026-02-06 05:00:00,960.0
2026-02-06T04,MIDA,Mid-Atlantic,D,Demand,118479,megawatthours,2026-02-06 04:00:00,118479.0
2026-02-06T04,MIDA,Mid-Atlantic,DF,Day-ahead demand forecast,117539,megawatthours,2026-02-06 04:00:00,117539.0
2026-02-06T04,MIDA,Mid-Atlantic,NG,Net generation,119936,megawatthours,2026-02-06 04:00:00,119936.0
2026-02-06T04,MIDA,Mid-Atlantic,TI,Total interchange,870,megawatthours,2026-02-06 04:00:00,870.0
2026-02-06T03,MIDA,Mid-Atlantic,D,Demand,122293,megawatthours,2026-02-06 03:00:00,122293.0
2026-02-06T03,MIDA,Mid-Atlantic,DF,Day-ahead demand forecast,121452,megawatthours,2026-02-06 03:00:00,121452.0
2026-02-06T03,MIDA,Mid-Atlantic,NG,Net generation,124461,megawatthours,2026-02-06 03:00:00,124461.0
2026-02-06T03,MIDA,Mid-Atlantic,TI,Total interchange,975,megawatthours,2026-02-06 03:00:00,975.0
2026-02-06T02,MIDA,Mid-Atlantic,D,Demand,124526,megawatthours,2026-02-06 02:00:00,124526.0
2026-02-06T02,MIDA,Mid-Atlantic,DF,Day-ahead demand forecast,126041,megawatthours,2026-02-06 02:00:00,126041.0
2026-02-06T02,MIDA,Mid-Atlantic,NG,Net generation,126341,megawatthours,2026-02-06 02:00:00,126341.0
2026-02-06T02,MIDA,Mid-Atlantic,TI,Total interchange,1591,megawatthours,2026-02-06 02:00:00,1591.0
2026-02-06T01,MIDA,Mid-Atlantic,D,Demand,125240,megawatthours,2026-02-06 01:00:00,125240.0
2026-02-06T01,MIDA,Mid-Atlantic,DF,Day-ahead demand forecast,128979,megawatthours,2026-02-06 01:00:00,128979.0
2026-02-06T01,MIDA,Mid-Atlantic,NG,Net generation,127157,megawatthours,2026-02-06 01:00:00,127157.0
2026-02-06T01,MIDA,Mid-Atlantic,TI,Total interchange,1861,megawatthours,2026-02-06 01:00:00,1861.0
2026-02-06T00,MIDA,Mid-Atlantic,D,Demand,124606,megawatthours,2026-02-06 00:00:00,124606.0
2026-02-06T00,MIDA,Mid-Atlantic,DF,Day-ahead demand forecast,130696,megawatthours,2026-02-06 00:00:00,130696.0
2026-02-06T00,MIDA,Mid-Atlantic,NG,Net generation,126325,megawatthours,2026-02-06 00:00:00,126325.0
2026-02-06T00,MIDA,Mid-Atlantic,TI,Total interchange,1703,megawatthours,2026-02-06 00:00:00,1703.0
2026-02-05T23,MIDA,Mid-Atlantic,D,Demand,120646,megawatthours,2026-02-05 23:00:00,120646.0
2026-02-05T23,MIDA,Mid-Atlantic,DF,Day-ahead demand forecast,131497,megawatthours,2026-02-05 23:00:00,131497.0
2026-02-05T23,MIDA,Mid-Atlantic,NG,Net generation,122397,megawatthours,2026-02-05 23:00:00,122397.0
2026-02-05T23,MIDA,Mid-Atlantic,TI,Total interchange,1550,megawatthours,2026-02-05 23:00:00,1550.0
2026-02-05T22,MIDA,Mid-Atlantic,D,Demand,117047,megawatthours,2026-02-05 22:00:00,117047.0
2026-02-05T22,MIDA,Mid-Atlantic,DF,Day-ahead demand forecast,128670,megawatthours,2026-02-05 22:00:00,128670.0
2026-02-05T22,MIDA,Mid-Atlantic,NG,Net generation,119574,megawatthours,2026-02-05 22:00:00,119574.0
2026-02-05T22,MIDA,Mid-Atlantic,TI,Total interchange,1364,megawatthours,2026-02-05 22:00:00,1364.0
2026-02-05T21,MIDA,Mid-Atlantic,D,Demand,115445,megawatthours,2026-02-05 21:00:00,115445.0
2026-02-05T21,MIDA,Mid-Atlantic,DF,Day-ahead demand forecast,123023,megawatthours,2026-02-05 21:00:00,123023.0
2026-02-05T21,MIDA,Mid-Atlantic,NG,Net generation,118094,megawatthours,2026-02-05 21:00:00,118094.0
2026-02-05T21,MIDA,Mid-Atlantic,TI,Total interchange,1621,megawatthours,2026-02-05 21:00:00,1621.0
2026-02-05T20,MIDA,Mid-Atlantic,D,Demand,115933,megawatthours,2026-02-05 20:00:00,115933.0
2026-02-05T20,MIDA,Mid-Atlantic,DF,Day-ahead demand forecast,119162,megawatthours,2026-02-05 20:00:00,119162.0
2026-02-05T20,MIDA,Mid-Atlantic,NG,Net generation,118829,megawatthours,2026-02-05 20:00:00,118829.0
2026-02-05T20,MIDA,Mid-Atlantic,TI,Total interchange,1639,megawatthours,2026-02-05 20:00:00,1639.0
2026-02-05T19,MIDA,Mid-Atlantic,D,Demand,117098,megawatthours,2026-02-05 19:00:00,117098.0
2026-02-05T19,MIDA,Mid-Atlantic,DF,Day-ahead demand forecast,117889,megawatthours,2026-02-05 19:00:00,117889.0
2026-02-05T19,MIDA,Mid-Atlantic,NG,Net generation,120012,megawatthours,2026-02-05 19:00:00,120012.0
2026-02-05T19,MIDA,Mid-Atlantic,TI,Total interchange,1470,megawatthours,2026-02-05 19:00:00,1470.0
2026-02-05T18,MIDA,Mid-Atlantic,D,Demand,118362,megawatthours,2026-02-05 18:00:00,118362.0
2026-02-05T18,MIDA,Mid-Atlantic,DF,Day-ahead demand forecast,118441,megawatthours,2026-02-05 18:00:00,118441.0
2026-02-05T18,MIDA,Mid-Atlantic,NG,Net generation,120578,megawatthours,2026-02-05 18:00:00,120578.0
2026-02-05T18,MIDA,Mid-Atlantic,TI,Total interchange,1223,megawatthours,2026-02-05 18:00:00,1223.0
2026-02-05T17,MIDA,Mid-Atlantic,D,Demand,120422,megawatthours,2026-02-05 17:00:00,120422.0
2026-02-05T17,MIDA,Mid-Atlantic,DF,Day-ahead demand forecast,119814,megawatthours,2026-02-05 17:00:00,119814.0
2026-02-05T17,MIDA,Mid-Atlantic,NG,Net generation,123150,megawatthours,2026-02-05 17:00:00,123150.0
2026-02-05T17,MIDA,Mid-Atlantic,TI,Total interchange,1104,megawatthours,2026-02-05 17:00:00,1104.0
2026-02-05T16,MIDA,Mid-Atlantic,D,Demand,123306,megawatthours,2026-02-05 16:00:00,123306.0
2026-02-05T16,MIDA,Mid-Atlantic,DF,Day-ahead demand forecast,122075,megawatthours,2026-02-05 16:00:00,122075.0
2026-02-05T16,MIDA,Mid-Atlantic,NG,Net generation,125980,megawatthours,2026-02-05 16:00:00,125980.0
2026-02-05T16,MIDA,Mid-Atlantic,TI,Total interchange,1093,megawatthours,2026-02-05 16:00:00,1093.0
2026-02-05T15,MIDA,Mid-Atlantic,D,Demand,126175,megawatthours,2026-02-05 15:00:00,126175.0
2026-02-05T15,MIDA,Mid-Atlantic,DF,Day-ahead demand forecast,125125,megawatthours,2026-02-05 15:00:00,125125.0
2026-02-05T15,MIDA,Mid-Atlantic,NG,Net generation,128012,megawatthours,2026-02-05 15:00:00,128012.0
2026-02-05T15,MIDA,Mid-Atlantic,TI,Total interchange,1165,megawatthours,2026-02-05 15:00:00,1165.0
2026-02-05T14,MIDA,Mid-Atlantic,D,Demand,129899,megawatthours,2026-02-05 14:00:00,129899.0
2026-02-05T14,MIDA,Mid-Atlantic,DF,Day-ahead demand forecast,129016,megawatthours,2026-02-05 14:00:00,129016.0
2026-02-05T14,MIDA,Mid-Atlantic,NG,Net generation,131914,megawatthours,2026-02-05 14:00:00,131914.0
2026-02-05T14,MIDA,Mid-Atlantic,TI,Total interchange,1137,megawatthours,2026-02-05 14:00:00,1137.0
2026-02-05T13,MIDA,Mid-Atlantic,D,Demand,131318,megawatthours,2026-02-05 13:00:00,131318.0
2026-02-05T13,MIDA,Mid-Atlantic,DF,Day-ahead demand forecast,132759,megawatthours,2026-02-05 13:00:00,132759.0
2026-02-05T13,MIDA,Mid-Atlantic,NG,Net generation,132407,megawatthours,2026-02-05 13:00:00,132407.0
2026-02-05T13,MIDA,Mid-Atlantic,TI,Total interchange,1225,megawatthours,2026-02-05 13:00:00,1225.0
2026-02-05T12,MIDA,Mid-Atlantic,D,Demand,126470,megawatthours,2026-02-05 12:00:00,126470.0
2026-02-05T12,MIDA,Mid-Atlantic,DF,Day-ahead demand forecast,133692,megawatthours,2026-02-05 12:00:00,133692.0
2026-02-05T12,MIDA,Mid-Atlantic,NG,Net generation,128235,megawatthours,2026-02-05 12:00:00,128235.0
2026-02-05T12,MIDA,Mid-Atlantic,TI,Total interchange,1521,megawatthours,2026-02-05 12:00:00,1521.0
2026-02-05T11,MIDA,Mid-Atlantic,D,Demand,119066,megawatthours,2026-02-05 11:00:00,119066.0
2026-02-05T11,MIDA,Mid-Atlantic,DF,Day-ahead demand forecast,129360,megawatthours,2026-02-05 11:00:00,129360.0
2026-02-05T11,MIDA,Mid-Atlantic,NG,Net generation,121692,megawatthours,2026-02-05 11:00:00,121692.0
2026-02-05T11,MIDA,Mid-Atlantic,TI,Total interchange,1539,megawatthours,2026-02-05 11:00:00,1539.0
2026-02-05T10,MIDA,Mid-Atlantic,D,Demand,115610,megawatthours,2026-02-05 10:00:00,115610.0
2026-02-05T10,MIDA,Mid-Atlantic,DF,Day-ahead demand forecast,122892,megawatthours,2026-02-05 10:00:00,122892.0
2026-02-05T10,MIDA,Mid-Atlantic,NG,Net generation,117455,megawatthours,2026-02-05 10:00:00,117455.0
2026-02-05T10,MIDA,Mid-Atlantic,TI,Total interchange,1445,megawatthours,2026-02-05 10:00:00,1445.0
2026-02-05T09,MIDA,Mid-Atlantic,D,Demand,115053,megawatthours,2026-02-05 09:00:00,115053.0
2026-02-05T09,MIDA,Mid-Atlantic,DF,Day-ahead demand forecast,118321,megawatthours,2026-02-05 09:00:00,118321.0
2026-02-05T09,MIDA,Mid-Atlantic,NG,Net generation,116354,megawatthours,2026-02-05 09:00:00,116354.0
2026-02-05T09,MIDA,Mid-Atlantic,TI,Total interchange,810,megawatthours,2026-02-05 09:00:00,810.0
2026-02-05T08,MIDA,Mid-Atlantic,D,Demand,114214,megawatthours,2026-02-05 08:00:00,114214.0
2026-02-05T08,MIDA,Mid-Atlantic,DF,Day-ahead demand forecast,115418,megawatthours,2026-02-05 08:00:00,115418.0
2026-02-05T08,MIDA,Mid-Atlantic,NG,Net generation,115665,megawatthours,2026-02-05 08:00:00,115665.0
2026-02-05T08,MIDA,Mid-Atlantic,TI,Total interchange,1616,megawatthours,2026-02-05 08:00:00,1616.0
2026-02-05T07,MIDA,Mid-Atlantic,D,Demand,113943,megawatthours,2026-02-05 07:00:00,113943.0
2026-02-05T07,MIDA,Mid-Atlantic,DF,Day-ahead demand forecast,113974,megawatthours,2026-02-05 07:00:00,113974.0
2026-02-05T07,MIDA,Mid-Atlantic,NG,Net generation,115666,megawatthours,2026-02-05 07:00:00,115666.0
2026-02-05T07,MIDA,Mid-Atlantic,TI,Total interchange,1709,megawatthours,2026-02-05 07:00:00,1709.0
2026-02-05T06,MIDA,Mid-Atlantic,D,Demand,114536,megawatthours,2026-02-05 06:00:00,114536.0
2026-02-05T06,MIDA,Mid-Atlantic,DF,Day-ahead demand forecast,114163,megawatthours,2026-02-05 06:00:00,114163.0
2026-02-05T06,MIDA,Mid-Atlantic,NG,Net generation,115443,megawatthours,2026-02-05 06:00:00,115443.0
2026-02-05T06,MIDA,Mid-Atlantic,TI,Total interchange,2156,megawatthours,2026-02-05 06:00:00,2156.0
2026-02-05T05,MIDA,Mid-Atlantic,D,Demand,116171,megawatthours,2026-02-05 05:00:00,116171.0
2026-02-05T05,MIDA,Mid-Atlantic,DF,Day-ahead demand forecast,116408,megawatthours,2026-02-05 05:00:00,116408.0
2026-02-05T05,MIDA,Mid-Atlantic,NG,Net generation,117659,megawatthours,2026-02-05 05:00:00,117659.0
2026-02-05T05,MIDA,Mid-Atlantic,TI,Total interchange,1873,megawatthours,2026-02-05 05:00:00,1873.0
2026-02-05T04,MIDA,Mid-Atlantic,D,Demand,118069,megawatthours,2026-02-05 04:00:00,118069.0
2026-02-05T04,MIDA,Mid-Atlantic,DF,Day-ahead demand forecast,116662,megawatthours,2026-02-05 04:00:00,116662.0
2026-02-05T04,MIDA,Mid-Atlantic,NG,Net generation,120608,megawatthours,2026-02-05 04:00:00,120608.0
2026-02-05T04,MIDA,Mid-Atlantic,TI,Total interchange,1717,megawatthours,2026-02-05 04:00:00,1717.0
2026-02-05T03,MIDA,Mid-Atlantic,D,Demand,120908,megawatthours,2026-02-05 03:00:00,120908.0
2026-02-05T03,MIDA,Mid-Atlantic,DF,Day-ahead demand forecast,120452,megawatthours,2026-02-05 03:00:00,120452.0
2026-02-05T03,MIDA,Mid-Atlantic,NG,Net generation,123487,megawatthours,2026-02-05 03:00:00,123487.0
2026-02-05T03,MIDA,Mid-Atlantic,TI,Total interchange,1772,megawatthours,2026-02-05 03:00:00,1772.0
2026-02-05T02,MIDA,Mid-Atlantic,D,Demand,122744,megawatthours,2026-02-05 02:00:00,122744.0
2026-02-05T02,MIDA,Mid-Atlantic,DF,Day-ahead demand forecast,124418,megawatthours,2026-02-05 02:00:00,124418.0
2026-02-05T02,MIDA,Mid-Atlantic,NG,Net generation,125264,megawatthours,2026-02-05 02:00:00,125264.0
2026-02-05T02,MIDA,Mid-Atlantic,TI,Total interchange,1788,megawatthours,2026-02-05 02:00:00,1788.0
2026-02-05T01,MIDA,Mid-Atlantic,D,Demand,122903,megawatthours,2026-02-05 01:00:00,122903.0
2026-02-05T01,MIDA,Mid-Atlantic,DF,Day-ahead demand forecast,126440,megawatthours,2026-02-05 01:00:00,126440.0
2026-02-05T01,MIDA,Mid-Atlantic,NG,Net generation,125395,megawatthours,2026-02-05 01:00:00,125395.0
2026-02-05T01,MIDA,Mid-Atlantic,TI,Total interchange,1778,megawatthours,2026-02-05 01:00:00,1778.0
2026-02-05T00,MIDA,Mid-Atlantic,D,Demand,123208,megawatthours,2026-02-05 00:00:00,123208.0
2026-02-05T00,MIDA,Mid-Atlantic,DF,Day-ahead demand forecast,127520,megawatthours,2026-02-05 00:00:00,127520.0
2026-02-05T00,MIDA,Mid-Atlantic,NG,Net generation,125768,megawatthours,2026-02-05 00:00:00,125768.0
2026-02-05T00,MIDA,Mid-Atlantic,TI,Total interchange,1758,megawatthours,2026-02-05 00:00:00,1758.0
2026-02-04T23,MIDA,Mid-Atlantic,D,Demand,119444,megawatthours,2026-02-04 23:00:00,119444.0
2026-02-04T23,MIDA,Mid-Atlantic,DF,Day-ahead demand forecast,128351,megawatthours,2026-02-04 23:00:00,128351.0
2026-02-04T23,MIDA,Mid-Atlantic,NG,Net generation,121303,megawatthours,2026-02-04 23:00:00,121303.0
2026-02-04T23,MIDA,Mid-Atlantic,TI,Total interchange,1876,megawatthours,2026-02-04 23:00:00,1876.0
2026-02-04T22,MIDA,Mid-Atlantic,D,Demand,115266,megawatthours,2026-02-04 22:00:00,115266.0
2026-02-04T22,MIDA,Mid-Atlantic,DF,Day-ahead demand forecast,126205,megawatthours,2026-02-04 22:00:00,126205.0
2026-02-04T22,MIDA,Mid-Atlantic,NG,Net generation,117384,megawatthours,2026-02-04 22:00:00,117384.0
2026-02-04T22,MIDA,Mid-Atlantic,TI,Total interchange,1782,megawatthours,2026-02-04 22:00:00,1782.0
2026-02-04T21,MIDA,Mid-Atlantic,D,Demand,112810,megawatthours,2026-02-04 21:00:00,112810.0
2026-02-04T21,MIDA,Mid-Atlantic,DF,Day-ahead demand forecast,121661,megawatthours,2026-02-04 21:00:00,121661.0
2026-02-04T21,MIDA,Mid-Atlantic,NG,Net generation,115242,megawatthours,2026-02-04 21:00:00,115242.0
2026-02-04T21,MIDA,Mid-Atlantic,TI,Total interchange,1785,megawatthours,2026-02-04 21:00:00,1785.0
2026-02-04T20,MIDA,Mid-Atlantic,D,Demand,111878,megawatthours,2026-02-04 20:00:00,111878.0
2026-02-04T20,MIDA,Mid-Atlantic,DF,Day-ahead demand forecast,118449,megawatthours,2026-02-04 20:00:00,118449.0
2026-02-04T20,MIDA,Mid-Atlantic,NG,Net generation,114647,megawatthours,2026-02-04 20:00:00,114647.0
2026-02-04T20,MIDA,Mid-Atlantic,TI,Total interchange,1613,megawatthours,2026-02-04 20:00:00,1613.0
2026-02-04T19,MIDA,Mid-Atlantic,D,Demand,112351,megawatthours,2026-02-04 19:00:00,112351.0
2026-02-04T19,MIDA,Mid-Atlantic,DF,Day-ahead demand forecast,117732,megawatthours,2026-02-04 19:00:00,117732.0
2026-02-04T19,MIDA,Mid-Atlantic,NG,Net generation,115674,megawatthours,2026-02-04 19:00:00,115674.0
2026-02-04T19,MIDA,Mid-Atlantic,TI,Total interchange,1122,megawatthours,2026-02-04 19:00:00,1122.0
2026-02-04T18,MIDA,Mid-Atlantic,D,Demand,113125,megawatthours,2026-02-04 18:00:00,113125.0
2026-02-04T18,MIDA,Mid-Atlantic,DF,Day-ahead demand forecast,118177,megawatthours,2026-02-04 18:00:00,118177.0
2026-02-04T18,MIDA,Mid-Atlantic,NG,Net generation,116060,megawatthours,2026-02-04 18:00:00,116060.0
2026-02-04T18,MIDA,Mid-Atlantic,TI,Total interchange,1411,megawatthours,2026-02-04 18:00:00,1411.0
2026-02-04T17,MIDA,Mid-Atlantic,D,Demand,114463,megawatthours,2026-02-04 17:00:00,114463.0
2026-02-04T17,MIDA,Mid-Atlantic,DF,Day-ahead demand forecast,118678,megawatthours,2026-02-04 17:00:00,118678.0
2026-02-04T17,MIDA,Mid-Atlantic,NG,Net generation,117296,megawatthours,2026-02-04 17:00:00,117296.0
2026-02-04T17,MIDA,Mid-Atlantic,TI,Total interchange,1383,megawatthours,2026-02-04 17:00:00,1383.0
2026-02-04T16,MIDA,Mid-Atlantic,D,Demand,115972,megawatthours,2026-02-04 16:00:00,115972.0
2026-02-04T16,MIDA,Mid-Atlantic,DF,Day-ahead demand forecast,119975,megawatthours,2026-02-04 16:00:00,119975.0
2026-02-04T16,MIDA,Mid-Atlantic,NG,Net generation,119066,megawatthours,2026-02-04 16:00:00,119066.0
2026-02-04T16,MIDA,Mid-Atlantic,TI,Total interchange,1370,megawatthours,2026-02-04 16:00:00,1370.0
2026-02-04T15,MIDA,Mid-Atlantic,D,Demand,117732,megawatthours,2026-02-04 15:00:00,117732.0
2026-02-04T15,MIDA,Mid-Atlantic,DF,Day-ahead demand forecast,121642,megawatthours,2026-02-04 15:00:00,121642.0
2026-02-04T15,MIDA,Mid-Atlantic,NG,Net generation,120429,megawatthours,2026-02-04 15:00:00,120429.0
2026-02-04T15,MIDA,Mid-Atlantic,TI,Total interchange,1516,megawatthours,2026-02-04 15:00:00,1516.0
2026-02-04T14,MIDA,Mid-Atlantic,D,Demand,119687,megawatthours,2026-02-04 14:00:00,119687.0
2026-02-04T14,MIDA,Mid-Atlantic,DF,Day-ahead demand forecast,123593,megawatthours,2026-02-04 14:00:00,123593.0
2026-02-04T14,MIDA,Mid-Atlantic,NG,Net generation,121581,megawatthours,2026-02-04 14:00:00,121581.0
2026-02-04T14,MIDA,Mid-Atlantic,TI,Total interchange,1568,megawatthours,2026-02-04 14:00:00,1568.0
2026-02-04T13,MIDA,Mid-Atlantic,D,Demand,119627,megawatthours,2026-02-04 13:00:00,119627.0
2026-02-04T13,MIDA,Mid-Atlantic,DF,Day-ahead demand forecast,125135,megawatthours,2026-02-04 13:00:00,125135.0
2026-02-04T13,MIDA,Mid-Atlantic,NG,Net generation,120829,megawatthours,2026-02-04 13:00:00,120829.0
2026-02-04T13,MIDA,Mid-Atlantic,TI,Total interchange,1689,megawatthours,2026-02-04 13:00:00,1689.0
2026-02-04T12,MIDA,Mid-Atlantic,D,Demand,115098,megawatthours,2026-02-04 12:00:00,115098.0
2026-02-04T12,MIDA,Mid-Atlantic,DF,Day-ahead demand forecast,124430,megawatthours,2026-02-04 12:00:00,124430.0
2026-02-04T12,MIDA,Mid-Atlantic,NG,Net generation,116785,megawatthours,2026-02-04 12:00:00,116785.0
2026-02-04T12,MIDA,Mid-Atlantic,TI,Total interchange,1530,megawatthours,2026-02-04 12:00:00,1530.0
2026-02-04T11,MIDA,Mid-Atlantic,D,Demand,108536,megawatthours,2026-02-04 11:00:00,108536.0
2026-02-04T11,MIDA,Mid-Atlantic,DF,Day-ahead demand forecast,120063,megawatthours,2026-02-04 11:00:00,120063.0
2026-02-04T11,MIDA,Mid-Atlantic,NG,Net generation,110747,megawatthours,2026-02-04 11:00:00,110747.0
2026-02-04T11,MIDA,Mid-Atlantic,TI,Total interchange,1336,megawatthours,2026-02-04 11:00:00,1336.0
2026-02-04T10,MIDA,Mid-Atlantic,D,Demand,105312,megawatthours,2026-02-04 10:00:00,105312.0
2026-02-04T10,MIDA,Mid-Atlantic,DF,Day-ahead demand forecast,114100,megawatthours,2026-02-04 10:00:00,114100.0
2026-02-04T10,MIDA,Mid-Atlantic,NG,Net generation,107340,megawatthours,2026-02-04 10:00:00,107340.0
2026-02-04T10,MIDA,Mid-Atlantic,TI,Total interchange,1201,megawatthours,2026-02-04 10:00:00,1201.0
2026-02-04T09,MIDA,Mid-Atlantic,D,Demand,103827,megawatthours,2026-02-04 09:00:00,103827.0
2026-02-04T09,MIDA,Mid-Atlantic,DF,Day-ahead demand forecast,110184,megawatthours,2026-02-04 09:00:00,110184.0
2026-02-04T09,MIDA,Mid-Atlantic,NG,Net generation,107088,megawatthours,2026-02-04 09:00:00,107088.0
2026-02-04T09,MIDA,Mid-Atlantic,TI,Total interchange,1912,megawatthours,2026-02-04 09:00:00,1912.0
2026-02-04T08,MIDA,Mid-Atlantic,D,Demand,103860,megawatthours,2026-02-04 08:00:00,103860.0
2026-02-04T08,MIDA,Mid-Atlantic,DF,Day-ahead demand forecast,108414,megawatthours,2026-02-04 08:00:00,108414.0
2026-02-04T08,MIDA,Mid-Atlantic,NG,Net generation,106711,megawatthours,2026-02-04 08:00:00,106711.0
2026-02-04T08,MIDA,Mid-Atlantic,TI,Total interchange,1366,megawatthours,2026-02-04 08:00:00,1366.0
2026-02-04T07,MIDA,Mid-Atlantic,D,Demand,104907,megawatthours,2026-02-04 07:00:00,104907.0
2026-02-04T07,MIDA,Mid-Atlantic,DF,Day-ahead demand forecast,107611,megawatthours,2026-02-04 07:00:00,107611.0
2026-02-04T07,MIDA,Mid-Atlantic,NG,Net generation,107341,megawatthours,2026-02-04 07:00:00,107341.0
2026-02-04T07,MIDA,Mid-Atlantic,TI,Total interchange,814,megawatthours,2026-02-04 07:00:00,814.0
2026-02-04T06,MIDA,Mid-Atlantic,D,Demand,107573,megawatthours,2026-02-04 06:00:00,107573.0
2026-02-04T06,MIDA,Mid-Atlantic,DF,Day-ahead demand forecast,108401,megawatthours,2026-02-04 06:00:00,108401.0
2026-02-04T06,MIDA,Mid-Atlantic,NG,Net generation,110063,megawatthours,2026-02-04 06:00:00,110063.0
2026-02-04T06,MIDA,Mid-Atlantic,TI,Total interchange,852,megawatthours,2026-02-04 06:00:00,852.0
2026-02-04T05,MIDA,Mid-Atlantic,D,Demand,111121,megawatthours,2026-02-04 05:00:00,111121.0
2026-02-04T05,MIDA,Mid-Atlantic,DF,Day-ahead demand forecast,109394,megawatthours,2026-02-04 05:00:00,109394.0
2026-02-04T05,MIDA,Mid-Atlantic,NG,Net generation,113873,megawatthours,2026-02-04 05:00:00,113873.0
2026-02-04T05,MIDA,Mid-Atlantic,TI,Total interchange,1593,megawatthours,2026-02-04 05:00:00,1593.0
2026-02-04T04,MIDA,Mid-Atlantic,D,Demand,114551,megawatthours,2026-02-04 04:00:00,114551.0
2026-02-04T04,MIDA,Mid-Atlantic,DF,Day-ahead demand forecast,110531,megawatthours,2026-02-04 04:00:00,110531.0
2026-02-04T04,MIDA,Mid-Atlantic,NG,Net generation,116769,megawatthours,2026-02-04 04:00:00,116769.0
2026-02-04T04,MIDA,Mid-Atlantic,TI,Total interchange,1447,megawatthours,2026-02-04 04:00:00,1447.0
2026-02-04T03,MIDA,Mid-Atlantic,D,Demand,118390,megawatthours,2026-02-04 03:00:00,118390.0
2026-02-04T03,MIDA,Mid-Atlantic,DF,Day-ahead demand forecast,114000,megawatthours,2026-02-04 03:00:00,114000.0
2026-02-04T03,MIDA,Mid-Atlantic,NG,Net generation,120017,megawatthours,2026-02-04 03:00:00,120017.0
2026-02-04T03,MIDA,Mid-Atlantic,TI,Total interchange,1530,megawatthours,2026-02-04 03:00:00,1530.0
2026-02-04T02,MIDA,Mid-Atlantic,D,Demand,120469,megawatthours,2026-02-04 02:00:00,120469.0
2026-02-04T02,MIDA,Mid-Atlantic,DF,Day-ahead demand forecast,117900,megawatthours,2026-02-04 02:00:00,117900.0
2026-02-04T02,MIDA,Mid-Atlantic,NG,Net generation,121642,megawatthours,2026-02-04 02:00:00,121642.0
2026-02-04T02,MIDA,Mid-Atlantic,TI,Total interchange,1916,megawatthours,2026-02-04 02:00:00,1916.0
2026-02-04T01,MIDA,Mid-Atlantic,D,Demand,121717,megawatthours,2026-02-04 01:00:00,121717.0
2026-02-04T01,MIDA,Mid-Atlantic,DF,Day-ahead demand forecast,120123,megawatthours,2026-02-04 01:00:00,120123.0
2026-02-04T01,MIDA,Mid-Atlantic,NG,Net generation,123256,megawatthours,2026-02-04 01:00:00,123256.0
2026-02-04T01,MIDA,Mid-Atlantic,TI,Total interchange,1825,megawatthours,2026-02-04 01:00:00,1825.0
2026-02-04T00,MIDA,Mid-Atlantic,D,Demand,121888,megawatthours,2026-02-04 00:00:00,121888.0
2026-02-04T00,MIDA,Mid-Atlantic,DF,Day-ahead demand forecast,120907,megawatthours,2026-02-04 00:00:00,120907.0
2026-02-04T00,MIDA,Mid-Atlantic,NG,Net generation,123501,megawatthours,2026-02-04 00:00:00,123501.0
2026-02-04T00,MIDA,Mid-Atlantic,TI,Total interchange,1925,megawatthours,2026-02-04 00:00:00,1925.0
2026-02-03T23,MIDA,Mid-Atlantic,D,Demand,119371,megawatthours,2026-02-03 23:00:00,119371.0
2026-02-03T23,MIDA,Mid-Atlantic,DF,Day-ahead demand forecast,121370,megawatthours,2026-02-03 23:00:00,121370.0
2026-02-03T23,MIDA,Mid-Atlantic,NG,Net generation,121248,megawatthours,2026-02-03 23:00:00,121248.0
2026-02-03T23,MIDA,Mid-Atlantic,TI,Total interchange,1959,megawatthours,2026-02-03 23:00:00,1959.0
2026-02-03T22,MIDA,Mid-Atlantic,D,Demand,115634,megawatthours,2026-02-03 22:00:00,115634.0
2026-02-03T22,MIDA,Mid-Atlantic,DF,Day-ahead demand forecast,118522,megawatthours,2026-02-03 22:00:00,118522.0
2026-02-03T22,MIDA,Mid-Atlantic,NG,Net generation,118460,megawatthours,2026-02-03 22:00:00,118460.0
2026-02-03T22,MIDA,Mid-Atlantic,TI,Total interchange,2049,megawatthours,2026-02-03 22:00:00,2049.0
2026-02-03T21,MIDA,Mid-Atlantic,D,Demand,114390,megawatthours,2026-02-03 21:00:00,114390.0
2026-02-03T21,MIDA,Mid-Atlantic,DF,Day-ahead demand forecast,114360,megawatthours,2026-02-03 21:00:00,114360.0
2026-02-03T21,MIDA,Mid-Atlantic,NG,Net generation,117362,megawatthours,2026-02-03 21:00:00,117362.0
2026-02-03T21,MIDA,Mid-Atlantic,TI,Total interchange,1727,megawatthours,2026-02-03 21:00:00,1727.0
2026-02-03T20,MIDA,Mid-Atlantic,D,Demand,113731,megawatthours,2026-02-03 20:00:00,113731.0
2026-02-03T20,MIDA,Mid-Atlantic,DF,Day-ahead demand forecast,112349,megawatthours,2026-02-03 20:00:00,112349.0
2026-02-03T20,MIDA,Mid-Atlantic,NG,Net generation,116847,megawatthours,2026-02-03 20:00:00,116847.0
2026-02-03T20,MIDA,Mid-Atlantic,TI,Total interchange,1607,megawatthours,2026-02-03 20:00:00,1607.0
2026-02-03T19,MIDA,Mid-Atlantic,D,Demand,114268,megawatthours,2026-02-03 19:00:00,114268.0
2026-02-03T19,MIDA,Mid-Atlantic,DF,Day-ahead demand forecast,112721,megawatthours,2026-02-03 19:00:00,112721.0
2026-02-03T19,MIDA,Mid-Atlantic,NG,Net generation,117323,megawatthours,2026-02-03 19:00:00,117323.0
2026-02-03T19,MIDA,Mid-Atlantic,TI,Total interchange,1539,megawatthours,2026-02-03 19:00:00,1539.0
2026-02-03T18,MIDA,Mid-Atlantic,D,Demand,115458,megawatthours,2026-02-03 18:00:00,115458.0
2026-02-03T18,MIDA,Mid-Atlantic,DF,Day-ahead demand forecast,113741,megawatthours,2026-02-03 18:00:00,113741.0
2026-02-03T18,MIDA,Mid-Atlantic,NG,Net generation,119124,megawatthours,2026-02-03 18:00:00,119124.0
2026-02-03T18,MIDA,Mid-Atlantic,TI,Total interchange,1530,megawatthours,2026-02-03 18:00:00,1530.0
2026-02-03T17,MIDA,Mid-Atlantic,D,Demand,117050,megawatthours,2026-02-03 17:00:00,117050.0
2026-02-03T17,MIDA,Mid-Atlantic,DF,Day-ahead demand forecast,115124,megawatthours,2026-02-03 17:00:00,115124.0
2026-02-03T17,MIDA,Mid-Atlantic,NG,Net generation,120412,megawatthours,2026-02-03 17:00:00,120412.0
2026-02-03T17,MIDA,Mid-Atlantic,TI,Total interchange,1398,megawatthours,2026-02-03 17:00:00,1398.0
2026-02-03T16,MIDA,Mid-Atlantic,D,Demand,118411,megawatthours,2026-02-03 16:00:00,118411.0
2026-02-03T16,MIDA,Mid-Atlantic,DF,Day-ahead demand forecast,117104,megawatthours,2026-02-03 16:00:00,117104.0
2026-02-03T16,MIDA,Mid-Atlantic,NG,Net generation,120586,megawatthours,2026-02-03 16:00:00,120586.0
2026-02-03T16,MIDA,Mid-Atlantic,TI,Total interchange,1346,megawatthours,2026-02-03 16:00:00,1346.0
2026-02-03T15,MIDA,Mid-Atlantic,D,Demand,120931,megawatthours,2026-02-03 15:00:00,120931.0
2026-02-03T15,MIDA,Mid-Atlantic,DF,Day-ahead demand forecast,120023,megawatthours,2026-02-03 15:00:00,120023.0
2026-02-03T15,MIDA,Mid-Atlantic,NG,Net generation,123417,megawatthours,2026-02-03 15:00:00,123417.0
2026-02-03T15,MIDA,Mid-Atlantic,TI,Total interchange,1306,megawatthours,2026-02-03 15:00:00,1306.0
2026-02-03T14,MIDA,Mid-Atlantic,D,Demand,124042,megawatthours,2026-02-03 14:00:00,124042.0
2026-02-03T14,MIDA,Mid-Atlantic,DF,Day-ahead demand forecast,123022,megawatthours,2026-02-03 14:00:00,123022.0
2026-02-03T14,MIDA,Mid-Atlantic,NG,Net generation,127060,megawatthours,2026-02-03 14:00:00,127060.0
2026-02-03T14,MIDA,Mid-Atlantic,TI,Total interchange,1645,megawatthours,2026-02-03 14:00:00,1645.0
2026-02-03T13,MIDA,Mid-Atlantic,D,Demand,124580,megawatthours,2026-02-03 13:00:00,124580.0
2026-02-03T13,MIDA,Mid-Atlantic,DF,Day-ahead demand forecast,126052,megawatthours,2026-02-03 13:00:00,126052.0
2026-02-03T13,MIDA,Mid-Atlantic,NG,Net generation,127450,megawatthours,2026-02-03 13:00:00,127450.0
2026-02-03T13,MIDA,Mid-Atlantic,TI,Total interchange,1731,megawatthours,2026-02-03 13:00:00,1731.0
2026-02-03T12,MIDA,Mid-Atlantic,D,Demand,120519,megawatthours,2026-02-03 12:00:00,120519.0
2026-02-03T12,MIDA,Mid-Atlantic,DF,Day-ahead demand forecast,126692,megawatthours,2026-02-03 12:00:00,126692.0
2026-02-03T12,MIDA,Mid-Atlantic,NG,Net generation,122754,megawatthours,2026-02-03 12:00:00,122754.0
2026-02-03T12,MIDA,Mid-Atlantic,TI,Total interchange,1682,megawatthours,2026-02-03 12:00:00,1682.0
2026-02-03T11,MIDA,Mid-Atlantic,D,Demand,114245,megawatthours,2026-02-03 11:00:00,114245.0
2026-02-03T11,MIDA,Mid-Atlantic,DF,Day-ahead demand forecast,123032,megawatthours,2026-02-03 11:00:00,123032.0
2026-02-03T11,MIDA,Mid-Atlantic,NG,Net generation,116423,megawatthours,2026-02-03 11:00:00,116423.0
2026-02-03T11,MIDA,Mid-Atlantic,TI,Total interchange,1634,megawatthours,2026-02-03 11:00:00,1634.0
2026-02-03T10,MIDA,Mid-Atlantic,D,Demand,110353,megawatthours,2026-02-03 10:00:00,110353.0
2026-02-03T10,MIDA,Mid-Atlantic,DF,Day-ahead demand forecast,117552,megawatthours,2026-02-03 10:00:00,117552.0
2026-02-03T10,MIDA,Mid-Atlantic,NG,Net generation,113020,megawatthours,2026-02-03 10:00:00,113020.0
2026-02-03T10,MIDA,Mid-Atlantic,TI,Total interchange,1680,megawatthours,2026-02-03 10:00:00,1680.0
2026-02-03T09,MIDA,Mid-Atlantic,D,Demand,109275,megawatthours,2026-02-03 09:00:00,109275.0
2026-02-03T09,MIDA,Mid-Atlantic,DF,Day-ahead demand forecast,113738,megawatthours,2026-02-03 09:00:00,113738.0
2026-02-03T09,MIDA,Mid-Atlantic,NG,Net generation,112079,megawatthours,2026-02-03 09:00:00,112079.0
2026-02-03T09,MIDA,Mid-Atlantic,TI,Total interchange,5599,megawatthours,2026-02-03 09:00:00,5599.0
2026-02-03T08,MIDA,Mid-Atlantic,D,Demand,109450,megawatthours,2026-02-03 08:00:00,109450.0
2026-02-03T08,MIDA,Mid-Atlantic,DF,Day-ahead demand forecast,112378,megawatthours,2026-02-03 08:00:00,112378.0
2026-02-03T08,MIDA,Mid-Atlantic,NG,Net generation,111536,megawatthours,2026-02-03 08:00:00,111536.0
2026-02-03T08,MIDA,Mid-Atlantic,TI,Total interchange,4432,megawatthours,2026-02-03 08:00:00,4432.0
2026-02-03T07,MIDA,Mid-Atlantic,D,Demand,110248,megawatthours,2026-02-03 07:00:00,110248.0
2026-02-03T07,MIDA,Mid-Atlantic,DF,Day-ahead demand forecast,111919,megawatthours,2026-02-03 07:00:00,111919.0
2026-02-03T07,MIDA,Mid-Atlantic,NG,Net generation,112884,megawatthours,2026-02-03 07:00:00,112884.0
2026-02-03T07,MIDA,Mid-Atlantic,TI,Total interchange,3957,megawatthours,2026-02-03 07:00:00,3957.0
2026-02-03T06,MIDA,Mid-Atlantic,D,Demand,111806,megawatthours,2026-02-03 06:00:00,111806.0
2026-02-03T06,MIDA,Mid-Atlantic,DF,Day-ahead demand forecast,112581,megawatthours,2026-02-03 06:00:00,112581.0
2026-02-03T06,MIDA,Mid-Atlantic,NG,Net generation,116041,megawatthours,2026-02-03 06:00:00,116041.0
2026-02-03T06,MIDA,Mid-Atlantic,TI,Total interchange,4118,megawatthours,2026-02-03 06:00:00,4118.0
2026-02-03T05,MIDA,Mid-Atlantic,D,Demand,114664,megawatthours,2026-02-03 05:00:00,114664.0
2026-02-03T05,MIDA,Mid-Atlantic,DF,Day-ahead demand forecast,113481,megawatthours,2026-02-03 05:00:00,113481.0
2026-02-03T05,MIDA,Mid-Atlantic,NG,Net generation,120514,megawatthours,2026-02-03 05:00:00,120514.0
2026-02-03T05,MIDA,Mid-Atlantic,TI,Total interchange,1292,megawatthours,2026-02-03 05:00:00,1292.0
2026-02-03T04,MIDA,Mid-Atlantic,D,Demand,118241,megawatthours,2026-02-03 04:00:00,118241.0
2026-02-03T04,MIDA,Mid-Atlantic,DF,Day-ahead demand forecast,115269,megawatthours,2026-02-03 04:00:00,115269.0
2026-02-03T04,MIDA,Mid-Atlantic,NG,Net generation,123098,megawatthours,2026-02-03 04:00:00,123098.0
2026-02-03T04,MIDA,Mid-Atlantic,TI,Total interchange,1104,megawatthours,2026-02-03 04:00:00,1104.0
2026-02-03T03,MIDA,Mid-Atlantic,D,Demand,122062,megawatthours,2026-02-03 03:00:00,122062.0
2026-02-03T03,MIDA,Mid-Atlantic,DF,Day-ahead demand forecast,118561,megawatthours,2026-02-03 03:00:00,118561.0
2026-02-03T03,MIDA,Mid-Atlantic,NG,Net generation,126460,megawatthours,2026-02-03 03:00:00,126460.0
2026-02-03T03,MIDA,Mid-Atlantic,TI,Total interchange,1098,megawatthours,2026-02-03 03:00:00,1098.0
2026-02-03T02,MIDA,Mid-Atlantic,D,Demand,124755,megawatthours,2026-02-03 02:00:00,124755.0
2026-02-03T02,MIDA,Mid-Atlantic,DF,Day-ahead demand forecast,122377,megawatthours,2026-02-03 02:00:00,122377.0
2026-02-03T02,MIDA,Mid-Atlantic,NG,Net generation,129354,megawatthours,2026-02-03 02:00:00,129354.0
2026-02-03T02,MIDA,Mid-Atlantic,TI,Total interchange,1530,megawatthours,2026-02-03 02:00:00,1530.0
2026-02-03T01,MIDA,Mid-Atlantic,D,Demand,126184,megawatthours,2026-02-03 01:00:00,126184.0
2026-02-03T01,MIDA,Mid-Atlantic,DF,Day-ahead demand forecast,124709,megawatthours,2026-02-03 01:00:00,124709.0
2026-02-03T01,MIDA,Mid-Atlantic,NG,Net generation,130435,megawatthours,2026-02-03 01:00:00,130435.0
2026-02-03T01,MIDA,Mid-Atlantic,TI,Total interchange,1921,megawatthours,2026-02-03 01:00:00,1921.0
2026-02-03T00,MIDA,Mid-Atlantic,D,Demand,126448,megawatthours,2026-02-03 00:00:00,126448.0
2026-02-03T00,MIDA,Mid-Atlantic,DF,Day-ahead demand forecast,125412,megawatthours,2026-02-03 00:00:00,125412.0
2026-02-03T00,MIDA,Mid-Atlantic,NG,Net generation,130125,megawatthours,2026-02-03 00:00:00,130125.0
2026-02-03T00,MIDA,Mid-Atlantic,TI,Total interchange,1953,megawatthours,2026-02-03 00:00:00,1953.0
2026-02-02T23,MIDA,Mid-Atlantic,D,Demand,123837,megawatthours,2026-02-02 23:00:00,123837.0
2026-02-02T23,MIDA,Mid-Atlantic,DF,Day-ahead demand forecast,126096,megawatthours,2026-02-02 23:00:00,126096.0
2026-02-02T23,MIDA,Mid-Atlantic,NG,Net generation,128051,megawatthours,2026-02-02 23:00:00,128051.0
2026-02-02T23,MIDA,Mid-Atlantic,TI,Total interchange,1737,megawatthours,2026-02-02 23:00:00,1737.0
2026-02-02T22,MIDA,Mid-Atlantic,D,Demand,121106,megawatthours,2026-02-02 22:00:00,121106.0
2026-02-02T22,MIDA,Mid-Atlantic,DF,Day-ahead demand forecast,122850,megawatthours,2026-02-02 22:00:00,122850.0
2026-02-02T22,MIDA,Mid-Atlantic,NG,Net generation,126327,megawatthours,2026-02-02 22:00:00,126327.0
2026-02-02T22,MIDA,Mid-Atlantic,TI,Total interchange,1676,megawatthours,2026-02-02 22:00:00,1676.0
2026-02-02T21,MIDA,Mid-Atlantic,D,Demand,120617,megawatthours,2026-02-02 21:00:00,120617.0
2026-02-02T21,MIDA,Mid-Atlantic,DF,Day-ahead demand forecast,117725,megawatthours,2026-02-02 21:00:00,117725.0
2026-02-02T21,MIDA,Mid-Atlantic,NG,Net generation,126976,megawatthours,2026-02-02 21:00:00,126976.0
2026-02-02T21,MIDA,Mid-Atlantic,TI,Total interchange,1549,megawatthours,2026-02-02 21:00:00,1549.0
2026-02-02T20,MIDA,Mid-Atlantic,D,Demand,121373,megawatthours,2026-02-02 20:00:00,121373.0
2026-02-02T20,MIDA,Mid-Atlantic,DF,Day-ahead demand forecast,115732,megawatthours,2026-02-02 20:00:00,115732.0
2026-02-02T20,MIDA,Mid-Atlantic,NG,Net generation,127312,megawatthours,2026-02-02 20:00:00,127312.0
2026-02-02T20,MIDA,Mid-Atlantic,TI,Total interchange,1450,megawatthours,2026-02-02 20:00:00,1450.0
2026-02-02T19,MIDA,Mid-Atlantic,D,Demand,123354,megawatthours,2026-02-02 19:00:00,123354.0
2026-02-02T19,MIDA,Mid-Atlantic,DF,Day-ahead demand forecast,115735,megawatthours,2026-02-02 19:00:00,115735.0
2026-02-02T19,MIDA,Mid-Atlantic,NG,Net generation,128092,megawatthours,2026-02-02 19:00:00,128092.0
2026-02-02T19,MIDA,Mid-Atlantic,TI,Total interchange,1492,megawatthours,2026-02-02 19:00:00,1492.0
2026-02-02T18,MIDA,Mid-Atlantic,D,Demand,125887,megawatthours,2026-02-02 18:00:00,125887.0
2026-02-02T18,MIDA,Mid-Atlantic,DF,Day-ahead demand forecast,117143,megawatthours,2026-02-02 18:00:00,117143.0
2026-02-02T18,MIDA,Mid-Atlantic,NG,Net generation,130764,megawatthours,2026-02-02 18:00:00,130764.0
2026-02-02T18,MIDA,Mid-Atlantic,TI,Total interchange,1409,megawatthours,2026-02-02 18:00:00,1409.0
2026-02-02T17,MIDA,Mid-Atlantic,D,Demand,127939,megawatthours,2026-02-02 17:00:00,127939.0
2026-02-02T17,MIDA,Mid-Atlantic,DF,Day-ahead demand forecast,119498,megawatthours,2026-02-02 17:00:00,119498.0
2026-02-02T17,MIDA,Mid-Atlantic,NG,Net generation,133727,megawatthours,2026-02-02 17:00:00,133727.0
2026-02-02T17,MIDA,Mid-Atlantic,TI,Total interchange,1438,megawatthours,2026-02-02 17:00:00,1438.0
2026-02-02T16,MIDA,Mid-Atlantic,D,Demand,129587,megawatthours,2026-02-02 16:00:00,129587.0
2026-02-02T16,MIDA,Mid-Atlantic,DF,Day-ahead demand forecast,121968,megawatthours,2026-02-02 16:00:00,121968.0
2026-02-02T16,MIDA,Mid-Atlantic,NG,Net generation,135624,megawatthours,2026-02-02 16:00:00,135624.0
2026-02-02T16,MIDA,Mid-Atlantic,TI,Total interchange,1335,megawatthours,2026-02-02 16:00:00,1335.0
2026-02-02T15,MIDA,Mid-Atlantic,D,Demand,131451,megawatthours,2026-02-02 15:00:00,131451.0
2026-02-02T15,MIDA,Mid-Atlantic,DF,Day-ahead demand forecast,125176,megawatthours,2026-02-02 15:00:00,125176.0
2026-02-02T15,MIDA,Mid-Atlantic,NG,Net generation,136824,megawatthours,2026-02-02 15:00:00,136824.0
2026-02-02T15,MIDA,Mid-Atlantic,TI,Total interchange,1329,megawatthours,2026-02-02 15:00:00,1329.0
2026-02-02T14,MIDA,Mid-Atlantic,D,Demand,134536,megawatthours,2026-02-02 14:00:00,134536.0
2026-02-02T14,MIDA,Mid-Atlantic,DF,Day-ahead demand forecast,128806,megawatthours,2026-02-02 14:00:00,128806.0
2026-02-02T14,MIDA,Mid-Atlantic,NG,Net generation,139653,megawatthours,2026-02-02 14:00:00,139653.0
2026-02-02T14,MIDA,Mid-Atlantic,TI,Total interchange,1503,megawatthours,2026-02-02 14:00:00,1503.0
2026-02-02T13,MIDA,Mid-Atlantic,D,Demand,135929,megawatthours,2026-02-02 13:00:00,135929.0
2026-02-02T13,MIDA,Mid-Atlantic,DF,Day-ahead demand forecast,132126,megawatthours,2026-02-02 13:00:00,132126.0
2026-02-02T13,MIDA,Mid-Atlantic,NG,Net generation,141104,megawatthours,2026-02-02 13:00:00,141104.0
2026-02-02T13,MIDA,Mid-Atlantic,TI,Total interchange,1486,megawatthours,2026-02-02 13:00:00,1486.0
2026-02-02T12,MIDA,Mid-Atlantic,D,Demand,131828,megawatthours,2026-02-02 12:00:00,131828.0
2026-02-02T12,MIDA,Mid-Atlantic,DF,Day-ahead demand forecast,132186,megawatthours,2026-02-02 12:00:00,132186.0
2026-02-02T12,MIDA,Mid-Atlantic,NG,Net generation,137282,megawatthours,2026-02-02 12:00:00,137282.0
2026-02-02T12,MIDA,Mid-Atlantic,TI,Total interchange,1411,megawatthours,2026-02-02 12:00:00,1411.0
2026-02-02T11,MIDA,Mid-Atlantic,D,Demand,125671,megawatthours,2026-02-02 11:00:00,125671.0
2026-02-02T11,MIDA,Mid-Atlantic,DF,Day-ahead demand forecast,128557,megawatthours,2026-02-02 11:00:00,128557.0
2026-02-02T11,MIDA,Mid-Atlantic,NG,Net generation,130303,megawatthours,2026-02-02 11:00:00,130303.0
2026-02-02T11,MIDA,Mid-Atlantic,TI,Total interchange,1387,megawatthours,2026-02-02 11:00:00,1387.0
2026-02-02T10,MIDA,Mid-Atlantic,D,Demand,121985,megawatthours,2026-02-02 10:00:00,121985.0
2026-02-02T10,MIDA,Mid-Atlantic,DF,Day-ahead demand forecast,123589,megawatthours,2026-02-02 10:00:00,123589.0
2026-02-02T10,MIDA,Mid-Atlantic,NG,Net generation,126252,megawatthours,2026-02-02 10:00:00,126252.0
2026-02-02T10,MIDA,Mid-Atlantic,TI,Total interchange,1290,megawatthours,2026-02-02 10:00:00,1290.0
2026-02-02T09,MIDA,Mid-Atlantic,D,Demand,119957,megawatthours,2026-02-02 09:00:00,119957.0
2026-02-02T09,MIDA,Mid-Atlantic,DF,Day-ahead demand forecast,119732,megawatthours,2026-02-02 09:00:00,119732.0
2026-02-02T09,MIDA,Mid-Atlantic,NG,Net generation,123856,megawatthours,2026-02-02 09:00:00,123856.0
2026-02-02T09,MIDA,Mid-Atlantic,TI,Total interchange,3056,megawatthours,2026-02-02 09:00:00,3056.0
2026-02-02T08,MIDA,Mid-Atlantic,D,Demand,119317,megawatthours,2026-02-02 08:00:00,119317.0
2026-02-02T08,MIDA,Mid-Atlantic,DF,Day-ahead demand forecast,117588,megawatthours,2026-02-02 08:00:00,117588.0
2026-02-02T08,MIDA,Mid-Atlantic,NG,Net generation,123038,megawatthours,2026-02-02 08:00:00,123038.0
2026-02-02T08,MIDA,Mid-Atlantic,TI,Total interchange,4159,megawatthours,2026-02-02 08:00:00,4159.0
2026-02-02T07,MIDA,Mid-Atlantic,D,Demand,119371,megawatthours,2026-02-02 07:00:00,119371.0
2026-02-02T07,MIDA,Mid-Atlantic,DF,Day-ahead demand forecast,116974,megawatthours,2026-02-02 07:00:00,116974.0
2026-02-02T07,MIDA,Mid-Atlantic,NG,Net generation,123688,megawatthours,2026-02-02 07:00:00,123688.0
2026-02-02T07,MIDA,Mid-Atlantic,TI,Total interchange,2893,megawatthours,2026-02-02 07:00:00,2893.0
2026-02-02T06,MIDA,Mid-Atlantic,D,Demand,120054,megawatthours,2026-02-02 06:00:00,120054.0
2026-02-02T06,MIDA,Mid-Atlantic,DF,Day-ahead demand forecast,116606,megawatthours,2026-02-02 06:00:00,116606.0
2026-02-02T06,MIDA,Mid-Atlantic,NG,Net generation,124387,megawatthours,2026-02-02 06:00:00,124387.0
2026-02-02T06,MIDA,Mid-Atlantic,TI,Total interchange,2212,megawatthours,2026-02-02 06:00:00,2212.0
2026-02-02T05,MIDA,Mid-Atlantic,D,Demand,121773,megawatthours,2026-02-02 05:00:00,121773.0
2026-02-02T05,MIDA,Mid-Atlantic,DF,Day-ahead demand forecast,116798,megawatthours,2026-02-02 05:00:00,116798.0
2026-02-02T05,MIDA,Mid-Atlantic,NG,Net generation,125065,megawatthours,2026-02-02 05:00:00,125065.0
2026-02-02T05,MIDA,Mid-Atlantic,TI,Total interchange,909,megawatthours,2026-02-02 05:00:00,909.0
2026-02-02T04,MIDA,Mid-Atlantic,D,Demand,124100,megawatthours,2026-02-02 04:00:00,124100.0
2026-02-02T04,MIDA,Mid-Atlantic,DF,Day-ahead demand forecast,119239,megawatthours,2026-02-02 04:00:00,119239.0
2026-02-02T04,MIDA,Mid-Atlantic,NG,Net generation,128444,megawatthours,2026-02-02 04:00:00,128444.0
2026-02-02T04,MIDA,Mid-Atlantic,TI,Total interchange,979,megawatthours,2026-02-02 04:00:00,979.0
2026-02-02T03,MIDA,Mid-Atlantic,D,Demand,127033,megawatthours,2026-02-02 03:00:00,127033.0
2026-02-02T03,MIDA,Mid-Atlantic,DF,Day-ahead demand forecast,121686,megawatthours,2026-02-02 03:00:00,121686.0
2026-02-02T03,MIDA,Mid-Atlantic,NG,Net generation,130062,megawatthours,2026-02-02 03:00:00,130062.0
2026-02-02T03,MIDA,Mid-Atlantic,TI,Total interchange,1194,megawatthours,2026-02-02 03:00:00,1194.0
2026-02-02T02,MIDA,Mid-Atlantic,D,Demand,129176,megawatthours,2026-02-02 02:00:00,129176.0
2026-02-02T02,MIDA,Mid-Atlantic,DF,Day-ahead demand forecast,124936,megawatthours,2026-02-02 02:00:00,124936.0
2026-02-02T02,MIDA,Mid-Atlantic,NG,Net generation,131550,megawatthours,2026-02-02 02:00:00,131550.0
2026-02-02T02,MIDA,Mid-Atlantic,TI,Total interchange,1276,megawatthours,2026-02-02 02:00:00,1276.0
2026-02-02T01,MIDA,Mid-Atlantic,D,Demand,129951,megawatthours,2026-02-02 01:00:00,129951.0
2026-02-02T01,MIDA,Mid-Atlantic,DF,Day-ahead demand forecast,127093,megawatthours,2026-02-02 01:00:00,127093.0
2026-02-02T01,MIDA,Mid-Atlantic,NG,Net generation,133577,megawatthours,2026-02-02 01:00:00,133577.0
2026-02-02T01,MIDA,Mid-Atlantic,TI,Total interchange,1134,megawatthours,2026-02-02 01:00:00,1134.0
2026-02-02T00,MIDA,Mid-Atlantic,D,Demand,129560,megawatthours,2026-02-02 00:00:00,129560.0
2026-02-02T00,MIDA,Mid-Atlantic,DF,Day-ahead demand forecast,127805,megawatthours,2026-02-02 00:00:00,127805.0
2026-02-02T00,MIDA,Mid-Atlantic,NG,Net generation,133009,megawatthours,2026-02-02 00:00:00,133009.0
2026-02-02T00,MIDA,Mid-Atlantic,TI,Total interchange,1224,megawatthours,2026-02-02 00:00:00,1224.0
2026-02-01T23,MIDA,Mid-Atlantic,D,Demand,125229,megawatthours,2026-02-01 23:00:00,125229.0
2026-02-01T23,MIDA,Mid-Atlantic,DF,Day-ahead demand forecast,127504,megawatthours,2026-02-01 23:00:00,127504.0
2026-02-01T23,MIDA,Mid-Atlantic,NG,Net generation,127715,megawatthours,2026-02-01 23:00:00,127715.0
2026-02-01T23,MIDA,Mid-Atlantic,TI,Total interchange,1225,megawatthours,2026-02-01 23:00:00,1225.0
2026-02-01T22,MIDA,Mid-Atlantic,D,Demand,121174,megawatthours,2026-02-01 22:00:00,121174.0
2026-02-01T22,MIDA,Mid-Atlantic,DF,Day-ahead demand forecast,124493,megawatthours,2026-02-01 22:00:00,124493.0
2026-02-01T22,MIDA,Mid-Atlantic,NG,Net generation,124818,megawatthours,2026-02-01 22:00:00,124818.0
2026-02-01T22,MIDA,Mid-Atlantic,TI,Total interchange,1075,megawatthours,2026-02-01 22:00:00,1075.0
2026-02-01T21,MIDA,Mid-Atlantic,D,Demand,120236,megawatthours,2026-02-01 21:00:00,120236.0
2026-02-01T21,MIDA,Mid-Atlantic,DF,Day-ahead demand forecast,119178,megawatthours,2026-02-01 21:00:00,119178.0
2026-02-01T21,MIDA,Mid-Atlantic,NG,Net generation,123833,megawatthours,2026-02-01 21:00:00,123833.0
2026-02-01T21,MIDA,Mid-Atlantic,TI,Total interchange,1222,megawatthours,2026-02-01 21:00:00,1222.0
2026-02-01T20,MIDA,Mid-Atlantic,D,Demand,120783,megawatthours,2026-02-01 20:00:00,120783.0
2026-02-01T20,MIDA,Mid-Atlantic,DF,Day-ahead demand forecast,117003,megawatthours,2026-02-01 20:00:00,117003.0
2026-02-01T20,MIDA,Mid-Atlantic,NG,Net generation,124917,megawatthours,2026-02-01 20:00:00,124917.0
2026-02-01T20,MIDA,Mid-Atlantic,TI,Total interchange,1085,megawatthours,2026-02-01 20:00:00,1085.0
2026-02-01T19,MIDA,Mid-Atlantic,D,Demand,122443,megawatthours,2026-02-01 19:00:00,122443.0
2026-02-01T19,MIDA,Mid-Atlantic,DF,Day-ahead demand forecast,116396,megawatthours,2026-02-01 19:00:00,116396.0
2026-02-01T19,MIDA,Mid-Atlantic,NG,Net generation,126495,megawatthours,2026-02-01 19:00:00,126495.0
2026-02-01T19,MIDA,Mid-Atlantic,TI,Total interchange,807,megawatthours,2026-02-01 19:00:00,807.0
2026-02-01T18,MIDA,Mid-Atlantic,D,Demand,124573,megawatthours,2026-02-01 18:00:00,124573.0
2026-02-01T18,MIDA,Mid-Atlantic,DF,Day-ahead demand forecast,117737,megawatthours,2026-02-01 18:00:00,117737.0
2026-02-01T18,MIDA,Mid-Atlantic,NG,Net generation,128384,megawatthours,2026-02-01 18:00:00,128384.0
2026-02-01T18,MIDA,Mid-Atlantic,TI,Total interchange,577,megawatthours,2026-02-01 18:00:00,577.0
2026-02-01T17,MIDA,Mid-Atlantic,D,Demand,125949,megawatthours,2026-02-01 17:00:00,125949.0
2026-02-01T17,MIDA,Mid-Atlantic,DF,Day-ahead demand forecast,119496,megawatthours,2026-02-01 17:00:00,119496.0
2026-02-01T17,MIDA,Mid-Atlantic,NG,Net generation,129896,megawatthours,2026-02-01 17:00:00,129896.0
2026-02-01T17,MIDA,Mid-Atlantic,TI,Total interchange,385,megawatthours,2026-02-01 17:00:00,385.0
2026-02-01T16,MIDA,Mid-Atlantic,D,Demand,127371,megawatthours,2026-02-01 16:00:00,127371.0
2026-02-01T16,MIDA,Mid-Atlantic,DF,Day-ahead demand forecast,121047,megawatthours,2026-02-01 16:00:00,121047.0
2026-02-01T16,MIDA,Mid-Atlantic,NG,Net generation,131101,megawatthours,2026-02-01 16:00:00,131101.0
2026-02-01T16,MIDA,Mid-Atlantic,TI,Total interchange,338,megawatthours,2026-02-01 16:00:00,338.0
2026-02-01T15,MIDA,Mid-Atlantic,D,Demand,129415,megawatthours,2026-02-01 15:00:00,129415.0
2026-02-01T15,MIDA,Mid-Atlantic,DF,Day-ahead demand forecast,123185,megawatthours,2026-02-01 15:00:00,123185.0
2026-02-01T15,MIDA,Mid-Atlantic,NG,Net generation,131092,megawatthours,2026-02-01 15:00:00,131092.0
2026-02-01T15,MIDA,Mid-Atlantic,TI,Total interchange,388,megawatthours,2026-02-01 15:00:00,388.0
2026-02-01T14,MIDA,Mid-Atlantic,D,Demand,130442,megawatthours,2026-02-01 14:00:00,130442.0
2026-02-01T14,MIDA,Mid-Atlantic,DF,Day-ahead demand forecast,125101,megawatthours,2026-02-01 14:00:00,125101.0
2026-02-01T14,MIDA,Mid-Atlantic,NG,Net generation,132730,megawatthours,2026-02-01 14:00:00,132730.0
2026-02-01T14,MIDA,Mid-Atlantic,TI,Total interchange,527,megawatthours,2026-02-01 14:00:00,527.0
2026-02-01T13,MIDA,Mid-Atlantic,D,Demand,128708,megawatthours,2026-02-01 13:00:00,128708.0
2026-02-01T13,MIDA,Mid-Atlantic,DF,Day-ahead demand forecast,126196,megawatthours,2026-02-01 13:00:00,126196.0
2026-02-01T13,MIDA,Mid-Atlantic,NG,Net generation,130780,megawatthours,2026-02-01 13:00:00,130780.0
2026-02-01T13,MIDA,Mid-Atlantic,TI,Total interchange,604,megawatthours,2026-02-01 13:00:00,604.0
2026-02-01T12,MIDA,Mid-Atlantic,D,Demand,125790,megawatthours,2026-02-01 12:00:00,125790.0
2026-02-01T12,MIDA,Mid-Atlantic,DF,Day-ahead demand forecast,125294,megawatthours,2026-02-01 12:00:00,125294.0
2026-02-01T12,MIDA,Mid-Atlantic,NG,Net generation,128660,megawatthours,2026-02-01 12:00:00,128660.0
2026-02-01T12,MIDA,Mid-Atlantic,TI,Total interchange,622,megawatthours,2026-02-01 12:00:00,622.0
2026-02-01T11,MIDA,Mid-Atlantic,D,Demand,123287,megawatthours,2026-02-01 11:00:00,123287.0
2026-02-01T11,MIDA,Mid-Atlantic,DF,Day-ahead demand forecast,123209,megawatthours,2026-02-01 11:00:00,123209.0
2026-02-01T11,MIDA,Mid-Atlantic,NG,Net generation,126138,megawatthours,2026-02-01 11:00:00,126138.0
2026-02-01T11,MIDA,Mid-Atlantic,TI,Total interchange,379,megawatthours,2026-02-01 11:00:00,379.0
2026-02-01T10,MIDA,Mid-Atlantic,D,Demand,121961,megawatthours,2026-02-01 10:00:00,121961.0
2026-02-01T10,MIDA,Mid-Atlantic,DF,Day-ahead demand forecast,121725,megawatthours,2026-02-01 10:00:00,121725.0
2026-02-01T10,MIDA,Mid-Atlantic,NG,Net generation,124288,megawatthours,2026-02-01 10:00:00,124288.0
2026-02-01T10,MIDA,Mid-Atlantic,TI,Total interchange,463,megawatthours,2026-02-01 10:00:00,463.0
2026-02-01T09,MIDA,Mid-Atlantic,D,Demand,121772,megawatthours,2026-02-01 09:00:00,121772.0
2026-02-01T09,MIDA,Mid-Atlantic,DF,Day-ahead demand forecast,121085,megawatthours,2026-02-01 09:00:00,121085.0
2026-02-01T09,MIDA,Mid-Atlantic,NG,Net generation,124072,megawatthours,2026-02-01 09:00:00,124072.0
2026-02-01T09,MIDA,Mid-Atlantic,TI,Total interchange,544,megawatthours,2026-02-01 09:00:00,544.0
2026-02-01T08,MIDA,Mid-Atlantic,D,Demand,121685,megawatthours,2026-02-01 08:00:00,121685.0
2026-02-01T08,MIDA,Mid-Atlantic,DF,Day-ahead demand forecast,120396,megawatthours,2026-02-01 08:00:00,120396.0
2026-02-01T08,MIDA,Mid-Atlantic,NG,Net generation,123997,megawatthours,2026-02-01 08:00:00,123997.0
2026-02-01T08,MIDA,Mid-Atlantic,TI,Total interchange,1296,megawatthours,2026-02-01 08:00:00,1296.0
2026-02-01T07,MIDA,Mid-Atlantic,D,Demand,122082,megawatthours,2026-02-01 07:00:00,122082.0
2026-02-01T07,MIDA,Mid-Atlantic,DF,Day-ahead demand forecast,120822,megawatthours,2026-02-01 07:00:00,120822.0
2026-02-01T07,MIDA,Mid-Atlantic,NG,Net generation,124668,megawatthours,2026-02-01 07:00:00,124668.0
2026-02-01T07,MIDA,Mid-Atlantic,TI,Total interchange,1209,megawatthours,2026-02-01 07:00:00,1209.0
2026-02-01T06,MIDA,Mid-Atlantic,D,Demand,122569,megawatthours,2026-02-01 06:00:00,122569.0
2026-02-01T06,MIDA,Mid-Atlantic,DF,Day-ahead demand forecast,121509,megawatthours,2026-02-01 06:00:00,121509.0
2026-02-01T06,MIDA,Mid-Atlantic,NG,Net generation,126152,megawatthours,2026-02-01 06:00:00,126152.0
2026-02-01T06,MIDA,Mid-Atlantic,TI,Total interchange,691,megawatthours,2026-02-01 06:00:00,691.0
2026-02-01T05,MIDA,Mid-Atlantic,D,Demand,123957,megawatthours,2026-02-01 05:00:00,123957.0
2026-02-01T05,MIDA,Mid-Atlantic,DF,Day-ahead demand forecast,122001,megawatthours,2026-02-01 05:00:00,122001.0
2026-02-01T05,MIDA,Mid-Atlantic,NG,Net generation,126611,megawatthours,2026-02-01 05:00:00,126611.0
2026-02-01T05,MIDA,Mid-Atlantic,TI,Total interchange,116,megawatthours,2026-02-01 05:00:00,116.0
2026-02-01T04,MIDA,Mid-Atlantic,D,Demand,126838,megawatthours,2026-02-01 04:00:00,126838.0
2026-02-01T04,MIDA,Mid-Atlantic,DF,Day-ahead demand forecast,125219,megawatthours,2026-02-01 04:00:00,125219.0
2026-02-01T04,MIDA,Mid-Atlantic,NG,Net generation,129817,megawatthours,2026-02-01 04:00:00,129817.0
2026-02-01T04,MIDA,Mid-Atlantic,TI,Total interchange,177,megawatthours,2026-02-01 04:00:00,177.0
2026-02-01T03,MIDA,Mid-Atlantic,D,Demand,129623,megawatthours,2026-02-01 03:00:00,129623.0
2026-02-01T03,MIDA,Mid-Atlantic,DF,Day-ahead demand forecast,127419,megawatthours,2026-02-01 03:00:00,127419.0
2026-02-01T03,MIDA,Mid-Atlantic,NG,Net generation,132433,megawatthours,2026-02-01 03:00:00,132433.0
2026-02-01T03,MIDA,Mid-Atlantic,TI,Total interchange,772,megawatthours,2026-02-01 03:00:00,772.0
2026-02-01T02,MIDA,Mid-Atlantic,D,Demand,131433,megawatthours,2026-02-01 02:00:00,131433.0
2026-02-01T02,MIDA,Mid-Atlantic,DF,Day-ahead demand forecast,129559,megawatthours,2026-02-01 02:00:00,129559.0
2026-02-01T02,MIDA,Mid-Atlantic,NG,Net generation,133721,megawatthours,2026-02-01 02:00:00,133721.0
2026-02-01T02,MIDA,Mid-Atlantic,TI,Total interchange,1167,megawatthours,2026-02-01 02:00:00,1167.0
2026-02-01T01,MIDA,Mid-Atlantic,D,Demand,132336,megawatthours,2026-02-01 01:00:00,132336.0
2026-02-01T01,MIDA,Mid-Atlantic,DF,Day-ahead demand forecast,131822,megawatthours,2026-02-01 01:00:00,131822.0
2026-02-01T01,MIDA,Mid-Atlantic,NG,Net generation,136004,megawatthours,2026-02-01 01:00:00,136004.0
2026-02-01T01,MIDA,Mid-Atlantic,TI,Total interchange,1260,megawatthours,2026-02-01 01:00:00,1260.0
2026-02-01T00,MIDA,Mid-Atlantic,D,Demand,132821,megawatthours,2026-02-01 00:00:00,132821.0
2026-02-01T00,MIDA,Mid-Atlantic,DF,Day-ahead demand forecast,132926,megawatthours,2026-02-01 00:00:00,132926.0
2026-02-01T00,MIDA,Mid-Atlantic,NG,Net generation,137106,megawatthours,2026-02-01 00:00:00,137106.0
2026-02-01T00,MIDA,Mid-Atlantic,TI,Total interchange,1268,megawatthours,2026-02-01 00:00:00,1268.0
2026-01-31T23,MIDA,Mid-Atlantic,D,Demand,130451,megawatthours,2026-01-31 23:00:00,130451.0
2026-01-31T23,MIDA,Mid-Atlantic,DF,Day-ahead demand forecast,133173,megawatthours,2026-01-31 23:00:00,133173.0
2026-01-31T23,MIDA,Mid-Atlantic,NG,Net generation,134539,megawatthours,2026-01-31 23:00:00,134539.0
2026-01-31T23,MIDA,Mid-Atlantic,TI,Total interchange,1203,megawatthours,2026-01-31 23:00:00,1203.0
2026-01-31T22,MIDA,Mid-Atlantic,D,Demand,126643,megawatthours,2026-01-31 22:00:00,126643.0
2026-01-31T22,MIDA,Mid-Atlantic,DF,Day-ahead demand forecast,129079,megawatthours,2026-01-31 22:00:00,129079.0
2026-01-31T22,MIDA,Mid-Atlantic,NG,Net generation,130485,megawatthours,2026-01-31 22:00:00,130485.0
2026-01-31T22,MIDA,Mid-Atlantic,TI,Total interchange,1049,megawatthours,2026-01-31 22:00:00,1049.0
2026-01-31T21,MIDA,Mid-Atlantic,D,Demand,125217,megawatthours,2026-01-31 21:00:00,125217.0
2026-01-31T21,MIDA,Mid-Atlantic,DF,Day-ahead demand forecast,123703,megawatthours,2026-01-31 21:00:00,123703.0
2026-01-31T21,MIDA,Mid-Atlantic,NG,Net generation,130019,megawatthours,2026-01-31 21:00:00,130019.0
2026-01-31T21,MIDA,Mid-Atlantic,TI,Total interchange,1089,megawatthours,2026-01-31 21:00:00,1089.0
2026-01-31T20,MIDA,Mid-Atlantic,D,Demand,124728,megawatthours,2026-01-31 20:00:00,124728.0
2026-01-31T20,MIDA,Mid-Atlantic,DF,Day-ahead demand forecast,121676,megawatthours,2026-01-31 20:00:00,121676.0
2026-01-31T20,MIDA,Mid-Atlantic,NG,Net generation,129291,megawatthours,2026-01-31 20:00:00,129291.0
2026-01-31T20,MIDA,Mid-Atlantic,TI,Total interchange,1137,megawatthours,2026-01-31 20:00:00,1137.0
2026-01-31T19,MIDA,Mid-Atlantic,D,Demand,125762,megawatthours,2026-01-31 19:00:00,125762.0
2026-01-31T19,MIDA,Mid-Atlantic,DF,Day-ahead demand forecast,121642,megawatthours,2026-01-31 19:00:00,121642.0
2026-01-31T19,MIDA,Mid-Atlantic,NG,Net generation,130005,megawatthours,2026-01-31 19:00:00,130005.0
2026-01-31T19,MIDA,Mid-Atlantic,TI,Total interchange,876,megawatthours,2026-01-31 19:00:00,876.0
2026-01-31T18,MIDA,Mid-Atlantic,D,Demand,127273,megawatthours,2026-01-31 18:00:00,127273.0
2026-01-31T18,MIDA,Mid-Atlantic,DF,Day-ahead demand forecast,122819,megawatthours,2026-01-31 18:00:00,122819.0
2026-01-31T18,MIDA,Mid-Atlantic,NG,Net generation,131106,megawatthours,2026-01-31 18:00:00,131106.0
2026-01-31T18,MIDA,Mid-Atlantic,TI,Total interchange,516,megawatthours,2026-01-31 18:00:00,516.0
2026-01-31T17,MIDA,Mid-Atlantic,D,Demand,129109,megawatthours,2026-01-31 17:00:00,129109.0
2026-01-31T17,MIDA,Mid-Atlantic,DF,Day-ahead demand forecast,125330,megawatthours,2026-01-31 17:00:00,125330.0
2026-01-31T17,MIDA,Mid-Atlantic,NG,Net generation,133307,megawatthours,2026-01-31 17:00:00,133307.0
2026-01-31T17,MIDA,Mid-Atlantic,TI,Total interchange,183,megawatthours,2026-01-31 17:00:00,183.0
2026-01-31T16,MIDA,Mid-Atlantic,D,Demand,131532,megawatthours,2026-01-31 16:00:00,131532.0
2026-01-31T16,MIDA,Mid-Atlantic,DF,Day-ahead demand forecast,127447,megawatthours,2026-01-31 16:00:00,127447.0
2026-01-31T16,MIDA,Mid-Atlantic,NG,Net generation,135964,megawatthours,2026-01-31 16:00:00,135964.0
2026-01-31T16,MIDA,Mid-Atlantic,TI,Total interchange,307,megawatthours,2026-01-31 16:00:00,307.0
2026-01-31T15,MIDA,Mid-Atlantic,D,Demand,133955,megawatthours,2026-01-31 15:00:00,133955.0
2026-01-31T15,MIDA,Mid-Atlantic,DF,Day-ahead demand forecast,130413,megawatthours,2026-01-31 15:00:00,130413.0
2026-01-31T15,MIDA,Mid-Atlantic,NG,Net generation,137771,megawatthours,2026-01-31 15:00:00,137771.0
2026-01-31T15,MIDA,Mid-Atlantic,TI,Total interchange,355,megawatthours,2026-01-31 15:00:00,355.0
2026-01-31T14,MIDA,Mid-Atlantic,D,Demand,134600,megawatthours,2026-01-31 14:00:00,134600.0
2026-01-31T14,MIDA,Mid-Atlantic,DF,Day-ahead demand forecast,132482,megawatthours,2026-01-31 14:00:00,132482.0
2026-01-31T14,MIDA,Mid-Atlantic,NG,Net generation,137491,megawatthours,2026-01-31 14:00:00,137491.0
2026-01-31T14,MIDA,Mid-Atlantic,TI,Total interchange,402,megawatthours,2026-01-31 14:00:00,402.0
2026-01-31T13,MIDA,Mid-Atlantic,D,Demand,133106,megawatthours,2026-01-31 13:00:00,133106.0
2026-01-31T13,MIDA,Mid-Atlantic,DF,Day-ahead demand forecast,134353,megawatthours,2026-01-31 13:00:00,134353.0
2026-01-31T13,MIDA,Mid-Atlantic,NG,Net generation,135245,megawatthours,2026-01-31 13:00:00,135245.0
2026-01-31T13,MIDA,Mid-Atlantic,TI,Total interchange,474,megawatthours,2026-01-31 13:00:00,474.0
2026-01-31T12,MIDA,Mid-Atlantic,D,Demand,129913,megawatthours,2026-01-31 12:00:00,129913.0
2026-01-31T12,MIDA,Mid-Atlantic,DF,Day-ahead demand forecast,133078,megawatthours,2026-01-31 12:00:00,133078.0
2026-01-31T12,MIDA,Mid-Atlantic,NG,Net generation,131838,megawatthours,2026-01-31 12:00:00,131838.0
2026-01-31T12,MIDA,Mid-Atlantic,TI,Total interchange,463,megawatthours,2026-01-31 12:00:00,463.0
2026-01-31T11,MIDA,Mid-Atlantic,D,Demand,126757,megawatthours,2026-01-31 11:00:00,126757.0
2026-01-31T11,MIDA,Mid-Atlantic,DF,Day-ahead demand forecast,130098,megawatthours,2026-01-31 11:00:00,130098.0
2026-01-31T11,MIDA,Mid-Atlantic,NG,Net generation,127991,megawatthours,2026-01-31 11:00:00,127991.0
2026-01-31T11,MIDA,Mid-Atlantic,TI,Total interchange,383,megawatthours,2026-01-31 11:00:00,383.0
2026-01-31T10,MIDA,Mid-Atlantic,D,Demand,124817,megawatthours,2026-01-31 10:00:00,124817.0
2026-01-31T10,MIDA,Mid-Atlantic,DF,Day-ahead demand forecast,127241,megawatthours,2026-01-31 10:00:00,127241.0
2026-01-31T10,MIDA,Mid-Atlantic,NG,Net generation,126392,megawatthours,2026-01-31 10:00:00,126392.0
2026-01-31T10,MIDA,Mid-Atlantic,TI,Total interchange,497,megawatthours,2026-01-31 10:00:00,497.0
2026-01-31T09,MIDA,Mid-Atlantic,D,Demand,124472,megawatthours,2026-01-31 09:00:00,124472.0
2026-01-31T09,MIDA,Mid-Atlantic,DF,Day-ahead demand forecast,125089,megawatthours,2026-01-31 09:00:00,125089.0
2026-01-31T09,MIDA,Mid-Atlantic,NG,Net generation,125288,megawatthours,2026-01-31 09:00:00,125288.0
2026-01-31T09,MIDA,Mid-Atlantic,TI,Total interchange,-3298,megawatthours,2026-01-31 09:00:00,-3298.0
2026-01-31T08,MIDA,Mid-Atlantic,D,Demand,124896,megawatthours,2026-01-31 08:00:00,124896.0
2026-01-31T08,MIDA,Mid-Atlantic,DF,Day-ahead demand forecast,124188,megawatthours,2026-01-31 08:00:00,124188.0
2026-01-31T08,MIDA,Mid-Atlantic,NG,Net generation,125472,megawatthours,2026-01-31 08:00:00,125472.0
2026-01-31T08,MIDA,Mid-Atlantic,TI,Total interchange,-3194,megawatthours,2026-01-31 08:00:00,-3194.0
2026-01-31T07,MIDA,Mid-Atlantic,D,Demand,125252,megawatthours,2026-01-31 07:00:00,125252.0
2026-01-31T07,MIDA,Mid-Atlantic,DF,Day-ahead demand forecast,124066,megawatthours,2026-01-31 07:00:00,124066.0
2026-01-31T07,MIDA,Mid-Atlantic,NG,Net generation,126565,megawatthours,2026-01-31 07:00:00,126565.0
2026-01-31T07,MIDA,Mid-Atlantic,TI,Total interchange,-2935,megawatthours,2026-01-31 07:00:00,-2935.0
2026-01-31T06,MIDA,Mid-Atlantic,D,Demand,126093,megawatthours,2026-01-31 06:00:00,126093.0
2026-01-31T06,MIDA,Mid-Atlantic,DF,Day-ahead demand forecast,123550,megawatthours,2026-01-31 06:00:00,123550.0
2026-01-31T06,MIDA,Mid-Atlantic,NG,Net generation,128033,megawatthours,2026-01-31 06:00:00,128033.0
2026-01-31T06,MIDA,Mid-Atlantic,TI,Total interchange,-2766,megawatthours,2026-01-31 06:00:00,-2766.0
2026-01-31T05,MIDA,Mid-Atlantic,D,Demand,128114,megawatthours,2026-01-31 05:00:00,128114.0
2026-01-31T05,MIDA,Mid-Atlantic,DF,Day-ahead demand forecast,124507,megawatthours,2026-01-31 05:00:00,124507.0
2026-01-31T05,MIDA,Mid-Atlantic,NG,Net generation,129969,megawatthours,2026-01-31 05:00:00,129969.0
2026-01-31T05,MIDA,Mid-Atlantic,TI,Total interchange,691,megawatthours,2026-01-31 05:00:00,691.0
2026-01-31T04,MIDA,Mid-Atlantic,D,Demand,129916,megawatthours,2026-01-31 04:00:00,129916.0
2026-01-31T04,MIDA,Mid-Atlantic,DF,Day-ahead demand forecast,127765,megawatthours,2026-01-31 04:00:00,127765.0
2026-01-31T04,MIDA,Mid-Atlantic,NG,Net generation,131844,megawatthours,2026-01-31 04:00:00,131844.0
2026-01-31T04,MIDA,Mid-Atlantic,TI,Total interchange,600,megawatthours,2026-01-31 04:00:00,600.0
2026-01-31T03,MIDA,Mid-Atlantic,D,Demand,132272,megawatthours,2026-01-31 03:00:00,132272.0
2026-01-31T03,MIDA,Mid-Atlantic,DF,Day-ahead demand forecast,130235,megawatthours,2026-01-31 03:00:00,130235.0
2026-01-31T03,MIDA,Mid-Atlantic,NG,Net generation,134095,megawatthours,2026-01-31 03:00:00,134095.0
2026-01-31T03,MIDA,Mid-Atlantic,TI,Total interchange,712,megawatthours,2026-01-31 03:00:00,712.0
2026-01-31T02,MIDA,Mid-Atlantic,D,Demand,133920,megawatthours,2026-01-31 02:00:00,133920.0
2026-01-31T02,MIDA,Mid-Atlantic,DF,Day-ahead demand forecast,132352,megawatthours,2026-01-31 02:00:00,132352.0
2026-01-31T02,MIDA,Mid-Atlantic,NG,Net generation,137039,megawatthours,2026-01-31 02:00:00,137039.0
2026-01-31T02,MIDA,Mid-Atlantic,TI,Total interchange,923,megawatthours,2026-01-31 02:00:00,923.0
2026-01-31T01,MIDA,Mid-Atlantic,D,Demand,134758,megawatthours,2026-01-31 01:00:00,134758.0
2026-01-31T01,MIDA,Mid-Atlantic,DF,Day-ahead demand forecast,134144,megawatthours,2026-01-31 01:00:00,134144.0
2026-01-31T01,MIDA,Mid-Atlantic,NG,Net generation,137037,megawatthours,2026-01-31 01:00:00,137037.0
2026-01-31T01,MIDA,Mid-Atlantic,TI,Total interchange,1264,megawatthours,2026-01-31 01:00:00,1264.0
2026-01-31T00,MIDA,Mid-Atlantic,D,Demand,134697,megawatthours,2026-01-31 00:00:00,134697.0
2026-01-31T00,MIDA,Mid-Atlantic,DF,Day-ahead demand forecast,135032,megawatthours,2026-01-31 00:00:00,135032.0
2026-01-31T00,MIDA,Mid-Atlantic,NG,Net generation,136075,megawatthours,2026-01-31 00:00:00,136075.0
2026-01-31T00,MIDA,Mid-Atlantic,TI,Total interchange,1329,megawatthours,2026-01-31 00:00:00,1329.0
2026-01-30T23,MIDA,Mid-Atlantic,D,Demand,131498,megawatthours,2026-01-30 23:00:00,131498.0
2026-01-30T23,MIDA,Mid-Atlantic,DF,Day-ahead demand forecast,135264,megawatthours,2026-01-30 23:00:00,135264.0
2026-01-30T23,MIDA,Mid-Atlantic,NG,Net generation,133147,megawatthours,2026-01-30 23:00:00,133147.0
2026-01-30T23,MIDA,Mid-Atlantic,TI,Total interchange,1401,megawatthours,2026-01-30 23:00:00,1401.0
2026-01-30T22,MIDA,Mid-Atlantic,D,Demand,127669,megawatthours,2026-01-30 22:00:00,127669.0
2026-01-30T22,MIDA,Mid-Atlantic,DF,Day-ahead demand forecast,130644,megawatthours,2026-01-30 22:00:00,130644.0
2026-01-30T22,MIDA,Mid-Atlantic,NG,Net generation,129629,megawatthours,2026-01-30 22:00:00,129629.0
2026-01-30T22,MIDA,Mid-Atlantic,TI,Total interchange,1362,megawatthours,2026-01-30 22:00:00,1362.0
2026-01-30T21,MIDA,Mid-Atlantic,D,Demand,125971,megawatthours,2026-01-30 21:00:00,125971.0
2026-01-30T21,MIDA,Mid-Atlantic,DF,Day-ahead demand forecast,124769,megawatthours,2026-01-30 21:00:00,124769.0
2026-01-30T21,MIDA,Mid-Atlantic,NG,Net generation,128349,megawatthours,2026-01-30 21:00:00,128349.0
2026-01-30T21,MIDA,Mid-Atlantic,TI,Total interchange,1386,megawatthours,2026-01-30 21:00:00,1386.0
2026-01-30T20,MIDA,Mid-Atlantic,D,Demand,126380,megawatthours,2026-01-30 20:00:00,126380.0
2026-01-30T20,MIDA,Mid-Atlantic,DF,Day-ahead demand forecast,121545,megawatthours,2026-01-30 20:00:00,121545.0
2026-01-30T20,MIDA,Mid-Atlantic,NG,Net generation,128040,megawatthours,2026-01-30 20:00:00,128040.0
2026-01-30T20,MIDA,Mid-Atlantic,TI,Total interchange,1598,megawatthours,2026-01-30 20:00:00,1598.0
2026-01-30T19,MIDA,Mid-Atlantic,D,Demand,127256,megawatthours,2026-01-30 19:00:00,127256.0
2026-01-30T19,MIDA,Mid-Atlantic,DF,Day-ahead demand forecast,121789,megawatthours,2026-01-30 19:00:00,121789.0
2026-01-30T19,MIDA,Mid-Atlantic,NG,Net generation,128849,megawatthours,2026-01-30 19:00:00,128849.0
2026-01-30T19,MIDA,Mid-Atlantic,TI,Total interchange,1269,megawatthours,2026-01-30 19:00:00,1269.0
2026-01-30T18,MIDA,Mid-Atlantic,D,Demand,129683,megawatthours,2026-01-30 18:00:00,129683.0
2026-01-30T18,MIDA,Mid-Atlantic,DF,Day-ahead demand forecast,122750,megawatthours,2026-01-30 18:00:00,122750.0
2026-01-30T18,MIDA,Mid-Atlantic,NG,Net generation,130549,megawatthours,2026-01-30 18:00:00,130549.0
2026-01-30T18,MIDA,Mid-Atlantic,TI,Total interchange,1107,megawatthours,2026-01-30 18:00:00,1107.0
2026-01-30T17,MIDA,Mid-Atlantic,D,Demand,131965,megawatthours,2026-01-30 17:00:00,131965.0
2026-01-30T17,MIDA,Mid-Atlantic,DF,Day-ahead demand forecast,125085,megawatthours,2026-01-30 17:00:00,125085.0
2026-01-30T17,MIDA,Mid-Atlantic,NG,Net generation,135121,megawatthours,2026-01-30 17:00:00,135121.0
2026-01-30T17,MIDA,Mid-Atlantic,TI,Total interchange,830,megawatthours,2026-01-30 17:00:00,830.0
2026-01-30T16,MIDA,Mid-Atlantic,D,Demand,133827,megawatthours,2026-01-30 16:00:00,133827.0
2026-01-30T16,MIDA,Mid-Atlantic,DF,Day-ahead demand forecast,128028,megawatthours,2026-01-30 16:00:00,128028.0
2026-01-30T16,MIDA,Mid-Atlantic,NG,Net generation,138572,megawatthours,2026-01-30 16:00:00,138572.0
2026-01-30T16,MIDA,Mid-Atlantic,TI,Total interchange,945,megawatthours,2026-01-30 16:00:00,945.0
2026-01-30T15,MIDA,Mid-Atlantic,D,Demand,136319,megawatthours,2026-01-30 15:00:00,136319.0
2026-01-30T15,MIDA,Mid-Atlantic,DF,Day-ahead demand forecast,131562,megawatthours,2026-01-30 15:00:00,131562.0
2026-01-30T15,MIDA,Mid-Atlantic,NG,Net generation,141769,megawatthours,2026-01-30 15:00:00,141769.0
2026-01-30T15,MIDA,Mid-Atlantic,TI,Total interchange,1151,megawatthours,2026-01-30 15:00:00,1151.0
2026-01-30T14,MIDA,Mid-Atlantic,D,Demand,138968,megawatthours,2026-01-30 14:00:00,138968.0
2026-01-30T14,MIDA,Mid-Atlantic,DF,Day-ahead demand forecast,136147,megawatthours,2026-01-30 14:00:00,136147.0
2026-01-30T14,MIDA,Mid-Atlantic,NG,Net generation,144084,megawatthours,2026-01-30 14:00:00,144084.0
2026-01-30T14,MIDA,Mid-Atlantic,TI,Total interchange,1319,megawatthours,2026-01-30 14:00:00,1319.0
2026-01-30T13,MIDA,Mid-Atlantic,D,Demand,138862,megawatthours,2026-01-30 13:00:00,138862.0
2026-01-30T13,MIDA,Mid-Atlantic,DF,Day-ahead demand forecast,139345,megawatthours,2026-01-30 13:00:00,139345.0
2026-01-30T13,MIDA,Mid-Atlantic,NG,Net generation,142146,megawatthours,2026-01-30 13:00:00,142146.0
2026-01-30T13,MIDA,Mid-Atlantic,TI,Total interchange,1188,megawatthours,2026-01-30 13:00:00,1188.0
2026-01-30T12,MIDA,Mid-Atlantic,D,Demand,134746,megawatthours,2026-01-30 12:00:00,134746.0
2026-01-30T12,MIDA,Mid-Atlantic,DF,Day-ahead demand forecast,139840,megawatthours,2026-01-30 12:00:00,139840.0
2026-01-30T12,MIDA,Mid-Atlantic,NG,Net generation,138055,megawatthours,2026-01-30 12:00:00,138055.0
2026-01-30T12,MIDA,Mid-Atlantic,TI,Total interchange,1032,megawatthours,2026-01-30 12:00:00,1032.0
2026-01-30T11,MIDA,Mid-Atlantic,D,Demand,128870,megawatthours,2026-01-30 11:00:00,128870.0
2026-01-30T11,MIDA,Mid-Atlantic,DF,Day-ahead demand forecast,135708,megawatthours,2026-01-30 11:00:00,135708.0
2026-01-30T11,MIDA,Mid-Atlantic,NG,Net generation,132686,megawatthours,2026-01-30 11:00:00,132686.0
2026-01-30T11,MIDA,Mid-Atlantic,TI,Total interchange,912,megawatthours,2026-01-30 11:00:00,912.0
2026-01-30T10,MIDA,Mid-Atlantic,D,Demand,124575,megawatthours,2026-01-30 10:00:00,124575.0
2026-01-30T10,MIDA,Mid-Atlantic,DF,Day-ahead demand forecast,130593,megawatthours,2026-01-30 10:00:00,130593.0
2026-01-30T10,MIDA,Mid-Atlantic,NG,Net generation,128176,megawatthours,2026-01-30 10:00:00,128176.0
2026-01-30T10,MIDA,Mid-Atlantic,TI,Total interchange,1101,megawatthours,2026-01-30 10:00:00,1101.0
2026-01-30T09,MIDA,Mid-Atlantic,D,Demand,123620,megawatthours,2026-01-30 09:00:00,123620.0
2026-01-30T09,MIDA,Mid-Atlantic,DF,Day-ahead demand forecast,126679,megawatthours,2026-01-30 09:00:00,126679.0
2026-01-30T09,MIDA,Mid-Atlantic,NG,Net generation,127428,megawatthours,2026-01-30 09:00:00,127428.0
2026-01-30T09,MIDA,Mid-Atlantic,TI,Total interchange,3733,megawatthours,2026-01-30 09:00:00,3733.0
2026-01-30T08,MIDA,Mid-Atlantic,D,Demand,123156,megawatthours,2026-01-30 08:00:00,123156.0
2026-01-30T08,MIDA,Mid-Atlantic,DF,Day-ahead demand forecast,125029,megawatthours,2026-01-30 08:00:00,125029.0
2026-01-30T08,MIDA,Mid-Atlantic,NG,Net generation,127362,megawatthours,2026-01-30 08:00:00,127362.0
2026-01-30T08,MIDA,Mid-Atlantic,TI,Total interchange,3311,megawatthours,2026-01-30 08:00:00,3311.0
2026-01-30T07,MIDA,Mid-Atlantic,D,Demand,123061,megawatthours,2026-01-30 07:00:00,123061.0
2026-01-30T07,MIDA,Mid-Atlantic,DF,Day-ahead demand forecast,124013,megawatthours,2026-01-30 07:00:00,124013.0
2026-01-30T07,MIDA,Mid-Atlantic,NG,Net generation,126395,megawatthours,2026-01-30 07:00:00,126395.0
2026-01-30T07,MIDA,Mid-Atlantic,TI,Total interchange,3679,megawatthours,2026-01-30 07:00:00,3679.0
2026-01-30T06,MIDA,Mid-Atlantic,D,Demand,123735,megawatthours,2026-01-30 06:00:00,123735.0
2026-01-30T06,MIDA,Mid-Atlantic,DF,Day-ahead demand forecast,123675,megawatthours,2026-01-30 06:00:00,123675.0
2026-01-30T06,MIDA,Mid-Atlantic,NG,Net generation,127368,megawatthours,2026-01-30 06:00:00,127368.0
2026-01-30T06,MIDA,Mid-Atlantic,TI,Total interchange,3460,megawatthours,2026-01-30 06:00:00,3460.0
2026-01-30T05,MIDA,Mid-Atlantic,D,Demand,125504,megawatthours,2026-01-30 05:00:00,125504.0
2026-01-30T05,MIDA,Mid-Atlantic,DF,Day-ahead demand forecast,123183,megawatthours,2026-01-30 05:00:00,123183.0
2026-01-30T05,MIDA,Mid-Atlantic,NG,Net generation,129900,megawatthours,2026-01-30 05:00:00,129900.0
2026-01-30T05,MIDA,Mid-Atlantic,TI,Total interchange,968,megawatthours,2026-01-30 05:00:00,968.0
2026-01-30T04,MIDA,Mid-Atlantic,D,Demand,128096,megawatthours,2026-01-30 04:00:00,128096.0
2026-01-30T04,MIDA,Mid-Atlantic,DF,Day-ahead demand forecast,125207,megawatthours,2026-01-30 04:00:00,125207.0
2026-01-30T04,MIDA,Mid-Atlantic,NG,Net generation,132076,megawatthours,2026-01-30 04:00:00,132076.0
2026-01-30T04,MIDA,Mid-Atlantic,TI,Total interchange,824,megawatthours,2026-01-30 04:00:00,824.0
2026-01-30T03,MIDA,Mid-Atlantic,D,Demand,131055,megawatthours,2026-01-30 03:00:00,131055.0
2026-01-30T03,MIDA,Mid-Atlantic,DF,Day-ahead demand forecast,128296,megawatthours,2026-01-30 03:00:00,128296.0
2026-01-30T03,MIDA,Mid-Atlantic,NG,Net generation,135311,megawatthours,2026-01-30 03:00:00,135311.0
2026-01-30T03,MIDA,Mid-Atlantic,TI,Total interchange,1048,megawatthours,2026-01-30 03:00:00,1048.0
2026-01-30T02,MIDA,Mid-Atlantic,D,Demand,133249,megawatthours,2026-01-30 02:00:00,133249.0
2026-01-30T02,MIDA,Mid-Atlantic,DF,Day-ahead demand forecast,131564,megawatthours,2026-01-30 02:00:00,131564.0
2026-01-30T02,MIDA,Mid-Atlantic,NG,Net generation,137266,megawatthours,2026-01-30 02:00:00,137266.0
2026-01-30T02,MIDA,Mid-Atlantic,TI,Total interchange,1528,megawatthours,2026-01-30 02:00:00,1528.0
2026-01-30T01,MIDA,Mid-Atlantic,D,Demand,134168,megawatthours,2026-01-30 01:00:00,134168.0
2026-01-30T01,MIDA,Mid-Atlantic,DF,Day-ahead demand forecast,134442,megawatthours,2026-01-30 01:00:00,134442.0
2026-01-30T01,MIDA,Mid-Atlantic,NG,Net generation,137185,megawatthours,2026-01-30 01:00:00,137185.0
2026-01-30T01,MIDA,Mid-Atlantic,TI,Total interchange,1689,megawatthours,2026-01-30 01:00:00,1689.0
2026-01-30T00,MIDA,Mid-Atlantic,D,Demand,133662,megawatthours,2026-01-30 00:00:00,133662.0
2026-01-30T00,MIDA,Mid-Atlantic,DF,Day-ahead demand forecast,135601,megawatthours,2026-01-30 00:00:00,135601.0
2026-01-30T00,MIDA,Mid-Atlantic,NG,Net generation,136359,megawatthours,2026-01-30 00:00:00,136359.0
2026-01-30T00,MIDA,Mid-Atlantic,TI,Total interchange,1593,megawatthours,2026-01-30 00:00:00,1593.0
2026-01-29T23,MIDA,Mid-Atlantic,D,Demand,130389,megawatthours,2026-01-29 23:00:00,130389.0
2026-01-29T23,MIDA,Mid-Atlantic,DF,Day-ahead demand forecast,135088,megawatthours,2026-01-29 23:00:00,135088.0
2026-01-29T23,MIDA,Mid-Atlantic,NG,Net generation,132940,megawatthours,2026-01-29 23:00:00,132940.0
2026-01-29T23,MIDA,Mid-Atlantic,TI,Total interchange,1676,megawatthours,2026-01-29 23:00:00,1676.0
2026-01-29T22,MIDA,Mid-Atlantic,D,Demand,127216,megawatthours,2026-01-29 22:00:00,127216.0
2026-01-29T22,MIDA,Mid-Atlantic,DF,Day-ahead demand forecast,129612,megawatthours,2026-01-29 22:00:00,129612.0
2026-01-29T22,MIDA,Mid-Atlantic,NG,Net generation,131785,megawatthours,2026-01-29 22:00:00,131785.0
2026-01-29T22,MIDA,Mid-Atlantic,TI,Total interchange,1624,megawatthours,2026-01-29 22:00:00,1624.0
2026-01-29T21,MIDA,Mid-Atlantic,D,Demand,125063,megawatthours,2026-01-29 21:00:00,125063.0
2026-01-29T21,MIDA,Mid-Atlantic,DF,Day-ahead demand forecast,122673,megawatthours,2026-01-29 21:00:00,122673.0
2026-01-29T21,MIDA,Mid-Atlantic,NG,Net generation,130429,megawatthours,2026-01-29 21:00:00,130429.0
2026-01-29T21,MIDA,Mid-Atlantic,TI,Total interchange,1500,megawatthours,2026-01-29 21:00:00,1500.0
2026-01-29T20,MIDA,Mid-Atlantic,D,Demand,125415,megawatthours,2026-01-29 20:00:00,125415.0
2026-01-29T20,MIDA,Mid-Atlantic,DF,Day-ahead demand forecast,118189,megawatthours,2026-01-29 20:00:00,118189.0
2026-01-29T20,MIDA,Mid-Atlantic,NG,Net generation,130551,megawatthours,2026-01-29 20:00:00,130551.0
2026-01-29T20,MIDA,Mid-Atlantic,TI,Total interchange,1409,megawatthours,2026-01-29 20:00:00,1409.0
2026-01-29T19,MIDA,Mid-Atlantic,D,Demand,126996,megawatthours,2026-01-29 19:00:00,126996.0
2026-01-29T19,MIDA,Mid-Atlantic,DF,Day-ahead demand forecast,117053,megawatthours,2026-01-29 19:00:00,117053.0
2026-01-29T19,MIDA,Mid-Atlantic,NG,Net generation,132199,megawatthours,2026-01-29 19:00:00,132199.0
2026-01-29T19,MIDA,Mid-Atlantic,TI,Total interchange,911,megawatthours,2026-01-29 19:00:00,911.0
2026-01-29T18,MIDA,Mid-Atlantic,D,Demand,128683,megawatthours,2026-01-29 18:00:00,128683.0
2026-01-29T18,MIDA,Mid-Atlantic,DF,Day-ahead demand forecast,118086,megawatthours,2026-01-29 18:00:00,118086.0
2026-01-29T18,MIDA,Mid-Atlantic,NG,Net generation,133701,megawatthours,2026-01-29 18:00:00,133701.0
2026-01-29T18,MIDA,Mid-Atlantic,TI,Total interchange,601,megawatthours,2026-01-29 18:00:00,601.0
2026-01-29T17,MIDA,Mid-Atlantic,D,Demand,129848,megawatthours,2026-01-29 17:00:00,129848.0
2026-01-29T17,MIDA,Mid-Atlantic,DF,Day-ahead demand forecast,120587,megawatthours,2026-01-29 17:00:00,120587.0
2026-01-29T17,MIDA,Mid-Atlantic,NG,Net generation,135697,megawatthours,2026-01-29 17:00:00,135697.0
2026-01-29T17,MIDA,Mid-Atlantic,TI,Total interchange,579,megawatthours,2026-01-29 17:00:00,579.0
2026-01-29T16,MIDA,Mid-Atlantic,D,Demand,131310,megawatthours,2026-01-29 16:00:00,131310.0
2026-01-29T16,MIDA,Mid-Atlantic,DF,Day-ahead demand forecast,123768,megawatthours,2026-01-29 16:00:00,123768.0
2026-01-29T16,MIDA,Mid-Atlantic,NG,Net generation,138407,megawatthours,2026-01-29 16:00:00,138407.0
2026-01-29T16,MIDA,Mid-Atlantic,TI,Total interchange,826,megawatthours,2026-01-29 16:00:00,826.0
2026-01-29T15,MIDA,Mid-Atlantic,D,Demand,134829,megawatthours,2026-01-29 15:00:00,134829.0
2026-01-29T15,MIDA,Mid-Atlantic,DF,Day-ahead demand forecast,128350,megawatthours,2026-01-29 15:00:00,128350.0
2026-01-29T15,MIDA,Mid-Atlantic,NG,Net generation,140663,megawatthours,2026-01-29 15:00:00,140663.0
2026-01-29T15,MIDA,Mid-Atlantic,TI,Total interchange,960,megawatthours,2026-01-29 15:00:00,960.0
2026-01-29T14,MIDA,Mid-Atlantic,D,Demand,138792,megawatthours,2026-01-29 14:00:00,138792.0
2026-01-29T14,MIDA,Mid-Atlantic,DF,Day-ahead demand forecast,133942,megawatthours,2026-01-29 14:00:00,133942.0
2026-01-29T14,MIDA,Mid-Atlantic,NG,Net generation,141698,megawatthours,2026-01-29 14:00:00,141698.0
2026-01-29T14,MIDA,Mid-Atlantic,TI,Total interchange,1066,megawatthours,2026-01-29 14:00:00,1066.0
2026-01-29T13,MIDA,Mid-Atlantic,D,Demand,139410,megawatthours,2026-01-29 13:00:00,139410.0
2026-01-29T13,MIDA,Mid-Atlantic,DF,Day-ahead demand forecast,138985,megawatthours,2026-01-29 13:00:00,138985.0
2026-01-29T13,MIDA,Mid-Atlantic,NG,Net generation,140960,megawatthours,2026-01-29 13:00:00,140960.0
2026-01-29T13,MIDA,Mid-Atlantic,TI,Total interchange,880,megawatthours,2026-01-29 13:00:00,880.0
2026-01-29T12,MIDA,Mid-Atlantic,D,Demand,135297,megawatthours,2026-01-29 12:00:00,135297.0
2026-01-29T12,MIDA,Mid-Atlantic,DF,Day-ahead demand forecast,141092,megawatthours,2026-01-29 12:00:00,141092.0
2026-01-29T12,MIDA,Mid-Atlantic,NG,Net generation,138270,megawatthours,2026-01-29 12:00:00,138270.0
2026-01-29T12,MIDA,Mid-Atlantic,TI,Total interchange,994,megawatthours,2026-01-29 12:00:00,994.0
2026-01-29T11,MIDA,Mid-Atlantic,D,Demand,129087,megawatthours,2026-01-29 11:00:00,129087.0
2026-01-29T11,MIDA,Mid-Atlantic,DF,Day-ahead demand forecast,136782,megawatthours,2026-01-29 11:00:00,136782.0
2026-01-29T11,MIDA,Mid-Atlantic,NG,Net generation,131594,megawatthours,2026-01-29 11:00:00,131594.0
2026-01-29T11,MIDA,Mid-Atlantic,TI,Total interchange,816,megawatthours,2026-01-29 11:00:00,816.0
2026-01-29T10,MIDA,Mid-Atlantic,D,Demand,124610,megawatthours,2026-01-29 10:00:00,124610.0
2026-01-29T10,MIDA,Mid-Atlantic,DF,Day-ahead demand forecast,130636,megawatthours,2026-01-29 10:00:00,130636.0
2026-01-29T10,MIDA,Mid-Atlantic,NG,Net generation,126764,megawatthours,2026-01-29 10:00:00,126764.0
2026-01-29T10,MIDA,Mid-Atlantic,TI,Total interchange,705,megawatthours,2026-01-29 10:00:00,705.0
2026-01-29T09,MIDA,Mid-Atlantic,D,Demand,123174,megawatthours,2026-01-29 09:00:00,123174.0
2026-01-29T09,MIDA,Mid-Atlantic,DF,Day-ahead demand forecast,125747,megawatthours,2026-01-29 09:00:00,125747.0
2026-01-29T09,MIDA,Mid-Atlantic,NG,Net generation,125346,megawatthours,2026-01-29 09:00:00,125346.0
2026-01-29T09,MIDA,Mid-Atlantic,TI,Total interchange,2188,megawatthours,2026-01-29 09:00:00,2188.0
2026-01-29T08,MIDA,Mid-Atlantic,D,Demand,122710,megawatthours,2026-01-29 08:00:00,122710.0
2026-01-29T08,MIDA,Mid-Atlantic,DF,Day-ahead demand forecast,123309,megawatthours,2026-01-29 08:00:00,123309.0
2026-01-29T08,MIDA,Mid-Atlantic,NG,Net generation,124770,megawatthours,2026-01-29 08:00:00,124770.0
2026-01-29T08,MIDA,Mid-Atlantic,TI,Total interchange,4,megawatthours,2026-01-29 08:00:00,4.0
2026-01-29T07,MIDA,Mid-Atlantic,D,Demand,122642,megawatthours,2026-01-29 07:00:00,122642.0
2026-01-29T07,MIDA,Mid-Atlantic,DF,Day-ahead demand forecast,121678,megawatthours,2026-01-29 07:00:00,121678.0
2026-01-29T07,MIDA,Mid-Atlantic,NG,Net generation,125160,megawatthours,2026-01-29 07:00:00,125160.0
2026-01-29T07,MIDA,Mid-Atlantic,TI,Total interchange,107,megawatthours,2026-01-29 07:00:00,107.0
2026-01-29T06,MIDA,Mid-Atlantic,D,Demand,123537,megawatthours,2026-01-29 06:00:00,123537.0
2026-01-29T06,MIDA,Mid-Atlantic,DF,Day-ahead demand forecast,121802,megawatthours,2026-01-29 06:00:00,121802.0
2026-01-29T06,MIDA,Mid-Atlantic,NG,Net generation,126750,megawatthours,2026-01-29 06:00:00,126750.0
2026-01-29T06,MIDA,Mid-Atlantic,TI,Total interchange,608,megawatthours,2026-01-29 06:00:00,608.0
2026-01-29T05,MIDA,Mid-Atlantic,D,Demand,125730,megawatthours,2026-01-29 05:00:00,125730.0
2026-01-29T05,MIDA,Mid-Atlantic,DF,Day-ahead demand forecast,122146,megawatthours,2026-01-29 05:00:00,122146.0
2026-01-29T05,MIDA,Mid-Atlantic,NG,Net generation,128707,megawatthours,2026-01-29 05:00:00,128707.0
2026-01-29T05,MIDA,Mid-Atlantic,TI,Total interchange,250,megawatthours,2026-01-29 05:00:00,250.0
2026-01-29T04,MIDA,Mid-Atlantic,D,Demand,128820,megawatthours,2026-01-29 04:00:00,128820.0
2026-01-29T04,MIDA,Mid-Atlantic,DF,Day-ahead demand forecast,125115,megawatthours,2026-01-29 04:00:00,125115.0
2026-01-29T04,MIDA,Mid-Atlantic,NG,Net generation,129522,megawatthours,2026-01-29 04:00:00,129522.0
2026-01-29T04,MIDA,Mid-Atlantic,TI,Total interchange,591,megawatthours,2026-01-29 04:00:00,591.0
2026-01-29T03,MIDA,Mid-Atlantic,D,Demand,131891,megawatthours,2026-01-29 03:00:00,131891.0
2026-01-29T03,MIDA,Mid-Atlantic,DF,Day-ahead demand forecast,128499,megawatthours,2026-01-29 03:00:00,128499.0
2026-01-29T03,MIDA,Mid-Atlantic,NG,Net generation,132692,megawatthours,2026-01-29 03:00:00,132692.0
2026-01-29T03,MIDA,Mid-Atlantic,TI,Total interchange,779,megawatthours,2026-01-29 03:00:00,779.0
2026-01-29T02,MIDA,Mid-Atlantic,D,Demand,133874,megawatthours,2026-01-29 02:00:00,133874.0
2026-01-29T02,MIDA,Mid-Atlantic,DF,Day-ahead demand forecast,131659,megawatthours,2026-01-29 02:00:00,131659.0
2026-01-29T02,MIDA,Mid-Atlantic,NG,Net generation,135172,megawatthours,2026-01-29 02:00:00,135172.0
2026-01-29T02,MIDA,Mid-Atlantic,TI,Total interchange,1087,megawatthours,2026-01-29 02:00:00,1087.0
2026-01-29T01,MIDA,Mid-Atlantic,D,Demand,134716,megawatthours,2026-01-29 01:00:00,134716.0
2026-01-29T01,MIDA,Mid-Atlantic,DF,Day-ahead demand forecast,134175,megawatthours,2026-01-29 01:00:00,134175.0
2026-01-29T01,MIDA,Mid-Atlantic,NG,Net generation,135247,megawatthours,2026-01-29 01:00:00,135247.0
2026-01-29T01,MIDA,Mid-Atlantic,TI,Total interchange,1206,megawatthours,2026-01-29 01:00:00,1206.0
2026-01-29T00,MIDA,Mid-Atlantic,D,Demand,134940,megawatthours,2026-01-29 00:00:00,134940.0
2026-01-29T00,MIDA,Mid-Atlantic,DF,Day-ahead demand forecast,134963,megawatthours,2026-01-29 00:00:00,134963.0
2026-01-29T00,MIDA,Mid-Atlantic,NG,Net generation,134962,megawatthours,2026-01-29 00:00:00,134962.0
2026-01-29T00,MIDA,Mid-Atlantic,TI,Total interchange,1345,megawatthours,2026-01-29 00:00:00,1345.0
2026-01-28T23,MIDA,Mid-Atlantic,D,Demand,132481,megawatthours,2026-01-28 23:00:00,132481.0
2026-01-28T23,MIDA,Mid-Atlantic,DF,Day-ahead demand forecast,134805,megawatthours,2026-01-28 23:00:00,134805.0
2026-01-28T23,MIDA,Mid-Atlantic,NG,Net generation,133343,megawatthours,2026-01-28 23:00:00,133343.0
2026-01-28T23,MIDA,Mid-Atlantic,TI,Total interchange,1136,megawatthours,2026-01-28 23:00:00,1136.0
2026-01-28T22,MIDA,Mid-Atlantic,D,Demand,128496,megawatthours,2026-01-28 22:00:00,128496.0
2026-01-28T22,MIDA,Mid-Atlantic,DF,Day-ahead demand forecast,129695,megawatthours,2026-01-28 22:00:00,129695.0
2026-01-28T22,MIDA,Mid-Atlantic,NG,Net generation,130371,megawatthours,2026-01-28 22:00:00,130371.0
2026-01-28T22,MIDA,Mid-Atlantic,TI,Total interchange,640,megawatthours,2026-01-28 22:00:00,640.0
2026-01-28T21,MIDA,Mid-Atlantic,D,Demand,126674,megawatthours,2026-01-28 21:00:00,126674.0
2026-01-28T21,MIDA,Mid-Atlantic,DF,Day-ahead demand forecast,122755,megawatthours,2026-01-28 21:00:00,122755.0
2026-01-28T21,MIDA,Mid-Atlantic,NG,Net generation,129355,megawatthours,2026-01-28 21:00:00,129355.0
2026-01-28T21,MIDA,Mid-Atlantic,TI,Total interchange,299,megawatthours,2026-01-28 21:00:00,299.0
2026-01-28T20,MIDA,Mid-Atlantic,D,Demand,126574,megawatthours,2026-01-28 20:00:00,126574.0
2026-01-28T20,MIDA,Mid-Atlantic,DF,Day-ahead demand forecast,118118,megawatthours,2026-01-28 20:00:00,118118.0
2026-01-28T20,MIDA,Mid-Atlantic,NG,Net generation,129300,megawatthours,2026-01-28 20:00:00,129300.0
2026-01-28T20,MIDA,Mid-Atlantic,TI,Total interchange,492,megawatthours,2026-01-28 20:00:00,492.0
2026-01-28T19,MIDA,Mid-Atlantic,D,Demand,127284,megawatthours,2026-01-28 19:00:00,127284.0
2026-01-28T19,MIDA,Mid-Atlantic,DF,Day-ahead demand forecast,117483,megawatthours,2026-01-28 19:00:00,117483.0
2026-01-28T19,MIDA,Mid-Atlantic,NG,Net generation,130270,megawatthours,2026-01-28 19:00:00,130270.0
2026-01-28T19,MIDA,Mid-Atlantic,TI,Total interchange,406,megawatthours,2026-01-28 19:00:00,406.0
2026-01-28T18,MIDA,Mid-Atlantic,D,Demand,128219,megawatthours,2026-01-28 18:00:00,128219.0
2026-01-28T18,MIDA,Mid-Atlantic,DF,Day-ahead demand forecast,118450,megawatthours,2026-01-28 18:00:00,118450.0
2026-01-28T18,MIDA,Mid-Atlantic,NG,Net generation,131443,megawatthours,2026-01-28 18:00:00,131443.0
2026-01-28T18,MIDA,Mid-Atlantic,TI,Total interchange,161,megawatthours,2026-01-28 18:00:00,161.0
2026-01-28T17,MIDA,Mid-Atlantic,D,Demand,129942,megawatthours,2026-01-28 17:00:00,129942.0
2026-01-28T17,MIDA,Mid-Atlantic,DF,Day-ahead demand forecast,120523,megawatthours,2026-01-28 17:00:00,120523.0
2026-01-28T17,MIDA,Mid-Atlantic,NG,Net generation,131561,megawatthours,2026-01-28 17:00:00,131561.0
2026-01-28T17,MIDA,Mid-Atlantic,TI,Total interchange,66,megawatthours,2026-01-28 17:00:00,66.0
2026-01-28T16,MIDA,Mid-Atlantic,D,Demand,131804,megawatthours,2026-01-28 16:00:00,131804.0
2026-01-28T16,MIDA,Mid-Atlantic,DF,Day-ahead demand forecast,123527,megawatthours,2026-01-28 16:00:00,123527.0
2026-01-28T16,MIDA,Mid-Atlantic,NG,Net generation,134049,megawatthours,2026-01-28 16:00:00,134049.0
2026-01-28T16,MIDA,Mid-Atlantic,TI,Total interchange,256,megawatthours,2026-01-28 16:00:00,256.0
2026-01-28T15,MIDA,Mid-Atlantic,D,Demand,133652,megawatthours,2026-01-28 15:00:00,133652.0
2026-01-28T15,MIDA,Mid-Atlantic,DF,Day-ahead demand forecast,127247,megawatthours,2026-01-28 15:00:00,127247.0
2026-01-28T15,MIDA,Mid-Atlantic,NG,Net generation,137775,megawatthours,2026-01-28 15:00:00,137775.0
2026-01-28T15,MIDA,Mid-Atlantic,TI,Total interchange,308,megawatthours,2026-01-28 15:00:00,308.0
2026-01-28T14,MIDA,Mid-Atlantic,D,Demand,137058,megawatthours,2026-01-28 14:00:00,137058.0
2026-01-28T14,MIDA,Mid-Atlantic,DF,Day-ahead demand forecast,132452,megawatthours,2026-01-28 14:00:00,132452.0
2026-01-28T14,MIDA,Mid-Atlantic,NG,Net generation,139963,megawatthours,2026-01-28 14:00:00,139963.0
2026-01-28T14,MIDA,Mid-Atlantic,TI,Total interchange,484,megawatthours,2026-01-28 14:00:00,484.0
2026-01-28T13,MIDA,Mid-Atlantic,D,Demand,136871,megawatthours,2026-01-28 13:00:00,136871.0
2026-01-28T13,MIDA,Mid-Atlantic,DF,Day-ahead demand forecast,136930,megawatthours,2026-01-28 13:00:00,136930.0
2026-01-28T13,MIDA,Mid-Atlantic,NG,Net generation,139076,megawatthours,2026-01-28 13:00:00,139076.0
2026-01-28T13,MIDA,Mid-Atlantic,TI,Total interchange,513,megawatthours,2026-01-28 13:00:00,513.0
2026-01-28T12,MIDA,Mid-Atlantic,D,Demand,131937,megawatthours,2026-01-28 12:00:00,131937.0
2026-01-28T12,MIDA,Mid-Atlantic,DF,Day-ahead demand forecast,138422,megawatthours,2026-01-28 12:00:00,138422.0
2026-01-28T12,MIDA,Mid-Atlantic,NG,Net generation,135775,megawatthours,2026-01-28 12:00:00,135775.0
2026-01-28T12,MIDA,Mid-Atlantic,TI,Total interchange,707,megawatthours,2026-01-28 12:00:00,707.0
2026-01-28T11,MIDA,Mid-Atlantic,D,Demand,125673,megawatthours,2026-01-28 11:00:00,125673.0
2026-01-28T11,MIDA,Mid-Atlantic,DF,Day-ahead demand forecast,134194,megawatthours,2026-01-28 11:00:00,134194.0
2026-01-28T11,MIDA,Mid-Atlantic,NG,Net generation,130894,megawatthours,2026-01-28 11:00:00,130894.0
2026-01-28T11,MIDA,Mid-Atlantic,TI,Total interchange,638,megawatthours,2026-01-28 11:00:00,638.0
2026-01-28T10,MIDA,Mid-Atlantic,D,Demand,121385,megawatthours,2026-01-28 10:00:00,121385.0
2026-01-28T10,MIDA,Mid-Atlantic,DF,Day-ahead demand forecast,128194,megawatthours,2026-01-28 10:00:00,128194.0
2026-01-28T10,MIDA,Mid-Atlantic,NG,Net generation,127180,megawatthours,2026-01-28 10:00:00,127180.0
2026-01-28T10,MIDA,Mid-Atlantic,TI,Total interchange,543,megawatthours,2026-01-28 10:00:00,543.0
2026-01-28T09,MIDA,Mid-Atlantic,D,Demand,119704,megawatthours,2026-01-28 09:00:00,119704.0
2026-01-28T09,MIDA,Mid-Atlantic,DF,Day-ahead demand forecast,123506,megawatthours,2026-01-28 09:00:00,123506.0
2026-01-28T09,MIDA,Mid-Atlantic,NG,Net generation,125073,megawatthours,2026-01-28 09:00:00,125073.0
2026-01-28T09,MIDA,Mid-Atlantic,TI,Total interchange,3063,megawatthours,2026-01-28 09:00:00,3063.0
2026-01-28T08,MIDA,Mid-Atlantic,D,Demand,119172,megawatthours,2026-01-28 08:00:00,119172.0
2026-01-28T08,MIDA,Mid-Atlantic,DF,Day-ahead demand forecast,121650,megawatthours,2026-01-28 08:00:00,121650.0
2026-01-28T08,MIDA,Mid-Atlantic,NG,Net generation,124014,megawatthours,2026-01-28 08:00:00,124014.0
2026-01-28T08,MIDA,Mid-Atlantic,TI,Total interchange,2687,megawatthours,2026-01-28 08:00:00,2687.0
2026-01-28T07,MIDA,Mid-Atlantic,D,Demand,120455,megawatthours,2026-01-28 07:00:00,120455.0
2026-01-28T07,MIDA,Mid-Atlantic,DF,Day-ahead demand forecast,120321,megawatthours,2026-01-28 07:00:00,120321.0
2026-01-28T07,MIDA,Mid-Atlantic,NG,Net generation,125318,megawatthours,2026-01-28 07:00:00,125318.0
2026-01-28T07,MIDA,Mid-Atlantic,TI,Total interchange,2791,megawatthours,2026-01-28 07:00:00,2791.0
2026-01-28T06,MIDA,Mid-Atlantic,D,Demand,121435,megawatthours,2026-01-28 06:00:00,121435.0
2026-01-28T06,MIDA,Mid-Atlantic,DF,Day-ahead demand forecast,120817,megawatthours,2026-01-28 06:00:00,120817.0
2026-01-28T06,MIDA,Mid-Atlantic,NG,Net generation,125712,megawatthours,2026-01-28 06:00:00,125712.0
2026-01-28T06,MIDA,Mid-Atlantic,TI,Total interchange,2448,megawatthours,2026-01-28 06:00:00,2448.0
2026-01-28T05,MIDA,Mid-Atlantic,D,Demand,122956,megawatthours,2026-01-28 05:00:00,122956.0
2026-01-28T05,MIDA,Mid-Atlantic,DF,Day-ahead demand forecast,120310,megawatthours,2026-01-28 05:00:00,120310.0
2026-01-28T05,MIDA,Mid-Atlantic,NG,Net generation,126908,megawatthours,2026-01-28 05:00:00,126908.0
2026-01-28T05,MIDA,Mid-Atlantic,TI,Total interchange,514,megawatthours,2026-01-28 05:00:00,514.0
2026-01-28T04,MIDA,Mid-Atlantic,D,Demand,125460,megawatthours,2026-01-28 04:00:00,125460.0
2026-01-28T04,MIDA,Mid-Atlantic,DF,Day-ahead demand forecast,121785,megawatthours,2026-01-28 04:00:00,121785.0
2026-01-28T04,MIDA,Mid-Atlantic,NG,Net generation,128809,megawatthours,2026-01-28 04:00:00,128809.0
2026-01-28T04,MIDA,Mid-Atlantic,TI,Total interchange,615,megawatthours,2026-01-28 04:00:00,615.0
2026-01-28T03,MIDA,Mid-Atlantic,D,Demand,128724,megawatthours,2026-01-28 03:00:00,128724.0
2026-01-28T03,MIDA,Mid-Atlantic,DF,Day-ahead demand forecast,124889,megawatthours,2026-01-28 03:00:00,124889.0
2026-01-28T03,MIDA,Mid-Atlantic,NG,Net generation,132149,megawatthours,2026-01-28 03:00:00,132149.0
2026-01-28T03,MIDA,Mid-Atlantic,TI,Total interchange,740,megawatthours,2026-01-28 03:00:00,740.0
2026-01-28T02,MIDA,Mid-Atlantic,D,Demand,131409,megawatthours,2026-01-28 02:00:00,131409.0
2026-01-28T02,MIDA,Mid-Atlantic,DF,Day-ahead demand forecast,128704,megawatthours,2026-01-28 02:00:00,128704.0
2026-01-28T02,MIDA,Mid-Atlantic,NG,Net generation,134510,megawatthours,2026-01-28 02:00:00,134510.0
2026-01-28T02,MIDA,Mid-Atlantic,TI,Total interchange,1152,megawatthours,2026-01-28 02:00:00,1152.0
2026-01-28T01,MIDA,Mid-Atlantic,D,Demand,132843,megawatthours,2026-01-28 01:00:00,132843.0
2026-01-28T01,MIDA,Mid-Atlantic,DF,Day-ahead demand forecast,131198,megawatthours,2026-01-28 01:00:00,131198.0
2026-01-28T01,MIDA,Mid-Atlantic,NG,Net generation,134702,megawatthours,2026-01-28 01:00:00,134702.0
2026-01-28T01,MIDA,Mid-Atlantic,TI,Total interchange,1238,megawatthours,2026-01-28 01:00:00,1238.0
2026-01-28T00,MIDA,Mid-Atlantic,D,Demand,133426,megawatthours,2026-01-28 00:00:00,133426.0
2026-01-28T00,MIDA,Mid-Atlantic,DF,Day-ahead demand forecast,131852,megawatthours,2026-01-28 00:00:00,131852.0
2026-01-28T00,MIDA,Mid-Atlantic,NG,Net generation,135305,megawatthours,2026-01-28 00:00:00,135305.0
2026-01-28T00,MIDA,Mid-Atlantic,TI,Total interchange,936,megawatthours,2026-01-28 00:00:00,936.0
2026-01-27T23,MIDA,Mid-Atlantic,D,Demand,130839,megawatthours,2026-01-27 23:00:00,130839.0
2026-01-27T23,MIDA,Mid-Atlantic,DF,Day-ahead demand forecast,131844,megawatthours,2026-01-27 23:00:00,131844.0
2026-01-27T23,MIDA,Mid-Atlantic,NG,Net generation,131443,megawatthours,2026-01-27 23:00:00,131443.0
2026-01-27T23,MIDA,Mid-Atlantic,TI,Total interchange,981,megawatthours,2026-01-27 23:00:00,981.0
2026-01-27T22,MIDA,Mid-Atlantic,D,Demand,127571,megawatthours,2026-01-27 22:00:00,127571.0
2026-01-27T22,MIDA,Mid-Atlantic,DF,Day-ahead demand forecast,126721,megawatthours,2026-01-27 22:00:00,126721.0
2026-01-27T22,MIDA,Mid-Atlantic,NG,Net generation,130044,megawatthours,2026-01-27 22:00:00,130044.0
2026-01-27T22,MIDA,Mid-Atlantic,TI,Total interchange,984,megawatthours,2026-01-27 22:00:00,984.0
2026-01-27T21,MIDA,Mid-Atlantic,D,Demand,127778,megawatthours,2026-01-27 21:00:00,127778.0
2026-01-27T21,MIDA,Mid-Atlantic,DF,Day-ahead demand forecast,119002,megawatthours,2026-01-27 21:00:00,119002.0
2026-01-27T21,MIDA,Mid-Atlantic,NG,Net generation,131724,megawatthours,2026-01-27 21:00:00,131724.0
2026-01-27T21,MIDA,Mid-Atlantic,TI,Total interchange,1049,megawatthours,2026-01-27 21:00:00,1049.0
2026-01-27T20,MIDA,Mid-Atlantic,D,Demand,128474,megawatthours,2026-01-27 20:00:00,128474.0
2026-01-27T20,MIDA,Mid-Atlantic,DF,Day-ahead demand forecast,114907,megawatthours,2026-01-27 20:00:00,114907.0
2026-01-27T20,MIDA,Mid-Atlantic,NG,Net generation,131756,megawatthours,2026-01-27 20:00:00,131756.0
2026-01-27T20,MIDA,Mid-Atlantic,TI,Total interchange,974,megawatthours,2026-01-27 20:00:00,974.0
2026-01-27T19,MIDA,Mid-Atlantic,D,Demand,129388,megawatthours,2026-01-27 19:00:00,129388.0
2026-01-27T19,MIDA,Mid-Atlantic,DF,Day-ahead demand forecast,114431,megawatthours,2026-01-27 19:00:00,114431.0
2026-01-27T19,MIDA,Mid-Atlantic,NG,Net generation,132207,megawatthours,2026-01-27 19:00:00,132207.0
2026-01-27T19,MIDA,Mid-Atlantic,TI,Total interchange,843,megawatthours,2026-01-27 19:00:00,843.0
2026-01-27T18,MIDA,Mid-Atlantic,D,Demand,130688,megawatthours,2026-01-27 18:00:00,130688.0
2026-01-27T18,MIDA,Mid-Atlantic,DF,Day-ahead demand forecast,115197,megawatthours,2026-01-27 18:00:00,115197.0
2026-01-27T18,MIDA,Mid-Atlantic,NG,Net generation,133306,megawatthours,2026-01-27 18:00:00,133306.0
2026-01-27T18,MIDA,Mid-Atlantic,TI,Total interchange,873,megawatthours,2026-01-27 18:00:00,873.0
2026-01-27T17,MIDA,Mid-Atlantic,D,Demand,131871,megawatthours,2026-01-27 17:00:00,131871.0
2026-01-27T17,MIDA,Mid-Atlantic,DF,Day-ahead demand forecast,118018,megawatthours,2026-01-27 17:00:00,118018.0
2026-01-27T17,MIDA,Mid-Atlantic,NG,Net generation,135824,megawatthours,2026-01-27 17:00:00,135824.0
2026-01-27T17,MIDA,Mid-Atlantic,TI,Total interchange,713,megawatthours,2026-01-27 17:00:00,713.0
2026-01-27T16,MIDA,Mid-Atlantic,D,Demand,131916,megawatthours,2026-01-27 16:00:00,131916.0
2026-01-27T16,MIDA,Mid-Atlantic,DF,Day-ahead demand forecast,121197,megawatthours,2026-01-27 16:00:00,121197.0
2026-01-27T16,MIDA,Mid-Atlantic,NG,Net generation,137946,megawatthours,2026-01-27 16:00:00,137946.0
2026-01-27T16,MIDA,Mid-Atlantic,TI,Total interchange,765,megawatthours,2026-01-27 16:00:00,765.0
2026-01-27T15,MIDA,Mid-Atlantic,D,Demand,133910,megawatthours,2026-01-27 15:00:00,133910.0
2026-01-27T15,MIDA,Mid-Atlantic,DF,Day-ahead demand forecast,125204,megawatthours,2026-01-27 15:00:00,125204.0
2026-01-27T15,MIDA,Mid-Atlantic,NG,Net generation,139234,megawatthours,2026-01-27 15:00:00,139234.0
2026-01-27T15,MIDA,Mid-Atlantic,TI,Total interchange,734,megawatthours,2026-01-27 15:00:00,734.0
2026-01-27T14,MIDA,Mid-Atlantic,D,Demand,136835,megawatthours,2026-01-27 14:00:00,136835.0
2026-01-27T14,MIDA,Mid-Atlantic,DF,Day-ahead demand forecast,130686,megawatthours,2026-01-27 14:00:00,130686.0
2026-01-27T14,MIDA,Mid-Atlantic,NG,Net generation,141978,megawatthours,2026-01-27 14:00:00,141978.0
2026-01-27T14,MIDA,Mid-Atlantic,TI,Total interchange,801,megawatthours,2026-01-27 14:00:00,801.0
2026-01-27T13,MIDA,Mid-Atlantic,D,Demand,136764,megawatthours,2026-01-27 13:00:00,136764.0
2026-01-27T13,MIDA,Mid-Atlantic,DF,Day-ahead demand forecast,135967,megawatthours,2026-01-27 13:00:00,135967.0
2026-01-27T13,MIDA,Mid-Atlantic,NG,Net generation,140698,megawatthours,2026-01-27 13:00:00,140698.0
2026-01-27T13,MIDA,Mid-Atlantic,TI,Total interchange,1073,megawatthours,2026-01-27 13:00:00,1073.0
2026-01-27T12,MIDA,Mid-Atlantic,D,Demand,132553,megawatthours,2026-01-27 12:00:00,132553.0
2026-01-27T12,MIDA,Mid-Atlantic,DF,Day-ahead demand forecast,138374,megawatthours,2026-01-27 12:00:00,138374.0
2026-01-27T12,MIDA,Mid-Atlantic,NG,Net generation,135020,megawatthours,2026-01-27 12:00:00,135020.0
2026-01-27T12,MIDA,Mid-Atlantic,TI,Total interchange,1155,megawatthours,2026-01-27 12:00:00,1155.0
2026-01-27T11,MIDA,Mid-Atlantic,D,Demand,127549,megawatthours,2026-01-27 11:00:00,127549.0
2026-01-27T11,MIDA,Mid-Atlantic,DF,Day-ahead demand forecast,134728,megawatthours,2026-01-27 11:00:00,134728.0
2026-01-27T11,MIDA,Mid-Atlantic,NG,Net generation,129158,megawatthours,2026-01-27 11:00:00,129158.0
2026-01-27T11,MIDA,Mid-Atlantic,TI,Total interchange,895,megawatthours,2026-01-27 11:00:00,895.0
2026-01-27T10,MIDA,Mid-Atlantic,D,Demand,124002,megawatthours,2026-01-27 10:00:00,124002.0
2026-01-27T10,MIDA,Mid-Atlantic,DF,Day-ahead demand forecast,129233,megawatthours,2026-01-27 10:00:00,129233.0
2026-01-27T10,MIDA,Mid-Atlantic,NG,Net generation,126633,megawatthours,2026-01-27 10:00:00,126633.0
2026-01-27T10,MIDA,Mid-Atlantic,TI,Total interchange,858,megawatthours,2026-01-27 10:00:00,858.0
2026-01-27T09,MIDA,Mid-Atlantic,D,Demand,122807,megawatthours,2026-01-27 09:00:00,122807.0
2026-01-27T09,MIDA,Mid-Atlantic,DF,Day-ahead demand forecast,124420,megawatthours,2026-01-27 09:00:00,124420.0
2026-01-27T09,MIDA,Mid-Atlantic,NG,Net generation,126800,megawatthours,2026-01-27 09:00:00,126800.0
2026-01-27T09,MIDA,Mid-Atlantic,TI,Total interchange,3549,megawatthours,2026-01-27 09:00:00,3549.0
2026-01-27T08,MIDA,Mid-Atlantic,D,Demand,122333,megawatthours,2026-01-27 08:00:00,122333.0
2026-01-27T08,MIDA,Mid-Atlantic,DF,Day-ahead demand forecast,122353,megawatthours,2026-01-27 08:00:00,122353.0
2026-01-27T08,MIDA,Mid-Atlantic,NG,Net generation,127225,megawatthours,2026-01-27 08:00:00,127225.0
2026-01-27T08,MIDA,Mid-Atlantic,TI,Total interchange,4163,megawatthours,2026-01-27 08:00:00,4163.0
2026-01-27T07,MIDA,Mid-Atlantic,D,Demand,122277,megawatthours,2026-01-27 07:00:00,122277.0
2026-01-27T07,MIDA,Mid-Atlantic,DF,Day-ahead demand forecast,121431,megawatthours,2026-01-27 07:00:00,121431.0
2026-01-27T07,MIDA,Mid-Atlantic,NG,Net generation,126396,megawatthours,2026-01-27 07:00:00,126396.0
2026-01-27T07,MIDA,Mid-Atlantic,TI,Total interchange,3945,megawatthours,2026-01-27 07:00:00,3945.0
2026-01-27T06,MIDA,Mid-Atlantic,D,Demand,122930,megawatthours,2026-01-27 06:00:00,122930.0
2026-01-27T06,MIDA,Mid-Atlantic,DF,Day-ahead demand forecast,121609,megawatthours,2026-01-27 06:00:00,121609.0
2026-01-27T06,MIDA,Mid-Atlantic,NG,Net generation,126885,megawatthours,2026-01-27 06:00:00,126885.0
2026-01-27T06,MIDA,Mid-Atlantic,TI,Total interchange,4220,megawatthours,2026-01-27 06:00:00,4220.0
2026-01-27T05,MIDA,Mid-Atlantic,D,Demand,124632,megawatthours,2026-01-27 05:00:00,124632.0
2026-01-27T05,MIDA,Mid-Atlantic,DF,Day-ahead demand forecast,120964,megawatthours,2026-01-27 05:00:00,120964.0
2026-01-27T05,MIDA,Mid-Atlantic,NG,Net generation,128911,megawatthours,2026-01-27 05:00:00,128911.0
2026-01-27T05,MIDA,Mid-Atlantic,TI,Total interchange,1062,megawatthours,2026-01-27 05:00:00,1062.0
2026-01-27T04,MIDA,Mid-Atlantic,D,Demand,126994,megawatthours,2026-01-27 04:00:00,126994.0
2026-01-27T04,MIDA,Mid-Atlantic,DF,Day-ahead demand forecast,123882,megawatthours,2026-01-27 04:00:00,123882.0
2026-01-27T04,MIDA,Mid-Atlantic,NG,Net generation,131701,megawatthours,2026-01-27 04:00:00,131701.0
2026-01-27T04,MIDA,Mid-Atlantic,TI,Total interchange,1319,megawatthours,2026-01-27 04:00:00,1319.0
2026-01-27T03,MIDA,Mid-Atlantic,D,Demand,130280,megawatthours,2026-01-27 03:00:00,130280.0
2026-01-27T03,MIDA,Mid-Atlantic,DF,Day-ahead demand forecast,126593,megawatthours,2026-01-27 03:00:00,126593.0
2026-01-27T03,MIDA,Mid-Atlantic,NG,Net generation,134771,megawatthours,2026-01-27 03:00:00,134771.0
2026-01-27T03,MIDA,Mid-Atlantic,TI,Total interchange,1285,megawatthours,2026-01-27 03:00:00,1285.0
2026-01-27T02,MIDA,Mid-Atlantic,D,Demand,132892,megawatthours,2026-01-27 02:00:00,132892.0
2026-01-27T02,MIDA,Mid-Atlantic,DF,Day-ahead demand forecast,129954,megawatthours,2026-01-27 02:00:00,129954.0
2026-01-27T02,MIDA,Mid-Atlantic,NG,Net generation,137679,megawatthours,2026-01-27 02:00:00,137679.0
2026-01-27T02,MIDA,Mid-Atlantic,TI,Total interchange,1447,megawatthours,2026-01-27 02:00:00,1447.0
2026-01-27T01,MIDA,Mid-Atlantic,D,Demand,134208,megawatthours,2026-01-27 01:00:00,134208.0
2026-01-27T01,MIDA,Mid-Atlantic,DF,Day-ahead demand forecast,131788,megawatthours,2026-01-27 01:00:00,131788.0
2026-01-27T01,MIDA,Mid-Atlantic,NG,Net generation,138470,megawatthours,2026-01-27 01:00:00,138470.0
2026-01-27T01,MIDA,Mid-Atlantic,TI,Total interchange,1585,megawatthours,2026-01-27 01:00:00,1585.0
2026-01-27T00,MIDA,Mid-Atlantic,D,Demand,134566,megawatthours,2026-01-27 00:00:00,134566.0
2026-01-27T00,MIDA,Mid-Atlantic,DF,Day-ahead demand forecast,132049,megawatthours,2026-01-27 00:00:00,132049.0
2026-01-27T00,MIDA,Mid-Atlantic,NG,Net generation,138839,megawatthours,2026-01-27 00:00:00,138839.0
2026-01-27T00,MIDA,Mid-Atlantic,TI,Total interchange,1889,megawatthours,2026-01-27 00:00:00,1889.0
2026-01-26T23,MIDA,Mid-Atlantic,D,Demand,130866,megawatthours,2026-01-26 23:00:00,130866.0
2026-01-26T23,MIDA,Mid-Atlantic,DF,Day-ahead demand forecast,132258,megawatthours,2026-01-26 23:00:00,132258.0
2026-01-26T23,MIDA,Mid-Atlantic,NG,Net generation,134583,megawatthours,2026-01-26 23:00:00,134583.0
2026-01-26T23,MIDA,Mid-Atlantic,TI,Total interchange,1936,megawatthours,2026-01-26 23:00:00,1936.0
2026-01-26T22,MIDA,Mid-Atlantic,D,Demand,124760,megawatthours,2026-01-26 22:00:00,124760.0
2026-01-26T22,MIDA,Mid-Atlantic,DF,Day-ahead demand forecast,128868,megawatthours,2026-01-26 22:00:00,128868.0
2026-01-26T22,MIDA,Mid-Atlantic,NG,Net generation,128646,megawatthours,2026-01-26 22:00:00,128646.0
2026-01-26T22,MIDA,Mid-Atlantic,TI,Total interchange,1881,megawatthours,2026-01-26 22:00:00,1881.0
2026-01-26T21,MIDA,Mid-Atlantic,D,Demand,121600,megawatthours,2026-01-26 21:00:00,121600.0
2026-01-26T21,MIDA,Mid-Atlantic,DF,Day-ahead demand forecast,123069,megawatthours,2026-01-26 21:00:00,123069.0
2026-01-26T21,MIDA,Mid-Atlantic,NG,Net generation,125008,megawatthours,2026-01-26 21:00:00,125008.0
2026-01-26T21,MIDA,Mid-Atlantic,TI,Total interchange,1802,megawatthours,2026-01-26 21:00:00,1802.0
2026-01-26T20,MIDA,Mid-Atlantic,D,Demand,123322,megawatthours,2026-01-26 20:00:00,123322.0
2026-01-26T20,MIDA,Mid-Atlantic,DF,Day-ahead demand forecast,120610,megawatthours,2026-01-26 20:00:00,120610.0
2026-01-26T20,MIDA,Mid-Atlantic,NG,Net generation,127243,megawatthours,2026-01-26 20:00:00,127243.0
2026-01-26T20,MIDA,Mid-Atlantic,TI,Total interchange,1402,megawatthours,2026-01-26 20:00:00,1402.0
2026-01-26T19,MIDA,Mid-Atlantic,D,Demand,124796,megawatthours,2026-01-26 19:00:00,124796.0
2026-01-26T19,MIDA,Mid-Atlantic,DF,Day-ahead demand forecast,119702,megawatthours,2026-01-26 19:00:00,119702.0
2026-01-26T19,MIDA,Mid-Atlantic,NG,Net generation,130109,megawatthours,2026-01-26 19:00:00,130109.0
2026-01-26T19,MIDA,Mid-Atlantic,TI,Total interchange,1111,megawatthours,2026-01-26 19:00:00,1111.0
2026-01-26T18,MIDA,Mid-Atlantic,D,Demand,125275,megawatthours,2026-01-26 18:00:00,125275.0
2026-01-26T18,MIDA,Mid-Atlantic,DF,Day-ahead demand forecast,120952,megawatthours,2026-01-26 18:00:00,120952.0
2026-01-26T18,MIDA,Mid-Atlantic,NG,Net generation,131181,megawatthours,2026-01-26 18:00:00,131181.0
2026-01-26T18,MIDA,Mid-Atlantic,TI,Total interchange,936,megawatthours,2026-01-26 18:00:00,936.0
2026-01-26T17,MIDA,Mid-Atlantic,D,Demand,125159,megawatthours,2026-01-26 17:00:00,125159.0
2026-01-26T17,MIDA,Mid-Atlantic,DF,Day-ahead demand forecast,122624,megawatthours,2026-01-26 17:00:00,122624.0
2026-01-26T17,MIDA,Mid-Atlantic,NG,Net generation,130212,megawatthours,2026-01-26 17:00:00,130212.0
2026-01-26T17,MIDA,Mid-Atlantic,TI,Total interchange,689,megawatthours,2026-01-26 17:00:00,689.0
2026-01-26T16,MIDA,Mid-Atlantic,D,Demand,124578,megawatthours,2026-01-26 16:00:00,124578.0
2026-01-26T16,MIDA,Mid-Atlantic,DF,Day-ahead demand forecast,123996,megawatthours,2026-01-26 16:00:00,123996.0
2026-01-26T16,MIDA,Mid-Atlantic,NG,Net generation,129906,megawatthours,2026-01-26 16:00:00,129906.0
2026-01-26T16,MIDA,Mid-Atlantic,TI,Total interchange,652,megawatthours,2026-01-26 16:00:00,652.0
2026-01-26T15,MIDA,Mid-Atlantic,D,Demand,124444,megawatthours,2026-01-26 15:00:00,124444.0
2026-01-26T15,MIDA,Mid-Atlantic,DF,Day-ahead demand forecast,125479,megawatthours,2026-01-26 15:00:00,125479.0
2026-01-26T15,MIDA,Mid-Atlantic,NG,Net generation,129677,megawatthours,2026-01-26 15:00:00,129677.0
2026-01-26T15,MIDA,Mid-Atlantic,TI,Total interchange,843,megawatthours,2026-01-26 15:00:00,843.0
2026-01-26T14,MIDA,Mid-Atlantic,D,Demand,123603,megawatthours,2026-01-26 14:00:00,123603.0
2026-01-26T14,MIDA,Mid-Atlantic,DF,Day-ahead demand forecast,127106,megawatthours,2026-01-26 14:00:00,127106.0
2026-01-26T14,MIDA,Mid-Atlantic,NG,Net generation,129183,megawatthours,2026-01-26 14:00:00,129183.0
2026-01-26T14,MIDA,Mid-Atlantic,TI,Total interchange,1124,megawatthours,2026-01-26 14:00:00,1124.0
2026-01-26T13,MIDA,Mid-Atlantic,D,Demand,120994,megawatthours,2026-01-26 13:00:00,120994.0
2026-01-26T13,MIDA,Mid-Atlantic,DF,Day-ahead demand forecast,127971,megawatthours,2026-01-26 13:00:00,127971.0
2026-01-26T13,MIDA,Mid-Atlantic,NG,Net generation,127032,megawatthours,2026-01-26 13:00:00,127032.0
2026-01-26T13,MIDA,Mid-Atlantic,TI,Total interchange,962,megawatthours,2026-01-26 13:00:00,962.0
2026-01-26T12,MIDA,Mid-Atlantic,D,Demand,117418,megawatthours,2026-01-26 12:00:00,117418.0
2026-01-26T12,MIDA,Mid-Atlantic,DF,Day-ahead demand forecast,126266,megawatthours,2026-01-26 12:00:00,126266.0
2026-01-26T12,MIDA,Mid-Atlantic,NG,Net generation,123069,megawatthours,2026-01-26 12:00:00,123069.0
2026-01-26T12,MIDA,Mid-Atlantic,TI,Total interchange,1048,megawatthours,2026-01-26 12:00:00,1048.0
2026-01-26T11,MIDA,Mid-Atlantic,D,Demand,114035,megawatthours,2026-01-26 11:00:00,114035.0
2026-01-26T11,MIDA,Mid-Atlantic,DF,Day-ahead demand forecast,121770,megawatthours,2026-01-26 11:00:00,121770.0
2026-01-26T11,MIDA,Mid-Atlantic,NG,Net generation,119831,megawatthours,2026-01-26 11:00:00,119831.0
2026-01-26T11,MIDA,Mid-Atlantic,TI,Total interchange,865,megawatthours,2026-01-26 11:00:00,865.0
2026-01-26T10,MIDA,Mid-Atlantic,D,Demand,112914,megawatthours,2026-01-26 10:00:00,112914.0
2026-01-26T10,MIDA,Mid-Atlantic,DF,Day-ahead demand forecast,116637,megawatthours,2026-01-26 10:00:00,116637.0
2026-01-26T10,MIDA,Mid-Atlantic,NG,Net generation,117836,megawatthours,2026-01-26 10:00:00,117836.0
2026-01-26T10,MIDA,Mid-Atlantic,TI,Total interchange,850,megawatthours,2026-01-26 10:00:00,850.0
2026-01-26T09,MIDA,Mid-Atlantic,D,Demand,112928,megawatthours,2026-01-26 09:00:00,112928.0
2026-01-26T09,MIDA,Mid-Atlantic,DF,Day-ahead demand forecast,112618,megawatthours,2026-01-26 09:00:00,112618.0
2026-01-26T09,MIDA,Mid-Atlantic,NG,Net generation,117979,megawatthours,2026-01-26 09:00:00,117979.0
2026-01-26T09,MIDA,Mid-Atlantic,TI,Total interchange,1741,megawatthours,2026-01-26 09:00:00,1741.0
2026-01-26T08,MIDA,Mid-Atlantic,D,Demand,113086,megawatthours,2026-01-26 08:00:00,113086.0
2026-01-26T08,MIDA,Mid-Atlantic,DF,Day-ahead demand forecast,110480,megawatthours,2026-01-26 08:00:00,110480.0
2026-01-26T08,MIDA,Mid-Atlantic,NG,Net generation,117570,megawatthours,2026-01-26 08:00:00,117570.0
2026-01-26T08,MIDA,Mid-Atlantic,TI,Total interchange,1487,megawatthours,2026-01-26 08:00:00,1487.0
2026-01-26T07,MIDA,Mid-Atlantic,D,Demand,113585,megawatthours,2026-01-26 07:00:00,113585.0
2026-01-26T07,MIDA,Mid-Atlantic,DF,Day-ahead demand forecast,110229,megawatthours,2026-01-26 07:00:00,110229.0
2026-01-26T07,MIDA,Mid-Atlantic,NG,Net generation,118648,megawatthours,2026-01-26 07:00:00,118648.0
2026-01-26T07,MIDA,Mid-Atlantic,TI,Total interchange,330,megawatthours,2026-01-26 07:00:00,330.0
2026-01-26T06,MIDA,Mid-Atlantic,D,Demand,114619,megawatthours,2026-01-26 06:00:00,114619.0
2026-01-26T06,MIDA,Mid-Atlantic,DF,Day-ahead demand forecast,110653,megawatthours,2026-01-26 06:00:00,110653.0
2026-01-26T06,MIDA,Mid-Atlantic,NG,Net generation,118167,megawatthours,2026-01-26 06:00:00,118167.0
2026-01-26T06,MIDA,Mid-Atlantic,TI,Total interchange,1134,megawatthours,2026-01-26 06:00:00,1134.0
2026-01-26T05,MIDA,Mid-Atlantic,D,Demand,116223,megawatthours,2026-01-26 05:00:00,116223.0
2026-01-26T05,MIDA,Mid-Atlantic,DF,Day-ahead demand forecast,109664,megawatthours,2026-01-26 05:00:00,109664.0
2026-01-26T05,MIDA,Mid-Atlantic,NG,Net generation,118866,megawatthours,2026-01-26 05:00:00,118866.0
2026-01-26T05,MIDA,Mid-Atlantic,TI,Total interchange,670,megawatthours,2026-01-26 05:00:00,670.0
2026-01-26T04,MIDA,Mid-Atlantic,D,Demand,118697,megawatthours,2026-01-26 04:00:00,118697.0
2026-01-26T04,MIDA,Mid-Atlantic,DF,Day-ahead demand forecast,112481,megawatthours,2026-01-26 04:00:00,112481.0
2026-01-26T04,MIDA,Mid-Atlantic,NG,Net generation,120876,megawatthours,2026-01-26 04:00:00,120876.0
2026-01-26T04,MIDA,Mid-Atlantic,TI,Total interchange,809,megawatthours,2026-01-26 04:00:00,809.0
2026-01-26T03,MIDA,Mid-Atlantic,D,Demand,121130,megawatthours,2026-01-26 03:00:00,121130.0
2026-01-26T03,MIDA,Mid-Atlantic,DF,Day-ahead demand forecast,115855,megawatthours,2026-01-26 03:00:00,115855.0
2026-01-26T03,MIDA,Mid-Atlantic,NG,Net generation,122107,megawatthours,2026-01-26 03:00:00,122107.0
2026-01-26T03,MIDA,Mid-Atlantic,TI,Total interchange,872,megawatthours,2026-01-26 03:00:00,872.0
2026-01-26T02,MIDA,Mid-Atlantic,D,Demand,124270,megawatthours,2026-01-26 02:00:00,124270.0
2026-01-26T02,MIDA,Mid-Atlantic,DF,Day-ahead demand forecast,120206,megawatthours,2026-01-26 02:00:00,120206.0
2026-01-26T02,MIDA,Mid-Atlantic,NG,Net generation,125992,megawatthours,2026-01-26 02:00:00,125992.0
2026-01-26T02,MIDA,Mid-Atlantic,TI,Total interchange,992,megawatthours,2026-01-26 02:00:00,992.0
2026-01-26T01,MIDA,Mid-Atlantic,D,Demand,126472,megawatthours,2026-01-26 01:00:00,126472.0
2026-01-26T01,MIDA,Mid-Atlantic,DF,Day-ahead demand forecast,123491,megawatthours,2026-01-26 01:00:00,123491.0
2026-01-26T01,MIDA,Mid-Atlantic,NG,Net generation,127757,megawatthours,2026-01-26 01:00:00,127757.0
2026-01-26T01,MIDA,Mid-Atlantic,TI,Total interchange,1274,megawatthours,2026-01-26 01:00:00,1274.0
2026-01-26T00,MIDA,Mid-Atlantic,D,Demand,128398,megawatthours,2026-01-26 00:00:00,128398.0
2026-01-26T00,MIDA,Mid-Atlantic,DF,Day-ahead demand forecast,125292,megawatthours,2026-01-26 00:00:00,125292.0
2026-01-26T00,MIDA,Mid-Atlantic,NG,Net generation,128317,megawatthours,2026-01-26 00:00:00,128317.0
2026-01-26T00,MIDA,Mid-Atlantic,TI,Total interchange,1486,megawatthours,2026-01-26 00:00:00,1486.0
2026-01-25T23,MIDA,Mid-Atlantic,D,Demand,128109,megawatthours,2026-01-25 23:00:00,128109.0
2026-01-25T23,MIDA,Mid-Atlantic,DF,Day-ahead demand forecast,126131,megawatthours,2026-01-25 23:00:00,126131.0
2026-01-25T23,MIDA,Mid-Atlantic,NG,Net generation,126552,megawatthours,2026-01-25 23:00:00,126552.0
2026-01-25T23,MIDA,Mid-Atlantic,TI,Total interchange,1368,megawatthours,2026-01-25 23:00:00,1368.0
2026-01-25T22,MIDA,Mid-Atlantic,D,Demand,126246,megawatthours,2026-01-25 22:00:00,126246.0
2026-01-25T22,MIDA,Mid-Atlantic,DF,Day-ahead demand forecast,125791,megawatthours,2026-01-25 22:00:00,125791.0
2026-01-25T22,MIDA,Mid-Atlantic,NG,Net generation,126510,megawatthours,2026-01-25 22:00:00,126510.0
2026-01-25T22,MIDA,Mid-Atlantic,TI,Total interchange,1242,megawatthours,2026-01-25 22:00:00,1242.0
2026-01-25T21,MIDA,Mid-Atlantic,D,Demand,125325,megawatthours,2026-01-25 21:00:00,125325.0
2026-01-25T21,MIDA,Mid-Atlantic,DF,Day-ahead demand forecast,122644,megawatthours,2026-01-25 21:00:00,122644.0
2026-01-25T21,MIDA,Mid-Atlantic,NG,Net generation,126223,megawatthours,2026-01-25 21:00:00,126223.0
2026-01-25T21,MIDA,Mid-Atlantic,TI,Total interchange,1088,megawatthours,2026-01-25 21:00:00,1088.0
2026-01-25T20,MIDA,Mid-Atlantic,D,Demand,125879,megawatthours,2026-01-25 20:00:00,125879.0
2026-01-25T20,MIDA,Mid-Atlantic,DF,Day-ahead demand forecast,121435,megawatthours,2026-01-25 20:00:00,121435.0
2026-01-25T20,MIDA,Mid-Atlantic,NG,Net generation,125089,megawatthours,2026-01-25 20:00:00,125089.0
2026-01-25T20,MIDA,Mid-Atlantic,TI,Total interchange,1072,megawatthours,2026-01-25 20:00:00,1072.0
2026-01-25T19,MIDA,Mid-Atlantic,D,Demand,127241,megawatthours,2026-01-25 19:00:00,127241.0
2026-01-25T19,MIDA,Mid-Atlantic,DF,Day-ahead demand forecast,120957,megawatthours,2026-01-25 19:00:00,120957.0
2026-01-25T19,MIDA,Mid-Atlantic,NG,Net generation,127016,megawatthours,2026-01-25 19:00:00,127016.0
2026-01-25T19,MIDA,Mid-Atlantic,TI,Total interchange,1017,megawatthours,2026-01-25 19:00:00,1017.0
2026-01-25T18,MIDA,Mid-Atlantic,D,Demand,128347,megawatthours,2026-01-25 18:00:00,128347.0
2026-01-25T18,MIDA,Mid-Atlantic,DF,Day-ahead demand forecast,122055,megawatthours,2026-01-25 18:00:00,122055.0
2026-01-25T18,MIDA,Mid-Atlantic,NG,Net generation,129050,megawatthours,2026-01-25 18:00:00,129050.0
2026-01-25T18,MIDA,Mid-Atlantic,TI,Total interchange,940,megawatthours,2026-01-25 18:00:00,940.0
2026-01-25T17,MIDA,Mid-Atlantic,D,Demand,128459,megawatthours,2026-01-25 17:00:00,128459.0
2026-01-25T17,MIDA,Mid-Atlantic,DF,Day-ahead demand forecast,122868,megawatthours,2026-01-25 17:00:00,122868.0
2026-01-25T17,MIDA,Mid-Atlantic,NG,Net generation,129265,megawatthours,2026-01-25 17:00:00,129265.0
2026-01-25T17,MIDA,Mid-Atlantic,TI,Total interchange,897,megawatthours,2026-01-25 17:00:00,897.0
2026-01-25T16,MIDA,Mid-Atlantic,D,Demand,127890,megawatthours,2026-01-25 16:00:00,127890.0
2026-01-25T16,MIDA,Mid-Atlantic,DF,Day-ahead demand forecast,122838,megawatthours,2026-01-25 16:00:00,122838.0
2026-01-25T16,MIDA,Mid-Atlantic,NG,Net generation,129455,megawatthours,2026-01-25 16:00:00,129455.0
2026-01-25T16,MIDA,Mid-Atlantic,TI,Total interchange,692,megawatthours,2026-01-25 16:00:00,692.0
2026-01-25T15,MIDA,Mid-Atlantic,D,Demand,126463,megawatthours,2026-01-25 15:00:00,126463.0
2026-01-25T15,MIDA,Mid-Atlantic,DF,Day-ahead demand forecast,123621,megawatthours,2026-01-25 15:00:00,123621.0
2026-01-25T15,MIDA,Mid-Atlantic,NG,Net generation,130163,megawatthours,2026-01-25 15:00:00,130163.0
2026-01-25T15,MIDA,Mid-Atlantic,TI,Total interchange,779,megawatthours,2026-01-25 15:00:00,779.0
2026-01-25T14,MIDA,Mid-Atlantic,D,Demand,123953,megawatthours,2026-01-25 14:00:00,123953.0
2026-01-25T14,MIDA,Mid-Atlantic,DF,Day-ahead demand forecast,123412,megawatthours,2026-01-25 14:00:00,123412.0
2026-01-25T14,MIDA,Mid-Atlantic,NG,Net generation,127945,megawatthours,2026-01-25 14:00:00,127945.0
2026-01-25T14,MIDA,Mid-Atlantic,TI,Total interchange,1035,megawatthours,2026-01-25 14:00:00,1035.0
2026-01-25T13,MIDA,Mid-Atlantic,D,Demand,122003,megawatthours,2026-01-25 13:00:00,122003.0
2026-01-25T13,MIDA,Mid-Atlantic,DF,Day-ahead demand forecast,122667,megawatthours,2026-01-25 13:00:00,122667.0
2026-01-25T13,MIDA,Mid-Atlantic,NG,Net generation,125276,megawatthours,2026-01-25 13:00:00,125276.0
2026-01-25T13,MIDA,Mid-Atlantic,TI,Total interchange,1088,megawatthours,2026-01-25 13:00:00,1088.0
2026-01-25T12,MIDA,Mid-Atlantic,D,Demand,121018,megawatthours,2026-01-25 12:00:00,121018.0
2026-01-25T12,MIDA,Mid-Atlantic,DF,Day-ahead demand forecast,120513,megawatthours,2026-01-25 12:00:00,120513.0
2026-01-25T12,MIDA,Mid-Atlantic,NG,Net generation,123069,megawatthours,2026-01-25 12:00:00,123069.0
2026-01-25T12,MIDA,Mid-Atlantic,TI,Total interchange,1014,megawatthours,2026-01-25 12:00:00,1014.0
2026-01-25T11,MIDA,Mid-Atlantic,D,Demand,120288,megawatthours,2026-01-25 11:00:00,120288.0
2026-01-25T11,MIDA,Mid-Atlantic,DF,Day-ahead demand forecast,117858,megawatthours,2026-01-25 11:00:00,117858.0
2026-01-25T11,MIDA,Mid-Atlantic,NG,Net generation,122658,megawatthours,2026-01-25 11:00:00,122658.0
2026-01-25T11,MIDA,Mid-Atlantic,TI,Total interchange,1124,megawatthours,2026-01-25 11:00:00,1124.0
2026-01-25T10,MIDA,Mid-Atlantic,D,Demand,119858,megawatthours,2026-01-25 10:00:00,119858.0
2026-01-25T10,MIDA,Mid-Atlantic,DF,Day-ahead demand forecast,115292,megawatthours,2026-01-25 10:00:00,115292.0
2026-01-25T10,MIDA,Mid-Atlantic,NG,Net generation,122608,megawatthours,2026-01-25 10:00:00,122608.0
2026-01-25T10,MIDA,Mid-Atlantic,TI,Total interchange,889,megawatthours,2026-01-25 10:00:00,889.0
2026-01-25T09,MIDA,Mid-Atlantic,D,Demand,119831,megawatthours,2026-01-25 09:00:00,119831.0
2026-01-25T09,MIDA,Mid-Atlantic,DF,Day-ahead demand forecast,114707,megawatthours,2026-01-25 09:00:00,114707.0
2026-01-25T09,MIDA,Mid-Atlantic,NG,Net generation,123173,megawatthours,2026-01-25 09:00:00,123173.0
2026-01-25T09,MIDA,Mid-Atlantic,TI,Total interchange,-2760,megawatthours,2026-01-25 09:00:00,-2760.0
2026-01-25T08,MIDA,Mid-Atlantic,D,Demand,120328,megawatthours,2026-01-25 08:00:00,120328.0
2026-01-25T08,MIDA,Mid-Atlantic,DF,Day-ahead demand forecast,114325,megawatthours,2026-01-25 08:00:00,114325.0
2026-01-25T08,MIDA,Mid-Atlantic,NG,Net generation,122825,megawatthours,2026-01-25 08:00:00,122825.0
2026-01-25T08,MIDA,Mid-Atlantic,TI,Total interchange,-2698,megawatthours,2026-01-25 08:00:00,-2698.0
2026-01-25T07,MIDA,Mid-Atlantic,D,Demand,121234,megawatthours,2026-01-25 07:00:00,121234.0
2026-01-25T07,MIDA,Mid-Atlantic,DF,Day-ahead demand forecast,115457,megawatthours,2026-01-25 07:00:00,115457.0
2026-01-25T07,MIDA,Mid-Atlantic,NG,Net generation,123692,megawatthours,2026-01-25 07:00:00,123692.0
2026-01-25T07,MIDA,Mid-Atlantic,TI,Total interchange,-2516,megawatthours,2026-01-25 07:00:00,-2516.0
2026-01-25T06,MIDA,Mid-Atlantic,D,Demand,121903,megawatthours,2026-01-25 06:00:00,121903.0
2026-01-25T06,MIDA,Mid-Atlantic,DF,Day-ahead demand forecast,116487,megawatthours,2026-01-25 06:00:00,116487.0
2026-01-25T06,MIDA,Mid-Atlantic,NG,Net generation,125745,megawatthours,2026-01-25 06:00:00,125745.0
2026-01-25T06,MIDA,Mid-Atlantic,TI,Total interchange,-2527,megawatthours,2026-01-25 06:00:00,-2527.0
2026-01-25T05,MIDA,Mid-Atlantic,D,Demand,123079,megawatthours,2026-01-25 05:00:00,123079.0
2026-01-25T05,MIDA,Mid-Atlantic,DF,Day-ahead demand forecast,117488,megawatthours,2026-01-25 05:00:00,117488.0
2026-01-25T05,MIDA,Mid-Atlantic,NG,Net generation,126789,megawatthours,2026-01-25 05:00:00,126789.0
2026-01-25T05,MIDA,Mid-Atlantic,TI,Total interchange,873,megawatthours,2026-01-25 05:00:00,873.0
2026-01-25T04,MIDA,Mid-Atlantic,D,Demand,126064,megawatthours,2026-01-25 04:00:00,126064.0
2026-01-25T04,MIDA,Mid-Atlantic,DF,Day-ahead demand forecast,121933,megawatthours,2026-01-25 04:00:00,121933.0
2026-01-25T04,MIDA,Mid-Atlantic,NG,Net generation,130163,megawatthours,2026-01-25 04:00:00,130163.0
2026-01-25T04,MIDA,Mid-Atlantic,TI,Total interchange,842,megawatthours,2026-01-25 04:00:00,842.0
2026-01-25T03,MIDA,Mid-Atlantic,D,Demand,129356,megawatthours,2026-01-25 03:00:00,129356.0
2026-01-25T03,MIDA,Mid-Atlantic,DF,Day-ahead demand forecast,124558,megawatthours,2026-01-25 03:00:00,124558.0
2026-01-25T03,MIDA,Mid-Atlantic,NG,Net generation,134216,megawatthours,2026-01-25 03:00:00,134216.0
2026-01-25T03,MIDA,Mid-Atlantic,TI,Total interchange,636,megawatthours,2026-01-25 03:00:00,636.0
2026-01-25T02,MIDA,Mid-Atlantic,D,Demand,131785,megawatthours,2026-01-25 02:00:00,131785.0
2026-01-25T02,MIDA,Mid-Atlantic,DF,Day-ahead demand forecast,128008,megawatthours,2026-01-25 02:00:00,128008.0
2026-01-25T02,MIDA,Mid-Atlantic,NG,Net generation,136329,megawatthours,2026-01-25 02:00:00,136329.0
2026-01-25T02,MIDA,Mid-Atlantic,TI,Total interchange,334,megawatthours,2026-01-25 02:00:00,334.0
2026-01-25T01,MIDA,Mid-Atlantic,D,Demand,133809,megawatthours,2026-01-25 01:00:00,133809.0
2026-01-25T01,MIDA,Mid-Atlantic,DF,Day-ahead demand forecast,131136,megawatthours,2026-01-25 01:00:00,131136.0
2026-01-25T01,MIDA,Mid-Atlantic,NG,Net generation,139562,megawatthours,2026-01-25 01:00:00,139562.0
2026-01-25T01,MIDA,Mid-Atlantic,TI,Total interchange,490,megawatthours,2026-01-25 01:00:00,490.0
2026-01-25T00,MIDA,Mid-Atlantic,D,Demand,134928,megawatthours,2026-01-25 00:00:00,134928.0
2026-01-25T00,MIDA,Mid-Atlantic,DF,Day-ahead demand forecast,133368,megawatthours,2026-01-25 00:00:00,133368.0
2026-01-25T00,MIDA,Mid-Atlantic,NG,Net generation,141261,megawatthours,2026-01-25 00:00:00,141261.0
2026-01-25T00,MIDA,Mid-Atlantic,TI,Total interchange,653,megawatthours,2026-01-25 00:00:00,653.0
2026-01-24T23,MIDA,Mid-Atlantic,D,Demand,133653,megawatthours,2026-01-24 23:00:00,133653.0
2026-01-24T23,MIDA,Mid-Atlantic,DF,Day-ahead demand forecast,133953,megawatthours,2026-01-24 23:00:00,133953.0
2026-01-24T23,MIDA,Mid-Atlantic,NG,Net generation,140200,megawatthours,2026-01-24 23:00:00,140200.0
2026-01-24T23,MIDA,Mid-Atlantic,TI,Total interchange,873,megawatthours,2026-01-24 23:00:00,873.0
2026-01-24T22,MIDA,Mid-Atlantic,D,Demand,129655,megawatthours,2026-01-24 22:00:00,129655.0
2026-01-24T22,MIDA,Mid-Atlantic,DF,Day-ahead demand forecast,132343,megawatthours,2026-01-24 22:00:00,132343.0
2026-01-24T22,MIDA,Mid-Atlantic,NG,Net generation,134714,megawatthours,2026-01-24 22:00:00,134714.0
2026-01-24T22,MIDA,Mid-Atlantic,TI,Total interchange,669,megawatthours,2026-01-24 22:00:00,669.0
2026-01-24T21,MIDA,Mid-Atlantic,D,Demand,127122,megawatthours,2026-01-24 21:00:00,127122.0
2026-01-24T21,MIDA,Mid-Atlantic,DF,Day-ahead demand forecast,126430,megawatthours,2026-01-24 21:00:00,126430.0
2026-01-24T21,MIDA,Mid-Atlantic,NG,Net generation,131168,megawatthours,2026-01-24 21:00:00,131168.0
2026-01-24T21,MIDA,Mid-Atlantic,TI,Total interchange,547,megawatthours,2026-01-24 21:00:00,547.0
2026-01-24T20,MIDA,Mid-Atlantic,D,Demand,125521,megawatthours,2026-01-24 20:00:00,125521.0
2026-01-24T20,MIDA,Mid-Atlantic,DF,Day-ahead demand forecast,123722,megawatthours,2026-01-24 20:00:00,123722.0
2026-01-24T20,MIDA,Mid-Atlantic,NG,Net generation,130956,megawatthours,2026-01-24 20:00:00,130956.0
2026-01-24T20,MIDA,Mid-Atlantic,TI,Total interchange,293,megawatthours,2026-01-24 20:00:00,293.0
2026-01-24T19,MIDA,Mid-Atlantic,D,Demand,124756,megawatthours,2026-01-24 19:00:00,124756.0
2026-01-24T19,MIDA,Mid-Atlantic,DF,Day-ahead demand forecast,122648,megawatthours,2026-01-24 19:00:00,122648.0
2026-01-24T19,MIDA,Mid-Atlantic,NG,Net generation,129294,megawatthours,2026-01-24 19:00:00,129294.0
2026-01-24T19,MIDA,Mid-Atlantic,TI,Total interchange,333,megawatthours,2026-01-24 19:00:00,333.0
2026-01-24T18,MIDA,Mid-Atlantic,D,Demand,125796,megawatthours,2026-01-24 18:00:00,125796.0
2026-01-24T18,MIDA,Mid-Atlantic,DF,Day-ahead demand forecast,122883,megawatthours,2026-01-24 18:00:00,122883.0
2026-01-24T18,MIDA,Mid-Atlantic,NG,Net generation,127747,megawatthours,2026-01-24 18:00:00,127747.0
2026-01-24T18,MIDA,Mid-Atlantic,TI,Total interchange,284,megawatthours,2026-01-24 18:00:00,284.0
2026-01-24T17,MIDA,Mid-Atlantic,D,Demand,128178,megawatthours,2026-01-24 17:00:00,128178.0
2026-01-24T17,MIDA,Mid-Atlantic,DF,Day-ahead demand forecast,124664,megawatthours,2026-01-24 17:00:00,124664.0
2026-01-24T17,MIDA,Mid-Atlantic,NG,Net generation,128789,megawatthours,2026-01-24 17:00:00,128789.0
2026-01-24T17,MIDA,Mid-Atlantic,TI,Total interchange,334,megawatthours,2026-01-24 17:00:00,334.0
2026-01-24T16,MIDA,Mid-Atlantic,D,Demand,131384,megawatthours,2026-01-24 16:00:00,131384.0
2026-01-24T16,MIDA,Mid-Atlantic,DF,Day-ahead demand forecast,125939,megawatthours,2026-01-24 16:00:00,125939.0
2026-01-24T16,MIDA,Mid-Atlantic,NG,Net generation,133989,megawatthours,2026-01-24 16:00:00,133989.0
2026-01-24T16,MIDA,Mid-Atlantic,TI,Total interchange,281,megawatthours,2026-01-24 16:00:00,281.0
2026-01-24T15,MIDA,Mid-Atlantic,D,Demand,132880,megawatthours,2026-01-24 15:00:00,132880.0
2026-01-24T15,MIDA,Mid-Atlantic,DF,Day-ahead demand forecast,127530,megawatthours,2026-01-24 15:00:00,127530.0
2026-01-24T15,MIDA,Mid-Atlantic,NG,Net generation,136990,megawatthours,2026-01-24 15:00:00,136990.0
2026-01-24T15,MIDA,Mid-Atlantic,TI,Total interchange,697,megawatthours,2026-01-24 15:00:00,697.0
2026-01-24T14,MIDA,Mid-Atlantic,D,Demand,132707,megawatthours,2026-01-24 14:00:00,132707.0
2026-01-24T14,MIDA,Mid-Atlantic,DF,Day-ahead demand forecast,129343,megawatthours,2026-01-24 14:00:00,129343.0
2026-01-24T14,MIDA,Mid-Atlantic,NG,Net generation,136644,megawatthours,2026-01-24 14:00:00,136644.0
2026-01-24T14,MIDA,Mid-Atlantic,TI,Total interchange,705,megawatthours,2026-01-24 14:00:00,705.0
2026-01-24T13,MIDA,Mid-Atlantic,D,Demand,130816,megawatthours,2026-01-24 13:00:00,130816.0
2026-01-24T13,MIDA,Mid-Atlantic,DF,Day-ahead demand forecast,131697,megawatthours,2026-01-24 13:00:00,131697.0
2026-01-24T13,MIDA,Mid-Atlantic,NG,Net generation,134880,megawatthours,2026-01-24 13:00:00,134880.0
2026-01-24T13,MIDA,Mid-Atlantic,TI,Total interchange,863,megawatthours,2026-01-24 13:00:00,863.0
2026-01-24T12,MIDA,Mid-Atlantic,D,Demand,127430,megawatthours,2026-01-24 12:00:00,127430.0
2026-01-24T12,MIDA,Mid-Atlantic,DF,Day-ahead demand forecast,130433,megawatthours,2026-01-24 12:00:00,130433.0
2026-01-24T12,MIDA,Mid-Atlantic,NG,Net generation,132607,megawatthours,2026-01-24 12:00:00,132607.0
2026-01-24T12,MIDA,Mid-Atlantic,TI,Total interchange,629,megawatthours,2026-01-24 12:00:00,629.0
2026-01-24T11,MIDA,Mid-Atlantic,D,Demand,124272,megawatthours,2026-01-24 11:00:00,124272.0
2026-01-24T11,MIDA,Mid-Atlantic,DF,Day-ahead demand forecast,126462,megawatthours,2026-01-24 11:00:00,126462.0
2026-01-24T11,MIDA,Mid-Atlantic,NG,Net generation,129797,megawatthours,2026-01-24 11:00:00,129797.0
2026-01-24T11,MIDA,Mid-Atlantic,TI,Total interchange,593,megawatthours,2026-01-24 11:00:00,593.0
2026-01-24T10,MIDA,Mid-Atlantic,D,Demand,121409,megawatthours,2026-01-24 10:00:00,121409.0
2026-01-24T10,MIDA,Mid-Atlantic,DF,Day-ahead demand forecast,121372,megawatthours,2026-01-24 10:00:00,121372.0
2026-01-24T10,MIDA,Mid-Atlantic,NG,Net generation,125395,megawatthours,2026-01-24 10:00:00,125395.0
2026-01-24T10,MIDA,Mid-Atlantic,TI,Total interchange,711,megawatthours,2026-01-24 10:00:00,711.0
2026-01-24T09,MIDA,Mid-Atlantic,D,Demand,120224,megawatthours,2026-01-24 09:00:00,120224.0
2026-01-24T09,MIDA,Mid-Atlantic,DF,Day-ahead demand forecast,118059,megawatthours,2026-01-24 09:00:00,118059.0
2026-01-24T09,MIDA,Mid-Atlantic,NG,Net generation,124319,megawatthours,2026-01-24 09:00:00,124319.0
2026-01-24T09,MIDA,Mid-Atlantic,TI,Total interchange,-1793,megawatthours,2026-01-24 09:00:00,-1793.0
2026-01-24T08,MIDA,Mid-Atlantic,D,Demand,119852,megawatthours,2026-01-24 08:00:00,119852.0
2026-01-24T08,MIDA,Mid-Atlantic,DF,Day-ahead demand forecast,115393,megawatthours,2026-01-24 08:00:00,115393.0
2026-01-24T08,MIDA,Mid-Atlantic,NG,Net generation,123890,megawatthours,2026-01-24 08:00:00,123890.0
2026-01-24T08,MIDA,Mid-Atlantic,TI,Total interchange,-1616,megawatthours,2026-01-24 08:00:00,-1616.0
2026-01-24T07,MIDA,Mid-Atlantic,D,Demand,119765,megawatthours,2026-01-24 07:00:00,119765.0
2026-01-24T07,MIDA,Mid-Atlantic,DF,Day-ahead demand forecast,114681,megawatthours,2026-01-24 07:00:00,114681.0
2026-01-24T07,MIDA,Mid-Atlantic,NG,Net generation,125046,megawatthours,2026-01-24 07:00:00,125046.0
2026-01-24T07,MIDA,Mid-Atlantic,TI,Total interchange,-1603,megawatthours,2026-01-24 07:00:00,-1603.0
2026-01-24T06,MIDA,Mid-Atlantic,D,Demand,119938,megawatthours,2026-01-24 06:00:00,119938.0
2026-01-24T06,MIDA,Mid-Atlantic,DF,Day-ahead demand forecast,113384,megawatthours,2026-01-24 06:00:00,113384.0
2026-01-24T06,MIDA,Mid-Atlantic,NG,Net generation,124783,megawatthours,2026-01-24 06:00:00,124783.0
2026-01-24T06,MIDA,Mid-Atlantic,TI,Total interchange,-1080,megawatthours,2026-01-24 06:00:00,-1080.0
2026-01-24T05,MIDA,Mid-Atlantic,D,Demand,120603,megawatthours,2026-01-24 05:00:00,120603.0
2026-01-24T05,MIDA,Mid-Atlantic,DF,Day-ahead demand forecast,114407,megawatthours,2026-01-24 05:00:00,114407.0
2026-01-24T05,MIDA,Mid-Atlantic,NG,Net generation,125804,megawatthours,2026-01-24 05:00:00,125804.0
2026-01-24T05,MIDA,Mid-Atlantic,TI,Total interchange,1234,megawatthours,2026-01-24 05:00:00,1234.0
2026-01-24T04,MIDA,Mid-Atlantic,D,Demand,121778,megawatthours,2026-01-24 04:00:00,121778.0
2026-01-24T04,MIDA,Mid-Atlantic,DF,Day-ahead demand forecast,117866,megawatthours,2026-01-24 04:00:00,117866.0
2026-01-24T04,MIDA,Mid-Atlantic,NG,Net generation,127430,megawatthours,2026-01-24 04:00:00,127430.0
2026-01-24T04,MIDA,Mid-Atlantic,TI,Total interchange,1234,megawatthours,2026-01-24 04:00:00,1234.0
2026-01-24T03,MIDA,Mid-Atlantic,D,Demand,123048,megawatthours,2026-01-24 03:00:00,123048.0
2026-01-24T03,MIDA,Mid-Atlantic,DF,Day-ahead demand forecast,120479,megawatthours,2026-01-24 03:00:00,120479.0
2026-01-24T03,MIDA,Mid-Atlantic,NG,Net generation,128705,megawatthours,2026-01-24 03:00:00,128705.0
2026-01-24T03,MIDA,Mid-Atlantic,TI,Total interchange,1248,megawatthours,2026-01-24 03:00:00,1248.0
2026-01-24T02,MIDA,Mid-Atlantic,D,Demand,123392,megawatthours,2026-01-24 02:00:00,123392.0
2026-01-24T02,MIDA,Mid-Atlantic,DF,Day-ahead demand forecast,122619,megawatthours,2026-01-24 02:00:00,122619.0
2026-01-24T02,MIDA,Mid-Atlantic,NG,Net generation,129082,megawatthours,2026-01-24 02:00:00,129082.0
2026-01-24T02,MIDA,Mid-Atlantic,TI,Total interchange,1555,megawatthours,2026-01-24 02:00:00,1555.0
2026-01-24T01,MIDA,Mid-Atlantic,D,Demand,122835,megawatthours,2026-01-24 01:00:00,122835.0
2026-01-24T01,MIDA,Mid-Atlantic,DF,Day-ahead demand forecast,123467,megawatthours,2026-01-24 01:00:00,123467.0
2026-01-24T01,MIDA,Mid-Atlantic,NG,Net generation,129369,megawatthours,2026-01-24 01:00:00,129369.0
2026-01-24T01,MIDA,Mid-Atlantic,TI,Total interchange,1576,megawatthours,2026-01-24 01:00:00,1576.0
2026-01-24T00,MIDA,Mid-Atlantic,D,Demand,121882,megawatthours,2026-01-24 00:00:00,121882.0
2026-01-24T00,MIDA,Mid-Atlantic,DF,Day-ahead demand forecast,123664,megawatthours,2026-01-24 00:00:00,123664.0
2026-01-24T00,MIDA,Mid-Atlantic,NG,Net generation,128125,megawatthours,2026-01-24 00:00:00,128125.0
2026-01-24T00,MIDA,Mid-Atlantic,TI,Total interchange,1319,megawatthours,2026-01-24 00:00:00,1319.0
2026-01-23T23,MIDA,Mid-Atlantic,D,Demand,118330,megawatthours,2026-01-23 23:00:00,118330.0
2026-01-23T23,MIDA,Mid-Atlantic,DF,Day-ahead demand forecast,123183,megawatthours,2026-01-23 23:00:00,123183.0
2026-01-23T23,MIDA,Mid-Atlantic,NG,Net generation,124547,megawatthours,2026-01-23 23:00:00,124547.0
2026-01-23T23,MIDA,Mid-Atlantic,TI,Total interchange,1401,megawatthours,2026-01-23 23:00:00,1401.0
2026-01-23T22,MIDA,Mid-Atlantic,D,Demand,112882,megawatthours,2026-01-23 22:00:00,112882.0
2026-01-23T22,MIDA,Mid-Atlantic,DF,Day-ahead demand forecast,119737,megawatthours,2026-01-23 22:00:00,119737.0
2026-01-23T22,MIDA,Mid-Atlantic,NG,Net generation,119145,megawatthours,2026-01-23 22:00:00,119145.0
2026-01-23T22,MIDA,Mid-Atlantic,TI,Total interchange,1345,megawatthours,2026-01-23 22:00:00,1345.0
2026-01-23T21,MIDA,Mid-Atlantic,D,Demand,110005,megawatthours,2026-01-23 21:00:00,110005.0
2026-01-23T21,MIDA,Mid-Atlantic,DF,Day-ahead demand forecast,113104,megawatthours,2026-01-23 21:00:00,113104.0
2026-01-23T21,MIDA,Mid-Atlantic,NG,Net generation,116740,megawatthours,2026-01-23 21:00:00,116740.0
2026-01-23T21,MIDA,Mid-Atlantic,TI,Total interchange,1487,megawatthours,2026-01-23 21:00:00,1487.0
2026-01-23T20,MIDA,Mid-Atlantic,D,Demand,110206,megawatthours,2026-01-23 20:00:00,110206.0
2026-01-23T20,MIDA,Mid-Atlantic,DF,Day-ahead demand forecast,108967,megawatthours,2026-01-23 20:00:00,108967.0
2026-01-23T20,MIDA,Mid-Atlantic,NG,Net generation,116529,megawatthours,2026-01-23 20:00:00,116529.0
2026-01-23T20,MIDA,Mid-Atlantic,TI,Total interchange,1460,megawatthours,2026-01-23 20:00:00,1460.0
2026-01-23T19,MIDA,Mid-Atlantic,D,Demand,111135,megawatthours,2026-01-23 19:00:00,111135.0
2026-01-23T19,MIDA,Mid-Atlantic,DF,Day-ahead demand forecast,107798,megawatthours,2026-01-23 19:00:00,107798.0
2026-01-23T19,MIDA,Mid-Atlantic,NG,Net generation,117654,megawatthours,2026-01-23 19:00:00,117654.0
2026-01-23T19,MIDA,Mid-Atlantic,TI,Total interchange,1471,megawatthours,2026-01-23 19:00:00,1471.0
2026-01-23T18,MIDA,Mid-Atlantic,D,Demand,112111,megawatthours,2026-01-23 18:00:00,112111.0
2026-01-23T18,MIDA,Mid-Atlantic,DF,Day-ahead demand forecast,108239,megawatthours,2026-01-23 18:00:00,108239.0
2026-01-23T18,MIDA,Mid-Atlantic,NG,Net generation,117462,megawatthours,2026-01-23 18:00:00,117462.0
2026-01-23T18,MIDA,Mid-Atlantic,TI,Total interchange,1139,megawatthours,2026-01-23 18:00:00,1139.0
2026-01-23T17,MIDA,Mid-Atlantic,D,Demand,113561,megawatthours,2026-01-23 17:00:00,113561.0
2026-01-23T17,MIDA,Mid-Atlantic,DF,Day-ahead demand forecast,109453,megawatthours,2026-01-23 17:00:00,109453.0
2026-01-23T17,MIDA,Mid-Atlantic,NG,Net generation,118750,megawatthours,2026-01-23 17:00:00,118750.0
2026-01-23T17,MIDA,Mid-Atlantic,TI,Total interchange,1014,megawatthours,2026-01-23 17:00:00,1014.0
2026-01-23T16,MIDA,Mid-Atlantic,D,Demand,115767,megawatthours,2026-01-23 16:00:00,115767.0
2026-01-23T16,MIDA,Mid-Atlantic,DF,Day-ahead demand forecast,111598,megawatthours,2026-01-23 16:00:00,111598.0
2026-01-23T16,MIDA,Mid-Atlantic,NG,Net generation,121319,megawatthours,2026-01-23 16:00:00,121319.0
2026-01-23T16,MIDA,Mid-Atlantic,TI,Total interchange,1227,megawatthours,2026-01-23 16:00:00,1227.0
2026-01-23T15,MIDA,Mid-Atlantic,D,Demand,118506,megawatthours,2026-01-23 15:00:00,118506.0
2026-01-23T15,MIDA,Mid-Atlantic,DF,Day-ahead demand forecast,113933,megawatthours,2026-01-23 15:00:00,113933.0
2026-01-23T15,MIDA,Mid-Atlantic,NG,Net generation,123244,megawatthours,2026-01-23 15:00:00,123244.0
2026-01-23T15,MIDA,Mid-Atlantic,TI,Total interchange,1205,megawatthours,2026-01-23 15:00:00,1205.0
2026-01-23T14,MIDA,Mid-Atlantic,D,Demand,121143,megawatthours,2026-01-23 14:00:00,121143.0
2026-01-23T14,MIDA,Mid-Atlantic,DF,Day-ahead demand forecast,117297,megawatthours,2026-01-23 14:00:00,117297.0
2026-01-23T14,MIDA,Mid-Atlantic,NG,Net generation,125060,megawatthours,2026-01-23 14:00:00,125060.0
2026-01-23T14,MIDA,Mid-Atlantic,TI,Total interchange,1230,megawatthours,2026-01-23 14:00:00,1230.0
2026-01-23T13,MIDA,Mid-Atlantic,D,Demand,120954,megawatthours,2026-01-23 13:00:00,120954.0
2026-01-23T13,MIDA,Mid-Atlantic,DF,Day-ahead demand forecast,120309,megawatthours,2026-01-23 13:00:00,120309.0
2026-01-23T13,MIDA,Mid-Atlantic,NG,Net generation,123847,megawatthours,2026-01-23 13:00:00,123847.0
2026-01-23T13,MIDA,Mid-Atlantic,TI,Total interchange,1239,megawatthours,2026-01-23 13:00:00,1239.0
2026-01-23T12,MIDA,Mid-Atlantic,D,Demand,116038,megawatthours,2026-01-23 12:00:00,116038.0
2026-01-23T12,MIDA,Mid-Atlantic,DF,Day-ahead demand forecast,120261,megawatthours,2026-01-23 12:00:00,120261.0
2026-01-23T12,MIDA,Mid-Atlantic,NG,Net generation,119988,megawatthours,2026-01-23 12:00:00,119988.0
2026-01-23T12,MIDA,Mid-Atlantic,TI,Total interchange,1251,megawatthours,2026-01-23 12:00:00,1251.0
2026-01-23T11,MIDA,Mid-Atlantic,D,Demand,110175,megawatthours,2026-01-23 11:00:00,110175.0
2026-01-23T11,MIDA,Mid-Atlantic,DF,Day-ahead demand forecast,115087,megawatthours,2026-01-23 11:00:00,115087.0
2026-01-23T11,MIDA,Mid-Atlantic,NG,Net generation,114358,megawatthours,2026-01-23 11:00:00,114358.0
2026-01-23T11,MIDA,Mid-Atlantic,TI,Total interchange,1263,megawatthours,2026-01-23 11:00:00,1263.0
2026-01-23T10,MIDA,Mid-Atlantic,D,Demand,105790,megawatthours,2026-01-23 10:00:00,105790.0
2026-01-23T10,MIDA,Mid-Atlantic,DF,Day-ahead demand forecast,108022,megawatthours,2026-01-23 10:00:00,108022.0
2026-01-23T10,MIDA,Mid-Atlantic,NG,Net generation,110177,megawatthours,2026-01-23 10:00:00,110177.0
2026-01-23T10,MIDA,Mid-Atlantic,TI,Total interchange,1250,megawatthours,2026-01-23 10:00:00,1250.0
2026-01-23T09,MIDA,Mid-Atlantic,D,Demand,103594,megawatthours,2026-01-23 09:00:00,103594.0
2026-01-23T09,MIDA,Mid-Atlantic,DF,Day-ahead demand forecast,102917,megawatthours,2026-01-23 09:00:00,102917.0
2026-01-23T09,MIDA,Mid-Atlantic,NG,Net generation,108367,megawatthours,2026-01-23 09:00:00,108367.0
2026-01-23T09,MIDA,Mid-Atlantic,TI,Total interchange,4854,megawatthours,2026-01-23 09:00:00,4854.0
2026-01-23T08,MIDA,Mid-Atlantic,D,Demand,102882,megawatthours,2026-01-23 08:00:00,102882.0
2026-01-23T08,MIDA,Mid-Atlantic,DF,Day-ahead demand forecast,100689,megawatthours,2026-01-23 08:00:00,100689.0
2026-01-23T08,MIDA,Mid-Atlantic,NG,Net generation,107678,megawatthours,2026-01-23 08:00:00,107678.0
2026-01-23T08,MIDA,Mid-Atlantic,TI,Total interchange,4482,megawatthours,2026-01-23 08:00:00,4482.0
2026-01-23T07,MIDA,Mid-Atlantic,D,Demand,102782,megawatthours,2026-01-23 07:00:00,102782.0
2026-01-23T07,MIDA,Mid-Atlantic,DF,Day-ahead demand forecast,99660,megawatthours,2026-01-23 07:00:00,99660.0
2026-01-23T07,MIDA,Mid-Atlantic,NG,Net generation,108028,megawatthours,2026-01-23 07:00:00,108028.0
2026-01-23T07,MIDA,Mid-Atlantic,TI,Total interchange,3134,megawatthours,2026-01-23 07:00:00,3134.0
2026-01-23T06,MIDA,Mid-Atlantic,D,Demand,103480,megawatthours,2026-01-23 06:00:00,103480.0
2026-01-23T06,MIDA,Mid-Atlantic,DF,Day-ahead demand forecast,99801,megawatthours,2026-01-23 06:00:00,99801.0
2026-01-23T06,MIDA,Mid-Atlantic,NG,Net generation,108919,megawatthours,2026-01-23 06:00:00,108919.0
2026-01-23T06,MIDA,Mid-Atlantic,TI,Total interchange,3713,megawatthours,2026-01-23 06:00:00,3713.0
2026-01-23T05,MIDA,Mid-Atlantic,D,Demand,105582,megawatthours,2026-01-23 05:00:00,105582.0
2026-01-23T05,MIDA,Mid-Atlantic,DF,Day-ahead demand forecast,102688,megawatthours,2026-01-23 05:00:00,102688.0
2026-01-23T05,MIDA,Mid-Atlantic,NG,Net generation,111150,megawatthours,2026-01-23 05:00:00,111150.0
2026-01-23T05,MIDA,Mid-Atlantic,TI,Total interchange,1561,megawatthours,2026-01-23 05:00:00,1561.0
2026-01-23T04,MIDA,Mid-Atlantic,D,Demand,107752,megawatthours,2026-01-23 04:00:00,107752.0
2026-01-23T04,MIDA,Mid-Atlantic,DF,Day-ahead demand forecast,104986,megawatthours,2026-01-23 04:00:00,104986.0
2026-01-23T04,MIDA,Mid-Atlantic,NG,Net generation,112872,megawatthours,2026-01-23 04:00:00,112872.0
2026-01-23T04,MIDA,Mid-Atlantic,TI,Total interchange,1449,megawatthours,2026-01-23 04:00:00,1449.0
2026-01-23T03,MIDA,Mid-Atlantic,D,Demand,110561,megawatthours,2026-01-23 03:00:00,110561.0
2026-01-23T03,MIDA,Mid-Atlantic,DF,Day-ahead demand forecast,108264,megawatthours,2026-01-23 03:00:00,108264.0
2026-01-23T03,MIDA,Mid-Atlantic,NG,Net generation,114339,megawatthours,2026-01-23 03:00:00,114339.0
2026-01-23T03,MIDA,Mid-Atlantic,TI,Total interchange,1497,megawatthours,2026-01-23 03:00:00,1497.0
2026-01-23T02,MIDA,Mid-Atlantic,D,Demand,112586,megawatthours,2026-01-23 02:00:00,112586.0
2026-01-23T02,MIDA,Mid-Atlantic,DF,Day-ahead demand forecast,111492,megawatthours,2026-01-23 02:00:00,111492.0
2026-01-23T02,MIDA,Mid-Atlantic,NG,Net generation,116908,megawatthours,2026-01-23 02:00:00,116908.0
2026-01-23T02,MIDA,Mid-Atlantic,TI,Total interchange,1591,megawatthours,2026-01-23 02:00:00,1591.0
2026-01-23T01,MIDA,Mid-Atlantic,D,Demand,112877,megawatthours,2026-01-23 01:00:00,112877.0
2026-01-23T01,MIDA,Mid-Atlantic,DF,Day-ahead demand forecast,113728,megawatthours,2026-01-23 01:00:00,113728.0
2026-01-23T01,MIDA,Mid-Atlantic,NG,Net generation,117147,megawatthours,2026-01-23 01:00:00,117147.0
2026-01-23T01,MIDA,Mid-Atlantic,TI,Total interchange,1468,megawatthours,2026-01-23 01:00:00,1468.0
2026-01-23T00,MIDA,Mid-Atlantic,D,Demand,112407,megawatthours,2026-01-23 00:00:00,112407.0
2026-01-23T00,MIDA,Mid-Atlantic,DF,Day-ahead demand forecast,114589,megawatthours,2026-01-23 00:00:00,114589.0
2026-01-23T00,MIDA,Mid-Atlantic,NG,Net generation,116471,megawatthours,2026-01-23 00:00:00,116471.0
2026-01-23T00,MIDA,Mid-Atlantic,TI,Total interchange,1558,megawatthours,2026-01-23 00:00:00,1558.0
2026-01-22T23,MIDA,Mid-Atlantic,D,Demand,109271,megawatthours,2026-01-22 23:00:00,109271.0
2026-01-22T23,MIDA,Mid-Atlantic,DF,Day-ahead demand forecast,114713,megawatthours,2026-01-22 23:00:00,114713.0
2026-01-22T23,MIDA,Mid-Atlantic,NG,Net generation,112668,megawatthours,2026-01-22 23:00:00,112668.0
2026-01-22T23,MIDA,Mid-Atlantic,TI,Total interchange,1749,megawatthours,2026-01-22 23:00:00,1749.0
2026-01-22T22,MIDA,Mid-Atlantic,D,Demand,105215,megawatthours,2026-01-22 22:00:00,105215.0
2026-01-22T22,MIDA,Mid-Atlantic,DF,Day-ahead demand forecast,112233,megawatthours,2026-01-22 22:00:00,112233.0
2026-01-22T22,MIDA,Mid-Atlantic,NG,Net generation,108534,megawatthours,2026-01-22 22:00:00,108534.0
2026-01-22T22,MIDA,Mid-Atlantic,TI,Total interchange,1642,megawatthours,2026-01-22 22:00:00,1642.0
2026-01-22T21,MIDA,Mid-Atlantic,D,Demand,104142,megawatthours,2026-01-22 21:00:00,104142.0
2026-01-22T21,MIDA,Mid-Atlantic,DF,Day-ahead demand forecast,107043,megawatthours,2026-01-22 21:00:00,107043.0
2026-01-22T21,MIDA,Mid-Atlantic,NG,Net generation,107440,megawatthours,2026-01-22 21:00:00,107440.0
2026-01-22T21,MIDA,Mid-Atlantic,TI,Total interchange,1465,megawatthours,2026-01-22 21:00:00,1465.0
2026-01-22T20,MIDA,Mid-Atlantic,D,Demand,104104,megawatthours,2026-01-22 20:00:00,104104.0
2026-01-22T20,MIDA,Mid-Atlantic,DF,Day-ahead demand forecast,104063,megawatthours,2026-01-22 20:00:00,104063.0
2026-01-22T20,MIDA,Mid-Atlantic,NG,Net generation,106905,megawatthours,2026-01-22 20:00:00,106905.0
2026-01-22T20,MIDA,Mid-Atlantic,TI,Total interchange,1733,megawatthours,2026-01-22 20:00:00,1733.0
2026-01-22T19,MIDA,Mid-Atlantic,D,Demand,104249,megawatthours,2026-01-22 19:00:00,104249.0
2026-01-22T19,MIDA,Mid-Atlantic,DF,Day-ahead demand forecast,103211,megawatthours,2026-01-22 19:00:00,103211.0
2026-01-22T19,MIDA,Mid-Atlantic,NG,Net generation,107124,megawatthours,2026-01-22 19:00:00,107124.0
2026-01-22T19,MIDA,Mid-Atlantic,TI,Total interchange,1646,megawatthours,2026-01-22 19:00:00,1646.0
2026-01-22T18,MIDA,Mid-Atlantic,D,Demand,105615,megawatthours,2026-01-22 18:00:00,105615.0
2026-01-22T18,MIDA,Mid-Atlantic,DF,Day-ahead demand forecast,103892,megawatthours,2026-01-22 18:00:00,103892.0
2026-01-22T18,MIDA,Mid-Atlantic,NG,Net generation,108505,megawatthours,2026-01-22 18:00:00,108505.0
2026-01-22T18,MIDA,Mid-Atlantic,TI,Total interchange,1713,megawatthours,2026-01-22 18:00:00,1713.0
2026-01-22T17,MIDA,Mid-Atlantic,D,Demand,106958,megawatthours,2026-01-22 17:00:00,106958.0
2026-01-22T17,MIDA,Mid-Atlantic,DF,Day-ahead demand forecast,105119,megawatthours,2026-01-22 17:00:00,105119.0
2026-01-22T17,MIDA,Mid-Atlantic,NG,Net generation,110165,megawatthours,2026-01-22 17:00:00,110165.0
2026-01-22T17,MIDA,Mid-Atlantic,TI,Total interchange,1557,megawatthours,2026-01-22 17:00:00,1557.0
2026-01-22T16,MIDA,Mid-Atlantic,D,Demand,108278,megawatthours,2026-01-22 16:00:00,108278.0
2026-01-22T16,MIDA,Mid-Atlantic,DF,Day-ahead demand forecast,106846,megawatthours,2026-01-22 16:00:00,106846.0
2026-01-22T16,MIDA,Mid-Atlantic,NG,Net generation,112465,megawatthours,2026-01-22 16:00:00,112465.0
2026-01-22T16,MIDA,Mid-Atlantic,TI,Total interchange,1512,megawatthours,2026-01-22 16:00:00,1512.0
2026-01-22T15,MIDA,Mid-Atlantic,D,Demand,109880,megawatthours,2026-01-22 15:00:00,109880.0
2026-01-22T15,MIDA,Mid-Atlantic,DF,Day-ahead demand forecast,109375,megawatthours,2026-01-22 15:00:00,109375.0
2026-01-22T15,MIDA,Mid-Atlantic,NG,Net generation,114175,megawatthours,2026-01-22 15:00:00,114175.0
2026-01-22T15,MIDA,Mid-Atlantic,TI,Total interchange,1515,megawatthours,2026-01-22 15:00:00,1515.0
2026-01-22T14,MIDA,Mid-Atlantic,D,Demand,112411,megawatthours,2026-01-22 14:00:00,112411.0
2026-01-22T14,MIDA,Mid-Atlantic,DF,Day-ahead demand forecast,112031,megawatthours,2026-01-22 14:00:00,112031.0
2026-01-22T14,MIDA,Mid-Atlantic,NG,Net generation,117158,megawatthours,2026-01-22 14:00:00,117158.0
2026-01-22T14,MIDA,Mid-Atlantic,TI,Total interchange,1677,megawatthours,2026-01-22 14:00:00,1677.0
2026-01-22T13,MIDA,Mid-Atlantic,D,Demand,113149,megawatthours,2026-01-22 13:00:00,113149.0
2026-01-22T13,MIDA,Mid-Atlantic,DF,Day-ahead demand forecast,114746,megawatthours,2026-01-22 13:00:00,114746.0
2026-01-22T13,MIDA,Mid-Atlantic,NG,Net generation,117225,megawatthours,2026-01-22 13:00:00,117225.0
2026-01-22T13,MIDA,Mid-Atlantic,TI,Total interchange,1574,megawatthours,2026-01-22 13:00:00,1574.0
2026-01-22T12,MIDA,Mid-Atlantic,D,Demand,108674,megawatthours,2026-01-22 12:00:00,108674.0
2026-01-22T12,MIDA,Mid-Atlantic,DF,Day-ahead demand forecast,114578,megawatthours,2026-01-22 12:00:00,114578.0
2026-01-22T12,MIDA,Mid-Atlantic,NG,Net generation,112972,megawatthours,2026-01-22 12:00:00,112972.0
2026-01-22T12,MIDA,Mid-Atlantic,TI,Total interchange,1552,megawatthours,2026-01-22 12:00:00,1552.0
2026-01-22T11,MIDA,Mid-Atlantic,D,Demand,103234,megawatthours,2026-01-22 11:00:00,103234.0
2026-01-22T11,MIDA,Mid-Atlantic,DF,Day-ahead demand forecast,109845,megawatthours,2026-01-22 11:00:00,109845.0
2026-01-22T11,MIDA,Mid-Atlantic,NG,Net generation,107434,megawatthours,2026-01-22 11:00:00,107434.0
2026-01-22T11,MIDA,Mid-Atlantic,TI,Total interchange,1551,megawatthours,2026-01-22 11:00:00,1551.0
2026-01-22T10,MIDA,Mid-Atlantic,D,Demand,100452,megawatthours,2026-01-22 10:00:00,100452.0
2026-01-22T10,MIDA,Mid-Atlantic,DF,Day-ahead demand forecast,102881,megawatthours,2026-01-22 10:00:00,102881.0
2026-01-22T10,MIDA,Mid-Atlantic,NG,Net generation,105243,megawatthours,2026-01-22 10:00:00,105243.0
2026-01-22T10,MIDA,Mid-Atlantic,TI,Total interchange,1546,megawatthours,2026-01-22 10:00:00,1546.0
2026-01-22T09,MIDA,Mid-Atlantic,D,Demand,99588,megawatthours,2026-01-22 09:00:00,99588.0
2026-01-22T09,MIDA,Mid-Atlantic,DF,Day-ahead demand forecast,98405,megawatthours,2026-01-22 09:00:00,98405.0
2026-01-22T09,MIDA,Mid-Atlantic,NG,Net generation,104794,megawatthours,2026-01-22 09:00:00,104794.0
2026-01-22T09,MIDA,Mid-Atlantic,TI,Total interchange,3637,megawatthours,2026-01-22 09:00:00,3637.0
2026-01-22T08,MIDA,Mid-Atlantic,D,Demand,100131,megawatthours,2026-01-22 08:00:00,100131.0
2026-01-22T08,MIDA,Mid-Atlantic,DF,Day-ahead demand forecast,96576,megawatthours,2026-01-22 08:00:00,96576.0
2026-01-22T08,MIDA,Mid-Atlantic,NG,Net generation,105158,megawatthours,2026-01-22 08:00:00,105158.0
2026-01-22T08,MIDA,Mid-Atlantic,TI,Total interchange,3577,megawatthours,2026-01-22 08:00:00,3577.0
2026-01-22T07,MIDA,Mid-Atlantic,D,Demand,101371,megawatthours,2026-01-22 07:00:00,101371.0
2026-01-22T07,MIDA,Mid-Atlantic,DF,Day-ahead demand forecast,96433,megawatthours,2026-01-22 07:00:00,96433.0
2026-01-22T07,MIDA,Mid-Atlantic,NG,Net generation,106946,megawatthours,2026-01-22 07:00:00,106946.0
2026-01-22T07,MIDA,Mid-Atlantic,TI,Total interchange,2584,megawatthours,2026-01-22 07:00:00,2584.0
2026-01-22T06,MIDA,Mid-Atlantic,D,Demand,103555,megawatthours,2026-01-22 06:00:00,103555.0
2026-01-22T06,MIDA,Mid-Atlantic,DF,Day-ahead demand forecast,97168,megawatthours,2026-01-22 06:00:00,97168.0
2026-01-22T06,MIDA,Mid-Atlantic,NG,Net generation,109251,megawatthours,2026-01-22 06:00:00,109251.0
2026-01-22T06,MIDA,Mid-Atlantic,TI,Total interchange,2073,megawatthours,2026-01-22 06:00:00,2073.0
2026-01-22T05,MIDA,Mid-Atlantic,D,Demand,106217,megawatthours,2026-01-22 05:00:00,106217.0
2026-01-22T05,MIDA,Mid-Atlantic,DF,Day-ahead demand forecast,99456,megawatthours,2026-01-22 05:00:00,99456.0
2026-01-22T05,MIDA,Mid-Atlantic,NG,Net generation,110466,megawatthours,2026-01-22 05:00:00,110466.0
2026-01-22T05,MIDA,Mid-Atlantic,TI,Total interchange,1354,megawatthours,2026-01-22 05:00:00,1354.0
2026-01-22T04,MIDA,Mid-Atlantic,D,Demand,108570,megawatthours,2026-01-22 04:00:00,108570.0
2026-01-22T04,MIDA,Mid-Atlantic,DF,Day-ahead demand forecast,102837,megawatthours,2026-01-22 04:00:00,102837.0
2026-01-22T04,MIDA,Mid-Atlantic,NG,Net generation,112825,megawatthours,2026-01-22 04:00:00,112825.0
2026-01-22T04,MIDA,Mid-Atlantic,TI,Total interchange,1197,megawatthours,2026-01-22 04:00:00,1197.0
2026-01-22T03,MIDA,Mid-Atlantic,D,Demand,112861,megawatthours,2026-01-22 03:00:00,112861.0
2026-01-22T03,MIDA,Mid-Atlantic,DF,Day-ahead demand forecast,107092,megawatthours,2026-01-22 03:00:00,107092.0
2026-01-22T03,MIDA,Mid-Atlantic,NG,Net generation,116064,megawatthours,2026-01-22 03:00:00,116064.0
2026-01-22T03,MIDA,Mid-Atlantic,TI,Total interchange,1137,megawatthours,2026-01-22 03:00:00,1137.0
2026-01-22T02,MIDA,Mid-Atlantic,D,Demand,116404,megawatthours,2026-01-22 02:00:00,116404.0
2026-01-22T02,MIDA,Mid-Atlantic,DF,Day-ahead demand forecast,111642,megawatthours,2026-01-22 02:00:00,111642.0
2026-01-22T02,MIDA,Mid-Atlantic,NG,Net generation,119092,megawatthours,2026-01-22 02:00:00,119092.0
2026-01-22T02,MIDA,Mid-Atlantic,TI,Total interchange,1313,megawatthours,2026-01-22 02:00:00,1313.0
2026-01-22T01,MIDA,Mid-Atlantic,D,Demand,118534,megawatthours,2026-01-22 01:00:00,118534.0
2026-01-22T01,MIDA,Mid-Atlantic,DF,Day-ahead demand forecast,114757,megawatthours,2026-01-22 01:00:00,114757.0
2026-01-22T01,MIDA,Mid-Atlantic,NG,Net generation,120829,megawatthours,2026-01-22 01:00:00,120829.0
2026-01-22T01,MIDA,Mid-Atlantic,TI,Total interchange,1576,megawatthours,2026-01-22 01:00:00,1576.0
2026-01-22T00,MIDA,Mid-Atlantic,D,Demand,119530,megawatthours,2026-01-22 00:00:00,119530.0
2026-01-22T00,MIDA,Mid-Atlantic,DF,Day-ahead demand forecast,116344,megawatthours,2026-01-22 00:00:00,116344.0
2026-01-22T00,MIDA,Mid-Atlantic,NG,Net generation,121589,megawatthours,2026-01-22 00:00:00,121589.0
2026-01-22T00,MIDA,Mid-Atlantic,TI,Total interchange,1464,megawatthours,2026-01-22 00:00:00,1464.0
2026-01-21T23,MIDA,Mid-Atlantic,D,Demand,118133,megawatthours,2026-01-21 23:00:00,118133.0
2026-01-21T23,MIDA,Mid-Atlantic,DF,Day-ahead demand forecast,116868,megawatthours,2026-01-21 23:00:00,116868.0
2026-01-21T23,MIDA,Mid-Atlantic,NG,Net generation,119551,megawatthours,2026-01-21 23:00:00,119551.0
2026-01-21T23,MIDA,Mid-Atlantic,TI,Total interchange,1514,megawatthours,2026-01-21 23:00:00,1514.0
2026-01-21T22,MIDA,Mid-Atlantic,D,Demand,115263,megawatthours,2026-01-21 22:00:00,115263.0
2026-01-21T22,MIDA,Mid-Atlantic,DF,Day-ahead demand forecast,114075,megawatthours,2026-01-21 22:00:00,114075.0
2026-01-21T22,MIDA,Mid-Atlantic,NG,Net generation,116857,megawatthours,2026-01-21 22:00:00,116857.0
2026-01-21T22,MIDA,Mid-Atlantic,TI,Total interchange,1460,megawatthours,2026-01-21 22:00:00,1460.0
2026-01-21T21,MIDA,Mid-Atlantic,D,Demand,114697,megawatthours,2026-01-21 21:00:00,114697.0
2026-01-21T21,MIDA,Mid-Atlantic,DF,Day-ahead demand forecast,109082,megawatthours,2026-01-21 21:00:00,109082.0
2026-01-21T21,MIDA,Mid-Atlantic,NG,Net generation,116857,megawatthours,2026-01-21 21:00:00,116857.0
2026-01-21T21,MIDA,Mid-Atlantic,TI,Total interchange,1422,megawatthours,2026-01-21 21:00:00,1422.0
2026-01-21T20,MIDA,Mid-Atlantic,D,Demand,114917,megawatthours,2026-01-21 20:00:00,114917.0
2026-01-21T20,MIDA,Mid-Atlantic,DF,Day-ahead demand forecast,106449,megawatthours,2026-01-21 20:00:00,106449.0
2026-01-21T20,MIDA,Mid-Atlantic,NG,Net generation,117552,megawatthours,2026-01-21 20:00:00,117552.0
2026-01-21T20,MIDA,Mid-Atlantic,TI,Total interchange,1366,megawatthours,2026-01-21 20:00:00,1366.0
2026-01-21T19,MIDA,Mid-Atlantic,D,Demand,115964,megawatthours,2026-01-21 19:00:00,115964.0
2026-01-21T19,MIDA,Mid-Atlantic,DF,Day-ahead demand forecast,106228,megawatthours,2026-01-21 19:00:00,106228.0
2026-01-21T19,MIDA,Mid-Atlantic,NG,Net generation,118621,megawatthours,2026-01-21 19:00:00,118621.0
2026-01-21T19,MIDA,Mid-Atlantic,TI,Total interchange,1410,megawatthours,2026-01-21 19:00:00,1410.0
2026-01-21T18,MIDA,Mid-Atlantic,D,Demand,117864,megawatthours,2026-01-21 18:00:00,117864.0
2026-01-21T18,MIDA,Mid-Atlantic,DF,Day-ahead demand forecast,107730,megawatthours,2026-01-21 18:00:00,107730.0
2026-01-21T18,MIDA,Mid-Atlantic,NG,Net generation,120601,megawatthours,2026-01-21 18:00:00,120601.0
2026-01-21T18,MIDA,Mid-Atlantic,TI,Total interchange,1283,megawatthours,2026-01-21 18:00:00,1283.0
2026-01-21T17,MIDA,Mid-Atlantic,D,Demand,120104,megawatthours,2026-01-21 17:00:00,120104.0
2026-01-21T17,MIDA,Mid-Atlantic,DF,Day-ahead demand forecast,109921,megawatthours,2026-01-21 17:00:00,109921.0
2026-01-21T17,MIDA,Mid-Atlantic,NG,Net generation,123294,megawatthours,2026-01-21 17:00:00,123294.0
2026-01-21T17,MIDA,Mid-Atlantic,TI,Total interchange,1236,megawatthours,2026-01-21 17:00:00,1236.0
2026-01-21T16,MIDA,Mid-Atlantic,D,Demand,121746,megawatthours,2026-01-21 16:00:00,121746.0
2026-01-21T16,MIDA,Mid-Atlantic,DF,Day-ahead demand forecast,113016,megawatthours,2026-01-21 16:00:00,113016.0
2026-01-21T16,MIDA,Mid-Atlantic,NG,Net generation,124638,megawatthours,2026-01-21 16:00:00,124638.0
2026-01-21T16,MIDA,Mid-Atlantic,TI,Total interchange,1389,megawatthours,2026-01-21 16:00:00,1389.0
2026-01-21T15,MIDA,Mid-Atlantic,D,Demand,126259,megawatthours,2026-01-21 15:00:00,126259.0
2026-01-21T15,MIDA,Mid-Atlantic,DF,Day-ahead demand forecast,117630,megawatthours,2026-01-21 15:00:00,117630.0
2026-01-21T15,MIDA,Mid-Atlantic,NG,Net generation,128203,megawatthours,2026-01-21 15:00:00,128203.0
2026-01-21T15,MIDA,Mid-Atlantic,TI,Total interchange,1242,megawatthours,2026-01-21 15:00:00,1242.0
2026-01-21T14,MIDA,Mid-Atlantic,D,Demand,132390,megawatthours,2026-01-21 14:00:00,132390.0
2026-01-21T14,MIDA,Mid-Atlantic,DF,Day-ahead demand forecast,123048,megawatthours,2026-01-21 14:00:00,123048.0
2026-01-21T14,MIDA,Mid-Atlantic,NG,Net generation,134048,megawatthours,2026-01-21 14:00:00,134048.0
2026-01-21T14,MIDA,Mid-Atlantic,TI,Total interchange,844,megawatthours,2026-01-21 14:00:00,844.0
2026-01-21T13,MIDA,Mid-Atlantic,D,Demand,134664,megawatthours,2026-01-21 13:00:00,134664.0
2026-01-21T13,MIDA,Mid-Atlantic,DF,Day-ahead demand forecast,128917,megawatthours,2026-01-21 13:00:00,128917.0
2026-01-21T13,MIDA,Mid-Atlantic,NG,Net generation,135810,megawatthours,2026-01-21 13:00:00,135810.0
2026-01-21T13,MIDA,Mid-Atlantic,TI,Total interchange,759,megawatthours,2026-01-21 13:00:00,759.0
2026-01-21T12,MIDA,Mid-Atlantic,D,Demand,131141,megawatthours,2026-01-21 12:00:00,131141.0
2026-01-21T12,MIDA,Mid-Atlantic,DF,Day-ahead demand forecast,131461,megawatthours,2026-01-21 12:00:00,131461.0
2026-01-21T12,MIDA,Mid-Atlantic,NG,Net generation,131879,megawatthours,2026-01-21 12:00:00,131879.0
2026-01-21T12,MIDA,Mid-Atlantic,TI,Total interchange,770,megawatthours,2026-01-21 12:00:00,770.0
2026-01-21T11,MIDA,Mid-Atlantic,D,Demand,124333,megawatthours,2026-01-21 11:00:00,124333.0
2026-01-21T11,MIDA,Mid-Atlantic,DF,Day-ahead demand forecast,127714,megawatthours,2026-01-21 11:00:00,127714.0
2026-01-21T11,MIDA,Mid-Atlantic,NG,Net generation,125900,megawatthours,2026-01-21 11:00:00,125900.0
2026-01-21T11,MIDA,Mid-Atlantic,TI,Total interchange,612,megawatthours,2026-01-21 11:00:00,612.0
2026-01-21T10,MIDA,Mid-Atlantic,D,Demand,119832,megawatthours,2026-01-21 10:00:00,119832.0
2026-01-21T10,MIDA,Mid-Atlantic,DF,Day-ahead demand forecast,121022,megawatthours,2026-01-21 10:00:00,121022.0
2026-01-21T10,MIDA,Mid-Atlantic,NG,Net generation,121302,megawatthours,2026-01-21 10:00:00,121302.0
2026-01-21T10,MIDA,Mid-Atlantic,TI,Total interchange,527,megawatthours,2026-01-21 10:00:00,527.0
2026-01-21T09,MIDA,Mid-Atlantic,D,Demand,118175,megawatthours,2026-01-21 09:00:00,118175.0
2026-01-21T09,MIDA,Mid-Atlantic,DF,Day-ahead demand forecast,116692,megawatthours,2026-01-21 09:00:00,116692.0
2026-01-21T09,MIDA,Mid-Atlantic,NG,Net generation,119362,megawatthours,2026-01-21 09:00:00,119362.0
2026-01-21T09,MIDA,Mid-Atlantic,TI,Total interchange,2357,megawatthours,2026-01-21 09:00:00,2357.0
2026-01-21T08,MIDA,Mid-Atlantic,D,Demand,118419,megawatthours,2026-01-21 08:00:00,118419.0
2026-01-21T08,MIDA,Mid-Atlantic,DF,Day-ahead demand forecast,114881,megawatthours,2026-01-21 08:00:00,114881.0
2026-01-21T08,MIDA,Mid-Atlantic,NG,Net generation,120320,megawatthours,2026-01-21 08:00:00,120320.0
2026-01-21T08,MIDA,Mid-Atlantic,TI,Total interchange,2961,megawatthours,2026-01-21 08:00:00,2961.0
2026-01-21T07,MIDA,Mid-Atlantic,D,Demand,118671,megawatthours,2026-01-21 07:00:00,118671.0
2026-01-21T07,MIDA,Mid-Atlantic,DF,Day-ahead demand forecast,114562,megawatthours,2026-01-21 07:00:00,114562.0
2026-01-21T07,MIDA,Mid-Atlantic,NG,Net generation,120997,megawatthours,2026-01-21 07:00:00,120997.0
2026-01-21T07,MIDA,Mid-Atlantic,TI,Total interchange,2593,megawatthours,2026-01-21 07:00:00,2593.0
2026-01-21T06,MIDA,Mid-Atlantic,D,Demand,119568,megawatthours,2026-01-21 06:00:00,119568.0
2026-01-21T06,MIDA,Mid-Atlantic,DF,Day-ahead demand forecast,115288,megawatthours,2026-01-21 06:00:00,115288.0
2026-01-21T06,MIDA,Mid-Atlantic,NG,Net generation,121401,megawatthours,2026-01-21 06:00:00,121401.0
2026-01-21T06,MIDA,Mid-Atlantic,TI,Total interchange,3516,megawatthours,2026-01-21 06:00:00,3516.0
2026-01-21T05,MIDA,Mid-Atlantic,D,Demand,121329,megawatthours,2026-01-21 05:00:00,121329.0
2026-01-21T05,MIDA,Mid-Atlantic,DF,Day-ahead demand forecast,115554,megawatthours,2026-01-21 05:00:00,115554.0
2026-01-21T05,MIDA,Mid-Atlantic,NG,Net generation,124319,megawatthours,2026-01-21 05:00:00,124319.0
2026-01-21T05,MIDA,Mid-Atlantic,TI,Total interchange,1273,megawatthours,2026-01-21 05:00:00,1273.0
2026-01-21T04,MIDA,Mid-Atlantic,D,Demand,124559,megawatthours,2026-01-21 04:00:00,124559.0
2026-01-21T04,MIDA,Mid-Atlantic,DF,Day-ahead demand forecast,118922,megawatthours,2026-01-21 04:00:00,118922.0
2026-01-21T04,MIDA,Mid-Atlantic,NG,Net generation,128211,megawatthours,2026-01-21 04:00:00,128211.0
2026-01-21T04,MIDA,Mid-Atlantic,TI,Total interchange,1360,megawatthours,2026-01-21 04:00:00,1360.0
2026-01-21T03,MIDA,Mid-Atlantic,D,Demand,128012,megawatthours,2026-01-21 03:00:00,128012.0
2026-01-21T03,MIDA,Mid-Atlantic,DF,Day-ahead demand forecast,122180,megawatthours,2026-01-21 03:00:00,122180.0
2026-01-21T03,MIDA,Mid-Atlantic,NG,Net generation,131183,megawatthours,2026-01-21 03:00:00,131183.0
2026-01-21T03,MIDA,Mid-Atlantic,TI,Total interchange,1166,megawatthours,2026-01-21 03:00:00,1166.0
2026-01-21T02,MIDA,Mid-Atlantic,D,Demand,130073,megawatthours,2026-01-21 02:00:00,130073.0
2026-01-21T02,MIDA,Mid-Atlantic,DF,Day-ahead demand forecast,126244,megawatthours,2026-01-21 02:00:00,126244.0
2026-01-21T02,MIDA,Mid-Atlantic,NG,Net generation,133816,megawatthours,2026-01-21 02:00:00,133816.0
2026-01-21T02,MIDA,Mid-Atlantic,TI,Total interchange,1163,megawatthours,2026-01-21 02:00:00,1163.0
2026-01-21T01,MIDA,Mid-Atlantic,D,Demand,130504,megawatthours,2026-01-21 01:00:00,130504.0
2026-01-21T01,MIDA,Mid-Atlantic,DF,Day-ahead demand forecast,128960,megawatthours,2026-01-21 01:00:00,128960.0
2026-01-21T01,MIDA,Mid-Atlantic,NG,Net generation,134382,megawatthours,2026-01-21 01:00:00,134382.0
2026-01-21T01,MIDA,Mid-Atlantic,TI,Total interchange,1466,megawatthours,2026-01-21 01:00:00,1466.0
2026-01-21T00,MIDA,Mid-Atlantic,D,Demand,129926,megawatthours,2026-01-21 00:00:00,129926.0
2026-01-21T00,MIDA,Mid-Atlantic,DF,Day-ahead demand forecast,130363,megawatthours,2026-01-21 00:00:00,130363.0
2026-01-21T00,MIDA,Mid-Atlantic,NG,Net generation,133441,megawatthours,2026-01-21 00:00:00,133441.0
2026-01-21T00,MIDA,Mid-Atlantic,TI,Total interchange,1513,megawatthours,2026-01-21 00:00:00,1513.0
2026-01-20T23,MIDA,Mid-Atlantic,D,Demand,126349,megawatthours,2026-01-20 23:00:00,126349.0
2026-01-20T23,MIDA,Mid-Atlantic,DF,Day-ahead demand forecast,130128,megawatthours,2026-01-20 23:00:00,130128.0
2026-01-20T23,MIDA,Mid-Atlantic,NG,Net generation,129159,megawatthours,2026-01-20 23:00:00,129159.0
2026-01-20T23,MIDA,Mid-Atlantic,TI,Total interchange,1377,megawatthours,2026-01-20 23:00:00,1377.0
2026-01-20T22,MIDA,Mid-Atlantic,D,Demand,120658,megawatthours,2026-01-20 22:00:00,120658.0
2026-01-20T22,MIDA,Mid-Atlantic,DF,Day-ahead demand forecast,126015,megawatthours,2026-01-20 22:00:00,126015.0
2026-01-20T22,MIDA,Mid-Atlantic,NG,Net generation,123177,megawatthours,2026-01-20 22:00:00,123177.0
2026-01-20T22,MIDA,Mid-Atlantic,TI,Total interchange,1245,megawatthours,2026-01-20 22:00:00,1245.0
2026-01-20T21,MIDA,Mid-Atlantic,D,Demand,119100,megawatthours,2026-01-20 21:00:00,119100.0
2026-01-20T21,MIDA,Mid-Atlantic,DF,Day-ahead demand forecast,118813,megawatthours,2026-01-20 21:00:00,118813.0
2026-01-20T21,MIDA,Mid-Atlantic,NG,Net generation,121888,megawatthours,2026-01-20 21:00:00,121888.0
2026-01-20T21,MIDA,Mid-Atlantic,TI,Total interchange,1230,megawatthours,2026-01-20 21:00:00,1230.0
2026-01-20T20,MIDA,Mid-Atlantic,D,Demand,118667,megawatthours,2026-01-20 20:00:00,118667.0
2026-01-20T20,MIDA,Mid-Atlantic,DF,Day-ahead demand forecast,114803,megawatthours,2026-01-20 20:00:00,114803.0
2026-01-20T20,MIDA,Mid-Atlantic,NG,Net generation,122037,megawatthours,2026-01-20 20:00:00,122037.0
2026-01-20T20,MIDA,Mid-Atlantic,TI,Total interchange,1291,megawatthours,2026-01-20 20:00:00,1291.0
2026-01-20T19,MIDA,Mid-Atlantic,D,Demand,120015,megawatthours,2026-01-20 19:00:00,120015.0
2026-01-20T19,MIDA,Mid-Atlantic,DF,Day-ahead demand forecast,113816,megawatthours,2026-01-20 19:00:00,113816.0
2026-01-20T19,MIDA,Mid-Atlantic,NG,Net generation,123400,megawatthours,2026-01-20 19:00:00,123400.0
2026-01-20T19,MIDA,Mid-Atlantic,TI,Total interchange,1371,megawatthours,2026-01-20 19:00:00,1371.0
2026-01-20T18,MIDA,Mid-Atlantic,D,Demand,121857,megawatthours,2026-01-20 18:00:00,121857.0
2026-01-20T18,MIDA,Mid-Atlantic,DF,Day-ahead demand forecast,114502,megawatthours,2026-01-20 18:00:00,114502.0
2026-01-20T18,MIDA,Mid-Atlantic,NG,Net generation,125220,megawatthours,2026-01-20 18:00:00,125220.0
2026-01-20T18,MIDA,Mid-Atlantic,TI,Total interchange,1598,megawatthours,2026-01-20 18:00:00,1598.0
2026-01-20T17,MIDA,Mid-Atlantic,D,Demand,123403,megawatthours,2026-01-20 17:00:00,123403.0
2026-01-20T17,MIDA,Mid-Atlantic,DF,Day-ahead demand forecast,116312,megawatthours,2026-01-20 17:00:00,116312.0
2026-01-20T17,MIDA,Mid-Atlantic,NG,Net generation,127874,megawatthours,2026-01-20 17:00:00,127874.0
2026-01-20T17,MIDA,Mid-Atlantic,TI,Total interchange,1291,megawatthours,2026-01-20 17:00:00,1291.0
2026-01-20T16,MIDA,Mid-Atlantic,D,Demand,124585,megawatthours,2026-01-20 16:00:00,124585.0
2026-01-20T16,MIDA,Mid-Atlantic,DF,Day-ahead demand forecast,118849,megawatthours,2026-01-20 16:00:00,118849.0
2026-01-20T16,MIDA,Mid-Atlantic,NG,Net generation,130539,megawatthours,2026-01-20 16:00:00,130539.0
2026-01-20T16,MIDA,Mid-Atlantic,TI,Total interchange,1327,megawatthours,2026-01-20 16:00:00,1327.0
2026-01-20T15,MIDA,Mid-Atlantic,D,Demand,127478,megawatthours,2026-01-20 15:00:00,127478.0
2026-01-20T15,MIDA,Mid-Atlantic,DF,Day-ahead demand forecast,122562,megawatthours,2026-01-20 15:00:00,122562.0
2026-01-20T15,MIDA,Mid-Atlantic,NG,Net generation,134004,megawatthours,2026-01-20 15:00:00,134004.0
2026-01-20T15,MIDA,Mid-Atlantic,TI,Total interchange,1182,megawatthours,2026-01-20 15:00:00,1182.0
2026-01-20T14,MIDA,Mid-Atlantic,D,Demand,131653,megawatthours,2026-01-20 14:00:00,131653.0
2026-01-20T14,MIDA,Mid-Atlantic,DF,Day-ahead demand forecast,127123,megawatthours,2026-01-20 14:00:00,127123.0
2026-01-20T14,MIDA,Mid-Atlantic,NG,Net generation,137711,megawatthours,2026-01-20 14:00:00,137711.0
2026-01-20T14,MIDA,Mid-Atlantic,TI,Total interchange,1130,megawatthours,2026-01-20 14:00:00,1130.0
2026-01-20T13,MIDA,Mid-Atlantic,D,Demand,131962,megawatthours,2026-01-20 13:00:00,131962.0
2026-01-20T13,MIDA,Mid-Atlantic,DF,Day-ahead demand forecast,132069,megawatthours,2026-01-20 13:00:00,132069.0
2026-01-20T13,MIDA,Mid-Atlantic,NG,Net generation,135832,megawatthours,2026-01-20 13:00:00,135832.0
2026-01-20T13,MIDA,Mid-Atlantic,TI,Total interchange,1430,megawatthours,2026-01-20 13:00:00,1430.0
2026-01-20T12,MIDA,Mid-Atlantic,D,Demand,126937,megawatthours,2026-01-20 12:00:00,126937.0
2026-01-20T12,MIDA,Mid-Atlantic,DF,Day-ahead demand forecast,133537,megawatthours,2026-01-20 12:00:00,133537.0
2026-01-20T12,MIDA,Mid-Atlantic,NG,Net generation,130695,megawatthours,2026-01-20 12:00:00,130695.0
2026-01-20T12,MIDA,Mid-Atlantic,TI,Total interchange,1433,megawatthours,2026-01-20 12:00:00,1433.0
2026-01-20T11,MIDA,Mid-Atlantic,D,Demand,119626,megawatthours,2026-01-20 11:00:00,119626.0
2026-01-20T11,MIDA,Mid-Atlantic,DF,Day-ahead demand forecast,128312,megawatthours,2026-01-20 11:00:00,128312.0
2026-01-20T11,MIDA,Mid-Atlantic,NG,Net generation,124539,megawatthours,2026-01-20 11:00:00,124539.0
2026-01-20T11,MIDA,Mid-Atlantic,TI,Total interchange,1339,megawatthours,2026-01-20 11:00:00,1339.0
2026-01-20T10,MIDA,Mid-Atlantic,D,Demand,114707,megawatthours,2026-01-20 10:00:00,114707.0
2026-01-20T10,MIDA,Mid-Atlantic,DF,Day-ahead demand forecast,120408,megawatthours,2026-01-20 10:00:00,120408.0
2026-01-20T10,MIDA,Mid-Atlantic,NG,Net generation,120454,megawatthours,2026-01-20 10:00:00,120454.0
2026-01-20T10,MIDA,Mid-Atlantic,TI,Total interchange,1261,megawatthours,2026-01-20 10:00:00,1261.0
2026-01-20T09,MIDA,Mid-Atlantic,D,Demand,112909,megawatthours,2026-01-20 09:00:00,112909.0
2026-01-20T09,MIDA,Mid-Atlantic,DF,Day-ahead demand forecast,114537,megawatthours,2026-01-20 09:00:00,114537.0
2026-01-20T09,MIDA,Mid-Atlantic,NG,Net generation,119731,megawatthours,2026-01-20 09:00:00,119731.0
2026-01-20T09,MIDA,Mid-Atlantic,TI,Total interchange,3347,megawatthours,2026-01-20 09:00:00,3347.0
2026-01-20T08,MIDA,Mid-Atlantic,D,Demand,111979,megawatthours,2026-01-20 08:00:00,111979.0
2026-01-20T08,MIDA,Mid-Atlantic,DF,Day-ahead demand forecast,111896,megawatthours,2026-01-20 08:00:00,111896.0
2026-01-20T08,MIDA,Mid-Atlantic,NG,Net generation,118561,megawatthours,2026-01-20 08:00:00,118561.0
2026-01-20T08,MIDA,Mid-Atlantic,TI,Total interchange,3284,megawatthours,2026-01-20 08:00:00,3284.0
2026-01-20T07,MIDA,Mid-Atlantic,D,Demand,111960,megawatthours,2026-01-20 07:00:00,111960.0
2026-01-20T07,MIDA,Mid-Atlantic,DF,Day-ahead demand forecast,110567,megawatthours,2026-01-20 07:00:00,110567.0
2026-01-20T07,MIDA,Mid-Atlantic,NG,Net generation,118314,megawatthours,2026-01-20 07:00:00,118314.0
2026-01-20T07,MIDA,Mid-Atlantic,TI,Total interchange,3655,megawatthours,2026-01-20 07:00:00,3655.0
2026-01-20T06,MIDA,Mid-Atlantic,D,Demand,112675,megawatthours,2026-01-20 06:00:00,112675.0
2026-01-20T06,MIDA,Mid-Atlantic,DF,Day-ahead demand forecast,110442,megawatthours,2026-01-20 06:00:00,110442.0
2026-01-20T06,MIDA,Mid-Atlantic,NG,Net generation,118316,megawatthours,2026-01-20 06:00:00,118316.0
2026-01-20T06,MIDA,Mid-Atlantic,TI,Total interchange,3670,megawatthours,2026-01-20 06:00:00,3670.0
2026-01-20T05,MIDA,Mid-Atlantic,D,Demand,114701,megawatthours,2026-01-20 05:00:00,114701.0
2026-01-20T05,MIDA,Mid-Atlantic,DF,Day-ahead demand forecast,111567,megawatthours,2026-01-20 05:00:00,111567.0
2026-01-20T05,MIDA,Mid-Atlantic,NG,Net generation,119183,megawatthours,2026-01-20 05:00:00,119183.0
2026-01-20T05,MIDA,Mid-Atlantic,TI,Total interchange,1197,megawatthours,2026-01-20 05:00:00,1197.0
2026-01-20T04,MIDA,Mid-Atlantic,D,Demand,117520,megawatthours,2026-01-20 04:00:00,117520.0
2026-01-20T04,MIDA,Mid-Atlantic,DF,Day-ahead demand forecast,113731,megawatthours,2026-01-20 04:00:00,113731.0
2026-01-20T04,MIDA,Mid-Atlantic,NG,Net generation,121867,megawatthours,2026-01-20 04:00:00,121867.0
2026-01-20T04,MIDA,Mid-Atlantic,TI,Total interchange,921,megawatthours,2026-01-20 04:00:00,921.0
2026-01-20T03,MIDA,Mid-Atlantic,D,Demand,121149,megawatthours,2026-01-20 03:00:00,121149.0
2026-01-20T03,MIDA,Mid-Atlantic,DF,Day-ahead demand forecast,117344,megawatthours,2026-01-20 03:00:00,117344.0
2026-01-20T03,MIDA,Mid-Atlantic,NG,Net generation,125702,megawatthours,2026-01-20 03:00:00,125702.0
2026-01-20T03,MIDA,Mid-Atlantic,TI,Total interchange,828,megawatthours,2026-01-20 03:00:00,828.0
2026-01-20T02,MIDA,Mid-Atlantic,D,Demand,123505,megawatthours,2026-01-20 02:00:00,123505.0
2026-01-20T02,MIDA,Mid-Atlantic,DF,Day-ahead demand forecast,121193,megawatthours,2026-01-20 02:00:00,121193.0
2026-01-20T02,MIDA,Mid-Atlantic,NG,Net generation,127633,megawatthours,2026-01-20 02:00:00,127633.0
2026-01-20T02,MIDA,Mid-Atlantic,TI,Total interchange,1064,megawatthours,2026-01-20 02:00:00,1064.0
2026-01-20T01,MIDA,Mid-Atlantic,D,Demand,124539,megawatthours,2026-01-20 01:00:00,124539.0
2026-01-20T01,MIDA,Mid-Atlantic,DF,Day-ahead demand forecast,123313,megawatthours,2026-01-20 01:00:00,123313.0
2026-01-20T01,MIDA,Mid-Atlantic,NG,Net generation,128164,megawatthours,2026-01-20 01:00:00,128164.0
2026-01-20T01,MIDA,Mid-Atlantic,TI,Total interchange,1144,megawatthours,2026-01-20 01:00:00,1144.0
2026-01-20T00,MIDA,Mid-Atlantic,D,Demand,124713,megawatthours,2026-01-20 00:00:00,124713.0
2026-01-20T00,MIDA,Mid-Atlantic,DF,Day-ahead demand forecast,123839,megawatthours,2026-01-20 00:00:00,123839.0
2026-01-20T00,MIDA,Mid-Atlantic,NG,Net generation,127704,megawatthours,2026-01-20 00:00:00,127704.0
2026-01-20T00,MIDA,Mid-Atlantic,TI,Total interchange,1678,megawatthours,2026-01-20 00:00:00,1678.0
2026-01-19T23,MIDA,Mid-Atlantic,D,Demand,121607,megawatthours,2026-01-19 23:00:00,121607.0
2026-01-19T23,MIDA,Mid-Atlantic,DF,Day-ahead demand forecast,123557,megawatthours,2026-01-19 23:00:00,123557.0
2026-01-19T23,MIDA,Mid-Atlantic,NG,Net generation,124554,megawatthours,2026-01-19 23:00:00,124554.0
2026-01-19T23,MIDA,Mid-Atlantic,TI,Total interchange,1658,megawatthours,2026-01-19 23:00:00,1658.0
2026-01-19T22,MIDA,Mid-Atlantic,D,Demand,116598,megawatthours,2026-01-19 22:00:00,116598.0
2026-01-19T22,MIDA,Mid-Atlantic,DF,Day-ahead demand forecast,120388,megawatthours,2026-01-19 22:00:00,120388.0
2026-01-19T22,MIDA,Mid-Atlantic,NG,Net generation,119644,megawatthours,2026-01-19 22:00:00,119644.0
2026-01-19T22,MIDA,Mid-Atlantic,TI,Total interchange,1572,megawatthours,2026-01-19 22:00:00,1572.0
2026-01-19T21,MIDA,Mid-Atlantic,D,Demand,114192,megawatthours,2026-01-19 21:00:00,114192.0
2026-01-19T21,MIDA,Mid-Atlantic,DF,Day-ahead demand forecast,114555,megawatthours,2026-01-19 21:00:00,114555.0
2026-01-19T21,MIDA,Mid-Atlantic,NG,Net generation,117301,megawatthours,2026-01-19 21:00:00,117301.0
2026-01-19T21,MIDA,Mid-Atlantic,TI,Total interchange,1394,megawatthours,2026-01-19 21:00:00,1394.0
2026-01-19T20,MIDA,Mid-Atlantic,D,Demand,114920,megawatthours,2026-01-19 20:00:00,114920.0
2026-01-19T20,MIDA,Mid-Atlantic,DF,Day-ahead demand forecast,111206,megawatthours,2026-01-19 20:00:00,111206.0
2026-01-19T20,MIDA,Mid-Atlantic,NG,Net generation,117929,megawatthours,2026-01-19 20:00:00,117929.0
2026-01-19T20,MIDA,Mid-Atlantic,TI,Total interchange,1410,megawatthours,2026-01-19 20:00:00,1410.0
2026-01-19T19,MIDA,Mid-Atlantic,D,Demand,116102,megawatthours,2026-01-19 19:00:00,116102.0
2026-01-19T19,MIDA,Mid-Atlantic,DF,Day-ahead demand forecast,109847,megawatthours,2026-01-19 19:00:00,109847.0
2026-01-19T19,MIDA,Mid-Atlantic,NG,Net generation,119133,megawatthours,2026-01-19 19:00:00,119133.0
2026-01-19T19,MIDA,Mid-Atlantic,TI,Total interchange,1210,megawatthours,2026-01-19 19:00:00,1210.0
2026-01-19T18,MIDA,Mid-Atlantic,D,Demand,117523,megawatthours,2026-01-19 18:00:00,117523.0
2026-01-19T18,MIDA,Mid-Atlantic,DF,Day-ahead demand forecast,110740,megawatthours,2026-01-19 18:00:00,110740.0
2026-01-19T18,MIDA,Mid-Atlantic,NG,Net generation,120593,megawatthours,2026-01-19 18:00:00,120593.0
2026-01-19T18,MIDA,Mid-Atlantic,TI,Total interchange,1063,megawatthours,2026-01-19 18:00:00,1063.0
2026-01-19T17,MIDA,Mid-Atlantic,D,Demand,118550,megawatthours,2026-01-19 17:00:00,118550.0
2026-01-19T17,MIDA,Mid-Atlantic,DF,Day-ahead demand forecast,112044,megawatthours,2026-01-19 17:00:00,112044.0
2026-01-19T17,MIDA,Mid-Atlantic,NG,Net generation,121631,megawatthours,2026-01-19 17:00:00,121631.0
2026-01-19T17,MIDA,Mid-Atlantic,TI,Total interchange,927,megawatthours,2026-01-19 17:00:00,927.0
2026-01-19T16,MIDA,Mid-Atlantic,D,Demand,119352,megawatthours,2026-01-19 16:00:00,119352.0
2026-01-19T16,MIDA,Mid-Atlantic,DF,Day-ahead demand forecast,114058,megawatthours,2026-01-19 16:00:00,114058.0
2026-01-19T16,MIDA,Mid-Atlantic,NG,Net generation,122451,megawatthours,2026-01-19 16:00:00,122451.0
2026-01-19T16,MIDA,Mid-Atlantic,TI,Total interchange,1519,megawatthours,2026-01-19 16:00:00,1519.0
2026-01-19T15,MIDA,Mid-Atlantic,D,Demand,120495,megawatthours,2026-01-19 15:00:00,120495.0
2026-01-19T15,MIDA,Mid-Atlantic,DF,Day-ahead demand forecast,116611,megawatthours,2026-01-19 15:00:00,116611.0
2026-01-19T15,MIDA,Mid-Atlantic,NG,Net generation,123405,megawatthours,2026-01-19 15:00:00,123405.0
2026-01-19T15,MIDA,Mid-Atlantic,TI,Total interchange,1467,megawatthours,2026-01-19 15:00:00,1467.0
2026-01-19T14,MIDA,Mid-Atlantic,D,Demand,122434,megawatthours,2026-01-19 14:00:00,122434.0
2026-01-19T14,MIDA,Mid-Atlantic,DF,Day-ahead demand forecast,119553,megawatthours,2026-01-19 14:00:00,119553.0
2026-01-19T14,MIDA,Mid-Atlantic,NG,Net generation,125568,megawatthours,2026-01-19 14:00:00,125568.0
2026-01-19T14,MIDA,Mid-Atlantic,TI,Total interchange,1410,megawatthours,2026-01-19 14:00:00,1410.0
2026-01-19T13,MIDA,Mid-Atlantic,D,Demand,121332,megawatthours,2026-01-19 13:00:00,121332.0
2026-01-19T13,MIDA,Mid-Atlantic,DF,Day-ahead demand forecast,122620,megawatthours,2026-01-19 13:00:00,122620.0
2026-01-19T13,MIDA,Mid-Atlantic,NG,Net generation,124508,megawatthours,2026-01-19 13:00:00,124508.0
2026-01-19T13,MIDA,Mid-Atlantic,TI,Total interchange,1298,megawatthours,2026-01-19 13:00:00,1298.0
2026-01-19T12,MIDA,Mid-Atlantic,D,Demand,116684,megawatthours,2026-01-19 12:00:00,116684.0
2026-01-19T12,MIDA,Mid-Atlantic,DF,Day-ahead demand forecast,122858,megawatthours,2026-01-19 12:00:00,122858.0
2026-01-19T12,MIDA,Mid-Atlantic,NG,Net generation,120828,megawatthours,2026-01-19 12:00:00,120828.0
2026-01-19T12,MIDA,Mid-Atlantic,TI,Total interchange,1340,megawatthours,2026-01-19 12:00:00,1340.0
2026-01-19T11,MIDA,Mid-Atlantic,D,Demand,111267,megawatthours,2026-01-19 11:00:00,111267.0
2026-01-19T11,MIDA,Mid-Atlantic,DF,Day-ahead demand forecast,118432,megawatthours,2026-01-19 11:00:00,118432.0
2026-01-19T11,MIDA,Mid-Atlantic,NG,Net generation,115885,megawatthours,2026-01-19 11:00:00,115885.0
2026-01-19T11,MIDA,Mid-Atlantic,TI,Total interchange,1216,megawatthours,2026-01-19 11:00:00,1216.0
2026-01-19T10,MIDA,Mid-Atlantic,D,Demand,108020,megawatthours,2026-01-19 10:00:00,108020.0
2026-01-19T10,MIDA,Mid-Atlantic,DF,Day-ahead demand forecast,112021,megawatthours,2026-01-19 10:00:00,112021.0
2026-01-19T10,MIDA,Mid-Atlantic,NG,Net generation,113809,megawatthours,2026-01-19 10:00:00,113809.0
2026-01-19T10,MIDA,Mid-Atlantic,TI,Total interchange,1223,megawatthours,2026-01-19 10:00:00,1223.0
2026-01-19T09,MIDA,Mid-Atlantic,D,Demand,106487,megawatthours,2026-01-19 09:00:00,106487.0
2026-01-19T09,MIDA,Mid-Atlantic,DF,Day-ahead demand forecast,107132,megawatthours,2026-01-19 09:00:00,107132.0
2026-01-19T09,MIDA,Mid-Atlantic,NG,Net generation,112569,megawatthours,2026-01-19 09:00:00,112569.0
2026-01-19T09,MIDA,Mid-Atlantic,TI,Total interchange,1501,megawatthours,2026-01-19 09:00:00,1501.0
2026-01-19T08,MIDA,Mid-Atlantic,D,Demand,106544,megawatthours,2026-01-19 08:00:00,106544.0
2026-01-19T08,MIDA,Mid-Atlantic,DF,Day-ahead demand forecast,104747,megawatthours,2026-01-19 08:00:00,104747.0
2026-01-19T08,MIDA,Mid-Atlantic,NG,Net generation,112628,megawatthours,2026-01-19 08:00:00,112628.0
2026-01-19T08,MIDA,Mid-Atlantic,TI,Total interchange,854,megawatthours,2026-01-19 08:00:00,854.0
2026-01-19T07,MIDA,Mid-Atlantic,D,Demand,106409,megawatthours,2026-01-19 07:00:00,106409.0
2026-01-19T07,MIDA,Mid-Atlantic,DF,Day-ahead demand forecast,104235,megawatthours,2026-01-19 07:00:00,104235.0
2026-01-19T07,MIDA,Mid-Atlantic,NG,Net generation,111746,megawatthours,2026-01-19 07:00:00,111746.0
2026-01-19T07,MIDA,Mid-Atlantic,TI,Total interchange,465,megawatthours,2026-01-19 07:00:00,465.0
2026-01-19T06,MIDA,Mid-Atlantic,D,Demand,106784,megawatthours,2026-01-19 06:00:00,106784.0
2026-01-19T06,MIDA,Mid-Atlantic,DF,Day-ahead demand forecast,104324,megawatthours,2026-01-19 06:00:00,104324.0
2026-01-19T06,MIDA,Mid-Atlantic,NG,Net generation,111438,megawatthours,2026-01-19 06:00:00,111438.0
2026-01-19T06,MIDA,Mid-Atlantic,TI,Total interchange,431,megawatthours,2026-01-19 06:00:00,431.0
2026-01-19T05,MIDA,Mid-Atlantic,D,Demand,108461,megawatthours,2026-01-19 05:00:00,108461.0
2026-01-19T05,MIDA,Mid-Atlantic,DF,Day-ahead demand forecast,105354,megawatthours,2026-01-19 05:00:00,105354.0
2026-01-19T05,MIDA,Mid-Atlantic,NG,Net generation,112906,megawatthours,2026-01-19 05:00:00,112906.0
2026-01-19T05,MIDA,Mid-Atlantic,TI,Total interchange,1194,megawatthours,2026-01-19 05:00:00,1194.0
2026-01-19T04,MIDA,Mid-Atlantic,D,Demand,110448,megawatthours,2026-01-19 04:00:00,110448.0
2026-01-19T04,MIDA,Mid-Atlantic,DF,Day-ahead demand forecast,107315,megawatthours,2026-01-19 04:00:00,107315.0
2026-01-19T04,MIDA,Mid-Atlantic,NG,Net generation,113571,megawatthours,2026-01-19 04:00:00,113571.0
2026-01-19T04,MIDA,Mid-Atlantic,TI,Total interchange,1077,megawatthours,2026-01-19 04:00:00,1077.0
2026-01-19T03,MIDA,Mid-Atlantic,D,Demand,112410,megawatthours,2026-01-19 03:00:00,112410.0
2026-01-19T03,MIDA,Mid-Atlantic,DF,Day-ahead demand forecast,110341,megawatthours,2026-01-19 03:00:00,110341.0
2026-01-19T03,MIDA,Mid-Atlantic,NG,Net generation,114860,megawatthours,2026-01-19 03:00:00,114860.0
2026-01-19T03,MIDA,Mid-Atlantic,TI,Total interchange,1119,megawatthours,2026-01-19 03:00:00,1119.0
2026-01-19T02,MIDA,Mid-Atlantic,D,Demand,114682,megawatthours,2026-01-19 02:00:00,114682.0
2026-01-19T02,MIDA,Mid-Atlantic,DF,Day-ahead demand forecast,113598,megawatthours,2026-01-19 02:00:00,113598.0
2026-01-19T02,MIDA,Mid-Atlantic,NG,Net generation,116852,megawatthours,2026-01-19 02:00:00,116852.0
2026-01-19T02,MIDA,Mid-Atlantic,TI,Total interchange,1235,megawatthours,2026-01-19 02:00:00,1235.0
2026-01-19T01,MIDA,Mid-Atlantic,D,Demand,115781,megawatthours,2026-01-19 01:00:00,115781.0
2026-01-19T01,MIDA,Mid-Atlantic,DF,Day-ahead demand forecast,115625,megawatthours,2026-01-19 01:00:00,115625.0
2026-01-19T01,MIDA,Mid-Atlantic,NG,Net generation,117796,megawatthours,2026-01-19 01:00:00,117796.0
2026-01-19T01,MIDA,Mid-Atlantic,TI,Total interchange,1172,megawatthours,2026-01-19 01:00:00,1172.0
2026-01-19T00,MIDA,Mid-Atlantic,D,Demand,116363,megawatthours,2026-01-19 00:00:00,116363.0
2026-01-19T00,MIDA,Mid-Atlantic,DF,Day-ahead demand forecast,115853,megawatthours,2026-01-19 00:00:00,115853.0
2026-01-19T00,MIDA,Mid-Atlantic,NG,Net generation,118176,megawatthours,2026-01-19 00:00:00,118176.0
2026-01-19T00,MIDA,Mid-Atlantic,TI,Total interchange,1298,megawatthours,2026-01-19 00:00:00,1298.0
2026-01-18T23,MIDA,Mid-Atlantic,D,Demand,114429,megawatthours,2026-01-18 23:00:00,114429.0
2026-01-18T23,MIDA,Mid-Atlantic,DF,Day-ahead demand forecast,115450,megawatthours,2026-01-18 23:00:00,115450.0
2026-01-18T23,MIDA,Mid-Atlantic,NG,Net generation,116457,megawatthours,2026-01-18 23:00:00,116457.0
2026-01-18T23,MIDA,Mid-Atlantic,TI,Total interchange,1365,megawatthours,2026-01-18 23:00:00,1365.0
2026-01-18T22,MIDA,Mid-Atlantic,D,Demand,110154,megawatthours,2026-01-18 22:00:00,110154.0
2026-01-18T22,MIDA,Mid-Atlantic,DF,Day-ahead demand forecast,113381,megawatthours,2026-01-18 22:00:00,113381.0
2026-01-18T22,MIDA,Mid-Atlantic,NG,Net generation,112181,megawatthours,2026-01-18 22:00:00,112181.0
2026-01-18T22,MIDA,Mid-Atlantic,TI,Total interchange,1551,megawatthours,2026-01-18 22:00:00,1551.0
2026-01-18T21,MIDA,Mid-Atlantic,D,Demand,107787,megawatthours,2026-01-18 21:00:00,107787.0
2026-01-18T21,MIDA,Mid-Atlantic,DF,Day-ahead demand forecast,108332,megawatthours,2026-01-18 21:00:00,108332.0
2026-01-18T21,MIDA,Mid-Atlantic,NG,Net generation,109727,megawatthours,2026-01-18 21:00:00,109727.0
2026-01-18T21,MIDA,Mid-Atlantic,TI,Total interchange,1708,megawatthours,2026-01-18 21:00:00,1708.0
2026-01-18T20,MIDA,Mid-Atlantic,D,Demand,107202,megawatthours,2026-01-18 20:00:00,107202.0
2026-01-18T20,MIDA,Mid-Atlantic,DF,Day-ahead demand forecast,104761,megawatthours,2026-01-18 20:00:00,104761.0
2026-01-18T20,MIDA,Mid-Atlantic,NG,Net generation,109320,megawatthours,2026-01-18 20:00:00,109320.0
2026-01-18T20,MIDA,Mid-Atlantic,TI,Total interchange,1614,megawatthours,2026-01-18 20:00:00,1614.0
2026-01-18T19,MIDA,Mid-Atlantic,D,Demand,106935,megawatthours,2026-01-18 19:00:00,106935.0
2026-01-18T19,MIDA,Mid-Atlantic,DF,Day-ahead demand forecast,102952,megawatthours,2026-01-18 19:00:00,102952.0
2026-01-18T19,MIDA,Mid-Atlantic,NG,Net generation,109229,megawatthours,2026-01-18 19:00:00,109229.0
2026-01-18T19,MIDA,Mid-Atlantic,TI,Total interchange,1674,megawatthours,2026-01-18 19:00:00,1674.0
2026-01-18T18,MIDA,Mid-Atlantic,D,Demand,107102,megawatthours,2026-01-18 18:00:00,107102.0
2026-01-18T18,MIDA,Mid-Atlantic,DF,Day-ahead demand forecast,103101,megawatthours,2026-01-18 18:00:00,103101.0
2026-01-18T18,MIDA,Mid-Atlantic,NG,Net generation,109691,megawatthours,2026-01-18 18:00:00,109691.0
2026-01-18T18,MIDA,Mid-Atlantic,TI,Total interchange,1694,megawatthours,2026-01-18 18:00:00,1694.0
2026-01-18T17,MIDA,Mid-Atlantic,D,Demand,107015,megawatthours,2026-01-18 17:00:00,107015.0
2026-01-18T17,MIDA,Mid-Atlantic,DF,Day-ahead demand forecast,103577,megawatthours,2026-01-18 17:00:00,103577.0
2026-01-18T17,MIDA,Mid-Atlantic,NG,Net generation,109450,megawatthours,2026-01-18 17:00:00,109450.0
2026-01-18T17,MIDA,Mid-Atlantic,TI,Total interchange,1663,megawatthours,2026-01-18 17:00:00,1663.0
2026-01-18T16,MIDA,Mid-Atlantic,D,Demand,106783,megawatthours,2026-01-18 16:00:00,106783.0
2026-01-18T16,MIDA,Mid-Atlantic,DF,Day-ahead demand forecast,104052,megawatthours,2026-01-18 16:00:00,104052.0
2026-01-18T16,MIDA,Mid-Atlantic,NG,Net generation,109249,megawatthours,2026-01-18 16:00:00,109249.0
2026-01-18T16,MIDA,Mid-Atlantic,TI,Total interchange,1646,megawatthours,2026-01-18 16:00:00,1646.0
2026-01-18T15,MIDA,Mid-Atlantic,D,Demand,106688,megawatthours,2026-01-18 15:00:00,106688.0
2026-01-18T15,MIDA,Mid-Atlantic,DF,Day-ahead demand forecast,104801,megawatthours,2026-01-18 15:00:00,104801.0
2026-01-18T15,MIDA,Mid-Atlantic,NG,Net generation,109349,megawatthours,2026-01-18 15:00:00,109349.0
2026-01-18T15,MIDA,Mid-Atlantic,TI,Total interchange,1718,megawatthours,2026-01-18 15:00:00,1718.0
2026-01-18T14,MIDA,Mid-Atlantic,D,Demand,105622,megawatthours,2026-01-18 14:00:00,105622.0
2026-01-18T14,MIDA,Mid-Atlantic,DF,Day-ahead demand forecast,105449,megawatthours,2026-01-18 14:00:00,105449.0
2026-01-18T14,MIDA,Mid-Atlantic,NG,Net generation,108791,megawatthours,2026-01-18 14:00:00,108791.0
2026-01-18T14,MIDA,Mid-Atlantic,TI,Total interchange,1581,megawatthours,2026-01-18 14:00:00,1581.0
2026-01-18T13,MIDA,Mid-Atlantic,D,Demand,103056,megawatthours,2026-01-18 13:00:00,103056.0
2026-01-18T13,MIDA,Mid-Atlantic,DF,Day-ahead demand forecast,105044,megawatthours,2026-01-18 13:00:00,105044.0
2026-01-18T13,MIDA,Mid-Atlantic,NG,Net generation,106262,megawatthours,2026-01-18 13:00:00,106262.0
2026-01-18T13,MIDA,Mid-Atlantic,TI,Total interchange,1593,megawatthours,2026-01-18 13:00:00,1593.0
2026-01-18T12,MIDA,Mid-Atlantic,D,Demand,100542,megawatthours,2026-01-18 12:00:00,100542.0
2026-01-18T12,MIDA,Mid-Atlantic,DF,Day-ahead demand forecast,103094,megawatthours,2026-01-18 12:00:00,103094.0
2026-01-18T12,MIDA,Mid-Atlantic,NG,Net generation,104432,megawatthours,2026-01-18 12:00:00,104432.0
2026-01-18T12,MIDA,Mid-Atlantic,TI,Total interchange,1533,megawatthours,2026-01-18 12:00:00,1533.0
2026-01-18T11,MIDA,Mid-Atlantic,D,Demand,98139,megawatthours,2026-01-18 11:00:00,98139.0
2026-01-18T11,MIDA,Mid-Atlantic,DF,Day-ahead demand forecast,100198,megawatthours,2026-01-18 11:00:00,100198.0
2026-01-18T11,MIDA,Mid-Atlantic,NG,Net generation,102562,megawatthours,2026-01-18 11:00:00,102562.0
2026-01-18T11,MIDA,Mid-Atlantic,TI,Total interchange,1491,megawatthours,2026-01-18 11:00:00,1491.0
2026-01-18T10,MIDA,Mid-Atlantic,D,Demand,97934,megawatthours,2026-01-18 10:00:00,97934.0
2026-01-18T10,MIDA,Mid-Atlantic,DF,Day-ahead demand forecast,97902,megawatthours,2026-01-18 10:00:00,97902.0
2026-01-18T10,MIDA,Mid-Atlantic,NG,Net generation,102406,megawatthours,2026-01-18 10:00:00,102406.0
2026-01-18T10,MIDA,Mid-Atlantic,TI,Total interchange,1386,megawatthours,2026-01-18 10:00:00,1386.0
2026-01-18T09,MIDA,Mid-Atlantic,D,Demand,97730,megawatthours,2026-01-18 09:00:00,97730.0
2026-01-18T09,MIDA,Mid-Atlantic,DF,Day-ahead demand forecast,96330,megawatthours,2026-01-18 09:00:00,96330.0
2026-01-18T09,MIDA,Mid-Atlantic,NG,Net generation,102090,megawatthours,2026-01-18 09:00:00,102090.0
2026-01-18T09,MIDA,Mid-Atlantic,TI,Total interchange,-3016,megawatthours,2026-01-18 09:00:00,-3016.0
2026-01-18T08,MIDA,Mid-Atlantic,D,Demand,98264,megawatthours,2026-01-18 08:00:00,98264.0
2026-01-18T08,MIDA,Mid-Atlantic,DF,Day-ahead demand forecast,95688,megawatthours,2026-01-18 08:00:00,95688.0
2026-01-18T08,MIDA,Mid-Atlantic,NG,Net generation,102361,megawatthours,2026-01-18 08:00:00,102361.0
2026-01-18T08,MIDA,Mid-Atlantic,TI,Total interchange,-3399,megawatthours,2026-01-18 08:00:00,-3399.0
2026-01-18T07,MIDA,Mid-Atlantic,D,Demand,99479,megawatthours,2026-01-18 07:00:00,99479.0
2026-01-18T07,MIDA,Mid-Atlantic,DF,Day-ahead demand forecast,95824,megawatthours,2026-01-18 07:00:00,95824.0
2026-01-18T07,MIDA,Mid-Atlantic,NG,Net generation,103380,megawatthours,2026-01-18 07:00:00,103380.0
2026-01-18T07,MIDA,Mid-Atlantic,TI,Total interchange,-3558,megawatthours,2026-01-18 07:00:00,-3558.0
2026-01-18T06,MIDA,Mid-Atlantic,D,Demand,100965,megawatthours,2026-01-18 06:00:00,100965.0
2026-01-18T06,MIDA,Mid-Atlantic,DF,Day-ahead demand forecast,96875,megawatthours,2026-01-18 06:00:00,96875.0
2026-01-18T06,MIDA,Mid-Atlantic,NG,Net generation,104918,megawatthours,2026-01-18 06:00:00,104918.0
2026-01-18T06,MIDA,Mid-Atlantic,TI,Total interchange,-3922,megawatthours,2026-01-18 06:00:00,-3922.0
2026-01-18T05,MIDA,Mid-Atlantic,D,Demand,102569,megawatthours,2026-01-18 05:00:00,102569.0
2026-01-18T05,MIDA,Mid-Atlantic,DF,Day-ahead demand forecast,98098,megawatthours,2026-01-18 05:00:00,98098.0
2026-01-18T05,MIDA,Mid-Atlantic,NG,Net generation,106185,megawatthours,2026-01-18 05:00:00,106185.0
2026-01-18T05,MIDA,Mid-Atlantic,TI,Total interchange,1314,megawatthours,2026-01-18 05:00:00,1314.0
2026-01-18T04,MIDA,Mid-Atlantic,D,Demand,104184,megawatthours,2026-01-18 04:00:00,104184.0
2026-01-18T04,MIDA,Mid-Atlantic,DF,Day-ahead demand forecast,100430,megawatthours,2026-01-18 04:00:00,100430.0
2026-01-18T04,MIDA,Mid-Atlantic,NG,Net generation,106673,megawatthours,2026-01-18 04:00:00,106673.0
2026-01-18T04,MIDA,Mid-Atlantic,TI,Total interchange,1250,megawatthours,2026-01-18 04:00:00,1250.0
2026-01-18T03,MIDA,Mid-Atlantic,D,Demand,106107,megawatthours,2026-01-18 03:00:00,106107.0
2026-01-18T03,MIDA,Mid-Atlantic,DF,Day-ahead demand forecast,103210,megawatthours,2026-01-18 03:00:00,103210.0
2026-01-18T03,MIDA,Mid-Atlantic,NG,Net generation,108591,megawatthours,2026-01-18 03:00:00,108591.0
2026-01-18T03,MIDA,Mid-Atlantic,TI,Total interchange,1165,megawatthours,2026-01-18 03:00:00,1165.0
2026-01-18T02,MIDA,Mid-Atlantic,D,Demand,107887,megawatthours,2026-01-18 02:00:00,107887.0
2026-01-18T02,MIDA,Mid-Atlantic,DF,Day-ahead demand forecast,105508,megawatthours,2026-01-18 02:00:00,105508.0
2026-01-18T02,MIDA,Mid-Atlantic,NG,Net generation,110120,megawatthours,2026-01-18 02:00:00,110120.0
2026-01-18T02,MIDA,Mid-Atlantic,TI,Total interchange,1346,megawatthours,2026-01-18 02:00:00,1346.0
2026-01-18T01,MIDA,Mid-Atlantic,D,Demand,108443,megawatthours,2026-01-18 01:00:00,108443.0
2026-01-18T01,MIDA,Mid-Atlantic,DF,Day-ahead demand forecast,107007,megawatthours,2026-01-18 01:00:00,107007.0
2026-01-18T01,MIDA,Mid-Atlantic,NG,Net generation,109895,megawatthours,2026-01-18 01:00:00,109895.0
2026-01-18T01,MIDA,Mid-Atlantic,TI,Total interchange,1060,megawatthours,2026-01-18 01:00:00,1060.0
2026-01-18T00,MIDA,Mid-Atlantic,D,Demand,109160,megawatthours,2026-01-18 00:00:00,109160.0
2026-01-18T00,MIDA,Mid-Atlantic,DF,Day-ahead demand forecast,107423,megawatthours,2026-01-18 00:00:00,107423.0
2026-01-18T00,MIDA,Mid-Atlantic,NG,Net generation,110510,megawatthours,2026-01-18 00:00:00,110510.0
2026-01-18T00,MIDA,Mid-Atlantic,TI,Total interchange,989,megawatthours,2026-01-18 00:00:00,989.0
2026-01-17T23,MIDA,Mid-Atlantic,D,Demand,107014,megawatthours,2026-01-17 23:00:00,107014.0
2026-01-17T23,MIDA,Mid-Atlantic,DF,Day-ahead demand forecast,107011,megawatthours,2026-01-17 23:00:00,107011.0
2026-01-17T23,MIDA,Mid-Atlantic,NG,Net generation,107633,megawatthours,2026-01-17 23:00:00,107633.0
2026-01-17T23,MIDA,Mid-Atlantic,TI,Total interchange,762,megawatthours,2026-01-17 23:00:00,762.0
2026-01-17T22,MIDA,Mid-Atlantic,D,Demand,104204,megawatthours,2026-01-17 22:00:00,104204.0
2026-01-17T22,MIDA,Mid-Atlantic,DF,Day-ahead demand forecast,104725,megawatthours,2026-01-17 22:00:00,104725.0
2026-01-17T22,MIDA,Mid-Atlantic,NG,Net generation,105455,megawatthours,2026-01-17 22:00:00,105455.0
2026-01-17T22,MIDA,Mid-Atlantic,TI,Total interchange,729,megawatthours,2026-01-17 22:00:00,729.0
2026-01-17T21,MIDA,Mid-Atlantic,D,Demand,103682,megawatthours,2026-01-17 21:00:00,103682.0
2026-01-17T21,MIDA,Mid-Atlantic,DF,Day-ahead demand forecast,101207,megawatthours,2026-01-17 21:00:00,101207.0
2026-01-17T21,MIDA,Mid-Atlantic,NG,Net generation,104893,megawatthours,2026-01-17 21:00:00,104893.0
2026-01-17T21,MIDA,Mid-Atlantic,TI,Total interchange,878,megawatthours,2026-01-17 21:00:00,878.0
2026-01-17T20,MIDA,Mid-Atlantic,D,Demand,104818,megawatthours,2026-01-17 20:00:00,104818.0
2026-01-17T20,MIDA,Mid-Atlantic,DF,Day-ahead demand forecast,98794,megawatthours,2026-01-17 20:00:00,98794.0
2026-01-17T20,MIDA,Mid-Atlantic,NG,Net generation,106071,megawatthours,2026-01-17 20:00:00,106071.0
2026-01-17T20,MIDA,Mid-Atlantic,TI,Total interchange,842,megawatthours,2026-01-17 20:00:00,842.0
2026-01-17T19,MIDA,Mid-Atlantic,D,Demand,105834,megawatthours,2026-01-17 19:00:00,105834.0
2026-01-17T19,MIDA,Mid-Atlantic,DF,Day-ahead demand forecast,98414,megawatthours,2026-01-17 19:00:00,98414.0
2026-01-17T19,MIDA,Mid-Atlantic,NG,Net generation,106646,megawatthours,2026-01-17 19:00:00,106646.0
2026-01-17T19,MIDA,Mid-Atlantic,TI,Total interchange,1107,megawatthours,2026-01-17 19:00:00,1107.0
2026-01-17T18,MIDA,Mid-Atlantic,D,Demand,106478,megawatthours,2026-01-17 18:00:00,106478.0
2026-01-17T18,MIDA,Mid-Atlantic,DF,Day-ahead demand forecast,99468,megawatthours,2026-01-17 18:00:00,99468.0
2026-01-17T18,MIDA,Mid-Atlantic,NG,Net generation,107143,megawatthours,2026-01-17 18:00:00,107143.0
2026-01-17T18,MIDA,Mid-Atlantic,TI,Total interchange,1022,megawatthours,2026-01-17 18:00:00,1022.0
2026-01-17T17,MIDA,Mid-Atlantic,D,Demand,107637,megawatthours,2026-01-17 17:00:00,107637.0
2026-01-17T17,MIDA,Mid-Atlantic,DF,Day-ahead demand forecast,100939,megawatthours,2026-01-17 17:00:00,100939.0
2026-01-17T17,MIDA,Mid-Atlantic,NG,Net generation,108427,megawatthours,2026-01-17 17:00:00,108427.0
2026-01-17T17,MIDA,Mid-Atlantic,TI,Total interchange,461,megawatthours,2026-01-17 17:00:00,461.0
2026-01-17T16,MIDA,Mid-Atlantic,D,Demand,107133,megawatthours,2026-01-17 16:00:00,107133.0
2026-01-17T16,MIDA,Mid-Atlantic,DF,Day-ahead demand forecast,102779,megawatthours,2026-01-17 16:00:00,102779.0
2026-01-17T16,MIDA,Mid-Atlantic,NG,Net generation,108179,megawatthours,2026-01-17 16:00:00,108179.0
2026-01-17T16,MIDA,Mid-Atlantic,TI,Total interchange,436,megawatthours,2026-01-17 16:00:00,436.0
2026-01-17T15,MIDA,Mid-Atlantic,D,Demand,106006,megawatthours,2026-01-17 15:00:00,106006.0
2026-01-17T15,MIDA,Mid-Atlantic,DF,Day-ahead demand forecast,104696,megawatthours,2026-01-17 15:00:00,104696.0
2026-01-17T15,MIDA,Mid-Atlantic,NG,Net generation,107020,megawatthours,2026-01-17 15:00:00,107020.0
2026-01-17T15,MIDA,Mid-Atlantic,TI,Total interchange,781,megawatthours,2026-01-17 15:00:00,781.0
2026-01-17T14,MIDA,Mid-Atlantic,D,Demand,104465,megawatthours,2026-01-17 14:00:00,104465.0
2026-01-17T14,MIDA,Mid-Atlantic,DF,Day-ahead demand forecast,105963,megawatthours,2026-01-17 14:00:00,105963.0
2026-01-17T14,MIDA,Mid-Atlantic,NG,Net generation,105781,megawatthours,2026-01-17 14:00:00,105781.0
2026-01-17T14,MIDA,Mid-Atlantic,TI,Total interchange,774,megawatthours,2026-01-17 14:00:00,774.0
2026-01-17T13,MIDA,Mid-Atlantic,D,Demand,102083,megawatthours,2026-01-17 13:00:00,102083.0
2026-01-17T13,MIDA,Mid-Atlantic,DF,Day-ahead demand forecast,106345,megawatthours,2026-01-17 13:00:00,106345.0
2026-01-17T13,MIDA,Mid-Atlantic,NG,Net generation,103523,megawatthours,2026-01-17 13:00:00,103523.0
2026-01-17T13,MIDA,Mid-Atlantic,TI,Total interchange,931,megawatthours,2026-01-17 13:00:00,931.0
2026-01-17T12,MIDA,Mid-Atlantic,D,Demand,99764,megawatthours,2026-01-17 12:00:00,99764.0
2026-01-17T12,MIDA,Mid-Atlantic,DF,Day-ahead demand forecast,104671,megawatthours,2026-01-17 12:00:00,104671.0
2026-01-17T12,MIDA,Mid-Atlantic,NG,Net generation,101877,megawatthours,2026-01-17 12:00:00,101877.0
2026-01-17T12,MIDA,Mid-Atlantic,TI,Total interchange,985,megawatthours,2026-01-17 12:00:00,985.0
2026-01-17T11,MIDA,Mid-Atlantic,D,Demand,98574,megawatthours,2026-01-17 11:00:00,98574.0
2026-01-17T11,MIDA,Mid-Atlantic,DF,Day-ahead demand forecast,101801,megawatthours,2026-01-17 11:00:00,101801.0
2026-01-17T11,MIDA,Mid-Atlantic,NG,Net generation,100733,megawatthours,2026-01-17 11:00:00,100733.0
2026-01-17T11,MIDA,Mid-Atlantic,TI,Total interchange,874,megawatthours,2026-01-17 11:00:00,874.0
2026-01-17T10,MIDA,Mid-Atlantic,D,Demand,98156,megawatthours,2026-01-17 10:00:00,98156.0
2026-01-17T10,MIDA,Mid-Atlantic,DF,Day-ahead demand forecast,98943,megawatthours,2026-01-17 10:00:00,98943.0
2026-01-17T10,MIDA,Mid-Atlantic,NG,Net generation,100108,megawatthours,2026-01-17 10:00:00,100108.0
2026-01-17T10,MIDA,Mid-Atlantic,TI,Total interchange,1092,megawatthours,2026-01-17 10:00:00,1092.0
2026-01-17T09,MIDA,Mid-Atlantic,D,Demand,98472,megawatthours,2026-01-17 09:00:00,98472.0
2026-01-17T09,MIDA,Mid-Atlantic,DF,Day-ahead demand forecast,97244,megawatthours,2026-01-17 09:00:00,97244.0
2026-01-17T09,MIDA,Mid-Atlantic,NG,Net generation,100898,megawatthours,2026-01-17 09:00:00,100898.0
2026-01-17T09,MIDA,Mid-Atlantic,TI,Total interchange,-506,megawatthours,2026-01-17 09:00:00,-506.0
2026-01-17T08,MIDA,Mid-Atlantic,D,Demand,99313,megawatthours,2026-01-17 08:00:00,99313.0
2026-01-17T08,MIDA,Mid-Atlantic,DF,Day-ahead demand forecast,97142,megawatthours,2026-01-17 08:00:00,97142.0
2026-01-17T08,MIDA,Mid-Atlantic,NG,Net generation,102304,megawatthours,2026-01-17 08:00:00,102304.0
2026-01-17T08,MIDA,Mid-Atlantic,TI,Total interchange,-325,megawatthours,2026-01-17 08:00:00,-325.0
2026-01-17T07,MIDA,Mid-Atlantic,D,Demand,100038,megawatthours,2026-01-17 07:00:00,100038.0
2026-01-17T07,MIDA,Mid-Atlantic,DF,Day-ahead demand forecast,97704,megawatthours,2026-01-17 07:00:00,97704.0
2026-01-17T07,MIDA,Mid-Atlantic,NG,Net generation,102656,megawatthours,2026-01-17 07:00:00,102656.0
2026-01-17T07,MIDA,Mid-Atlantic,TI,Total interchange,-298,megawatthours,2026-01-17 07:00:00,-298.0
2026-01-17T06,MIDA,Mid-Atlantic,D,Demand,101246,megawatthours,2026-01-17 06:00:00,101246.0
2026-01-17T06,MIDA,Mid-Atlantic,DF,Day-ahead demand forecast,99093,megawatthours,2026-01-17 06:00:00,99093.0
2026-01-17T06,MIDA,Mid-Atlantic,NG,Net generation,103407,megawatthours,2026-01-17 06:00:00,103407.0
2026-01-17T06,MIDA,Mid-Atlantic,TI,Total interchange,-483,megawatthours,2026-01-17 06:00:00,-483.0
2026-01-17T05,MIDA,Mid-Atlantic,D,Demand,104063,megawatthours,2026-01-17 05:00:00,104063.0
2026-01-17T05,MIDA,Mid-Atlantic,DF,Day-ahead demand forecast,99968,megawatthours,2026-01-17 05:00:00,99968.0
2026-01-17T05,MIDA,Mid-Atlantic,NG,Net generation,106529,megawatthours,2026-01-17 05:00:00,106529.0
2026-01-17T05,MIDA,Mid-Atlantic,TI,Total interchange,1203,megawatthours,2026-01-17 05:00:00,1203.0
2026-01-17T04,MIDA,Mid-Atlantic,D,Demand,107154,megawatthours,2026-01-17 04:00:00,107154.0
2026-01-17T04,MIDA,Mid-Atlantic,DF,Day-ahead demand forecast,102687,megawatthours,2026-01-17 04:00:00,102687.0
2026-01-17T04,MIDA,Mid-Atlantic,NG,Net generation,109818,megawatthours,2026-01-17 04:00:00,109818.0
2026-01-17T04,MIDA,Mid-Atlantic,TI,Total interchange,1267,megawatthours,2026-01-17 04:00:00,1267.0
2026-01-17T03,MIDA,Mid-Atlantic,D,Demand,110356,megawatthours,2026-01-17 03:00:00,110356.0
2026-01-17T03,MIDA,Mid-Atlantic,DF,Day-ahead demand forecast,106677,megawatthours,2026-01-17 03:00:00,106677.0
2026-01-17T03,MIDA,Mid-Atlantic,NG,Net generation,112614,megawatthours,2026-01-17 03:00:00,112614.0
2026-01-17T03,MIDA,Mid-Atlantic,TI,Total interchange,1279,megawatthours,2026-01-17 03:00:00,1279.0
2026-01-17T02,MIDA,Mid-Atlantic,D,Demand,112766,megawatthours,2026-01-17 02:00:00,112766.0
2026-01-17T02,MIDA,Mid-Atlantic,DF,Day-ahead demand forecast,110344,megawatthours,2026-01-17 02:00:00,110344.0
2026-01-17T02,MIDA,Mid-Atlantic,NG,Net generation,115173,megawatthours,2026-01-17 02:00:00,115173.0
2026-01-17T02,MIDA,Mid-Atlantic,TI,Total interchange,1540,megawatthours,2026-01-17 02:00:00,1540.0
2026-01-17T01,MIDA,Mid-Atlantic,D,Demand,114966,megawatthours,2026-01-17 01:00:00,114966.0
2026-01-17T01,MIDA,Mid-Atlantic,DF,Day-ahead demand forecast,112992,megawatthours,2026-01-17 01:00:00,112992.0
2026-01-17T01,MIDA,Mid-Atlantic,NG,Net generation,116577,megawatthours,2026-01-17 01:00:00,116577.0
2026-01-17T01,MIDA,Mid-Atlantic,TI,Total interchange,1668,megawatthours,2026-01-17 01:00:00,1668.0
2026-01-17T00,MIDA,Mid-Atlantic,D,Demand,116746,megawatthours,2026-01-17 00:00:00,116746.0
2026-01-17T00,MIDA,Mid-Atlantic,DF,Day-ahead demand forecast,114210,megawatthours,2026-01-17 00:00:00,114210.0
2026-01-17T00,MIDA,Mid-Atlantic,NG,Net generation,118050,megawatthours,2026-01-17 00:00:00,118050.0
2026-01-17T00,MIDA,Mid-Atlantic,TI,Total interchange,1627,megawatthours,2026-01-17 00:00:00,1627.0
2026-01-16T23,MIDA,Mid-Atlantic,D,Demand,116668,megawatthours,2026-01-16 23:00:00,116668.0
2026-01-16T23,MIDA,Mid-Atlantic,DF,Day-ahead demand forecast,115508,megawatthours,2026-01-16 23:00:00,115508.0
2026-01-16T23,MIDA,Mid-Atlantic,NG,Net generation,117830,megawatthours,2026-01-16 23:00:00,117830.0
2026-01-16T23,MIDA,Mid-Atlantic,TI,Total interchange,1642,megawatthours,2026-01-16 23:00:00,1642.0
2026-01-16T22,MIDA,Mid-Atlantic,D,Demand,113716,megawatthours,2026-01-16 22:00:00,113716.0
2026-01-16T22,MIDA,Mid-Atlantic,DF,Day-ahead demand forecast,114998,megawatthours,2026-01-16 22:00:00,114998.0
2026-01-16T22,MIDA,Mid-Atlantic,NG,Net generation,115282,megawatthours,2026-01-16 22:00:00,115282.0
2026-01-16T22,MIDA,Mid-Atlantic,TI,Total interchange,1545,megawatthours,2026-01-16 22:00:00,1545.0
2026-01-16T21,MIDA,Mid-Atlantic,D,Demand,113717,megawatthours,2026-01-16 21:00:00,113717.0
2026-01-16T21,MIDA,Mid-Atlantic,DF,Day-ahead demand forecast,111425,megawatthours,2026-01-16 21:00:00,111425.0
2026-01-16T21,MIDA,Mid-Atlantic,NG,Net generation,115514,megawatthours,2026-01-16 21:00:00,115514.0
2026-01-16T21,MIDA,Mid-Atlantic,TI,Total interchange,1601,megawatthours,2026-01-16 21:00:00,1601.0
2026-01-16T20,MIDA,Mid-Atlantic,D,Demand,113859,megawatthours,2026-01-16 20:00:00,113859.0
2026-01-16T20,MIDA,Mid-Atlantic,DF,Day-ahead demand forecast,108823,megawatthours,2026-01-16 20:00:00,108823.0
2026-01-16T20,MIDA,Mid-Atlantic,NG,Net generation,115961,megawatthours,2026-01-16 20:00:00,115961.0
2026-01-16T20,MIDA,Mid-Atlantic,TI,Total interchange,1860,megawatthours,2026-01-16 20:00:00,1860.0
2026-01-16T19,MIDA,Mid-Atlantic,D,Demand,115983,megawatthours,2026-01-16 19:00:00,115983.0
2026-01-16T19,MIDA,Mid-Atlantic,DF,Day-ahead demand forecast,108613,megawatthours,2026-01-16 19:00:00,108613.0
2026-01-16T19,MIDA,Mid-Atlantic,NG,Net generation,117624,megawatthours,2026-01-16 19:00:00,117624.0
2026-01-16T19,MIDA,Mid-Atlantic,TI,Total interchange,1558,megawatthours,2026-01-16 19:00:00,1558.0
2026-01-16T18,MIDA,Mid-Atlantic,D,Demand,117508,megawatthours,2026-01-16 18:00:00,117508.0
2026-01-16T18,MIDA,Mid-Atlantic,DF,Day-ahead demand forecast,109449,megawatthours,2026-01-16 18:00:00,109449.0
2026-01-16T18,MIDA,Mid-Atlantic,NG,Net generation,118207,megawatthours,2026-01-16 18:00:00,118207.0
2026-01-16T18,MIDA,Mid-Atlantic,TI,Total interchange,1670,megawatthours,2026-01-16 18:00:00,1670.0
2026-01-16T17,MIDA,Mid-Atlantic,D,Demand,118408,megawatthours,2026-01-16 17:00:00,118408.0
2026-01-16T17,MIDA,Mid-Atlantic,DF,Day-ahead demand forecast,111163,megawatthours,2026-01-16 17:00:00,111163.0
2026-01-16T17,MIDA,Mid-Atlantic,NG,Net generation,119585,megawatthours,2026-01-16 17:00:00,119585.0
2026-01-16T17,MIDA,Mid-Atlantic,TI,Total interchange,1610,megawatthours,2026-01-16 17:00:00,1610.0
2026-01-16T16,MIDA,Mid-Atlantic,D,Demand,119141,megawatthours,2026-01-16 16:00:00,119141.0
2026-01-16T16,MIDA,Mid-Atlantic,DF,Day-ahead demand forecast,113380,megawatthours,2026-01-16 16:00:00,113380.0
2026-01-16T16,MIDA,Mid-Atlantic,NG,Net generation,121582,megawatthours,2026-01-16 16:00:00,121582.0
2026-01-16T16,MIDA,Mid-Atlantic,TI,Total interchange,1436,megawatthours,2026-01-16 16:00:00,1436.0
2026-01-16T15,MIDA,Mid-Atlantic,D,Demand,120831,megawatthours,2026-01-16 15:00:00,120831.0
2026-01-16T15,MIDA,Mid-Atlantic,DF,Day-ahead demand forecast,116328,megawatthours,2026-01-16 15:00:00,116328.0
2026-01-16T15,MIDA,Mid-Atlantic,NG,Net generation,123901,megawatthours,2026-01-16 15:00:00,123901.0
2026-01-16T15,MIDA,Mid-Atlantic,TI,Total interchange,1165,megawatthours,2026-01-16 15:00:00,1165.0
2026-01-16T14,MIDA,Mid-Atlantic,D,Demand,124498,megawatthours,2026-01-16 14:00:00,124498.0
2026-01-16T14,MIDA,Mid-Atlantic,DF,Day-ahead demand forecast,119672,megawatthours,2026-01-16 14:00:00,119672.0
2026-01-16T14,MIDA,Mid-Atlantic,NG,Net generation,126925,megawatthours,2026-01-16 14:00:00,126925.0
2026-01-16T14,MIDA,Mid-Atlantic,TI,Total interchange,1104,megawatthours,2026-01-16 14:00:00,1104.0
2026-01-16T13,MIDA,Mid-Atlantic,D,Demand,125819,megawatthours,2026-01-16 13:00:00,125819.0
2026-01-16T13,MIDA,Mid-Atlantic,DF,Day-ahead demand forecast,122907,megawatthours,2026-01-16 13:00:00,122907.0
2026-01-16T13,MIDA,Mid-Atlantic,NG,Net generation,127001,megawatthours,2026-01-16 13:00:00,127001.0
2026-01-16T13,MIDA,Mid-Atlantic,TI,Total interchange,1219,megawatthours,2026-01-16 13:00:00,1219.0
2026-01-16T12,MIDA,Mid-Atlantic,D,Demand,121371,megawatthours,2026-01-16 12:00:00,121371.0
2026-01-16T12,MIDA,Mid-Atlantic,DF,Day-ahead demand forecast,123140,megawatthours,2026-01-16 12:00:00,123140.0
2026-01-16T12,MIDA,Mid-Atlantic,NG,Net generation,123059,megawatthours,2026-01-16 12:00:00,123059.0
2026-01-16T12,MIDA,Mid-Atlantic,TI,Total interchange,1171,megawatthours,2026-01-16 12:00:00,1171.0
2026-01-16T11,MIDA,Mid-Atlantic,D,Demand,114857,megawatthours,2026-01-16 11:00:00,114857.0
2026-01-16T11,MIDA,Mid-Atlantic,DF,Day-ahead demand forecast,118945,megawatthours,2026-01-16 11:00:00,118945.0
2026-01-16T11,MIDA,Mid-Atlantic,NG,Net generation,116938,megawatthours,2026-01-16 11:00:00,116938.0
2026-01-16T11,MIDA,Mid-Atlantic,TI,Total interchange,1222,megawatthours,2026-01-16 11:00:00,1222.0
2026-01-16T10,MIDA,Mid-Atlantic,D,Demand,110903,megawatthours,2026-01-16 10:00:00,110903.0
2026-01-16T10,MIDA,Mid-Atlantic,DF,Day-ahead demand forecast,112854,megawatthours,2026-01-16 10:00:00,112854.0
2026-01-16T10,MIDA,Mid-Atlantic,NG,Net generation,113073,megawatthours,2026-01-16 10:00:00,113073.0
2026-01-16T10,MIDA,Mid-Atlantic,TI,Total interchange,1326,megawatthours,2026-01-16 10:00:00,1326.0
2026-01-16T09,MIDA,Mid-Atlantic,D,Demand,109963,megawatthours,2026-01-16 09:00:00,109963.0
2026-01-16T09,MIDA,Mid-Atlantic,DF,Day-ahead demand forecast,109019,megawatthours,2026-01-16 09:00:00,109019.0
2026-01-16T09,MIDA,Mid-Atlantic,NG,Net generation,112360,megawatthours,2026-01-16 09:00:00,112360.0
2026-01-16T09,MIDA,Mid-Atlantic,TI,Total interchange,2715,megawatthours,2026-01-16 09:00:00,2715.0
2026-01-16T08,MIDA,Mid-Atlantic,D,Demand,110283,megawatthours,2026-01-16 08:00:00,110283.0
2026-01-16T08,MIDA,Mid-Atlantic,DF,Day-ahead demand forecast,107122,megawatthours,2026-01-16 08:00:00,107122.0
2026-01-16T08,MIDA,Mid-Atlantic,NG,Net generation,112517,megawatthours,2026-01-16 08:00:00,112517.0
2026-01-16T08,MIDA,Mid-Atlantic,TI,Total interchange,3037,megawatthours,2026-01-16 08:00:00,3037.0
2026-01-16T07,MIDA,Mid-Atlantic,D,Demand,110801,megawatthours,2026-01-16 07:00:00,110801.0
2026-01-16T07,MIDA,Mid-Atlantic,DF,Day-ahead demand forecast,107275,megawatthours,2026-01-16 07:00:00,107275.0
2026-01-16T07,MIDA,Mid-Atlantic,NG,Net generation,113584,megawatthours,2026-01-16 07:00:00,113584.0
2026-01-16T07,MIDA,Mid-Atlantic,TI,Total interchange,3118,megawatthours,2026-01-16 07:00:00,3118.0
2026-01-16T06,MIDA,Mid-Atlantic,D,Demand,111774,megawatthours,2026-01-16 06:00:00,111774.0
2026-01-16T06,MIDA,Mid-Atlantic,DF,Day-ahead demand forecast,107663,megawatthours,2026-01-16 06:00:00,107663.0
2026-01-16T06,MIDA,Mid-Atlantic,NG,Net generation,115434,megawatthours,2026-01-16 06:00:00,115434.0
2026-01-16T06,MIDA,Mid-Atlantic,TI,Total interchange,3958,megawatthours,2026-01-16 06:00:00,3958.0
2026-01-16T05,MIDA,Mid-Atlantic,D,Demand,113662,megawatthours,2026-01-16 05:00:00,113662.0
2026-01-16T05,MIDA,Mid-Atlantic,DF,Day-ahead demand forecast,108930,megawatthours,2026-01-16 05:00:00,108930.0
2026-01-16T05,MIDA,Mid-Atlantic,NG,Net generation,117079,megawatthours,2026-01-16 05:00:00,117079.0
2026-01-16T05,MIDA,Mid-Atlantic,TI,Total interchange,1518,megawatthours,2026-01-16 05:00:00,1518.0
2026-01-16T04,MIDA,Mid-Atlantic,D,Demand,116621,megawatthours,2026-01-16 04:00:00,116621.0
2026-01-16T04,MIDA,Mid-Atlantic,DF,Day-ahead demand forecast,111911,megawatthours,2026-01-16 04:00:00,111911.0
2026-01-16T04,MIDA,Mid-Atlantic,NG,Net generation,120385,megawatthours,2026-01-16 04:00:00,120385.0
2026-01-16T04,MIDA,Mid-Atlantic,TI,Total interchange,1353,megawatthours,2026-01-16 04:00:00,1353.0
2026-01-16T03,MIDA,Mid-Atlantic,D,Demand,120746,megawatthours,2026-01-16 03:00:00,120746.0
2026-01-16T03,MIDA,Mid-Atlantic,DF,Day-ahead demand forecast,115253,megawatthours,2026-01-16 03:00:00,115253.0
2026-01-16T03,MIDA,Mid-Atlantic,NG,Net generation,124570,megawatthours,2026-01-16 03:00:00,124570.0
2026-01-16T03,MIDA,Mid-Atlantic,TI,Total interchange,1264,megawatthours,2026-01-16 03:00:00,1264.0
2026-01-16T02,MIDA,Mid-Atlantic,D,Demand,123098,megawatthours,2026-01-16 02:00:00,123098.0
2026-01-16T02,MIDA,Mid-Atlantic,DF,Day-ahead demand forecast,119580,megawatthours,2026-01-16 02:00:00,119580.0
2026-01-16T02,MIDA,Mid-Atlantic,NG,Net generation,127402,megawatthours,2026-01-16 02:00:00,127402.0
2026-01-16T02,MIDA,Mid-Atlantic,TI,Total interchange,1494,megawatthours,2026-01-16 02:00:00,1494.0
2026-01-16T01,MIDA,Mid-Atlantic,D,Demand,124165,megawatthours,2026-01-16 01:00:00,124165.0
2026-01-16T01,MIDA,Mid-Atlantic,DF,Day-ahead demand forecast,122425,megawatthours,2026-01-16 01:00:00,122425.0
2026-01-16T01,MIDA,Mid-Atlantic,NG,Net generation,127713,megawatthours,2026-01-16 01:00:00,127713.0
2026-01-16T01,MIDA,Mid-Atlantic,TI,Total interchange,1701,megawatthours,2026-01-16 01:00:00,1701.0
2026-01-16T00,MIDA,Mid-Atlantic,D,Demand,124048,megawatthours,2026-01-16 00:00:00,124048.0
2026-01-16T00,MIDA,Mid-Atlantic,DF,Day-ahead demand forecast,123664,megawatthours,2026-01-16 00:00:00,123664.0
2026-01-16T00,MIDA,Mid-Atlantic,NG,Net generation,126897,megawatthours,2026-01-16 00:00:00,126897.0
2026-01-16T00,MIDA,Mid-Atlantic,TI,Total interchange,1939,megawatthours,2026-01-16 00:00:00,1939.0
2026-01-15T23,MIDA,Mid-Atlantic,D,Demand,121335,megawatthours,2026-01-15 23:00:00,121335.0
2026-01-15T23,MIDA,Mid-Atlantic,DF,Day-ahead demand forecast,123754,megawatthours,2026-01-15 23:00:00,123754.0
2026-01-15T23,MIDA,Mid-Atlantic,NG,Net generation,122877,megawatthours,2026-01-15 23:00:00,122877.0
2026-01-15T23,MIDA,Mid-Atlantic,TI,Total interchange,1901,megawatthours,2026-01-15 23:00:00,1901.0
2026-01-15T22,MIDA,Mid-Atlantic,D,Demand,115469,megawatthours,2026-01-15 22:00:00,115469.0
2026-01-15T22,MIDA,Mid-Atlantic,DF,Day-ahead demand forecast,122629,megawatthours,2026-01-15 22:00:00,122629.0
2026-01-15T22,MIDA,Mid-Atlantic,NG,Net generation,116630,megawatthours,2026-01-15 22:00:00,116630.0
2026-01-15T22,MIDA,Mid-Atlantic,TI,Total interchange,1895,megawatthours,2026-01-15 22:00:00,1895.0
2026-01-15T21,MIDA,Mid-Atlantic,D,Demand,111935,megawatthours,2026-01-15 21:00:00,111935.0
2026-01-15T21,MIDA,Mid-Atlantic,DF,Day-ahead demand forecast,117666,megawatthours,2026-01-15 21:00:00,117666.0
2026-01-15T21,MIDA,Mid-Atlantic,NG,Net generation,112694,megawatthours,2026-01-15 21:00:00,112694.0
2026-01-15T21,MIDA,Mid-Atlantic,TI,Total interchange,1850,megawatthours,2026-01-15 21:00:00,1850.0
2026-01-15T20,MIDA,Mid-Atlantic,D,Demand,111034,megawatthours,2026-01-15 20:00:00,111034.0
2026-01-15T20,MIDA,Mid-Atlantic,DF,Day-ahead demand forecast,114229,megawatthours,2026-01-15 20:00:00,114229.0
2026-01-15T20,MIDA,Mid-Atlantic,NG,Net generation,112154,megawatthours,2026-01-15 20:00:00,112154.0
2026-01-15T20,MIDA,Mid-Atlantic,TI,Total interchange,1880,megawatthours,2026-01-15 20:00:00,1880.0
2026-01-15T19,MIDA,Mid-Atlantic,D,Demand,110930,megawatthours,2026-01-15 19:00:00,110930.0
2026-01-15T19,MIDA,Mid-Atlantic,DF,Day-ahead demand forecast,112530,megawatthours,2026-01-15 19:00:00,112530.0
2026-01-15T19,MIDA,Mid-Atlantic,NG,Net generation,111920,megawatthours,2026-01-15 19:00:00,111920.0
2026-01-15T19,MIDA,Mid-Atlantic,TI,Total interchange,1742,megawatthours,2026-01-15 19:00:00,1742.0
2026-01-15T18,MIDA,Mid-Atlantic,D,Demand,111353,megawatthours,2026-01-15 18:00:00,111353.0
2026-01-15T18,MIDA,Mid-Atlantic,DF,Day-ahead demand forecast,112402,megawatthours,2026-01-15 18:00:00,112402.0
2026-01-15T18,MIDA,Mid-Atlantic,NG,Net generation,112389,megawatthours,2026-01-15 18:00:00,112389.0
2026-01-15T18,MIDA,Mid-Atlantic,TI,Total interchange,1290,megawatthours,2026-01-15 18:00:00,1290.0
2026-01-15T17,MIDA,Mid-Atlantic,D,Demand,112094,megawatthours,2026-01-15 17:00:00,112094.0
2026-01-15T17,MIDA,Mid-Atlantic,DF,Day-ahead demand forecast,112625,megawatthours,2026-01-15 17:00:00,112625.0
2026-01-15T17,MIDA,Mid-Atlantic,NG,Net generation,113318,megawatthours,2026-01-15 17:00:00,113318.0
2026-01-15T17,MIDA,Mid-Atlantic,TI,Total interchange,1141,megawatthours,2026-01-15 17:00:00,1141.0
2026-01-15T16,MIDA,Mid-Atlantic,D,Demand,113211,megawatthours,2026-01-15 16:00:00,113211.0
2026-01-15T16,MIDA,Mid-Atlantic,DF,Day-ahead demand forecast,113163,megawatthours,2026-01-15 16:00:00,113163.0
2026-01-15T16,MIDA,Mid-Atlantic,NG,Net generation,115271,megawatthours,2026-01-15 16:00:00,115271.0
2026-01-15T16,MIDA,Mid-Atlantic,TI,Total interchange,1184,megawatthours,2026-01-15 16:00:00,1184.0
2026-01-15T15,MIDA,Mid-Atlantic,D,Demand,114621,megawatthours,2026-01-15 15:00:00,114621.0
2026-01-15T15,MIDA,Mid-Atlantic,DF,Day-ahead demand forecast,114344,megawatthours,2026-01-15 15:00:00,114344.0
2026-01-15T15,MIDA,Mid-Atlantic,NG,Net generation,116761,megawatthours,2026-01-15 15:00:00,116761.0
2026-01-15T15,MIDA,Mid-Atlantic,TI,Total interchange,1445,megawatthours,2026-01-15 15:00:00,1445.0
2026-01-15T14,MIDA,Mid-Atlantic,D,Demand,116117,megawatthours,2026-01-15 14:00:00,116117.0
2026-01-15T14,MIDA,Mid-Atlantic,DF,Day-ahead demand forecast,115239,megawatthours,2026-01-15 14:00:00,115239.0
2026-01-15T14,MIDA,Mid-Atlantic,NG,Net generation,118388,megawatthours,2026-01-15 14:00:00,118388.0
2026-01-15T14,MIDA,Mid-Atlantic,TI,Total interchange,1666,megawatthours,2026-01-15 14:00:00,1666.0
2026-01-15T13,MIDA,Mid-Atlantic,D,Demand,114563,megawatthours,2026-01-15 13:00:00,114563.0
2026-01-15T13,MIDA,Mid-Atlantic,DF,Day-ahead demand forecast,116095,megawatthours,2026-01-15 13:00:00,116095.0
2026-01-15T13,MIDA,Mid-Atlantic,NG,Net generation,116454,megawatthours,2026-01-15 13:00:00,116454.0
2026-01-15T13,MIDA,Mid-Atlantic,TI,Total interchange,1616,megawatthours,2026-01-15 13:00:00,1616.0
2026-01-15T12,MIDA,Mid-Atlantic,D,Demand,109334,megawatthours,2026-01-15 12:00:00,109334.0
2026-01-15T12,MIDA,Mid-Atlantic,DF,Day-ahead demand forecast,114561,megawatthours,2026-01-15 12:00:00,114561.0
2026-01-15T12,MIDA,Mid-Atlantic,NG,Net generation,112101,megawatthours,2026-01-15 12:00:00,112101.0
2026-01-15T12,MIDA,Mid-Atlantic,TI,Total interchange,1561,megawatthours,2026-01-15 12:00:00,1561.0
2026-01-15T11,MIDA,Mid-Atlantic,D,Demand,103714,megawatthours,2026-01-15 11:00:00,103714.0
2026-01-15T11,MIDA,Mid-Atlantic,DF,Day-ahead demand forecast,108941,megawatthours,2026-01-15 11:00:00,108941.0
2026-01-15T11,MIDA,Mid-Atlantic,NG,Net generation,108297,megawatthours,2026-01-15 11:00:00,108297.0
2026-01-15T11,MIDA,Mid-Atlantic,TI,Total interchange,1549,megawatthours,2026-01-15 11:00:00,1549.0
2026-01-15T10,MIDA,Mid-Atlantic,D,Demand,98828,megawatthours,2026-01-15 10:00:00,98828.0
2026-01-15T10,MIDA,Mid-Atlantic,DF,Day-ahead demand forecast,101050,megawatthours,2026-01-15 10:00:00,101050.0
2026-01-15T10,MIDA,Mid-Atlantic,NG,Net generation,104397,megawatthours,2026-01-15 10:00:00,104397.0
2026-01-15T10,MIDA,Mid-Atlantic,TI,Total interchange,1457,megawatthours,2026-01-15 10:00:00,1457.0
2026-01-15T09,MIDA,Mid-Atlantic,D,Demand,97055,megawatthours,2026-01-15 09:00:00,97055.0
2026-01-15T09,MIDA,Mid-Atlantic,DF,Day-ahead demand forecast,96002,megawatthours,2026-01-15 09:00:00,96002.0
2026-01-15T09,MIDA,Mid-Atlantic,NG,Net generation,103278,megawatthours,2026-01-15 09:00:00,103278.0
2026-01-15T09,MIDA,Mid-Atlantic,TI,Total interchange,4731,megawatthours,2026-01-15 09:00:00,4731.0
2026-01-15T08,MIDA,Mid-Atlantic,D,Demand,97068,megawatthours,2026-01-15 08:00:00,97068.0
2026-01-15T08,MIDA,Mid-Atlantic,DF,Day-ahead demand forecast,93147,megawatthours,2026-01-15 08:00:00,93147.0
2026-01-15T08,MIDA,Mid-Atlantic,NG,Net generation,103517,megawatthours,2026-01-15 08:00:00,103517.0
2026-01-15T08,MIDA,Mid-Atlantic,TI,Total interchange,4685,megawatthours,2026-01-15 08:00:00,4685.0
2026-01-15T07,MIDA,Mid-Atlantic,D,Demand,97500,megawatthours,2026-01-15 07:00:00,97500.0
2026-01-15T07,MIDA,Mid-Atlantic,DF,Day-ahead demand forecast,92373,megawatthours,2026-01-15 07:00:00,92373.0
2026-01-15T07,MIDA,Mid-Atlantic,NG,Net generation,103866,megawatthours,2026-01-15 07:00:00,103866.0
2026-01-15T07,MIDA,Mid-Atlantic,TI,Total interchange,4510,megawatthours,2026-01-15 07:00:00,4510.0
2026-01-15T06,MIDA,Mid-Atlantic,D,Demand,98606,megawatthours,2026-01-15 06:00:00,98606.0
2026-01-15T06,MIDA,Mid-Atlantic,DF,Day-ahead demand forecast,92818,megawatthours,2026-01-15 06:00:00,92818.0
2026-01-15T06,MIDA,Mid-Atlantic,NG,Net generation,104355,megawatthours,2026-01-15 06:00:00,104355.0
2026-01-15T06,MIDA,Mid-Atlantic,TI,Total interchange,4904,megawatthours,2026-01-15 06:00:00,4904.0
2026-01-15T05,MIDA,Mid-Atlantic,D,Demand,100261,megawatthours,2026-01-15 05:00:00,100261.0
2026-01-15T05,MIDA,Mid-Atlantic,DF,Day-ahead demand forecast,94817,megawatthours,2026-01-15 05:00:00,94817.0
2026-01-15T05,MIDA,Mid-Atlantic,NG,Net generation,105489,megawatthours,2026-01-15 05:00:00,105489.0
2026-01-15T05,MIDA,Mid-Atlantic,TI,Total interchange,1559,megawatthours,2026-01-15 05:00:00,1559.0
2026-01-15T04,MIDA,Mid-Atlantic,D,Demand,103096,megawatthours,2026-01-15 04:00:00,103096.0
2026-01-15T04,MIDA,Mid-Atlantic,DF,Day-ahead demand forecast,96265,megawatthours,2026-01-15 04:00:00,96265.0
2026-01-15T04,MIDA,Mid-Atlantic,NG,Net generation,108300,megawatthours,2026-01-15 04:00:00,108300.0
2026-01-15T04,MIDA,Mid-Atlantic,TI,Total interchange,1319,megawatthours,2026-01-15 04:00:00,1319.0
2026-01-15T03,MIDA,Mid-Atlantic,D,Demand,105954,megawatthours,2026-01-15 03:00:00,105954.0
2026-01-15T03,MIDA,Mid-Atlantic,DF,Day-ahead demand forecast,100027,megawatthours,2026-01-15 03:00:00,100027.0
2026-01-15T03,MIDA,Mid-Atlantic,NG,Net generation,110977,megawatthours,2026-01-15 03:00:00,110977.0
2026-01-15T03,MIDA,Mid-Atlantic,TI,Total interchange,1097,megawatthours,2026-01-15 03:00:00,1097.0
2026-01-15T02,MIDA,Mid-Atlantic,D,Demand,107663,megawatthours,2026-01-15 02:00:00,107663.0
2026-01-15T02,MIDA,Mid-Atlantic,DF,Day-ahead demand forecast,103828,megawatthours,2026-01-15 02:00:00,103828.0
2026-01-15T02,MIDA,Mid-Atlantic,NG,Net generation,112749,megawatthours,2026-01-15 02:00:00,112749.0
2026-01-15T02,MIDA,Mid-Atlantic,TI,Total interchange,1445,megawatthours,2026-01-15 02:00:00,1445.0
2026-01-15T01,MIDA,Mid-Atlantic,D,Demand,108785,megawatthours,2026-01-15 01:00:00,108785.0
2026-01-15T01,MIDA,Mid-Atlantic,DF,Day-ahead demand forecast,106209,megawatthours,2026-01-15 01:00:00,106209.0
2026-01-15T01,MIDA,Mid-Atlantic,NG,Net generation,113462,megawatthours,2026-01-15 01:00:00,113462.0
2026-01-15T01,MIDA,Mid-Atlantic,TI,Total interchange,1634,megawatthours,2026-01-15 01:00:00,1634.0
2026-01-15T00,MIDA,Mid-Atlantic,D,Demand,109474,megawatthours,2026-01-15 00:00:00,109474.0
2026-01-15T00,MIDA,Mid-Atlantic,DF,Day-ahead demand forecast,107600,megawatthours,2026-01-15 00:00:00,107600.0
2026-01-15T00,MIDA,Mid-Atlantic,NG,Net generation,113343,megawatthours,2026-01-15 00:00:00,113343.0
2026-01-15T00,MIDA,Mid-Atlantic,TI,Total interchange,1529,megawatthours,2026-01-15 00:00:00,1529.0
2026-01-14T23,MIDA,Mid-Atlantic,D,Demand,108229,megawatthours,2026-01-14 23:00:00,108229.0
2026-01-14T23,MIDA,Mid-Atlantic,DF,Day-ahead demand forecast,108219,megawatthours,2026-01-14 23:00:00,108219.0
2026-01-14T23,MIDA,Mid-Atlantic,NG,Net generation,110838,megawatthours,2026-01-14 23:00:00,110838.0
2026-01-14T23,MIDA,Mid-Atlantic,TI,Total interchange,1493,megawatthours,2026-01-14 23:00:00,1493.0
2026-01-14T22,MIDA,Mid-Atlantic,D,Demand,104450,megawatthours,2026-01-14 22:00:00,104450.0
2026-01-14T22,MIDA,Mid-Atlantic,DF,Day-ahead demand forecast,107377,megawatthours,2026-01-14 22:00:00,107377.0
2026-01-14T22,MIDA,Mid-Atlantic,NG,Net generation,107552,megawatthours,2026-01-14 22:00:00,107552.0
2026-01-14T22,MIDA,Mid-Atlantic,TI,Total interchange,1502,megawatthours,2026-01-14 22:00:00,1502.0
2026-01-14T21,MIDA,Mid-Atlantic,D,Demand,103277,megawatthours,2026-01-14 21:00:00,103277.0
2026-01-14T21,MIDA,Mid-Atlantic,DF,Day-ahead demand forecast,103010,megawatthours,2026-01-14 21:00:00,103010.0
2026-01-14T21,MIDA,Mid-Atlantic,NG,Net generation,106337,megawatthours,2026-01-14 21:00:00,106337.0
2026-01-14T21,MIDA,Mid-Atlantic,TI,Total interchange,1555,megawatthours,2026-01-14 21:00:00,1555.0
2026-01-14T20,MIDA,Mid-Atlantic,D,Demand,102285,megawatthours,2026-01-14 20:00:00,102285.0
2026-01-14T20,MIDA,Mid-Atlantic,DF,Day-ahead demand forecast,99936,megawatthours,2026-01-14 20:00:00,99936.0
2026-01-14T20,MIDA,Mid-Atlantic,NG,Net generation,105652,megawatthours,2026-01-14 20:00:00,105652.0
2026-01-14T20,MIDA,Mid-Atlantic,TI,Total interchange,1500,megawatthours,2026-01-14 20:00:00,1500.0
2026-01-14T19,MIDA,Mid-Atlantic,D,Demand,102136,megawatthours,2026-01-14 19:00:00,102136.0
2026-01-14T19,MIDA,Mid-Atlantic,DF,Day-ahead demand forecast,98919,megawatthours,2026-01-14 19:00:00,98919.0
2026-01-14T19,MIDA,Mid-Atlantic,NG,Net generation,105866,megawatthours,2026-01-14 19:00:00,105866.0
2026-01-14T19,MIDA,Mid-Atlantic,TI,Total interchange,1262,megawatthours,2026-01-14 19:00:00,1262.0
2026-01-14T18,MIDA,Mid-Atlantic,D,Demand,102141,megawatthours,2026-01-14 18:00:00,102141.0
2026-01-14T18,MIDA,Mid-Atlantic,DF,Day-ahead demand forecast,98944,megawatthours,2026-01-14 18:00:00,98944.0
2026-01-14T18,MIDA,Mid-Atlantic,NG,Net generation,105874,megawatthours,2026-01-14 18:00:00,105874.0
2026-01-14T18,MIDA,Mid-Atlantic,TI,Total interchange,1415,megawatthours,2026-01-14 18:00:00,1415.0
2026-01-14T17,MIDA,Mid-Atlantic,D,Demand,101861,megawatthours,2026-01-14 17:00:00,101861.0
2026-01-14T17,MIDA,Mid-Atlantic,DF,Day-ahead demand forecast,99148,megawatthours,2026-01-14 17:00:00,99148.0
2026-01-14T17,MIDA,Mid-Atlantic,NG,Net generation,105663,megawatthours,2026-01-14 17:00:00,105663.0
2026-01-14T17,MIDA,Mid-Atlantic,TI,Total interchange,1302,megawatthours,2026-01-14 17:00:00,1302.0
2026-01-14T16,MIDA,Mid-Atlantic,D,Demand,102166,megawatthours,2026-01-14 16:00:00,102166.0
2026-01-14T16,MIDA,Mid-Atlantic,DF,Day-ahead demand forecast,99930,megawatthours,2026-01-14 16:00:00,99930.0
2026-01-14T16,MIDA,Mid-Atlantic,NG,Net generation,106325,megawatthours,2026-01-14 16:00:00,106325.0
2026-01-14T16,MIDA,Mid-Atlantic,TI,Total interchange,1527,megawatthours,2026-01-14 16:00:00,1527.0
2026-01-14T15,MIDA,Mid-Atlantic,D,Demand,102387,megawatthours,2026-01-14 15:00:00,102387.0
2026-01-14T15,MIDA,Mid-Atlantic,DF,Day-ahead demand forecast,101248,megawatthours,2026-01-14 15:00:00,101248.0
2026-01-14T15,MIDA,Mid-Atlantic,NG,Net generation,106879,megawatthours,2026-01-14 15:00:00,106879.0
2026-01-14T15,MIDA,Mid-Atlantic,TI,Total interchange,1584,megawatthours,2026-01-14 15:00:00,1584.0
2026-01-14T14,MIDA,Mid-Atlantic,D,Demand,102771,megawatthours,2026-01-14 14:00:00,102771.0
2026-01-14T14,MIDA,Mid-Atlantic,DF,Day-ahead demand forecast,102613,megawatthours,2026-01-14 14:00:00,102613.0
2026-01-14T14,MIDA,Mid-Atlantic,NG,Net generation,107295,megawatthours,2026-01-14 14:00:00,107295.0
2026-01-14T14,MIDA,Mid-Atlantic,TI,Total interchange,1524,megawatthours,2026-01-14 14:00:00,1524.0
2026-01-14T13,MIDA,Mid-Atlantic,D,Demand,102298,megawatthours,2026-01-14 13:00:00,102298.0
2026-01-14T13,MIDA,Mid-Atlantic,DF,Day-ahead demand forecast,103813,megawatthours,2026-01-14 13:00:00,103813.0
2026-01-14T13,MIDA,Mid-Atlantic,NG,Net generation,106025,megawatthours,2026-01-14 13:00:00,106025.0
2026-01-14T13,MIDA,Mid-Atlantic,TI,Total interchange,1560,megawatthours,2026-01-14 13:00:00,1560.0
2026-01-14T12,MIDA,Mid-Atlantic,D,Demand,97852,megawatthours,2026-01-14 12:00:00,97852.0
2026-01-14T12,MIDA,Mid-Atlantic,DF,Day-ahead demand forecast,102969,megawatthours,2026-01-14 12:00:00,102969.0
2026-01-14T12,MIDA,Mid-Atlantic,NG,Net generation,101346,megawatthours,2026-01-14 12:00:00,101346.0
2026-01-14T12,MIDA,Mid-Atlantic,TI,Total interchange,1590,megawatthours,2026-01-14 12:00:00,1590.0
2026-01-14T11,MIDA,Mid-Atlantic,D,Demand,90935,megawatthours,2026-01-14 11:00:00,90935.0
2026-01-14T11,MIDA,Mid-Atlantic,DF,Day-ahead demand forecast,98313,megawatthours,2026-01-14 11:00:00,98313.0
2026-01-14T11,MIDA,Mid-Atlantic,NG,Net generation,94849,megawatthours,2026-01-14 11:00:00,94849.0
2026-01-14T11,MIDA,Mid-Atlantic,TI,Total interchange,1618,megawatthours,2026-01-14 11:00:00,1618.0
2026-01-14T10,MIDA,Mid-Atlantic,D,Demand,87396,megawatthours,2026-01-14 10:00:00,87396.0
2026-01-14T10,MIDA,Mid-Atlantic,DF,Day-ahead demand forecast,91768,megawatthours,2026-01-14 10:00:00,91768.0
2026-01-14T10,MIDA,Mid-Atlantic,NG,Net generation,91727,megawatthours,2026-01-14 10:00:00,91727.0
2026-01-14T10,MIDA,Mid-Atlantic,TI,Total interchange,1597,megawatthours,2026-01-14 10:00:00,1597.0
2026-01-14T09,MIDA,Mid-Atlantic,D,Demand,87987,megawatthours,2026-01-14 09:00:00,87987.0
2026-01-14T09,MIDA,Mid-Atlantic,DF,Day-ahead demand forecast,87527,megawatthours,2026-01-14 09:00:00,87527.0
2026-01-14T09,MIDA,Mid-Atlantic,NG,Net generation,92596,megawatthours,2026-01-14 09:00:00,92596.0
2026-01-14T09,MIDA,Mid-Atlantic,TI,Total interchange,3156,megawatthours,2026-01-14 09:00:00,3156.0
2026-01-14T08,MIDA,Mid-Atlantic,D,Demand,88673,megawatthours,2026-01-14 08:00:00,88673.0
2026-01-14T08,MIDA,Mid-Atlantic,DF,Day-ahead demand forecast,85904,megawatthours,2026-01-14 08:00:00,85904.0
2026-01-14T08,MIDA,Mid-Atlantic,NG,Net generation,92708,megawatthours,2026-01-14 08:00:00,92708.0
2026-01-14T08,MIDA,Mid-Atlantic,TI,Total interchange,2461,megawatthours,2026-01-14 08:00:00,2461.0
2026-01-14T07,MIDA,Mid-Atlantic,D,Demand,89800,megawatthours,2026-01-14 07:00:00,89800.0
2026-01-14T07,MIDA,Mid-Atlantic,DF,Day-ahead demand forecast,85700,megawatthours,2026-01-14 07:00:00,85700.0
2026-01-14T07,MIDA,Mid-Atlantic,NG,Net generation,93846,megawatthours,2026-01-14 07:00:00,93846.0
2026-01-14T07,MIDA,Mid-Atlantic,TI,Total interchange,1433,megawatthours,2026-01-14 07:00:00,1433.0
2026-01-14T06,MIDA,Mid-Atlantic,D,Demand,91559,megawatthours,2026-01-14 06:00:00,91559.0
2026-01-14T06,MIDA,Mid-Atlantic,DF,Day-ahead demand forecast,86711,megawatthours,2026-01-14 06:00:00,86711.0
2026-01-14T06,MIDA,Mid-Atlantic,NG,Net generation,95540,megawatthours,2026-01-14 06:00:00,95540.0
2026-01-14T06,MIDA,Mid-Atlantic,TI,Total interchange,1613,megawatthours,2026-01-14 06:00:00,1613.0
2026-01-14T05,MIDA,Mid-Atlantic,D,Demand,93928,megawatthours,2026-01-14 05:00:00,93928.0
2026-01-14T05,MIDA,Mid-Atlantic,DF,Day-ahead demand forecast,88731,megawatthours,2026-01-14 05:00:00,88731.0
2026-01-14T05,MIDA,Mid-Atlantic,NG,Net generation,97654,megawatthours,2026-01-14 05:00:00,97654.0
2026-01-14T05,MIDA,Mid-Atlantic,TI,Total interchange,1281,megawatthours,2026-01-14 05:00:00,1281.0
2026-01-14T04,MIDA,Mid-Atlantic,D,Demand,97193,megawatthours,2026-01-14 04:00:00,97193.0
2026-01-14T04,MIDA,Mid-Atlantic,DF,Day-ahead demand forecast,91833,megawatthours,2026-01-14 04:00:00,91833.0
2026-01-14T04,MIDA,Mid-Atlantic,NG,Net generation,100231,megawatthours,2026-01-14 04:00:00,100231.0
2026-01-14T04,MIDA,Mid-Atlantic,TI,Total interchange,970,megawatthours,2026-01-14 04:00:00,970.0
2026-01-14T03,MIDA,Mid-Atlantic,D,Demand,100521,megawatthours,2026-01-14 03:00:00,100521.0
2026-01-14T03,MIDA,Mid-Atlantic,DF,Day-ahead demand forecast,95942,megawatthours,2026-01-14 03:00:00,95942.0
2026-01-14T03,MIDA,Mid-Atlantic,NG,Net generation,102599,megawatthours,2026-01-14 03:00:00,102599.0
2026-01-14T03,MIDA,Mid-Atlantic,TI,Total interchange,945,megawatthours,2026-01-14 03:00:00,945.0
2026-01-14T02,MIDA,Mid-Atlantic,D,Demand,103586,megawatthours,2026-01-14 02:00:00,103586.0
2026-01-14T02,MIDA,Mid-Atlantic,DF,Day-ahead demand forecast,100069,megawatthours,2026-01-14 02:00:00,100069.0
2026-01-14T02,MIDA,Mid-Atlantic,NG,Net generation,105779,megawatthours,2026-01-14 02:00:00,105779.0
2026-01-14T02,MIDA,Mid-Atlantic,TI,Total interchange,1312,megawatthours,2026-01-14 02:00:00,1312.0
2026-01-14T01,MIDA,Mid-Atlantic,D,Demand,105374,megawatthours,2026-01-14 01:00:00,105374.0
2026-01-14T01,MIDA,Mid-Atlantic,DF,Day-ahead demand forecast,102749,megawatthours,2026-01-14 01:00:00,102749.0
2026-01-14T01,MIDA,Mid-Atlantic,NG,Net generation,107236,megawatthours,2026-01-14 01:00:00,107236.0
2026-01-14T01,MIDA,Mid-Atlantic,TI,Total interchange,1245,megawatthours,2026-01-14 01:00:00,1245.0
2026-01-14T00,MIDA,Mid-Atlantic,D,Demand,106467,megawatthours,2026-01-14 00:00:00,106467.0
2026-01-14T00,MIDA,Mid-Atlantic,DF,Day-ahead demand forecast,104145,megawatthours,2026-01-14 00:00:00,104145.0
2026-01-14T00,MIDA,Mid-Atlantic,NG,Net generation,108635,megawatthours,2026-01-14 00:00:00,108635.0
2026-01-14T00,MIDA,Mid-Atlantic,TI,Total interchange,1436,megawatthours,2026-01-14 00:00:00,1436.0
2026-01-13T23,MIDA,Mid-Atlantic,D,Demand,104953,megawatthours,2026-01-13 23:00:00,104953.0
2026-01-13T23,MIDA,Mid-Atlantic,DF,Day-ahead demand forecast,104661,megawatthours,2026-01-13 23:00:00,104661.0
2026-01-13T23,MIDA,Mid-Atlantic,NG,Net generation,107362,megawatthours,2026-01-13 23:00:00,107362.0
2026-01-13T23,MIDA,Mid-Atlantic,TI,Total interchange,1489,megawatthours,2026-01-13 23:00:00,1489.0
2026-01-13T22,MIDA,Mid-Atlantic,D,Demand,101362,megawatthours,2026-01-13 22:00:00,101362.0
2026-01-13T22,MIDA,Mid-Atlantic,DF,Day-ahead demand forecast,103743,megawatthours,2026-01-13 22:00:00,103743.0
2026-01-13T22,MIDA,Mid-Atlantic,NG,Net generation,103604,megawatthours,2026-01-13 22:00:00,103604.0
2026-01-13T22,MIDA,Mid-Atlantic,TI,Total interchange,1718,megawatthours,2026-01-13 22:00:00,1718.0
2026-01-13T21,MIDA,Mid-Atlantic,D,Demand,100536,megawatthours,2026-01-13 21:00:00,100536.0
2026-01-13T21,MIDA,Mid-Atlantic,DF,Day-ahead demand forecast,99647,megawatthours,2026-01-13 21:00:00,99647.0
2026-01-13T21,MIDA,Mid-Atlantic,NG,Net generation,103544,megawatthours,2026-01-13 21:00:00,103544.0
2026-01-13T21,MIDA,Mid-Atlantic,TI,Total interchange,1923,megawatthours,2026-01-13 21:00:00,1923.0
2026-01-13T20,MIDA,Mid-Atlantic,D,Demand,99617,megawatthours,2026-01-13 20:00:00,99617.0
2026-01-13T20,MIDA,Mid-Atlantic,DF,Day-ahead demand forecast,97014,megawatthours,2026-01-13 20:00:00,97014.0
2026-01-13T20,MIDA,Mid-Atlantic,NG,Net generation,102302,megawatthours,2026-01-13 20:00:00,102302.0
2026-01-13T20,MIDA,Mid-Atlantic,TI,Total interchange,1744,megawatthours,2026-01-13 20:00:00,1744.0
2026-01-13T19,MIDA,Mid-Atlantic,D,Demand,100226,megawatthours,2026-01-13 19:00:00,100226.0
2026-01-13T19,MIDA,Mid-Atlantic,DF,Day-ahead demand forecast,96799,megawatthours,2026-01-13 19:00:00,96799.0
2026-01-13T19,MIDA,Mid-Atlantic,NG,Net generation,103270,megawatthours,2026-01-13 19:00:00,103270.0
2026-01-13T19,MIDA,Mid-Atlantic,TI,Total interchange,1593,megawatthours,2026-01-13 19:00:00,1593.0
2026-01-13T18,MIDA,Mid-Atlantic,D,Demand,101072,megawatthours,2026-01-13 18:00:00,101072.0
2026-01-13T18,MIDA,Mid-Atlantic,DF,Day-ahead demand forecast,97660,megawatthours,2026-01-13 18:00:00,97660.0
2026-01-13T18,MIDA,Mid-Atlantic,NG,Net generation,104279,megawatthours,2026-01-13 18:00:00,104279.0
2026-01-13T18,MIDA,Mid-Atlantic,TI,Total interchange,1012,megawatthours,2026-01-13 18:00:00,1012.0
2026-01-13T17,MIDA,Mid-Atlantic,D,Demand,102386,megawatthours,2026-01-13 17:00:00,102386.0
2026-01-13T17,MIDA,Mid-Atlantic,DF,Day-ahead demand forecast,98920,megawatthours,2026-01-13 17:00:00,98920.0
2026-01-13T17,MIDA,Mid-Atlantic,NG,Net generation,105988,megawatthours,2026-01-13 17:00:00,105988.0
2026-01-13T17,MIDA,Mid-Atlantic,TI,Total interchange,803,megawatthours,2026-01-13 17:00:00,803.0
2026-01-13T16,MIDA,Mid-Atlantic,D,Demand,104027,megawatthours,2026-01-13 16:00:00,104027.0
2026-01-13T16,MIDA,Mid-Atlantic,DF,Day-ahead demand forecast,101056,megawatthours,2026-01-13 16:00:00,101056.0
2026-01-13T16,MIDA,Mid-Atlantic,NG,Net generation,107308,megawatthours,2026-01-13 16:00:00,107308.0
2026-01-13T16,MIDA,Mid-Atlantic,TI,Total interchange,1169,megawatthours,2026-01-13 16:00:00,1169.0
2026-01-13T15,MIDA,Mid-Atlantic,D,Demand,107849,megawatthours,2026-01-13 15:00:00,107849.0
2026-01-13T15,MIDA,Mid-Atlantic,DF,Day-ahead demand forecast,103948,megawatthours,2026-01-13 15:00:00,103948.0
2026-01-13T15,MIDA,Mid-Atlantic,NG,Net generation,110446,megawatthours,2026-01-13 15:00:00,110446.0
2026-01-13T15,MIDA,Mid-Atlantic,TI,Total interchange,1326,megawatthours,2026-01-13 15:00:00,1326.0
2026-01-13T14,MIDA,Mid-Atlantic,D,Demand,113284,megawatthours,2026-01-13 14:00:00,113284.0
2026-01-13T14,MIDA,Mid-Atlantic,DF,Day-ahead demand forecast,107274,megawatthours,2026-01-13 14:00:00,107274.0
2026-01-13T14,MIDA,Mid-Atlantic,NG,Net generation,116932,megawatthours,2026-01-13 14:00:00,116932.0
2026-01-13T14,MIDA,Mid-Atlantic,TI,Total interchange,1322,megawatthours,2026-01-13 14:00:00,1322.0
2026-01-13T13,MIDA,Mid-Atlantic,D,Demand,114940,megawatthours,2026-01-13 13:00:00,114940.0
2026-01-13T13,MIDA,Mid-Atlantic,DF,Day-ahead demand forecast,110923,megawatthours,2026-01-13 13:00:00,110923.0
2026-01-13T13,MIDA,Mid-Atlantic,NG,Net generation,117977,megawatthours,2026-01-13 13:00:00,117977.0
2026-01-13T13,MIDA,Mid-Atlantic,TI,Total interchange,1279,megawatthours,2026-01-13 13:00:00,1279.0
2026-01-13T12,MIDA,Mid-Atlantic,D,Demand,110238,megawatthours,2026-01-13 12:00:00,110238.0
2026-01-13T12,MIDA,Mid-Atlantic,DF,Day-ahead demand forecast,111735,megawatthours,2026-01-13 12:00:00,111735.0
2026-01-13T12,MIDA,Mid-Atlantic,NG,Net generation,113573,megawatthours,2026-01-13 12:00:00,113573.0
2026-01-13T12,MIDA,Mid-Atlantic,TI,Total interchange,1376,megawatthours,2026-01-13 12:00:00,1376.0
2026-01-13T11,MIDA,Mid-Atlantic,D,Demand,102741,megawatthours,2026-01-13 11:00:00,102741.0
2026-01-13T11,MIDA,Mid-Atlantic,DF,Day-ahead demand forecast,107501,megawatthours,2026-01-13 11:00:00,107501.0
2026-01-13T11,MIDA,Mid-Atlantic,NG,Net generation,107489,megawatthours,2026-01-13 11:00:00,107489.0
2026-01-13T11,MIDA,Mid-Atlantic,TI,Total interchange,1432,megawatthours,2026-01-13 11:00:00,1432.0
2026-01-13T10,MIDA,Mid-Atlantic,D,Demand,98465,megawatthours,2026-01-13 10:00:00,98465.0
2026-01-13T10,MIDA,Mid-Atlantic,DF,Day-ahead demand forecast,100675,megawatthours,2026-01-13 10:00:00,100675.0
2026-01-13T10,MIDA,Mid-Atlantic,NG,Net generation,103052,megawatthours,2026-01-13 10:00:00,103052.0
2026-01-13T10,MIDA,Mid-Atlantic,TI,Total interchange,1325,megawatthours,2026-01-13 10:00:00,1325.0
2026-01-13T09,MIDA,Mid-Atlantic,D,Demand,97302,megawatthours,2026-01-13 09:00:00,97302.0
2026-01-13T09,MIDA,Mid-Atlantic,DF,Day-ahead demand forecast,96115,megawatthours,2026-01-13 09:00:00,96115.0
2026-01-13T09,MIDA,Mid-Atlantic,NG,Net generation,102048,megawatthours,2026-01-13 09:00:00,102048.0
2026-01-13T09,MIDA,Mid-Atlantic,TI,Total interchange,1977,megawatthours,2026-01-13 09:00:00,1977.0
2026-01-13T08,MIDA,Mid-Atlantic,D,Demand,97284,megawatthours,2026-01-13 08:00:00,97284.0
2026-01-13T08,MIDA,Mid-Atlantic,DF,Day-ahead demand forecast,94325,megawatthours,2026-01-13 08:00:00,94325.0
2026-01-13T08,MIDA,Mid-Atlantic,NG,Net generation,101716,megawatthours,2026-01-13 08:00:00,101716.0
2026-01-13T08,MIDA,Mid-Atlantic,TI,Total interchange,1997,megawatthours,2026-01-13 08:00:00,1997.0
2026-01-13T07,MIDA,Mid-Atlantic,D,Demand,97579,megawatthours,2026-01-13 07:00:00,97579.0
2026-01-13T07,MIDA,Mid-Atlantic,DF,Day-ahead demand forecast,93949,megawatthours,2026-01-13 07:00:00,93949.0
2026-01-13T07,MIDA,Mid-Atlantic,NG,Net generation,101698,megawatthours,2026-01-13 07:00:00,101698.0
2026-01-13T07,MIDA,Mid-Atlantic,TI,Total interchange,1499,megawatthours,2026-01-13 07:00:00,1499.0
2026-01-13T06,MIDA,Mid-Atlantic,D,Demand,99562,megawatthours,2026-01-13 06:00:00,99562.0
2026-01-13T06,MIDA,Mid-Atlantic,DF,Day-ahead demand forecast,94550,megawatthours,2026-01-13 06:00:00,94550.0
2026-01-13T06,MIDA,Mid-Atlantic,NG,Net generation,103308,megawatthours,2026-01-13 06:00:00,103308.0
2026-01-13T06,MIDA,Mid-Atlantic,TI,Total interchange,1043,megawatthours,2026-01-13 06:00:00,1043.0
2026-01-13T05,MIDA,Mid-Atlantic,D,Demand,102209,megawatthours,2026-01-13 05:00:00,102209.0
2026-01-13T05,MIDA,Mid-Atlantic,DF,Day-ahead demand forecast,94972,megawatthours,2026-01-13 05:00:00,94972.0
2026-01-13T05,MIDA,Mid-Atlantic,NG,Net generation,104871,megawatthours,2026-01-13 05:00:00,104871.0
2026-01-13T05,MIDA,Mid-Atlantic,TI,Total interchange,1186,megawatthours,2026-01-13 05:00:00,1186.0
2026-01-13T04,MIDA,Mid-Atlantic,D,Demand,104728,megawatthours,2026-01-13 04:00:00,104728.0
2026-01-13T04,MIDA,Mid-Atlantic,DF,Day-ahead demand forecast,97060,megawatthours,2026-01-13 04:00:00,97060.0
2026-01-13T04,MIDA,Mid-Atlantic,NG,Net generation,107380,megawatthours,2026-01-13 04:00:00,107380.0
2026-01-13T04,MIDA,Mid-Atlantic,TI,Total interchange,1262,megawatthours,2026-01-13 04:00:00,1262.0
2026-01-13T03,MIDA,Mid-Atlantic,D,Demand,107784,megawatthours,2026-01-13 03:00:00,107784.0
2026-01-13T03,MIDA,Mid-Atlantic,DF,Day-ahead demand forecast,100981,megawatthours,2026-01-13 03:00:00,100981.0
2026-01-13T03,MIDA,Mid-Atlantic,NG,Net generation,109850,megawatthours,2026-01-13 03:00:00,109850.0
2026-01-13T03,MIDA,Mid-Atlantic,TI,Total interchange,1182,megawatthours,2026-01-13 03:00:00,1182.0
2026-01-13T02,MIDA,Mid-Atlantic,D,Demand,110408,megawatthours,2026-01-13 02:00:00,110408.0
2026-01-13T02,MIDA,Mid-Atlantic,DF,Day-ahead demand forecast,105048,megawatthours,2026-01-13 02:00:00,105048.0
2026-01-13T02,MIDA,Mid-Atlantic,NG,Net generation,112008,megawatthours,2026-01-13 02:00:00,112008.0
2026-01-13T02,MIDA,Mid-Atlantic,TI,Total interchange,1458,megawatthours,2026-01-13 02:00:00,1458.0
2026-01-13T01,MIDA,Mid-Atlantic,D,Demand,111376,megawatthours,2026-01-13 01:00:00,111376.0
2026-01-13T01,MIDA,Mid-Atlantic,DF,Day-ahead demand forecast,107531,megawatthours,2026-01-13 01:00:00,107531.0
2026-01-13T01,MIDA,Mid-Atlantic,NG,Net generation,113068,megawatthours,2026-01-13 01:00:00,113068.0
2026-01-13T01,MIDA,Mid-Atlantic,TI,Total interchange,1617,megawatthours,2026-01-13 01:00:00,1617.0
2026-01-13T00,MIDA,Mid-Atlantic,D,Demand,111404,megawatthours,2026-01-13 00:00:00,111404.0
2026-01-13T00,MIDA,Mid-Atlantic,DF,Day-ahead demand forecast,108657,megawatthours,2026-01-13 00:00:00,108657.0
2026-01-13T00,MIDA,Mid-Atlantic,NG,Net generation,113674,megawatthours,2026-01-13 00:00:00,113674.0
2026-01-13T00,MIDA,Mid-Atlantic,TI,Total interchange,2005,megawatthours,2026-01-13 00:00:00,2005.0
2026-01-12T23,MIDA,Mid-Atlantic,D,Demand,108745,megawatthours,2026-01-12 23:00:00,108745.0
2026-01-12T23,MIDA,Mid-Atlantic,DF,Day-ahead demand forecast,109147,megawatthours,2026-01-12 23:00:00,109147.0
2026-01-12T23,MIDA,Mid-Atlantic,NG,Net generation,110908,megawatthours,2026-01-12 23:00:00,110908.0
2026-01-12T23,MIDA,Mid-Atlantic,TI,Total interchange,2072,megawatthours,2026-01-12 23:00:00,2072.0
2026-01-12T22,MIDA,Mid-Atlantic,D,Demand,103159,megawatthours,2026-01-12 22:00:00,103159.0
2026-01-12T22,MIDA,Mid-Atlantic,DF,Day-ahead demand forecast,107845,megawatthours,2026-01-12 22:00:00,107845.0
2026-01-12T22,MIDA,Mid-Atlantic,NG,Net generation,104988,megawatthours,2026-01-12 22:00:00,104988.0
2026-01-12T22,MIDA,Mid-Atlantic,TI,Total interchange,2244,megawatthours,2026-01-12 22:00:00,2244.0
2026-01-12T21,MIDA,Mid-Atlantic,D,Demand,101578,megawatthours,2026-01-12 21:00:00,101578.0
2026-01-12T21,MIDA,Mid-Atlantic,DF,Day-ahead demand forecast,102749,megawatthours,2026-01-12 21:00:00,102749.0
2026-01-12T21,MIDA,Mid-Atlantic,NG,Net generation,103733,megawatthours,2026-01-12 21:00:00,103733.0
2026-01-12T21,MIDA,Mid-Atlantic,TI,Total interchange,2170,megawatthours,2026-01-12 21:00:00,2170.0
2026-01-12T20,MIDA,Mid-Atlantic,D,Demand,101286,megawatthours,2026-01-12 20:00:00,101286.0
2026-01-12T20,MIDA,Mid-Atlantic,DF,Day-ahead demand forecast,99768,megawatthours,2026-01-12 20:00:00,99768.0
2026-01-12T20,MIDA,Mid-Atlantic,NG,Net generation,104115,megawatthours,2026-01-12 20:00:00,104115.0
2026-01-12T20,MIDA,Mid-Atlantic,TI,Total interchange,1962,megawatthours,2026-01-12 20:00:00,1962.0
2026-01-12T19,MIDA,Mid-Atlantic,D,Demand,102604,megawatthours,2026-01-12 19:00:00,102604.0
2026-01-12T19,MIDA,Mid-Atlantic,DF,Day-ahead demand forecast,99287,megawatthours,2026-01-12 19:00:00,99287.0
2026-01-12T19,MIDA,Mid-Atlantic,NG,Net generation,105820,megawatthours,2026-01-12 19:00:00,105820.0
2026-01-12T19,MIDA,Mid-Atlantic,TI,Total interchange,1963,megawatthours,2026-01-12 19:00:00,1963.0
2026-01-12T18,MIDA,Mid-Atlantic,D,Demand,103727,megawatthours,2026-01-12 18:00:00,103727.0
2026-01-12T18,MIDA,Mid-Atlantic,DF,Day-ahead demand forecast,100142,megawatthours,2026-01-12 18:00:00,100142.0
2026-01-12T18,MIDA,Mid-Atlantic,NG,Net generation,107150,megawatthours,2026-01-12 18:00:00,107150.0
2026-01-12T18,MIDA,Mid-Atlantic,TI,Total interchange,1821,megawatthours,2026-01-12 18:00:00,1821.0
2026-01-12T17,MIDA,Mid-Atlantic,D,Demand,104864,megawatthours,2026-01-12 17:00:00,104864.0
2026-01-12T17,MIDA,Mid-Atlantic,DF,Day-ahead demand forecast,101433,megawatthours,2026-01-12 17:00:00,101433.0
2026-01-12T17,MIDA,Mid-Atlantic,NG,Net generation,108040,megawatthours,2026-01-12 17:00:00,108040.0
2026-01-12T17,MIDA,Mid-Atlantic,TI,Total interchange,1580,megawatthours,2026-01-12 17:00:00,1580.0
2026-01-12T16,MIDA,Mid-Atlantic,D,Demand,107885,megawatthours,2026-01-12 16:00:00,107885.0
2026-01-12T16,MIDA,Mid-Atlantic,DF,Day-ahead demand forecast,103455,megawatthours,2026-01-12 16:00:00,103455.0
2026-01-12T16,MIDA,Mid-Atlantic,NG,Net generation,111653,megawatthours,2026-01-12 16:00:00,111653.0
2026-01-12T16,MIDA,Mid-Atlantic,TI,Total interchange,1757,megawatthours,2026-01-12 16:00:00,1757.0
2026-01-12T15,MIDA,Mid-Atlantic,D,Demand,110778,megawatthours,2026-01-12 15:00:00,110778.0
2026-01-12T15,MIDA,Mid-Atlantic,DF,Day-ahead demand forecast,105758,megawatthours,2026-01-12 15:00:00,105758.0
2026-01-12T15,MIDA,Mid-Atlantic,NG,Net generation,114269,megawatthours,2026-01-12 15:00:00,114269.0
2026-01-12T15,MIDA,Mid-Atlantic,TI,Total interchange,1772,megawatthours,2026-01-12 15:00:00,1772.0
2026-01-12T14,MIDA,Mid-Atlantic,D,Demand,114886,megawatthours,2026-01-12 14:00:00,114886.0
2026-01-12T14,MIDA,Mid-Atlantic,DF,Day-ahead demand forecast,108513,megawatthours,2026-01-12 14:00:00,108513.0
2026-01-12T14,MIDA,Mid-Atlantic,NG,Net generation,118921,megawatthours,2026-01-12 14:00:00,118921.0
2026-01-12T14,MIDA,Mid-Atlantic,TI,Total interchange,1809,megawatthours,2026-01-12 14:00:00,1809.0
2026-01-12T13,MIDA,Mid-Atlantic,D,Demand,115537,megawatthours,2026-01-12 13:00:00,115537.0
2026-01-12T13,MIDA,Mid-Atlantic,DF,Day-ahead demand forecast,111204,megawatthours,2026-01-12 13:00:00,111204.0
2026-01-12T13,MIDA,Mid-Atlantic,NG,Net generation,118115,megawatthours,2026-01-12 13:00:00,118115.0
2026-01-12T13,MIDA,Mid-Atlantic,TI,Total interchange,1706,megawatthours,2026-01-12 13:00:00,1706.0
2026-01-12T12,MIDA,Mid-Atlantic,D,Demand,110694,megawatthours,2026-01-12 12:00:00,110694.0
2026-01-12T12,MIDA,Mid-Atlantic,DF,Day-ahead demand forecast,111075,megawatthours,2026-01-12 12:00:00,111075.0
2026-01-12T12,MIDA,Mid-Atlantic,NG,Net generation,112950,megawatthours,2026-01-12 12:00:00,112950.0
2026-01-12T12,MIDA,Mid-Atlantic,TI,Total interchange,1677,megawatthours,2026-01-12 12:00:00,1677.0
2026-01-12T11,MIDA,Mid-Atlantic,D,Demand,102988,megawatthours,2026-01-12 11:00:00,102988.0
2026-01-12T11,MIDA,Mid-Atlantic,DF,Day-ahead demand forecast,106385,megawatthours,2026-01-12 11:00:00,106385.0
2026-01-12T11,MIDA,Mid-Atlantic,NG,Net generation,105369,megawatthours,2026-01-12 11:00:00,105369.0
2026-01-12T11,MIDA,Mid-Atlantic,TI,Total interchange,1667,megawatthours,2026-01-12 11:00:00,1667.0
2026-01-12T10,MIDA,Mid-Atlantic,D,Demand,98585,megawatthours,2026-01-12 10:00:00,98585.0
2026-01-12T10,MIDA,Mid-Atlantic,DF,Day-ahead demand forecast,99736,megawatthours,2026-01-12 10:00:00,99736.0
2026-01-12T10,MIDA,Mid-Atlantic,NG,Net generation,101581,megawatthours,2026-01-12 10:00:00,101581.0
2026-01-12T10,MIDA,Mid-Atlantic,TI,Total interchange,1496,megawatthours,2026-01-12 10:00:00,1496.0
2026-01-12T09,MIDA,Mid-Atlantic,D,Demand,97756,megawatthours,2026-01-12 09:00:00,97756.0
2026-01-12T09,MIDA,Mid-Atlantic,DF,Day-ahead demand forecast,95020,megawatthours,2026-01-12 09:00:00,95020.0
2026-01-12T09,MIDA,Mid-Atlantic,NG,Net generation,100598,megawatthours,2026-01-12 09:00:00,100598.0
2026-01-12T09,MIDA,Mid-Atlantic,TI,Total interchange,2536,megawatthours,2026-01-12 09:00:00,2536.0
2026-01-12T08,MIDA,Mid-Atlantic,D,Demand,97201,megawatthours,2026-01-12 08:00:00,97201.0
2026-01-12T08,MIDA,Mid-Atlantic,DF,Day-ahead demand forecast,92888,megawatthours,2026-01-12 08:00:00,92888.0
2026-01-12T08,MIDA,Mid-Atlantic,NG,Net generation,100010,megawatthours,2026-01-12 08:00:00,100010.0
2026-01-12T08,MIDA,Mid-Atlantic,TI,Total interchange,2082,megawatthours,2026-01-12 08:00:00,2082.0
2026-01-12T07,MIDA,Mid-Atlantic,D,Demand,97634,megawatthours,2026-01-12 07:00:00,97634.0
2026-01-12T07,MIDA,Mid-Atlantic,DF,Day-ahead demand forecast,92467,megawatthours,2026-01-12 07:00:00,92467.0
2026-01-12T07,MIDA,Mid-Atlantic,NG,Net generation,100043,megawatthours,2026-01-12 07:00:00,100043.0
2026-01-12T07,MIDA,Mid-Atlantic,TI,Total interchange,1542,megawatthours,2026-01-12 07:00:00,1542.0
2026-01-12T06,MIDA,Mid-Atlantic,D,Demand,98965,megawatthours,2026-01-12 06:00:00,98965.0
2026-01-12T06,MIDA,Mid-Atlantic,DF,Day-ahead demand forecast,92933,megawatthours,2026-01-12 06:00:00,92933.0
2026-01-12T06,MIDA,Mid-Atlantic,NG,Net generation,102100,megawatthours,2026-01-12 06:00:00,102100.0
2026-01-12T06,MIDA,Mid-Atlantic,TI,Total interchange,1905,megawatthours,2026-01-12 06:00:00,1905.0
2026-01-12T05,MIDA,Mid-Atlantic,D,Demand,100983,megawatthours,2026-01-12 05:00:00,100983.0
2026-01-12T05,MIDA,Mid-Atlantic,DF,Day-ahead demand forecast,93624,megawatthours,2026-01-12 05:00:00,93624.0
2026-01-12T05,MIDA,Mid-Atlantic,NG,Net generation,103999,megawatthours,2026-01-12 05:00:00,103999.0
2026-01-12T05,MIDA,Mid-Atlantic,TI,Total interchange,1743,megawatthours,2026-01-12 05:00:00,1743.0
2026-01-12T04,MIDA,Mid-Atlantic,D,Demand,103426,megawatthours,2026-01-12 04:00:00,103426.0
2026-01-12T04,MIDA,Mid-Atlantic,DF,Day-ahead demand forecast,96102,megawatthours,2026-01-12 04:00:00,96102.0
2026-01-12T04,MIDA,Mid-Atlantic,NG,Net generation,106016,megawatthours,2026-01-12 04:00:00,106016.0
2026-01-12T04,MIDA,Mid-Atlantic,TI,Total interchange,1583,megawatthours,2026-01-12 04:00:00,1583.0
2026-01-12T03,MIDA,Mid-Atlantic,D,Demand,106450,megawatthours,2026-01-12 03:00:00,106450.0
2026-01-12T03,MIDA,Mid-Atlantic,DF,Day-ahead demand forecast,99017,megawatthours,2026-01-12 03:00:00,99017.0
2026-01-12T03,MIDA,Mid-Atlantic,NG,Net generation,108452,megawatthours,2026-01-12 03:00:00,108452.0
2026-01-12T03,MIDA,Mid-Atlantic,TI,Total interchange,1530,megawatthours,2026-01-12 03:00:00,1530.0
2026-01-12T02,MIDA,Mid-Atlantic,D,Demand,108881,megawatthours,2026-01-12 02:00:00,108881.0
2026-01-12T02,MIDA,Mid-Atlantic,DF,Day-ahead demand forecast,101723,megawatthours,2026-01-12 02:00:00,101723.0
2026-01-12T02,MIDA,Mid-Atlantic,NG,Net generation,111273,megawatthours,2026-01-12 02:00:00,111273.0
2026-01-12T02,MIDA,Mid-Atlantic,TI,Total interchange,1859,megawatthours,2026-01-12 02:00:00,1859.0
2026-01-12T01,MIDA,Mid-Atlantic,D,Demand,109454,megawatthours,2026-01-12 01:00:00,109454.0
2026-01-12T01,MIDA,Mid-Atlantic,DF,Day-ahead demand forecast,103639,megawatthours,2026-01-12 01:00:00,103639.0
2026-01-12T01,MIDA,Mid-Atlantic,NG,Net generation,112849,megawatthours,2026-01-12 01:00:00,112849.0
2026-01-12T01,MIDA,Mid-Atlantic,TI,Total interchange,1955,megawatthours,2026-01-12 01:00:00,1955.0
2026-01-12T00,MIDA,Mid-Atlantic,D,Demand,109629,megawatthours,2026-01-12 00:00:00,109629.0
2026-01-12T00,MIDA,Mid-Atlantic,DF,Day-ahead demand forecast,104280,megawatthours,2026-01-12 00:00:00,104280.0
2026-01-12T00,MIDA,Mid-Atlantic,NG,Net generation,112714,megawatthours,2026-01-12 00:00:00,112714.0
2026-01-12T00,MIDA,Mid-Atlantic,TI,Total interchange,1978,megawatthours,2026-01-12 00:00:00,1978.0
2026-01-11T23,MIDA,Mid-Atlantic,D,Demand,107445,megawatthours,2026-01-11 23:00:00,107445.0
2026-01-11T23,MIDA,Mid-Atlantic,DF,Day-ahead demand forecast,104516,megawatthours,2026-01-11 23:00:00,104516.0
2026-01-11T23,MIDA,Mid-Atlantic,NG,Net generation,110619,megawatthours,2026-01-11 23:00:00,110619.0
2026-01-11T23,MIDA,Mid-Atlantic,TI,Total interchange,1939,megawatthours,2026-01-11 23:00:00,1939.0
2026-01-11T22,MIDA,Mid-Atlantic,D,Demand,101737,megawatthours,2026-01-11 22:00:00,101737.0
2026-01-11T22,MIDA,Mid-Atlantic,DF,Day-ahead demand forecast,103373,megawatthours,2026-01-11 22:00:00,103373.0
2026-01-11T22,MIDA,Mid-Atlantic,NG,Net generation,104579,megawatthours,2026-01-11 22:00:00,104579.0
2026-01-11T22,MIDA,Mid-Atlantic,TI,Total interchange,1940,megawatthours,2026-01-11 22:00:00,1940.0
2026-01-11T21,MIDA,Mid-Atlantic,D,Demand,97477,megawatthours,2026-01-11 21:00:00,97477.0
2026-01-11T21,MIDA,Mid-Atlantic,DF,Day-ahead demand forecast,97926,megawatthours,2026-01-11 21:00:00,97926.0
2026-01-11T21,MIDA,Mid-Atlantic,NG,Net generation,100190,megawatthours,2026-01-11 21:00:00,100190.0
2026-01-11T21,MIDA,Mid-Atlantic,TI,Total interchange,1937,megawatthours,2026-01-11 21:00:00,1937.0
2026-01-11T20,MIDA,Mid-Atlantic,D,Demand,95410,megawatthours,2026-01-11 20:00:00,95410.0
2026-01-11T20,MIDA,Mid-Atlantic,DF,Day-ahead demand forecast,93980,megawatthours,2026-01-11 20:00:00,93980.0
2026-01-11T20,MIDA,Mid-Atlantic,NG,Net generation,99246,megawatthours,2026-01-11 20:00:00,99246.0
2026-01-11T20,MIDA,Mid-Atlantic,TI,Total interchange,2118,megawatthours,2026-01-11 20:00:00,2118.0
2026-01-11T19,MIDA,Mid-Atlantic,D,Demand,94540,megawatthours,2026-01-11 19:00:00,94540.0
2026-01-11T19,MIDA,Mid-Atlantic,DF,Day-ahead demand forecast,92071,megawatthours,2026-01-11 19:00:00,92071.0
2026-01-11T19,MIDA,Mid-Atlantic,NG,Net generation,98509,megawatthours,2026-01-11 19:00:00,98509.0
2026-01-11T19,MIDA,Mid-Atlantic,TI,Total interchange,1953,megawatthours,2026-01-11 19:00:00,1953.0
2026-01-11T18,MIDA,Mid-Atlantic,D,Demand,94574,megawatthours,2026-01-11 18:00:00,94574.0
2026-01-11T18,MIDA,Mid-Atlantic,DF,Day-ahead demand forecast,91814,megawatthours,2026-01-11 18:00:00,91814.0
2026-01-11T18,MIDA,Mid-Atlantic,NG,Net generation,99177,megawatthours,2026-01-11 18:00:00,99177.0
2026-01-11T18,MIDA,Mid-Atlantic,TI,Total interchange,1807,megawatthours,2026-01-11 18:00:00,1807.0
2026-01-11T17,MIDA,Mid-Atlantic,D,Demand,94118,megawatthours,2026-01-11 17:00:00,94118.0
2026-01-11T17,MIDA,Mid-Atlantic,DF,Day-ahead demand forecast,91603,megawatthours,2026-01-11 17:00:00,91603.0
2026-01-11T17,MIDA,Mid-Atlantic,NG,Net generation,99896,megawatthours,2026-01-11 17:00:00,99896.0
2026-01-11T17,MIDA,Mid-Atlantic,TI,Total interchange,1832,megawatthours,2026-01-11 17:00:00,1832.0
2026-01-11T16,MIDA,Mid-Atlantic,D,Demand,93372,megawatthours,2026-01-11 16:00:00,93372.0
2026-01-11T16,MIDA,Mid-Atlantic,DF,Day-ahead demand forecast,91185,megawatthours,2026-01-11 16:00:00,91185.0
2026-01-11T16,MIDA,Mid-Atlantic,NG,Net generation,99522,megawatthours,2026-01-11 16:00:00,99522.0
2026-01-11T16,MIDA,Mid-Atlantic,TI,Total interchange,1721,megawatthours,2026-01-11 16:00:00,1721.0
2026-01-11T15,MIDA,Mid-Atlantic,D,Demand,93863,megawatthours,2026-01-11 15:00:00,93863.0
2026-01-11T15,MIDA,Mid-Atlantic,DF,Day-ahead demand forecast,90732,megawatthours,2026-01-11 15:00:00,90732.0
2026-01-11T15,MIDA,Mid-Atlantic,NG,Net generation,99351,megawatthours,2026-01-11 15:00:00,99351.0
2026-01-11T15,MIDA,Mid-Atlantic,TI,Total interchange,1684,megawatthours,2026-01-11 15:00:00,1684.0
2026-01-11T14,MIDA,Mid-Atlantic,D,Demand,93278,megawatthours,2026-01-11 14:00:00,93278.0
2026-01-11T14,MIDA,Mid-Atlantic,DF,Day-ahead demand forecast,90336,megawatthours,2026-01-11 14:00:00,90336.0
2026-01-11T14,MIDA,Mid-Atlantic,NG,Net generation,99374,megawatthours,2026-01-11 14:00:00,99374.0
2026-01-11T14,MIDA,Mid-Atlantic,TI,Total interchange,1502,megawatthours,2026-01-11 14:00:00,1502.0
2026-01-11T13,MIDA,Mid-Atlantic,D,Demand,90721,megawatthours,2026-01-11 13:00:00,90721.0
2026-01-11T13,MIDA,Mid-Atlantic,DF,Day-ahead demand forecast,88759,megawatthours,2026-01-11 13:00:00,88759.0
2026-01-11T13,MIDA,Mid-Atlantic,NG,Net generation,97089,megawatthours,2026-01-11 13:00:00,97089.0
2026-01-11T13,MIDA,Mid-Atlantic,TI,Total interchange,1501,megawatthours,2026-01-11 13:00:00,1501.0
2026-01-11T12,MIDA,Mid-Atlantic,D,Demand,87562,megawatthours,2026-01-11 12:00:00,87562.0
2026-01-11T12,MIDA,Mid-Atlantic,DF,Day-ahead demand forecast,86045,megawatthours,2026-01-11 12:00:00,86045.0
2026-01-11T12,MIDA,Mid-Atlantic,NG,Net generation,93631,megawatthours,2026-01-11 12:00:00,93631.0
2026-01-11T12,MIDA,Mid-Atlantic,TI,Total interchange,1635,megawatthours,2026-01-11 12:00:00,1635.0
2026-01-11T11,MIDA,Mid-Atlantic,D,Demand,85582,megawatthours,2026-01-11 11:00:00,85582.0
2026-01-11T11,MIDA,Mid-Atlantic,DF,Day-ahead demand forecast,82889,megawatthours,2026-01-11 11:00:00,82889.0
2026-01-11T11,MIDA,Mid-Atlantic,NG,Net generation,91423,megawatthours,2026-01-11 11:00:00,91423.0
2026-01-11T11,MIDA,Mid-Atlantic,TI,Total interchange,1606,megawatthours,2026-01-11 11:00:00,1606.0
2026-01-11T10,MIDA,Mid-Atlantic,D,Demand,84873,megawatthours,2026-01-11 10:00:00,84873.0
2026-01-11T10,MIDA,Mid-Atlantic,DF,Day-ahead demand forecast,80723,megawatthours,2026-01-11 10:00:00,80723.0
2026-01-11T10,MIDA,Mid-Atlantic,NG,Net generation,90658,megawatthours,2026-01-11 10:00:00,90658.0
2026-01-11T10,MIDA,Mid-Atlantic,TI,Total interchange,1604,megawatthours,2026-01-11 10:00:00,1604.0
2026-01-11T09,MIDA,Mid-Atlantic,D,Demand,85053,megawatthours,2026-01-11 09:00:00,85053.0
2026-01-11T09,MIDA,Mid-Atlantic,DF,Day-ahead demand forecast,79200,megawatthours,2026-01-11 09:00:00,79200.0
2026-01-11T09,MIDA,Mid-Atlantic,NG,Net generation,90330,megawatthours,2026-01-11 09:00:00,90330.0
2026-01-11T09,MIDA,Mid-Atlantic,TI,Total interchange,1293,megawatthours,2026-01-11 09:00:00,1293.0
2026-01-11T08,MIDA,Mid-Atlantic,D,Demand,85760,megawatthours,2026-01-11 08:00:00,85760.0
2026-01-11T08,MIDA,Mid-Atlantic,DF,Day-ahead demand forecast,78509,megawatthours,2026-01-11 08:00:00,78509.0
2026-01-11T08,MIDA,Mid-Atlantic,NG,Net generation,90745,megawatthours,2026-01-11 08:00:00,90745.0
2026-01-11T08,MIDA,Mid-Atlantic,TI,Total interchange,601,megawatthours,2026-01-11 08:00:00,601.0
2026-01-11T07,MIDA,Mid-Atlantic,D,Demand,86678,megawatthours,2026-01-11 07:00:00,86678.0
2026-01-11T07,MIDA,Mid-Atlantic,DF,Day-ahead demand forecast,78871,megawatthours,2026-01-11 07:00:00,78871.0
2026-01-11T07,MIDA,Mid-Atlantic,NG,Net generation,91298,megawatthours,2026-01-11 07:00:00,91298.0
2026-01-11T07,MIDA,Mid-Atlantic,TI,Total interchange,211,megawatthours,2026-01-11 07:00:00,211.0
2026-01-11T06,MIDA,Mid-Atlantic,D,Demand,88194,megawatthours,2026-01-11 06:00:00,88194.0
2026-01-11T06,MIDA,Mid-Atlantic,DF,Day-ahead demand forecast,80228,megawatthours,2026-01-11 06:00:00,80228.0
2026-01-11T06,MIDA,Mid-Atlantic,NG,Net generation,92135,megawatthours,2026-01-11 06:00:00,92135.0
2026-01-11T06,MIDA,Mid-Atlantic,TI,Total interchange,123,megawatthours,2026-01-11 06:00:00,123.0
2026-01-11T05,MIDA,Mid-Atlantic,D,Demand,89342,megawatthours,2026-01-11 05:00:00,89342.0
2026-01-11T05,MIDA,Mid-Atlantic,DF,Day-ahead demand forecast,82011,megawatthours,2026-01-11 05:00:00,82011.0
2026-01-11T05,MIDA,Mid-Atlantic,NG,Net generation,92958,megawatthours,2026-01-11 05:00:00,92958.0
2026-01-11T05,MIDA,Mid-Atlantic,TI,Total interchange,1832,megawatthours,2026-01-11 05:00:00,1832.0
2026-01-11T04,MIDA,Mid-Atlantic,D,Demand,90904,megawatthours,2026-01-11 04:00:00,90904.0
2026-01-11T04,MIDA,Mid-Atlantic,DF,Day-ahead demand forecast,84695,megawatthours,2026-01-11 04:00:00,84695.0
2026-01-11T04,MIDA,Mid-Atlantic,NG,Net generation,94133,megawatthours,2026-01-11 04:00:00,94133.0
2026-01-11T04,MIDA,Mid-Atlantic,TI,Total interchange,1655,megawatthours,2026-01-11 04:00:00,1655.0
2026-01-11T03,MIDA,Mid-Atlantic,D,Demand,92808,megawatthours,2026-01-11 03:00:00,92808.0
2026-01-11T03,MIDA,Mid-Atlantic,DF,Day-ahead demand forecast,87786,megawatthours,2026-01-11 03:00:00,87786.0
2026-01-11T03,MIDA,Mid-Atlantic,NG,Net generation,95546,megawatthours,2026-01-11 03:00:00,95546.0
2026-01-11T03,MIDA,Mid-Atlantic,TI,Total interchange,1589,megawatthours,2026-01-11 03:00:00,1589.0
2026-01-11T02,MIDA,Mid-Atlantic,D,Demand,94791,megawatthours,2026-01-11 02:00:00,94791.0
2026-01-11T02,MIDA,Mid-Atlantic,DF,Day-ahead demand forecast,90191,megawatthours,2026-01-11 02:00:00,90191.0
2026-01-11T02,MIDA,Mid-Atlantic,NG,Net generation,97854,megawatthours,2026-01-11 02:00:00,97854.0
2026-01-11T02,MIDA,Mid-Atlantic,TI,Total interchange,1789,megawatthours,2026-01-11 02:00:00,1789.0
2026-01-11T01,MIDA,Mid-Atlantic,D,Demand,96063,megawatthours,2026-01-11 01:00:00,96063.0
2026-01-11T01,MIDA,Mid-Atlantic,DF,Day-ahead demand forecast,92351,megawatthours,2026-01-11 01:00:00,92351.0
2026-01-11T01,MIDA,Mid-Atlantic,NG,Net generation,99319,megawatthours,2026-01-11 01:00:00,99319.0
2026-01-11T01,MIDA,Mid-Atlantic,TI,Total interchange,1707,megawatthours,2026-01-11 01:00:00,1707.0
2026-01-11T00,MIDA,Mid-Atlantic,D,Demand,97333,megawatthours,2026-01-11 00:00:00,97333.0
2026-01-11T00,MIDA,Mid-Atlantic,DF,Day-ahead demand forecast,94153,megawatthours,2026-01-11 00:00:00,94153.0
2026-01-11T00,MIDA,Mid-Atlantic,NG,Net generation,100519,megawatthours,2026-01-11 00:00:00,100519.0
2026-01-11T00,MIDA,Mid-Atlantic,TI,Total interchange,1675,megawatthours,2026-01-11 00:00:00,1675.0
2026-01-10T23,MIDA,Mid-Atlantic,D,Demand,97143,megawatthours,2026-01-10 23:00:00,97143.0
2026-01-10T23,MIDA,Mid-Atlantic,DF,Day-ahead demand forecast,95520,megawatthours,2026-01-10 23:00:00,95520.0
2026-01-10T23,MIDA,Mid-Atlantic,NG,Net generation,100352,megawatthours,2026-01-10 23:00:00,100352.0
2026-01-10T23,MIDA,Mid-Atlantic,TI,Total interchange,1629,megawatthours,2026-01-10 23:00:00,1629.0
2026-01-10T22,MIDA,Mid-Atlantic,D,Demand,94977,megawatthours,2026-01-10 22:00:00,94977.0
2026-01-10T22,MIDA,Mid-Atlantic,DF,Day-ahead demand forecast,95292,megawatthours,2026-01-10 22:00:00,95292.0
2026-01-10T22,MIDA,Mid-Atlantic,NG,Net generation,97794,megawatthours,2026-01-10 22:00:00,97794.0
2026-01-10T22,MIDA,Mid-Atlantic,TI,Total interchange,1666,megawatthours,2026-01-10 22:00:00,1666.0
2026-01-10T21,MIDA,Mid-Atlantic,D,Demand,93627,megawatthours,2026-01-10 21:00:00,93627.0
2026-01-10T21,MIDA,Mid-Atlantic,DF,Day-ahead demand forecast,91653,megawatthours,2026-01-10 21:00:00,91653.0
2026-01-10T21,MIDA,Mid-Atlantic,NG,Net generation,96670,megawatthours,2026-01-10 21:00:00,96670.0
2026-01-10T21,MIDA,Mid-Atlantic,TI,Total interchange,1556,megawatthours,2026-01-10 21:00:00,1556.0
2026-01-10T20,MIDA,Mid-Atlantic,D,Demand,93536,megawatthours,2026-01-10 20:00:00,93536.0
2026-01-10T20,MIDA,Mid-Atlantic,DF,Day-ahead demand forecast,89030,megawatthours,2026-01-10 20:00:00,89030.0
2026-01-10T20,MIDA,Mid-Atlantic,NG,Net generation,96735,megawatthours,2026-01-10 20:00:00,96735.0
2026-01-10T20,MIDA,Mid-Atlantic,TI,Total interchange,1464,megawatthours,2026-01-10 20:00:00,1464.0
2026-01-10T19,MIDA,Mid-Atlantic,D,Demand,94551,megawatthours,2026-01-10 19:00:00,94551.0
2026-01-10T19,MIDA,Mid-Atlantic,DF,Day-ahead demand forecast,88238,megawatthours,2026-01-10 19:00:00,88238.0
2026-01-10T19,MIDA,Mid-Atlantic,NG,Net generation,97361,megawatthours,2026-01-10 19:00:00,97361.0
2026-01-10T19,MIDA,Mid-Atlantic,TI,Total interchange,1624,megawatthours,2026-01-10 19:00:00,1624.0
2026-01-10T18,MIDA,Mid-Atlantic,D,Demand,94769,megawatthours,2026-01-10 18:00:00,94769.0
2026-01-10T18,MIDA,Mid-Atlantic,DF,Day-ahead demand forecast,88429,megawatthours,2026-01-10 18:00:00,88429.0
2026-01-10T18,MIDA,Mid-Atlantic,NG,Net generation,97365,megawatthours,2026-01-10 18:00:00,97365.0
2026-01-10T18,MIDA,Mid-Atlantic,TI,Total interchange,1721,megawatthours,2026-01-10 18:00:00,1721.0
2026-01-10T17,MIDA,Mid-Atlantic,D,Demand,94396,megawatthours,2026-01-10 17:00:00,94396.0
2026-01-10T17,MIDA,Mid-Atlantic,DF,Day-ahead demand forecast,88801,megawatthours,2026-01-10 17:00:00,88801.0
2026-01-10T17,MIDA,Mid-Atlantic,NG,Net generation,97318,megawatthours,2026-01-10 17:00:00,97318.0
2026-01-10T17,MIDA,Mid-Atlantic,TI,Total interchange,1694,megawatthours,2026-01-10 17:00:00,1694.0
2026-01-10T16,MIDA,Mid-Atlantic,D,Demand,93453,megawatthours,2026-01-10 16:00:00,93453.0
2026-01-10T16,MIDA,Mid-Atlantic,DF,Day-ahead demand forecast,89155,megawatthours,2026-01-10 16:00:00,89155.0
2026-01-10T16,MIDA,Mid-Atlantic,NG,Net generation,96663,megawatthours,2026-01-10 16:00:00,96663.0
2026-01-10T16,MIDA,Mid-Atlantic,TI,Total interchange,1612,megawatthours,2026-01-10 16:00:00,1612.0
2026-01-10T15,MIDA,Mid-Atlantic,D,Demand,91479,megawatthours,2026-01-10 15:00:00,91479.0
2026-01-10T15,MIDA,Mid-Atlantic,DF,Day-ahead demand forecast,89308,megawatthours,2026-01-10 15:00:00,89308.0
2026-01-10T15,MIDA,Mid-Atlantic,NG,Net generation,94827,megawatthours,2026-01-10 15:00:00,94827.0
2026-01-10T15,MIDA,Mid-Atlantic,TI,Total interchange,1525,megawatthours,2026-01-10 15:00:00,1525.0
2026-01-10T14,MIDA,Mid-Atlantic,D,Demand,88607,megawatthours,2026-01-10 14:00:00,88607.0
2026-01-10T14,MIDA,Mid-Atlantic,DF,Day-ahead demand forecast,88788,megawatthours,2026-01-10 14:00:00,88788.0
2026-01-10T14,MIDA,Mid-Atlantic,NG,Net generation,91598,megawatthours,2026-01-10 14:00:00,91598.0
2026-01-10T14,MIDA,Mid-Atlantic,TI,Total interchange,1552,megawatthours,2026-01-10 14:00:00,1552.0
2026-01-10T13,MIDA,Mid-Atlantic,D,Demand,85503,megawatthours,2026-01-10 13:00:00,85503.0
2026-01-10T13,MIDA,Mid-Atlantic,DF,Day-ahead demand forecast,86951,megawatthours,2026-01-10 13:00:00,86951.0
2026-01-10T13,MIDA,Mid-Atlantic,NG,Net generation,88723,megawatthours,2026-01-10 13:00:00,88723.0
2026-01-10T13,MIDA,Mid-Atlantic,TI,Total interchange,1594,megawatthours,2026-01-10 13:00:00,1594.0
2026-01-10T12,MIDA,Mid-Atlantic,D,Demand,82654,megawatthours,2026-01-10 12:00:00,82654.0
2026-01-10T12,MIDA,Mid-Atlantic,DF,Day-ahead demand forecast,83902,megawatthours,2026-01-10 12:00:00,83902.0
2026-01-10T12,MIDA,Mid-Atlantic,NG,Net generation,86428,megawatthours,2026-01-10 12:00:00,86428.0
2026-01-10T12,MIDA,Mid-Atlantic,TI,Total interchange,1525,megawatthours,2026-01-10 12:00:00,1525.0
2026-01-10T11,MIDA,Mid-Atlantic,D,Demand,82005,megawatthours,2026-01-10 11:00:00,82005.0
2026-01-10T11,MIDA,Mid-Atlantic,DF,Day-ahead demand forecast,80646,megawatthours,2026-01-10 11:00:00,80646.0
2026-01-10T11,MIDA,Mid-Atlantic,NG,Net generation,86326,megawatthours,2026-01-10 11:00:00,86326.0
2026-01-10T11,MIDA,Mid-Atlantic,TI,Total interchange,1538,megawatthours,2026-01-10 11:00:00,1538.0
2026-01-10T10,MIDA,Mid-Atlantic,D,Demand,81919,megawatthours,2026-01-10 10:00:00,81919.0
2026-01-10T10,MIDA,Mid-Atlantic,DF,Day-ahead demand forecast,78106,megawatthours,2026-01-10 10:00:00,78106.0
2026-01-10T10,MIDA,Mid-Atlantic,NG,Net generation,86125,megawatthours,2026-01-10 10:00:00,86125.0
2026-01-10T10,MIDA,Mid-Atlantic,TI,Total interchange,1271,megawatthours,2026-01-10 10:00:00,1271.0
2026-01-10T09,MIDA,Mid-Atlantic,D,Demand,81941,megawatthours,2026-01-10 09:00:00,81941.0
2026-01-10T09,MIDA,Mid-Atlantic,DF,Day-ahead demand forecast,76482,megawatthours,2026-01-10 09:00:00,76482.0
2026-01-10T09,MIDA,Mid-Atlantic,NG,Net generation,86291,megawatthours,2026-01-10 09:00:00,86291.0
2026-01-10T09,MIDA,Mid-Atlantic,TI,Total interchange,892,megawatthours,2026-01-10 09:00:00,892.0
2026-01-10T08,MIDA,Mid-Atlantic,D,Demand,82014,megawatthours,2026-01-10 08:00:00,82014.0
2026-01-10T08,MIDA,Mid-Atlantic,DF,Day-ahead demand forecast,76114,megawatthours,2026-01-10 08:00:00,76114.0
2026-01-10T08,MIDA,Mid-Atlantic,NG,Net generation,86590,megawatthours,2026-01-10 08:00:00,86590.0
2026-01-10T08,MIDA,Mid-Atlantic,TI,Total interchange,652,megawatthours,2026-01-10 08:00:00,652.0
2026-01-10T07,MIDA,Mid-Atlantic,D,Demand,82479,megawatthours,2026-01-10 07:00:00,82479.0
2026-01-10T07,MIDA,Mid-Atlantic,DF,Day-ahead demand forecast,76710,megawatthours,2026-01-10 07:00:00,76710.0
2026-01-10T07,MIDA,Mid-Atlantic,NG,Net generation,87420,megawatthours,2026-01-10 07:00:00,87420.0
2026-01-10T07,MIDA,Mid-Atlantic,TI,Total interchange,70,megawatthours,2026-01-10 07:00:00,70.0
2026-01-10T06,MIDA,Mid-Atlantic,D,Demand,84065,megawatthours,2026-01-10 06:00:00,84065.0
2026-01-10T06,MIDA,Mid-Atlantic,DF,Day-ahead demand forecast,77992,megawatthours,2026-01-10 06:00:00,77992.0
2026-01-10T06,MIDA,Mid-Atlantic,NG,Net generation,89402,megawatthours,2026-01-10 06:00:00,89402.0
2026-01-10T06,MIDA,Mid-Atlantic,TI,Total interchange,-532,megawatthours,2026-01-10 06:00:00,-532.0
2026-01-10T05,MIDA,Mid-Atlantic,D,Demand,86865,megawatthours,2026-01-10 05:00:00,86865.0
2026-01-10T05,MIDA,Mid-Atlantic,DF,Day-ahead demand forecast,79139,megawatthours,2026-01-10 05:00:00,79139.0
2026-01-10T05,MIDA,Mid-Atlantic,NG,Net generation,93046,megawatthours,2026-01-10 05:00:00,93046.0
2026-01-10T05,MIDA,Mid-Atlantic,TI,Total interchange,1554,megawatthours,2026-01-10 05:00:00,1554.0
2026-01-10T04,MIDA,Mid-Atlantic,D,Demand,89060,megawatthours,2026-01-10 04:00:00,89060.0
2026-01-10T04,MIDA,Mid-Atlantic,DF,Day-ahead demand forecast,82173,megawatthours,2026-01-10 04:00:00,82173.0
2026-01-10T04,MIDA,Mid-Atlantic,NG,Net generation,94946,megawatthours,2026-01-10 04:00:00,94946.0
2026-01-10T04,MIDA,Mid-Atlantic,TI,Total interchange,1189,megawatthours,2026-01-10 04:00:00,1189.0
2026-01-10T03,MIDA,Mid-Atlantic,D,Demand,91601,megawatthours,2026-01-10 03:00:00,91601.0
2026-01-10T03,MIDA,Mid-Atlantic,DF,Day-ahead demand forecast,86134,megawatthours,2026-01-10 03:00:00,86134.0
2026-01-10T03,MIDA,Mid-Atlantic,NG,Net generation,96945,megawatthours,2026-01-10 03:00:00,96945.0
2026-01-10T03,MIDA,Mid-Atlantic,TI,Total interchange,1236,megawatthours,2026-01-10 03:00:00,1236.0
2026-01-10T02,MIDA,Mid-Atlantic,D,Demand,94038,megawatthours,2026-01-10 02:00:00,94038.0
2026-01-10T02,MIDA,Mid-Atlantic,DF,Day-ahead demand forecast,89498,megawatthours,2026-01-10 02:00:00,89498.0
2026-01-10T02,MIDA,Mid-Atlantic,NG,Net generation,99402,megawatthours,2026-01-10 02:00:00,99402.0
2026-01-10T02,MIDA,Mid-Atlantic,TI,Total interchange,1404,megawatthours,2026-01-10 02:00:00,1404.0
2026-01-10T01,MIDA,Mid-Atlantic,D,Demand,96128,megawatthours,2026-01-10 01:00:00,96128.0
2026-01-10T01,MIDA,Mid-Atlantic,DF,Day-ahead demand forecast,92200,megawatthours,2026-01-10 01:00:00,92200.0
2026-01-10T01,MIDA,Mid-Atlantic,NG,Net generation,101778,megawatthours,2026-01-10 01:00:00,101778.0
2026-01-10T01,MIDA,Mid-Atlantic,TI,Total interchange,1639,megawatthours,2026-01-10 01:00:00,1639.0
2026-01-10T00,MIDA,Mid-Atlantic,D,Demand,97804,megawatthours,2026-01-10 00:00:00,97804.0
2026-01-10T00,MIDA,Mid-Atlantic,DF,Day-ahead demand forecast,94381,megawatthours,2026-01-10 00:00:00,94381.0
2026-01-10T00,MIDA,Mid-Atlantic,NG,Net generation,103437,megawatthours,2026-01-10 00:00:00,103437.0
2026-01-10T00,MIDA,Mid-Atlantic,TI,Total interchange,1737,megawatthours,2026-01-10 00:00:00,1737.0
2026-01-09T23,MIDA,Mid-Atlantic,D,Demand,98018,megawatthours,2026-01-09 23:00:00,98018.0
2026-01-09T23,MIDA,Mid-Atlantic,DF,Day-ahead demand forecast,96193,megawatthours,2026-01-09 23:00:00,96193.0
2026-01-09T23,MIDA,Mid-Atlantic,NG,Net generation,103853,megawatthours,2026-01-09 23:00:00,103853.0
2026-01-09T23,MIDA,Mid-Atlantic,TI,Total interchange,1805,megawatthours,2026-01-09 23:00:00,1805.0
2026-01-09T22,MIDA,Mid-Atlantic,D,Demand,95578,megawatthours,2026-01-09 22:00:00,95578.0
2026-01-09T22,MIDA,Mid-Atlantic,DF,Day-ahead demand forecast,96922,megawatthours,2026-01-09 22:00:00,96922.0
2026-01-09T22,MIDA,Mid-Atlantic,NG,Net generation,100790,megawatthours,2026-01-09 22:00:00,100790.0
2026-01-09T22,MIDA,Mid-Atlantic,TI,Total interchange,1842,megawatthours,2026-01-09 22:00:00,1842.0
2026-01-09T21,MIDA,Mid-Atlantic,D,Demand,94498,megawatthours,2026-01-09 21:00:00,94498.0
2026-01-09T21,MIDA,Mid-Atlantic,DF,Day-ahead demand forecast,93855,megawatthours,2026-01-09 21:00:00,93855.0
2026-01-09T21,MIDA,Mid-Atlantic,NG,Net generation,99972,megawatthours,2026-01-09 21:00:00,99972.0
2026-01-09T21,MIDA,Mid-Atlantic,TI,Total interchange,1832,megawatthours,2026-01-09 21:00:00,1832.0
2026-01-09T20,MIDA,Mid-Atlantic,D,Demand,94587,megawatthours,2026-01-09 20:00:00,94587.0
2026-01-09T20,MIDA,Mid-Atlantic,DF,Day-ahead demand forecast,91695,megawatthours,2026-01-09 20:00:00,91695.0
2026-01-09T20,MIDA,Mid-Atlantic,NG,Net generation,99647,megawatthours,2026-01-09 20:00:00,99647.0
2026-01-09T20,MIDA,Mid-Atlantic,TI,Total interchange,1831,megawatthours,2026-01-09 20:00:00,1831.0
2026-01-09T19,MIDA,Mid-Atlantic,D,Demand,96039,megawatthours,2026-01-09 19:00:00,96039.0
2026-01-09T19,MIDA,Mid-Atlantic,DF,Day-ahead demand forecast,91185,megawatthours,2026-01-09 19:00:00,91185.0
2026-01-09T19,MIDA,Mid-Atlantic,NG,Net generation,100478,megawatthours,2026-01-09 19:00:00,100478.0
2026-01-09T19,MIDA,Mid-Atlantic,TI,Total interchange,1771,megawatthours,2026-01-09 19:00:00,1771.0
2026-01-09T18,MIDA,Mid-Atlantic,D,Demand,97452,megawatthours,2026-01-09 18:00:00,97452.0
2026-01-09T18,MIDA,Mid-Atlantic,DF,Day-ahead demand forecast,91497,megawatthours,2026-01-09 18:00:00,91497.0
2026-01-09T18,MIDA,Mid-Atlantic,NG,Net generation,102195,megawatthours,2026-01-09 18:00:00,102195.0
2026-01-09T18,MIDA,Mid-Atlantic,TI,Total interchange,1532,megawatthours,2026-01-09 18:00:00,1532.0
2026-01-09T17,MIDA,Mid-Atlantic,D,Demand,97627,megawatthours,2026-01-09 17:00:00,97627.0
2026-01-09T17,MIDA,Mid-Atlantic,DF,Day-ahead demand forecast,92022,megawatthours,2026-01-09 17:00:00,92022.0
2026-01-09T17,MIDA,Mid-Atlantic,NG,Net generation,103443,megawatthours,2026-01-09 17:00:00,103443.0
2026-01-09T17,MIDA,Mid-Atlantic,TI,Total interchange,1430,megawatthours,2026-01-09 17:00:00,1430.0
2026-01-09T16,MIDA,Mid-Atlantic,D,Demand,97528,megawatthours,2026-01-09 16:00:00,97528.0
2026-01-09T16,MIDA,Mid-Atlantic,DF,Day-ahead demand forecast,93033,megawatthours,2026-01-09 16:00:00,93033.0
2026-01-09T16,MIDA,Mid-Atlantic,NG,Net generation,102216,megawatthours,2026-01-09 16:00:00,102216.0
2026-01-09T16,MIDA,Mid-Atlantic,TI,Total interchange,1278,megawatthours,2026-01-09 16:00:00,1278.0
2026-01-09T15,MIDA,Mid-Atlantic,D,Demand,98254,megawatthours,2026-01-09 15:00:00,98254.0
2026-01-09T15,MIDA,Mid-Atlantic,DF,Day-ahead demand forecast,94313,megawatthours,2026-01-09 15:00:00,94313.0
2026-01-09T15,MIDA,Mid-Atlantic,NG,Net generation,102967,megawatthours,2026-01-09 15:00:00,102967.0
2026-01-09T15,MIDA,Mid-Atlantic,TI,Total interchange,1533,megawatthours,2026-01-09 15:00:00,1533.0
2026-01-09T14,MIDA,Mid-Atlantic,D,Demand,99807,megawatthours,2026-01-09 14:00:00,99807.0
2026-01-09T14,MIDA,Mid-Atlantic,DF,Day-ahead demand forecast,95932,megawatthours,2026-01-09 14:00:00,95932.0
2026-01-09T14,MIDA,Mid-Atlantic,NG,Net generation,104260,megawatthours,2026-01-09 14:00:00,104260.0
2026-01-09T14,MIDA,Mid-Atlantic,TI,Total interchange,1399,megawatthours,2026-01-09 14:00:00,1399.0
2026-01-09T13,MIDA,Mid-Atlantic,D,Demand,99697,megawatthours,2026-01-09 13:00:00,99697.0
2026-01-09T13,MIDA,Mid-Atlantic,DF,Day-ahead demand forecast,97057,megawatthours,2026-01-09 13:00:00,97057.0
2026-01-09T13,MIDA,Mid-Atlantic,NG,Net generation,102970,megawatthours,2026-01-09 13:00:00,102970.0
2026-01-09T13,MIDA,Mid-Atlantic,TI,Total interchange,1466,megawatthours,2026-01-09 13:00:00,1466.0
2026-01-09T12,MIDA,Mid-Atlantic,D,Demand,95262,megawatthours,2026-01-09 12:00:00,95262.0
2026-01-09T12,MIDA,Mid-Atlantic,DF,Day-ahead demand forecast,96431,megawatthours,2026-01-09 12:00:00,96431.0
2026-01-09T12,MIDA,Mid-Atlantic,NG,Net generation,98161,megawatthours,2026-01-09 12:00:00,98161.0
2026-01-09T12,MIDA,Mid-Atlantic,TI,Total interchange,1422,megawatthours,2026-01-09 12:00:00,1422.0
2026-01-09T11,MIDA,Mid-Atlantic,D,Demand,89915,megawatthours,2026-01-09 11:00:00,89915.0
2026-01-09T11,MIDA,Mid-Atlantic,DF,Day-ahead demand forecast,92023,megawatthours,2026-01-09 11:00:00,92023.0
2026-01-09T11,MIDA,Mid-Atlantic,NG,Net generation,93399,megawatthours,2026-01-09 11:00:00,93399.0
2026-01-09T11,MIDA,Mid-Atlantic,TI,Total interchange,1588,megawatthours,2026-01-09 11:00:00,1588.0
2026-01-09T10,MIDA,Mid-Atlantic,D,Demand,86751,megawatthours,2026-01-09 10:00:00,86751.0
2026-01-09T10,MIDA,Mid-Atlantic,DF,Day-ahead demand forecast,86118,megawatthours,2026-01-09 10:00:00,86118.0
2026-01-09T10,MIDA,Mid-Atlantic,NG,Net generation,90354,megawatthours,2026-01-09 10:00:00,90354.0
2026-01-09T10,MIDA,Mid-Atlantic,TI,Total interchange,1431,megawatthours,2026-01-09 10:00:00,1431.0
2026-01-09T09,MIDA,Mid-Atlantic,D,Demand,86577,megawatthours,2026-01-09 09:00:00,86577.0
2026-01-09T09,MIDA,Mid-Atlantic,DF,Day-ahead demand forecast,82070,megawatthours,2026-01-09 09:00:00,82070.0
2026-01-09T09,MIDA,Mid-Atlantic,NG,Net generation,90144,megawatthours,2026-01-09 09:00:00,90144.0
2026-01-09T09,MIDA,Mid-Atlantic,TI,Total interchange,1939,megawatthours,2026-01-09 09:00:00,1939.0
2026-01-09T08,MIDA,Mid-Atlantic,D,Demand,87339,megawatthours,2026-01-09 08:00:00,87339.0
2026-01-09T08,MIDA,Mid-Atlantic,DF,Day-ahead demand forecast,80604,megawatthours,2026-01-09 08:00:00,80604.0
2026-01-09T08,MIDA,Mid-Atlantic,NG,Net generation,91063,megawatthours,2026-01-09 08:00:00,91063.0
2026-01-09T08,MIDA,Mid-Atlantic,TI,Total interchange,1788,megawatthours,2026-01-09 08:00:00,1788.0
2026-01-09T07,MIDA,Mid-Atlantic,D,Demand,88158,megawatthours,2026-01-09 07:00:00,88158.0
2026-01-09T07,MIDA,Mid-Atlantic,DF,Day-ahead demand forecast,80683,megawatthours,2026-01-09 07:00:00,80683.0
2026-01-09T07,MIDA,Mid-Atlantic,NG,Net generation,92402,megawatthours,2026-01-09 07:00:00,92402.0
2026-01-09T07,MIDA,Mid-Atlantic,TI,Total interchange,1584,megawatthours,2026-01-09 07:00:00,1584.0
2026-01-09T06,MIDA,Mid-Atlantic,D,Demand,89572,megawatthours,2026-01-09 06:00:00,89572.0
2026-01-09T06,MIDA,Mid-Atlantic,DF,Day-ahead demand forecast,81864,megawatthours,2026-01-09 06:00:00,81864.0
2026-01-09T06,MIDA,Mid-Atlantic,NG,Net generation,92653,megawatthours,2026-01-09 06:00:00,92653.0
2026-01-09T06,MIDA,Mid-Atlantic,TI,Total interchange,1629,megawatthours,2026-01-09 06:00:00,1629.0
2026-01-09T05,MIDA,Mid-Atlantic,D,Demand,91849,megawatthours,2026-01-09 05:00:00,91849.0
2026-01-09T05,MIDA,Mid-Atlantic,DF,Day-ahead demand forecast,83569,megawatthours,2026-01-09 05:00:00,83569.0
2026-01-09T05,MIDA,Mid-Atlantic,NG,Net generation,94474,megawatthours,2026-01-09 05:00:00,94474.0
2026-01-09T05,MIDA,Mid-Atlantic,TI,Total interchange,1284,megawatthours,2026-01-09 05:00:00,1284.0
2026-01-09T04,MIDA,Mid-Atlantic,D,Demand,94441,megawatthours,2026-01-09 04:00:00,94441.0
2026-01-09T04,MIDA,Mid-Atlantic,DF,Day-ahead demand forecast,87645,megawatthours,2026-01-09 04:00:00,87645.0
2026-01-09T04,MIDA,Mid-Atlantic,NG,Net generation,96859,megawatthours,2026-01-09 04:00:00,96859.0
2026-01-09T04,MIDA,Mid-Atlantic,TI,Total interchange,1197,megawatthours,2026-01-09 04:00:00,1197.0
2026-01-09T03,MIDA,Mid-Atlantic,D,Demand,97489,megawatthours,2026-01-09 03:00:00,97489.0
2026-01-09T03,MIDA,Mid-Atlantic,DF,Day-ahead demand forecast,91673,megawatthours,2026-01-09 03:00:00,91673.0
2026-01-09T03,MIDA,Mid-Atlantic,NG,Net generation,99752,megawatthours,2026-01-09 03:00:00,99752.0
2026-01-09T03,MIDA,Mid-Atlantic,TI,Total interchange,1189,megawatthours,2026-01-09 03:00:00,1189.0
2026-01-09T02,MIDA,Mid-Atlantic,D,Demand,99573,megawatthours,2026-01-09 02:00:00,99573.0
2026-01-09T02,MIDA,Mid-Atlantic,DF,Day-ahead demand forecast,95509,megawatthours,2026-01-09 02:00:00,95509.0
2026-01-09T02,MIDA,Mid-Atlantic,NG,Net generation,101836,megawatthours,2026-01-09 02:00:00,101836.0
2026-01-09T02,MIDA,Mid-Atlantic,TI,Total interchange,1420,megawatthours,2026-01-09 02:00:00,1420.0
2026-01-09T01,MIDA,Mid-Atlantic,D,Demand,100702,megawatthours,2026-01-09 01:00:00,100702.0
2026-01-09T01,MIDA,Mid-Atlantic,DF,Day-ahead demand forecast,98153,megawatthours,2026-01-09 01:00:00,98153.0
2026-01-09T01,MIDA,Mid-Atlantic,NG,Net generation,103481,megawatthours,2026-01-09 01:00:00,103481.0
2026-01-09T01,MIDA,Mid-Atlantic,TI,Total interchange,1593,megawatthours,2026-01-09 01:00:00,1593.0
2026-01-09T00,MIDA,Mid-Atlantic,D,Demand,101238,megawatthours,2026-01-09 00:00:00,101238.0
2026-01-09T00,MIDA,Mid-Atlantic,DF,Day-ahead demand forecast,99711,megawatthours,2026-01-09 00:00:00,99711.0
2026-01-09T00,MIDA,Mid-Atlantic,NG,Net generation,104538,megawatthours,2026-01-09 00:00:00,104538.0
2026-01-09T00,MIDA,Mid-Atlantic,TI,Total interchange,1749,megawatthours,2026-01-09 00:00:00,1749.0
2026-01-08T23,MIDA,Mid-Atlantic,D,Demand,99862,megawatthours,2026-01-08 23:00:00,99862.0
2026-01-08T23,MIDA,Mid-Atlantic,DF,Day-ahead demand forecast,100597,megawatthours,2026-01-08 23:00:00,100597.0
2026-01-08T23,MIDA,Mid-Atlantic,NG,Net generation,103253,megawatthours,2026-01-08 23:00:00,103253.0
2026-01-08T23,MIDA,Mid-Atlantic,TI,Total interchange,1732,megawatthours,2026-01-08 23:00:00,1732.0
2026-01-08T22,MIDA,Mid-Atlantic,D,Demand,95096,megawatthours,2026-01-08 22:00:00,95096.0
2026-01-08T22,MIDA,Mid-Atlantic,DF,Day-ahead demand forecast,100113,megawatthours,2026-01-08 22:00:00,100113.0
2026-01-08T22,MIDA,Mid-Atlantic,NG,Net generation,98579,megawatthours,2026-01-08 22:00:00,98579.0
2026-01-08T22,MIDA,Mid-Atlantic,TI,Total interchange,1841,megawatthours,2026-01-08 22:00:00,1841.0
2026-01-08T21,MIDA,Mid-Atlantic,D,Demand,93296,megawatthours,2026-01-08 21:00:00,93296.0
2026-01-08T21,MIDA,Mid-Atlantic,DF,Day-ahead demand forecast,95413,megawatthours,2026-01-08 21:00:00,95413.0
2026-01-08T21,MIDA,Mid-Atlantic,NG,Net generation,98456,megawatthours,2026-01-08 21:00:00,98456.0
2026-01-08T21,MIDA,Mid-Atlantic,TI,Total interchange,1662,megawatthours,2026-01-08 21:00:00,1662.0
2026-01-08T20,MIDA,Mid-Atlantic,D,Demand,93317,megawatthours,2026-01-08 20:00:00,93317.0
2026-01-08T20,MIDA,Mid-Atlantic,DF,Day-ahead demand forecast,92149,megawatthours,2026-01-08 20:00:00,92149.0
2026-01-08T20,MIDA,Mid-Atlantic,NG,Net generation,99659,megawatthours,2026-01-08 20:00:00,99659.0
2026-01-08T20,MIDA,Mid-Atlantic,TI,Total interchange,1519,megawatthours,2026-01-08 20:00:00,1519.0
2026-01-08T19,MIDA,Mid-Atlantic,D,Demand,93373,megawatthours,2026-01-08 19:00:00,93373.0
2026-01-08T19,MIDA,Mid-Atlantic,DF,Day-ahead demand forecast,91171,megawatthours,2026-01-08 19:00:00,91171.0
2026-01-08T19,MIDA,Mid-Atlantic,NG,Net generation,99916,megawatthours,2026-01-08 19:00:00,99916.0
2026-01-08T19,MIDA,Mid-Atlantic,TI,Total interchange,1473,megawatthours,2026-01-08 19:00:00,1473.0
2026-01-08T18,MIDA,Mid-Atlantic,D,Demand,93866,megawatthours,2026-01-08 18:00:00,93866.0
2026-01-08T18,MIDA,Mid-Atlantic,DF,Day-ahead demand forecast,91460,megawatthours,2026-01-08 18:00:00,91460.0
2026-01-08T18,MIDA,Mid-Atlantic,NG,Net generation,100399,megawatthours,2026-01-08 18:00:00,100399.0
2026-01-08T18,MIDA,Mid-Atlantic,TI,Total interchange,1496,megawatthours,2026-01-08 18:00:00,1496.0
2026-01-08T17,MIDA,Mid-Atlantic,D,Demand,95503,megawatthours,2026-01-08 17:00:00,95503.0
2026-01-08T17,MIDA,Mid-Atlantic,DF,Day-ahead demand forecast,92228,megawatthours,2026-01-08 17:00:00,92228.0
2026-01-08T17,MIDA,Mid-Atlantic,NG,Net generation,101699,megawatthours,2026-01-08 17:00:00,101699.0
2026-01-08T17,MIDA,Mid-Atlantic,TI,Total interchange,1233,megawatthours,2026-01-08 17:00:00,1233.0
2026-01-08T16,MIDA,Mid-Atlantic,D,Demand,98146,megawatthours,2026-01-08 16:00:00,98146.0
2026-01-08T16,MIDA,Mid-Atlantic,DF,Day-ahead demand forecast,93745,megawatthours,2026-01-08 16:00:00,93745.0
2026-01-08T16,MIDA,Mid-Atlantic,NG,Net generation,103698,megawatthours,2026-01-08 16:00:00,103698.0
2026-01-08T16,MIDA,Mid-Atlantic,TI,Total interchange,1231,megawatthours,2026-01-08 16:00:00,1231.0
2026-01-08T15,MIDA,Mid-Atlantic,D,Demand,101483,megawatthours,2026-01-08 15:00:00,101483.0
2026-01-08T15,MIDA,Mid-Atlantic,DF,Day-ahead demand forecast,95985,megawatthours,2026-01-08 15:00:00,95985.0
2026-01-08T15,MIDA,Mid-Atlantic,NG,Net generation,106833,megawatthours,2026-01-08 15:00:00,106833.0
2026-01-08T15,MIDA,Mid-Atlantic,TI,Total interchange,1160,megawatthours,2026-01-08 15:00:00,1160.0
2026-01-08T14,MIDA,Mid-Atlantic,D,Demand,105989,megawatthours,2026-01-08 14:00:00,105989.0
2026-01-08T14,MIDA,Mid-Atlantic,DF,Day-ahead demand forecast,98760,megawatthours,2026-01-08 14:00:00,98760.0
2026-01-08T14,MIDA,Mid-Atlantic,NG,Net generation,110364,megawatthours,2026-01-08 14:00:00,110364.0
2026-01-08T14,MIDA,Mid-Atlantic,TI,Total interchange,1135,megawatthours,2026-01-08 14:00:00,1135.0
2026-01-08T13,MIDA,Mid-Atlantic,D,Demand,106494,megawatthours,2026-01-08 13:00:00,106494.0
2026-01-08T13,MIDA,Mid-Atlantic,DF,Day-ahead demand forecast,101494,megawatthours,2026-01-08 13:00:00,101494.0
2026-01-08T13,MIDA,Mid-Atlantic,NG,Net generation,109126,megawatthours,2026-01-08 13:00:00,109126.0
2026-01-08T13,MIDA,Mid-Atlantic,TI,Total interchange,1194,megawatthours,2026-01-08 13:00:00,1194.0
2026-01-08T12,MIDA,Mid-Atlantic,D,Demand,101370,megawatthours,2026-01-08 12:00:00,101370.0
2026-01-08T12,MIDA,Mid-Atlantic,DF,Day-ahead demand forecast,101682,megawatthours,2026-01-08 12:00:00,101682.0
2026-01-08T12,MIDA,Mid-Atlantic,NG,Net generation,103940,megawatthours,2026-01-08 12:00:00,103940.0
2026-01-08T12,MIDA,Mid-Atlantic,TI,Total interchange,1140,megawatthours,2026-01-08 12:00:00,1140.0
2026-01-08T11,MIDA,Mid-Atlantic,D,Demand,93833,megawatthours,2026-01-08 11:00:00,93833.0
2026-01-08T11,MIDA,Mid-Atlantic,DF,Day-ahead demand forecast,97163,megawatthours,2026-01-08 11:00:00,97163.0
2026-01-08T11,MIDA,Mid-Atlantic,NG,Net generation,96885,megawatthours,2026-01-08 11:00:00,96885.0
2026-01-08T11,MIDA,Mid-Atlantic,TI,Total interchange,1140,megawatthours,2026-01-08 11:00:00,1140.0
2026-01-08T10,MIDA,Mid-Atlantic,D,Demand,89509,megawatthours,2026-01-08 10:00:00,89509.0
2026-01-08T10,MIDA,Mid-Atlantic,DF,Day-ahead demand forecast,90498,megawatthours,2026-01-08 10:00:00,90498.0
2026-01-08T10,MIDA,Mid-Atlantic,NG,Net generation,92706,megawatthours,2026-01-08 10:00:00,92706.0
2026-01-08T10,MIDA,Mid-Atlantic,TI,Total interchange,1150,megawatthours,2026-01-08 10:00:00,1150.0
2026-01-08T09,MIDA,Mid-Atlantic,D,Demand,88556,megawatthours,2026-01-08 09:00:00,88556.0
2026-01-08T09,MIDA,Mid-Atlantic,DF,Day-ahead demand forecast,86032,megawatthours,2026-01-08 09:00:00,86032.0
2026-01-08T09,MIDA,Mid-Atlantic,NG,Net generation,92101,megawatthours,2026-01-08 09:00:00,92101.0
2026-01-08T09,MIDA,Mid-Atlantic,TI,Total interchange,3751,megawatthours,2026-01-08 09:00:00,3751.0
2026-01-08T08,MIDA,Mid-Atlantic,D,Demand,88642,megawatthours,2026-01-08 08:00:00,88642.0
2026-01-08T08,MIDA,Mid-Atlantic,DF,Day-ahead demand forecast,84074,megawatthours,2026-01-08 08:00:00,84074.0
2026-01-08T08,MIDA,Mid-Atlantic,NG,Net generation,92197,megawatthours,2026-01-08 08:00:00,92197.0
2026-01-08T08,MIDA,Mid-Atlantic,TI,Total interchange,3372,megawatthours,2026-01-08 08:00:00,3372.0
2026-01-08T07,MIDA,Mid-Atlantic,D,Demand,89147,megawatthours,2026-01-08 07:00:00,89147.0
2026-01-08T07,MIDA,Mid-Atlantic,DF,Day-ahead demand forecast,83660,megawatthours,2026-01-08 07:00:00,83660.0
2026-01-08T07,MIDA,Mid-Atlantic,NG,Net generation,92189,megawatthours,2026-01-08 07:00:00,92189.0
2026-01-08T07,MIDA,Mid-Atlantic,TI,Total interchange,3442,megawatthours,2026-01-08 07:00:00,3442.0
2026-01-08T06,MIDA,Mid-Atlantic,D,Demand,90046,megawatthours,2026-01-08 06:00:00,90046.0
2026-01-08T06,MIDA,Mid-Atlantic,DF,Day-ahead demand forecast,84396,megawatthours,2026-01-08 06:00:00,84396.0
2026-01-08T06,MIDA,Mid-Atlantic,NG,Net generation,93190,megawatthours,2026-01-08 06:00:00,93190.0
2026-01-08T06,MIDA,Mid-Atlantic,TI,Total interchange,3590,megawatthours,2026-01-08 06:00:00,3590.0
2026-01-08T05,MIDA,Mid-Atlantic,D,Demand,92045,megawatthours,2026-01-08 05:00:00,92045.0
2026-01-08T05,MIDA,Mid-Atlantic,DF,Day-ahead demand forecast,86745,megawatthours,2026-01-08 05:00:00,86745.0
2026-01-08T05,MIDA,Mid-Atlantic,NG,Net generation,96358,megawatthours,2026-01-08 05:00:00,96358.0
2026-01-08T05,MIDA,Mid-Atlantic,TI,Total interchange,1262,megawatthours,2026-01-08 05:00:00,1262.0
2026-01-08T04,MIDA,Mid-Atlantic,D,Demand,95024,megawatthours,2026-01-08 04:00:00,95024.0
2026-01-08T04,MIDA,Mid-Atlantic,DF,Day-ahead demand forecast,89462,megawatthours,2026-01-08 04:00:00,89462.0
2026-01-08T04,MIDA,Mid-Atlantic,NG,Net generation,98930,megawatthours,2026-01-08 04:00:00,98930.0
2026-01-08T04,MIDA,Mid-Atlantic,TI,Total interchange,1304,megawatthours,2026-01-08 04:00:00,1304.0
2026-01-08T03,MIDA,Mid-Atlantic,D,Demand,98106,megawatthours,2026-01-08 03:00:00,98106.0
2026-01-08T03,MIDA,Mid-Atlantic,DF,Day-ahead demand forecast,93281,megawatthours,2026-01-08 03:00:00,93281.0
2026-01-08T03,MIDA,Mid-Atlantic,NG,Net generation,102111,megawatthours,2026-01-08 03:00:00,102111.0
2026-01-08T03,MIDA,Mid-Atlantic,TI,Total interchange,1211,megawatthours,2026-01-08 03:00:00,1211.0
2026-01-08T02,MIDA,Mid-Atlantic,D,Demand,100419,megawatthours,2026-01-08 02:00:00,100419.0
2026-01-08T02,MIDA,Mid-Atlantic,DF,Day-ahead demand forecast,96920,megawatthours,2026-01-08 02:00:00,96920.0
2026-01-08T02,MIDA,Mid-Atlantic,NG,Net generation,104726,megawatthours,2026-01-08 02:00:00,104726.0
2026-01-08T02,MIDA,Mid-Atlantic,TI,Total interchange,1129,megawatthours,2026-01-08 02:00:00,1129.0
2026-01-08T01,MIDA,Mid-Atlantic,D,Demand,101420,megawatthours,2026-01-08 01:00:00,101420.0
2026-01-08T01,MIDA,Mid-Atlantic,DF,Day-ahead demand forecast,99388,megawatthours,2026-01-08 01:00:00,99388.0
2026-01-08T01,MIDA,Mid-Atlantic,NG,Net generation,106379,megawatthours,2026-01-08 01:00:00,106379.0
2026-01-08T01,MIDA,Mid-Atlantic,TI,Total interchange,1372,megawatthours,2026-01-08 01:00:00,1372.0
2026-01-08T00,MIDA,Mid-Atlantic,D,Demand,101922,megawatthours,2026-01-08 00:00:00,101922.0
2026-01-08T00,MIDA,Mid-Atlantic,DF,Day-ahead demand forecast,100922,megawatthours,2026-01-08 00:00:00,100922.0
2026-01-08T00,MIDA,Mid-Atlantic,NG,Net generation,106854,megawatthours,2026-01-08 00:00:00,106854.0
2026-01-08T00,MIDA,Mid-Atlantic,TI,Total interchange,1346,megawatthours,2026-01-08 00:00:00,1346.0
2026-01-07T23,MIDA,Mid-Atlantic,D,Demand,100329,megawatthours,2026-01-07 23:00:00,100329.0
2026-01-07T23,MIDA,Mid-Atlantic,DF,Day-ahead demand forecast,101807,megawatthours,2026-01-07 23:00:00,101807.0
2026-01-07T23,MIDA,Mid-Atlantic,NG,Net generation,104952,megawatthours,2026-01-07 23:00:00,104952.0
2026-01-07T23,MIDA,Mid-Atlantic,TI,Total interchange,1264,megawatthours,2026-01-07 23:00:00,1264.0
2026-01-07T22,MIDA,Mid-Atlantic,D,Demand,95921,megawatthours,2026-01-07 22:00:00,95921.0
2026-01-07T22,MIDA,Mid-Atlantic,DF,Day-ahead demand forecast,101528,megawatthours,2026-01-07 22:00:00,101528.0
2026-01-07T22,MIDA,Mid-Atlantic,NG,Net generation,99466,megawatthours,2026-01-07 22:00:00,99466.0
2026-01-07T22,MIDA,Mid-Atlantic,TI,Total interchange,1390,megawatthours,2026-01-07 22:00:00,1390.0
2026-01-07T21,MIDA,Mid-Atlantic,D,Demand,94646,megawatthours,2026-01-07 21:00:00,94646.0
2026-01-07T21,MIDA,Mid-Atlantic,DF,Day-ahead demand forecast,97316,megawatthours,2026-01-07 21:00:00,97316.0
2026-01-07T21,MIDA,Mid-Atlantic,NG,Net generation,98297,megawatthours,2026-01-07 21:00:00,98297.0
2026-01-07T21,MIDA,Mid-Atlantic,TI,Total interchange,1423,megawatthours,2026-01-07 21:00:00,1423.0
2026-01-07T20,MIDA,Mid-Atlantic,D,Demand,95455,megawatthours,2026-01-07 20:00:00,95455.0
2026-01-07T20,MIDA,Mid-Atlantic,DF,Day-ahead demand forecast,94570,megawatthours,2026-01-07 20:00:00,94570.0
2026-01-07T20,MIDA,Mid-Atlantic,NG,Net generation,99654,megawatthours,2026-01-07 20:00:00,99654.0
2026-01-07T20,MIDA,Mid-Atlantic,TI,Total interchange,1475,megawatthours,2026-01-07 20:00:00,1475.0
2026-01-07T19,MIDA,Mid-Atlantic,D,Demand,96164,megawatthours,2026-01-07 19:00:00,96164.0
2026-01-07T19,MIDA,Mid-Atlantic,DF,Day-ahead demand forecast,93779,megawatthours,2026-01-07 19:00:00,93779.0
2026-01-07T19,MIDA,Mid-Atlantic,NG,Net generation,99972,megawatthours,2026-01-07 19:00:00,99972.0
2026-01-07T19,MIDA,Mid-Atlantic,TI,Total interchange,1498,megawatthours,2026-01-07 19:00:00,1498.0
2026-01-07T18,MIDA,Mid-Atlantic,D,Demand,96156,megawatthours,2026-01-07 18:00:00,96156.0
2026-01-07T18,MIDA,Mid-Atlantic,DF,Day-ahead demand forecast,93973,megawatthours,2026-01-07 18:00:00,93973.0
2026-01-07T18,MIDA,Mid-Atlantic,NG,Net generation,99613,megawatthours,2026-01-07 18:00:00,99613.0
2026-01-07T18,MIDA,Mid-Atlantic,TI,Total interchange,1451,megawatthours,2026-01-07 18:00:00,1451.0
2026-01-07T17,MIDA,Mid-Atlantic,D,Demand,97005,megawatthours,2026-01-07 17:00:00,97005.0
2026-01-07T17,MIDA,Mid-Atlantic,DF,Day-ahead demand forecast,94445,megawatthours,2026-01-07 17:00:00,94445.0
2026-01-07T17,MIDA,Mid-Atlantic,NG,Net generation,100818,megawatthours,2026-01-07 17:00:00,100818.0
2026-01-07T17,MIDA,Mid-Atlantic,TI,Total interchange,1392,megawatthours,2026-01-07 17:00:00,1392.0
2026-01-07T16,MIDA,Mid-Atlantic,D,Demand,96926,megawatthours,2026-01-07 16:00:00,96926.0
2026-01-07T16,MIDA,Mid-Atlantic,DF,Day-ahead demand forecast,95355,megawatthours,2026-01-07 16:00:00,95355.0
2026-01-07T16,MIDA,Mid-Atlantic,NG,Net generation,101482,megawatthours,2026-01-07 16:00:00,101482.0
2026-01-07T16,MIDA,Mid-Atlantic,TI,Total interchange,1295,megawatthours,2026-01-07 16:00:00,1295.0
2026-01-07T15,MIDA,Mid-Atlantic,D,Demand,97742,megawatthours,2026-01-07 15:00:00,97742.0
2026-01-07T15,MIDA,Mid-Atlantic,DF,Day-ahead demand forecast,96551,megawatthours,2026-01-07 15:00:00,96551.0
2026-01-07T15,MIDA,Mid-Atlantic,NG,Net generation,101993,megawatthours,2026-01-07 15:00:00,101993.0
2026-01-07T15,MIDA,Mid-Atlantic,TI,Total interchange,1468,megawatthours,2026-01-07 15:00:00,1468.0
2026-01-07T14,MIDA,Mid-Atlantic,D,Demand,100371,megawatthours,2026-01-07 14:00:00,100371.0
2026-01-07T14,MIDA,Mid-Atlantic,DF,Day-ahead demand forecast,97913,megawatthours,2026-01-07 14:00:00,97913.0
2026-01-07T14,MIDA,Mid-Atlantic,NG,Net generation,104829,megawatthours,2026-01-07 14:00:00,104829.0
2026-01-07T14,MIDA,Mid-Atlantic,TI,Total interchange,1455,megawatthours,2026-01-07 14:00:00,1455.0
2026-01-07T13,MIDA,Mid-Atlantic,D,Demand,100896,megawatthours,2026-01-07 13:00:00,100896.0
2026-01-07T13,MIDA,Mid-Atlantic,DF,Day-ahead demand forecast,98804,megawatthours,2026-01-07 13:00:00,98804.0
2026-01-07T13,MIDA,Mid-Atlantic,NG,Net generation,104931,megawatthours,2026-01-07 13:00:00,104931.0
2026-01-07T13,MIDA,Mid-Atlantic,TI,Total interchange,1404,megawatthours,2026-01-07 13:00:00,1404.0
2026-01-07T12,MIDA,Mid-Atlantic,D,Demand,96313,megawatthours,2026-01-07 12:00:00,96313.0
2026-01-07T12,MIDA,Mid-Atlantic,DF,Day-ahead demand forecast,97800,megawatthours,2026-01-07 12:00:00,97800.0
2026-01-07T12,MIDA,Mid-Atlantic,NG,Net generation,100064,megawatthours,2026-01-07 12:00:00,100064.0
2026-01-07T12,MIDA,Mid-Atlantic,TI,Total interchange,1268,megawatthours,2026-01-07 12:00:00,1268.0
2026-01-07T11,MIDA,Mid-Atlantic,D,Demand,89709,megawatthours,2026-01-07 11:00:00,89709.0
2026-01-07T11,MIDA,Mid-Atlantic,DF,Day-ahead demand forecast,93360,megawatthours,2026-01-07 11:00:00,93360.0
2026-01-07T11,MIDA,Mid-Atlantic,NG,Net generation,94313,megawatthours,2026-01-07 11:00:00,94313.0
2026-01-07T11,MIDA,Mid-Atlantic,TI,Total interchange,1210,megawatthours,2026-01-07 11:00:00,1210.0
2026-01-07T10,MIDA,Mid-Atlantic,D,Demand,86145,megawatthours,2026-01-07 10:00:00,86145.0
2026-01-07T10,MIDA,Mid-Atlantic,DF,Day-ahead demand forecast,87488,megawatthours,2026-01-07 10:00:00,87488.0
2026-01-07T10,MIDA,Mid-Atlantic,NG,Net generation,91615,megawatthours,2026-01-07 10:00:00,91615.0
2026-01-07T10,MIDA,Mid-Atlantic,TI,Total interchange,1338,megawatthours,2026-01-07 10:00:00,1338.0
2026-01-07T09,MIDA,Mid-Atlantic,D,Demand,86560,megawatthours,2026-01-07 09:00:00,86560.0
2026-01-07T09,MIDA,Mid-Atlantic,DF,Day-ahead demand forecast,83674,megawatthours,2026-01-07 09:00:00,83674.0
2026-01-07T09,MIDA,Mid-Atlantic,NG,Net generation,91874,megawatthours,2026-01-07 09:00:00,91874.0
2026-01-07T09,MIDA,Mid-Atlantic,TI,Total interchange,5781,megawatthours,2026-01-07 09:00:00,5781.0
2026-01-07T08,MIDA,Mid-Atlantic,D,Demand,87398,megawatthours,2026-01-07 08:00:00,87398.0
2026-01-07T08,MIDA,Mid-Atlantic,DF,Day-ahead demand forecast,82360,megawatthours,2026-01-07 08:00:00,82360.0
2026-01-07T08,MIDA,Mid-Atlantic,NG,Net generation,92404,megawatthours,2026-01-07 08:00:00,92404.0
2026-01-07T08,MIDA,Mid-Atlantic,TI,Total interchange,6247,megawatthours,2026-01-07 08:00:00,6247.0
2026-01-07T07,MIDA,Mid-Atlantic,D,Demand,88527,megawatthours,2026-01-07 07:00:00,88527.0
2026-01-07T07,MIDA,Mid-Atlantic,DF,Day-ahead demand forecast,82505,megawatthours,2026-01-07 07:00:00,82505.0
2026-01-07T07,MIDA,Mid-Atlantic,NG,Net generation,93614,megawatthours,2026-01-07 07:00:00,93614.0
2026-01-07T07,MIDA,Mid-Atlantic,TI,Total interchange,6455,megawatthours,2026-01-07 07:00:00,6455.0
2026-01-07T06,MIDA,Mid-Atlantic,D,Demand,90390,megawatthours,2026-01-07 06:00:00,90390.0
2026-01-07T06,MIDA,Mid-Atlantic,DF,Day-ahead demand forecast,83736,megawatthours,2026-01-07 06:00:00,83736.0
2026-01-07T06,MIDA,Mid-Atlantic,NG,Net generation,96201,megawatthours,2026-01-07 06:00:00,96201.0
2026-01-07T06,MIDA,Mid-Atlantic,TI,Total interchange,6450,megawatthours,2026-01-07 06:00:00,6450.0
2026-01-07T05,MIDA,Mid-Atlantic,D,Demand,92459,megawatthours,2026-01-07 05:00:00,92459.0
2026-01-07T05,MIDA,Mid-Atlantic,DF,Day-ahead demand forecast,86010,megawatthours,2026-01-07 05:00:00,86010.0
2026-01-07T05,MIDA,Mid-Atlantic,NG,Net generation,98984,megawatthours,2026-01-07 05:00:00,98984.0
2026-01-07T05,MIDA,Mid-Atlantic,TI,Total interchange,1280,megawatthours,2026-01-07 05:00:00,1280.0
2026-01-07T04,MIDA,Mid-Atlantic,D,Demand,95394,megawatthours,2026-01-07 04:00:00,95394.0
2026-01-07T04,MIDA,Mid-Atlantic,DF,Day-ahead demand forecast,89996,megawatthours,2026-01-07 04:00:00,89996.0
2026-01-07T04,MIDA,Mid-Atlantic,NG,Net generation,102338,megawatthours,2026-01-07 04:00:00,102338.0
2026-01-07T04,MIDA,Mid-Atlantic,TI,Total interchange,1358,megawatthours,2026-01-07 04:00:00,1358.0
2026-01-07T03,MIDA,Mid-Atlantic,D,Demand,99165,megawatthours,2026-01-07 03:00:00,99165.0
2026-01-07T03,MIDA,Mid-Atlantic,DF,Day-ahead demand forecast,94311,megawatthours,2026-01-07 03:00:00,94311.0
2026-01-07T03,MIDA,Mid-Atlantic,NG,Net generation,106249,megawatthours,2026-01-07 03:00:00,106249.0
2026-01-07T03,MIDA,Mid-Atlantic,TI,Total interchange,1251,megawatthours,2026-01-07 03:00:00,1251.0
2026-01-07T02,MIDA,Mid-Atlantic,D,Demand,102440,megawatthours,2026-01-07 02:00:00,102440.0
2026-01-07T02,MIDA,Mid-Atlantic,DF,Day-ahead demand forecast,98439,megawatthours,2026-01-07 02:00:00,98439.0
2026-01-07T02,MIDA,Mid-Atlantic,NG,Net generation,109554,megawatthours,2026-01-07 02:00:00,109554.0
2026-01-07T02,MIDA,Mid-Atlantic,TI,Total interchange,1863,megawatthours,2026-01-07 02:00:00,1863.0
2026-01-07T01,MIDA,Mid-Atlantic,D,Demand,104368,megawatthours,2026-01-07 01:00:00,104368.0
2026-01-07T01,MIDA,Mid-Atlantic,DF,Day-ahead demand forecast,101324,megawatthours,2026-01-07 01:00:00,101324.0
2026-01-07T01,MIDA,Mid-Atlantic,NG,Net generation,111346,megawatthours,2026-01-07 01:00:00,111346.0
2026-01-07T01,MIDA,Mid-Atlantic,TI,Total interchange,1997,megawatthours,2026-01-07 01:00:00,1997.0
2026-01-07T00,MIDA,Mid-Atlantic,D,Demand,105715,megawatthours,2026-01-07 00:00:00,105715.0
2026-01-07T00,MIDA,Mid-Atlantic,DF,Day-ahead demand forecast,103152,megawatthours,2026-01-07 00:00:00,103152.0
2026-01-07T00,MIDA,Mid-Atlantic,NG,Net generation,112892,megawatthours,2026-01-07 00:00:00,112892.0
2026-01-07T00,MIDA,Mid-Atlantic,TI,Total interchange,1894,megawatthours,2026-01-07 00:00:00,1894.0
2026-01-06T23,MIDA,Mid-Atlantic,D,Demand,105346,megawatthours,2026-01-06 23:00:00,105346.0
2026-01-06T23,MIDA,Mid-Atlantic,DF,Day-ahead demand forecast,104183,megawatthours,2026-01-06 23:00:00,104183.0
2026-01-06T23,MIDA,Mid-Atlantic,NG,Net generation,112298,megawatthours,2026-01-06 23:00:00,112298.0
2026-01-06T23,MIDA,Mid-Atlantic,TI,Total interchange,1868,megawatthours,2026-01-06 23:00:00,1868.0
2026-01-06T22,MIDA,Mid-Atlantic,D,Demand,101720,megawatthours,2026-01-06 22:00:00,101720.0
2026-01-06T22,MIDA,Mid-Atlantic,DF,Day-ahead demand forecast,104026,megawatthours,2026-01-06 22:00:00,104026.0
2026-01-06T22,MIDA,Mid-Atlantic,NG,Net generation,108367,megawatthours,2026-01-06 22:00:00,108367.0
2026-01-06T22,MIDA,Mid-Atlantic,TI,Total interchange,1889,megawatthours,2026-01-06 22:00:00,1889.0
2026-01-06T21,MIDA,Mid-Atlantic,D,Demand,100585,megawatthours,2026-01-06 21:00:00,100585.0
2026-01-06T21,MIDA,Mid-Atlantic,DF,Day-ahead demand forecast,100466,megawatthours,2026-01-06 21:00:00,100466.0
2026-01-06T21,MIDA,Mid-Atlantic,NG,Net generation,107268,megawatthours,2026-01-06 21:00:00,107268.0
2026-01-06T21,MIDA,Mid-Atlantic,TI,Total interchange,1860,megawatthours,2026-01-06 21:00:00,1860.0
2026-01-06T20,MIDA,Mid-Atlantic,D,Demand,100615,megawatthours,2026-01-06 20:00:00,100615.0
2026-01-06T20,MIDA,Mid-Atlantic,DF,Day-ahead demand forecast,98121,megawatthours,2026-01-06 20:00:00,98121.0
2026-01-06T20,MIDA,Mid-Atlantic,NG,Net generation,106777,megawatthours,2026-01-06 20:00:00,106777.0
2026-01-06T20,MIDA,Mid-Atlantic,TI,Total interchange,1877,megawatthours,2026-01-06 20:00:00,1877.0
2026-01-06T19,MIDA,Mid-Atlantic,D,Demand,101515,megawatthours,2026-01-06 19:00:00,101515.0
2026-01-06T19,MIDA,Mid-Atlantic,DF,Day-ahead demand forecast,97854,megawatthours,2026-01-06 19:00:00,97854.0
2026-01-06T19,MIDA,Mid-Atlantic,NG,Net generation,107493,megawatthours,2026-01-06 19:00:00,107493.0
2026-01-06T19,MIDA,Mid-Atlantic,TI,Total interchange,1775,megawatthours,2026-01-06 19:00:00,1775.0
2026-01-06T18,MIDA,Mid-Atlantic,D,Demand,103061,megawatthours,2026-01-06 18:00:00,103061.0
2026-01-06T18,MIDA,Mid-Atlantic,DF,Day-ahead demand forecast,98576,megawatthours,2026-01-06 18:00:00,98576.0
2026-01-06T18,MIDA,Mid-Atlantic,NG,Net generation,109446,megawatthours,2026-01-06 18:00:00,109446.0
2026-01-06T18,MIDA,Mid-Atlantic,TI,Total interchange,1620,megawatthours,2026-01-06 18:00:00,1620.0
2026-01-06T17,MIDA,Mid-Atlantic,D,Demand,104182,megawatthours,2026-01-06 17:00:00,104182.0
2026-01-06T17,MIDA,Mid-Atlantic,DF,Day-ahead demand forecast,99512,megawatthours,2026-01-06 17:00:00,99512.0
2026-01-06T17,MIDA,Mid-Atlantic,NG,Net generation,110114,megawatthours,2026-01-06 17:00:00,110114.0
2026-01-06T17,MIDA,Mid-Atlantic,TI,Total interchange,1563,megawatthours,2026-01-06 17:00:00,1563.0
2026-01-06T16,MIDA,Mid-Atlantic,D,Demand,105437,megawatthours,2026-01-06 16:00:00,105437.0
2026-01-06T16,MIDA,Mid-Atlantic,DF,Day-ahead demand forecast,100964,megawatthours,2026-01-06 16:00:00,100964.0
2026-01-06T16,MIDA,Mid-Atlantic,NG,Net generation,111001,megawatthours,2026-01-06 16:00:00,111001.0
2026-01-06T16,MIDA,Mid-Atlantic,TI,Total interchange,1378,megawatthours,2026-01-06 16:00:00,1378.0
2026-01-06T15,MIDA,Mid-Atlantic,D,Demand,106926,megawatthours,2026-01-06 15:00:00,106926.0
2026-01-06T15,MIDA,Mid-Atlantic,DF,Day-ahead demand forecast,102918,megawatthours,2026-01-06 15:00:00,102918.0
2026-01-06T15,MIDA,Mid-Atlantic,NG,Net generation,112621,megawatthours,2026-01-06 15:00:00,112621.0
2026-01-06T15,MIDA,Mid-Atlantic,TI,Total interchange,1272,megawatthours,2026-01-06 15:00:00,1272.0
2026-01-06T14,MIDA,Mid-Atlantic,D,Demand,108834,megawatthours,2026-01-06 14:00:00,108834.0
2026-01-06T14,MIDA,Mid-Atlantic,DF,Day-ahead demand forecast,104784,megawatthours,2026-01-06 14:00:00,104784.0
2026-01-06T14,MIDA,Mid-Atlantic,NG,Net generation,114623,megawatthours,2026-01-06 14:00:00,114623.0
2026-01-06T14,MIDA,Mid-Atlantic,TI,Total interchange,1257,megawatthours,2026-01-06 14:00:00,1257.0
2026-01-06T13,MIDA,Mid-Atlantic,D,Demand,108778,megawatthours,2026-01-06 13:00:00,108778.0
2026-01-06T13,MIDA,Mid-Atlantic,DF,Day-ahead demand forecast,106532,megawatthours,2026-01-06 13:00:00,106532.0
2026-01-06T13,MIDA,Mid-Atlantic,NG,Net generation,114583,megawatthours,2026-01-06 13:00:00,114583.0
2026-01-06T13,MIDA,Mid-Atlantic,TI,Total interchange,1276,megawatthours,2026-01-06 13:00:00,1276.0
2026-01-06T12,MIDA,Mid-Atlantic,D,Demand,104290,megawatthours,2026-01-06 12:00:00,104290.0
2026-01-06T12,MIDA,Mid-Atlantic,DF,Day-ahead demand forecast,106157,megawatthours,2026-01-06 12:00:00,106157.0
2026-01-06T12,MIDA,Mid-Atlantic,NG,Net generation,110219,megawatthours,2026-01-06 12:00:00,110219.0
2026-01-06T12,MIDA,Mid-Atlantic,TI,Total interchange,1224,megawatthours,2026-01-06 12:00:00,1224.0
2026-01-06T11,MIDA,Mid-Atlantic,D,Demand,97595,megawatthours,2026-01-06 11:00:00,97595.0
2026-01-06T11,MIDA,Mid-Atlantic,DF,Day-ahead demand forecast,101802,megawatthours,2026-01-06 11:00:00,101802.0
2026-01-06T11,MIDA,Mid-Atlantic,NG,Net generation,103713,megawatthours,2026-01-06 11:00:00,103713.0
2026-01-06T11,MIDA,Mid-Atlantic,TI,Total interchange,1222,megawatthours,2026-01-06 11:00:00,1222.0
2026-01-06T10,MIDA,Mid-Atlantic,D,Demand,94395,megawatthours,2026-01-06 10:00:00,94395.0
2026-01-06T10,MIDA,Mid-Atlantic,DF,Day-ahead demand forecast,95339,megawatthours,2026-01-06 10:00:00,95339.0
2026-01-06T10,MIDA,Mid-Atlantic,NG,Net generation,100290,megawatthours,2026-01-06 10:00:00,100290.0
2026-01-06T10,MIDA,Mid-Atlantic,TI,Total interchange,1151,megawatthours,2026-01-06 10:00:00,1151.0
2026-01-06T09,MIDA,Mid-Atlantic,D,Demand,93395,megawatthours,2026-01-06 09:00:00,93395.0
2026-01-06T09,MIDA,Mid-Atlantic,DF,Day-ahead demand forecast,91235,megawatthours,2026-01-06 09:00:00,91235.0
2026-01-06T09,MIDA,Mid-Atlantic,NG,Net generation,99366,megawatthours,2026-01-06 09:00:00,99366.0
2026-01-06T09,MIDA,Mid-Atlantic,TI,Total interchange,5460,megawatthours,2026-01-06 09:00:00,5460.0
2026-01-06T08,MIDA,Mid-Atlantic,D,Demand,93868,megawatthours,2026-01-06 08:00:00,93868.0
2026-01-06T08,MIDA,Mid-Atlantic,DF,Day-ahead demand forecast,89818,megawatthours,2026-01-06 08:00:00,89818.0
2026-01-06T08,MIDA,Mid-Atlantic,NG,Net generation,100124,megawatthours,2026-01-06 08:00:00,100124.0
2026-01-06T08,MIDA,Mid-Atlantic,TI,Total interchange,5625,megawatthours,2026-01-06 08:00:00,5625.0
2026-01-06T07,MIDA,Mid-Atlantic,D,Demand,94510,megawatthours,2026-01-06 07:00:00,94510.0
2026-01-06T07,MIDA,Mid-Atlantic,DF,Day-ahead demand forecast,89946,megawatthours,2026-01-06 07:00:00,89946.0
2026-01-06T07,MIDA,Mid-Atlantic,NG,Net generation,101355,megawatthours,2026-01-06 07:00:00,101355.0
2026-01-06T07,MIDA,Mid-Atlantic,TI,Total interchange,5496,megawatthours,2026-01-06 07:00:00,5496.0
2026-01-06T06,MIDA,Mid-Atlantic,D,Demand,96151,megawatthours,2026-01-06 06:00:00,96151.0
2026-01-06T06,MIDA,Mid-Atlantic,DF,Day-ahead demand forecast,91001,megawatthours,2026-01-06 06:00:00,91001.0
2026-01-06T06,MIDA,Mid-Atlantic,NG,Net generation,102622,megawatthours,2026-01-06 06:00:00,102622.0
2026-01-06T06,MIDA,Mid-Atlantic,TI,Total interchange,5135,megawatthours,2026-01-06 06:00:00,5135.0
2026-01-06T05,MIDA,Mid-Atlantic,D,Demand,98692,megawatthours,2026-01-06 05:00:00,98692.0
2026-01-06T05,MIDA,Mid-Atlantic,DF,Day-ahead demand forecast,93842,megawatthours,2026-01-06 05:00:00,93842.0
2026-01-06T05,MIDA,Mid-Atlantic,NG,Net generation,104744,megawatthours,2026-01-06 05:00:00,104744.0
2026-01-06T05,MIDA,Mid-Atlantic,TI,Total interchange,1327,megawatthours,2026-01-06 05:00:00,1327.0
2026-01-06T04,MIDA,Mid-Atlantic,D,Demand,101409,megawatthours,2026-01-06 04:00:00,101409.0
2026-01-06T04,MIDA,Mid-Atlantic,DF,Day-ahead demand forecast,97463,megawatthours,2026-01-06 04:00:00,97463.0
2026-01-06T04,MIDA,Mid-Atlantic,NG,Net generation,107721,megawatthours,2026-01-06 04:00:00,107721.0
2026-01-06T04,MIDA,Mid-Atlantic,TI,Total interchange,1336,megawatthours,2026-01-06 04:00:00,1336.0
2026-01-06T03,MIDA,Mid-Atlantic,D,Demand,105354,megawatthours,2026-01-06 03:00:00,105354.0
2026-01-06T03,MIDA,Mid-Atlantic,DF,Day-ahead demand forecast,101541,megawatthours,2026-01-06 03:00:00,101541.0
2026-01-06T03,MIDA,Mid-Atlantic,NG,Net generation,111503,megawatthours,2026-01-06 03:00:00,111503.0
2026-01-06T03,MIDA,Mid-Atlantic,TI,Total interchange,1265,megawatthours,2026-01-06 03:00:00,1265.0
2026-01-06T02,MIDA,Mid-Atlantic,D,Demand,108398,megawatthours,2026-01-06 02:00:00,108398.0
2026-01-06T02,MIDA,Mid-Atlantic,DF,Day-ahead demand forecast,105676,megawatthours,2026-01-06 02:00:00,105676.0
2026-01-06T02,MIDA,Mid-Atlantic,NG,Net generation,114163,megawatthours,2026-01-06 02:00:00,114163.0
2026-01-06T02,MIDA,Mid-Atlantic,TI,Total interchange,1453,megawatthours,2026-01-06 02:00:00,1453.0
2026-01-06T01,MIDA,Mid-Atlantic,D,Demand,109966,megawatthours,2026-01-06 01:00:00,109966.0
2026-01-06T01,MIDA,Mid-Atlantic,DF,Day-ahead demand forecast,108254,megawatthours,2026-01-06 01:00:00,108254.0
2026-01-06T01,MIDA,Mid-Atlantic,NG,Net generation,116018,megawatthours,2026-01-06 01:00:00,116018.0
2026-01-06T01,MIDA,Mid-Atlantic,TI,Total interchange,1595,megawatthours,2026-01-06 01:00:00,1595.0
2026-01-06T00,MIDA,Mid-Atlantic,D,Demand,111191,megawatthours,2026-01-06 00:00:00,111191.0
2026-01-06T00,MIDA,Mid-Atlantic,DF,Day-ahead demand forecast,109478,megawatthours,2026-01-06 00:00:00,109478.0
2026-01-06T00,MIDA,Mid-Atlantic,NG,Net generation,117427,megawatthours,2026-01-06 00:00:00,117427.0
2026-01-06T00,MIDA,Mid-Atlantic,TI,Total interchange,1559,megawatthours,2026-01-06 00:00:00,1559.0
2026-01-05T23,MIDA,Mid-Atlantic,D,Demand,110272,megawatthours,2026-01-05 23:00:00,110272.0
2026-01-05T23,MIDA,Mid-Atlantic,DF,Day-ahead demand forecast,109843,megawatthours,2026-01-05 23:00:00,109843.0
2026-01-05T23,MIDA,Mid-Atlantic,NG,Net generation,116042,megawatthours,2026-01-05 23:00:00,116042.0
2026-01-05T23,MIDA,Mid-Atlantic,TI,Total interchange,1607,megawatthours,2026-01-05 23:00:00,1607.0
2026-01-05T22,MIDA,Mid-Atlantic,D,Demand,106085,megawatthours,2026-01-05 22:00:00,106085.0
2026-01-05T22,MIDA,Mid-Atlantic,DF,Day-ahead demand forecast,108496,megawatthours,2026-01-05 22:00:00,108496.0
2026-01-05T22,MIDA,Mid-Atlantic,NG,Net generation,111212,megawatthours,2026-01-05 22:00:00,111212.0
2026-01-05T22,MIDA,Mid-Atlantic,TI,Total interchange,1626,megawatthours,2026-01-05 22:00:00,1626.0
2026-01-05T21,MIDA,Mid-Atlantic,D,Demand,103900,megawatthours,2026-01-05 21:00:00,103900.0
2026-01-05T21,MIDA,Mid-Atlantic,DF,Day-ahead demand forecast,103852,megawatthours,2026-01-05 21:00:00,103852.0
2026-01-05T21,MIDA,Mid-Atlantic,NG,Net generation,109166,megawatthours,2026-01-05 21:00:00,109166.0
2026-01-05T21,MIDA,Mid-Atlantic,TI,Total interchange,1735,megawatthours,2026-01-05 21:00:00,1735.0
2026-01-05T20,MIDA,Mid-Atlantic,D,Demand,104016,megawatthours,2026-01-05 20:00:00,104016.0
2026-01-05T20,MIDA,Mid-Atlantic,DF,Day-ahead demand forecast,101191,megawatthours,2026-01-05 20:00:00,101191.0
2026-01-05T20,MIDA,Mid-Atlantic,NG,Net generation,109546,megawatthours,2026-01-05 20:00:00,109546.0
2026-01-05T20,MIDA,Mid-Atlantic,TI,Total interchange,1548,megawatthours,2026-01-05 20:00:00,1548.0
2026-01-05T19,MIDA,Mid-Atlantic,D,Demand,105320,megawatthours,2026-01-05 19:00:00,105320.0
2026-01-05T19,MIDA,Mid-Atlantic,DF,Day-ahead demand forecast,100820,megawatthours,2026-01-05 19:00:00,100820.0
2026-01-05T19,MIDA,Mid-Atlantic,NG,Net generation,111085,megawatthours,2026-01-05 19:00:00,111085.0
2026-01-05T19,MIDA,Mid-Atlantic,TI,Total interchange,1563,megawatthours,2026-01-05 19:00:00,1563.0
2026-01-05T18,MIDA,Mid-Atlantic,D,Demand,106307,megawatthours,2026-01-05 18:00:00,106307.0
2026-01-05T18,MIDA,Mid-Atlantic,DF,Day-ahead demand forecast,101869,megawatthours,2026-01-05 18:00:00,101869.0
2026-01-05T18,MIDA,Mid-Atlantic,NG,Net generation,111767,megawatthours,2026-01-05 18:00:00,111767.0
2026-01-05T18,MIDA,Mid-Atlantic,TI,Total interchange,1603,megawatthours,2026-01-05 18:00:00,1603.0
2026-01-05T17,MIDA,Mid-Atlantic,D,Demand,108365,megawatthours,2026-01-05 17:00:00,108365.0
2026-01-05T17,MIDA,Mid-Atlantic,DF,Day-ahead demand forecast,103342,megawatthours,2026-01-05 17:00:00,103342.0
2026-01-05T17,MIDA,Mid-Atlantic,NG,Net generation,113619,megawatthours,2026-01-05 17:00:00,113619.0
2026-01-05T17,MIDA,Mid-Atlantic,TI,Total interchange,1546,megawatthours,2026-01-05 17:00:00,1546.0
2026-01-05T16,MIDA,Mid-Atlantic,D,Demand,111160,megawatthours,2026-01-05 16:00:00,111160.0
2026-01-05T16,MIDA,Mid-Atlantic,DF,Day-ahead demand forecast,105594,megawatthours,2026-01-05 16:00:00,105594.0
2026-01-05T16,MIDA,Mid-Atlantic,NG,Net generation,116198,megawatthours,2026-01-05 16:00:00,116198.0
2026-01-05T16,MIDA,Mid-Atlantic,TI,Total interchange,1295,megawatthours,2026-01-05 16:00:00,1295.0
2026-01-05T15,MIDA,Mid-Atlantic,D,Demand,114406,megawatthours,2026-01-05 15:00:00,114406.0
2026-01-05T15,MIDA,Mid-Atlantic,DF,Day-ahead demand forecast,108441,megawatthours,2026-01-05 15:00:00,108441.0
2026-01-05T15,MIDA,Mid-Atlantic,NG,Net generation,119163,megawatthours,2026-01-05 15:00:00,119163.0
2026-01-05T15,MIDA,Mid-Atlantic,TI,Total interchange,1189,megawatthours,2026-01-05 15:00:00,1189.0
2026-01-05T14,MIDA,Mid-Atlantic,D,Demand,117295,megawatthours,2026-01-05 14:00:00,117295.0
2026-01-05T14,MIDA,Mid-Atlantic,DF,Day-ahead demand forecast,111659,megawatthours,2026-01-05 14:00:00,111659.0
2026-01-05T14,MIDA,Mid-Atlantic,NG,Net generation,121843,megawatthours,2026-01-05 14:00:00,121843.0
2026-01-05T14,MIDA,Mid-Atlantic,TI,Total interchange,1012,megawatthours,2026-01-05 14:00:00,1012.0
2026-01-05T13,MIDA,Mid-Atlantic,D,Demand,117371,megawatthours,2026-01-05 13:00:00,117371.0
2026-01-05T13,MIDA,Mid-Atlantic,DF,Day-ahead demand forecast,114579,megawatthours,2026-01-05 13:00:00,114579.0
2026-01-05T13,MIDA,Mid-Atlantic,NG,Net generation,120689,megawatthours,2026-01-05 13:00:00,120689.0
2026-01-05T13,MIDA,Mid-Atlantic,TI,Total interchange,969,megawatthours,2026-01-05 13:00:00,969.0
2026-01-05T12,MIDA,Mid-Atlantic,D,Demand,112963,megawatthours,2026-01-05 12:00:00,112963.0
2026-01-05T12,MIDA,Mid-Atlantic,DF,Day-ahead demand forecast,114726,megawatthours,2026-01-05 12:00:00,114726.0
2026-01-05T12,MIDA,Mid-Atlantic,NG,Net generation,115840,megawatthours,2026-01-05 12:00:00,115840.0
2026-01-05T12,MIDA,Mid-Atlantic,TI,Total interchange,947,megawatthours,2026-01-05 12:00:00,947.0
2026-01-05T11,MIDA,Mid-Atlantic,D,Demand,105801,megawatthours,2026-01-05 11:00:00,105801.0
2026-01-05T11,MIDA,Mid-Atlantic,DF,Day-ahead demand forecast,110321,megawatthours,2026-01-05 11:00:00,110321.0
2026-01-05T11,MIDA,Mid-Atlantic,NG,Net generation,109312,megawatthours,2026-01-05 11:00:00,109312.0
2026-01-05T11,MIDA,Mid-Atlantic,TI,Total interchange,938,megawatthours,2026-01-05 11:00:00,938.0
2026-01-05T10,MIDA,Mid-Atlantic,D,Demand,100973,megawatthours,2026-01-05 10:00:00,100973.0
2026-01-05T10,MIDA,Mid-Atlantic,DF,Day-ahead demand forecast,103902,megawatthours,2026-01-05 10:00:00,103902.0
2026-01-05T10,MIDA,Mid-Atlantic,NG,Net generation,104372,megawatthours,2026-01-05 10:00:00,104372.0
2026-01-05T10,MIDA,Mid-Atlantic,TI,Total interchange,747,megawatthours,2026-01-05 10:00:00,747.0
2026-01-05T09,MIDA,Mid-Atlantic,D,Demand,100079,megawatthours,2026-01-05 09:00:00,100079.0
2026-01-05T09,MIDA,Mid-Atlantic,DF,Day-ahead demand forecast,99503,megawatthours,2026-01-05 09:00:00,99503.0
2026-01-05T09,MIDA,Mid-Atlantic,NG,Net generation,103215,megawatthours,2026-01-05 09:00:00,103215.0
2026-01-05T09,MIDA,Mid-Atlantic,TI,Total interchange,3020,megawatthours,2026-01-05 09:00:00,3020.0
2026-01-05T08,MIDA,Mid-Atlantic,D,Demand,99961,megawatthours,2026-01-05 08:00:00,99961.0
2026-01-05T08,MIDA,Mid-Atlantic,DF,Day-ahead demand forecast,97461,megawatthours,2026-01-05 08:00:00,97461.0
2026-01-05T08,MIDA,Mid-Atlantic,NG,Net generation,102786,megawatthours,2026-01-05 08:00:00,102786.0
2026-01-05T08,MIDA,Mid-Atlantic,TI,Total interchange,2571,megawatthours,2026-01-05 08:00:00,2571.0
2026-01-05T07,MIDA,Mid-Atlantic,D,Demand,100400,megawatthours,2026-01-05 07:00:00,100400.0
2026-01-05T07,MIDA,Mid-Atlantic,DF,Day-ahead demand forecast,97093,megawatthours,2026-01-05 07:00:00,97093.0
2026-01-05T07,MIDA,Mid-Atlantic,NG,Net generation,103157,megawatthours,2026-01-05 07:00:00,103157.0
2026-01-05T07,MIDA,Mid-Atlantic,TI,Total interchange,1920,megawatthours,2026-01-05 07:00:00,1920.0
2026-01-05T06,MIDA,Mid-Atlantic,D,Demand,101562,megawatthours,2026-01-05 06:00:00,101562.0
2026-01-05T06,MIDA,Mid-Atlantic,DF,Day-ahead demand forecast,97679,megawatthours,2026-01-05 06:00:00,97679.0
2026-01-05T06,MIDA,Mid-Atlantic,NG,Net generation,104988,megawatthours,2026-01-05 06:00:00,104988.0
2026-01-05T06,MIDA,Mid-Atlantic,TI,Total interchange,1654,megawatthours,2026-01-05 06:00:00,1654.0
2026-01-05T05,MIDA,Mid-Atlantic,D,Demand,103957,megawatthours,2026-01-05 05:00:00,103957.0
2026-01-05T05,MIDA,Mid-Atlantic,DF,Day-ahead demand forecast,100350,megawatthours,2026-01-05 05:00:00,100350.0
2026-01-05T05,MIDA,Mid-Atlantic,NG,Net generation,107625,megawatthours,2026-01-05 05:00:00,107625.0
2026-01-05T05,MIDA,Mid-Atlantic,TI,Total interchange,977,megawatthours,2026-01-05 05:00:00,977.0
2026-01-05T04,MIDA,Mid-Atlantic,D,Demand,105762,megawatthours,2026-01-05 04:00:00,105762.0
2026-01-05T04,MIDA,Mid-Atlantic,DF,Day-ahead demand forecast,103364,megawatthours,2026-01-05 04:00:00,103364.0
2026-01-05T04,MIDA,Mid-Atlantic,NG,Net generation,108955,megawatthours,2026-01-05 04:00:00,108955.0
2026-01-05T04,MIDA,Mid-Atlantic,TI,Total interchange,958,megawatthours,2026-01-05 04:00:00,958.0
2026-01-05T03,MIDA,Mid-Atlantic,D,Demand,108188,megawatthours,2026-01-05 03:00:00,108188.0
2026-01-05T03,MIDA,Mid-Atlantic,DF,Day-ahead demand forecast,106435,megawatthours,2026-01-05 03:00:00,106435.0
2026-01-05T03,MIDA,Mid-Atlantic,NG,Net generation,110795,megawatthours,2026-01-05 03:00:00,110795.0
2026-01-05T03,MIDA,Mid-Atlantic,TI,Total interchange,937,megawatthours,2026-01-05 03:00:00,937.0
2026-01-05T02,MIDA,Mid-Atlantic,D,Demand,110464,megawatthours,2026-01-05 02:00:00,110464.0
2026-01-05T02,MIDA,Mid-Atlantic,DF,Day-ahead demand forecast,109446,megawatthours,2026-01-05 02:00:00,109446.0
2026-01-05T02,MIDA,Mid-Atlantic,NG,Net generation,112760,megawatthours,2026-01-05 02:00:00,112760.0
2026-01-05T02,MIDA,Mid-Atlantic,TI,Total interchange,1314,megawatthours,2026-01-05 02:00:00,1314.0
2026-01-05T01,MIDA,Mid-Atlantic,D,Demand,111109,megawatthours,2026-01-05 01:00:00,111109.0
2026-01-05T01,MIDA,Mid-Atlantic,DF,Day-ahead demand forecast,111244,megawatthours,2026-01-05 01:00:00,111244.0
2026-01-05T01,MIDA,Mid-Atlantic,NG,Net generation,113297,megawatthours,2026-01-05 01:00:00,113297.0
2026-01-05T01,MIDA,Mid-Atlantic,TI,Total interchange,1349,megawatthours,2026-01-05 01:00:00,1349.0
2026-01-05T00,MIDA,Mid-Atlantic,D,Demand,110788,megawatthours,2026-01-05 00:00:00,110788.0
2026-01-05T00,MIDA,Mid-Atlantic,DF,Day-ahead demand forecast,111536,megawatthours,2026-01-05 00:00:00,111536.0
2026-01-05T00,MIDA,Mid-Atlantic,NG,Net generation,113180,megawatthours,2026-01-05 00:00:00,113180.0
2026-01-05T00,MIDA,Mid-Atlantic,TI,Total interchange,1394,megawatthours,2026-01-05 00:00:00,1394.0
2026-01-04T23,MIDA,Mid-Atlantic,D,Demand,108702,megawatthours,2026-01-04 23:00:00,108702.0
2026-01-04T23,MIDA,Mid-Atlantic,DF,Day-ahead demand forecast,110935,megawatthours,2026-01-04 23:00:00,110935.0
2026-01-04T23,MIDA,Mid-Atlantic,NG,Net generation,110895,megawatthours,2026-01-04 23:00:00,110895.0
2026-01-04T23,MIDA,Mid-Atlantic,TI,Total interchange,1662,megawatthours,2026-01-04 23:00:00,1662.0
2026-01-04T22,MIDA,Mid-Atlantic,D,Demand,103416,megawatthours,2026-01-04 22:00:00,103416.0
2026-01-04T22,MIDA,Mid-Atlantic,DF,Day-ahead demand forecast,109164,megawatthours,2026-01-04 22:00:00,109164.0
2026-01-04T22,MIDA,Mid-Atlantic,NG,Net generation,105838,megawatthours,2026-01-04 22:00:00,105838.0
2026-01-04T22,MIDA,Mid-Atlantic,TI,Total interchange,1552,megawatthours,2026-01-04 22:00:00,1552.0
2026-01-04T21,MIDA,Mid-Atlantic,D,Demand,100963,megawatthours,2026-01-04 21:00:00,100963.0
2026-01-04T21,MIDA,Mid-Atlantic,DF,Day-ahead demand forecast,103729,megawatthours,2026-01-04 21:00:00,103729.0
2026-01-04T21,MIDA,Mid-Atlantic,NG,Net generation,103188,megawatthours,2026-01-04 21:00:00,103188.0
2026-01-04T21,MIDA,Mid-Atlantic,TI,Total interchange,1751,megawatthours,2026-01-04 21:00:00,1751.0
2026-01-04T20,MIDA,Mid-Atlantic,D,Demand,99124,megawatthours,2026-01-04 20:00:00,99124.0
2026-01-04T20,MIDA,Mid-Atlantic,DF,Day-ahead demand forecast,100003,megawatthours,2026-01-04 20:00:00,100003.0
2026-01-04T20,MIDA,Mid-Atlantic,NG,Net generation,101484,megawatthours,2026-01-04 20:00:00,101484.0
2026-01-04T20,MIDA,Mid-Atlantic,TI,Total interchange,1565,megawatthours,2026-01-04 20:00:00,1565.0
2026-01-04T19,MIDA,Mid-Atlantic,D,Demand,98878,megawatthours,2026-01-04 19:00:00,98878.0
2026-01-04T19,MIDA,Mid-Atlantic,DF,Day-ahead demand forecast,98543,megawatthours,2026-01-04 19:00:00,98543.0
2026-01-04T19,MIDA,Mid-Atlantic,NG,Net generation,101782,megawatthours,2026-01-04 19:00:00,101782.0
2026-01-04T19,MIDA,Mid-Atlantic,TI,Total interchange,1457,megawatthours,2026-01-04 19:00:00,1457.0
2026-01-04T18,MIDA,Mid-Atlantic,D,Demand,99505,megawatthours,2026-01-04 18:00:00,99505.0
2026-01-04T18,MIDA,Mid-Atlantic,DF,Day-ahead demand forecast,99086,megawatthours,2026-01-04 18:00:00,99086.0
2026-01-04T18,MIDA,Mid-Atlantic,NG,Net generation,102092,megawatthours,2026-01-04 18:00:00,102092.0
2026-01-04T18,MIDA,Mid-Atlantic,TI,Total interchange,1375,megawatthours,2026-01-04 18:00:00,1375.0
2026-01-04T17,MIDA,Mid-Atlantic,D,Demand,100791,megawatthours,2026-01-04 17:00:00,100791.0
2026-01-04T17,MIDA,Mid-Atlantic,DF,Day-ahead demand forecast,100205,megawatthours,2026-01-04 17:00:00,100205.0
2026-01-04T17,MIDA,Mid-Atlantic,NG,Net generation,103645,megawatthours,2026-01-04 17:00:00,103645.0
2026-01-04T17,MIDA,Mid-Atlantic,TI,Total interchange,1184,megawatthours,2026-01-04 17:00:00,1184.0
2026-01-04T16,MIDA,Mid-Atlantic,D,Demand,102882,megawatthours,2026-01-04 16:00:00,102882.0
2026-01-04T16,MIDA,Mid-Atlantic,DF,Day-ahead demand forecast,101599,megawatthours,2026-01-04 16:00:00,101599.0
2026-01-04T16,MIDA,Mid-Atlantic,NG,Net generation,106145,megawatthours,2026-01-04 16:00:00,106145.0
2026-01-04T16,MIDA,Mid-Atlantic,TI,Total interchange,985,megawatthours,2026-01-04 16:00:00,985.0
2026-01-04T15,MIDA,Mid-Atlantic,D,Demand,103894,megawatthours,2026-01-04 15:00:00,103894.0
2026-01-04T15,MIDA,Mid-Atlantic,DF,Day-ahead demand forecast,103385,megawatthours,2026-01-04 15:00:00,103385.0
2026-01-04T15,MIDA,Mid-Atlantic,NG,Net generation,106814,megawatthours,2026-01-04 15:00:00,106814.0
2026-01-04T15,MIDA,Mid-Atlantic,TI,Total interchange,1012,megawatthours,2026-01-04 15:00:00,1012.0
2026-01-04T14,MIDA,Mid-Atlantic,D,Demand,104585,megawatthours,2026-01-04 14:00:00,104585.0
2026-01-04T14,MIDA,Mid-Atlantic,DF,Day-ahead demand forecast,105325,megawatthours,2026-01-04 14:00:00,105325.0
2026-01-04T14,MIDA,Mid-Atlantic,NG,Net generation,108111,megawatthours,2026-01-04 14:00:00,108111.0
2026-01-04T14,MIDA,Mid-Atlantic,TI,Total interchange,1123,megawatthours,2026-01-04 14:00:00,1123.0
2026-01-04T13,MIDA,Mid-Atlantic,D,Demand,103140,megawatthours,2026-01-04 13:00:00,103140.0
2026-01-04T13,MIDA,Mid-Atlantic,DF,Day-ahead demand forecast,106240,megawatthours,2026-01-04 13:00:00,106240.0
2026-01-04T13,MIDA,Mid-Atlantic,NG,Net generation,105844,megawatthours,2026-01-04 13:00:00,105844.0
2026-01-04T13,MIDA,Mid-Atlantic,TI,Total interchange,1078,megawatthours,2026-01-04 13:00:00,1078.0
2026-01-04T12,MIDA,Mid-Atlantic,D,Demand,100312,megawatthours,2026-01-04 12:00:00,100312.0
2026-01-04T12,MIDA,Mid-Atlantic,DF,Day-ahead demand forecast,105250,megawatthours,2026-01-04 12:00:00,105250.0
2026-01-04T12,MIDA,Mid-Atlantic,NG,Net generation,104118,megawatthours,2026-01-04 12:00:00,104118.0
2026-01-04T12,MIDA,Mid-Atlantic,TI,Total interchange,1084,megawatthours,2026-01-04 12:00:00,1084.0
2026-01-04T11,MIDA,Mid-Atlantic,D,Demand,98061,megawatthours,2026-01-04 11:00:00,98061.0
2026-01-04T11,MIDA,Mid-Atlantic,DF,Day-ahead demand forecast,102748,megawatthours,2026-01-04 11:00:00,102748.0
2026-01-04T11,MIDA,Mid-Atlantic,NG,Net generation,102646,megawatthours,2026-01-04 11:00:00,102646.0
2026-01-04T11,MIDA,Mid-Atlantic,TI,Total interchange,1067,megawatthours,2026-01-04 11:00:00,1067.0
2026-01-04T10,MIDA,Mid-Atlantic,D,Demand,97087,megawatthours,2026-01-04 10:00:00,97087.0
2026-01-04T10,MIDA,Mid-Atlantic,DF,Day-ahead demand forecast,100656,megawatthours,2026-01-04 10:00:00,100656.0
2026-01-04T10,MIDA,Mid-Atlantic,NG,Net generation,102320,megawatthours,2026-01-04 10:00:00,102320.0
2026-01-04T10,MIDA,Mid-Atlantic,TI,Total interchange,1132,megawatthours,2026-01-04 10:00:00,1132.0
2026-01-04T09,MIDA,Mid-Atlantic,D,Demand,96971,megawatthours,2026-01-04 09:00:00,96971.0
2026-01-04T09,MIDA,Mid-Atlantic,DF,Day-ahead demand forecast,99442,megawatthours,2026-01-04 09:00:00,99442.0
2026-01-04T09,MIDA,Mid-Atlantic,NG,Net generation,102154,megawatthours,2026-01-04 09:00:00,102154.0
2026-01-04T09,MIDA,Mid-Atlantic,TI,Total interchange,2877,megawatthours,2026-01-04 09:00:00,2877.0
2026-01-04T08,MIDA,Mid-Atlantic,D,Demand,97415,megawatthours,2026-01-04 08:00:00,97415.0
2026-01-04T08,MIDA,Mid-Atlantic,DF,Day-ahead demand forecast,98860,megawatthours,2026-01-04 08:00:00,98860.0
2026-01-04T08,MIDA,Mid-Atlantic,NG,Net generation,102515,megawatthours,2026-01-04 08:00:00,102515.0
2026-01-04T08,MIDA,Mid-Atlantic,TI,Total interchange,3143,megawatthours,2026-01-04 08:00:00,3143.0
2026-01-04T07,MIDA,Mid-Atlantic,D,Demand,98490,megawatthours,2026-01-04 07:00:00,98490.0
2026-01-04T07,MIDA,Mid-Atlantic,DF,Day-ahead demand forecast,99250,megawatthours,2026-01-04 07:00:00,99250.0
2026-01-04T07,MIDA,Mid-Atlantic,NG,Net generation,103688,megawatthours,2026-01-04 07:00:00,103688.0
2026-01-04T07,MIDA,Mid-Atlantic,TI,Total interchange,3256,megawatthours,2026-01-04 07:00:00,3256.0
2026-01-04T06,MIDA,Mid-Atlantic,D,Demand,100432,megawatthours,2026-01-04 06:00:00,100432.0
2026-01-04T06,MIDA,Mid-Atlantic,DF,Day-ahead demand forecast,100367,megawatthours,2026-01-04 06:00:00,100367.0
2026-01-04T06,MIDA,Mid-Atlantic,NG,Net generation,105692,megawatthours,2026-01-04 06:00:00,105692.0
2026-01-04T06,MIDA,Mid-Atlantic,TI,Total interchange,3217,megawatthours,2026-01-04 06:00:00,3217.0
2026-01-04T05,MIDA,Mid-Atlantic,D,Demand,102928,megawatthours,2026-01-04 05:00:00,102928.0
2026-01-04T05,MIDA,Mid-Atlantic,DF,Day-ahead demand forecast,101288,megawatthours,2026-01-04 05:00:00,101288.0
2026-01-04T05,MIDA,Mid-Atlantic,NG,Net generation,108452,megawatthours,2026-01-04 05:00:00,108452.0
2026-01-04T05,MIDA,Mid-Atlantic,TI,Total interchange,1490,megawatthours,2026-01-04 05:00:00,1490.0
2026-01-04T04,MIDA,Mid-Atlantic,D,Demand,105223,megawatthours,2026-01-04 04:00:00,105223.0
2026-01-04T04,MIDA,Mid-Atlantic,DF,Day-ahead demand forecast,103471,megawatthours,2026-01-04 04:00:00,103471.0
2026-01-04T04,MIDA,Mid-Atlantic,NG,Net generation,111154,megawatthours,2026-01-04 04:00:00,111154.0
2026-01-04T04,MIDA,Mid-Atlantic,TI,Total interchange,1563,megawatthours,2026-01-04 04:00:00,1563.0
2026-01-04T03,MIDA,Mid-Atlantic,D,Demand,107355,megawatthours,2026-01-04 03:00:00,107355.0
2026-01-04T03,MIDA,Mid-Atlantic,DF,Day-ahead demand forecast,106719,megawatthours,2026-01-04 03:00:00,106719.0
2026-01-04T03,MIDA,Mid-Atlantic,NG,Net generation,113075,megawatthours,2026-01-04 03:00:00,113075.0
2026-01-04T03,MIDA,Mid-Atlantic,TI,Total interchange,1516,megawatthours,2026-01-04 03:00:00,1516.0
2026-01-04T02,MIDA,Mid-Atlantic,D,Demand,109387,megawatthours,2026-01-04 02:00:00,109387.0
2026-01-04T02,MIDA,Mid-Atlantic,DF,Day-ahead demand forecast,109384,megawatthours,2026-01-04 02:00:00,109384.0
2026-01-04T02,MIDA,Mid-Atlantic,NG,Net generation,115086,megawatthours,2026-01-04 02:00:00,115086.0
2026-01-04T02,MIDA,Mid-Atlantic,TI,Total interchange,1655,megawatthours,2026-01-04 02:00:00,1655.0
2026-01-04T01,MIDA,Mid-Atlantic,D,Demand,110658,megawatthours,2026-01-04 01:00:00,110658.0
2026-01-04T01,MIDA,Mid-Atlantic,DF,Day-ahead demand forecast,111125,megawatthours,2026-01-04 01:00:00,111125.0
2026-01-04T01,MIDA,Mid-Atlantic,NG,Net generation,116486,megawatthours,2026-01-04 01:00:00,116486.0
2026-01-04T01,MIDA,Mid-Atlantic,TI,Total interchange,1647,megawatthours,2026-01-04 01:00:00,1647.0
2026-01-04T00,MIDA,Mid-Atlantic,D,Demand,111549,megawatthours,2026-01-04 00:00:00,111549.0
2026-01-04T00,MIDA,Mid-Atlantic,DF,Day-ahead demand forecast,111851,megawatthours,2026-01-04 00:00:00,111851.0
2026-01-04T00,MIDA,Mid-Atlantic,NG,Net generation,117024,megawatthours,2026-01-04 00:00:00,117024.0
2026-01-04T00,MIDA,Mid-Atlantic,TI,Total interchange,1652,megawatthours,2026-01-04 00:00:00,1652.0
2026-01-03T23,MIDA,Mid-Atlantic,D,Demand,110968,megawatthours,2026-01-03 23:00:00,110968.0
2026-01-03T23,MIDA,Mid-Atlantic,DF,Day-ahead demand forecast,111851,megawatthours,2026-01-03 23:00:00,111851.0
2026-01-03T23,MIDA,Mid-Atlantic,NG,Net generation,116061,megawatthours,2026-01-03 23:00:00,116061.0
2026-01-03T23,MIDA,Mid-Atlantic,TI,Total interchange,1683,megawatthours,2026-01-03 23:00:00,1683.0
2026-01-03T22,MIDA,Mid-Atlantic,D,Demand,107615,megawatthours,2026-01-03 22:00:00,107615.0
2026-01-03T22,MIDA,Mid-Atlantic,DF,Day-ahead demand forecast,110653,megawatthours,2026-01-03 22:00:00,110653.0
2026-01-03T22,MIDA,Mid-Atlantic,NG,Net generation,111964,megawatthours,2026-01-03 22:00:00,111964.0
2026-01-03T22,MIDA,Mid-Atlantic,TI,Total interchange,1622,megawatthours,2026-01-03 22:00:00,1622.0
2026-01-03T21,MIDA,Mid-Atlantic,D,Demand,105564,megawatthours,2026-01-03 21:00:00,105564.0
2026-01-03T21,MIDA,Mid-Atlantic,DF,Day-ahead demand forecast,106437,megawatthours,2026-01-03 21:00:00,106437.0
2026-01-03T21,MIDA,Mid-Atlantic,NG,Net generation,110283,megawatthours,2026-01-03 21:00:00,110283.0
2026-01-03T21,MIDA,Mid-Atlantic,TI,Total interchange,1727,megawatthours,2026-01-03 21:00:00,1727.0
2026-01-03T20,MIDA,Mid-Atlantic,D,Demand,105516,megawatthours,2026-01-03 20:00:00,105516.0
2026-01-03T20,MIDA,Mid-Atlantic,DF,Day-ahead demand forecast,103242,megawatthours,2026-01-03 20:00:00,103242.0
2026-01-03T20,MIDA,Mid-Atlantic,NG,Net generation,110069,megawatthours,2026-01-03 20:00:00,110069.0
2026-01-03T20,MIDA,Mid-Atlantic,TI,Total interchange,1609,megawatthours,2026-01-03 20:00:00,1609.0
2026-01-03T19,MIDA,Mid-Atlantic,D,Demand,106146,megawatthours,2026-01-03 19:00:00,106146.0
2026-01-03T19,MIDA,Mid-Atlantic,DF,Day-ahead demand forecast,102328,megawatthours,2026-01-03 19:00:00,102328.0
2026-01-03T19,MIDA,Mid-Atlantic,NG,Net generation,110542,megawatthours,2026-01-03 19:00:00,110542.0
2026-01-03T19,MIDA,Mid-Atlantic,TI,Total interchange,1526,megawatthours,2026-01-03 19:00:00,1526.0
2026-01-03T18,MIDA,Mid-Atlantic,D,Demand,106529,megawatthours,2026-01-03 18:00:00,106529.0
2026-01-03T18,MIDA,Mid-Atlantic,DF,Day-ahead demand forecast,103085,megawatthours,2026-01-03 18:00:00,103085.0
2026-01-03T18,MIDA,Mid-Atlantic,NG,Net generation,110876,megawatthours,2026-01-03 18:00:00,110876.0
2026-01-03T18,MIDA,Mid-Atlantic,TI,Total interchange,1475,megawatthours,2026-01-03 18:00:00,1475.0
2026-01-03T17,MIDA,Mid-Atlantic,D,Demand,107940,megawatthours,2026-01-03 17:00:00,107940.0
2026-01-03T17,MIDA,Mid-Atlantic,DF,Day-ahead demand forecast,104647,megawatthours,2026-01-03 17:00:00,104647.0
2026-01-03T17,MIDA,Mid-Atlantic,NG,Net generation,112900,megawatthours,2026-01-03 17:00:00,112900.0
2026-01-03T17,MIDA,Mid-Atlantic,TI,Total interchange,1518,megawatthours,2026-01-03 17:00:00,1518.0
2026-01-03T16,MIDA,Mid-Atlantic,D,Demand,108735,megawatthours,2026-01-03 16:00:00,108735.0
2026-01-03T16,MIDA,Mid-Atlantic,DF,Day-ahead demand forecast,106510,megawatthours,2026-01-03 16:00:00,106510.0
2026-01-03T16,MIDA,Mid-Atlantic,NG,Net generation,114421,megawatthours,2026-01-03 16:00:00,114421.0
2026-01-03T16,MIDA,Mid-Atlantic,TI,Total interchange,1182,megawatthours,2026-01-03 16:00:00,1182.0
2026-01-03T15,MIDA,Mid-Atlantic,D,Demand,108354,megawatthours,2026-01-03 15:00:00,108354.0
2026-01-03T15,MIDA,Mid-Atlantic,DF,Day-ahead demand forecast,108334,megawatthours,2026-01-03 15:00:00,108334.0
2026-01-03T15,MIDA,Mid-Atlantic,NG,Net generation,114117,megawatthours,2026-01-03 15:00:00,114117.0
2026-01-03T15,MIDA,Mid-Atlantic,TI,Total interchange,1208,megawatthours,2026-01-03 15:00:00,1208.0
2026-01-03T14,MIDA,Mid-Atlantic,D,Demand,107517,megawatthours,2026-01-03 14:00:00,107517.0
2026-01-03T14,MIDA,Mid-Atlantic,DF,Day-ahead demand forecast,109687,megawatthours,2026-01-03 14:00:00,109687.0
2026-01-03T14,MIDA,Mid-Atlantic,NG,Net generation,113190,megawatthours,2026-01-03 14:00:00,113190.0
2026-01-03T14,MIDA,Mid-Atlantic,TI,Total interchange,1186,megawatthours,2026-01-03 14:00:00,1186.0
2026-01-03T13,MIDA,Mid-Atlantic,D,Demand,105728,megawatthours,2026-01-03 13:00:00,105728.0
2026-01-03T13,MIDA,Mid-Atlantic,DF,Day-ahead demand forecast,110199,megawatthours,2026-01-03 13:00:00,110199.0
2026-01-03T13,MIDA,Mid-Atlantic,NG,Net generation,110991,megawatthours,2026-01-03 13:00:00,110991.0
2026-01-03T13,MIDA,Mid-Atlantic,TI,Total interchange,1131,megawatthours,2026-01-03 13:00:00,1131.0
2026-01-03T12,MIDA,Mid-Atlantic,D,Demand,103148,megawatthours,2026-01-03 12:00:00,103148.0
2026-01-03T12,MIDA,Mid-Atlantic,DF,Day-ahead demand forecast,108604,megawatthours,2026-01-03 12:00:00,108604.0
2026-01-03T12,MIDA,Mid-Atlantic,NG,Net generation,108663,megawatthours,2026-01-03 12:00:00,108663.0
2026-01-03T12,MIDA,Mid-Atlantic,TI,Total interchange,1122,megawatthours,2026-01-03 12:00:00,1122.0
2026-01-03T11,MIDA,Mid-Atlantic,D,Demand,100926,megawatthours,2026-01-03 11:00:00,100926.0
2026-01-03T11,MIDA,Mid-Atlantic,DF,Day-ahead demand forecast,105482,megawatthours,2026-01-03 11:00:00,105482.0
2026-01-03T11,MIDA,Mid-Atlantic,NG,Net generation,106979,megawatthours,2026-01-03 11:00:00,106979.0
2026-01-03T11,MIDA,Mid-Atlantic,TI,Total interchange,1186,megawatthours,2026-01-03 11:00:00,1186.0
2026-01-03T10,MIDA,Mid-Atlantic,D,Demand,100367,megawatthours,2026-01-03 10:00:00,100367.0
2026-01-03T10,MIDA,Mid-Atlantic,DF,Day-ahead demand forecast,102394,megawatthours,2026-01-03 10:00:00,102394.0
2026-01-03T10,MIDA,Mid-Atlantic,NG,Net generation,106647,megawatthours,2026-01-03 10:00:00,106647.0
2026-01-03T10,MIDA,Mid-Atlantic,TI,Total interchange,1236,megawatthours,2026-01-03 10:00:00,1236.0
2026-01-03T09,MIDA,Mid-Atlantic,D,Demand,100329,megawatthours,2026-01-03 09:00:00,100329.0
2026-01-03T09,MIDA,Mid-Atlantic,DF,Day-ahead demand forecast,100412,megawatthours,2026-01-03 09:00:00,100412.0
2026-01-03T09,MIDA,Mid-Atlantic,NG,Net generation,106261,megawatthours,2026-01-03 09:00:00,106261.0
2026-01-03T09,MIDA,Mid-Atlantic,TI,Total interchange,-1627,megawatthours,2026-01-03 09:00:00,-1627.0
2026-01-03T08,MIDA,Mid-Atlantic,D,Demand,100542,megawatthours,2026-01-03 08:00:00,100542.0
2026-01-03T08,MIDA,Mid-Atlantic,DF,Day-ahead demand forecast,99588,megawatthours,2026-01-03 08:00:00,99588.0
2026-01-03T08,MIDA,Mid-Atlantic,NG,Net generation,106851,megawatthours,2026-01-03 08:00:00,106851.0
2026-01-03T08,MIDA,Mid-Atlantic,TI,Total interchange,-1538,megawatthours,2026-01-03 08:00:00,-1538.0
2026-01-03T07,MIDA,Mid-Atlantic,D,Demand,101227,megawatthours,2026-01-03 07:00:00,101227.0
2026-01-03T07,MIDA,Mid-Atlantic,DF,Day-ahead demand forecast,99731,megawatthours,2026-01-03 07:00:00,99731.0
2026-01-03T07,MIDA,Mid-Atlantic,NG,Net generation,107328,megawatthours,2026-01-03 07:00:00,107328.0
2026-01-03T07,MIDA,Mid-Atlantic,TI,Total interchange,-1515,megawatthours,2026-01-03 07:00:00,-1515.0
2026-01-03T06,MIDA,Mid-Atlantic,D,Demand,102754,megawatthours,2026-01-03 06:00:00,102754.0
2026-01-03T06,MIDA,Mid-Atlantic,DF,Day-ahead demand forecast,100431,megawatthours,2026-01-03 06:00:00,100431.0
2026-01-03T06,MIDA,Mid-Atlantic,NG,Net generation,108269,megawatthours,2026-01-03 06:00:00,108269.0
2026-01-03T06,MIDA,Mid-Atlantic,TI,Total interchange,-1397,megawatthours,2026-01-03 06:00:00,-1397.0
2026-01-03T05,MIDA,Mid-Atlantic,D,Demand,105160,megawatthours,2026-01-03 05:00:00,105160.0
2026-01-03T05,MIDA,Mid-Atlantic,DF,Day-ahead demand forecast,102406,megawatthours,2026-01-03 05:00:00,102406.0
2026-01-03T05,MIDA,Mid-Atlantic,NG,Net generation,109936,megawatthours,2026-01-03 05:00:00,109936.0
2026-01-03T05,MIDA,Mid-Atlantic,TI,Total interchange,1475,megawatthours,2026-01-03 05:00:00,1475.0
2026-01-03T04,MIDA,Mid-Atlantic,D,Demand,107500,megawatthours,2026-01-03 04:00:00,107500.0
2026-01-03T04,MIDA,Mid-Atlantic,DF,Day-ahead demand forecast,104555,megawatthours,2026-01-03 04:00:00,104555.0
2026-01-03T04,MIDA,Mid-Atlantic,NG,Net generation,112433,megawatthours,2026-01-03 04:00:00,112433.0
2026-01-03T04,MIDA,Mid-Atlantic,TI,Total interchange,1432,megawatthours,2026-01-03 04:00:00,1432.0
2026-01-03T03,MIDA,Mid-Atlantic,D,Demand,110134,megawatthours,2026-01-03 03:00:00,110134.0
2026-01-03T03,MIDA,Mid-Atlantic,DF,Day-ahead demand forecast,107752,megawatthours,2026-01-03 03:00:00,107752.0
2026-01-03T03,MIDA,Mid-Atlantic,NG,Net generation,114950,megawatthours,2026-01-03 03:00:00,114950.0
2026-01-03T03,MIDA,Mid-Atlantic,TI,Total interchange,1365,megawatthours,2026-01-03 03:00:00,1365.0
2026-01-03T02,MIDA,Mid-Atlantic,D,Demand,112135,megawatthours,2026-01-03 02:00:00,112135.0
2026-01-03T02,MIDA,Mid-Atlantic,DF,Day-ahead demand forecast,110781,megawatthours,2026-01-03 02:00:00,110781.0
2026-01-03T02,MIDA,Mid-Atlantic,NG,Net generation,117067,megawatthours,2026-01-03 02:00:00,117067.0
2026-01-03T02,MIDA,Mid-Atlantic,TI,Total interchange,1490,megawatthours,2026-01-03 02:00:00,1490.0
2026-01-03T01,MIDA,Mid-Atlantic,D,Demand,113265,megawatthours,2026-01-03 01:00:00,113265.0
2026-01-03T01,MIDA,Mid-Atlantic,DF,Day-ahead demand forecast,112413,megawatthours,2026-01-03 01:00:00,112413.0
2026-01-03T01,MIDA,Mid-Atlantic,NG,Net generation,117916,megawatthours,2026-01-03 01:00:00,117916.0
2026-01-03T01,MIDA,Mid-Atlantic,TI,Total interchange,1462,megawatthours,2026-01-03 01:00:00,1462.0
2026-01-03T00,MIDA,Mid-Atlantic,D,Demand,113937,megawatthours,2026-01-03 00:00:00,113937.0
2026-01-03T00,MIDA,Mid-Atlantic,DF,Day-ahead demand forecast,112904,megawatthours,2026-01-03 00:00:00,112904.0
2026-01-03T00,MIDA,Mid-Atlantic,NG,Net generation,118789,megawatthours,2026-01-03 00:00:00,118789.0
2026-01-03T00,MIDA,Mid-Atlantic,TI,Total interchange,1448,megawatthours,2026-01-03 00:00:00,1448.0
2026-01-02T23,MIDA,Mid-Atlantic,D,Demand,113194,megawatthours,2026-01-02 23:00:00,113194.0
2026-01-02T23,MIDA,Mid-Atlantic,DF,Day-ahead demand forecast,113854,megawatthours,2026-01-02 23:00:00,113854.0
2026-01-02T23,MIDA,Mid-Atlantic,NG,Net generation,118200,megawatthours,2026-01-02 23:00:00,118200.0
2026-01-02T23,MIDA,Mid-Atlantic,TI,Total interchange,1576,megawatthours,2026-01-02 23:00:00,1576.0
2026-01-02T22,MIDA,Mid-Atlantic,D,Demand,108214,megawatthours,2026-01-02 22:00:00,108214.0
2026-01-02T22,MIDA,Mid-Atlantic,DF,Day-ahead demand forecast,113004,megawatthours,2026-01-02 22:00:00,113004.0
2026-01-02T22,MIDA,Mid-Atlantic,NG,Net generation,112807,megawatthours,2026-01-02 22:00:00,112807.0
2026-01-02T22,MIDA,Mid-Atlantic,TI,Total interchange,1537,megawatthours,2026-01-02 22:00:00,1537.0
2026-01-02T21,MIDA,Mid-Atlantic,D,Demand,106764,megawatthours,2026-01-02 21:00:00,106764.0
2026-01-02T21,MIDA,Mid-Atlantic,DF,Day-ahead demand forecast,108349,megawatthours,2026-01-02 21:00:00,108349.0
2026-01-02T21,MIDA,Mid-Atlantic,NG,Net generation,111528,megawatthours,2026-01-02 21:00:00,111528.0
2026-01-02T21,MIDA,Mid-Atlantic,TI,Total interchange,1510,megawatthours,2026-01-02 21:00:00,1510.0
2026-01-02T20,MIDA,Mid-Atlantic,D,Demand,106998,megawatthours,2026-01-02 20:00:00,106998.0
2026-01-02T20,MIDA,Mid-Atlantic,DF,Day-ahead demand forecast,105310,megawatthours,2026-01-02 20:00:00,105310.0
2026-01-02T20,MIDA,Mid-Atlantic,NG,Net generation,112240,megawatthours,2026-01-02 20:00:00,112240.0
2026-01-02T20,MIDA,Mid-Atlantic,TI,Total interchange,1434,megawatthours,2026-01-02 20:00:00,1434.0
2026-01-02T19,MIDA,Mid-Atlantic,D,Demand,108772,megawatthours,2026-01-02 19:00:00,108772.0
2026-01-02T19,MIDA,Mid-Atlantic,DF,Day-ahead demand forecast,105059,megawatthours,2026-01-02 19:00:00,105059.0
2026-01-02T19,MIDA,Mid-Atlantic,NG,Net generation,113999,megawatthours,2026-01-02 19:00:00,113999.0
2026-01-02T19,MIDA,Mid-Atlantic,TI,Total interchange,1463,megawatthours,2026-01-02 19:00:00,1463.0
2026-01-02T18,MIDA,Mid-Atlantic,D,Demand,109220,megawatthours,2026-01-02 18:00:00,109220.0
2026-01-02T18,MIDA,Mid-Atlantic,DF,Day-ahead demand forecast,105894,megawatthours,2026-01-02 18:00:00,105894.0
2026-01-02T18,MIDA,Mid-Atlantic,NG,Net generation,114432,megawatthours,2026-01-02 18:00:00,114432.0
2026-01-02T18,MIDA,Mid-Atlantic,TI,Total interchange,1483,megawatthours,2026-01-02 18:00:00,1483.0
2026-01-02T17,MIDA,Mid-Atlantic,D,Demand,109972,megawatthours,2026-01-02 17:00:00,109972.0
2026-01-02T17,MIDA,Mid-Atlantic,DF,Day-ahead demand forecast,107659,megawatthours,2026-01-02 17:00:00,107659.0
2026-01-02T17,MIDA,Mid-Atlantic,NG,Net generation,114597,megawatthours,2026-01-02 17:00:00,114597.0
2026-01-02T17,MIDA,Mid-Atlantic,TI,Total interchange,1373,megawatthours,2026-01-02 17:00:00,1373.0
2026-01-02T16,MIDA,Mid-Atlantic,D,Demand,111010,megawatthours,2026-01-02 16:00:00,111010.0
2026-01-02T16,MIDA,Mid-Atlantic,DF,Day-ahead demand forecast,109886,megawatthours,2026-01-02 16:00:00,109886.0
2026-01-02T16,MIDA,Mid-Atlantic,NG,Net generation,115433,megawatthours,2026-01-02 16:00:00,115433.0
2026-01-02T16,MIDA,Mid-Atlantic,TI,Total interchange,1204,megawatthours,2026-01-02 16:00:00,1204.0
2026-01-02T15,MIDA,Mid-Atlantic,D,Demand,111803,megawatthours,2026-01-02 15:00:00,111803.0
2026-01-02T15,MIDA,Mid-Atlantic,DF,Day-ahead demand forecast,112145,megawatthours,2026-01-02 15:00:00,112145.0
2026-01-02T15,MIDA,Mid-Atlantic,NG,Net generation,115860,megawatthours,2026-01-02 15:00:00,115860.0
2026-01-02T15,MIDA,Mid-Atlantic,TI,Total interchange,1116,megawatthours,2026-01-02 15:00:00,1116.0
2026-01-02T14,MIDA,Mid-Atlantic,D,Demand,111901,megawatthours,2026-01-02 14:00:00,111901.0
2026-01-02T14,MIDA,Mid-Atlantic,DF,Day-ahead demand forecast,114683,megawatthours,2026-01-02 14:00:00,114683.0
2026-01-02T14,MIDA,Mid-Atlantic,NG,Net generation,115761,megawatthours,2026-01-02 14:00:00,115761.0
2026-01-02T14,MIDA,Mid-Atlantic,TI,Total interchange,1030,megawatthours,2026-01-02 14:00:00,1030.0
2026-01-02T13,MIDA,Mid-Atlantic,D,Demand,110386,megawatthours,2026-01-02 13:00:00,110386.0
2026-01-02T13,MIDA,Mid-Atlantic,DF,Day-ahead demand forecast,116609,megawatthours,2026-01-02 13:00:00,116609.0
2026-01-02T13,MIDA,Mid-Atlantic,NG,Net generation,113629,megawatthours,2026-01-02 13:00:00,113629.0
2026-01-02T13,MIDA,Mid-Atlantic,TI,Total interchange,1125,megawatthours,2026-01-02 13:00:00,1125.0
