period,respondent,respondent-name,type,type-name,value,value-units,datetime,demand_MW
2026-02-24T00,CAL,California,D,Demand,30517,megawatthours,2026-02-24 00:00:00,30517.0
2026-02-24T00,CAL,California,DF,Day-ahead demand forecast,26057,megawatthours,2026-02-24 00:00:00,26057.0
2026-02-23T23,CAL,California,D,Demand,30263,megawatthours,2026-02-23 23:00:00,30263.0
2026-02-23T23,CAL,California,DF,Day-ahead demand forecast,23916,megawatthours,2026-02-23 23:00:00,23916.0
2026-02-23T22,CAL,California,D,Demand,30377,megawatthours,2026-02-23 22:00:00,30377.0
2026-02-23T22,CAL,California,DF,Day-ahead demand forecast,22650,megawatthours,2026-02-23 22:00:00,22650.0
2026-02-23T21,CAL,California,D,Demand,30351,megawatthours,2026-02-23 21:00:00,30351.0
2026-02-23T21,CAL,California,DF,Day-ahead demand forecast,22256,megawatthours,2026-02-23 21:00:00,22256.0
2026-02-23T20,CAL,California,D,Demand,31847,megawatthours,2026-02-23 20:00:00,31847.0
2026-02-23T20,CAL,California,DF,Day-ahead demand forecast,22708,megawatthours,2026-02-23 20:00:00,22708.0
2026-02-23T19,CAL,California,D,Demand,31835,megawatthours,2026-02-23 19:00:00,31835.0
2026-02-23T19,CAL,California,DF,Day-ahead demand forecast,24240,megawatthours,2026-02-23 19:00:00,24240.0
2026-02-23T18,CAL,California,D,Demand,31951,megawatthours,2026-02-23 18:00:00,31951.0
2026-02-23T18,CAL,California,DF,Day-ahead demand forecast,26098,megawatthours,2026-02-23 18:00:00,26098.0
2026-02-23T17,CAL,California,D,Demand,31561,megawatthours,2026-02-23 17:00:00,31561.0
2026-02-23T17,CAL,California,DF,Day-ahead demand forecast,28243,megawatthours,2026-02-23 17:00:00,28243.0
2026-02-23T16,CAL,California,D,Demand,30823,megawatthours,2026-02-23 16:00:00,30823.0
2026-02-23T16,CAL,California,DF,Day-ahead demand forecast,29750,megawatthours,2026-02-23 16:00:00,29750.0
2026-02-23T15,CAL,California,D,Demand,29556,megawatthours,2026-02-23 15:00:00,29556.0
2026-02-23T15,CAL,California,DF,Day-ahead demand forecast,28884,megawatthours,2026-02-23 15:00:00,28884.0
2026-02-23T14,CAL,California,D,Demand,27169,megawatthours,2026-02-23 14:00:00,27169.0
2026-02-23T14,CAL,California,DF,Day-ahead demand forecast,26312,megawatthours,2026-02-23 14:00:00,26312.0
2026-02-23T13,CAL,California,D,Demand,25452,megawatthours,2026-02-23 13:00:00,25452.0
2026-02-23T13,CAL,California,DF,Day-ahead demand forecast,24506,megawatthours,2026-02-23 13:00:00,24506.0
2026-02-23T12,CAL,California,D,Demand,25126,megawatthours,2026-02-23 12:00:00,25126.0
2026-02-23T12,CAL,California,DF,Day-ahead demand forecast,23750,megawatthours,2026-02-23 12:00:00,23750.0
2026-02-23T11,CAL,California,D,Demand,24979,megawatthours,2026-02-23 11:00:00,24979.0
2026-02-23T11,CAL,California,DF,Day-ahead demand forecast,23881,megawatthours,2026-02-23 11:00:00,23881.0
2026-02-23T10,CAL,California,D,Demand,25530,megawatthours,2026-02-23 10:00:00,25530.0
2026-02-23T10,CAL,California,DF,Day-ahead demand forecast,24502,megawatthours,2026-02-23 10:00:00,24502.0
2026-02-23T09,CAL,California,D,Demand,26083,megawatthours,2026-02-23 09:00:00,26083.0
2026-02-23T09,CAL,California,DF,Day-ahead demand forecast,25212,megawatthours,2026-02-23 09:00:00,25212.0
2026-02-23T08,CAL,California,D,Demand,26273,megawatthours,2026-02-23 08:00:00,26273.0
2026-02-23T08,CAL,California,DF,Day-ahead demand forecast,25850,megawatthours,2026-02-23 08:00:00,25850.0
2026-02-23T07,CAL,California,D,Demand,27474,megawatthours,2026-02-23 07:00:00,27474.0
2026-02-23T07,CAL,California,DF,Day-ahead demand forecast,27254,megawatthours,2026-02-23 07:00:00,27254.0
2026-02-23T07,CAL,California,NG,Net generation,16892,megawatthours,2026-02-23 07:00:00,16892.0
2026-02-23T07,CAL,California,TI,Total interchange,-9869,megawatthours,2026-02-23 07:00:00,-9869.0
2026-02-23T06,CAL,California,D,Demand,28622,megawatthours,2026-02-23 06:00:00,28622.0
2026-02-23T06,CAL,California,DF,Day-ahead demand forecast,28521,megawatthours,2026-02-23 06:00:00,28521.0
2026-02-23T06,CAL,California,NG,Net generation,19433,megawatthours,2026-02-23 06:00:00,19433.0
2026-02-23T06,CAL,California,TI,Total interchange,-8564,megawatthours,2026-02-23 06:00:00,-8564.0
2026-02-23T05,CAL,California,D,Demand,29258,megawatthours,2026-02-23 05:00:00,29258.0
2026-02-23T05,CAL,California,DF,Day-ahead demand forecast,29060,megawatthours,2026-02-23 05:00:00,29060.0
2026-02-23T05,CAL,California,NG,Net generation,20128,megawatthours,2026-02-23 05:00:00,20128.0
2026-02-23T05,CAL,California,TI,Total interchange,-8345,megawatthours,2026-02-23 05:00:00,-8345.0
2026-02-23T04,CAL,California,D,Demand,29807,megawatthours,2026-02-23 04:00:00,29807.0
2026-02-23T04,CAL,California,DF,Day-ahead demand forecast,29540,megawatthours,2026-02-23 04:00:00,29540.0
2026-02-23T04,CAL,California,NG,Net generation,20782,megawatthours,2026-02-23 04:00:00,20782.0
2026-02-23T04,CAL,California,TI,Total interchange,-8023,megawatthours,2026-02-23 04:00:00,-8023.0
2026-02-23T03,CAL,California,D,Demand,30145,megawatthours,2026-02-23 03:00:00,30145.0
2026-02-23T03,CAL,California,DF,Day-ahead demand forecast,29612,megawatthours,2026-02-23 03:00:00,29612.0
2026-02-23T03,CAL,California,NG,Net generation,20748,megawatthours,2026-02-23 03:00:00,20748.0
2026-02-23T03,CAL,California,TI,Total interchange,-8346,megawatthours,2026-02-23 03:00:00,-8346.0
2026-02-23T02,CAL,California,D,Demand,28438,megawatthours,2026-02-23 02:00:00,28438.0
2026-02-23T02,CAL,California,DF,Day-ahead demand forecast,27617,megawatthours,2026-02-23 02:00:00,27617.0
2026-02-23T02,CAL,California,NG,Net generation,19218,megawatthours,2026-02-23 02:00:00,19218.0
2026-02-23T02,CAL,California,TI,Total interchange,-7895,megawatthours,2026-02-23 02:00:00,-7895.0
2026-02-23T01,CAL,California,D,Demand,25487,megawatthours,2026-02-23 01:00:00,25487.0
2026-02-23T01,CAL,California,DF,Day-ahead demand forecast,24331,megawatthours,2026-02-23 01:00:00,24331.0
2026-02-23T01,CAL,California,NG,Net generation,19176,megawatthours,2026-02-23 01:00:00,19176.0
2026-02-23T01,CAL,California,TI,Total interchange,-4013,megawatthours,2026-02-23 01:00:00,-4013.0
2026-02-23T00,CAL,California,D,Demand,24259,megawatthours,2026-02-23 00:00:00,24259.0
2026-02-23T00,CAL,California,DF,Day-ahead demand forecast,21569,megawatthours,2026-02-23 00:00:00,21569.0
2026-02-23T00,CAL,California,NG,Net generation,17689,megawatthours,2026-02-23 00:00:00,17689.0
2026-02-23T00,CAL,California,TI,Total interchange,-2089,megawatthours,2026-02-23 00:00:00,-2089.0
2026-02-22T23,CAL,California,D,Demand,24990,megawatthours,2026-02-22 23:00:00,24990.0
2026-02-22T23,CAL,California,DF,Day-ahead demand forecast,19317,megawatthours,2026-02-22 23:00:00,19317.0
2026-02-22T23,CAL,California,NG,Net generation,14952,megawatthours,2026-02-22 23:00:00,14952.0
2026-02-22T23,CAL,California,TI,Total interchange,-2687,megawatthours,2026-02-22 23:00:00,-2687.0
2026-02-22T22,CAL,California,D,Demand,25488,megawatthours,2026-02-22 22:00:00,25488.0
2026-02-22T22,CAL,California,DF,Day-ahead demand forecast,18220,megawatthours,2026-02-22 22:00:00,18220.0
2026-02-22T22,CAL,California,NG,Net generation,12968,megawatthours,2026-02-22 22:00:00,12968.0
2026-02-22T22,CAL,California,TI,Total interchange,-3218,megawatthours,2026-02-22 22:00:00,-3218.0
2026-02-22T21,CAL,California,D,Demand,25632,megawatthours,2026-02-22 21:00:00,25632.0
2026-02-22T21,CAL,California,DF,Day-ahead demand forecast,18083,megawatthours,2026-02-22 21:00:00,18083.0
2026-02-22T21,CAL,California,NG,Net generation,13361,megawatthours,2026-02-22 21:00:00,13361.0
2026-02-22T21,CAL,California,TI,Total interchange,-2454,megawatthours,2026-02-22 21:00:00,-2454.0
2026-02-22T20,CAL,California,D,Demand,26812,megawatthours,2026-02-22 20:00:00,26812.0
2026-02-22T20,CAL,California,DF,Day-ahead demand forecast,18714,megawatthours,2026-02-22 20:00:00,18714.0
2026-02-22T20,CAL,California,NG,Net generation,14932,megawatthours,2026-02-22 20:00:00,14932.0
2026-02-22T20,CAL,California,TI,Total interchange,-1391,megawatthours,2026-02-22 20:00:00,-1391.0
2026-02-22T19,CAL,California,D,Demand,27228,megawatthours,2026-02-22 19:00:00,27228.0
2026-02-22T19,CAL,California,DF,Day-ahead demand forecast,19778,megawatthours,2026-02-22 19:00:00,19778.0
2026-02-22T19,CAL,California,NG,Net generation,16191,megawatthours,2026-02-22 19:00:00,16191.0
2026-02-22T19,CAL,California,TI,Total interchange,-1359,megawatthours,2026-02-22 19:00:00,-1359.0
2026-02-22T18,CAL,California,D,Demand,27336,megawatthours,2026-02-22 18:00:00,27336.0
2026-02-22T18,CAL,California,DF,Day-ahead demand forecast,21595,megawatthours,2026-02-22 18:00:00,21595.0
2026-02-22T18,CAL,California,NG,Net generation,16991,megawatthours,2026-02-22 18:00:00,16991.0
2026-02-22T18,CAL,California,TI,Total interchange,-2354,megawatthours,2026-02-22 18:00:00,-2354.0
2026-02-22T17,CAL,California,D,Demand,27761,megawatthours,2026-02-22 17:00:00,27761.0
2026-02-22T17,CAL,California,DF,Day-ahead demand forecast,23859,megawatthours,2026-02-22 17:00:00,23859.0
2026-02-22T17,CAL,California,NG,Net generation,18714,megawatthours,2026-02-22 17:00:00,18714.0
2026-02-22T17,CAL,California,TI,Total interchange,-2888,megawatthours,2026-02-22 17:00:00,-2888.0
2026-02-22T16,CAL,California,D,Demand,27574,megawatthours,2026-02-22 16:00:00,27574.0
2026-02-22T16,CAL,California,DF,Day-ahead demand forecast,25534,megawatthours,2026-02-22 16:00:00,25534.0
2026-02-22T16,CAL,California,NG,Net generation,17588,megawatthours,2026-02-22 16:00:00,17588.0
2026-02-22T16,CAL,California,TI,Total interchange,-6548,megawatthours,2026-02-22 16:00:00,-6548.0
2026-02-22T15,CAL,California,D,Demand,26332,megawatthours,2026-02-22 15:00:00,26332.0
2026-02-22T15,CAL,California,DF,Day-ahead demand forecast,25848,megawatthours,2026-02-22 15:00:00,25848.0
2026-02-22T15,CAL,California,NG,Net generation,17838,megawatthours,2026-02-22 15:00:00,17838.0
2026-02-22T15,CAL,California,TI,Total interchange,-7223,megawatthours,2026-02-22 15:00:00,-7223.0
2026-02-22T14,CAL,California,D,Demand,25688,megawatthours,2026-02-22 14:00:00,25688.0
2026-02-22T14,CAL,California,DF,Day-ahead demand forecast,24995,megawatthours,2026-02-22 14:00:00,24995.0
2026-02-22T14,CAL,California,NG,Net generation,16220,megawatthours,2026-02-22 14:00:00,16220.0
2026-02-22T14,CAL,California,TI,Total interchange,-8407,megawatthours,2026-02-22 14:00:00,-8407.0
2026-02-22T13,CAL,California,D,Demand,25036,megawatthours,2026-02-22 13:00:00,25036.0
2026-02-22T13,CAL,California,DF,Day-ahead demand forecast,24408,megawatthours,2026-02-22 13:00:00,24408.0
2026-02-22T13,CAL,California,NG,Net generation,15469,megawatthours,2026-02-22 13:00:00,15469.0
2026-02-22T13,CAL,California,TI,Total interchange,-8594,megawatthours,2026-02-22 13:00:00,-8594.0
2026-02-22T12,CAL,California,D,Demand,24996,megawatthours,2026-02-22 12:00:00,24996.0
2026-02-22T12,CAL,California,DF,Day-ahead demand forecast,24343,megawatthours,2026-02-22 12:00:00,24343.0
2026-02-22T12,CAL,California,NG,Net generation,15172,megawatthours,2026-02-22 12:00:00,15172.0
2026-02-22T12,CAL,California,TI,Total interchange,-8744,megawatthours,2026-02-22 12:00:00,-8744.0
2026-02-22T11,CAL,California,D,Demand,25667,megawatthours,2026-02-22 11:00:00,25667.0
2026-02-22T11,CAL,California,DF,Day-ahead demand forecast,24731,megawatthours,2026-02-22 11:00:00,24731.0
2026-02-22T11,CAL,California,NG,Net generation,15501,megawatthours,2026-02-22 11:00:00,15501.0
2026-02-22T11,CAL,California,TI,Total interchange,-8768,megawatthours,2026-02-22 11:00:00,-8768.0
2026-02-22T10,CAL,California,D,Demand,26129,megawatthours,2026-02-22 10:00:00,26129.0
2026-02-22T10,CAL,California,DF,Day-ahead demand forecast,25492,megawatthours,2026-02-22 10:00:00,25492.0
2026-02-22T10,CAL,California,NG,Net generation,16211,megawatthours,2026-02-22 10:00:00,16211.0
2026-02-22T10,CAL,California,TI,Total interchange,-8860,megawatthours,2026-02-22 10:00:00,-8860.0
2026-02-22T09,CAL,California,D,Demand,27036,megawatthours,2026-02-22 09:00:00,27036.0
2026-02-22T09,CAL,California,DF,Day-ahead demand forecast,26344,megawatthours,2026-02-22 09:00:00,26344.0
2026-02-22T09,CAL,California,NG,Net generation,17394,megawatthours,2026-02-22 09:00:00,17394.0
2026-02-22T09,CAL,California,TI,Total interchange,-8561,megawatthours,2026-02-22 09:00:00,-8561.0
2026-02-22T08,CAL,California,D,Demand,27428,megawatthours,2026-02-22 08:00:00,27428.0
2026-02-22T08,CAL,California,DF,Day-ahead demand forecast,26887,megawatthours,2026-02-22 08:00:00,26887.0
2026-02-22T08,CAL,California,NG,Net generation,18520,megawatthours,2026-02-22 08:00:00,18520.0
2026-02-22T08,CAL,California,TI,Total interchange,-7644,megawatthours,2026-02-22 08:00:00,-7644.0
2026-02-22T07,CAL,California,D,Demand,28607,megawatthours,2026-02-22 07:00:00,28607.0
2026-02-22T07,CAL,California,DF,Day-ahead demand forecast,28213,megawatthours,2026-02-22 07:00:00,28213.0
2026-02-22T07,CAL,California,NG,Net generation,19680,megawatthours,2026-02-22 07:00:00,19680.0
2026-02-22T07,CAL,California,TI,Total interchange,-7676,megawatthours,2026-02-22 07:00:00,-7676.0
2026-02-22T06,CAL,California,D,Demand,29538,megawatthours,2026-02-22 06:00:00,29538.0
2026-02-22T06,CAL,California,DF,Day-ahead demand forecast,29284,megawatthours,2026-02-22 06:00:00,29284.0
2026-02-22T06,CAL,California,NG,Net generation,21521,megawatthours,2026-02-22 06:00:00,21521.0
2026-02-22T06,CAL,California,TI,Total interchange,-6897,megawatthours,2026-02-22 06:00:00,-6897.0
2026-02-22T05,CAL,California,D,Demand,29922,megawatthours,2026-02-22 05:00:00,29922.0
2026-02-22T05,CAL,California,DF,Day-ahead demand forecast,29729,megawatthours,2026-02-22 05:00:00,29729.0
2026-02-22T05,CAL,California,NG,Net generation,21836,megawatthours,2026-02-22 05:00:00,21836.0
2026-02-22T05,CAL,California,TI,Total interchange,-6878,megawatthours,2026-02-22 05:00:00,-6878.0
2026-02-22T04,CAL,California,D,Demand,30342,megawatthours,2026-02-22 04:00:00,30342.0
2026-02-22T04,CAL,California,DF,Day-ahead demand forecast,30182,megawatthours,2026-02-22 04:00:00,30182.0
2026-02-22T04,CAL,California,NG,Net generation,21718,megawatthours,2026-02-22 04:00:00,21718.0
2026-02-22T04,CAL,California,TI,Total interchange,-7141,megawatthours,2026-02-22 04:00:00,-7141.0
2026-02-22T03,CAL,California,D,Demand,30396,megawatthours,2026-02-22 03:00:00,30396.0
2026-02-22T03,CAL,California,DF,Day-ahead demand forecast,30346,megawatthours,2026-02-22 03:00:00,30346.0
2026-02-22T03,CAL,California,NG,Net generation,21729,megawatthours,2026-02-22 03:00:00,21729.0
2026-02-22T03,CAL,California,TI,Total interchange,-7177,megawatthours,2026-02-22 03:00:00,-7177.0
2026-02-22T02,CAL,California,D,Demand,28667,megawatthours,2026-02-22 02:00:00,28667.0
2026-02-22T02,CAL,California,DF,Day-ahead demand forecast,28349,megawatthours,2026-02-22 02:00:00,28349.0
2026-02-22T02,CAL,California,NG,Net generation,20584,megawatthours,2026-02-22 02:00:00,20584.0
2026-02-22T02,CAL,California,TI,Total interchange,-6391,megawatthours,2026-02-22 02:00:00,-6391.0
2026-02-22T01,CAL,California,D,Demand,25913,megawatthours,2026-02-22 01:00:00,25913.0
2026-02-22T01,CAL,California,DF,Day-ahead demand forecast,24873,megawatthours,2026-02-22 01:00:00,24873.0
2026-02-22T01,CAL,California,NG,Net generation,20566,megawatthours,2026-02-22 01:00:00,20566.0
2026-02-22T01,CAL,California,TI,Total interchange,-2598,megawatthours,2026-02-22 01:00:00,-2598.0
2026-02-22T00,CAL,California,D,Demand,24790,megawatthours,2026-02-22 00:00:00,24790.0
2026-02-22T00,CAL,California,DF,Day-ahead demand forecast,21747,megawatthours,2026-02-22 00:00:00,21747.0
2026-02-22T00,CAL,California,NG,Net generation,18397,megawatthours,2026-02-22 00:00:00,18397.0
2026-02-22T00,CAL,California,TI,Total interchange,-1628,megawatthours,2026-02-22 00:00:00,-1628.0
2026-02-21T23,CAL,California,D,Demand,24560,megawatthours,2026-02-21 23:00:00,24560.0
2026-02-21T23,CAL,California,DF,Day-ahead demand forecast,19463,megawatthours,2026-02-21 23:00:00,19463.0
2026-02-21T23,CAL,California,NG,Net generation,17124,megawatthours,2026-02-21 23:00:00,17124.0
2026-02-21T23,CAL,California,TI,Total interchange,-780,megawatthours,2026-02-21 23:00:00,-780.0
2026-02-21T22,CAL,California,D,Demand,24979,megawatthours,2026-02-21 22:00:00,24979.0
2026-02-21T22,CAL,California,DF,Day-ahead demand forecast,18444,megawatthours,2026-02-21 22:00:00,18444.0
2026-02-21T22,CAL,California,NG,Net generation,16190,megawatthours,2026-02-21 22:00:00,16190.0
2026-02-21T22,CAL,California,TI,Total interchange,-721,megawatthours,2026-02-21 22:00:00,-721.0
2026-02-21T21,CAL,California,D,Demand,26213,megawatthours,2026-02-21 21:00:00,26213.0
2026-02-21T21,CAL,California,DF,Day-ahead demand forecast,18629,megawatthours,2026-02-21 21:00:00,18629.0
2026-02-21T21,CAL,California,NG,Net generation,16120,megawatthours,2026-02-21 21:00:00,16120.0
2026-02-21T21,CAL,California,TI,Total interchange,-501,megawatthours,2026-02-21 21:00:00,-501.0
2026-02-21T20,CAL,California,D,Demand,28039,megawatthours,2026-02-21 20:00:00,28039.0
2026-02-21T20,CAL,California,DF,Day-ahead demand forecast,19577,megawatthours,2026-02-21 20:00:00,19577.0
2026-02-21T20,CAL,California,NG,Net generation,17041,megawatthours,2026-02-21 20:00:00,17041.0
2026-02-21T20,CAL,California,TI,Total interchange,-361,megawatthours,2026-02-21 20:00:00,-361.0
2026-02-21T19,CAL,California,D,Demand,29357,megawatthours,2026-02-21 19:00:00,29357.0
2026-02-21T19,CAL,California,DF,Day-ahead demand forecast,21384,megawatthours,2026-02-21 19:00:00,21384.0
2026-02-21T19,CAL,California,NG,Net generation,18673,megawatthours,2026-02-21 19:00:00,18673.0
2026-02-21T19,CAL,California,TI,Total interchange,-495,megawatthours,2026-02-21 19:00:00,-495.0
2026-02-21T18,CAL,California,D,Demand,30506,megawatthours,2026-02-21 18:00:00,30506.0
2026-02-21T18,CAL,California,DF,Day-ahead demand forecast,23689,megawatthours,2026-02-21 18:00:00,23689.0
2026-02-21T18,CAL,California,NG,Net generation,19954,megawatthours,2026-02-21 18:00:00,19954.0
2026-02-21T18,CAL,California,TI,Total interchange,-1626,megawatthours,2026-02-21 18:00:00,-1626.0
2026-02-21T17,CAL,California,D,Demand,31186,megawatthours,2026-02-21 17:00:00,31186.0
2026-02-21T17,CAL,California,DF,Day-ahead demand forecast,26236,megawatthours,2026-02-21 17:00:00,26236.0
2026-02-21T17,CAL,California,NG,Net generation,21618,megawatthours,2026-02-21 17:00:00,21618.0
2026-02-21T17,CAL,California,TI,Total interchange,-2785,megawatthours,2026-02-21 17:00:00,-2785.0
2026-02-21T16,CAL,California,D,Demand,29964,megawatthours,2026-02-21 16:00:00,29964.0
2026-02-21T16,CAL,California,DF,Day-ahead demand forecast,28156,megawatthours,2026-02-21 16:00:00,28156.0
2026-02-21T16,CAL,California,NG,Net generation,20959,megawatthours,2026-02-21 16:00:00,20959.0
2026-02-21T16,CAL,California,TI,Total interchange,-6129,megawatthours,2026-02-21 16:00:00,-6129.0
2026-02-21T15,CAL,California,D,Demand,29090,megawatthours,2026-02-21 15:00:00,29090.0
2026-02-21T15,CAL,California,DF,Day-ahead demand forecast,28311,megawatthours,2026-02-21 15:00:00,28311.0
2026-02-21T15,CAL,California,NG,Net generation,21124,megawatthours,2026-02-21 15:00:00,21124.0
2026-02-21T15,CAL,California,TI,Total interchange,-6975,megawatthours,2026-02-21 15:00:00,-6975.0
2026-02-21T14,CAL,California,D,Demand,28196,megawatthours,2026-02-21 14:00:00,28196.0
2026-02-21T14,CAL,California,DF,Day-ahead demand forecast,27025,megawatthours,2026-02-21 14:00:00,27025.0
2026-02-21T14,CAL,California,NG,Net generation,18749,megawatthours,2026-02-21 14:00:00,18749.0
2026-02-21T14,CAL,California,TI,Total interchange,-8533,megawatthours,2026-02-21 14:00:00,-8533.0
2026-02-21T13,CAL,California,D,Demand,27637,megawatthours,2026-02-21 13:00:00,27637.0
2026-02-21T13,CAL,California,DF,Day-ahead demand forecast,25953,megawatthours,2026-02-21 13:00:00,25953.0
2026-02-21T13,CAL,California,NG,Net generation,17162,megawatthours,2026-02-21 13:00:00,17162.0
2026-02-21T13,CAL,California,TI,Total interchange,-9541,megawatthours,2026-02-21 13:00:00,-9541.0
2026-02-21T12,CAL,California,D,Demand,27685,megawatthours,2026-02-21 12:00:00,27685.0
2026-02-21T12,CAL,California,DF,Day-ahead demand forecast,25845,megawatthours,2026-02-21 12:00:00,25845.0
2026-02-21T12,CAL,California,NG,Net generation,17003,megawatthours,2026-02-21 12:00:00,17003.0
2026-02-21T12,CAL,California,TI,Total interchange,-9684,megawatthours,2026-02-21 12:00:00,-9684.0
2026-02-21T11,CAL,California,D,Demand,27860,megawatthours,2026-02-21 11:00:00,27860.0
2026-02-21T11,CAL,California,DF,Day-ahead demand forecast,26245,megawatthours,2026-02-21 11:00:00,26245.0
2026-02-21T11,CAL,California,NG,Net generation,17597,megawatthours,2026-02-21 11:00:00,17597.0
2026-02-21T11,CAL,California,TI,Total interchange,-9493,megawatthours,2026-02-21 11:00:00,-9493.0
2026-02-21T10,CAL,California,D,Demand,28618,megawatthours,2026-02-21 10:00:00,28618.0
2026-02-21T10,CAL,California,DF,Day-ahead demand forecast,27085,megawatthours,2026-02-21 10:00:00,27085.0
2026-02-21T10,CAL,California,NG,Net generation,18236,megawatthours,2026-02-21 10:00:00,18236.0
2026-02-21T10,CAL,California,TI,Total interchange,-9608,megawatthours,2026-02-21 10:00:00,-9608.0
2026-02-21T09,CAL,California,D,Demand,29615,megawatthours,2026-02-21 09:00:00,29615.0
2026-02-21T09,CAL,California,DF,Day-ahead demand forecast,28071,megawatthours,2026-02-21 09:00:00,28071.0
2026-02-21T09,CAL,California,NG,Net generation,19308,megawatthours,2026-02-21 09:00:00,19308.0
2026-02-21T09,CAL,California,TI,Total interchange,-9529,megawatthours,2026-02-21 09:00:00,-9529.0
2026-02-21T08,CAL,California,D,Demand,29837,megawatthours,2026-02-21 08:00:00,29837.0
2026-02-21T08,CAL,California,DF,Day-ahead demand forecast,28932,megawatthours,2026-02-21 08:00:00,28932.0
2026-02-21T08,CAL,California,NG,Net generation,21294,megawatthours,2026-02-21 08:00:00,21294.0
2026-02-21T08,CAL,California,TI,Total interchange,-8028,megawatthours,2026-02-21 08:00:00,-8028.0
2026-02-21T07,CAL,California,D,Demand,31290,megawatthours,2026-02-21 07:00:00,31290.0
2026-02-21T07,CAL,California,DF,Day-ahead demand forecast,30453,megawatthours,2026-02-21 07:00:00,30453.0
2026-02-21T07,CAL,California,NG,Net generation,22951,megawatthours,2026-02-21 07:00:00,22951.0
2026-02-21T07,CAL,California,TI,Total interchange,-7912,megawatthours,2026-02-21 07:00:00,-7912.0
2026-02-21T06,CAL,California,D,Demand,32523,megawatthours,2026-02-21 06:00:00,32523.0
2026-02-21T06,CAL,California,DF,Day-ahead demand forecast,31683,megawatthours,2026-02-21 06:00:00,31683.0
2026-02-21T06,CAL,California,NG,Net generation,25470,megawatthours,2026-02-21 06:00:00,25470.0
2026-02-21T06,CAL,California,TI,Total interchange,-6458,megawatthours,2026-02-21 06:00:00,-6458.0
2026-02-21T05,CAL,California,D,Demand,32756,megawatthours,2026-02-21 05:00:00,32756.0
2026-02-21T05,CAL,California,DF,Day-ahead demand forecast,32252,megawatthours,2026-02-21 05:00:00,32252.0
2026-02-21T05,CAL,California,NG,Net generation,25519,megawatthours,2026-02-21 05:00:00,25519.0
2026-02-21T05,CAL,California,TI,Total interchange,-6543,megawatthours,2026-02-21 05:00:00,-6543.0
2026-02-21T04,CAL,California,D,Demand,33184,megawatthours,2026-02-21 04:00:00,33184.0
2026-02-21T04,CAL,California,DF,Day-ahead demand forecast,32689,megawatthours,2026-02-21 04:00:00,32689.0
2026-02-21T04,CAL,California,NG,Net generation,25837,megawatthours,2026-02-21 04:00:00,25837.0
2026-02-21T04,CAL,California,TI,Total interchange,-6400,megawatthours,2026-02-21 04:00:00,-6400.0
2026-02-21T03,CAL,California,D,Demand,33157,megawatthours,2026-02-21 03:00:00,33157.0
2026-02-21T03,CAL,California,DF,Day-ahead demand forecast,32924,megawatthours,2026-02-21 03:00:00,32924.0
2026-02-21T03,CAL,California,NG,Net generation,25806,megawatthours,2026-02-21 03:00:00,25806.0
2026-02-21T03,CAL,California,TI,Total interchange,-6421,megawatthours,2026-02-21 03:00:00,-6421.0
2026-02-21T02,CAL,California,D,Demand,31384,megawatthours,2026-02-21 02:00:00,31384.0
2026-02-21T02,CAL,California,DF,Day-ahead demand forecast,31402,megawatthours,2026-02-21 02:00:00,31402.0
2026-02-21T02,CAL,California,NG,Net generation,24302,megawatthours,2026-02-21 02:00:00,24302.0
2026-02-21T02,CAL,California,TI,Total interchange,-6225,megawatthours,2026-02-21 02:00:00,-6225.0
2026-02-21T01,CAL,California,D,Demand,29128,megawatthours,2026-02-21 01:00:00,29128.0
2026-02-21T01,CAL,California,DF,Day-ahead demand forecast,28120,megawatthours,2026-02-21 01:00:00,28120.0
2026-02-21T01,CAL,California,NG,Net generation,22862,megawatthours,2026-02-21 01:00:00,22862.0
2026-02-21T01,CAL,California,TI,Total interchange,-4569,megawatthours,2026-02-21 01:00:00,-4569.0
2026-02-21T00,CAL,California,D,Demand,31113,megawatthours,2026-02-21 00:00:00,31113.0
2026-02-21T00,CAL,California,DF,Day-ahead demand forecast,25852,megawatthours,2026-02-21 00:00:00,25852.0
2026-02-21T00,CAL,California,NG,Net generation,20548,megawatthours,2026-02-21 00:00:00,20548.0
2026-02-21T00,CAL,California,TI,Total interchange,-4534,megawatthours,2026-02-21 00:00:00,-4534.0
2026-02-20T23,CAL,California,D,Demand,32005,megawatthours,2026-02-20 23:00:00,32005.0
2026-02-20T23,CAL,California,DF,Day-ahead demand forecast,24311,megawatthours,2026-02-20 23:00:00,24311.0
2026-02-20T23,CAL,California,NG,Net generation,18914,megawatthours,2026-02-20 23:00:00,18914.0
2026-02-20T23,CAL,California,TI,Total interchange,-4656,megawatthours,2026-02-20 23:00:00,-4656.0
2026-02-20T22,CAL,California,D,Demand,32233,megawatthours,2026-02-20 22:00:00,32233.0
2026-02-20T22,CAL,California,DF,Day-ahead demand forecast,23682,megawatthours,2026-02-20 22:00:00,23682.0
2026-02-20T22,CAL,California,NG,Net generation,18881,megawatthours,2026-02-20 22:00:00,18881.0
2026-02-20T22,CAL,California,TI,Total interchange,-4014,megawatthours,2026-02-20 22:00:00,-4014.0
2026-02-20T21,CAL,California,D,Demand,31918,megawatthours,2026-02-20 21:00:00,31918.0
2026-02-20T21,CAL,California,DF,Day-ahead demand forecast,23568,megawatthours,2026-02-20 21:00:00,23568.0
2026-02-20T21,CAL,California,NG,Net generation,19441,megawatthours,2026-02-20 21:00:00,19441.0
2026-02-20T21,CAL,California,TI,Total interchange,-4170,megawatthours,2026-02-20 21:00:00,-4170.0
2026-02-20T20,CAL,California,D,Demand,33096,megawatthours,2026-02-20 20:00:00,33096.0
2026-02-20T20,CAL,California,DF,Day-ahead demand forecast,24241,megawatthours,2026-02-20 20:00:00,24241.0
2026-02-20T20,CAL,California,NG,Net generation,21588,megawatthours,2026-02-20 20:00:00,21588.0
2026-02-20T20,CAL,California,TI,Total interchange,-3943,megawatthours,2026-02-20 20:00:00,-3943.0
2026-02-20T19,CAL,California,D,Demand,33816,megawatthours,2026-02-20 19:00:00,33816.0
2026-02-20T19,CAL,California,DF,Day-ahead demand forecast,26021,megawatthours,2026-02-20 19:00:00,26021.0
2026-02-20T19,CAL,California,NG,Net generation,23866,megawatthours,2026-02-20 19:00:00,23866.0
2026-02-20T19,CAL,California,TI,Total interchange,-3264,megawatthours,2026-02-20 19:00:00,-3264.0
2026-02-20T18,CAL,California,D,Demand,33810,megawatthours,2026-02-20 18:00:00,33810.0
2026-02-20T18,CAL,California,DF,Day-ahead demand forecast,28549,megawatthours,2026-02-20 18:00:00,28549.0
2026-02-20T18,CAL,California,NG,Net generation,24487,megawatthours,2026-02-20 18:00:00,24487.0
2026-02-20T18,CAL,California,TI,Total interchange,-4077,megawatthours,2026-02-20 18:00:00,-4077.0
2026-02-20T17,CAL,California,D,Demand,34655,megawatthours,2026-02-20 17:00:00,34655.0
2026-02-20T17,CAL,California,DF,Day-ahead demand forecast,31175,megawatthours,2026-02-20 17:00:00,31175.0
2026-02-20T17,CAL,California,NG,Net generation,25651,megawatthours,2026-02-20 17:00:00,25651.0
2026-02-20T17,CAL,California,TI,Total interchange,-5454,megawatthours,2026-02-20 17:00:00,-5454.0
2026-02-20T16,CAL,California,D,Demand,33987,megawatthours,2026-02-20 16:00:00,33987.0
2026-02-20T16,CAL,California,DF,Day-ahead demand forecast,32671,megawatthours,2026-02-20 16:00:00,32671.0
2026-02-20T16,CAL,California,NG,Net generation,26764,megawatthours,2026-02-20 16:00:00,26764.0
2026-02-20T16,CAL,California,TI,Total interchange,-5775,megawatthours,2026-02-20 16:00:00,-5775.0
2026-02-20T15,CAL,California,D,Demand,32430,megawatthours,2026-02-20 15:00:00,32430.0
2026-02-20T15,CAL,California,DF,Day-ahead demand forecast,31539,megawatthours,2026-02-20 15:00:00,31539.0
2026-02-20T15,CAL,California,NG,Net generation,26058,megawatthours,2026-02-20 15:00:00,26058.0
2026-02-20T15,CAL,California,TI,Total interchange,-5633,megawatthours,2026-02-20 15:00:00,-5633.0
2026-02-20T14,CAL,California,D,Demand,30153,megawatthours,2026-02-20 14:00:00,30153.0
2026-02-20T14,CAL,California,DF,Day-ahead demand forecast,28729,megawatthours,2026-02-20 14:00:00,28729.0
2026-02-20T14,CAL,California,NG,Net generation,22223,megawatthours,2026-02-20 14:00:00,22223.0
2026-02-20T14,CAL,California,TI,Total interchange,-6976,megawatthours,2026-02-20 14:00:00,-6976.0
2026-02-20T13,CAL,California,D,Demand,28049,megawatthours,2026-02-20 13:00:00,28049.0
2026-02-20T13,CAL,California,DF,Day-ahead demand forecast,26879,megawatthours,2026-02-20 13:00:00,26879.0
2026-02-20T13,CAL,California,NG,Net generation,20266,megawatthours,2026-02-20 13:00:00,20266.0
2026-02-20T13,CAL,California,TI,Total interchange,-6943,megawatthours,2026-02-20 13:00:00,-6943.0
2026-02-20T12,CAL,California,D,Demand,28003,megawatthours,2026-02-20 12:00:00,28003.0
2026-02-20T12,CAL,California,DF,Day-ahead demand forecast,26239,megawatthours,2026-02-20 12:00:00,26239.0
2026-02-20T12,CAL,California,NG,Net generation,19503,megawatthours,2026-02-20 12:00:00,19503.0
2026-02-20T12,CAL,California,TI,Total interchange,-7069,megawatthours,2026-02-20 12:00:00,-7069.0
2026-02-20T11,CAL,California,D,Demand,27961,megawatthours,2026-02-20 11:00:00,27961.0
2026-02-20T11,CAL,California,DF,Day-ahead demand forecast,26459,megawatthours,2026-02-20 11:00:00,26459.0
2026-02-20T11,CAL,California,NG,Net generation,19484,megawatthours,2026-02-20 11:00:00,19484.0
2026-02-20T11,CAL,California,TI,Total interchange,-7334,megawatthours,2026-02-20 11:00:00,-7334.0
2026-02-20T10,CAL,California,D,Demand,28035,megawatthours,2026-02-20 10:00:00,28035.0
2026-02-20T10,CAL,California,DF,Day-ahead demand forecast,27205,megawatthours,2026-02-20 10:00:00,27205.0
2026-02-20T10,CAL,California,NG,Net generation,20094,megawatthours,2026-02-20 10:00:00,20094.0
2026-02-20T10,CAL,California,TI,Total interchange,-7307,megawatthours,2026-02-20 10:00:00,-7307.0
2026-02-20T09,CAL,California,D,Demand,29207,megawatthours,2026-02-20 09:00:00,29207.0
2026-02-20T09,CAL,California,DF,Day-ahead demand forecast,28137,megawatthours,2026-02-20 09:00:00,28137.0
2026-02-20T09,CAL,California,NG,Net generation,20996,megawatthours,2026-02-20 09:00:00,20996.0
2026-02-20T09,CAL,California,TI,Total interchange,-7372,megawatthours,2026-02-20 09:00:00,-7372.0
2026-02-20T08,CAL,California,D,Demand,29696,megawatthours,2026-02-20 08:00:00,29696.0
2026-02-20T08,CAL,California,DF,Day-ahead demand forecast,29658,megawatthours,2026-02-20 08:00:00,29658.0
2026-02-20T08,CAL,California,NG,Net generation,22579,megawatthours,2026-02-20 08:00:00,22579.0
2026-02-20T08,CAL,California,TI,Total interchange,-6585,megawatthours,2026-02-20 08:00:00,-6585.0
2026-02-20T07,CAL,California,D,Demand,31467,megawatthours,2026-02-20 07:00:00,31467.0
2026-02-20T07,CAL,California,DF,Day-ahead demand forecast,31387,megawatthours,2026-02-20 07:00:00,31387.0
2026-02-20T07,CAL,California,NG,Net generation,24201,megawatthours,2026-02-20 07:00:00,24201.0
2026-02-20T07,CAL,California,TI,Total interchange,-6620,megawatthours,2026-02-20 07:00:00,-6620.0
2026-02-20T06,CAL,California,D,Demand,33278,megawatthours,2026-02-20 06:00:00,33278.0
2026-02-20T06,CAL,California,DF,Day-ahead demand forecast,33112,megawatthours,2026-02-20 06:00:00,33112.0
2026-02-20T06,CAL,California,NG,Net generation,27307,megawatthours,2026-02-20 06:00:00,27307.0
2026-02-20T06,CAL,California,TI,Total interchange,-5298,megawatthours,2026-02-20 06:00:00,-5298.0
2026-02-20T05,CAL,California,D,Demand,33860,megawatthours,2026-02-20 05:00:00,33860.0
2026-02-20T05,CAL,California,DF,Day-ahead demand forecast,33956,megawatthours,2026-02-20 05:00:00,33956.0
2026-02-20T05,CAL,California,NG,Net generation,28189,megawatthours,2026-02-20 05:00:00,28189.0
2026-02-20T05,CAL,California,TI,Total interchange,-4915,megawatthours,2026-02-20 05:00:00,-4915.0
2026-02-20T04,CAL,California,D,Demand,34462,megawatthours,2026-02-20 04:00:00,34462.0
2026-02-20T04,CAL,California,DF,Day-ahead demand forecast,34604,megawatthours,2026-02-20 04:00:00,34604.0
2026-02-20T04,CAL,California,NG,Net generation,28903,megawatthours,2026-02-20 04:00:00,28903.0
2026-02-20T04,CAL,California,TI,Total interchange,-4930,megawatthours,2026-02-20 04:00:00,-4930.0
2026-02-20T03,CAL,California,D,Demand,34870,megawatthours,2026-02-20 03:00:00,34870.0
2026-02-20T03,CAL,California,DF,Day-ahead demand forecast,34801,megawatthours,2026-02-20 03:00:00,34801.0
2026-02-20T03,CAL,California,NG,Net generation,29003,megawatthours,2026-02-20 03:00:00,29003.0
2026-02-20T03,CAL,California,TI,Total interchange,-5112,megawatthours,2026-02-20 03:00:00,-5112.0
2026-02-20T02,CAL,California,D,Demand,33324,megawatthours,2026-02-20 02:00:00,33324.0
2026-02-20T02,CAL,California,DF,Day-ahead demand forecast,33509,megawatthours,2026-02-20 02:00:00,33509.0
2026-02-20T02,CAL,California,NG,Net generation,26938,megawatthours,2026-02-20 02:00:00,26938.0
2026-02-20T02,CAL,California,TI,Total interchange,-5124,megawatthours,2026-02-20 02:00:00,-5124.0
2026-02-20T01,CAL,California,D,Demand,31736,megawatthours,2026-02-20 01:00:00,31736.0
2026-02-20T01,CAL,California,DF,Day-ahead demand forecast,30932,megawatthours,2026-02-20 01:00:00,30932.0
2026-02-20T01,CAL,California,NG,Net generation,25011,megawatthours,2026-02-20 01:00:00,25011.0
2026-02-20T01,CAL,California,TI,Total interchange,-4185,megawatthours,2026-02-20 01:00:00,-4185.0
2026-02-20T00,CAL,California,D,Demand,32426,megawatthours,2026-02-20 00:00:00,32426.0
2026-02-20T00,CAL,California,DF,Day-ahead demand forecast,29466,megawatthours,2026-02-20 00:00:00,29466.0
2026-02-20T00,CAL,California,NG,Net generation,23467,megawatthours,2026-02-20 00:00:00,23467.0
2026-02-20T00,CAL,California,TI,Total interchange,-4000,megawatthours,2026-02-20 00:00:00,-4000.0
2026-02-19T23,CAL,California,D,Demand,32933,megawatthours,2026-02-19 23:00:00,32933.0
2026-02-19T23,CAL,California,DF,Day-ahead demand forecast,28789,megawatthours,2026-02-19 23:00:00,28789.0
2026-02-19T23,CAL,California,NG,Net generation,22059,megawatthours,2026-02-19 23:00:00,22059.0
2026-02-19T23,CAL,California,TI,Total interchange,-4986,megawatthours,2026-02-19 23:00:00,-4986.0
2026-02-19T22,CAL,California,D,Demand,33157,megawatthours,2026-02-19 22:00:00,33157.0
2026-02-19T22,CAL,California,DF,Day-ahead demand forecast,28792,megawatthours,2026-02-19 22:00:00,28792.0
2026-02-19T22,CAL,California,NG,Net generation,23325,megawatthours,2026-02-19 22:00:00,23325.0
2026-02-19T22,CAL,California,TI,Total interchange,-4150,megawatthours,2026-02-19 22:00:00,-4150.0
2026-02-19T21,CAL,California,D,Demand,33732,megawatthours,2026-02-19 21:00:00,33732.0
2026-02-19T21,CAL,California,DF,Day-ahead demand forecast,29389,megawatthours,2026-02-19 21:00:00,29389.0
2026-02-19T21,CAL,California,NG,Net generation,24008,megawatthours,2026-02-19 21:00:00,24008.0
2026-02-19T21,CAL,California,TI,Total interchange,-3850,megawatthours,2026-02-19 21:00:00,-3850.0
2026-02-19T20,CAL,California,D,Demand,35349,megawatthours,2026-02-19 20:00:00,35349.0
2026-02-19T20,CAL,California,DF,Day-ahead demand forecast,30332,megawatthours,2026-02-19 20:00:00,30332.0
2026-02-19T20,CAL,California,NG,Net generation,24702,megawatthours,2026-02-19 20:00:00,24702.0
2026-02-19T20,CAL,California,TI,Total interchange,-4515,megawatthours,2026-02-19 20:00:00,-4515.0
2026-02-19T19,CAL,California,D,Demand,35582,megawatthours,2026-02-19 19:00:00,35582.0
2026-02-19T19,CAL,California,DF,Day-ahead demand forecast,31535,megawatthours,2026-02-19 19:00:00,31535.0
2026-02-19T19,CAL,California,NG,Net generation,25334,megawatthours,2026-02-19 19:00:00,25334.0
2026-02-19T19,CAL,California,TI,Total interchange,-4426,megawatthours,2026-02-19 19:00:00,-4426.0
2026-02-19T18,CAL,California,D,Demand,36454,megawatthours,2026-02-19 18:00:00,36454.0
2026-02-19T18,CAL,California,DF,Day-ahead demand forecast,32686,megawatthours,2026-02-19 18:00:00,32686.0
2026-02-19T18,CAL,California,NG,Net generation,25678,megawatthours,2026-02-19 18:00:00,25678.0
2026-02-19T18,CAL,California,TI,Total interchange,-4685,megawatthours,2026-02-19 18:00:00,-4685.0
2026-02-19T17,CAL,California,D,Demand,36259,megawatthours,2026-02-19 17:00:00,36259.0
2026-02-19T17,CAL,California,DF,Day-ahead demand forecast,33460,megawatthours,2026-02-19 17:00:00,33460.0
2026-02-19T17,CAL,California,NG,Net generation,25663,megawatthours,2026-02-19 17:00:00,25663.0
2026-02-19T17,CAL,California,TI,Total interchange,-5722,megawatthours,2026-02-19 17:00:00,-5722.0
2026-02-19T16,CAL,California,D,Demand,33748,megawatthours,2026-02-19 16:00:00,33748.0
2026-02-19T16,CAL,California,DF,Day-ahead demand forecast,33409,megawatthours,2026-02-19 16:00:00,33409.0
2026-02-19T16,CAL,California,NG,Net generation,25458,megawatthours,2026-02-19 16:00:00,25458.0
2026-02-19T16,CAL,California,TI,Total interchange,-6145,megawatthours,2026-02-19 16:00:00,-6145.0
2026-02-19T15,CAL,California,D,Demand,30933,megawatthours,2026-02-19 15:00:00,30933.0
2026-02-19T15,CAL,California,DF,Day-ahead demand forecast,31569,megawatthours,2026-02-19 15:00:00,31569.0
2026-02-19T15,CAL,California,NG,Net generation,23829,megawatthours,2026-02-19 15:00:00,23829.0
2026-02-19T15,CAL,California,TI,Total interchange,-5903,megawatthours,2026-02-19 15:00:00,-5903.0
2026-02-19T14,CAL,California,D,Demand,28633,megawatthours,2026-02-19 14:00:00,28633.0
2026-02-19T14,CAL,California,DF,Day-ahead demand forecast,28741,megawatthours,2026-02-19 14:00:00,28741.0
2026-02-19T14,CAL,California,NG,Net generation,20461,megawatthours,2026-02-19 14:00:00,20461.0
2026-02-19T14,CAL,California,TI,Total interchange,-6958,megawatthours,2026-02-19 14:00:00,-6958.0
2026-02-19T13,CAL,California,D,Demand,27169,megawatthours,2026-02-19 13:00:00,27169.0
2026-02-19T13,CAL,California,DF,Day-ahead demand forecast,26920,megawatthours,2026-02-19 13:00:00,26920.0
2026-02-19T13,CAL,California,NG,Net generation,18265,megawatthours,2026-02-19 13:00:00,18265.0
2026-02-19T13,CAL,California,TI,Total interchange,-7529,megawatthours,2026-02-19 13:00:00,-7529.0
2026-02-19T12,CAL,California,D,Demand,26876,megawatthours,2026-02-19 12:00:00,26876.0
2026-02-19T12,CAL,California,DF,Day-ahead demand forecast,26282,megawatthours,2026-02-19 12:00:00,26282.0
2026-02-19T12,CAL,California,NG,Net generation,17384,megawatthours,2026-02-19 12:00:00,17384.0
2026-02-19T12,CAL,California,TI,Total interchange,-7846,megawatthours,2026-02-19 12:00:00,-7846.0
2026-02-19T11,CAL,California,D,Demand,26999,megawatthours,2026-02-19 11:00:00,26999.0
2026-02-19T11,CAL,California,DF,Day-ahead demand forecast,26528,megawatthours,2026-02-19 11:00:00,26528.0
2026-02-19T11,CAL,California,NG,Net generation,17355,megawatthours,2026-02-19 11:00:00,17355.0
2026-02-19T11,CAL,California,TI,Total interchange,-8061,megawatthours,2026-02-19 11:00:00,-8061.0
2026-02-19T10,CAL,California,D,Demand,27251,megawatthours,2026-02-19 10:00:00,27251.0
2026-02-19T10,CAL,California,DF,Day-ahead demand forecast,27277,megawatthours,2026-02-19 10:00:00,27277.0
2026-02-19T10,CAL,California,NG,Net generation,17978,megawatthours,2026-02-19 10:00:00,17978.0
2026-02-19T10,CAL,California,TI,Total interchange,-8140,megawatthours,2026-02-19 10:00:00,-8140.0
2026-02-19T09,CAL,California,D,Demand,29314,megawatthours,2026-02-19 09:00:00,29314.0
2026-02-19T09,CAL,California,DF,Day-ahead demand forecast,28269,megawatthours,2026-02-19 09:00:00,28269.0
2026-02-19T09,CAL,California,NG,Net generation,18439,megawatthours,2026-02-19 09:00:00,18439.0
2026-02-19T09,CAL,California,TI,Total interchange,-8852,megawatthours,2026-02-19 09:00:00,-8852.0
2026-02-19T08,CAL,California,D,Demand,29226,megawatthours,2026-02-19 08:00:00,29226.0
2026-02-19T08,CAL,California,DF,Day-ahead demand forecast,28728,megawatthours,2026-02-19 08:00:00,28728.0
2026-02-19T08,CAL,California,NG,Net generation,19469,megawatthours,2026-02-19 08:00:00,19469.0
2026-02-19T08,CAL,California,TI,Total interchange,-8609,megawatthours,2026-02-19 08:00:00,-8609.0
2026-02-19T07,CAL,California,D,Demand,30759,megawatthours,2026-02-19 07:00:00,30759.0
2026-02-19T07,CAL,California,DF,Day-ahead demand forecast,30572,megawatthours,2026-02-19 07:00:00,30572.0
2026-02-19T07,CAL,California,NG,Net generation,21062,megawatthours,2026-02-19 07:00:00,21062.0
2026-02-19T07,CAL,California,TI,Total interchange,-8864,megawatthours,2026-02-19 07:00:00,-8864.0
2026-02-19T06,CAL,California,D,Demand,32412,megawatthours,2026-02-19 06:00:00,32412.0
2026-02-19T06,CAL,California,DF,Day-ahead demand forecast,32430,megawatthours,2026-02-19 06:00:00,32430.0
2026-02-19T06,CAL,California,NG,Net generation,24397,megawatthours,2026-02-19 06:00:00,24397.0
2026-02-19T06,CAL,California,TI,Total interchange,-7127,megawatthours,2026-02-19 06:00:00,-7127.0
2026-02-19T05,CAL,California,D,Demand,33140,megawatthours,2026-02-19 05:00:00,33140.0
2026-02-19T05,CAL,California,DF,Day-ahead demand forecast,33301,megawatthours,2026-02-19 05:00:00,33301.0
2026-02-19T05,CAL,California,NG,Net generation,25645,megawatthours,2026-02-19 05:00:00,25645.0
2026-02-19T05,CAL,California,TI,Total interchange,-6817,megawatthours,2026-02-19 05:00:00,-6817.0
2026-02-19T04,CAL,California,D,Demand,33693,megawatthours,2026-02-19 04:00:00,33693.0
2026-02-19T04,CAL,California,DF,Day-ahead demand forecast,33873,megawatthours,2026-02-19 04:00:00,33873.0
2026-02-19T04,CAL,California,NG,Net generation,26045,megawatthours,2026-02-19 04:00:00,26045.0
2026-02-19T04,CAL,California,TI,Total interchange,-6959,megawatthours,2026-02-19 04:00:00,-6959.0
2026-02-19T03,CAL,California,D,Demand,34164,megawatthours,2026-02-19 03:00:00,34164.0
2026-02-19T03,CAL,California,DF,Day-ahead demand forecast,34094,megawatthours,2026-02-19 03:00:00,34094.0
2026-02-19T03,CAL,California,NG,Net generation,26138,megawatthours,2026-02-19 03:00:00,26138.0
2026-02-19T03,CAL,California,TI,Total interchange,-6932,megawatthours,2026-02-19 03:00:00,-6932.0
2026-02-19T02,CAL,California,D,Demand,32646,megawatthours,2026-02-19 02:00:00,32646.0
2026-02-19T02,CAL,California,DF,Day-ahead demand forecast,32389,megawatthours,2026-02-19 02:00:00,32389.0
2026-02-19T02,CAL,California,NG,Net generation,24739,megawatthours,2026-02-19 02:00:00,24739.0
2026-02-19T02,CAL,California,TI,Total interchange,-6638,megawatthours,2026-02-19 02:00:00,-6638.0
2026-02-19T01,CAL,California,D,Demand,30225,megawatthours,2026-02-19 01:00:00,30225.0
2026-02-19T01,CAL,California,DF,Day-ahead demand forecast,29744,megawatthours,2026-02-19 01:00:00,29744.0
2026-02-19T01,CAL,California,NG,Net generation,22900,megawatthours,2026-02-19 01:00:00,22900.0
2026-02-19T01,CAL,California,TI,Total interchange,-5295,megawatthours,2026-02-19 01:00:00,-5295.0
2026-02-19T00,CAL,California,D,Demand,30249,megawatthours,2026-02-19 00:00:00,30249.0
2026-02-19T00,CAL,California,DF,Day-ahead demand forecast,27959,megawatthours,2026-02-19 00:00:00,27959.0
2026-02-19T00,CAL,California,NG,Net generation,22814,megawatthours,2026-02-19 00:00:00,22814.0
2026-02-19T00,CAL,California,TI,Total interchange,-2265,megawatthours,2026-02-19 00:00:00,-2265.0
2026-02-18T23,CAL,California,D,Demand,31475,megawatthours,2026-02-18 23:00:00,31475.0
2026-02-18T23,CAL,California,DF,Day-ahead demand forecast,26576,megawatthours,2026-02-18 23:00:00,26576.0
2026-02-18T23,CAL,California,NG,Net generation,21522,megawatthours,2026-02-18 23:00:00,21522.0
2026-02-18T23,CAL,California,TI,Total interchange,-2189,megawatthours,2026-02-18 23:00:00,-2189.0
2026-02-18T22,CAL,California,D,Demand,33053,megawatthours,2026-02-18 22:00:00,33053.0
2026-02-18T22,CAL,California,DF,Day-ahead demand forecast,26056,megawatthours,2026-02-18 22:00:00,26056.0
2026-02-18T22,CAL,California,NG,Net generation,20203,megawatthours,2026-02-18 22:00:00,20203.0
2026-02-18T22,CAL,California,TI,Total interchange,-3060,megawatthours,2026-02-18 22:00:00,-3060.0
2026-02-18T21,CAL,California,D,Demand,33341,megawatthours,2026-02-18 21:00:00,33341.0
2026-02-18T21,CAL,California,DF,Day-ahead demand forecast,26032,megawatthours,2026-02-18 21:00:00,26032.0
2026-02-18T21,CAL,California,NG,Net generation,20590,megawatthours,2026-02-18 21:00:00,20590.0
2026-02-18T21,CAL,California,TI,Total interchange,-3660,megawatthours,2026-02-18 21:00:00,-3660.0
2026-02-18T20,CAL,California,D,Demand,32657,megawatthours,2026-02-18 20:00:00,32657.0
2026-02-18T20,CAL,California,DF,Day-ahead demand forecast,26741,megawatthours,2026-02-18 20:00:00,26741.0
2026-02-18T20,CAL,California,NG,Net generation,19647,megawatthours,2026-02-18 20:00:00,19647.0
2026-02-18T20,CAL,California,TI,Total interchange,-4304,megawatthours,2026-02-18 20:00:00,-4304.0
2026-02-18T19,CAL,California,D,Demand,33084,megawatthours,2026-02-18 19:00:00,33084.0
2026-02-18T19,CAL,California,DF,Day-ahead demand forecast,27994,megawatthours,2026-02-18 19:00:00,27994.0
2026-02-18T19,CAL,California,NG,Net generation,20851,megawatthours,2026-02-18 19:00:00,20851.0
2026-02-18T19,CAL,California,TI,Total interchange,-4421,megawatthours,2026-02-18 19:00:00,-4421.0
2026-02-18T18,CAL,California,D,Demand,33139,megawatthours,2026-02-18 18:00:00,33139.0
2026-02-18T18,CAL,California,DF,Day-ahead demand forecast,29664,megawatthours,2026-02-18 18:00:00,29664.0
2026-02-18T18,CAL,California,NG,Net generation,22814,megawatthours,2026-02-18 18:00:00,22814.0
2026-02-18T18,CAL,California,TI,Total interchange,-4211,megawatthours,2026-02-18 18:00:00,-4211.0
2026-02-18T17,CAL,California,D,Demand,32572,megawatthours,2026-02-18 17:00:00,32572.0
2026-02-18T17,CAL,California,DF,Day-ahead demand forecast,31391,megawatthours,2026-02-18 17:00:00,31391.0
2026-02-18T17,CAL,California,NG,Net generation,24065,megawatthours,2026-02-18 17:00:00,24065.0
2026-02-18T17,CAL,California,TI,Total interchange,-5114,megawatthours,2026-02-18 17:00:00,-5114.0
2026-02-18T16,CAL,California,D,Demand,32308,megawatthours,2026-02-18 16:00:00,32308.0
2026-02-18T16,CAL,California,DF,Day-ahead demand forecast,32324,megawatthours,2026-02-18 16:00:00,32324.0
2026-02-18T16,CAL,California,NG,Net generation,23648,megawatthours,2026-02-18 16:00:00,23648.0
2026-02-18T16,CAL,California,TI,Total interchange,-7176,megawatthours,2026-02-18 16:00:00,-7176.0
2026-02-18T15,CAL,California,D,Demand,31161,megawatthours,2026-02-18 15:00:00,31161.0
2026-02-18T15,CAL,California,DF,Day-ahead demand forecast,30936,megawatthours,2026-02-18 15:00:00,30936.0
2026-02-18T15,CAL,California,NG,Net generation,22219,megawatthours,2026-02-18 15:00:00,22219.0
2026-02-18T15,CAL,California,TI,Total interchange,-7579,megawatthours,2026-02-18 15:00:00,-7579.0
2026-02-18T14,CAL,California,D,Demand,28473,megawatthours,2026-02-18 14:00:00,28473.0
2026-02-18T14,CAL,California,DF,Day-ahead demand forecast,27998,megawatthours,2026-02-18 14:00:00,27998.0
2026-02-18T14,CAL,California,NG,Net generation,18459,megawatthours,2026-02-18 14:00:00,18459.0
2026-02-18T14,CAL,California,TI,Total interchange,-9083,megawatthours,2026-02-18 14:00:00,-9083.0
2026-02-18T13,CAL,California,D,Demand,27141,megawatthours,2026-02-18 13:00:00,27141.0
2026-02-18T13,CAL,California,DF,Day-ahead demand forecast,26156,megawatthours,2026-02-18 13:00:00,26156.0
2026-02-18T13,CAL,California,NG,Net generation,16528,megawatthours,2026-02-18 13:00:00,16528.0
2026-02-18T13,CAL,California,TI,Total interchange,-9286,megawatthours,2026-02-18 13:00:00,-9286.0
2026-02-18T12,CAL,California,D,Demand,26825,megawatthours,2026-02-18 12:00:00,26825.0
2026-02-18T12,CAL,California,DF,Day-ahead demand forecast,25460,megawatthours,2026-02-18 12:00:00,25460.0
2026-02-18T12,CAL,California,NG,Net generation,15836,megawatthours,2026-02-18 12:00:00,15836.0
2026-02-18T12,CAL,California,TI,Total interchange,-9483,megawatthours,2026-02-18 12:00:00,-9483.0
2026-02-18T11,CAL,California,D,Demand,27181,megawatthours,2026-02-18 11:00:00,27181.0
2026-02-18T11,CAL,California,DF,Day-ahead demand forecast,25660,megawatthours,2026-02-18 11:00:00,25660.0
2026-02-18T11,CAL,California,NG,Net generation,16071,megawatthours,2026-02-18 11:00:00,16071.0
2026-02-18T11,CAL,California,TI,Total interchange,-9742,megawatthours,2026-02-18 11:00:00,-9742.0
2026-02-18T10,CAL,California,D,Demand,27468,megawatthours,2026-02-18 10:00:00,27468.0
2026-02-18T10,CAL,California,DF,Day-ahead demand forecast,26302,megawatthours,2026-02-18 10:00:00,26302.0
2026-02-18T10,CAL,California,NG,Net generation,17223,megawatthours,2026-02-18 10:00:00,17223.0
2026-02-18T10,CAL,California,TI,Total interchange,-9358,megawatthours,2026-02-18 10:00:00,-9358.0
2026-02-18T09,CAL,California,D,Demand,28232,megawatthours,2026-02-18 09:00:00,28232.0
2026-02-18T09,CAL,California,DF,Day-ahead demand forecast,27142,megawatthours,2026-02-18 09:00:00,27142.0
2026-02-18T09,CAL,California,NG,Net generation,18459,megawatthours,2026-02-18 09:00:00,18459.0
2026-02-18T09,CAL,California,TI,Total interchange,-9075,megawatthours,2026-02-18 09:00:00,-9075.0
2026-02-18T08,CAL,California,D,Demand,29177,megawatthours,2026-02-18 08:00:00,29177.0
2026-02-18T08,CAL,California,DF,Day-ahead demand forecast,27709,megawatthours,2026-02-18 08:00:00,27709.0
2026-02-18T08,CAL,California,NG,Net generation,19269,megawatthours,2026-02-18 08:00:00,19269.0
2026-02-18T08,CAL,California,TI,Total interchange,-8855,megawatthours,2026-02-18 08:00:00,-8855.0
2026-02-18T07,CAL,California,D,Demand,30538,megawatthours,2026-02-18 07:00:00,30538.0
2026-02-18T07,CAL,California,DF,Day-ahead demand forecast,29481,megawatthours,2026-02-18 07:00:00,29481.0
2026-02-18T07,CAL,California,NG,Net generation,21113,megawatthours,2026-02-18 07:00:00,21113.0
2026-02-18T07,CAL,California,TI,Total interchange,-8777,megawatthours,2026-02-18 07:00:00,-8777.0
2026-02-18T06,CAL,California,D,Demand,32299,megawatthours,2026-02-18 06:00:00,32299.0
2026-02-18T06,CAL,California,DF,Day-ahead demand forecast,31209,megawatthours,2026-02-18 06:00:00,31209.0
2026-02-18T06,CAL,California,NG,Net generation,23937,megawatthours,2026-02-18 06:00:00,23937.0
2026-02-18T06,CAL,California,TI,Total interchange,-7655,megawatthours,2026-02-18 06:00:00,-7655.0
2026-02-18T05,CAL,California,D,Demand,33225,megawatthours,2026-02-18 05:00:00,33225.0
2026-02-18T05,CAL,California,DF,Day-ahead demand forecast,31869,megawatthours,2026-02-18 05:00:00,31869.0
2026-02-18T05,CAL,California,NG,Net generation,24866,megawatthours,2026-02-18 05:00:00,24866.0
2026-02-18T05,CAL,California,TI,Total interchange,-7639,megawatthours,2026-02-18 05:00:00,-7639.0
2026-02-18T04,CAL,California,D,Demand,33889,megawatthours,2026-02-18 04:00:00,33889.0
2026-02-18T04,CAL,California,DF,Day-ahead demand forecast,32369,megawatthours,2026-02-18 04:00:00,32369.0
2026-02-18T04,CAL,California,NG,Net generation,25075,megawatthours,2026-02-18 04:00:00,25075.0
2026-02-18T04,CAL,California,TI,Total interchange,-7981,megawatthours,2026-02-18 04:00:00,-7981.0
2026-02-18T03,CAL,California,D,Demand,34462,megawatthours,2026-02-18 03:00:00,34462.0
2026-02-18T03,CAL,California,DF,Day-ahead demand forecast,32780,megawatthours,2026-02-18 03:00:00,32780.0
2026-02-18T03,CAL,California,NG,Net generation,25518,megawatthours,2026-02-18 03:00:00,25518.0
2026-02-18T03,CAL,California,TI,Total interchange,-7954,megawatthours,2026-02-18 03:00:00,-7954.0
2026-02-18T02,CAL,California,D,Demand,33662,megawatthours,2026-02-18 02:00:00,33662.0
2026-02-18T02,CAL,California,DF,Day-ahead demand forecast,31347,megawatthours,2026-02-18 02:00:00,31347.0
2026-02-18T02,CAL,California,NG,Net generation,24734,megawatthours,2026-02-18 02:00:00,24734.0
2026-02-18T02,CAL,California,TI,Total interchange,-7939,megawatthours,2026-02-18 02:00:00,-7939.0
2026-02-18T01,CAL,California,D,Demand,32364,megawatthours,2026-02-18 01:00:00,32364.0
2026-02-18T01,CAL,California,DF,Day-ahead demand forecast,29300,megawatthours,2026-02-18 01:00:00,29300.0
2026-02-18T01,CAL,California,NG,Net generation,23437,megawatthours,2026-02-18 01:00:00,23437.0
2026-02-18T01,CAL,California,TI,Total interchange,-7168,megawatthours,2026-02-18 01:00:00,-7168.0
2026-02-18T00,CAL,California,D,Demand,33440,megawatthours,2026-02-18 00:00:00,33440.0
2026-02-18T00,CAL,California,DF,Day-ahead demand forecast,27972,megawatthours,2026-02-18 00:00:00,27972.0
2026-02-18T00,CAL,California,NG,Net generation,23816,megawatthours,2026-02-18 00:00:00,23816.0
2026-02-18T00,CAL,California,TI,Total interchange,-5854,megawatthours,2026-02-18 00:00:00,-5854.0
2026-02-17T23,CAL,California,D,Demand,33792,megawatthours,2026-02-17 23:00:00,33792.0
2026-02-17T23,CAL,California,DF,Day-ahead demand forecast,27266,megawatthours,2026-02-17 23:00:00,27266.0
2026-02-17T23,CAL,California,NG,Net generation,23705,megawatthours,2026-02-17 23:00:00,23705.0
2026-02-17T23,CAL,California,TI,Total interchange,-4886,megawatthours,2026-02-17 23:00:00,-4886.0
2026-02-17T22,CAL,California,D,Demand,35023,megawatthours,2026-02-17 22:00:00,35023.0
2026-02-17T22,CAL,California,DF,Day-ahead demand forecast,27142,megawatthours,2026-02-17 22:00:00,27142.0
2026-02-17T22,CAL,California,NG,Net generation,23144,megawatthours,2026-02-17 22:00:00,23144.0
2026-02-17T22,CAL,California,TI,Total interchange,-5053,megawatthours,2026-02-17 22:00:00,-5053.0
2026-02-17T21,CAL,California,D,Demand,36093,megawatthours,2026-02-17 21:00:00,36093.0
2026-02-17T21,CAL,California,DF,Day-ahead demand forecast,27278,megawatthours,2026-02-17 21:00:00,27278.0
2026-02-17T21,CAL,California,NG,Net generation,22898,megawatthours,2026-02-17 21:00:00,22898.0
2026-02-17T21,CAL,California,TI,Total interchange,-5937,megawatthours,2026-02-17 21:00:00,-5937.0
2026-02-17T20,CAL,California,D,Demand,36788,megawatthours,2026-02-17 20:00:00,36788.0
2026-02-17T20,CAL,California,DF,Day-ahead demand forecast,27647,megawatthours,2026-02-17 20:00:00,27647.0
2026-02-17T20,CAL,California,NG,Net generation,23213,megawatthours,2026-02-17 20:00:00,23213.0
2026-02-17T20,CAL,California,TI,Total interchange,-5903,megawatthours,2026-02-17 20:00:00,-5903.0
2026-02-17T19,CAL,California,D,Demand,36324,megawatthours,2026-02-17 19:00:00,36324.0
2026-02-17T19,CAL,California,DF,Day-ahead demand forecast,28413,megawatthours,2026-02-17 19:00:00,28413.0
2026-02-17T19,CAL,California,NG,Net generation,23419,megawatthours,2026-02-17 19:00:00,23419.0
2026-02-17T19,CAL,California,TI,Total interchange,-5919,megawatthours,2026-02-17 19:00:00,-5919.0
2026-02-17T18,CAL,California,D,Demand,36135,megawatthours,2026-02-17 18:00:00,36135.0
2026-02-17T18,CAL,California,DF,Day-ahead demand forecast,29405,megawatthours,2026-02-17 18:00:00,29405.0
2026-02-17T18,CAL,California,NG,Net generation,23768,megawatthours,2026-02-17 18:00:00,23768.0
2026-02-17T18,CAL,California,TI,Total interchange,-5584,megawatthours,2026-02-17 18:00:00,-5584.0
2026-02-17T17,CAL,California,D,Demand,35912,megawatthours,2026-02-17 17:00:00,35912.0
2026-02-17T17,CAL,California,DF,Day-ahead demand forecast,30389,megawatthours,2026-02-17 17:00:00,30389.0
2026-02-17T17,CAL,California,NG,Net generation,23281,megawatthours,2026-02-17 17:00:00,23281.0
2026-02-17T17,CAL,California,TI,Total interchange,-6517,megawatthours,2026-02-17 17:00:00,-6517.0
2026-02-17T16,CAL,California,D,Demand,32127,megawatthours,2026-02-17 16:00:00,32127.0
2026-02-17T16,CAL,California,DF,Day-ahead demand forecast,31075,megawatthours,2026-02-17 16:00:00,31075.0
2026-02-17T16,CAL,California,NG,Net generation,22711,megawatthours,2026-02-17 16:00:00,22711.0
2026-02-17T16,CAL,California,TI,Total interchange,-7312,megawatthours,2026-02-17 16:00:00,-7312.0
2026-02-17T15,CAL,California,D,Demand,29930,megawatthours,2026-02-17 15:00:00,29930.0
2026-02-17T15,CAL,California,DF,Day-ahead demand forecast,29505,megawatthours,2026-02-17 15:00:00,29505.0
2026-02-17T15,CAL,California,NG,Net generation,20785,megawatthours,2026-02-17 15:00:00,20785.0
2026-02-17T15,CAL,California,TI,Total interchange,-8170,megawatthours,2026-02-17 15:00:00,-8170.0
2026-02-17T14,CAL,California,D,Demand,27407,megawatthours,2026-02-17 14:00:00,27407.0
2026-02-17T14,CAL,California,DF,Day-ahead demand forecast,26593,megawatthours,2026-02-17 14:00:00,26593.0
2026-02-17T14,CAL,California,NG,Net generation,17326,megawatthours,2026-02-17 14:00:00,17326.0
2026-02-17T14,CAL,California,TI,Total interchange,-9191,megawatthours,2026-02-17 14:00:00,-9191.0
2026-02-17T13,CAL,California,D,Demand,25854,megawatthours,2026-02-17 13:00:00,25854.0
2026-02-17T13,CAL,California,DF,Day-ahead demand forecast,24825,megawatthours,2026-02-17 13:00:00,24825.0
2026-02-17T13,CAL,California,NG,Net generation,15283,megawatthours,2026-02-17 13:00:00,15283.0
2026-02-17T13,CAL,California,TI,Total interchange,-9401,megawatthours,2026-02-17 13:00:00,-9401.0
2026-02-17T12,CAL,California,D,Demand,25634,megawatthours,2026-02-17 12:00:00,25634.0
2026-02-17T12,CAL,California,DF,Day-ahead demand forecast,24167,megawatthours,2026-02-17 12:00:00,24167.0
2026-02-17T12,CAL,California,NG,Net generation,14826,megawatthours,2026-02-17 12:00:00,14826.0
2026-02-17T12,CAL,California,TI,Total interchange,-9357,megawatthours,2026-02-17 12:00:00,-9357.0
2026-02-17T11,CAL,California,D,Demand,25643,megawatthours,2026-02-17 11:00:00,25643.0
2026-02-17T11,CAL,California,DF,Day-ahead demand forecast,24378,megawatthours,2026-02-17 11:00:00,24378.0
2026-02-17T11,CAL,California,NG,Net generation,14885,megawatthours,2026-02-17 11:00:00,14885.0
2026-02-17T11,CAL,California,TI,Total interchange,-9476,megawatthours,2026-02-17 11:00:00,-9476.0
2026-02-17T10,CAL,California,D,Demand,26596,megawatthours,2026-02-17 10:00:00,26596.0
2026-02-17T10,CAL,California,DF,Day-ahead demand forecast,25066,megawatthours,2026-02-17 10:00:00,25066.0
2026-02-17T10,CAL,California,NG,Net generation,15259,megawatthours,2026-02-17 10:00:00,15259.0
2026-02-17T10,CAL,California,TI,Total interchange,-9697,megawatthours,2026-02-17 10:00:00,-9697.0
2026-02-17T09,CAL,California,D,Demand,27508,megawatthours,2026-02-17 09:00:00,27508.0
2026-02-17T09,CAL,California,DF,Day-ahead demand forecast,25965,megawatthours,2026-02-17 09:00:00,25965.0
2026-02-17T09,CAL,California,NG,Net generation,16571,megawatthours,2026-02-17 09:00:00,16571.0
2026-02-17T09,CAL,California,TI,Total interchange,-9409,megawatthours,2026-02-17 09:00:00,-9409.0
2026-02-17T08,CAL,California,D,Demand,28437,megawatthours,2026-02-17 08:00:00,28437.0
2026-02-17T08,CAL,California,DF,Day-ahead demand forecast,26850,megawatthours,2026-02-17 08:00:00,26850.0
2026-02-17T08,CAL,California,NG,Net generation,17256,megawatthours,2026-02-17 08:00:00,17256.0
2026-02-17T08,CAL,California,TI,Total interchange,-9482,megawatthours,2026-02-17 08:00:00,-9482.0
2026-02-17T07,CAL,California,D,Demand,29959,megawatthours,2026-02-17 07:00:00,29959.0
2026-02-17T07,CAL,California,DF,Day-ahead demand forecast,28520,megawatthours,2026-02-17 07:00:00,28520.0
2026-02-17T07,CAL,California,NG,Net generation,18688,megawatthours,2026-02-17 07:00:00,18688.0
2026-02-17T07,CAL,California,TI,Total interchange,-9920,megawatthours,2026-02-17 07:00:00,-9920.0
2026-02-17T06,CAL,California,D,Demand,31370,megawatthours,2026-02-17 06:00:00,31370.0
2026-02-17T06,CAL,California,DF,Day-ahead demand forecast,30193,megawatthours,2026-02-17 06:00:00,30193.0
2026-02-17T06,CAL,California,NG,Net generation,21209,megawatthours,2026-02-17 06:00:00,21209.0
2026-02-17T06,CAL,California,TI,Total interchange,-9242,megawatthours,2026-02-17 06:00:00,-9242.0
2026-02-17T05,CAL,California,D,Demand,32336,megawatthours,2026-02-17 05:00:00,32336.0
2026-02-17T05,CAL,California,DF,Day-ahead demand forecast,31112,megawatthours,2026-02-17 05:00:00,31112.0
2026-02-17T05,CAL,California,NG,Net generation,22007,megawatthours,2026-02-17 05:00:00,22007.0
2026-02-17T05,CAL,California,TI,Total interchange,-9385,megawatthours,2026-02-17 05:00:00,-9385.0
2026-02-17T04,CAL,California,D,Demand,33120,megawatthours,2026-02-17 04:00:00,33120.0
2026-02-17T04,CAL,California,DF,Day-ahead demand forecast,31819,megawatthours,2026-02-17 04:00:00,31819.0
2026-02-17T04,CAL,California,NG,Net generation,22661,megawatthours,2026-02-17 04:00:00,22661.0
2026-02-17T04,CAL,California,TI,Total interchange,-9113,megawatthours,2026-02-17 04:00:00,-9113.0
2026-02-17T03,CAL,California,D,Demand,33955,megawatthours,2026-02-17 03:00:00,33955.0
2026-02-17T03,CAL,California,DF,Day-ahead demand forecast,32337,megawatthours,2026-02-17 03:00:00,32337.0
2026-02-17T03,CAL,California,NG,Net generation,22924,megawatthours,2026-02-17 03:00:00,22924.0
2026-02-17T03,CAL,California,TI,Total interchange,-9375,megawatthours,2026-02-17 03:00:00,-9375.0
2026-02-17T02,CAL,California,D,Demand,33480,megawatthours,2026-02-17 02:00:00,33480.0
2026-02-17T02,CAL,California,DF,Day-ahead demand forecast,31373,megawatthours,2026-02-17 02:00:00,31373.0
2026-02-17T02,CAL,California,NG,Net generation,22203,megawatthours,2026-02-17 02:00:00,22203.0
2026-02-17T02,CAL,California,TI,Total interchange,-9293,megawatthours,2026-02-17 02:00:00,-9293.0
2026-02-17T01,CAL,California,D,Demand,32462,megawatthours,2026-02-17 01:00:00,32462.0
2026-02-17T01,CAL,California,DF,Day-ahead demand forecast,29652,megawatthours,2026-02-17 01:00:00,29652.0
2026-02-17T01,CAL,California,NG,Net generation,21751,megawatthours,2026-02-17 01:00:00,21751.0
2026-02-17T01,CAL,California,TI,Total interchange,-8485,megawatthours,2026-02-17 01:00:00,-8485.0
2026-02-17T00,CAL,California,D,Demand,32393,megawatthours,2026-02-17 00:00:00,32393.0
2026-02-17T00,CAL,California,DF,Day-ahead demand forecast,28892,megawatthours,2026-02-17 00:00:00,28892.0
2026-02-17T00,CAL,California,NG,Net generation,22456,megawatthours,2026-02-17 00:00:00,22456.0
2026-02-17T00,CAL,California,TI,Total interchange,-7609,megawatthours,2026-02-17 00:00:00,-7609.0
2026-02-16T23,CAL,California,D,Demand,33200,megawatthours,2026-02-16 23:00:00,33200.0
2026-02-16T23,CAL,California,DF,Day-ahead demand forecast,28633,megawatthours,2026-02-16 23:00:00,28633.0
2026-02-16T23,CAL,California,NG,Net generation,22722,megawatthours,2026-02-16 23:00:00,22722.0
2026-02-16T23,CAL,California,TI,Total interchange,-8057,megawatthours,2026-02-16 23:00:00,-8057.0
2026-02-16T22,CAL,California,D,Demand,35838,megawatthours,2026-02-16 22:00:00,35838.0
2026-02-16T22,CAL,California,DF,Day-ahead demand forecast,28979,megawatthours,2026-02-16 22:00:00,28979.0
2026-02-16T22,CAL,California,NG,Net generation,22513,megawatthours,2026-02-16 22:00:00,22513.0
2026-02-16T22,CAL,California,TI,Total interchange,-8918,megawatthours,2026-02-16 22:00:00,-8918.0
2026-02-16T21,CAL,California,D,Demand,36667,megawatthours,2026-02-16 21:00:00,36667.0
2026-02-16T21,CAL,California,DF,Day-ahead demand forecast,29495,megawatthours,2026-02-16 21:00:00,29495.0
2026-02-16T21,CAL,California,NG,Net generation,22222,megawatthours,2026-02-16 21:00:00,22222.0
2026-02-16T21,CAL,California,TI,Total interchange,-9279,megawatthours,2026-02-16 21:00:00,-9279.0
2026-02-16T20,CAL,California,D,Demand,36041,megawatthours,2026-02-16 20:00:00,36041.0
2026-02-16T20,CAL,California,DF,Day-ahead demand forecast,29824,megawatthours,2026-02-16 20:00:00,29824.0
2026-02-16T20,CAL,California,NG,Net generation,22146,megawatthours,2026-02-16 20:00:00,22146.0
2026-02-16T20,CAL,California,TI,Total interchange,-9197,megawatthours,2026-02-16 20:00:00,-9197.0
2026-02-16T19,CAL,California,D,Demand,33788,megawatthours,2026-02-16 19:00:00,33788.0
2026-02-16T19,CAL,California,DF,Day-ahead demand forecast,30186,megawatthours,2026-02-16 19:00:00,30186.0
2026-02-16T19,CAL,California,NG,Net generation,21632,megawatthours,2026-02-16 19:00:00,21632.0
2026-02-16T19,CAL,California,TI,Total interchange,-8670,megawatthours,2026-02-16 19:00:00,-8670.0
2026-02-16T18,CAL,California,D,Demand,31807,megawatthours,2026-02-16 18:00:00,31807.0
2026-02-16T18,CAL,California,DF,Day-ahead demand forecast,29926,megawatthours,2026-02-16 18:00:00,29926.0
2026-02-16T18,CAL,California,NG,Net generation,20672,megawatthours,2026-02-16 18:00:00,20672.0
2026-02-16T18,CAL,California,TI,Total interchange,-8101,megawatthours,2026-02-16 18:00:00,-8101.0
2026-02-16T17,CAL,California,D,Demand,30052,megawatthours,2026-02-16 17:00:00,30052.0
2026-02-16T17,CAL,California,DF,Day-ahead demand forecast,29179,megawatthours,2026-02-16 17:00:00,29179.0
2026-02-16T17,CAL,California,NG,Net generation,20551,megawatthours,2026-02-16 17:00:00,20551.0
2026-02-16T17,CAL,California,TI,Total interchange,-7195,megawatthours,2026-02-16 17:00:00,-7195.0
2026-02-16T16,CAL,California,D,Demand,28165,megawatthours,2026-02-16 16:00:00,28165.0
2026-02-16T16,CAL,California,DF,Day-ahead demand forecast,27944,megawatthours,2026-02-16 16:00:00,27944.0
2026-02-16T16,CAL,California,NG,Net generation,19418,megawatthours,2026-02-16 16:00:00,19418.0
2026-02-16T16,CAL,California,TI,Total interchange,-6969,megawatthours,2026-02-16 16:00:00,-6969.0
2026-02-16T15,CAL,California,D,Demand,27100,megawatthours,2026-02-16 15:00:00,27100.0
2026-02-16T15,CAL,California,DF,Day-ahead demand forecast,26383,megawatthours,2026-02-16 15:00:00,26383.0
2026-02-16T15,CAL,California,NG,Net generation,18027,megawatthours,2026-02-16 15:00:00,18027.0
2026-02-16T15,CAL,California,TI,Total interchange,-7285,megawatthours,2026-02-16 15:00:00,-7285.0
2026-02-16T14,CAL,California,D,Demand,25802,megawatthours,2026-02-16 14:00:00,25802.0
2026-02-16T14,CAL,California,DF,Day-ahead demand forecast,24611,megawatthours,2026-02-16 14:00:00,24611.0
2026-02-16T14,CAL,California,NG,Net generation,15230,megawatthours,2026-02-16 14:00:00,15230.0
2026-02-16T14,CAL,California,TI,Total interchange,-8568,megawatthours,2026-02-16 14:00:00,-8568.0
2026-02-16T13,CAL,California,D,Demand,25653,megawatthours,2026-02-16 13:00:00,25653.0
2026-02-16T13,CAL,California,DF,Day-ahead demand forecast,23330,megawatthours,2026-02-16 13:00:00,23330.0
2026-02-16T13,CAL,California,NG,Net generation,13667,megawatthours,2026-02-16 13:00:00,13667.0
2026-02-16T13,CAL,California,TI,Total interchange,-9114,megawatthours,2026-02-16 13:00:00,-9114.0
2026-02-16T12,CAL,California,D,Demand,24714,megawatthours,2026-02-16 12:00:00,24714.0
2026-02-16T12,CAL,California,DF,Day-ahead demand forecast,22881,megawatthours,2026-02-16 12:00:00,22881.0
2026-02-16T12,CAL,California,NG,Net generation,13824,megawatthours,2026-02-16 12:00:00,13824.0
2026-02-16T12,CAL,California,TI,Total interchange,-8546,megawatthours,2026-02-16 12:00:00,-8546.0
2026-02-16T11,CAL,California,D,Demand,25023,megawatthours,2026-02-16 11:00:00,25023.0
2026-02-16T11,CAL,California,DF,Day-ahead demand forecast,23145,megawatthours,2026-02-16 11:00:00,23145.0
2026-02-16T11,CAL,California,NG,Net generation,13901,megawatthours,2026-02-16 11:00:00,13901.0
2026-02-16T11,CAL,California,TI,Total interchange,-8670,megawatthours,2026-02-16 11:00:00,-8670.0
2026-02-16T10,CAL,California,D,Demand,25489,megawatthours,2026-02-16 10:00:00,25489.0
2026-02-16T10,CAL,California,DF,Day-ahead demand forecast,23910,megawatthours,2026-02-16 10:00:00,23910.0
2026-02-16T10,CAL,California,NG,Net generation,14764,megawatthours,2026-02-16 10:00:00,14764.0
2026-02-16T10,CAL,California,TI,Total interchange,-8508,megawatthours,2026-02-16 10:00:00,-8508.0
2026-02-16T09,CAL,California,D,Demand,26061,megawatthours,2026-02-16 09:00:00,26061.0
2026-02-16T09,CAL,California,DF,Day-ahead demand forecast,24703,megawatthours,2026-02-16 09:00:00,24703.0
2026-02-16T09,CAL,California,NG,Net generation,15160,megawatthours,2026-02-16 09:00:00,15160.0
2026-02-16T09,CAL,California,TI,Total interchange,-9055,megawatthours,2026-02-16 09:00:00,-9055.0
2026-02-16T08,CAL,California,D,Demand,25958,megawatthours,2026-02-16 08:00:00,25958.0
2026-02-16T08,CAL,California,DF,Day-ahead demand forecast,25282,megawatthours,2026-02-16 08:00:00,25282.0
2026-02-16T08,CAL,California,NG,Net generation,16723,megawatthours,2026-02-16 08:00:00,16723.0
2026-02-16T08,CAL,California,TI,Total interchange,-8373,megawatthours,2026-02-16 08:00:00,-8373.0
2026-02-16T07,CAL,California,D,Demand,27281,megawatthours,2026-02-16 07:00:00,27281.0
2026-02-16T07,CAL,California,DF,Day-ahead demand forecast,26682,megawatthours,2026-02-16 07:00:00,26682.0
2026-02-16T07,CAL,California,NG,Net generation,18150,megawatthours,2026-02-16 07:00:00,18150.0
2026-02-16T07,CAL,California,TI,Total interchange,-8352,megawatthours,2026-02-16 07:00:00,-8352.0
2026-02-16T06,CAL,California,D,Demand,28308,megawatthours,2026-02-16 06:00:00,28308.0
2026-02-16T06,CAL,California,DF,Day-ahead demand forecast,28060,megawatthours,2026-02-16 06:00:00,28060.0
2026-02-16T06,CAL,California,NG,Net generation,19919,megawatthours,2026-02-16 06:00:00,19919.0
2026-02-16T06,CAL,California,TI,Total interchange,-7686,megawatthours,2026-02-16 06:00:00,-7686.0
2026-02-16T05,CAL,California,D,Demand,28560,megawatthours,2026-02-16 05:00:00,28560.0
2026-02-16T05,CAL,California,DF,Day-ahead demand forecast,28625,megawatthours,2026-02-16 05:00:00,28625.0
2026-02-16T05,CAL,California,NG,Net generation,20355,megawatthours,2026-02-16 05:00:00,20355.0
2026-02-16T05,CAL,California,TI,Total interchange,-7343,megawatthours,2026-02-16 05:00:00,-7343.0
2026-02-16T04,CAL,California,D,Demand,29178,megawatthours,2026-02-16 04:00:00,29178.0
2026-02-16T04,CAL,California,DF,Day-ahead demand forecast,28959,megawatthours,2026-02-16 04:00:00,28959.0
2026-02-16T04,CAL,California,NG,Net generation,20834,megawatthours,2026-02-16 04:00:00,20834.0
2026-02-16T04,CAL,California,TI,Total interchange,-7266,megawatthours,2026-02-16 04:00:00,-7266.0
2026-02-16T03,CAL,California,D,Demand,29407,megawatthours,2026-02-16 03:00:00,29407.0
2026-02-16T03,CAL,California,DF,Day-ahead demand forecast,29166,megawatthours,2026-02-16 03:00:00,29166.0
2026-02-16T03,CAL,California,NG,Net generation,21338,megawatthours,2026-02-16 03:00:00,21338.0
2026-02-16T03,CAL,California,TI,Total interchange,-7036,megawatthours,2026-02-16 03:00:00,-7036.0
2026-02-16T02,CAL,California,D,Demand,28685,megawatthours,2026-02-16 02:00:00,28685.0
2026-02-16T02,CAL,California,DF,Day-ahead demand forecast,27523,megawatthours,2026-02-16 02:00:00,27523.0
2026-02-16T02,CAL,California,NG,Net generation,19939,megawatthours,2026-02-16 02:00:00,19939.0
2026-02-16T02,CAL,California,TI,Total interchange,-7244,megawatthours,2026-02-16 02:00:00,-7244.0
2026-02-16T01,CAL,California,D,Demand,26960,megawatthours,2026-02-16 01:00:00,26960.0
2026-02-16T01,CAL,California,DF,Day-ahead demand forecast,25133,megawatthours,2026-02-16 01:00:00,25133.0
2026-02-16T01,CAL,California,NG,Net generation,18439,megawatthours,2026-02-16 01:00:00,18439.0
2026-02-16T01,CAL,California,TI,Total interchange,-6733,megawatthours,2026-02-16 01:00:00,-6733.0
2026-02-16T00,CAL,California,D,Demand,27183,megawatthours,2026-02-16 00:00:00,27183.0
2026-02-16T00,CAL,California,DF,Day-ahead demand forecast,23562,megawatthours,2026-02-16 00:00:00,23562.0
2026-02-16T00,CAL,California,NG,Net generation,18022,megawatthours,2026-02-16 00:00:00,18022.0
2026-02-16T00,CAL,California,TI,Total interchange,-5085,megawatthours,2026-02-16 00:00:00,-5085.0
2026-02-15T23,CAL,California,D,Demand,28232,megawatthours,2026-02-15 23:00:00,28232.0
2026-02-15T23,CAL,California,DF,Day-ahead demand forecast,22366,megawatthours,2026-02-15 23:00:00,22366.0
2026-02-15T23,CAL,California,NG,Net generation,17572,megawatthours,2026-02-15 23:00:00,17572.0
2026-02-15T23,CAL,California,TI,Total interchange,-4014,megawatthours,2026-02-15 23:00:00,-4014.0
2026-02-15T22,CAL,California,D,Demand,29550,megawatthours,2026-02-15 22:00:00,29550.0
2026-02-15T22,CAL,California,DF,Day-ahead demand forecast,21530,megawatthours,2026-02-15 22:00:00,21530.0
2026-02-15T22,CAL,California,NG,Net generation,16489,megawatthours,2026-02-15 22:00:00,16489.0
2026-02-15T22,CAL,California,TI,Total interchange,-3862,megawatthours,2026-02-15 22:00:00,-3862.0
2026-02-15T21,CAL,California,D,Demand,29667,megawatthours,2026-02-15 21:00:00,29667.0
2026-02-15T21,CAL,California,DF,Day-ahead demand forecast,21123,megawatthours,2026-02-15 21:00:00,21123.0
2026-02-15T21,CAL,California,NG,Net generation,15362,megawatthours,2026-02-15 21:00:00,15362.0
2026-02-15T21,CAL,California,TI,Total interchange,-3734,megawatthours,2026-02-15 21:00:00,-3734.0
2026-02-15T20,CAL,California,D,Demand,29284,megawatthours,2026-02-15 20:00:00,29284.0
2026-02-15T20,CAL,California,DF,Day-ahead demand forecast,21244,megawatthours,2026-02-15 20:00:00,21244.0
2026-02-15T20,CAL,California,NG,Net generation,15581,megawatthours,2026-02-15 20:00:00,15581.0
2026-02-15T20,CAL,California,TI,Total interchange,-3195,megawatthours,2026-02-15 20:00:00,-3195.0
2026-02-15T19,CAL,California,D,Demand,27738,megawatthours,2026-02-15 19:00:00,27738.0
2026-02-15T19,CAL,California,DF,Day-ahead demand forecast,21834,megawatthours,2026-02-15 19:00:00,21834.0
2026-02-15T19,CAL,California,NG,Net generation,16620,megawatthours,2026-02-15 19:00:00,16620.0
2026-02-15T19,CAL,California,TI,Total interchange,-2191,megawatthours,2026-02-15 19:00:00,-2191.0
2026-02-15T18,CAL,California,D,Demand,27063,megawatthours,2026-02-15 18:00:00,27063.0
2026-02-15T18,CAL,California,DF,Day-ahead demand forecast,22788,megawatthours,2026-02-15 18:00:00,22788.0
2026-02-15T18,CAL,California,NG,Net generation,17225,megawatthours,2026-02-15 18:00:00,17225.0
2026-02-15T18,CAL,California,TI,Total interchange,-2384,megawatthours,2026-02-15 18:00:00,-2384.0
2026-02-15T17,CAL,California,D,Demand,24901,megawatthours,2026-02-15 17:00:00,24901.0
2026-02-15T17,CAL,California,DF,Day-ahead demand forecast,24001,megawatthours,2026-02-15 17:00:00,24001.0
2026-02-15T17,CAL,California,NG,Net generation,17852,megawatthours,2026-02-15 17:00:00,17852.0
2026-02-15T17,CAL,California,TI,Total interchange,-3427,megawatthours,2026-02-15 17:00:00,-3427.0
2026-02-15T16,CAL,California,D,Demand,24099,megawatthours,2026-02-15 16:00:00,24099.0
2026-02-15T16,CAL,California,DF,Day-ahead demand forecast,24640,megawatthours,2026-02-15 16:00:00,24640.0
2026-02-15T16,CAL,California,NG,Net generation,17240,megawatthours,2026-02-15 16:00:00,17240.0
2026-02-15T16,CAL,California,TI,Total interchange,-5373,megawatthours,2026-02-15 16:00:00,-5373.0
2026-02-15T15,CAL,California,D,Demand,23842,megawatthours,2026-02-15 15:00:00,23842.0
2026-02-15T15,CAL,California,DF,Day-ahead demand forecast,24326,megawatthours,2026-02-15 15:00:00,24326.0
2026-02-15T15,CAL,California,NG,Net generation,16936,megawatthours,2026-02-15 15:00:00,16936.0
2026-02-15T15,CAL,California,TI,Total interchange,-5762,megawatthours,2026-02-15 15:00:00,-5762.0
2026-02-15T14,CAL,California,D,Demand,23267,megawatthours,2026-02-15 14:00:00,23267.0
2026-02-15T14,CAL,California,DF,Day-ahead demand forecast,23364,megawatthours,2026-02-15 14:00:00,23364.0
2026-02-15T14,CAL,California,NG,Net generation,15373,megawatthours,2026-02-15 14:00:00,15373.0
2026-02-15T14,CAL,California,TI,Total interchange,-6651,megawatthours,2026-02-15 14:00:00,-6651.0
2026-02-15T13,CAL,California,D,Demand,22852,megawatthours,2026-02-15 13:00:00,22852.0
2026-02-15T13,CAL,California,DF,Day-ahead demand forecast,22826,megawatthours,2026-02-15 13:00:00,22826.0
2026-02-15T13,CAL,California,NG,Net generation,14719,megawatthours,2026-02-15 13:00:00,14719.0
2026-02-15T13,CAL,California,TI,Total interchange,-6852,megawatthours,2026-02-15 13:00:00,-6852.0
2026-02-15T12,CAL,California,D,Demand,22820,megawatthours,2026-02-15 12:00:00,22820.0
2026-02-15T12,CAL,California,DF,Day-ahead demand forecast,22821,megawatthours,2026-02-15 12:00:00,22821.0
2026-02-15T12,CAL,California,NG,Net generation,14906,megawatthours,2026-02-15 12:00:00,14906.0
2026-02-15T12,CAL,California,TI,Total interchange,-6754,megawatthours,2026-02-15 12:00:00,-6754.0
2026-02-15T11,CAL,California,D,Demand,23470,megawatthours,2026-02-15 11:00:00,23470.0
2026-02-15T11,CAL,California,DF,Day-ahead demand forecast,23236,megawatthours,2026-02-15 11:00:00,23236.0
2026-02-15T11,CAL,California,NG,Net generation,15326,megawatthours,2026-02-15 11:00:00,15326.0
2026-02-15T11,CAL,California,TI,Total interchange,-6839,megawatthours,2026-02-15 11:00:00,-6839.0
2026-02-15T10,CAL,California,D,Demand,24051,megawatthours,2026-02-15 10:00:00,24051.0
2026-02-15T10,CAL,California,DF,Day-ahead demand forecast,24036,megawatthours,2026-02-15 10:00:00,24036.0
2026-02-15T10,CAL,California,NG,Net generation,16255,megawatthours,2026-02-15 10:00:00,16255.0
2026-02-15T10,CAL,California,TI,Total interchange,-6660,megawatthours,2026-02-15 10:00:00,-6660.0
2026-02-15T09,CAL,California,D,Demand,25023,megawatthours,2026-02-15 09:00:00,25023.0
2026-02-15T09,CAL,California,DF,Day-ahead demand forecast,24920,megawatthours,2026-02-15 09:00:00,24920.0
2026-02-15T09,CAL,California,NG,Net generation,16958,megawatthours,2026-02-15 09:00:00,16958.0
2026-02-15T09,CAL,California,TI,Total interchange,-6825,megawatthours,2026-02-15 09:00:00,-6825.0
2026-02-15T08,CAL,California,D,Demand,25711,megawatthours,2026-02-15 08:00:00,25711.0
2026-02-15T08,CAL,California,DF,Day-ahead demand forecast,25159,megawatthours,2026-02-15 08:00:00,25159.0
2026-02-15T08,CAL,California,NG,Net generation,17914,megawatthours,2026-02-15 08:00:00,17914.0
2026-02-15T08,CAL,California,TI,Total interchange,-6582,megawatthours,2026-02-15 08:00:00,-6582.0
2026-02-15T07,CAL,California,D,Demand,27116,megawatthours,2026-02-15 07:00:00,27116.0
2026-02-15T07,CAL,California,DF,Day-ahead demand forecast,26321,megawatthours,2026-02-15 07:00:00,26321.0
2026-02-15T07,CAL,California,NG,Net generation,18937,megawatthours,2026-02-15 07:00:00,18937.0
2026-02-15T07,CAL,California,TI,Total interchange,-6896,megawatthours,2026-02-15 07:00:00,-6896.0
2026-02-15T06,CAL,California,D,Demand,27780,megawatthours,2026-02-15 06:00:00,27780.0
2026-02-15T06,CAL,California,DF,Day-ahead demand forecast,27373,megawatthours,2026-02-15 06:00:00,27373.0
2026-02-15T06,CAL,California,NG,Net generation,20575,megawatthours,2026-02-15 06:00:00,20575.0
2026-02-15T06,CAL,California,TI,Total interchange,-6382,megawatthours,2026-02-15 06:00:00,-6382.0
2026-02-15T05,CAL,California,D,Demand,28230,megawatthours,2026-02-15 05:00:00,28230.0
2026-02-15T05,CAL,California,DF,Day-ahead demand forecast,27756,megawatthours,2026-02-15 05:00:00,27756.0
2026-02-15T05,CAL,California,NG,Net generation,20975,megawatthours,2026-02-15 05:00:00,20975.0
2026-02-15T05,CAL,California,TI,Total interchange,-6292,megawatthours,2026-02-15 05:00:00,-6292.0
2026-02-15T04,CAL,California,D,Demand,28695,megawatthours,2026-02-15 04:00:00,28695.0
2026-02-15T04,CAL,California,DF,Day-ahead demand forecast,28179,megawatthours,2026-02-15 04:00:00,28179.0
2026-02-15T04,CAL,California,NG,Net generation,20937,megawatthours,2026-02-15 04:00:00,20937.0
2026-02-15T04,CAL,California,TI,Total interchange,-6514,megawatthours,2026-02-15 04:00:00,-6514.0
2026-02-15T03,CAL,California,D,Demand,29184,megawatthours,2026-02-15 03:00:00,29184.0
2026-02-15T03,CAL,California,DF,Day-ahead demand forecast,28471,megawatthours,2026-02-15 03:00:00,28471.0
2026-02-15T03,CAL,California,NG,Net generation,20887,megawatthours,2026-02-15 03:00:00,20887.0
2026-02-15T03,CAL,California,TI,Total interchange,-6882,megawatthours,2026-02-15 03:00:00,-6882.0
2026-02-15T02,CAL,California,D,Demand,28561,megawatthours,2026-02-15 02:00:00,28561.0
2026-02-15T02,CAL,California,DF,Day-ahead demand forecast,27174,megawatthours,2026-02-15 02:00:00,27174.0
2026-02-15T02,CAL,California,NG,Net generation,20314,megawatthours,2026-02-15 02:00:00,20314.0
2026-02-15T02,CAL,California,TI,Total interchange,-7051,megawatthours,2026-02-15 02:00:00,-7051.0
2026-02-15T01,CAL,California,D,Demand,26606,megawatthours,2026-02-15 01:00:00,26606.0
2026-02-15T01,CAL,California,DF,Day-ahead demand forecast,24616,megawatthours,2026-02-15 01:00:00,24616.0
2026-02-15T01,CAL,California,NG,Net generation,19750,megawatthours,2026-02-15 01:00:00,19750.0
2026-02-15T01,CAL,California,TI,Total interchange,-4831,megawatthours,2026-02-15 01:00:00,-4831.0
2026-02-15T00,CAL,California,D,Demand,25924,megawatthours,2026-02-15 00:00:00,25924.0
2026-02-15T00,CAL,California,DF,Day-ahead demand forecast,22642,megawatthours,2026-02-15 00:00:00,22642.0
2026-02-15T00,CAL,California,NG,Net generation,19008,megawatthours,2026-02-15 00:00:00,19008.0
2026-02-15T00,CAL,California,TI,Total interchange,-3304,megawatthours,2026-02-15 00:00:00,-3304.0
2026-02-14T23,CAL,California,D,Demand,26894,megawatthours,2026-02-14 23:00:00,26894.0
2026-02-14T23,CAL,California,DF,Day-ahead demand forecast,20961,megawatthours,2026-02-14 23:00:00,20961.0
2026-02-14T23,CAL,California,NG,Net generation,17409,megawatthours,2026-02-14 23:00:00,17409.0
2026-02-14T23,CAL,California,TI,Total interchange,-3533,megawatthours,2026-02-14 23:00:00,-3533.0
2026-02-14T22,CAL,California,D,Demand,28180,megawatthours,2026-02-14 22:00:00,28180.0
2026-02-14T22,CAL,California,DF,Day-ahead demand forecast,19880,megawatthours,2026-02-14 22:00:00,19880.0
2026-02-14T22,CAL,California,NG,Net generation,15787,megawatthours,2026-02-14 22:00:00,15787.0
2026-02-14T22,CAL,California,TI,Total interchange,-3701,megawatthours,2026-02-14 22:00:00,-3701.0
2026-02-14T21,CAL,California,D,Demand,29528,megawatthours,2026-02-14 21:00:00,29528.0
2026-02-14T21,CAL,California,DF,Day-ahead demand forecast,19701,megawatthours,2026-02-14 21:00:00,19701.0
2026-02-14T21,CAL,California,NG,Net generation,15597,megawatthours,2026-02-14 21:00:00,15597.0
2026-02-14T21,CAL,California,TI,Total interchange,-3555,megawatthours,2026-02-14 21:00:00,-3555.0
2026-02-14T20,CAL,California,D,Demand,30200,megawatthours,2026-02-14 20:00:00,30200.0
2026-02-14T20,CAL,California,DF,Day-ahead demand forecast,20215,megawatthours,2026-02-14 20:00:00,20215.0
2026-02-14T20,CAL,California,NG,Net generation,15887,megawatthours,2026-02-14 20:00:00,15887.0
2026-02-14T20,CAL,California,TI,Total interchange,-3293,megawatthours,2026-02-14 20:00:00,-3293.0
2026-02-14T19,CAL,California,D,Demand,30446,megawatthours,2026-02-14 19:00:00,30446.0
2026-02-14T19,CAL,California,DF,Day-ahead demand forecast,21311,megawatthours,2026-02-14 19:00:00,21311.0
2026-02-14T19,CAL,California,NG,Net generation,16661,megawatthours,2026-02-14 19:00:00,16661.0
2026-02-14T19,CAL,California,TI,Total interchange,-3400,megawatthours,2026-02-14 19:00:00,-3400.0
2026-02-14T18,CAL,California,D,Demand,31248,megawatthours,2026-02-14 18:00:00,31248.0
2026-02-14T18,CAL,California,DF,Day-ahead demand forecast,22836,megawatthours,2026-02-14 18:00:00,22836.0
2026-02-14T18,CAL,California,NG,Net generation,17529,megawatthours,2026-02-14 18:00:00,17529.0
2026-02-14T18,CAL,California,TI,Total interchange,-3954,megawatthours,2026-02-14 18:00:00,-3954.0
2026-02-14T17,CAL,California,D,Demand,29497,megawatthours,2026-02-14 17:00:00,29497.0
2026-02-14T17,CAL,California,DF,Day-ahead demand forecast,24624,megawatthours,2026-02-14 17:00:00,24624.0
2026-02-14T17,CAL,California,NG,Net generation,18803,megawatthours,2026-02-14 17:00:00,18803.0
2026-02-14T17,CAL,California,TI,Total interchange,-4381,megawatthours,2026-02-14 17:00:00,-4381.0
2026-02-14T16,CAL,California,D,Demand,27347,megawatthours,2026-02-14 16:00:00,27347.0
2026-02-14T16,CAL,California,DF,Day-ahead demand forecast,25663,megawatthours,2026-02-14 16:00:00,25663.0
2026-02-14T16,CAL,California,NG,Net generation,18038,megawatthours,2026-02-14 16:00:00,18038.0
2026-02-14T16,CAL,California,TI,Total interchange,-6580,megawatthours,2026-02-14 16:00:00,-6580.0
2026-02-14T15,CAL,California,D,Demand,26177,megawatthours,2026-02-14 15:00:00,26177.0
2026-02-14T15,CAL,California,DF,Day-ahead demand forecast,25468,megawatthours,2026-02-14 15:00:00,25468.0
2026-02-14T15,CAL,California,NG,Net generation,16686,megawatthours,2026-02-14 15:00:00,16686.0
2026-02-14T15,CAL,California,TI,Total interchange,-8283,megawatthours,2026-02-14 15:00:00,-8283.0
2026-02-14T14,CAL,California,D,Demand,25072,megawatthours,2026-02-14 14:00:00,25072.0
2026-02-14T14,CAL,California,DF,Day-ahead demand forecast,24263,megawatthours,2026-02-14 14:00:00,24263.0
2026-02-14T14,CAL,California,NG,Net generation,14859,megawatthours,2026-02-14 14:00:00,14859.0
2026-02-14T14,CAL,California,TI,Total interchange,-9120,megawatthours,2026-02-14 14:00:00,-9120.0
2026-02-14T13,CAL,California,D,Demand,24260,megawatthours,2026-02-14 13:00:00,24260.0
2026-02-14T13,CAL,California,DF,Day-ahead demand forecast,23460,megawatthours,2026-02-14 13:00:00,23460.0
2026-02-14T13,CAL,California,NG,Net generation,14458,megawatthours,2026-02-14 13:00:00,14458.0
2026-02-14T13,CAL,California,TI,Total interchange,-8792,megawatthours,2026-02-14 13:00:00,-8792.0
2026-02-14T12,CAL,California,D,Demand,24196,megawatthours,2026-02-14 12:00:00,24196.0
2026-02-14T12,CAL,California,DF,Day-ahead demand forecast,23330,megawatthours,2026-02-14 12:00:00,23330.0
2026-02-14T12,CAL,California,NG,Net generation,14440,megawatthours,2026-02-14 12:00:00,14440.0
2026-02-14T12,CAL,California,TI,Total interchange,-8853,megawatthours,2026-02-14 12:00:00,-8853.0
2026-02-14T11,CAL,California,D,Demand,24756,megawatthours,2026-02-14 11:00:00,24756.0
2026-02-14T11,CAL,California,DF,Day-ahead demand forecast,23777,megawatthours,2026-02-14 11:00:00,23777.0
2026-02-14T11,CAL,California,NG,Net generation,15005,megawatthours,2026-02-14 11:00:00,15005.0
2026-02-14T11,CAL,California,TI,Total interchange,-8765,megawatthours,2026-02-14 11:00:00,-8765.0
2026-02-14T10,CAL,California,D,Demand,25443,megawatthours,2026-02-14 10:00:00,25443.0
2026-02-14T10,CAL,California,DF,Day-ahead demand forecast,24623,megawatthours,2026-02-14 10:00:00,24623.0
2026-02-14T10,CAL,California,NG,Net generation,16195,megawatthours,2026-02-14 10:00:00,16195.0
2026-02-14T10,CAL,California,TI,Total interchange,-8445,megawatthours,2026-02-14 10:00:00,-8445.0
2026-02-14T09,CAL,California,D,Demand,26610,megawatthours,2026-02-14 09:00:00,26610.0
2026-02-14T09,CAL,California,DF,Day-ahead demand forecast,25520,megawatthours,2026-02-14 09:00:00,25520.0
2026-02-14T09,CAL,California,NG,Net generation,16919,megawatthours,2026-02-14 09:00:00,16919.0
2026-02-14T09,CAL,California,TI,Total interchange,-8624,megawatthours,2026-02-14 09:00:00,-8624.0
2026-02-14T08,CAL,California,D,Demand,26821,megawatthours,2026-02-14 08:00:00,26821.0
2026-02-14T08,CAL,California,DF,Day-ahead demand forecast,26178,megawatthours,2026-02-14 08:00:00,26178.0
2026-02-14T08,CAL,California,NG,Net generation,18397,megawatthours,2026-02-14 08:00:00,18397.0
2026-02-14T08,CAL,California,TI,Total interchange,-7483,megawatthours,2026-02-14 08:00:00,-7483.0
2026-02-14T07,CAL,California,D,Demand,28018,megawatthours,2026-02-14 07:00:00,28018.0
2026-02-14T07,CAL,California,DF,Day-ahead demand forecast,27636,megawatthours,2026-02-14 07:00:00,27636.0
2026-02-14T07,CAL,California,NG,Net generation,19799,megawatthours,2026-02-14 07:00:00,19799.0
2026-02-14T07,CAL,California,TI,Total interchange,-7504,megawatthours,2026-02-14 07:00:00,-7504.0
2026-02-14T06,CAL,California,D,Demand,29129,megawatthours,2026-02-14 06:00:00,29129.0
2026-02-14T06,CAL,California,DF,Day-ahead demand forecast,28810,megawatthours,2026-02-14 06:00:00,28810.0
2026-02-14T06,CAL,California,NG,Net generation,22640,megawatthours,2026-02-14 06:00:00,22640.0
2026-02-14T06,CAL,California,TI,Total interchange,-5744,megawatthours,2026-02-14 06:00:00,-5744.0
2026-02-14T05,CAL,California,D,Demand,29674,megawatthours,2026-02-14 05:00:00,29674.0
2026-02-14T05,CAL,California,DF,Day-ahead demand forecast,29445,megawatthours,2026-02-14 05:00:00,29445.0
2026-02-14T05,CAL,California,NG,Net generation,22923,megawatthours,2026-02-14 05:00:00,22923.0
2026-02-14T05,CAL,California,TI,Total interchange,-5923,megawatthours,2026-02-14 05:00:00,-5923.0
2026-02-14T04,CAL,California,D,Demand,30303,megawatthours,2026-02-14 04:00:00,30303.0
2026-02-14T04,CAL,California,DF,Day-ahead demand forecast,29908,megawatthours,2026-02-14 04:00:00,29908.0
2026-02-14T04,CAL,California,NG,Net generation,23570,megawatthours,2026-02-14 04:00:00,23570.0
2026-02-14T04,CAL,California,TI,Total interchange,-5465,megawatthours,2026-02-14 04:00:00,-5465.0
2026-02-14T03,CAL,California,D,Demand,30790,megawatthours,2026-02-14 03:00:00,30790.0
2026-02-14T03,CAL,California,DF,Day-ahead demand forecast,30473,megawatthours,2026-02-14 03:00:00,30473.0
2026-02-14T03,CAL,California,NG,Net generation,24587,megawatthours,2026-02-14 03:00:00,24587.0
2026-02-14T03,CAL,California,TI,Total interchange,-5027,megawatthours,2026-02-14 03:00:00,-5027.0
2026-02-14T02,CAL,California,D,Demand,29642,megawatthours,2026-02-14 02:00:00,29642.0
2026-02-14T02,CAL,California,DF,Day-ahead demand forecast,29205,megawatthours,2026-02-14 02:00:00,29205.0
2026-02-14T02,CAL,California,NG,Net generation,23943,megawatthours,2026-02-14 02:00:00,23943.0
2026-02-14T02,CAL,California,TI,Total interchange,-4533,megawatthours,2026-02-14 02:00:00,-4533.0
2026-02-14T01,CAL,California,D,Demand,28112,megawatthours,2026-02-14 01:00:00,28112.0
2026-02-14T01,CAL,California,DF,Day-ahead demand forecast,26365,megawatthours,2026-02-14 01:00:00,26365.0
2026-02-14T01,CAL,California,NG,Net generation,22437,megawatthours,2026-02-14 01:00:00,22437.0
2026-02-14T01,CAL,California,TI,Total interchange,-3048,megawatthours,2026-02-14 01:00:00,-3048.0
2026-02-14T00,CAL,California,D,Demand,30142,megawatthours,2026-02-14 00:00:00,30142.0
2026-02-14T00,CAL,California,DF,Day-ahead demand forecast,24070,megawatthours,2026-02-14 00:00:00,24070.0
2026-02-14T00,CAL,California,NG,Net generation,21081,megawatthours,2026-02-14 00:00:00,21081.0
2026-02-14T00,CAL,California,TI,Total interchange,-1172,megawatthours,2026-02-14 00:00:00,-1172.0
2026-02-13T23,CAL,California,D,Demand,30725,megawatthours,2026-02-13 23:00:00,30725.0
2026-02-13T23,CAL,California,DF,Day-ahead demand forecast,22300,megawatthours,2026-02-13 23:00:00,22300.0
2026-02-13T23,CAL,California,NG,Net generation,20054,megawatthours,2026-02-13 23:00:00,20054.0
2026-02-13T23,CAL,California,TI,Total interchange,-385,megawatthours,2026-02-13 23:00:00,-385.0
2026-02-13T22,CAL,California,D,Demand,29705,megawatthours,2026-02-13 22:00:00,29705.0
2026-02-13T22,CAL,California,DF,Day-ahead demand forecast,21473,megawatthours,2026-02-13 22:00:00,21473.0
2026-02-13T22,CAL,California,NG,Net generation,18755,megawatthours,2026-02-13 22:00:00,18755.0
2026-02-13T22,CAL,California,TI,Total interchange,-395,megawatthours,2026-02-13 22:00:00,-395.0
2026-02-13T21,CAL,California,D,Demand,29615,megawatthours,2026-02-13 21:00:00,29615.0
2026-02-13T21,CAL,California,DF,Day-ahead demand forecast,21470,megawatthours,2026-02-13 21:00:00,21470.0
2026-02-13T21,CAL,California,NG,Net generation,18770,megawatthours,2026-02-13 21:00:00,18770.0
2026-02-13T21,CAL,California,TI,Total interchange,-445,megawatthours,2026-02-13 21:00:00,-445.0
2026-02-13T20,CAL,California,D,Demand,29679,megawatthours,2026-02-13 20:00:00,29679.0
2026-02-13T20,CAL,California,DF,Day-ahead demand forecast,22315,megawatthours,2026-02-13 20:00:00,22315.0
2026-02-13T20,CAL,California,NG,Net generation,18810,megawatthours,2026-02-13 20:00:00,18810.0
2026-02-13T20,CAL,California,TI,Total interchange,-978,megawatthours,2026-02-13 20:00:00,-978.0
2026-02-13T19,CAL,California,D,Demand,28959,megawatthours,2026-02-13 19:00:00,28959.0
2026-02-13T19,CAL,California,DF,Day-ahead demand forecast,24020,megawatthours,2026-02-13 19:00:00,24020.0
2026-02-13T19,CAL,California,NG,Net generation,20826,megawatthours,2026-02-13 19:00:00,20826.0
2026-02-13T19,CAL,California,TI,Total interchange,-418,megawatthours,2026-02-13 19:00:00,-418.0
2026-02-13T18,CAL,California,D,Demand,28501,megawatthours,2026-02-13 18:00:00,28501.0
2026-02-13T18,CAL,California,DF,Day-ahead demand forecast,26077,megawatthours,2026-02-13 18:00:00,26077.0
2026-02-13T18,CAL,California,NG,Net generation,23436,megawatthours,2026-02-13 18:00:00,23436.0
2026-02-13T18,CAL,California,TI,Total interchange,55,megawatthours,2026-02-13 18:00:00,55.0
2026-02-13T17,CAL,California,D,Demand,28642,megawatthours,2026-02-13 17:00:00,28642.0
2026-02-13T17,CAL,California,DF,Day-ahead demand forecast,28406,megawatthours,2026-02-13 17:00:00,28406.0
2026-02-13T17,CAL,California,NG,Net generation,23841,megawatthours,2026-02-13 17:00:00,23841.0
2026-02-13T17,CAL,California,TI,Total interchange,-1826,megawatthours,2026-02-13 17:00:00,-1826.0
2026-02-13T16,CAL,California,D,Demand,29441,megawatthours,2026-02-13 16:00:00,29441.0
2026-02-13T16,CAL,California,DF,Day-ahead demand forecast,29895,megawatthours,2026-02-13 16:00:00,29895.0
2026-02-13T16,CAL,California,NG,Net generation,23176,megawatthours,2026-02-13 16:00:00,23176.0
2026-02-13T16,CAL,California,TI,Total interchange,-4792,megawatthours,2026-02-13 16:00:00,-4792.0
2026-02-13T15,CAL,California,D,Demand,28442,megawatthours,2026-02-13 15:00:00,28442.0
2026-02-13T15,CAL,California,DF,Day-ahead demand forecast,28853,megawatthours,2026-02-13 15:00:00,28853.0
2026-02-13T15,CAL,California,NG,Net generation,22032,megawatthours,2026-02-13 15:00:00,22032.0
2026-02-13T15,CAL,California,TI,Total interchange,-5294,megawatthours,2026-02-13 15:00:00,-5294.0
2026-02-13T14,CAL,California,D,Demand,26153,megawatthours,2026-02-13 14:00:00,26153.0
2026-02-13T14,CAL,California,DF,Day-ahead demand forecast,26153,megawatthours,2026-02-13 14:00:00,26153.0
2026-02-13T14,CAL,California,NG,Net generation,18271,megawatthours,2026-02-13 14:00:00,18271.0
2026-02-13T14,CAL,California,TI,Total interchange,-7022,megawatthours,2026-02-13 14:00:00,-7022.0
2026-02-13T13,CAL,California,D,Demand,24524,megawatthours,2026-02-13 13:00:00,24524.0
2026-02-13T13,CAL,California,DF,Day-ahead demand forecast,24419,megawatthours,2026-02-13 13:00:00,24419.0
2026-02-13T13,CAL,California,NG,Net generation,16864,megawatthours,2026-02-13 13:00:00,16864.0
2026-02-13T13,CAL,California,TI,Total interchange,-6919,megawatthours,2026-02-13 13:00:00,-6919.0
2026-02-13T12,CAL,California,D,Demand,24318,megawatthours,2026-02-13 12:00:00,24318.0
2026-02-13T12,CAL,California,DF,Day-ahead demand forecast,23841,megawatthours,2026-02-13 12:00:00,23841.0
2026-02-13T12,CAL,California,NG,Net generation,16159,megawatthours,2026-02-13 12:00:00,16159.0
2026-02-13T12,CAL,California,TI,Total interchange,-7166,megawatthours,2026-02-13 12:00:00,-7166.0
2026-02-13T11,CAL,California,D,Demand,24591,megawatthours,2026-02-13 11:00:00,24591.0
2026-02-13T11,CAL,California,DF,Day-ahead demand forecast,24124,megawatthours,2026-02-13 11:00:00,24124.0
2026-02-13T11,CAL,California,NG,Net generation,16301,megawatthours,2026-02-13 11:00:00,16301.0
2026-02-13T11,CAL,California,TI,Total interchange,-7477,megawatthours,2026-02-13 11:00:00,-7477.0
2026-02-13T10,CAL,California,D,Demand,25635,megawatthours,2026-02-13 10:00:00,25635.0
2026-02-13T10,CAL,California,DF,Day-ahead demand forecast,24852,megawatthours,2026-02-13 10:00:00,24852.0
2026-02-13T10,CAL,California,NG,Net generation,16854,megawatthours,2026-02-13 10:00:00,16854.0
2026-02-13T10,CAL,California,TI,Total interchange,-7726,megawatthours,2026-02-13 10:00:00,-7726.0
2026-02-13T09,CAL,California,D,Demand,26312,megawatthours,2026-02-13 09:00:00,26312.0
2026-02-13T09,CAL,California,DF,Day-ahead demand forecast,25714,megawatthours,2026-02-13 09:00:00,25714.0
2026-02-13T09,CAL,California,NG,Net generation,17515,megawatthours,2026-02-13 09:00:00,17515.0
2026-02-13T09,CAL,California,TI,Total interchange,-8039,megawatthours,2026-02-13 09:00:00,-8039.0
2026-02-13T08,CAL,California,D,Demand,26755,megawatthours,2026-02-13 08:00:00,26755.0
2026-02-13T08,CAL,California,DF,Day-ahead demand forecast,26438,megawatthours,2026-02-13 08:00:00,26438.0
2026-02-13T08,CAL,California,NG,Net generation,17775,megawatthours,2026-02-13 08:00:00,17775.0
2026-02-13T08,CAL,California,TI,Total interchange,-8301,megawatthours,2026-02-13 08:00:00,-8301.0
2026-02-13T07,CAL,California,D,Demand,28196,megawatthours,2026-02-13 07:00:00,28196.0
2026-02-13T07,CAL,California,DF,Day-ahead demand forecast,28086,megawatthours,2026-02-13 07:00:00,28086.0
2026-02-13T07,CAL,California,NG,Net generation,19584,megawatthours,2026-02-13 07:00:00,19584.0
2026-02-13T07,CAL,California,TI,Total interchange,-8017,megawatthours,2026-02-13 07:00:00,-8017.0
2026-02-13T06,CAL,California,D,Demand,29395,megawatthours,2026-02-13 06:00:00,29395.0
2026-02-13T06,CAL,California,DF,Day-ahead demand forecast,29550,megawatthours,2026-02-13 06:00:00,29550.0
2026-02-13T06,CAL,California,NG,Net generation,22499,megawatthours,2026-02-13 06:00:00,22499.0
2026-02-13T06,CAL,California,TI,Total interchange,-6263,megawatthours,2026-02-13 06:00:00,-6263.0
2026-02-13T05,CAL,California,D,Demand,30130,megawatthours,2026-02-13 05:00:00,30130.0
2026-02-13T05,CAL,California,DF,Day-ahead demand forecast,30411,megawatthours,2026-02-13 05:00:00,30411.0
2026-02-13T05,CAL,California,NG,Net generation,23727,megawatthours,2026-02-13 05:00:00,23727.0
2026-02-13T05,CAL,California,TI,Total interchange,-5841,megawatthours,2026-02-13 05:00:00,-5841.0
2026-02-13T04,CAL,California,D,Demand,30549,megawatthours,2026-02-13 04:00:00,30549.0
2026-02-13T04,CAL,California,DF,Day-ahead demand forecast,30941,megawatthours,2026-02-13 04:00:00,30941.0
2026-02-13T04,CAL,California,NG,Net generation,23772,megawatthours,2026-02-13 04:00:00,23772.0
2026-02-13T04,CAL,California,TI,Total interchange,-5839,megawatthours,2026-02-13 04:00:00,-5839.0
2026-02-13T03,CAL,California,D,Demand,31020,megawatthours,2026-02-13 03:00:00,31020.0
2026-02-13T03,CAL,California,DF,Day-ahead demand forecast,31448,megawatthours,2026-02-13 03:00:00,31448.0
2026-02-13T03,CAL,California,NG,Net generation,24534,megawatthours,2026-02-13 03:00:00,24534.0
2026-02-13T03,CAL,California,TI,Total interchange,-5287,megawatthours,2026-02-13 03:00:00,-5287.0
2026-02-13T02,CAL,California,D,Demand,30087,megawatthours,2026-02-13 02:00:00,30087.0
2026-02-13T02,CAL,California,DF,Day-ahead demand forecast,30309,megawatthours,2026-02-13 02:00:00,30309.0
2026-02-13T02,CAL,California,NG,Net generation,23575,megawatthours,2026-02-13 02:00:00,23575.0
2026-02-13T02,CAL,California,TI,Total interchange,-5415,megawatthours,2026-02-13 02:00:00,-5415.0
2026-02-13T01,CAL,California,D,Demand,27436,megawatthours,2026-02-13 01:00:00,27436.0
2026-02-13T01,CAL,California,DF,Day-ahead demand forecast,27593,megawatthours,2026-02-13 01:00:00,27593.0
2026-02-13T01,CAL,California,NG,Net generation,21324,megawatthours,2026-02-13 01:00:00,21324.0
2026-02-13T01,CAL,California,TI,Total interchange,-4436,megawatthours,2026-02-13 01:00:00,-4436.0
2026-02-13T00,CAL,California,D,Demand,27350,megawatthours,2026-02-13 00:00:00,27350.0
2026-02-13T00,CAL,California,DF,Day-ahead demand forecast,25658,megawatthours,2026-02-13 00:00:00,25658.0
2026-02-13T00,CAL,California,NG,Net generation,21060,megawatthours,2026-02-13 00:00:00,21060.0
2026-02-13T00,CAL,California,TI,Total interchange,-1995,megawatthours,2026-02-13 00:00:00,-1995.0
2026-02-12T23,CAL,California,D,Demand,27900,megawatthours,2026-02-12 23:00:00,27900.0
2026-02-12T23,CAL,California,DF,Day-ahead demand forecast,24040,megawatthours,2026-02-12 23:00:00,24040.0
2026-02-12T23,CAL,California,NG,Net generation,19775,megawatthours,2026-02-12 23:00:00,19775.0
2026-02-12T23,CAL,California,TI,Total interchange,-1347,megawatthours,2026-02-12 23:00:00,-1347.0
2026-02-12T22,CAL,California,D,Demand,29134,megawatthours,2026-02-12 22:00:00,29134.0
2026-02-12T22,CAL,California,DF,Day-ahead demand forecast,22896,megawatthours,2026-02-12 22:00:00,22896.0
2026-02-12T22,CAL,California,NG,Net generation,17985,megawatthours,2026-02-12 22:00:00,17985.0
2026-02-12T22,CAL,California,TI,Total interchange,-1595,megawatthours,2026-02-12 22:00:00,-1595.0
2026-02-12T21,CAL,California,D,Demand,30400,megawatthours,2026-02-12 21:00:00,30400.0
2026-02-12T21,CAL,California,DF,Day-ahead demand forecast,22755,megawatthours,2026-02-12 21:00:00,22755.0
2026-02-12T21,CAL,California,NG,Net generation,18134,megawatthours,2026-02-12 21:00:00,18134.0
2026-02-12T21,CAL,California,TI,Total interchange,-966,megawatthours,2026-02-12 21:00:00,-966.0
2026-02-12T20,CAL,California,D,Demand,30471,megawatthours,2026-02-12 20:00:00,30471.0
2026-02-12T20,CAL,California,DF,Day-ahead demand forecast,23244,megawatthours,2026-02-12 20:00:00,23244.0
2026-02-12T20,CAL,California,NG,Net generation,18622,megawatthours,2026-02-12 20:00:00,18622.0
2026-02-12T20,CAL,California,TI,Total interchange,-1094,megawatthours,2026-02-12 20:00:00,-1094.0
2026-02-12T19,CAL,California,D,Demand,30579,megawatthours,2026-02-12 19:00:00,30579.0
2026-02-12T19,CAL,California,DF,Day-ahead demand forecast,24629,megawatthours,2026-02-12 19:00:00,24629.0
2026-02-12T19,CAL,California,NG,Net generation,19956,megawatthours,2026-02-12 19:00:00,19956.0
2026-02-12T19,CAL,California,TI,Total interchange,-1217,megawatthours,2026-02-12 19:00:00,-1217.0
2026-02-12T18,CAL,California,D,Demand,31434,megawatthours,2026-02-12 18:00:00,31434.0
2026-02-12T18,CAL,California,DF,Day-ahead demand forecast,26735,megawatthours,2026-02-12 18:00:00,26735.0
2026-02-12T18,CAL,California,NG,Net generation,22005,megawatthours,2026-02-12 18:00:00,22005.0
2026-02-12T18,CAL,California,TI,Total interchange,-1465,megawatthours,2026-02-12 18:00:00,-1465.0
2026-02-12T17,CAL,California,D,Demand,30883,megawatthours,2026-02-12 17:00:00,30883.0
2026-02-12T17,CAL,California,DF,Day-ahead demand forecast,28922,megawatthours,2026-02-12 17:00:00,28922.0
2026-02-12T17,CAL,California,NG,Net generation,23582,megawatthours,2026-02-12 17:00:00,23582.0
2026-02-12T17,CAL,California,TI,Total interchange,-2419,megawatthours,2026-02-12 17:00:00,-2419.0
2026-02-12T16,CAL,California,D,Demand,30130,megawatthours,2026-02-12 16:00:00,30130.0
2026-02-12T16,CAL,California,DF,Day-ahead demand forecast,30179,megawatthours,2026-02-12 16:00:00,30179.0
2026-02-12T16,CAL,California,NG,Net generation,23422,megawatthours,2026-02-12 16:00:00,23422.0
2026-02-12T16,CAL,California,TI,Total interchange,-5180,megawatthours,2026-02-12 16:00:00,-5180.0
2026-02-12T15,CAL,California,D,Demand,28874,megawatthours,2026-02-12 15:00:00,28874.0
2026-02-12T15,CAL,California,DF,Day-ahead demand forecast,28985,megawatthours,2026-02-12 15:00:00,28985.0
2026-02-12T15,CAL,California,NG,Net generation,22157,megawatthours,2026-02-12 15:00:00,22157.0
2026-02-12T15,CAL,California,TI,Total interchange,-5590,megawatthours,2026-02-12 15:00:00,-5590.0
2026-02-12T14,CAL,California,D,Demand,26431,megawatthours,2026-02-12 14:00:00,26431.0
2026-02-12T14,CAL,California,DF,Day-ahead demand forecast,26202,megawatthours,2026-02-12 14:00:00,26202.0
2026-02-12T14,CAL,California,NG,Net generation,18445,megawatthours,2026-02-12 14:00:00,18445.0
2026-02-12T14,CAL,California,TI,Total interchange,-7005,megawatthours,2026-02-12 14:00:00,-7005.0
2026-02-12T13,CAL,California,D,Demand,24704,megawatthours,2026-02-12 13:00:00,24704.0
2026-02-12T13,CAL,California,DF,Day-ahead demand forecast,24412,megawatthours,2026-02-12 13:00:00,24412.0
2026-02-12T13,CAL,California,NG,Net generation,16821,megawatthours,2026-02-12 13:00:00,16821.0
2026-02-12T13,CAL,California,TI,Total interchange,-7162,megawatthours,2026-02-12 13:00:00,-7162.0
2026-02-12T12,CAL,California,D,Demand,24330,megawatthours,2026-02-12 12:00:00,24330.0
2026-02-12T12,CAL,California,DF,Day-ahead demand forecast,23842,megawatthours,2026-02-12 12:00:00,23842.0
2026-02-12T12,CAL,California,NG,Net generation,16235,megawatthours,2026-02-12 12:00:00,16235.0
2026-02-12T12,CAL,California,TI,Total interchange,-7510,megawatthours,2026-02-12 12:00:00,-7510.0
2026-02-12T11,CAL,California,D,Demand,24945,megawatthours,2026-02-12 11:00:00,24945.0
2026-02-12T11,CAL,California,DF,Day-ahead demand forecast,24068,megawatthours,2026-02-12 11:00:00,24068.0
2026-02-12T11,CAL,California,NG,Net generation,16078,megawatthours,2026-02-12 11:00:00,16078.0
2026-02-12T11,CAL,California,TI,Total interchange,-7792,megawatthours,2026-02-12 11:00:00,-7792.0
2026-02-12T10,CAL,California,D,Demand,25506,megawatthours,2026-02-12 10:00:00,25506.0
2026-02-12T10,CAL,California,DF,Day-ahead demand forecast,24819,megawatthours,2026-02-12 10:00:00,24819.0
2026-02-12T10,CAL,California,NG,Net generation,16607,megawatthours,2026-02-12 10:00:00,16607.0
2026-02-12T10,CAL,California,TI,Total interchange,-8098,megawatthours,2026-02-12 10:00:00,-8098.0
2026-02-12T09,CAL,California,D,Demand,26553,megawatthours,2026-02-12 09:00:00,26553.0
2026-02-12T09,CAL,California,DF,Day-ahead demand forecast,25760,megawatthours,2026-02-12 09:00:00,25760.0
2026-02-12T09,CAL,California,NG,Net generation,17300,megawatthours,2026-02-12 09:00:00,17300.0
2026-02-12T09,CAL,California,TI,Total interchange,-8487,megawatthours,2026-02-12 09:00:00,-8487.0
2026-02-12T08,CAL,California,D,Demand,26806,megawatthours,2026-02-12 08:00:00,26806.0
2026-02-12T08,CAL,California,DF,Day-ahead demand forecast,27048,megawatthours,2026-02-12 08:00:00,27048.0
2026-02-12T08,CAL,California,NG,Net generation,18649,megawatthours,2026-02-12 08:00:00,18649.0
2026-02-12T08,CAL,California,TI,Total interchange,-7560,megawatthours,2026-02-12 08:00:00,-7560.0
2026-02-12T07,CAL,California,D,Demand,28566,megawatthours,2026-02-12 07:00:00,28566.0
2026-02-12T07,CAL,California,DF,Day-ahead demand forecast,28633,megawatthours,2026-02-12 07:00:00,28633.0
2026-02-12T07,CAL,California,NG,Net generation,20245,megawatthours,2026-02-12 07:00:00,20245.0
2026-02-12T07,CAL,California,TI,Total interchange,-7553,megawatthours,2026-02-12 07:00:00,-7553.0
2026-02-12T06,CAL,California,D,Demand,30079,megawatthours,2026-02-12 06:00:00,30079.0
2026-02-12T06,CAL,California,DF,Day-ahead demand forecast,30300,megawatthours,2026-02-12 06:00:00,30300.0
2026-02-12T06,CAL,California,NG,Net generation,22448,megawatthours,2026-02-12 06:00:00,22448.0
2026-02-12T06,CAL,California,TI,Total interchange,-6817,megawatthours,2026-02-12 06:00:00,-6817.0
2026-02-12T05,CAL,California,D,Demand,30740,megawatthours,2026-02-12 05:00:00,30740.0
2026-02-12T05,CAL,California,DF,Day-ahead demand forecast,31137,megawatthours,2026-02-12 05:00:00,31137.0
2026-02-12T05,CAL,California,NG,Net generation,23239,megawatthours,2026-02-12 05:00:00,23239.0
2026-02-12T05,CAL,California,TI,Total interchange,-6653,megawatthours,2026-02-12 05:00:00,-6653.0
2026-02-12T04,CAL,California,D,Demand,31360,megawatthours,2026-02-12 04:00:00,31360.0
2026-02-12T04,CAL,California,DF,Day-ahead demand forecast,31874,megawatthours,2026-02-12 04:00:00,31874.0
2026-02-12T04,CAL,California,NG,Net generation,24133,megawatthours,2026-02-12 04:00:00,24133.0
2026-02-12T04,CAL,California,TI,Total interchange,-6290,megawatthours,2026-02-12 04:00:00,-6290.0
2026-02-12T03,CAL,California,D,Demand,31961,megawatthours,2026-02-12 03:00:00,31961.0
2026-02-12T03,CAL,California,DF,Day-ahead demand forecast,32447,megawatthours,2026-02-12 03:00:00,32447.0
2026-02-12T03,CAL,California,NG,Net generation,24255,megawatthours,2026-02-12 03:00:00,24255.0
2026-02-12T03,CAL,California,TI,Total interchange,-6647,megawatthours,2026-02-12 03:00:00,-6647.0
2026-02-12T02,CAL,California,D,Demand,31151,megawatthours,2026-02-12 02:00:00,31151.0
2026-02-12T02,CAL,California,DF,Day-ahead demand forecast,31304,megawatthours,2026-02-12 02:00:00,31304.0
2026-02-12T02,CAL,California,NG,Net generation,23245,megawatthours,2026-02-12 02:00:00,23245.0
2026-02-12T02,CAL,California,TI,Total interchange,-6786,megawatthours,2026-02-12 02:00:00,-6786.0
2026-02-12T01,CAL,California,D,Demand,29731,megawatthours,2026-02-12 01:00:00,29731.0
2026-02-12T01,CAL,California,DF,Day-ahead demand forecast,29320,megawatthours,2026-02-12 01:00:00,29320.0
2026-02-12T01,CAL,California,NG,Net generation,21287,megawatthours,2026-02-12 01:00:00,21287.0
2026-02-12T01,CAL,California,TI,Total interchange,-6294,megawatthours,2026-02-12 01:00:00,-6294.0
2026-02-12T00,CAL,California,D,Demand,30848,megawatthours,2026-02-12 00:00:00,30848.0
2026-02-12T00,CAL,California,DF,Day-ahead demand forecast,28277,megawatthours,2026-02-12 00:00:00,28277.0
2026-02-12T00,CAL,California,NG,Net generation,21548,megawatthours,2026-02-12 00:00:00,21548.0
2026-02-12T00,CAL,California,TI,Total interchange,-4968,megawatthours,2026-02-12 00:00:00,-4968.0
2026-02-11T23,CAL,California,D,Demand,32492,megawatthours,2026-02-11 23:00:00,32492.0
2026-02-11T23,CAL,California,DF,Day-ahead demand forecast,27828,megawatthours,2026-02-11 23:00:00,27828.0
2026-02-11T23,CAL,California,NG,Net generation,20543,megawatthours,2026-02-11 23:00:00,20543.0
2026-02-11T23,CAL,California,TI,Total interchange,-5402,megawatthours,2026-02-11 23:00:00,-5402.0
2026-02-11T22,CAL,California,D,Demand,33500,megawatthours,2026-02-11 22:00:00,33500.0
2026-02-11T22,CAL,California,DF,Day-ahead demand forecast,27702,megawatthours,2026-02-11 22:00:00,27702.0
2026-02-11T22,CAL,California,NG,Net generation,19894,megawatthours,2026-02-11 22:00:00,19894.0
2026-02-11T22,CAL,California,TI,Total interchange,-5659,megawatthours,2026-02-11 22:00:00,-5659.0
2026-02-11T21,CAL,California,D,Demand,32849,megawatthours,2026-02-11 21:00:00,32849.0
2026-02-11T21,CAL,California,DF,Day-ahead demand forecast,27821,megawatthours,2026-02-11 21:00:00,27821.0
2026-02-11T21,CAL,California,NG,Net generation,20626,megawatthours,2026-02-11 21:00:00,20626.0
2026-02-11T21,CAL,California,TI,Total interchange,-4951,megawatthours,2026-02-11 21:00:00,-4951.0
2026-02-11T20,CAL,California,D,Demand,33063,megawatthours,2026-02-11 20:00:00,33063.0
2026-02-11T20,CAL,California,DF,Day-ahead demand forecast,28348,megawatthours,2026-02-11 20:00:00,28348.0
2026-02-11T20,CAL,California,NG,Net generation,20391,megawatthours,2026-02-11 20:00:00,20391.0
2026-02-11T20,CAL,California,TI,Total interchange,-5512,megawatthours,2026-02-11 20:00:00,-5512.0
2026-02-11T19,CAL,California,D,Demand,32204,megawatthours,2026-02-11 19:00:00,32204.0
2026-02-11T19,CAL,California,DF,Day-ahead demand forecast,29194,megawatthours,2026-02-11 19:00:00,29194.0
2026-02-11T19,CAL,California,NG,Net generation,20957,megawatthours,2026-02-11 19:00:00,20957.0
2026-02-11T19,CAL,California,TI,Total interchange,-5265,megawatthours,2026-02-11 19:00:00,-5265.0
2026-02-11T18,CAL,California,D,Demand,31228,megawatthours,2026-02-11 18:00:00,31228.0
2026-02-11T18,CAL,California,DF,Day-ahead demand forecast,29994,megawatthours,2026-02-11 18:00:00,29994.0
2026-02-11T18,CAL,California,NG,Net generation,21443,megawatthours,2026-02-11 18:00:00,21443.0
2026-02-11T18,CAL,California,TI,Total interchange,-5414,megawatthours,2026-02-11 18:00:00,-5414.0
2026-02-11T17,CAL,California,D,Demand,30891,megawatthours,2026-02-11 17:00:00,30891.0
2026-02-11T17,CAL,California,DF,Day-ahead demand forecast,30621,megawatthours,2026-02-11 17:00:00,30621.0
2026-02-11T17,CAL,California,NG,Net generation,22409,megawatthours,2026-02-11 17:00:00,22409.0
2026-02-11T17,CAL,California,TI,Total interchange,-5652,megawatthours,2026-02-11 17:00:00,-5652.0
2026-02-11T16,CAL,California,D,Demand,29669,megawatthours,2026-02-11 16:00:00,29669.0
2026-02-11T16,CAL,California,DF,Day-ahead demand forecast,30409,megawatthours,2026-02-11 16:00:00,30409.0
2026-02-11T16,CAL,California,NG,Net generation,22734,megawatthours,2026-02-11 16:00:00,22734.0
2026-02-11T16,CAL,California,TI,Total interchange,-5760,megawatthours,2026-02-11 16:00:00,-5760.0
2026-02-11T15,CAL,California,D,Demand,28044,megawatthours,2026-02-11 15:00:00,28044.0
2026-02-11T15,CAL,California,DF,Day-ahead demand forecast,28524,megawatthours,2026-02-11 15:00:00,28524.0
2026-02-11T15,CAL,California,NG,Net generation,21172,megawatthours,2026-02-11 15:00:00,21172.0
2026-02-11T15,CAL,California,TI,Total interchange,-5827,megawatthours,2026-02-11 15:00:00,-5827.0
2026-02-11T14,CAL,California,D,Demand,25672,megawatthours,2026-02-11 14:00:00,25672.0
2026-02-11T14,CAL,California,DF,Day-ahead demand forecast,25711,megawatthours,2026-02-11 14:00:00,25711.0
2026-02-11T14,CAL,California,NG,Net generation,17945,megawatthours,2026-02-11 14:00:00,17945.0
2026-02-11T14,CAL,California,TI,Total interchange,-6692,megawatthours,2026-02-11 14:00:00,-6692.0
2026-02-11T13,CAL,California,D,Demand,24644,megawatthours,2026-02-11 13:00:00,24644.0
2026-02-11T13,CAL,California,DF,Day-ahead demand forecast,24049,megawatthours,2026-02-11 13:00:00,24049.0
2026-02-11T13,CAL,California,NG,Net generation,16442,megawatthours,2026-02-11 13:00:00,16442.0
2026-02-11T13,CAL,California,TI,Total interchange,-6677,megawatthours,2026-02-11 13:00:00,-6677.0
2026-02-11T12,CAL,California,D,Demand,24552,megawatthours,2026-02-11 12:00:00,24552.0
2026-02-11T12,CAL,California,DF,Day-ahead demand forecast,23499,megawatthours,2026-02-11 12:00:00,23499.0
2026-02-11T12,CAL,California,NG,Net generation,16164,megawatthours,2026-02-11 12:00:00,16164.0
2026-02-11T12,CAL,California,TI,Total interchange,-6547,megawatthours,2026-02-11 12:00:00,-6547.0
2026-02-11T11,CAL,California,D,Demand,24925,megawatthours,2026-02-11 11:00:00,24925.0
2026-02-11T11,CAL,California,DF,Day-ahead demand forecast,23769,megawatthours,2026-02-11 11:00:00,23769.0
2026-02-11T11,CAL,California,NG,Net generation,16621,megawatthours,2026-02-11 11:00:00,16621.0
2026-02-11T11,CAL,California,TI,Total interchange,-6417,megawatthours,2026-02-11 11:00:00,-6417.0
2026-02-11T10,CAL,California,D,Demand,24967,megawatthours,2026-02-11 10:00:00,24967.0
2026-02-11T10,CAL,California,DF,Day-ahead demand forecast,24530,megawatthours,2026-02-11 10:00:00,24530.0
2026-02-11T10,CAL,California,NG,Net generation,17544,megawatthours,2026-02-11 10:00:00,17544.0
2026-02-11T10,CAL,California,TI,Total interchange,-6313,megawatthours,2026-02-11 10:00:00,-6313.0
2026-02-11T09,CAL,California,D,Demand,25980,megawatthours,2026-02-11 09:00:00,25980.0
2026-02-11T09,CAL,California,DF,Day-ahead demand forecast,25518,megawatthours,2026-02-11 09:00:00,25518.0
2026-02-11T09,CAL,California,NG,Net generation,18465,megawatthours,2026-02-11 09:00:00,18465.0
2026-02-11T09,CAL,California,TI,Total interchange,-6491,megawatthours,2026-02-11 09:00:00,-6491.0
2026-02-11T08,CAL,California,D,Demand,26598,megawatthours,2026-02-11 08:00:00,26598.0
2026-02-11T08,CAL,California,DF,Day-ahead demand forecast,26919,megawatthours,2026-02-11 08:00:00,26919.0
2026-02-11T08,CAL,California,NG,Net generation,19006,megawatthours,2026-02-11 08:00:00,19006.0
2026-02-11T08,CAL,California,TI,Total interchange,-6720,megawatthours,2026-02-11 08:00:00,-6720.0
2026-02-11T07,CAL,California,D,Demand,28160,megawatthours,2026-02-11 07:00:00,28160.0
2026-02-11T07,CAL,California,DF,Day-ahead demand forecast,28608,megawatthours,2026-02-11 07:00:00,28608.0
2026-02-11T07,CAL,California,NG,Net generation,20438,megawatthours,2026-02-11 07:00:00,20438.0
2026-02-11T07,CAL,California,TI,Total interchange,-7021,megawatthours,2026-02-11 07:00:00,-7021.0
2026-02-11T06,CAL,California,D,Demand,29903,megawatthours,2026-02-11 06:00:00,29903.0
2026-02-11T06,CAL,California,DF,Day-ahead demand forecast,30299,megawatthours,2026-02-11 06:00:00,30299.0
2026-02-11T06,CAL,California,NG,Net generation,22447,megawatthours,2026-02-11 06:00:00,22447.0
2026-02-11T06,CAL,California,TI,Total interchange,-6634,megawatthours,2026-02-11 06:00:00,-6634.0
2026-02-11T05,CAL,California,D,Demand,31083,megawatthours,2026-02-11 05:00:00,31083.0
2026-02-11T05,CAL,California,DF,Day-ahead demand forecast,31196,megawatthours,2026-02-11 05:00:00,31196.0
2026-02-11T05,CAL,California,NG,Net generation,23108,megawatthours,2026-02-11 05:00:00,23108.0
2026-02-11T05,CAL,California,TI,Total interchange,-7101,megawatthours,2026-02-11 05:00:00,-7101.0
2026-02-11T04,CAL,California,D,Demand,31808,megawatthours,2026-02-11 04:00:00,31808.0
2026-02-11T04,CAL,California,DF,Day-ahead demand forecast,31961,megawatthours,2026-02-11 04:00:00,31961.0
2026-02-11T04,CAL,California,NG,Net generation,23855,megawatthours,2026-02-11 04:00:00,23855.0
2026-02-11T04,CAL,California,TI,Total interchange,-7204,megawatthours,2026-02-11 04:00:00,-7204.0
2026-02-11T03,CAL,California,D,Demand,32272,megawatthours,2026-02-11 03:00:00,32272.0
2026-02-11T03,CAL,California,DF,Day-ahead demand forecast,32412,megawatthours,2026-02-11 03:00:00,32412.0
2026-02-11T03,CAL,California,NG,Net generation,24360,megawatthours,2026-02-11 03:00:00,24360.0
2026-02-11T03,CAL,California,TI,Total interchange,-6943,megawatthours,2026-02-11 03:00:00,-6943.0
2026-02-11T02,CAL,California,D,Demand,32087,megawatthours,2026-02-11 02:00:00,32087.0
2026-02-11T02,CAL,California,DF,Day-ahead demand forecast,31535,megawatthours,2026-02-11 02:00:00,31535.0
2026-02-11T02,CAL,California,NG,Net generation,24024,megawatthours,2026-02-11 02:00:00,24024.0
2026-02-11T02,CAL,California,TI,Total interchange,-6837,megawatthours,2026-02-11 02:00:00,-6837.0
2026-02-11T01,CAL,California,D,Demand,30411,megawatthours,2026-02-11 01:00:00,30411.0
2026-02-11T01,CAL,California,DF,Day-ahead demand forecast,30090,megawatthours,2026-02-11 01:00:00,30090.0
2026-02-11T01,CAL,California,NG,Net generation,22581,megawatthours,2026-02-11 01:00:00,22581.0
2026-02-11T01,CAL,California,TI,Total interchange,-6455,megawatthours,2026-02-11 01:00:00,-6455.0
2026-02-11T00,CAL,California,D,Demand,31188,megawatthours,2026-02-11 00:00:00,31188.0
2026-02-11T00,CAL,California,DF,Day-ahead demand forecast,29318,megawatthours,2026-02-11 00:00:00,29318.0
2026-02-11T00,CAL,California,NG,Net generation,23298,megawatthours,2026-02-11 00:00:00,23298.0
2026-02-11T00,CAL,California,TI,Total interchange,-5588,megawatthours,2026-02-11 00:00:00,-5588.0
2026-02-10T23,CAL,California,D,Demand,32602,megawatthours,2026-02-10 23:00:00,32602.0
2026-02-10T23,CAL,California,DF,Day-ahead demand forecast,28695,megawatthours,2026-02-10 23:00:00,28695.0
2026-02-10T23,CAL,California,NG,Net generation,22269,megawatthours,2026-02-10 23:00:00,22269.0
2026-02-10T23,CAL,California,TI,Total interchange,-6233,megawatthours,2026-02-10 23:00:00,-6233.0
2026-02-10T22,CAL,California,D,Demand,34609,megawatthours,2026-02-10 22:00:00,34609.0
2026-02-10T22,CAL,California,DF,Day-ahead demand forecast,28151,megawatthours,2026-02-10 22:00:00,28151.0
2026-02-10T22,CAL,California,NG,Net generation,21799,megawatthours,2026-02-10 22:00:00,21799.0
2026-02-10T22,CAL,California,TI,Total interchange,-6230,megawatthours,2026-02-10 22:00:00,-6230.0
2026-02-10T21,CAL,California,D,Demand,33333,megawatthours,2026-02-10 21:00:00,33333.0
2026-02-10T21,CAL,California,DF,Day-ahead demand forecast,27884,megawatthours,2026-02-10 21:00:00,27884.0
2026-02-10T21,CAL,California,NG,Net generation,21284,megawatthours,2026-02-10 21:00:00,21284.0
2026-02-10T21,CAL,California,TI,Total interchange,-6150,megawatthours,2026-02-10 21:00:00,-6150.0
2026-02-10T20,CAL,California,D,Demand,33190,megawatthours,2026-02-10 20:00:00,33190.0
2026-02-10T20,CAL,California,DF,Day-ahead demand forecast,27993,megawatthours,2026-02-10 20:00:00,27993.0
2026-02-10T20,CAL,California,NG,Net generation,21974,megawatthours,2026-02-10 20:00:00,21974.0
2026-02-10T20,CAL,California,TI,Total interchange,-6274,megawatthours,2026-02-10 20:00:00,-6274.0
2026-02-10T19,CAL,California,D,Demand,31900,megawatthours,2026-02-10 19:00:00,31900.0
2026-02-10T19,CAL,California,DF,Day-ahead demand forecast,28563,megawatthours,2026-02-10 19:00:00,28563.0
2026-02-10T19,CAL,California,NG,Net generation,21343,megawatthours,2026-02-10 19:00:00,21343.0
2026-02-10T19,CAL,California,TI,Total interchange,-6194,megawatthours,2026-02-10 19:00:00,-6194.0
2026-02-10T18,CAL,California,D,Demand,31193,megawatthours,2026-02-10 18:00:00,31193.0
2026-02-10T18,CAL,California,DF,Day-ahead demand forecast,29334,megawatthours,2026-02-10 18:00:00,29334.0
2026-02-10T18,CAL,California,NG,Net generation,21829,megawatthours,2026-02-10 18:00:00,21829.0
2026-02-10T18,CAL,California,TI,Total interchange,-6862,megawatthours,2026-02-10 18:00:00,-6862.0
2026-02-10T17,CAL,California,D,Demand,30965,megawatthours,2026-02-10 17:00:00,30965.0
2026-02-10T17,CAL,California,DF,Day-ahead demand forecast,30116,megawatthours,2026-02-10 17:00:00,30116.0
2026-02-10T17,CAL,California,NG,Net generation,22328,megawatthours,2026-02-10 17:00:00,22328.0
2026-02-10T17,CAL,California,TI,Total interchange,-6844,megawatthours,2026-02-10 17:00:00,-6844.0
2026-02-10T16,CAL,California,D,Demand,30056,megawatthours,2026-02-10 16:00:00,30056.0
2026-02-10T16,CAL,California,DF,Day-ahead demand forecast,30330,megawatthours,2026-02-10 16:00:00,30330.0
2026-02-10T16,CAL,California,NG,Net generation,22919,megawatthours,2026-02-10 16:00:00,22919.0
2026-02-10T16,CAL,California,TI,Total interchange,-6169,megawatthours,2026-02-10 16:00:00,-6169.0
2026-02-10T15,CAL,California,D,Demand,28294,megawatthours,2026-02-10 15:00:00,28294.0
2026-02-10T15,CAL,California,DF,Day-ahead demand forecast,28639,megawatthours,2026-02-10 15:00:00,28639.0
2026-02-10T15,CAL,California,NG,Net generation,21692,megawatthours,2026-02-10 15:00:00,21692.0
2026-02-10T15,CAL,California,TI,Total interchange,-5518,megawatthours,2026-02-10 15:00:00,-5518.0
2026-02-10T14,CAL,California,D,Demand,25697,megawatthours,2026-02-10 14:00:00,25697.0
2026-02-10T14,CAL,California,DF,Day-ahead demand forecast,25854,megawatthours,2026-02-10 14:00:00,25854.0
2026-02-10T14,CAL,California,NG,Net generation,18096,megawatthours,2026-02-10 14:00:00,18096.0
2026-02-10T14,CAL,California,TI,Total interchange,-6769,megawatthours,2026-02-10 14:00:00,-6769.0
2026-02-10T13,CAL,California,D,Demand,24681,megawatthours,2026-02-10 13:00:00,24681.0
2026-02-10T13,CAL,California,DF,Day-ahead demand forecast,24213,megawatthours,2026-02-10 13:00:00,24213.0
2026-02-10T13,CAL,California,NG,Net generation,16065,megawatthours,2026-02-10 13:00:00,16065.0
2026-02-10T13,CAL,California,TI,Total interchange,-7278,megawatthours,2026-02-10 13:00:00,-7278.0
2026-02-10T12,CAL,California,D,Demand,24059,megawatthours,2026-02-10 12:00:00,24059.0
2026-02-10T12,CAL,California,DF,Day-ahead demand forecast,23696,megawatthours,2026-02-10 12:00:00,23696.0
2026-02-10T12,CAL,California,NG,Net generation,15337,megawatthours,2026-02-10 12:00:00,15337.0
2026-02-10T12,CAL,California,TI,Total interchange,-7622,megawatthours,2026-02-10 12:00:00,-7622.0
2026-02-10T11,CAL,California,D,Demand,24593,megawatthours,2026-02-10 11:00:00,24593.0
2026-02-10T11,CAL,California,DF,Day-ahead demand forecast,23950,megawatthours,2026-02-10 11:00:00,23950.0
2026-02-10T11,CAL,California,NG,Net generation,15062,megawatthours,2026-02-10 11:00:00,15062.0
2026-02-10T11,CAL,California,TI,Total interchange,-8218,megawatthours,2026-02-10 11:00:00,-8218.0
2026-02-10T10,CAL,California,D,Demand,25111,megawatthours,2026-02-10 10:00:00,25111.0
2026-02-10T10,CAL,California,DF,Day-ahead demand forecast,24732,megawatthours,2026-02-10 10:00:00,24732.0
2026-02-10T10,CAL,California,NG,Net generation,15887,megawatthours,2026-02-10 10:00:00,15887.0
2026-02-10T10,CAL,California,TI,Total interchange,-8148,megawatthours,2026-02-10 10:00:00,-8148.0
2026-02-10T09,CAL,California,D,Demand,26327,megawatthours,2026-02-10 09:00:00,26327.0
2026-02-10T09,CAL,California,DF,Day-ahead demand forecast,25656,megawatthours,2026-02-10 09:00:00,25656.0
2026-02-10T09,CAL,California,NG,Net generation,16612,megawatthours,2026-02-10 09:00:00,16612.0
2026-02-10T09,CAL,California,TI,Total interchange,-8540,megawatthours,2026-02-10 09:00:00,-8540.0
2026-02-10T08,CAL,California,D,Demand,26868,megawatthours,2026-02-10 08:00:00,26868.0
2026-02-10T08,CAL,California,DF,Day-ahead demand forecast,26196,megawatthours,2026-02-10 08:00:00,26196.0
2026-02-10T08,CAL,California,NG,Net generation,16746,megawatthours,2026-02-10 08:00:00,16746.0
2026-02-10T08,CAL,California,TI,Total interchange,-9107,megawatthours,2026-02-10 08:00:00,-9107.0
2026-02-10T07,CAL,California,D,Demand,28110,megawatthours,2026-02-10 07:00:00,28110.0
2026-02-10T07,CAL,California,DF,Day-ahead demand forecast,27883,megawatthours,2026-02-10 07:00:00,27883.0
2026-02-10T07,CAL,California,NG,Net generation,18253,megawatthours,2026-02-10 07:00:00,18253.0
2026-02-10T07,CAL,California,TI,Total interchange,-9223,megawatthours,2026-02-10 07:00:00,-9223.0
2026-02-10T06,CAL,California,D,Demand,29737,megawatthours,2026-02-10 06:00:00,29737.0
2026-02-10T06,CAL,California,DF,Day-ahead demand forecast,29492,megawatthours,2026-02-10 06:00:00,29492.0
2026-02-10T06,CAL,California,NG,Net generation,20335,megawatthours,2026-02-10 06:00:00,20335.0
2026-02-10T06,CAL,California,TI,Total interchange,-8814,megawatthours,2026-02-10 06:00:00,-8814.0
2026-02-10T05,CAL,California,D,Demand,30606,megawatthours,2026-02-10 05:00:00,30606.0
2026-02-10T05,CAL,California,DF,Day-ahead demand forecast,30438,megawatthours,2026-02-10 05:00:00,30438.0
2026-02-10T05,CAL,California,NG,Net generation,21619,megawatthours,2026-02-10 05:00:00,21619.0
2026-02-10T05,CAL,California,TI,Total interchange,-8304,megawatthours,2026-02-10 05:00:00,-8304.0
2026-02-10T04,CAL,California,D,Demand,31460,megawatthours,2026-02-10 04:00:00,31460.0
2026-02-10T04,CAL,California,DF,Day-ahead demand forecast,31177,megawatthours,2026-02-10 04:00:00,31177.0
2026-02-10T04,CAL,California,NG,Net generation,21796,megawatthours,2026-02-10 04:00:00,21796.0
2026-02-10T04,CAL,California,TI,Total interchange,-8627,megawatthours,2026-02-10 04:00:00,-8627.0
2026-02-10T03,CAL,California,D,Demand,32148,megawatthours,2026-02-10 03:00:00,32148.0
2026-02-10T03,CAL,California,DF,Day-ahead demand forecast,31933,megawatthours,2026-02-10 03:00:00,31933.0
2026-02-10T03,CAL,California,NG,Net generation,22348,megawatthours,2026-02-10 03:00:00,22348.0
2026-02-10T03,CAL,California,TI,Total interchange,-8774,megawatthours,2026-02-10 03:00:00,-8774.0
2026-02-10T02,CAL,California,D,Demand,31803,megawatthours,2026-02-10 02:00:00,31803.0
2026-02-10T02,CAL,California,DF,Day-ahead demand forecast,31174,megawatthours,2026-02-10 02:00:00,31174.0
2026-02-10T02,CAL,California,NG,Net generation,21886,megawatthours,2026-02-10 02:00:00,21886.0
2026-02-10T02,CAL,California,TI,Total interchange,-8713,megawatthours,2026-02-10 02:00:00,-8713.0
2026-02-10T01,CAL,California,D,Demand,29750,megawatthours,2026-02-10 01:00:00,29750.0
2026-02-10T01,CAL,California,DF,Day-ahead demand forecast,29403,megawatthours,2026-02-10 01:00:00,29403.0
2026-02-10T01,CAL,California,NG,Net generation,20092,megawatthours,2026-02-10 01:00:00,20092.0
2026-02-10T01,CAL,California,TI,Total interchange,-8783,megawatthours,2026-02-10 01:00:00,-8783.0
2026-02-10T00,CAL,California,D,Demand,28413,megawatthours,2026-02-10 00:00:00,28413.0
2026-02-10T00,CAL,California,DF,Day-ahead demand forecast,27982,megawatthours,2026-02-10 00:00:00,27982.0
2026-02-10T00,CAL,California,NG,Net generation,18862,megawatthours,2026-02-10 00:00:00,18862.0
2026-02-10T00,CAL,California,TI,Total interchange,-7591,megawatthours,2026-02-10 00:00:00,-7591.0
2026-02-09T23,CAL,California,D,Demand,31411,megawatthours,2026-02-09 23:00:00,31411.0
2026-02-09T23,CAL,California,DF,Day-ahead demand forecast,26580,megawatthours,2026-02-09 23:00:00,26580.0
2026-02-09T23,CAL,California,NG,Net generation,18563,megawatthours,2026-02-09 23:00:00,18563.0
2026-02-09T23,CAL,California,TI,Total interchange,-7259,megawatthours,2026-02-09 23:00:00,-7259.0
2026-02-09T22,CAL,California,D,Demand,31776,megawatthours,2026-02-09 22:00:00,31776.0
2026-02-09T22,CAL,California,DF,Day-ahead demand forecast,25345,megawatthours,2026-02-09 22:00:00,25345.0
2026-02-09T22,CAL,California,NG,Net generation,17529,megawatthours,2026-02-09 22:00:00,17529.0
2026-02-09T22,CAL,California,TI,Total interchange,-7211,megawatthours,2026-02-09 22:00:00,-7211.0
2026-02-09T21,CAL,California,D,Demand,32222,megawatthours,2026-02-09 21:00:00,32222.0
2026-02-09T21,CAL,California,DF,Day-ahead demand forecast,24744,megawatthours,2026-02-09 21:00:00,24744.0
2026-02-09T21,CAL,California,NG,Net generation,17634,megawatthours,2026-02-09 21:00:00,17634.0
2026-02-09T21,CAL,California,TI,Total interchange,-6554,megawatthours,2026-02-09 21:00:00,-6554.0
2026-02-09T20,CAL,California,D,Demand,32778,megawatthours,2026-02-09 20:00:00,32778.0
2026-02-09T20,CAL,California,DF,Day-ahead demand forecast,24889,megawatthours,2026-02-09 20:00:00,24889.0
2026-02-09T20,CAL,California,NG,Net generation,17050,megawatthours,2026-02-09 20:00:00,17050.0
2026-02-09T20,CAL,California,TI,Total interchange,-6625,megawatthours,2026-02-09 20:00:00,-6625.0
2026-02-09T19,CAL,California,D,Demand,33043,megawatthours,2026-02-09 19:00:00,33043.0
2026-02-09T19,CAL,California,DF,Day-ahead demand forecast,25614,megawatthours,2026-02-09 19:00:00,25614.0
2026-02-09T19,CAL,California,NG,Net generation,17897,megawatthours,2026-02-09 19:00:00,17897.0
2026-02-09T19,CAL,California,TI,Total interchange,-6827,megawatthours,2026-02-09 19:00:00,-6827.0
2026-02-09T18,CAL,California,D,Demand,32660,megawatthours,2026-02-09 18:00:00,32660.0
2026-02-09T18,CAL,California,DF,Day-ahead demand forecast,26838,megawatthours,2026-02-09 18:00:00,26838.0
2026-02-09T18,CAL,California,NG,Net generation,18386,megawatthours,2026-02-09 18:00:00,18386.0
2026-02-09T18,CAL,California,TI,Total interchange,-7387,megawatthours,2026-02-09 18:00:00,-7387.0
2026-02-09T17,CAL,California,D,Demand,31936,megawatthours,2026-02-09 17:00:00,31936.0
2026-02-09T17,CAL,California,DF,Day-ahead demand forecast,28199,megawatthours,2026-02-09 17:00:00,28199.0
2026-02-09T17,CAL,California,NG,Net generation,19387,megawatthours,2026-02-09 17:00:00,19387.0
2026-02-09T17,CAL,California,TI,Total interchange,-7693,megawatthours,2026-02-09 17:00:00,-7693.0
2026-02-09T16,CAL,California,D,Demand,28988,megawatthours,2026-02-09 16:00:00,28988.0
2026-02-09T16,CAL,California,DF,Day-ahead demand forecast,28602,megawatthours,2026-02-09 16:00:00,28602.0
2026-02-09T16,CAL,California,NG,Net generation,18261,megawatthours,2026-02-09 16:00:00,18261.0
2026-02-09T16,CAL,California,TI,Total interchange,-9164,megawatthours,2026-02-09 16:00:00,-9164.0
2026-02-09T15,CAL,California,D,Demand,27758,megawatthours,2026-02-09 15:00:00,27758.0
2026-02-09T15,CAL,California,DF,Day-ahead demand forecast,27304,megawatthours,2026-02-09 15:00:00,27304.0
2026-02-09T15,CAL,California,NG,Net generation,17120,megawatthours,2026-02-09 15:00:00,17120.0
2026-02-09T15,CAL,California,TI,Total interchange,-8820,megawatthours,2026-02-09 15:00:00,-8820.0
2026-02-09T14,CAL,California,D,Demand,25550,megawatthours,2026-02-09 14:00:00,25550.0
2026-02-09T14,CAL,California,DF,Day-ahead demand forecast,24665,megawatthours,2026-02-09 14:00:00,24665.0
2026-02-09T14,CAL,California,NG,Net generation,14980,megawatthours,2026-02-09 14:00:00,14980.0
2026-02-09T14,CAL,California,TI,Total interchange,-9161,megawatthours,2026-02-09 14:00:00,-9161.0
2026-02-09T13,CAL,California,D,Demand,24159,megawatthours,2026-02-09 13:00:00,24159.0
2026-02-09T13,CAL,California,DF,Day-ahead demand forecast,23008,megawatthours,2026-02-09 13:00:00,23008.0
2026-02-09T13,CAL,California,NG,Net generation,14092,megawatthours,2026-02-09 13:00:00,14092.0
2026-02-09T13,CAL,California,TI,Total interchange,-8950,megawatthours,2026-02-09 13:00:00,-8950.0
2026-02-09T12,CAL,California,D,Demand,23276,megawatthours,2026-02-09 12:00:00,23276.0
2026-02-09T12,CAL,California,DF,Day-ahead demand forecast,22414,megawatthours,2026-02-09 12:00:00,22414.0
2026-02-09T12,CAL,California,NG,Net generation,13356,megawatthours,2026-02-09 12:00:00,13356.0
2026-02-09T12,CAL,California,TI,Total interchange,-8923,megawatthours,2026-02-09 12:00:00,-8923.0
2026-02-09T11,CAL,California,D,Demand,24141,megawatthours,2026-02-09 11:00:00,24141.0
2026-02-09T11,CAL,California,DF,Day-ahead demand forecast,22603,megawatthours,2026-02-09 11:00:00,22603.0
2026-02-09T11,CAL,California,NG,Net generation,13403,megawatthours,2026-02-09 11:00:00,13403.0
2026-02-09T11,CAL,California,TI,Total interchange,-9169,megawatthours,2026-02-09 11:00:00,-9169.0
2026-02-09T10,CAL,California,D,Demand,24072,megawatthours,2026-02-09 10:00:00,24072.0
2026-02-09T10,CAL,California,DF,Day-ahead demand forecast,23234,megawatthours,2026-02-09 10:00:00,23234.0
2026-02-09T10,CAL,California,NG,Net generation,14312,megawatthours,2026-02-09 10:00:00,14312.0
2026-02-09T10,CAL,California,TI,Total interchange,-8791,megawatthours,2026-02-09 10:00:00,-8791.0
2026-02-09T09,CAL,California,D,Demand,24839,megawatthours,2026-02-09 09:00:00,24839.0
2026-02-09T09,CAL,California,DF,Day-ahead demand forecast,24090,megawatthours,2026-02-09 09:00:00,24090.0
2026-02-09T09,CAL,California,NG,Net generation,15156,megawatthours,2026-02-09 09:00:00,15156.0
2026-02-09T09,CAL,California,TI,Total interchange,-8561,megawatthours,2026-02-09 09:00:00,-8561.0
2026-02-09T08,CAL,California,D,Demand,24994,megawatthours,2026-02-09 08:00:00,24994.0
2026-02-09T08,CAL,California,DF,Day-ahead demand forecast,23609,megawatthours,2026-02-09 08:00:00,23609.0
2026-02-09T08,CAL,California,NG,Net generation,15478,megawatthours,2026-02-09 08:00:00,15478.0
2026-02-09T08,CAL,California,TI,Total interchange,-8590,megawatthours,2026-02-09 08:00:00,-8590.0
2026-02-09T07,CAL,California,D,Demand,26133,megawatthours,2026-02-09 07:00:00,26133.0
2026-02-09T07,CAL,California,DF,Day-ahead demand forecast,25074,megawatthours,2026-02-09 07:00:00,25074.0
2026-02-09T07,CAL,California,NG,Net generation,16962,megawatthours,2026-02-09 07:00:00,16962.0
2026-02-09T07,CAL,California,TI,Total interchange,-8499,megawatthours,2026-02-09 07:00:00,-8499.0
2026-02-09T06,CAL,California,D,Demand,27479,megawatthours,2026-02-09 06:00:00,27479.0
2026-02-09T06,CAL,California,DF,Day-ahead demand forecast,26166,megawatthours,2026-02-09 06:00:00,26166.0
2026-02-09T06,CAL,California,NG,Net generation,18687,megawatthours,2026-02-09 06:00:00,18687.0
2026-02-09T06,CAL,California,TI,Total interchange,-8093,megawatthours,2026-02-09 06:00:00,-8093.0
2026-02-09T05,CAL,California,D,Demand,28002,megawatthours,2026-02-09 05:00:00,28002.0
2026-02-09T05,CAL,California,DF,Day-ahead demand forecast,26869,megawatthours,2026-02-09 05:00:00,26869.0
2026-02-09T05,CAL,California,NG,Net generation,19625,megawatthours,2026-02-09 05:00:00,19625.0
2026-02-09T05,CAL,California,TI,Total interchange,-7549,megawatthours,2026-02-09 05:00:00,-7549.0
2026-02-09T04,CAL,California,D,Demand,28460,megawatthours,2026-02-09 04:00:00,28460.0
2026-02-09T04,CAL,California,DF,Day-ahead demand forecast,27314,megawatthours,2026-02-09 04:00:00,27314.0
2026-02-09T04,CAL,California,NG,Net generation,19617,megawatthours,2026-02-09 04:00:00,19617.0
2026-02-09T04,CAL,California,TI,Total interchange,-7629,megawatthours,2026-02-09 04:00:00,-7629.0
2026-02-09T03,CAL,California,D,Demand,28720,megawatthours,2026-02-09 03:00:00,28720.0
2026-02-09T03,CAL,California,DF,Day-ahead demand forecast,27569,megawatthours,2026-02-09 03:00:00,27569.0
2026-02-09T03,CAL,California,NG,Net generation,19911,megawatthours,2026-02-09 03:00:00,19911.0
2026-02-09T03,CAL,California,TI,Total interchange,-7536,megawatthours,2026-02-09 03:00:00,-7536.0
2026-02-09T02,CAL,California,D,Demand,28218,megawatthours,2026-02-09 02:00:00,28218.0
2026-02-09T02,CAL,California,DF,Day-ahead demand forecast,26490,megawatthours,2026-02-09 02:00:00,26490.0
2026-02-09T02,CAL,California,NG,Net generation,19602,megawatthours,2026-02-09 02:00:00,19602.0
2026-02-09T02,CAL,California,TI,Total interchange,-7209,megawatthours,2026-02-09 02:00:00,-7209.0
2026-02-09T01,CAL,California,D,Demand,27243,megawatthours,2026-02-09 01:00:00,27243.0
2026-02-09T01,CAL,California,DF,Day-ahead demand forecast,24067,megawatthours,2026-02-09 01:00:00,24067.0
2026-02-09T01,CAL,California,NG,Net generation,19526,megawatthours,2026-02-09 01:00:00,19526.0
2026-02-09T01,CAL,California,TI,Total interchange,-5602,megawatthours,2026-02-09 01:00:00,-5602.0
2026-02-09T00,CAL,California,D,Demand,27556,megawatthours,2026-02-09 00:00:00,27556.0
2026-02-09T00,CAL,California,DF,Day-ahead demand forecast,21599,megawatthours,2026-02-09 00:00:00,21599.0
2026-02-09T00,CAL,California,NG,Net generation,20739,megawatthours,2026-02-09 00:00:00,20739.0
2026-02-09T00,CAL,California,TI,Total interchange,-1724,megawatthours,2026-02-09 00:00:00,-1724.0
2026-02-08T23,CAL,California,D,Demand,28153,megawatthours,2026-02-08 23:00:00,28153.0
2026-02-08T23,CAL,California,DF,Day-ahead demand forecast,19310,megawatthours,2026-02-08 23:00:00,19310.0
2026-02-08T23,CAL,California,NG,Net generation,17831,megawatthours,2026-02-08 23:00:00,17831.0
2026-02-08T23,CAL,California,TI,Total interchange,-2211,megawatthours,2026-02-08 23:00:00,-2211.0
2026-02-08T22,CAL,California,D,Demand,28007,megawatthours,2026-02-08 22:00:00,28007.0
2026-02-08T22,CAL,California,DF,Day-ahead demand forecast,17425,megawatthours,2026-02-08 22:00:00,17425.0
2026-02-08T22,CAL,California,NG,Net generation,16395,megawatthours,2026-02-08 22:00:00,16395.0
2026-02-08T22,CAL,California,TI,Total interchange,-2030,megawatthours,2026-02-08 22:00:00,-2030.0
2026-02-08T21,CAL,California,D,Demand,26957,megawatthours,2026-02-08 21:00:00,26957.0
2026-02-08T21,CAL,California,DF,Day-ahead demand forecast,16833,megawatthours,2026-02-08 21:00:00,16833.0
2026-02-08T21,CAL,California,NG,Net generation,15914,megawatthours,2026-02-08 21:00:00,15914.0
2026-02-08T21,CAL,California,TI,Total interchange,-1389,megawatthours,2026-02-08 21:00:00,-1389.0
2026-02-08T20,CAL,California,D,Demand,26974,megawatthours,2026-02-08 20:00:00,26974.0
2026-02-08T20,CAL,California,DF,Day-ahead demand forecast,16969,megawatthours,2026-02-08 20:00:00,16969.0
2026-02-08T20,CAL,California,NG,Net generation,15780,megawatthours,2026-02-08 20:00:00,15780.0
2026-02-08T20,CAL,California,TI,Total interchange,-1163,megawatthours,2026-02-08 20:00:00,-1163.0
2026-02-08T19,CAL,California,D,Demand,26950,megawatthours,2026-02-08 19:00:00,26950.0
2026-02-08T19,CAL,California,DF,Day-ahead demand forecast,17994,megawatthours,2026-02-08 19:00:00,17994.0
2026-02-08T19,CAL,California,NG,Net generation,16567,megawatthours,2026-02-08 19:00:00,16567.0
2026-02-08T19,CAL,California,TI,Total interchange,-1402,megawatthours,2026-02-08 19:00:00,-1402.0
2026-02-08T18,CAL,California,D,Demand,27698,megawatthours,2026-02-08 18:00:00,27698.0
2026-02-08T18,CAL,California,DF,Day-ahead demand forecast,19465,megawatthours,2026-02-08 18:00:00,19465.0
2026-02-08T18,CAL,California,NG,Net generation,17392,megawatthours,2026-02-08 18:00:00,17392.0
2026-02-08T18,CAL,California,TI,Total interchange,-2132,megawatthours,2026-02-08 18:00:00,-2132.0
2026-02-08T17,CAL,California,D,Demand,27194,megawatthours,2026-02-08 17:00:00,27194.0
2026-02-08T17,CAL,California,DF,Day-ahead demand forecast,21248,megawatthours,2026-02-08 17:00:00,21248.0
2026-02-08T17,CAL,California,NG,Net generation,18262,megawatthours,2026-02-08 17:00:00,18262.0
2026-02-08T17,CAL,California,TI,Total interchange,-3282,megawatthours,2026-02-08 17:00:00,-3282.0
2026-02-08T16,CAL,California,D,Demand,25412,megawatthours,2026-02-08 16:00:00,25412.0
2026-02-08T16,CAL,California,DF,Day-ahead demand forecast,22330,megawatthours,2026-02-08 16:00:00,22330.0
2026-02-08T16,CAL,California,NG,Net generation,15564,megawatthours,2026-02-08 16:00:00,15564.0
2026-02-08T16,CAL,California,TI,Total interchange,-7510,megawatthours,2026-02-08 16:00:00,-7510.0
2026-02-08T15,CAL,California,D,Demand,25228,megawatthours,2026-02-08 15:00:00,25228.0
2026-02-08T15,CAL,California,DF,Day-ahead demand forecast,22307,megawatthours,2026-02-08 15:00:00,22307.0
2026-02-08T15,CAL,California,NG,Net generation,14434,megawatthours,2026-02-08 15:00:00,14434.0
2026-02-08T15,CAL,California,TI,Total interchange,-8760,megawatthours,2026-02-08 15:00:00,-8760.0
2026-02-08T14,CAL,California,D,Demand,23668,megawatthours,2026-02-08 14:00:00,23668.0
2026-02-08T14,CAL,California,DF,Day-ahead demand forecast,21491,megawatthours,2026-02-08 14:00:00,21491.0
2026-02-08T14,CAL,California,NG,Net generation,12988,megawatthours,2026-02-08 14:00:00,12988.0
2026-02-08T14,CAL,California,TI,Total interchange,-9630,megawatthours,2026-02-08 14:00:00,-9630.0
2026-02-08T13,CAL,California,D,Demand,23128,megawatthours,2026-02-08 13:00:00,23128.0
2026-02-08T13,CAL,California,DF,Day-ahead demand forecast,21028,megawatthours,2026-02-08 13:00:00,21028.0
2026-02-08T13,CAL,California,NG,Net generation,12510,megawatthours,2026-02-08 13:00:00,12510.0
2026-02-08T13,CAL,California,TI,Total interchange,-9839,megawatthours,2026-02-08 13:00:00,-9839.0
2026-02-08T12,CAL,California,D,Demand,23251,megawatthours,2026-02-08 12:00:00,23251.0
2026-02-08T12,CAL,California,DF,Day-ahead demand forecast,20933,megawatthours,2026-02-08 12:00:00,20933.0
2026-02-08T12,CAL,California,NG,Net generation,12339,megawatthours,2026-02-08 12:00:00,12339.0
2026-02-08T12,CAL,California,TI,Total interchange,-9928,megawatthours,2026-02-08 12:00:00,-9928.0
2026-02-08T11,CAL,California,D,Demand,23493,megawatthours,2026-02-08 11:00:00,23493.0
2026-02-08T11,CAL,California,DF,Day-ahead demand forecast,21315,megawatthours,2026-02-08 11:00:00,21315.0
2026-02-08T11,CAL,California,NG,Net generation,12558,megawatthours,2026-02-08 11:00:00,12558.0
2026-02-08T11,CAL,California,TI,Total interchange,-10164,megawatthours,2026-02-08 11:00:00,-10164.0
2026-02-08T10,CAL,California,D,Demand,24263,megawatthours,2026-02-08 10:00:00,24263.0
2026-02-08T10,CAL,California,DF,Day-ahead demand forecast,22086,megawatthours,2026-02-08 10:00:00,22086.0
2026-02-08T10,CAL,California,NG,Net generation,13397,megawatthours,2026-02-08 10:00:00,13397.0
2026-02-08T10,CAL,California,TI,Total interchange,-10023,megawatthours,2026-02-08 10:00:00,-10023.0
2026-02-08T09,CAL,California,D,Demand,25276,megawatthours,2026-02-08 09:00:00,25276.0
2026-02-08T09,CAL,California,DF,Day-ahead demand forecast,23000,megawatthours,2026-02-08 09:00:00,23000.0
2026-02-08T09,CAL,California,NG,Net generation,14389,megawatthours,2026-02-08 09:00:00,14389.0
2026-02-08T09,CAL,California,TI,Total interchange,-9868,megawatthours,2026-02-08 09:00:00,-9868.0
2026-02-08T08,CAL,California,D,Demand,26171,megawatthours,2026-02-08 08:00:00,26171.0
2026-02-08T08,CAL,California,DF,Day-ahead demand forecast,24929,megawatthours,2026-02-08 08:00:00,24929.0
2026-02-08T08,CAL,California,NG,Net generation,14692,megawatthours,2026-02-08 08:00:00,14692.0
2026-02-08T08,CAL,California,TI,Total interchange,-9917,megawatthours,2026-02-08 08:00:00,-9917.0
2026-02-08T07,CAL,California,D,Demand,27137,megawatthours,2026-02-08 07:00:00,27137.0
2026-02-08T07,CAL,California,DF,Day-ahead demand forecast,26077,megawatthours,2026-02-08 07:00:00,26077.0
2026-02-08T07,CAL,California,NG,Net generation,16024,megawatthours,2026-02-08 07:00:00,16024.0
2026-02-08T07,CAL,California,TI,Total interchange,-9878,megawatthours,2026-02-08 07:00:00,-9878.0
2026-02-08T06,CAL,California,D,Demand,27949,megawatthours,2026-02-08 06:00:00,27949.0
2026-02-08T06,CAL,California,DF,Day-ahead demand forecast,27060,megawatthours,2026-02-08 06:00:00,27060.0
2026-02-08T06,CAL,California,NG,Net generation,18192,megawatthours,2026-02-08 06:00:00,18192.0
2026-02-08T06,CAL,California,TI,Total interchange,-8582,megawatthours,2026-02-08 06:00:00,-8582.0
2026-02-08T05,CAL,California,D,Demand,28583,megawatthours,2026-02-08 05:00:00,28583.0
2026-02-08T05,CAL,California,DF,Day-ahead demand forecast,27670,megawatthours,2026-02-08 05:00:00,27670.0
2026-02-08T05,CAL,California,NG,Net generation,18694,megawatthours,2026-02-08 05:00:00,18694.0
2026-02-08T05,CAL,California,TI,Total interchange,-8593,megawatthours,2026-02-08 05:00:00,-8593.0
2026-02-08T04,CAL,California,D,Demand,29144,megawatthours,2026-02-08 04:00:00,29144.0
2026-02-08T04,CAL,California,DF,Day-ahead demand forecast,28247,megawatthours,2026-02-08 04:00:00,28247.0
2026-02-08T04,CAL,California,NG,Net generation,19614,megawatthours,2026-02-08 04:00:00,19614.0
2026-02-08T04,CAL,California,TI,Total interchange,-8470,megawatthours,2026-02-08 04:00:00,-8470.0
2026-02-08T03,CAL,California,D,Demand,29467,megawatthours,2026-02-08 03:00:00,29467.0
2026-02-08T03,CAL,California,DF,Day-ahead demand forecast,28706,megawatthours,2026-02-08 03:00:00,28706.0
2026-02-08T03,CAL,California,NG,Net generation,20329,megawatthours,2026-02-08 03:00:00,20329.0
2026-02-08T03,CAL,California,TI,Total interchange,-7938,megawatthours,2026-02-08 03:00:00,-7938.0
2026-02-08T02,CAL,California,D,Demand,28704,megawatthours,2026-02-08 02:00:00,28704.0
2026-02-08T02,CAL,California,DF,Day-ahead demand forecast,27674,megawatthours,2026-02-08 02:00:00,27674.0
2026-02-08T02,CAL,California,NG,Net generation,20154,megawatthours,2026-02-08 02:00:00,20154.0
2026-02-08T02,CAL,California,TI,Total interchange,-7445,megawatthours,2026-02-08 02:00:00,-7445.0
2026-02-08T01,CAL,California,D,Demand,27144,megawatthours,2026-02-08 01:00:00,27144.0
2026-02-08T01,CAL,California,DF,Day-ahead demand forecast,24905,megawatthours,2026-02-08 01:00:00,24905.0
2026-02-08T01,CAL,California,NG,Net generation,20169,megawatthours,2026-02-08 01:00:00,20169.0
2026-02-08T01,CAL,California,TI,Total interchange,-4696,megawatthours,2026-02-08 01:00:00,-4696.0
2026-02-08T00,CAL,California,D,Demand,28151,megawatthours,2026-02-08 00:00:00,28151.0
2026-02-08T00,CAL,California,DF,Day-ahead demand forecast,22278,megawatthours,2026-02-08 00:00:00,22278.0
2026-02-08T00,CAL,California,NG,Net generation,20719,megawatthours,2026-02-08 00:00:00,20719.0
2026-02-08T00,CAL,California,TI,Total interchange,-1567,megawatthours,2026-02-08 00:00:00,-1567.0
2026-02-07T23,CAL,California,D,Demand,29195,megawatthours,2026-02-07 23:00:00,29195.0
2026-02-07T23,CAL,California,DF,Day-ahead demand forecast,20110,megawatthours,2026-02-07 23:00:00,20110.0
2026-02-07T23,CAL,California,NG,Net generation,18163,megawatthours,2026-02-07 23:00:00,18163.0
2026-02-07T23,CAL,California,TI,Total interchange,-2194,megawatthours,2026-02-07 23:00:00,-2194.0
2026-02-07T22,CAL,California,D,Demand,29155,megawatthours,2026-02-07 22:00:00,29155.0
2026-02-07T22,CAL,California,DF,Day-ahead demand forecast,18660,megawatthours,2026-02-07 22:00:00,18660.0
2026-02-07T22,CAL,California,NG,Net generation,17933,megawatthours,2026-02-07 22:00:00,17933.0
2026-02-07T22,CAL,California,TI,Total interchange,-1125,megawatthours,2026-02-07 22:00:00,-1125.0
2026-02-07T21,CAL,California,D,Demand,28427,megawatthours,2026-02-07 21:00:00,28427.0
2026-02-07T21,CAL,California,DF,Day-ahead demand forecast,18418,megawatthours,2026-02-07 21:00:00,18418.0
2026-02-07T21,CAL,California,NG,Net generation,17862,megawatthours,2026-02-07 21:00:00,17862.0
2026-02-07T21,CAL,California,TI,Total interchange,-363,megawatthours,2026-02-07 21:00:00,-363.0
2026-02-07T20,CAL,California,D,Demand,28381,megawatthours,2026-02-07 20:00:00,28381.0
2026-02-07T20,CAL,California,DF,Day-ahead demand forecast,19042,megawatthours,2026-02-07 20:00:00,19042.0
2026-02-07T20,CAL,California,NG,Net generation,18028,megawatthours,2026-02-07 20:00:00,18028.0
2026-02-07T20,CAL,California,TI,Total interchange,-438,megawatthours,2026-02-07 20:00:00,-438.0
2026-02-07T19,CAL,California,D,Demand,28133,megawatthours,2026-02-07 19:00:00,28133.0
2026-02-07T19,CAL,California,DF,Day-ahead demand forecast,20386,megawatthours,2026-02-07 19:00:00,20386.0
2026-02-07T19,CAL,California,NG,Net generation,18611,megawatthours,2026-02-07 19:00:00,18611.0
2026-02-07T19,CAL,California,TI,Total interchange,-842,megawatthours,2026-02-07 19:00:00,-842.0
2026-02-07T18,CAL,California,D,Demand,28488,megawatthours,2026-02-07 18:00:00,28488.0
2026-02-07T18,CAL,California,DF,Day-ahead demand forecast,22268,megawatthours,2026-02-07 18:00:00,22268.0
2026-02-07T18,CAL,California,NG,Net generation,19757,megawatthours,2026-02-07 18:00:00,19757.0
2026-02-07T18,CAL,California,TI,Total interchange,-1473,megawatthours,2026-02-07 18:00:00,-1473.0
2026-02-07T17,CAL,California,D,Demand,27522,megawatthours,2026-02-07 17:00:00,27522.0
2026-02-07T17,CAL,California,DF,Day-ahead demand forecast,24138,megawatthours,2026-02-07 17:00:00,24138.0
2026-02-07T17,CAL,California,NG,Net generation,20440,megawatthours,2026-02-07 17:00:00,20440.0
2026-02-07T17,CAL,California,TI,Total interchange,-2382,megawatthours,2026-02-07 17:00:00,-2382.0
2026-02-07T16,CAL,California,D,Demand,25994,megawatthours,2026-02-07 16:00:00,25994.0
2026-02-07T16,CAL,California,DF,Day-ahead demand forecast,25215,megawatthours,2026-02-07 16:00:00,25215.0
2026-02-07T16,CAL,California,NG,Net generation,18633,megawatthours,2026-02-07 16:00:00,18633.0
2026-02-07T16,CAL,California,TI,Total interchange,-5882,megawatthours,2026-02-07 16:00:00,-5882.0
2026-02-07T15,CAL,California,D,Demand,25550,megawatthours,2026-02-07 15:00:00,25550.0
2026-02-07T15,CAL,California,DF,Day-ahead demand forecast,24844,megawatthours,2026-02-07 15:00:00,24844.0
2026-02-07T15,CAL,California,NG,Net generation,16967,megawatthours,2026-02-07 15:00:00,16967.0
2026-02-07T15,CAL,California,TI,Total interchange,-7457,megawatthours,2026-02-07 15:00:00,-7457.0
2026-02-07T14,CAL,California,D,Demand,24092,megawatthours,2026-02-07 14:00:00,24092.0
2026-02-07T14,CAL,California,DF,Day-ahead demand forecast,23640,megawatthours,2026-02-07 14:00:00,23640.0
2026-02-07T14,CAL,California,NG,Net generation,15029,megawatthours,2026-02-07 14:00:00,15029.0
2026-02-07T14,CAL,California,TI,Total interchange,-8464,megawatthours,2026-02-07 14:00:00,-8464.0
2026-02-07T13,CAL,California,D,Demand,23464,megawatthours,2026-02-07 13:00:00,23464.0
2026-02-07T13,CAL,California,DF,Day-ahead demand forecast,22909,megawatthours,2026-02-07 13:00:00,22909.0
2026-02-07T13,CAL,California,NG,Net generation,13614,megawatthours,2026-02-07 13:00:00,13614.0
2026-02-07T13,CAL,California,TI,Total interchange,-9095,megawatthours,2026-02-07 13:00:00,-9095.0
2026-02-07T12,CAL,California,D,Demand,23303,megawatthours,2026-02-07 12:00:00,23303.0
2026-02-07T12,CAL,California,DF,Day-ahead demand forecast,22849,megawatthours,2026-02-07 12:00:00,22849.0
2026-02-07T12,CAL,California,NG,Net generation,13384,megawatthours,2026-02-07 12:00:00,13384.0
2026-02-07T12,CAL,California,TI,Total interchange,-9079,megawatthours,2026-02-07 12:00:00,-9079.0
2026-02-07T11,CAL,California,D,Demand,23809,megawatthours,2026-02-07 11:00:00,23809.0
2026-02-07T11,CAL,California,DF,Day-ahead demand forecast,23281,megawatthours,2026-02-07 11:00:00,23281.0
2026-02-07T11,CAL,California,NG,Net generation,13744,megawatthours,2026-02-07 11:00:00,13744.0
2026-02-07T11,CAL,California,TI,Total interchange,-9200,megawatthours,2026-02-07 11:00:00,-9200.0
2026-02-07T10,CAL,California,D,Demand,24548,megawatthours,2026-02-07 10:00:00,24548.0
2026-02-07T10,CAL,California,DF,Day-ahead demand forecast,24152,megawatthours,2026-02-07 10:00:00,24152.0
2026-02-07T10,CAL,California,NG,Net generation,14601,megawatthours,2026-02-07 10:00:00,14601.0
2026-02-07T10,CAL,California,TI,Total interchange,-9115,megawatthours,2026-02-07 10:00:00,-9115.0
2026-02-07T09,CAL,California,D,Demand,25565,megawatthours,2026-02-07 09:00:00,25565.0
2026-02-07T09,CAL,California,DF,Day-ahead demand forecast,25192,megawatthours,2026-02-07 09:00:00,25192.0
2026-02-07T09,CAL,California,NG,Net generation,15239,megawatthours,2026-02-07 09:00:00,15239.0
2026-02-07T09,CAL,California,TI,Total interchange,-9455,megawatthours,2026-02-07 09:00:00,-9455.0
2026-02-07T08,CAL,California,D,Demand,26295,megawatthours,2026-02-07 08:00:00,26295.0
2026-02-07T08,CAL,California,DF,Day-ahead demand forecast,26470,megawatthours,2026-02-07 08:00:00,26470.0
2026-02-07T08,CAL,California,NG,Net generation,16588,megawatthours,2026-02-07 08:00:00,16588.0
2026-02-07T08,CAL,California,TI,Total interchange,-9162,megawatthours,2026-02-07 08:00:00,-9162.0
2026-02-07T07,CAL,California,D,Demand,27739,megawatthours,2026-02-07 07:00:00,27739.0
2026-02-07T07,CAL,California,DF,Day-ahead demand forecast,27966,megawatthours,2026-02-07 07:00:00,27966.0
2026-02-07T07,CAL,California,NG,Net generation,17884,megawatthours,2026-02-07 07:00:00,17884.0
2026-02-07T07,CAL,California,TI,Total interchange,-9370,megawatthours,2026-02-07 07:00:00,-9370.0
2026-02-07T06,CAL,California,D,Demand,28665,megawatthours,2026-02-07 06:00:00,28665.0
2026-02-07T06,CAL,California,DF,Day-ahead demand forecast,29099,megawatthours,2026-02-07 06:00:00,29099.0
2026-02-07T06,CAL,California,NG,Net generation,19725,megawatthours,2026-02-07 06:00:00,19725.0
2026-02-07T06,CAL,California,TI,Total interchange,-8336,megawatthours,2026-02-07 06:00:00,-8336.0
2026-02-07T05,CAL,California,D,Demand,29430,megawatthours,2026-02-07 05:00:00,29430.0
2026-02-07T05,CAL,California,DF,Day-ahead demand forecast,29858,megawatthours,2026-02-07 05:00:00,29858.0
2026-02-07T05,CAL,California,NG,Net generation,20474,megawatthours,2026-02-07 05:00:00,20474.0
2026-02-07T05,CAL,California,TI,Total interchange,-8403,megawatthours,2026-02-07 05:00:00,-8403.0
2026-02-07T04,CAL,California,D,Demand,30232,megawatthours,2026-02-07 04:00:00,30232.0
2026-02-07T04,CAL,California,DF,Day-ahead demand forecast,30638,megawatthours,2026-02-07 04:00:00,30638.0
2026-02-07T04,CAL,California,NG,Net generation,20588,megawatthours,2026-02-07 04:00:00,20588.0
2026-02-07T04,CAL,California,TI,Total interchange,-8584,megawatthours,2026-02-07 04:00:00,-8584.0
2026-02-07T03,CAL,California,D,Demand,30760,megawatthours,2026-02-07 03:00:00,30760.0
2026-02-07T03,CAL,California,DF,Day-ahead demand forecast,31324,megawatthours,2026-02-07 03:00:00,31324.0
2026-02-07T03,CAL,California,NG,Net generation,21453,megawatthours,2026-02-07 03:00:00,21453.0
2026-02-07T03,CAL,California,TI,Total interchange,-8391,megawatthours,2026-02-07 03:00:00,-8391.0
2026-02-07T02,CAL,California,D,Demand,30247,megawatthours,2026-02-07 02:00:00,30247.0
2026-02-07T02,CAL,California,DF,Day-ahead demand forecast,30630,megawatthours,2026-02-07 02:00:00,30630.0
2026-02-07T02,CAL,California,NG,Net generation,21162,megawatthours,2026-02-07 02:00:00,21162.0
2026-02-07T02,CAL,California,TI,Total interchange,-8120,megawatthours,2026-02-07 02:00:00,-8120.0
2026-02-07T01,CAL,California,D,Demand,28733,megawatthours,2026-02-07 01:00:00,28733.0
2026-02-07T01,CAL,California,DF,Day-ahead demand forecast,28643,megawatthours,2026-02-07 01:00:00,28643.0
2026-02-07T01,CAL,California,NG,Net generation,20459,megawatthours,2026-02-07 01:00:00,20459.0
2026-02-07T01,CAL,California,TI,Total interchange,-6578,megawatthours,2026-02-07 01:00:00,-6578.0
2026-02-07T00,CAL,California,D,Demand,30388,megawatthours,2026-02-07 00:00:00,30388.0
2026-02-07T00,CAL,California,DF,Day-ahead demand forecast,26753,megawatthours,2026-02-07 00:00:00,26753.0
2026-02-07T00,CAL,California,NG,Net generation,22140,megawatthours,2026-02-07 00:00:00,22140.0
2026-02-07T00,CAL,California,TI,Total interchange,-2892,megawatthours,2026-02-07 00:00:00,-2892.0
2026-02-06T23,CAL,California,D,Demand,30882,megawatthours,2026-02-06 23:00:00,30882.0
2026-02-06T23,CAL,California,DF,Day-ahead demand forecast,25165,megawatthours,2026-02-06 23:00:00,25165.0
2026-02-06T23,CAL,California,NG,Net generation,21488,megawatthours,2026-02-06 23:00:00,21488.0
2026-02-06T23,CAL,California,TI,Total interchange,-1810,megawatthours,2026-02-06 23:00:00,-1810.0
2026-02-06T22,CAL,California,D,Demand,31936,megawatthours,2026-02-06 22:00:00,31936.0
2026-02-06T22,CAL,California,DF,Day-ahead demand forecast,24275,megawatthours,2026-02-06 22:00:00,24275.0
2026-02-06T22,CAL,California,NG,Net generation,18887,megawatthours,2026-02-06 22:00:00,18887.0
2026-02-06T22,CAL,California,TI,Total interchange,-3196,megawatthours,2026-02-06 22:00:00,-3196.0
2026-02-06T21,CAL,California,D,Demand,31737,megawatthours,2026-02-06 21:00:00,31737.0
2026-02-06T21,CAL,California,DF,Day-ahead demand forecast,24305,megawatthours,2026-02-06 21:00:00,24305.0
2026-02-06T21,CAL,California,NG,Net generation,18911,megawatthours,2026-02-06 21:00:00,18911.0
2026-02-06T21,CAL,California,TI,Total interchange,-3227,megawatthours,2026-02-06 21:00:00,-3227.0
2026-02-06T20,CAL,California,D,Demand,32361,megawatthours,2026-02-06 20:00:00,32361.0
2026-02-06T20,CAL,California,DF,Day-ahead demand forecast,25040,megawatthours,2026-02-06 20:00:00,25040.0
2026-02-06T20,CAL,California,NG,Net generation,19046,megawatthours,2026-02-06 20:00:00,19046.0
2026-02-06T20,CAL,California,TI,Total interchange,-3574,megawatthours,2026-02-06 20:00:00,-3574.0
2026-02-06T19,CAL,California,D,Demand,32811,megawatthours,2026-02-06 19:00:00,32811.0
2026-02-06T19,CAL,California,DF,Day-ahead demand forecast,26370,megawatthours,2026-02-06 19:00:00,26370.0
2026-02-06T19,CAL,California,NG,Net generation,19383,megawatthours,2026-02-06 19:00:00,19383.0
2026-02-06T19,CAL,California,TI,Total interchange,-3985,megawatthours,2026-02-06 19:00:00,-3985.0
2026-02-06T18,CAL,California,D,Demand,32253,megawatthours,2026-02-06 18:00:00,32253.0
2026-02-06T18,CAL,California,DF,Day-ahead demand forecast,27902,megawatthours,2026-02-06 18:00:00,27902.0
2026-02-06T18,CAL,California,NG,Net generation,19478,megawatthours,2026-02-06 18:00:00,19478.0
2026-02-06T18,CAL,California,TI,Total interchange,-5654,megawatthours,2026-02-06 18:00:00,-5654.0
2026-02-06T17,CAL,California,D,Demand,30647,megawatthours,2026-02-06 17:00:00,30647.0
2026-02-06T17,CAL,California,DF,Day-ahead demand forecast,29225,megawatthours,2026-02-06 17:00:00,29225.0
2026-02-06T17,CAL,California,NG,Net generation,21120,megawatthours,2026-02-06 17:00:00,21120.0
2026-02-06T17,CAL,California,TI,Total interchange,-5705,megawatthours,2026-02-06 17:00:00,-5705.0
2026-02-06T16,CAL,California,D,Demand,29280,megawatthours,2026-02-06 16:00:00,29280.0
2026-02-06T16,CAL,California,DF,Day-ahead demand forecast,29354,megawatthours,2026-02-06 16:00:00,29354.0
2026-02-06T16,CAL,California,NG,Net generation,20456,megawatthours,2026-02-06 16:00:00,20456.0
2026-02-06T16,CAL,California,TI,Total interchange,-7734,megawatthours,2026-02-06 16:00:00,-7734.0
2026-02-06T15,CAL,California,D,Demand,28048,megawatthours,2026-02-06 15:00:00,28048.0
2026-02-06T15,CAL,California,DF,Day-ahead demand forecast,27982,megawatthours,2026-02-06 15:00:00,27982.0
2026-02-06T15,CAL,California,NG,Net generation,19608,megawatthours,2026-02-06 15:00:00,19608.0
2026-02-06T15,CAL,California,TI,Total interchange,-7155,megawatthours,2026-02-06 15:00:00,-7155.0
2026-02-06T14,CAL,California,D,Demand,25825,megawatthours,2026-02-06 14:00:00,25825.0
2026-02-06T14,CAL,California,DF,Day-ahead demand forecast,25550,megawatthours,2026-02-06 14:00:00,25550.0
2026-02-06T14,CAL,California,NG,Net generation,16239,megawatthours,2026-02-06 14:00:00,16239.0
2026-02-06T14,CAL,California,TI,Total interchange,-8328,megawatthours,2026-02-06 14:00:00,-8328.0
2026-02-06T13,CAL,California,D,Demand,24212,megawatthours,2026-02-06 13:00:00,24212.0
2026-02-06T13,CAL,California,DF,Day-ahead demand forecast,24178,megawatthours,2026-02-06 13:00:00,24178.0
2026-02-06T13,CAL,California,NG,Net generation,15586,megawatthours,2026-02-06 13:00:00,15586.0
2026-02-06T13,CAL,California,TI,Total interchange,-7522,megawatthours,2026-02-06 13:00:00,-7522.0
2026-02-06T12,CAL,California,D,Demand,23811,megawatthours,2026-02-06 12:00:00,23811.0
2026-02-06T12,CAL,California,DF,Day-ahead demand forecast,23783,megawatthours,2026-02-06 12:00:00,23783.0
2026-02-06T12,CAL,California,NG,Net generation,15262,megawatthours,2026-02-06 12:00:00,15262.0
2026-02-06T12,CAL,California,TI,Total interchange,-7389,megawatthours,2026-02-06 12:00:00,-7389.0
2026-02-06T11,CAL,California,D,Demand,24138,megawatthours,2026-02-06 11:00:00,24138.0
2026-02-06T11,CAL,California,DF,Day-ahead demand forecast,24085,megawatthours,2026-02-06 11:00:00,24085.0
2026-02-06T11,CAL,California,NG,Net generation,15213,megawatthours,2026-02-06 11:00:00,15213.0
2026-02-06T11,CAL,California,TI,Total interchange,-7801,megawatthours,2026-02-06 11:00:00,-7801.0
2026-02-06T10,CAL,California,D,Demand,24640,megawatthours,2026-02-06 10:00:00,24640.0
2026-02-06T10,CAL,California,DF,Day-ahead demand forecast,24936,megawatthours,2026-02-06 10:00:00,24936.0
2026-02-06T10,CAL,California,NG,Net generation,15836,megawatthours,2026-02-06 10:00:00,15836.0
2026-02-06T10,CAL,California,TI,Total interchange,-8048,megawatthours,2026-02-06 10:00:00,-8048.0
2026-02-06T09,CAL,California,D,Demand,25632,megawatthours,2026-02-06 09:00:00,25632.0
2026-02-06T09,CAL,California,DF,Day-ahead demand forecast,25938,megawatthours,2026-02-06 09:00:00,25938.0
2026-02-06T09,CAL,California,NG,Net generation,16695,megawatthours,2026-02-06 09:00:00,16695.0
2026-02-06T09,CAL,California,TI,Total interchange,-8230,megawatthours,2026-02-06 09:00:00,-8230.0
2026-02-06T08,CAL,California,D,Demand,24642,megawatthours,2026-02-06 08:00:00,24642.0
2026-02-06T08,CAL,California,DF,Day-ahead demand forecast,26970,megawatthours,2026-02-06 08:00:00,26970.0
2026-02-06T08,CAL,California,NG,Net generation,17133,megawatthours,2026-02-06 08:00:00,17133.0
2026-02-06T08,CAL,California,TI,Total interchange,-8358,megawatthours,2026-02-06 08:00:00,-8358.0
2026-02-06T07,CAL,California,D,Demand,27863,megawatthours,2026-02-06 07:00:00,27863.0
2026-02-06T07,CAL,California,DF,Day-ahead demand forecast,28702,megawatthours,2026-02-06 07:00:00,28702.0
2026-02-06T07,CAL,California,NG,Net generation,18662,megawatthours,2026-02-06 07:00:00,18662.0
2026-02-06T07,CAL,California,TI,Total interchange,-8562,megawatthours,2026-02-06 07:00:00,-8562.0
2026-02-06T06,CAL,California,D,Demand,29105,megawatthours,2026-02-06 06:00:00,29105.0
2026-02-06T06,CAL,California,DF,Day-ahead demand forecast,30309,megawatthours,2026-02-06 06:00:00,30309.0
2026-02-06T06,CAL,California,NG,Net generation,20932,megawatthours,2026-02-06 06:00:00,20932.0
2026-02-06T06,CAL,California,TI,Total interchange,-7435,megawatthours,2026-02-06 06:00:00,-7435.0
2026-02-06T05,CAL,California,D,Demand,29969,megawatthours,2026-02-06 05:00:00,29969.0
2026-02-06T05,CAL,California,DF,Day-ahead demand forecast,31168,megawatthours,2026-02-06 05:00:00,31168.0
2026-02-06T05,CAL,California,NG,Net generation,21798,megawatthours,2026-02-06 05:00:00,21798.0
2026-02-06T05,CAL,California,TI,Total interchange,-7502,megawatthours,2026-02-06 05:00:00,-7502.0
2026-02-06T04,CAL,California,D,Demand,31059,megawatthours,2026-02-06 04:00:00,31059.0
2026-02-06T04,CAL,California,DF,Day-ahead demand forecast,31939,megawatthours,2026-02-06 04:00:00,31939.0
2026-02-06T04,CAL,California,NG,Net generation,22402,megawatthours,2026-02-06 04:00:00,22402.0
2026-02-06T04,CAL,California,TI,Total interchange,-7629,megawatthours,2026-02-06 04:00:00,-7629.0
2026-02-06T03,CAL,California,D,Demand,31883,megawatthours,2026-02-06 03:00:00,31883.0
2026-02-06T03,CAL,California,DF,Day-ahead demand forecast,32556,megawatthours,2026-02-06 03:00:00,32556.0
2026-02-06T03,CAL,California,NG,Net generation,22985,megawatthours,2026-02-06 03:00:00,22985.0
2026-02-06T03,CAL,California,TI,Total interchange,-7835,megawatthours,2026-02-06 03:00:00,-7835.0
2026-02-06T02,CAL,California,D,Demand,31403,megawatthours,2026-02-06 02:00:00,31403.0
2026-02-06T02,CAL,California,DF,Day-ahead demand forecast,31771,megawatthours,2026-02-06 02:00:00,31771.0
2026-02-06T02,CAL,California,NG,Net generation,22755,megawatthours,2026-02-06 02:00:00,22755.0
2026-02-06T02,CAL,California,TI,Total interchange,-7493,megawatthours,2026-02-06 02:00:00,-7493.0
2026-02-06T01,CAL,California,D,Demand,29909,megawatthours,2026-02-06 01:00:00,29909.0
2026-02-06T01,CAL,California,DF,Day-ahead demand forecast,29496,megawatthours,2026-02-06 01:00:00,29496.0
2026-02-06T01,CAL,California,NG,Net generation,21266,megawatthours,2026-02-06 01:00:00,21266.0
2026-02-06T01,CAL,California,TI,Total interchange,-7057,megawatthours,2026-02-06 01:00:00,-7057.0
2026-02-06T00,CAL,California,D,Demand,28472,megawatthours,2026-02-06 00:00:00,28472.0
2026-02-06T00,CAL,California,DF,Day-ahead demand forecast,27616,megawatthours,2026-02-06 00:00:00,27616.0
2026-02-06T00,CAL,California,NG,Net generation,20707,megawatthours,2026-02-06 00:00:00,20707.0
2026-02-06T00,CAL,California,TI,Total interchange,-5766,megawatthours,2026-02-06 00:00:00,-5766.0
2026-02-05T23,CAL,California,D,Demand,28004,megawatthours,2026-02-05 23:00:00,28004.0
2026-02-05T23,CAL,California,DF,Day-ahead demand forecast,26014,megawatthours,2026-02-05 23:00:00,26014.0
2026-02-05T23,CAL,California,NG,Net generation,19839,megawatthours,2026-02-05 23:00:00,19839.0
2026-02-05T23,CAL,California,TI,Total interchange,-5006,megawatthours,2026-02-05 23:00:00,-5006.0
2026-02-05T22,CAL,California,D,Demand,28514,megawatthours,2026-02-05 22:00:00,28514.0
2026-02-05T22,CAL,California,DF,Day-ahead demand forecast,24467,megawatthours,2026-02-05 22:00:00,24467.0
2026-02-05T22,CAL,California,NG,Net generation,18746,megawatthours,2026-02-05 22:00:00,18746.0
2026-02-05T22,CAL,California,TI,Total interchange,-4639,megawatthours,2026-02-05 22:00:00,-4639.0
2026-02-05T21,CAL,California,D,Demand,31139,megawatthours,2026-02-05 21:00:00,31139.0
2026-02-05T21,CAL,California,DF,Day-ahead demand forecast,23721,megawatthours,2026-02-05 21:00:00,23721.0
2026-02-05T21,CAL,California,NG,Net generation,17497,megawatthours,2026-02-05 21:00:00,17497.0
2026-02-05T21,CAL,California,TI,Total interchange,-5109,megawatthours,2026-02-05 21:00:00,-5109.0
2026-02-05T20,CAL,California,D,Demand,31327,megawatthours,2026-02-05 20:00:00,31327.0
2026-02-05T20,CAL,California,DF,Day-ahead demand forecast,24046,megawatthours,2026-02-05 20:00:00,24046.0
2026-02-05T20,CAL,California,NG,Net generation,17859,megawatthours,2026-02-05 20:00:00,17859.0
2026-02-05T20,CAL,California,TI,Total interchange,-4768,megawatthours,2026-02-05 20:00:00,-4768.0
2026-02-05T19,CAL,California,D,Demand,31905,megawatthours,2026-02-05 19:00:00,31905.0
2026-02-05T19,CAL,California,DF,Day-ahead demand forecast,25231,megawatthours,2026-02-05 19:00:00,25231.0
2026-02-05T19,CAL,California,NG,Net generation,18631,megawatthours,2026-02-05 19:00:00,18631.0
2026-02-05T19,CAL,California,TI,Total interchange,-5311,megawatthours,2026-02-05 19:00:00,-5311.0
2026-02-05T18,CAL,California,D,Demand,31995,megawatthours,2026-02-05 18:00:00,31995.0
2026-02-05T18,CAL,California,DF,Day-ahead demand forecast,26901,megawatthours,2026-02-05 18:00:00,26901.0
2026-02-05T18,CAL,California,NG,Net generation,19900,megawatthours,2026-02-05 18:00:00,19900.0
2026-02-05T18,CAL,California,TI,Total interchange,-5238,megawatthours,2026-02-05 18:00:00,-5238.0
2026-02-05T17,CAL,California,D,Demand,31418,megawatthours,2026-02-05 17:00:00,31418.0
2026-02-05T17,CAL,California,DF,Day-ahead demand forecast,28566,megawatthours,2026-02-05 17:00:00,28566.0
2026-02-05T17,CAL,California,NG,Net generation,20198,megawatthours,2026-02-05 17:00:00,20198.0
2026-02-05T17,CAL,California,TI,Total interchange,-7112,megawatthours,2026-02-05 17:00:00,-7112.0
2026-02-05T16,CAL,California,D,Demand,31122,megawatthours,2026-02-05 16:00:00,31122.0
2026-02-05T16,CAL,California,DF,Day-ahead demand forecast,30084,megawatthours,2026-02-05 16:00:00,30084.0
2026-02-05T16,CAL,California,NG,Net generation,20853,megawatthours,2026-02-05 16:00:00,20853.0
2026-02-05T16,CAL,California,TI,Total interchange,-8893,megawatthours,2026-02-05 16:00:00,-8893.0
2026-02-05T15,CAL,California,D,Demand,29603,megawatthours,2026-02-05 15:00:00,29603.0
2026-02-05T15,CAL,California,DF,Day-ahead demand forecast,28801,megawatthours,2026-02-05 15:00:00,28801.0
2026-02-05T15,CAL,California,NG,Net generation,19402,megawatthours,2026-02-05 15:00:00,19402.0
2026-02-05T15,CAL,California,TI,Total interchange,-8838,megawatthours,2026-02-05 15:00:00,-8838.0
2026-02-05T14,CAL,California,D,Demand,26969,megawatthours,2026-02-05 14:00:00,26969.0
2026-02-05T14,CAL,California,DF,Day-ahead demand forecast,26236,megawatthours,2026-02-05 14:00:00,26236.0
2026-02-05T14,CAL,California,NG,Net generation,16137,megawatthours,2026-02-05 14:00:00,16137.0
2026-02-05T14,CAL,California,TI,Total interchange,-9696,megawatthours,2026-02-05 14:00:00,-9696.0
2026-02-05T13,CAL,California,D,Demand,25156,megawatthours,2026-02-05 13:00:00,25156.0
2026-02-05T13,CAL,California,DF,Day-ahead demand forecast,24569,megawatthours,2026-02-05 13:00:00,24569.0
2026-02-05T13,CAL,California,NG,Net generation,14635,megawatthours,2026-02-05 13:00:00,14635.0
2026-02-05T13,CAL,California,TI,Total interchange,-9426,megawatthours,2026-02-05 13:00:00,-9426.0
2026-02-05T12,CAL,California,D,Demand,24735,megawatthours,2026-02-05 12:00:00,24735.0
2026-02-05T12,CAL,California,DF,Day-ahead demand forecast,24103,megawatthours,2026-02-05 12:00:00,24103.0
2026-02-05T12,CAL,California,NG,Net generation,14109,megawatthours,2026-02-05 12:00:00,14109.0
2026-02-05T12,CAL,California,TI,Total interchange,-9564,megawatthours,2026-02-05 12:00:00,-9564.0
2026-02-05T11,CAL,California,D,Demand,25109,megawatthours,2026-02-05 11:00:00,25109.0
2026-02-05T11,CAL,California,DF,Day-ahead demand forecast,24312,megawatthours,2026-02-05 11:00:00,24312.0
2026-02-05T11,CAL,California,NG,Net generation,14190,megawatthours,2026-02-05 11:00:00,14190.0
2026-02-05T11,CAL,California,TI,Total interchange,-9800,megawatthours,2026-02-05 11:00:00,-9800.0
2026-02-05T10,CAL,California,D,Demand,25731,megawatthours,2026-02-05 10:00:00,25731.0
2026-02-05T10,CAL,California,DF,Day-ahead demand forecast,25092,megawatthours,2026-02-05 10:00:00,25092.0
2026-02-05T10,CAL,California,NG,Net generation,14669,megawatthours,2026-02-05 10:00:00,14669.0
2026-02-05T10,CAL,California,TI,Total interchange,-10170,megawatthours,2026-02-05 10:00:00,-10170.0
2026-02-05T09,CAL,California,D,Demand,26579,megawatthours,2026-02-05 09:00:00,26579.0
2026-02-05T09,CAL,California,DF,Day-ahead demand forecast,26151,megawatthours,2026-02-05 09:00:00,26151.0
2026-02-05T09,CAL,California,NG,Net generation,15823,megawatthours,2026-02-05 09:00:00,15823.0
2026-02-05T09,CAL,California,TI,Total interchange,-10087,megawatthours,2026-02-05 09:00:00,-10087.0
2026-02-05T08,CAL,California,D,Demand,27005,megawatthours,2026-02-05 08:00:00,27005.0
2026-02-05T08,CAL,California,DF,Day-ahead demand forecast,27203,megawatthours,2026-02-05 08:00:00,27203.0
2026-02-05T08,CAL,California,NG,Net generation,15985,megawatthours,2026-02-05 08:00:00,15985.0
2026-02-05T08,CAL,California,TI,Total interchange,-10104,megawatthours,2026-02-05 08:00:00,-10104.0
2026-02-05T07,CAL,California,D,Demand,28435,megawatthours,2026-02-05 07:00:00,28435.0
2026-02-05T07,CAL,California,DF,Day-ahead demand forecast,29004,megawatthours,2026-02-05 07:00:00,29004.0
2026-02-05T07,CAL,California,NG,Net generation,17621,megawatthours,2026-02-05 07:00:00,17621.0
2026-02-05T07,CAL,California,TI,Total interchange,-10089,megawatthours,2026-02-05 07:00:00,-10089.0
2026-02-05T06,CAL,California,D,Demand,30092,megawatthours,2026-02-05 06:00:00,30092.0
2026-02-05T06,CAL,California,DF,Day-ahead demand forecast,30741,megawatthours,2026-02-05 06:00:00,30741.0
2026-02-05T06,CAL,California,NG,Net generation,20581,megawatthours,2026-02-05 06:00:00,20581.0
2026-02-05T06,CAL,California,TI,Total interchange,-8840,megawatthours,2026-02-05 06:00:00,-8840.0
2026-02-05T05,CAL,California,D,Demand,31110,megawatthours,2026-02-05 05:00:00,31110.0
2026-02-05T05,CAL,California,DF,Day-ahead demand forecast,31665,megawatthours,2026-02-05 05:00:00,31665.0
2026-02-05T05,CAL,California,NG,Net generation,21457,megawatthours,2026-02-05 05:00:00,21457.0
2026-02-05T05,CAL,California,TI,Total interchange,-8774,megawatthours,2026-02-05 05:00:00,-8774.0
2026-02-05T04,CAL,California,D,Demand,31722,megawatthours,2026-02-05 04:00:00,31722.0
2026-02-05T04,CAL,California,DF,Day-ahead demand forecast,32255,megawatthours,2026-02-05 04:00:00,32255.0
2026-02-05T04,CAL,California,NG,Net generation,22159,megawatthours,2026-02-05 04:00:00,22159.0
2026-02-05T04,CAL,California,TI,Total interchange,-8553,megawatthours,2026-02-05 04:00:00,-8553.0
2026-02-05T03,CAL,California,D,Demand,32535,megawatthours,2026-02-05 03:00:00,32535.0
2026-02-05T03,CAL,California,DF,Day-ahead demand forecast,32967,megawatthours,2026-02-05 03:00:00,32967.0
2026-02-05T03,CAL,California,NG,Net generation,23192,megawatthours,2026-02-05 03:00:00,23192.0
2026-02-05T03,CAL,California,TI,Total interchange,-8363,megawatthours,2026-02-05 03:00:00,-8363.0
2026-02-05T02,CAL,California,D,Demand,32527,megawatthours,2026-02-05 02:00:00,32527.0
2026-02-05T02,CAL,California,DF,Day-ahead demand forecast,32288,megawatthours,2026-02-05 02:00:00,32288.0
2026-02-05T02,CAL,California,NG,Net generation,23262,megawatthours,2026-02-05 02:00:00,23262.0
2026-02-05T02,CAL,California,TI,Total interchange,-8087,megawatthours,2026-02-05 02:00:00,-8087.0
2026-02-05T01,CAL,California,D,Demand,30793,megawatthours,2026-02-05 01:00:00,30793.0
2026-02-05T01,CAL,California,DF,Day-ahead demand forecast,29927,megawatthours,2026-02-05 01:00:00,29927.0
2026-02-05T01,CAL,California,NG,Net generation,22244,megawatthours,2026-02-05 01:00:00,22244.0
2026-02-05T01,CAL,California,TI,Total interchange,-6870,megawatthours,2026-02-05 01:00:00,-6870.0
2026-02-05T00,CAL,California,D,Demand,30579,megawatthours,2026-02-05 00:00:00,30579.0
2026-02-05T00,CAL,California,DF,Day-ahead demand forecast,27272,megawatthours,2026-02-05 00:00:00,27272.0
2026-02-05T00,CAL,California,NG,Net generation,22668,megawatthours,2026-02-05 00:00:00,22668.0
2026-02-05T00,CAL,California,TI,Total interchange,-3482,megawatthours,2026-02-05 00:00:00,-3482.0
2026-02-04T23,CAL,California,D,Demand,31380,megawatthours,2026-02-04 23:00:00,31380.0
2026-02-04T23,CAL,California,DF,Day-ahead demand forecast,25077,megawatthours,2026-02-04 23:00:00,25077.0
2026-02-04T23,CAL,California,NG,Net generation,20679,megawatthours,2026-02-04 23:00:00,20679.0
2026-02-04T23,CAL,California,TI,Total interchange,-3363,megawatthours,2026-02-04 23:00:00,-3363.0
2026-02-04T22,CAL,California,D,Demand,32186,megawatthours,2026-02-04 22:00:00,32186.0
2026-02-04T22,CAL,California,DF,Day-ahead demand forecast,23503,megawatthours,2026-02-04 22:00:00,23503.0
2026-02-04T22,CAL,California,NG,Net generation,19269,megawatthours,2026-02-04 22:00:00,19269.0
2026-02-04T22,CAL,California,TI,Total interchange,-3219,megawatthours,2026-02-04 22:00:00,-3219.0
2026-02-04T21,CAL,California,D,Demand,31729,megawatthours,2026-02-04 21:00:00,31729.0
2026-02-04T21,CAL,California,DF,Day-ahead demand forecast,23057,megawatthours,2026-02-04 21:00:00,23057.0
2026-02-04T21,CAL,California,NG,Net generation,18549,megawatthours,2026-02-04 21:00:00,18549.0
2026-02-04T21,CAL,California,TI,Total interchange,-3442,megawatthours,2026-02-04 21:00:00,-3442.0
2026-02-04T20,CAL,California,D,Demand,32830,megawatthours,2026-02-04 20:00:00,32830.0
2026-02-04T20,CAL,California,DF,Day-ahead demand forecast,23507,megawatthours,2026-02-04 20:00:00,23507.0
2026-02-04T20,CAL,California,NG,Net generation,17369,megawatthours,2026-02-04 20:00:00,17369.0
2026-02-04T20,CAL,California,TI,Total interchange,-5099,megawatthours,2026-02-04 20:00:00,-5099.0
2026-02-04T19,CAL,California,D,Demand,32864,megawatthours,2026-02-04 19:00:00,32864.0
2026-02-04T19,CAL,California,DF,Day-ahead demand forecast,24799,megawatthours,2026-02-04 19:00:00,24799.0
2026-02-04T19,CAL,California,NG,Net generation,18479,megawatthours,2026-02-04 19:00:00,18479.0
2026-02-04T19,CAL,California,TI,Total interchange,-5267,megawatthours,2026-02-04 19:00:00,-5267.0
2026-02-04T18,CAL,California,D,Demand,33503,megawatthours,2026-02-04 18:00:00,33503.0
2026-02-04T18,CAL,California,DF,Day-ahead demand forecast,26597,megawatthours,2026-02-04 18:00:00,26597.0
2026-02-04T18,CAL,California,NG,Net generation,19600,megawatthours,2026-02-04 18:00:00,19600.0
2026-02-04T18,CAL,California,TI,Total interchange,-6048,megawatthours,2026-02-04 18:00:00,-6048.0
2026-02-04T17,CAL,California,D,Demand,32426,megawatthours,2026-02-04 17:00:00,32426.0
2026-02-04T17,CAL,California,DF,Day-ahead demand forecast,28635,megawatthours,2026-02-04 17:00:00,28635.0
2026-02-04T17,CAL,California,NG,Net generation,21562,megawatthours,2026-02-04 17:00:00,21562.0
2026-02-04T17,CAL,California,TI,Total interchange,-6645,megawatthours,2026-02-04 17:00:00,-6645.0
2026-02-04T16,CAL,California,D,Demand,30972,megawatthours,2026-02-04 16:00:00,30972.0
2026-02-04T16,CAL,California,DF,Day-ahead demand forecast,29785,megawatthours,2026-02-04 16:00:00,29785.0
2026-02-04T16,CAL,California,NG,Net generation,20676,megawatthours,2026-02-04 16:00:00,20676.0
2026-02-04T16,CAL,California,TI,Total interchange,-9227,megawatthours,2026-02-04 16:00:00,-9227.0
2026-02-04T15,CAL,California,D,Demand,29362,megawatthours,2026-02-04 15:00:00,29362.0
2026-02-04T15,CAL,California,DF,Day-ahead demand forecast,28555,megawatthours,2026-02-04 15:00:00,28555.0
2026-02-04T15,CAL,California,NG,Net generation,19804,megawatthours,2026-02-04 15:00:00,19804.0
2026-02-04T15,CAL,California,TI,Total interchange,-8704,megawatthours,2026-02-04 15:00:00,-8704.0
2026-02-04T14,CAL,California,D,Demand,26654,megawatthours,2026-02-04 14:00:00,26654.0
2026-02-04T14,CAL,California,DF,Day-ahead demand forecast,26096,megawatthours,2026-02-04 14:00:00,26096.0
2026-02-04T14,CAL,California,NG,Net generation,16567,megawatthours,2026-02-04 14:00:00,16567.0
2026-02-04T14,CAL,California,TI,Total interchange,-9463,megawatthours,2026-02-04 14:00:00,-9463.0
2026-02-04T13,CAL,California,D,Demand,25169,megawatthours,2026-02-04 13:00:00,25169.0
2026-02-04T13,CAL,California,DF,Day-ahead demand forecast,24427,megawatthours,2026-02-04 13:00:00,24427.0
2026-02-04T13,CAL,California,NG,Net generation,14328,megawatthours,2026-02-04 13:00:00,14328.0
2026-02-04T13,CAL,California,TI,Total interchange,-10037,megawatthours,2026-02-04 13:00:00,-10037.0
2026-02-04T12,CAL,California,D,Demand,25220,megawatthours,2026-02-04 12:00:00,25220.0
2026-02-04T12,CAL,California,DF,Day-ahead demand forecast,23910,megawatthours,2026-02-04 12:00:00,23910.0
2026-02-04T12,CAL,California,NG,Net generation,13824,megawatthours,2026-02-04 12:00:00,13824.0
2026-02-04T12,CAL,California,TI,Total interchange,-10029,megawatthours,2026-02-04 12:00:00,-10029.0
2026-02-04T11,CAL,California,D,Demand,25191,megawatthours,2026-02-04 11:00:00,25191.0
2026-02-04T11,CAL,California,DF,Day-ahead demand forecast,24213,megawatthours,2026-02-04 11:00:00,24213.0
2026-02-04T11,CAL,California,NG,Net generation,14066,megawatthours,2026-02-04 11:00:00,14066.0
2026-02-04T11,CAL,California,TI,Total interchange,-9888,megawatthours,2026-02-04 11:00:00,-9888.0
2026-02-04T10,CAL,California,D,Demand,25349,megawatthours,2026-02-04 10:00:00,25349.0
2026-02-04T10,CAL,California,DF,Day-ahead demand forecast,25019,megawatthours,2026-02-04 10:00:00,25019.0
2026-02-04T10,CAL,California,NG,Net generation,14870,megawatthours,2026-02-04 10:00:00,14870.0
2026-02-04T10,CAL,California,TI,Total interchange,-9723,megawatthours,2026-02-04 10:00:00,-9723.0
2026-02-04T09,CAL,California,D,Demand,26414,megawatthours,2026-02-04 09:00:00,26414.0
2026-02-04T09,CAL,California,DF,Day-ahead demand forecast,26088,megawatthours,2026-02-04 09:00:00,26088.0
2026-02-04T09,CAL,California,NG,Net generation,15687,megawatthours,2026-02-04 09:00:00,15687.0
2026-02-04T09,CAL,California,TI,Total interchange,-9887,megawatthours,2026-02-04 09:00:00,-9887.0
2026-02-04T08,CAL,California,D,Demand,27053,megawatthours,2026-02-04 08:00:00,27053.0
2026-02-04T08,CAL,California,DF,Day-ahead demand forecast,26726,megawatthours,2026-02-04 08:00:00,26726.0
2026-02-04T08,CAL,California,NG,Net generation,16771,megawatthours,2026-02-04 08:00:00,16771.0
2026-02-04T08,CAL,California,TI,Total interchange,-9439,megawatthours,2026-02-04 08:00:00,-9439.0
2026-02-04T07,CAL,California,D,Demand,28859,megawatthours,2026-02-04 07:00:00,28859.0
2026-02-04T07,CAL,California,DF,Day-ahead demand forecast,28482,megawatthours,2026-02-04 07:00:00,28482.0
2026-02-04T07,CAL,California,NG,Net generation,18068,megawatthours,2026-02-04 07:00:00,18068.0
2026-02-04T07,CAL,California,TI,Total interchange,-9979,megawatthours,2026-02-04 07:00:00,-9979.0
2026-02-04T06,CAL,California,D,Demand,30484,megawatthours,2026-02-04 06:00:00,30484.0
2026-02-04T06,CAL,California,DF,Day-ahead demand forecast,30114,megawatthours,2026-02-04 06:00:00,30114.0
2026-02-04T06,CAL,California,NG,Net generation,21000,megawatthours,2026-02-04 06:00:00,21000.0
2026-02-04T06,CAL,California,TI,Total interchange,-8669,megawatthours,2026-02-04 06:00:00,-8669.0
2026-02-04T05,CAL,California,D,Demand,31240,megawatthours,2026-02-04 05:00:00,31240.0
2026-02-04T05,CAL,California,DF,Day-ahead demand forecast,31213,megawatthours,2026-02-04 05:00:00,31213.0
2026-02-04T05,CAL,California,NG,Net generation,22269,megawatthours,2026-02-04 05:00:00,22269.0
2026-02-04T05,CAL,California,TI,Total interchange,-8274,megawatthours,2026-02-04 05:00:00,-8274.0
2026-02-04T04,CAL,California,D,Demand,31932,megawatthours,2026-02-04 04:00:00,31932.0
2026-02-04T04,CAL,California,DF,Day-ahead demand forecast,31897,megawatthours,2026-02-04 04:00:00,31897.0
2026-02-04T04,CAL,California,NG,Net generation,23223,megawatthours,2026-02-04 04:00:00,23223.0
2026-02-04T04,CAL,California,TI,Total interchange,-7646,megawatthours,2026-02-04 04:00:00,-7646.0
2026-02-04T03,CAL,California,D,Demand,32504,megawatthours,2026-02-04 03:00:00,32504.0
2026-02-04T03,CAL,California,DF,Day-ahead demand forecast,32663,megawatthours,2026-02-04 03:00:00,32663.0
2026-02-04T03,CAL,California,NG,Net generation,23789,megawatthours,2026-02-04 03:00:00,23789.0
2026-02-04T03,CAL,California,TI,Total interchange,-7669,megawatthours,2026-02-04 03:00:00,-7669.0
2026-02-04T02,CAL,California,D,Demand,32169,megawatthours,2026-02-04 02:00:00,32169.0
2026-02-04T02,CAL,California,DF,Day-ahead demand forecast,32144,megawatthours,2026-02-04 02:00:00,32144.0
2026-02-04T02,CAL,California,NG,Net generation,23211,megawatthours,2026-02-04 02:00:00,23211.0
2026-02-04T02,CAL,California,TI,Total interchange,-7965,megawatthours,2026-02-04 02:00:00,-7965.0
2026-02-04T01,CAL,California,D,Demand,30215,megawatthours,2026-02-04 01:00:00,30215.0
2026-02-04T01,CAL,California,DF,Day-ahead demand forecast,29766,megawatthours,2026-02-04 01:00:00,29766.0
2026-02-04T01,CAL,California,NG,Net generation,22274,megawatthours,2026-02-04 01:00:00,22274.0
2026-02-04T01,CAL,California,TI,Total interchange,-6305,megawatthours,2026-02-04 01:00:00,-6305.0
2026-02-04T00,CAL,California,D,Demand,30492,megawatthours,2026-02-04 00:00:00,30492.0
2026-02-04T00,CAL,California,DF,Day-ahead demand forecast,27361,megawatthours,2026-02-04 00:00:00,27361.0
2026-02-04T00,CAL,California,NG,Net generation,21903,megawatthours,2026-02-04 00:00:00,21903.0
2026-02-04T00,CAL,California,TI,Total interchange,-3645,megawatthours,2026-02-04 00:00:00,-3645.0
2026-02-03T23,CAL,California,D,Demand,32546,megawatthours,2026-02-03 23:00:00,32546.0
2026-02-03T23,CAL,California,DF,Day-ahead demand forecast,25114,megawatthours,2026-02-03 23:00:00,25114.0
2026-02-03T23,CAL,California,NG,Net generation,19806,megawatthours,2026-02-03 23:00:00,19806.0
2026-02-03T23,CAL,California,TI,Total interchange,-3790,megawatthours,2026-02-03 23:00:00,-3790.0
2026-02-03T22,CAL,California,D,Demand,32601,megawatthours,2026-02-03 22:00:00,32601.0
2026-02-03T22,CAL,California,DF,Day-ahead demand forecast,23736,megawatthours,2026-02-03 22:00:00,23736.0
2026-02-03T22,CAL,California,NG,Net generation,18456,megawatthours,2026-02-03 22:00:00,18456.0
2026-02-03T22,CAL,California,TI,Total interchange,-3353,megawatthours,2026-02-03 22:00:00,-3353.0
2026-02-03T21,CAL,California,D,Demand,31592,megawatthours,2026-02-03 21:00:00,31592.0
2026-02-03T21,CAL,California,DF,Day-ahead demand forecast,23261,megawatthours,2026-02-03 21:00:00,23261.0
2026-02-03T21,CAL,California,NG,Net generation,18455,megawatthours,2026-02-03 21:00:00,18455.0
2026-02-03T21,CAL,California,TI,Total interchange,-2707,megawatthours,2026-02-03 21:00:00,-2707.0
2026-02-03T20,CAL,California,D,Demand,31788,megawatthours,2026-02-03 20:00:00,31788.0
2026-02-03T20,CAL,California,DF,Day-ahead demand forecast,23881,megawatthours,2026-02-03 20:00:00,23881.0
2026-02-03T20,CAL,California,NG,Net generation,18400,megawatthours,2026-02-03 20:00:00,18400.0
2026-02-03T20,CAL,California,TI,Total interchange,-3019,megawatthours,2026-02-03 20:00:00,-3019.0
2026-02-03T19,CAL,California,D,Demand,31953,megawatthours,2026-02-03 19:00:00,31953.0
2026-02-03T19,CAL,California,DF,Day-ahead demand forecast,25234,megawatthours,2026-02-03 19:00:00,25234.0
2026-02-03T19,CAL,California,NG,Net generation,19533,megawatthours,2026-02-03 19:00:00,19533.0
2026-02-03T19,CAL,California,TI,Total interchange,-3134,megawatthours,2026-02-03 19:00:00,-3134.0
2026-02-03T18,CAL,California,D,Demand,32911,megawatthours,2026-02-03 18:00:00,32911.0
2026-02-03T18,CAL,California,DF,Day-ahead demand forecast,27153,megawatthours,2026-02-03 18:00:00,27153.0
2026-02-03T18,CAL,California,NG,Net generation,20716,megawatthours,2026-02-03 18:00:00,20716.0
2026-02-03T18,CAL,California,TI,Total interchange,-3963,megawatthours,2026-02-03 18:00:00,-3963.0
2026-02-03T17,CAL,California,D,Demand,31446,megawatthours,2026-02-03 17:00:00,31446.0
2026-02-03T17,CAL,California,DF,Day-ahead demand forecast,28899,megawatthours,2026-02-03 17:00:00,28899.0
2026-02-03T17,CAL,California,NG,Net generation,22218,megawatthours,2026-02-03 17:00:00,22218.0
2026-02-03T17,CAL,California,TI,Total interchange,-4502,megawatthours,2026-02-03 17:00:00,-4502.0
2026-02-03T16,CAL,California,D,Demand,30305,megawatthours,2026-02-03 16:00:00,30305.0
2026-02-03T16,CAL,California,DF,Day-ahead demand forecast,29353,megawatthours,2026-02-03 16:00:00,29353.0
2026-02-03T16,CAL,California,NG,Net generation,22713,megawatthours,2026-02-03 16:00:00,22713.0
2026-02-03T16,CAL,California,TI,Total interchange,-6288,megawatthours,2026-02-03 16:00:00,-6288.0
2026-02-03T15,CAL,California,D,Demand,28837,megawatthours,2026-02-03 15:00:00,28837.0
2026-02-03T15,CAL,California,DF,Day-ahead demand forecast,28130,megawatthours,2026-02-03 15:00:00,28130.0
2026-02-03T15,CAL,California,NG,Net generation,22451,megawatthours,2026-02-03 15:00:00,22451.0
2026-02-03T15,CAL,California,TI,Total interchange,-5519,megawatthours,2026-02-03 15:00:00,-5519.0
2026-02-03T14,CAL,California,D,Demand,26198,megawatthours,2026-02-03 14:00:00,26198.0
2026-02-03T14,CAL,California,DF,Day-ahead demand forecast,25607,megawatthours,2026-02-03 14:00:00,25607.0
2026-02-03T14,CAL,California,NG,Net generation,18055,megawatthours,2026-02-03 14:00:00,18055.0
2026-02-03T14,CAL,California,TI,Total interchange,-7398,megawatthours,2026-02-03 14:00:00,-7398.0
2026-02-03T13,CAL,California,D,Demand,25095,megawatthours,2026-02-03 13:00:00,25095.0
2026-02-03T13,CAL,California,DF,Day-ahead demand forecast,23922,megawatthours,2026-02-03 13:00:00,23922.0
2026-02-03T13,CAL,California,NG,Net generation,15504,megawatthours,2026-02-03 13:00:00,15504.0
2026-02-03T13,CAL,California,TI,Total interchange,-8428,megawatthours,2026-02-03 13:00:00,-8428.0
2026-02-03T12,CAL,California,D,Demand,24760,megawatthours,2026-02-03 12:00:00,24760.0
2026-02-03T12,CAL,California,DF,Day-ahead demand forecast,23358,megawatthours,2026-02-03 12:00:00,23358.0
2026-02-03T12,CAL,California,NG,Net generation,14895,megawatthours,2026-02-03 12:00:00,14895.0
2026-02-03T12,CAL,California,TI,Total interchange,-8510,megawatthours,2026-02-03 12:00:00,-8510.0
2026-02-03T11,CAL,California,D,Demand,25182,megawatthours,2026-02-03 11:00:00,25182.0
2026-02-03T11,CAL,California,DF,Day-ahead demand forecast,23575,megawatthours,2026-02-03 11:00:00,23575.0
2026-02-03T11,CAL,California,NG,Net generation,14580,megawatthours,2026-02-03 11:00:00,14580.0
2026-02-03T11,CAL,California,TI,Total interchange,-9184,megawatthours,2026-02-03 11:00:00,-9184.0
2026-02-03T10,CAL,California,D,Demand,25365,megawatthours,2026-02-03 10:00:00,25365.0
2026-02-03T10,CAL,California,DF,Day-ahead demand forecast,24360,megawatthours,2026-02-03 10:00:00,24360.0
2026-02-03T10,CAL,California,NG,Net generation,15559,megawatthours,2026-02-03 10:00:00,15559.0
2026-02-03T10,CAL,California,TI,Total interchange,-8877,megawatthours,2026-02-03 10:00:00,-8877.0
2026-02-03T09,CAL,California,D,Demand,26256,megawatthours,2026-02-03 09:00:00,26256.0
2026-02-03T09,CAL,California,DF,Day-ahead demand forecast,25303,megawatthours,2026-02-03 09:00:00,25303.0
2026-02-03T09,CAL,California,NG,Net generation,16061,megawatthours,2026-02-03 09:00:00,16061.0
2026-02-03T09,CAL,California,TI,Total interchange,-9339,megawatthours,2026-02-03 09:00:00,-9339.0
2026-02-03T08,CAL,California,D,Demand,26677,megawatthours,2026-02-03 08:00:00,26677.0
2026-02-03T08,CAL,California,DF,Day-ahead demand forecast,26633,megawatthours,2026-02-03 08:00:00,26633.0
2026-02-03T08,CAL,California,NG,Net generation,16976,megawatthours,2026-02-03 08:00:00,16976.0
2026-02-03T08,CAL,California,TI,Total interchange,-9063,megawatthours,2026-02-03 08:00:00,-9063.0
2026-02-03T07,CAL,California,D,Demand,28343,megawatthours,2026-02-03 07:00:00,28343.0
2026-02-03T07,CAL,California,DF,Day-ahead demand forecast,28390,megawatthours,2026-02-03 07:00:00,28390.0
2026-02-03T07,CAL,California,NG,Net generation,18935,megawatthours,2026-02-03 07:00:00,18935.0
2026-02-03T07,CAL,California,TI,Total interchange,-8816,megawatthours,2026-02-03 07:00:00,-8816.0
2026-02-03T06,CAL,California,D,Demand,29982,megawatthours,2026-02-03 06:00:00,29982.0
2026-02-03T06,CAL,California,DF,Day-ahead demand forecast,30059,megawatthours,2026-02-03 06:00:00,30059.0
2026-02-03T06,CAL,California,NG,Net generation,21551,megawatthours,2026-02-03 06:00:00,21551.0
2026-02-03T06,CAL,California,TI,Total interchange,-7905,megawatthours,2026-02-03 06:00:00,-7905.0
2026-02-03T05,CAL,California,D,Demand,30920,megawatthours,2026-02-03 05:00:00,30920.0
2026-02-03T05,CAL,California,DF,Day-ahead demand forecast,30904,megawatthours,2026-02-03 05:00:00,30904.0
2026-02-03T05,CAL,California,NG,Net generation,21791,megawatthours,2026-02-03 05:00:00,21791.0
2026-02-03T05,CAL,California,TI,Total interchange,-8242,megawatthours,2026-02-03 05:00:00,-8242.0
2026-02-03T04,CAL,California,D,Demand,31413,megawatthours,2026-02-03 04:00:00,31413.0
2026-02-03T04,CAL,California,DF,Day-ahead demand forecast,31627,megawatthours,2026-02-03 04:00:00,31627.0
2026-02-03T04,CAL,California,NG,Net generation,21898,megawatthours,2026-02-03 04:00:00,21898.0
2026-02-03T04,CAL,California,TI,Total interchange,-8422,megawatthours,2026-02-03 04:00:00,-8422.0
2026-02-03T03,CAL,California,D,Demand,32182,megawatthours,2026-02-03 03:00:00,32182.0
2026-02-03T03,CAL,California,DF,Day-ahead demand forecast,32293,megawatthours,2026-02-03 03:00:00,32293.0
2026-02-03T03,CAL,California,NG,Net generation,22283,megawatthours,2026-02-03 03:00:00,22283.0
2026-02-03T03,CAL,California,TI,Total interchange,-8806,megawatthours,2026-02-03 03:00:00,-8806.0
2026-02-03T02,CAL,California,D,Demand,31463,megawatthours,2026-02-03 02:00:00,31463.0
2026-02-03T02,CAL,California,DF,Day-ahead demand forecast,31405,megawatthours,2026-02-03 02:00:00,31405.0
2026-02-03T02,CAL,California,NG,Net generation,21355,megawatthours,2026-02-03 02:00:00,21355.0
2026-02-03T02,CAL,California,TI,Total interchange,-8986,megawatthours,2026-02-03 02:00:00,-8986.0
2026-02-03T01,CAL,California,D,Demand,29528,megawatthours,2026-02-03 01:00:00,29528.0
2026-02-03T01,CAL,California,DF,Day-ahead demand forecast,28976,megawatthours,2026-02-03 01:00:00,28976.0
2026-02-03T01,CAL,California,NG,Net generation,20059,megawatthours,2026-02-03 01:00:00,20059.0
2026-02-03T01,CAL,California,TI,Total interchange,-7666,megawatthours,2026-02-03 01:00:00,-7666.0
2026-02-03T00,CAL,California,D,Demand,29539,megawatthours,2026-02-03 00:00:00,29539.0
2026-02-03T00,CAL,California,DF,Day-ahead demand forecast,26247,megawatthours,2026-02-03 00:00:00,26247.0
2026-02-03T00,CAL,California,NG,Net generation,20357,megawatthours,2026-02-03 00:00:00,20357.0
2026-02-03T00,CAL,California,TI,Total interchange,-3844,megawatthours,2026-02-03 00:00:00,-3844.0
2026-02-02T23,CAL,California,D,Demand,31126,megawatthours,2026-02-02 23:00:00,31126.0
2026-02-02T23,CAL,California,DF,Day-ahead demand forecast,24053,megawatthours,2026-02-02 23:00:00,24053.0
2026-02-02T23,CAL,California,NG,Net generation,18502,megawatthours,2026-02-02 23:00:00,18502.0
2026-02-02T23,CAL,California,TI,Total interchange,-3760,megawatthours,2026-02-02 23:00:00,-3760.0
2026-02-02T22,CAL,California,D,Demand,31463,megawatthours,2026-02-02 22:00:00,31463.0
2026-02-02T22,CAL,California,DF,Day-ahead demand forecast,22893,megawatthours,2026-02-02 22:00:00,22893.0
2026-02-02T22,CAL,California,NG,Net generation,17174,megawatthours,2026-02-02 22:00:00,17174.0
2026-02-02T22,CAL,California,TI,Total interchange,-4500,megawatthours,2026-02-02 22:00:00,-4500.0
2026-02-02T21,CAL,California,D,Demand,31326,megawatthours,2026-02-02 21:00:00,31326.0
2026-02-02T21,CAL,California,DF,Day-ahead demand forecast,22770,megawatthours,2026-02-02 21:00:00,22770.0
2026-02-02T21,CAL,California,NG,Net generation,17346,megawatthours,2026-02-02 21:00:00,17346.0
2026-02-02T21,CAL,California,TI,Total interchange,-4081,megawatthours,2026-02-02 21:00:00,-4081.0
2026-02-02T20,CAL,California,D,Demand,31441,megawatthours,2026-02-02 20:00:00,31441.0
2026-02-02T20,CAL,California,DF,Day-ahead demand forecast,23580,megawatthours,2026-02-02 20:00:00,23580.0
2026-02-02T20,CAL,California,NG,Net generation,18141,megawatthours,2026-02-02 20:00:00,18141.0
2026-02-02T20,CAL,California,TI,Total interchange,-4149,megawatthours,2026-02-02 20:00:00,-4149.0
2026-02-02T19,CAL,California,D,Demand,31778,megawatthours,2026-02-02 19:00:00,31778.0
2026-02-02T19,CAL,California,DF,Day-ahead demand forecast,25039,megawatthours,2026-02-02 19:00:00,25039.0
2026-02-02T19,CAL,California,NG,Net generation,19222,megawatthours,2026-02-02 19:00:00,19222.0
2026-02-02T19,CAL,California,TI,Total interchange,-4027,megawatthours,2026-02-02 19:00:00,-4027.0
2026-02-02T18,CAL,California,D,Demand,32193,megawatthours,2026-02-02 18:00:00,32193.0
2026-02-02T18,CAL,California,DF,Day-ahead demand forecast,27047,megawatthours,2026-02-02 18:00:00,27047.0
2026-02-02T18,CAL,California,NG,Net generation,21008,megawatthours,2026-02-02 18:00:00,21008.0
2026-02-02T18,CAL,California,TI,Total interchange,-4048,megawatthours,2026-02-02 18:00:00,-4048.0
2026-02-02T17,CAL,California,D,Demand,31038,megawatthours,2026-02-02 17:00:00,31038.0
2026-02-02T17,CAL,California,DF,Day-ahead demand forecast,28955,megawatthours,2026-02-02 17:00:00,28955.0
2026-02-02T17,CAL,California,NG,Net generation,21910,megawatthours,2026-02-02 17:00:00,21910.0
2026-02-02T17,CAL,California,TI,Total interchange,-5344,megawatthours,2026-02-02 17:00:00,-5344.0
2026-02-02T16,CAL,California,D,Demand,30281,megawatthours,2026-02-02 16:00:00,30281.0
2026-02-02T16,CAL,California,DF,Day-ahead demand forecast,29724,megawatthours,2026-02-02 16:00:00,29724.0
2026-02-02T16,CAL,California,NG,Net generation,21823,megawatthours,2026-02-02 16:00:00,21823.0
2026-02-02T16,CAL,California,TI,Total interchange,-7168,megawatthours,2026-02-02 16:00:00,-7168.0
2026-02-02T15,CAL,California,D,Demand,28754,megawatthours,2026-02-02 15:00:00,28754.0
2026-02-02T15,CAL,California,DF,Day-ahead demand forecast,28243,megawatthours,2026-02-02 15:00:00,28243.0
2026-02-02T15,CAL,California,NG,Net generation,20328,megawatthours,2026-02-02 15:00:00,20328.0
2026-02-02T15,CAL,California,TI,Total interchange,-7221,megawatthours,2026-02-02 15:00:00,-7221.0
2026-02-02T14,CAL,California,D,Demand,26088,megawatthours,2026-02-02 14:00:00,26088.0
2026-02-02T14,CAL,California,DF,Day-ahead demand forecast,25502,megawatthours,2026-02-02 14:00:00,25502.0
2026-02-02T14,CAL,California,NG,Net generation,16485,megawatthours,2026-02-02 14:00:00,16485.0
2026-02-02T14,CAL,California,TI,Total interchange,-8799,megawatthours,2026-02-02 14:00:00,-8799.0
2026-02-02T13,CAL,California,D,Demand,24301,megawatthours,2026-02-02 13:00:00,24301.0
2026-02-02T13,CAL,California,DF,Day-ahead demand forecast,23682,megawatthours,2026-02-02 13:00:00,23682.0
2026-02-02T13,CAL,California,NG,Net generation,14334,megawatthours,2026-02-02 13:00:00,14334.0
2026-02-02T13,CAL,California,TI,Total interchange,-9411,megawatthours,2026-02-02 13:00:00,-9411.0
2026-02-02T12,CAL,California,D,Demand,24291,megawatthours,2026-02-02 12:00:00,24291.0
2026-02-02T12,CAL,California,DF,Day-ahead demand forecast,23068,megawatthours,2026-02-02 12:00:00,23068.0
2026-02-02T12,CAL,California,NG,Net generation,13281,megawatthours,2026-02-02 12:00:00,13281.0
2026-02-02T12,CAL,California,TI,Total interchange,-9792,megawatthours,2026-02-02 12:00:00,-9792.0
2026-02-02T11,CAL,California,D,Demand,24621,megawatthours,2026-02-02 11:00:00,24621.0
2026-02-02T11,CAL,California,DF,Day-ahead demand forecast,23211,megawatthours,2026-02-02 11:00:00,23211.0
2026-02-02T11,CAL,California,NG,Net generation,13089,megawatthours,2026-02-02 11:00:00,13089.0
2026-02-02T11,CAL,California,TI,Total interchange,-10025,megawatthours,2026-02-02 11:00:00,-10025.0
2026-02-02T10,CAL,California,D,Demand,24615,megawatthours,2026-02-02 10:00:00,24615.0
2026-02-02T10,CAL,California,DF,Day-ahead demand forecast,23852,megawatthours,2026-02-02 10:00:00,23852.0
2026-02-02T10,CAL,California,NG,Net generation,13943,megawatthours,2026-02-02 10:00:00,13943.0
2026-02-02T10,CAL,California,TI,Total interchange,-9803,megawatthours,2026-02-02 10:00:00,-9803.0
2026-02-02T09,CAL,California,D,Demand,25375,megawatthours,2026-02-02 09:00:00,25375.0
2026-02-02T09,CAL,California,DF,Day-ahead demand forecast,24711,megawatthours,2026-02-02 09:00:00,24711.0
2026-02-02T09,CAL,California,NG,Net generation,14650,megawatthours,2026-02-02 09:00:00,14650.0
2026-02-02T09,CAL,California,TI,Total interchange,-9893,megawatthours,2026-02-02 09:00:00,-9893.0
2026-02-02T08,CAL,California,D,Demand,25834,megawatthours,2026-02-02 08:00:00,25834.0
2026-02-02T08,CAL,California,DF,Day-ahead demand forecast,25445,megawatthours,2026-02-02 08:00:00,25445.0
2026-02-02T08,CAL,California,NG,Net generation,15033,megawatthours,2026-02-02 08:00:00,15033.0
2026-02-02T08,CAL,California,TI,Total interchange,-10061,megawatthours,2026-02-02 08:00:00,-10061.0
2026-02-02T07,CAL,California,D,Demand,27444,megawatthours,2026-02-02 07:00:00,27444.0
2026-02-02T07,CAL,California,DF,Day-ahead demand forecast,26927,megawatthours,2026-02-02 07:00:00,26927.0
2026-02-02T07,CAL,California,NG,Net generation,16853,megawatthours,2026-02-02 07:00:00,16853.0
2026-02-02T07,CAL,California,TI,Total interchange,-9981,megawatthours,2026-02-02 07:00:00,-9981.0
2026-02-02T06,CAL,California,D,Demand,28766,megawatthours,2026-02-02 06:00:00,28766.0
2026-02-02T06,CAL,California,DF,Day-ahead demand forecast,28290,megawatthours,2026-02-02 06:00:00,28290.0
2026-02-02T06,CAL,California,NG,Net generation,18420,megawatthours,2026-02-02 06:00:00,18420.0
2026-02-02T06,CAL,California,TI,Total interchange,-9739,megawatthours,2026-02-02 06:00:00,-9739.0
2026-02-02T05,CAL,California,D,Demand,29608,megawatthours,2026-02-02 05:00:00,29608.0
2026-02-02T05,CAL,California,DF,Day-ahead demand forecast,28945,megawatthours,2026-02-02 05:00:00,28945.0
2026-02-02T05,CAL,California,NG,Net generation,18950,megawatthours,2026-02-02 05:00:00,18950.0
2026-02-02T05,CAL,California,TI,Total interchange,-9916,megawatthours,2026-02-02 05:00:00,-9916.0
2026-02-02T04,CAL,California,D,Demand,30119,megawatthours,2026-02-02 04:00:00,30119.0
2026-02-02T04,CAL,California,DF,Day-ahead demand forecast,29542,megawatthours,2026-02-02 04:00:00,29542.0
2026-02-02T04,CAL,California,NG,Net generation,19388,megawatthours,2026-02-02 04:00:00,19388.0
2026-02-02T04,CAL,California,TI,Total interchange,-9831,megawatthours,2026-02-02 04:00:00,-9831.0
2026-02-02T03,CAL,California,D,Demand,30534,megawatthours,2026-02-02 03:00:00,30534.0
2026-02-02T03,CAL,California,DF,Day-ahead demand forecast,30024,megawatthours,2026-02-02 03:00:00,30024.0
2026-02-02T03,CAL,California,NG,Net generation,20254,megawatthours,2026-02-02 03:00:00,20254.0
2026-02-02T03,CAL,California,TI,Total interchange,-9549,megawatthours,2026-02-02 03:00:00,-9549.0
2026-02-02T02,CAL,California,D,Demand,29801,megawatthours,2026-02-02 02:00:00,29801.0
2026-02-02T02,CAL,California,DF,Day-ahead demand forecast,28901,megawatthours,2026-02-02 02:00:00,28901.0
2026-02-02T02,CAL,California,NG,Net generation,19890,megawatthours,2026-02-02 02:00:00,19890.0
2026-02-02T02,CAL,California,TI,Total interchange,-9102,megawatthours,2026-02-02 02:00:00,-9102.0
2026-02-02T01,CAL,California,D,Demand,27324,megawatthours,2026-02-02 01:00:00,27324.0
2026-02-02T01,CAL,California,DF,Day-ahead demand forecast,26021,megawatthours,2026-02-02 01:00:00,26021.0
2026-02-02T01,CAL,California,NG,Net generation,17728,megawatthours,2026-02-02 01:00:00,17728.0
2026-02-02T01,CAL,California,TI,Total interchange,-8361,megawatthours,2026-02-02 01:00:00,-8361.0
2026-02-02T00,CAL,California,D,Demand,27001,megawatthours,2026-02-02 00:00:00,27001.0
2026-02-02T00,CAL,California,DF,Day-ahead demand forecast,23347,megawatthours,2026-02-02 00:00:00,23347.0
2026-02-02T00,CAL,California,NG,Net generation,19213,megawatthours,2026-02-02 00:00:00,19213.0
2026-02-02T00,CAL,California,TI,Total interchange,-4191,megawatthours,2026-02-02 00:00:00,-4191.0
2026-02-01T23,CAL,California,D,Demand,27949,megawatthours,2026-02-01 23:00:00,27949.0
2026-02-01T23,CAL,California,DF,Day-ahead demand forecast,21091,megawatthours,2026-02-01 23:00:00,21091.0
2026-02-01T23,CAL,California,NG,Net generation,17343,megawatthours,2026-02-01 23:00:00,17343.0
2026-02-01T23,CAL,California,TI,Total interchange,-3697,megawatthours,2026-02-01 23:00:00,-3697.0
2026-02-01T22,CAL,California,D,Demand,29542,megawatthours,2026-02-01 22:00:00,29542.0
2026-02-01T22,CAL,California,DF,Day-ahead demand forecast,19408,megawatthours,2026-02-01 22:00:00,19408.0
2026-02-01T22,CAL,California,NG,Net generation,16477,megawatthours,2026-02-01 22:00:00,16477.0
2026-02-01T22,CAL,California,TI,Total interchange,-3332,megawatthours,2026-02-01 22:00:00,-3332.0
2026-02-01T21,CAL,California,D,Demand,29713,megawatthours,2026-02-01 21:00:00,29713.0
2026-02-01T21,CAL,California,DF,Day-ahead demand forecast,18928,megawatthours,2026-02-01 21:00:00,18928.0
2026-02-01T21,CAL,California,NG,Net generation,15601,megawatthours,2026-02-01 21:00:00,15601.0
2026-02-01T21,CAL,California,TI,Total interchange,-3304,megawatthours,2026-02-01 21:00:00,-3304.0
2026-02-01T20,CAL,California,D,Demand,29278,megawatthours,2026-02-01 20:00:00,29278.0
2026-02-01T20,CAL,California,DF,Day-ahead demand forecast,19394,megawatthours,2026-02-01 20:00:00,19394.0
2026-02-01T20,CAL,California,NG,Net generation,16030,megawatthours,2026-02-01 20:00:00,16030.0
2026-02-01T20,CAL,California,TI,Total interchange,-3227,megawatthours,2026-02-01 20:00:00,-3227.0
2026-02-01T19,CAL,California,D,Demand,29241,megawatthours,2026-02-01 19:00:00,29241.0
2026-02-01T19,CAL,California,DF,Day-ahead demand forecast,20413,megawatthours,2026-02-01 19:00:00,20413.0
2026-02-01T19,CAL,California,NG,Net generation,16806,megawatthours,2026-02-01 19:00:00,16806.0
2026-02-01T19,CAL,California,TI,Total interchange,-3370,megawatthours,2026-02-01 19:00:00,-3370.0
2026-02-01T18,CAL,California,D,Demand,29205,megawatthours,2026-02-01 18:00:00,29205.0
2026-02-01T18,CAL,California,DF,Day-ahead demand forecast,21867,megawatthours,2026-02-01 18:00:00,21867.0
2026-02-01T18,CAL,California,NG,Net generation,17945,megawatthours,2026-02-01 18:00:00,17945.0
2026-02-01T18,CAL,California,TI,Total interchange,-3667,megawatthours,2026-02-01 18:00:00,-3667.0
2026-02-01T17,CAL,California,D,Demand,28029,megawatthours,2026-02-01 17:00:00,28029.0
2026-02-01T17,CAL,California,DF,Day-ahead demand forecast,23506,megawatthours,2026-02-01 17:00:00,23506.0
2026-02-01T17,CAL,California,NG,Net generation,17601,megawatthours,2026-02-01 17:00:00,17601.0
2026-02-01T17,CAL,California,TI,Total interchange,-5304,megawatthours,2026-02-01 17:00:00,-5304.0
2026-02-01T16,CAL,California,D,Demand,25481,megawatthours,2026-02-01 16:00:00,25481.0
2026-02-01T16,CAL,California,DF,Day-ahead demand forecast,24681,megawatthours,2026-02-01 16:00:00,24681.0
2026-02-01T16,CAL,California,NG,Net generation,16806,megawatthours,2026-02-01 16:00:00,16806.0
2026-02-01T16,CAL,California,TI,Total interchange,-7127,megawatthours,2026-02-01 16:00:00,-7127.0
2026-02-01T15,CAL,California,D,Demand,24418,megawatthours,2026-02-01 15:00:00,24418.0
2026-02-01T15,CAL,California,DF,Day-ahead demand forecast,24465,megawatthours,2026-02-01 15:00:00,24465.0
2026-02-01T15,CAL,California,NG,Net generation,14877,megawatthours,2026-02-01 15:00:00,14877.0
2026-02-01T15,CAL,California,TI,Total interchange,-7644,megawatthours,2026-02-01 15:00:00,-7644.0
2026-02-01T14,CAL,California,D,Demand,23722,megawatthours,2026-02-01 14:00:00,23722.0
2026-02-01T14,CAL,California,DF,Day-ahead demand forecast,23551,megawatthours,2026-02-01 14:00:00,23551.0
2026-02-01T14,CAL,California,NG,Net generation,14592,megawatthours,2026-02-01 14:00:00,14592.0
2026-02-01T14,CAL,California,TI,Total interchange,-8365,megawatthours,2026-02-01 14:00:00,-8365.0
2026-02-01T13,CAL,California,D,Demand,23234,megawatthours,2026-02-01 13:00:00,23234.0
2026-02-01T13,CAL,California,DF,Day-ahead demand forecast,23051,megawatthours,2026-02-01 13:00:00,23051.0
2026-02-01T13,CAL,California,NG,Net generation,14132,megawatthours,2026-02-01 13:00:00,14132.0
2026-02-01T13,CAL,California,TI,Total interchange,-8331,megawatthours,2026-02-01 13:00:00,-8331.0
2026-02-01T12,CAL,California,D,Demand,23252,megawatthours,2026-02-01 12:00:00,23252.0
2026-02-01T12,CAL,California,DF,Day-ahead demand forecast,23051,megawatthours,2026-02-01 12:00:00,23051.0
2026-02-01T12,CAL,California,NG,Net generation,14192,megawatthours,2026-02-01 12:00:00,14192.0
2026-02-01T12,CAL,California,TI,Total interchange,-8336,megawatthours,2026-02-01 12:00:00,-8336.0
2026-02-01T11,CAL,California,D,Demand,23679,megawatthours,2026-02-01 11:00:00,23679.0
2026-02-01T11,CAL,California,DF,Day-ahead demand forecast,23455,megawatthours,2026-02-01 11:00:00,23455.0
2026-02-01T11,CAL,California,NG,Net generation,14328,megawatthours,2026-02-01 11:00:00,14328.0
2026-02-01T11,CAL,California,TI,Total interchange,-8562,megawatthours,2026-02-01 11:00:00,-8562.0
2026-02-01T10,CAL,California,D,Demand,24459,megawatthours,2026-02-01 10:00:00,24459.0
2026-02-01T10,CAL,California,DF,Day-ahead demand forecast,24287,megawatthours,2026-02-01 10:00:00,24287.0
2026-02-01T10,CAL,California,NG,Net generation,14740,megawatthours,2026-02-01 10:00:00,14740.0
2026-02-01T10,CAL,California,TI,Total interchange,-8887,megawatthours,2026-02-01 10:00:00,-8887.0
2026-02-01T09,CAL,California,D,Demand,25671,megawatthours,2026-02-01 09:00:00,25671.0
2026-02-01T09,CAL,California,DF,Day-ahead demand forecast,25322,megawatthours,2026-02-01 09:00:00,25322.0
2026-02-01T09,CAL,California,NG,Net generation,15124,megawatthours,2026-02-01 09:00:00,15124.0
2026-02-01T09,CAL,California,TI,Total interchange,-9614,megawatthours,2026-02-01 09:00:00,-9614.0
2026-02-01T08,CAL,California,D,Demand,26336,megawatthours,2026-02-01 08:00:00,26336.0
2026-02-01T08,CAL,California,DF,Day-ahead demand forecast,25993,megawatthours,2026-02-01 08:00:00,25993.0
2026-02-01T08,CAL,California,NG,Net generation,16107,megawatthours,2026-02-01 08:00:00,16107.0
2026-02-01T08,CAL,California,TI,Total interchange,-9227,megawatthours,2026-02-01 08:00:00,-9227.0
2026-02-01T07,CAL,California,D,Demand,27792,megawatthours,2026-02-01 07:00:00,27792.0
2026-02-01T07,CAL,California,DF,Day-ahead demand forecast,27326,megawatthours,2026-02-01 07:00:00,27326.0
2026-02-01T07,CAL,California,NG,Net generation,17270,megawatthours,2026-02-01 07:00:00,17270.0
2026-02-01T07,CAL,California,TI,Total interchange,-9590,megawatthours,2026-02-01 07:00:00,-9590.0
2026-02-01T06,CAL,California,D,Demand,28645,megawatthours,2026-02-01 06:00:00,28645.0
2026-02-01T06,CAL,California,DF,Day-ahead demand forecast,28284,megawatthours,2026-02-01 06:00:00,28284.0
2026-02-01T06,CAL,California,NG,Net generation,18865,megawatthours,2026-02-01 06:00:00,18865.0
2026-02-01T06,CAL,California,TI,Total interchange,-8954,megawatthours,2026-02-01 06:00:00,-8954.0
2026-02-01T05,CAL,California,D,Demand,29170,megawatthours,2026-02-01 05:00:00,29170.0
2026-02-01T05,CAL,California,DF,Day-ahead demand forecast,28788,megawatthours,2026-02-01 05:00:00,28788.0
2026-02-01T05,CAL,California,NG,Net generation,19151,megawatthours,2026-02-01 05:00:00,19151.0
2026-02-01T05,CAL,California,TI,Total interchange,-8630,megawatthours,2026-02-01 05:00:00,-8630.0
2026-02-01T04,CAL,California,D,Demand,29992,megawatthours,2026-02-01 04:00:00,29992.0
2026-02-01T04,CAL,California,DF,Day-ahead demand forecast,29639,megawatthours,2026-02-01 04:00:00,29639.0
2026-02-01T04,CAL,California,NG,Net generation,19240,megawatthours,2026-02-01 04:00:00,19240.0
2026-02-01T04,CAL,California,TI,Total interchange,-9399,megawatthours,2026-02-01 04:00:00,-9399.0
2026-02-01T03,CAL,California,D,Demand,30322,megawatthours,2026-02-01 03:00:00,30322.0
2026-02-01T03,CAL,California,DF,Day-ahead demand forecast,30188,megawatthours,2026-02-01 03:00:00,30188.0
2026-02-01T03,CAL,California,NG,Net generation,20017,megawatthours,2026-02-01 03:00:00,20017.0
2026-02-01T03,CAL,California,TI,Total interchange,-9060,megawatthours,2026-02-01 03:00:00,-9060.0
2026-02-01T02,CAL,California,D,Demand,29741,megawatthours,2026-02-01 02:00:00,29741.0
2026-02-01T02,CAL,California,DF,Day-ahead demand forecast,29615,megawatthours,2026-02-01 02:00:00,29615.0
2026-02-01T02,CAL,California,NG,Net generation,20046,megawatthours,2026-02-01 02:00:00,20046.0
2026-02-01T02,CAL,California,TI,Total interchange,-8535,megawatthours,2026-02-01 02:00:00,-8535.0
2026-02-01T01,CAL,California,D,Demand,28141,megawatthours,2026-02-01 01:00:00,28141.0
2026-02-01T01,CAL,California,DF,Day-ahead demand forecast,27215,megawatthours,2026-02-01 01:00:00,27215.0
2026-02-01T01,CAL,California,NG,Net generation,18992,megawatthours,2026-02-01 01:00:00,18992.0
2026-02-01T01,CAL,California,TI,Total interchange,-7448,megawatthours,2026-02-01 01:00:00,-7448.0
2026-02-01T00,CAL,California,D,Demand,28173,megawatthours,2026-02-01 00:00:00,28173.0
2026-02-01T00,CAL,California,DF,Day-ahead demand forecast,24697,megawatthours,2026-02-01 00:00:00,24697.0
2026-02-01T00,CAL,California,NG,Net generation,19447,megawatthours,2026-02-01 00:00:00,19447.0
2026-02-01T00,CAL,California,TI,Total interchange,-4146,megawatthours,2026-02-01 00:00:00,-4146.0
2026-01-31T23,CAL,California,D,Demand,30271,megawatthours,2026-01-31 23:00:00,30271.0
2026-01-31T23,CAL,California,DF,Day-ahead demand forecast,22658,megawatthours,2026-01-31 23:00:00,22658.0
2026-01-31T23,CAL,California,NG,Net generation,18101,megawatthours,2026-01-31 23:00:00,18101.0
2026-01-31T23,CAL,California,TI,Total interchange,-3476,megawatthours,2026-01-31 23:00:00,-3476.0
2026-01-31T22,CAL,California,D,Demand,30633,megawatthours,2026-01-31 22:00:00,30633.0
2026-01-31T22,CAL,California,DF,Day-ahead demand forecast,21157,megawatthours,2026-01-31 22:00:00,21157.0
2026-01-31T22,CAL,California,NG,Net generation,17143,megawatthours,2026-01-31 22:00:00,17143.0
2026-01-31T22,CAL,California,TI,Total interchange,-3217,megawatthours,2026-01-31 22:00:00,-3217.0
2026-01-31T21,CAL,California,D,Demand,30543,megawatthours,2026-01-31 21:00:00,30543.0
2026-01-31T21,CAL,California,DF,Day-ahead demand forecast,20869,megawatthours,2026-01-31 21:00:00,20869.0
2026-01-31T21,CAL,California,NG,Net generation,16640,megawatthours,2026-01-31 21:00:00,16640.0
2026-01-31T21,CAL,California,TI,Total interchange,-3220,megawatthours,2026-01-31 21:00:00,-3220.0
2026-01-31T20,CAL,California,D,Demand,30138,megawatthours,2026-01-31 20:00:00,30138.0
2026-01-31T20,CAL,California,DF,Day-ahead demand forecast,21461,megawatthours,2026-01-31 20:00:00,21461.0
2026-01-31T20,CAL,California,NG,Net generation,16834,megawatthours,2026-01-31 20:00:00,16834.0
2026-01-31T20,CAL,California,TI,Total interchange,-3670,megawatthours,2026-01-31 20:00:00,-3670.0
2026-01-31T19,CAL,California,D,Demand,30135,megawatthours,2026-01-31 19:00:00,30135.0
2026-01-31T19,CAL,California,DF,Day-ahead demand forecast,22551,megawatthours,2026-01-31 19:00:00,22551.0
2026-01-31T19,CAL,California,NG,Net generation,17784,megawatthours,2026-01-31 19:00:00,17784.0
2026-01-31T19,CAL,California,TI,Total interchange,-3893,megawatthours,2026-01-31 19:00:00,-3893.0
2026-01-31T18,CAL,California,D,Demand,30437,megawatthours,2026-01-31 18:00:00,30437.0
2026-01-31T18,CAL,California,DF,Day-ahead demand forecast,24220,megawatthours,2026-01-31 18:00:00,24220.0
2026-01-31T18,CAL,California,NG,Net generation,18744,megawatthours,2026-01-31 18:00:00,18744.0
2026-01-31T18,CAL,California,TI,Total interchange,-4560,megawatthours,2026-01-31 18:00:00,-4560.0
2026-01-31T17,CAL,California,D,Demand,28287,megawatthours,2026-01-31 17:00:00,28287.0
2026-01-31T17,CAL,California,DF,Day-ahead demand forecast,25481,megawatthours,2026-01-31 17:00:00,25481.0
2026-01-31T17,CAL,California,NG,Net generation,19370,megawatthours,2026-01-31 17:00:00,19370.0
2026-01-31T17,CAL,California,TI,Total interchange,-5106,megawatthours,2026-01-31 17:00:00,-5106.0
2026-01-31T16,CAL,California,D,Demand,26911,megawatthours,2026-01-31 16:00:00,26911.0
2026-01-31T16,CAL,California,DF,Day-ahead demand forecast,26221,megawatthours,2026-01-31 16:00:00,26221.0
2026-01-31T16,CAL,California,NG,Net generation,17667,megawatthours,2026-01-31 16:00:00,17667.0
2026-01-31T16,CAL,California,TI,Total interchange,-7892,megawatthours,2026-01-31 16:00:00,-7892.0
2026-01-31T15,CAL,California,D,Demand,26000,megawatthours,2026-01-31 15:00:00,26000.0
2026-01-31T15,CAL,California,DF,Day-ahead demand forecast,25676,megawatthours,2026-01-31 15:00:00,25676.0
2026-01-31T15,CAL,California,NG,Net generation,17359,megawatthours,2026-01-31 15:00:00,17359.0
2026-01-31T15,CAL,California,TI,Total interchange,-7743,megawatthours,2026-01-31 15:00:00,-7743.0
2026-01-31T14,CAL,California,D,Demand,24959,megawatthours,2026-01-31 14:00:00,24959.0
2026-01-31T14,CAL,California,DF,Day-ahead demand forecast,24524,megawatthours,2026-01-31 14:00:00,24524.0
2026-01-31T14,CAL,California,NG,Net generation,14837,megawatthours,2026-01-31 14:00:00,14837.0
2026-01-31T14,CAL,California,TI,Total interchange,-9388,megawatthours,2026-01-31 14:00:00,-9388.0
2026-01-31T13,CAL,California,D,Demand,24280,megawatthours,2026-01-31 13:00:00,24280.0
2026-01-31T13,CAL,California,DF,Day-ahead demand forecast,23865,megawatthours,2026-01-31 13:00:00,23865.0
2026-01-31T13,CAL,California,NG,Net generation,14334,megawatthours,2026-01-31 13:00:00,14334.0
2026-01-31T13,CAL,California,TI,Total interchange,-9365,megawatthours,2026-01-31 13:00:00,-9365.0
2026-01-31T12,CAL,California,D,Demand,24283,megawatthours,2026-01-31 12:00:00,24283.0
2026-01-31T12,CAL,California,DF,Day-ahead demand forecast,23818,megawatthours,2026-01-31 12:00:00,23818.0
2026-01-31T12,CAL,California,NG,Net generation,13807,megawatthours,2026-01-31 12:00:00,13807.0
2026-01-31T12,CAL,California,TI,Total interchange,-9804,megawatthours,2026-01-31 12:00:00,-9804.0
2026-01-31T11,CAL,California,D,Demand,24776,megawatthours,2026-01-31 11:00:00,24776.0
2026-01-31T11,CAL,California,DF,Day-ahead demand forecast,24319,megawatthours,2026-01-31 11:00:00,24319.0
2026-01-31T11,CAL,California,NG,Net generation,13810,megawatthours,2026-01-31 11:00:00,13810.0
2026-01-31T11,CAL,California,TI,Total interchange,-10221,megawatthours,2026-01-31 11:00:00,-10221.0
2026-01-31T10,CAL,California,D,Demand,25802,megawatthours,2026-01-31 10:00:00,25802.0
2026-01-31T10,CAL,California,DF,Day-ahead demand forecast,25149,megawatthours,2026-01-31 10:00:00,25149.0
2026-01-31T10,CAL,California,NG,Net generation,14758,megawatthours,2026-01-31 10:00:00,14758.0
2026-01-31T10,CAL,California,TI,Total interchange,-10073,megawatthours,2026-01-31 10:00:00,-10073.0
2026-01-31T09,CAL,California,D,Demand,26699,megawatthours,2026-01-31 09:00:00,26699.0
2026-01-31T09,CAL,California,DF,Day-ahead demand forecast,26215,megawatthours,2026-01-31 09:00:00,26215.0
2026-01-31T09,CAL,California,NG,Net generation,15605,megawatthours,2026-01-31 09:00:00,15605.0
2026-01-31T09,CAL,California,TI,Total interchange,-10315,megawatthours,2026-01-31 09:00:00,-10315.0
2026-01-31T08,CAL,California,D,Demand,27499,megawatthours,2026-01-31 08:00:00,27499.0
2026-01-31T08,CAL,California,DF,Day-ahead demand forecast,27065,megawatthours,2026-01-31 08:00:00,27065.0
2026-01-31T08,CAL,California,NG,Net generation,16714,megawatthours,2026-01-31 08:00:00,16714.0
2026-01-31T08,CAL,California,TI,Total interchange,-9846,megawatthours,2026-01-31 08:00:00,-9846.0
2026-01-31T07,CAL,California,D,Demand,28946,megawatthours,2026-01-31 07:00:00,28946.0
2026-01-31T07,CAL,California,DF,Day-ahead demand forecast,28573,megawatthours,2026-01-31 07:00:00,28573.0
2026-01-31T07,CAL,California,NG,Net generation,18113,megawatthours,2026-01-31 07:00:00,18113.0
2026-01-31T07,CAL,California,TI,Total interchange,-10242,megawatthours,2026-01-31 07:00:00,-10242.0
2026-01-31T06,CAL,California,D,Demand,30051,megawatthours,2026-01-31 06:00:00,30051.0
2026-01-31T06,CAL,California,DF,Day-ahead demand forecast,29851,megawatthours,2026-01-31 06:00:00,29851.0
2026-01-31T06,CAL,California,NG,Net generation,20344,megawatthours,2026-01-31 06:00:00,20344.0
2026-01-31T06,CAL,California,TI,Total interchange,-9110,megawatthours,2026-01-31 06:00:00,-9110.0
2026-01-31T05,CAL,California,D,Demand,30362,megawatthours,2026-01-31 05:00:00,30362.0
2026-01-31T05,CAL,California,DF,Day-ahead demand forecast,30247,megawatthours,2026-01-31 05:00:00,30247.0
2026-01-31T05,CAL,California,NG,Net generation,21220,megawatthours,2026-01-31 05:00:00,21220.0
2026-01-31T05,CAL,California,TI,Total interchange,-8571,megawatthours,2026-01-31 05:00:00,-8571.0
2026-01-31T04,CAL,California,D,Demand,31094,megawatthours,2026-01-31 04:00:00,31094.0
2026-01-31T04,CAL,California,DF,Day-ahead demand forecast,30992,megawatthours,2026-01-31 04:00:00,30992.0
2026-01-31T04,CAL,California,NG,Net generation,21816,megawatthours,2026-01-31 04:00:00,21816.0
2026-01-31T04,CAL,California,TI,Total interchange,-8355,megawatthours,2026-01-31 04:00:00,-8355.0
2026-01-31T03,CAL,California,D,Demand,31902,megawatthours,2026-01-31 03:00:00,31902.0
2026-01-31T03,CAL,California,DF,Day-ahead demand forecast,31760,megawatthours,2026-01-31 03:00:00,31760.0
2026-01-31T03,CAL,California,NG,Net generation,22574,megawatthours,2026-01-31 03:00:00,22574.0
2026-01-31T03,CAL,California,TI,Total interchange,-8410,megawatthours,2026-01-31 03:00:00,-8410.0
2026-01-31T02,CAL,California,D,Demand,31693,megawatthours,2026-01-31 02:00:00,31693.0
2026-01-31T02,CAL,California,DF,Day-ahead demand forecast,31454,megawatthours,2026-01-31 02:00:00,31454.0
2026-01-31T02,CAL,California,NG,Net generation,22760,megawatthours,2026-01-31 02:00:00,22760.0
2026-01-31T02,CAL,California,TI,Total interchange,-8114,megawatthours,2026-01-31 02:00:00,-8114.0
2026-01-31T01,CAL,California,D,Demand,30163,megawatthours,2026-01-31 01:00:00,30163.0
2026-01-31T01,CAL,California,DF,Day-ahead demand forecast,29204,megawatthours,2026-01-31 01:00:00,29204.0
2026-01-31T01,CAL,California,NG,Net generation,21501,megawatthours,2026-01-31 01:00:00,21501.0
2026-01-31T01,CAL,California,TI,Total interchange,-6987,megawatthours,2026-01-31 01:00:00,-6987.0
2026-01-31T00,CAL,California,D,Demand,30667,megawatthours,2026-01-31 00:00:00,30667.0
2026-01-31T00,CAL,California,DF,Day-ahead demand forecast,26793,megawatthours,2026-01-31 00:00:00,26793.0
2026-01-31T00,CAL,California,NG,Net generation,21785,megawatthours,2026-01-31 00:00:00,21785.0
2026-01-31T00,CAL,California,TI,Total interchange,-4335,megawatthours,2026-01-31 00:00:00,-4335.0
2026-01-30T23,CAL,California,D,Demand,25456,megawatthours,2026-01-30 23:00:00,25456.0
2026-01-30T23,CAL,California,DF,Day-ahead demand forecast,24904,megawatthours,2026-01-30 23:00:00,24904.0
2026-01-30T23,CAL,California,NG,Net generation,18362,megawatthours,2026-01-30 23:00:00,18362.0
2026-01-30T23,CAL,California,TI,Total interchange,-4578,megawatthours,2026-01-30 23:00:00,-4578.0
2026-01-30T22,CAL,California,D,Demand,33359,megawatthours,2026-01-30 22:00:00,33359.0
2026-01-30T22,CAL,California,DF,Day-ahead demand forecast,23644,megawatthours,2026-01-30 22:00:00,23644.0
2026-01-30T22,CAL,California,NG,Net generation,18210,megawatthours,2026-01-30 22:00:00,18210.0
2026-01-30T22,CAL,California,TI,Total interchange,-4756,megawatthours,2026-01-30 22:00:00,-4756.0
2026-01-30T21,CAL,California,D,Demand,32184,megawatthours,2026-01-30 21:00:00,32184.0
2026-01-30T21,CAL,California,DF,Day-ahead demand forecast,23409,megawatthours,2026-01-30 21:00:00,23409.0
2026-01-30T21,CAL,California,NG,Net generation,18488,megawatthours,2026-01-30 21:00:00,18488.0
2026-01-30T21,CAL,California,TI,Total interchange,-4129,megawatthours,2026-01-30 21:00:00,-4129.0
2026-01-30T20,CAL,California,D,Demand,32665,megawatthours,2026-01-30 20:00:00,32665.0
2026-01-30T20,CAL,California,DF,Day-ahead demand forecast,24219,megawatthours,2026-01-30 20:00:00,24219.0
2026-01-30T20,CAL,California,NG,Net generation,19291,megawatthours,2026-01-30 20:00:00,19291.0
2026-01-30T20,CAL,California,TI,Total interchange,-4040,megawatthours,2026-01-30 20:00:00,-4040.0
2026-01-30T19,CAL,California,D,Demand,32724,megawatthours,2026-01-30 19:00:00,32724.0
2026-01-30T19,CAL,California,DF,Day-ahead demand forecast,25563,megawatthours,2026-01-30 19:00:00,25563.0
2026-01-30T19,CAL,California,NG,Net generation,20999,megawatthours,2026-01-30 19:00:00,20999.0
2026-01-30T19,CAL,California,TI,Total interchange,-3389,megawatthours,2026-01-30 19:00:00,-3389.0
2026-01-30T18,CAL,California,D,Demand,34107,megawatthours,2026-01-30 18:00:00,34107.0
2026-01-30T18,CAL,California,DF,Day-ahead demand forecast,27428,megawatthours,2026-01-30 18:00:00,27428.0
2026-01-30T18,CAL,California,NG,Net generation,21912,megawatthours,2026-01-30 18:00:00,21912.0
2026-01-30T18,CAL,California,TI,Total interchange,-4010,megawatthours,2026-01-30 18:00:00,-4010.0
2026-01-30T17,CAL,California,D,Demand,32652,megawatthours,2026-01-30 17:00:00,32652.0
2026-01-30T17,CAL,California,DF,Day-ahead demand forecast,29252,megawatthours,2026-01-30 17:00:00,29252.0
2026-01-30T17,CAL,California,NG,Net generation,22667,megawatthours,2026-01-30 17:00:00,22667.0
2026-01-30T17,CAL,California,TI,Total interchange,-5140,megawatthours,2026-01-30 17:00:00,-5140.0
2026-01-30T16,CAL,California,D,Demand,31355,megawatthours,2026-01-30 16:00:00,31355.0
2026-01-30T16,CAL,California,DF,Day-ahead demand forecast,30268,megawatthours,2026-01-30 16:00:00,30268.0
2026-01-30T16,CAL,California,NG,Net generation,22058,megawatthours,2026-01-30 16:00:00,22058.0
2026-01-30T16,CAL,California,TI,Total interchange,-7599,megawatthours,2026-01-30 16:00:00,-7599.0
2026-01-30T15,CAL,California,D,Demand,29865,megawatthours,2026-01-30 15:00:00,29865.0
2026-01-30T15,CAL,California,DF,Day-ahead demand forecast,28927,megawatthours,2026-01-30 15:00:00,28927.0
2026-01-30T15,CAL,California,NG,Net generation,20858,megawatthours,2026-01-30 15:00:00,20858.0
2026-01-30T15,CAL,California,TI,Total interchange,-7632,megawatthours,2026-01-30 15:00:00,-7632.0
2026-01-30T14,CAL,California,D,Demand,27285,megawatthours,2026-01-30 14:00:00,27285.0
2026-01-30T14,CAL,California,DF,Day-ahead demand forecast,26392,megawatthours,2026-01-30 14:00:00,26392.0
2026-01-30T14,CAL,California,NG,Net generation,17475,megawatthours,2026-01-30 14:00:00,17475.0
2026-01-30T14,CAL,California,TI,Total interchange,-8602,megawatthours,2026-01-30 14:00:00,-8602.0
2026-01-30T13,CAL,California,D,Demand,25467,megawatthours,2026-01-30 13:00:00,25467.0
2026-01-30T13,CAL,California,DF,Day-ahead demand forecast,24832,megawatthours,2026-01-30 13:00:00,24832.0
2026-01-30T13,CAL,California,NG,Net generation,16225,megawatthours,2026-01-30 13:00:00,16225.0
2026-01-30T13,CAL,California,TI,Total interchange,-8333,megawatthours,2026-01-30 13:00:00,-8333.0
2026-01-30T12,CAL,California,D,Demand,25147,megawatthours,2026-01-30 12:00:00,25147.0
2026-01-30T12,CAL,California,DF,Day-ahead demand forecast,24318,megawatthours,2026-01-30 12:00:00,24318.0
2026-01-30T12,CAL,California,NG,Net generation,15255,megawatthours,2026-01-30 12:00:00,15255.0
2026-01-30T12,CAL,California,TI,Total interchange,-8807,megawatthours,2026-01-30 12:00:00,-8807.0
2026-01-30T11,CAL,California,D,Demand,25278,megawatthours,2026-01-30 11:00:00,25278.0
2026-01-30T11,CAL,California,DF,Day-ahead demand forecast,24648,megawatthours,2026-01-30 11:00:00,24648.0
2026-01-30T11,CAL,California,NG,Net generation,15681,megawatthours,2026-01-30 11:00:00,15681.0
2026-01-30T11,CAL,California,TI,Total interchange,-8599,megawatthours,2026-01-30 11:00:00,-8599.0
2026-01-30T10,CAL,California,D,Demand,26071,megawatthours,2026-01-30 10:00:00,26071.0
2026-01-30T10,CAL,California,DF,Day-ahead demand forecast,25476,megawatthours,2026-01-30 10:00:00,25476.0
2026-01-30T10,CAL,California,NG,Net generation,16293,megawatthours,2026-01-30 10:00:00,16293.0
2026-01-30T10,CAL,California,TI,Total interchange,-8769,megawatthours,2026-01-30 10:00:00,-8769.0
2026-01-30T09,CAL,California,D,Demand,26696,megawatthours,2026-01-30 09:00:00,26696.0
2026-01-30T09,CAL,California,DF,Day-ahead demand forecast,26386,megawatthours,2026-01-30 09:00:00,26386.0
2026-01-30T09,CAL,California,NG,Net generation,17575,megawatthours,2026-01-30 09:00:00,17575.0
2026-01-30T09,CAL,California,TI,Total interchange,-8539,megawatthours,2026-01-30 09:00:00,-8539.0
2026-01-30T08,CAL,California,D,Demand,27376,megawatthours,2026-01-30 08:00:00,27376.0
2026-01-30T08,CAL,California,DF,Day-ahead demand forecast,25228,megawatthours,2026-01-30 08:00:00,25228.0
2026-01-30T08,CAL,California,NG,Net generation,18045,megawatthours,2026-01-30 08:00:00,18045.0
2026-01-30T08,CAL,California,TI,Total interchange,-8850,megawatthours,2026-01-30 08:00:00,-8850.0
2026-01-30T07,CAL,California,D,Demand,29021,megawatthours,2026-01-30 07:00:00,29021.0
2026-01-30T07,CAL,California,DF,Day-ahead demand forecast,26709,megawatthours,2026-01-30 07:00:00,26709.0
2026-01-30T07,CAL,California,NG,Net generation,19967,megawatthours,2026-01-30 07:00:00,19967.0
2026-01-30T07,CAL,California,TI,Total interchange,-8612,megawatthours,2026-01-30 07:00:00,-8612.0
2026-01-30T06,CAL,California,D,Demand,30509,megawatthours,2026-01-30 06:00:00,30509.0
2026-01-30T06,CAL,California,DF,Day-ahead demand forecast,28187,megawatthours,2026-01-30 06:00:00,28187.0
2026-01-30T06,CAL,California,NG,Net generation,22618,megawatthours,2026-01-30 06:00:00,22618.0
2026-01-30T06,CAL,California,TI,Total interchange,-7205,megawatthours,2026-01-30 06:00:00,-7205.0
2026-01-30T05,CAL,California,D,Demand,31104,megawatthours,2026-01-30 05:00:00,31104.0
2026-01-30T05,CAL,California,DF,Day-ahead demand forecast,28807,megawatthours,2026-01-30 05:00:00,28807.0
2026-01-30T05,CAL,California,NG,Net generation,23410,megawatthours,2026-01-30 05:00:00,23410.0
2026-01-30T05,CAL,California,TI,Total interchange,-6711,megawatthours,2026-01-30 05:00:00,-6711.0
2026-01-30T04,CAL,California,D,Demand,31573,megawatthours,2026-01-30 04:00:00,31573.0
2026-01-30T04,CAL,California,DF,Day-ahead demand forecast,29502,megawatthours,2026-01-30 04:00:00,29502.0
2026-01-30T04,CAL,California,NG,Net generation,23651,megawatthours,2026-01-30 04:00:00,23651.0
2026-01-30T04,CAL,California,TI,Total interchange,-6996,megawatthours,2026-01-30 04:00:00,-6996.0
2026-01-30T03,CAL,California,D,Demand,32317,megawatthours,2026-01-30 03:00:00,32317.0
2026-01-30T03,CAL,California,DF,Day-ahead demand forecast,30103,megawatthours,2026-01-30 03:00:00,30103.0
2026-01-30T03,CAL,California,NG,Net generation,24289,megawatthours,2026-01-30 03:00:00,24289.0
2026-01-30T03,CAL,California,TI,Total interchange,-7308,megawatthours,2026-01-30 03:00:00,-7308.0
2026-01-30T02,CAL,California,D,Demand,31838,megawatthours,2026-01-30 02:00:00,31838.0
2026-01-30T02,CAL,California,DF,Day-ahead demand forecast,29563,megawatthours,2026-01-30 02:00:00,29563.0
2026-01-30T02,CAL,California,NG,Net generation,23856,megawatthours,2026-01-30 02:00:00,23856.0
2026-01-30T02,CAL,California,TI,Total interchange,-7026,megawatthours,2026-01-30 02:00:00,-7026.0
2026-01-30T01,CAL,California,D,Demand,30042,megawatthours,2026-01-30 01:00:00,30042.0
2026-01-30T01,CAL,California,DF,Day-ahead demand forecast,27422,megawatthours,2026-01-30 01:00:00,27422.0
2026-01-30T01,CAL,California,NG,Net generation,21872,megawatthours,2026-01-30 01:00:00,21872.0
2026-01-30T01,CAL,California,TI,Total interchange,-6574,megawatthours,2026-01-30 01:00:00,-6574.0
2026-01-30T00,CAL,California,D,Demand,31437,megawatthours,2026-01-30 00:00:00,31437.0
2026-01-30T00,CAL,California,DF,Day-ahead demand forecast,24947,megawatthours,2026-01-30 00:00:00,24947.0
2026-01-30T00,CAL,California,NG,Net generation,21589,megawatthours,2026-01-30 00:00:00,21589.0
2026-01-30T00,CAL,California,TI,Total interchange,-3994,megawatthours,2026-01-30 00:00:00,-3994.0
2026-01-29T23,CAL,California,D,Demand,33490,megawatthours,2026-01-29 23:00:00,33490.0
2026-01-29T23,CAL,California,DF,Day-ahead demand forecast,22922,megawatthours,2026-01-29 23:00:00,22922.0
2026-01-29T23,CAL,California,NG,Net generation,19398,megawatthours,2026-01-29 23:00:00,19398.0
2026-01-29T23,CAL,California,TI,Total interchange,-4085,megawatthours,2026-01-29 23:00:00,-4085.0
2026-01-29T22,CAL,California,D,Demand,33493,megawatthours,2026-01-29 22:00:00,33493.0
2026-01-29T22,CAL,California,DF,Day-ahead demand forecast,21809,megawatthours,2026-01-29 22:00:00,21809.0
2026-01-29T22,CAL,California,NG,Net generation,18139,megawatthours,2026-01-29 22:00:00,18139.0
2026-01-29T22,CAL,California,TI,Total interchange,-4396,megawatthours,2026-01-29 22:00:00,-4396.0
2026-01-29T21,CAL,California,D,Demand,32737,megawatthours,2026-01-29 21:00:00,32737.0
2026-01-29T21,CAL,California,DF,Day-ahead demand forecast,21710,megawatthours,2026-01-29 21:00:00,21710.0
2026-01-29T21,CAL,California,NG,Net generation,18621,megawatthours,2026-01-29 21:00:00,18621.0
2026-01-29T21,CAL,California,TI,Total interchange,-3968,megawatthours,2026-01-29 21:00:00,-3968.0
2026-01-29T20,CAL,California,D,Demand,32445,megawatthours,2026-01-29 20:00:00,32445.0
2026-01-29T20,CAL,California,DF,Day-ahead demand forecast,22445,megawatthours,2026-01-29 20:00:00,22445.0
2026-01-29T20,CAL,California,NG,Net generation,19662,megawatthours,2026-01-29 20:00:00,19662.0
2026-01-29T20,CAL,California,TI,Total interchange,-3650,megawatthours,2026-01-29 20:00:00,-3650.0
2026-01-29T19,CAL,California,D,Demand,32457,megawatthours,2026-01-29 19:00:00,32457.0
2026-01-29T19,CAL,California,DF,Day-ahead demand forecast,24012,megawatthours,2026-01-29 19:00:00,24012.0
2026-01-29T19,CAL,California,NG,Net generation,21210,megawatthours,2026-01-29 19:00:00,21210.0
2026-01-29T19,CAL,California,TI,Total interchange,-3209,megawatthours,2026-01-29 19:00:00,-3209.0
2026-01-29T18,CAL,California,D,Demand,31863,megawatthours,2026-01-29 18:00:00,31863.0
2026-01-29T18,CAL,California,DF,Day-ahead demand forecast,25980,megawatthours,2026-01-29 18:00:00,25980.0
2026-01-29T18,CAL,California,NG,Net generation,23469,megawatthours,2026-01-29 18:00:00,23469.0
2026-01-29T18,CAL,California,TI,Total interchange,-3049,megawatthours,2026-01-29 18:00:00,-3049.0
2026-01-29T17,CAL,California,D,Demand,32086,megawatthours,2026-01-29 17:00:00,32086.0
2026-01-29T17,CAL,California,DF,Day-ahead demand forecast,27767,megawatthours,2026-01-29 17:00:00,27767.0
2026-01-29T17,CAL,California,NG,Net generation,23979,megawatthours,2026-01-29 17:00:00,23979.0
2026-01-29T17,CAL,California,TI,Total interchange,-5439,megawatthours,2026-01-29 17:00:00,-5439.0
2026-01-29T16,CAL,California,D,Demand,32222,megawatthours,2026-01-29 16:00:00,32222.0
2026-01-29T16,CAL,California,DF,Day-ahead demand forecast,28554,megawatthours,2026-01-29 16:00:00,28554.0
2026-01-29T16,CAL,California,NG,Net generation,23277,megawatthours,2026-01-29 16:00:00,23277.0
2026-01-29T16,CAL,California,TI,Total interchange,-7876,megawatthours,2026-01-29 16:00:00,-7876.0
2026-01-29T15,CAL,California,D,Demand,31157,megawatthours,2026-01-29 15:00:00,31157.0
2026-01-29T15,CAL,California,DF,Day-ahead demand forecast,27116,megawatthours,2026-01-29 15:00:00,27116.0
2026-01-29T15,CAL,California,NG,Net generation,21990,megawatthours,2026-01-29 15:00:00,21990.0
2026-01-29T15,CAL,California,TI,Total interchange,-7960,megawatthours,2026-01-29 15:00:00,-7960.0
2026-01-29T14,CAL,California,D,Demand,28383,megawatthours,2026-01-29 14:00:00,28383.0
2026-01-29T14,CAL,California,DF,Day-ahead demand forecast,24642,megawatthours,2026-01-29 14:00:00,24642.0
2026-01-29T14,CAL,California,NG,Net generation,18030,megawatthours,2026-01-29 14:00:00,18030.0
2026-01-29T14,CAL,California,TI,Total interchange,-9373,megawatthours,2026-01-29 14:00:00,-9373.0
2026-01-29T13,CAL,California,D,Demand,27010,megawatthours,2026-01-29 13:00:00,27010.0
2026-01-29T13,CAL,California,DF,Day-ahead demand forecast,23233,megawatthours,2026-01-29 13:00:00,23233.0
2026-01-29T13,CAL,California,NG,Net generation,15461,megawatthours,2026-01-29 13:00:00,15461.0
2026-01-29T13,CAL,California,TI,Total interchange,-10124,megawatthours,2026-01-29 13:00:00,-10124.0
2026-01-29T12,CAL,California,D,Demand,26760,megawatthours,2026-01-29 12:00:00,26760.0
2026-01-29T12,CAL,California,DF,Day-ahead demand forecast,22715,megawatthours,2026-01-29 12:00:00,22715.0
2026-01-29T12,CAL,California,NG,Net generation,14822,megawatthours,2026-01-29 12:00:00,14822.0
2026-01-29T12,CAL,California,TI,Total interchange,-10001,megawatthours,2026-01-29 12:00:00,-10001.0
2026-01-29T11,CAL,California,D,Demand,26656,megawatthours,2026-01-29 11:00:00,26656.0
2026-01-29T11,CAL,California,DF,Day-ahead demand forecast,22978,megawatthours,2026-01-29 11:00:00,22978.0
2026-01-29T11,CAL,California,NG,Net generation,15119,megawatthours,2026-01-29 11:00:00,15119.0
2026-01-29T11,CAL,California,TI,Total interchange,-9917,megawatthours,2026-01-29 11:00:00,-9917.0
2026-01-29T10,CAL,California,D,Demand,27249,megawatthours,2026-01-29 10:00:00,27249.0
2026-01-29T10,CAL,California,DF,Day-ahead demand forecast,23751,megawatthours,2026-01-29 10:00:00,23751.0
2026-01-29T10,CAL,California,NG,Net generation,16009,megawatthours,2026-01-29 10:00:00,16009.0
2026-01-29T10,CAL,California,TI,Total interchange,-9866,megawatthours,2026-01-29 10:00:00,-9866.0
2026-01-29T09,CAL,California,D,Demand,28169,megawatthours,2026-01-29 09:00:00,28169.0
2026-01-29T09,CAL,California,DF,Day-ahead demand forecast,24606,megawatthours,2026-01-29 09:00:00,24606.0
2026-01-29T09,CAL,California,NG,Net generation,16855,megawatthours,2026-01-29 09:00:00,16855.0
2026-01-29T09,CAL,California,TI,Total interchange,-10131,megawatthours,2026-01-29 09:00:00,-10131.0
2026-01-29T08,CAL,California,D,Demand,28725,megawatthours,2026-01-29 08:00:00,28725.0
2026-01-29T08,CAL,California,DF,Day-ahead demand forecast,27177,megawatthours,2026-01-29 08:00:00,27177.0
2026-01-29T08,CAL,California,NG,Net generation,17451,megawatthours,2026-01-29 08:00:00,17451.0
2026-01-29T08,CAL,California,TI,Total interchange,-10273,megawatthours,2026-01-29 08:00:00,-10273.0
2026-01-29T07,CAL,California,D,Demand,30383,megawatthours,2026-01-29 07:00:00,30383.0
2026-01-29T07,CAL,California,DF,Day-ahead demand forecast,28921,megawatthours,2026-01-29 07:00:00,28921.0
2026-01-29T07,CAL,California,NG,Net generation,19215,megawatthours,2026-01-29 07:00:00,19215.0
2026-01-29T07,CAL,California,TI,Total interchange,-10025,megawatthours,2026-01-29 07:00:00,-10025.0
2026-01-29T06,CAL,California,D,Demand,31603,megawatthours,2026-01-29 06:00:00,31603.0
2026-01-29T06,CAL,California,DF,Day-ahead demand forecast,30534,megawatthours,2026-01-29 06:00:00,30534.0
2026-01-29T06,CAL,California,NG,Net generation,21817,megawatthours,2026-01-29 06:00:00,21817.0
2026-01-29T06,CAL,California,TI,Total interchange,-8762,megawatthours,2026-01-29 06:00:00,-8762.0
2026-01-29T05,CAL,California,D,Demand,32536,megawatthours,2026-01-29 05:00:00,32536.0
2026-01-29T05,CAL,California,DF,Day-ahead demand forecast,31225,megawatthours,2026-01-29 05:00:00,31225.0
2026-01-29T05,CAL,California,NG,Net generation,22182,megawatthours,2026-01-29 05:00:00,22182.0
2026-01-29T05,CAL,California,TI,Total interchange,-8904,megawatthours,2026-01-29 05:00:00,-8904.0
2026-01-29T04,CAL,California,D,Demand,32783,megawatthours,2026-01-29 04:00:00,32783.0
2026-01-29T04,CAL,California,DF,Day-ahead demand forecast,31940,megawatthours,2026-01-29 04:00:00,31940.0
2026-01-29T04,CAL,California,NG,Net generation,22728,megawatthours,2026-01-29 04:00:00,22728.0
2026-01-29T04,CAL,California,TI,Total interchange,-9029,megawatthours,2026-01-29 04:00:00,-9029.0
2026-01-29T03,CAL,California,D,Demand,33614,megawatthours,2026-01-29 03:00:00,33614.0
2026-01-29T03,CAL,California,DF,Day-ahead demand forecast,32401,megawatthours,2026-01-29 03:00:00,32401.0
2026-01-29T03,CAL,California,NG,Net generation,22997,megawatthours,2026-01-29 03:00:00,22997.0
2026-01-29T03,CAL,California,TI,Total interchange,-9215,megawatthours,2026-01-29 03:00:00,-9215.0
2026-01-29T02,CAL,California,D,Demand,32824,megawatthours,2026-01-29 02:00:00,32824.0
2026-01-29T02,CAL,California,DF,Day-ahead demand forecast,31711,megawatthours,2026-01-29 02:00:00,31711.0
2026-01-29T02,CAL,California,NG,Net generation,22404,megawatthours,2026-01-29 02:00:00,22404.0
2026-01-29T02,CAL,California,TI,Total interchange,-9349,megawatthours,2026-01-29 02:00:00,-9349.0
2026-01-29T01,CAL,California,D,Demand,30820,megawatthours,2026-01-29 01:00:00,30820.0
2026-01-29T01,CAL,California,DF,Day-ahead demand forecast,29235,megawatthours,2026-01-29 01:00:00,29235.0
2026-01-29T01,CAL,California,NG,Net generation,19898,megawatthours,2026-01-29 01:00:00,19898.0
2026-01-29T01,CAL,California,TI,Total interchange,-8807,megawatthours,2026-01-29 01:00:00,-8807.0
2026-01-29T00,CAL,California,D,Demand,31451,megawatthours,2026-01-29 00:00:00,31451.0
2026-01-29T00,CAL,California,DF,Day-ahead demand forecast,26960,megawatthours,2026-01-29 00:00:00,26960.0
2026-01-29T00,CAL,California,NG,Net generation,19060,megawatthours,2026-01-29 00:00:00,19060.0
2026-01-29T00,CAL,California,TI,Total interchange,-6206,megawatthours,2026-01-29 00:00:00,-6206.0
2026-01-28T23,CAL,California,D,Demand,32837,megawatthours,2026-01-28 23:00:00,32837.0
2026-01-28T23,CAL,California,DF,Day-ahead demand forecast,25506,megawatthours,2026-01-28 23:00:00,25506.0
2026-01-28T23,CAL,California,NG,Net generation,17804,megawatthours,2026-01-28 23:00:00,17804.0
2026-01-28T23,CAL,California,TI,Total interchange,-5744,megawatthours,2026-01-28 23:00:00,-5744.0
2026-01-28T22,CAL,California,D,Demand,32888,megawatthours,2026-01-28 22:00:00,32888.0
2026-01-28T22,CAL,California,DF,Day-ahead demand forecast,24765,megawatthours,2026-01-28 22:00:00,24765.0
2026-01-28T22,CAL,California,NG,Net generation,17104,megawatthours,2026-01-28 22:00:00,17104.0
2026-01-28T22,CAL,California,TI,Total interchange,-5543,megawatthours,2026-01-28 22:00:00,-5543.0
2026-01-28T21,CAL,California,D,Demand,32448,megawatthours,2026-01-28 21:00:00,32448.0
2026-01-28T21,CAL,California,DF,Day-ahead demand forecast,24748,megawatthours,2026-01-28 21:00:00,24748.0
2026-01-28T21,CAL,California,NG,Net generation,17151,megawatthours,2026-01-28 21:00:00,17151.0
2026-01-28T21,CAL,California,TI,Total interchange,-5403,megawatthours,2026-01-28 21:00:00,-5403.0
2026-01-28T20,CAL,California,D,Demand,33061,megawatthours,2026-01-28 20:00:00,33061.0
2026-01-28T20,CAL,California,DF,Day-ahead demand forecast,25448,megawatthours,2026-01-28 20:00:00,25448.0
2026-01-28T20,CAL,California,NG,Net generation,17495,megawatthours,2026-01-28 20:00:00,17495.0
2026-01-28T20,CAL,California,TI,Total interchange,-5899,megawatthours,2026-01-28 20:00:00,-5899.0
2026-01-28T19,CAL,California,D,Demand,32085,megawatthours,2026-01-28 19:00:00,32085.0
2026-01-28T19,CAL,California,DF,Day-ahead demand forecast,26842,megawatthours,2026-01-28 19:00:00,26842.0
2026-01-28T19,CAL,California,NG,Net generation,19674,megawatthours,2026-01-28 19:00:00,19674.0
2026-01-28T19,CAL,California,TI,Total interchange,-4760,megawatthours,2026-01-28 19:00:00,-4760.0
2026-01-28T18,CAL,California,D,Demand,32691,megawatthours,2026-01-28 18:00:00,32691.0
2026-01-28T18,CAL,California,DF,Day-ahead demand forecast,28553,megawatthours,2026-01-28 18:00:00,28553.0
2026-01-28T18,CAL,California,NG,Net generation,20820,megawatthours,2026-01-28 18:00:00,20820.0
2026-01-28T18,CAL,California,TI,Total interchange,-5487,megawatthours,2026-01-28 18:00:00,-5487.0
2026-01-28T17,CAL,California,D,Demand,32318,megawatthours,2026-01-28 17:00:00,32318.0
2026-01-28T17,CAL,California,DF,Day-ahead demand forecast,30366,megawatthours,2026-01-28 17:00:00,30366.0
2026-01-28T17,CAL,California,NG,Net generation,22027,megawatthours,2026-01-28 17:00:00,22027.0
2026-01-28T17,CAL,California,TI,Total interchange,-7049,megawatthours,2026-01-28 17:00:00,-7049.0
2026-01-28T16,CAL,California,D,Demand,31929,megawatthours,2026-01-28 16:00:00,31929.0
2026-01-28T16,CAL,California,DF,Day-ahead demand forecast,31039,megawatthours,2026-01-28 16:00:00,31039.0
2026-01-28T16,CAL,California,NG,Net generation,22036,megawatthours,2026-01-28 16:00:00,22036.0
2026-01-28T16,CAL,California,TI,Total interchange,-8874,megawatthours,2026-01-28 16:00:00,-8874.0
2026-01-28T15,CAL,California,D,Demand,30440,megawatthours,2026-01-28 15:00:00,30440.0
2026-01-28T15,CAL,California,DF,Day-ahead demand forecast,29423,megawatthours,2026-01-28 15:00:00,29423.0
2026-01-28T15,CAL,California,NG,Net generation,21563,megawatthours,2026-01-28 15:00:00,21563.0
2026-01-28T15,CAL,California,TI,Total interchange,-8001,megawatthours,2026-01-28 15:00:00,-8001.0
2026-01-28T14,CAL,California,D,Demand,27489,megawatthours,2026-01-28 14:00:00,27489.0
2026-01-28T14,CAL,California,DF,Day-ahead demand forecast,26672,megawatthours,2026-01-28 14:00:00,26672.0
2026-01-28T14,CAL,California,NG,Net generation,18249,megawatthours,2026-01-28 14:00:00,18249.0
2026-01-28T14,CAL,California,TI,Total interchange,-8582,megawatthours,2026-01-28 14:00:00,-8582.0
2026-01-28T13,CAL,California,D,Demand,26037,megawatthours,2026-01-28 13:00:00,26037.0
2026-01-28T13,CAL,California,DF,Day-ahead demand forecast,24908,megawatthours,2026-01-28 13:00:00,24908.0
2026-01-28T13,CAL,California,NG,Net generation,16840,megawatthours,2026-01-28 13:00:00,16840.0
2026-01-28T13,CAL,California,TI,Total interchange,-8326,megawatthours,2026-01-28 13:00:00,-8326.0
2026-01-28T12,CAL,California,D,Demand,25725,megawatthours,2026-01-28 12:00:00,25725.0
2026-01-28T12,CAL,California,DF,Day-ahead demand forecast,24339,megawatthours,2026-01-28 12:00:00,24339.0
2026-01-28T12,CAL,California,NG,Net generation,16390,megawatthours,2026-01-28 12:00:00,16390.0
2026-01-28T12,CAL,California,TI,Total interchange,-8225,megawatthours,2026-01-28 12:00:00,-8225.0
2026-01-28T11,CAL,California,D,Demand,25732,megawatthours,2026-01-28 11:00:00,25732.0
2026-01-28T11,CAL,California,DF,Day-ahead demand forecast,24631,megawatthours,2026-01-28 11:00:00,24631.0
2026-01-28T11,CAL,California,NG,Net generation,16359,megawatthours,2026-01-28 11:00:00,16359.0
2026-01-28T11,CAL,California,TI,Total interchange,-8611,megawatthours,2026-01-28 11:00:00,-8611.0
2026-01-28T10,CAL,California,D,Demand,26238,megawatthours,2026-01-28 10:00:00,26238.0
2026-01-28T10,CAL,California,DF,Day-ahead demand forecast,25443,megawatthours,2026-01-28 10:00:00,25443.0
2026-01-28T10,CAL,California,NG,Net generation,16951,megawatthours,2026-01-28 10:00:00,16951.0
2026-01-28T10,CAL,California,TI,Total interchange,-8633,megawatthours,2026-01-28 10:00:00,-8633.0
2026-01-28T09,CAL,California,D,Demand,27282,megawatthours,2026-01-28 09:00:00,27282.0
2026-01-28T09,CAL,California,DF,Day-ahead demand forecast,26384,megawatthours,2026-01-28 09:00:00,26384.0
2026-01-28T09,CAL,California,NG,Net generation,17771,megawatthours,2026-01-28 09:00:00,17771.0
2026-01-28T09,CAL,California,TI,Total interchange,-8851,megawatthours,2026-01-28 09:00:00,-8851.0
2026-01-28T08,CAL,California,D,Demand,27980,megawatthours,2026-01-28 08:00:00,27980.0
2026-01-28T08,CAL,California,DF,Day-ahead demand forecast,27862,megawatthours,2026-01-28 08:00:00,27862.0
2026-01-28T08,CAL,California,NG,Net generation,19140,megawatthours,2026-01-28 08:00:00,19140.0
2026-01-28T08,CAL,California,TI,Total interchange,-7764,megawatthours,2026-01-28 08:00:00,-7764.0
2026-01-28T07,CAL,California,D,Demand,29820,megawatthours,2026-01-28 07:00:00,29820.0
2026-01-28T07,CAL,California,DF,Day-ahead demand forecast,29649,megawatthours,2026-01-28 07:00:00,29649.0
2026-01-28T07,CAL,California,NG,Net generation,20957,megawatthours,2026-01-28 07:00:00,20957.0
2026-01-28T07,CAL,California,TI,Total interchange,-7642,megawatthours,2026-01-28 07:00:00,-7642.0
2026-01-28T06,CAL,California,D,Demand,31423,megawatthours,2026-01-28 06:00:00,31423.0
2026-01-28T06,CAL,California,DF,Day-ahead demand forecast,31276,megawatthours,2026-01-28 06:00:00,31276.0
2026-01-28T06,CAL,California,NG,Net generation,23527,megawatthours,2026-01-28 06:00:00,23527.0
2026-01-28T06,CAL,California,TI,Total interchange,-6836,megawatthours,2026-01-28 06:00:00,-6836.0
2026-01-28T05,CAL,California,D,Demand,32167,megawatthours,2026-01-28 05:00:00,32167.0
2026-01-28T05,CAL,California,DF,Day-ahead demand forecast,32072,megawatthours,2026-01-28 05:00:00,32072.0
2026-01-28T05,CAL,California,NG,Net generation,24228,megawatthours,2026-01-28 05:00:00,24228.0
2026-01-28T05,CAL,California,TI,Total interchange,-6432,megawatthours,2026-01-28 05:00:00,-6432.0
2026-01-28T04,CAL,California,D,Demand,32657,megawatthours,2026-01-28 04:00:00,32657.0
2026-01-28T04,CAL,California,DF,Day-ahead demand forecast,32816,megawatthours,2026-01-28 04:00:00,32816.0
2026-01-28T04,CAL,California,NG,Net generation,24799,megawatthours,2026-01-28 04:00:00,24799.0
2026-01-28T04,CAL,California,TI,Total interchange,-6459,megawatthours,2026-01-28 04:00:00,-6459.0
2026-01-28T03,CAL,California,D,Demand,33058,megawatthours,2026-01-28 03:00:00,33058.0
2026-01-28T03,CAL,California,DF,Day-ahead demand forecast,33411,megawatthours,2026-01-28 03:00:00,33411.0
2026-01-28T03,CAL,California,NG,Net generation,25417,megawatthours,2026-01-28 03:00:00,25417.0
2026-01-28T03,CAL,California,TI,Total interchange,-6484,megawatthours,2026-01-28 03:00:00,-6484.0
2026-01-28T02,CAL,California,D,Demand,32577,megawatthours,2026-01-28 02:00:00,32577.0
2026-01-28T02,CAL,California,DF,Day-ahead demand forecast,32724,megawatthours,2026-01-28 02:00:00,32724.0
2026-01-28T02,CAL,California,NG,Net generation,25444,megawatthours,2026-01-28 02:00:00,25444.0
2026-01-28T02,CAL,California,TI,Total interchange,-6105,megawatthours,2026-01-28 02:00:00,-6105.0
2026-01-28T01,CAL,California,D,Demand,31051,megawatthours,2026-01-28 01:00:00,31051.0
2026-01-28T01,CAL,California,DF,Day-ahead demand forecast,30025,megawatthours,2026-01-28 01:00:00,30025.0
2026-01-28T01,CAL,California,NG,Net generation,23967,megawatthours,2026-01-28 01:00:00,23967.0
2026-01-28T01,CAL,California,TI,Total interchange,-5203,megawatthours,2026-01-28 01:00:00,-5203.0
2026-01-28T00,CAL,California,D,Demand,31892,megawatthours,2026-01-28 00:00:00,31892.0
2026-01-28T00,CAL,California,DF,Day-ahead demand forecast,27525,megawatthours,2026-01-28 00:00:00,27525.0
2026-01-28T00,CAL,California,NG,Net generation,23936,megawatthours,2026-01-28 00:00:00,23936.0
2026-01-28T00,CAL,California,TI,Total interchange,-3027,megawatthours,2026-01-28 00:00:00,-3027.0
2026-01-27T23,CAL,California,D,Demand,33344,megawatthours,2026-01-27 23:00:00,33344.0
2026-01-27T23,CAL,California,DF,Day-ahead demand forecast,25517,megawatthours,2026-01-27 23:00:00,25517.0
2026-01-27T23,CAL,California,NG,Net generation,21667,megawatthours,2026-01-27 23:00:00,21667.0
2026-01-27T23,CAL,California,TI,Total interchange,-2549,megawatthours,2026-01-27 23:00:00,-2549.0
2026-01-27T22,CAL,California,D,Demand,33231,megawatthours,2026-01-27 22:00:00,33231.0
2026-01-27T22,CAL,California,DF,Day-ahead demand forecast,24346,megawatthours,2026-01-27 22:00:00,24346.0
2026-01-27T22,CAL,California,NG,Net generation,19957,megawatthours,2026-01-27 22:00:00,19957.0
2026-01-27T22,CAL,California,TI,Total interchange,-2733,megawatthours,2026-01-27 22:00:00,-2733.0
2026-01-27T21,CAL,California,D,Demand,32404,megawatthours,2026-01-27 21:00:00,32404.0
2026-01-27T21,CAL,California,DF,Day-ahead demand forecast,24291,megawatthours,2026-01-27 21:00:00,24291.0
2026-01-27T21,CAL,California,NG,Net generation,19953,megawatthours,2026-01-27 21:00:00,19953.0
2026-01-27T21,CAL,California,TI,Total interchange,-2531,megawatthours,2026-01-27 21:00:00,-2531.0
2026-01-27T20,CAL,California,D,Demand,32807,megawatthours,2026-01-27 20:00:00,32807.0
2026-01-27T20,CAL,California,DF,Day-ahead demand forecast,25025,megawatthours,2026-01-27 20:00:00,25025.0
2026-01-27T20,CAL,California,NG,Net generation,20124,megawatthours,2026-01-27 20:00:00,20124.0
2026-01-27T20,CAL,California,TI,Total interchange,-3175,megawatthours,2026-01-27 20:00:00,-3175.0
2026-01-27T19,CAL,California,D,Demand,32768,megawatthours,2026-01-27 19:00:00,32768.0
2026-01-27T19,CAL,California,DF,Day-ahead demand forecast,26639,megawatthours,2026-01-27 19:00:00,26639.0
2026-01-27T19,CAL,California,NG,Net generation,22368,megawatthours,2026-01-27 19:00:00,22368.0
2026-01-27T19,CAL,California,TI,Total interchange,-3205,megawatthours,2026-01-27 19:00:00,-3205.0
2026-01-27T18,CAL,California,D,Demand,32954,megawatthours,2026-01-27 18:00:00,32954.0
2026-01-27T18,CAL,California,DF,Day-ahead demand forecast,29055,megawatthours,2026-01-27 18:00:00,29055.0
2026-01-27T18,CAL,California,NG,Net generation,25043,megawatthours,2026-01-27 18:00:00,25043.0
2026-01-27T18,CAL,California,TI,Total interchange,-2697,megawatthours,2026-01-27 18:00:00,-2697.0
2026-01-27T17,CAL,California,D,Demand,33470,megawatthours,2026-01-27 17:00:00,33470.0
2026-01-27T17,CAL,California,DF,Day-ahead demand forecast,31388,megawatthours,2026-01-27 17:00:00,31388.0
2026-01-27T17,CAL,California,NG,Net generation,25687,megawatthours,2026-01-27 17:00:00,25687.0
2026-01-27T17,CAL,California,TI,Total interchange,-4473,megawatthours,2026-01-27 17:00:00,-4473.0
2026-01-27T16,CAL,California,D,Demand,33288,megawatthours,2026-01-27 16:00:00,33288.0
2026-01-27T16,CAL,California,DF,Day-ahead demand forecast,32181,megawatthours,2026-01-27 16:00:00,32181.0
2026-01-27T16,CAL,California,NG,Net generation,26763,megawatthours,2026-01-27 16:00:00,26763.0
2026-01-27T16,CAL,California,TI,Total interchange,-5295,megawatthours,2026-01-27 16:00:00,-5295.0
2026-01-27T15,CAL,California,D,Demand,31472,megawatthours,2026-01-27 15:00:00,31472.0
2026-01-27T15,CAL,California,DF,Day-ahead demand forecast,30525,megawatthours,2026-01-27 15:00:00,30525.0
2026-01-27T15,CAL,California,NG,Net generation,25364,megawatthours,2026-01-27 15:00:00,25364.0
2026-01-27T15,CAL,California,TI,Total interchange,-5093,megawatthours,2026-01-27 15:00:00,-5093.0
2026-01-27T14,CAL,California,D,Demand,28733,megawatthours,2026-01-27 14:00:00,28733.0
2026-01-27T14,CAL,California,DF,Day-ahead demand forecast,27700,megawatthours,2026-01-27 14:00:00,27700.0
2026-01-27T14,CAL,California,NG,Net generation,21147,megawatthours,2026-01-27 14:00:00,21147.0
2026-01-27T14,CAL,California,TI,Total interchange,-6214,megawatthours,2026-01-27 14:00:00,-6214.0
2026-01-27T13,CAL,California,D,Demand,26991,megawatthours,2026-01-27 13:00:00,26991.0
2026-01-27T13,CAL,California,DF,Day-ahead demand forecast,25876,megawatthours,2026-01-27 13:00:00,25876.0
2026-01-27T13,CAL,California,NG,Net generation,18012,megawatthours,2026-01-27 13:00:00,18012.0
2026-01-27T13,CAL,California,TI,Total interchange,-7449,megawatthours,2026-01-27 13:00:00,-7449.0
2026-01-27T12,CAL,California,D,Demand,27166,megawatthours,2026-01-27 12:00:00,27166.0
2026-01-27T12,CAL,California,DF,Day-ahead demand forecast,25199,megawatthours,2026-01-27 12:00:00,25199.0
2026-01-27T12,CAL,California,NG,Net generation,16842,megawatthours,2026-01-27 12:00:00,16842.0
2026-01-27T12,CAL,California,TI,Total interchange,-7956,megawatthours,2026-01-27 12:00:00,-7956.0
2026-01-27T11,CAL,California,D,Demand,26798,megawatthours,2026-01-27 11:00:00,26798.0
2026-01-27T11,CAL,California,DF,Day-ahead demand forecast,25399,megawatthours,2026-01-27 11:00:00,25399.0
2026-01-27T11,CAL,California,NG,Net generation,16841,megawatthours,2026-01-27 11:00:00,16841.0
2026-01-27T11,CAL,California,TI,Total interchange,-8198,megawatthours,2026-01-27 11:00:00,-8198.0
2026-01-27T10,CAL,California,D,Demand,27004,megawatthours,2026-01-27 10:00:00,27004.0
2026-01-27T10,CAL,California,DF,Day-ahead demand forecast,26156,megawatthours,2026-01-27 10:00:00,26156.0
2026-01-27T10,CAL,California,NG,Net generation,17307,megawatthours,2026-01-27 10:00:00,17307.0
2026-01-27T10,CAL,California,TI,Total interchange,-8532,megawatthours,2026-01-27 10:00:00,-8532.0
2026-01-27T09,CAL,California,D,Demand,27997,megawatthours,2026-01-27 09:00:00,27997.0
2026-01-27T09,CAL,California,DF,Day-ahead demand forecast,27054,megawatthours,2026-01-27 09:00:00,27054.0
2026-01-27T09,CAL,California,NG,Net generation,18268,megawatthours,2026-01-27 09:00:00,18268.0
2026-01-27T09,CAL,California,TI,Total interchange,-8397,megawatthours,2026-01-27 09:00:00,-8397.0
2026-01-27T08,CAL,California,D,Demand,28090,megawatthours,2026-01-27 08:00:00,28090.0
2026-01-27T08,CAL,California,DF,Day-ahead demand forecast,27837,megawatthours,2026-01-27 08:00:00,27837.0
2026-01-27T08,CAL,California,NG,Net generation,19695,megawatthours,2026-01-27 08:00:00,19695.0
2026-01-27T08,CAL,California,TI,Total interchange,-7682,megawatthours,2026-01-27 08:00:00,-7682.0
2026-01-27T07,CAL,California,D,Demand,29798,megawatthours,2026-01-27 07:00:00,29798.0
2026-01-27T07,CAL,California,DF,Day-ahead demand forecast,29650,megawatthours,2026-01-27 07:00:00,29650.0
2026-01-27T07,CAL,California,NG,Net generation,21424,megawatthours,2026-01-27 07:00:00,21424.0
2026-01-27T07,CAL,California,TI,Total interchange,-7610,megawatthours,2026-01-27 07:00:00,-7610.0
2026-01-27T06,CAL,California,D,Demand,31393,megawatthours,2026-01-27 06:00:00,31393.0
2026-01-27T06,CAL,California,DF,Day-ahead demand forecast,31379,megawatthours,2026-01-27 06:00:00,31379.0
2026-01-27T06,CAL,California,NG,Net generation,23670,megawatthours,2026-01-27 06:00:00,23670.0
2026-01-27T06,CAL,California,TI,Total interchange,-7186,megawatthours,2026-01-27 06:00:00,-7186.0
2026-01-27T05,CAL,California,D,Demand,32122,megawatthours,2026-01-27 05:00:00,32122.0
2026-01-27T05,CAL,California,DF,Day-ahead demand forecast,32234,megawatthours,2026-01-27 05:00:00,32234.0
2026-01-27T05,CAL,California,NG,Net generation,24181,megawatthours,2026-01-27 05:00:00,24181.0
2026-01-27T05,CAL,California,TI,Total interchange,-7015,megawatthours,2026-01-27 05:00:00,-7015.0
2026-01-27T04,CAL,California,D,Demand,32617,megawatthours,2026-01-27 04:00:00,32617.0
2026-01-27T04,CAL,California,DF,Day-ahead demand forecast,32878,megawatthours,2026-01-27 04:00:00,32878.0
2026-01-27T04,CAL,California,NG,Net generation,24465,megawatthours,2026-01-27 04:00:00,24465.0
2026-01-27T04,CAL,California,TI,Total interchange,-7162,megawatthours,2026-01-27 04:00:00,-7162.0
2026-01-27T03,CAL,California,D,Demand,32977,megawatthours,2026-01-27 03:00:00,32977.0
2026-01-27T03,CAL,California,DF,Day-ahead demand forecast,33451,megawatthours,2026-01-27 03:00:00,33451.0
2026-01-27T03,CAL,California,NG,Net generation,25580,megawatthours,2026-01-27 03:00:00,25580.0
2026-01-27T03,CAL,California,TI,Total interchange,-6431,megawatthours,2026-01-27 03:00:00,-6431.0
2026-01-27T02,CAL,California,D,Demand,32317,megawatthours,2026-01-27 02:00:00,32317.0
2026-01-27T02,CAL,California,DF,Day-ahead demand forecast,32723,megawatthours,2026-01-27 02:00:00,32723.0
2026-01-27T02,CAL,California,NG,Net generation,24838,megawatthours,2026-01-27 02:00:00,24838.0
2026-01-27T02,CAL,California,TI,Total interchange,-6480,megawatthours,2026-01-27 02:00:00,-6480.0
2026-01-27T01,CAL,California,D,Demand,30029,megawatthours,2026-01-27 01:00:00,30029.0
2026-01-27T01,CAL,California,DF,Day-ahead demand forecast,29897,megawatthours,2026-01-27 01:00:00,29897.0
2026-01-27T01,CAL,California,NG,Net generation,23234,megawatthours,2026-01-27 01:00:00,23234.0
2026-01-27T01,CAL,California,TI,Total interchange,-5124,megawatthours,2026-01-27 01:00:00,-5124.0
2026-01-27T00,CAL,California,D,Demand,29684,megawatthours,2026-01-27 00:00:00,29684.0
2026-01-27T00,CAL,California,DF,Day-ahead demand forecast,27469,megawatthours,2026-01-27 00:00:00,27469.0
2026-01-27T00,CAL,California,NG,Net generation,22532,megawatthours,2026-01-27 00:00:00,22532.0
2026-01-27T00,CAL,California,TI,Total interchange,-2670,megawatthours,2026-01-27 00:00:00,-2670.0
2026-01-26T23,CAL,California,D,Demand,31467,megawatthours,2026-01-26 23:00:00,31467.0
2026-01-26T23,CAL,California,DF,Day-ahead demand forecast,25466,megawatthours,2026-01-26 23:00:00,25466.0
2026-01-26T23,CAL,California,NG,Net generation,19263,megawatthours,2026-01-26 23:00:00,19263.0
2026-01-26T23,CAL,California,TI,Total interchange,-3669,megawatthours,2026-01-26 23:00:00,-3669.0
2026-01-26T22,CAL,California,D,Demand,32744,megawatthours,2026-01-26 22:00:00,32744.0
2026-01-26T22,CAL,California,DF,Day-ahead demand forecast,24656,megawatthours,2026-01-26 22:00:00,24656.0
2026-01-26T22,CAL,California,NG,Net generation,18791,megawatthours,2026-01-26 22:00:00,18791.0
2026-01-26T22,CAL,California,TI,Total interchange,-3529,megawatthours,2026-01-26 22:00:00,-3529.0
2026-01-26T21,CAL,California,D,Demand,32984,megawatthours,2026-01-26 21:00:00,32984.0
2026-01-26T21,CAL,California,DF,Day-ahead demand forecast,24744,megawatthours,2026-01-26 21:00:00,24744.0
2026-01-26T21,CAL,California,NG,Net generation,19036,megawatthours,2026-01-26 21:00:00,19036.0
2026-01-26T21,CAL,California,TI,Total interchange,-3760,megawatthours,2026-01-26 21:00:00,-3760.0
2026-01-26T20,CAL,California,D,Demand,33980,megawatthours,2026-01-26 20:00:00,33980.0
2026-01-26T20,CAL,California,DF,Day-ahead demand forecast,25416,megawatthours,2026-01-26 20:00:00,25416.0
2026-01-26T20,CAL,California,NG,Net generation,19196,megawatthours,2026-01-26 20:00:00,19196.0
2026-01-26T20,CAL,California,TI,Total interchange,-4668,megawatthours,2026-01-26 20:00:00,-4668.0
2026-01-26T19,CAL,California,D,Demand,34013,megawatthours,2026-01-26 19:00:00,34013.0
2026-01-26T19,CAL,California,DF,Day-ahead demand forecast,27194,megawatthours,2026-01-26 19:00:00,27194.0
2026-01-26T19,CAL,California,NG,Net generation,20658,megawatthours,2026-01-26 19:00:00,20658.0
2026-01-26T19,CAL,California,TI,Total interchange,-5209,megawatthours,2026-01-26 19:00:00,-5209.0
2026-01-26T18,CAL,California,D,Demand,32598,megawatthours,2026-01-26 18:00:00,32598.0
2026-01-26T18,CAL,California,DF,Day-ahead demand forecast,29306,megawatthours,2026-01-26 18:00:00,29306.0
2026-01-26T18,CAL,California,NG,Net generation,23606,megawatthours,2026-01-26 18:00:00,23606.0
2026-01-26T18,CAL,California,TI,Total interchange,-4484,megawatthours,2026-01-26 18:00:00,-4484.0
2026-01-26T17,CAL,California,D,Demand,32813,megawatthours,2026-01-26 17:00:00,32813.0
2026-01-26T17,CAL,California,DF,Day-ahead demand forecast,31138,megawatthours,2026-01-26 17:00:00,31138.0
2026-01-26T17,CAL,California,NG,Net generation,26092,megawatthours,2026-01-26 17:00:00,26092.0
2026-01-26T17,CAL,California,TI,Total interchange,-4131,megawatthours,2026-01-26 17:00:00,-4131.0
2026-01-26T16,CAL,California,D,Demand,32735,megawatthours,2026-01-26 16:00:00,32735.0
2026-01-26T16,CAL,California,DF,Day-ahead demand forecast,32006,megawatthours,2026-01-26 16:00:00,32006.0
2026-01-26T16,CAL,California,NG,Net generation,27438,megawatthours,2026-01-26 16:00:00,27438.0
2026-01-26T16,CAL,California,TI,Total interchange,-3922,megawatthours,2026-01-26 16:00:00,-3922.0
2026-01-26T15,CAL,California,D,Demand,30556,megawatthours,2026-01-26 15:00:00,30556.0
2026-01-26T15,CAL,California,DF,Day-ahead demand forecast,30109,megawatthours,2026-01-26 15:00:00,30109.0
2026-01-26T15,CAL,California,NG,Net generation,25930,megawatthours,2026-01-26 15:00:00,25930.0
2026-01-26T15,CAL,California,TI,Total interchange,-3608,megawatthours,2026-01-26 15:00:00,-3608.0
2026-01-26T14,CAL,California,D,Demand,27669,megawatthours,2026-01-26 14:00:00,27669.0
2026-01-26T14,CAL,California,DF,Day-ahead demand forecast,27220,megawatthours,2026-01-26 14:00:00,27220.0
2026-01-26T14,CAL,California,NG,Net generation,21636,megawatthours,2026-01-26 14:00:00,21636.0
2026-01-26T14,CAL,California,TI,Total interchange,-5207,megawatthours,2026-01-26 14:00:00,-5207.0
2026-01-26T13,CAL,California,D,Demand,25886,megawatthours,2026-01-26 13:00:00,25886.0
2026-01-26T13,CAL,California,DF,Day-ahead demand forecast,25391,megawatthours,2026-01-26 13:00:00,25391.0
2026-01-26T13,CAL,California,NG,Net generation,19402,megawatthours,2026-01-26 13:00:00,19402.0
2026-01-26T13,CAL,California,TI,Total interchange,-5545,megawatthours,2026-01-26 13:00:00,-5545.0
2026-01-26T12,CAL,California,D,Demand,25486,megawatthours,2026-01-26 12:00:00,25486.0
2026-01-26T12,CAL,California,DF,Day-ahead demand forecast,24649,megawatthours,2026-01-26 12:00:00,24649.0
2026-01-26T12,CAL,California,NG,Net generation,17615,megawatthours,2026-01-26 12:00:00,17615.0
2026-01-26T12,CAL,California,TI,Total interchange,-6491,megawatthours,2026-01-26 12:00:00,-6491.0
2026-01-26T11,CAL,California,D,Demand,25753,megawatthours,2026-01-26 11:00:00,25753.0
2026-01-26T11,CAL,California,DF,Day-ahead demand forecast,24748,megawatthours,2026-01-26 11:00:00,24748.0
2026-01-26T11,CAL,California,NG,Net generation,17499,megawatthours,2026-01-26 11:00:00,17499.0
2026-01-26T11,CAL,California,TI,Total interchange,-6734,megawatthours,2026-01-26 11:00:00,-6734.0
2026-01-26T10,CAL,California,D,Demand,26273,megawatthours,2026-01-26 10:00:00,26273.0
2026-01-26T10,CAL,California,DF,Day-ahead demand forecast,25279,megawatthours,2026-01-26 10:00:00,25279.0
2026-01-26T10,CAL,California,NG,Net generation,17492,megawatthours,2026-01-26 10:00:00,17492.0
2026-01-26T10,CAL,California,TI,Total interchange,-7403,megawatthours,2026-01-26 10:00:00,-7403.0
2026-01-26T09,CAL,California,D,Demand,27507,megawatthours,2026-01-26 09:00:00,27507.0
2026-01-26T09,CAL,California,DF,Day-ahead demand forecast,26133,megawatthours,2026-01-26 09:00:00,26133.0
2026-01-26T09,CAL,California,NG,Net generation,17923,megawatthours,2026-01-26 09:00:00,17923.0
2026-01-26T09,CAL,California,TI,Total interchange,-7831,megawatthours,2026-01-26 09:00:00,-7831.0
2026-01-26T08,CAL,California,D,Demand,27931,megawatthours,2026-01-26 08:00:00,27931.0
2026-01-26T08,CAL,California,DF,Day-ahead demand forecast,26511,megawatthours,2026-01-26 08:00:00,26511.0
2026-01-26T08,CAL,California,NG,Net generation,19044,megawatthours,2026-01-26 08:00:00,19044.0
2026-01-26T08,CAL,California,TI,Total interchange,-7803,megawatthours,2026-01-26 08:00:00,-7803.0
2026-01-26T07,CAL,California,D,Demand,29191,megawatthours,2026-01-26 07:00:00,29191.0
2026-01-26T07,CAL,California,DF,Day-ahead demand forecast,27949,megawatthours,2026-01-26 07:00:00,27949.0
2026-01-26T07,CAL,California,NG,Net generation,20927,megawatthours,2026-01-26 07:00:00,20927.0
2026-01-26T07,CAL,California,TI,Total interchange,-7481,megawatthours,2026-01-26 07:00:00,-7481.0
2026-01-26T06,CAL,California,D,Demand,30675,megawatthours,2026-01-26 06:00:00,30675.0
2026-01-26T06,CAL,California,DF,Day-ahead demand forecast,29338,megawatthours,2026-01-26 06:00:00,29338.0
2026-01-26T06,CAL,California,NG,Net generation,22777,megawatthours,2026-01-26 06:00:00,22777.0
2026-01-26T06,CAL,California,TI,Total interchange,-7105,megawatthours,2026-01-26 06:00:00,-7105.0
2026-01-26T05,CAL,California,D,Demand,31345,megawatthours,2026-01-26 05:00:00,31345.0
2026-01-26T05,CAL,California,DF,Day-ahead demand forecast,29868,megawatthours,2026-01-26 05:00:00,29868.0
2026-01-26T05,CAL,California,NG,Net generation,24331,megawatthours,2026-01-26 05:00:00,24331.0
2026-01-26T05,CAL,California,TI,Total interchange,-6085,megawatthours,2026-01-26 05:00:00,-6085.0
2026-01-26T04,CAL,California,D,Demand,32047,megawatthours,2026-01-26 04:00:00,32047.0
2026-01-26T04,CAL,California,DF,Day-ahead demand forecast,30438,megawatthours,2026-01-26 04:00:00,30438.0
2026-01-26T04,CAL,California,NG,Net generation,24780,megawatthours,2026-01-26 04:00:00,24780.0
2026-01-26T04,CAL,California,TI,Total interchange,-6105,megawatthours,2026-01-26 04:00:00,-6105.0
2026-01-26T03,CAL,California,D,Demand,31982,megawatthours,2026-01-26 03:00:00,31982.0
2026-01-26T03,CAL,California,DF,Day-ahead demand forecast,30646,megawatthours,2026-01-26 03:00:00,30646.0
2026-01-26T03,CAL,California,NG,Net generation,25346,megawatthours,2026-01-26 03:00:00,25346.0
2026-01-26T03,CAL,California,TI,Total interchange,-5707,megawatthours,2026-01-26 03:00:00,-5707.0
2026-01-26T02,CAL,California,D,Demand,31255,megawatthours,2026-01-26 02:00:00,31255.0
2026-01-26T02,CAL,California,DF,Day-ahead demand forecast,29610,megawatthours,2026-01-26 02:00:00,29610.0
2026-01-26T02,CAL,California,NG,Net generation,25743,megawatthours,2026-01-26 02:00:00,25743.0
2026-01-26T02,CAL,California,TI,Total interchange,-4372,megawatthours,2026-01-26 02:00:00,-4372.0
2026-01-26T01,CAL,California,D,Demand,28747,megawatthours,2026-01-26 01:00:00,28747.0
2026-01-26T01,CAL,California,DF,Day-ahead demand forecast,26924,megawatthours,2026-01-26 01:00:00,26924.0
2026-01-26T01,CAL,California,NG,Net generation,23991,megawatthours,2026-01-26 01:00:00,23991.0
2026-01-26T01,CAL,California,TI,Total interchange,-3453,megawatthours,2026-01-26 01:00:00,-3453.0
2026-01-26T00,CAL,California,D,Demand,27755,megawatthours,2026-01-26 00:00:00,27755.0
2026-01-26T00,CAL,California,DF,Day-ahead demand forecast,24518,megawatthours,2026-01-26 00:00:00,24518.0
2026-01-26T00,CAL,California,NG,Net generation,22318,megawatthours,2026-01-26 00:00:00,22318.0
2026-01-26T00,CAL,California,TI,Total interchange,-2455,megawatthours,2026-01-26 00:00:00,-2455.0
2026-01-25T23,CAL,California,D,Demand,28487,megawatthours,2026-01-25 23:00:00,28487.0
2026-01-25T23,CAL,California,DF,Day-ahead demand forecast,22848,megawatthours,2026-01-25 23:00:00,22848.0
2026-01-25T23,CAL,California,NG,Net generation,21020,megawatthours,2026-01-25 23:00:00,21020.0
2026-01-25T23,CAL,California,TI,Total interchange,-1512,megawatthours,2026-01-25 23:00:00,-1512.0
2026-01-25T22,CAL,California,D,Demand,30517,megawatthours,2026-01-25 22:00:00,30517.0
2026-01-25T22,CAL,California,DF,Day-ahead demand forecast,22034,megawatthours,2026-01-25 22:00:00,22034.0
2026-01-25T22,CAL,California,NG,Net generation,19386,megawatthours,2026-01-25 22:00:00,19386.0
2026-01-25T22,CAL,California,TI,Total interchange,-1929,megawatthours,2026-01-25 22:00:00,-1929.0
2026-01-25T21,CAL,California,D,Demand,22406,megawatthours,2026-01-25 21:00:00,22406.0
2026-01-25T21,CAL,California,DF,Day-ahead demand forecast,21895,megawatthours,2026-01-25 21:00:00,21895.0
2026-01-25T21,CAL,California,NG,Net generation,18207,megawatthours,2026-01-25 21:00:00,18207.0
2026-01-25T21,CAL,California,TI,Total interchange,-3098,megawatthours,2026-01-25 21:00:00,-3098.0
2026-01-25T20,CAL,California,D,Demand,32008,megawatthours,2026-01-25 20:00:00,32008.0
2026-01-25T20,CAL,California,DF,Day-ahead demand forecast,22312,megawatthours,2026-01-25 20:00:00,22312.0
2026-01-25T20,CAL,California,NG,Net generation,18327,megawatthours,2026-01-25 20:00:00,18327.0
2026-01-25T20,CAL,California,TI,Total interchange,-3238,megawatthours,2026-01-25 20:00:00,-3238.0
2026-01-25T19,CAL,California,D,Demand,32186,megawatthours,2026-01-25 19:00:00,32186.0
2026-01-25T19,CAL,California,DF,Day-ahead demand forecast,23323,megawatthours,2026-01-25 19:00:00,23323.0
2026-01-25T19,CAL,California,NG,Net generation,19947,megawatthours,2026-01-25 19:00:00,19947.0
2026-01-25T19,CAL,California,TI,Total interchange,-3093,megawatthours,2026-01-25 19:00:00,-3093.0
2026-01-25T18,CAL,California,D,Demand,32428,megawatthours,2026-01-25 18:00:00,32428.0
2026-01-25T18,CAL,California,DF,Day-ahead demand forecast,24868,megawatthours,2026-01-25 18:00:00,24868.0
2026-01-25T18,CAL,California,NG,Net generation,21231,megawatthours,2026-01-25 18:00:00,21231.0
2026-01-25T18,CAL,California,TI,Total interchange,-3126,megawatthours,2026-01-25 18:00:00,-3126.0
2026-01-25T17,CAL,California,D,Demand,29916,megawatthours,2026-01-25 17:00:00,29916.0
2026-01-25T17,CAL,California,DF,Day-ahead demand forecast,26164,megawatthours,2026-01-25 17:00:00,26164.0
2026-01-25T17,CAL,California,NG,Net generation,22646,megawatthours,2026-01-25 17:00:00,22646.0
2026-01-25T17,CAL,California,TI,Total interchange,-2551,megawatthours,2026-01-25 17:00:00,-2551.0
2026-01-25T16,CAL,California,D,Demand,27374,megawatthours,2026-01-25 16:00:00,27374.0
2026-01-25T16,CAL,California,DF,Day-ahead demand forecast,27076,megawatthours,2026-01-25 16:00:00,27076.0
2026-01-25T16,CAL,California,NG,Net generation,22591,megawatthours,2026-01-25 16:00:00,22591.0
2026-01-25T16,CAL,California,TI,Total interchange,-3407,megawatthours,2026-01-25 16:00:00,-3407.0
2026-01-25T15,CAL,California,D,Demand,26566,megawatthours,2026-01-25 15:00:00,26566.0
2026-01-25T15,CAL,California,DF,Day-ahead demand forecast,26548,megawatthours,2026-01-25 15:00:00,26548.0
2026-01-25T15,CAL,California,NG,Net generation,21184,megawatthours,2026-01-25 15:00:00,21184.0
2026-01-25T15,CAL,California,TI,Total interchange,-4236,megawatthours,2026-01-25 15:00:00,-4236.0
2026-01-25T14,CAL,California,D,Demand,25528,megawatthours,2026-01-25 14:00:00,25528.0
2026-01-25T14,CAL,California,DF,Day-ahead demand forecast,25407,megawatthours,2026-01-25 14:00:00,25407.0
2026-01-25T14,CAL,California,NG,Net generation,19853,megawatthours,2026-01-25 14:00:00,19853.0
2026-01-25T14,CAL,California,TI,Total interchange,-4748,megawatthours,2026-01-25 14:00:00,-4748.0
2026-01-25T13,CAL,California,D,Demand,24904,megawatthours,2026-01-25 13:00:00,24904.0
2026-01-25T13,CAL,California,DF,Day-ahead demand forecast,24773,megawatthours,2026-01-25 13:00:00,24773.0
2026-01-25T13,CAL,California,NG,Net generation,19403,megawatthours,2026-01-25 13:00:00,19403.0
2026-01-25T13,CAL,California,TI,Total interchange,-4671,megawatthours,2026-01-25 13:00:00,-4671.0
2026-01-25T12,CAL,California,D,Demand,26404,megawatthours,2026-01-25 12:00:00,26404.0
2026-01-25T12,CAL,California,DF,Day-ahead demand forecast,24551,megawatthours,2026-01-25 12:00:00,24551.0
2026-01-25T12,CAL,California,NG,Net generation,20686,megawatthours,2026-01-25 12:00:00,20686.0
2026-01-25T12,CAL,California,TI,Total interchange,-4655,megawatthours,2026-01-25 12:00:00,-4655.0
2026-01-25T11,CAL,California,D,Demand,25002,megawatthours,2026-01-25 11:00:00,25002.0
2026-01-25T11,CAL,California,DF,Day-ahead demand forecast,24889,megawatthours,2026-01-25 11:00:00,24889.0
2026-01-25T11,CAL,California,NG,Net generation,19551,megawatthours,2026-01-25 11:00:00,19551.0
2026-01-25T11,CAL,California,TI,Total interchange,-5158,megawatthours,2026-01-25 11:00:00,-5158.0
2026-01-25T10,CAL,California,D,Demand,25937,megawatthours,2026-01-25 10:00:00,25937.0
2026-01-25T10,CAL,California,DF,Day-ahead demand forecast,25577,megawatthours,2026-01-25 10:00:00,25577.0
2026-01-25T10,CAL,California,NG,Net generation,19739,megawatthours,2026-01-25 10:00:00,19739.0
2026-01-25T10,CAL,California,TI,Total interchange,-4965,megawatthours,2026-01-25 10:00:00,-4965.0
2026-01-25T09,CAL,California,D,Demand,26899,megawatthours,2026-01-25 09:00:00,26899.0
2026-01-25T09,CAL,California,DF,Day-ahead demand forecast,26291,megawatthours,2026-01-25 09:00:00,26291.0
2026-01-25T09,CAL,California,NG,Net generation,20503,megawatthours,2026-01-25 09:00:00,20503.0
2026-01-25T09,CAL,California,TI,Total interchange,-5243,megawatthours,2026-01-25 09:00:00,-5243.0
2026-01-25T08,CAL,California,D,Demand,27140,megawatthours,2026-01-25 08:00:00,27140.0
2026-01-25T08,CAL,California,DF,Day-ahead demand forecast,26255,megawatthours,2026-01-25 08:00:00,26255.0
2026-01-25T08,CAL,California,NG,Net generation,20198,megawatthours,2026-01-25 08:00:00,20198.0
2026-01-25T08,CAL,California,TI,Total interchange,-5942,megawatthours,2026-01-25 08:00:00,-5942.0
2026-01-25T07,CAL,California,D,Demand,28141,megawatthours,2026-01-25 07:00:00,28141.0
2026-01-25T07,CAL,California,DF,Day-ahead demand forecast,27518,megawatthours,2026-01-25 07:00:00,27518.0
2026-01-25T07,CAL,California,NG,Net generation,21775,megawatthours,2026-01-25 07:00:00,21775.0
2026-01-25T07,CAL,California,TI,Total interchange,-5493,megawatthours,2026-01-25 07:00:00,-5493.0
2026-01-25T06,CAL,California,D,Demand,28996,megawatthours,2026-01-25 06:00:00,28996.0
2026-01-25T06,CAL,California,DF,Day-ahead demand forecast,28463,megawatthours,2026-01-25 06:00:00,28463.0
2026-01-25T06,CAL,California,NG,Net generation,24290,megawatthours,2026-01-25 06:00:00,24290.0
2026-01-25T06,CAL,California,TI,Total interchange,-4005,megawatthours,2026-01-25 06:00:00,-4005.0
2026-01-25T05,CAL,California,D,Demand,29394,megawatthours,2026-01-25 05:00:00,29394.0
2026-01-25T05,CAL,California,DF,Day-ahead demand forecast,28954,megawatthours,2026-01-25 05:00:00,28954.0
2026-01-25T05,CAL,California,NG,Net generation,25114,megawatthours,2026-01-25 05:00:00,25114.0
2026-01-25T05,CAL,California,TI,Total interchange,-3502,megawatthours,2026-01-25 05:00:00,-3502.0
2026-01-25T04,CAL,California,D,Demand,29755,megawatthours,2026-01-25 04:00:00,29755.0
2026-01-25T04,CAL,California,DF,Day-ahead demand forecast,29439,megawatthours,2026-01-25 04:00:00,29439.0
2026-01-25T04,CAL,California,NG,Net generation,25667,megawatthours,2026-01-25 04:00:00,25667.0
2026-01-25T04,CAL,California,TI,Total interchange,-3144,megawatthours,2026-01-25 04:00:00,-3144.0
2026-01-25T03,CAL,California,D,Demand,30237,megawatthours,2026-01-25 03:00:00,30237.0
2026-01-25T03,CAL,California,DF,Day-ahead demand forecast,29790,megawatthours,2026-01-25 03:00:00,29790.0
2026-01-25T03,CAL,California,NG,Net generation,25630,megawatthours,2026-01-25 03:00:00,25630.0
2026-01-25T03,CAL,California,TI,Total interchange,-3581,megawatthours,2026-01-25 03:00:00,-3581.0
2026-01-25T02,CAL,California,D,Demand,29838,megawatthours,2026-01-25 02:00:00,29838.0
2026-01-25T02,CAL,California,DF,Day-ahead demand forecast,29250,megawatthours,2026-01-25 02:00:00,29250.0
2026-01-25T02,CAL,California,NG,Net generation,25169,megawatthours,2026-01-25 02:00:00,25169.0
2026-01-25T02,CAL,California,TI,Total interchange,-3614,megawatthours,2026-01-25 02:00:00,-3614.0
2026-01-25T01,CAL,California,D,Demand,27660,megawatthours,2026-01-25 01:00:00,27660.0
2026-01-25T01,CAL,California,DF,Day-ahead demand forecast,26418,megawatthours,2026-01-25 01:00:00,26418.0
2026-01-25T01,CAL,California,NG,Net generation,22419,megawatthours,2026-01-25 01:00:00,22419.0
2026-01-25T01,CAL,California,TI,Total interchange,-3843,megawatthours,2026-01-25 01:00:00,-3843.0
2026-01-25T00,CAL,California,D,Demand,28680,megawatthours,2026-01-25 00:00:00,28680.0
2026-01-25T00,CAL,California,DF,Day-ahead demand forecast,23968,megawatthours,2026-01-25 00:00:00,23968.0
2026-01-25T00,CAL,California,NG,Net generation,20550,megawatthours,2026-01-25 00:00:00,20550.0
2026-01-25T00,CAL,California,TI,Total interchange,-3258,megawatthours,2026-01-25 00:00:00,-3258.0
2026-01-24T23,CAL,California,D,Demand,29904,megawatthours,2026-01-24 23:00:00,29904.0
2026-01-24T23,CAL,California,DF,Day-ahead demand forecast,22361,megawatthours,2026-01-24 23:00:00,22361.0
2026-01-24T23,CAL,California,NG,Net generation,19192,megawatthours,2026-01-24 23:00:00,19192.0
2026-01-24T23,CAL,California,TI,Total interchange,-3345,megawatthours,2026-01-24 23:00:00,-3345.0
2026-01-24T22,CAL,California,D,Demand,31059,megawatthours,2026-01-24 22:00:00,31059.0
2026-01-24T22,CAL,California,DF,Day-ahead demand forecast,21583,megawatthours,2026-01-24 22:00:00,21583.0
2026-01-24T22,CAL,California,NG,Net generation,18704,megawatthours,2026-01-24 22:00:00,18704.0
2026-01-24T22,CAL,California,TI,Total interchange,-2792,megawatthours,2026-01-24 22:00:00,-2792.0
2026-01-24T21,CAL,California,D,Demand,31446,megawatthours,2026-01-24 21:00:00,31446.0
2026-01-24T21,CAL,California,DF,Day-ahead demand forecast,21752,megawatthours,2026-01-24 21:00:00,21752.0
2026-01-24T21,CAL,California,NG,Net generation,19096,megawatthours,2026-01-24 21:00:00,19096.0
2026-01-24T21,CAL,California,TI,Total interchange,-2731,megawatthours,2026-01-24 21:00:00,-2731.0
2026-01-24T20,CAL,California,D,Demand,30706,megawatthours,2026-01-24 20:00:00,30706.0
2026-01-24T20,CAL,California,DF,Day-ahead demand forecast,22675,megawatthours,2026-01-24 20:00:00,22675.0
2026-01-24T20,CAL,California,NG,Net generation,20319,megawatthours,2026-01-24 20:00:00,20319.0
2026-01-24T20,CAL,California,TI,Total interchange,-2125,megawatthours,2026-01-24 20:00:00,-2125.0
2026-01-24T19,CAL,California,D,Demand,30974,megawatthours,2026-01-24 19:00:00,30974.0
2026-01-24T19,CAL,California,DF,Day-ahead demand forecast,24180,megawatthours,2026-01-24 19:00:00,24180.0
2026-01-24T19,CAL,California,NG,Net generation,22821,megawatthours,2026-01-24 19:00:00,22821.0
2026-01-24T19,CAL,California,TI,Total interchange,-1970,megawatthours,2026-01-24 19:00:00,-1970.0
2026-01-24T18,CAL,California,D,Demand,29423,megawatthours,2026-01-24 18:00:00,29423.0
2026-01-24T18,CAL,California,DF,Day-ahead demand forecast,25744,megawatthours,2026-01-24 18:00:00,25744.0
2026-01-24T18,CAL,California,NG,Net generation,24276,megawatthours,2026-01-24 18:00:00,24276.0
2026-01-24T18,CAL,California,TI,Total interchange,-1457,megawatthours,2026-01-24 18:00:00,-1457.0
2026-01-24T17,CAL,California,D,Demand,27760,megawatthours,2026-01-24 17:00:00,27760.0
2026-01-24T17,CAL,California,DF,Day-ahead demand forecast,26934,megawatthours,2026-01-24 17:00:00,26934.0
2026-01-24T17,CAL,California,NG,Net generation,24663,megawatthours,2026-01-24 17:00:00,24663.0
2026-01-24T17,CAL,California,TI,Total interchange,-1169,megawatthours,2026-01-24 17:00:00,-1169.0
2026-01-24T16,CAL,California,D,Demand,27269,megawatthours,2026-01-24 16:00:00,27269.0
2026-01-24T16,CAL,California,DF,Day-ahead demand forecast,26882,megawatthours,2026-01-24 16:00:00,26882.0
2026-01-24T16,CAL,California,NG,Net generation,23710,megawatthours,2026-01-24 16:00:00,23710.0
2026-01-24T16,CAL,California,TI,Total interchange,-2517,megawatthours,2026-01-24 16:00:00,-2517.0
2026-01-24T15,CAL,California,D,Demand,26340,megawatthours,2026-01-24 15:00:00,26340.0
2026-01-24T15,CAL,California,DF,Day-ahead demand forecast,25999,megawatthours,2026-01-24 15:00:00,25999.0
2026-01-24T15,CAL,California,NG,Net generation,21403,megawatthours,2026-01-24 15:00:00,21403.0
2026-01-24T15,CAL,California,TI,Total interchange,-3738,megawatthours,2026-01-24 15:00:00,-3738.0
2026-01-24T14,CAL,California,D,Demand,25212,megawatthours,2026-01-24 14:00:00,25212.0
2026-01-24T14,CAL,California,DF,Day-ahead demand forecast,24700,megawatthours,2026-01-24 14:00:00,24700.0
2026-01-24T14,CAL,California,NG,Net generation,18796,megawatthours,2026-01-24 14:00:00,18796.0
2026-01-24T14,CAL,California,TI,Total interchange,-5087,megawatthours,2026-01-24 14:00:00,-5087.0
2026-01-24T13,CAL,California,D,Demand,24677,megawatthours,2026-01-24 13:00:00,24677.0
2026-01-24T13,CAL,California,DF,Day-ahead demand forecast,23959,megawatthours,2026-01-24 13:00:00,23959.0
2026-01-24T13,CAL,California,NG,Net generation,18529,megawatthours,2026-01-24 13:00:00,18529.0
2026-01-24T13,CAL,California,TI,Total interchange,-5150,megawatthours,2026-01-24 13:00:00,-5150.0
2026-01-24T12,CAL,California,D,Demand,24655,megawatthours,2026-01-24 12:00:00,24655.0
2026-01-24T12,CAL,California,DF,Day-ahead demand forecast,23875,megawatthours,2026-01-24 12:00:00,23875.0
2026-01-24T12,CAL,California,NG,Net generation,18143,megawatthours,2026-01-24 12:00:00,18143.0
2026-01-24T12,CAL,California,TI,Total interchange,-5646,megawatthours,2026-01-24 12:00:00,-5646.0
2026-01-24T11,CAL,California,D,Demand,25151,megawatthours,2026-01-24 11:00:00,25151.0
2026-01-24T11,CAL,California,DF,Day-ahead demand forecast,24346,megawatthours,2026-01-24 11:00:00,24346.0
2026-01-24T11,CAL,California,NG,Net generation,18767,megawatthours,2026-01-24 11:00:00,18767.0
2026-01-24T11,CAL,California,TI,Total interchange,-5546,megawatthours,2026-01-24 11:00:00,-5546.0
2026-01-24T10,CAL,California,D,Demand,26186,megawatthours,2026-01-24 10:00:00,26186.0
2026-01-24T10,CAL,California,DF,Day-ahead demand forecast,25248,megawatthours,2026-01-24 10:00:00,25248.0
2026-01-24T10,CAL,California,NG,Net generation,19213,megawatthours,2026-01-24 10:00:00,19213.0
2026-01-24T10,CAL,California,TI,Total interchange,-5917,megawatthours,2026-01-24 10:00:00,-5917.0
2026-01-24T09,CAL,California,D,Demand,26713,megawatthours,2026-01-24 09:00:00,26713.0
2026-01-24T09,CAL,California,DF,Day-ahead demand forecast,26216,megawatthours,2026-01-24 09:00:00,26216.0
2026-01-24T09,CAL,California,NG,Net generation,20418,megawatthours,2026-01-24 09:00:00,20418.0
2026-01-24T09,CAL,California,TI,Total interchange,-5681,megawatthours,2026-01-24 09:00:00,-5681.0
2026-01-24T08,CAL,California,D,Demand,27586,megawatthours,2026-01-24 08:00:00,27586.0
2026-01-24T08,CAL,California,DF,Day-ahead demand forecast,27101,megawatthours,2026-01-24 08:00:00,27101.0
2026-01-24T08,CAL,California,NG,Net generation,20736,megawatthours,2026-01-24 08:00:00,20736.0
2026-01-24T08,CAL,California,TI,Total interchange,-5619,megawatthours,2026-01-24 08:00:00,-5619.0
2026-01-24T07,CAL,California,D,Demand,28744,megawatthours,2026-01-24 07:00:00,28744.0
2026-01-24T07,CAL,California,DF,Day-ahead demand forecast,28701,megawatthours,2026-01-24 07:00:00,28701.0
2026-01-24T07,CAL,California,NG,Net generation,22038,megawatthours,2026-01-24 07:00:00,22038.0
2026-01-24T07,CAL,California,TI,Total interchange,-5912,megawatthours,2026-01-24 07:00:00,-5912.0
2026-01-24T06,CAL,California,D,Demand,30055,megawatthours,2026-01-24 06:00:00,30055.0
2026-01-24T06,CAL,California,DF,Day-ahead demand forecast,30043,megawatthours,2026-01-24 06:00:00,30043.0
2026-01-24T06,CAL,California,NG,Net generation,24405,megawatthours,2026-01-24 06:00:00,24405.0
2026-01-24T06,CAL,California,TI,Total interchange,-4811,megawatthours,2026-01-24 06:00:00,-4811.0
2026-01-24T05,CAL,California,D,Demand,30585,megawatthours,2026-01-24 05:00:00,30585.0
2026-01-24T05,CAL,California,DF,Day-ahead demand forecast,30571,megawatthours,2026-01-24 05:00:00,30571.0
2026-01-24T05,CAL,California,NG,Net generation,25049,megawatthours,2026-01-24 05:00:00,25049.0
2026-01-24T05,CAL,California,TI,Total interchange,-4604,megawatthours,2026-01-24 05:00:00,-4604.0
2026-01-24T04,CAL,California,D,Demand,31184,megawatthours,2026-01-24 04:00:00,31184.0
2026-01-24T04,CAL,California,DF,Day-ahead demand forecast,31251,megawatthours,2026-01-24 04:00:00,31251.0
2026-01-24T04,CAL,California,NG,Net generation,25628,megawatthours,2026-01-24 04:00:00,25628.0
2026-01-24T04,CAL,California,TI,Total interchange,-4526,megawatthours,2026-01-24 04:00:00,-4526.0
2026-01-24T03,CAL,California,D,Demand,31767,megawatthours,2026-01-24 03:00:00,31767.0
2026-01-24T03,CAL,California,DF,Day-ahead demand forecast,31866,megawatthours,2026-01-24 03:00:00,31866.0
2026-01-24T03,CAL,California,NG,Net generation,26052,megawatthours,2026-01-24 03:00:00,26052.0
2026-01-24T03,CAL,California,TI,Total interchange,-4668,megawatthours,2026-01-24 03:00:00,-4668.0
2026-01-24T02,CAL,California,D,Demand,31601,megawatthours,2026-01-24 02:00:00,31601.0
2026-01-24T02,CAL,California,DF,Day-ahead demand forecast,31469,megawatthours,2026-01-24 02:00:00,31469.0
2026-01-24T02,CAL,California,NG,Net generation,25981,megawatthours,2026-01-24 02:00:00,25981.0
2026-01-24T02,CAL,California,TI,Total interchange,-4426,megawatthours,2026-01-24 02:00:00,-4426.0
2026-01-24T01,CAL,California,D,Demand,30014,megawatthours,2026-01-24 01:00:00,30014.0
2026-01-24T01,CAL,California,DF,Day-ahead demand forecast,29096,megawatthours,2026-01-24 01:00:00,29096.0
2026-01-24T01,CAL,California,NG,Net generation,23752,megawatthours,2026-01-24 01:00:00,23752.0
2026-01-24T01,CAL,California,TI,Total interchange,-4663,megawatthours,2026-01-24 01:00:00,-4663.0
2026-01-24T00,CAL,California,D,Demand,31255,megawatthours,2026-01-24 00:00:00,31255.0
2026-01-24T00,CAL,California,DF,Day-ahead demand forecast,27336,megawatthours,2026-01-24 00:00:00,27336.0
2026-01-24T00,CAL,California,NG,Net generation,23028,megawatthours,2026-01-24 00:00:00,23028.0
2026-01-24T00,CAL,California,TI,Total interchange,-3057,megawatthours,2026-01-24 00:00:00,-3057.0
2026-01-23T23,CAL,California,D,Demand,32839,megawatthours,2026-01-23 23:00:00,32839.0
2026-01-23T23,CAL,California,DF,Day-ahead demand forecast,26236,megawatthours,2026-01-23 23:00:00,26236.0
2026-01-23T23,CAL,California,NG,Net generation,22690,megawatthours,2026-01-23 23:00:00,22690.0
2026-01-23T23,CAL,California,TI,Total interchange,-2483,megawatthours,2026-01-23 23:00:00,-2483.0
2026-01-23T22,CAL,California,D,Demand,33251,megawatthours,2026-01-23 22:00:00,33251.0
2026-01-23T22,CAL,California,DF,Day-ahead demand forecast,25811,megawatthours,2026-01-23 22:00:00,25811.0
2026-01-23T22,CAL,California,NG,Net generation,22029,megawatthours,2026-01-23 22:00:00,22029.0
2026-01-23T22,CAL,California,TI,Total interchange,-3310,megawatthours,2026-01-23 22:00:00,-3310.0
2026-01-23T21,CAL,California,D,Demand,32222,megawatthours,2026-01-23 21:00:00,32222.0
2026-01-23T21,CAL,California,DF,Day-ahead demand forecast,25848,megawatthours,2026-01-23 21:00:00,25848.0
2026-01-23T21,CAL,California,NG,Net generation,21468,megawatthours,2026-01-23 21:00:00,21468.0
2026-01-23T21,CAL,California,TI,Total interchange,-3287,megawatthours,2026-01-23 21:00:00,-3287.0
2026-01-23T20,CAL,California,D,Demand,31812,megawatthours,2026-01-23 20:00:00,31812.0
2026-01-23T20,CAL,California,DF,Day-ahead demand forecast,26607,megawatthours,2026-01-23 20:00:00,26607.0
2026-01-23T20,CAL,California,NG,Net generation,21998,megawatthours,2026-01-23 20:00:00,21998.0
2026-01-23T20,CAL,California,TI,Total interchange,-3257,megawatthours,2026-01-23 20:00:00,-3257.0
2026-01-23T19,CAL,California,D,Demand,31961,megawatthours,2026-01-23 19:00:00,31961.0
2026-01-23T19,CAL,California,DF,Day-ahead demand forecast,27819,megawatthours,2026-01-23 19:00:00,27819.0
2026-01-23T19,CAL,California,NG,Net generation,23329,megawatthours,2026-01-23 19:00:00,23329.0
2026-01-23T19,CAL,California,TI,Total interchange,-3265,megawatthours,2026-01-23 19:00:00,-3265.0
2026-01-23T18,CAL,California,D,Demand,32735,megawatthours,2026-01-23 18:00:00,32735.0
2026-01-23T18,CAL,California,DF,Day-ahead demand forecast,29193,megawatthours,2026-01-23 18:00:00,29193.0
2026-01-23T18,CAL,California,NG,Net generation,25679,megawatthours,2026-01-23 18:00:00,25679.0
2026-01-23T18,CAL,California,TI,Total interchange,-2329,megawatthours,2026-01-23 18:00:00,-2329.0
2026-01-23T17,CAL,California,D,Demand,31878,megawatthours,2026-01-23 17:00:00,31878.0
2026-01-23T17,CAL,California,DF,Day-ahead demand forecast,30169,megawatthours,2026-01-23 17:00:00,30169.0
2026-01-23T17,CAL,California,NG,Net generation,25671,megawatthours,2026-01-23 17:00:00,25671.0
2026-01-23T17,CAL,California,TI,Total interchange,-3238,megawatthours,2026-01-23 17:00:00,-3238.0
2026-01-23T16,CAL,California,D,Demand,30984,megawatthours,2026-01-23 16:00:00,30984.0
2026-01-23T16,CAL,California,DF,Day-ahead demand forecast,30702,megawatthours,2026-01-23 16:00:00,30702.0
2026-01-23T16,CAL,California,NG,Net generation,25523,megawatthours,2026-01-23 16:00:00,25523.0
2026-01-23T16,CAL,California,TI,Total interchange,-4280,megawatthours,2026-01-23 16:00:00,-4280.0
2026-01-23T15,CAL,California,D,Demand,29218,megawatthours,2026-01-23 15:00:00,29218.0
2026-01-23T15,CAL,California,DF,Day-ahead demand forecast,28914,megawatthours,2026-01-23 15:00:00,28914.0
2026-01-23T15,CAL,California,NG,Net generation,22682,megawatthours,2026-01-23 15:00:00,22682.0
2026-01-23T15,CAL,California,TI,Total interchange,-5533,megawatthours,2026-01-23 15:00:00,-5533.0
2026-01-23T14,CAL,California,D,Demand,26671,megawatthours,2026-01-23 14:00:00,26671.0
2026-01-23T14,CAL,California,DF,Day-ahead demand forecast,26335,megawatthours,2026-01-23 14:00:00,26335.0
2026-01-23T14,CAL,California,NG,Net generation,18779,megawatthours,2026-01-23 14:00:00,18779.0
2026-01-23T14,CAL,California,TI,Total interchange,-7113,megawatthours,2026-01-23 14:00:00,-7113.0
2026-01-23T13,CAL,California,D,Demand,25361,megawatthours,2026-01-23 13:00:00,25361.0
2026-01-23T13,CAL,California,DF,Day-ahead demand forecast,24795,megawatthours,2026-01-23 13:00:00,24795.0
2026-01-23T13,CAL,California,NG,Net generation,17572,megawatthours,2026-01-23 13:00:00,17572.0
2026-01-23T13,CAL,California,TI,Total interchange,-6766,megawatthours,2026-01-23 13:00:00,-6766.0
2026-01-23T12,CAL,California,D,Demand,25180,megawatthours,2026-01-23 12:00:00,25180.0
2026-01-23T12,CAL,California,DF,Day-ahead demand forecast,24269,megawatthours,2026-01-23 12:00:00,24269.0
2026-01-23T12,CAL,California,NG,Net generation,16921,megawatthours,2026-01-23 12:00:00,16921.0
2026-01-23T12,CAL,California,TI,Total interchange,-6961,megawatthours,2026-01-23 12:00:00,-6961.0
2026-01-23T11,CAL,California,D,Demand,25812,megawatthours,2026-01-23 11:00:00,25812.0
2026-01-23T11,CAL,California,DF,Day-ahead demand forecast,24500,megawatthours,2026-01-23 11:00:00,24500.0
2026-01-23T11,CAL,California,NG,Net generation,16806,megawatthours,2026-01-23 11:00:00,16806.0
2026-01-23T11,CAL,California,TI,Total interchange,-7499,megawatthours,2026-01-23 11:00:00,-7499.0
2026-01-23T10,CAL,California,D,Demand,26285,megawatthours,2026-01-23 10:00:00,26285.0
2026-01-23T10,CAL,California,DF,Day-ahead demand forecast,25225,megawatthours,2026-01-23 10:00:00,25225.0
2026-01-23T10,CAL,California,NG,Net generation,17272,megawatthours,2026-01-23 10:00:00,17272.0
2026-01-23T10,CAL,California,TI,Total interchange,-7911,megawatthours,2026-01-23 10:00:00,-7911.0
2026-01-23T09,CAL,California,D,Demand,27239,megawatthours,2026-01-23 09:00:00,27239.0
2026-01-23T09,CAL,California,DF,Day-ahead demand forecast,26186,megawatthours,2026-01-23 09:00:00,26186.0
2026-01-23T09,CAL,California,NG,Net generation,17851,megawatthours,2026-01-23 09:00:00,17851.0
2026-01-23T09,CAL,California,TI,Total interchange,-8389,megawatthours,2026-01-23 09:00:00,-8389.0
2026-01-23T08,CAL,California,D,Demand,27579,megawatthours,2026-01-23 08:00:00,27579.0
2026-01-23T08,CAL,California,DF,Day-ahead demand forecast,27520,megawatthours,2026-01-23 08:00:00,27520.0
2026-01-23T08,CAL,California,NG,Net generation,18944,megawatthours,2026-01-23 08:00:00,18944.0
2026-01-23T08,CAL,California,TI,Total interchange,-7683,megawatthours,2026-01-23 08:00:00,-7683.0
2026-01-23T07,CAL,California,D,Demand,29222,megawatthours,2026-01-23 07:00:00,29222.0
2026-01-23T07,CAL,California,DF,Day-ahead demand forecast,29302,megawatthours,2026-01-23 07:00:00,29302.0
2026-01-23T07,CAL,California,NG,Net generation,20682,megawatthours,2026-01-23 07:00:00,20682.0
2026-01-23T07,CAL,California,TI,Total interchange,-7866,megawatthours,2026-01-23 07:00:00,-7866.0
2026-01-23T06,CAL,California,D,Demand,30760,megawatthours,2026-01-23 06:00:00,30760.0
2026-01-23T06,CAL,California,DF,Day-ahead demand forecast,30929,megawatthours,2026-01-23 06:00:00,30929.0
2026-01-23T06,CAL,California,NG,Net generation,23179,megawatthours,2026-01-23 06:00:00,23179.0
2026-01-23T06,CAL,California,TI,Total interchange,-6784,megawatthours,2026-01-23 06:00:00,-6784.0
2026-01-23T05,CAL,California,D,Demand,31502,megawatthours,2026-01-23 05:00:00,31502.0
2026-01-23T05,CAL,California,DF,Day-ahead demand forecast,31706,megawatthours,2026-01-23 05:00:00,31706.0
2026-01-23T05,CAL,California,NG,Net generation,24223,megawatthours,2026-01-23 05:00:00,24223.0
2026-01-23T05,CAL,California,TI,Total interchange,-6682,megawatthours,2026-01-23 05:00:00,-6682.0
2026-01-23T04,CAL,California,D,Demand,32144,megawatthours,2026-01-23 04:00:00,32144.0
2026-01-23T04,CAL,California,DF,Day-ahead demand forecast,32349,megawatthours,2026-01-23 04:00:00,32349.0
2026-01-23T04,CAL,California,NG,Net generation,24596,megawatthours,2026-01-23 04:00:00,24596.0
2026-01-23T04,CAL,California,TI,Total interchange,-6606,megawatthours,2026-01-23 04:00:00,-6606.0
2026-01-23T03,CAL,California,D,Demand,32636,megawatthours,2026-01-23 03:00:00,32636.0
2026-01-23T03,CAL,California,DF,Day-ahead demand forecast,32877,megawatthours,2026-01-23 03:00:00,32877.0
2026-01-23T03,CAL,California,NG,Net generation,25350,megawatthours,2026-01-23 03:00:00,25350.0
2026-01-23T03,CAL,California,TI,Total interchange,-6124,megawatthours,2026-01-23 03:00:00,-6124.0
2026-01-23T02,CAL,California,D,Demand,32397,megawatthours,2026-01-23 02:00:00,32397.0
2026-01-23T02,CAL,California,DF,Day-ahead demand forecast,32530,megawatthours,2026-01-23 02:00:00,32530.0
2026-01-23T02,CAL,California,NG,Net generation,25103,megawatthours,2026-01-23 02:00:00,25103.0
2026-01-23T02,CAL,California,TI,Total interchange,-6049,megawatthours,2026-01-23 02:00:00,-6049.0
2026-01-23T01,CAL,California,D,Demand,31009,megawatthours,2026-01-23 01:00:00,31009.0
2026-01-23T01,CAL,California,DF,Day-ahead demand forecast,30531,megawatthours,2026-01-23 01:00:00,30531.0
2026-01-23T01,CAL,California,NG,Net generation,23041,megawatthours,2026-01-23 01:00:00,23041.0
2026-01-23T01,CAL,California,TI,Total interchange,-6090,megawatthours,2026-01-23 01:00:00,-6090.0
2026-01-23T00,CAL,California,D,Demand,30305,megawatthours,2026-01-23 00:00:00,30305.0
2026-01-23T00,CAL,California,DF,Day-ahead demand forecast,29011,megawatthours,2026-01-23 00:00:00,29011.0
2026-01-23T00,CAL,California,NG,Net generation,22360,megawatthours,2026-01-23 00:00:00,22360.0
2026-01-23T00,CAL,California,TI,Total interchange,-4915,megawatthours,2026-01-23 00:00:00,-4915.0
2026-01-22T23,CAL,California,D,Demand,32263,megawatthours,2026-01-22 23:00:00,32263.0
2026-01-22T23,CAL,California,DF,Day-ahead demand forecast,28005,megawatthours,2026-01-22 23:00:00,28005.0
2026-01-22T23,CAL,California,NG,Net generation,21180,megawatthours,2026-01-22 23:00:00,21180.0
2026-01-22T23,CAL,California,TI,Total interchange,-5118,megawatthours,2026-01-22 23:00:00,-5118.0
2026-01-22T22,CAL,California,D,Demand,34734,megawatthours,2026-01-22 22:00:00,34734.0
2026-01-22T22,CAL,California,DF,Day-ahead demand forecast,27706,megawatthours,2026-01-22 22:00:00,27706.0
2026-01-22T22,CAL,California,NG,Net generation,20106,megawatthours,2026-01-22 22:00:00,20106.0
2026-01-22T22,CAL,California,TI,Total interchange,-5750,megawatthours,2026-01-22 22:00:00,-5750.0
2026-01-22T21,CAL,California,D,Demand,35422,megawatthours,2026-01-22 21:00:00,35422.0
2026-01-22T21,CAL,California,DF,Day-ahead demand forecast,27816,megawatthours,2026-01-22 21:00:00,27816.0
2026-01-22T21,CAL,California,NG,Net generation,20433,megawatthours,2026-01-22 21:00:00,20433.0
2026-01-22T21,CAL,California,TI,Total interchange,-5934,megawatthours,2026-01-22 21:00:00,-5934.0
2026-01-22T20,CAL,California,D,Demand,34955,megawatthours,2026-01-22 20:00:00,34955.0
2026-01-22T20,CAL,California,DF,Day-ahead demand forecast,28363,megawatthours,2026-01-22 20:00:00,28363.0
2026-01-22T20,CAL,California,NG,Net generation,21070,megawatthours,2026-01-22 20:00:00,21070.0
2026-01-22T20,CAL,California,TI,Total interchange,-5947,megawatthours,2026-01-22 20:00:00,-5947.0
2026-01-22T19,CAL,California,D,Demand,33969,megawatthours,2026-01-22 19:00:00,33969.0
2026-01-22T19,CAL,California,DF,Day-ahead demand forecast,29343,megawatthours,2026-01-22 19:00:00,29343.0
2026-01-22T19,CAL,California,NG,Net generation,22586,megawatthours,2026-01-22 19:00:00,22586.0
2026-01-22T19,CAL,California,TI,Total interchange,-6325,megawatthours,2026-01-22 19:00:00,-6325.0
2026-01-22T18,CAL,California,D,Demand,32192,megawatthours,2026-01-22 18:00:00,32192.0
2026-01-22T18,CAL,California,DF,Day-ahead demand forecast,30324,megawatthours,2026-01-22 18:00:00,30324.0
2026-01-22T18,CAL,California,NG,Net generation,23566,megawatthours,2026-01-22 18:00:00,23566.0
2026-01-22T18,CAL,California,TI,Total interchange,-6272,megawatthours,2026-01-22 18:00:00,-6272.0
2026-01-22T17,CAL,California,D,Demand,32278,megawatthours,2026-01-22 17:00:00,32278.0
2026-01-22T17,CAL,California,DF,Day-ahead demand forecast,31082,megawatthours,2026-01-22 17:00:00,31082.0
2026-01-22T17,CAL,California,NG,Net generation,24862,megawatthours,2026-01-22 17:00:00,24862.0
2026-01-22T17,CAL,California,TI,Total interchange,-6258,megawatthours,2026-01-22 17:00:00,-6258.0
2026-01-22T16,CAL,California,D,Demand,31719,megawatthours,2026-01-22 16:00:00,31719.0
2026-01-22T16,CAL,California,DF,Day-ahead demand forecast,31097,megawatthours,2026-01-22 16:00:00,31097.0
2026-01-22T16,CAL,California,NG,Net generation,24674,megawatthours,2026-01-22 16:00:00,24674.0
2026-01-22T16,CAL,California,TI,Total interchange,-6513,megawatthours,2026-01-22 16:00:00,-6513.0
2026-01-22T15,CAL,California,D,Demand,29845,megawatthours,2026-01-22 15:00:00,29845.0
2026-01-22T15,CAL,California,DF,Day-ahead demand forecast,29116,megawatthours,2026-01-22 15:00:00,29116.0
2026-01-22T15,CAL,California,NG,Net generation,22904,megawatthours,2026-01-22 15:00:00,22904.0
2026-01-22T15,CAL,California,TI,Total interchange,-6036,megawatthours,2026-01-22 15:00:00,-6036.0
2026-01-22T14,CAL,California,D,Demand,27438,megawatthours,2026-01-22 14:00:00,27438.0
2026-01-22T14,CAL,California,DF,Day-ahead demand forecast,26483,megawatthours,2026-01-22 14:00:00,26483.0
2026-01-22T14,CAL,California,NG,Net generation,19022,megawatthours,2026-01-22 14:00:00,19022.0
2026-01-22T14,CAL,California,TI,Total interchange,-7380,megawatthours,2026-01-22 14:00:00,-7380.0
2026-01-22T13,CAL,California,D,Demand,26352,megawatthours,2026-01-22 13:00:00,26352.0
2026-01-22T13,CAL,California,DF,Day-ahead demand forecast,24868,megawatthours,2026-01-22 13:00:00,24868.0
2026-01-22T13,CAL,California,NG,Net generation,16869,megawatthours,2026-01-22 13:00:00,16869.0
2026-01-22T13,CAL,California,TI,Total interchange,-7930,megawatthours,2026-01-22 13:00:00,-7930.0
2026-01-22T12,CAL,California,D,Demand,26500,megawatthours,2026-01-22 12:00:00,26500.0
2026-01-22T12,CAL,California,DF,Day-ahead demand forecast,24349,megawatthours,2026-01-22 12:00:00,24349.0
2026-01-22T12,CAL,California,NG,Net generation,15886,megawatthours,2026-01-22 12:00:00,15886.0
2026-01-22T12,CAL,California,TI,Total interchange,-8238,megawatthours,2026-01-22 12:00:00,-8238.0
2026-01-22T11,CAL,California,D,Demand,26626,megawatthours,2026-01-22 11:00:00,26626.0
2026-01-22T11,CAL,California,DF,Day-ahead demand forecast,24754,megawatthours,2026-01-22 11:00:00,24754.0
2026-01-22T11,CAL,California,NG,Net generation,16487,megawatthours,2026-01-22 11:00:00,16487.0
2026-01-22T11,CAL,California,TI,Total interchange,-8151,megawatthours,2026-01-22 11:00:00,-8151.0
2026-01-22T10,CAL,California,D,Demand,26942,megawatthours,2026-01-22 10:00:00,26942.0
2026-01-22T10,CAL,California,DF,Day-ahead demand forecast,25482,megawatthours,2026-01-22 10:00:00,25482.0
2026-01-22T10,CAL,California,NG,Net generation,16869,megawatthours,2026-01-22 10:00:00,16869.0
2026-01-22T10,CAL,California,TI,Total interchange,-8393,megawatthours,2026-01-22 10:00:00,-8393.0
2026-01-22T09,CAL,California,D,Demand,27705,megawatthours,2026-01-22 09:00:00,27705.0
2026-01-22T09,CAL,California,DF,Day-ahead demand forecast,26487,megawatthours,2026-01-22 09:00:00,26487.0
2026-01-22T09,CAL,California,NG,Net generation,17469,megawatthours,2026-01-22 09:00:00,17469.0
2026-01-22T09,CAL,California,TI,Total interchange,-8899,megawatthours,2026-01-22 09:00:00,-8899.0
2026-01-22T08,CAL,California,D,Demand,28007,megawatthours,2026-01-22 08:00:00,28007.0
2026-01-22T08,CAL,California,DF,Day-ahead demand forecast,27279,megawatthours,2026-01-22 08:00:00,27279.0
2026-01-22T08,CAL,California,NG,Net generation,18423,megawatthours,2026-01-22 08:00:00,18423.0
2026-01-22T08,CAL,California,TI,Total interchange,-8743,megawatthours,2026-01-22 08:00:00,-8743.0
2026-01-22T07,CAL,California,D,Demand,29802,megawatthours,2026-01-22 07:00:00,29802.0
2026-01-22T07,CAL,California,DF,Day-ahead demand forecast,28938,megawatthours,2026-01-22 07:00:00,28938.0
2026-01-22T07,CAL,California,NG,Net generation,19446,megawatthours,2026-01-22 07:00:00,19446.0
2026-01-22T07,CAL,California,TI,Total interchange,-9580,megawatthours,2026-01-22 07:00:00,-9580.0
2026-01-22T06,CAL,California,D,Demand,31681,megawatthours,2026-01-22 06:00:00,31681.0
2026-01-22T06,CAL,California,DF,Day-ahead demand forecast,30593,megawatthours,2026-01-22 06:00:00,30593.0
2026-01-22T06,CAL,California,NG,Net generation,20487,megawatthours,2026-01-22 06:00:00,20487.0
2026-01-22T06,CAL,California,TI,Total interchange,-10284,megawatthours,2026-01-22 06:00:00,-10284.0
2026-01-22T05,CAL,California,D,Demand,32255,megawatthours,2026-01-22 05:00:00,32255.0
2026-01-22T05,CAL,California,DF,Day-ahead demand forecast,31394,megawatthours,2026-01-22 05:00:00,31394.0
2026-01-22T05,CAL,California,NG,Net generation,21867,megawatthours,2026-01-22 05:00:00,21867.0
2026-01-22T05,CAL,California,TI,Total interchange,-9487,megawatthours,2026-01-22 05:00:00,-9487.0
2026-01-22T04,CAL,California,D,Demand,32988,megawatthours,2026-01-22 04:00:00,32988.0
2026-01-22T04,CAL,California,DF,Day-ahead demand forecast,32062,megawatthours,2026-01-22 04:00:00,32062.0
2026-01-22T04,CAL,California,NG,Net generation,22617,megawatthours,2026-01-22 04:00:00,22617.0
2026-01-22T04,CAL,California,TI,Total interchange,-9434,megawatthours,2026-01-22 04:00:00,-9434.0
2026-01-22T03,CAL,California,D,Demand,33605,megawatthours,2026-01-22 03:00:00,33605.0
2026-01-22T03,CAL,California,DF,Day-ahead demand forecast,32674,megawatthours,2026-01-22 03:00:00,32674.0
2026-01-22T03,CAL,California,NG,Net generation,23899,megawatthours,2026-01-22 03:00:00,23899.0
2026-01-22T03,CAL,California,TI,Total interchange,-8835,megawatthours,2026-01-22 03:00:00,-8835.0
2026-01-22T02,CAL,California,D,Demand,33508,megawatthours,2026-01-22 02:00:00,33508.0
2026-01-22T02,CAL,California,DF,Day-ahead demand forecast,32573,megawatthours,2026-01-22 02:00:00,32573.0
2026-01-22T02,CAL,California,NG,Net generation,24056,megawatthours,2026-01-22 02:00:00,24056.0
2026-01-22T02,CAL,California,TI,Total interchange,-8406,megawatthours,2026-01-22 02:00:00,-8406.0
2026-01-22T01,CAL,California,D,Demand,31863,megawatthours,2026-01-22 01:00:00,31863.0
2026-01-22T01,CAL,California,DF,Day-ahead demand forecast,30610,megawatthours,2026-01-22 01:00:00,30610.0
2026-01-22T01,CAL,California,NG,Net generation,22498,megawatthours,2026-01-22 01:00:00,22498.0
2026-01-22T01,CAL,California,TI,Total interchange,-8111,megawatthours,2026-01-22 01:00:00,-8111.0
2026-01-22T00,CAL,California,D,Demand,31430,megawatthours,2026-01-22 00:00:00,31430.0
2026-01-22T00,CAL,California,DF,Day-ahead demand forecast,29670,megawatthours,2026-01-22 00:00:00,29670.0
2026-01-22T00,CAL,California,NG,Net generation,22049,megawatthours,2026-01-22 00:00:00,22049.0
2026-01-22T00,CAL,California,TI,Total interchange,-7291,megawatthours,2026-01-22 00:00:00,-7291.0
2026-01-21T23,CAL,California,D,Demand,31593,megawatthours,2026-01-21 23:00:00,31593.0
2026-01-21T23,CAL,California,DF,Day-ahead demand forecast,28988,megawatthours,2026-01-21 23:00:00,28988.0
2026-01-21T23,CAL,California,NG,Net generation,20609,megawatthours,2026-01-21 23:00:00,20609.0
2026-01-21T23,CAL,California,TI,Total interchange,-7631,megawatthours,2026-01-21 23:00:00,-7631.0
2026-01-21T22,CAL,California,D,Demand,32377,megawatthours,2026-01-21 22:00:00,32377.0
2026-01-21T22,CAL,California,DF,Day-ahead demand forecast,28445,megawatthours,2026-01-21 22:00:00,28445.0
2026-01-21T22,CAL,California,NG,Net generation,20412,megawatthours,2026-01-21 22:00:00,20412.0
2026-01-21T22,CAL,California,TI,Total interchange,-7197,megawatthours,2026-01-21 22:00:00,-7197.0
2026-01-21T21,CAL,California,D,Demand,33820,megawatthours,2026-01-21 21:00:00,33820.0
2026-01-21T21,CAL,California,DF,Day-ahead demand forecast,28408,megawatthours,2026-01-21 21:00:00,28408.0
2026-01-21T21,CAL,California,NG,Net generation,20850,megawatthours,2026-01-21 21:00:00,20850.0
2026-01-21T21,CAL,California,TI,Total interchange,-7210,megawatthours,2026-01-21 21:00:00,-7210.0
2026-01-21T20,CAL,California,D,Demand,34187,megawatthours,2026-01-21 20:00:00,34187.0
2026-01-21T20,CAL,California,DF,Day-ahead demand forecast,28698,megawatthours,2026-01-21 20:00:00,28698.0
2026-01-21T20,CAL,California,NG,Net generation,21486,megawatthours,2026-01-21 20:00:00,21486.0
2026-01-21T20,CAL,California,TI,Total interchange,-7039,megawatthours,2026-01-21 20:00:00,-7039.0
2026-01-21T19,CAL,California,D,Demand,33682,megawatthours,2026-01-21 19:00:00,33682.0
2026-01-21T19,CAL,California,DF,Day-ahead demand forecast,29387,megawatthours,2026-01-21 19:00:00,29387.0
2026-01-21T19,CAL,California,NG,Net generation,22045,megawatthours,2026-01-21 19:00:00,22045.0
2026-01-21T19,CAL,California,TI,Total interchange,-7011,megawatthours,2026-01-21 19:00:00,-7011.0
2026-01-21T18,CAL,California,D,Demand,32943,megawatthours,2026-01-21 18:00:00,32943.0
2026-01-21T18,CAL,California,DF,Day-ahead demand forecast,30408,megawatthours,2026-01-21 18:00:00,30408.0
2026-01-21T18,CAL,California,NG,Net generation,22822,megawatthours,2026-01-21 18:00:00,22822.0
2026-01-21T18,CAL,California,TI,Total interchange,-7436,megawatthours,2026-01-21 18:00:00,-7436.0
2026-01-21T17,CAL,California,D,Demand,32291,megawatthours,2026-01-21 17:00:00,32291.0
2026-01-21T17,CAL,California,DF,Day-ahead demand forecast,30912,megawatthours,2026-01-21 17:00:00,30912.0
2026-01-21T17,CAL,California,NG,Net generation,22798,megawatthours,2026-01-21 17:00:00,22798.0
2026-01-21T17,CAL,California,TI,Total interchange,-7821,megawatthours,2026-01-21 17:00:00,-7821.0
2026-01-21T16,CAL,California,D,Demand,31518,megawatthours,2026-01-21 16:00:00,31518.0
2026-01-21T16,CAL,California,DF,Day-ahead demand forecast,30983,megawatthours,2026-01-21 16:00:00,30983.0
2026-01-21T16,CAL,California,NG,Net generation,22921,megawatthours,2026-01-21 16:00:00,22921.0
2026-01-21T16,CAL,California,TI,Total interchange,-7407,megawatthours,2026-01-21 16:00:00,-7407.0
2026-01-21T15,CAL,California,D,Demand,29600,megawatthours,2026-01-21 15:00:00,29600.0
2026-01-21T15,CAL,California,DF,Day-ahead demand forecast,29244,megawatthours,2026-01-21 15:00:00,29244.0
2026-01-21T15,CAL,California,NG,Net generation,20952,megawatthours,2026-01-21 15:00:00,20952.0
2026-01-21T15,CAL,California,TI,Total interchange,-7510,megawatthours,2026-01-21 15:00:00,-7510.0
2026-01-21T14,CAL,California,D,Demand,27188,megawatthours,2026-01-21 14:00:00,27188.0
2026-01-21T14,CAL,California,DF,Day-ahead demand forecast,26592,megawatthours,2026-01-21 14:00:00,26592.0
2026-01-21T14,CAL,California,NG,Net generation,17804,megawatthours,2026-01-21 14:00:00,17804.0
2026-01-21T14,CAL,California,TI,Total interchange,-8231,megawatthours,2026-01-21 14:00:00,-8231.0
2026-01-21T13,CAL,California,D,Demand,26459,megawatthours,2026-01-21 13:00:00,26459.0
2026-01-21T13,CAL,California,DF,Day-ahead demand forecast,24950,megawatthours,2026-01-21 13:00:00,24950.0
2026-01-21T13,CAL,California,NG,Net generation,16006,megawatthours,2026-01-21 13:00:00,16006.0
2026-01-21T13,CAL,California,TI,Total interchange,-8419,megawatthours,2026-01-21 13:00:00,-8419.0
2026-01-21T12,CAL,California,D,Demand,26389,megawatthours,2026-01-21 12:00:00,26389.0
2026-01-21T12,CAL,California,DF,Day-ahead demand forecast,24391,megawatthours,2026-01-21 12:00:00,24391.0
2026-01-21T12,CAL,California,NG,Net generation,14971,megawatthours,2026-01-21 12:00:00,14971.0
2026-01-21T12,CAL,California,TI,Total interchange,-8906,megawatthours,2026-01-21 12:00:00,-8906.0
2026-01-21T11,CAL,California,D,Demand,26732,megawatthours,2026-01-21 11:00:00,26732.0
2026-01-21T11,CAL,California,DF,Day-ahead demand forecast,24664,megawatthours,2026-01-21 11:00:00,24664.0
2026-01-21T11,CAL,California,NG,Net generation,14821,megawatthours,2026-01-21 11:00:00,14821.0
2026-01-21T11,CAL,California,TI,Total interchange,-9503,megawatthours,2026-01-21 11:00:00,-9503.0
2026-01-21T10,CAL,California,D,Demand,27315,megawatthours,2026-01-21 10:00:00,27315.0
2026-01-21T10,CAL,California,DF,Day-ahead demand forecast,25550,megawatthours,2026-01-21 10:00:00,25550.0
2026-01-21T10,CAL,California,NG,Net generation,15373,megawatthours,2026-01-21 10:00:00,15373.0
2026-01-21T10,CAL,California,TI,Total interchange,-9850,megawatthours,2026-01-21 10:00:00,-9850.0
2026-01-21T09,CAL,California,D,Demand,27476,megawatthours,2026-01-21 09:00:00,27476.0
2026-01-21T09,CAL,California,DF,Day-ahead demand forecast,26510,megawatthours,2026-01-21 09:00:00,26510.0
2026-01-21T09,CAL,California,NG,Net generation,16469,megawatthours,2026-01-21 09:00:00,16469.0
2026-01-21T09,CAL,California,TI,Total interchange,-9802,megawatthours,2026-01-21 09:00:00,-9802.0
2026-01-21T08,CAL,California,D,Demand,28617,megawatthours,2026-01-21 08:00:00,28617.0
2026-01-21T08,CAL,California,DF,Day-ahead demand forecast,27119,megawatthours,2026-01-21 08:00:00,27119.0
2026-01-21T08,CAL,California,NG,Net generation,16788,megawatthours,2026-01-21 08:00:00,16788.0
2026-01-21T08,CAL,California,TI,Total interchange,-10394,megawatthours,2026-01-21 08:00:00,-10394.0
2026-01-21T07,CAL,California,D,Demand,29612,megawatthours,2026-01-21 07:00:00,29612.0
2026-01-21T07,CAL,California,DF,Day-ahead demand forecast,28756,megawatthours,2026-01-21 07:00:00,28756.0
2026-01-21T07,CAL,California,NG,Net generation,17906,megawatthours,2026-01-21 07:00:00,17906.0
2026-01-21T07,CAL,California,TI,Total interchange,-10900,megawatthours,2026-01-21 07:00:00,-10900.0
2026-01-21T06,CAL,California,D,Demand,31252,megawatthours,2026-01-21 06:00:00,31252.0
2026-01-21T06,CAL,California,DF,Day-ahead demand forecast,30379,megawatthours,2026-01-21 06:00:00,30379.0
2026-01-21T06,CAL,California,NG,Net generation,20796,megawatthours,2026-01-21 06:00:00,20796.0
2026-01-21T06,CAL,California,TI,Total interchange,-9662,megawatthours,2026-01-21 06:00:00,-9662.0
2026-01-21T05,CAL,California,D,Demand,32173,megawatthours,2026-01-21 05:00:00,32173.0
2026-01-21T05,CAL,California,DF,Day-ahead demand forecast,31226,megawatthours,2026-01-21 05:00:00,31226.0
2026-01-21T05,CAL,California,NG,Net generation,21751,megawatthours,2026-01-21 05:00:00,21751.0
2026-01-21T05,CAL,California,TI,Total interchange,-9524,megawatthours,2026-01-21 05:00:00,-9524.0
2026-01-21T04,CAL,California,D,Demand,32795,megawatthours,2026-01-21 04:00:00,32795.0
2026-01-21T04,CAL,California,DF,Day-ahead demand forecast,31883,megawatthours,2026-01-21 04:00:00,31883.0
2026-01-21T04,CAL,California,NG,Net generation,23260,megawatthours,2026-01-21 04:00:00,23260.0
2026-01-21T04,CAL,California,TI,Total interchange,-8565,megawatthours,2026-01-21 04:00:00,-8565.0
2026-01-21T03,CAL,California,D,Demand,33529,megawatthours,2026-01-21 03:00:00,33529.0
2026-01-21T03,CAL,California,DF,Day-ahead demand forecast,32443,megawatthours,2026-01-21 03:00:00,32443.0
2026-01-21T03,CAL,California,NG,Net generation,23717,megawatthours,2026-01-21 03:00:00,23717.0
2026-01-21T03,CAL,California,TI,Total interchange,-8912,megawatthours,2026-01-21 03:00:00,-8912.0
2026-01-21T02,CAL,California,D,Demand,33401,megawatthours,2026-01-21 02:00:00,33401.0
2026-01-21T02,CAL,California,DF,Day-ahead demand forecast,32066,megawatthours,2026-01-21 02:00:00,32066.0
2026-01-21T02,CAL,California,NG,Net generation,23963,megawatthours,2026-01-21 02:00:00,23963.0
2026-01-21T02,CAL,California,TI,Total interchange,-8627,megawatthours,2026-01-21 02:00:00,-8627.0
2026-01-21T01,CAL,California,D,Demand,31656,megawatthours,2026-01-21 01:00:00,31656.0
2026-01-21T01,CAL,California,DF,Day-ahead demand forecast,29677,megawatthours,2026-01-21 01:00:00,29677.0
2026-01-21T01,CAL,California,NG,Net generation,22511,megawatthours,2026-01-21 01:00:00,22511.0
2026-01-21T01,CAL,California,TI,Total interchange,-8104,megawatthours,2026-01-21 01:00:00,-8104.0
2026-01-21T00,CAL,California,D,Demand,31668,megawatthours,2026-01-21 00:00:00,31668.0
2026-01-21T00,CAL,California,DF,Day-ahead demand forecast,27663,megawatthours,2026-01-21 00:00:00,27663.0
2026-01-21T00,CAL,California,NG,Net generation,21671,megawatthours,2026-01-21 00:00:00,21671.0
2026-01-21T00,CAL,California,TI,Total interchange,-7178,megawatthours,2026-01-21 00:00:00,-7178.0
2026-01-20T23,CAL,California,D,Demand,33713,megawatthours,2026-01-20 23:00:00,33713.0
2026-01-20T23,CAL,California,DF,Day-ahead demand forecast,26191,megawatthours,2026-01-20 23:00:00,26191.0
2026-01-20T23,CAL,California,NG,Net generation,19451,megawatthours,2026-01-20 23:00:00,19451.0
2026-01-20T23,CAL,California,TI,Total interchange,-7648,megawatthours,2026-01-20 23:00:00,-7648.0
2026-01-20T22,CAL,California,D,Demand,34119,megawatthours,2026-01-20 22:00:00,34119.0
2026-01-20T22,CAL,California,DF,Day-ahead demand forecast,25322,megawatthours,2026-01-20 22:00:00,25322.0
2026-01-20T22,CAL,California,NG,Net generation,19114,megawatthours,2026-01-20 22:00:00,19114.0
2026-01-20T22,CAL,California,TI,Total interchange,-7275,megawatthours,2026-01-20 22:00:00,-7275.0
2026-01-20T21,CAL,California,D,Demand,33614,megawatthours,2026-01-20 21:00:00,33614.0
2026-01-20T21,CAL,California,DF,Day-ahead demand forecast,25050,megawatthours,2026-01-20 21:00:00,25050.0
2026-01-20T21,CAL,California,NG,Net generation,18917,megawatthours,2026-01-20 21:00:00,18917.0
2026-01-20T21,CAL,California,TI,Total interchange,-7159,megawatthours,2026-01-20 21:00:00,-7159.0
2026-01-20T20,CAL,California,D,Demand,34140,megawatthours,2026-01-20 20:00:00,34140.0
2026-01-20T20,CAL,California,DF,Day-ahead demand forecast,25616,megawatthours,2026-01-20 20:00:00,25616.0
2026-01-20T20,CAL,California,NG,Net generation,19284,megawatthours,2026-01-20 20:00:00,19284.0
2026-01-20T20,CAL,California,TI,Total interchange,-6885,megawatthours,2026-01-20 20:00:00,-6885.0
2026-01-20T19,CAL,California,D,Demand,34032,megawatthours,2026-01-20 19:00:00,34032.0
2026-01-20T19,CAL,California,DF,Day-ahead demand forecast,27009,megawatthours,2026-01-20 19:00:00,27009.0
2026-01-20T19,CAL,California,NG,Net generation,20094,megawatthours,2026-01-20 19:00:00,20094.0
2026-01-20T19,CAL,California,TI,Total interchange,-6717,megawatthours,2026-01-20 19:00:00,-6717.0
2026-01-20T18,CAL,California,D,Demand,34407,megawatthours,2026-01-20 18:00:00,34407.0
2026-01-20T18,CAL,California,DF,Day-ahead demand forecast,28714,megawatthours,2026-01-20 18:00:00,28714.0
2026-01-20T18,CAL,California,NG,Net generation,21396,megawatthours,2026-01-20 18:00:00,21396.0
2026-01-20T18,CAL,California,TI,Total interchange,-6904,megawatthours,2026-01-20 18:00:00,-6904.0
2026-01-20T17,CAL,California,D,Demand,32896,megawatthours,2026-01-20 17:00:00,32896.0
2026-01-20T17,CAL,California,DF,Day-ahead demand forecast,30186,megawatthours,2026-01-20 17:00:00,30186.0
2026-01-20T17,CAL,California,NG,Net generation,22198,megawatthours,2026-01-20 17:00:00,22198.0
2026-01-20T17,CAL,California,TI,Total interchange,-7752,megawatthours,2026-01-20 17:00:00,-7752.0
2026-01-20T16,CAL,California,D,Demand,32067,megawatthours,2026-01-20 16:00:00,32067.0
2026-01-20T16,CAL,California,DF,Day-ahead demand forecast,30884,megawatthours,2026-01-20 16:00:00,30884.0
2026-01-20T16,CAL,California,NG,Net generation,22066,megawatthours,2026-01-20 16:00:00,22066.0
2026-01-20T16,CAL,California,TI,Total interchange,-8861,megawatthours,2026-01-20 16:00:00,-8861.0
2026-01-20T15,CAL,California,D,Demand,30414,megawatthours,2026-01-20 15:00:00,30414.0
2026-01-20T15,CAL,California,DF,Day-ahead demand forecast,29249,megawatthours,2026-01-20 15:00:00,29249.0
2026-01-20T15,CAL,California,NG,Net generation,21149,megawatthours,2026-01-20 15:00:00,21149.0
2026-01-20T15,CAL,California,TI,Total interchange,-8066,megawatthours,2026-01-20 15:00:00,-8066.0
2026-01-20T14,CAL,California,D,Demand,27383,megawatthours,2026-01-20 14:00:00,27383.0
2026-01-20T14,CAL,California,DF,Day-ahead demand forecast,26483,megawatthours,2026-01-20 14:00:00,26483.0
2026-01-20T14,CAL,California,NG,Net generation,17638,megawatthours,2026-01-20 14:00:00,17638.0
2026-01-20T14,CAL,California,TI,Total interchange,-8777,megawatthours,2026-01-20 14:00:00,-8777.0
2026-01-20T13,CAL,California,D,Demand,25934,megawatthours,2026-01-20 13:00:00,25934.0
2026-01-20T13,CAL,California,DF,Day-ahead demand forecast,24813,megawatthours,2026-01-20 13:00:00,24813.0
2026-01-20T13,CAL,California,NG,Net generation,15704,megawatthours,2026-01-20 13:00:00,15704.0
2026-01-20T13,CAL,California,TI,Total interchange,-8770,megawatthours,2026-01-20 13:00:00,-8770.0
2026-01-20T12,CAL,California,D,Demand,25974,megawatthours,2026-01-20 12:00:00,25974.0
2026-01-20T12,CAL,California,DF,Day-ahead demand forecast,24181,megawatthours,2026-01-20 12:00:00,24181.0
2026-01-20T12,CAL,California,NG,Net generation,14705,megawatthours,2026-01-20 12:00:00,14705.0
2026-01-20T12,CAL,California,TI,Total interchange,-8998,megawatthours,2026-01-20 12:00:00,-8998.0
2026-01-20T11,CAL,California,D,Demand,25818,megawatthours,2026-01-20 11:00:00,25818.0
2026-01-20T11,CAL,California,DF,Day-ahead demand forecast,24396,megawatthours,2026-01-20 11:00:00,24396.0
2026-01-20T11,CAL,California,NG,Net generation,14821,megawatthours,2026-01-20 11:00:00,14821.0
2026-01-20T11,CAL,California,TI,Total interchange,-8985,megawatthours,2026-01-20 11:00:00,-8985.0
2026-01-20T10,CAL,California,D,Demand,25751,megawatthours,2026-01-20 10:00:00,25751.0
2026-01-20T10,CAL,California,DF,Day-ahead demand forecast,25180,megawatthours,2026-01-20 10:00:00,25180.0
2026-01-20T10,CAL,California,NG,Net generation,15681,megawatthours,2026-01-20 10:00:00,15681.0
2026-01-20T10,CAL,California,TI,Total interchange,-8852,megawatthours,2026-01-20 10:00:00,-8852.0
2026-01-20T09,CAL,California,D,Demand,26420,megawatthours,2026-01-20 09:00:00,26420.0
2026-01-20T09,CAL,California,DF,Day-ahead demand forecast,26039,megawatthours,2026-01-20 09:00:00,26039.0
2026-01-20T09,CAL,California,NG,Net generation,16505,megawatthours,2026-01-20 09:00:00,16505.0
2026-01-20T09,CAL,California,TI,Total interchange,-8942,megawatthours,2026-01-20 09:00:00,-8942.0
2026-01-20T08,CAL,California,D,Demand,27424,megawatthours,2026-01-20 08:00:00,27424.0
2026-01-20T08,CAL,California,DF,Day-ahead demand forecast,26912,megawatthours,2026-01-20 08:00:00,26912.0
2026-01-20T08,CAL,California,NG,Net generation,17307,megawatthours,2026-01-20 08:00:00,17307.0
2026-01-20T08,CAL,California,TI,Total interchange,-8913,megawatthours,2026-01-20 08:00:00,-8913.0
2026-01-20T07,CAL,California,D,Demand,28686,megawatthours,2026-01-20 07:00:00,28686.0
2026-01-20T07,CAL,California,DF,Day-ahead demand forecast,28539,megawatthours,2026-01-20 07:00:00,28539.0
2026-01-20T07,CAL,California,NG,Net generation,18923,megawatthours,2026-01-20 07:00:00,18923.0
2026-01-20T07,CAL,California,TI,Total interchange,-8975,megawatthours,2026-01-20 07:00:00,-8975.0
2026-01-20T06,CAL,California,D,Demand,30129,megawatthours,2026-01-20 06:00:00,30129.0
2026-01-20T06,CAL,California,DF,Day-ahead demand forecast,30172,megawatthours,2026-01-20 06:00:00,30172.0
2026-01-20T06,CAL,California,NG,Net generation,21345,megawatthours,2026-01-20 06:00:00,21345.0
2026-01-20T06,CAL,California,TI,Total interchange,-7933,megawatthours,2026-01-20 06:00:00,-7933.0
2026-01-20T05,CAL,California,D,Demand,30864,megawatthours,2026-01-20 05:00:00,30864.0
2026-01-20T05,CAL,California,DF,Day-ahead demand forecast,31143,megawatthours,2026-01-20 05:00:00,31143.0
2026-01-20T05,CAL,California,NG,Net generation,22219,megawatthours,2026-01-20 05:00:00,22219.0
2026-01-20T05,CAL,California,TI,Total interchange,-7607,megawatthours,2026-01-20 05:00:00,-7607.0
2026-01-20T04,CAL,California,D,Demand,31549,megawatthours,2026-01-20 04:00:00,31549.0
2026-01-20T04,CAL,California,DF,Day-ahead demand forecast,31779,megawatthours,2026-01-20 04:00:00,31779.0
2026-01-20T04,CAL,California,NG,Net generation,23057,megawatthours,2026-01-20 04:00:00,23057.0
2026-01-20T04,CAL,California,TI,Total interchange,-7215,megawatthours,2026-01-20 04:00:00,-7215.0
2026-01-20T03,CAL,California,D,Demand,32189,megawatthours,2026-01-20 03:00:00,32189.0
2026-01-20T03,CAL,California,DF,Day-ahead demand forecast,32351,megawatthours,2026-01-20 03:00:00,32351.0
2026-01-20T03,CAL,California,NG,Net generation,24070,megawatthours,2026-01-20 03:00:00,24070.0
2026-01-20T03,CAL,California,TI,Total interchange,-6871,megawatthours,2026-01-20 03:00:00,-6871.0
2026-01-20T02,CAL,California,D,Demand,32315,megawatthours,2026-01-20 02:00:00,32315.0
2026-01-20T02,CAL,California,DF,Day-ahead demand forecast,31929,megawatthours,2026-01-20 02:00:00,31929.0
2026-01-20T02,CAL,California,NG,Net generation,24291,megawatthours,2026-01-20 02:00:00,24291.0
2026-01-20T02,CAL,California,TI,Total interchange,-6782,megawatthours,2026-01-20 02:00:00,-6782.0
2026-01-20T01,CAL,California,D,Demand,30152,megawatthours,2026-01-20 01:00:00,30152.0
2026-01-20T01,CAL,California,DF,Day-ahead demand forecast,29291,megawatthours,2026-01-20 01:00:00,29291.0
2026-01-20T01,CAL,California,NG,Net generation,22381,megawatthours,2026-01-20 01:00:00,22381.0
2026-01-20T01,CAL,California,TI,Total interchange,-6417,megawatthours,2026-01-20 01:00:00,-6417.0
2026-01-20T00,CAL,California,D,Demand,30388,megawatthours,2026-01-20 00:00:00,30388.0
2026-01-20T00,CAL,California,DF,Day-ahead demand forecast,26985,megawatthours,2026-01-20 00:00:00,26985.0
2026-01-20T00,CAL,California,NG,Net generation,21735,megawatthours,2026-01-20 00:00:00,21735.0
2026-01-20T00,CAL,California,TI,Total interchange,-4726,megawatthours,2026-01-20 00:00:00,-4726.0
2026-01-19T23,CAL,California,D,Demand,31585,megawatthours,2026-01-19 23:00:00,31585.0
2026-01-19T23,CAL,California,DF,Day-ahead demand forecast,25283,megawatthours,2026-01-19 23:00:00,25283.0
2026-01-19T23,CAL,California,NG,Net generation,19153,megawatthours,2026-01-19 23:00:00,19153.0
2026-01-19T23,CAL,California,TI,Total interchange,-5380,megawatthours,2026-01-19 23:00:00,-5380.0
2026-01-19T22,CAL,California,D,Demand,31608,megawatthours,2026-01-19 22:00:00,31608.0
2026-01-19T22,CAL,California,DF,Day-ahead demand forecast,24286,megawatthours,2026-01-19 22:00:00,24286.0
2026-01-19T22,CAL,California,NG,Net generation,18171,megawatthours,2026-01-19 22:00:00,18171.0
2026-01-19T22,CAL,California,TI,Total interchange,-5520,megawatthours,2026-01-19 22:00:00,-5520.0
2026-01-19T21,CAL,California,D,Demand,31852,megawatthours,2026-01-19 21:00:00,31852.0
2026-01-19T21,CAL,California,DF,Day-ahead demand forecast,23945,megawatthours,2026-01-19 21:00:00,23945.0
2026-01-19T21,CAL,California,NG,Net generation,18363,megawatthours,2026-01-19 21:00:00,18363.0
2026-01-19T21,CAL,California,TI,Total interchange,-5509,megawatthours,2026-01-19 21:00:00,-5509.0
2026-01-19T20,CAL,California,D,Demand,32102,megawatthours,2026-01-19 20:00:00,32102.0
2026-01-19T20,CAL,California,DF,Day-ahead demand forecast,24494,megawatthours,2026-01-19 20:00:00,24494.0
2026-01-19T20,CAL,California,NG,Net generation,18703,megawatthours,2026-01-19 20:00:00,18703.0
2026-01-19T20,CAL,California,TI,Total interchange,-5683,megawatthours,2026-01-19 20:00:00,-5683.0
2026-01-19T19,CAL,California,D,Demand,32162,megawatthours,2026-01-19 19:00:00,32162.0
2026-01-19T19,CAL,California,DF,Day-ahead demand forecast,25794,megawatthours,2026-01-19 19:00:00,25794.0
2026-01-19T19,CAL,California,NG,Net generation,19060,megawatthours,2026-01-19 19:00:00,19060.0
2026-01-19T19,CAL,California,TI,Total interchange,-6009,megawatthours,2026-01-19 19:00:00,-6009.0
2026-01-19T18,CAL,California,D,Demand,32388,megawatthours,2026-01-19 18:00:00,32388.0
2026-01-19T18,CAL,California,DF,Day-ahead demand forecast,27246,megawatthours,2026-01-19 18:00:00,27246.0
2026-01-19T18,CAL,California,NG,Net generation,19953,megawatthours,2026-01-19 18:00:00,19953.0
2026-01-19T18,CAL,California,TI,Total interchange,-6440,megawatthours,2026-01-19 18:00:00,-6440.0
2026-01-19T17,CAL,California,D,Demand,31217,megawatthours,2026-01-19 17:00:00,31217.0
2026-01-19T17,CAL,California,DF,Day-ahead demand forecast,28464,megawatthours,2026-01-19 17:00:00,28464.0
2026-01-19T17,CAL,California,NG,Net generation,21089,megawatthours,2026-01-19 17:00:00,21089.0
2026-01-19T17,CAL,California,TI,Total interchange,-6823,megawatthours,2026-01-19 17:00:00,-6823.0
2026-01-19T16,CAL,California,D,Demand,29592,megawatthours,2026-01-19 16:00:00,29592.0
2026-01-19T16,CAL,California,DF,Day-ahead demand forecast,28729,megawatthours,2026-01-19 16:00:00,28729.0
2026-01-19T16,CAL,California,NG,Net generation,19931,megawatthours,2026-01-19 16:00:00,19931.0
2026-01-19T16,CAL,California,TI,Total interchange,-8454,megawatthours,2026-01-19 16:00:00,-8454.0
2026-01-19T15,CAL,California,D,Demand,28063,megawatthours,2026-01-19 15:00:00,28063.0
2026-01-19T15,CAL,California,DF,Day-ahead demand forecast,27526,megawatthours,2026-01-19 15:00:00,27526.0
2026-01-19T15,CAL,California,NG,Net generation,19035,megawatthours,2026-01-19 15:00:00,19035.0
2026-01-19T15,CAL,California,TI,Total interchange,-7860,megawatthours,2026-01-19 15:00:00,-7860.0
2026-01-19T14,CAL,California,D,Demand,26138,megawatthours,2026-01-19 14:00:00,26138.0
2026-01-19T14,CAL,California,DF,Day-ahead demand forecast,25442,megawatthours,2026-01-19 14:00:00,25442.0
2026-01-19T14,CAL,California,NG,Net generation,16156,megawatthours,2026-01-19 14:00:00,16156.0
2026-01-19T14,CAL,California,TI,Total interchange,-8890,megawatthours,2026-01-19 14:00:00,-8890.0
2026-01-19T13,CAL,California,D,Demand,24561,megawatthours,2026-01-19 13:00:00,24561.0
2026-01-19T13,CAL,California,DF,Day-ahead demand forecast,23908,megawatthours,2026-01-19 13:00:00,23908.0
2026-01-19T13,CAL,California,NG,Net generation,14914,megawatthours,2026-01-19 13:00:00,14914.0
2026-01-19T13,CAL,California,TI,Total interchange,-8694,megawatthours,2026-01-19 13:00:00,-8694.0
2026-01-19T12,CAL,California,D,Demand,24261,megawatthours,2026-01-19 12:00:00,24261.0
2026-01-19T12,CAL,California,DF,Day-ahead demand forecast,23346,megawatthours,2026-01-19 12:00:00,23346.0
2026-01-19T12,CAL,California,NG,Net generation,14507,megawatthours,2026-01-19 12:00:00,14507.0
2026-01-19T12,CAL,California,TI,Total interchange,-8635,megawatthours,2026-01-19 12:00:00,-8635.0
2026-01-19T11,CAL,California,D,Demand,24395,megawatthours,2026-01-19 11:00:00,24395.0
2026-01-19T11,CAL,California,DF,Day-ahead demand forecast,23526,megawatthours,2026-01-19 11:00:00,23526.0
2026-01-19T11,CAL,California,NG,Net generation,14292,megawatthours,2026-01-19 11:00:00,14292.0
2026-01-19T11,CAL,California,TI,Total interchange,-9033,megawatthours,2026-01-19 11:00:00,-9033.0
2026-01-19T10,CAL,California,D,Demand,24833,megawatthours,2026-01-19 10:00:00,24833.0
2026-01-19T10,CAL,California,DF,Day-ahead demand forecast,24242,megawatthours,2026-01-19 10:00:00,24242.0
2026-01-19T10,CAL,California,NG,Net generation,14744,megawatthours,2026-01-19 10:00:00,14744.0
2026-01-19T10,CAL,California,TI,Total interchange,-9144,megawatthours,2026-01-19 10:00:00,-9144.0
2026-01-19T09,CAL,California,D,Demand,25662,megawatthours,2026-01-19 09:00:00,25662.0
2026-01-19T09,CAL,California,DF,Day-ahead demand forecast,25117,megawatthours,2026-01-19 09:00:00,25117.0
2026-01-19T09,CAL,California,NG,Net generation,15637,megawatthours,2026-01-19 09:00:00,15637.0
2026-01-19T09,CAL,California,TI,Total interchange,-9163,megawatthours,2026-01-19 09:00:00,-9163.0
2026-01-19T08,CAL,California,D,Demand,26095,megawatthours,2026-01-19 08:00:00,26095.0
2026-01-19T08,CAL,California,DF,Day-ahead demand forecast,25667,megawatthours,2026-01-19 08:00:00,25667.0
2026-01-19T08,CAL,California,NG,Net generation,15906,megawatthours,2026-01-19 08:00:00,15906.0
2026-01-19T08,CAL,California,TI,Total interchange,-9541,megawatthours,2026-01-19 08:00:00,-9541.0
2026-01-19T07,CAL,California,D,Demand,27442,megawatthours,2026-01-19 07:00:00,27442.0
2026-01-19T07,CAL,California,DF,Day-ahead demand forecast,27066,megawatthours,2026-01-19 07:00:00,27066.0
2026-01-19T07,CAL,California,NG,Net generation,16755,megawatthours,2026-01-19 07:00:00,16755.0
2026-01-19T07,CAL,California,TI,Total interchange,-10082,megawatthours,2026-01-19 07:00:00,-10082.0
2026-01-19T06,CAL,California,D,Demand,28454,megawatthours,2026-01-19 06:00:00,28454.0
2026-01-19T06,CAL,California,DF,Day-ahead demand forecast,28332,megawatthours,2026-01-19 06:00:00,28332.0
2026-01-19T06,CAL,California,NG,Net generation,19152,megawatthours,2026-01-19 06:00:00,19152.0
2026-01-19T06,CAL,California,TI,Total interchange,-8691,megawatthours,2026-01-19 06:00:00,-8691.0
2026-01-19T05,CAL,California,D,Demand,28932,megawatthours,2026-01-19 05:00:00,28932.0
2026-01-19T05,CAL,California,DF,Day-ahead demand forecast,28941,megawatthours,2026-01-19 05:00:00,28941.0
2026-01-19T05,CAL,California,NG,Net generation,19585,megawatthours,2026-01-19 05:00:00,19585.0
2026-01-19T05,CAL,California,TI,Total interchange,-8335,megawatthours,2026-01-19 05:00:00,-8335.0
2026-01-19T04,CAL,California,D,Demand,29488,megawatthours,2026-01-19 04:00:00,29488.0
2026-01-19T04,CAL,California,DF,Day-ahead demand forecast,29357,megawatthours,2026-01-19 04:00:00,29357.0
2026-01-19T04,CAL,California,NG,Net generation,20458,megawatthours,2026-01-19 04:00:00,20458.0
2026-01-19T04,CAL,California,TI,Total interchange,-7921,megawatthours,2026-01-19 04:00:00,-7921.0
2026-01-19T03,CAL,California,D,Demand,30296,megawatthours,2026-01-19 03:00:00,30296.0
2026-01-19T03,CAL,California,DF,Day-ahead demand forecast,29745,megawatthours,2026-01-19 03:00:00,29745.0
2026-01-19T03,CAL,California,NG,Net generation,20671,megawatthours,2026-01-19 03:00:00,20671.0
2026-01-19T03,CAL,California,TI,Total interchange,-8427,megawatthours,2026-01-19 03:00:00,-8427.0
2026-01-19T02,CAL,California,D,Demand,30011,megawatthours,2026-01-19 02:00:00,30011.0
2026-01-19T02,CAL,California,DF,Day-ahead demand forecast,29002,megawatthours,2026-01-19 02:00:00,29002.0
2026-01-19T02,CAL,California,NG,Net generation,20293,megawatthours,2026-01-19 02:00:00,20293.0
2026-01-19T02,CAL,California,TI,Total interchange,-8603,megawatthours,2026-01-19 02:00:00,-8603.0
2026-01-19T01,CAL,California,D,Demand,27848,megawatthours,2026-01-19 01:00:00,27848.0
2026-01-19T01,CAL,California,DF,Day-ahead demand forecast,26391,megawatthours,2026-01-19 01:00:00,26391.0
2026-01-19T01,CAL,California,NG,Net generation,18466,megawatthours,2026-01-19 01:00:00,18466.0
2026-01-19T01,CAL,California,TI,Total interchange,-8145,megawatthours,2026-01-19 01:00:00,-8145.0
2026-01-19T00,CAL,California,D,Demand,27837,megawatthours,2026-01-19 00:00:00,27837.0
2026-01-19T00,CAL,California,DF,Day-ahead demand forecast,23969,megawatthours,2026-01-19 00:00:00,23969.0
2026-01-19T00,CAL,California,NG,Net generation,18003,megawatthours,2026-01-19 00:00:00,18003.0
2026-01-19T00,CAL,California,TI,Total interchange,-5735,megawatthours,2026-01-19 00:00:00,-5735.0
2026-01-18T23,CAL,California,D,Demand,29505,megawatthours,2026-01-18 23:00:00,29505.0
2026-01-18T23,CAL,California,DF,Day-ahead demand forecast,21964,megawatthours,2026-01-18 23:00:00,21964.0
2026-01-18T23,CAL,California,NG,Net generation,15466,megawatthours,2026-01-18 23:00:00,15466.0
2026-01-18T23,CAL,California,TI,Total interchange,-6028,megawatthours,2026-01-18 23:00:00,-6028.0
2026-01-18T22,CAL,California,D,Demand,30149,megawatthours,2026-01-18 22:00:00,30149.0
2026-01-18T22,CAL,California,DF,Day-ahead demand forecast,20769,megawatthours,2026-01-18 22:00:00,20769.0
2026-01-18T22,CAL,California,NG,Net generation,14013,megawatthours,2026-01-18 22:00:00,14013.0
2026-01-18T22,CAL,California,TI,Total interchange,-6477,megawatthours,2026-01-18 22:00:00,-6477.0
2026-01-18T21,CAL,California,D,Demand,30143,megawatthours,2026-01-18 21:00:00,30143.0
2026-01-18T21,CAL,California,DF,Day-ahead demand forecast,20458,megawatthours,2026-01-18 21:00:00,20458.0
2026-01-18T21,CAL,California,NG,Net generation,13860,megawatthours,2026-01-18 21:00:00,13860.0
2026-01-18T21,CAL,California,TI,Total interchange,-6589,megawatthours,2026-01-18 21:00:00,-6589.0
2026-01-18T20,CAL,California,D,Demand,30225,megawatthours,2026-01-18 20:00:00,30225.0
2026-01-18T20,CAL,California,DF,Day-ahead demand forecast,20968,megawatthours,2026-01-18 20:00:00,20968.0
2026-01-18T20,CAL,California,NG,Net generation,14484,megawatthours,2026-01-18 20:00:00,14484.0
2026-01-18T20,CAL,California,TI,Total interchange,-6391,megawatthours,2026-01-18 20:00:00,-6391.0
2026-01-18T19,CAL,California,D,Demand,29997,megawatthours,2026-01-18 19:00:00,29997.0
2026-01-18T19,CAL,California,DF,Day-ahead demand forecast,22249,megawatthours,2026-01-18 19:00:00,22249.0
2026-01-18T19,CAL,California,NG,Net generation,15610,megawatthours,2026-01-18 19:00:00,15610.0
2026-01-18T19,CAL,California,TI,Total interchange,-6254,megawatthours,2026-01-18 19:00:00,-6254.0
2026-01-18T18,CAL,California,D,Demand,29793,megawatthours,2026-01-18 18:00:00,29793.0
2026-01-18T18,CAL,California,DF,Day-ahead demand forecast,23714,megawatthours,2026-01-18 18:00:00,23714.0
2026-01-18T18,CAL,California,NG,Net generation,16976,megawatthours,2026-01-18 18:00:00,16976.0
2026-01-18T18,CAL,California,TI,Total interchange,-6425,megawatthours,2026-01-18 18:00:00,-6425.0
2026-01-18T17,CAL,California,D,Demand,27999,megawatthours,2026-01-18 17:00:00,27999.0
2026-01-18T17,CAL,California,DF,Day-ahead demand forecast,25001,megawatthours,2026-01-18 17:00:00,25001.0
2026-01-18T17,CAL,California,NG,Net generation,17881,megawatthours,2026-01-18 17:00:00,17881.0
2026-01-18T17,CAL,California,TI,Total interchange,-6439,megawatthours,2026-01-18 17:00:00,-6439.0
2026-01-18T16,CAL,California,D,Demand,26132,megawatthours,2026-01-18 16:00:00,26132.0
2026-01-18T16,CAL,California,DF,Day-ahead demand forecast,25694,megawatthours,2026-01-18 16:00:00,25694.0
2026-01-18T16,CAL,California,NG,Net generation,16599,megawatthours,2026-01-18 16:00:00,16599.0
2026-01-18T16,CAL,California,TI,Total interchange,-8283,megawatthours,2026-01-18 16:00:00,-8283.0
2026-01-18T15,CAL,California,D,Demand,25356,megawatthours,2026-01-18 15:00:00,25356.0
2026-01-18T15,CAL,California,DF,Day-ahead demand forecast,24971,megawatthours,2026-01-18 15:00:00,24971.0
2026-01-18T15,CAL,California,NG,Net generation,15822,megawatthours,2026-01-18 15:00:00,15822.0
2026-01-18T15,CAL,California,TI,Total interchange,-8541,megawatthours,2026-01-18 15:00:00,-8541.0
2026-01-18T14,CAL,California,D,Demand,24381,megawatthours,2026-01-18 14:00:00,24381.0
2026-01-18T14,CAL,California,DF,Day-ahead demand forecast,23948,megawatthours,2026-01-18 14:00:00,23948.0
2026-01-18T14,CAL,California,NG,Net generation,13519,megawatthours,2026-01-18 14:00:00,13519.0
2026-01-18T14,CAL,California,TI,Total interchange,-9989,megawatthours,2026-01-18 14:00:00,-9989.0
2026-01-18T13,CAL,California,D,Demand,24007,megawatthours,2026-01-18 13:00:00,24007.0
2026-01-18T13,CAL,California,DF,Day-ahead demand forecast,23399,megawatthours,2026-01-18 13:00:00,23399.0
2026-01-18T13,CAL,California,NG,Net generation,12790,megawatthours,2026-01-18 13:00:00,12790.0
2026-01-18T13,CAL,California,TI,Total interchange,-10339,megawatthours,2026-01-18 13:00:00,-10339.0
2026-01-18T12,CAL,California,D,Demand,24327,megawatthours,2026-01-18 12:00:00,24327.0
2026-01-18T12,CAL,California,DF,Day-ahead demand forecast,23385,megawatthours,2026-01-18 12:00:00,23385.0
2026-01-18T12,CAL,California,NG,Net generation,12600,megawatthours,2026-01-18 12:00:00,12600.0
2026-01-18T12,CAL,California,TI,Total interchange,-10648,megawatthours,2026-01-18 12:00:00,-10648.0
2026-01-18T11,CAL,California,D,Demand,24405,megawatthours,2026-01-18 11:00:00,24405.0
2026-01-18T11,CAL,California,DF,Day-ahead demand forecast,23815,megawatthours,2026-01-18 11:00:00,23815.0
2026-01-18T11,CAL,California,NG,Net generation,12864,megawatthours,2026-01-18 11:00:00,12864.0
2026-01-18T11,CAL,California,TI,Total interchange,-10642,megawatthours,2026-01-18 11:00:00,-10642.0
2026-01-18T10,CAL,California,D,Demand,25091,megawatthours,2026-01-18 10:00:00,25091.0
2026-01-18T10,CAL,California,DF,Day-ahead demand forecast,24558,megawatthours,2026-01-18 10:00:00,24558.0
2026-01-18T10,CAL,California,NG,Net generation,13814,megawatthours,2026-01-18 10:00:00,13814.0
2026-01-18T10,CAL,California,TI,Total interchange,-10515,megawatthours,2026-01-18 10:00:00,-10515.0
2026-01-18T09,CAL,California,D,Demand,25986,megawatthours,2026-01-18 09:00:00,25986.0
2026-01-18T09,CAL,California,DF,Day-ahead demand forecast,25513,megawatthours,2026-01-18 09:00:00,25513.0
2026-01-18T09,CAL,California,NG,Net generation,14647,megawatthours,2026-01-18 09:00:00,14647.0
2026-01-18T09,CAL,California,TI,Total interchange,-10489,megawatthours,2026-01-18 09:00:00,-10489.0
2026-01-18T08,CAL,California,D,Demand,26484,megawatthours,2026-01-18 08:00:00,26484.0
2026-01-18T08,CAL,California,DF,Day-ahead demand forecast,25817,megawatthours,2026-01-18 08:00:00,25817.0
2026-01-18T08,CAL,California,NG,Net generation,15591,megawatthours,2026-01-18 08:00:00,15591.0
2026-01-18T08,CAL,California,TI,Total interchange,-10267,megawatthours,2026-01-18 08:00:00,-10267.0
2026-01-18T07,CAL,California,D,Demand,27650,megawatthours,2026-01-18 07:00:00,27650.0
2026-01-18T07,CAL,California,DF,Day-ahead demand forecast,27118,megawatthours,2026-01-18 07:00:00,27118.0
2026-01-18T07,CAL,California,NG,Net generation,16773,megawatthours,2026-01-18 07:00:00,16773.0
2026-01-18T07,CAL,California,TI,Total interchange,-10363,megawatthours,2026-01-18 07:00:00,-10363.0
2026-01-18T06,CAL,California,D,Demand,28662,megawatthours,2026-01-18 06:00:00,28662.0
2026-01-18T06,CAL,California,DF,Day-ahead demand forecast,28118,megawatthours,2026-01-18 06:00:00,28118.0
2026-01-18T06,CAL,California,NG,Net generation,19241,megawatthours,2026-01-18 06:00:00,19241.0
2026-01-18T06,CAL,California,TI,Total interchange,-8578,megawatthours,2026-01-18 06:00:00,-8578.0
2026-01-18T05,CAL,California,D,Demand,28953,megawatthours,2026-01-18 05:00:00,28953.0
2026-01-18T05,CAL,California,DF,Day-ahead demand forecast,28676,megawatthours,2026-01-18 05:00:00,28676.0
2026-01-18T05,CAL,California,NG,Net generation,19962,megawatthours,2026-01-18 05:00:00,19962.0
2026-01-18T05,CAL,California,TI,Total interchange,-8120,megawatthours,2026-01-18 05:00:00,-8120.0
2026-01-18T04,CAL,California,D,Demand,29248,megawatthours,2026-01-18 04:00:00,29248.0
2026-01-18T04,CAL,California,DF,Day-ahead demand forecast,29130,megawatthours,2026-01-18 04:00:00,29130.0
2026-01-18T04,CAL,California,NG,Net generation,20838,megawatthours,2026-01-18 04:00:00,20838.0
2026-01-18T04,CAL,California,TI,Total interchange,-7499,megawatthours,2026-01-18 04:00:00,-7499.0
2026-01-18T03,CAL,California,D,Demand,29795,megawatthours,2026-01-18 03:00:00,29795.0
2026-01-18T03,CAL,California,DF,Day-ahead demand forecast,29753,megawatthours,2026-01-18 03:00:00,29753.0
2026-01-18T03,CAL,California,NG,Net generation,21353,megawatthours,2026-01-18 03:00:00,21353.0
2026-01-18T03,CAL,California,TI,Total interchange,-7548,megawatthours,2026-01-18 03:00:00,-7548.0
2026-01-18T02,CAL,California,D,Demand,29629,megawatthours,2026-01-18 02:00:00,29629.0
2026-01-18T02,CAL,California,DF,Day-ahead demand forecast,29474,megawatthours,2026-01-18 02:00:00,29474.0
2026-01-18T02,CAL,California,NG,Net generation,21574,megawatthours,2026-01-18 02:00:00,21574.0
2026-01-18T02,CAL,California,TI,Total interchange,-7011,megawatthours,2026-01-18 02:00:00,-7011.0
2026-01-18T01,CAL,California,D,Demand,27888,megawatthours,2026-01-18 01:00:00,27888.0
2026-01-18T01,CAL,California,DF,Day-ahead demand forecast,27127,megawatthours,2026-01-18 01:00:00,27127.0
2026-01-18T01,CAL,California,NG,Net generation,18878,megawatthours,2026-01-18 01:00:00,18878.0
2026-01-18T01,CAL,California,TI,Total interchange,-7621,megawatthours,2026-01-18 01:00:00,-7621.0
2026-01-18T00,CAL,California,D,Demand,28391,megawatthours,2026-01-18 00:00:00,28391.0
2026-01-18T00,CAL,California,DF,Day-ahead demand forecast,24608,megawatthours,2026-01-18 00:00:00,24608.0
2026-01-18T00,CAL,California,NG,Net generation,18770,megawatthours,2026-01-18 00:00:00,18770.0
2026-01-18T00,CAL,California,TI,Total interchange,-5303,megawatthours,2026-01-18 00:00:00,-5303.0
2026-01-17T23,CAL,California,D,Demand,31176,megawatthours,2026-01-17 23:00:00,31176.0
2026-01-17T23,CAL,California,DF,Day-ahead demand forecast,22634,megawatthours,2026-01-17 23:00:00,22634.0
2026-01-17T23,CAL,California,NG,Net generation,16649,megawatthours,2026-01-17 23:00:00,16649.0
2026-01-17T23,CAL,California,TI,Total interchange,-5580,megawatthours,2026-01-17 23:00:00,-5580.0
2026-01-17T22,CAL,California,D,Demand,31690,megawatthours,2026-01-17 22:00:00,31690.0
2026-01-17T22,CAL,California,DF,Day-ahead demand forecast,21440,megawatthours,2026-01-17 22:00:00,21440.0
2026-01-17T22,CAL,California,NG,Net generation,15200,megawatthours,2026-01-17 22:00:00,15200.0
2026-01-17T22,CAL,California,TI,Total interchange,-5707,megawatthours,2026-01-17 22:00:00,-5707.0
2026-01-17T21,CAL,California,D,Demand,31557,megawatthours,2026-01-17 21:00:00,31557.0
2026-01-17T21,CAL,California,DF,Day-ahead demand forecast,21168,megawatthours,2026-01-17 21:00:00,21168.0
2026-01-17T21,CAL,California,NG,Net generation,15307,megawatthours,2026-01-17 21:00:00,15307.0
2026-01-17T21,CAL,California,TI,Total interchange,-5484,megawatthours,2026-01-17 21:00:00,-5484.0
2026-01-17T20,CAL,California,D,Demand,31109,megawatthours,2026-01-17 20:00:00,31109.0
2026-01-17T20,CAL,California,DF,Day-ahead demand forecast,21655,megawatthours,2026-01-17 20:00:00,21655.0
2026-01-17T20,CAL,California,NG,Net generation,16290,megawatthours,2026-01-17 20:00:00,16290.0
2026-01-17T20,CAL,California,TI,Total interchange,-5110,megawatthours,2026-01-17 20:00:00,-5110.0
2026-01-17T19,CAL,California,D,Demand,30948,megawatthours,2026-01-17 19:00:00,30948.0
2026-01-17T19,CAL,California,DF,Day-ahead demand forecast,23291,megawatthours,2026-01-17 19:00:00,23291.0
2026-01-17T19,CAL,California,NG,Net generation,17350,megawatthours,2026-01-17 19:00:00,17350.0
2026-01-17T19,CAL,California,TI,Total interchange,-5300,megawatthours,2026-01-17 19:00:00,-5300.0
2026-01-17T18,CAL,California,D,Demand,30069,megawatthours,2026-01-17 18:00:00,30069.0
2026-01-17T18,CAL,California,DF,Day-ahead demand forecast,24988,megawatthours,2026-01-17 18:00:00,24988.0
2026-01-17T18,CAL,California,NG,Net generation,19531,megawatthours,2026-01-17 18:00:00,19531.0
2026-01-17T18,CAL,California,TI,Total interchange,-4469,megawatthours,2026-01-17 18:00:00,-4469.0
2026-01-17T17,CAL,California,D,Demand,28314,megawatthours,2026-01-17 17:00:00,28314.0
2026-01-17T17,CAL,California,DF,Day-ahead demand forecast,26160,megawatthours,2026-01-17 17:00:00,26160.0
2026-01-17T17,CAL,California,NG,Net generation,19986,megawatthours,2026-01-17 17:00:00,19986.0
2026-01-17T17,CAL,California,TI,Total interchange,-5100,megawatthours,2026-01-17 17:00:00,-5100.0
2026-01-17T16,CAL,California,D,Demand,27108,megawatthours,2026-01-17 16:00:00,27108.0
2026-01-17T16,CAL,California,DF,Day-ahead demand forecast,26615,megawatthours,2026-01-17 16:00:00,26615.0
2026-01-17T16,CAL,California,NG,Net generation,18510,megawatthours,2026-01-17 16:00:00,18510.0
2026-01-17T16,CAL,California,TI,Total interchange,-7265,megawatthours,2026-01-17 16:00:00,-7265.0
2026-01-17T15,CAL,California,D,Demand,26151,megawatthours,2026-01-17 15:00:00,26151.0
2026-01-17T15,CAL,California,DF,Day-ahead demand forecast,25856,megawatthours,2026-01-17 15:00:00,25856.0
2026-01-17T15,CAL,California,NG,Net generation,17309,megawatthours,2026-01-17 15:00:00,17309.0
2026-01-17T15,CAL,California,TI,Total interchange,-7466,megawatthours,2026-01-17 15:00:00,-7466.0
2026-01-17T14,CAL,California,D,Demand,24932,megawatthours,2026-01-17 14:00:00,24932.0
2026-01-17T14,CAL,California,DF,Day-ahead demand forecast,24661,megawatthours,2026-01-17 14:00:00,24661.0
2026-01-17T14,CAL,California,NG,Net generation,14711,megawatthours,2026-01-17 14:00:00,14711.0
2026-01-17T14,CAL,California,TI,Total interchange,-9270,megawatthours,2026-01-17 14:00:00,-9270.0
2026-01-17T13,CAL,California,D,Demand,24647,megawatthours,2026-01-17 13:00:00,24647.0
2026-01-17T13,CAL,California,DF,Day-ahead demand forecast,23980,megawatthours,2026-01-17 13:00:00,23980.0
2026-01-17T13,CAL,California,NG,Net generation,13580,megawatthours,2026-01-17 13:00:00,13580.0
2026-01-17T13,CAL,California,TI,Total interchange,-9810,megawatthours,2026-01-17 13:00:00,-9810.0
2026-01-17T12,CAL,California,D,Demand,24306,megawatthours,2026-01-17 12:00:00,24306.0
2026-01-17T12,CAL,California,DF,Day-ahead demand forecast,23919,megawatthours,2026-01-17 12:00:00,23919.0
2026-01-17T12,CAL,California,NG,Net generation,13441,megawatthours,2026-01-17 12:00:00,13441.0
2026-01-17T12,CAL,California,TI,Total interchange,-10000,megawatthours,2026-01-17 12:00:00,-10000.0
2026-01-17T11,CAL,California,D,Demand,25024,megawatthours,2026-01-17 11:00:00,25024.0
2026-01-17T11,CAL,California,DF,Day-ahead demand forecast,24359,megawatthours,2026-01-17 11:00:00,24359.0
2026-01-17T11,CAL,California,NG,Net generation,13594,megawatthours,2026-01-17 11:00:00,13594.0
2026-01-17T11,CAL,California,TI,Total interchange,-10259,megawatthours,2026-01-17 11:00:00,-10259.0
2026-01-17T10,CAL,California,D,Demand,25506,megawatthours,2026-01-17 10:00:00,25506.0
2026-01-17T10,CAL,California,DF,Day-ahead demand forecast,25248,megawatthours,2026-01-17 10:00:00,25248.0
2026-01-17T10,CAL,California,NG,Net generation,14121,megawatthours,2026-01-17 10:00:00,14121.0
2026-01-17T10,CAL,California,TI,Total interchange,-10580,megawatthours,2026-01-17 10:00:00,-10580.0
2026-01-17T09,CAL,California,D,Demand,26401,megawatthours,2026-01-17 09:00:00,26401.0
2026-01-17T09,CAL,California,DF,Day-ahead demand forecast,26233,megawatthours,2026-01-17 09:00:00,26233.0
2026-01-17T09,CAL,California,NG,Net generation,15170,megawatthours,2026-01-17 09:00:00,15170.0
2026-01-17T09,CAL,California,TI,Total interchange,-10617,megawatthours,2026-01-17 09:00:00,-10617.0
2026-01-17T08,CAL,California,D,Demand,27282,megawatthours,2026-01-17 08:00:00,27282.0
2026-01-17T08,CAL,California,DF,Day-ahead demand forecast,26711,megawatthours,2026-01-17 08:00:00,26711.0
2026-01-17T08,CAL,California,NG,Net generation,15633,megawatthours,2026-01-17 08:00:00,15633.0
2026-01-17T08,CAL,California,TI,Total interchange,-10758,megawatthours,2026-01-17 08:00:00,-10758.0
2026-01-17T07,CAL,California,D,Demand,28171,megawatthours,2026-01-17 07:00:00,28171.0
2026-01-17T07,CAL,California,DF,Day-ahead demand forecast,28224,megawatthours,2026-01-17 07:00:00,28224.0
2026-01-17T07,CAL,California,NG,Net generation,17060,megawatthours,2026-01-17 07:00:00,17060.0
2026-01-17T07,CAL,California,TI,Total interchange,-10376,megawatthours,2026-01-17 07:00:00,-10376.0
2026-01-17T06,CAL,California,D,Demand,29243,megawatthours,2026-01-17 06:00:00,29243.0
2026-01-17T06,CAL,California,DF,Day-ahead demand forecast,29495,megawatthours,2026-01-17 06:00:00,29495.0
2026-01-17T06,CAL,California,NG,Net generation,18808,megawatthours,2026-01-17 06:00:00,18808.0
2026-01-17T06,CAL,California,TI,Total interchange,-9607,megawatthours,2026-01-17 06:00:00,-9607.0
2026-01-17T05,CAL,California,D,Demand,29576,megawatthours,2026-01-17 05:00:00,29576.0
2026-01-17T05,CAL,California,DF,Day-ahead demand forecast,30012,megawatthours,2026-01-17 05:00:00,30012.0
2026-01-17T05,CAL,California,NG,Net generation,19005,megawatthours,2026-01-17 05:00:00,19005.0
2026-01-17T05,CAL,California,TI,Total interchange,-9607,megawatthours,2026-01-17 05:00:00,-9607.0
2026-01-17T04,CAL,California,D,Demand,30174,megawatthours,2026-01-17 04:00:00,30174.0
2026-01-17T04,CAL,California,DF,Day-ahead demand forecast,30719,megawatthours,2026-01-17 04:00:00,30719.0
2026-01-17T04,CAL,California,NG,Net generation,19961,megawatthours,2026-01-17 04:00:00,19961.0
2026-01-17T04,CAL,California,TI,Total interchange,-9354,megawatthours,2026-01-17 04:00:00,-9354.0
2026-01-17T03,CAL,California,D,Demand,30934,megawatthours,2026-01-17 03:00:00,30934.0
2026-01-17T03,CAL,California,DF,Day-ahead demand forecast,31556,megawatthours,2026-01-17 03:00:00,31556.0
2026-01-17T03,CAL,California,NG,Net generation,20959,megawatthours,2026-01-17 03:00:00,20959.0
2026-01-17T03,CAL,California,TI,Total interchange,-9031,megawatthours,2026-01-17 03:00:00,-9031.0
2026-01-17T02,CAL,California,D,Demand,31427,megawatthours,2026-01-17 02:00:00,31427.0
2026-01-17T02,CAL,California,DF,Day-ahead demand forecast,31559,megawatthours,2026-01-17 02:00:00,31559.0
2026-01-17T02,CAL,California,NG,Net generation,20908,megawatthours,2026-01-17 02:00:00,20908.0
2026-01-17T02,CAL,California,TI,Total interchange,-9429,megawatthours,2026-01-17 02:00:00,-9429.0
2026-01-17T01,CAL,California,D,Demand,30330,megawatthours,2026-01-17 01:00:00,30330.0
2026-01-17T01,CAL,California,DF,Day-ahead demand forecast,29484,megawatthours,2026-01-17 01:00:00,29484.0
2026-01-17T01,CAL,California,NG,Net generation,19812,megawatthours,2026-01-17 01:00:00,19812.0
2026-01-17T01,CAL,California,TI,Total interchange,-8898,megawatthours,2026-01-17 01:00:00,-8898.0
2026-01-17T00,CAL,California,D,Demand,31090,megawatthours,2026-01-17 00:00:00,31090.0
2026-01-17T00,CAL,California,DF,Day-ahead demand forecast,27256,megawatthours,2026-01-17 00:00:00,27256.0
2026-01-17T00,CAL,California,NG,Net generation,19832,megawatthours,2026-01-17 00:00:00,19832.0
2026-01-17T00,CAL,California,TI,Total interchange,-6131,megawatthours,2026-01-17 00:00:00,-6131.0
2026-01-16T23,CAL,California,D,Demand,33030,megawatthours,2026-01-16 23:00:00,33030.0
2026-01-16T23,CAL,California,DF,Day-ahead demand forecast,25404,megawatthours,2026-01-16 23:00:00,25404.0
2026-01-16T23,CAL,California,NG,Net generation,18611,megawatthours,2026-01-16 23:00:00,18611.0
2026-01-16T23,CAL,California,TI,Total interchange,-5325,megawatthours,2026-01-16 23:00:00,-5325.0
2026-01-16T22,CAL,California,D,Demand,33443,megawatthours,2026-01-16 22:00:00,33443.0
2026-01-16T22,CAL,California,DF,Day-ahead demand forecast,24140,megawatthours,2026-01-16 22:00:00,24140.0
2026-01-16T22,CAL,California,NG,Net generation,17128,megawatthours,2026-01-16 22:00:00,17128.0
2026-01-16T22,CAL,California,TI,Total interchange,-5715,megawatthours,2026-01-16 22:00:00,-5715.0
2026-01-16T21,CAL,California,D,Demand,32830,megawatthours,2026-01-16 21:00:00,32830.0
2026-01-16T21,CAL,California,DF,Day-ahead demand forecast,23607,megawatthours,2026-01-16 21:00:00,23607.0
2026-01-16T21,CAL,California,NG,Net generation,17380,megawatthours,2026-01-16 21:00:00,17380.0
2026-01-16T21,CAL,California,TI,Total interchange,-5090,megawatthours,2026-01-16 21:00:00,-5090.0
2026-01-16T20,CAL,California,D,Demand,32288,megawatthours,2026-01-16 20:00:00,32288.0
2026-01-16T20,CAL,California,DF,Day-ahead demand forecast,24106,megawatthours,2026-01-16 20:00:00,24106.0
2026-01-16T20,CAL,California,NG,Net generation,18505,megawatthours,2026-01-16 20:00:00,18505.0
2026-01-16T20,CAL,California,TI,Total interchange,-4634,megawatthours,2026-01-16 20:00:00,-4634.0
2026-01-16T19,CAL,California,D,Demand,32610,megawatthours,2026-01-16 19:00:00,32610.0
2026-01-16T19,CAL,California,DF,Day-ahead demand forecast,25657,megawatthours,2026-01-16 19:00:00,25657.0
2026-01-16T19,CAL,California,NG,Net generation,20395,megawatthours,2026-01-16 19:00:00,20395.0
2026-01-16T19,CAL,California,TI,Total interchange,-4420,megawatthours,2026-01-16 19:00:00,-4420.0
2026-01-16T18,CAL,California,D,Demand,32742,megawatthours,2026-01-16 18:00:00,32742.0
2026-01-16T18,CAL,California,DF,Day-ahead demand forecast,27558,megawatthours,2026-01-16 18:00:00,27558.0
2026-01-16T18,CAL,California,NG,Net generation,22117,megawatthours,2026-01-16 18:00:00,22117.0
2026-01-16T18,CAL,California,TI,Total interchange,-4389,megawatthours,2026-01-16 18:00:00,-4389.0
2026-01-16T17,CAL,California,D,Demand,31731,megawatthours,2026-01-16 17:00:00,31731.0
2026-01-16T17,CAL,California,DF,Day-ahead demand forecast,29540,megawatthours,2026-01-16 17:00:00,29540.0
2026-01-16T17,CAL,California,NG,Net generation,21923,megawatthours,2026-01-16 17:00:00,21923.0
2026-01-16T17,CAL,California,TI,Total interchange,-6466,megawatthours,2026-01-16 17:00:00,-6466.0
2026-01-16T16,CAL,California,D,Demand,31279,megawatthours,2026-01-16 16:00:00,31279.0
2026-01-16T16,CAL,California,DF,Day-ahead demand forecast,30433,megawatthours,2026-01-16 16:00:00,30433.0
2026-01-16T16,CAL,California,NG,Net generation,21586,megawatthours,2026-01-16 16:00:00,21586.0
2026-01-16T16,CAL,California,TI,Total interchange,-8406,megawatthours,2026-01-16 16:00:00,-8406.0
2026-01-16T15,CAL,California,D,Demand,29287,megawatthours,2026-01-16 15:00:00,29287.0
2026-01-16T15,CAL,California,DF,Day-ahead demand forecast,28885,megawatthours,2026-01-16 15:00:00,28885.0
2026-01-16T15,CAL,California,NG,Net generation,19181,megawatthours,2026-01-16 15:00:00,19181.0
2026-01-16T15,CAL,California,TI,Total interchange,-9007,megawatthours,2026-01-16 15:00:00,-9007.0
2026-01-16T14,CAL,California,D,Demand,26438,megawatthours,2026-01-16 14:00:00,26438.0
2026-01-16T14,CAL,California,DF,Day-ahead demand forecast,26315,megawatthours,2026-01-16 14:00:00,26315.0
2026-01-16T14,CAL,California,NG,Net generation,15104,megawatthours,2026-01-16 14:00:00,15104.0
2026-01-16T14,CAL,California,TI,Total interchange,-10583,megawatthours,2026-01-16 14:00:00,-10583.0
2026-01-16T13,CAL,California,D,Demand,25444,megawatthours,2026-01-16 13:00:00,25444.0
2026-01-16T13,CAL,California,DF,Day-ahead demand forecast,24730,megawatthours,2026-01-16 13:00:00,24730.0
2026-01-16T13,CAL,California,NG,Net generation,12929,megawatthours,2026-01-16 13:00:00,12929.0
2026-01-16T13,CAL,California,TI,Total interchange,-11372,megawatthours,2026-01-16 13:00:00,-11372.0
2026-01-16T12,CAL,California,D,Demand,25370,megawatthours,2026-01-16 12:00:00,25370.0
2026-01-16T12,CAL,California,DF,Day-ahead demand forecast,24239,megawatthours,2026-01-16 12:00:00,24239.0
2026-01-16T12,CAL,California,NG,Net generation,11735,megawatthours,2026-01-16 12:00:00,11735.0
2026-01-16T12,CAL,California,TI,Total interchange,-11999,megawatthours,2026-01-16 12:00:00,-11999.0
2026-01-16T11,CAL,California,D,Demand,25454,megawatthours,2026-01-16 11:00:00,25454.0
2026-01-16T11,CAL,California,DF,Day-ahead demand forecast,24527,megawatthours,2026-01-16 11:00:00,24527.0
2026-01-16T11,CAL,California,NG,Net generation,11689,megawatthours,2026-01-16 11:00:00,11689.0
2026-01-16T11,CAL,California,TI,Total interchange,-12304,megawatthours,2026-01-16 11:00:00,-12304.0
2026-01-16T10,CAL,California,D,Demand,25653,megawatthours,2026-01-16 10:00:00,25653.0
2026-01-16T10,CAL,California,DF,Day-ahead demand forecast,25320,megawatthours,2026-01-16 10:00:00,25320.0
2026-01-16T10,CAL,California,NG,Net generation,12520,megawatthours,2026-01-16 10:00:00,12520.0
2026-01-16T10,CAL,California,TI,Total interchange,-12150,megawatthours,2026-01-16 10:00:00,-12150.0
2026-01-16T09,CAL,California,D,Demand,26460,megawatthours,2026-01-16 09:00:00,26460.0
2026-01-16T09,CAL,California,DF,Day-ahead demand forecast,26240,megawatthours,2026-01-16 09:00:00,26240.0
2026-01-16T09,CAL,California,NG,Net generation,13706,megawatthours,2026-01-16 09:00:00,13706.0
2026-01-16T09,CAL,California,TI,Total interchange,-11834,megawatthours,2026-01-16 09:00:00,-11834.0
2026-01-16T08,CAL,California,D,Demand,27060,megawatthours,2026-01-16 08:00:00,27060.0
2026-01-16T08,CAL,California,DF,Day-ahead demand forecast,26817,megawatthours,2026-01-16 08:00:00,26817.0
2026-01-16T08,CAL,California,NG,Net generation,15391,megawatthours,2026-01-16 08:00:00,15391.0
2026-01-16T08,CAL,California,TI,Total interchange,-10663,megawatthours,2026-01-16 08:00:00,-10663.0
2026-01-16T07,CAL,California,D,Demand,28683,megawatthours,2026-01-16 07:00:00,28683.0
2026-01-16T07,CAL,California,DF,Day-ahead demand forecast,28426,megawatthours,2026-01-16 07:00:00,28426.0
2026-01-16T07,CAL,California,NG,Net generation,17034,megawatthours,2026-01-16 07:00:00,17034.0
2026-01-16T07,CAL,California,TI,Total interchange,-10573,megawatthours,2026-01-16 07:00:00,-10573.0
2026-01-16T06,CAL,California,D,Demand,30068,megawatthours,2026-01-16 06:00:00,30068.0
2026-01-16T06,CAL,California,DF,Day-ahead demand forecast,30016,megawatthours,2026-01-16 06:00:00,30016.0
2026-01-16T06,CAL,California,NG,Net generation,19187,megawatthours,2026-01-16 06:00:00,19187.0
2026-01-16T06,CAL,California,TI,Total interchange,-9728,megawatthours,2026-01-16 06:00:00,-9728.0
2026-01-16T05,CAL,California,D,Demand,30867,megawatthours,2026-01-16 05:00:00,30867.0
2026-01-16T05,CAL,California,DF,Day-ahead demand forecast,30872,megawatthours,2026-01-16 05:00:00,30872.0
2026-01-16T05,CAL,California,NG,Net generation,19824,megawatthours,2026-01-16 05:00:00,19824.0
2026-01-16T05,CAL,California,TI,Total interchange,-10052,megawatthours,2026-01-16 05:00:00,-10052.0
2026-01-16T04,CAL,California,D,Demand,31376,megawatthours,2026-01-16 04:00:00,31376.0
2026-01-16T04,CAL,California,DF,Day-ahead demand forecast,31535,megawatthours,2026-01-16 04:00:00,31535.0
2026-01-16T04,CAL,California,NG,Net generation,20557,megawatthours,2026-01-16 04:00:00,20557.0
2026-01-16T04,CAL,California,TI,Total interchange,-9849,megawatthours,2026-01-16 04:00:00,-9849.0
2026-01-16T03,CAL,California,D,Demand,32017,megawatthours,2026-01-16 03:00:00,32017.0
2026-01-16T03,CAL,California,DF,Day-ahead demand forecast,32224,megawatthours,2026-01-16 03:00:00,32224.0
2026-01-16T03,CAL,California,NG,Net generation,21331,megawatthours,2026-01-16 03:00:00,21331.0
2026-01-16T03,CAL,California,TI,Total interchange,-9632,megawatthours,2026-01-16 03:00:00,-9632.0
2026-01-16T02,CAL,California,D,Demand,32097,megawatthours,2026-01-16 02:00:00,32097.0
2026-01-16T02,CAL,California,DF,Day-ahead demand forecast,32191,megawatthours,2026-01-16 02:00:00,32191.0
2026-01-16T02,CAL,California,NG,Net generation,21741,megawatthours,2026-01-16 02:00:00,21741.0
2026-01-16T02,CAL,California,TI,Total interchange,-9549,megawatthours,2026-01-16 02:00:00,-9549.0
2026-01-16T01,CAL,California,D,Demand,30548,megawatthours,2026-01-16 01:00:00,30548.0
2026-01-16T01,CAL,California,DF,Day-ahead demand forecast,30031,megawatthours,2026-01-16 01:00:00,30031.0
2026-01-16T01,CAL,California,NG,Net generation,19740,megawatthours,2026-01-16 01:00:00,19740.0
2026-01-16T01,CAL,California,TI,Total interchange,-9516,megawatthours,2026-01-16 01:00:00,-9516.0
2026-01-16T00,CAL,California,D,Demand,30491,megawatthours,2026-01-16 00:00:00,30491.0
2026-01-16T00,CAL,California,DF,Day-ahead demand forecast,27621,megawatthours,2026-01-16 00:00:00,27621.0
2026-01-16T00,CAL,California,NG,Net generation,20346,megawatthours,2026-01-16 00:00:00,20346.0
2026-01-16T00,CAL,California,TI,Total interchange,-6223,megawatthours,2026-01-16 00:00:00,-6223.0
2026-01-15T23,CAL,California,D,Demand,32951,megawatthours,2026-01-15 23:00:00,32951.0
2026-01-15T23,CAL,California,DF,Day-ahead demand forecast,25646,megawatthours,2026-01-15 23:00:00,25646.0
2026-01-15T23,CAL,California,NG,Net generation,18869,megawatthours,2026-01-15 23:00:00,18869.0
2026-01-15T23,CAL,California,TI,Total interchange,-5765,megawatthours,2026-01-15 23:00:00,-5765.0
2026-01-15T22,CAL,California,D,Demand,34244,megawatthours,2026-01-15 22:00:00,34244.0
2026-01-15T22,CAL,California,DF,Day-ahead demand forecast,24263,megawatthours,2026-01-15 22:00:00,24263.0
2026-01-15T22,CAL,California,NG,Net generation,17346,megawatthours,2026-01-15 22:00:00,17346.0
2026-01-15T22,CAL,California,TI,Total interchange,-6434,megawatthours,2026-01-15 22:00:00,-6434.0
2026-01-15T21,CAL,California,D,Demand,33737,megawatthours,2026-01-15 21:00:00,33737.0
2026-01-15T21,CAL,California,DF,Day-ahead demand forecast,23711,megawatthours,2026-01-15 21:00:00,23711.0
2026-01-15T21,CAL,California,NG,Net generation,16735,megawatthours,2026-01-15 21:00:00,16735.0
2026-01-15T21,CAL,California,TI,Total interchange,-6524,megawatthours,2026-01-15 21:00:00,-6524.0
2026-01-15T20,CAL,California,D,Demand,33455,megawatthours,2026-01-15 20:00:00,33455.0
2026-01-15T20,CAL,California,DF,Day-ahead demand forecast,24335,megawatthours,2026-01-15 20:00:00,24335.0
2026-01-15T20,CAL,California,NG,Net generation,18036,megawatthours,2026-01-15 20:00:00,18036.0
2026-01-15T20,CAL,California,TI,Total interchange,-5860,megawatthours,2026-01-15 20:00:00,-5860.0
2026-01-15T19,CAL,California,D,Demand,33464,megawatthours,2026-01-15 19:00:00,33464.0
2026-01-15T19,CAL,California,DF,Day-ahead demand forecast,25734,megawatthours,2026-01-15 19:00:00,25734.0
2026-01-15T19,CAL,California,NG,Net generation,19699,megawatthours,2026-01-15 19:00:00,19699.0
2026-01-15T19,CAL,California,TI,Total interchange,-5552,megawatthours,2026-01-15 19:00:00,-5552.0
2026-01-15T18,CAL,California,D,Demand,34054,megawatthours,2026-01-15 18:00:00,34054.0
2026-01-15T18,CAL,California,DF,Day-ahead demand forecast,27640,megawatthours,2026-01-15 18:00:00,27640.0
2026-01-15T18,CAL,California,NG,Net generation,20936,megawatthours,2026-01-15 18:00:00,20936.0
2026-01-15T18,CAL,California,TI,Total interchange,-5901,megawatthours,2026-01-15 18:00:00,-5901.0
2026-01-15T17,CAL,California,D,Demand,32913,megawatthours,2026-01-15 17:00:00,32913.0
2026-01-15T17,CAL,California,DF,Day-ahead demand forecast,29558,megawatthours,2026-01-15 17:00:00,29558.0
2026-01-15T17,CAL,California,NG,Net generation,20960,megawatthours,2026-01-15 17:00:00,20960.0
2026-01-15T17,CAL,California,TI,Total interchange,-7706,megawatthours,2026-01-15 17:00:00,-7706.0
2026-01-15T16,CAL,California,D,Demand,31801,megawatthours,2026-01-15 16:00:00,31801.0
2026-01-15T16,CAL,California,DF,Day-ahead demand forecast,30765,megawatthours,2026-01-15 16:00:00,30765.0
2026-01-15T16,CAL,California,NG,Net generation,20267,megawatthours,2026-01-15 16:00:00,20267.0
2026-01-15T16,CAL,California,TI,Total interchange,-9898,megawatthours,2026-01-15 16:00:00,-9898.0
2026-01-15T15,CAL,California,D,Demand,30246,megawatthours,2026-01-15 15:00:00,30246.0
2026-01-15T15,CAL,California,DF,Day-ahead demand forecast,29186,megawatthours,2026-01-15 15:00:00,29186.0
2026-01-15T15,CAL,California,NG,Net generation,18696,megawatthours,2026-01-15 15:00:00,18696.0
2026-01-15T15,CAL,California,TI,Total interchange,-9907,megawatthours,2026-01-15 15:00:00,-9907.0
2026-01-15T14,CAL,California,D,Demand,27271,megawatthours,2026-01-15 14:00:00,27271.0
2026-01-15T14,CAL,California,DF,Day-ahead demand forecast,26505,megawatthours,2026-01-15 14:00:00,26505.0
2026-01-15T14,CAL,California,NG,Net generation,14961,megawatthours,2026-01-15 14:00:00,14961.0
2026-01-15T14,CAL,California,TI,Total interchange,-11113,megawatthours,2026-01-15 14:00:00,-11113.0
2026-01-15T13,CAL,California,D,Demand,26160,megawatthours,2026-01-15 13:00:00,26160.0
2026-01-15T13,CAL,California,DF,Day-ahead demand forecast,24832,megawatthours,2026-01-15 13:00:00,24832.0
2026-01-15T13,CAL,California,NG,Net generation,13093,megawatthours,2026-01-15 13:00:00,13093.0
2026-01-15T13,CAL,California,TI,Total interchange,-11415,megawatthours,2026-01-15 13:00:00,-11415.0
2026-01-15T12,CAL,California,D,Demand,25855,megawatthours,2026-01-15 12:00:00,25855.0
2026-01-15T12,CAL,California,DF,Day-ahead demand forecast,24306,megawatthours,2026-01-15 12:00:00,24306.0
2026-01-15T12,CAL,California,NG,Net generation,12164,megawatthours,2026-01-15 12:00:00,12164.0
2026-01-15T12,CAL,California,TI,Total interchange,-11767,megawatthours,2026-01-15 12:00:00,-11767.0
2026-01-15T11,CAL,California,D,Demand,25681,megawatthours,2026-01-15 11:00:00,25681.0
2026-01-15T11,CAL,California,DF,Day-ahead demand forecast,24578,megawatthours,2026-01-15 11:00:00,24578.0
2026-01-15T11,CAL,California,NG,Net generation,12395,megawatthours,2026-01-15 11:00:00,12395.0
2026-01-15T11,CAL,California,TI,Total interchange,-11780,megawatthours,2026-01-15 11:00:00,-11780.0
2026-01-15T10,CAL,California,D,Demand,26116,megawatthours,2026-01-15 10:00:00,26116.0
2026-01-15T10,CAL,California,DF,Day-ahead demand forecast,25396,megawatthours,2026-01-15 10:00:00,25396.0
2026-01-15T10,CAL,California,NG,Net generation,13275,megawatthours,2026-01-15 10:00:00,13275.0
2026-01-15T10,CAL,California,TI,Total interchange,-11684,megawatthours,2026-01-15 10:00:00,-11684.0
2026-01-15T09,CAL,California,D,Demand,26660,megawatthours,2026-01-15 09:00:00,26660.0
2026-01-15T09,CAL,California,DF,Day-ahead demand forecast,26339,megawatthours,2026-01-15 09:00:00,26339.0
2026-01-15T09,CAL,California,NG,Net generation,14297,megawatthours,2026-01-15 09:00:00,14297.0
2026-01-15T09,CAL,California,TI,Total interchange,-11484,megawatthours,2026-01-15 09:00:00,-11484.0
2026-01-15T08,CAL,California,D,Demand,26978,megawatthours,2026-01-15 08:00:00,26978.0
2026-01-15T08,CAL,California,DF,Day-ahead demand forecast,25290,megawatthours,2026-01-15 08:00:00,25290.0
2026-01-15T08,CAL,California,NG,Net generation,15438,megawatthours,2026-01-15 08:00:00,15438.0
2026-01-15T08,CAL,California,TI,Total interchange,-10781,megawatthours,2026-01-15 08:00:00,-10781.0
2026-01-15T07,CAL,California,D,Demand,28689,megawatthours,2026-01-15 07:00:00,28689.0
2026-01-15T07,CAL,California,DF,Day-ahead demand forecast,26992,megawatthours,2026-01-15 07:00:00,26992.0
2026-01-15T07,CAL,California,NG,Net generation,17031,megawatthours,2026-01-15 07:00:00,17031.0
2026-01-15T07,CAL,California,TI,Total interchange,-10924,megawatthours,2026-01-15 07:00:00,-10924.0
2026-01-15T06,CAL,California,D,Demand,30007,megawatthours,2026-01-15 06:00:00,30007.0
2026-01-15T06,CAL,California,DF,Day-ahead demand forecast,28610,megawatthours,2026-01-15 06:00:00,28610.0
2026-01-15T06,CAL,California,NG,Net generation,19508,megawatthours,2026-01-15 06:00:00,19508.0
2026-01-15T06,CAL,California,TI,Total interchange,-9843,megawatthours,2026-01-15 06:00:00,-9843.0
2026-01-15T05,CAL,California,D,Demand,30547,megawatthours,2026-01-15 05:00:00,30547.0
2026-01-15T05,CAL,California,DF,Day-ahead demand forecast,29321,megawatthours,2026-01-15 05:00:00,29321.0
2026-01-15T05,CAL,California,NG,Net generation,20340,megawatthours,2026-01-15 05:00:00,20340.0
2026-01-15T05,CAL,California,TI,Total interchange,-9324,megawatthours,2026-01-15 05:00:00,-9324.0
2026-01-15T04,CAL,California,D,Demand,31388,megawatthours,2026-01-15 04:00:00,31388.0
2026-01-15T04,CAL,California,DF,Day-ahead demand forecast,29991,megawatthours,2026-01-15 04:00:00,29991.0
2026-01-15T04,CAL,California,NG,Net generation,20921,megawatthours,2026-01-15 04:00:00,20921.0
2026-01-15T04,CAL,California,TI,Total interchange,-9314,megawatthours,2026-01-15 04:00:00,-9314.0
2026-01-15T03,CAL,California,D,Demand,31963,megawatthours,2026-01-15 03:00:00,31963.0
2026-01-15T03,CAL,California,DF,Day-ahead demand forecast,30696,megawatthours,2026-01-15 03:00:00,30696.0
2026-01-15T03,CAL,California,NG,Net generation,21956,megawatthours,2026-01-15 03:00:00,21956.0
2026-01-15T03,CAL,California,TI,Total interchange,-8787,megawatthours,2026-01-15 03:00:00,-8787.0
2026-01-15T02,CAL,California,D,Demand,31892,megawatthours,2026-01-15 02:00:00,31892.0
2026-01-15T02,CAL,California,DF,Day-ahead demand forecast,30463,megawatthours,2026-01-15 02:00:00,30463.0
2026-01-15T02,CAL,California,NG,Net generation,22327,megawatthours,2026-01-15 02:00:00,22327.0
2026-01-15T02,CAL,California,TI,Total interchange,-8496,megawatthours,2026-01-15 02:00:00,-8496.0
2026-01-15T01,CAL,California,D,Demand,30207,megawatthours,2026-01-15 01:00:00,30207.0
2026-01-15T01,CAL,California,DF,Day-ahead demand forecast,28436,megawatthours,2026-01-15 01:00:00,28436.0
2026-01-15T01,CAL,California,NG,Net generation,20797,megawatthours,2026-01-15 01:00:00,20797.0
2026-01-15T01,CAL,California,TI,Total interchange,-8072,megawatthours,2026-01-15 01:00:00,-8072.0
2026-01-15T00,CAL,California,D,Demand,30188,megawatthours,2026-01-15 00:00:00,30188.0
2026-01-15T00,CAL,California,DF,Day-ahead demand forecast,26016,megawatthours,2026-01-15 00:00:00,26016.0
2026-01-15T00,CAL,California,NG,Net generation,21122,megawatthours,2026-01-15 00:00:00,21122.0
2026-01-15T00,CAL,California,TI,Total interchange,-5062,megawatthours,2026-01-15 00:00:00,-5062.0
2026-01-14T23,CAL,California,D,Demand,32863,megawatthours,2026-01-14 23:00:00,32863.0
2026-01-14T23,CAL,California,DF,Day-ahead demand forecast,23959,megawatthours,2026-01-14 23:00:00,23959.0
2026-01-14T23,CAL,California,NG,Net generation,19162,megawatthours,2026-01-14 23:00:00,19162.0
2026-01-14T23,CAL,California,TI,Total interchange,-5024,megawatthours,2026-01-14 23:00:00,-5024.0
2026-01-14T22,CAL,California,D,Demand,33466,megawatthours,2026-01-14 22:00:00,33466.0
2026-01-14T22,CAL,California,DF,Day-ahead demand forecast,22719,megawatthours,2026-01-14 22:00:00,22719.0
2026-01-14T22,CAL,California,NG,Net generation,17612,megawatthours,2026-01-14 22:00:00,17612.0
2026-01-14T22,CAL,California,TI,Total interchange,-5423,megawatthours,2026-01-14 22:00:00,-5423.0
2026-01-14T21,CAL,California,D,Demand,32256,megawatthours,2026-01-14 21:00:00,32256.0
2026-01-14T21,CAL,California,DF,Day-ahead demand forecast,22303,megawatthours,2026-01-14 21:00:00,22303.0
2026-01-14T21,CAL,California,NG,Net generation,18370,megawatthours,2026-01-14 21:00:00,18370.0
2026-01-14T21,CAL,California,TI,Total interchange,-4277,megawatthours,2026-01-14 21:00:00,-4277.0
2026-01-14T20,CAL,California,D,Demand,32291,megawatthours,2026-01-14 20:00:00,32291.0
2026-01-14T20,CAL,California,DF,Day-ahead demand forecast,22857,megawatthours,2026-01-14 20:00:00,22857.0
2026-01-14T20,CAL,California,NG,Net generation,19116,megawatthours,2026-01-14 20:00:00,19116.0
2026-01-14T20,CAL,California,TI,Total interchange,-3960,megawatthours,2026-01-14 20:00:00,-3960.0
2026-01-14T19,CAL,California,D,Demand,32629,megawatthours,2026-01-14 19:00:00,32629.0
2026-01-14T19,CAL,California,DF,Day-ahead demand forecast,24279,megawatthours,2026-01-14 19:00:00,24279.0
2026-01-14T19,CAL,California,NG,Net generation,20093,megawatthours,2026-01-14 19:00:00,20093.0
2026-01-14T19,CAL,California,TI,Total interchange,-4039,megawatthours,2026-01-14 19:00:00,-4039.0
2026-01-14T18,CAL,California,D,Demand,32916,megawatthours,2026-01-14 18:00:00,32916.0
2026-01-14T18,CAL,California,DF,Day-ahead demand forecast,26040,megawatthours,2026-01-14 18:00:00,26040.0
2026-01-14T18,CAL,California,NG,Net generation,21348,megawatthours,2026-01-14 18:00:00,21348.0
2026-01-14T18,CAL,California,TI,Total interchange,-4762,megawatthours,2026-01-14 18:00:00,-4762.0
2026-01-14T17,CAL,California,D,Demand,31969,megawatthours,2026-01-14 17:00:00,31969.0
2026-01-14T17,CAL,California,DF,Day-ahead demand forecast,27835,megawatthours,2026-01-14 17:00:00,27835.0
2026-01-14T17,CAL,California,NG,Net generation,22317,megawatthours,2026-01-14 17:00:00,22317.0
2026-01-14T17,CAL,California,TI,Total interchange,-6219,megawatthours,2026-01-14 17:00:00,-6219.0
2026-01-14T16,CAL,California,D,Demand,31327,megawatthours,2026-01-14 16:00:00,31327.0
2026-01-14T16,CAL,California,DF,Day-ahead demand forecast,28694,megawatthours,2026-01-14 16:00:00,28694.0
2026-01-14T16,CAL,California,NG,Net generation,22070,megawatthours,2026-01-14 16:00:00,22070.0
2026-01-14T16,CAL,California,TI,Total interchange,-8278,megawatthours,2026-01-14 16:00:00,-8278.0
2026-01-14T15,CAL,California,D,Demand,29586,megawatthours,2026-01-14 15:00:00,29586.0
2026-01-14T15,CAL,California,DF,Day-ahead demand forecast,27399,megawatthours,2026-01-14 15:00:00,27399.0
2026-01-14T15,CAL,California,NG,Net generation,20624,megawatthours,2026-01-14 15:00:00,20624.0
2026-01-14T15,CAL,California,TI,Total interchange,-8329,megawatthours,2026-01-14 15:00:00,-8329.0
2026-01-14T14,CAL,California,D,Demand,26751,megawatthours,2026-01-14 14:00:00,26751.0
2026-01-14T14,CAL,California,DF,Day-ahead demand forecast,24783,megawatthours,2026-01-14 14:00:00,24783.0
2026-01-14T14,CAL,California,NG,Net generation,16749,megawatthours,2026-01-14 14:00:00,16749.0
2026-01-14T14,CAL,California,TI,Total interchange,-9452,megawatthours,2026-01-14 14:00:00,-9452.0
2026-01-14T13,CAL,California,D,Demand,25280,megawatthours,2026-01-14 13:00:00,25280.0
2026-01-14T13,CAL,California,DF,Day-ahead demand forecast,23257,megawatthours,2026-01-14 13:00:00,23257.0
2026-01-14T13,CAL,California,NG,Net generation,14267,megawatthours,2026-01-14 13:00:00,14267.0
2026-01-14T13,CAL,California,TI,Total interchange,-10214,megawatthours,2026-01-14 13:00:00,-10214.0
2026-01-14T12,CAL,California,D,Demand,25206,megawatthours,2026-01-14 12:00:00,25206.0
2026-01-14T12,CAL,California,DF,Day-ahead demand forecast,22611,megawatthours,2026-01-14 12:00:00,22611.0
2026-01-14T12,CAL,California,NG,Net generation,12892,megawatthours,2026-01-14 12:00:00,12892.0
2026-01-14T12,CAL,California,TI,Total interchange,-10987,megawatthours,2026-01-14 12:00:00,-10987.0
2026-01-14T11,CAL,California,D,Demand,25381,megawatthours,2026-01-14 11:00:00,25381.0
2026-01-14T11,CAL,California,DF,Day-ahead demand forecast,22854,megawatthours,2026-01-14 11:00:00,22854.0
2026-01-14T11,CAL,California,NG,Net generation,13167,megawatthours,2026-01-14 11:00:00,13167.0
2026-01-14T11,CAL,California,TI,Total interchange,-11110,megawatthours,2026-01-14 11:00:00,-11110.0
2026-01-14T10,CAL,California,D,Demand,25589,megawatthours,2026-01-14 10:00:00,25589.0
2026-01-14T10,CAL,California,DF,Day-ahead demand forecast,23564,megawatthours,2026-01-14 10:00:00,23564.0
2026-01-14T10,CAL,California,NG,Net generation,13813,megawatthours,2026-01-14 10:00:00,13813.0
2026-01-14T10,CAL,California,TI,Total interchange,-11152,megawatthours,2026-01-14 10:00:00,-11152.0
2026-01-14T09,CAL,California,D,Demand,26847,megawatthours,2026-01-14 09:00:00,26847.0
2026-01-14T09,CAL,California,DF,Day-ahead demand forecast,24465,megawatthours,2026-01-14 09:00:00,24465.0
2026-01-14T09,CAL,California,NG,Net generation,14779,megawatthours,2026-01-14 09:00:00,14779.0
2026-01-14T09,CAL,California,TI,Total interchange,-11218,megawatthours,2026-01-14 09:00:00,-11218.0
2026-01-14T08,CAL,California,D,Demand,27545,megawatthours,2026-01-14 08:00:00,27545.0
2026-01-14T08,CAL,California,DF,Day-ahead demand forecast,27522,megawatthours,2026-01-14 08:00:00,27522.0
2026-01-14T08,CAL,California,NG,Net generation,16783,megawatthours,2026-01-14 08:00:00,16783.0
2026-01-14T08,CAL,California,TI,Total interchange,-10185,megawatthours,2026-01-14 08:00:00,-10185.0
2026-01-14T07,CAL,California,D,Demand,29151,megawatthours,2026-01-14 07:00:00,29151.0
2026-01-14T07,CAL,California,DF,Day-ahead demand forecast,29341,megawatthours,2026-01-14 07:00:00,29341.0
2026-01-14T07,CAL,California,NG,Net generation,18298,megawatthours,2026-01-14 07:00:00,18298.0
2026-01-14T07,CAL,California,TI,Total interchange,-10321,megawatthours,2026-01-14 07:00:00,-10321.0
2026-01-14T06,CAL,California,D,Demand,30528,megawatthours,2026-01-14 06:00:00,30528.0
2026-01-14T06,CAL,California,DF,Day-ahead demand forecast,30912,megawatthours,2026-01-14 06:00:00,30912.0
2026-01-14T06,CAL,California,NG,Net generation,20792,megawatthours,2026-01-14 06:00:00,20792.0
2026-01-14T06,CAL,California,TI,Total interchange,-8964,megawatthours,2026-01-14 06:00:00,-8964.0
2026-01-14T05,CAL,California,D,Demand,31412,megawatthours,2026-01-14 05:00:00,31412.0
2026-01-14T05,CAL,California,DF,Day-ahead demand forecast,31889,megawatthours,2026-01-14 05:00:00,31889.0
2026-01-14T05,CAL,California,NG,Net generation,21597,megawatthours,2026-01-14 05:00:00,21597.0
2026-01-14T05,CAL,California,TI,Total interchange,-8669,megawatthours,2026-01-14 05:00:00,-8669.0
2026-01-14T04,CAL,California,D,Demand,32060,megawatthours,2026-01-14 04:00:00,32060.0
2026-01-14T04,CAL,California,DF,Day-ahead demand forecast,32390,megawatthours,2026-01-14 04:00:00,32390.0
2026-01-14T04,CAL,California,NG,Net generation,21786,megawatthours,2026-01-14 04:00:00,21786.0
2026-01-14T04,CAL,California,TI,Total interchange,-8831,megawatthours,2026-01-14 04:00:00,-8831.0
2026-01-14T03,CAL,California,D,Demand,32604,megawatthours,2026-01-14 03:00:00,32604.0
2026-01-14T03,CAL,California,DF,Day-ahead demand forecast,33083,megawatthours,2026-01-14 03:00:00,33083.0
2026-01-14T03,CAL,California,NG,Net generation,22636,megawatthours,2026-01-14 03:00:00,22636.0
2026-01-14T03,CAL,California,TI,Total interchange,-8874,megawatthours,2026-01-14 03:00:00,-8874.0
2026-01-14T02,CAL,California,D,Demand,32339,megawatthours,2026-01-14 02:00:00,32339.0
2026-01-14T02,CAL,California,DF,Day-ahead demand forecast,32807,megawatthours,2026-01-14 02:00:00,32807.0
2026-01-14T02,CAL,California,NG,Net generation,22191,megawatthours,2026-01-14 02:00:00,22191.0
2026-01-14T02,CAL,California,TI,Total interchange,-8939,megawatthours,2026-01-14 02:00:00,-8939.0
2026-01-14T01,CAL,California,D,Demand,30313,megawatthours,2026-01-14 01:00:00,30313.0
2026-01-14T01,CAL,California,DF,Day-ahead demand forecast,30233,megawatthours,2026-01-14 01:00:00,30233.0
2026-01-14T01,CAL,California,NG,Net generation,20123,megawatthours,2026-01-14 01:00:00,20123.0
2026-01-14T01,CAL,California,TI,Total interchange,-8479,megawatthours,2026-01-14 01:00:00,-8479.0
2026-01-14T00,CAL,California,D,Demand,30257,megawatthours,2026-01-14 00:00:00,30257.0
2026-01-14T00,CAL,California,DF,Day-ahead demand forecast,27465,megawatthours,2026-01-14 00:00:00,27465.0
2026-01-14T00,CAL,California,NG,Net generation,20609,megawatthours,2026-01-14 00:00:00,20609.0
2026-01-14T00,CAL,California,TI,Total interchange,-4680,megawatthours,2026-01-14 00:00:00,-4680.0
2026-01-13T23,CAL,California,D,Demand,32406,megawatthours,2026-01-13 23:00:00,32406.0
2026-01-13T23,CAL,California,DF,Day-ahead demand forecast,25376,megawatthours,2026-01-13 23:00:00,25376.0
2026-01-13T23,CAL,California,NG,Net generation,19839,megawatthours,2026-01-13 23:00:00,19839.0
2026-01-13T23,CAL,California,TI,Total interchange,-3866,megawatthours,2026-01-13 23:00:00,-3866.0
2026-01-13T22,CAL,California,D,Demand,33471,megawatthours,2026-01-13 22:00:00,33471.0
2026-01-13T22,CAL,California,DF,Day-ahead demand forecast,24287,megawatthours,2026-01-13 22:00:00,24287.0
2026-01-13T22,CAL,California,NG,Net generation,17785,megawatthours,2026-01-13 22:00:00,17785.0
2026-01-13T22,CAL,California,TI,Total interchange,-4791,megawatthours,2026-01-13 22:00:00,-4791.0
2026-01-13T21,CAL,California,D,Demand,32554,megawatthours,2026-01-13 21:00:00,32554.0
2026-01-13T21,CAL,California,DF,Day-ahead demand forecast,23989,megawatthours,2026-01-13 21:00:00,23989.0
2026-01-13T21,CAL,California,NG,Net generation,17876,megawatthours,2026-01-13 21:00:00,17876.0
2026-01-13T21,CAL,California,TI,Total interchange,-4263,megawatthours,2026-01-13 21:00:00,-4263.0
2026-01-13T20,CAL,California,D,Demand,32312,megawatthours,2026-01-13 20:00:00,32312.0
2026-01-13T20,CAL,California,DF,Day-ahead demand forecast,24637,megawatthours,2026-01-13 20:00:00,24637.0
2026-01-13T20,CAL,California,NG,Net generation,18881,megawatthours,2026-01-13 20:00:00,18881.0
2026-01-13T20,CAL,California,TI,Total interchange,-3608,megawatthours,2026-01-13 20:00:00,-3608.0
2026-01-13T19,CAL,California,D,Demand,32696,megawatthours,2026-01-13 19:00:00,32696.0
2026-01-13T19,CAL,California,DF,Day-ahead demand forecast,26292,megawatthours,2026-01-13 19:00:00,26292.0
2026-01-13T19,CAL,California,NG,Net generation,20186,megawatthours,2026-01-13 19:00:00,20186.0
2026-01-13T19,CAL,California,TI,Total interchange,-3349,megawatthours,2026-01-13 19:00:00,-3349.0
2026-01-13T18,CAL,California,D,Demand,34103,megawatthours,2026-01-13 18:00:00,34103.0
2026-01-13T18,CAL,California,DF,Day-ahead demand forecast,28231,megawatthours,2026-01-13 18:00:00,28231.0
2026-01-13T18,CAL,California,NG,Net generation,21918,megawatthours,2026-01-13 18:00:00,21918.0
2026-01-13T18,CAL,California,TI,Total interchange,-3583,megawatthours,2026-01-13 18:00:00,-3583.0
2026-01-13T17,CAL,California,D,Demand,32596,megawatthours,2026-01-13 17:00:00,32596.0
2026-01-13T17,CAL,California,DF,Day-ahead demand forecast,30354,megawatthours,2026-01-13 17:00:00,30354.0
2026-01-13T17,CAL,California,NG,Net generation,22939,megawatthours,2026-01-13 17:00:00,22939.0
2026-01-13T17,CAL,California,TI,Total interchange,-5099,megawatthours,2026-01-13 17:00:00,-5099.0
2026-01-13T16,CAL,California,D,Demand,32356,megawatthours,2026-01-13 16:00:00,32356.0
2026-01-13T16,CAL,California,DF,Day-ahead demand forecast,31379,megawatthours,2026-01-13 16:00:00,31379.0
2026-01-13T16,CAL,California,NG,Net generation,22945,megawatthours,2026-01-13 16:00:00,22945.0
2026-01-13T16,CAL,California,TI,Total interchange,-7770,megawatthours,2026-01-13 16:00:00,-7770.0
2026-01-13T15,CAL,California,D,Demand,30796,megawatthours,2026-01-13 15:00:00,30796.0
2026-01-13T15,CAL,California,DF,Day-ahead demand forecast,29697,megawatthours,2026-01-13 15:00:00,29697.0
2026-01-13T15,CAL,California,NG,Net generation,21474,megawatthours,2026-01-13 15:00:00,21474.0
2026-01-13T15,CAL,California,TI,Total interchange,-8111,megawatthours,2026-01-13 15:00:00,-8111.0
2026-01-13T14,CAL,California,D,Demand,28163,megawatthours,2026-01-13 14:00:00,28163.0
2026-01-13T14,CAL,California,DF,Day-ahead demand forecast,26950,megawatthours,2026-01-13 14:00:00,26950.0
2026-01-13T14,CAL,California,NG,Net generation,17221,megawatthours,2026-01-13 14:00:00,17221.0
2026-01-13T14,CAL,California,TI,Total interchange,-9956,megawatthours,2026-01-13 14:00:00,-9956.0
2026-01-13T13,CAL,California,D,Demand,26531,megawatthours,2026-01-13 13:00:00,26531.0
2026-01-13T13,CAL,California,DF,Day-ahead demand forecast,25166,megawatthours,2026-01-13 13:00:00,25166.0
2026-01-13T13,CAL,California,NG,Net generation,14902,megawatthours,2026-01-13 13:00:00,14902.0
2026-01-13T13,CAL,California,TI,Total interchange,-10508,megawatthours,2026-01-13 13:00:00,-10508.0
2026-01-13T12,CAL,California,D,Demand,26490,megawatthours,2026-01-13 12:00:00,26490.0
2026-01-13T12,CAL,California,DF,Day-ahead demand forecast,24554,megawatthours,2026-01-13 12:00:00,24554.0
2026-01-13T12,CAL,California,NG,Net generation,13713,megawatthours,2026-01-13 12:00:00,13713.0
2026-01-13T12,CAL,California,TI,Total interchange,-10858,megawatthours,2026-01-13 12:00:00,-10858.0
2026-01-13T11,CAL,California,D,Demand,26376,megawatthours,2026-01-13 11:00:00,26376.0
2026-01-13T11,CAL,California,DF,Day-ahead demand forecast,24701,megawatthours,2026-01-13 11:00:00,24701.0
2026-01-13T11,CAL,California,NG,Net generation,13750,megawatthours,2026-01-13 11:00:00,13750.0
2026-01-13T11,CAL,California,TI,Total interchange,-10977,megawatthours,2026-01-13 11:00:00,-10977.0
2026-01-13T10,CAL,California,D,Demand,26592,megawatthours,2026-01-13 10:00:00,26592.0
2026-01-13T10,CAL,California,DF,Day-ahead demand forecast,25449,megawatthours,2026-01-13 10:00:00,25449.0
2026-01-13T10,CAL,California,NG,Net generation,14498,megawatthours,2026-01-13 10:00:00,14498.0
2026-01-13T10,CAL,California,TI,Total interchange,-10975,megawatthours,2026-01-13 10:00:00,-10975.0
2026-01-13T09,CAL,California,D,Demand,27179,megawatthours,2026-01-13 09:00:00,27179.0
2026-01-13T09,CAL,California,DF,Day-ahead demand forecast,26451,megawatthours,2026-01-13 09:00:00,26451.0
2026-01-13T09,CAL,California,NG,Net generation,15322,megawatthours,2026-01-13 09:00:00,15322.0
2026-01-13T09,CAL,California,TI,Total interchange,-11050,megawatthours,2026-01-13 09:00:00,-11050.0
2026-01-13T08,CAL,California,D,Demand,27773,megawatthours,2026-01-13 08:00:00,27773.0
2026-01-13T08,CAL,California,DF,Day-ahead demand forecast,27799,megawatthours,2026-01-13 08:00:00,27799.0
2026-01-13T08,CAL,California,NG,Net generation,16478,megawatthours,2026-01-13 08:00:00,16478.0
2026-01-13T08,CAL,California,TI,Total interchange,-10491,megawatthours,2026-01-13 08:00:00,-10491.0
2026-01-13T07,CAL,California,D,Demand,29596,megawatthours,2026-01-13 07:00:00,29596.0
2026-01-13T07,CAL,California,DF,Day-ahead demand forecast,29670,megawatthours,2026-01-13 07:00:00,29670.0
2026-01-13T07,CAL,California,NG,Net generation,18366,megawatthours,2026-01-13 07:00:00,18366.0
2026-01-13T07,CAL,California,TI,Total interchange,-10560,megawatthours,2026-01-13 07:00:00,-10560.0
2026-01-13T06,CAL,California,D,Demand,31173,megawatthours,2026-01-13 06:00:00,31173.0
2026-01-13T06,CAL,California,DF,Day-ahead demand forecast,31218,megawatthours,2026-01-13 06:00:00,31218.0
2026-01-13T06,CAL,California,NG,Net generation,20661,megawatthours,2026-01-13 06:00:00,20661.0
2026-01-13T06,CAL,California,TI,Total interchange,-9790,megawatthours,2026-01-13 06:00:00,-9790.0
2026-01-13T05,CAL,California,D,Demand,31965,megawatthours,2026-01-13 05:00:00,31965.0
2026-01-13T05,CAL,California,DF,Day-ahead demand forecast,32103,megawatthours,2026-01-13 05:00:00,32103.0
2026-01-13T05,CAL,California,NG,Net generation,21706,megawatthours,2026-01-13 05:00:00,21706.0
2026-01-13T05,CAL,California,TI,Total interchange,-9386,megawatthours,2026-01-13 05:00:00,-9386.0
2026-01-13T04,CAL,California,D,Demand,32352,megawatthours,2026-01-13 04:00:00,32352.0
2026-01-13T04,CAL,California,DF,Day-ahead demand forecast,32596,megawatthours,2026-01-13 04:00:00,32596.0
2026-01-13T04,CAL,California,NG,Net generation,22213,megawatthours,2026-01-13 04:00:00,22213.0
2026-01-13T04,CAL,California,TI,Total interchange,-9078,megawatthours,2026-01-13 04:00:00,-9078.0
2026-01-13T03,CAL,California,D,Demand,32915,megawatthours,2026-01-13 03:00:00,32915.0
2026-01-13T03,CAL,California,DF,Day-ahead demand forecast,33067,megawatthours,2026-01-13 03:00:00,33067.0
2026-01-13T03,CAL,California,NG,Net generation,22711,megawatthours,2026-01-13 03:00:00,22711.0
2026-01-13T03,CAL,California,TI,Total interchange,-8911,megawatthours,2026-01-13 03:00:00,-8911.0
2026-01-13T02,CAL,California,D,Demand,32676,megawatthours,2026-01-13 02:00:00,32676.0
2026-01-13T02,CAL,California,DF,Day-ahead demand forecast,32747,megawatthours,2026-01-13 02:00:00,32747.0
2026-01-13T02,CAL,California,NG,Net generation,22677,megawatthours,2026-01-13 02:00:00,22677.0
2026-01-13T02,CAL,California,TI,Total interchange,-8634,megawatthours,2026-01-13 02:00:00,-8634.0
2026-01-13T01,CAL,California,D,Demand,30453,megawatthours,2026-01-13 01:00:00,30453.0
2026-01-13T01,CAL,California,DF,Day-ahead demand forecast,30249,megawatthours,2026-01-13 01:00:00,30249.0
2026-01-13T01,CAL,California,NG,Net generation,19938,megawatthours,2026-01-13 01:00:00,19938.0
2026-01-13T01,CAL,California,TI,Total interchange,-8938,megawatthours,2026-01-13 01:00:00,-8938.0
2026-01-13T00,CAL,California,D,Demand,29455,megawatthours,2026-01-13 00:00:00,29455.0
2026-01-13T00,CAL,California,DF,Day-ahead demand forecast,27505,megawatthours,2026-01-13 00:00:00,27505.0
2026-01-13T00,CAL,California,NG,Net generation,19635,megawatthours,2026-01-13 00:00:00,19635.0
2026-01-13T00,CAL,California,TI,Total interchange,-5965,megawatthours,2026-01-13 00:00:00,-5965.0
2026-01-12T23,CAL,California,D,Demand,32392,megawatthours,2026-01-12 23:00:00,32392.0
2026-01-12T23,CAL,California,DF,Day-ahead demand forecast,25666,megawatthours,2026-01-12 23:00:00,25666.0
2026-01-12T23,CAL,California,NG,Net generation,18033,megawatthours,2026-01-12 23:00:00,18033.0
2026-01-12T23,CAL,California,TI,Total interchange,-5468,megawatthours,2026-01-12 23:00:00,-5468.0
2026-01-12T22,CAL,California,D,Demand,33239,megawatthours,2026-01-12 22:00:00,33239.0
2026-01-12T22,CAL,California,DF,Day-ahead demand forecast,24605,megawatthours,2026-01-12 22:00:00,24605.0
2026-01-12T22,CAL,California,NG,Net generation,16972,megawatthours,2026-01-12 22:00:00,16972.0
2026-01-12T22,CAL,California,TI,Total interchange,-5812,megawatthours,2026-01-12 22:00:00,-5812.0
2026-01-12T21,CAL,California,D,Demand,32911,megawatthours,2026-01-12 21:00:00,32911.0
2026-01-12T21,CAL,California,DF,Day-ahead demand forecast,24356,megawatthours,2026-01-12 21:00:00,24356.0
2026-01-12T21,CAL,California,NG,Net generation,17417,megawatthours,2026-01-12 21:00:00,17417.0
2026-01-12T21,CAL,California,TI,Total interchange,-5318,megawatthours,2026-01-12 21:00:00,-5318.0
2026-01-12T20,CAL,California,D,Demand,33217,megawatthours,2026-01-12 20:00:00,33217.0
2026-01-12T20,CAL,California,DF,Day-ahead demand forecast,25068,megawatthours,2026-01-12 20:00:00,25068.0
2026-01-12T20,CAL,California,NG,Net generation,18365,megawatthours,2026-01-12 20:00:00,18365.0
2026-01-12T20,CAL,California,TI,Total interchange,-4957,megawatthours,2026-01-12 20:00:00,-4957.0
2026-01-12T19,CAL,California,D,Demand,33790,megawatthours,2026-01-12 19:00:00,33790.0
2026-01-12T19,CAL,California,DF,Day-ahead demand forecast,26538,megawatthours,2026-01-12 19:00:00,26538.0
2026-01-12T19,CAL,California,NG,Net generation,20053,megawatthours,2026-01-12 19:00:00,20053.0
2026-01-12T19,CAL,California,TI,Total interchange,-4672,megawatthours,2026-01-12 19:00:00,-4672.0
2026-01-12T18,CAL,California,D,Demand,34457,megawatthours,2026-01-12 18:00:00,34457.0
2026-01-12T18,CAL,California,DF,Day-ahead demand forecast,28478,megawatthours,2026-01-12 18:00:00,28478.0
2026-01-12T18,CAL,California,NG,Net generation,21855,megawatthours,2026-01-12 18:00:00,21855.0
2026-01-12T18,CAL,California,TI,Total interchange,-5182,megawatthours,2026-01-12 18:00:00,-5182.0
2026-01-12T17,CAL,California,D,Demand,33744,megawatthours,2026-01-12 17:00:00,33744.0
2026-01-12T17,CAL,California,DF,Day-ahead demand forecast,30370,megawatthours,2026-01-12 17:00:00,30370.0
2026-01-12T17,CAL,California,NG,Net generation,22407,megawatthours,2026-01-12 17:00:00,22407.0
2026-01-12T17,CAL,California,TI,Total interchange,-7153,megawatthours,2026-01-12 17:00:00,-7153.0
2026-01-12T16,CAL,California,D,Demand,32694,megawatthours,2026-01-12 16:00:00,32694.0
2026-01-12T16,CAL,California,DF,Day-ahead demand forecast,31473,megawatthours,2026-01-12 16:00:00,31473.0
2026-01-12T16,CAL,California,NG,Net generation,22348,megawatthours,2026-01-12 16:00:00,22348.0
2026-01-12T16,CAL,California,TI,Total interchange,-9209,megawatthours,2026-01-12 16:00:00,-9209.0
2026-01-12T15,CAL,California,D,Demand,31013,megawatthours,2026-01-12 15:00:00,31013.0
2026-01-12T15,CAL,California,DF,Day-ahead demand forecast,29798,megawatthours,2026-01-12 15:00:00,29798.0
2026-01-12T15,CAL,California,NG,Net generation,21121,megawatthours,2026-01-12 15:00:00,21121.0
2026-01-12T15,CAL,California,TI,Total interchange,-9081,megawatthours,2026-01-12 15:00:00,-9081.0
2026-01-12T14,CAL,California,D,Demand,28040,megawatthours,2026-01-12 14:00:00,28040.0
2026-01-12T14,CAL,California,DF,Day-ahead demand forecast,26974,megawatthours,2026-01-12 14:00:00,26974.0
2026-01-12T14,CAL,California,NG,Net generation,17178,megawatthours,2026-01-12 14:00:00,17178.0
2026-01-12T14,CAL,California,TI,Total interchange,-9802,megawatthours,2026-01-12 14:00:00,-9802.0
2026-01-12T13,CAL,California,D,Demand,26092,megawatthours,2026-01-12 13:00:00,26092.0
2026-01-12T13,CAL,California,DF,Day-ahead demand forecast,25247,megawatthours,2026-01-12 13:00:00,25247.0
2026-01-12T13,CAL,California,NG,Net generation,14942,megawatthours,2026-01-12 13:00:00,14942.0
2026-01-12T13,CAL,California,TI,Total interchange,-10116,megawatthours,2026-01-12 13:00:00,-10116.0
2026-01-12T12,CAL,California,D,Demand,25791,megawatthours,2026-01-12 12:00:00,25791.0
2026-01-12T12,CAL,California,DF,Day-ahead demand forecast,24496,megawatthours,2026-01-12 12:00:00,24496.0
2026-01-12T12,CAL,California,NG,Net generation,13706,megawatthours,2026-01-12 12:00:00,13706.0
2026-01-12T12,CAL,California,TI,Total interchange,-10609,megawatthours,2026-01-12 12:00:00,-10609.0
2026-01-12T11,CAL,California,D,Demand,25973,megawatthours,2026-01-12 11:00:00,25973.0
2026-01-12T11,CAL,California,DF,Day-ahead demand forecast,24479,megawatthours,2026-01-12 11:00:00,24479.0
2026-01-12T11,CAL,California,NG,Net generation,13412,megawatthours,2026-01-12 11:00:00,13412.0
2026-01-12T11,CAL,California,TI,Total interchange,-10870,megawatthours,2026-01-12 11:00:00,-10870.0
2026-01-12T10,CAL,California,D,Demand,26195,megawatthours,2026-01-12 10:00:00,26195.0
2026-01-12T10,CAL,California,DF,Day-ahead demand forecast,25089,megawatthours,2026-01-12 10:00:00,25089.0
2026-01-12T10,CAL,California,NG,Net generation,14110,megawatthours,2026-01-12 10:00:00,14110.0
2026-01-12T10,CAL,California,TI,Total interchange,-10729,megawatthours,2026-01-12 10:00:00,-10729.0
2026-01-12T09,CAL,California,D,Demand,26982,megawatthours,2026-01-12 09:00:00,26982.0
2026-01-12T09,CAL,California,DF,Day-ahead demand forecast,25877,megawatthours,2026-01-12 09:00:00,25877.0
2026-01-12T09,CAL,California,NG,Net generation,14890,megawatthours,2026-01-12 09:00:00,14890.0
2026-01-12T09,CAL,California,TI,Total interchange,-10819,megawatthours,2026-01-12 09:00:00,-10819.0
2026-01-12T08,CAL,California,D,Demand,27337,megawatthours,2026-01-12 08:00:00,27337.0
2026-01-12T08,CAL,California,DF,Day-ahead demand forecast,26252,megawatthours,2026-01-12 08:00:00,26252.0
2026-01-12T08,CAL,California,NG,Net generation,15804,megawatthours,2026-01-12 08:00:00,15804.0
2026-01-12T08,CAL,California,TI,Total interchange,-10498,megawatthours,2026-01-12 08:00:00,-10498.0
2026-01-12T07,CAL,California,D,Demand,28791,megawatthours,2026-01-12 07:00:00,28791.0
2026-01-12T07,CAL,California,DF,Day-ahead demand forecast,27728,megawatthours,2026-01-12 07:00:00,27728.0
2026-01-12T07,CAL,California,NG,Net generation,17057,megawatthours,2026-01-12 07:00:00,17057.0
2026-01-12T07,CAL,California,TI,Total interchange,-10667,megawatthours,2026-01-12 07:00:00,-10667.0
2026-01-12T06,CAL,California,D,Demand,30132,megawatthours,2026-01-12 06:00:00,30132.0
2026-01-12T06,CAL,California,DF,Day-ahead demand forecast,29214,megawatthours,2026-01-12 06:00:00,29214.0
2026-01-12T06,CAL,California,NG,Net generation,19246,megawatthours,2026-01-12 06:00:00,19246.0
2026-01-12T06,CAL,California,TI,Total interchange,-10077,megawatthours,2026-01-12 06:00:00,-10077.0
2026-01-12T05,CAL,California,D,Demand,30578,megawatthours,2026-01-12 05:00:00,30578.0
2026-01-12T05,CAL,California,DF,Day-ahead demand forecast,29757,megawatthours,2026-01-12 05:00:00,29757.0
2026-01-12T05,CAL,California,NG,Net generation,20092,megawatthours,2026-01-12 05:00:00,20092.0
2026-01-12T05,CAL,California,TI,Total interchange,-9458,megawatthours,2026-01-12 05:00:00,-9458.0
2026-01-12T04,CAL,California,D,Demand,30971,megawatthours,2026-01-12 04:00:00,30971.0
2026-01-12T04,CAL,California,DF,Day-ahead demand forecast,30206,megawatthours,2026-01-12 04:00:00,30206.0
2026-01-12T04,CAL,California,NG,Net generation,20460,megawatthours,2026-01-12 04:00:00,20460.0
2026-01-12T04,CAL,California,TI,Total interchange,-9386,megawatthours,2026-01-12 04:00:00,-9386.0
2026-01-12T03,CAL,California,D,Demand,31034,megawatthours,2026-01-12 03:00:00,31034.0
2026-01-12T03,CAL,California,DF,Day-ahead demand forecast,30229,megawatthours,2026-01-12 03:00:00,30229.0
2026-01-12T03,CAL,California,NG,Net generation,20897,megawatthours,2026-01-12 03:00:00,20897.0
2026-01-12T03,CAL,California,TI,Total interchange,-9103,megawatthours,2026-01-12 03:00:00,-9103.0
2026-01-12T02,CAL,California,D,Demand,30408,megawatthours,2026-01-12 02:00:00,30408.0
2026-01-12T02,CAL,California,DF,Day-ahead demand forecast,29548,megawatthours,2026-01-12 02:00:00,29548.0
2026-01-12T02,CAL,California,NG,Net generation,20395,megawatthours,2026-01-12 02:00:00,20395.0
2026-01-12T02,CAL,California,TI,Total interchange,-8929,megawatthours,2026-01-12 02:00:00,-8929.0
2026-01-12T01,CAL,California,D,Demand,27693,megawatthours,2026-01-12 01:00:00,27693.0
2026-01-12T01,CAL,California,DF,Day-ahead demand forecast,26530,megawatthours,2026-01-12 01:00:00,26530.0
2026-01-12T01,CAL,California,NG,Net generation,17749,megawatthours,2026-01-12 01:00:00,17749.0
2026-01-12T01,CAL,California,TI,Total interchange,-8288,megawatthours,2026-01-12 01:00:00,-8288.0
2026-01-12T00,CAL,California,D,Demand,26793,megawatthours,2026-01-12 00:00:00,26793.0
2026-01-12T00,CAL,California,DF,Day-ahead demand forecast,23814,megawatthours,2026-01-12 00:00:00,23814.0
2026-01-12T00,CAL,California,NG,Net generation,19088,megawatthours,2026-01-12 00:00:00,19088.0
2026-01-12T00,CAL,California,TI,Total interchange,-3361,megawatthours,2026-01-12 00:00:00,-3361.0
2026-01-11T23,CAL,California,D,Demand,29731,megawatthours,2026-01-11 23:00:00,29731.0
2026-01-11T23,CAL,California,DF,Day-ahead demand forecast,21563,megawatthours,2026-01-11 23:00:00,21563.0
2026-01-11T23,CAL,California,NG,Net generation,17260,megawatthours,2026-01-11 23:00:00,17260.0
2026-01-11T23,CAL,California,TI,Total interchange,-2653,megawatthours,2026-01-11 23:00:00,-2653.0
2026-01-11T22,CAL,California,D,Demand,29941,megawatthours,2026-01-11 22:00:00,29941.0
2026-01-11T22,CAL,California,DF,Day-ahead demand forecast,20252,megawatthours,2026-01-11 22:00:00,20252.0
2026-01-11T22,CAL,California,NG,Net generation,15968,megawatthours,2026-01-11 22:00:00,15968.0
2026-01-11T22,CAL,California,TI,Total interchange,-2697,megawatthours,2026-01-11 22:00:00,-2697.0
2026-01-11T21,CAL,California,D,Demand,29268,megawatthours,2026-01-11 21:00:00,29268.0
2026-01-11T21,CAL,California,DF,Day-ahead demand forecast,19908,megawatthours,2026-01-11 21:00:00,19908.0
2026-01-11T21,CAL,California,NG,Net generation,15994,megawatthours,2026-01-11 21:00:00,15994.0
2026-01-11T21,CAL,California,TI,Total interchange,-2357,megawatthours,2026-01-11 21:00:00,-2357.0
2026-01-11T20,CAL,California,D,Demand,29292,megawatthours,2026-01-11 20:00:00,29292.0
2026-01-11T20,CAL,California,DF,Day-ahead demand forecast,20520,megawatthours,2026-01-11 20:00:00,20520.0
2026-01-11T20,CAL,California,NG,Net generation,16940,megawatthours,2026-01-11 20:00:00,16940.0
2026-01-11T20,CAL,California,TI,Total interchange,-1851,megawatthours,2026-01-11 20:00:00,-1851.0
2026-01-11T19,CAL,California,D,Demand,29743,megawatthours,2026-01-11 19:00:00,29743.0
2026-01-11T19,CAL,California,DF,Day-ahead demand forecast,21844,megawatthours,2026-01-11 19:00:00,21844.0
2026-01-11T19,CAL,California,NG,Net generation,17818,megawatthours,2026-01-11 19:00:00,17818.0
2026-01-11T19,CAL,California,TI,Total interchange,-2208,megawatthours,2026-01-11 19:00:00,-2208.0
2026-01-11T18,CAL,California,D,Demand,29523,megawatthours,2026-01-11 18:00:00,29523.0
2026-01-11T18,CAL,California,DF,Day-ahead demand forecast,23584,megawatthours,2026-01-11 18:00:00,23584.0
2026-01-11T18,CAL,California,NG,Net generation,19285,megawatthours,2026-01-11 18:00:00,19285.0
2026-01-11T18,CAL,California,TI,Total interchange,-2403,megawatthours,2026-01-11 18:00:00,-2403.0
2026-01-11T17,CAL,California,D,Demand,28989,megawatthours,2026-01-11 17:00:00,28989.0
2026-01-11T17,CAL,California,DF,Day-ahead demand forecast,25380,megawatthours,2026-01-11 17:00:00,25380.0
2026-01-11T17,CAL,California,NG,Net generation,18547,megawatthours,2026-01-11 17:00:00,18547.0
2026-01-11T17,CAL,California,TI,Total interchange,-5241,megawatthours,2026-01-11 17:00:00,-5241.0
2026-01-11T16,CAL,California,D,Demand,28065,megawatthours,2026-01-11 16:00:00,28065.0
2026-01-11T16,CAL,California,DF,Day-ahead demand forecast,26459,megawatthours,2026-01-11 16:00:00,26459.0
2026-01-11T16,CAL,California,NG,Net generation,17002,megawatthours,2026-01-11 16:00:00,17002.0
2026-01-11T16,CAL,California,TI,Total interchange,-9098,megawatthours,2026-01-11 16:00:00,-9098.0
2026-01-11T15,CAL,California,D,Demand,27043,megawatthours,2026-01-11 15:00:00,27043.0
2026-01-11T15,CAL,California,DF,Day-ahead demand forecast,25870,megawatthours,2026-01-11 15:00:00,25870.0
2026-01-11T15,CAL,California,NG,Net generation,16715,megawatthours,2026-01-11 15:00:00,16715.0
2026-01-11T15,CAL,California,TI,Total interchange,-8935,megawatthours,2026-01-11 15:00:00,-8935.0
2026-01-11T14,CAL,California,D,Demand,26006,megawatthours,2026-01-11 14:00:00,26006.0
2026-01-11T14,CAL,California,DF,Day-ahead demand forecast,24766,megawatthours,2026-01-11 14:00:00,24766.0
2026-01-11T14,CAL,California,NG,Net generation,15437,megawatthours,2026-01-11 14:00:00,15437.0
2026-01-11T14,CAL,California,TI,Total interchange,-9370,megawatthours,2026-01-11 14:00:00,-9370.0
2026-01-11T13,CAL,California,D,Demand,25397,megawatthours,2026-01-11 13:00:00,25397.0
2026-01-11T13,CAL,California,DF,Day-ahead demand forecast,24198,megawatthours,2026-01-11 13:00:00,24198.0
2026-01-11T13,CAL,California,NG,Net generation,14325,megawatthours,2026-01-11 13:00:00,14325.0
2026-01-11T13,CAL,California,TI,Total interchange,-9976,megawatthours,2026-01-11 13:00:00,-9976.0
2026-01-11T12,CAL,California,D,Demand,25339,megawatthours,2026-01-11 12:00:00,25339.0
2026-01-11T12,CAL,California,DF,Day-ahead demand forecast,24073,megawatthours,2026-01-11 12:00:00,24073.0
2026-01-11T12,CAL,California,NG,Net generation,14228,megawatthours,2026-01-11 12:00:00,14228.0
2026-01-11T12,CAL,California,TI,Total interchange,-10038,megawatthours,2026-01-11 12:00:00,-10038.0
2026-01-11T11,CAL,California,D,Demand,25541,megawatthours,2026-01-11 11:00:00,25541.0
2026-01-11T11,CAL,California,DF,Day-ahead demand forecast,24454,megawatthours,2026-01-11 11:00:00,24454.0
2026-01-11T11,CAL,California,NG,Net generation,14346,megawatthours,2026-01-11 11:00:00,14346.0
2026-01-11T11,CAL,California,TI,Total interchange,-10248,megawatthours,2026-01-11 11:00:00,-10248.0
2026-01-11T10,CAL,California,D,Demand,26210,megawatthours,2026-01-11 10:00:00,26210.0
2026-01-11T10,CAL,California,DF,Day-ahead demand forecast,25343,megawatthours,2026-01-11 10:00:00,25343.0
2026-01-11T10,CAL,California,NG,Net generation,15189,megawatthours,2026-01-11 10:00:00,15189.0
2026-01-11T10,CAL,California,TI,Total interchange,-10273,megawatthours,2026-01-11 10:00:00,-10273.0
2026-01-11T09,CAL,California,D,Demand,27204,megawatthours,2026-01-11 09:00:00,27204.0
2026-01-11T09,CAL,California,DF,Day-ahead demand forecast,26197,megawatthours,2026-01-11 09:00:00,26197.0
2026-01-11T09,CAL,California,NG,Net generation,16710,megawatthours,2026-01-11 09:00:00,16710.0
2026-01-11T09,CAL,California,TI,Total interchange,-9752,megawatthours,2026-01-11 09:00:00,-9752.0
2026-01-11T08,CAL,California,D,Demand,27780,megawatthours,2026-01-11 08:00:00,27780.0
2026-01-11T08,CAL,California,DF,Day-ahead demand forecast,27058,megawatthours,2026-01-11 08:00:00,27058.0
2026-01-11T08,CAL,California,NG,Net generation,17115,megawatthours,2026-01-11 08:00:00,17115.0
2026-01-11T08,CAL,California,TI,Total interchange,-9536,megawatthours,2026-01-11 08:00:00,-9536.0
2026-01-11T07,CAL,California,D,Demand,29165,megawatthours,2026-01-11 07:00:00,29165.0
2026-01-11T07,CAL,California,DF,Day-ahead demand forecast,28486,megawatthours,2026-01-11 07:00:00,28486.0
2026-01-11T07,CAL,California,NG,Net generation,18112,megawatthours,2026-01-11 07:00:00,18112.0
2026-01-11T07,CAL,California,TI,Total interchange,-9899,megawatthours,2026-01-11 07:00:00,-9899.0
2026-01-11T06,CAL,California,D,Demand,30151,megawatthours,2026-01-11 06:00:00,30151.0
2026-01-11T06,CAL,California,DF,Day-ahead demand forecast,29630,megawatthours,2026-01-11 06:00:00,29630.0
2026-01-11T06,CAL,California,NG,Net generation,20570,megawatthours,2026-01-11 06:00:00,20570.0
2026-01-11T06,CAL,California,TI,Total interchange,-8393,megawatthours,2026-01-11 06:00:00,-8393.0
2026-01-11T05,CAL,California,D,Demand,30353,megawatthours,2026-01-11 05:00:00,30353.0
2026-01-11T05,CAL,California,DF,Day-ahead demand forecast,29960,megawatthours,2026-01-11 05:00:00,29960.0
2026-01-11T05,CAL,California,NG,Net generation,20861,megawatthours,2026-01-11 05:00:00,20861.0
2026-01-11T05,CAL,California,TI,Total interchange,-8067,megawatthours,2026-01-11 05:00:00,-8067.0
2026-01-11T04,CAL,California,D,Demand,30891,megawatthours,2026-01-11 04:00:00,30891.0
2026-01-11T04,CAL,California,DF,Day-ahead demand forecast,30517,megawatthours,2026-01-11 04:00:00,30517.0
2026-01-11T04,CAL,California,NG,Net generation,21492,megawatthours,2026-01-11 04:00:00,21492.0
2026-01-11T04,CAL,California,TI,Total interchange,-8163,megawatthours,2026-01-11 04:00:00,-8163.0
2026-01-11T03,CAL,California,D,Demand,30997,megawatthours,2026-01-11 03:00:00,30997.0
2026-01-11T03,CAL,California,DF,Day-ahead demand forecast,30676,megawatthours,2026-01-11 03:00:00,30676.0
2026-01-11T03,CAL,California,NG,Net generation,21766,megawatthours,2026-01-11 03:00:00,21766.0
2026-01-11T03,CAL,California,TI,Total interchange,-8098,megawatthours,2026-01-11 03:00:00,-8098.0
2026-01-11T02,CAL,California,D,Demand,30632,megawatthours,2026-01-11 02:00:00,30632.0
2026-01-11T02,CAL,California,DF,Day-ahead demand forecast,30047,megawatthours,2026-01-11 02:00:00,30047.0
2026-01-11T02,CAL,California,NG,Net generation,21624,megawatthours,2026-01-11 02:00:00,21624.0
2026-01-11T02,CAL,California,TI,Total interchange,-7931,megawatthours,2026-01-11 02:00:00,-7931.0
2026-01-11T01,CAL,California,D,Demand,28073,megawatthours,2026-01-11 01:00:00,28073.0
2026-01-11T01,CAL,California,DF,Day-ahead demand forecast,27002,megawatthours,2026-01-11 01:00:00,27002.0
2026-01-11T01,CAL,California,NG,Net generation,18907,megawatthours,2026-01-11 01:00:00,18907.0
2026-01-11T01,CAL,California,TI,Total interchange,-7516,megawatthours,2026-01-11 01:00:00,-7516.0
2026-01-11T00,CAL,California,D,Demand,27066,megawatthours,2026-01-11 00:00:00,27066.0
2026-01-11T00,CAL,California,DF,Day-ahead demand forecast,24452,megawatthours,2026-01-11 00:00:00,24452.0
2026-01-11T00,CAL,California,NG,Net generation,19934,megawatthours,2026-01-11 00:00:00,19934.0
2026-01-11T00,CAL,California,TI,Total interchange,-3150,megawatthours,2026-01-11 00:00:00,-3150.0
2026-01-10T23,CAL,California,D,Demand,30351,megawatthours,2026-01-10 23:00:00,30351.0
2026-01-10T23,CAL,California,DF,Day-ahead demand forecast,22321,megawatthours,2026-01-10 23:00:00,22321.0
2026-01-10T23,CAL,California,NG,Net generation,18321,megawatthours,2026-01-10 23:00:00,18321.0
2026-01-10T23,CAL,California,TI,Total interchange,-2693,megawatthours,2026-01-10 23:00:00,-2693.0
2026-01-10T22,CAL,California,D,Demand,31425,megawatthours,2026-01-10 22:00:00,31425.0
2026-01-10T22,CAL,California,DF,Day-ahead demand forecast,21150,megawatthours,2026-01-10 22:00:00,21150.0
2026-01-10T22,CAL,California,NG,Net generation,16857,megawatthours,2026-01-10 22:00:00,16857.0
2026-01-10T22,CAL,California,TI,Total interchange,-2820,megawatthours,2026-01-10 22:00:00,-2820.0
2026-01-10T21,CAL,California,D,Demand,31084,megawatthours,2026-01-10 21:00:00,31084.0
2026-01-10T21,CAL,California,DF,Day-ahead demand forecast,21050,megawatthours,2026-01-10 21:00:00,21050.0
2026-01-10T21,CAL,California,NG,Net generation,17145,megawatthours,2026-01-10 21:00:00,17145.0
2026-01-10T21,CAL,California,TI,Total interchange,-2625,megawatthours,2026-01-10 21:00:00,-2625.0
2026-01-10T20,CAL,California,D,Demand,30988,megawatthours,2026-01-10 20:00:00,30988.0
2026-01-10T20,CAL,California,DF,Day-ahead demand forecast,21908,megawatthours,2026-01-10 20:00:00,21908.0
2026-01-10T20,CAL,California,NG,Net generation,17828,megawatthours,2026-01-10 20:00:00,17828.0
2026-01-10T20,CAL,California,TI,Total interchange,-2667,megawatthours,2026-01-10 20:00:00,-2667.0
2026-01-10T19,CAL,California,D,Demand,31069,megawatthours,2026-01-10 19:00:00,31069.0
2026-01-10T19,CAL,California,DF,Day-ahead demand forecast,23336,megawatthours,2026-01-10 19:00:00,23336.0
2026-01-10T19,CAL,California,NG,Net generation,19333,megawatthours,2026-01-10 19:00:00,19333.0
2026-01-10T19,CAL,California,TI,Total interchange,-2405,megawatthours,2026-01-10 19:00:00,-2405.0
2026-01-10T18,CAL,California,D,Demand,31326,megawatthours,2026-01-10 18:00:00,31326.0
2026-01-10T18,CAL,California,DF,Day-ahead demand forecast,25379,megawatthours,2026-01-10 18:00:00,25379.0
2026-01-10T18,CAL,California,NG,Net generation,20871,megawatthours,2026-01-10 18:00:00,20871.0
2026-01-10T18,CAL,California,TI,Total interchange,-3035,megawatthours,2026-01-10 18:00:00,-3035.0
2026-01-10T17,CAL,California,D,Demand,30355,megawatthours,2026-01-10 17:00:00,30355.0
2026-01-10T17,CAL,California,DF,Day-ahead demand forecast,27214,megawatthours,2026-01-10 17:00:00,27214.0
2026-01-10T17,CAL,California,NG,Net generation,20969,megawatthours,2026-01-10 17:00:00,20969.0
2026-01-10T17,CAL,California,TI,Total interchange,-4981,megawatthours,2026-01-10 17:00:00,-4981.0
2026-01-10T16,CAL,California,D,Demand,29227,megawatthours,2026-01-10 16:00:00,29227.0
2026-01-10T16,CAL,California,DF,Day-ahead demand forecast,28354,megawatthours,2026-01-10 16:00:00,28354.0
2026-01-10T16,CAL,California,NG,Net generation,20235,megawatthours,2026-01-10 16:00:00,20235.0
2026-01-10T16,CAL,California,TI,Total interchange,-7494,megawatthours,2026-01-10 16:00:00,-7494.0
2026-01-10T15,CAL,California,D,Demand,28429,megawatthours,2026-01-10 15:00:00,28429.0
2026-01-10T15,CAL,California,DF,Day-ahead demand forecast,27683,megawatthours,2026-01-10 15:00:00,27683.0
2026-01-10T15,CAL,California,NG,Net generation,18877,megawatthours,2026-01-10 15:00:00,18877.0
2026-01-10T15,CAL,California,TI,Total interchange,-8044,megawatthours,2026-01-10 15:00:00,-8044.0
2026-01-10T14,CAL,California,D,Demand,27115,megawatthours,2026-01-10 14:00:00,27115.0
2026-01-10T14,CAL,California,DF,Day-ahead demand forecast,26325,megawatthours,2026-01-10 14:00:00,26325.0
2026-01-10T14,CAL,California,NG,Net generation,16460,megawatthours,2026-01-10 14:00:00,16460.0
2026-01-10T14,CAL,California,TI,Total interchange,-9675,megawatthours,2026-01-10 14:00:00,-9675.0
2026-01-10T13,CAL,California,D,Demand,26393,megawatthours,2026-01-10 13:00:00,26393.0
2026-01-10T13,CAL,California,DF,Day-ahead demand forecast,25540,megawatthours,2026-01-10 13:00:00,25540.0
2026-01-10T13,CAL,California,NG,Net generation,15444,megawatthours,2026-01-10 13:00:00,15444.0
2026-01-10T13,CAL,California,TI,Total interchange,-9859,megawatthours,2026-01-10 13:00:00,-9859.0
2026-01-10T12,CAL,California,D,Demand,26210,megawatthours,2026-01-10 12:00:00,26210.0
2026-01-10T12,CAL,California,DF,Day-ahead demand forecast,25404,megawatthours,2026-01-10 12:00:00,25404.0
2026-01-10T12,CAL,California,NG,Net generation,15350,megawatthours,2026-01-10 12:00:00,15350.0
2026-01-10T12,CAL,California,TI,Total interchange,-9965,megawatthours,2026-01-10 12:00:00,-9965.0
2026-01-10T11,CAL,California,D,Demand,26751,megawatthours,2026-01-10 11:00:00,26751.0
2026-01-10T11,CAL,California,DF,Day-ahead demand forecast,25770,megawatthours,2026-01-10 11:00:00,25770.0
2026-01-10T11,CAL,California,NG,Net generation,15855,megawatthours,2026-01-10 11:00:00,15855.0
2026-01-10T11,CAL,California,TI,Total interchange,-10014,megawatthours,2026-01-10 11:00:00,-10014.0
2026-01-10T10,CAL,California,D,Demand,27510,megawatthours,2026-01-10 10:00:00,27510.0
2026-01-10T10,CAL,California,DF,Day-ahead demand forecast,26683,megawatthours,2026-01-10 10:00:00,26683.0
2026-01-10T10,CAL,California,NG,Net generation,16442,megawatthours,2026-01-10 10:00:00,16442.0
2026-01-10T10,CAL,California,TI,Total interchange,-10276,megawatthours,2026-01-10 10:00:00,-10276.0
2026-01-10T09,CAL,California,D,Demand,28574,megawatthours,2026-01-10 09:00:00,28574.0
2026-01-10T09,CAL,California,DF,Day-ahead demand forecast,27546,megawatthours,2026-01-10 09:00:00,27546.0
2026-01-10T09,CAL,California,NG,Net generation,17384,megawatthours,2026-01-10 09:00:00,17384.0
2026-01-10T09,CAL,California,TI,Total interchange,-10345,megawatthours,2026-01-10 09:00:00,-10345.0
2026-01-10T08,CAL,California,D,Demand,29291,megawatthours,2026-01-10 08:00:00,29291.0
2026-01-10T08,CAL,California,DF,Day-ahead demand forecast,28506,megawatthours,2026-01-10 08:00:00,28506.0
2026-01-10T08,CAL,California,NG,Net generation,17856,megawatthours,2026-01-10 08:00:00,17856.0
2026-01-10T08,CAL,California,TI,Total interchange,-10241,megawatthours,2026-01-10 08:00:00,-10241.0
2026-01-10T07,CAL,California,D,Demand,30925,megawatthours,2026-01-10 07:00:00,30925.0
2026-01-10T07,CAL,California,DF,Day-ahead demand forecast,30193,megawatthours,2026-01-10 07:00:00,30193.0
2026-01-10T07,CAL,California,NG,Net generation,19821,megawatthours,2026-01-10 07:00:00,19821.0
2026-01-10T07,CAL,California,TI,Total interchange,-10200,megawatthours,2026-01-10 07:00:00,-10200.0
2026-01-10T06,CAL,California,D,Demand,32183,megawatthours,2026-01-10 06:00:00,32183.0
2026-01-10T06,CAL,California,DF,Day-ahead demand forecast,31552,megawatthours,2026-01-10 06:00:00,31552.0
2026-01-10T06,CAL,California,NG,Net generation,22855,megawatthours,2026-01-10 06:00:00,22855.0
2026-01-10T06,CAL,California,TI,Total interchange,-8614,megawatthours,2026-01-10 06:00:00,-8614.0
2026-01-10T05,CAL,California,D,Demand,32661,megawatthours,2026-01-10 05:00:00,32661.0
2026-01-10T05,CAL,California,DF,Day-ahead demand forecast,32159,megawatthours,2026-01-10 05:00:00,32159.0
2026-01-10T05,CAL,California,NG,Net generation,23178,megawatthours,2026-01-10 05:00:00,23178.0
2026-01-10T05,CAL,California,TI,Total interchange,-8507,megawatthours,2026-01-10 05:00:00,-8507.0
2026-01-10T04,CAL,California,D,Demand,33098,megawatthours,2026-01-10 04:00:00,33098.0
2026-01-10T04,CAL,California,DF,Day-ahead demand forecast,32702,megawatthours,2026-01-10 04:00:00,32702.0
2026-01-10T04,CAL,California,NG,Net generation,23304,megawatthours,2026-01-10 04:00:00,23304.0
2026-01-10T04,CAL,California,TI,Total interchange,-8540,megawatthours,2026-01-10 04:00:00,-8540.0
2026-01-10T03,CAL,California,D,Demand,33206,megawatthours,2026-01-10 03:00:00,33206.0
2026-01-10T03,CAL,California,DF,Day-ahead demand forecast,32967,megawatthours,2026-01-10 03:00:00,32967.0
2026-01-10T03,CAL,California,NG,Net generation,23855,megawatthours,2026-01-10 03:00:00,23855.0
2026-01-10T03,CAL,California,TI,Total interchange,-8258,megawatthours,2026-01-10 03:00:00,-8258.0
2026-01-10T02,CAL,California,D,Demand,33064,megawatthours,2026-01-10 02:00:00,33064.0
2026-01-10T02,CAL,California,DF,Day-ahead demand forecast,32624,megawatthours,2026-01-10 02:00:00,32624.0
2026-01-10T02,CAL,California,NG,Net generation,23106,megawatthours,2026-01-10 02:00:00,23106.0
2026-01-10T02,CAL,California,TI,Total interchange,-8800,megawatthours,2026-01-10 02:00:00,-8800.0
2026-01-10T01,CAL,California,D,Demand,30809,megawatthours,2026-01-10 01:00:00,30809.0
2026-01-10T01,CAL,California,DF,Day-ahead demand forecast,29749,megawatthours,2026-01-10 01:00:00,29749.0
2026-01-10T01,CAL,California,NG,Net generation,20336,megawatthours,2026-01-10 01:00:00,20336.0
2026-01-10T01,CAL,California,TI,Total interchange,-8653,megawatthours,2026-01-10 01:00:00,-8653.0
2026-01-10T00,CAL,California,D,Demand,29772,megawatthours,2026-01-10 00:00:00,29772.0
2026-01-10T00,CAL,California,DF,Day-ahead demand forecast,27040,megawatthours,2026-01-10 00:00:00,27040.0
2026-01-10T00,CAL,California,NG,Net generation,20746,megawatthours,2026-01-10 00:00:00,20746.0
2026-01-10T00,CAL,California,TI,Total interchange,-5328,megawatthours,2026-01-10 00:00:00,-5328.0
2026-01-09T23,CAL,California,D,Demand,31789,megawatthours,2026-01-09 23:00:00,31789.0
2026-01-09T23,CAL,California,DF,Day-ahead demand forecast,25188,megawatthours,2026-01-09 23:00:00,25188.0
2026-01-09T23,CAL,California,NG,Net generation,18389,megawatthours,2026-01-09 23:00:00,18389.0
2026-01-09T23,CAL,California,TI,Total interchange,-5236,megawatthours,2026-01-09 23:00:00,-5236.0
2026-01-09T22,CAL,California,D,Demand,32654,megawatthours,2026-01-09 22:00:00,32654.0
2026-01-09T22,CAL,California,DF,Day-ahead demand forecast,24287,megawatthours,2026-01-09 22:00:00,24287.0
2026-01-09T22,CAL,California,NG,Net generation,17874,megawatthours,2026-01-09 22:00:00,17874.0
2026-01-09T22,CAL,California,TI,Total interchange,-4530,megawatthours,2026-01-09 22:00:00,-4530.0
2026-01-09T21,CAL,California,D,Demand,33145,megawatthours,2026-01-09 21:00:00,33145.0
2026-01-09T21,CAL,California,DF,Day-ahead demand forecast,24071,megawatthours,2026-01-09 21:00:00,24071.0
2026-01-09T21,CAL,California,NG,Net generation,17376,megawatthours,2026-01-09 21:00:00,17376.0
2026-01-09T21,CAL,California,TI,Total interchange,-4856,megawatthours,2026-01-09 21:00:00,-4856.0
2026-01-09T20,CAL,California,D,Demand,33246,megawatthours,2026-01-09 20:00:00,33246.0
2026-01-09T20,CAL,California,DF,Day-ahead demand forecast,24959,megawatthours,2026-01-09 20:00:00,24959.0
2026-01-09T20,CAL,California,NG,Net generation,18068,megawatthours,2026-01-09 20:00:00,18068.0
2026-01-09T20,CAL,California,TI,Total interchange,-4827,megawatthours,2026-01-09 20:00:00,-4827.0
2026-01-09T19,CAL,California,D,Demand,32905,megawatthours,2026-01-09 19:00:00,32905.0
2026-01-09T19,CAL,California,DF,Day-ahead demand forecast,26617,megawatthours,2026-01-09 19:00:00,26617.0
2026-01-09T19,CAL,California,NG,Net generation,19809,megawatthours,2026-01-09 19:00:00,19809.0
2026-01-09T19,CAL,California,TI,Total interchange,-4711,megawatthours,2026-01-09 19:00:00,-4711.0
2026-01-09T18,CAL,California,D,Demand,34454,megawatthours,2026-01-09 18:00:00,34454.0
2026-01-09T18,CAL,California,DF,Day-ahead demand forecast,28758,megawatthours,2026-01-09 18:00:00,28758.0
2026-01-09T18,CAL,California,NG,Net generation,21612,megawatthours,2026-01-09 18:00:00,21612.0
2026-01-09T18,CAL,California,TI,Total interchange,-5839,megawatthours,2026-01-09 18:00:00,-5839.0
2026-01-09T17,CAL,California,D,Demand,34389,megawatthours,2026-01-09 17:00:00,34389.0
2026-01-09T17,CAL,California,DF,Day-ahead demand forecast,31055,megawatthours,2026-01-09 17:00:00,31055.0
2026-01-09T17,CAL,California,NG,Net generation,22746,megawatthours,2026-01-09 17:00:00,22746.0
2026-01-09T17,CAL,California,TI,Total interchange,-7916,megawatthours,2026-01-09 17:00:00,-7916.0
2026-01-09T16,CAL,California,D,Demand,34007,megawatthours,2026-01-09 16:00:00,34007.0
2026-01-09T16,CAL,California,DF,Day-ahead demand forecast,32353,megawatthours,2026-01-09 16:00:00,32353.0
2026-01-09T16,CAL,California,NG,Net generation,23530,megawatthours,2026-01-09 16:00:00,23530.0
2026-01-09T16,CAL,California,TI,Total interchange,-9021,megawatthours,2026-01-09 16:00:00,-9021.0
2026-01-09T15,CAL,California,D,Demand,32013,megawatthours,2026-01-09 15:00:00,32013.0
2026-01-09T15,CAL,California,DF,Day-ahead demand forecast,30697,megawatthours,2026-01-09 15:00:00,30697.0
2026-01-09T15,CAL,California,NG,Net generation,21740,megawatthours,2026-01-09 15:00:00,21740.0
2026-01-09T15,CAL,California,TI,Total interchange,-8992,megawatthours,2026-01-09 15:00:00,-8992.0
2026-01-09T14,CAL,California,D,Demand,29621,megawatthours,2026-01-09 14:00:00,29621.0
2026-01-09T14,CAL,California,DF,Day-ahead demand forecast,27990,megawatthours,2026-01-09 14:00:00,27990.0
2026-01-09T14,CAL,California,NG,Net generation,17339,megawatthours,2026-01-09 14:00:00,17339.0
2026-01-09T14,CAL,California,TI,Total interchange,-10744,megawatthours,2026-01-09 14:00:00,-10744.0
2026-01-09T13,CAL,California,D,Demand,28459,megawatthours,2026-01-09 13:00:00,28459.0
2026-01-09T13,CAL,California,DF,Day-ahead demand forecast,26267,megawatthours,2026-01-09 13:00:00,26267.0
2026-01-09T13,CAL,California,NG,Net generation,15015,megawatthours,2026-01-09 13:00:00,15015.0
2026-01-09T13,CAL,California,TI,Total interchange,-11223,megawatthours,2026-01-09 13:00:00,-11223.0
2026-01-09T12,CAL,California,D,Demand,28088,megawatthours,2026-01-09 12:00:00,28088.0
2026-01-09T12,CAL,California,DF,Day-ahead demand forecast,25613,megawatthours,2026-01-09 12:00:00,25613.0
2026-01-09T12,CAL,California,NG,Net generation,14657,megawatthours,2026-01-09 12:00:00,14657.0
2026-01-09T12,CAL,California,TI,Total interchange,-11098,megawatthours,2026-01-09 12:00:00,-11098.0
2026-01-09T11,CAL,California,D,Demand,28206,megawatthours,2026-01-09 11:00:00,28206.0
2026-01-09T11,CAL,California,DF,Day-ahead demand forecast,25844,megawatthours,2026-01-09 11:00:00,25844.0
2026-01-09T11,CAL,California,NG,Net generation,14915,megawatthours,2026-01-09 11:00:00,14915.0
2026-01-09T11,CAL,California,TI,Total interchange,-11122,megawatthours,2026-01-09 11:00:00,-11122.0
2026-01-09T10,CAL,California,D,Demand,28255,megawatthours,2026-01-09 10:00:00,28255.0
2026-01-09T10,CAL,California,DF,Day-ahead demand forecast,26664,megawatthours,2026-01-09 10:00:00,26664.0
2026-01-09T10,CAL,California,NG,Net generation,15762,megawatthours,2026-01-09 10:00:00,15762.0
2026-01-09T10,CAL,California,TI,Total interchange,-10959,megawatthours,2026-01-09 10:00:00,-10959.0
2026-01-09T09,CAL,California,D,Demand,29018,megawatthours,2026-01-09 09:00:00,29018.0
2026-01-09T09,CAL,California,DF,Day-ahead demand forecast,27617,megawatthours,2026-01-09 09:00:00,27617.0
2026-01-09T09,CAL,California,NG,Net generation,17018,megawatthours,2026-01-09 09:00:00,17018.0
2026-01-09T09,CAL,California,TI,Total interchange,-10726,megawatthours,2026-01-09 09:00:00,-10726.0
2026-01-09T08,CAL,California,D,Demand,29377,megawatthours,2026-01-09 08:00:00,29377.0
2026-01-09T08,CAL,California,DF,Day-ahead demand forecast,28110,megawatthours,2026-01-09 08:00:00,28110.0
2026-01-09T08,CAL,California,NG,Net generation,17202,megawatthours,2026-01-09 08:00:00,17202.0
2026-01-09T08,CAL,California,TI,Total interchange,-10862,megawatthours,2026-01-09 08:00:00,-10862.0
2026-01-09T07,CAL,California,D,Demand,31030,megawatthours,2026-01-09 07:00:00,31030.0
2026-01-09T07,CAL,California,DF,Day-ahead demand forecast,29899,megawatthours,2026-01-09 07:00:00,29899.0
2026-01-09T07,CAL,California,NG,Net generation,18782,megawatthours,2026-01-09 07:00:00,18782.0
2026-01-09T07,CAL,California,TI,Total interchange,-11082,megawatthours,2026-01-09 07:00:00,-11082.0
2026-01-09T06,CAL,California,D,Demand,32418,megawatthours,2026-01-09 06:00:00,32418.0
2026-01-09T06,CAL,California,DF,Day-ahead demand forecast,31569,megawatthours,2026-01-09 06:00:00,31569.0
2026-01-09T06,CAL,California,NG,Net generation,21606,megawatthours,2026-01-09 06:00:00,21606.0
2026-01-09T06,CAL,California,TI,Total interchange,-9842,megawatthours,2026-01-09 06:00:00,-9842.0
2026-01-09T05,CAL,California,D,Demand,33165,megawatthours,2026-01-09 05:00:00,33165.0
2026-01-09T05,CAL,California,DF,Day-ahead demand forecast,32357,megawatthours,2026-01-09 05:00:00,32357.0
2026-01-09T05,CAL,California,NG,Net generation,21803,megawatthours,2026-01-09 05:00:00,21803.0
2026-01-09T05,CAL,California,TI,Total interchange,-10302,megawatthours,2026-01-09 05:00:00,-10302.0
2026-01-09T04,CAL,California,D,Demand,33830,megawatthours,2026-01-09 04:00:00,33830.0
2026-01-09T04,CAL,California,DF,Day-ahead demand forecast,33098,megawatthours,2026-01-09 04:00:00,33098.0
2026-01-09T04,CAL,California,NG,Net generation,22047,megawatthours,2026-01-09 04:00:00,22047.0
2026-01-09T04,CAL,California,TI,Total interchange,-10510,megawatthours,2026-01-09 04:00:00,-10510.0
2026-01-09T03,CAL,California,D,Demand,33867,megawatthours,2026-01-09 03:00:00,33867.0
2026-01-09T03,CAL,California,DF,Day-ahead demand forecast,33452,megawatthours,2026-01-09 03:00:00,33452.0
2026-01-09T03,CAL,California,NG,Net generation,23435,megawatthours,2026-01-09 03:00:00,23435.0
2026-01-09T03,CAL,California,TI,Total interchange,-9109,megawatthours,2026-01-09 03:00:00,-9109.0
2026-01-09T02,CAL,California,D,Demand,33507,megawatthours,2026-01-09 02:00:00,33507.0
2026-01-09T02,CAL,California,DF,Day-ahead demand forecast,33202,megawatthours,2026-01-09 02:00:00,33202.0
2026-01-09T02,CAL,California,NG,Net generation,23283,megawatthours,2026-01-09 02:00:00,23283.0
2026-01-09T02,CAL,California,TI,Total interchange,-8833,megawatthours,2026-01-09 02:00:00,-8833.0
2026-01-09T01,CAL,California,D,Demand,31175,megawatthours,2026-01-09 01:00:00,31175.0
2026-01-09T01,CAL,California,DF,Day-ahead demand forecast,30569,megawatthours,2026-01-09 01:00:00,30569.0
2026-01-09T01,CAL,California,NG,Net generation,20204,megawatthours,2026-01-09 01:00:00,20204.0
2026-01-09T01,CAL,California,TI,Total interchange,-9304,megawatthours,2026-01-09 01:00:00,-9304.0
2026-01-09T00,CAL,California,D,Demand,31519,megawatthours,2026-01-09 00:00:00,31519.0
2026-01-09T00,CAL,California,DF,Day-ahead demand forecast,27884,megawatthours,2026-01-09 00:00:00,27884.0
2026-01-09T00,CAL,California,NG,Net generation,20628,megawatthours,2026-01-09 00:00:00,20628.0
2026-01-09T00,CAL,California,TI,Total interchange,-5225,megawatthours,2026-01-09 00:00:00,-5225.0
2026-01-08T23,CAL,California,D,Demand,32794,megawatthours,2026-01-08 23:00:00,32794.0
2026-01-08T23,CAL,California,DF,Day-ahead demand forecast,26024,megawatthours,2026-01-08 23:00:00,26024.0
2026-01-08T23,CAL,California,NG,Net generation,20601,megawatthours,2026-01-08 23:00:00,20601.0
2026-01-08T23,CAL,California,TI,Total interchange,-3083,megawatthours,2026-01-08 23:00:00,-3083.0
2026-01-08T22,CAL,California,D,Demand,33315,megawatthours,2026-01-08 22:00:00,33315.0
2026-01-08T22,CAL,California,DF,Day-ahead demand forecast,24860,megawatthours,2026-01-08 22:00:00,24860.0
2026-01-08T22,CAL,California,NG,Net generation,19132,megawatthours,2026-01-08 22:00:00,19132.0
2026-01-08T22,CAL,California,TI,Total interchange,-3579,megawatthours,2026-01-08 22:00:00,-3579.0
2026-01-08T21,CAL,California,D,Demand,32841,megawatthours,2026-01-08 21:00:00,32841.0
2026-01-08T21,CAL,California,DF,Day-ahead demand forecast,24645,megawatthours,2026-01-08 21:00:00,24645.0
2026-01-08T21,CAL,California,NG,Net generation,18723,megawatthours,2026-01-08 21:00:00,18723.0
2026-01-08T21,CAL,California,TI,Total interchange,-3866,megawatthours,2026-01-08 21:00:00,-3866.0
2026-01-08T20,CAL,California,D,Demand,31703,megawatthours,2026-01-08 20:00:00,31703.0
2026-01-08T20,CAL,California,DF,Day-ahead demand forecast,25438,megawatthours,2026-01-08 20:00:00,25438.0
2026-01-08T20,CAL,California,NG,Net generation,20136,megawatthours,2026-01-08 20:00:00,20136.0
2026-01-08T20,CAL,California,TI,Total interchange,-2983,megawatthours,2026-01-08 20:00:00,-2983.0
2026-01-08T19,CAL,California,D,Demand,31225,megawatthours,2026-01-08 19:00:00,31225.0
2026-01-08T19,CAL,California,DF,Day-ahead demand forecast,26824,megawatthours,2026-01-08 19:00:00,26824.0
2026-01-08T19,CAL,California,NG,Net generation,21504,megawatthours,2026-01-08 19:00:00,21504.0
2026-01-08T19,CAL,California,TI,Total interchange,-3016,megawatthours,2026-01-08 19:00:00,-3016.0
2026-01-08T18,CAL,California,D,Demand,31474,megawatthours,2026-01-08 18:00:00,31474.0
2026-01-08T18,CAL,California,DF,Day-ahead demand forecast,28531,megawatthours,2026-01-08 18:00:00,28531.0
2026-01-08T18,CAL,California,NG,Net generation,23200,megawatthours,2026-01-08 18:00:00,23200.0
2026-01-08T18,CAL,California,TI,Total interchange,-3074,megawatthours,2026-01-08 18:00:00,-3074.0
2026-01-08T17,CAL,California,D,Demand,32130,megawatthours,2026-01-08 17:00:00,32130.0
2026-01-08T17,CAL,California,DF,Day-ahead demand forecast,30759,megawatthours,2026-01-08 17:00:00,30759.0
2026-01-08T17,CAL,California,NG,Net generation,23433,megawatthours,2026-01-08 17:00:00,23433.0
2026-01-08T17,CAL,California,TI,Total interchange,-5769,megawatthours,2026-01-08 17:00:00,-5769.0
2026-01-08T16,CAL,California,D,Demand,32484,megawatthours,2026-01-08 16:00:00,32484.0
2026-01-08T16,CAL,California,DF,Day-ahead demand forecast,31408,megawatthours,2026-01-08 16:00:00,31408.0
2026-01-08T16,CAL,California,NG,Net generation,21897,megawatthours,2026-01-08 16:00:00,21897.0
2026-01-08T16,CAL,California,TI,Total interchange,-9265,megawatthours,2026-01-08 16:00:00,-9265.0
2026-01-08T15,CAL,California,D,Demand,30536,megawatthours,2026-01-08 15:00:00,30536.0
2026-01-08T15,CAL,California,DF,Day-ahead demand forecast,29622,megawatthours,2026-01-08 15:00:00,29622.0
2026-01-08T15,CAL,California,NG,Net generation,20841,megawatthours,2026-01-08 15:00:00,20841.0
2026-01-08T15,CAL,California,TI,Total interchange,-8344,megawatthours,2026-01-08 15:00:00,-8344.0
2026-01-08T14,CAL,California,D,Demand,28239,megawatthours,2026-01-08 14:00:00,28239.0
2026-01-08T14,CAL,California,DF,Day-ahead demand forecast,26828,megawatthours,2026-01-08 14:00:00,26828.0
2026-01-08T14,CAL,California,NG,Net generation,16518,megawatthours,2026-01-08 14:00:00,16518.0
2026-01-08T14,CAL,California,TI,Total interchange,-10286,megawatthours,2026-01-08 14:00:00,-10286.0
2026-01-08T13,CAL,California,D,Demand,27145,megawatthours,2026-01-08 13:00:00,27145.0
2026-01-08T13,CAL,California,DF,Day-ahead demand forecast,25308,megawatthours,2026-01-08 13:00:00,25308.0
2026-01-08T13,CAL,California,NG,Net generation,14495,megawatthours,2026-01-08 13:00:00,14495.0
2026-01-08T13,CAL,California,TI,Total interchange,-10810,megawatthours,2026-01-08 13:00:00,-10810.0
2026-01-08T12,CAL,California,D,Demand,26994,megawatthours,2026-01-08 12:00:00,26994.0
2026-01-08T12,CAL,California,DF,Day-ahead demand forecast,24705,megawatthours,2026-01-08 12:00:00,24705.0
2026-01-08T12,CAL,California,NG,Net generation,13475,megawatthours,2026-01-08 12:00:00,13475.0
2026-01-08T12,CAL,California,TI,Total interchange,-11233,megawatthours,2026-01-08 12:00:00,-11233.0
2026-01-08T11,CAL,California,D,Demand,27288,megawatthours,2026-01-08 11:00:00,27288.0
2026-01-08T11,CAL,California,DF,Day-ahead demand forecast,24985,megawatthours,2026-01-08 11:00:00,24985.0
2026-01-08T11,CAL,California,NG,Net generation,13578,megawatthours,2026-01-08 11:00:00,13578.0
2026-01-08T11,CAL,California,TI,Total interchange,-11297,megawatthours,2026-01-08 11:00:00,-11297.0
2026-01-08T10,CAL,California,D,Demand,26769,megawatthours,2026-01-08 10:00:00,26769.0
2026-01-08T10,CAL,California,DF,Day-ahead demand forecast,25725,megawatthours,2026-01-08 10:00:00,25725.0
2026-01-08T10,CAL,California,NG,Net generation,14861,megawatthours,2026-01-08 10:00:00,14861.0
2026-01-08T10,CAL,California,TI,Total interchange,-10813,megawatthours,2026-01-08 10:00:00,-10813.0
2026-01-08T09,CAL,California,D,Demand,27741,megawatthours,2026-01-08 09:00:00,27741.0
2026-01-08T09,CAL,California,DF,Day-ahead demand forecast,26601,megawatthours,2026-01-08 09:00:00,26601.0
2026-01-08T09,CAL,California,NG,Net generation,16462,megawatthours,2026-01-08 09:00:00,16462.0
2026-01-08T09,CAL,California,TI,Total interchange,-10099,megawatthours,2026-01-08 09:00:00,-10099.0
2026-01-08T08,CAL,California,D,Demand,28221,megawatthours,2026-01-08 08:00:00,28221.0
2026-01-08T08,CAL,California,DF,Day-ahead demand forecast,27507,megawatthours,2026-01-08 08:00:00,27507.0
2026-01-08T08,CAL,California,NG,Net generation,16644,megawatthours,2026-01-08 08:00:00,16644.0
2026-01-08T08,CAL,California,TI,Total interchange,-10568,megawatthours,2026-01-08 08:00:00,-10568.0
2026-01-08T07,CAL,California,D,Demand,29744,megawatthours,2026-01-08 07:00:00,29744.0
2026-01-08T07,CAL,California,DF,Day-ahead demand forecast,29318,megawatthours,2026-01-08 07:00:00,29318.0
2026-01-08T07,CAL,California,NG,Net generation,18566,megawatthours,2026-01-08 07:00:00,18566.0
2026-01-08T07,CAL,California,TI,Total interchange,-10416,megawatthours,2026-01-08 07:00:00,-10416.0
2026-01-08T06,CAL,California,D,Demand,31124,megawatthours,2026-01-08 06:00:00,31124.0
2026-01-08T06,CAL,California,DF,Day-ahead demand forecast,30936,megawatthours,2026-01-08 06:00:00,30936.0
2026-01-08T06,CAL,California,NG,Net generation,20630,megawatthours,2026-01-08 06:00:00,20630.0
2026-01-08T06,CAL,California,TI,Total interchange,-9420,megawatthours,2026-01-08 06:00:00,-9420.0
2026-01-08T05,CAL,California,D,Demand,31940,megawatthours,2026-01-08 05:00:00,31940.0
2026-01-08T05,CAL,California,DF,Day-ahead demand forecast,31885,megawatthours,2026-01-08 05:00:00,31885.0
2026-01-08T05,CAL,California,NG,Net generation,22232,megawatthours,2026-01-08 05:00:00,22232.0
2026-01-08T05,CAL,California,TI,Total interchange,-8805,megawatthours,2026-01-08 05:00:00,-8805.0
2026-01-08T04,CAL,California,D,Demand,32506,megawatthours,2026-01-08 04:00:00,32506.0
2026-01-08T04,CAL,California,DF,Day-ahead demand forecast,32624,megawatthours,2026-01-08 04:00:00,32624.0
2026-01-08T04,CAL,California,NG,Net generation,22562,megawatthours,2026-01-08 04:00:00,22562.0
2026-01-08T04,CAL,California,TI,Total interchange,-8918,megawatthours,2026-01-08 04:00:00,-8918.0
2026-01-08T03,CAL,California,D,Demand,33040,megawatthours,2026-01-08 03:00:00,33040.0
2026-01-08T03,CAL,California,DF,Day-ahead demand forecast,33011,megawatthours,2026-01-08 03:00:00,33011.0
2026-01-08T03,CAL,California,NG,Net generation,23024,megawatthours,2026-01-08 03:00:00,23024.0
2026-01-08T03,CAL,California,TI,Total interchange,-8586,megawatthours,2026-01-08 03:00:00,-8586.0
2026-01-08T02,CAL,California,D,Demand,33005,megawatthours,2026-01-08 02:00:00,33005.0
2026-01-08T02,CAL,California,DF,Day-ahead demand forecast,32965,megawatthours,2026-01-08 02:00:00,32965.0
2026-01-08T02,CAL,California,NG,Net generation,21971,megawatthours,2026-01-08 02:00:00,21971.0
2026-01-08T02,CAL,California,TI,Total interchange,-9394,megawatthours,2026-01-08 02:00:00,-9394.0
2026-01-08T01,CAL,California,D,Demand,31035,megawatthours,2026-01-08 01:00:00,31035.0
2026-01-08T01,CAL,California,DF,Day-ahead demand forecast,30522,megawatthours,2026-01-08 01:00:00,30522.0
2026-01-08T01,CAL,California,NG,Net generation,19802,megawatthours,2026-01-08 01:00:00,19802.0
2026-01-08T01,CAL,California,TI,Total interchange,-9279,megawatthours,2026-01-08 01:00:00,-9279.0
2026-01-08T00,CAL,California,D,Demand,30945,megawatthours,2026-01-08 00:00:00,30945.0
2026-01-08T00,CAL,California,DF,Day-ahead demand forecast,28413,megawatthours,2026-01-08 00:00:00,28413.0
2026-01-08T00,CAL,California,NG,Net generation,18690,megawatthours,2026-01-08 00:00:00,18690.0
2026-01-08T00,CAL,California,TI,Total interchange,-7668,megawatthours,2026-01-08 00:00:00,-7668.0
2026-01-07T23,CAL,California,D,Demand,31823,megawatthours,2026-01-07 23:00:00,31823.0
2026-01-07T23,CAL,California,DF,Day-ahead demand forecast,27005,megawatthours,2026-01-07 23:00:00,27005.0
2026-01-07T23,CAL,California,NG,Net generation,18063,megawatthours,2026-01-07 23:00:00,18063.0
2026-01-07T23,CAL,California,TI,Total interchange,-6552,megawatthours,2026-01-07 23:00:00,-6552.0
2026-01-07T22,CAL,California,D,Demand,32583,megawatthours,2026-01-07 22:00:00,32583.0
2026-01-07T22,CAL,California,DF,Day-ahead demand forecast,26175,megawatthours,2026-01-07 22:00:00,26175.0
2026-01-07T22,CAL,California,NG,Net generation,16711,megawatthours,2026-01-07 22:00:00,16711.0
2026-01-07T22,CAL,California,TI,Total interchange,-6609,megawatthours,2026-01-07 22:00:00,-6609.0
2026-01-07T21,CAL,California,D,Demand,32037,megawatthours,2026-01-07 21:00:00,32037.0
2026-01-07T21,CAL,California,DF,Day-ahead demand forecast,25911,megawatthours,2026-01-07 21:00:00,25911.0
2026-01-07T21,CAL,California,NG,Net generation,16801,megawatthours,2026-01-07 21:00:00,16801.0
2026-01-07T21,CAL,California,TI,Total interchange,-6339,megawatthours,2026-01-07 21:00:00,-6339.0
2026-01-07T20,CAL,California,D,Demand,31580,megawatthours,2026-01-07 20:00:00,31580.0
2026-01-07T20,CAL,California,DF,Day-ahead demand forecast,26318,megawatthours,2026-01-07 20:00:00,26318.0
2026-01-07T20,CAL,California,NG,Net generation,17716,megawatthours,2026-01-07 20:00:00,17716.0
2026-01-07T20,CAL,California,TI,Total interchange,-6421,megawatthours,2026-01-07 20:00:00,-6421.0
2026-01-07T19,CAL,California,D,Demand,30556,megawatthours,2026-01-07 19:00:00,30556.0
2026-01-07T19,CAL,California,DF,Day-ahead demand forecast,27394,megawatthours,2026-01-07 19:00:00,27394.0
2026-01-07T19,CAL,California,NG,Net generation,19160,megawatthours,2026-01-07 19:00:00,19160.0
2026-01-07T19,CAL,California,TI,Total interchange,-6348,megawatthours,2026-01-07 19:00:00,-6348.0
2026-01-07T18,CAL,California,D,Demand,30350,megawatthours,2026-01-07 18:00:00,30350.0
2026-01-07T18,CAL,California,DF,Day-ahead demand forecast,28766,megawatthours,2026-01-07 18:00:00,28766.0
2026-01-07T18,CAL,California,NG,Net generation,20153,megawatthours,2026-01-07 18:00:00,20153.0
2026-01-07T18,CAL,California,TI,Total interchange,-7017,megawatthours,2026-01-07 18:00:00,-7017.0
2026-01-07T17,CAL,California,D,Demand,30710,megawatthours,2026-01-07 17:00:00,30710.0
2026-01-07T17,CAL,California,DF,Day-ahead demand forecast,30071,megawatthours,2026-01-07 17:00:00,30071.0
2026-01-07T17,CAL,California,NG,Net generation,21255,megawatthours,2026-01-07 17:00:00,21255.0
2026-01-07T17,CAL,California,TI,Total interchange,-7754,megawatthours,2026-01-07 17:00:00,-7754.0
2026-01-07T16,CAL,California,D,Demand,31320,megawatthours,2026-01-07 16:00:00,31320.0
2026-01-07T16,CAL,California,DF,Day-ahead demand forecast,30718,megawatthours,2026-01-07 16:00:00,30718.0
2026-01-07T16,CAL,California,NG,Net generation,21476,megawatthours,2026-01-07 16:00:00,21476.0
2026-01-07T16,CAL,California,TI,Total interchange,-8836,megawatthours,2026-01-07 16:00:00,-8836.0
2026-01-07T15,CAL,California,D,Demand,29736,megawatthours,2026-01-07 15:00:00,29736.0
2026-01-07T15,CAL,California,DF,Day-ahead demand forecast,29028,megawatthours,2026-01-07 15:00:00,29028.0
2026-01-07T15,CAL,California,NG,Net generation,19242,megawatthours,2026-01-07 15:00:00,19242.0
2026-01-07T15,CAL,California,TI,Total interchange,-9658,megawatthours,2026-01-07 15:00:00,-9658.0
2026-01-07T14,CAL,California,D,Demand,27383,megawatthours,2026-01-07 14:00:00,27383.0
2026-01-07T14,CAL,California,DF,Day-ahead demand forecast,26388,megawatthours,2026-01-07 14:00:00,26388.0
2026-01-07T14,CAL,California,NG,Net generation,15747,megawatthours,2026-01-07 14:00:00,15747.0
2026-01-07T14,CAL,California,TI,Total interchange,-10803,megawatthours,2026-01-07 14:00:00,-10803.0
2026-01-07T13,CAL,California,D,Demand,26374,megawatthours,2026-01-07 13:00:00,26374.0
2026-01-07T13,CAL,California,DF,Day-ahead demand forecast,24787,megawatthours,2026-01-07 13:00:00,24787.0
2026-01-07T13,CAL,California,NG,Net generation,13347,megawatthours,2026-01-07 13:00:00,13347.0
2026-01-07T13,CAL,California,TI,Total interchange,-11484,megawatthours,2026-01-07 13:00:00,-11484.0
2026-01-07T12,CAL,California,D,Demand,25844,megawatthours,2026-01-07 12:00:00,25844.0
2026-01-07T12,CAL,California,DF,Day-ahead demand forecast,24349,megawatthours,2026-01-07 12:00:00,24349.0
2026-01-07T12,CAL,California,NG,Net generation,12655,megawatthours,2026-01-07 12:00:00,12655.0
2026-01-07T12,CAL,California,TI,Total interchange,-11689,megawatthours,2026-01-07 12:00:00,-11689.0
2026-01-07T11,CAL,California,D,Demand,26332,megawatthours,2026-01-07 11:00:00,26332.0
2026-01-07T11,CAL,California,DF,Day-ahead demand forecast,24640,megawatthours,2026-01-07 11:00:00,24640.0
2026-01-07T11,CAL,California,NG,Net generation,12613,megawatthours,2026-01-07 11:00:00,12613.0
2026-01-07T11,CAL,California,TI,Total interchange,-12155,megawatthours,2026-01-07 11:00:00,-12155.0
2026-01-07T10,CAL,California,D,Demand,26599,megawatthours,2026-01-07 10:00:00,26599.0
2026-01-07T10,CAL,California,DF,Day-ahead demand forecast,25411,megawatthours,2026-01-07 10:00:00,25411.0
2026-01-07T10,CAL,California,NG,Net generation,13310,megawatthours,2026-01-07 10:00:00,13310.0
2026-01-07T10,CAL,California,TI,Total interchange,-12286,megawatthours,2026-01-07 10:00:00,-12286.0
2026-01-07T09,CAL,California,D,Demand,27481,megawatthours,2026-01-07 09:00:00,27481.0
2026-01-07T09,CAL,California,DF,Day-ahead demand forecast,26354,megawatthours,2026-01-07 09:00:00,26354.0
2026-01-07T09,CAL,California,NG,Net generation,14103,megawatthours,2026-01-07 09:00:00,14103.0
2026-01-07T09,CAL,California,TI,Total interchange,-12436,megawatthours,2026-01-07 09:00:00,-12436.0
2026-01-07T08,CAL,California,D,Demand,28324,megawatthours,2026-01-07 08:00:00,28324.0
2026-01-07T08,CAL,California,DF,Day-ahead demand forecast,27610,megawatthours,2026-01-07 08:00:00,27610.0
2026-01-07T08,CAL,California,NG,Net generation,14987,megawatthours,2026-01-07 08:00:00,14987.0
2026-01-07T08,CAL,California,TI,Total interchange,-12273,megawatthours,2026-01-07 08:00:00,-12273.0
2026-01-07T07,CAL,California,D,Demand,29857,megawatthours,2026-01-07 07:00:00,29857.0
2026-01-07T07,CAL,California,DF,Day-ahead demand forecast,29478,megawatthours,2026-01-07 07:00:00,29478.0
2026-01-07T07,CAL,California,NG,Net generation,16899,megawatthours,2026-01-07 07:00:00,16899.0
2026-01-07T07,CAL,California,TI,Total interchange,-12203,megawatthours,2026-01-07 07:00:00,-12203.0
2026-01-07T06,CAL,California,D,Demand,31447,megawatthours,2026-01-07 06:00:00,31447.0
2026-01-07T06,CAL,California,DF,Day-ahead demand forecast,31238,megawatthours,2026-01-07 06:00:00,31238.0
2026-01-07T06,CAL,California,NG,Net generation,18801,megawatthours,2026-01-07 06:00:00,18801.0
2026-01-07T06,CAL,California,TI,Total interchange,-11796,megawatthours,2026-01-07 06:00:00,-11796.0
2026-01-07T05,CAL,California,D,Demand,32135,megawatthours,2026-01-07 05:00:00,32135.0
2026-01-07T05,CAL,California,DF,Day-ahead demand forecast,32043,megawatthours,2026-01-07 05:00:00,32043.0
2026-01-07T05,CAL,California,NG,Net generation,19224,megawatthours,2026-01-07 05:00:00,19224.0
2026-01-07T05,CAL,California,TI,Total interchange,-11661,megawatthours,2026-01-07 05:00:00,-11661.0
2026-01-07T04,CAL,California,D,Demand,32749,megawatthours,2026-01-07 04:00:00,32749.0
2026-01-07T04,CAL,California,DF,Day-ahead demand forecast,32749,megawatthours,2026-01-07 04:00:00,32749.0
2026-01-07T04,CAL,California,NG,Net generation,20224,megawatthours,2026-01-07 04:00:00,20224.0
2026-01-07T04,CAL,California,TI,Total interchange,-10961,megawatthours,2026-01-07 04:00:00,-10961.0
2026-01-07T03,CAL,California,D,Demand,32745,megawatthours,2026-01-07 03:00:00,32745.0
2026-01-07T03,CAL,California,DF,Day-ahead demand forecast,33354,megawatthours,2026-01-07 03:00:00,33354.0
2026-01-07T03,CAL,California,NG,Net generation,21369,megawatthours,2026-01-07 03:00:00,21369.0
2026-01-07T03,CAL,California,TI,Total interchange,-10617,megawatthours,2026-01-07 03:00:00,-10617.0
2026-01-07T02,CAL,California,D,Demand,32750,megawatthours,2026-01-07 02:00:00,32750.0
2026-01-07T02,CAL,California,DF,Day-ahead demand forecast,33261,megawatthours,2026-01-07 02:00:00,33261.0
2026-01-07T02,CAL,California,NG,Net generation,20801,megawatthours,2026-01-07 02:00:00,20801.0
2026-01-07T02,CAL,California,TI,Total interchange,-10951,megawatthours,2026-01-07 02:00:00,-10951.0
2026-01-07T01,CAL,California,D,Demand,30523,megawatthours,2026-01-07 01:00:00,30523.0
2026-01-07T01,CAL,California,DF,Day-ahead demand forecast,30652,megawatthours,2026-01-07 01:00:00,30652.0
2026-01-07T01,CAL,California,NG,Net generation,18955,megawatthours,2026-01-07 01:00:00,18955.0
2026-01-07T01,CAL,California,TI,Total interchange,-10457,megawatthours,2026-01-07 01:00:00,-10457.0
2026-01-07T00,CAL,California,D,Demand,29452,megawatthours,2026-01-07 00:00:00,29452.0
2026-01-07T00,CAL,California,DF,Day-ahead demand forecast,28943,megawatthours,2026-01-07 00:00:00,28943.0
2026-01-07T00,CAL,California,NG,Net generation,17872,megawatthours,2026-01-07 00:00:00,17872.0
2026-01-07T00,CAL,California,TI,Total interchange,-8778,megawatthours,2026-01-07 00:00:00,-8778.0
2026-01-06T23,CAL,California,D,Demand,31786,megawatthours,2026-01-06 23:00:00,31786.0
2026-01-06T23,CAL,California,DF,Day-ahead demand forecast,27665,megawatthours,2026-01-06 23:00:00,27665.0
2026-01-06T23,CAL,California,NG,Net generation,17282,megawatthours,2026-01-06 23:00:00,17282.0
2026-01-06T23,CAL,California,TI,Total interchange,-7746,megawatthours,2026-01-06 23:00:00,-7746.0
2026-01-06T22,CAL,California,D,Demand,33429,megawatthours,2026-01-06 22:00:00,33429.0
2026-01-06T22,CAL,California,DF,Day-ahead demand forecast,27070,megawatthours,2026-01-06 22:00:00,27070.0
2026-01-06T22,CAL,California,NG,Net generation,16163,megawatthours,2026-01-06 22:00:00,16163.0
2026-01-06T22,CAL,California,TI,Total interchange,-8845,megawatthours,2026-01-06 22:00:00,-8845.0
2026-01-06T21,CAL,California,D,Demand,34081,megawatthours,2026-01-06 21:00:00,34081.0
2026-01-06T21,CAL,California,DF,Day-ahead demand forecast,26852,megawatthours,2026-01-06 21:00:00,26852.0
2026-01-06T21,CAL,California,NG,Net generation,15799,megawatthours,2026-01-06 21:00:00,15799.0
2026-01-06T21,CAL,California,TI,Total interchange,-9613,megawatthours,2026-01-06 21:00:00,-9613.0
2026-01-06T20,CAL,California,D,Demand,33235,megawatthours,2026-01-06 20:00:00,33235.0
2026-01-06T20,CAL,California,DF,Day-ahead demand forecast,27207,megawatthours,2026-01-06 20:00:00,27207.0
2026-01-06T20,CAL,California,NG,Net generation,16256,megawatthours,2026-01-06 20:00:00,16256.0
2026-01-06T20,CAL,California,TI,Total interchange,-9316,megawatthours,2026-01-06 20:00:00,-9316.0
2026-01-06T19,CAL,California,D,Demand,33023,megawatthours,2026-01-06 19:00:00,33023.0
2026-01-06T19,CAL,California,DF,Day-ahead demand forecast,28044,megawatthours,2026-01-06 19:00:00,28044.0
2026-01-06T19,CAL,California,NG,Net generation,16915,megawatthours,2026-01-06 19:00:00,16915.0
2026-01-06T19,CAL,California,TI,Total interchange,-9321,megawatthours,2026-01-06 19:00:00,-9321.0
2026-01-06T18,CAL,California,D,Demand,32049,megawatthours,2026-01-06 18:00:00,32049.0
2026-01-06T18,CAL,California,DF,Day-ahead demand forecast,29377,megawatthours,2026-01-06 18:00:00,29377.0
2026-01-06T18,CAL,California,NG,Net generation,17894,megawatthours,2026-01-06 18:00:00,17894.0
2026-01-06T18,CAL,California,TI,Total interchange,-9392,megawatthours,2026-01-06 18:00:00,-9392.0
2026-01-06T17,CAL,California,D,Demand,31018,megawatthours,2026-01-06 17:00:00,31018.0
2026-01-06T17,CAL,California,DF,Day-ahead demand forecast,30600,megawatthours,2026-01-06 17:00:00,30600.0
2026-01-06T17,CAL,California,NG,Net generation,19421,megawatthours,2026-01-06 17:00:00,19421.0
2026-01-06T17,CAL,California,TI,Total interchange,-9765,megawatthours,2026-01-06 17:00:00,-9765.0
2026-01-06T16,CAL,California,D,Demand,30861,megawatthours,2026-01-06 16:00:00,30861.0
2026-01-06T16,CAL,California,DF,Day-ahead demand forecast,30513,megawatthours,2026-01-06 16:00:00,30513.0
2026-01-06T16,CAL,California,NG,Net generation,20157,megawatthours,2026-01-06 16:00:00,20157.0
2026-01-06T16,CAL,California,TI,Total interchange,-9953,megawatthours,2026-01-06 16:00:00,-9953.0
2026-01-06T15,CAL,California,D,Demand,29111,megawatthours,2026-01-06 15:00:00,29111.0
2026-01-06T15,CAL,California,DF,Day-ahead demand forecast,28642,megawatthours,2026-01-06 15:00:00,28642.0
2026-01-06T15,CAL,California,NG,Net generation,18614,megawatthours,2026-01-06 15:00:00,18614.0
2026-01-06T15,CAL,California,TI,Total interchange,-9869,megawatthours,2026-01-06 15:00:00,-9869.0
2026-01-06T14,CAL,California,D,Demand,26778,megawatthours,2026-01-06 14:00:00,26778.0
2026-01-06T14,CAL,California,DF,Day-ahead demand forecast,26062,megawatthours,2026-01-06 14:00:00,26062.0
2026-01-06T14,CAL,California,NG,Net generation,15530,megawatthours,2026-01-06 14:00:00,15530.0
2026-01-06T14,CAL,California,TI,Total interchange,-10705,megawatthours,2026-01-06 14:00:00,-10705.0
2026-01-06T13,CAL,California,D,Demand,25641,megawatthours,2026-01-06 13:00:00,25641.0
2026-01-06T13,CAL,California,DF,Day-ahead demand forecast,24460,megawatthours,2026-01-06 13:00:00,24460.0
2026-01-06T13,CAL,California,NG,Net generation,13554,megawatthours,2026-01-06 13:00:00,13554.0
2026-01-06T13,CAL,California,TI,Total interchange,-10893,megawatthours,2026-01-06 13:00:00,-10893.0
2026-01-06T12,CAL,California,D,Demand,25514,megawatthours,2026-01-06 12:00:00,25514.0
2026-01-06T12,CAL,California,DF,Day-ahead demand forecast,24045,megawatthours,2026-01-06 12:00:00,24045.0
2026-01-06T12,CAL,California,NG,Net generation,12644,megawatthours,2026-01-06 12:00:00,12644.0
2026-01-06T12,CAL,California,TI,Total interchange,-11281,megawatthours,2026-01-06 12:00:00,-11281.0
2026-01-06T11,CAL,California,D,Demand,25820,megawatthours,2026-01-06 11:00:00,25820.0
2026-01-06T11,CAL,California,DF,Day-ahead demand forecast,24222,megawatthours,2026-01-06 11:00:00,24222.0
2026-01-06T11,CAL,California,NG,Net generation,12887,megawatthours,2026-01-06 11:00:00,12887.0
2026-01-06T11,CAL,California,TI,Total interchange,-11400,megawatthours,2026-01-06 11:00:00,-11400.0
2026-01-06T10,CAL,California,D,Demand,26190,megawatthours,2026-01-06 10:00:00,26190.0
2026-01-06T10,CAL,California,DF,Day-ahead demand forecast,25121,megawatthours,2026-01-06 10:00:00,25121.0
2026-01-06T10,CAL,California,NG,Net generation,13722,megawatthours,2026-01-06 10:00:00,13722.0
2026-01-06T10,CAL,California,TI,Total interchange,-11389,megawatthours,2026-01-06 10:00:00,-11389.0
2026-01-06T09,CAL,California,D,Demand,27239,megawatthours,2026-01-06 09:00:00,27239.0
2026-01-06T09,CAL,California,DF,Day-ahead demand forecast,26224,megawatthours,2026-01-06 09:00:00,26224.0
2026-01-06T09,CAL,California,NG,Net generation,14793,megawatthours,2026-01-06 09:00:00,14793.0
2026-01-06T09,CAL,California,TI,Total interchange,-11420,megawatthours,2026-01-06 09:00:00,-11420.0
2026-01-06T08,CAL,California,D,Demand,27748,megawatthours,2026-01-06 08:00:00,27748.0
2026-01-06T08,CAL,California,DF,Day-ahead demand forecast,27667,megawatthours,2026-01-06 08:00:00,27667.0
2026-01-06T08,CAL,California,NG,Net generation,15831,megawatthours,2026-01-06 08:00:00,15831.0
2026-01-06T08,CAL,California,TI,Total interchange,-11203,megawatthours,2026-01-06 08:00:00,-11203.0
2026-01-06T07,CAL,California,D,Demand,29634,megawatthours,2026-01-06 07:00:00,29634.0
2026-01-06T07,CAL,California,DF,Day-ahead demand forecast,29610,megawatthours,2026-01-06 07:00:00,29610.0
2026-01-06T07,CAL,California,NG,Net generation,17188,megawatthours,2026-01-06 07:00:00,17188.0
2026-01-06T07,CAL,California,TI,Total interchange,-11771,megawatthours,2026-01-06 07:00:00,-11771.0
2026-01-06T06,CAL,California,D,Demand,31288,megawatthours,2026-01-06 06:00:00,31288.0
2026-01-06T06,CAL,California,DF,Day-ahead demand forecast,31288,megawatthours,2026-01-06 06:00:00,31288.0
2026-01-06T06,CAL,California,NG,Net generation,19635,megawatthours,2026-01-06 06:00:00,19635.0
2026-01-06T06,CAL,California,TI,Total interchange,-11195,megawatthours,2026-01-06 06:00:00,-11195.0
2026-01-06T05,CAL,California,D,Demand,32289,megawatthours,2026-01-06 05:00:00,32289.0
2026-01-06T05,CAL,California,DF,Day-ahead demand forecast,32293,megawatthours,2026-01-06 05:00:00,32293.0
2026-01-06T05,CAL,California,NG,Net generation,20924,megawatthours,2026-01-06 05:00:00,20924.0
2026-01-06T05,CAL,California,TI,Total interchange,-10703,megawatthours,2026-01-06 05:00:00,-10703.0
2026-01-06T04,CAL,California,D,Demand,32902,megawatthours,2026-01-06 04:00:00,32902.0
2026-01-06T04,CAL,California,DF,Day-ahead demand forecast,33175,megawatthours,2026-01-06 04:00:00,33175.0
2026-01-06T04,CAL,California,NG,Net generation,21752,megawatthours,2026-01-06 04:00:00,21752.0
2026-01-06T04,CAL,California,TI,Total interchange,-10445,megawatthours,2026-01-06 04:00:00,-10445.0
2026-01-06T03,CAL,California,D,Demand,33422,megawatthours,2026-01-06 03:00:00,33422.0
2026-01-06T03,CAL,California,DF,Day-ahead demand forecast,33824,megawatthours,2026-01-06 03:00:00,33824.0
2026-01-06T03,CAL,California,NG,Net generation,22199,megawatthours,2026-01-06 03:00:00,22199.0
2026-01-06T03,CAL,California,TI,Total interchange,-10508,megawatthours,2026-01-06 03:00:00,-10508.0
2026-01-06T02,CAL,California,D,Demand,33553,megawatthours,2026-01-06 02:00:00,33553.0
2026-01-06T02,CAL,California,DF,Day-ahead demand forecast,33832,megawatthours,2026-01-06 02:00:00,33832.0
2026-01-06T02,CAL,California,NG,Net generation,22695,megawatthours,2026-01-06 02:00:00,22695.0
2026-01-06T02,CAL,California,TI,Total interchange,-9935,megawatthours,2026-01-06 02:00:00,-9935.0
2026-01-06T01,CAL,California,D,Demand,31968,megawatthours,2026-01-06 01:00:00,31968.0
2026-01-06T01,CAL,California,DF,Day-ahead demand forecast,31613,megawatthours,2026-01-06 01:00:00,31613.0
2026-01-06T01,CAL,California,NG,Net generation,20297,megawatthours,2026-01-06 01:00:00,20297.0
2026-01-06T01,CAL,California,TI,Total interchange,-10502,megawatthours,2026-01-06 01:00:00,-10502.0
2026-01-06T00,CAL,California,D,Demand,30872,megawatthours,2026-01-06 00:00:00,30872.0
2026-01-06T00,CAL,California,DF,Day-ahead demand forecast,29852,megawatthours,2026-01-06 00:00:00,29852.0
2026-01-06T00,CAL,California,NG,Net generation,19440,megawatthours,2026-01-06 00:00:00,19440.0
2026-01-06T00,CAL,California,TI,Total interchange,-10028,megawatthours,2026-01-06 00:00:00,-10028.0
2026-01-05T23,CAL,California,D,Demand,31357,megawatthours,2026-01-05 23:00:00,31357.0
2026-01-05T23,CAL,California,DF,Day-ahead demand forecast,28476,megawatthours,2026-01-05 23:00:00,28476.0
2026-01-05T23,CAL,California,NG,Net generation,20077,megawatthours,2026-01-05 23:00:00,20077.0
2026-01-05T23,CAL,California,TI,Total interchange,-8223,megawatthours,2026-01-05 23:00:00,-8223.0
2026-01-05T22,CAL,California,D,Demand,31944,megawatthours,2026-01-05 22:00:00,31944.0
2026-01-05T22,CAL,California,DF,Day-ahead demand forecast,28050,megawatthours,2026-01-05 22:00:00,28050.0
2026-01-05T22,CAL,California,NG,Net generation,20676,megawatthours,2026-01-05 22:00:00,20676.0
2026-01-05T22,CAL,California,TI,Total interchange,-6646,megawatthours,2026-01-05 22:00:00,-6646.0
2026-01-05T21,CAL,California,D,Demand,33187,megawatthours,2026-01-05 21:00:00,33187.0
2026-01-05T21,CAL,California,DF,Day-ahead demand forecast,27874,megawatthours,2026-01-05 21:00:00,27874.0
2026-01-05T21,CAL,California,NG,Net generation,20206,megawatthours,2026-01-05 21:00:00,20206.0
2026-01-05T21,CAL,California,TI,Total interchange,-6429,megawatthours,2026-01-05 21:00:00,-6429.0
2026-01-05T20,CAL,California,D,Demand,33333,megawatthours,2026-01-05 20:00:00,33333.0
2026-01-05T20,CAL,California,DF,Day-ahead demand forecast,28167,megawatthours,2026-01-05 20:00:00,28167.0
2026-01-05T20,CAL,California,NG,Net generation,19007,megawatthours,2026-01-05 20:00:00,19007.0
2026-01-05T20,CAL,California,TI,Total interchange,-7054,megawatthours,2026-01-05 20:00:00,-7054.0
2026-01-05T19,CAL,California,D,Demand,33468,megawatthours,2026-01-05 19:00:00,33468.0
2026-01-05T19,CAL,California,DF,Day-ahead demand forecast,28850,megawatthours,2026-01-05 19:00:00,28850.0
2026-01-05T19,CAL,California,NG,Net generation,19232,megawatthours,2026-01-05 19:00:00,19232.0
2026-01-05T19,CAL,California,TI,Total interchange,-7009,megawatthours,2026-01-05 19:00:00,-7009.0
2026-01-05T18,CAL,California,D,Demand,34349,megawatthours,2026-01-05 18:00:00,34349.0
2026-01-05T18,CAL,California,DF,Day-ahead demand forecast,29722,megawatthours,2026-01-05 18:00:00,29722.0
2026-01-05T18,CAL,California,NG,Net generation,19276,megawatthours,2026-01-05 18:00:00,19276.0
2026-01-05T18,CAL,California,TI,Total interchange,-7570,megawatthours,2026-01-05 18:00:00,-7570.0
2026-01-05T17,CAL,California,D,Demand,32656,megawatthours,2026-01-05 17:00:00,32656.0
2026-01-05T17,CAL,California,DF,Day-ahead demand forecast,30516,megawatthours,2026-01-05 17:00:00,30516.0
2026-01-05T17,CAL,California,NG,Net generation,19851,megawatthours,2026-01-05 17:00:00,19851.0
2026-01-05T17,CAL,California,TI,Total interchange,-8386,megawatthours,2026-01-05 17:00:00,-8386.0
2026-01-05T16,CAL,California,D,Demand,30188,megawatthours,2026-01-05 16:00:00,30188.0
2026-01-05T16,CAL,California,DF,Day-ahead demand forecast,30267,megawatthours,2026-01-05 16:00:00,30267.0
2026-01-05T16,CAL,California,NG,Net generation,19456,megawatthours,2026-01-05 16:00:00,19456.0
2026-01-05T16,CAL,California,TI,Total interchange,-9545,megawatthours,2026-01-05 16:00:00,-9545.0
2026-01-05T15,CAL,California,D,Demand,28518,megawatthours,2026-01-05 15:00:00,28518.0
2026-01-05T15,CAL,California,DF,Day-ahead demand forecast,28422,megawatthours,2026-01-05 15:00:00,28422.0
2026-01-05T15,CAL,California,NG,Net generation,18012,megawatthours,2026-01-05 15:00:00,18012.0
2026-01-05T15,CAL,California,TI,Total interchange,-9595,megawatthours,2026-01-05 15:00:00,-9595.0
2026-01-05T14,CAL,California,D,Demand,27298,megawatthours,2026-01-05 14:00:00,27298.0
2026-01-05T14,CAL,California,DF,Day-ahead demand forecast,25799,megawatthours,2026-01-05 14:00:00,25799.0
2026-01-05T14,CAL,California,NG,Net generation,14550,megawatthours,2026-01-05 14:00:00,14550.0
2026-01-05T14,CAL,California,TI,Total interchange,-10941,megawatthours,2026-01-05 14:00:00,-10941.0
2026-01-05T13,CAL,California,D,Demand,26371,megawatthours,2026-01-05 13:00:00,26371.0
2026-01-05T13,CAL,California,DF,Day-ahead demand forecast,24109,megawatthours,2026-01-05 13:00:00,24109.0
2026-01-05T13,CAL,California,NG,Net generation,13257,megawatthours,2026-01-05 13:00:00,13257.0
2026-01-05T13,CAL,California,TI,Total interchange,-10504,megawatthours,2026-01-05 13:00:00,-10504.0
2026-01-05T12,CAL,California,D,Demand,26558,megawatthours,2026-01-05 12:00:00,26558.0
2026-01-05T12,CAL,California,DF,Day-ahead demand forecast,23461,megawatthours,2026-01-05 12:00:00,23461.0
2026-01-05T12,CAL,California,NG,Net generation,12322,megawatthours,2026-01-05 12:00:00,12322.0
2026-01-05T12,CAL,California,TI,Total interchange,-11044,megawatthours,2026-01-05 12:00:00,-11044.0
2026-01-05T11,CAL,California,D,Demand,26463,megawatthours,2026-01-05 11:00:00,26463.0
2026-01-05T11,CAL,California,DF,Day-ahead demand forecast,23634,megawatthours,2026-01-05 11:00:00,23634.0
2026-01-05T11,CAL,California,NG,Net generation,12530,megawatthours,2026-01-05 11:00:00,12530.0
2026-01-05T11,CAL,California,TI,Total interchange,-11009,megawatthours,2026-01-05 11:00:00,-11009.0
2026-01-05T10,CAL,California,D,Demand,26649,megawatthours,2026-01-05 10:00:00,26649.0
2026-01-05T10,CAL,California,DF,Day-ahead demand forecast,24399,megawatthours,2026-01-05 10:00:00,24399.0
2026-01-05T10,CAL,California,NG,Net generation,13325,megawatthours,2026-01-05 10:00:00,13325.0
2026-01-05T10,CAL,California,TI,Total interchange,-10987,megawatthours,2026-01-05 10:00:00,-10987.0
2026-01-05T09,CAL,California,D,Demand,27482,megawatthours,2026-01-05 09:00:00,27482.0
2026-01-05T09,CAL,California,DF,Day-ahead demand forecast,25267,megawatthours,2026-01-05 09:00:00,25267.0
2026-01-05T09,CAL,California,NG,Net generation,13887,megawatthours,2026-01-05 09:00:00,13887.0
2026-01-05T09,CAL,California,TI,Total interchange,-11437,megawatthours,2026-01-05 09:00:00,-11437.0
2026-01-05T08,CAL,California,D,Demand,24520,megawatthours,2026-01-05 08:00:00,24520.0
2026-01-05T08,CAL,California,DF,Day-ahead demand forecast,25535,megawatthours,2026-01-05 08:00:00,25535.0
2026-01-05T08,CAL,California,NG,Net generation,14886,megawatthours,2026-01-05 08:00:00,14886.0
2026-01-05T08,CAL,California,TI,Total interchange,-8323,megawatthours,2026-01-05 08:00:00,-8323.0
2026-01-05T07,CAL,California,D,Demand,25958,megawatthours,2026-01-05 07:00:00,25958.0
2026-01-05T07,CAL,California,DF,Day-ahead demand forecast,26986,megawatthours,2026-01-05 07:00:00,26986.0
2026-01-05T07,CAL,California,NG,Net generation,15867,megawatthours,2026-01-05 07:00:00,15867.0
2026-01-05T07,CAL,California,TI,Total interchange,-8966,megawatthours,2026-01-05 07:00:00,-8966.0
2026-01-05T06,CAL,California,D,Demand,27672,megawatthours,2026-01-05 06:00:00,27672.0
2026-01-05T06,CAL,California,DF,Day-ahead demand forecast,28352,megawatthours,2026-01-05 06:00:00,28352.0
2026-01-05T06,CAL,California,NG,Net generation,17596,megawatthours,2026-01-05 06:00:00,17596.0
2026-01-05T06,CAL,California,TI,Total interchange,-8683,megawatthours,2026-01-05 06:00:00,-8683.0
2026-01-05T05,CAL,California,D,Demand,28253,megawatthours,2026-01-05 05:00:00,28253.0
2026-01-05T05,CAL,California,DF,Day-ahead demand forecast,28942,megawatthours,2026-01-05 05:00:00,28942.0
2026-01-05T05,CAL,California,NG,Net generation,17027,megawatthours,2026-01-05 05:00:00,17027.0
2026-01-05T05,CAL,California,TI,Total interchange,-9774,megawatthours,2026-01-05 05:00:00,-9774.0
2026-01-05T04,CAL,California,D,Demand,28746,megawatthours,2026-01-05 04:00:00,28746.0
2026-01-05T04,CAL,California,DF,Day-ahead demand forecast,29662,megawatthours,2026-01-05 04:00:00,29662.0
2026-01-05T04,CAL,California,NG,Net generation,17908,megawatthours,2026-01-05 04:00:00,17908.0
2026-01-05T04,CAL,California,TI,Total interchange,-9563,megawatthours,2026-01-05 04:00:00,-9563.0
2026-01-05T03,CAL,California,D,Demand,28993,megawatthours,2026-01-05 03:00:00,28993.0
2026-01-05T03,CAL,California,DF,Day-ahead demand forecast,30092,megawatthours,2026-01-05 03:00:00,30092.0
2026-01-05T03,CAL,California,NG,Net generation,18275,megawatthours,2026-01-05 03:00:00,18275.0
2026-01-05T03,CAL,California,TI,Total interchange,-9205,megawatthours,2026-01-05 03:00:00,-9205.0
2026-01-05T02,CAL,California,D,Demand,29115,megawatthours,2026-01-05 02:00:00,29115.0
2026-01-05T02,CAL,California,DF,Day-ahead demand forecast,29862,megawatthours,2026-01-05 02:00:00,29862.0
2026-01-05T02,CAL,California,NG,Net generation,18185,megawatthours,2026-01-05 02:00:00,18185.0
2026-01-05T02,CAL,California,TI,Total interchange,-9197,megawatthours,2026-01-05 02:00:00,-9197.0
2026-01-05T01,CAL,California,D,Demand,27162,megawatthours,2026-01-05 01:00:00,27162.0
2026-01-05T01,CAL,California,DF,Day-ahead demand forecast,27490,megawatthours,2026-01-05 01:00:00,27490.0
2026-01-05T01,CAL,California,NG,Net generation,16417,megawatthours,2026-01-05 01:00:00,16417.0
2026-01-05T01,CAL,California,TI,Total interchange,-9248,megawatthours,2026-01-05 01:00:00,-9248.0
2026-01-05T00,CAL,California,D,Demand,26640,megawatthours,2026-01-05 00:00:00,26640.0
2026-01-05T00,CAL,California,DF,Day-ahead demand forecast,26146,megawatthours,2026-01-05 00:00:00,26146.0
2026-01-05T00,CAL,California,NG,Net generation,16530,megawatthours,2026-01-05 00:00:00,16530.0
2026-01-05T00,CAL,California,TI,Total interchange,-8130,megawatthours,2026-01-05 00:00:00,-8130.0
2026-01-04T23,CAL,California,D,Demand,27505,megawatthours,2026-01-04 23:00:00,27505.0
2026-01-04T23,CAL,California,DF,Day-ahead demand forecast,25294,megawatthours,2026-01-04 23:00:00,25294.0
2026-01-04T23,CAL,California,NG,Net generation,15944,megawatthours,2026-01-04 23:00:00,15944.0
2026-01-04T23,CAL,California,TI,Total interchange,-8083,megawatthours,2026-01-04 23:00:00,-8083.0
2026-01-04T22,CAL,California,D,Demand,29030,megawatthours,2026-01-04 22:00:00,29030.0
2026-01-04T22,CAL,California,DF,Day-ahead demand forecast,24960,megawatthours,2026-01-04 22:00:00,24960.0
2026-01-04T22,CAL,California,NG,Net generation,15530,megawatthours,2026-01-04 22:00:00,15530.0
2026-01-04T22,CAL,California,TI,Total interchange,-8421,megawatthours,2026-01-04 22:00:00,-8421.0
2026-01-04T21,CAL,California,D,Demand,29510,megawatthours,2026-01-04 21:00:00,29510.0
2026-01-04T21,CAL,California,DF,Day-ahead demand forecast,24759,megawatthours,2026-01-04 21:00:00,24759.0
2026-01-04T21,CAL,California,NG,Net generation,14997,megawatthours,2026-01-04 21:00:00,14997.0
2026-01-04T21,CAL,California,TI,Total interchange,-8462,megawatthours,2026-01-04 21:00:00,-8462.0
2026-01-04T20,CAL,California,D,Demand,29426,megawatthours,2026-01-04 20:00:00,29426.0
2026-01-04T20,CAL,California,DF,Day-ahead demand forecast,24777,megawatthours,2026-01-04 20:00:00,24777.0
2026-01-04T20,CAL,California,NG,Net generation,14265,megawatthours,2026-01-04 20:00:00,14265.0
2026-01-04T20,CAL,California,TI,Total interchange,-8670,megawatthours,2026-01-04 20:00:00,-8670.0
2026-01-04T19,CAL,California,D,Demand,29465,megawatthours,2026-01-04 19:00:00,29465.0
2026-01-04T19,CAL,California,DF,Day-ahead demand forecast,24940,megawatthours,2026-01-04 19:00:00,24940.0
2026-01-04T19,CAL,California,NG,Net generation,13591,megawatthours,2026-01-04 19:00:00,13591.0
2026-01-04T19,CAL,California,TI,Total interchange,-8864,megawatthours,2026-01-04 19:00:00,-8864.0
2026-01-04T18,CAL,California,D,Demand,27887,megawatthours,2026-01-04 18:00:00,27887.0
2026-01-04T18,CAL,California,DF,Day-ahead demand forecast,25135,megawatthours,2026-01-04 18:00:00,25135.0
2026-01-04T18,CAL,California,NG,Net generation,13665,megawatthours,2026-01-04 18:00:00,13665.0
2026-01-04T18,CAL,California,TI,Total interchange,-8622,megawatthours,2026-01-04 18:00:00,-8622.0
2026-01-04T17,CAL,California,D,Demand,26289,megawatthours,2026-01-04 17:00:00,26289.0
2026-01-04T17,CAL,California,DF,Day-ahead demand forecast,24997,megawatthours,2026-01-04 17:00:00,24997.0
2026-01-04T17,CAL,California,NG,Net generation,12684,megawatthours,2026-01-04 17:00:00,12684.0
2026-01-04T17,CAL,California,TI,Total interchange,-9259,megawatthours,2026-01-04 17:00:00,-9259.0
2026-01-04T16,CAL,California,D,Demand,24019,megawatthours,2026-01-04 16:00:00,24019.0
2026-01-04T16,CAL,California,DF,Day-ahead demand forecast,24514,megawatthours,2026-01-04 16:00:00,24514.0
2026-01-04T16,CAL,California,NG,Net generation,12463,megawatthours,2026-01-04 16:00:00,12463.0
2026-01-04T16,CAL,California,TI,Total interchange,-9356,megawatthours,2026-01-04 16:00:00,-9356.0
2026-01-04T15,CAL,California,D,Demand,23111,megawatthours,2026-01-04 15:00:00,23111.0
2026-01-04T15,CAL,California,DF,Day-ahead demand forecast,23742,megawatthours,2026-01-04 15:00:00,23742.0
2026-01-04T15,CAL,California,NG,Net generation,12207,megawatthours,2026-01-04 15:00:00,12207.0
2026-01-04T15,CAL,California,TI,Total interchange,-9070,megawatthours,2026-01-04 15:00:00,-9070.0
2026-01-04T14,CAL,California,D,Demand,22654,megawatthours,2026-01-04 14:00:00,22654.0
2026-01-04T14,CAL,California,DF,Day-ahead demand forecast,22904,megawatthours,2026-01-04 14:00:00,22904.0
2026-01-04T14,CAL,California,NG,Net generation,11406,megawatthours,2026-01-04 14:00:00,11406.0
2026-01-04T14,CAL,California,TI,Total interchange,-9183,megawatthours,2026-01-04 14:00:00,-9183.0
2026-01-04T13,CAL,California,D,Demand,22680,megawatthours,2026-01-04 13:00:00,22680.0
2026-01-04T13,CAL,California,DF,Day-ahead demand forecast,22573,megawatthours,2026-01-04 13:00:00,22573.0
2026-01-04T13,CAL,California,NG,Net generation,10987,megawatthours,2026-01-04 13:00:00,10987.0
2026-01-04T13,CAL,California,TI,Total interchange,-9195,megawatthours,2026-01-04 13:00:00,-9195.0
2026-01-04T12,CAL,California,D,Demand,22390,megawatthours,2026-01-04 12:00:00,22390.0
2026-01-04T12,CAL,California,DF,Day-ahead demand forecast,22654,megawatthours,2026-01-04 12:00:00,22654.0
2026-01-04T12,CAL,California,NG,Net generation,10887,megawatthours,2026-01-04 12:00:00,10887.0
2026-01-04T12,CAL,California,TI,Total interchange,-9396,megawatthours,2026-01-04 12:00:00,-9396.0
2026-01-04T11,CAL,California,D,Demand,22375,megawatthours,2026-01-04 11:00:00,22375.0
2026-01-04T11,CAL,California,DF,Day-ahead demand forecast,23152,megawatthours,2026-01-04 11:00:00,23152.0
2026-01-04T11,CAL,California,NG,Net generation,11444,megawatthours,2026-01-04 11:00:00,11444.0
2026-01-04T11,CAL,California,TI,Total interchange,-9269,megawatthours,2026-01-04 11:00:00,-9269.0
2026-01-04T10,CAL,California,D,Demand,23140,megawatthours,2026-01-04 10:00:00,23140.0
2026-01-04T10,CAL,California,DF,Day-ahead demand forecast,24083,megawatthours,2026-01-04 10:00:00,24083.0
2026-01-04T10,CAL,California,NG,Net generation,12146,megawatthours,2026-01-04 10:00:00,12146.0
2026-01-04T10,CAL,California,TI,Total interchange,-9293,megawatthours,2026-01-04 10:00:00,-9293.0
2026-01-04T09,CAL,California,D,Demand,24227,megawatthours,2026-01-04 09:00:00,24227.0
2026-01-04T09,CAL,California,DF,Day-ahead demand forecast,24977,megawatthours,2026-01-04 09:00:00,24977.0
2026-01-04T09,CAL,California,NG,Net generation,12964,megawatthours,2026-01-04 09:00:00,12964.0
2026-01-04T09,CAL,California,TI,Total interchange,-9431,megawatthours,2026-01-04 09:00:00,-9431.0
2026-01-04T08,CAL,California,D,Demand,24808,megawatthours,2026-01-04 08:00:00,24808.0
2026-01-04T08,CAL,California,DF,Day-ahead demand forecast,24949,megawatthours,2026-01-04 08:00:00,24949.0
2026-01-04T08,CAL,California,NG,Net generation,13172,megawatthours,2026-01-04 08:00:00,13172.0
2026-01-04T08,CAL,California,TI,Total interchange,-9735,megawatthours,2026-01-04 08:00:00,-9735.0
2026-01-04T07,CAL,California,D,Demand,25542,megawatthours,2026-01-04 07:00:00,25542.0
2026-01-04T07,CAL,California,DF,Day-ahead demand forecast,26178,megawatthours,2026-01-04 07:00:00,26178.0
2026-01-04T07,CAL,California,NG,Net generation,14450,megawatthours,2026-01-04 07:00:00,14450.0
2026-01-04T07,CAL,California,TI,Total interchange,-9853,megawatthours,2026-01-04 07:00:00,-9853.0
2026-01-04T06,CAL,California,D,Demand,26396,megawatthours,2026-01-04 06:00:00,26396.0
2026-01-04T06,CAL,California,DF,Day-ahead demand forecast,27289,megawatthours,2026-01-04 06:00:00,27289.0
2026-01-04T06,CAL,California,NG,Net generation,16277,megawatthours,2026-01-04 06:00:00,16277.0
2026-01-04T06,CAL,California,TI,Total interchange,-8995,megawatthours,2026-01-04 06:00:00,-8995.0
2026-01-04T05,CAL,California,D,Demand,26817,megawatthours,2026-01-04 05:00:00,26817.0
2026-01-04T05,CAL,California,DF,Day-ahead demand forecast,27842,megawatthours,2026-01-04 05:00:00,27842.0
2026-01-04T05,CAL,California,NG,Net generation,16754,megawatthours,2026-01-04 05:00:00,16754.0
2026-01-04T05,CAL,California,TI,Total interchange,-8813,megawatthours,2026-01-04 05:00:00,-8813.0
2026-01-04T04,CAL,California,D,Demand,27092,megawatthours,2026-01-04 04:00:00,27092.0
2026-01-04T04,CAL,California,DF,Day-ahead demand forecast,28384,megawatthours,2026-01-04 04:00:00,28384.0
2026-01-04T04,CAL,California,NG,Net generation,17408,megawatthours,2026-01-04 04:00:00,17408.0
2026-01-04T04,CAL,California,TI,Total interchange,-8436,megawatthours,2026-01-04 04:00:00,-8436.0
2026-01-04T03,CAL,California,D,Demand,27554,megawatthours,2026-01-04 03:00:00,27554.0
2026-01-04T03,CAL,California,DF,Day-ahead demand forecast,28911,megawatthours,2026-01-04 03:00:00,28911.0
2026-01-04T03,CAL,California,NG,Net generation,17674,megawatthours,2026-01-04 03:00:00,17674.0
2026-01-04T03,CAL,California,TI,Total interchange,-8719,megawatthours,2026-01-04 03:00:00,-8719.0
2026-01-04T02,CAL,California,D,Demand,27907,megawatthours,2026-01-04 02:00:00,27907.0
2026-01-04T02,CAL,California,DF,Day-ahead demand forecast,28916,megawatthours,2026-01-04 02:00:00,28916.0
2026-01-04T02,CAL,California,NG,Net generation,17973,megawatthours,2026-01-04 02:00:00,17973.0
2026-01-04T02,CAL,California,TI,Total interchange,-8407,megawatthours,2026-01-04 02:00:00,-8407.0
2026-01-04T01,CAL,California,D,Demand,26223,megawatthours,2026-01-04 01:00:00,26223.0
2026-01-04T01,CAL,California,DF,Day-ahead demand forecast,26783,megawatthours,2026-01-04 01:00:00,26783.0
2026-01-04T01,CAL,California,NG,Net generation,17070,megawatthours,2026-01-04 01:00:00,17070.0
2026-01-04T01,CAL,California,TI,Total interchange,-7743,megawatthours,2026-01-04 01:00:00,-7743.0
2026-01-04T00,CAL,California,D,Demand,25506,megawatthours,2026-01-04 00:00:00,25506.0
2026-01-04T00,CAL,California,DF,Day-ahead demand forecast,25535,megawatthours,2026-01-04 00:00:00,25535.0
2026-01-04T00,CAL,California,NG,Net generation,16817,megawatthours,2026-01-04 00:00:00,16817.0
2026-01-04T00,CAL,California,TI,Total interchange,-6619,megawatthours,2026-01-04 00:00:00,-6619.0
2026-01-03T23,CAL,California,D,Demand,25621,megawatthours,2026-01-03 23:00:00,25621.0
2026-01-03T23,CAL,California,DF,Day-ahead demand forecast,24754,megawatthours,2026-01-03 23:00:00,24754.0
2026-01-03T23,CAL,California,NG,Net generation,16493,megawatthours,2026-01-03 23:00:00,16493.0
2026-01-03T23,CAL,California,TI,Total interchange,-5619,megawatthours,2026-01-03 23:00:00,-5619.0
2026-01-03T22,CAL,California,D,Demand,26146,megawatthours,2026-01-03 22:00:00,26146.0
2026-01-03T22,CAL,California,DF,Day-ahead demand forecast,24589,megawatthours,2026-01-03 22:00:00,24589.0
2026-01-03T22,CAL,California,NG,Net generation,15500,megawatthours,2026-01-03 22:00:00,15500.0
2026-01-03T22,CAL,California,TI,Total interchange,-6152,megawatthours,2026-01-03 22:00:00,-6152.0
2026-01-03T21,CAL,California,D,Demand,26766,megawatthours,2026-01-03 21:00:00,26766.0
2026-01-03T21,CAL,California,DF,Day-ahead demand forecast,24563,megawatthours,2026-01-03 21:00:00,24563.0
2026-01-03T21,CAL,California,NG,Net generation,14373,megawatthours,2026-01-03 21:00:00,14373.0
2026-01-03T21,CAL,California,TI,Total interchange,-7350,megawatthours,2026-01-03 21:00:00,-7350.0
2026-01-03T20,CAL,California,D,Demand,26265,megawatthours,2026-01-03 20:00:00,26265.0
2026-01-03T20,CAL,California,DF,Day-ahead demand forecast,24779,megawatthours,2026-01-03 20:00:00,24779.0
2026-01-03T20,CAL,California,NG,Net generation,14416,megawatthours,2026-01-03 20:00:00,14416.0
2026-01-03T20,CAL,California,TI,Total interchange,-7300,megawatthours,2026-01-03 20:00:00,-7300.0
2026-01-03T19,CAL,California,D,Demand,25695,megawatthours,2026-01-03 19:00:00,25695.0
2026-01-03T19,CAL,California,DF,Day-ahead demand forecast,25123,megawatthours,2026-01-03 19:00:00,25123.0
2026-01-03T19,CAL,California,NG,Net generation,14919,megawatthours,2026-01-03 19:00:00,14919.0
2026-01-03T19,CAL,California,TI,Total interchange,-7125,megawatthours,2026-01-03 19:00:00,-7125.0
2026-01-03T18,CAL,California,D,Demand,25146,megawatthours,2026-01-03 18:00:00,25146.0
2026-01-03T18,CAL,California,DF,Day-ahead demand forecast,25301,megawatthours,2026-01-03 18:00:00,25301.0
2026-01-03T18,CAL,California,NG,Net generation,14699,megawatthours,2026-01-03 18:00:00,14699.0
2026-01-03T18,CAL,California,TI,Total interchange,-7049,megawatthours,2026-01-03 18:00:00,-7049.0
2026-01-03T17,CAL,California,D,Demand,23961,megawatthours,2026-01-03 17:00:00,23961.0
2026-01-03T17,CAL,California,DF,Day-ahead demand forecast,25176,megawatthours,2026-01-03 17:00:00,25176.0
2026-01-03T17,CAL,California,NG,Net generation,14628,megawatthours,2026-01-03 17:00:00,14628.0
2026-01-03T17,CAL,California,TI,Total interchange,-7403,megawatthours,2026-01-03 17:00:00,-7403.0
2026-01-03T16,CAL,California,D,Demand,23425,megawatthours,2026-01-03 16:00:00,23425.0
2026-01-03T16,CAL,California,DF,Day-ahead demand forecast,24568,megawatthours,2026-01-03 16:00:00,24568.0
2026-01-03T16,CAL,California,NG,Net generation,14129,megawatthours,2026-01-03 16:00:00,14129.0
2026-01-03T16,CAL,California,TI,Total interchange,-7651,megawatthours,2026-01-03 16:00:00,-7651.0
2026-01-03T15,CAL,California,D,Demand,22469,megawatthours,2026-01-03 15:00:00,22469.0
2026-01-03T15,CAL,California,DF,Day-ahead demand forecast,23807,megawatthours,2026-01-03 15:00:00,23807.0
2026-01-03T15,CAL,California,NG,Net generation,13242,megawatthours,2026-01-03 15:00:00,13242.0
2026-01-03T15,CAL,California,TI,Total interchange,-8006,megawatthours,2026-01-03 15:00:00,-8006.0
2026-01-03T14,CAL,California,D,Demand,22342,megawatthours,2026-01-03 14:00:00,22342.0
2026-01-03T14,CAL,California,DF,Day-ahead demand forecast,22848,megawatthours,2026-01-03 14:00:00,22848.0
2026-01-03T14,CAL,California,NG,Net generation,11252,megawatthours,2026-01-03 14:00:00,11252.0
2026-01-03T14,CAL,California,TI,Total interchange,-9253,megawatthours,2026-01-03 14:00:00,-9253.0
2026-01-03T13,CAL,California,D,Demand,22318,megawatthours,2026-01-03 13:00:00,22318.0
2026-01-03T13,CAL,California,DF,Day-ahead demand forecast,22329,megawatthours,2026-01-03 13:00:00,22329.0
2026-01-03T13,CAL,California,NG,Net generation,10827,megawatthours,2026-01-03 13:00:00,10827.0
2026-01-03T13,CAL,California,TI,Total interchange,-9363,megawatthours,2026-01-03 13:00:00,-9363.0
2026-01-03T12,CAL,California,D,Demand,22172,megawatthours,2026-01-03 12:00:00,22172.0
2026-01-03T12,CAL,California,DF,Day-ahead demand forecast,22345,megawatthours,2026-01-03 12:00:00,22345.0
2026-01-03T12,CAL,California,NG,Net generation,10951,megawatthours,2026-01-03 12:00:00,10951.0
2026-01-03T12,CAL,California,TI,Total interchange,-9310,megawatthours,2026-01-03 12:00:00,-9310.0
2026-01-03T11,CAL,California,D,Demand,22231,megawatthours,2026-01-03 11:00:00,22231.0
2026-01-03T11,CAL,California,DF,Day-ahead demand forecast,22886,megawatthours,2026-01-03 11:00:00,22886.0
2026-01-03T11,CAL,California,NG,Net generation,11429,megawatthours,2026-01-03 11:00:00,11429.0
2026-01-03T11,CAL,California,TI,Total interchange,-9335,megawatthours,2026-01-03 11:00:00,-9335.0
2026-01-03T10,CAL,California,D,Demand,22901,megawatthours,2026-01-03 10:00:00,22901.0
2026-01-03T10,CAL,California,DF,Day-ahead demand forecast,23744,megawatthours,2026-01-03 10:00:00,23744.0
2026-01-03T10,CAL,California,NG,Net generation,12087,megawatthours,2026-01-03 10:00:00,12087.0
2026-01-03T10,CAL,California,TI,Total interchange,-9483,megawatthours,2026-01-03 10:00:00,-9483.0
2026-01-03T09,CAL,California,D,Demand,23784,megawatthours,2026-01-03 09:00:00,23784.0
2026-01-03T09,CAL,California,DF,Day-ahead demand forecast,24696,megawatthours,2026-01-03 09:00:00,24696.0
2026-01-03T09,CAL,California,NG,Net generation,12827,megawatthours,2026-01-03 09:00:00,12827.0
2026-01-03T09,CAL,California,TI,Total interchange,-9821,megawatthours,2026-01-03 09:00:00,-9821.0
2026-01-03T08,CAL,California,D,Demand,24134,megawatthours,2026-01-03 08:00:00,24134.0
2026-01-03T08,CAL,California,DF,Day-ahead demand forecast,24353,megawatthours,2026-01-03 08:00:00,24353.0
2026-01-03T08,CAL,California,NG,Net generation,14754,megawatthours,2026-01-03 08:00:00,14754.0
2026-01-03T08,CAL,California,TI,Total interchange,-9034,megawatthours,2026-01-03 08:00:00,-9034.0
2026-01-03T07,CAL,California,D,Demand,25553,megawatthours,2026-01-03 07:00:00,25553.0
2026-01-03T07,CAL,California,DF,Day-ahead demand forecast,25747,megawatthours,2026-01-03 07:00:00,25747.0
2026-01-03T07,CAL,California,NG,Net generation,15760,megawatthours,2026-01-03 07:00:00,15760.0
2026-01-03T07,CAL,California,TI,Total interchange,-9498,megawatthours,2026-01-03 07:00:00,-9498.0
2026-01-03T06,CAL,California,D,Demand,26636,megawatthours,2026-01-03 06:00:00,26636.0
2026-01-03T06,CAL,California,DF,Day-ahead demand forecast,26889,megawatthours,2026-01-03 06:00:00,26889.0
2026-01-03T06,CAL,California,NG,Net generation,17250,megawatthours,2026-01-03 06:00:00,17250.0
2026-01-03T06,CAL,California,TI,Total interchange,-9175,megawatthours,2026-01-03 06:00:00,-9175.0
2026-01-03T05,CAL,California,D,Demand,27224,megawatthours,2026-01-03 05:00:00,27224.0
2026-01-03T05,CAL,California,DF,Day-ahead demand forecast,27496,megawatthours,2026-01-03 05:00:00,27496.0
2026-01-03T05,CAL,California,NG,Net generation,18231,megawatthours,2026-01-03 05:00:00,18231.0
2026-01-03T05,CAL,California,TI,Total interchange,-8669,megawatthours,2026-01-03 05:00:00,-8669.0
2026-01-03T04,CAL,California,D,Demand,27778,megawatthours,2026-01-03 04:00:00,27778.0
2026-01-03T04,CAL,California,DF,Day-ahead demand forecast,28094,megawatthours,2026-01-03 04:00:00,28094.0
2026-01-03T04,CAL,California,NG,Net generation,18550,megawatthours,2026-01-03 04:00:00,18550.0
2026-01-03T04,CAL,California,TI,Total interchange,-8756,megawatthours,2026-01-03 04:00:00,-8756.0
2026-01-03T03,CAL,California,D,Demand,28285,megawatthours,2026-01-03 03:00:00,28285.0
2026-01-03T03,CAL,California,DF,Day-ahead demand forecast,28694,megawatthours,2026-01-03 03:00:00,28694.0
2026-01-03T03,CAL,California,NG,Net generation,19589,megawatthours,2026-01-03 03:00:00,19589.0
2026-01-03T03,CAL,California,TI,Total interchange,-8109,megawatthours,2026-01-03 03:00:00,-8109.0
2026-01-03T02,CAL,California,D,Demand,28674,megawatthours,2026-01-03 02:00:00,28674.0
2026-01-03T02,CAL,California,DF,Day-ahead demand forecast,28858,megawatthours,2026-01-03 02:00:00,28858.0
2026-01-03T02,CAL,California,NG,Net generation,20045,megawatthours,2026-01-03 02:00:00,20045.0
2026-01-03T02,CAL,California,TI,Total interchange,-7983,megawatthours,2026-01-03 02:00:00,-7983.0
2026-01-03T01,CAL,California,D,Demand,27428,megawatthours,2026-01-03 01:00:00,27428.0
2026-01-03T01,CAL,California,DF,Day-ahead demand forecast,27242,megawatthours,2026-01-03 01:00:00,27242.0
2026-01-03T01,CAL,California,NG,Net generation,18537,megawatthours,2026-01-03 01:00:00,18537.0
2026-01-03T01,CAL,California,TI,Total interchange,-8137,megawatthours,2026-01-03 01:00:00,-8137.0
2026-01-03T00,CAL,California,D,Demand,27322,megawatthours,2026-01-03 00:00:00,27322.0
2026-01-03T00,CAL,California,DF,Day-ahead demand forecast,26141,megawatthours,2026-01-03 00:00:00,26141.0
2026-01-03T00,CAL,California,NG,Net generation,17796,megawatthours,2026-01-03 00:00:00,17796.0
2026-01-03T00,CAL,California,TI,Total interchange,-7852,megawatthours,2026-01-03 00:00:00,-7852.0
2026-01-02T23,CAL,California,D,Demand,28344,megawatthours,2026-01-02 23:00:00,28344.0
2026-01-02T23,CAL,California,DF,Day-ahead demand forecast,25260,megawatthours,2026-01-02 23:00:00,25260.0
2026-01-02T23,CAL,California,NG,Net generation,16412,megawatthours,2026-01-02 23:00:00,16412.0
2026-01-02T23,CAL,California,TI,Total interchange,-8606,megawatthours,2026-01-02 23:00:00,-8606.0
2026-01-02T22,CAL,California,D,Demand,29231,megawatthours,2026-01-02 22:00:00,29231.0
2026-01-02T22,CAL,California,DF,Day-ahead demand forecast,24739,megawatthours,2026-01-02 22:00:00,24739.0
2026-01-02T22,CAL,California,NG,Net generation,15195,megawatthours,2026-01-02 22:00:00,15195.0
2026-01-02T22,CAL,California,TI,Total interchange,-8666,megawatthours,2026-01-02 22:00:00,-8666.0
2026-01-02T21,CAL,California,D,Demand,28361,megawatthours,2026-01-02 21:00:00,28361.0
2026-01-02T21,CAL,California,DF,Day-ahead demand forecast,24323,megawatthours,2026-01-02 21:00:00,24323.0
2026-01-02T21,CAL,California,NG,Net generation,16650,megawatthours,2026-01-02 21:00:00,16650.0
2026-01-02T21,CAL,California,TI,Total interchange,-6317,megawatthours,2026-01-02 21:00:00,-6317.0
2026-01-02T20,CAL,California,D,Demand,28227,megawatthours,2026-01-02 20:00:00,28227.0
2026-01-02T20,CAL,California,DF,Day-ahead demand forecast,24369,megawatthours,2026-01-02 20:00:00,24369.0
2026-01-02T20,CAL,California,NG,Net generation,16726,megawatthours,2026-01-02 20:00:00,16726.0
2026-01-02T20,CAL,California,TI,Total interchange,-5608,megawatthours,2026-01-02 20:00:00,-5608.0
2026-01-02T19,CAL,California,D,Demand,27511,megawatthours,2026-01-02 19:00:00,27511.0
2026-01-02T19,CAL,California,DF,Day-ahead demand forecast,25113,megawatthours,2026-01-02 19:00:00,25113.0
2026-01-02T19,CAL,California,NG,Net generation,16286,megawatthours,2026-01-02 19:00:00,16286.0
2026-01-02T19,CAL,California,TI,Total interchange,-5927,megawatthours,2026-01-02 19:00:00,-5927.0
2026-01-02T18,CAL,California,D,Demand,26499,megawatthours,2026-01-02 18:00:00,26499.0
2026-01-02T18,CAL,California,DF,Day-ahead demand forecast,26344,megawatthours,2026-01-02 18:00:00,26344.0
2026-01-02T18,CAL,California,NG,Net generation,17034,megawatthours,2026-01-02 18:00:00,17034.0
2026-01-02T18,CAL,California,TI,Total interchange,-5402,megawatthours,2026-01-02 18:00:00,-5402.0
2026-01-02T17,CAL,California,D,Demand,25415,megawatthours,2026-01-02 17:00:00,25415.0
2026-01-02T17,CAL,California,DF,Day-ahead demand forecast,27397,megawatthours,2026-01-02 17:00:00,27397.0
2026-01-02T17,CAL,California,NG,Net generation,16990,megawatthours,2026-01-02 17:00:00,16990.0
2026-01-02T17,CAL,California,TI,Total interchange,-6315,megawatthours,2026-01-02 17:00:00,-6315.0
2026-01-02T16,CAL,California,D,Demand,24358,megawatthours,2026-01-02 16:00:00,24358.0
2026-01-02T16,CAL,California,DF,Day-ahead demand forecast,27513,megawatthours,2026-01-02 16:00:00,27513.0
2026-01-02T16,CAL,California,NG,Net generation,17298,megawatthours,2026-01-02 16:00:00,17298.0
2026-01-02T16,CAL,California,TI,Total interchange,-6688,megawatthours,2026-01-02 16:00:00,-6688.0
2026-01-02T15,CAL,California,D,Demand,23562,megawatthours,2026-01-02 15:00:00,23562.0
2026-01-02T15,CAL,California,DF,Day-ahead demand forecast,25852,megawatthours,2026-01-02 15:00:00,25852.0
2026-01-02T15,CAL,California,NG,Net generation,15933,megawatthours,2026-01-02 15:00:00,15933.0
2026-01-02T15,CAL,California,TI,Total interchange,-7347,megawatthours,2026-01-02 15:00:00,-7347.0
2026-01-02T14,CAL,California,D,Demand,22246,megawatthours,2026-01-02 14:00:00,22246.0
2026-01-02T14,CAL,California,DF,Day-ahead demand forecast,23612,megawatthours,2026-01-02 14:00:00,23612.0
