period,respondent,respondent-name,type,type-name,value,value-units,datetime,demand_MW
2026-03-04T01,FLA,Florida,DF,Day-ahead demand forecast,29960,megawatthours,2026-03-04 01:00:00,29960.0
2026-03-04T00,FLA,Florida,D,Demand,32199,megawatthours,2026-03-04 00:00:00,32199.0
2026-03-04T00,FLA,Florida,DF,Day-ahead demand forecast,30836,megawatthours,2026-03-04 00:00:00,30836.0
2026-03-03T23,FLA,Florida,D,Demand,32050,megawatthours,2026-03-03 23:00:00,32050.0
2026-03-03T23,FLA,Florida,DF,Day-ahead demand forecast,30542,megawatthours,2026-03-03 23:00:00,30542.0
2026-03-03T22,FLA,Florida,D,Demand,31919,megawatthours,2026-03-03 22:00:00,31919.0
2026-03-03T22,FLA,Florida,DF,Day-ahead demand forecast,30524,megawatthours,2026-03-03 22:00:00,30524.0
2026-03-03T21,FLA,Florida,D,Demand,31509,megawatthours,2026-03-03 21:00:00,31509.0
2026-03-03T21,FLA,Florida,DF,Day-ahead demand forecast,30270,megawatthours,2026-03-03 21:00:00,30270.0
2026-03-03T20,FLA,Florida,D,Demand,30933,megawatthours,2026-03-03 20:00:00,30933.0
2026-03-03T20,FLA,Florida,DF,Day-ahead demand forecast,29438,megawatthours,2026-03-03 20:00:00,29438.0
2026-03-03T19,FLA,Florida,D,Demand,30305,megawatthours,2026-03-03 19:00:00,30305.0
2026-03-03T19,FLA,Florida,DF,Day-ahead demand forecast,28773,megawatthours,2026-03-03 19:00:00,28773.0
2026-03-03T18,FLA,Florida,D,Demand,29395,megawatthours,2026-03-03 18:00:00,29395.0
2026-03-03T18,FLA,Florida,DF,Day-ahead demand forecast,28060,megawatthours,2026-03-03 18:00:00,28060.0
2026-03-03T17,FLA,Florida,D,Demand,28332,megawatthours,2026-03-03 17:00:00,28332.0
2026-03-03T17,FLA,Florida,DF,Day-ahead demand forecast,27083,megawatthours,2026-03-03 17:00:00,27083.0
2026-03-03T16,FLA,Florida,D,Demand,27497,megawatthours,2026-03-03 16:00:00,27497.0
2026-03-03T16,FLA,Florida,DF,Day-ahead demand forecast,26114,megawatthours,2026-03-03 16:00:00,26114.0
2026-03-03T15,FLA,Florida,D,Demand,26277,megawatthours,2026-03-03 15:00:00,26277.0
2026-03-03T15,FLA,Florida,DF,Day-ahead demand forecast,24926,megawatthours,2026-03-03 15:00:00,24926.0
2026-03-03T14,FLA,Florida,D,Demand,24873,megawatthours,2026-03-03 14:00:00,24873.0
2026-03-03T14,FLA,Florida,DF,Day-ahead demand forecast,23473,megawatthours,2026-03-03 14:00:00,23473.0
2026-03-03T13,FLA,Florida,D,Demand,23584,megawatthours,2026-03-03 13:00:00,23584.0
2026-03-03T13,FLA,Florida,DF,Day-ahead demand forecast,22112,megawatthours,2026-03-03 13:00:00,22112.0
2026-03-03T12,FLA,Florida,D,Demand,22080,megawatthours,2026-03-03 12:00:00,22080.0
2026-03-03T12,FLA,Florida,DF,Day-ahead demand forecast,20913,megawatthours,2026-03-03 12:00:00,20913.0
2026-03-03T11,FLA,Florida,D,Demand,19722,megawatthours,2026-03-03 11:00:00,19722.0
2026-03-03T11,FLA,Florida,DF,Day-ahead demand forecast,18987,megawatthours,2026-03-03 11:00:00,18987.0
2026-03-03T10,FLA,Florida,D,Demand,18486,megawatthours,2026-03-03 10:00:00,18486.0
2026-03-03T10,FLA,Florida,DF,Day-ahead demand forecast,17384,megawatthours,2026-03-03 10:00:00,17384.0
2026-03-03T09,FLA,Florida,D,Demand,18434,megawatthours,2026-03-03 09:00:00,18434.0
2026-03-03T09,FLA,Florida,DF,Day-ahead demand forecast,16938,megawatthours,2026-03-03 09:00:00,16938.0
2026-03-03T08,FLA,Florida,D,Demand,18974,megawatthours,2026-03-03 08:00:00,18974.0
2026-03-03T08,FLA,Florida,DF,Day-ahead demand forecast,17209,megawatthours,2026-03-03 08:00:00,17209.0
2026-03-03T07,FLA,Florida,D,Demand,19784,megawatthours,2026-03-03 07:00:00,19784.0
2026-03-03T07,FLA,Florida,DF,Day-ahead demand forecast,17974,megawatthours,2026-03-03 07:00:00,17974.0
2026-03-03T06,FLA,Florida,D,Demand,21279,megawatthours,2026-03-03 06:00:00,21279.0
2026-03-03T06,FLA,Florida,DF,Day-ahead demand forecast,19125,megawatthours,2026-03-03 06:00:00,19125.0
2026-03-03T05,FLA,Florida,D,Demand,23614,megawatthours,2026-03-03 05:00:00,23614.0
2026-03-03T05,FLA,Florida,DF,Day-ahead demand forecast,20539,megawatthours,2026-03-03 05:00:00,20539.0
2026-03-03T04,FLA,Florida,D,Demand,26330,megawatthours,2026-03-03 04:00:00,26330.0
2026-03-03T04,FLA,Florida,DF,Day-ahead demand forecast,22864,megawatthours,2026-03-03 04:00:00,22864.0
2026-03-03T04,FLA,Florida,NG,Net generation,26025,megawatthours,2026-03-03 04:00:00,26025.0
2026-03-03T04,FLA,Florida,TI,Total interchange,-292,megawatthours,2026-03-03 04:00:00,-292.0
2026-03-03T03,FLA,Florida,D,Demand,28811,megawatthours,2026-03-03 03:00:00,28811.0
2026-03-03T03,FLA,Florida,DF,Day-ahead demand forecast,25169,megawatthours,2026-03-03 03:00:00,25169.0
2026-03-03T03,FLA,Florida,NG,Net generation,28421,megawatthours,2026-03-03 03:00:00,28421.0
2026-03-03T03,FLA,Florida,TI,Total interchange,-379,megawatthours,2026-03-03 03:00:00,-379.0
2026-03-03T02,FLA,Florida,D,Demand,30910,megawatthours,2026-03-03 02:00:00,30910.0
2026-03-03T02,FLA,Florida,DF,Day-ahead demand forecast,27154,megawatthours,2026-03-03 02:00:00,27154.0
2026-03-03T02,FLA,Florida,NG,Net generation,30496,megawatthours,2026-03-03 02:00:00,30496.0
2026-03-03T02,FLA,Florida,TI,Total interchange,-403,megawatthours,2026-03-03 02:00:00,-403.0
2026-03-03T01,FLA,Florida,D,Demand,32391,megawatthours,2026-03-03 01:00:00,32391.0
2026-03-03T01,FLA,Florida,DF,Day-ahead demand forecast,28778,megawatthours,2026-03-03 01:00:00,28778.0
2026-03-03T01,FLA,Florida,NG,Net generation,31923,megawatthours,2026-03-03 01:00:00,31923.0
2026-03-03T01,FLA,Florida,TI,Total interchange,-460,megawatthours,2026-03-03 01:00:00,-460.0
2026-03-03T00,FLA,Florida,D,Demand,32252,megawatthours,2026-03-03 00:00:00,32252.0
2026-03-03T00,FLA,Florida,DF,Day-ahead demand forecast,29669,megawatthours,2026-03-03 00:00:00,29669.0
2026-03-03T00,FLA,Florida,NG,Net generation,31836,megawatthours,2026-03-03 00:00:00,31836.0
2026-03-03T00,FLA,Florida,TI,Total interchange,-406,megawatthours,2026-03-03 00:00:00,-406.0
2026-03-02T23,FLA,Florida,D,Demand,32532,megawatthours,2026-03-02 23:00:00,32532.0
2026-03-02T23,FLA,Florida,DF,Day-ahead demand forecast,29303,megawatthours,2026-03-02 23:00:00,29303.0
2026-03-02T23,FLA,Florida,NG,Net generation,32125,megawatthours,2026-03-02 23:00:00,32125.0
2026-03-02T23,FLA,Florida,TI,Total interchange,-396,megawatthours,2026-03-02 23:00:00,-396.0
2026-03-02T22,FLA,Florida,D,Demand,32761,megawatthours,2026-03-02 22:00:00,32761.0
2026-03-02T22,FLA,Florida,DF,Day-ahead demand forecast,29121,megawatthours,2026-03-02 22:00:00,29121.0
2026-03-02T22,FLA,Florida,NG,Net generation,32536,megawatthours,2026-03-02 22:00:00,32536.0
2026-03-02T22,FLA,Florida,TI,Total interchange,-216,megawatthours,2026-03-02 22:00:00,-216.0
2026-03-02T21,FLA,Florida,D,Demand,32118,megawatthours,2026-03-02 21:00:00,32118.0
2026-03-02T21,FLA,Florida,DF,Day-ahead demand forecast,28614,megawatthours,2026-03-02 21:00:00,28614.0
2026-03-02T21,FLA,Florida,NG,Net generation,31733,megawatthours,2026-03-02 21:00:00,31733.0
2026-03-02T21,FLA,Florida,TI,Total interchange,-375,megawatthours,2026-03-02 21:00:00,-375.0
2026-03-02T20,FLA,Florida,D,Demand,30942,megawatthours,2026-03-02 20:00:00,30942.0
2026-03-02T20,FLA,Florida,DF,Day-ahead demand forecast,28021,megawatthours,2026-03-02 20:00:00,28021.0
2026-03-02T20,FLA,Florida,NG,Net generation,30639,megawatthours,2026-03-02 20:00:00,30639.0
2026-03-02T20,FLA,Florida,TI,Total interchange,-294,megawatthours,2026-03-02 20:00:00,-294.0
2026-03-02T19,FLA,Florida,D,Demand,30026,megawatthours,2026-03-02 19:00:00,30026.0
2026-03-02T19,FLA,Florida,DF,Day-ahead demand forecast,27286,megawatthours,2026-03-02 19:00:00,27286.0
2026-03-02T19,FLA,Florida,NG,Net generation,29636,megawatthours,2026-03-02 19:00:00,29636.0
2026-03-02T19,FLA,Florida,TI,Total interchange,-383,megawatthours,2026-03-02 19:00:00,-383.0
2026-03-02T18,FLA,Florida,D,Demand,28924,megawatthours,2026-03-02 18:00:00,28924.0
2026-03-02T18,FLA,Florida,DF,Day-ahead demand forecast,26599,megawatthours,2026-03-02 18:00:00,26599.0
2026-03-02T18,FLA,Florida,NG,Net generation,28834,megawatthours,2026-03-02 18:00:00,28834.0
2026-03-02T18,FLA,Florida,TI,Total interchange,-82,megawatthours,2026-03-02 18:00:00,-82.0
2026-03-02T17,FLA,Florida,D,Demand,27680,megawatthours,2026-03-02 17:00:00,27680.0
2026-03-02T17,FLA,Florida,DF,Day-ahead demand forecast,25880,megawatthours,2026-03-02 17:00:00,25880.0
2026-03-02T17,FLA,Florida,NG,Net generation,27539,megawatthours,2026-03-02 17:00:00,27539.0
2026-03-02T17,FLA,Florida,TI,Total interchange,-132,megawatthours,2026-03-02 17:00:00,-132.0
2026-03-02T16,FLA,Florida,D,Demand,26833,megawatthours,2026-03-02 16:00:00,26833.0
2026-03-02T16,FLA,Florida,DF,Day-ahead demand forecast,24986,megawatthours,2026-03-02 16:00:00,24986.0
2026-03-02T16,FLA,Florida,NG,Net generation,26690,megawatthours,2026-03-02 16:00:00,26690.0
2026-03-02T16,FLA,Florida,TI,Total interchange,-132,megawatthours,2026-03-02 16:00:00,-132.0
2026-03-02T15,FLA,Florida,D,Demand,26046,megawatthours,2026-03-02 15:00:00,26046.0
2026-03-02T15,FLA,Florida,DF,Day-ahead demand forecast,24044,megawatthours,2026-03-02 15:00:00,24044.0
2026-03-02T15,FLA,Florida,NG,Net generation,25993,megawatthours,2026-03-02 15:00:00,25993.0
2026-03-02T15,FLA,Florida,TI,Total interchange,-42,megawatthours,2026-03-02 15:00:00,-42.0
2026-03-02T14,FLA,Florida,D,Demand,25218,megawatthours,2026-03-02 14:00:00,25218.0
2026-03-02T14,FLA,Florida,DF,Day-ahead demand forecast,23057,megawatthours,2026-03-02 14:00:00,23057.0
2026-03-02T14,FLA,Florida,NG,Net generation,25152,megawatthours,2026-03-02 14:00:00,25152.0
2026-03-02T14,FLA,Florida,TI,Total interchange,-57,megawatthours,2026-03-02 14:00:00,-57.0
2026-03-02T13,FLA,Florida,D,Demand,24004,megawatthours,2026-03-02 13:00:00,24004.0
2026-03-02T13,FLA,Florida,DF,Day-ahead demand forecast,22053,megawatthours,2026-03-02 13:00:00,22053.0
2026-03-02T13,FLA,Florida,NG,Net generation,23700,megawatthours,2026-03-02 13:00:00,23700.0
2026-03-02T13,FLA,Florida,TI,Total interchange,-295,megawatthours,2026-03-02 13:00:00,-295.0
2026-03-02T12,FLA,Florida,D,Demand,22226,megawatthours,2026-03-02 12:00:00,22226.0
2026-03-02T12,FLA,Florida,DF,Day-ahead demand forecast,20839,megawatthours,2026-03-02 12:00:00,20839.0
2026-03-02T12,FLA,Florida,NG,Net generation,21840,megawatthours,2026-03-02 12:00:00,21840.0
2026-03-02T12,FLA,Florida,TI,Total interchange,-377,megawatthours,2026-03-02 12:00:00,-377.0
2026-03-02T11,FLA,Florida,D,Demand,20008,megawatthours,2026-03-02 11:00:00,20008.0
2026-03-02T11,FLA,Florida,DF,Day-ahead demand forecast,18907,megawatthours,2026-03-02 11:00:00,18907.0
2026-03-02T11,FLA,Florida,NG,Net generation,19694,megawatthours,2026-03-02 11:00:00,19694.0
2026-03-02T11,FLA,Florida,TI,Total interchange,-305,megawatthours,2026-03-02 11:00:00,-305.0
2026-03-02T10,FLA,Florida,D,Demand,18608,megawatthours,2026-03-02 10:00:00,18608.0
2026-03-02T10,FLA,Florida,DF,Day-ahead demand forecast,17212,megawatthours,2026-03-02 10:00:00,17212.0
2026-03-02T10,FLA,Florida,NG,Net generation,18441,megawatthours,2026-03-02 10:00:00,18441.0
2026-03-02T10,FLA,Florida,TI,Total interchange,-157,megawatthours,2026-03-02 10:00:00,-157.0
2026-03-02T09,FLA,Florida,D,Demand,18280,megawatthours,2026-03-02 09:00:00,18280.0
2026-03-02T09,FLA,Florida,DF,Day-ahead demand forecast,16676,megawatthours,2026-03-02 09:00:00,16676.0
2026-03-02T09,FLA,Florida,NG,Net generation,18153,megawatthours,2026-03-02 09:00:00,18153.0
2026-03-02T09,FLA,Florida,TI,Total interchange,-118,megawatthours,2026-03-02 09:00:00,-118.0
2026-03-02T08,FLA,Florida,D,Demand,18500,megawatthours,2026-03-02 08:00:00,18500.0
2026-03-02T08,FLA,Florida,DF,Day-ahead demand forecast,16855,megawatthours,2026-03-02 08:00:00,16855.0
2026-03-02T08,FLA,Florida,NG,Net generation,18385,megawatthours,2026-03-02 08:00:00,18385.0
2026-03-02T08,FLA,Florida,TI,Total interchange,-110,megawatthours,2026-03-02 08:00:00,-110.0
2026-03-02T07,FLA,Florida,D,Demand,19168,megawatthours,2026-03-02 07:00:00,19168.0
2026-03-02T07,FLA,Florida,DF,Day-ahead demand forecast,17568,megawatthours,2026-03-02 07:00:00,17568.0
2026-03-02T07,FLA,Florida,NG,Net generation,19027,megawatthours,2026-03-02 07:00:00,19027.0
2026-03-02T07,FLA,Florida,TI,Total interchange,-131,megawatthours,2026-03-02 07:00:00,-131.0
2026-03-02T06,FLA,Florida,D,Demand,20504,megawatthours,2026-03-02 06:00:00,20504.0
2026-03-02T06,FLA,Florida,DF,Day-ahead demand forecast,18702,megawatthours,2026-03-02 06:00:00,18702.0
2026-03-02T06,FLA,Florida,NG,Net generation,20248,megawatthours,2026-03-02 06:00:00,20248.0
2026-03-02T06,FLA,Florida,TI,Total interchange,-249,megawatthours,2026-03-02 06:00:00,-249.0
2026-03-02T05,FLA,Florida,D,Demand,22500,megawatthours,2026-03-02 05:00:00,22500.0
2026-03-02T05,FLA,Florida,DF,Day-ahead demand forecast,19793,megawatthours,2026-03-02 05:00:00,19793.0
2026-03-02T05,FLA,Florida,NG,Net generation,22079,megawatthours,2026-03-02 05:00:00,22079.0
2026-03-02T05,FLA,Florida,TI,Total interchange,-408,megawatthours,2026-03-02 05:00:00,-408.0
2026-03-02T04,FLA,Florida,D,Demand,25007,megawatthours,2026-03-02 04:00:00,25007.0
2026-03-02T04,FLA,Florida,DF,Day-ahead demand forecast,21644,megawatthours,2026-03-02 04:00:00,21644.0
2026-03-02T04,FLA,Florida,NG,Net generation,24402,megawatthours,2026-03-02 04:00:00,24402.0
2026-03-02T04,FLA,Florida,TI,Total interchange,-596,megawatthours,2026-03-02 04:00:00,-596.0
2026-03-02T03,FLA,Florida,D,Demand,27241,megawatthours,2026-03-02 03:00:00,27241.0
2026-03-02T03,FLA,Florida,DF,Day-ahead demand forecast,23548,megawatthours,2026-03-02 03:00:00,23548.0
2026-03-02T03,FLA,Florida,NG,Net generation,26592,megawatthours,2026-03-02 03:00:00,26592.0
2026-03-02T03,FLA,Florida,TI,Total interchange,-638,megawatthours,2026-03-02 03:00:00,-638.0
2026-03-02T02,FLA,Florida,D,Demand,28925,megawatthours,2026-03-02 02:00:00,28925.0
2026-03-02T02,FLA,Florida,DF,Day-ahead demand forecast,25232,megawatthours,2026-03-02 02:00:00,25232.0
2026-03-02T02,FLA,Florida,NG,Net generation,28401,megawatthours,2026-03-02 02:00:00,28401.0
2026-03-02T02,FLA,Florida,TI,Total interchange,-515,megawatthours,2026-03-02 02:00:00,-515.0
2026-03-02T01,FLA,Florida,D,Demand,29819,megawatthours,2026-03-02 01:00:00,29819.0
2026-03-02T01,FLA,Florida,DF,Day-ahead demand forecast,26521,megawatthours,2026-03-02 01:00:00,26521.0
2026-03-02T01,FLA,Florida,NG,Net generation,29164,megawatthours,2026-03-02 01:00:00,29164.0
2026-03-02T01,FLA,Florida,TI,Total interchange,-642,megawatthours,2026-03-02 01:00:00,-642.0
2026-03-02T00,FLA,Florida,D,Demand,29692,megawatthours,2026-03-02 00:00:00,29692.0
2026-03-02T00,FLA,Florida,DF,Day-ahead demand forecast,27315,megawatthours,2026-03-02 00:00:00,27315.0
2026-03-02T00,FLA,Florida,NG,Net generation,29000,megawatthours,2026-03-02 00:00:00,29000.0
2026-03-02T00,FLA,Florida,TI,Total interchange,-685,megawatthours,2026-03-02 00:00:00,-685.0
2026-03-01T23,FLA,Florida,D,Demand,29872,megawatthours,2026-03-01 23:00:00,29872.0
2026-03-01T23,FLA,Florida,DF,Day-ahead demand forecast,27116,megawatthours,2026-03-01 23:00:00,27116.0
2026-03-01T23,FLA,Florida,NG,Net generation,29240,megawatthours,2026-03-01 23:00:00,29240.0
2026-03-01T23,FLA,Florida,TI,Total interchange,-620,megawatthours,2026-03-01 23:00:00,-620.0
2026-03-01T22,FLA,Florida,D,Demand,29821,megawatthours,2026-03-01 22:00:00,29821.0
2026-03-01T22,FLA,Florida,DF,Day-ahead demand forecast,26939,megawatthours,2026-03-01 22:00:00,26939.0
2026-03-01T22,FLA,Florida,NG,Net generation,29292,megawatthours,2026-03-01 22:00:00,29292.0
2026-03-01T22,FLA,Florida,TI,Total interchange,-521,megawatthours,2026-03-01 22:00:00,-521.0
2026-03-01T21,FLA,Florida,D,Demand,29162,megawatthours,2026-03-01 21:00:00,29162.0
2026-03-01T21,FLA,Florida,DF,Day-ahead demand forecast,26504,megawatthours,2026-03-01 21:00:00,26504.0
2026-03-01T21,FLA,Florida,NG,Net generation,28756,megawatthours,2026-03-01 21:00:00,28756.0
2026-03-01T21,FLA,Florida,TI,Total interchange,-397,megawatthours,2026-03-01 21:00:00,-397.0
2026-03-01T20,FLA,Florida,D,Demand,28478,megawatthours,2026-03-01 20:00:00,28478.0
2026-03-01T20,FLA,Florida,DF,Day-ahead demand forecast,25943,megawatthours,2026-03-01 20:00:00,25943.0
2026-03-01T20,FLA,Florida,NG,Net generation,28086,megawatthours,2026-03-01 20:00:00,28086.0
2026-03-01T20,FLA,Florida,TI,Total interchange,-382,megawatthours,2026-03-01 20:00:00,-382.0
2026-03-01T19,FLA,Florida,D,Demand,27889,megawatthours,2026-03-01 19:00:00,27889.0
2026-03-01T19,FLA,Florida,DF,Day-ahead demand forecast,25433,megawatthours,2026-03-01 19:00:00,25433.0
2026-03-01T19,FLA,Florida,NG,Net generation,27505,megawatthours,2026-03-01 19:00:00,27505.0
2026-03-01T19,FLA,Florida,TI,Total interchange,-372,megawatthours,2026-03-01 19:00:00,-372.0
2026-03-01T18,FLA,Florida,D,Demand,27387,megawatthours,2026-03-01 18:00:00,27387.0
2026-03-01T18,FLA,Florida,DF,Day-ahead demand forecast,24694,megawatthours,2026-03-01 18:00:00,24694.0
2026-03-01T18,FLA,Florida,NG,Net generation,26987,megawatthours,2026-03-01 18:00:00,26987.0
2026-03-01T18,FLA,Florida,TI,Total interchange,-391,megawatthours,2026-03-01 18:00:00,-391.0
2026-03-01T17,FLA,Florida,D,Demand,26484,megawatthours,2026-03-01 17:00:00,26484.0
2026-03-01T17,FLA,Florida,DF,Day-ahead demand forecast,24024,megawatthours,2026-03-01 17:00:00,24024.0
2026-03-01T17,FLA,Florida,NG,Net generation,26198,megawatthours,2026-03-01 17:00:00,26198.0
2026-03-01T17,FLA,Florida,TI,Total interchange,-279,megawatthours,2026-03-01 17:00:00,-279.0
2026-03-01T16,FLA,Florida,D,Demand,25721,megawatthours,2026-03-01 16:00:00,25721.0
2026-03-01T16,FLA,Florida,DF,Day-ahead demand forecast,23261,megawatthours,2026-03-01 16:00:00,23261.0
2026-03-01T16,FLA,Florida,NG,Net generation,25491,megawatthours,2026-03-01 16:00:00,25491.0
2026-03-01T16,FLA,Florida,TI,Total interchange,-225,megawatthours,2026-03-01 16:00:00,-225.0
2026-03-01T15,FLA,Florida,D,Demand,24832,megawatthours,2026-03-01 15:00:00,24832.0
2026-03-01T15,FLA,Florida,DF,Day-ahead demand forecast,22495,megawatthours,2026-03-01 15:00:00,22495.0
2026-03-01T15,FLA,Florida,NG,Net generation,24657,megawatthours,2026-03-01 15:00:00,24657.0
2026-03-01T15,FLA,Florida,TI,Total interchange,-163,megawatthours,2026-03-01 15:00:00,-163.0
2026-03-01T14,FLA,Florida,D,Demand,22852,megawatthours,2026-03-01 14:00:00,22852.0
2026-03-01T14,FLA,Florida,DF,Day-ahead demand forecast,21195,megawatthours,2026-03-01 14:00:00,21195.0
2026-03-01T14,FLA,Florida,NG,Net generation,22473,megawatthours,2026-03-01 14:00:00,22473.0
2026-03-01T14,FLA,Florida,TI,Total interchange,-367,megawatthours,2026-03-01 14:00:00,-367.0
2026-03-01T13,FLA,Florida,D,Demand,20606,megawatthours,2026-03-01 13:00:00,20606.0
2026-03-01T13,FLA,Florida,DF,Day-ahead demand forecast,19231,megawatthours,2026-03-01 13:00:00,19231.0
2026-03-01T13,FLA,Florida,NG,Net generation,20157,megawatthours,2026-03-01 13:00:00,20157.0
2026-03-01T13,FLA,Florida,TI,Total interchange,-440,megawatthours,2026-03-01 13:00:00,-440.0
2026-03-01T12,FLA,Florida,D,Demand,19249,megawatthours,2026-03-01 12:00:00,19249.0
2026-03-01T12,FLA,Florida,DF,Day-ahead demand forecast,17781,megawatthours,2026-03-01 12:00:00,17781.0
2026-03-01T12,FLA,Florida,NG,Net generation,18935,megawatthours,2026-03-01 12:00:00,18935.0
2026-03-01T12,FLA,Florida,TI,Total interchange,-308,megawatthours,2026-03-01 12:00:00,-308.0
2026-03-01T11,FLA,Florida,D,Demand,18393,megawatthours,2026-03-01 11:00:00,18393.0
2026-03-01T11,FLA,Florida,DF,Day-ahead demand forecast,16933,megawatthours,2026-03-01 11:00:00,16933.0
2026-03-01T11,FLA,Florida,NG,Net generation,18317,megawatthours,2026-03-01 11:00:00,18317.0
2026-03-01T11,FLA,Florida,TI,Total interchange,-70,megawatthours,2026-03-01 11:00:00,-70.0
2026-03-01T10,FLA,Florida,D,Demand,18128,megawatthours,2026-03-01 10:00:00,18128.0
2026-03-01T10,FLA,Florida,DF,Day-ahead demand forecast,16561,megawatthours,2026-03-01 10:00:00,16561.0
2026-03-01T10,FLA,Florida,NG,Net generation,18063,megawatthours,2026-03-01 10:00:00,18063.0
2026-03-01T10,FLA,Florida,TI,Total interchange,-58,megawatthours,2026-03-01 10:00:00,-58.0
2026-03-01T09,FLA,Florida,D,Demand,18294,megawatthours,2026-03-01 09:00:00,18294.0
2026-03-01T09,FLA,Florida,DF,Day-ahead demand forecast,16614,megawatthours,2026-03-01 09:00:00,16614.0
2026-03-01T09,FLA,Florida,NG,Net generation,18201,megawatthours,2026-03-01 09:00:00,18201.0
2026-03-01T09,FLA,Florida,TI,Total interchange,-86,megawatthours,2026-03-01 09:00:00,-86.0
2026-03-01T08,FLA,Florida,D,Demand,18806,megawatthours,2026-03-01 08:00:00,18806.0
2026-03-01T08,FLA,Florida,DF,Day-ahead demand forecast,16984,megawatthours,2026-03-01 08:00:00,16984.0
2026-03-01T08,FLA,Florida,NG,Net generation,18702,megawatthours,2026-03-01 08:00:00,18702.0
2026-03-01T08,FLA,Florida,TI,Total interchange,-98,megawatthours,2026-03-01 08:00:00,-98.0
2026-03-01T07,FLA,Florida,D,Demand,19537,megawatthours,2026-03-01 07:00:00,19537.0
2026-03-01T07,FLA,Florida,DF,Day-ahead demand forecast,17811,megawatthours,2026-03-01 07:00:00,17811.0
2026-03-01T07,FLA,Florida,NG,Net generation,19283,megawatthours,2026-03-01 07:00:00,19283.0
2026-03-01T07,FLA,Florida,TI,Total interchange,-244,megawatthours,2026-03-01 07:00:00,-244.0
2026-03-01T06,FLA,Florida,D,Demand,21032,megawatthours,2026-03-01 06:00:00,21032.0
2026-03-01T06,FLA,Florida,DF,Day-ahead demand forecast,18937,megawatthours,2026-03-01 06:00:00,18937.0
2026-03-01T06,FLA,Florida,NG,Net generation,20912,megawatthours,2026-03-01 06:00:00,20912.0
2026-03-01T06,FLA,Florida,TI,Total interchange,-107,megawatthours,2026-03-01 06:00:00,-107.0
2026-03-01T05,FLA,Florida,D,Demand,22906,megawatthours,2026-03-01 05:00:00,22906.0
2026-03-01T05,FLA,Florida,DF,Day-ahead demand forecast,20148,megawatthours,2026-03-01 05:00:00,20148.0
2026-03-01T05,FLA,Florida,NG,Net generation,23041,megawatthours,2026-03-01 05:00:00,23041.0
2026-03-01T05,FLA,Florida,TI,Total interchange,75,megawatthours,2026-03-01 05:00:00,75.0
2026-03-01T04,FLA,Florida,D,Demand,24777,megawatthours,2026-03-01 04:00:00,24777.0
2026-03-01T04,FLA,Florida,DF,Day-ahead demand forecast,21912,megawatthours,2026-03-01 04:00:00,21912.0
2026-03-01T04,FLA,Florida,NG,Net generation,24909,megawatthours,2026-03-01 04:00:00,24909.0
2026-03-01T04,FLA,Florida,TI,Total interchange,140,megawatthours,2026-03-01 04:00:00,140.0
2026-03-01T03,FLA,Florida,D,Demand,26367,megawatthours,2026-03-01 03:00:00,26367.0
2026-03-01T03,FLA,Florida,DF,Day-ahead demand forecast,23539,megawatthours,2026-03-01 03:00:00,23539.0
2026-03-01T03,FLA,Florida,NG,Net generation,26443,megawatthours,2026-03-01 03:00:00,26443.0
2026-03-01T03,FLA,Florida,TI,Total interchange,81,megawatthours,2026-03-01 03:00:00,81.0
2026-03-01T02,FLA,Florida,D,Demand,27630,megawatthours,2026-03-01 02:00:00,27630.0
2026-03-01T02,FLA,Florida,DF,Day-ahead demand forecast,25025,megawatthours,2026-03-01 02:00:00,25025.0
2026-03-01T02,FLA,Florida,NG,Net generation,27643,megawatthours,2026-03-01 02:00:00,27643.0
2026-03-01T02,FLA,Florida,TI,Total interchange,17,megawatthours,2026-03-01 02:00:00,17.0
2026-03-01T01,FLA,Florida,D,Demand,28595,megawatthours,2026-03-01 01:00:00,28595.0
2026-03-01T01,FLA,Florida,DF,Day-ahead demand forecast,26287,megawatthours,2026-03-01 01:00:00,26287.0
2026-03-01T01,FLA,Florida,NG,Net generation,28624,megawatthours,2026-03-01 01:00:00,28624.0
2026-03-01T01,FLA,Florida,TI,Total interchange,35,megawatthours,2026-03-01 01:00:00,35.0
2026-03-01T00,FLA,Florida,D,Demand,28717,megawatthours,2026-03-01 00:00:00,28717.0
2026-03-01T00,FLA,Florida,DF,Day-ahead demand forecast,27185,megawatthours,2026-03-01 00:00:00,27185.0
2026-03-01T00,FLA,Florida,NG,Net generation,28739,megawatthours,2026-03-01 00:00:00,28739.0
2026-03-01T00,FLA,Florida,TI,Total interchange,27,megawatthours,2026-03-01 00:00:00,27.0
2026-02-28T23,FLA,Florida,D,Demand,29421,megawatthours,2026-02-28 23:00:00,29421.0
2026-02-28T23,FLA,Florida,DF,Day-ahead demand forecast,27158,megawatthours,2026-02-28 23:00:00,27158.0
2026-02-28T23,FLA,Florida,NG,Net generation,29448,megawatthours,2026-02-28 23:00:00,29448.0
2026-02-28T23,FLA,Florida,TI,Total interchange,36,megawatthours,2026-02-28 23:00:00,36.0
2026-02-28T22,FLA,Florida,D,Demand,30128,megawatthours,2026-02-28 22:00:00,30128.0
2026-02-28T22,FLA,Florida,DF,Day-ahead demand forecast,27468,megawatthours,2026-02-28 22:00:00,27468.0
2026-02-28T22,FLA,Florida,NG,Net generation,30194,megawatthours,2026-02-28 22:00:00,30194.0
2026-02-28T22,FLA,Florida,TI,Total interchange,74,megawatthours,2026-02-28 22:00:00,74.0
2026-02-28T21,FLA,Florida,D,Demand,30265,megawatthours,2026-02-28 21:00:00,30265.0
2026-02-28T21,FLA,Florida,DF,Day-ahead demand forecast,27649,megawatthours,2026-02-28 21:00:00,27649.0
2026-02-28T21,FLA,Florida,NG,Net generation,30340,megawatthours,2026-02-28 21:00:00,30340.0
2026-02-28T21,FLA,Florida,TI,Total interchange,85,megawatthours,2026-02-28 21:00:00,85.0
2026-02-28T20,FLA,Florida,D,Demand,29968,megawatthours,2026-02-28 20:00:00,29968.0
2026-02-28T20,FLA,Florida,DF,Day-ahead demand forecast,27419,megawatthours,2026-02-28 20:00:00,27419.0
2026-02-28T20,FLA,Florida,NG,Net generation,29992,megawatthours,2026-02-28 20:00:00,29992.0
2026-02-28T20,FLA,Florida,TI,Total interchange,29,megawatthours,2026-02-28 20:00:00,29.0
2026-02-28T19,FLA,Florida,D,Demand,29683,megawatthours,2026-02-28 19:00:00,29683.0
2026-02-28T19,FLA,Florida,DF,Day-ahead demand forecast,26937,megawatthours,2026-02-28 19:00:00,26937.0
2026-02-28T19,FLA,Florida,NG,Net generation,29667,megawatthours,2026-02-28 19:00:00,29667.0
2026-02-28T19,FLA,Florida,TI,Total interchange,-8,megawatthours,2026-02-28 19:00:00,-8.0
2026-02-28T18,FLA,Florida,D,Demand,29062,megawatthours,2026-02-28 18:00:00,29062.0
2026-02-28T18,FLA,Florida,DF,Day-ahead demand forecast,26379,megawatthours,2026-02-28 18:00:00,26379.0
2026-02-28T18,FLA,Florida,NG,Net generation,29082,megawatthours,2026-02-28 18:00:00,29082.0
2026-02-28T18,FLA,Florida,TI,Total interchange,29,megawatthours,2026-02-28 18:00:00,29.0
2026-02-28T17,FLA,Florida,D,Demand,28264,megawatthours,2026-02-28 17:00:00,28264.0
2026-02-28T17,FLA,Florida,DF,Day-ahead demand forecast,25672,megawatthours,2026-02-28 17:00:00,25672.0
2026-02-28T17,FLA,Florida,NG,Net generation,28285,megawatthours,2026-02-28 17:00:00,28285.0
2026-02-28T17,FLA,Florida,TI,Total interchange,28,megawatthours,2026-02-28 17:00:00,28.0
2026-02-28T16,FLA,Florida,D,Demand,27243,megawatthours,2026-02-28 16:00:00,27243.0
2026-02-28T16,FLA,Florida,DF,Day-ahead demand forecast,24977,megawatthours,2026-02-28 16:00:00,24977.0
2026-02-28T16,FLA,Florida,NG,Net generation,27227,megawatthours,2026-02-28 16:00:00,27227.0
2026-02-28T16,FLA,Florida,TI,Total interchange,-8,megawatthours,2026-02-28 16:00:00,-8.0
2026-02-28T15,FLA,Florida,D,Demand,25923,megawatthours,2026-02-28 15:00:00,25923.0
2026-02-28T15,FLA,Florida,DF,Day-ahead demand forecast,24098,megawatthours,2026-02-28 15:00:00,24098.0
2026-02-28T15,FLA,Florida,NG,Net generation,25852,megawatthours,2026-02-28 15:00:00,25852.0
2026-02-28T15,FLA,Florida,TI,Total interchange,-66,megawatthours,2026-02-28 15:00:00,-66.0
2026-02-28T14,FLA,Florida,D,Demand,23725,megawatthours,2026-02-28 14:00:00,23725.0
2026-02-28T14,FLA,Florida,DF,Day-ahead demand forecast,22214,megawatthours,2026-02-28 14:00:00,22214.0
2026-02-28T14,FLA,Florida,NG,Net generation,23622,megawatthours,2026-02-28 14:00:00,23622.0
2026-02-28T14,FLA,Florida,TI,Total interchange,-97,megawatthours,2026-02-28 14:00:00,-97.0
2026-02-28T13,FLA,Florida,D,Demand,21092,megawatthours,2026-02-28 13:00:00,21092.0
2026-02-28T13,FLA,Florida,DF,Day-ahead demand forecast,19890,megawatthours,2026-02-28 13:00:00,19890.0
2026-02-28T13,FLA,Florida,NG,Net generation,21108,megawatthours,2026-02-28 13:00:00,21108.0
2026-02-28T13,FLA,Florida,TI,Total interchange,27,megawatthours,2026-02-28 13:00:00,27.0
2026-02-28T12,FLA,Florida,D,Demand,19704,megawatthours,2026-02-28 12:00:00,19704.0
2026-02-28T12,FLA,Florida,DF,Day-ahead demand forecast,18684,megawatthours,2026-02-28 12:00:00,18684.0
2026-02-28T12,FLA,Florida,NG,Net generation,19861,megawatthours,2026-02-28 12:00:00,19861.0
2026-02-28T12,FLA,Florida,TI,Total interchange,165,megawatthours,2026-02-28 12:00:00,165.0
2026-02-28T11,FLA,Florida,D,Demand,18737,megawatthours,2026-02-28 11:00:00,18737.0
2026-02-28T11,FLA,Florida,DF,Day-ahead demand forecast,17569,megawatthours,2026-02-28 11:00:00,17569.0
2026-02-28T11,FLA,Florida,NG,Net generation,18918,megawatthours,2026-02-28 11:00:00,18918.0
2026-02-28T11,FLA,Florida,TI,Total interchange,197,megawatthours,2026-02-28 11:00:00,197.0
2026-02-28T10,FLA,Florida,D,Demand,18793,megawatthours,2026-02-28 10:00:00,18793.0
2026-02-28T10,FLA,Florida,DF,Day-ahead demand forecast,17064,megawatthours,2026-02-28 10:00:00,17064.0
2026-02-28T10,FLA,Florida,NG,Net generation,18899,megawatthours,2026-02-28 10:00:00,18899.0
2026-02-28T10,FLA,Florida,TI,Total interchange,113,megawatthours,2026-02-28 10:00:00,113.0
2026-02-28T09,FLA,Florida,D,Demand,18907,megawatthours,2026-02-28 09:00:00,18907.0
2026-02-28T09,FLA,Florida,DF,Day-ahead demand forecast,17044,megawatthours,2026-02-28 09:00:00,17044.0
2026-02-28T09,FLA,Florida,NG,Net generation,18994,megawatthours,2026-02-28 09:00:00,18994.0
2026-02-28T09,FLA,Florida,TI,Total interchange,91,megawatthours,2026-02-28 09:00:00,91.0
2026-02-28T08,FLA,Florida,D,Demand,19140,megawatthours,2026-02-28 08:00:00,19140.0
2026-02-28T08,FLA,Florida,DF,Day-ahead demand forecast,17324,megawatthours,2026-02-28 08:00:00,17324.0
2026-02-28T08,FLA,Florida,NG,Net generation,19293,megawatthours,2026-02-28 08:00:00,19293.0
2026-02-28T08,FLA,Florida,TI,Total interchange,164,megawatthours,2026-02-28 08:00:00,164.0
2026-02-28T07,FLA,Florida,D,Demand,20147,megawatthours,2026-02-28 07:00:00,20147.0
2026-02-28T07,FLA,Florida,DF,Day-ahead demand forecast,18088,megawatthours,2026-02-28 07:00:00,18088.0
2026-02-28T07,FLA,Florida,NG,Net generation,20323,megawatthours,2026-02-28 07:00:00,20323.0
2026-02-28T07,FLA,Florida,TI,Total interchange,186,megawatthours,2026-02-28 07:00:00,186.0
2026-02-28T06,FLA,Florida,D,Demand,21750,megawatthours,2026-02-28 06:00:00,21750.0
2026-02-28T06,FLA,Florida,DF,Day-ahead demand forecast,19083,megawatthours,2026-02-28 06:00:00,19083.0
2026-02-28T06,FLA,Florida,NG,Net generation,21883,megawatthours,2026-02-28 06:00:00,21883.0
2026-02-28T06,FLA,Florida,TI,Total interchange,140,megawatthours,2026-02-28 06:00:00,140.0
2026-02-28T05,FLA,Florida,D,Demand,23407,megawatthours,2026-02-28 05:00:00,23407.0
2026-02-28T05,FLA,Florida,DF,Day-ahead demand forecast,20679,megawatthours,2026-02-28 05:00:00,20679.0
2026-02-28T05,FLA,Florida,NG,Net generation,23452,megawatthours,2026-02-28 05:00:00,23452.0
2026-02-28T05,FLA,Florida,TI,Total interchange,58,megawatthours,2026-02-28 05:00:00,58.0
2026-02-28T04,FLA,Florida,D,Demand,26036,megawatthours,2026-02-28 04:00:00,26036.0
2026-02-28T04,FLA,Florida,DF,Day-ahead demand forecast,22642,megawatthours,2026-02-28 04:00:00,22642.0
2026-02-28T04,FLA,Florida,NG,Net generation,26054,megawatthours,2026-02-28 04:00:00,26054.0
2026-02-28T04,FLA,Florida,TI,Total interchange,20,megawatthours,2026-02-28 04:00:00,20.0
2026-02-28T03,FLA,Florida,D,Demand,26810,megawatthours,2026-02-28 03:00:00,26810.0
2026-02-28T03,FLA,Florida,DF,Day-ahead demand forecast,24445,megawatthours,2026-02-28 03:00:00,24445.0
2026-02-28T03,FLA,Florida,NG,Net generation,26807,megawatthours,2026-02-28 03:00:00,26807.0
2026-02-28T03,FLA,Florida,TI,Total interchange,4,megawatthours,2026-02-28 03:00:00,4.0
2026-02-28T02,FLA,Florida,D,Demand,28388,megawatthours,2026-02-28 02:00:00,28388.0
2026-02-28T02,FLA,Florida,DF,Day-ahead demand forecast,26109,megawatthours,2026-02-28 02:00:00,26109.0
2026-02-28T02,FLA,Florida,NG,Net generation,28404,megawatthours,2026-02-28 02:00:00,28404.0
2026-02-28T02,FLA,Florida,TI,Total interchange,27,megawatthours,2026-02-28 02:00:00,27.0
2026-02-28T01,FLA,Florida,D,Demand,29954,megawatthours,2026-02-28 01:00:00,29954.0
2026-02-28T01,FLA,Florida,DF,Day-ahead demand forecast,27460,megawatthours,2026-02-28 01:00:00,27460.0
2026-02-28T01,FLA,Florida,NG,Net generation,29902,megawatthours,2026-02-28 01:00:00,29902.0
2026-02-28T01,FLA,Florida,TI,Total interchange,-45,megawatthours,2026-02-28 01:00:00,-45.0
2026-02-28T00,FLA,Florida,D,Demand,30266,megawatthours,2026-02-28 00:00:00,30266.0
2026-02-28T00,FLA,Florida,DF,Day-ahead demand forecast,28532,megawatthours,2026-02-28 00:00:00,28532.0
2026-02-28T00,FLA,Florida,NG,Net generation,30124,megawatthours,2026-02-28 00:00:00,30124.0
2026-02-28T00,FLA,Florida,TI,Total interchange,-134,megawatthours,2026-02-28 00:00:00,-134.0
2026-02-27T23,FLA,Florida,D,Demand,30366,megawatthours,2026-02-27 23:00:00,30366.0
2026-02-27T23,FLA,Florida,DF,Day-ahead demand forecast,28529,megawatthours,2026-02-27 23:00:00,28529.0
2026-02-27T23,FLA,Florida,NG,Net generation,30306,megawatthours,2026-02-27 23:00:00,30306.0
2026-02-27T23,FLA,Florida,TI,Total interchange,-52,megawatthours,2026-02-27 23:00:00,-52.0
2026-02-27T22,FLA,Florida,D,Demand,30663,megawatthours,2026-02-27 22:00:00,30663.0
2026-02-27T22,FLA,Florida,DF,Day-ahead demand forecast,28677,megawatthours,2026-02-27 22:00:00,28677.0
2026-02-27T22,FLA,Florida,NG,Net generation,30606,megawatthours,2026-02-27 22:00:00,30606.0
2026-02-27T22,FLA,Florida,TI,Total interchange,-47,megawatthours,2026-02-27 22:00:00,-47.0
2026-02-27T21,FLA,Florida,D,Demand,30463,megawatthours,2026-02-27 21:00:00,30463.0
2026-02-27T21,FLA,Florida,DF,Day-ahead demand forecast,28462,megawatthours,2026-02-27 21:00:00,28462.0
2026-02-27T21,FLA,Florida,NG,Net generation,30361,megawatthours,2026-02-27 21:00:00,30361.0
2026-02-27T21,FLA,Florida,TI,Total interchange,-93,megawatthours,2026-02-27 21:00:00,-93.0
2026-02-27T20,FLA,Florida,D,Demand,30377,megawatthours,2026-02-27 20:00:00,30377.0
2026-02-27T20,FLA,Florida,DF,Day-ahead demand forecast,27775,megawatthours,2026-02-27 20:00:00,27775.0
2026-02-27T20,FLA,Florida,NG,Net generation,30357,megawatthours,2026-02-27 20:00:00,30357.0
2026-02-27T20,FLA,Florida,TI,Total interchange,-11,megawatthours,2026-02-27 20:00:00,-11.0
2026-02-27T19,FLA,Florida,D,Demand,29415,megawatthours,2026-02-27 19:00:00,29415.0
2026-02-27T19,FLA,Florida,DF,Day-ahead demand forecast,27240,megawatthours,2026-02-27 19:00:00,27240.0
2026-02-27T19,FLA,Florida,NG,Net generation,29312,megawatthours,2026-02-27 19:00:00,29312.0
2026-02-27T19,FLA,Florida,TI,Total interchange,-94,megawatthours,2026-02-27 19:00:00,-94.0
2026-02-27T18,FLA,Florida,D,Demand,28762,megawatthours,2026-02-27 18:00:00,28762.0
2026-02-27T18,FLA,Florida,DF,Day-ahead demand forecast,26481,megawatthours,2026-02-27 18:00:00,26481.0
2026-02-27T18,FLA,Florida,NG,Net generation,28750,megawatthours,2026-02-27 18:00:00,28750.0
2026-02-27T18,FLA,Florida,TI,Total interchange,-3,megawatthours,2026-02-27 18:00:00,-3.0
2026-02-27T17,FLA,Florida,D,Demand,27643,megawatthours,2026-02-27 17:00:00,27643.0
2026-02-27T17,FLA,Florida,DF,Day-ahead demand forecast,25700,megawatthours,2026-02-27 17:00:00,25700.0
2026-02-27T17,FLA,Florida,NG,Net generation,27593,megawatthours,2026-02-27 17:00:00,27593.0
2026-02-27T17,FLA,Florida,TI,Total interchange,-41,megawatthours,2026-02-27 17:00:00,-41.0
2026-02-27T16,FLA,Florida,D,Demand,26605,megawatthours,2026-02-27 16:00:00,26605.0
2026-02-27T16,FLA,Florida,DF,Day-ahead demand forecast,24921,megawatthours,2026-02-27 16:00:00,24921.0
2026-02-27T16,FLA,Florida,NG,Net generation,26642,megawatthours,2026-02-27 16:00:00,26642.0
2026-02-27T16,FLA,Florida,TI,Total interchange,46,megawatthours,2026-02-27 16:00:00,46.0
2026-02-27T15,FLA,Florida,D,Demand,25878,megawatthours,2026-02-27 15:00:00,25878.0
2026-02-27T15,FLA,Florida,DF,Day-ahead demand forecast,24134,megawatthours,2026-02-27 15:00:00,24134.0
2026-02-27T15,FLA,Florida,NG,Net generation,25957,megawatthours,2026-02-27 15:00:00,25957.0
2026-02-27T15,FLA,Florida,TI,Total interchange,86,megawatthours,2026-02-27 15:00:00,86.0
2026-02-27T14,FLA,Florida,D,Demand,24832,megawatthours,2026-02-27 14:00:00,24832.0
2026-02-27T14,FLA,Florida,DF,Day-ahead demand forecast,22615,megawatthours,2026-02-27 14:00:00,22615.0
2026-02-27T14,FLA,Florida,NG,Net generation,24644,megawatthours,2026-02-27 14:00:00,24644.0
2026-02-27T14,FLA,Florida,TI,Total interchange,-178,megawatthours,2026-02-27 14:00:00,-178.0
2026-02-27T13,FLA,Florida,D,Demand,23298,megawatthours,2026-02-27 13:00:00,23298.0
2026-02-27T13,FLA,Florida,DF,Day-ahead demand forecast,21394,megawatthours,2026-02-27 13:00:00,21394.0
2026-02-27T13,FLA,Florida,NG,Net generation,23065,megawatthours,2026-02-27 13:00:00,23065.0
2026-02-27T13,FLA,Florida,TI,Total interchange,-223,megawatthours,2026-02-27 13:00:00,-223.0
2026-02-27T12,FLA,Florida,D,Demand,21812,megawatthours,2026-02-27 12:00:00,21812.0
2026-02-27T12,FLA,Florida,DF,Day-ahead demand forecast,20886,megawatthours,2026-02-27 12:00:00,20886.0
2026-02-27T12,FLA,Florida,NG,Net generation,21777,megawatthours,2026-02-27 12:00:00,21777.0
2026-02-27T12,FLA,Florida,TI,Total interchange,-31,megawatthours,2026-02-27 12:00:00,-31.0
2026-02-27T11,FLA,Florida,D,Demand,19426,megawatthours,2026-02-27 11:00:00,19426.0
2026-02-27T11,FLA,Florida,DF,Day-ahead demand forecast,18688,megawatthours,2026-02-27 11:00:00,18688.0
2026-02-27T11,FLA,Florida,NG,Net generation,19372,megawatthours,2026-02-27 11:00:00,19372.0
2026-02-27T11,FLA,Florida,TI,Total interchange,-46,megawatthours,2026-02-27 11:00:00,-46.0
2026-02-27T10,FLA,Florida,D,Demand,18038,megawatthours,2026-02-27 10:00:00,18038.0
2026-02-27T10,FLA,Florida,DF,Day-ahead demand forecast,17038,megawatthours,2026-02-27 10:00:00,17038.0
2026-02-27T10,FLA,Florida,NG,Net generation,18044,megawatthours,2026-02-27 10:00:00,18044.0
2026-02-27T10,FLA,Florida,TI,Total interchange,17,megawatthours,2026-02-27 10:00:00,17.0
2026-02-27T09,FLA,Florida,D,Demand,17791,megawatthours,2026-02-27 09:00:00,17791.0
2026-02-27T09,FLA,Florida,DF,Day-ahead demand forecast,16568,megawatthours,2026-02-27 09:00:00,16568.0
2026-02-27T09,FLA,Florida,NG,Net generation,17814,megawatthours,2026-02-27 09:00:00,17814.0
2026-02-27T09,FLA,Florida,TI,Total interchange,33,megawatthours,2026-02-27 09:00:00,33.0
2026-02-27T08,FLA,Florida,D,Demand,18112,megawatthours,2026-02-27 08:00:00,18112.0
2026-02-27T08,FLA,Florida,DF,Day-ahead demand forecast,16663,megawatthours,2026-02-27 08:00:00,16663.0
2026-02-27T08,FLA,Florida,NG,Net generation,18187,megawatthours,2026-02-27 08:00:00,18187.0
2026-02-27T08,FLA,Florida,TI,Total interchange,82,megawatthours,2026-02-27 08:00:00,82.0
2026-02-27T07,FLA,Florida,D,Demand,18905,megawatthours,2026-02-27 07:00:00,18905.0
2026-02-27T07,FLA,Florida,DF,Day-ahead demand forecast,17221,megawatthours,2026-02-27 07:00:00,17221.0
2026-02-27T07,FLA,Florida,NG,Net generation,18992,megawatthours,2026-02-27 07:00:00,18992.0
2026-02-27T07,FLA,Florida,TI,Total interchange,97,megawatthours,2026-02-27 07:00:00,97.0
2026-02-27T06,FLA,Florida,D,Demand,20201,megawatthours,2026-02-27 06:00:00,20201.0
2026-02-27T06,FLA,Florida,DF,Day-ahead demand forecast,18174,megawatthours,2026-02-27 06:00:00,18174.0
2026-02-27T06,FLA,Florida,NG,Net generation,20206,megawatthours,2026-02-27 06:00:00,20206.0
2026-02-27T06,FLA,Florida,TI,Total interchange,14,megawatthours,2026-02-27 06:00:00,14.0
2026-02-27T05,FLA,Florida,D,Demand,21795,megawatthours,2026-02-27 05:00:00,21795.0
2026-02-27T05,FLA,Florida,DF,Day-ahead demand forecast,19638,megawatthours,2026-02-27 05:00:00,19638.0
2026-02-27T05,FLA,Florida,NG,Net generation,21841,megawatthours,2026-02-27 05:00:00,21841.0
2026-02-27T05,FLA,Florida,TI,Total interchange,54,megawatthours,2026-02-27 05:00:00,54.0
2026-02-27T04,FLA,Florida,D,Demand,24181,megawatthours,2026-02-27 04:00:00,24181.0
2026-02-27T04,FLA,Florida,DF,Day-ahead demand forecast,21450,megawatthours,2026-02-27 04:00:00,21450.0
2026-02-27T04,FLA,Florida,NG,Net generation,24224,megawatthours,2026-02-27 04:00:00,24224.0
2026-02-27T04,FLA,Florida,TI,Total interchange,50,megawatthours,2026-02-27 04:00:00,50.0
2026-02-27T03,FLA,Florida,D,Demand,26252,megawatthours,2026-02-27 03:00:00,26252.0
2026-02-27T03,FLA,Florida,DF,Day-ahead demand forecast,23481,megawatthours,2026-02-27 03:00:00,23481.0
2026-02-27T03,FLA,Florida,NG,Net generation,26149,megawatthours,2026-02-27 03:00:00,26149.0
2026-02-27T03,FLA,Florida,TI,Total interchange,-94,megawatthours,2026-02-27 03:00:00,-94.0
2026-02-27T02,FLA,Florida,D,Demand,27886,megawatthours,2026-02-27 02:00:00,27886.0
2026-02-27T02,FLA,Florida,DF,Day-ahead demand forecast,25321,megawatthours,2026-02-27 02:00:00,25321.0
2026-02-27T02,FLA,Florida,NG,Net generation,27703,megawatthours,2026-02-27 02:00:00,27703.0
2026-02-27T02,FLA,Florida,TI,Total interchange,-175,megawatthours,2026-02-27 02:00:00,-175.0
2026-02-27T01,FLA,Florida,D,Demand,28930,megawatthours,2026-02-27 01:00:00,28930.0
2026-02-27T01,FLA,Florida,DF,Day-ahead demand forecast,26612,megawatthours,2026-02-27 01:00:00,26612.0
2026-02-27T01,FLA,Florida,NG,Net generation,28752,megawatthours,2026-02-27 01:00:00,28752.0
2026-02-27T01,FLA,Florida,TI,Total interchange,-164,megawatthours,2026-02-27 01:00:00,-164.0
2026-02-27T00,FLA,Florida,D,Demand,28474,megawatthours,2026-02-27 00:00:00,28474.0
2026-02-27T00,FLA,Florida,DF,Day-ahead demand forecast,27247,megawatthours,2026-02-27 00:00:00,27247.0
2026-02-27T00,FLA,Florida,NG,Net generation,28264,megawatthours,2026-02-27 00:00:00,28264.0
2026-02-27T00,FLA,Florida,TI,Total interchange,-204,megawatthours,2026-02-27 00:00:00,-204.0
2026-02-26T23,FLA,Florida,D,Demand,27627,megawatthours,2026-02-26 23:00:00,27627.0
2026-02-26T23,FLA,Florida,DF,Day-ahead demand forecast,26155,megawatthours,2026-02-26 23:00:00,26155.0
2026-02-26T23,FLA,Florida,NG,Net generation,27557,megawatthours,2026-02-26 23:00:00,27557.0
2026-02-26T23,FLA,Florida,TI,Total interchange,-59,megawatthours,2026-02-26 23:00:00,-59.0
2026-02-26T22,FLA,Florida,D,Demand,26829,megawatthours,2026-02-26 22:00:00,26829.0
2026-02-26T22,FLA,Florida,DF,Day-ahead demand forecast,25464,megawatthours,2026-02-26 22:00:00,25464.0
2026-02-26T22,FLA,Florida,NG,Net generation,26811,megawatthours,2026-02-26 22:00:00,26811.0
2026-02-26T22,FLA,Florida,TI,Total interchange,-7,megawatthours,2026-02-26 22:00:00,-7.0
2026-02-26T21,FLA,Florida,D,Demand,25973,megawatthours,2026-02-26 21:00:00,25973.0
2026-02-26T21,FLA,Florida,DF,Day-ahead demand forecast,24820,megawatthours,2026-02-26 21:00:00,24820.0
2026-02-26T21,FLA,Florida,NG,Net generation,25975,megawatthours,2026-02-26 21:00:00,25975.0
2026-02-26T21,FLA,Florida,TI,Total interchange,9,megawatthours,2026-02-26 21:00:00,9.0
2026-02-26T20,FLA,Florida,D,Demand,25364,megawatthours,2026-02-26 20:00:00,25364.0
2026-02-26T20,FLA,Florida,DF,Day-ahead demand forecast,24079,megawatthours,2026-02-26 20:00:00,24079.0
2026-02-26T20,FLA,Florida,NG,Net generation,25647,megawatthours,2026-02-26 20:00:00,25647.0
2026-02-26T20,FLA,Florida,TI,Total interchange,291,megawatthours,2026-02-26 20:00:00,291.0
2026-02-26T19,FLA,Florida,D,Demand,25039,megawatthours,2026-02-26 19:00:00,25039.0
2026-02-26T19,FLA,Florida,DF,Day-ahead demand forecast,23531,megawatthours,2026-02-26 19:00:00,23531.0
2026-02-26T19,FLA,Florida,NG,Net generation,25327,megawatthours,2026-02-26 19:00:00,25327.0
2026-02-26T19,FLA,Florida,TI,Total interchange,300,megawatthours,2026-02-26 19:00:00,300.0
2026-02-26T18,FLA,Florida,D,Demand,24768,megawatthours,2026-02-26 18:00:00,24768.0
2026-02-26T18,FLA,Florida,DF,Day-ahead demand forecast,23148,megawatthours,2026-02-26 18:00:00,23148.0
2026-02-26T18,FLA,Florida,NG,Net generation,25001,megawatthours,2026-02-26 18:00:00,25001.0
2026-02-26T18,FLA,Florida,TI,Total interchange,241,megawatthours,2026-02-26 18:00:00,241.0
2026-02-26T17,FLA,Florida,D,Demand,24671,megawatthours,2026-02-26 17:00:00,24671.0
2026-02-26T17,FLA,Florida,DF,Day-ahead demand forecast,22884,megawatthours,2026-02-26 17:00:00,22884.0
2026-02-26T17,FLA,Florida,NG,Net generation,24875,megawatthours,2026-02-26 17:00:00,24875.0
2026-02-26T17,FLA,Florida,TI,Total interchange,214,megawatthours,2026-02-26 17:00:00,214.0
2026-02-26T16,FLA,Florida,D,Demand,25134,megawatthours,2026-02-26 16:00:00,25134.0
2026-02-26T16,FLA,Florida,DF,Day-ahead demand forecast,23009,megawatthours,2026-02-26 16:00:00,23009.0
2026-02-26T16,FLA,Florida,NG,Net generation,25309,megawatthours,2026-02-26 16:00:00,25309.0
2026-02-26T16,FLA,Florida,TI,Total interchange,185,megawatthours,2026-02-26 16:00:00,185.0
2026-02-26T15,FLA,Florida,D,Demand,25986,megawatthours,2026-02-26 15:00:00,25986.0
2026-02-26T15,FLA,Florida,DF,Day-ahead demand forecast,23843,megawatthours,2026-02-26 15:00:00,23843.0
2026-02-26T15,FLA,Florida,NG,Net generation,26036,megawatthours,2026-02-26 15:00:00,26036.0
2026-02-26T15,FLA,Florida,TI,Total interchange,60,megawatthours,2026-02-26 15:00:00,60.0
2026-02-26T14,FLA,Florida,D,Demand,27299,megawatthours,2026-02-26 14:00:00,27299.0
2026-02-26T14,FLA,Florida,DF,Day-ahead demand forecast,24772,megawatthours,2026-02-26 14:00:00,24772.0
2026-02-26T14,FLA,Florida,NG,Net generation,26995,megawatthours,2026-02-26 14:00:00,26995.0
2026-02-26T14,FLA,Florida,TI,Total interchange,-295,megawatthours,2026-02-26 14:00:00,-295.0
2026-02-26T13,FLA,Florida,D,Demand,27737,megawatthours,2026-02-26 13:00:00,27737.0
2026-02-26T13,FLA,Florida,DF,Day-ahead demand forecast,25072,megawatthours,2026-02-26 13:00:00,25072.0
2026-02-26T13,FLA,Florida,NG,Net generation,27250,megawatthours,2026-02-26 13:00:00,27250.0
2026-02-26T13,FLA,Florida,TI,Total interchange,-476,megawatthours,2026-02-26 13:00:00,-476.0
2026-02-26T12,FLA,Florida,D,Demand,26651,megawatthours,2026-02-26 12:00:00,26651.0
2026-02-26T12,FLA,Florida,DF,Day-ahead demand forecast,24679,megawatthours,2026-02-26 12:00:00,24679.0
2026-02-26T12,FLA,Florida,NG,Net generation,26126,megawatthours,2026-02-26 12:00:00,26126.0
2026-02-26T12,FLA,Florida,TI,Total interchange,-514,megawatthours,2026-02-26 12:00:00,-514.0
2026-02-26T11,FLA,Florida,D,Demand,23700,megawatthours,2026-02-26 11:00:00,23700.0
2026-02-26T11,FLA,Florida,DF,Day-ahead demand forecast,21674,megawatthours,2026-02-26 11:00:00,21674.0
2026-02-26T11,FLA,Florida,NG,Net generation,23308,megawatthours,2026-02-26 11:00:00,23308.0
2026-02-26T11,FLA,Florida,TI,Total interchange,-384,megawatthours,2026-02-26 11:00:00,-384.0
2026-02-26T10,FLA,Florida,D,Demand,21483,megawatthours,2026-02-26 10:00:00,21483.0
2026-02-26T10,FLA,Florida,DF,Day-ahead demand forecast,19694,megawatthours,2026-02-26 10:00:00,19694.0
2026-02-26T10,FLA,Florida,NG,Net generation,21237,megawatthours,2026-02-26 10:00:00,21237.0
2026-02-26T10,FLA,Florida,TI,Total interchange,-235,megawatthours,2026-02-26 10:00:00,-235.0
2026-02-26T09,FLA,Florida,D,Demand,20691,megawatthours,2026-02-26 09:00:00,20691.0
2026-02-26T09,FLA,Florida,DF,Day-ahead demand forecast,18649,megawatthours,2026-02-26 09:00:00,18649.0
2026-02-26T09,FLA,Florida,NG,Net generation,20678,megawatthours,2026-02-26 09:00:00,20678.0
2026-02-26T09,FLA,Florida,TI,Total interchange,3,megawatthours,2026-02-26 09:00:00,3.0
2026-02-26T08,FLA,Florida,D,Demand,20453,megawatthours,2026-02-26 08:00:00,20453.0
2026-02-26T08,FLA,Florida,DF,Day-ahead demand forecast,18563,megawatthours,2026-02-26 08:00:00,18563.0
2026-02-26T08,FLA,Florida,NG,Net generation,20538,megawatthours,2026-02-26 08:00:00,20538.0
2026-02-26T08,FLA,Florida,TI,Total interchange,96,megawatthours,2026-02-26 08:00:00,96.0
2026-02-26T07,FLA,Florida,D,Demand,20567,megawatthours,2026-02-26 07:00:00,20567.0
2026-02-26T07,FLA,Florida,DF,Day-ahead demand forecast,19028,megawatthours,2026-02-26 07:00:00,19028.0
2026-02-26T07,FLA,Florida,NG,Net generation,20710,megawatthours,2026-02-26 07:00:00,20710.0
2026-02-26T07,FLA,Florida,TI,Total interchange,150,megawatthours,2026-02-26 07:00:00,150.0
2026-02-26T06,FLA,Florida,D,Demand,21197,megawatthours,2026-02-26 06:00:00,21197.0
2026-02-26T06,FLA,Florida,DF,Day-ahead demand forecast,19494,megawatthours,2026-02-26 06:00:00,19494.0
2026-02-26T06,FLA,Florida,NG,Net generation,20950,megawatthours,2026-02-26 06:00:00,20950.0
2026-02-26T06,FLA,Florida,TI,Total interchange,-154,megawatthours,2026-02-26 06:00:00,-154.0
2026-02-26T05,FLA,Florida,D,Demand,22271,megawatthours,2026-02-26 05:00:00,22271.0
2026-02-26T05,FLA,Florida,DF,Day-ahead demand forecast,19985,megawatthours,2026-02-26 05:00:00,19985.0
2026-02-26T05,FLA,Florida,NG,Net generation,21593,megawatthours,2026-02-26 05:00:00,21593.0
2026-02-26T05,FLA,Florida,TI,Total interchange,-669,megawatthours,2026-02-26 05:00:00,-669.0
2026-02-26T04,FLA,Florida,D,Demand,24250,megawatthours,2026-02-26 04:00:00,24250.0
2026-02-26T04,FLA,Florida,DF,Day-ahead demand forecast,21623,megawatthours,2026-02-26 04:00:00,21623.0
2026-02-26T04,FLA,Florida,NG,Net generation,23614,megawatthours,2026-02-26 04:00:00,23614.0
2026-02-26T04,FLA,Florida,TI,Total interchange,-625,megawatthours,2026-02-26 04:00:00,-625.0
2026-02-26T03,FLA,Florida,D,Demand,26102,megawatthours,2026-02-26 03:00:00,26102.0
2026-02-26T03,FLA,Florida,DF,Day-ahead demand forecast,23205,megawatthours,2026-02-26 03:00:00,23205.0
2026-02-26T03,FLA,Florida,NG,Net generation,25382,megawatthours,2026-02-26 03:00:00,25382.0
2026-02-26T03,FLA,Florida,TI,Total interchange,-712,megawatthours,2026-02-26 03:00:00,-712.0
2026-02-26T02,FLA,Florida,D,Demand,27386,megawatthours,2026-02-26 02:00:00,27386.0
2026-02-26T02,FLA,Florida,DF,Day-ahead demand forecast,24685,megawatthours,2026-02-26 02:00:00,24685.0
2026-02-26T02,FLA,Florida,NG,Net generation,26781,megawatthours,2026-02-26 02:00:00,26781.0
2026-02-26T02,FLA,Florida,TI,Total interchange,-594,megawatthours,2026-02-26 02:00:00,-594.0
2026-02-26T01,FLA,Florida,D,Demand,28065,megawatthours,2026-02-26 01:00:00,28065.0
2026-02-26T01,FLA,Florida,DF,Day-ahead demand forecast,25670,megawatthours,2026-02-26 01:00:00,25670.0
2026-02-26T01,FLA,Florida,NG,Net generation,27430,megawatthours,2026-02-26 01:00:00,27430.0
2026-02-26T01,FLA,Florida,TI,Total interchange,-624,megawatthours,2026-02-26 01:00:00,-624.0
2026-02-26T00,FLA,Florida,D,Demand,27042,megawatthours,2026-02-26 00:00:00,27042.0
2026-02-26T00,FLA,Florida,DF,Day-ahead demand forecast,25972,megawatthours,2026-02-26 00:00:00,25972.0
2026-02-26T00,FLA,Florida,NG,Net generation,26321,megawatthours,2026-02-26 00:00:00,26321.0
2026-02-26T00,FLA,Florida,TI,Total interchange,-705,megawatthours,2026-02-26 00:00:00,-705.0
2026-02-25T23,FLA,Florida,D,Demand,25520,megawatthours,2026-02-25 23:00:00,25520.0
2026-02-25T23,FLA,Florida,DF,Day-ahead demand forecast,24333,megawatthours,2026-02-25 23:00:00,24333.0
2026-02-25T23,FLA,Florida,NG,Net generation,24843,megawatthours,2026-02-25 23:00:00,24843.0
2026-02-25T23,FLA,Florida,TI,Total interchange,-667,megawatthours,2026-02-25 23:00:00,-667.0
2026-02-25T22,FLA,Florida,D,Demand,24752,megawatthours,2026-02-25 22:00:00,24752.0
2026-02-25T22,FLA,Florida,DF,Day-ahead demand forecast,23105,megawatthours,2026-02-25 22:00:00,23105.0
2026-02-25T22,FLA,Florida,NG,Net generation,24153,megawatthours,2026-02-25 22:00:00,24153.0
2026-02-25T22,FLA,Florida,TI,Total interchange,-589,megawatthours,2026-02-25 22:00:00,-589.0
2026-02-25T21,FLA,Florida,D,Demand,23941,megawatthours,2026-02-25 21:00:00,23941.0
2026-02-25T21,FLA,Florida,DF,Day-ahead demand forecast,22268,megawatthours,2026-02-25 21:00:00,22268.0
2026-02-25T21,FLA,Florida,NG,Net generation,23957,megawatthours,2026-02-25 21:00:00,23957.0
2026-02-25T21,FLA,Florida,TI,Total interchange,26,megawatthours,2026-02-25 21:00:00,26.0
2026-02-25T20,FLA,Florida,D,Demand,23682,megawatthours,2026-02-25 20:00:00,23682.0
2026-02-25T20,FLA,Florida,DF,Day-ahead demand forecast,21718,megawatthours,2026-02-25 20:00:00,21718.0
2026-02-25T20,FLA,Florida,NG,Net generation,23881,megawatthours,2026-02-25 20:00:00,23881.0
2026-02-25T20,FLA,Florida,TI,Total interchange,207,megawatthours,2026-02-25 20:00:00,207.0
2026-02-25T19,FLA,Florida,D,Demand,24423,megawatthours,2026-02-25 19:00:00,24423.0
2026-02-25T19,FLA,Florida,DF,Day-ahead demand forecast,21690,megawatthours,2026-02-25 19:00:00,21690.0
2026-02-25T19,FLA,Florida,NG,Net generation,24346,megawatthours,2026-02-25 19:00:00,24346.0
2026-02-25T19,FLA,Florida,TI,Total interchange,-67,megawatthours,2026-02-25 19:00:00,-67.0
2026-02-25T18,FLA,Florida,D,Demand,25345,megawatthours,2026-02-25 18:00:00,25345.0
2026-02-25T18,FLA,Florida,DF,Day-ahead demand forecast,22116,megawatthours,2026-02-25 18:00:00,22116.0
2026-02-25T18,FLA,Florida,NG,Net generation,25384,megawatthours,2026-02-25 18:00:00,25384.0
2026-02-25T18,FLA,Florida,TI,Total interchange,51,megawatthours,2026-02-25 18:00:00,51.0
2026-02-25T17,FLA,Florida,D,Demand,26440,megawatthours,2026-02-25 17:00:00,26440.0
2026-02-25T17,FLA,Florida,DF,Day-ahead demand forecast,23039,megawatthours,2026-02-25 17:00:00,23039.0
2026-02-25T17,FLA,Florida,NG,Net generation,26388,megawatthours,2026-02-25 17:00:00,26388.0
2026-02-25T17,FLA,Florida,TI,Total interchange,-43,megawatthours,2026-02-25 17:00:00,-43.0
2026-02-25T16,FLA,Florida,D,Demand,28715,megawatthours,2026-02-25 16:00:00,28715.0
2026-02-25T16,FLA,Florida,DF,Day-ahead demand forecast,25208,megawatthours,2026-02-25 16:00:00,25208.0
2026-02-25T16,FLA,Florida,NG,Net generation,28456,megawatthours,2026-02-25 16:00:00,28456.0
2026-02-25T16,FLA,Florida,TI,Total interchange,-250,megawatthours,2026-02-25 16:00:00,-250.0
2026-02-25T15,FLA,Florida,D,Demand,31837,megawatthours,2026-02-25 15:00:00,31837.0
2026-02-25T15,FLA,Florida,DF,Day-ahead demand forecast,28513,megawatthours,2026-02-25 15:00:00,28513.0
2026-02-25T15,FLA,Florida,NG,Net generation,30988,megawatthours,2026-02-25 15:00:00,30988.0
2026-02-25T15,FLA,Florida,TI,Total interchange,-839,megawatthours,2026-02-25 15:00:00,-839.0
2026-02-25T14,FLA,Florida,D,Demand,35896,megawatthours,2026-02-25 14:00:00,35896.0
2026-02-25T14,FLA,Florida,DF,Day-ahead demand forecast,32505,megawatthours,2026-02-25 14:00:00,32505.0
2026-02-25T14,FLA,Florida,NG,Net generation,34791,megawatthours,2026-02-25 14:00:00,34791.0
2026-02-25T14,FLA,Florida,TI,Total interchange,-1097,megawatthours,2026-02-25 14:00:00,-1097.0
2026-02-25T13,FLA,Florida,D,Demand,38074,megawatthours,2026-02-25 13:00:00,38074.0
2026-02-25T13,FLA,Florida,DF,Day-ahead demand forecast,35062,megawatthours,2026-02-25 13:00:00,35062.0
2026-02-25T13,FLA,Florida,NG,Net generation,36750,megawatthours,2026-02-25 13:00:00,36750.0
2026-02-25T13,FLA,Florida,TI,Total interchange,-1318,megawatthours,2026-02-25 13:00:00,-1318.0
2026-02-25T12,FLA,Florida,D,Demand,36749,megawatthours,2026-02-25 12:00:00,36749.0
2026-02-25T12,FLA,Florida,DF,Day-ahead demand forecast,34154,megawatthours,2026-02-25 12:00:00,34154.0
2026-02-25T12,FLA,Florida,NG,Net generation,35183,megawatthours,2026-02-25 12:00:00,35183.0
2026-02-25T12,FLA,Florida,TI,Total interchange,-1559,megawatthours,2026-02-25 12:00:00,-1559.0
2026-02-25T11,FLA,Florida,D,Demand,32852,megawatthours,2026-02-25 11:00:00,32852.0
2026-02-25T11,FLA,Florida,DF,Day-ahead demand forecast,30903,megawatthours,2026-02-25 11:00:00,30903.0
2026-02-25T11,FLA,Florida,NG,Net generation,31387,megawatthours,2026-02-25 11:00:00,31387.0
2026-02-25T11,FLA,Florida,TI,Total interchange,-1455,megawatthours,2026-02-25 11:00:00,-1455.0
2026-02-25T10,FLA,Florida,D,Demand,30257,megawatthours,2026-02-25 10:00:00,30257.0
2026-02-25T10,FLA,Florida,DF,Day-ahead demand forecast,27769,megawatthours,2026-02-25 10:00:00,27769.0
2026-02-25T10,FLA,Florida,NG,Net generation,28960,megawatthours,2026-02-25 10:00:00,28960.0
2026-02-25T10,FLA,Florida,TI,Total interchange,-1291,megawatthours,2026-02-25 10:00:00,-1291.0
2026-02-25T09,FLA,Florida,D,Demand,28901,megawatthours,2026-02-25 09:00:00,28901.0
2026-02-25T09,FLA,Florida,DF,Day-ahead demand forecast,26026,megawatthours,2026-02-25 09:00:00,26026.0
2026-02-25T09,FLA,Florida,NG,Net generation,27816,megawatthours,2026-02-25 09:00:00,27816.0
2026-02-25T09,FLA,Florida,TI,Total interchange,-1078,megawatthours,2026-02-25 09:00:00,-1078.0
2026-02-25T08,FLA,Florida,D,Demand,28105,megawatthours,2026-02-25 08:00:00,28105.0
2026-02-25T08,FLA,Florida,DF,Day-ahead demand forecast,25476,megawatthours,2026-02-25 08:00:00,25476.0
2026-02-25T08,FLA,Florida,NG,Net generation,27076,megawatthours,2026-02-25 08:00:00,27076.0
2026-02-25T08,FLA,Florida,TI,Total interchange,-1018,megawatthours,2026-02-25 08:00:00,-1018.0
2026-02-25T07,FLA,Florida,D,Demand,27698,megawatthours,2026-02-25 07:00:00,27698.0
2026-02-25T07,FLA,Florida,DF,Day-ahead demand forecast,24991,megawatthours,2026-02-25 07:00:00,24991.0
2026-02-25T07,FLA,Florida,NG,Net generation,26705,megawatthours,2026-02-25 07:00:00,26705.0
2026-02-25T07,FLA,Florida,TI,Total interchange,-981,megawatthours,2026-02-25 07:00:00,-981.0
2026-02-25T06,FLA,Florida,D,Demand,27647,megawatthours,2026-02-25 06:00:00,27647.0
2026-02-25T06,FLA,Florida,DF,Day-ahead demand forecast,25320,megawatthours,2026-02-25 06:00:00,25320.0
2026-02-25T06,FLA,Florida,NG,Net generation,26531,megawatthours,2026-02-25 06:00:00,26531.0
2026-02-25T06,FLA,Florida,TI,Total interchange,-1108,megawatthours,2026-02-25 06:00:00,-1108.0
2026-02-25T05,FLA,Florida,D,Demand,28423,megawatthours,2026-02-25 05:00:00,28423.0
2026-02-25T05,FLA,Florida,DF,Day-ahead demand forecast,24761,megawatthours,2026-02-25 05:00:00,24761.0
2026-02-25T05,FLA,Florida,NG,Net generation,26977,megawatthours,2026-02-25 05:00:00,26977.0
2026-02-25T05,FLA,Florida,TI,Total interchange,-1435,megawatthours,2026-02-25 05:00:00,-1435.0
2026-02-25T04,FLA,Florida,D,Demand,29719,megawatthours,2026-02-25 04:00:00,29719.0
2026-02-25T04,FLA,Florida,DF,Day-ahead demand forecast,26911,megawatthours,2026-02-25 04:00:00,26911.0
2026-02-25T04,FLA,Florida,NG,Net generation,28201,megawatthours,2026-02-25 04:00:00,28201.0
2026-02-25T04,FLA,Florida,TI,Total interchange,-1508,megawatthours,2026-02-25 04:00:00,-1508.0
2026-02-25T03,FLA,Florida,D,Demand,31043,megawatthours,2026-02-25 03:00:00,31043.0
2026-02-25T03,FLA,Florida,DF,Day-ahead demand forecast,28405,megawatthours,2026-02-25 03:00:00,28405.0
2026-02-25T03,FLA,Florida,NG,Net generation,29435,megawatthours,2026-02-25 03:00:00,29435.0
2026-02-25T03,FLA,Florida,TI,Total interchange,-1601,megawatthours,2026-02-25 03:00:00,-1601.0
2026-02-25T02,FLA,Florida,D,Demand,31866,megawatthours,2026-02-25 02:00:00,31866.0
2026-02-25T02,FLA,Florida,DF,Day-ahead demand forecast,29680,megawatthours,2026-02-25 02:00:00,29680.0
2026-02-25T02,FLA,Florida,NG,Net generation,30352,megawatthours,2026-02-25 02:00:00,30352.0
2026-02-25T02,FLA,Florida,TI,Total interchange,-1503,megawatthours,2026-02-25 02:00:00,-1503.0
2026-02-25T01,FLA,Florida,D,Demand,31729,megawatthours,2026-02-25 01:00:00,31729.0
2026-02-25T01,FLA,Florida,DF,Day-ahead demand forecast,30214,megawatthours,2026-02-25 01:00:00,30214.0
2026-02-25T01,FLA,Florida,NG,Net generation,30066,megawatthours,2026-02-25 01:00:00,30066.0
2026-02-25T01,FLA,Florida,TI,Total interchange,-1653,megawatthours,2026-02-25 01:00:00,-1653.0
2026-02-25T00,FLA,Florida,D,Demand,29917,megawatthours,2026-02-25 00:00:00,29917.0
2026-02-25T00,FLA,Florida,DF,Day-ahead demand forecast,29577,megawatthours,2026-02-25 00:00:00,29577.0
2026-02-25T00,FLA,Florida,NG,Net generation,28504,megawatthours,2026-02-25 00:00:00,28504.0
2026-02-25T00,FLA,Florida,TI,Total interchange,-1403,megawatthours,2026-02-25 00:00:00,-1403.0
2026-02-24T23,FLA,Florida,D,Demand,26987,megawatthours,2026-02-24 23:00:00,26987.0
2026-02-24T23,FLA,Florida,DF,Day-ahead demand forecast,27275,megawatthours,2026-02-24 23:00:00,27275.0
2026-02-24T23,FLA,Florida,NG,Net generation,25692,megawatthours,2026-02-24 23:00:00,25692.0
2026-02-24T23,FLA,Florida,TI,Total interchange,-1286,megawatthours,2026-02-24 23:00:00,-1286.0
2026-02-24T22,FLA,Florida,D,Demand,25410,megawatthours,2026-02-24 22:00:00,25410.0
2026-02-24T22,FLA,Florida,DF,Day-ahead demand forecast,25576,megawatthours,2026-02-24 22:00:00,25576.0
2026-02-24T22,FLA,Florida,NG,Net generation,24840,megawatthours,2026-02-24 22:00:00,24840.0
2026-02-24T22,FLA,Florida,TI,Total interchange,-558,megawatthours,2026-02-24 22:00:00,-558.0
2026-02-24T21,FLA,Florida,D,Demand,24698,megawatthours,2026-02-24 21:00:00,24698.0
2026-02-24T21,FLA,Florida,DF,Day-ahead demand forecast,24650,megawatthours,2026-02-24 21:00:00,24650.0
2026-02-24T21,FLA,Florida,NG,Net generation,24265,megawatthours,2026-02-24 21:00:00,24265.0
2026-02-24T21,FLA,Florida,TI,Total interchange,-421,megawatthours,2026-02-24 21:00:00,-421.0
2026-02-24T20,FLA,Florida,D,Demand,24902,megawatthours,2026-02-24 20:00:00,24902.0
2026-02-24T20,FLA,Florida,DF,Day-ahead demand forecast,24638,megawatthours,2026-02-24 20:00:00,24638.0
2026-02-24T20,FLA,Florida,NG,Net generation,24741,megawatthours,2026-02-24 20:00:00,24741.0
2026-02-24T20,FLA,Florida,TI,Total interchange,-152,megawatthours,2026-02-24 20:00:00,-152.0
2026-02-24T19,FLA,Florida,D,Demand,26245,megawatthours,2026-02-24 19:00:00,26245.0
2026-02-24T19,FLA,Florida,DF,Day-ahead demand forecast,25329,megawatthours,2026-02-24 19:00:00,25329.0
2026-02-24T19,FLA,Florida,NG,Net generation,26045,megawatthours,2026-02-24 19:00:00,26045.0
2026-02-24T19,FLA,Florida,TI,Total interchange,-191,megawatthours,2026-02-24 19:00:00,-191.0
2026-02-24T18,FLA,Florida,D,Demand,28172,megawatthours,2026-02-24 18:00:00,28172.0
2026-02-24T18,FLA,Florida,DF,Day-ahead demand forecast,26644,megawatthours,2026-02-24 18:00:00,26644.0
2026-02-24T18,FLA,Florida,NG,Net generation,27636,megawatthours,2026-02-24 18:00:00,27636.0
2026-02-24T18,FLA,Florida,TI,Total interchange,-526,megawatthours,2026-02-24 18:00:00,-526.0
2026-02-24T17,FLA,Florida,D,Demand,29855,megawatthours,2026-02-24 17:00:00,29855.0
2026-02-24T17,FLA,Florida,DF,Day-ahead demand forecast,28424,megawatthours,2026-02-24 17:00:00,28424.0
2026-02-24T17,FLA,Florida,NG,Net generation,28947,megawatthours,2026-02-24 17:00:00,28947.0
2026-02-24T17,FLA,Florida,TI,Total interchange,-900,megawatthours,2026-02-24 17:00:00,-900.0
2026-02-24T16,FLA,Florida,D,Demand,32522,megawatthours,2026-02-24 16:00:00,32522.0
2026-02-24T16,FLA,Florida,DF,Day-ahead demand forecast,30901,megawatthours,2026-02-24 16:00:00,30901.0
2026-02-24T16,FLA,Florida,NG,Net generation,31363,megawatthours,2026-02-24 16:00:00,31363.0
2026-02-24T16,FLA,Florida,TI,Total interchange,-1151,megawatthours,2026-02-24 16:00:00,-1151.0
2026-02-24T15,FLA,Florida,D,Demand,35130,megawatthours,2026-02-24 15:00:00,35130.0
2026-02-24T15,FLA,Florida,DF,Day-ahead demand forecast,33329,megawatthours,2026-02-24 15:00:00,33329.0
2026-02-24T15,FLA,Florida,NG,Net generation,33623,megawatthours,2026-02-24 15:00:00,33623.0
2026-02-24T15,FLA,Florida,TI,Total interchange,-1499,megawatthours,2026-02-24 15:00:00,-1499.0
2026-02-24T14,FLA,Florida,D,Demand,37706,megawatthours,2026-02-24 14:00:00,37706.0
2026-02-24T14,FLA,Florida,DF,Day-ahead demand forecast,35961,megawatthours,2026-02-24 14:00:00,35961.0
2026-02-24T14,FLA,Florida,NG,Net generation,35980,megawatthours,2026-02-24 14:00:00,35980.0
2026-02-24T14,FLA,Florida,TI,Total interchange,-1719,megawatthours,2026-02-24 14:00:00,-1719.0
2026-02-24T13,FLA,Florida,D,Demand,38927,megawatthours,2026-02-24 13:00:00,38927.0
2026-02-24T13,FLA,Florida,DF,Day-ahead demand forecast,37358,megawatthours,2026-02-24 13:00:00,37358.0
2026-02-24T13,FLA,Florida,NG,Net generation,37239,megawatthours,2026-02-24 13:00:00,37239.0
2026-02-24T13,FLA,Florida,TI,Total interchange,-1679,megawatthours,2026-02-24 13:00:00,-1679.0
2026-02-24T12,FLA,Florida,D,Demand,36660,megawatthours,2026-02-24 12:00:00,36660.0
2026-02-24T12,FLA,Florida,DF,Day-ahead demand forecast,35477,megawatthours,2026-02-24 12:00:00,35477.0
2026-02-24T12,FLA,Florida,NG,Net generation,35017,megawatthours,2026-02-24 12:00:00,35017.0
2026-02-24T12,FLA,Florida,TI,Total interchange,-1638,megawatthours,2026-02-24 12:00:00,-1638.0
2026-02-24T11,FLA,Florida,D,Demand,32506,megawatthours,2026-02-24 11:00:00,32506.0
2026-02-24T11,FLA,Florida,DF,Day-ahead demand forecast,31494,megawatthours,2026-02-24 11:00:00,31494.0
2026-02-24T11,FLA,Florida,NG,Net generation,30793,megawatthours,2026-02-24 11:00:00,30793.0
2026-02-24T11,FLA,Florida,TI,Total interchange,-1706,megawatthours,2026-02-24 11:00:00,-1706.0
2026-02-24T10,FLA,Florida,D,Demand,29611,megawatthours,2026-02-24 10:00:00,29611.0
2026-02-24T10,FLA,Florida,DF,Day-ahead demand forecast,27896,megawatthours,2026-02-24 10:00:00,27896.0
2026-02-24T10,FLA,Florida,NG,Net generation,27894,megawatthours,2026-02-24 10:00:00,27894.0
2026-02-24T10,FLA,Florida,TI,Total interchange,-1707,megawatthours,2026-02-24 10:00:00,-1707.0
2026-02-24T09,FLA,Florida,D,Demand,28250,megawatthours,2026-02-24 09:00:00,28250.0
2026-02-24T09,FLA,Florida,DF,Day-ahead demand forecast,26105,megawatthours,2026-02-24 09:00:00,26105.0
2026-02-24T09,FLA,Florida,NG,Net generation,26600,megawatthours,2026-02-24 09:00:00,26600.0
2026-02-24T09,FLA,Florida,TI,Total interchange,-1640,megawatthours,2026-02-24 09:00:00,-1640.0
2026-02-24T08,FLA,Florida,D,Demand,27602,megawatthours,2026-02-24 08:00:00,27602.0
2026-02-24T08,FLA,Florida,DF,Day-ahead demand forecast,25401,megawatthours,2026-02-24 08:00:00,25401.0
2026-02-24T08,FLA,Florida,NG,Net generation,25977,megawatthours,2026-02-24 08:00:00,25977.0
2026-02-24T08,FLA,Florida,TI,Total interchange,-1615,megawatthours,2026-02-24 08:00:00,-1615.0
2026-02-24T07,FLA,Florida,D,Demand,27185,megawatthours,2026-02-24 07:00:00,27185.0
2026-02-24T07,FLA,Florida,DF,Day-ahead demand forecast,25120,megawatthours,2026-02-24 07:00:00,25120.0
2026-02-24T07,FLA,Florida,NG,Net generation,26007,megawatthours,2026-02-24 07:00:00,26007.0
2026-02-24T07,FLA,Florida,TI,Total interchange,-1170,megawatthours,2026-02-24 07:00:00,-1170.0
2026-02-24T06,FLA,Florida,D,Demand,27178,megawatthours,2026-02-24 06:00:00,27178.0
2026-02-24T06,FLA,Florida,DF,Day-ahead demand forecast,25358,megawatthours,2026-02-24 06:00:00,25358.0
2026-02-24T06,FLA,Florida,NG,Net generation,26905,megawatthours,2026-02-24 06:00:00,26905.0
2026-02-24T06,FLA,Florida,TI,Total interchange,-256,megawatthours,2026-02-24 06:00:00,-256.0
2026-02-24T05,FLA,Florida,D,Demand,28025,megawatthours,2026-02-24 05:00:00,28025.0
2026-02-24T05,FLA,Florida,DF,Day-ahead demand forecast,26262,megawatthours,2026-02-24 05:00:00,26262.0
2026-02-24T05,FLA,Florida,NG,Net generation,28096,megawatthours,2026-02-24 05:00:00,28096.0
2026-02-24T05,FLA,Florida,TI,Total interchange,78,megawatthours,2026-02-24 05:00:00,78.0
2026-02-24T04,FLA,Florida,D,Demand,29611,megawatthours,2026-02-24 04:00:00,29611.0
2026-02-24T04,FLA,Florida,DF,Day-ahead demand forecast,27701,megawatthours,2026-02-24 04:00:00,27701.0
2026-02-24T04,FLA,Florida,NG,Net generation,29653,megawatthours,2026-02-24 04:00:00,29653.0
2026-02-24T04,FLA,Florida,TI,Total interchange,57,megawatthours,2026-02-24 04:00:00,57.0
2026-02-24T03,FLA,Florida,D,Demand,31111,megawatthours,2026-02-24 03:00:00,31111.0
2026-02-24T03,FLA,Florida,DF,Day-ahead demand forecast,29213,megawatthours,2026-02-24 03:00:00,29213.0
2026-02-24T03,FLA,Florida,NG,Net generation,31381,megawatthours,2026-02-24 03:00:00,31381.0
2026-02-24T03,FLA,Florida,TI,Total interchange,275,megawatthours,2026-02-24 03:00:00,275.0
2026-02-24T02,FLA,Florida,D,Demand,32048,megawatthours,2026-02-24 02:00:00,32048.0
2026-02-24T02,FLA,Florida,DF,Day-ahead demand forecast,30325,megawatthours,2026-02-24 02:00:00,30325.0
2026-02-24T02,FLA,Florida,NG,Net generation,32209,megawatthours,2026-02-24 02:00:00,32209.0
2026-02-24T02,FLA,Florida,TI,Total interchange,165,megawatthours,2026-02-24 02:00:00,165.0
2026-02-24T01,FLA,Florida,D,Demand,32176,megawatthours,2026-02-24 01:00:00,32176.0
2026-02-24T01,FLA,Florida,DF,Day-ahead demand forecast,30507,megawatthours,2026-02-24 01:00:00,30507.0
2026-02-24T01,FLA,Florida,NG,Net generation,32357,megawatthours,2026-02-24 01:00:00,32357.0
2026-02-24T01,FLA,Florida,TI,Total interchange,182,megawatthours,2026-02-24 01:00:00,182.0
2026-02-24T00,FLA,Florida,D,Demand,30216,megawatthours,2026-02-24 00:00:00,30216.0
2026-02-24T00,FLA,Florida,DF,Day-ahead demand forecast,29521,megawatthours,2026-02-24 00:00:00,29521.0
2026-02-24T00,FLA,Florida,NG,Net generation,30432,megawatthours,2026-02-24 00:00:00,30432.0
2026-02-24T00,FLA,Florida,TI,Total interchange,220,megawatthours,2026-02-24 00:00:00,220.0
2026-02-23T23,FLA,Florida,D,Demand,27557,megawatthours,2026-02-23 23:00:00,27557.0
2026-02-23T23,FLA,Florida,DF,Day-ahead demand forecast,27391,megawatthours,2026-02-23 23:00:00,27391.0
2026-02-23T23,FLA,Florida,NG,Net generation,27481,megawatthours,2026-02-23 23:00:00,27481.0
2026-02-23T23,FLA,Florida,TI,Total interchange,-66,megawatthours,2026-02-23 23:00:00,-66.0
2026-02-23T22,FLA,Florida,D,Demand,25778,megawatthours,2026-02-23 22:00:00,25778.0
2026-02-23T22,FLA,Florida,DF,Day-ahead demand forecast,25870,megawatthours,2026-02-23 22:00:00,25870.0
2026-02-23T22,FLA,Florida,NG,Net generation,26069,megawatthours,2026-02-23 22:00:00,26069.0
2026-02-23T22,FLA,Florida,TI,Total interchange,304,megawatthours,2026-02-23 22:00:00,304.0
2026-02-23T21,FLA,Florida,D,Demand,24911,megawatthours,2026-02-23 21:00:00,24911.0
2026-02-23T21,FLA,Florida,DF,Day-ahead demand forecast,25021,megawatthours,2026-02-23 21:00:00,25021.0
2026-02-23T21,FLA,Florida,NG,Net generation,25280,megawatthours,2026-02-23 21:00:00,25280.0
2026-02-23T21,FLA,Florida,TI,Total interchange,375,megawatthours,2026-02-23 21:00:00,375.0
2026-02-23T20,FLA,Florida,D,Demand,24973,megawatthours,2026-02-23 20:00:00,24973.0
2026-02-23T20,FLA,Florida,DF,Day-ahead demand forecast,24923,megawatthours,2026-02-23 20:00:00,24923.0
2026-02-23T20,FLA,Florida,NG,Net generation,25528,megawatthours,2026-02-23 20:00:00,25528.0
2026-02-23T20,FLA,Florida,TI,Total interchange,567,megawatthours,2026-02-23 20:00:00,567.0
2026-02-23T19,FLA,Florida,D,Demand,25861,megawatthours,2026-02-23 19:00:00,25861.0
2026-02-23T19,FLA,Florida,DF,Day-ahead demand forecast,25281,megawatthours,2026-02-23 19:00:00,25281.0
2026-02-23T19,FLA,Florida,NG,Net generation,26467,megawatthours,2026-02-23 19:00:00,26467.0
2026-02-23T19,FLA,Florida,TI,Total interchange,613,megawatthours,2026-02-23 19:00:00,613.0
2026-02-23T18,FLA,Florida,D,Demand,26703,megawatthours,2026-02-23 18:00:00,26703.0
2026-02-23T18,FLA,Florida,DF,Day-ahead demand forecast,25821,megawatthours,2026-02-23 18:00:00,25821.0
2026-02-23T18,FLA,Florida,NG,Net generation,27188,megawatthours,2026-02-23 18:00:00,27188.0
2026-02-23T18,FLA,Florida,TI,Total interchange,496,megawatthours,2026-02-23 18:00:00,496.0
2026-02-23T17,FLA,Florida,D,Demand,27462,megawatthours,2026-02-23 17:00:00,27462.0
2026-02-23T17,FLA,Florida,DF,Day-ahead demand forecast,26652,megawatthours,2026-02-23 17:00:00,26652.0
2026-02-23T17,FLA,Florida,NG,Net generation,27815,megawatthours,2026-02-23 17:00:00,27815.0
2026-02-23T17,FLA,Florida,TI,Total interchange,365,megawatthours,2026-02-23 17:00:00,365.0
2026-02-23T16,FLA,Florida,D,Demand,28449,megawatthours,2026-02-23 16:00:00,28449.0
2026-02-23T16,FLA,Florida,DF,Day-ahead demand forecast,27724,megawatthours,2026-02-23 16:00:00,27724.0
2026-02-23T16,FLA,Florida,NG,Net generation,28554,megawatthours,2026-02-23 16:00:00,28554.0
2026-02-23T16,FLA,Florida,TI,Total interchange,114,megawatthours,2026-02-23 16:00:00,114.0
2026-02-23T15,FLA,Florida,D,Demand,29541,megawatthours,2026-02-23 15:00:00,29541.0
2026-02-23T15,FLA,Florida,DF,Day-ahead demand forecast,28605,megawatthours,2026-02-23 15:00:00,28605.0
2026-02-23T15,FLA,Florida,NG,Net generation,29478,megawatthours,2026-02-23 15:00:00,29478.0
2026-02-23T15,FLA,Florida,TI,Total interchange,-53,megawatthours,2026-02-23 15:00:00,-53.0
2026-02-23T14,FLA,Florida,D,Demand,30099,megawatthours,2026-02-23 14:00:00,30099.0
2026-02-23T14,FLA,Florida,DF,Day-ahead demand forecast,29494,megawatthours,2026-02-23 14:00:00,29494.0
2026-02-23T14,FLA,Florida,NG,Net generation,29751,megawatthours,2026-02-23 14:00:00,29751.0
2026-02-23T14,FLA,Florida,TI,Total interchange,-340,megawatthours,2026-02-23 14:00:00,-340.0
2026-02-23T13,FLA,Florida,D,Demand,29496,megawatthours,2026-02-23 13:00:00,29496.0
2026-02-23T13,FLA,Florida,DF,Day-ahead demand forecast,28881,megawatthours,2026-02-23 13:00:00,28881.0
2026-02-23T13,FLA,Florida,NG,Net generation,29260,megawatthours,2026-02-23 13:00:00,29260.0
2026-02-23T13,FLA,Florida,TI,Total interchange,-226,megawatthours,2026-02-23 13:00:00,-226.0
2026-02-23T12,FLA,Florida,D,Demand,26614,megawatthours,2026-02-23 12:00:00,26614.0
2026-02-23T12,FLA,Florida,DF,Day-ahead demand forecast,25848,megawatthours,2026-02-23 12:00:00,25848.0
2026-02-23T12,FLA,Florida,NG,Net generation,26473,megawatthours,2026-02-23 12:00:00,26473.0
2026-02-23T12,FLA,Florida,TI,Total interchange,-132,megawatthours,2026-02-23 12:00:00,-132.0
2026-02-23T11,FLA,Florida,D,Demand,23003,megawatthours,2026-02-23 11:00:00,23003.0
2026-02-23T11,FLA,Florida,DF,Day-ahead demand forecast,22722,megawatthours,2026-02-23 11:00:00,22722.0
2026-02-23T11,FLA,Florida,NG,Net generation,22926,megawatthours,2026-02-23 11:00:00,22926.0
2026-02-23T11,FLA,Florida,TI,Total interchange,-61,megawatthours,2026-02-23 11:00:00,-61.0
2026-02-23T10,FLA,Florida,D,Demand,20590,megawatthours,2026-02-23 10:00:00,20590.0
2026-02-23T10,FLA,Florida,DF,Day-ahead demand forecast,20186,megawatthours,2026-02-23 10:00:00,20186.0
2026-02-23T10,FLA,Florida,NG,Net generation,20804,megawatthours,2026-02-23 10:00:00,20804.0
2026-02-23T10,FLA,Florida,TI,Total interchange,227,megawatthours,2026-02-23 10:00:00,227.0
2026-02-23T09,FLA,Florida,D,Demand,19779,megawatthours,2026-02-23 09:00:00,19779.0
2026-02-23T09,FLA,Florida,DF,Day-ahead demand forecast,19011,megawatthours,2026-02-23 09:00:00,19011.0
2026-02-23T09,FLA,Florida,NG,Net generation,19976,megawatthours,2026-02-23 09:00:00,19976.0
2026-02-23T09,FLA,Florida,TI,Total interchange,201,megawatthours,2026-02-23 09:00:00,201.0
2026-02-23T08,FLA,Florida,D,Demand,19256,megawatthours,2026-02-23 08:00:00,19256.0
2026-02-23T08,FLA,Florida,DF,Day-ahead demand forecast,18564,megawatthours,2026-02-23 08:00:00,18564.0
2026-02-23T08,FLA,Florida,NG,Net generation,19483,megawatthours,2026-02-23 08:00:00,19483.0
2026-02-23T08,FLA,Florida,TI,Total interchange,238,megawatthours,2026-02-23 08:00:00,238.0
2026-02-23T07,FLA,Florida,D,Demand,19512,megawatthours,2026-02-23 07:00:00,19512.0
2026-02-23T07,FLA,Florida,DF,Day-ahead demand forecast,18724,megawatthours,2026-02-23 07:00:00,18724.0
2026-02-23T07,FLA,Florida,NG,Net generation,19808,megawatthours,2026-02-23 07:00:00,19808.0
2026-02-23T07,FLA,Florida,TI,Total interchange,304,megawatthours,2026-02-23 07:00:00,304.0
2026-02-23T06,FLA,Florida,D,Demand,20335,megawatthours,2026-02-23 06:00:00,20335.0
2026-02-23T06,FLA,Florida,DF,Day-ahead demand forecast,19574,megawatthours,2026-02-23 06:00:00,19574.0
2026-02-23T06,FLA,Florida,NG,Net generation,20607,megawatthours,2026-02-23 06:00:00,20607.0
2026-02-23T06,FLA,Florida,TI,Total interchange,283,megawatthours,2026-02-23 06:00:00,283.0
2026-02-23T05,FLA,Florida,D,Demand,22537,megawatthours,2026-02-23 05:00:00,22537.0
2026-02-23T05,FLA,Florida,DF,Day-ahead demand forecast,21430,megawatthours,2026-02-23 05:00:00,21430.0
2026-02-23T05,FLA,Florida,NG,Net generation,22752,megawatthours,2026-02-23 05:00:00,22752.0
2026-02-23T05,FLA,Florida,TI,Total interchange,221,megawatthours,2026-02-23 05:00:00,221.0
2026-02-23T04,FLA,Florida,D,Demand,24132,megawatthours,2026-02-23 04:00:00,24132.0
2026-02-23T04,FLA,Florida,DF,Day-ahead demand forecast,22557,megawatthours,2026-02-23 04:00:00,22557.0
2026-02-23T04,FLA,Florida,NG,Net generation,24302,megawatthours,2026-02-23 04:00:00,24302.0
2026-02-23T04,FLA,Florida,TI,Total interchange,180,megawatthours,2026-02-23 04:00:00,180.0
2026-02-23T03,FLA,Florida,D,Demand,26199,megawatthours,2026-02-23 03:00:00,26199.0
2026-02-23T03,FLA,Florida,DF,Day-ahead demand forecast,24019,megawatthours,2026-02-23 03:00:00,24019.0
2026-02-23T03,FLA,Florida,NG,Net generation,26392,megawatthours,2026-02-23 03:00:00,26392.0
2026-02-23T03,FLA,Florida,TI,Total interchange,209,megawatthours,2026-02-23 03:00:00,209.0
2026-02-23T02,FLA,Florida,D,Demand,27787,megawatthours,2026-02-23 02:00:00,27787.0
2026-02-23T02,FLA,Florida,DF,Day-ahead demand forecast,25266,megawatthours,2026-02-23 02:00:00,25266.0
2026-02-23T02,FLA,Florida,NG,Net generation,28175,megawatthours,2026-02-23 02:00:00,28175.0
2026-02-23T02,FLA,Florida,TI,Total interchange,388,megawatthours,2026-02-23 02:00:00,388.0
2026-02-23T01,FLA,Florida,D,Demand,28788,megawatthours,2026-02-23 01:00:00,28788.0
2026-02-23T01,FLA,Florida,DF,Day-ahead demand forecast,26321,megawatthours,2026-02-23 01:00:00,26321.0
2026-02-23T01,FLA,Florida,NG,Net generation,29054,megawatthours,2026-02-23 01:00:00,29054.0
2026-02-23T01,FLA,Florida,TI,Total interchange,265,megawatthours,2026-02-23 01:00:00,265.0
2026-02-23T00,FLA,Florida,D,Demand,28570,megawatthours,2026-02-23 00:00:00,28570.0
2026-02-23T00,FLA,Florida,DF,Day-ahead demand forecast,27139,megawatthours,2026-02-23 00:00:00,27139.0
2026-02-23T00,FLA,Florida,NG,Net generation,28701,megawatthours,2026-02-23 00:00:00,28701.0
2026-02-23T00,FLA,Florida,TI,Total interchange,143,megawatthours,2026-02-23 00:00:00,143.0
2026-02-22T23,FLA,Florida,D,Demand,28562,megawatthours,2026-02-22 23:00:00,28562.0
2026-02-22T23,FLA,Florida,DF,Day-ahead demand forecast,27015,megawatthours,2026-02-22 23:00:00,27015.0
2026-02-22T23,FLA,Florida,NG,Net generation,28839,megawatthours,2026-02-22 23:00:00,28839.0
2026-02-22T23,FLA,Florida,TI,Total interchange,288,megawatthours,2026-02-22 23:00:00,288.0
2026-02-22T22,FLA,Florida,D,Demand,28885,megawatthours,2026-02-22 22:00:00,28885.0
2026-02-22T22,FLA,Florida,DF,Day-ahead demand forecast,27457,megawatthours,2026-02-22 22:00:00,27457.0
2026-02-22T22,FLA,Florida,NG,Net generation,29172,megawatthours,2026-02-22 22:00:00,29172.0
2026-02-22T22,FLA,Florida,TI,Total interchange,296,megawatthours,2026-02-22 22:00:00,296.0
2026-02-22T21,FLA,Florida,D,Demand,29052,megawatthours,2026-02-22 21:00:00,29052.0
2026-02-22T21,FLA,Florida,DF,Day-ahead demand forecast,27619,megawatthours,2026-02-22 21:00:00,27619.0
2026-02-22T21,FLA,Florida,NG,Net generation,29259,megawatthours,2026-02-22 21:00:00,29259.0
2026-02-22T21,FLA,Florida,TI,Total interchange,219,megawatthours,2026-02-22 21:00:00,219.0
2026-02-22T20,FLA,Florida,D,Demand,29195,megawatthours,2026-02-22 20:00:00,29195.0
2026-02-22T20,FLA,Florida,DF,Day-ahead demand forecast,27699,megawatthours,2026-02-22 20:00:00,27699.0
2026-02-22T20,FLA,Florida,NG,Net generation,29559,megawatthours,2026-02-22 20:00:00,29559.0
2026-02-22T20,FLA,Florida,TI,Total interchange,374,megawatthours,2026-02-22 20:00:00,374.0
2026-02-22T19,FLA,Florida,D,Demand,29409,megawatthours,2026-02-22 19:00:00,29409.0
2026-02-22T19,FLA,Florida,DF,Day-ahead demand forecast,27547,megawatthours,2026-02-22 19:00:00,27547.0
2026-02-22T19,FLA,Florida,NG,Net generation,29635,megawatthours,2026-02-22 19:00:00,29635.0
2026-02-22T19,FLA,Florida,TI,Total interchange,235,megawatthours,2026-02-22 19:00:00,235.0
2026-02-22T18,FLA,Florida,D,Demand,29136,megawatthours,2026-02-22 18:00:00,29136.0
2026-02-22T18,FLA,Florida,DF,Day-ahead demand forecast,26834,megawatthours,2026-02-22 18:00:00,26834.0
2026-02-22T18,FLA,Florida,NG,Net generation,29338,megawatthours,2026-02-22 18:00:00,29338.0
2026-02-22T18,FLA,Florida,TI,Total interchange,214,megawatthours,2026-02-22 18:00:00,214.0
2026-02-22T17,FLA,Florida,D,Demand,28158,megawatthours,2026-02-22 17:00:00,28158.0
2026-02-22T17,FLA,Florida,DF,Day-ahead demand forecast,25787,megawatthours,2026-02-22 17:00:00,25787.0
2026-02-22T17,FLA,Florida,NG,Net generation,28244,megawatthours,2026-02-22 17:00:00,28244.0
2026-02-22T17,FLA,Florida,TI,Total interchange,94,megawatthours,2026-02-22 17:00:00,94.0
2026-02-22T16,FLA,Florida,D,Demand,27206,megawatthours,2026-02-22 16:00:00,27206.0
2026-02-22T16,FLA,Florida,DF,Day-ahead demand forecast,24665,megawatthours,2026-02-22 16:00:00,24665.0
2026-02-22T16,FLA,Florida,NG,Net generation,27227,megawatthours,2026-02-22 16:00:00,27227.0
2026-02-22T16,FLA,Florida,TI,Total interchange,32,megawatthours,2026-02-22 16:00:00,32.0
2026-02-22T15,FLA,Florida,D,Demand,25267,megawatthours,2026-02-22 15:00:00,25267.0
2026-02-22T15,FLA,Florida,DF,Day-ahead demand forecast,23417,megawatthours,2026-02-22 15:00:00,23417.0
2026-02-22T15,FLA,Florida,NG,Net generation,25291,megawatthours,2026-02-22 15:00:00,25291.0
2026-02-22T15,FLA,Florida,TI,Total interchange,32,megawatthours,2026-02-22 15:00:00,32.0
2026-02-22T14,FLA,Florida,D,Demand,22857,megawatthours,2026-02-22 14:00:00,22857.0
2026-02-22T14,FLA,Florida,DF,Day-ahead demand forecast,21745,megawatthours,2026-02-22 14:00:00,21745.0
2026-02-22T14,FLA,Florida,NG,Net generation,22945,megawatthours,2026-02-22 14:00:00,22945.0
2026-02-22T14,FLA,Florida,TI,Total interchange,99,megawatthours,2026-02-22 14:00:00,99.0
2026-02-22T13,FLA,Florida,D,Demand,20102,megawatthours,2026-02-22 13:00:00,20102.0
2026-02-22T13,FLA,Florida,DF,Day-ahead demand forecast,19462,megawatthours,2026-02-22 13:00:00,19462.0
2026-02-22T13,FLA,Florida,NG,Net generation,20230,megawatthours,2026-02-22 13:00:00,20230.0
2026-02-22T13,FLA,Florida,TI,Total interchange,136,megawatthours,2026-02-22 13:00:00,136.0
2026-02-22T12,FLA,Florida,D,Demand,18882,megawatthours,2026-02-22 12:00:00,18882.0
2026-02-22T12,FLA,Florida,DF,Day-ahead demand forecast,17872,megawatthours,2026-02-22 12:00:00,17872.0
2026-02-22T12,FLA,Florida,NG,Net generation,19025,megawatthours,2026-02-22 12:00:00,19025.0
2026-02-22T12,FLA,Florida,TI,Total interchange,150,megawatthours,2026-02-22 12:00:00,150.0
2026-02-22T11,FLA,Florida,D,Demand,18181,megawatthours,2026-02-22 11:00:00,18181.0
2026-02-22T11,FLA,Florida,DF,Day-ahead demand forecast,17289,megawatthours,2026-02-22 11:00:00,17289.0
2026-02-22T11,FLA,Florida,NG,Net generation,18308,megawatthours,2026-02-22 11:00:00,18308.0
2026-02-22T11,FLA,Florida,TI,Total interchange,143,megawatthours,2026-02-22 11:00:00,143.0
2026-02-22T10,FLA,Florida,D,Demand,18298,megawatthours,2026-02-22 10:00:00,18298.0
2026-02-22T10,FLA,Florida,DF,Day-ahead demand forecast,16875,megawatthours,2026-02-22 10:00:00,16875.0
2026-02-22T10,FLA,Florida,NG,Net generation,18447,megawatthours,2026-02-22 10:00:00,18447.0
2026-02-22T10,FLA,Florida,TI,Total interchange,158,megawatthours,2026-02-22 10:00:00,158.0
2026-02-22T09,FLA,Florida,D,Demand,18565,megawatthours,2026-02-22 09:00:00,18565.0
2026-02-22T09,FLA,Florida,DF,Day-ahead demand forecast,17154,megawatthours,2026-02-22 09:00:00,17154.0
2026-02-22T09,FLA,Florida,NG,Net generation,18764,megawatthours,2026-02-22 09:00:00,18764.0
2026-02-22T09,FLA,Florida,TI,Total interchange,202,megawatthours,2026-02-22 09:00:00,202.0
2026-02-22T08,FLA,Florida,D,Demand,19117,megawatthours,2026-02-22 08:00:00,19117.0
2026-02-22T08,FLA,Florida,DF,Day-ahead demand forecast,17601,megawatthours,2026-02-22 08:00:00,17601.0
2026-02-22T08,FLA,Florida,NG,Net generation,19260,megawatthours,2026-02-22 08:00:00,19260.0
2026-02-22T08,FLA,Florida,TI,Total interchange,155,megawatthours,2026-02-22 08:00:00,155.0
2026-02-22T07,FLA,Florida,D,Demand,20317,megawatthours,2026-02-22 07:00:00,20317.0
2026-02-22T07,FLA,Florida,DF,Day-ahead demand forecast,18690,megawatthours,2026-02-22 07:00:00,18690.0
2026-02-22T07,FLA,Florida,NG,Net generation,20511,megawatthours,2026-02-22 07:00:00,20511.0
2026-02-22T07,FLA,Florida,TI,Total interchange,207,megawatthours,2026-02-22 07:00:00,207.0
2026-02-22T06,FLA,Florida,D,Demand,21860,megawatthours,2026-02-22 06:00:00,21860.0
2026-02-22T06,FLA,Florida,DF,Day-ahead demand forecast,20246,megawatthours,2026-02-22 06:00:00,20246.0
2026-02-22T06,FLA,Florida,NG,Net generation,22006,megawatthours,2026-02-22 06:00:00,22006.0
2026-02-22T06,FLA,Florida,TI,Total interchange,161,megawatthours,2026-02-22 06:00:00,161.0
2026-02-22T05,FLA,Florida,D,Demand,23927,megawatthours,2026-02-22 05:00:00,23927.0
2026-02-22T05,FLA,Florida,DF,Day-ahead demand forecast,21789,megawatthours,2026-02-22 05:00:00,21789.0
2026-02-22T05,FLA,Florida,NG,Net generation,24106,megawatthours,2026-02-22 05:00:00,24106.0
2026-02-22T05,FLA,Florida,TI,Total interchange,185,megawatthours,2026-02-22 05:00:00,185.0
2026-02-22T04,FLA,Florida,D,Demand,26008,megawatthours,2026-02-22 04:00:00,26008.0
2026-02-22T04,FLA,Florida,DF,Day-ahead demand forecast,24123,megawatthours,2026-02-22 04:00:00,24123.0
2026-02-22T04,FLA,Florida,NG,Net generation,26109,megawatthours,2026-02-22 04:00:00,26109.0
2026-02-22T04,FLA,Florida,TI,Total interchange,109,megawatthours,2026-02-22 04:00:00,109.0
2026-02-22T03,FLA,Florida,D,Demand,28079,megawatthours,2026-02-22 03:00:00,28079.0
2026-02-22T03,FLA,Florida,DF,Day-ahead demand forecast,25998,megawatthours,2026-02-22 03:00:00,25998.0
2026-02-22T03,FLA,Florida,NG,Net generation,28049,megawatthours,2026-02-22 03:00:00,28049.0
2026-02-22T03,FLA,Florida,TI,Total interchange,-19,megawatthours,2026-02-22 03:00:00,-19.0
2026-02-22T02,FLA,Florida,D,Demand,29668,megawatthours,2026-02-22 02:00:00,29668.0
2026-02-22T02,FLA,Florida,DF,Day-ahead demand forecast,27846,megawatthours,2026-02-22 02:00:00,27846.0
2026-02-22T02,FLA,Florida,NG,Net generation,29623,megawatthours,2026-02-22 02:00:00,29623.0
2026-02-22T02,FLA,Florida,TI,Total interchange,-36,megawatthours,2026-02-22 02:00:00,-36.0
2026-02-22T01,FLA,Florida,D,Demand,31325,megawatthours,2026-02-22 01:00:00,31325.0
2026-02-22T01,FLA,Florida,DF,Day-ahead demand forecast,29460,megawatthours,2026-02-22 01:00:00,29460.0
2026-02-22T01,FLA,Florida,NG,Net generation,31299,megawatthours,2026-02-22 01:00:00,31299.0
2026-02-22T01,FLA,Florida,TI,Total interchange,-16,megawatthours,2026-02-22 01:00:00,-16.0
2026-02-22T00,FLA,Florida,D,Demand,32577,megawatthours,2026-02-22 00:00:00,32577.0
2026-02-22T00,FLA,Florida,DF,Day-ahead demand forecast,30874,megawatthours,2026-02-22 00:00:00,30874.0
2026-02-22T00,FLA,Florida,NG,Net generation,32570,megawatthours,2026-02-22 00:00:00,32570.0
2026-02-22T00,FLA,Florida,TI,Total interchange,0,megawatthours,2026-02-22 00:00:00,0.0
2026-02-21T23,FLA,Florida,D,Demand,34384,megawatthours,2026-02-21 23:00:00,34384.0
2026-02-21T23,FLA,Florida,DF,Day-ahead demand forecast,31474,megawatthours,2026-02-21 23:00:00,31474.0
2026-02-21T23,FLA,Florida,NG,Net generation,34302,megawatthours,2026-02-21 23:00:00,34302.0
2026-02-21T23,FLA,Florida,TI,Total interchange,-74,megawatthours,2026-02-21 23:00:00,-74.0
2026-02-21T22,FLA,Florida,D,Demand,35173,megawatthours,2026-02-21 22:00:00,35173.0
2026-02-21T22,FLA,Florida,DF,Day-ahead demand forecast,32301,megawatthours,2026-02-21 22:00:00,32301.0
2026-02-21T22,FLA,Florida,NG,Net generation,35049,megawatthours,2026-02-21 22:00:00,35049.0
2026-02-21T22,FLA,Florida,TI,Total interchange,-114,megawatthours,2026-02-21 22:00:00,-114.0
2026-02-21T21,FLA,Florida,D,Demand,35082,megawatthours,2026-02-21 21:00:00,35082.0
2026-02-21T21,FLA,Florida,DF,Day-ahead demand forecast,32254,megawatthours,2026-02-21 21:00:00,32254.0
2026-02-21T21,FLA,Florida,NG,Net generation,34932,megawatthours,2026-02-21 21:00:00,34932.0
2026-02-21T21,FLA,Florida,TI,Total interchange,-142,megawatthours,2026-02-21 21:00:00,-142.0
2026-02-21T20,FLA,Florida,D,Demand,34203,megawatthours,2026-02-21 20:00:00,34203.0
2026-02-21T20,FLA,Florida,DF,Day-ahead demand forecast,31695,megawatthours,2026-02-21 20:00:00,31695.0
2026-02-21T20,FLA,Florida,NG,Net generation,34178,megawatthours,2026-02-21 20:00:00,34178.0
2026-02-21T20,FLA,Florida,TI,Total interchange,-18,megawatthours,2026-02-21 20:00:00,-18.0
2026-02-21T19,FLA,Florida,D,Demand,33228,megawatthours,2026-02-21 19:00:00,33228.0
2026-02-21T19,FLA,Florida,DF,Day-ahead demand forecast,30510,megawatthours,2026-02-21 19:00:00,30510.0
2026-02-21T19,FLA,Florida,NG,Net generation,33356,megawatthours,2026-02-21 19:00:00,33356.0
2026-02-21T19,FLA,Florida,TI,Total interchange,134,megawatthours,2026-02-21 19:00:00,134.0
2026-02-21T18,FLA,Florida,D,Demand,31109,megawatthours,2026-02-21 18:00:00,31109.0
2026-02-21T18,FLA,Florida,DF,Day-ahead demand forecast,29124,megawatthours,2026-02-21 18:00:00,29124.0
2026-02-21T18,FLA,Florida,NG,Net generation,31419,megawatthours,2026-02-21 18:00:00,31419.0
2026-02-21T18,FLA,Florida,TI,Total interchange,319,megawatthours,2026-02-21 18:00:00,319.0
2026-02-21T17,FLA,Florida,D,Demand,29181,megawatthours,2026-02-21 17:00:00,29181.0
2026-02-21T17,FLA,Florida,DF,Day-ahead demand forecast,27730,megawatthours,2026-02-21 17:00:00,27730.0
2026-02-21T17,FLA,Florida,NG,Net generation,29305,megawatthours,2026-02-21 17:00:00,29305.0
2026-02-21T17,FLA,Florida,TI,Total interchange,132,megawatthours,2026-02-21 17:00:00,132.0
2026-02-21T16,FLA,Florida,D,Demand,27555,megawatthours,2026-02-21 16:00:00,27555.0
2026-02-21T16,FLA,Florida,DF,Day-ahead demand forecast,26134,megawatthours,2026-02-21 16:00:00,26134.0
2026-02-21T16,FLA,Florida,NG,Net generation,27757,megawatthours,2026-02-21 16:00:00,27757.0
2026-02-21T16,FLA,Florida,TI,Total interchange,209,megawatthours,2026-02-21 16:00:00,209.0
2026-02-21T15,FLA,Florida,D,Demand,25387,megawatthours,2026-02-21 15:00:00,25387.0
2026-02-21T15,FLA,Florida,DF,Day-ahead demand forecast,24511,megawatthours,2026-02-21 15:00:00,24511.0
2026-02-21T15,FLA,Florida,NG,Net generation,25584,megawatthours,2026-02-21 15:00:00,25584.0
2026-02-21T15,FLA,Florida,TI,Total interchange,208,megawatthours,2026-02-21 15:00:00,208.0
2026-02-21T14,FLA,Florida,D,Demand,23009,megawatthours,2026-02-21 14:00:00,23009.0
2026-02-21T14,FLA,Florida,DF,Day-ahead demand forecast,22516,megawatthours,2026-02-21 14:00:00,22516.0
2026-02-21T14,FLA,Florida,NG,Net generation,23209,megawatthours,2026-02-21 14:00:00,23209.0
2026-02-21T14,FLA,Florida,TI,Total interchange,209,megawatthours,2026-02-21 14:00:00,209.0
2026-02-21T13,FLA,Florida,D,Demand,20628,megawatthours,2026-02-21 13:00:00,20628.0
2026-02-21T13,FLA,Florida,DF,Day-ahead demand forecast,20420,megawatthours,2026-02-21 13:00:00,20420.0
2026-02-21T13,FLA,Florida,NG,Net generation,20880,megawatthours,2026-02-21 13:00:00,20880.0
2026-02-21T13,FLA,Florida,TI,Total interchange,266,megawatthours,2026-02-21 13:00:00,266.0
2026-02-21T12,FLA,Florida,D,Demand,19408,megawatthours,2026-02-21 12:00:00,19408.0
2026-02-21T12,FLA,Florida,DF,Day-ahead demand forecast,18887,megawatthours,2026-02-21 12:00:00,18887.0
2026-02-21T12,FLA,Florida,NG,Net generation,19589,megawatthours,2026-02-21 12:00:00,19589.0
2026-02-21T12,FLA,Florida,TI,Total interchange,194,megawatthours,2026-02-21 12:00:00,194.0
2026-02-21T11,FLA,Florida,D,Demand,18559,megawatthours,2026-02-21 11:00:00,18559.0
2026-02-21T11,FLA,Florida,DF,Day-ahead demand forecast,17916,megawatthours,2026-02-21 11:00:00,17916.0
2026-02-21T11,FLA,Florida,NG,Net generation,18841,megawatthours,2026-02-21 11:00:00,18841.0
2026-02-21T11,FLA,Florida,TI,Total interchange,296,megawatthours,2026-02-21 11:00:00,296.0
2026-02-21T10,FLA,Florida,D,Demand,18528,megawatthours,2026-02-21 10:00:00,18528.0
2026-02-21T10,FLA,Florida,DF,Day-ahead demand forecast,17519,megawatthours,2026-02-21 10:00:00,17519.0
2026-02-21T10,FLA,Florida,NG,Net generation,18854,megawatthours,2026-02-21 10:00:00,18854.0
2026-02-21T10,FLA,Florida,TI,Total interchange,334,megawatthours,2026-02-21 10:00:00,334.0
2026-02-21T09,FLA,Florida,D,Demand,18732,megawatthours,2026-02-21 09:00:00,18732.0
2026-02-21T09,FLA,Florida,DF,Day-ahead demand forecast,17554,megawatthours,2026-02-21 09:00:00,17554.0
2026-02-21T09,FLA,Florida,NG,Net generation,18993,megawatthours,2026-02-21 09:00:00,18993.0
2026-02-21T09,FLA,Florida,TI,Total interchange,272,megawatthours,2026-02-21 09:00:00,272.0
2026-02-21T08,FLA,Florida,D,Demand,19469,megawatthours,2026-02-21 08:00:00,19469.0
2026-02-21T08,FLA,Florida,DF,Day-ahead demand forecast,18125,megawatthours,2026-02-21 08:00:00,18125.0
2026-02-21T08,FLA,Florida,NG,Net generation,19721,megawatthours,2026-02-21 08:00:00,19721.0
2026-02-21T08,FLA,Florida,TI,Total interchange,262,megawatthours,2026-02-21 08:00:00,262.0
2026-02-21T07,FLA,Florida,D,Demand,20628,megawatthours,2026-02-21 07:00:00,20628.0
2026-02-21T07,FLA,Florida,DF,Day-ahead demand forecast,19067,megawatthours,2026-02-21 07:00:00,19067.0
2026-02-21T07,FLA,Florida,NG,Net generation,20861,megawatthours,2026-02-21 07:00:00,20861.0
2026-02-21T07,FLA,Florida,TI,Total interchange,243,megawatthours,2026-02-21 07:00:00,243.0
2026-02-21T06,FLA,Florida,D,Demand,22226,megawatthours,2026-02-21 06:00:00,22226.0
2026-02-21T06,FLA,Florida,DF,Day-ahead demand forecast,20596,megawatthours,2026-02-21 06:00:00,20596.0
2026-02-21T06,FLA,Florida,NG,Net generation,22482,megawatthours,2026-02-21 06:00:00,22482.0
2026-02-21T06,FLA,Florida,TI,Total interchange,263,megawatthours,2026-02-21 06:00:00,263.0
2026-02-21T05,FLA,Florida,D,Demand,25169,megawatthours,2026-02-21 05:00:00,25169.0
2026-02-21T05,FLA,Florida,DF,Day-ahead demand forecast,21838,megawatthours,2026-02-21 05:00:00,21838.0
2026-02-21T05,FLA,Florida,NG,Net generation,25216,megawatthours,2026-02-21 05:00:00,25216.0
2026-02-21T05,FLA,Florida,TI,Total interchange,62,megawatthours,2026-02-21 05:00:00,62.0
2026-02-21T04,FLA,Florida,D,Demand,26916,megawatthours,2026-02-21 04:00:00,26916.0
2026-02-21T04,FLA,Florida,DF,Day-ahead demand forecast,24121,megawatthours,2026-02-21 04:00:00,24121.0
2026-02-21T04,FLA,Florida,NG,Net generation,26982,megawatthours,2026-02-21 04:00:00,26982.0
2026-02-21T04,FLA,Florida,TI,Total interchange,72,megawatthours,2026-02-21 04:00:00,72.0
2026-02-21T03,FLA,Florida,D,Demand,28854,megawatthours,2026-02-21 03:00:00,28854.0
2026-02-21T03,FLA,Florida,DF,Day-ahead demand forecast,26115,megawatthours,2026-02-21 03:00:00,26115.0
2026-02-21T03,FLA,Florida,NG,Net generation,28793,megawatthours,2026-02-21 03:00:00,28793.0
2026-02-21T03,FLA,Florida,TI,Total interchange,-54,megawatthours,2026-02-21 03:00:00,-54.0
2026-02-21T02,FLA,Florida,D,Demand,30563,megawatthours,2026-02-21 02:00:00,30563.0
2026-02-21T02,FLA,Florida,DF,Day-ahead demand forecast,27966,megawatthours,2026-02-21 02:00:00,27966.0
2026-02-21T02,FLA,Florida,NG,Net generation,30096,megawatthours,2026-02-21 02:00:00,30096.0
2026-02-21T02,FLA,Florida,TI,Total interchange,-457,megawatthours,2026-02-21 02:00:00,-457.0
2026-02-21T01,FLA,Florida,D,Demand,32201,megawatthours,2026-02-21 01:00:00,32201.0
2026-02-21T01,FLA,Florida,DF,Day-ahead demand forecast,29575,megawatthours,2026-02-21 01:00:00,29575.0
2026-02-21T01,FLA,Florida,NG,Net generation,31580,megawatthours,2026-02-21 01:00:00,31580.0
2026-02-21T01,FLA,Florida,TI,Total interchange,-611,megawatthours,2026-02-21 01:00:00,-611.0
2026-02-21T00,FLA,Florida,D,Demand,33093,megawatthours,2026-02-21 00:00:00,33093.0
2026-02-21T00,FLA,Florida,DF,Day-ahead demand forecast,31159,megawatthours,2026-02-21 00:00:00,31159.0
2026-02-21T00,FLA,Florida,NG,Net generation,32385,megawatthours,2026-02-21 00:00:00,32385.0
2026-02-21T00,FLA,Florida,TI,Total interchange,-701,megawatthours,2026-02-21 00:00:00,-701.0
2026-02-20T23,FLA,Florida,D,Demand,34257,megawatthours,2026-02-20 23:00:00,34257.0
2026-02-20T23,FLA,Florida,DF,Day-ahead demand forecast,31693,megawatthours,2026-02-20 23:00:00,31693.0
2026-02-20T23,FLA,Florida,NG,Net generation,33623,megawatthours,2026-02-20 23:00:00,33623.0
2026-02-20T23,FLA,Florida,TI,Total interchange,-624,megawatthours,2026-02-20 23:00:00,-624.0
2026-02-20T22,FLA,Florida,D,Demand,35558,megawatthours,2026-02-20 22:00:00,35558.0
2026-02-20T22,FLA,Florida,DF,Day-ahead demand forecast,32196,megawatthours,2026-02-20 22:00:00,32196.0
2026-02-20T22,FLA,Florida,NG,Net generation,34925,megawatthours,2026-02-20 22:00:00,34925.0
2026-02-20T22,FLA,Florida,TI,Total interchange,-621,megawatthours,2026-02-20 22:00:00,-621.0
2026-02-20T21,FLA,Florida,D,Demand,35223,megawatthours,2026-02-20 21:00:00,35223.0
2026-02-20T21,FLA,Florida,DF,Day-ahead demand forecast,31923,megawatthours,2026-02-20 21:00:00,31923.0
2026-02-20T21,FLA,Florida,NG,Net generation,34687,megawatthours,2026-02-20 21:00:00,34687.0
2026-02-20T21,FLA,Florida,TI,Total interchange,-525,megawatthours,2026-02-20 21:00:00,-525.0
2026-02-20T20,FLA,Florida,D,Demand,34211,megawatthours,2026-02-20 20:00:00,34211.0
2026-02-20T20,FLA,Florida,DF,Day-ahead demand forecast,31193,megawatthours,2026-02-20 20:00:00,31193.0
2026-02-20T20,FLA,Florida,NG,Net generation,33750,megawatthours,2026-02-20 20:00:00,33750.0
2026-02-20T20,FLA,Florida,TI,Total interchange,-452,megawatthours,2026-02-20 20:00:00,-452.0
2026-02-20T19,FLA,Florida,D,Demand,33011,megawatthours,2026-02-20 19:00:00,33011.0
2026-02-20T19,FLA,Florida,DF,Day-ahead demand forecast,30296,megawatthours,2026-02-20 19:00:00,30296.0
2026-02-20T19,FLA,Florida,NG,Net generation,32429,megawatthours,2026-02-20 19:00:00,32429.0
2026-02-20T19,FLA,Florida,TI,Total interchange,-571,megawatthours,2026-02-20 19:00:00,-571.0
2026-02-20T18,FLA,Florida,D,Demand,31423,megawatthours,2026-02-20 18:00:00,31423.0
2026-02-20T18,FLA,Florida,DF,Day-ahead demand forecast,29078,megawatthours,2026-02-20 18:00:00,29078.0
2026-02-20T18,FLA,Florida,NG,Net generation,31050,megawatthours,2026-02-20 18:00:00,31050.0
2026-02-20T18,FLA,Florida,TI,Total interchange,-363,megawatthours,2026-02-20 18:00:00,-363.0
2026-02-20T17,FLA,Florida,D,Demand,29727,megawatthours,2026-02-20 17:00:00,29727.0
2026-02-20T17,FLA,Florida,DF,Day-ahead demand forecast,27868,megawatthours,2026-02-20 17:00:00,27868.0
2026-02-20T17,FLA,Florida,NG,Net generation,29506,megawatthours,2026-02-20 17:00:00,29506.0
2026-02-20T17,FLA,Florida,TI,Total interchange,-211,megawatthours,2026-02-20 17:00:00,-211.0
2026-02-20T16,FLA,Florida,D,Demand,28288,megawatthours,2026-02-20 16:00:00,28288.0
2026-02-20T16,FLA,Florida,DF,Day-ahead demand forecast,26551,megawatthours,2026-02-20 16:00:00,26551.0
2026-02-20T16,FLA,Florida,NG,Net generation,28147,megawatthours,2026-02-20 16:00:00,28147.0
2026-02-20T16,FLA,Florida,TI,Total interchange,-129,megawatthours,2026-02-20 16:00:00,-129.0
2026-02-20T15,FLA,Florida,D,Demand,26307,megawatthours,2026-02-20 15:00:00,26307.0
2026-02-20T15,FLA,Florida,DF,Day-ahead demand forecast,25157,megawatthours,2026-02-20 15:00:00,25157.0
2026-02-20T15,FLA,Florida,NG,Net generation,26217,megawatthours,2026-02-20 15:00:00,26217.0
2026-02-20T15,FLA,Florida,TI,Total interchange,-81,megawatthours,2026-02-20 15:00:00,-81.0
2026-02-20T14,FLA,Florida,D,Demand,24584,megawatthours,2026-02-20 14:00:00,24584.0
2026-02-20T14,FLA,Florida,DF,Day-ahead demand forecast,23764,megawatthours,2026-02-20 14:00:00,23764.0
2026-02-20T14,FLA,Florida,NG,Net generation,24490,megawatthours,2026-02-20 14:00:00,24490.0
2026-02-20T14,FLA,Florida,TI,Total interchange,-83,megawatthours,2026-02-20 14:00:00,-83.0
2026-02-20T13,FLA,Florida,D,Demand,22986,megawatthours,2026-02-20 13:00:00,22986.0
2026-02-20T13,FLA,Florida,DF,Day-ahead demand forecast,22178,megawatthours,2026-02-20 13:00:00,22178.0
2026-02-20T13,FLA,Florida,NG,Net generation,22869,megawatthours,2026-02-20 13:00:00,22869.0
2026-02-20T13,FLA,Florida,TI,Total interchange,-106,megawatthours,2026-02-20 13:00:00,-106.0
2026-02-20T12,FLA,Florida,D,Demand,21673,megawatthours,2026-02-20 12:00:00,21673.0
2026-02-20T12,FLA,Florida,DF,Day-ahead demand forecast,21159,megawatthours,2026-02-20 12:00:00,21159.0
2026-02-20T12,FLA,Florida,NG,Net generation,21647,megawatthours,2026-02-20 12:00:00,21647.0
2026-02-20T12,FLA,Florida,TI,Total interchange,-10,megawatthours,2026-02-20 12:00:00,-10.0
2026-02-20T11,FLA,Florida,D,Demand,19928,megawatthours,2026-02-20 11:00:00,19928.0
2026-02-20T11,FLA,Florida,DF,Day-ahead demand forecast,19109,megawatthours,2026-02-20 11:00:00,19109.0
2026-02-20T11,FLA,Florida,NG,Net generation,20084,megawatthours,2026-02-20 11:00:00,20084.0
2026-02-20T11,FLA,Florida,TI,Total interchange,169,megawatthours,2026-02-20 11:00:00,169.0
2026-02-20T10,FLA,Florida,D,Demand,18896,megawatthours,2026-02-20 10:00:00,18896.0
2026-02-20T10,FLA,Florida,DF,Day-ahead demand forecast,17669,megawatthours,2026-02-20 10:00:00,17669.0
2026-02-20T10,FLA,Florida,NG,Net generation,19026,megawatthours,2026-02-20 10:00:00,19026.0
2026-02-20T10,FLA,Florida,TI,Total interchange,145,megawatthours,2026-02-20 10:00:00,145.0
2026-02-20T09,FLA,Florida,D,Demand,18842,megawatthours,2026-02-20 09:00:00,18842.0
2026-02-20T09,FLA,Florida,DF,Day-ahead demand forecast,17356,megawatthours,2026-02-20 09:00:00,17356.0
2026-02-20T09,FLA,Florida,NG,Net generation,19043,megawatthours,2026-02-20 09:00:00,19043.0
2026-02-20T09,FLA,Florida,TI,Total interchange,211,megawatthours,2026-02-20 09:00:00,211.0
2026-02-20T08,FLA,Florida,D,Demand,19354,megawatthours,2026-02-20 08:00:00,19354.0
2026-02-20T08,FLA,Florida,DF,Day-ahead demand forecast,17699,megawatthours,2026-02-20 08:00:00,17699.0
2026-02-20T08,FLA,Florida,NG,Net generation,19529,megawatthours,2026-02-20 08:00:00,19529.0
2026-02-20T08,FLA,Florida,TI,Total interchange,181,megawatthours,2026-02-20 08:00:00,181.0
2026-02-20T07,FLA,Florida,D,Demand,20159,megawatthours,2026-02-20 07:00:00,20159.0
2026-02-20T07,FLA,Florida,DF,Day-ahead demand forecast,18491,megawatthours,2026-02-20 07:00:00,18491.0
2026-02-20T07,FLA,Florida,NG,Net generation,20408,megawatthours,2026-02-20 07:00:00,20408.0
2026-02-20T07,FLA,Florida,TI,Total interchange,258,megawatthours,2026-02-20 07:00:00,258.0
2026-02-20T06,FLA,Florida,D,Demand,21676,megawatthours,2026-02-20 06:00:00,21676.0
2026-02-20T06,FLA,Florida,DF,Day-ahead demand forecast,19567,megawatthours,2026-02-20 06:00:00,19567.0
2026-02-20T06,FLA,Florida,NG,Net generation,21831,megawatthours,2026-02-20 06:00:00,21831.0
2026-02-20T06,FLA,Florida,TI,Total interchange,161,megawatthours,2026-02-20 06:00:00,161.0
2026-02-20T05,FLA,Florida,D,Demand,24042,megawatthours,2026-02-20 05:00:00,24042.0
2026-02-20T05,FLA,Florida,DF,Day-ahead demand forecast,21062,megawatthours,2026-02-20 05:00:00,21062.0
2026-02-20T05,FLA,Florida,NG,Net generation,24166,megawatthours,2026-02-20 05:00:00,24166.0
2026-02-20T05,FLA,Florida,TI,Total interchange,190,megawatthours,2026-02-20 05:00:00,190.0
2026-02-20T04,FLA,Florida,D,Demand,26705,megawatthours,2026-02-20 04:00:00,26705.0
2026-02-20T04,FLA,Florida,DF,Day-ahead demand forecast,23468,megawatthours,2026-02-20 04:00:00,23468.0
2026-02-20T04,FLA,Florida,NG,Net generation,26620,megawatthours,2026-02-20 04:00:00,26620.0
2026-02-20T04,FLA,Florida,TI,Total interchange,-10,megawatthours,2026-02-20 04:00:00,-10.0
2026-02-20T03,FLA,Florida,D,Demand,29190,megawatthours,2026-02-20 03:00:00,29190.0
2026-02-20T03,FLA,Florida,DF,Day-ahead demand forecast,25851,megawatthours,2026-02-20 03:00:00,25851.0
2026-02-20T03,FLA,Florida,NG,Net generation,28950,megawatthours,2026-02-20 03:00:00,28950.0
2026-02-20T03,FLA,Florida,TI,Total interchange,-160,megawatthours,2026-02-20 03:00:00,-160.0
2026-02-20T02,FLA,Florida,D,Demand,31006,megawatthours,2026-02-20 02:00:00,31006.0
2026-02-20T02,FLA,Florida,DF,Day-ahead demand forecast,27954,megawatthours,2026-02-20 02:00:00,27954.0
2026-02-20T02,FLA,Florida,NG,Net generation,30459,megawatthours,2026-02-20 02:00:00,30459.0
2026-02-20T02,FLA,Florida,TI,Total interchange,-457,megawatthours,2026-02-20 02:00:00,-457.0
2026-02-20T01,FLA,Florida,D,Demand,32183,megawatthours,2026-02-20 01:00:00,32183.0
2026-02-20T01,FLA,Florida,DF,Day-ahead demand forecast,29570,megawatthours,2026-02-20 01:00:00,29570.0
2026-02-20T01,FLA,Florida,NG,Net generation,31461,megawatthours,2026-02-20 01:00:00,31461.0
2026-02-20T01,FLA,Florida,TI,Total interchange,-631,megawatthours,2026-02-20 01:00:00,-631.0
2026-02-20T00,FLA,Florida,D,Demand,32631,megawatthours,2026-02-20 00:00:00,32631.0
2026-02-20T00,FLA,Florida,DF,Day-ahead demand forecast,30857,megawatthours,2026-02-20 00:00:00,30857.0
2026-02-20T00,FLA,Florida,NG,Net generation,31887,megawatthours,2026-02-20 00:00:00,31887.0
2026-02-20T00,FLA,Florida,TI,Total interchange,-653,megawatthours,2026-02-20 00:00:00,-653.0
2026-02-19T23,FLA,Florida,D,Demand,32930,megawatthours,2026-02-19 23:00:00,32930.0
2026-02-19T23,FLA,Florida,DF,Day-ahead demand forecast,30714,megawatthours,2026-02-19 23:00:00,30714.0
2026-02-19T23,FLA,Florida,NG,Net generation,32153,megawatthours,2026-02-19 23:00:00,32153.0
2026-02-19T23,FLA,Florida,TI,Total interchange,-686,megawatthours,2026-02-19 23:00:00,-686.0
2026-02-19T22,FLA,Florida,D,Demand,33387,megawatthours,2026-02-19 22:00:00,33387.0
2026-02-19T22,FLA,Florida,DF,Day-ahead demand forecast,30740,megawatthours,2026-02-19 22:00:00,30740.0
2026-02-19T22,FLA,Florida,NG,Net generation,32884,megawatthours,2026-02-19 22:00:00,32884.0
2026-02-19T22,FLA,Florida,TI,Total interchange,-416,megawatthours,2026-02-19 22:00:00,-416.0
2026-02-19T21,FLA,Florida,D,Demand,33957,megawatthours,2026-02-19 21:00:00,33957.0
2026-02-19T21,FLA,Florida,DF,Day-ahead demand forecast,30418,megawatthours,2026-02-19 21:00:00,30418.0
2026-02-19T21,FLA,Florida,NG,Net generation,33486,megawatthours,2026-02-19 21:00:00,33486.0
2026-02-19T21,FLA,Florida,TI,Total interchange,-388,megawatthours,2026-02-19 21:00:00,-388.0
2026-02-19T20,FLA,Florida,D,Demand,33211,megawatthours,2026-02-19 20:00:00,33211.0
2026-02-19T20,FLA,Florida,DF,Day-ahead demand forecast,29665,megawatthours,2026-02-19 20:00:00,29665.0
2026-02-19T20,FLA,Florida,NG,Net generation,32940,megawatthours,2026-02-19 20:00:00,32940.0
2026-02-19T20,FLA,Florida,TI,Total interchange,-115,megawatthours,2026-02-19 20:00:00,-115.0
2026-02-19T19,FLA,Florida,D,Demand,30935,megawatthours,2026-02-19 19:00:00,30935.0
2026-02-19T19,FLA,Florida,DF,Day-ahead demand forecast,28689,megawatthours,2026-02-19 19:00:00,28689.0
2026-02-19T19,FLA,Florida,NG,Net generation,30743,megawatthours,2026-02-19 19:00:00,30743.0
2026-02-19T19,FLA,Florida,TI,Total interchange,-113,megawatthours,2026-02-19 19:00:00,-113.0
2026-02-19T18,FLA,Florida,D,Demand,29438,megawatthours,2026-02-19 18:00:00,29438.0
2026-02-19T18,FLA,Florida,DF,Day-ahead demand forecast,27455,megawatthours,2026-02-19 18:00:00,27455.0
2026-02-19T18,FLA,Florida,NG,Net generation,29184,megawatthours,2026-02-19 18:00:00,29184.0
2026-02-19T18,FLA,Florida,TI,Total interchange,-173,megawatthours,2026-02-19 18:00:00,-173.0
2026-02-19T17,FLA,Florida,D,Demand,27933,megawatthours,2026-02-19 17:00:00,27933.0
2026-02-19T17,FLA,Florida,DF,Day-ahead demand forecast,26397,megawatthours,2026-02-19 17:00:00,26397.0
2026-02-19T17,FLA,Florida,NG,Net generation,27750,megawatthours,2026-02-19 17:00:00,27750.0
2026-02-19T17,FLA,Florida,TI,Total interchange,-108,megawatthours,2026-02-19 17:00:00,-108.0
2026-02-19T16,FLA,Florida,D,Demand,26537,megawatthours,2026-02-19 16:00:00,26537.0
2026-02-19T16,FLA,Florida,DF,Day-ahead demand forecast,25318,megawatthours,2026-02-19 16:00:00,25318.0
2026-02-19T16,FLA,Florida,NG,Net generation,26495,megawatthours,2026-02-19 16:00:00,26495.0
2026-02-19T16,FLA,Florida,TI,Total interchange,28,megawatthours,2026-02-19 16:00:00,28.0
2026-02-19T15,FLA,Florida,D,Demand,25556,megawatthours,2026-02-19 15:00:00,25556.0
2026-02-19T15,FLA,Florida,DF,Day-ahead demand forecast,24246,megawatthours,2026-02-19 15:00:00,24246.0
2026-02-19T15,FLA,Florida,NG,Net generation,25558,megawatthours,2026-02-19 15:00:00,25558.0
2026-02-19T15,FLA,Florida,TI,Total interchange,66,megawatthours,2026-02-19 15:00:00,66.0
2026-02-19T14,FLA,Florida,D,Demand,24339,megawatthours,2026-02-19 14:00:00,24339.0
2026-02-19T14,FLA,Florida,DF,Day-ahead demand forecast,23236,megawatthours,2026-02-19 14:00:00,23236.0
2026-02-19T14,FLA,Florida,NG,Net generation,24050,megawatthours,2026-02-19 14:00:00,24050.0
2026-02-19T14,FLA,Florida,TI,Total interchange,-228,megawatthours,2026-02-19 14:00:00,-228.0
2026-02-19T13,FLA,Florida,D,Demand,22734,megawatthours,2026-02-19 13:00:00,22734.0
2026-02-19T13,FLA,Florida,DF,Day-ahead demand forecast,22082,megawatthours,2026-02-19 13:00:00,22082.0
2026-02-19T13,FLA,Florida,NG,Net generation,22439,megawatthours,2026-02-19 13:00:00,22439.0
2026-02-19T13,FLA,Florida,TI,Total interchange,-241,megawatthours,2026-02-19 13:00:00,-241.0
2026-02-19T12,FLA,Florida,D,Demand,21509,megawatthours,2026-02-19 12:00:00,21509.0
2026-02-19T12,FLA,Florida,DF,Day-ahead demand forecast,21001,megawatthours,2026-02-19 12:00:00,21001.0
2026-02-19T12,FLA,Florida,NG,Net generation,21347,megawatthours,2026-02-19 12:00:00,21347.0
2026-02-19T12,FLA,Florida,TI,Total interchange,-104,megawatthours,2026-02-19 12:00:00,-104.0
2026-02-19T11,FLA,Florida,D,Demand,19197,megawatthours,2026-02-19 11:00:00,19197.0
2026-02-19T11,FLA,Florida,DF,Day-ahead demand forecast,18839,megawatthours,2026-02-19 11:00:00,18839.0
2026-02-19T11,FLA,Florida,NG,Net generation,19126,megawatthours,2026-02-19 11:00:00,19126.0
2026-02-19T11,FLA,Florida,TI,Total interchange,-17,megawatthours,2026-02-19 11:00:00,-17.0
2026-02-19T10,FLA,Florida,D,Demand,17945,megawatthours,2026-02-19 10:00:00,17945.0
2026-02-19T10,FLA,Florida,DF,Day-ahead demand forecast,17218,megawatthours,2026-02-19 10:00:00,17218.0
2026-02-19T10,FLA,Florida,NG,Net generation,18026,megawatthours,2026-02-19 10:00:00,18026.0
2026-02-19T10,FLA,Florida,TI,Total interchange,127,megawatthours,2026-02-19 10:00:00,127.0
2026-02-19T09,FLA,Florida,D,Demand,18190,megawatthours,2026-02-19 09:00:00,18190.0
2026-02-19T09,FLA,Florida,DF,Day-ahead demand forecast,16688,megawatthours,2026-02-19 09:00:00,16688.0
2026-02-19T09,FLA,Florida,NG,Net generation,18281,megawatthours,2026-02-19 09:00:00,18281.0
2026-02-19T09,FLA,Florida,TI,Total interchange,142,megawatthours,2026-02-19 09:00:00,142.0
2026-02-19T08,FLA,Florida,D,Demand,18661,megawatthours,2026-02-19 08:00:00,18661.0
2026-02-19T08,FLA,Florida,DF,Day-ahead demand forecast,17064,megawatthours,2026-02-19 08:00:00,17064.0
2026-02-19T08,FLA,Florida,NG,Net generation,18764,megawatthours,2026-02-19 08:00:00,18764.0
2026-02-19T08,FLA,Florida,TI,Total interchange,148,megawatthours,2026-02-19 08:00:00,148.0
2026-02-19T07,FLA,Florida,D,Demand,19196,megawatthours,2026-02-19 07:00:00,19196.0
2026-02-19T07,FLA,Florida,DF,Day-ahead demand forecast,17689,megawatthours,2026-02-19 07:00:00,17689.0
2026-02-19T07,FLA,Florida,NG,Net generation,19296,megawatthours,2026-02-19 07:00:00,19296.0
2026-02-19T07,FLA,Florida,TI,Total interchange,154,megawatthours,2026-02-19 07:00:00,154.0
2026-02-19T06,FLA,Florida,D,Demand,20675,megawatthours,2026-02-19 06:00:00,20675.0
2026-02-19T06,FLA,Florida,DF,Day-ahead demand forecast,18844,megawatthours,2026-02-19 06:00:00,18844.0
2026-02-19T06,FLA,Florida,NG,Net generation,20817,megawatthours,2026-02-19 06:00:00,20817.0
2026-02-19T06,FLA,Florida,TI,Total interchange,201,megawatthours,2026-02-19 06:00:00,201.0
2026-02-19T05,FLA,Florida,D,Demand,22801,megawatthours,2026-02-19 05:00:00,22801.0
2026-02-19T05,FLA,Florida,DF,Day-ahead demand forecast,20473,megawatthours,2026-02-19 05:00:00,20473.0
2026-02-19T05,FLA,Florida,NG,Net generation,22855,megawatthours,2026-02-19 05:00:00,22855.0
2026-02-19T05,FLA,Florida,TI,Total interchange,68,megawatthours,2026-02-19 05:00:00,68.0
2026-02-19T04,FLA,Florida,D,Demand,25479,megawatthours,2026-02-19 04:00:00,25479.0
2026-02-19T04,FLA,Florida,DF,Day-ahead demand forecast,22693,megawatthours,2026-02-19 04:00:00,22693.0
2026-02-19T04,FLA,Florida,NG,Net generation,25542,megawatthours,2026-02-19 04:00:00,25542.0
2026-02-19T04,FLA,Florida,TI,Total interchange,73,megawatthours,2026-02-19 04:00:00,73.0
2026-02-19T03,FLA,Florida,D,Demand,27783,megawatthours,2026-02-19 03:00:00,27783.0
2026-02-19T03,FLA,Florida,DF,Day-ahead demand forecast,24916,megawatthours,2026-02-19 03:00:00,24916.0
2026-02-19T03,FLA,Florida,NG,Net generation,27663,megawatthours,2026-02-19 03:00:00,27663.0
2026-02-19T03,FLA,Florida,TI,Total interchange,-111,megawatthours,2026-02-19 03:00:00,-111.0
2026-02-19T02,FLA,Florida,D,Demand,29519,megawatthours,2026-02-19 02:00:00,29519.0
2026-02-19T02,FLA,Florida,DF,Day-ahead demand forecast,26849,megawatthours,2026-02-19 02:00:00,26849.0
2026-02-19T02,FLA,Florida,NG,Net generation,29406,megawatthours,2026-02-19 02:00:00,29406.0
2026-02-19T02,FLA,Florida,TI,Total interchange,-107,megawatthours,2026-02-19 02:00:00,-107.0
2026-02-19T01,FLA,Florida,D,Demand,30410,megawatthours,2026-02-19 01:00:00,30410.0
2026-02-19T01,FLA,Florida,DF,Day-ahead demand forecast,28355,megawatthours,2026-02-19 01:00:00,28355.0
2026-02-19T01,FLA,Florida,NG,Net generation,30047,megawatthours,2026-02-19 01:00:00,30047.0
2026-02-19T01,FLA,Florida,TI,Total interchange,-352,megawatthours,2026-02-19 01:00:00,-352.0
2026-02-19T00,FLA,Florida,D,Demand,30680,megawatthours,2026-02-19 00:00:00,30680.0
2026-02-19T00,FLA,Florida,DF,Day-ahead demand forecast,29408,megawatthours,2026-02-19 00:00:00,29408.0
2026-02-19T00,FLA,Florida,NG,Net generation,30146,megawatthours,2026-02-19 00:00:00,30146.0
2026-02-19T00,FLA,Florida,TI,Total interchange,-525,megawatthours,2026-02-19 00:00:00,-525.0
2026-02-18T23,FLA,Florida,D,Demand,31226,megawatthours,2026-02-18 23:00:00,31226.0
2026-02-18T23,FLA,Florida,DF,Day-ahead demand forecast,29073,megawatthours,2026-02-18 23:00:00,29073.0
2026-02-18T23,FLA,Florida,NG,Net generation,30774,megawatthours,2026-02-18 23:00:00,30774.0
2026-02-18T23,FLA,Florida,TI,Total interchange,-441,megawatthours,2026-02-18 23:00:00,-441.0
2026-02-18T22,FLA,Florida,D,Demand,30810,megawatthours,2026-02-18 22:00:00,30810.0
2026-02-18T22,FLA,Florida,DF,Day-ahead demand forecast,28823,megawatthours,2026-02-18 22:00:00,28823.0
2026-02-18T22,FLA,Florida,NG,Net generation,30650,megawatthours,2026-02-18 22:00:00,30650.0
2026-02-18T22,FLA,Florida,TI,Total interchange,-151,megawatthours,2026-02-18 22:00:00,-151.0
2026-02-18T21,FLA,Florida,D,Demand,30216,megawatthours,2026-02-18 21:00:00,30216.0
2026-02-18T21,FLA,Florida,DF,Day-ahead demand forecast,28446,megawatthours,2026-02-18 21:00:00,28446.0
2026-02-18T21,FLA,Florida,NG,Net generation,30116,megawatthours,2026-02-18 21:00:00,30116.0
2026-02-18T21,FLA,Florida,TI,Total interchange,-90,megawatthours,2026-02-18 21:00:00,-90.0
2026-02-18T20,FLA,Florida,D,Demand,29051,megawatthours,2026-02-18 20:00:00,29051.0
2026-02-18T20,FLA,Florida,DF,Day-ahead demand forecast,27757,megawatthours,2026-02-18 20:00:00,27757.0
2026-02-18T20,FLA,Florida,NG,Net generation,29016,megawatthours,2026-02-18 20:00:00,29016.0
2026-02-18T20,FLA,Florida,TI,Total interchange,-25,megawatthours,2026-02-18 20:00:00,-25.0
2026-02-18T19,FLA,Florida,D,Demand,28424,megawatthours,2026-02-18 19:00:00,28424.0
2026-02-18T19,FLA,Florida,DF,Day-ahead demand forecast,27057,megawatthours,2026-02-18 19:00:00,27057.0
2026-02-18T19,FLA,Florida,NG,Net generation,28303,megawatthours,2026-02-18 19:00:00,28303.0
2026-02-18T19,FLA,Florida,TI,Total interchange,-110,megawatthours,2026-02-18 19:00:00,-110.0
2026-02-18T18,FLA,Florida,D,Demand,27419,megawatthours,2026-02-18 18:00:00,27419.0
2026-02-18T18,FLA,Florida,DF,Day-ahead demand forecast,26308,megawatthours,2026-02-18 18:00:00,26308.0
2026-02-18T18,FLA,Florida,NG,Net generation,27356,megawatthours,2026-02-18 18:00:00,27356.0
2026-02-18T18,FLA,Florida,TI,Total interchange,-55,megawatthours,2026-02-18 18:00:00,-55.0
2026-02-18T17,FLA,Florida,D,Demand,26713,megawatthours,2026-02-18 17:00:00,26713.0
2026-02-18T17,FLA,Florida,DF,Day-ahead demand forecast,25553,megawatthours,2026-02-18 17:00:00,25553.0
2026-02-18T17,FLA,Florida,NG,Net generation,26653,megawatthours,2026-02-18 17:00:00,26653.0
2026-02-18T17,FLA,Florida,TI,Total interchange,-48,megawatthours,2026-02-18 17:00:00,-48.0
2026-02-18T16,FLA,Florida,D,Demand,25912,megawatthours,2026-02-18 16:00:00,25912.0
2026-02-18T16,FLA,Florida,DF,Day-ahead demand forecast,24886,megawatthours,2026-02-18 16:00:00,24886.0
2026-02-18T16,FLA,Florida,NG,Net generation,25900,megawatthours,2026-02-18 16:00:00,25900.0
2026-02-18T16,FLA,Florida,TI,Total interchange,1,megawatthours,2026-02-18 16:00:00,1.0
2026-02-18T15,FLA,Florida,D,Demand,25259,megawatthours,2026-02-18 15:00:00,25259.0
2026-02-18T15,FLA,Florida,DF,Day-ahead demand forecast,24102,megawatthours,2026-02-18 15:00:00,24102.0
2026-02-18T15,FLA,Florida,NG,Net generation,25301,megawatthours,2026-02-18 15:00:00,25301.0
2026-02-18T15,FLA,Florida,TI,Total interchange,54,megawatthours,2026-02-18 15:00:00,54.0
2026-02-18T14,FLA,Florida,D,Demand,24579,megawatthours,2026-02-18 14:00:00,24579.0
2026-02-18T14,FLA,Florida,DF,Day-ahead demand forecast,23488,megawatthours,2026-02-18 14:00:00,23488.0
2026-02-18T14,FLA,Florida,NG,Net generation,24516,megawatthours,2026-02-18 14:00:00,24516.0
2026-02-18T14,FLA,Florida,TI,Total interchange,-56,megawatthours,2026-02-18 14:00:00,-56.0
2026-02-18T13,FLA,Florida,D,Demand,23106,megawatthours,2026-02-18 13:00:00,23106.0
2026-02-18T13,FLA,Florida,DF,Day-ahead demand forecast,22378,megawatthours,2026-02-18 13:00:00,22378.0
2026-02-18T13,FLA,Florida,NG,Net generation,22916,megawatthours,2026-02-18 13:00:00,22916.0
2026-02-18T13,FLA,Florida,TI,Total interchange,-184,megawatthours,2026-02-18 13:00:00,-184.0
2026-02-18T12,FLA,Florida,D,Demand,21938,megawatthours,2026-02-18 12:00:00,21938.0
2026-02-18T12,FLA,Florida,DF,Day-ahead demand forecast,21190,megawatthours,2026-02-18 12:00:00,21190.0
2026-02-18T12,FLA,Florida,NG,Net generation,21827,megawatthours,2026-02-18 12:00:00,21827.0
2026-02-18T12,FLA,Florida,TI,Total interchange,-101,megawatthours,2026-02-18 12:00:00,-101.0
2026-02-18T11,FLA,Florida,D,Demand,20026,megawatthours,2026-02-18 11:00:00,20026.0
2026-02-18T11,FLA,Florida,DF,Day-ahead demand forecast,19222,megawatthours,2026-02-18 11:00:00,19222.0
2026-02-18T11,FLA,Florida,NG,Net generation,20041,megawatthours,2026-02-18 11:00:00,20041.0
2026-02-18T11,FLA,Florida,TI,Total interchange,30,megawatthours,2026-02-18 11:00:00,30.0
2026-02-18T10,FLA,Florida,D,Demand,18376,megawatthours,2026-02-18 10:00:00,18376.0
2026-02-18T10,FLA,Florida,DF,Day-ahead demand forecast,17485,megawatthours,2026-02-18 10:00:00,17485.0
2026-02-18T10,FLA,Florida,NG,Net generation,18522,megawatthours,2026-02-18 10:00:00,18522.0
2026-02-18T10,FLA,Florida,TI,Total interchange,153,megawatthours,2026-02-18 10:00:00,153.0
2026-02-18T09,FLA,Florida,D,Demand,18028,megawatthours,2026-02-18 09:00:00,18028.0
2026-02-18T09,FLA,Florida,DF,Day-ahead demand forecast,16896,megawatthours,2026-02-18 09:00:00,16896.0
2026-02-18T09,FLA,Florida,NG,Net generation,18169,megawatthours,2026-02-18 09:00:00,18169.0
2026-02-18T09,FLA,Florida,TI,Total interchange,150,megawatthours,2026-02-18 09:00:00,150.0
2026-02-18T08,FLA,Florida,D,Demand,18145,megawatthours,2026-02-18 08:00:00,18145.0
2026-02-18T08,FLA,Florida,DF,Day-ahead demand forecast,17117,megawatthours,2026-02-18 08:00:00,17117.0
2026-02-18T08,FLA,Florida,NG,Net generation,18292,megawatthours,2026-02-18 08:00:00,18292.0
2026-02-18T08,FLA,Florida,TI,Total interchange,154,megawatthours,2026-02-18 08:00:00,154.0
2026-02-18T07,FLA,Florida,D,Demand,18909,megawatthours,2026-02-18 07:00:00,18909.0
2026-02-18T07,FLA,Florida,DF,Day-ahead demand forecast,17612,megawatthours,2026-02-18 07:00:00,17612.0
2026-02-18T07,FLA,Florida,NG,Net generation,19003,megawatthours,2026-02-18 07:00:00,19003.0
2026-02-18T07,FLA,Florida,TI,Total interchange,106,megawatthours,2026-02-18 07:00:00,106.0
2026-02-18T06,FLA,Florida,D,Demand,20240,megawatthours,2026-02-18 06:00:00,20240.0
2026-02-18T06,FLA,Florida,DF,Day-ahead demand forecast,18656,megawatthours,2026-02-18 06:00:00,18656.0
2026-02-18T06,FLA,Florida,NG,Net generation,20272,megawatthours,2026-02-18 06:00:00,20272.0
2026-02-18T06,FLA,Florida,TI,Total interchange,40,megawatthours,2026-02-18 06:00:00,40.0
2026-02-18T05,FLA,Florida,D,Demand,22115,megawatthours,2026-02-18 05:00:00,22115.0
2026-02-18T05,FLA,Florida,DF,Day-ahead demand forecast,20083,megawatthours,2026-02-18 05:00:00,20083.0
2026-02-18T05,FLA,Florida,NG,Net generation,22165,megawatthours,2026-02-18 05:00:00,22165.0
2026-02-18T05,FLA,Florida,TI,Total interchange,62,megawatthours,2026-02-18 05:00:00,62.0
2026-02-18T04,FLA,Florida,D,Demand,24557,megawatthours,2026-02-18 04:00:00,24557.0
2026-02-18T04,FLA,Florida,DF,Day-ahead demand forecast,22148,megawatthours,2026-02-18 04:00:00,22148.0
2026-02-18T04,FLA,Florida,NG,Net generation,24687,megawatthours,2026-02-18 04:00:00,24687.0
2026-02-18T04,FLA,Florida,TI,Total interchange,141,megawatthours,2026-02-18 04:00:00,141.0
2026-02-18T03,FLA,Florida,D,Demand,26776,megawatthours,2026-02-18 03:00:00,26776.0
2026-02-18T03,FLA,Florida,DF,Day-ahead demand forecast,24270,megawatthours,2026-02-18 03:00:00,24270.0
2026-02-18T03,FLA,Florida,NG,Net generation,26843,megawatthours,2026-02-18 03:00:00,26843.0
2026-02-18T03,FLA,Florida,TI,Total interchange,76,megawatthours,2026-02-18 03:00:00,76.0
2026-02-18T02,FLA,Florida,D,Demand,28476,megawatthours,2026-02-18 02:00:00,28476.0
2026-02-18T02,FLA,Florida,DF,Day-ahead demand forecast,25994,megawatthours,2026-02-18 02:00:00,25994.0
2026-02-18T02,FLA,Florida,NG,Net generation,28429,megawatthours,2026-02-18 02:00:00,28429.0
2026-02-18T02,FLA,Florida,TI,Total interchange,-40,megawatthours,2026-02-18 02:00:00,-40.0
2026-02-18T01,FLA,Florida,D,Demand,29536,megawatthours,2026-02-18 01:00:00,29536.0
2026-02-18T01,FLA,Florida,DF,Day-ahead demand forecast,27256,megawatthours,2026-02-18 01:00:00,27256.0
2026-02-18T01,FLA,Florida,NG,Net generation,29438,megawatthours,2026-02-18 01:00:00,29438.0
2026-02-18T01,FLA,Florida,TI,Total interchange,-88,megawatthours,2026-02-18 01:00:00,-88.0
2026-02-18T00,FLA,Florida,D,Demand,29363,megawatthours,2026-02-18 00:00:00,29363.0
2026-02-18T00,FLA,Florida,DF,Day-ahead demand forecast,28041,megawatthours,2026-02-18 00:00:00,28041.0
2026-02-18T00,FLA,Florida,NG,Net generation,29272,megawatthours,2026-02-18 00:00:00,29272.0
2026-02-18T00,FLA,Florida,TI,Total interchange,-79,megawatthours,2026-02-18 00:00:00,-79.0
2026-02-17T23,FLA,Florida,D,Demand,29072,megawatthours,2026-02-17 23:00:00,29072.0
2026-02-17T23,FLA,Florida,DF,Day-ahead demand forecast,27373,megawatthours,2026-02-17 23:00:00,27373.0
2026-02-17T23,FLA,Florida,NG,Net generation,29033,megawatthours,2026-02-17 23:00:00,29033.0
2026-02-17T23,FLA,Florida,TI,Total interchange,-32,megawatthours,2026-02-17 23:00:00,-32.0
2026-02-17T22,FLA,Florida,D,Demand,28822,megawatthours,2026-02-17 22:00:00,28822.0
2026-02-17T22,FLA,Florida,DF,Day-ahead demand forecast,27027,megawatthours,2026-02-17 22:00:00,27027.0
2026-02-17T22,FLA,Florida,NG,Net generation,28899,megawatthours,2026-02-17 22:00:00,28899.0
2026-02-17T22,FLA,Florida,TI,Total interchange,86,megawatthours,2026-02-17 22:00:00,86.0
2026-02-17T21,FLA,Florida,D,Demand,28022,megawatthours,2026-02-17 21:00:00,28022.0
2026-02-17T21,FLA,Florida,DF,Day-ahead demand forecast,26507,megawatthours,2026-02-17 21:00:00,26507.0
2026-02-17T21,FLA,Florida,NG,Net generation,28100,megawatthours,2026-02-17 21:00:00,28100.0
2026-02-17T21,FLA,Florida,TI,Total interchange,89,megawatthours,2026-02-17 21:00:00,89.0
2026-02-17T20,FLA,Florida,D,Demand,27278,megawatthours,2026-02-17 20:00:00,27278.0
2026-02-17T20,FLA,Florida,DF,Day-ahead demand forecast,26107,megawatthours,2026-02-17 20:00:00,26107.0
2026-02-17T20,FLA,Florida,NG,Net generation,27322,megawatthours,2026-02-17 20:00:00,27322.0
2026-02-17T20,FLA,Florida,TI,Total interchange,53,megawatthours,2026-02-17 20:00:00,53.0
2026-02-17T19,FLA,Florida,D,Demand,26802,megawatthours,2026-02-17 19:00:00,26802.0
2026-02-17T19,FLA,Florida,DF,Day-ahead demand forecast,25572,megawatthours,2026-02-17 19:00:00,25572.0
2026-02-17T19,FLA,Florida,NG,Net generation,26865,megawatthours,2026-02-17 19:00:00,26865.0
2026-02-17T19,FLA,Florida,TI,Total interchange,75,megawatthours,2026-02-17 19:00:00,75.0
2026-02-17T18,FLA,Florida,D,Demand,26376,megawatthours,2026-02-17 18:00:00,26376.0
2026-02-17T18,FLA,Florida,DF,Day-ahead demand forecast,25101,megawatthours,2026-02-17 18:00:00,25101.0
2026-02-17T18,FLA,Florida,NG,Net generation,26392,megawatthours,2026-02-17 18:00:00,26392.0
2026-02-17T18,FLA,Florida,TI,Total interchange,24,megawatthours,2026-02-17 18:00:00,24.0
2026-02-17T17,FLA,Florida,D,Demand,25998,megawatthours,2026-02-17 17:00:00,25998.0
2026-02-17T17,FLA,Florida,DF,Day-ahead demand forecast,24685,megawatthours,2026-02-17 17:00:00,24685.0
2026-02-17T17,FLA,Florida,NG,Net generation,26094,megawatthours,2026-02-17 17:00:00,26094.0
2026-02-17T17,FLA,Florida,TI,Total interchange,104,megawatthours,2026-02-17 17:00:00,104.0
2026-02-17T16,FLA,Florida,D,Demand,25506,megawatthours,2026-02-17 16:00:00,25506.0
2026-02-17T16,FLA,Florida,DF,Day-ahead demand forecast,24425,megawatthours,2026-02-17 16:00:00,24425.0
2026-02-17T16,FLA,Florida,NG,Net generation,25627,megawatthours,2026-02-17 16:00:00,25627.0
2026-02-17T16,FLA,Florida,TI,Total interchange,128,megawatthours,2026-02-17 16:00:00,128.0
2026-02-17T15,FLA,Florida,D,Demand,25565,megawatthours,2026-02-17 15:00:00,25565.0
2026-02-17T15,FLA,Florida,DF,Day-ahead demand forecast,24127,megawatthours,2026-02-17 15:00:00,24127.0
2026-02-17T15,FLA,Florida,NG,Net generation,25781,megawatthours,2026-02-17 15:00:00,25781.0
2026-02-17T15,FLA,Florida,TI,Total interchange,225,megawatthours,2026-02-17 15:00:00,225.0
2026-02-17T14,FLA,Florida,D,Demand,25317,megawatthours,2026-02-17 14:00:00,25317.0
2026-02-17T14,FLA,Florida,DF,Day-ahead demand forecast,23770,megawatthours,2026-02-17 14:00:00,23770.0
2026-02-17T14,FLA,Florida,NG,Net generation,25496,megawatthours,2026-02-17 14:00:00,25496.0
2026-02-17T14,FLA,Florida,TI,Total interchange,187,megawatthours,2026-02-17 14:00:00,187.0
2026-02-17T13,FLA,Florida,D,Demand,24655,megawatthours,2026-02-17 13:00:00,24655.0
2026-02-17T13,FLA,Florida,DF,Day-ahead demand forecast,22910,megawatthours,2026-02-17 13:00:00,22910.0
2026-02-17T13,FLA,Florida,NG,Net generation,24533,megawatthours,2026-02-17 13:00:00,24533.0
2026-02-17T13,FLA,Florida,TI,Total interchange,-116,megawatthours,2026-02-17 13:00:00,-116.0
2026-02-17T12,FLA,Florida,D,Demand,23123,megawatthours,2026-02-17 12:00:00,23123.0
2026-02-17T12,FLA,Florida,DF,Day-ahead demand forecast,21704,megawatthours,2026-02-17 12:00:00,21704.0
2026-02-17T12,FLA,Florida,NG,Net generation,22939,megawatthours,2026-02-17 12:00:00,22939.0
2026-02-17T12,FLA,Florida,TI,Total interchange,-173,megawatthours,2026-02-17 12:00:00,-173.0
2026-02-17T11,FLA,Florida,D,Demand,20451,megawatthours,2026-02-17 11:00:00,20451.0
2026-02-17T11,FLA,Florida,DF,Day-ahead demand forecast,19419,megawatthours,2026-02-17 11:00:00,19419.0
2026-02-17T11,FLA,Florida,NG,Net generation,20404,megawatthours,2026-02-17 11:00:00,20404.0
2026-02-17T11,FLA,Florida,TI,Total interchange,-40,megawatthours,2026-02-17 11:00:00,-40.0
2026-02-17T10,FLA,Florida,D,Demand,18862,megawatthours,2026-02-17 10:00:00,18862.0
2026-02-17T10,FLA,Florida,DF,Day-ahead demand forecast,17736,megawatthours,2026-02-17 10:00:00,17736.0
2026-02-17T10,FLA,Florida,NG,Net generation,18919,megawatthours,2026-02-17 10:00:00,18919.0
2026-02-17T10,FLA,Florida,TI,Total interchange,63,megawatthours,2026-02-17 10:00:00,63.0
2026-02-17T09,FLA,Florida,D,Demand,18415,megawatthours,2026-02-17 09:00:00,18415.0
2026-02-17T09,FLA,Florida,DF,Day-ahead demand forecast,17192,megawatthours,2026-02-17 09:00:00,17192.0
2026-02-17T09,FLA,Florida,NG,Net generation,18504,megawatthours,2026-02-17 09:00:00,18504.0
2026-02-17T09,FLA,Florida,TI,Total interchange,99,megawatthours,2026-02-17 09:00:00,99.0
2026-02-17T08,FLA,Florida,D,Demand,18529,megawatthours,2026-02-17 08:00:00,18529.0
2026-02-17T08,FLA,Florida,DF,Day-ahead demand forecast,17293,megawatthours,2026-02-17 08:00:00,17293.0
2026-02-17T08,FLA,Florida,NG,Net generation,18612,megawatthours,2026-02-17 08:00:00,18612.0
2026-02-17T08,FLA,Florida,TI,Total interchange,95,megawatthours,2026-02-17 08:00:00,95.0
2026-02-17T07,FLA,Florida,D,Demand,19192,megawatthours,2026-02-17 07:00:00,19192.0
2026-02-17T07,FLA,Florida,DF,Day-ahead demand forecast,17696,megawatthours,2026-02-17 07:00:00,17696.0
2026-02-17T07,FLA,Florida,NG,Net generation,19281,megawatthours,2026-02-17 07:00:00,19281.0
2026-02-17T07,FLA,Florida,TI,Total interchange,98,megawatthours,2026-02-17 07:00:00,98.0
2026-02-17T06,FLA,Florida,D,Demand,20333,megawatthours,2026-02-17 06:00:00,20333.0
2026-02-17T06,FLA,Florida,DF,Day-ahead demand forecast,18543,megawatthours,2026-02-17 06:00:00,18543.0
2026-02-17T06,FLA,Florida,NG,Net generation,20402,megawatthours,2026-02-17 06:00:00,20402.0
2026-02-17T06,FLA,Florida,TI,Total interchange,79,megawatthours,2026-02-17 06:00:00,79.0
2026-02-17T05,FLA,Florida,D,Demand,22276,megawatthours,2026-02-17 05:00:00,22276.0
2026-02-17T05,FLA,Florida,DF,Day-ahead demand forecast,19901,megawatthours,2026-02-17 05:00:00,19901.0
2026-02-17T05,FLA,Florida,NG,Net generation,22259,megawatthours,2026-02-17 05:00:00,22259.0
2026-02-17T05,FLA,Florida,TI,Total interchange,-8,megawatthours,2026-02-17 05:00:00,-8.0
2026-02-17T04,FLA,Florida,D,Demand,24657,megawatthours,2026-02-17 04:00:00,24657.0
2026-02-17T04,FLA,Florida,DF,Day-ahead demand forecast,21859,megawatthours,2026-02-17 04:00:00,21859.0
2026-02-17T04,FLA,Florida,NG,Net generation,24688,megawatthours,2026-02-17 04:00:00,24688.0
2026-02-17T04,FLA,Florida,TI,Total interchange,41,megawatthours,2026-02-17 04:00:00,41.0
2026-02-17T03,FLA,Florida,D,Demand,26877,megawatthours,2026-02-17 03:00:00,26877.0
2026-02-17T03,FLA,Florida,DF,Day-ahead demand forecast,23803,megawatthours,2026-02-17 03:00:00,23803.0
2026-02-17T03,FLA,Florida,NG,Net generation,26912,megawatthours,2026-02-17 03:00:00,26912.0
2026-02-17T03,FLA,Florida,TI,Total interchange,45,megawatthours,2026-02-17 03:00:00,45.0
2026-02-17T02,FLA,Florida,D,Demand,28765,megawatthours,2026-02-17 02:00:00,28765.0
2026-02-17T02,FLA,Florida,DF,Day-ahead demand forecast,25517,megawatthours,2026-02-17 02:00:00,25517.0
2026-02-17T02,FLA,Florida,NG,Net generation,28736,megawatthours,2026-02-17 02:00:00,28736.0
2026-02-17T02,FLA,Florida,TI,Total interchange,-21,megawatthours,2026-02-17 02:00:00,-21.0
2026-02-17T01,FLA,Florida,D,Demand,29978,megawatthours,2026-02-17 01:00:00,29978.0
2026-02-17T01,FLA,Florida,DF,Day-ahead demand forecast,26794,megawatthours,2026-02-17 01:00:00,26794.0
2026-02-17T01,FLA,Florida,NG,Net generation,29858,megawatthours,2026-02-17 01:00:00,29858.0
2026-02-17T01,FLA,Florida,TI,Total interchange,-114,megawatthours,2026-02-17 01:00:00,-114.0
2026-02-17T00,FLA,Florida,D,Demand,29725,megawatthours,2026-02-17 00:00:00,29725.0
2026-02-17T00,FLA,Florida,DF,Day-ahead demand forecast,27689,megawatthours,2026-02-17 00:00:00,27689.0
2026-02-17T00,FLA,Florida,NG,Net generation,29576,megawatthours,2026-02-17 00:00:00,29576.0
2026-02-17T00,FLA,Florida,TI,Total interchange,-136,megawatthours,2026-02-17 00:00:00,-136.0
2026-02-16T23,FLA,Florida,D,Demand,29381,megawatthours,2026-02-16 23:00:00,29381.0
2026-02-16T23,FLA,Florida,DF,Day-ahead demand forecast,27255,megawatthours,2026-02-16 23:00:00,27255.0
2026-02-16T23,FLA,Florida,NG,Net generation,29348,megawatthours,2026-02-16 23:00:00,29348.0
2026-02-16T23,FLA,Florida,TI,Total interchange,-24,megawatthours,2026-02-16 23:00:00,-24.0
2026-02-16T22,FLA,Florida,D,Demand,29622,megawatthours,2026-02-16 22:00:00,29622.0
2026-02-16T22,FLA,Florida,DF,Day-ahead demand forecast,26729,megawatthours,2026-02-16 22:00:00,26729.0
2026-02-16T22,FLA,Florida,NG,Net generation,29635,megawatthours,2026-02-16 22:00:00,29635.0
2026-02-16T22,FLA,Florida,TI,Total interchange,23,megawatthours,2026-02-16 22:00:00,23.0
2026-02-16T21,FLA,Florida,D,Demand,29386,megawatthours,2026-02-16 21:00:00,29386.0
2026-02-16T21,FLA,Florida,DF,Day-ahead demand forecast,26128,megawatthours,2026-02-16 21:00:00,26128.0
2026-02-16T21,FLA,Florida,NG,Net generation,29274,megawatthours,2026-02-16 21:00:00,29274.0
2026-02-16T21,FLA,Florida,TI,Total interchange,-105,megawatthours,2026-02-16 21:00:00,-105.0
2026-02-16T20,FLA,Florida,D,Demand,28924,megawatthours,2026-02-16 20:00:00,28924.0
2026-02-16T20,FLA,Florida,DF,Day-ahead demand forecast,25725,megawatthours,2026-02-16 20:00:00,25725.0
2026-02-16T20,FLA,Florida,NG,Net generation,28874,megawatthours,2026-02-16 20:00:00,28874.0
2026-02-16T20,FLA,Florida,TI,Total interchange,-37,megawatthours,2026-02-16 20:00:00,-37.0
2026-02-16T19,FLA,Florida,D,Demand,28183,megawatthours,2026-02-16 19:00:00,28183.0
2026-02-16T19,FLA,Florida,DF,Day-ahead demand forecast,25265,megawatthours,2026-02-16 19:00:00,25265.0
2026-02-16T19,FLA,Florida,NG,Net generation,28084,megawatthours,2026-02-16 19:00:00,28084.0
2026-02-16T19,FLA,Florida,TI,Total interchange,-86,megawatthours,2026-02-16 19:00:00,-86.0
2026-02-16T18,FLA,Florida,D,Demand,27820,megawatthours,2026-02-16 18:00:00,27820.0
2026-02-16T18,FLA,Florida,DF,Day-ahead demand forecast,24982,megawatthours,2026-02-16 18:00:00,24982.0
2026-02-16T18,FLA,Florida,NG,Net generation,27656,megawatthours,2026-02-16 18:00:00,27656.0
2026-02-16T18,FLA,Florida,TI,Total interchange,-155,megawatthours,2026-02-16 18:00:00,-155.0
2026-02-16T17,FLA,Florida,D,Demand,27167,megawatthours,2026-02-16 17:00:00,27167.0
2026-02-16T17,FLA,Florida,DF,Day-ahead demand forecast,24745,megawatthours,2026-02-16 17:00:00,24745.0
2026-02-16T17,FLA,Florida,NG,Net generation,27111,megawatthours,2026-02-16 17:00:00,27111.0
2026-02-16T17,FLA,Florida,TI,Total interchange,-45,megawatthours,2026-02-16 17:00:00,-45.0
2026-02-16T16,FLA,Florida,D,Demand,26377,megawatthours,2026-02-16 16:00:00,26377.0
2026-02-16T16,FLA,Florida,DF,Day-ahead demand forecast,24425,megawatthours,2026-02-16 16:00:00,24425.0
2026-02-16T16,FLA,Florida,NG,Net generation,26165,megawatthours,2026-02-16 16:00:00,26165.0
2026-02-16T16,FLA,Florida,TI,Total interchange,-199,megawatthours,2026-02-16 16:00:00,-199.0
2026-02-16T15,FLA,Florida,D,Demand,25281,megawatthours,2026-02-16 15:00:00,25281.0
2026-02-16T15,FLA,Florida,DF,Day-ahead demand forecast,23800,megawatthours,2026-02-16 15:00:00,23800.0
2026-02-16T15,FLA,Florida,NG,Net generation,25208,megawatthours,2026-02-16 15:00:00,25208.0
2026-02-16T15,FLA,Florida,TI,Total interchange,-62,megawatthours,2026-02-16 15:00:00,-62.0
2026-02-16T14,FLA,Florida,D,Demand,23672,megawatthours,2026-02-16 14:00:00,23672.0
2026-02-16T14,FLA,Florida,DF,Day-ahead demand forecast,22360,megawatthours,2026-02-16 14:00:00,22360.0
2026-02-16T14,FLA,Florida,NG,Net generation,23612,megawatthours,2026-02-16 14:00:00,23612.0
2026-02-16T14,FLA,Florida,TI,Total interchange,-51,megawatthours,2026-02-16 14:00:00,-51.0
2026-02-16T13,FLA,Florida,D,Demand,21654,megawatthours,2026-02-16 13:00:00,21654.0
2026-02-16T13,FLA,Florida,DF,Day-ahead demand forecast,21122,megawatthours,2026-02-16 13:00:00,21122.0
2026-02-16T13,FLA,Florida,NG,Net generation,21671,megawatthours,2026-02-16 13:00:00,21671.0
2026-02-16T13,FLA,Florida,TI,Total interchange,30,megawatthours,2026-02-16 13:00:00,30.0
2026-02-16T12,FLA,Florida,D,Demand,20120,megawatthours,2026-02-16 12:00:00,20120.0
2026-02-16T12,FLA,Florida,DF,Day-ahead demand forecast,20023,megawatthours,2026-02-16 12:00:00,20023.0
2026-02-16T12,FLA,Florida,NG,Net generation,20200,megawatthours,2026-02-16 12:00:00,20200.0
2026-02-16T12,FLA,Florida,TI,Total interchange,91,megawatthours,2026-02-16 12:00:00,91.0
2026-02-16T11,FLA,Florida,D,Demand,18826,megawatthours,2026-02-16 11:00:00,18826.0
2026-02-16T11,FLA,Florida,DF,Day-ahead demand forecast,18492,megawatthours,2026-02-16 11:00:00,18492.0
2026-02-16T11,FLA,Florida,NG,Net generation,18919,megawatthours,2026-02-16 11:00:00,18919.0
2026-02-16T11,FLA,Florida,TI,Total interchange,105,megawatthours,2026-02-16 11:00:00,105.0
2026-02-16T10,FLA,Florida,D,Demand,17941,megawatthours,2026-02-16 10:00:00,17941.0
2026-02-16T10,FLA,Florida,DF,Day-ahead demand forecast,17140,megawatthours,2026-02-16 10:00:00,17140.0
2026-02-16T10,FLA,Florida,NG,Net generation,18056,megawatthours,2026-02-16 10:00:00,18056.0
2026-02-16T10,FLA,Florida,TI,Total interchange,127,megawatthours,2026-02-16 10:00:00,127.0
2026-02-16T09,FLA,Florida,D,Demand,17724,megawatthours,2026-02-16 09:00:00,17724.0
2026-02-16T09,FLA,Florida,DF,Day-ahead demand forecast,16741,megawatthours,2026-02-16 09:00:00,16741.0
2026-02-16T09,FLA,Florida,NG,Net generation,17864,megawatthours,2026-02-16 09:00:00,17864.0
2026-02-16T09,FLA,Florida,TI,Total interchange,150,megawatthours,2026-02-16 09:00:00,150.0
2026-02-16T08,FLA,Florida,D,Demand,18120,megawatthours,2026-02-16 08:00:00,18120.0
2026-02-16T08,FLA,Florida,DF,Day-ahead demand forecast,16946,megawatthours,2026-02-16 08:00:00,16946.0
2026-02-16T08,FLA,Florida,NG,Net generation,18220,megawatthours,2026-02-16 08:00:00,18220.0
2026-02-16T08,FLA,Florida,TI,Total interchange,110,megawatthours,2026-02-16 08:00:00,110.0
2026-02-16T07,FLA,Florida,D,Demand,18849,megawatthours,2026-02-16 07:00:00,18849.0
2026-02-16T07,FLA,Florida,DF,Day-ahead demand forecast,17752,megawatthours,2026-02-16 07:00:00,17752.0
2026-02-16T07,FLA,Florida,NG,Net generation,18960,megawatthours,2026-02-16 07:00:00,18960.0
2026-02-16T07,FLA,Florida,TI,Total interchange,120,megawatthours,2026-02-16 07:00:00,120.0
2026-02-16T06,FLA,Florida,D,Demand,20193,megawatthours,2026-02-16 06:00:00,20193.0
2026-02-16T06,FLA,Florida,DF,Day-ahead demand forecast,18570,megawatthours,2026-02-16 06:00:00,18570.0
2026-02-16T06,FLA,Florida,NG,Net generation,20275,megawatthours,2026-02-16 06:00:00,20275.0
2026-02-16T06,FLA,Florida,TI,Total interchange,92,megawatthours,2026-02-16 06:00:00,92.0
2026-02-16T05,FLA,Florida,D,Demand,22290,megawatthours,2026-02-16 05:00:00,22290.0
2026-02-16T05,FLA,Florida,DF,Day-ahead demand forecast,19657,megawatthours,2026-02-16 05:00:00,19657.0
2026-02-16T05,FLA,Florida,NG,Net generation,22356,megawatthours,2026-02-16 05:00:00,22356.0
2026-02-16T05,FLA,Florida,TI,Total interchange,78,megawatthours,2026-02-16 05:00:00,78.0
2026-02-16T04,FLA,Florida,D,Demand,24483,megawatthours,2026-02-16 04:00:00,24483.0
2026-02-16T04,FLA,Florida,DF,Day-ahead demand forecast,21744,megawatthours,2026-02-16 04:00:00,21744.0
2026-02-16T04,FLA,Florida,NG,Net generation,24455,megawatthours,2026-02-16 04:00:00,24455.0
2026-02-16T04,FLA,Florida,TI,Total interchange,-19,megawatthours,2026-02-16 04:00:00,-19.0
2026-02-16T03,FLA,Florida,D,Demand,26145,megawatthours,2026-02-16 03:00:00,26145.0
2026-02-16T03,FLA,Florida,DF,Day-ahead demand forecast,23586,megawatthours,2026-02-16 03:00:00,23586.0
2026-02-16T03,FLA,Florida,NG,Net generation,26163,megawatthours,2026-02-16 03:00:00,26163.0
2026-02-16T03,FLA,Florida,TI,Total interchange,28,megawatthours,2026-02-16 03:00:00,28.0
2026-02-16T02,FLA,Florida,D,Demand,27550,megawatthours,2026-02-16 02:00:00,27550.0
2026-02-16T02,FLA,Florida,DF,Day-ahead demand forecast,25246,megawatthours,2026-02-16 02:00:00,25246.0
2026-02-16T02,FLA,Florida,NG,Net generation,27501,megawatthours,2026-02-16 02:00:00,27501.0
2026-02-16T02,FLA,Florida,TI,Total interchange,-38,megawatthours,2026-02-16 02:00:00,-38.0
2026-02-16T01,FLA,Florida,D,Demand,28808,megawatthours,2026-02-16 01:00:00,28808.0
2026-02-16T01,FLA,Florida,DF,Day-ahead demand forecast,26636,megawatthours,2026-02-16 01:00:00,26636.0
2026-02-16T01,FLA,Florida,NG,Net generation,28596,megawatthours,2026-02-16 01:00:00,28596.0
2026-02-16T01,FLA,Florida,TI,Total interchange,-201,megawatthours,2026-02-16 01:00:00,-201.0
2026-02-16T00,FLA,Florida,D,Demand,28831,megawatthours,2026-02-16 00:00:00,28831.0
2026-02-16T00,FLA,Florida,DF,Day-ahead demand forecast,27942,megawatthours,2026-02-16 00:00:00,27942.0
2026-02-16T00,FLA,Florida,NG,Net generation,28634,megawatthours,2026-02-16 00:00:00,28634.0
2026-02-16T00,FLA,Florida,TI,Total interchange,-186,megawatthours,2026-02-16 00:00:00,-186.0
2026-02-15T23,FLA,Florida,D,Demand,28883,megawatthours,2026-02-15 23:00:00,28883.0
2026-02-15T23,FLA,Florida,DF,Day-ahead demand forecast,27727,megawatthours,2026-02-15 23:00:00,27727.0
2026-02-15T23,FLA,Florida,NG,Net generation,28861,megawatthours,2026-02-15 23:00:00,28861.0
2026-02-15T23,FLA,Florida,TI,Total interchange,-9,megawatthours,2026-02-15 23:00:00,-9.0
2026-02-15T22,FLA,Florida,D,Demand,28928,megawatthours,2026-02-15 22:00:00,28928.0
2026-02-15T22,FLA,Florida,DF,Day-ahead demand forecast,27472,megawatthours,2026-02-15 22:00:00,27472.0
2026-02-15T22,FLA,Florida,NG,Net generation,28891,megawatthours,2026-02-15 22:00:00,28891.0
2026-02-15T22,FLA,Florida,TI,Total interchange,-30,megawatthours,2026-02-15 22:00:00,-30.0
2026-02-15T21,FLA,Florida,D,Demand,28766,megawatthours,2026-02-15 21:00:00,28766.0
2026-02-15T21,FLA,Florida,DF,Day-ahead demand forecast,27231,megawatthours,2026-02-15 21:00:00,27231.0
2026-02-15T21,FLA,Florida,NG,Net generation,28604,megawatthours,2026-02-15 21:00:00,28604.0
2026-02-15T21,FLA,Florida,TI,Total interchange,-153,megawatthours,2026-02-15 21:00:00,-153.0
2026-02-15T20,FLA,Florida,D,Demand,28226,megawatthours,2026-02-15 20:00:00,28226.0
2026-02-15T20,FLA,Florida,DF,Day-ahead demand forecast,26858,megawatthours,2026-02-15 20:00:00,26858.0
2026-02-15T20,FLA,Florida,NG,Net generation,28072,megawatthours,2026-02-15 20:00:00,28072.0
2026-02-15T20,FLA,Florida,TI,Total interchange,-143,megawatthours,2026-02-15 20:00:00,-143.0
2026-02-15T19,FLA,Florida,D,Demand,27510,megawatthours,2026-02-15 19:00:00,27510.0
2026-02-15T19,FLA,Florida,DF,Day-ahead demand forecast,26164,megawatthours,2026-02-15 19:00:00,26164.0
