period,respondent,respondent-name,type,type-name,value,value-units,datetime,demand_MW
2026-03-04T03,NY,New York,DF,Day-ahead demand forecast,18398,megawatthours,2026-03-04 03:00:00,18398.0
2026-03-04T02,NY,New York,D,Demand,20151,megawatthours,2026-03-04 02:00:00,20151.0
2026-03-04T02,NY,New York,DF,Day-ahead demand forecast,19198,megawatthours,2026-03-04 02:00:00,19198.0
2026-03-04T01,NY,New York,D,Demand,20746,megawatthours,2026-03-04 01:00:00,20746.0
2026-03-04T01,NY,New York,DF,Day-ahead demand forecast,19787,megawatthours,2026-03-04 01:00:00,19787.0
2026-03-04T00,NY,New York,D,Demand,21204,megawatthours,2026-03-04 00:00:00,21204.0
2026-03-04T00,NY,New York,DF,Day-ahead demand forecast,20087,megawatthours,2026-03-04 00:00:00,20087.0
2026-03-03T23,NY,New York,D,Demand,21132,megawatthours,2026-03-03 23:00:00,21132.0
2026-03-03T23,NY,New York,DF,Day-ahead demand forecast,19675,megawatthours,2026-03-03 23:00:00,19675.0
2026-03-03T22,NY,New York,D,Demand,20692,megawatthours,2026-03-03 22:00:00,20692.0
2026-03-03T22,NY,New York,DF,Day-ahead demand forecast,18995,megawatthours,2026-03-03 22:00:00,18995.0
2026-03-03T21,NY,New York,D,Demand,20388,megawatthours,2026-03-03 21:00:00,20388.0
2026-03-03T21,NY,New York,DF,Day-ahead demand forecast,18474,megawatthours,2026-03-03 21:00:00,18474.0
2026-03-03T20,NY,New York,D,Demand,20249,megawatthours,2026-03-03 20:00:00,20249.0
2026-03-03T20,NY,New York,DF,Day-ahead demand forecast,18215,megawatthours,2026-03-03 20:00:00,18215.0
2026-03-03T19,NY,New York,D,Demand,20235,megawatthours,2026-03-03 19:00:00,20235.0
2026-03-03T19,NY,New York,DF,Day-ahead demand forecast,18167,megawatthours,2026-03-03 19:00:00,18167.0
2026-03-03T18,NY,New York,D,Demand,19988,megawatthours,2026-03-03 18:00:00,19988.0
2026-03-03T18,NY,New York,DF,Day-ahead demand forecast,18230,megawatthours,2026-03-03 18:00:00,18230.0
2026-03-03T17,NY,New York,D,Demand,19729,megawatthours,2026-03-03 17:00:00,19729.0
2026-03-03T17,NY,New York,DF,Day-ahead demand forecast,18308,megawatthours,2026-03-03 17:00:00,18308.0
2026-03-03T16,NY,New York,D,Demand,19460,megawatthours,2026-03-03 16:00:00,19460.0
2026-03-03T16,NY,New York,DF,Day-ahead demand forecast,18399,megawatthours,2026-03-03 16:00:00,18399.0
2026-03-03T15,NY,New York,D,Demand,19449,megawatthours,2026-03-03 15:00:00,19449.0
2026-03-03T15,NY,New York,DF,Day-ahead demand forecast,18535,megawatthours,2026-03-03 15:00:00,18535.0
2026-03-03T14,NY,New York,D,Demand,19576,megawatthours,2026-03-03 14:00:00,19576.0
2026-03-03T14,NY,New York,DF,Day-ahead demand forecast,18852,megawatthours,2026-03-03 14:00:00,18852.0
2026-03-03T13,NY,New York,D,Demand,19561,megawatthours,2026-03-03 13:00:00,19561.0
2026-03-03T13,NY,New York,DF,Day-ahead demand forecast,18972,megawatthours,2026-03-03 13:00:00,18972.0
2026-03-03T12,NY,New York,D,Demand,18944,megawatthours,2026-03-03 12:00:00,18944.0
2026-03-03T12,NY,New York,DF,Day-ahead demand forecast,18332,megawatthours,2026-03-03 12:00:00,18332.0
2026-03-03T11,NY,New York,D,Demand,17644,megawatthours,2026-03-03 11:00:00,17644.0
2026-03-03T11,NY,New York,DF,Day-ahead demand forecast,17146,megawatthours,2026-03-03 11:00:00,17146.0
2026-03-03T10,NY,New York,D,Demand,16887,megawatthours,2026-03-03 10:00:00,16887.0
2026-03-03T10,NY,New York,DF,Day-ahead demand forecast,16417,megawatthours,2026-03-03 10:00:00,16417.0
2026-03-03T09,NY,New York,D,Demand,16697,megawatthours,2026-03-03 09:00:00,16697.0
2026-03-03T09,NY,New York,DF,Day-ahead demand forecast,16210,megawatthours,2026-03-03 09:00:00,16210.0
2026-03-03T08,NY,New York,D,Demand,16815,megawatthours,2026-03-03 08:00:00,16815.0
2026-03-03T08,NY,New York,DF,Day-ahead demand forecast,16292,megawatthours,2026-03-03 08:00:00,16292.0
2026-03-03T07,NY,New York,D,Demand,17082,megawatthours,2026-03-03 07:00:00,17082.0
2026-03-03T07,NY,New York,DF,Day-ahead demand forecast,16556,megawatthours,2026-03-03 07:00:00,16556.0
2026-03-03T06,NY,New York,D,Demand,17561,megawatthours,2026-03-03 06:00:00,17561.0
2026-03-03T06,NY,New York,DF,Day-ahead demand forecast,16980,megawatthours,2026-03-03 06:00:00,16980.0
2026-03-03T05,NY,New York,D,Demand,18218,megawatthours,2026-03-03 05:00:00,18218.0
2026-03-03T05,NY,New York,DF,Day-ahead demand forecast,17550,megawatthours,2026-03-03 05:00:00,17550.0
2026-03-03T04,NY,New York,D,Demand,19147,megawatthours,2026-03-03 04:00:00,19147.0
2026-03-03T04,NY,New York,DF,Day-ahead demand forecast,18475,megawatthours,2026-03-03 04:00:00,18475.0
2026-03-03T04,NY,New York,NG,Net generation,17322,megawatthours,2026-03-03 04:00:00,17322.0
2026-03-03T04,NY,New York,TI,Total interchange,-1825,megawatthours,2026-03-03 04:00:00,-1825.0
2026-03-03T03,NY,New York,D,Demand,20142,megawatthours,2026-03-03 03:00:00,20142.0
2026-03-03T03,NY,New York,DF,Day-ahead demand forecast,19445,megawatthours,2026-03-03 03:00:00,19445.0
2026-03-03T03,NY,New York,NG,Net generation,18041,megawatthours,2026-03-03 03:00:00,18041.0
2026-03-03T03,NY,New York,TI,Total interchange,-2101,megawatthours,2026-03-03 03:00:00,-2101.0
2026-03-03T02,NY,New York,D,Demand,20844,megawatthours,2026-03-03 02:00:00,20844.0
2026-03-03T02,NY,New York,DF,Day-ahead demand forecast,20229,megawatthours,2026-03-03 02:00:00,20229.0
2026-03-03T02,NY,New York,NG,Net generation,18269,megawatthours,2026-03-03 02:00:00,18269.0
2026-03-03T02,NY,New York,TI,Total interchange,-2575,megawatthours,2026-03-03 02:00:00,-2575.0
2026-03-03T01,NY,New York,D,Demand,21304,megawatthours,2026-03-03 01:00:00,21304.0
2026-03-03T01,NY,New York,DF,Day-ahead demand forecast,20719,megawatthours,2026-03-03 01:00:00,20719.0
2026-03-03T01,NY,New York,NG,Net generation,18316,megawatthours,2026-03-03 01:00:00,18316.0
2026-03-03T01,NY,New York,TI,Total interchange,-2988,megawatthours,2026-03-03 01:00:00,-2988.0
2026-03-03T00,NY,New York,D,Demand,21368,megawatthours,2026-03-03 00:00:00,21368.0
2026-03-03T00,NY,New York,DF,Day-ahead demand forecast,20910,megawatthours,2026-03-03 00:00:00,20910.0
2026-03-03T00,NY,New York,NG,Net generation,18189,megawatthours,2026-03-03 00:00:00,18189.0
2026-03-03T00,NY,New York,TI,Total interchange,-3179,megawatthours,2026-03-03 00:00:00,-3179.0
2026-03-02T23,NY,New York,D,Demand,20501,megawatthours,2026-03-02 23:00:00,20501.0
2026-03-02T23,NY,New York,DF,Day-ahead demand forecast,20139,megawatthours,2026-03-02 23:00:00,20139.0
2026-03-02T23,NY,New York,NG,Net generation,17659,megawatthours,2026-03-02 23:00:00,17659.0
2026-03-02T23,NY,New York,TI,Total interchange,-2842,megawatthours,2026-03-02 23:00:00,-2842.0
2026-03-02T22,NY,New York,D,Demand,18559,megawatthours,2026-03-02 22:00:00,18559.0
2026-03-02T22,NY,New York,DF,Day-ahead demand forecast,18591,megawatthours,2026-03-02 22:00:00,18591.0
2026-03-02T22,NY,New York,NG,Net generation,16449,megawatthours,2026-03-02 22:00:00,16449.0
2026-03-02T22,NY,New York,TI,Total interchange,-2110,megawatthours,2026-03-02 22:00:00,-2110.0
2026-03-02T21,NY,New York,D,Demand,17038,megawatthours,2026-03-02 21:00:00,17038.0
2026-03-02T21,NY,New York,DF,Day-ahead demand forecast,17064,megawatthours,2026-03-02 21:00:00,17064.0
2026-03-02T21,NY,New York,NG,Net generation,14800,megawatthours,2026-03-02 21:00:00,14800.0
2026-03-02T21,NY,New York,TI,Total interchange,-2238,megawatthours,2026-03-02 21:00:00,-2238.0
2026-03-02T20,NY,New York,D,Demand,16409,megawatthours,2026-03-02 20:00:00,16409.0
2026-03-02T20,NY,New York,DF,Day-ahead demand forecast,16348,megawatthours,2026-03-02 20:00:00,16348.0
2026-03-02T20,NY,New York,NG,Net generation,13977,megawatthours,2026-03-02 20:00:00,13977.0
2026-03-02T20,NY,New York,TI,Total interchange,-2432,megawatthours,2026-03-02 20:00:00,-2432.0
2026-03-02T19,NY,New York,D,Demand,16320,megawatthours,2026-03-02 19:00:00,16320.0
2026-03-02T19,NY,New York,DF,Day-ahead demand forecast,16482,megawatthours,2026-03-02 19:00:00,16482.0
2026-03-02T19,NY,New York,NG,Net generation,13505,megawatthours,2026-03-02 19:00:00,13505.0
2026-03-02T19,NY,New York,TI,Total interchange,-2815,megawatthours,2026-03-02 19:00:00,-2815.0
2026-03-02T18,NY,New York,D,Demand,16553,megawatthours,2026-03-02 18:00:00,16553.0
2026-03-02T18,NY,New York,DF,Day-ahead demand forecast,16831,megawatthours,2026-03-02 18:00:00,16831.0
2026-03-02T18,NY,New York,NG,Net generation,13965,megawatthours,2026-03-02 18:00:00,13965.0
2026-03-02T18,NY,New York,TI,Total interchange,-2588,megawatthours,2026-03-02 18:00:00,-2588.0
2026-03-02T17,NY,New York,D,Demand,16870,megawatthours,2026-03-02 17:00:00,16870.0
2026-03-02T17,NY,New York,DF,Day-ahead demand forecast,17153,megawatthours,2026-03-02 17:00:00,17153.0
2026-03-02T17,NY,New York,NG,Net generation,14404,megawatthours,2026-03-02 17:00:00,14404.0
2026-03-02T17,NY,New York,TI,Total interchange,-2466,megawatthours,2026-03-02 17:00:00,-2466.0
2026-03-02T16,NY,New York,D,Demand,17140,megawatthours,2026-03-02 16:00:00,17140.0
2026-03-02T16,NY,New York,DF,Day-ahead demand forecast,17515,megawatthours,2026-03-02 16:00:00,17515.0
2026-03-02T16,NY,New York,NG,Net generation,15088,megawatthours,2026-03-02 16:00:00,15088.0
2026-03-02T16,NY,New York,TI,Total interchange,-2052,megawatthours,2026-03-02 16:00:00,-2052.0
2026-03-02T15,NY,New York,D,Demand,17740,megawatthours,2026-03-02 15:00:00,17740.0
2026-03-02T15,NY,New York,DF,Day-ahead demand forecast,18020,megawatthours,2026-03-02 15:00:00,18020.0
2026-03-02T15,NY,New York,NG,Net generation,15728,megawatthours,2026-03-02 15:00:00,15728.0
2026-03-02T15,NY,New York,TI,Total interchange,-2012,megawatthours,2026-03-02 15:00:00,-2012.0
2026-03-02T14,NY,New York,D,Demand,18698,megawatthours,2026-03-02 14:00:00,18698.0
2026-03-02T14,NY,New York,DF,Day-ahead demand forecast,18846,megawatthours,2026-03-02 14:00:00,18846.0
2026-03-02T14,NY,New York,NG,Net generation,16227,megawatthours,2026-03-02 14:00:00,16227.0
2026-03-02T14,NY,New York,TI,Total interchange,-2471,megawatthours,2026-03-02 14:00:00,-2471.0
2026-03-02T13,NY,New York,D,Demand,19765,megawatthours,2026-03-02 13:00:00,19765.0
2026-03-02T13,NY,New York,DF,Day-ahead demand forecast,19339,megawatthours,2026-03-02 13:00:00,19339.0
2026-03-02T13,NY,New York,NG,Net generation,16793,megawatthours,2026-03-02 13:00:00,16793.0
2026-03-02T13,NY,New York,TI,Total interchange,-2972,megawatthours,2026-03-02 13:00:00,-2972.0
2026-03-02T12,NY,New York,D,Demand,19492,megawatthours,2026-03-02 12:00:00,19492.0
2026-03-02T12,NY,New York,DF,Day-ahead demand forecast,18792,megawatthours,2026-03-02 12:00:00,18792.0
2026-03-02T12,NY,New York,NG,Net generation,16678,megawatthours,2026-03-02 12:00:00,16678.0
2026-03-02T12,NY,New York,TI,Total interchange,-2814,megawatthours,2026-03-02 12:00:00,-2814.0
2026-03-02T11,NY,New York,D,Demand,18065,megawatthours,2026-03-02 11:00:00,18065.0
2026-03-02T11,NY,New York,DF,Day-ahead demand forecast,17481,megawatthours,2026-03-02 11:00:00,17481.0
2026-03-02T11,NY,New York,NG,Net generation,15351,megawatthours,2026-03-02 11:00:00,15351.0
2026-03-02T11,NY,New York,TI,Total interchange,-2714,megawatthours,2026-03-02 11:00:00,-2714.0
2026-03-02T10,NY,New York,D,Demand,17030,megawatthours,2026-03-02 10:00:00,17030.0
2026-03-02T10,NY,New York,DF,Day-ahead demand forecast,16633,megawatthours,2026-03-02 10:00:00,16633.0
2026-03-02T10,NY,New York,NG,Net generation,14145,megawatthours,2026-03-02 10:00:00,14145.0
2026-03-02T10,NY,New York,TI,Total interchange,-2885,megawatthours,2026-03-02 10:00:00,-2885.0
2026-03-02T09,NY,New York,D,Demand,16713,megawatthours,2026-03-02 09:00:00,16713.0
2026-03-02T09,NY,New York,DF,Day-ahead demand forecast,16281,megawatthours,2026-03-02 09:00:00,16281.0
2026-03-02T09,NY,New York,NG,Net generation,13864,megawatthours,2026-03-02 09:00:00,13864.0
2026-03-02T09,NY,New York,TI,Total interchange,-2849,megawatthours,2026-03-02 09:00:00,-2849.0
2026-03-02T08,NY,New York,D,Demand,16665,megawatthours,2026-03-02 08:00:00,16665.0
2026-03-02T08,NY,New York,DF,Day-ahead demand forecast,16239,megawatthours,2026-03-02 08:00:00,16239.0
2026-03-02T08,NY,New York,NG,Net generation,13824,megawatthours,2026-03-02 08:00:00,13824.0
2026-03-02T08,NY,New York,TI,Total interchange,-2841,megawatthours,2026-03-02 08:00:00,-2841.0
2026-03-02T07,NY,New York,D,Demand,16786,megawatthours,2026-03-02 07:00:00,16786.0
2026-03-02T07,NY,New York,DF,Day-ahead demand forecast,16372,megawatthours,2026-03-02 07:00:00,16372.0
2026-03-02T07,NY,New York,NG,Net generation,13977,megawatthours,2026-03-02 07:00:00,13977.0
2026-03-02T07,NY,New York,TI,Total interchange,-2809,megawatthours,2026-03-02 07:00:00,-2809.0
2026-03-02T06,NY,New York,D,Demand,17052,megawatthours,2026-03-02 06:00:00,17052.0
2026-03-02T06,NY,New York,DF,Day-ahead demand forecast,16658,megawatthours,2026-03-02 06:00:00,16658.0
2026-03-02T06,NY,New York,NG,Net generation,14103,megawatthours,2026-03-02 06:00:00,14103.0
2026-03-02T06,NY,New York,TI,Total interchange,-2949,megawatthours,2026-03-02 06:00:00,-2949.0
2026-03-02T05,NY,New York,D,Demand,17475,megawatthours,2026-03-02 05:00:00,17475.0
2026-03-02T05,NY,New York,DF,Day-ahead demand forecast,17352,megawatthours,2026-03-02 05:00:00,17352.0
2026-03-02T05,NY,New York,NG,Net generation,14198,megawatthours,2026-03-02 05:00:00,14198.0
2026-03-02T05,NY,New York,TI,Total interchange,-3277,megawatthours,2026-03-02 05:00:00,-3277.0
2026-03-02T04,NY,New York,D,Demand,18244,megawatthours,2026-03-02 04:00:00,18244.0
2026-03-02T04,NY,New York,DF,Day-ahead demand forecast,18003,megawatthours,2026-03-02 04:00:00,18003.0
2026-03-02T04,NY,New York,NG,Net generation,15404,megawatthours,2026-03-02 04:00:00,15404.0
2026-03-02T04,NY,New York,TI,Total interchange,-2840,megawatthours,2026-03-02 04:00:00,-2840.0
2026-03-02T03,NY,New York,D,Demand,18918,megawatthours,2026-03-02 03:00:00,18918.0
2026-03-02T03,NY,New York,DF,Day-ahead demand forecast,18644,megawatthours,2026-03-02 03:00:00,18644.0
2026-03-02T03,NY,New York,NG,Net generation,15920,megawatthours,2026-03-02 03:00:00,15920.0
2026-03-02T03,NY,New York,TI,Total interchange,-2998,megawatthours,2026-03-02 03:00:00,-2998.0
2026-03-02T02,NY,New York,D,Demand,19426,megawatthours,2026-03-02 02:00:00,19426.0
2026-03-02T02,NY,New York,DF,Day-ahead demand forecast,19103,megawatthours,2026-03-02 02:00:00,19103.0
2026-03-02T02,NY,New York,NG,Net generation,16149,megawatthours,2026-03-02 02:00:00,16149.0
2026-03-02T02,NY,New York,TI,Total interchange,-3277,megawatthours,2026-03-02 02:00:00,-3277.0
2026-03-02T01,NY,New York,D,Demand,19742,megawatthours,2026-03-02 01:00:00,19742.0
2026-03-02T01,NY,New York,DF,Day-ahead demand forecast,19440,megawatthours,2026-03-02 01:00:00,19440.0
2026-03-02T01,NY,New York,NG,Net generation,16097,megawatthours,2026-03-02 01:00:00,16097.0
2026-03-02T01,NY,New York,TI,Total interchange,-3645,megawatthours,2026-03-02 01:00:00,-3645.0
2026-03-02T00,NY,New York,D,Demand,19736,megawatthours,2026-03-02 00:00:00,19736.0
2026-03-02T00,NY,New York,DF,Day-ahead demand forecast,19584,megawatthours,2026-03-02 00:00:00,19584.0
2026-03-02T00,NY,New York,NG,Net generation,16477,megawatthours,2026-03-02 00:00:00,16477.0
2026-03-02T00,NY,New York,TI,Total interchange,-3259,megawatthours,2026-03-02 00:00:00,-3259.0
2026-03-01T23,NY,New York,D,Demand,18803,megawatthours,2026-03-01 23:00:00,18803.0
2026-03-01T23,NY,New York,DF,Day-ahead demand forecast,18906,megawatthours,2026-03-01 23:00:00,18906.0
2026-03-01T23,NY,New York,NG,Net generation,16420,megawatthours,2026-03-01 23:00:00,16420.0
2026-03-01T23,NY,New York,TI,Total interchange,-2383,megawatthours,2026-03-01 23:00:00,-2383.0
2026-03-01T22,NY,New York,D,Demand,16943,megawatthours,2026-03-01 22:00:00,16943.0
2026-03-01T22,NY,New York,DF,Day-ahead demand forecast,17973,megawatthours,2026-03-01 22:00:00,17973.0
2026-03-01T22,NY,New York,NG,Net generation,14658,megawatthours,2026-03-01 22:00:00,14658.0
2026-03-01T22,NY,New York,TI,Total interchange,-2285,megawatthours,2026-03-01 22:00:00,-2285.0
2026-03-01T21,NY,New York,D,Demand,15332,megawatthours,2026-03-01 21:00:00,15332.0
2026-03-01T21,NY,New York,DF,Day-ahead demand forecast,16952,megawatthours,2026-03-01 21:00:00,16952.0
2026-03-01T21,NY,New York,NG,Net generation,12088,megawatthours,2026-03-01 21:00:00,12088.0
2026-03-01T21,NY,New York,TI,Total interchange,-3244,megawatthours,2026-03-01 21:00:00,-3244.0
2026-03-01T20,NY,New York,D,Demand,14788,megawatthours,2026-03-01 20:00:00,14788.0
2026-03-01T20,NY,New York,DF,Day-ahead demand forecast,16489,megawatthours,2026-03-01 20:00:00,16489.0
2026-03-01T20,NY,New York,NG,Net generation,11437,megawatthours,2026-03-01 20:00:00,11437.0
2026-03-01T20,NY,New York,TI,Total interchange,-3351,megawatthours,2026-03-01 20:00:00,-3351.0
2026-03-01T19,NY,New York,D,Demand,14705,megawatthours,2026-03-01 19:00:00,14705.0
2026-03-01T19,NY,New York,DF,Day-ahead demand forecast,16605,megawatthours,2026-03-01 19:00:00,16605.0
2026-03-01T19,NY,New York,NG,Net generation,11908,megawatthours,2026-03-01 19:00:00,11908.0
2026-03-01T19,NY,New York,TI,Total interchange,-2797,megawatthours,2026-03-01 19:00:00,-2797.0
2026-03-01T18,NY,New York,D,Demand,15088,megawatthours,2026-03-01 18:00:00,15088.0
2026-03-01T18,NY,New York,DF,Day-ahead demand forecast,16799,megawatthours,2026-03-01 18:00:00,16799.0
2026-03-01T18,NY,New York,NG,Net generation,12781,megawatthours,2026-03-01 18:00:00,12781.0
2026-03-01T18,NY,New York,TI,Total interchange,-2307,megawatthours,2026-03-01 18:00:00,-2307.0
2026-03-01T17,NY,New York,D,Demand,15710,megawatthours,2026-03-01 17:00:00,15710.0
2026-03-01T17,NY,New York,DF,Day-ahead demand forecast,16873,megawatthours,2026-03-01 17:00:00,16873.0
2026-03-01T17,NY,New York,NG,Net generation,13509,megawatthours,2026-03-01 17:00:00,13509.0
2026-03-01T17,NY,New York,TI,Total interchange,-2201,megawatthours,2026-03-01 17:00:00,-2201.0
2026-03-01T16,NY,New York,D,Demand,16286,megawatthours,2026-03-01 16:00:00,16286.0
2026-03-01T16,NY,New York,DF,Day-ahead demand forecast,16795,megawatthours,2026-03-01 16:00:00,16795.0
2026-03-01T16,NY,New York,NG,Net generation,14481,megawatthours,2026-03-01 16:00:00,14481.0
2026-03-01T16,NY,New York,TI,Total interchange,-1805,megawatthours,2026-03-01 16:00:00,-1805.0
2026-03-01T15,NY,New York,D,Demand,16724,megawatthours,2026-03-01 15:00:00,16724.0
2026-03-01T15,NY,New York,DF,Day-ahead demand forecast,16660,megawatthours,2026-03-01 15:00:00,16660.0
2026-03-01T15,NY,New York,NG,Net generation,14451,megawatthours,2026-03-01 15:00:00,14451.0
2026-03-01T15,NY,New York,TI,Total interchange,-2273,megawatthours,2026-03-01 15:00:00,-2273.0
2026-03-01T14,NY,New York,D,Demand,16659,megawatthours,2026-03-01 14:00:00,16659.0
2026-03-01T14,NY,New York,DF,Day-ahead demand forecast,16525,megawatthours,2026-03-01 14:00:00,16525.0
2026-03-01T14,NY,New York,NG,Net generation,14443,megawatthours,2026-03-01 14:00:00,14443.0
2026-03-01T14,NY,New York,TI,Total interchange,-2216,megawatthours,2026-03-01 14:00:00,-2216.0
2026-03-01T13,NY,New York,D,Demand,16325,megawatthours,2026-03-01 13:00:00,16325.0
2026-03-01T13,NY,New York,DF,Day-ahead demand forecast,16207,megawatthours,2026-03-01 13:00:00,16207.0
2026-03-01T13,NY,New York,NG,Net generation,14117,megawatthours,2026-03-01 13:00:00,14117.0
2026-03-01T13,NY,New York,TI,Total interchange,-2208,megawatthours,2026-03-01 13:00:00,-2208.0
2026-03-01T12,NY,New York,D,Demand,15890,megawatthours,2026-03-01 12:00:00,15890.0
2026-03-01T12,NY,New York,DF,Day-ahead demand forecast,15784,megawatthours,2026-03-01 12:00:00,15784.0
2026-03-01T12,NY,New York,NG,Net generation,13258,megawatthours,2026-03-01 12:00:00,13258.0
2026-03-01T12,NY,New York,TI,Total interchange,-2632,megawatthours,2026-03-01 12:00:00,-2632.0
2026-03-01T11,NY,New York,D,Demand,15447,megawatthours,2026-03-01 11:00:00,15447.0
2026-03-01T11,NY,New York,DF,Day-ahead demand forecast,15332,megawatthours,2026-03-01 11:00:00,15332.0
2026-03-01T11,NY,New York,NG,Net generation,12555,megawatthours,2026-03-01 11:00:00,12555.0
2026-03-01T11,NY,New York,TI,Total interchange,-2892,megawatthours,2026-03-01 11:00:00,-2892.0
2026-03-01T10,NY,New York,D,Demand,15152,megawatthours,2026-03-01 10:00:00,15152.0
2026-03-01T10,NY,New York,DF,Day-ahead demand forecast,15040,megawatthours,2026-03-01 10:00:00,15040.0
2026-03-01T10,NY,New York,NG,Net generation,12401,megawatthours,2026-03-01 10:00:00,12401.0
2026-03-01T10,NY,New York,TI,Total interchange,-2751,megawatthours,2026-03-01 10:00:00,-2751.0
2026-03-01T09,NY,New York,D,Demand,15059,megawatthours,2026-03-01 09:00:00,15059.0
2026-03-01T09,NY,New York,DF,Day-ahead demand forecast,14992,megawatthours,2026-03-01 09:00:00,14992.0
2026-03-01T09,NY,New York,NG,Net generation,12313,megawatthours,2026-03-01 09:00:00,12313.0
2026-03-01T09,NY,New York,TI,Total interchange,-2746,megawatthours,2026-03-01 09:00:00,-2746.0
2026-03-01T08,NY,New York,D,Demand,15175,megawatthours,2026-03-01 08:00:00,15175.0
2026-03-01T08,NY,New York,DF,Day-ahead demand forecast,15115,megawatthours,2026-03-01 08:00:00,15115.0
2026-03-01T08,NY,New York,NG,Net generation,12305,megawatthours,2026-03-01 08:00:00,12305.0
2026-03-01T08,NY,New York,TI,Total interchange,-2870,megawatthours,2026-03-01 08:00:00,-2870.0
2026-03-01T07,NY,New York,D,Demand,15420,megawatthours,2026-03-01 07:00:00,15420.0
2026-03-01T07,NY,New York,DF,Day-ahead demand forecast,15375,megawatthours,2026-03-01 07:00:00,15375.0
2026-03-01T07,NY,New York,NG,Net generation,12433,megawatthours,2026-03-01 07:00:00,12433.0
2026-03-01T07,NY,New York,TI,Total interchange,-2987,megawatthours,2026-03-01 07:00:00,-2987.0
2026-03-01T06,NY,New York,D,Demand,15815,megawatthours,2026-03-01 06:00:00,15815.0
2026-03-01T06,NY,New York,DF,Day-ahead demand forecast,15761,megawatthours,2026-03-01 06:00:00,15761.0
2026-03-01T06,NY,New York,NG,Net generation,12984,megawatthours,2026-03-01 06:00:00,12984.0
2026-03-01T06,NY,New York,TI,Total interchange,-2831,megawatthours,2026-03-01 06:00:00,-2831.0
2026-03-01T05,NY,New York,D,Demand,16291,megawatthours,2026-03-01 05:00:00,16291.0
2026-03-01T05,NY,New York,DF,Day-ahead demand forecast,16134,megawatthours,2026-03-01 05:00:00,16134.0
2026-03-01T05,NY,New York,NG,Net generation,13859,megawatthours,2026-03-01 05:00:00,13859.0
2026-03-01T05,NY,New York,TI,Total interchange,-2432,megawatthours,2026-03-01 05:00:00,-2432.0
2026-03-01T04,NY,New York,D,Demand,16894,megawatthours,2026-03-01 04:00:00,16894.0
2026-03-01T04,NY,New York,DF,Day-ahead demand forecast,16723,megawatthours,2026-03-01 04:00:00,16723.0
2026-03-01T04,NY,New York,NG,Net generation,14827,megawatthours,2026-03-01 04:00:00,14827.0
2026-03-01T04,NY,New York,TI,Total interchange,-2067,megawatthours,2026-03-01 04:00:00,-2067.0
2026-03-01T03,NY,New York,D,Demand,17444,megawatthours,2026-03-01 03:00:00,17444.0
2026-03-01T03,NY,New York,DF,Day-ahead demand forecast,17278,megawatthours,2026-03-01 03:00:00,17278.0
2026-03-01T03,NY,New York,NG,Net generation,15410,megawatthours,2026-03-01 03:00:00,15410.0
2026-03-01T03,NY,New York,TI,Total interchange,-2034,megawatthours,2026-03-01 03:00:00,-2034.0
2026-03-01T02,NY,New York,D,Demand,17790,megawatthours,2026-03-01 02:00:00,17790.0
2026-03-01T02,NY,New York,DF,Day-ahead demand forecast,17673,megawatthours,2026-03-01 02:00:00,17673.0
2026-03-01T02,NY,New York,NG,Net generation,16031,megawatthours,2026-03-01 02:00:00,16031.0
2026-03-01T02,NY,New York,TI,Total interchange,-1759,megawatthours,2026-03-01 02:00:00,-1759.0
2026-03-01T01,NY,New York,D,Demand,17988,megawatthours,2026-03-01 01:00:00,17988.0
2026-03-01T01,NY,New York,DF,Day-ahead demand forecast,17961,megawatthours,2026-03-01 01:00:00,17961.0
2026-03-01T01,NY,New York,NG,Net generation,16437,megawatthours,2026-03-01 01:00:00,16437.0
2026-03-01T01,NY,New York,TI,Total interchange,-1551,megawatthours,2026-03-01 01:00:00,-1551.0
2026-03-01T00,NY,New York,D,Demand,18066,megawatthours,2026-03-01 00:00:00,18066.0
2026-03-01T00,NY,New York,DF,Day-ahead demand forecast,18055,megawatthours,2026-03-01 00:00:00,18055.0
2026-03-01T00,NY,New York,NG,Net generation,16174,megawatthours,2026-03-01 00:00:00,16174.0
2026-03-01T00,NY,New York,TI,Total interchange,-1892,megawatthours,2026-03-01 00:00:00,-1892.0
2026-02-28T23,NY,New York,D,Demand,17284,megawatthours,2026-02-28 23:00:00,17284.0
2026-02-28T23,NY,New York,DF,Day-ahead demand forecast,17417,megawatthours,2026-02-28 23:00:00,17417.0
2026-02-28T23,NY,New York,NG,Net generation,15261,megawatthours,2026-02-28 23:00:00,15261.0
2026-02-28T23,NY,New York,TI,Total interchange,-2023,megawatthours,2026-02-28 23:00:00,-2023.0
2026-02-28T22,NY,New York,D,Demand,15785,megawatthours,2026-02-28 22:00:00,15785.0
2026-02-28T22,NY,New York,DF,Day-ahead demand forecast,16509,megawatthours,2026-02-28 22:00:00,16509.0
2026-02-28T22,NY,New York,NG,Net generation,13967,megawatthours,2026-02-28 22:00:00,13967.0
2026-02-28T22,NY,New York,TI,Total interchange,-1818,megawatthours,2026-02-28 22:00:00,-1818.0
2026-02-28T21,NY,New York,D,Demand,14302,megawatthours,2026-02-28 21:00:00,14302.0
2026-02-28T21,NY,New York,DF,Day-ahead demand forecast,15452,megawatthours,2026-02-28 21:00:00,15452.0
2026-02-28T21,NY,New York,NG,Net generation,12430,megawatthours,2026-02-28 21:00:00,12430.0
2026-02-28T21,NY,New York,TI,Total interchange,-1872,megawatthours,2026-02-28 21:00:00,-1872.0
2026-02-28T20,NY,New York,D,Demand,13620,megawatthours,2026-02-28 20:00:00,13620.0
2026-02-28T20,NY,New York,DF,Day-ahead demand forecast,14896,megawatthours,2026-02-28 20:00:00,14896.0
2026-02-28T20,NY,New York,NG,Net generation,11897,megawatthours,2026-02-28 20:00:00,11897.0
2026-02-28T20,NY,New York,TI,Total interchange,-1723,megawatthours,2026-02-28 20:00:00,-1723.0
2026-02-28T19,NY,New York,D,Demand,13689,megawatthours,2026-02-28 19:00:00,13689.0
2026-02-28T19,NY,New York,DF,Day-ahead demand forecast,14938,megawatthours,2026-02-28 19:00:00,14938.0
2026-02-28T19,NY,New York,NG,Net generation,12156,megawatthours,2026-02-28 19:00:00,12156.0
2026-02-28T19,NY,New York,TI,Total interchange,-1533,megawatthours,2026-02-28 19:00:00,-1533.0
2026-02-28T18,NY,New York,D,Demand,13846,megawatthours,2026-02-28 18:00:00,13846.0
2026-02-28T18,NY,New York,DF,Day-ahead demand forecast,15257,megawatthours,2026-02-28 18:00:00,15257.0
2026-02-28T18,NY,New York,NG,Net generation,12414,megawatthours,2026-02-28 18:00:00,12414.0
2026-02-28T18,NY,New York,TI,Total interchange,-1432,megawatthours,2026-02-28 18:00:00,-1432.0
2026-02-28T17,NY,New York,D,Demand,14128,megawatthours,2026-02-28 17:00:00,14128.0
2026-02-28T17,NY,New York,DF,Day-ahead demand forecast,15599,megawatthours,2026-02-28 17:00:00,15599.0
2026-02-28T17,NY,New York,NG,Net generation,12652,megawatthours,2026-02-28 17:00:00,12652.0
2026-02-28T17,NY,New York,TI,Total interchange,-1476,megawatthours,2026-02-28 17:00:00,-1476.0
2026-02-28T16,NY,New York,D,Demand,15022,megawatthours,2026-02-28 16:00:00,15022.0
2026-02-28T16,NY,New York,DF,Day-ahead demand forecast,15895,megawatthours,2026-02-28 16:00:00,15895.0
2026-02-28T16,NY,New York,NG,Net generation,13512,megawatthours,2026-02-28 16:00:00,13512.0
2026-02-28T16,NY,New York,TI,Total interchange,-1510,megawatthours,2026-02-28 16:00:00,-1510.0
2026-02-28T15,NY,New York,D,Demand,15810,megawatthours,2026-02-28 15:00:00,15810.0
2026-02-28T15,NY,New York,DF,Day-ahead demand forecast,16169,megawatthours,2026-02-28 15:00:00,16169.0
2026-02-28T15,NY,New York,NG,Net generation,14425,megawatthours,2026-02-28 15:00:00,14425.0
2026-02-28T15,NY,New York,TI,Total interchange,-1385,megawatthours,2026-02-28 15:00:00,-1385.0
2026-02-28T14,NY,New York,D,Demand,16307,megawatthours,2026-02-28 14:00:00,16307.0
2026-02-28T14,NY,New York,DF,Day-ahead demand forecast,16444,megawatthours,2026-02-28 14:00:00,16444.0
2026-02-28T14,NY,New York,NG,Net generation,15056,megawatthours,2026-02-28 14:00:00,15056.0
2026-02-28T14,NY,New York,TI,Total interchange,-1251,megawatthours,2026-02-28 14:00:00,-1251.0
2026-02-28T13,NY,New York,D,Demand,16562,megawatthours,2026-02-28 13:00:00,16562.0
2026-02-28T13,NY,New York,DF,Day-ahead demand forecast,16346,megawatthours,2026-02-28 13:00:00,16346.0
2026-02-28T13,NY,New York,NG,Net generation,15470,megawatthours,2026-02-28 13:00:00,15470.0
2026-02-28T13,NY,New York,TI,Total interchange,-1092,megawatthours,2026-02-28 13:00:00,-1092.0
2026-02-28T12,NY,New York,D,Demand,16389,megawatthours,2026-02-28 12:00:00,16389.0
2026-02-28T12,NY,New York,DF,Day-ahead demand forecast,15883,megawatthours,2026-02-28 12:00:00,15883.0
2026-02-28T12,NY,New York,NG,Net generation,15008,megawatthours,2026-02-28 12:00:00,15008.0
2026-02-28T12,NY,New York,TI,Total interchange,-1381,megawatthours,2026-02-28 12:00:00,-1381.0
2026-02-28T11,NY,New York,D,Demand,15910,megawatthours,2026-02-28 11:00:00,15910.0
2026-02-28T11,NY,New York,DF,Day-ahead demand forecast,15343,megawatthours,2026-02-28 11:00:00,15343.0
2026-02-28T11,NY,New York,NG,Net generation,14325,megawatthours,2026-02-28 11:00:00,14325.0
2026-02-28T11,NY,New York,TI,Total interchange,-1585,megawatthours,2026-02-28 11:00:00,-1585.0
2026-02-28T10,NY,New York,D,Demand,15642,megawatthours,2026-02-28 10:00:00,15642.0
2026-02-28T10,NY,New York,DF,Day-ahead demand forecast,15019,megawatthours,2026-02-28 10:00:00,15019.0
2026-02-28T10,NY,New York,NG,Net generation,13805,megawatthours,2026-02-28 10:00:00,13805.0
2026-02-28T10,NY,New York,TI,Total interchange,-1837,megawatthours,2026-02-28 10:00:00,-1837.0
2026-02-28T09,NY,New York,D,Demand,15591,megawatthours,2026-02-28 09:00:00,15591.0
2026-02-28T09,NY,New York,DF,Day-ahead demand forecast,14988,megawatthours,2026-02-28 09:00:00,14988.0
2026-02-28T09,NY,New York,NG,Net generation,13741,megawatthours,2026-02-28 09:00:00,13741.0
2026-02-28T09,NY,New York,TI,Total interchange,-1850,megawatthours,2026-02-28 09:00:00,-1850.0
2026-02-28T08,NY,New York,D,Demand,15749,megawatthours,2026-02-28 08:00:00,15749.0
2026-02-28T08,NY,New York,DF,Day-ahead demand forecast,15151,megawatthours,2026-02-28 08:00:00,15151.0
2026-02-28T08,NY,New York,NG,Net generation,13737,megawatthours,2026-02-28 08:00:00,13737.0
2026-02-28T08,NY,New York,TI,Total interchange,-2012,megawatthours,2026-02-28 08:00:00,-2012.0
2026-02-28T07,NY,New York,D,Demand,16021,megawatthours,2026-02-28 07:00:00,16021.0
2026-02-28T07,NY,New York,DF,Day-ahead demand forecast,15447,megawatthours,2026-02-28 07:00:00,15447.0
2026-02-28T07,NY,New York,NG,Net generation,13710,megawatthours,2026-02-28 07:00:00,13710.0
2026-02-28T07,NY,New York,TI,Total interchange,-2311,megawatthours,2026-02-28 07:00:00,-2311.0
2026-02-28T06,NY,New York,D,Demand,16470,megawatthours,2026-02-28 06:00:00,16470.0
2026-02-28T06,NY,New York,DF,Day-ahead demand forecast,15909,megawatthours,2026-02-28 06:00:00,15909.0
2026-02-28T06,NY,New York,NG,Net generation,14093,megawatthours,2026-02-28 06:00:00,14093.0
2026-02-28T06,NY,New York,TI,Total interchange,-2377,megawatthours,2026-02-28 06:00:00,-2377.0
2026-02-28T05,NY,New York,D,Demand,17050,megawatthours,2026-02-28 05:00:00,17050.0
2026-02-28T05,NY,New York,DF,Day-ahead demand forecast,16581,megawatthours,2026-02-28 05:00:00,16581.0
2026-02-28T05,NY,New York,NG,Net generation,14643,megawatthours,2026-02-28 05:00:00,14643.0
2026-02-28T05,NY,New York,TI,Total interchange,-2407,megawatthours,2026-02-28 05:00:00,-2407.0
2026-02-28T04,NY,New York,D,Demand,17829,megawatthours,2026-02-28 04:00:00,17829.0
2026-02-28T04,NY,New York,DF,Day-ahead demand forecast,17391,megawatthours,2026-02-28 04:00:00,17391.0
2026-02-28T04,NY,New York,NG,Net generation,15690,megawatthours,2026-02-28 04:00:00,15690.0
2026-02-28T04,NY,New York,TI,Total interchange,-2139,megawatthours,2026-02-28 04:00:00,-2139.0
2026-02-28T03,NY,New York,D,Demand,18544,megawatthours,2026-02-28 03:00:00,18544.0
2026-02-28T03,NY,New York,DF,Day-ahead demand forecast,18127,megawatthours,2026-02-28 03:00:00,18127.0
2026-02-28T03,NY,New York,NG,Net generation,16298,megawatthours,2026-02-28 03:00:00,16298.0
2026-02-28T03,NY,New York,TI,Total interchange,-2246,megawatthours,2026-02-28 03:00:00,-2246.0
2026-02-28T02,NY,New York,D,Demand,19066,megawatthours,2026-02-28 02:00:00,19066.0
2026-02-28T02,NY,New York,DF,Day-ahead demand forecast,18694,megawatthours,2026-02-28 02:00:00,18694.0
2026-02-28T02,NY,New York,NG,Net generation,17094,megawatthours,2026-02-28 02:00:00,17094.0
2026-02-28T02,NY,New York,TI,Total interchange,-1972,megawatthours,2026-02-28 02:00:00,-1972.0
2026-02-28T01,NY,New York,D,Demand,19443,megawatthours,2026-02-28 01:00:00,19443.0
2026-02-28T01,NY,New York,DF,Day-ahead demand forecast,19155,megawatthours,2026-02-28 01:00:00,19155.0
2026-02-28T01,NY,New York,NG,Net generation,17062,megawatthours,2026-02-28 01:00:00,17062.0
2026-02-28T01,NY,New York,TI,Total interchange,-2381,megawatthours,2026-02-28 01:00:00,-2381.0
2026-02-28T00,NY,New York,D,Demand,19659,megawatthours,2026-02-28 00:00:00,19659.0
2026-02-28T00,NY,New York,DF,Day-ahead demand forecast,19393,megawatthours,2026-02-28 00:00:00,19393.0
2026-02-28T00,NY,New York,NG,Net generation,17308,megawatthours,2026-02-28 00:00:00,17308.0
2026-02-28T00,NY,New York,TI,Total interchange,-2351,megawatthours,2026-02-28 00:00:00,-2351.0
2026-02-27T23,NY,New York,D,Demand,19073,megawatthours,2026-02-27 23:00:00,19073.0
2026-02-27T23,NY,New York,DF,Day-ahead demand forecast,18919,megawatthours,2026-02-27 23:00:00,18919.0
2026-02-27T23,NY,New York,NG,Net generation,16361,megawatthours,2026-02-27 23:00:00,16361.0
2026-02-27T23,NY,New York,TI,Total interchange,-2712,megawatthours,2026-02-27 23:00:00,-2712.0
2026-02-27T22,NY,New York,D,Demand,17654,megawatthours,2026-02-27 22:00:00,17654.0
2026-02-27T22,NY,New York,DF,Day-ahead demand forecast,17860,megawatthours,2026-02-27 22:00:00,17860.0
2026-02-27T22,NY,New York,NG,Net generation,15048,megawatthours,2026-02-27 22:00:00,15048.0
2026-02-27T22,NY,New York,TI,Total interchange,-2606,megawatthours,2026-02-27 22:00:00,-2606.0
2026-02-27T21,NY,New York,D,Demand,16294,megawatthours,2026-02-27 21:00:00,16294.0
2026-02-27T21,NY,New York,DF,Day-ahead demand forecast,16728,megawatthours,2026-02-27 21:00:00,16728.0
2026-02-27T21,NY,New York,NG,Net generation,14402,megawatthours,2026-02-27 21:00:00,14402.0
2026-02-27T21,NY,New York,TI,Total interchange,-1892,megawatthours,2026-02-27 21:00:00,-1892.0
2026-02-27T20,NY,New York,D,Demand,15650,megawatthours,2026-02-27 20:00:00,15650.0
2026-02-27T20,NY,New York,DF,Day-ahead demand forecast,16196,megawatthours,2026-02-27 20:00:00,16196.0
2026-02-27T20,NY,New York,NG,Net generation,13837,megawatthours,2026-02-27 20:00:00,13837.0
2026-02-27T20,NY,New York,TI,Total interchange,-1813,megawatthours,2026-02-27 20:00:00,-1813.0
2026-02-27T19,NY,New York,D,Demand,15585,megawatthours,2026-02-27 19:00:00,15585.0
2026-02-27T19,NY,New York,DF,Day-ahead demand forecast,16257,megawatthours,2026-02-27 19:00:00,16257.0
2026-02-27T19,NY,New York,NG,Net generation,13786,megawatthours,2026-02-27 19:00:00,13786.0
2026-02-27T19,NY,New York,TI,Total interchange,-1799,megawatthours,2026-02-27 19:00:00,-1799.0
2026-02-27T18,NY,New York,D,Demand,15841,megawatthours,2026-02-27 18:00:00,15841.0
2026-02-27T18,NY,New York,DF,Day-ahead demand forecast,16578,megawatthours,2026-02-27 18:00:00,16578.0
2026-02-27T18,NY,New York,NG,Net generation,14155,megawatthours,2026-02-27 18:00:00,14155.0
2026-02-27T18,NY,New York,TI,Total interchange,-1686,megawatthours,2026-02-27 18:00:00,-1686.0
2026-02-27T17,NY,New York,D,Demand,16269,megawatthours,2026-02-27 17:00:00,16269.0
2026-02-27T17,NY,New York,DF,Day-ahead demand forecast,16945,megawatthours,2026-02-27 17:00:00,16945.0
2026-02-27T17,NY,New York,NG,Net generation,14751,megawatthours,2026-02-27 17:00:00,14751.0
2026-02-27T17,NY,New York,TI,Total interchange,-1518,megawatthours,2026-02-27 17:00:00,-1518.0
2026-02-27T16,NY,New York,D,Demand,16670,megawatthours,2026-02-27 16:00:00,16670.0
2026-02-27T16,NY,New York,DF,Day-ahead demand forecast,17355,megawatthours,2026-02-27 16:00:00,17355.0
2026-02-27T16,NY,New York,NG,Net generation,15076,megawatthours,2026-02-27 16:00:00,15076.0
2026-02-27T16,NY,New York,TI,Total interchange,-1594,megawatthours,2026-02-27 16:00:00,-1594.0
2026-02-27T15,NY,New York,D,Demand,17228,megawatthours,2026-02-27 15:00:00,17228.0
2026-02-27T15,NY,New York,DF,Day-ahead demand forecast,17977,megawatthours,2026-02-27 15:00:00,17977.0
2026-02-27T15,NY,New York,NG,Net generation,15580,megawatthours,2026-02-27 15:00:00,15580.0
2026-02-27T15,NY,New York,TI,Total interchange,-1648,megawatthours,2026-02-27 15:00:00,-1648.0
2026-02-27T14,NY,New York,D,Demand,18186,megawatthours,2026-02-27 14:00:00,18186.0
2026-02-27T14,NY,New York,DF,Day-ahead demand forecast,18741,megawatthours,2026-02-27 14:00:00,18741.0
2026-02-27T14,NY,New York,NG,Net generation,16863,megawatthours,2026-02-27 14:00:00,16863.0
2026-02-27T14,NY,New York,TI,Total interchange,-1323,megawatthours,2026-02-27 14:00:00,-1323.0
2026-02-27T13,NY,New York,D,Demand,19231,megawatthours,2026-02-27 13:00:00,19231.0
2026-02-27T13,NY,New York,DF,Day-ahead demand forecast,18917,megawatthours,2026-02-27 13:00:00,18917.0
2026-02-27T13,NY,New York,NG,Net generation,17974,megawatthours,2026-02-27 13:00:00,17974.0
2026-02-27T13,NY,New York,TI,Total interchange,-1257,megawatthours,2026-02-27 13:00:00,-1257.0
2026-02-27T12,NY,New York,D,Demand,18871,megawatthours,2026-02-27 12:00:00,18871.0
2026-02-27T12,NY,New York,DF,Day-ahead demand forecast,18217,megawatthours,2026-02-27 12:00:00,18217.0
2026-02-27T12,NY,New York,NG,Net generation,17326,megawatthours,2026-02-27 12:00:00,17326.0
2026-02-27T12,NY,New York,TI,Total interchange,-1545,megawatthours,2026-02-27 12:00:00,-1545.0
2026-02-27T11,NY,New York,D,Demand,17516,megawatthours,2026-02-27 11:00:00,17516.0
2026-02-27T11,NY,New York,DF,Day-ahead demand forecast,17018,megawatthours,2026-02-27 11:00:00,17018.0
2026-02-27T11,NY,New York,NG,Net generation,15408,megawatthours,2026-02-27 11:00:00,15408.0
2026-02-27T11,NY,New York,TI,Total interchange,-2108,megawatthours,2026-02-27 11:00:00,-2108.0
2026-02-27T10,NY,New York,D,Demand,16680,megawatthours,2026-02-27 10:00:00,16680.0
2026-02-27T10,NY,New York,DF,Day-ahead demand forecast,16275,megawatthours,2026-02-27 10:00:00,16275.0
2026-02-27T10,NY,New York,NG,Net generation,14388,megawatthours,2026-02-27 10:00:00,14388.0
2026-02-27T10,NY,New York,TI,Total interchange,-2292,megawatthours,2026-02-27 10:00:00,-2292.0
2026-02-27T09,NY,New York,D,Demand,16375,megawatthours,2026-02-27 09:00:00,16375.0
2026-02-27T09,NY,New York,DF,Day-ahead demand forecast,16023,megawatthours,2026-02-27 09:00:00,16023.0
2026-02-27T09,NY,New York,NG,Net generation,13996,megawatthours,2026-02-27 09:00:00,13996.0
2026-02-27T09,NY,New York,TI,Total interchange,-2379,megawatthours,2026-02-27 09:00:00,-2379.0
2026-02-27T08,NY,New York,D,Demand,16399,megawatthours,2026-02-27 08:00:00,16399.0
2026-02-27T08,NY,New York,DF,Day-ahead demand forecast,16068,megawatthours,2026-02-27 08:00:00,16068.0
2026-02-27T08,NY,New York,NG,Net generation,13936,megawatthours,2026-02-27 08:00:00,13936.0
2026-02-27T08,NY,New York,TI,Total interchange,-2463,megawatthours,2026-02-27 08:00:00,-2463.0
2026-02-27T07,NY,New York,D,Demand,16596,megawatthours,2026-02-27 07:00:00,16596.0
2026-02-27T07,NY,New York,DF,Day-ahead demand forecast,16298,megawatthours,2026-02-27 07:00:00,16298.0
2026-02-27T07,NY,New York,NG,Net generation,14195,megawatthours,2026-02-27 07:00:00,14195.0
2026-02-27T07,NY,New York,TI,Total interchange,-2401,megawatthours,2026-02-27 07:00:00,-2401.0
2026-02-27T06,NY,New York,D,Demand,16936,megawatthours,2026-02-27 06:00:00,16936.0
2026-02-27T06,NY,New York,DF,Day-ahead demand forecast,16686,megawatthours,2026-02-27 06:00:00,16686.0
2026-02-27T06,NY,New York,NG,Net generation,14523,megawatthours,2026-02-27 06:00:00,14523.0
2026-02-27T06,NY,New York,TI,Total interchange,-2413,megawatthours,2026-02-27 06:00:00,-2413.0
2026-02-27T05,NY,New York,D,Demand,17486,megawatthours,2026-02-27 05:00:00,17486.0
2026-02-27T05,NY,New York,DF,Day-ahead demand forecast,17465,megawatthours,2026-02-27 05:00:00,17465.0
2026-02-27T05,NY,New York,NG,Net generation,15398,megawatthours,2026-02-27 05:00:00,15398.0
2026-02-27T05,NY,New York,TI,Total interchange,-2088,megawatthours,2026-02-27 05:00:00,-2088.0
2026-02-27T04,NY,New York,D,Demand,18290,megawatthours,2026-02-27 04:00:00,18290.0
2026-02-27T04,NY,New York,DF,Day-ahead demand forecast,18311,megawatthours,2026-02-27 04:00:00,18311.0
2026-02-27T04,NY,New York,NG,Net generation,16913,megawatthours,2026-02-27 04:00:00,16913.0
2026-02-27T04,NY,New York,TI,Total interchange,-1377,megawatthours,2026-02-27 04:00:00,-1377.0
2026-02-27T03,NY,New York,D,Demand,19148,megawatthours,2026-02-27 03:00:00,19148.0
2026-02-27T03,NY,New York,DF,Day-ahead demand forecast,19150,megawatthours,2026-02-27 03:00:00,19150.0
2026-02-27T03,NY,New York,NG,Net generation,18241,megawatthours,2026-02-27 03:00:00,18241.0
2026-02-27T03,NY,New York,TI,Total interchange,-907,megawatthours,2026-02-27 03:00:00,-907.0
2026-02-27T02,NY,New York,D,Demand,19745,megawatthours,2026-02-27 02:00:00,19745.0
2026-02-27T02,NY,New York,DF,Day-ahead demand forecast,19779,megawatthours,2026-02-27 02:00:00,19779.0
2026-02-27T02,NY,New York,NG,Net generation,18824,megawatthours,2026-02-27 02:00:00,18824.0
2026-02-27T02,NY,New York,TI,Total interchange,-921,megawatthours,2026-02-27 02:00:00,-921.0
2026-02-27T01,NY,New York,D,Demand,20165,megawatthours,2026-02-27 01:00:00,20165.0
2026-02-27T01,NY,New York,DF,Day-ahead demand forecast,20188,megawatthours,2026-02-27 01:00:00,20188.0
2026-02-27T01,NY,New York,NG,Net generation,19092,megawatthours,2026-02-27 01:00:00,19092.0
2026-02-27T01,NY,New York,TI,Total interchange,-1073,megawatthours,2026-02-27 01:00:00,-1073.0
2026-02-27T00,NY,New York,D,Demand,20372,megawatthours,2026-02-27 00:00:00,20372.0
2026-02-27T00,NY,New York,DF,Day-ahead demand forecast,20353,megawatthours,2026-02-27 00:00:00,20353.0
2026-02-27T00,NY,New York,NG,Net generation,19504,megawatthours,2026-02-27 00:00:00,19504.0
2026-02-27T00,NY,New York,TI,Total interchange,-868,megawatthours,2026-02-27 00:00:00,-868.0
2026-02-26T23,NY,New York,D,Demand,19839,megawatthours,2026-02-26 23:00:00,19839.0
2026-02-26T23,NY,New York,DF,Day-ahead demand forecast,19859,megawatthours,2026-02-26 23:00:00,19859.0
2026-02-26T23,NY,New York,NG,Net generation,18940,megawatthours,2026-02-26 23:00:00,18940.0
2026-02-26T23,NY,New York,TI,Total interchange,-899,megawatthours,2026-02-26 23:00:00,-899.0
2026-02-26T22,NY,New York,D,Demand,18583,megawatthours,2026-02-26 22:00:00,18583.0
2026-02-26T22,NY,New York,DF,Day-ahead demand forecast,18970,megawatthours,2026-02-26 22:00:00,18970.0
2026-02-26T22,NY,New York,NG,Net generation,17805,megawatthours,2026-02-26 22:00:00,17805.0
2026-02-26T22,NY,New York,TI,Total interchange,-778,megawatthours,2026-02-26 22:00:00,-778.0
2026-02-26T21,NY,New York,D,Demand,17202,megawatthours,2026-02-26 21:00:00,17202.0
2026-02-26T21,NY,New York,DF,Day-ahead demand forecast,18182,megawatthours,2026-02-26 21:00:00,18182.0
2026-02-26T21,NY,New York,NG,Net generation,16233,megawatthours,2026-02-26 21:00:00,16233.0
2026-02-26T21,NY,New York,TI,Total interchange,-969,megawatthours,2026-02-26 21:00:00,-969.0
2026-02-26T20,NY,New York,D,Demand,16603,megawatthours,2026-02-26 20:00:00,16603.0
2026-02-26T20,NY,New York,DF,Day-ahead demand forecast,17828,megawatthours,2026-02-26 20:00:00,17828.0
2026-02-26T20,NY,New York,NG,Net generation,15422,megawatthours,2026-02-26 20:00:00,15422.0
2026-02-26T20,NY,New York,TI,Total interchange,-1181,megawatthours,2026-02-26 20:00:00,-1181.0
2026-02-26T19,NY,New York,D,Demand,16554,megawatthours,2026-02-26 19:00:00,16554.0
2026-02-26T19,NY,New York,DF,Day-ahead demand forecast,17846,megawatthours,2026-02-26 19:00:00,17846.0
2026-02-26T19,NY,New York,NG,Net generation,15356,megawatthours,2026-02-26 19:00:00,15356.0
2026-02-26T19,NY,New York,TI,Total interchange,-1198,megawatthours,2026-02-26 19:00:00,-1198.0
2026-02-26T18,NY,New York,D,Demand,16768,megawatthours,2026-02-26 18:00:00,16768.0
2026-02-26T18,NY,New York,DF,Day-ahead demand forecast,17958,megawatthours,2026-02-26 18:00:00,17958.0
2026-02-26T18,NY,New York,NG,Net generation,15707,megawatthours,2026-02-26 18:00:00,15707.0
2026-02-26T18,NY,New York,TI,Total interchange,-1061,megawatthours,2026-02-26 18:00:00,-1061.0
2026-02-26T17,NY,New York,D,Demand,17198,megawatthours,2026-02-26 17:00:00,17198.0
2026-02-26T17,NY,New York,DF,Day-ahead demand forecast,18115,megawatthours,2026-02-26 17:00:00,18115.0
2026-02-26T17,NY,New York,NG,Net generation,16228,megawatthours,2026-02-26 17:00:00,16228.0
2026-02-26T17,NY,New York,TI,Total interchange,-970,megawatthours,2026-02-26 17:00:00,-970.0
2026-02-26T16,NY,New York,D,Demand,17856,megawatthours,2026-02-26 16:00:00,17856.0
2026-02-26T16,NY,New York,DF,Day-ahead demand forecast,18255,megawatthours,2026-02-26 16:00:00,18255.0
2026-02-26T16,NY,New York,NG,Net generation,17124,megawatthours,2026-02-26 16:00:00,17124.0
2026-02-26T16,NY,New York,TI,Total interchange,-732,megawatthours,2026-02-26 16:00:00,-732.0
2026-02-26T15,NY,New York,D,Demand,18475,megawatthours,2026-02-26 15:00:00,18475.0
2026-02-26T15,NY,New York,DF,Day-ahead demand forecast,18502,megawatthours,2026-02-26 15:00:00,18502.0
2026-02-26T15,NY,New York,NG,Net generation,18191,megawatthours,2026-02-26 15:00:00,18191.0
2026-02-26T15,NY,New York,TI,Total interchange,-284,megawatthours,2026-02-26 15:00:00,-284.0
2026-02-26T14,NY,New York,D,Demand,18984,megawatthours,2026-02-26 14:00:00,18984.0
2026-02-26T14,NY,New York,DF,Day-ahead demand forecast,18787,megawatthours,2026-02-26 14:00:00,18787.0
2026-02-26T14,NY,New York,NG,Net generation,18477,megawatthours,2026-02-26 14:00:00,18477.0
2026-02-26T14,NY,New York,TI,Total interchange,-507,megawatthours,2026-02-26 14:00:00,-507.0
2026-02-26T13,NY,New York,D,Demand,19114,megawatthours,2026-02-26 13:00:00,19114.0
2026-02-26T13,NY,New York,DF,Day-ahead demand forecast,18667,megawatthours,2026-02-26 13:00:00,18667.0
2026-02-26T13,NY,New York,NG,Net generation,18708,megawatthours,2026-02-26 13:00:00,18708.0
2026-02-26T13,NY,New York,TI,Total interchange,-406,megawatthours,2026-02-26 13:00:00,-406.0
2026-02-26T12,NY,New York,D,Demand,18396,megawatthours,2026-02-26 12:00:00,18396.0
2026-02-26T12,NY,New York,DF,Day-ahead demand forecast,17865,megawatthours,2026-02-26 12:00:00,17865.0
2026-02-26T12,NY,New York,NG,Net generation,17557,megawatthours,2026-02-26 12:00:00,17557.0
2026-02-26T12,NY,New York,TI,Total interchange,-839,megawatthours,2026-02-26 12:00:00,-839.0
2026-02-26T11,NY,New York,D,Demand,17013,megawatthours,2026-02-26 11:00:00,17013.0
2026-02-26T11,NY,New York,DF,Day-ahead demand forecast,16627,megawatthours,2026-02-26 11:00:00,16627.0
2026-02-26T11,NY,New York,NG,Net generation,15977,megawatthours,2026-02-26 11:00:00,15977.0
2026-02-26T11,NY,New York,TI,Total interchange,-1036,megawatthours,2026-02-26 11:00:00,-1036.0
2026-02-26T10,NY,New York,D,Demand,16172,megawatthours,2026-02-26 10:00:00,16172.0
2026-02-26T10,NY,New York,DF,Day-ahead demand forecast,15841,megawatthours,2026-02-26 10:00:00,15841.0
2026-02-26T10,NY,New York,NG,Net generation,14526,megawatthours,2026-02-26 10:00:00,14526.0
2026-02-26T10,NY,New York,TI,Total interchange,-1646,megawatthours,2026-02-26 10:00:00,-1646.0
2026-02-26T09,NY,New York,D,Demand,15889,megawatthours,2026-02-26 09:00:00,15889.0
2026-02-26T09,NY,New York,DF,Day-ahead demand forecast,15564,megawatthours,2026-02-26 09:00:00,15564.0
2026-02-26T09,NY,New York,NG,Net generation,14045,megawatthours,2026-02-26 09:00:00,14045.0
2026-02-26T09,NY,New York,TI,Total interchange,-1844,megawatthours,2026-02-26 09:00:00,-1844.0
2026-02-26T08,NY,New York,D,Demand,15894,megawatthours,2026-02-26 08:00:00,15894.0
2026-02-26T08,NY,New York,DF,Day-ahead demand forecast,15606,megawatthours,2026-02-26 08:00:00,15606.0
2026-02-26T08,NY,New York,NG,Net generation,14112,megawatthours,2026-02-26 08:00:00,14112.0
2026-02-26T08,NY,New York,TI,Total interchange,-1782,megawatthours,2026-02-26 08:00:00,-1782.0
2026-02-26T07,NY,New York,D,Demand,16127,megawatthours,2026-02-26 07:00:00,16127.0
2026-02-26T07,NY,New York,DF,Day-ahead demand forecast,15847,megawatthours,2026-02-26 07:00:00,15847.0
2026-02-26T07,NY,New York,NG,Net generation,14534,megawatthours,2026-02-26 07:00:00,14534.0
2026-02-26T07,NY,New York,TI,Total interchange,-1593,megawatthours,2026-02-26 07:00:00,-1593.0
2026-02-26T06,NY,New York,D,Demand,16547,megawatthours,2026-02-26 06:00:00,16547.0
2026-02-26T06,NY,New York,DF,Day-ahead demand forecast,16253,megawatthours,2026-02-26 06:00:00,16253.0
2026-02-26T06,NY,New York,NG,Net generation,15150,megawatthours,2026-02-26 06:00:00,15150.0
2026-02-26T06,NY,New York,TI,Total interchange,-1397,megawatthours,2026-02-26 06:00:00,-1397.0
2026-02-26T05,NY,New York,D,Demand,17210,megawatthours,2026-02-26 05:00:00,17210.0
2026-02-26T05,NY,New York,DF,Day-ahead demand forecast,16932,megawatthours,2026-02-26 05:00:00,16932.0
2026-02-26T05,NY,New York,NG,Net generation,15849,megawatthours,2026-02-26 05:00:00,15849.0
2026-02-26T05,NY,New York,TI,Total interchange,-1361,megawatthours,2026-02-26 05:00:00,-1361.0
2026-02-26T04,NY,New York,D,Demand,18153,megawatthours,2026-02-26 04:00:00,18153.0
2026-02-26T04,NY,New York,DF,Day-ahead demand forecast,17802,megawatthours,2026-02-26 04:00:00,17802.0
2026-02-26T04,NY,New York,NG,Net generation,16996,megawatthours,2026-02-26 04:00:00,16996.0
2026-02-26T04,NY,New York,TI,Total interchange,-1157,megawatthours,2026-02-26 04:00:00,-1157.0
2026-02-26T03,NY,New York,D,Demand,19165,megawatthours,2026-02-26 03:00:00,19165.0
2026-02-26T03,NY,New York,DF,Day-ahead demand forecast,18690,megawatthours,2026-02-26 03:00:00,18690.0
2026-02-26T03,NY,New York,NG,Net generation,18226,megawatthours,2026-02-26 03:00:00,18226.0
2026-02-26T03,NY,New York,TI,Total interchange,-939,megawatthours,2026-02-26 03:00:00,-939.0
2026-02-26T02,NY,New York,D,Demand,19940,megawatthours,2026-02-26 02:00:00,19940.0
2026-02-26T02,NY,New York,DF,Day-ahead demand forecast,19391,megawatthours,2026-02-26 02:00:00,19391.0
2026-02-26T02,NY,New York,NG,Net generation,19024,megawatthours,2026-02-26 02:00:00,19024.0
2026-02-26T02,NY,New York,TI,Total interchange,-916,megawatthours,2026-02-26 02:00:00,-916.0
2026-02-26T01,NY,New York,D,Demand,20480,megawatthours,2026-02-26 01:00:00,20480.0
2026-02-26T01,NY,New York,DF,Day-ahead demand forecast,19915,megawatthours,2026-02-26 01:00:00,19915.0
2026-02-26T01,NY,New York,NG,Net generation,19611,megawatthours,2026-02-26 01:00:00,19611.0
2026-02-26T01,NY,New York,TI,Total interchange,-869,megawatthours,2026-02-26 01:00:00,-869.0
2026-02-26T00,NY,New York,D,Demand,20731,megawatthours,2026-02-26 00:00:00,20731.0
2026-02-26T00,NY,New York,DF,Day-ahead demand forecast,20190,megawatthours,2026-02-26 00:00:00,20190.0
2026-02-26T00,NY,New York,NG,Net generation,19911,megawatthours,2026-02-26 00:00:00,19911.0
2026-02-26T00,NY,New York,TI,Total interchange,-820,megawatthours,2026-02-26 00:00:00,-820.0
2026-02-25T23,NY,New York,D,Demand,20300,megawatthours,2026-02-25 23:00:00,20300.0
2026-02-25T23,NY,New York,DF,Day-ahead demand forecast,19876,megawatthours,2026-02-25 23:00:00,19876.0
2026-02-25T23,NY,New York,NG,Net generation,19037,megawatthours,2026-02-25 23:00:00,19037.0
2026-02-25T23,NY,New York,TI,Total interchange,-1263,megawatthours,2026-02-25 23:00:00,-1263.0
2026-02-25T22,NY,New York,D,Demand,19466,megawatthours,2026-02-25 22:00:00,19466.0
2026-02-25T22,NY,New York,DF,Day-ahead demand forecast,19212,megawatthours,2026-02-25 22:00:00,19212.0
2026-02-25T22,NY,New York,NG,Net generation,18238,megawatthours,2026-02-25 22:00:00,18238.0
2026-02-25T22,NY,New York,TI,Total interchange,-1228,megawatthours,2026-02-25 22:00:00,-1228.0
2026-02-25T21,NY,New York,D,Demand,18924,megawatthours,2026-02-25 21:00:00,18924.0
2026-02-25T21,NY,New York,DF,Day-ahead demand forecast,18804,megawatthours,2026-02-25 21:00:00,18804.0
2026-02-25T21,NY,New York,NG,Net generation,17537,megawatthours,2026-02-25 21:00:00,17537.0
2026-02-25T21,NY,New York,TI,Total interchange,-1387,megawatthours,2026-02-25 21:00:00,-1387.0
2026-02-25T20,NY,New York,D,Demand,18653,megawatthours,2026-02-25 20:00:00,18653.0
2026-02-25T20,NY,New York,DF,Day-ahead demand forecast,18760,megawatthours,2026-02-25 20:00:00,18760.0
2026-02-25T20,NY,New York,NG,Net generation,17083,megawatthours,2026-02-25 20:00:00,17083.0
2026-02-25T20,NY,New York,TI,Total interchange,-1570,megawatthours,2026-02-25 20:00:00,-1570.0
2026-02-25T19,NY,New York,D,Demand,18900,megawatthours,2026-02-25 19:00:00,18900.0
2026-02-25T19,NY,New York,DF,Day-ahead demand forecast,18956,megawatthours,2026-02-25 19:00:00,18956.0
2026-02-25T19,NY,New York,NG,Net generation,17073,megawatthours,2026-02-25 19:00:00,17073.0
2026-02-25T19,NY,New York,TI,Total interchange,-1827,megawatthours,2026-02-25 19:00:00,-1827.0
2026-02-25T18,NY,New York,D,Demand,19317,megawatthours,2026-02-25 18:00:00,19317.0
2026-02-25T18,NY,New York,DF,Day-ahead demand forecast,19138,megawatthours,2026-02-25 18:00:00,19138.0
2026-02-25T18,NY,New York,NG,Net generation,17425,megawatthours,2026-02-25 18:00:00,17425.0
2026-02-25T18,NY,New York,TI,Total interchange,-1892,megawatthours,2026-02-25 18:00:00,-1892.0
2026-02-25T17,NY,New York,D,Demand,19955,megawatthours,2026-02-25 17:00:00,19955.0
2026-02-25T17,NY,New York,DF,Day-ahead demand forecast,19365,megawatthours,2026-02-25 17:00:00,19365.0
2026-02-25T17,NY,New York,NG,Net generation,17936,megawatthours,2026-02-25 17:00:00,17936.0
2026-02-25T17,NY,New York,TI,Total interchange,-2019,megawatthours,2026-02-25 17:00:00,-2019.0
2026-02-25T16,NY,New York,D,Demand,20422,megawatthours,2026-02-25 16:00:00,20422.0
2026-02-25T16,NY,New York,DF,Day-ahead demand forecast,19551,megawatthours,2026-02-25 16:00:00,19551.0
2026-02-25T16,NY,New York,NG,Net generation,18393,megawatthours,2026-02-25 16:00:00,18393.0
2026-02-25T16,NY,New York,TI,Total interchange,-2029,megawatthours,2026-02-25 16:00:00,-2029.0
2026-02-25T15,NY,New York,D,Demand,20657,megawatthours,2026-02-25 15:00:00,20657.0
2026-02-25T15,NY,New York,DF,Day-ahead demand forecast,19639,megawatthours,2026-02-25 15:00:00,19639.0
2026-02-25T15,NY,New York,NG,Net generation,18617,megawatthours,2026-02-25 15:00:00,18617.0
2026-02-25T15,NY,New York,TI,Total interchange,-2040,megawatthours,2026-02-25 15:00:00,-2040.0
2026-02-25T14,NY,New York,D,Demand,20566,megawatthours,2026-02-25 14:00:00,20566.0
2026-02-25T14,NY,New York,DF,Day-ahead demand forecast,19492,megawatthours,2026-02-25 14:00:00,19492.0
2026-02-25T14,NY,New York,NG,Net generation,19072,megawatthours,2026-02-25 14:00:00,19072.0
2026-02-25T14,NY,New York,TI,Total interchange,-1494,megawatthours,2026-02-25 14:00:00,-1494.0
2026-02-25T13,NY,New York,D,Demand,20027,megawatthours,2026-02-25 13:00:00,20027.0
2026-02-25T13,NY,New York,DF,Day-ahead demand forecast,18975,megawatthours,2026-02-25 13:00:00,18975.0
2026-02-25T13,NY,New York,NG,Net generation,18788,megawatthours,2026-02-25 13:00:00,18788.0
2026-02-25T13,NY,New York,TI,Total interchange,-1239,megawatthours,2026-02-25 13:00:00,-1239.0
2026-02-25T12,NY,New York,D,Demand,19086,megawatthours,2026-02-25 12:00:00,19086.0
2026-02-25T12,NY,New York,DF,Day-ahead demand forecast,18186,megawatthours,2026-02-25 12:00:00,18186.0
2026-02-25T12,NY,New York,NG,Net generation,17551,megawatthours,2026-02-25 12:00:00,17551.0
2026-02-25T12,NY,New York,TI,Total interchange,-1535,megawatthours,2026-02-25 12:00:00,-1535.0
2026-02-25T11,NY,New York,D,Demand,17823,megawatthours,2026-02-25 11:00:00,17823.0
2026-02-25T11,NY,New York,DF,Day-ahead demand forecast,17188,megawatthours,2026-02-25 11:00:00,17188.0
2026-02-25T11,NY,New York,NG,Net generation,16122,megawatthours,2026-02-25 11:00:00,16122.0
2026-02-25T11,NY,New York,TI,Total interchange,-1701,megawatthours,2026-02-25 11:00:00,-1701.0
2026-02-25T10,NY,New York,D,Demand,17170,megawatthours,2026-02-25 10:00:00,17170.0
2026-02-25T10,NY,New York,DF,Day-ahead demand forecast,16618,megawatthours,2026-02-25 10:00:00,16618.0
2026-02-25T10,NY,New York,NG,Net generation,15586,megawatthours,2026-02-25 10:00:00,15586.0
2026-02-25T10,NY,New York,TI,Total interchange,-1584,megawatthours,2026-02-25 10:00:00,-1584.0
2026-02-25T09,NY,New York,D,Demand,17067,megawatthours,2026-02-25 09:00:00,17067.0
2026-02-25T09,NY,New York,DF,Day-ahead demand forecast,16513,megawatthours,2026-02-25 09:00:00,16513.0
2026-02-25T09,NY,New York,NG,Net generation,15519,megawatthours,2026-02-25 09:00:00,15519.0
2026-02-25T09,NY,New York,TI,Total interchange,-1548,megawatthours,2026-02-25 09:00:00,-1548.0
2026-02-25T08,NY,New York,D,Demand,17229,megawatthours,2026-02-25 08:00:00,17229.0
2026-02-25T08,NY,New York,DF,Day-ahead demand forecast,16679,megawatthours,2026-02-25 08:00:00,16679.0
2026-02-25T08,NY,New York,NG,Net generation,15608,megawatthours,2026-02-25 08:00:00,15608.0
2026-02-25T08,NY,New York,TI,Total interchange,-1621,megawatthours,2026-02-25 08:00:00,-1621.0
2026-02-25T07,NY,New York,D,Demand,17530,megawatthours,2026-02-25 07:00:00,17530.0
2026-02-25T07,NY,New York,DF,Day-ahead demand forecast,17030,megawatthours,2026-02-25 07:00:00,17030.0
2026-02-25T07,NY,New York,NG,Net generation,15420,megawatthours,2026-02-25 07:00:00,15420.0
2026-02-25T07,NY,New York,TI,Total interchange,-2110,megawatthours,2026-02-25 07:00:00,-2110.0
2026-02-25T06,NY,New York,D,Demand,17971,megawatthours,2026-02-25 06:00:00,17971.0
2026-02-25T06,NY,New York,DF,Day-ahead demand forecast,17526,megawatthours,2026-02-25 06:00:00,17526.0
2026-02-25T06,NY,New York,NG,Net generation,15642,megawatthours,2026-02-25 06:00:00,15642.0
2026-02-25T06,NY,New York,TI,Total interchange,-2329,megawatthours,2026-02-25 06:00:00,-2329.0
2026-02-25T05,NY,New York,D,Demand,18628,megawatthours,2026-02-25 05:00:00,18628.0
2026-02-25T05,NY,New York,DF,Day-ahead demand forecast,18291,megawatthours,2026-02-25 05:00:00,18291.0
2026-02-25T05,NY,New York,NG,Net generation,16226,megawatthours,2026-02-25 05:00:00,16226.0
2026-02-25T05,NY,New York,TI,Total interchange,-2402,megawatthours,2026-02-25 05:00:00,-2402.0
2026-02-25T04,NY,New York,D,Demand,19582,megawatthours,2026-02-25 04:00:00,19582.0
2026-02-25T04,NY,New York,DF,Day-ahead demand forecast,19217,megawatthours,2026-02-25 04:00:00,19217.0
2026-02-25T04,NY,New York,NG,Net generation,17815,megawatthours,2026-02-25 04:00:00,17815.0
2026-02-25T04,NY,New York,TI,Total interchange,-1767,megawatthours,2026-02-25 04:00:00,-1767.0
2026-02-25T03,NY,New York,D,Demand,20552,megawatthours,2026-02-25 03:00:00,20552.0
2026-02-25T03,NY,New York,DF,Day-ahead demand forecast,20163,megawatthours,2026-02-25 03:00:00,20163.0
2026-02-25T03,NY,New York,NG,Net generation,18761,megawatthours,2026-02-25 03:00:00,18761.0
2026-02-25T03,NY,New York,TI,Total interchange,-1791,megawatthours,2026-02-25 03:00:00,-1791.0
2026-02-25T02,NY,New York,D,Demand,21359,megawatthours,2026-02-25 02:00:00,21359.0
2026-02-25T02,NY,New York,DF,Day-ahead demand forecast,20888,megawatthours,2026-02-25 02:00:00,20888.0
2026-02-25T02,NY,New York,NG,Net generation,19618,megawatthours,2026-02-25 02:00:00,19618.0
2026-02-25T02,NY,New York,TI,Total interchange,-1741,megawatthours,2026-02-25 02:00:00,-1741.0
2026-02-25T01,NY,New York,D,Demand,21857,megawatthours,2026-02-25 01:00:00,21857.0
2026-02-25T01,NY,New York,DF,Day-ahead demand forecast,21383,megawatthours,2026-02-25 01:00:00,21383.0
2026-02-25T01,NY,New York,NG,Net generation,19999,megawatthours,2026-02-25 01:00:00,19999.0
2026-02-25T01,NY,New York,TI,Total interchange,-1858,megawatthours,2026-02-25 01:00:00,-1858.0
2026-02-25T00,NY,New York,D,Demand,22030,megawatthours,2026-02-25 00:00:00,22030.0
2026-02-25T00,NY,New York,DF,Day-ahead demand forecast,21603,megawatthours,2026-02-25 00:00:00,21603.0
2026-02-25T00,NY,New York,NG,Net generation,19808,megawatthours,2026-02-25 00:00:00,19808.0
2026-02-25T00,NY,New York,TI,Total interchange,-2222,megawatthours,2026-02-25 00:00:00,-2222.0
2026-02-24T23,NY,New York,D,Demand,21410,megawatthours,2026-02-24 23:00:00,21410.0
2026-02-24T23,NY,New York,DF,Day-ahead demand forecast,21118,megawatthours,2026-02-24 23:00:00,21118.0
2026-02-24T23,NY,New York,NG,Net generation,19467,megawatthours,2026-02-24 23:00:00,19467.0
2026-02-24T23,NY,New York,TI,Total interchange,-1943,megawatthours,2026-02-24 23:00:00,-1943.0
2026-02-24T22,NY,New York,D,Demand,20097,megawatthours,2026-02-24 22:00:00,20097.0
2026-02-24T22,NY,New York,DF,Day-ahead demand forecast,20242,megawatthours,2026-02-24 22:00:00,20242.0
2026-02-24T22,NY,New York,NG,Net generation,18032,megawatthours,2026-02-24 22:00:00,18032.0
2026-02-24T22,NY,New York,TI,Total interchange,-2065,megawatthours,2026-02-24 22:00:00,-2065.0
2026-02-24T21,NY,New York,D,Demand,19194,megawatthours,2026-02-24 21:00:00,19194.0
2026-02-24T21,NY,New York,DF,Day-ahead demand forecast,19645,megawatthours,2026-02-24 21:00:00,19645.0
2026-02-24T21,NY,New York,NG,Net generation,16703,megawatthours,2026-02-24 21:00:00,16703.0
2026-02-24T21,NY,New York,TI,Total interchange,-2491,megawatthours,2026-02-24 21:00:00,-2491.0
2026-02-24T20,NY,New York,D,Demand,18939,megawatthours,2026-02-24 20:00:00,18939.0
2026-02-24T20,NY,New York,DF,Day-ahead demand forecast,19446,megawatthours,2026-02-24 20:00:00,19446.0
2026-02-24T20,NY,New York,NG,Net generation,16291,megawatthours,2026-02-24 20:00:00,16291.0
2026-02-24T20,NY,New York,TI,Total interchange,-2648,megawatthours,2026-02-24 20:00:00,-2648.0
2026-02-24T19,NY,New York,D,Demand,18937,megawatthours,2026-02-24 19:00:00,18937.0
2026-02-24T19,NY,New York,DF,Day-ahead demand forecast,19507,megawatthours,2026-02-24 19:00:00,19507.0
2026-02-24T19,NY,New York,NG,Net generation,16384,megawatthours,2026-02-24 19:00:00,16384.0
2026-02-24T19,NY,New York,TI,Total interchange,-2553,megawatthours,2026-02-24 19:00:00,-2553.0
2026-02-24T18,NY,New York,D,Demand,19058,megawatthours,2026-02-24 18:00:00,19058.0
2026-02-24T18,NY,New York,DF,Day-ahead demand forecast,19657,megawatthours,2026-02-24 18:00:00,19657.0
2026-02-24T18,NY,New York,NG,Net generation,16965,megawatthours,2026-02-24 18:00:00,16965.0
2026-02-24T18,NY,New York,TI,Total interchange,-2093,megawatthours,2026-02-24 18:00:00,-2093.0
2026-02-24T17,NY,New York,D,Demand,19368,megawatthours,2026-02-24 17:00:00,19368.0
2026-02-24T17,NY,New York,DF,Day-ahead demand forecast,19809,megawatthours,2026-02-24 17:00:00,19809.0
2026-02-24T17,NY,New York,NG,Net generation,17260,megawatthours,2026-02-24 17:00:00,17260.0
2026-02-24T17,NY,New York,TI,Total interchange,-2108,megawatthours,2026-02-24 17:00:00,-2108.0
2026-02-24T16,NY,New York,D,Demand,19633,megawatthours,2026-02-24 16:00:00,19633.0
2026-02-24T16,NY,New York,DF,Day-ahead demand forecast,19954,megawatthours,2026-02-24 16:00:00,19954.0
2026-02-24T16,NY,New York,NG,Net generation,17443,megawatthours,2026-02-24 16:00:00,17443.0
2026-02-24T16,NY,New York,TI,Total interchange,-2190,megawatthours,2026-02-24 16:00:00,-2190.0
2026-02-24T15,NY,New York,D,Demand,19867,megawatthours,2026-02-24 15:00:00,19867.0
2026-02-24T15,NY,New York,DF,Day-ahead demand forecast,20088,megawatthours,2026-02-24 15:00:00,20088.0
2026-02-24T15,NY,New York,NG,Net generation,18308,megawatthours,2026-02-24 15:00:00,18308.0
2026-02-24T15,NY,New York,TI,Total interchange,-1559,megawatthours,2026-02-24 15:00:00,-1559.0
2026-02-24T14,NY,New York,D,Demand,20045,megawatthours,2026-02-24 14:00:00,20045.0
2026-02-24T14,NY,New York,DF,Day-ahead demand forecast,20125,megawatthours,2026-02-24 14:00:00,20125.0
2026-02-24T14,NY,New York,NG,Net generation,18544,megawatthours,2026-02-24 14:00:00,18544.0
2026-02-24T14,NY,New York,TI,Total interchange,-1501,megawatthours,2026-02-24 14:00:00,-1501.0
2026-02-24T13,NY,New York,D,Demand,19895,megawatthours,2026-02-24 13:00:00,19895.0
2026-02-24T13,NY,New York,DF,Day-ahead demand forecast,19677,megawatthours,2026-02-24 13:00:00,19677.0
2026-02-24T13,NY,New York,NG,Net generation,18690,megawatthours,2026-02-24 13:00:00,18690.0
2026-02-24T13,NY,New York,TI,Total interchange,-1205,megawatthours,2026-02-24 13:00:00,-1205.0
2026-02-24T12,NY,New York,D,Demand,19098,megawatthours,2026-02-24 12:00:00,19098.0
2026-02-24T12,NY,New York,DF,Day-ahead demand forecast,18730,megawatthours,2026-02-24 12:00:00,18730.0
2026-02-24T12,NY,New York,NG,Net generation,17693,megawatthours,2026-02-24 12:00:00,17693.0
2026-02-24T12,NY,New York,TI,Total interchange,-1405,megawatthours,2026-02-24 12:00:00,-1405.0
2026-02-24T11,NY,New York,D,Demand,17821,megawatthours,2026-02-24 11:00:00,17821.0
2026-02-24T11,NY,New York,DF,Day-ahead demand forecast,17484,megawatthours,2026-02-24 11:00:00,17484.0
2026-02-24T11,NY,New York,NG,Net generation,15997,megawatthours,2026-02-24 11:00:00,15997.0
2026-02-24T11,NY,New York,TI,Total interchange,-1824,megawatthours,2026-02-24 11:00:00,-1824.0
2026-02-24T10,NY,New York,D,Demand,17086,megawatthours,2026-02-24 10:00:00,17086.0
2026-02-24T10,NY,New York,DF,Day-ahead demand forecast,16708,megawatthours,2026-02-24 10:00:00,16708.0
2026-02-24T10,NY,New York,NG,Net generation,15300,megawatthours,2026-02-24 10:00:00,15300.0
2026-02-24T10,NY,New York,TI,Total interchange,-1786,megawatthours,2026-02-24 10:00:00,-1786.0
2026-02-24T09,NY,New York,D,Demand,16776,megawatthours,2026-02-24 09:00:00,16776.0
2026-02-24T09,NY,New York,DF,Day-ahead demand forecast,16438,megawatthours,2026-02-24 09:00:00,16438.0
2026-02-24T09,NY,New York,NG,Net generation,14795,megawatthours,2026-02-24 09:00:00,14795.0
2026-02-24T09,NY,New York,TI,Total interchange,-1981,megawatthours,2026-02-24 09:00:00,-1981.0
2026-02-24T08,NY,New York,D,Demand,16766,megawatthours,2026-02-24 08:00:00,16766.0
2026-02-24T08,NY,New York,DF,Day-ahead demand forecast,16464,megawatthours,2026-02-24 08:00:00,16464.0
2026-02-24T08,NY,New York,NG,Net generation,14897,megawatthours,2026-02-24 08:00:00,14897.0
2026-02-24T08,NY,New York,TI,Total interchange,-1869,megawatthours,2026-02-24 08:00:00,-1869.0
2026-02-24T07,NY,New York,D,Demand,16986,megawatthours,2026-02-24 07:00:00,16986.0
2026-02-24T07,NY,New York,DF,Day-ahead demand forecast,16691,megawatthours,2026-02-24 07:00:00,16691.0
2026-02-24T07,NY,New York,NG,Net generation,15062,megawatthours,2026-02-24 07:00:00,15062.0
2026-02-24T07,NY,New York,TI,Total interchange,-1924,megawatthours,2026-02-24 07:00:00,-1924.0
2026-02-24T06,NY,New York,D,Demand,17334,megawatthours,2026-02-24 06:00:00,17334.0
2026-02-24T06,NY,New York,DF,Day-ahead demand forecast,17081,megawatthours,2026-02-24 06:00:00,17081.0
2026-02-24T06,NY,New York,NG,Net generation,14992,megawatthours,2026-02-24 06:00:00,14992.0
2026-02-24T06,NY,New York,TI,Total interchange,-2342,megawatthours,2026-02-24 06:00:00,-2342.0
2026-02-24T05,NY,New York,D,Demand,17915,megawatthours,2026-02-24 05:00:00,17915.0
2026-02-24T05,NY,New York,DF,Day-ahead demand forecast,17472,megawatthours,2026-02-24 05:00:00,17472.0
2026-02-24T05,NY,New York,NG,Net generation,15869,megawatthours,2026-02-24 05:00:00,15869.0
2026-02-24T05,NY,New York,TI,Total interchange,-2046,megawatthours,2026-02-24 05:00:00,-2046.0
2026-02-24T04,NY,New York,D,Demand,18779,megawatthours,2026-02-24 04:00:00,18779.0
2026-02-24T04,NY,New York,DF,Day-ahead demand forecast,18349,megawatthours,2026-02-24 04:00:00,18349.0
2026-02-24T04,NY,New York,NG,Net generation,17024,megawatthours,2026-02-24 04:00:00,17024.0
2026-02-24T04,NY,New York,TI,Total interchange,-1755,megawatthours,2026-02-24 04:00:00,-1755.0
2026-02-24T03,NY,New York,D,Demand,19640,megawatthours,2026-02-24 03:00:00,19640.0
2026-02-24T03,NY,New York,DF,Day-ahead demand forecast,19279,megawatthours,2026-02-24 03:00:00,19279.0
2026-02-24T03,NY,New York,NG,Net generation,18029,megawatthours,2026-02-24 03:00:00,18029.0
2026-02-24T03,NY,New York,TI,Total interchange,-1611,megawatthours,2026-02-24 03:00:00,-1611.0
2026-02-24T02,NY,New York,D,Demand,20356,megawatthours,2026-02-24 02:00:00,20356.0
2026-02-24T02,NY,New York,DF,Day-ahead demand forecast,20013,megawatthours,2026-02-24 02:00:00,20013.0
2026-02-24T02,NY,New York,NG,Net generation,18450,megawatthours,2026-02-24 02:00:00,18450.0
2026-02-24T02,NY,New York,TI,Total interchange,-1906,megawatthours,2026-02-24 02:00:00,-1906.0
2026-02-24T01,NY,New York,D,Demand,20857,megawatthours,2026-02-24 01:00:00,20857.0
2026-02-24T01,NY,New York,DF,Day-ahead demand forecast,20539,megawatthours,2026-02-24 01:00:00,20539.0
2026-02-24T01,NY,New York,NG,Net generation,18614,megawatthours,2026-02-24 01:00:00,18614.0
2026-02-24T01,NY,New York,TI,Total interchange,-2243,megawatthours,2026-02-24 01:00:00,-2243.0
2026-02-24T00,NY,New York,D,Demand,21211,megawatthours,2026-02-24 00:00:00,21211.0
2026-02-24T00,NY,New York,DF,Day-ahead demand forecast,20841,megawatthours,2026-02-24 00:00:00,20841.0
2026-02-24T00,NY,New York,NG,Net generation,18321,megawatthours,2026-02-24 00:00:00,18321.0
2026-02-24T00,NY,New York,TI,Total interchange,-2890,megawatthours,2026-02-24 00:00:00,-2890.0
2026-02-23T23,NY,New York,D,Demand,20825,megawatthours,2026-02-23 23:00:00,20825.0
2026-02-23T23,NY,New York,DF,Day-ahead demand forecast,20531,megawatthours,2026-02-23 23:00:00,20531.0
2026-02-23T23,NY,New York,NG,Net generation,17715,megawatthours,2026-02-23 23:00:00,17715.0
2026-02-23T23,NY,New York,TI,Total interchange,-3110,megawatthours,2026-02-23 23:00:00,-3110.0
2026-02-23T22,NY,New York,D,Demand,19955,megawatthours,2026-02-23 22:00:00,19955.0
2026-02-23T22,NY,New York,DF,Day-ahead demand forecast,20016,megawatthours,2026-02-23 22:00:00,20016.0
2026-02-23T22,NY,New York,NG,Net generation,16716,megawatthours,2026-02-23 22:00:00,16716.0
2026-02-23T22,NY,New York,TI,Total interchange,-3239,megawatthours,2026-02-23 22:00:00,-3239.0
2026-02-23T21,NY,New York,D,Demand,19369,megawatthours,2026-02-23 21:00:00,19369.0
2026-02-23T21,NY,New York,DF,Day-ahead demand forecast,19677,megawatthours,2026-02-23 21:00:00,19677.0
2026-02-23T21,NY,New York,NG,Net generation,16394,megawatthours,2026-02-23 21:00:00,16394.0
2026-02-23T21,NY,New York,TI,Total interchange,-2975,megawatthours,2026-02-23 21:00:00,-2975.0
2026-02-23T20,NY,New York,D,Demand,19242,megawatthours,2026-02-23 20:00:00,19242.0
2026-02-23T20,NY,New York,DF,Day-ahead demand forecast,19606,megawatthours,2026-02-23 20:00:00,19606.0
2026-02-23T20,NY,New York,NG,Net generation,16513,megawatthours,2026-02-23 20:00:00,16513.0
2026-02-23T20,NY,New York,TI,Total interchange,-2729,megawatthours,2026-02-23 20:00:00,-2729.0
2026-02-23T19,NY,New York,D,Demand,19176,megawatthours,2026-02-23 19:00:00,19176.0
2026-02-23T19,NY,New York,DF,Day-ahead demand forecast,19674,megawatthours,2026-02-23 19:00:00,19674.0
2026-02-23T19,NY,New York,NG,Net generation,16268,megawatthours,2026-02-23 19:00:00,16268.0
2026-02-23T19,NY,New York,TI,Total interchange,-2908,megawatthours,2026-02-23 19:00:00,-2908.0
2026-02-23T18,NY,New York,D,Demand,19242,megawatthours,2026-02-23 18:00:00,19242.0
2026-02-23T18,NY,New York,DF,Day-ahead demand forecast,19728,megawatthours,2026-02-23 18:00:00,19728.0
2026-02-23T18,NY,New York,NG,Net generation,16358,megawatthours,2026-02-23 18:00:00,16358.0
2026-02-23T18,NY,New York,TI,Total interchange,-2884,megawatthours,2026-02-23 18:00:00,-2884.0
2026-02-23T17,NY,New York,D,Demand,19263,megawatthours,2026-02-23 17:00:00,19263.0
2026-02-23T17,NY,New York,DF,Day-ahead demand forecast,19773,megawatthours,2026-02-23 17:00:00,19773.0
2026-02-23T17,NY,New York,NG,Net generation,15914,megawatthours,2026-02-23 17:00:00,15914.0
2026-02-23T17,NY,New York,TI,Total interchange,-3349,megawatthours,2026-02-23 17:00:00,-3349.0
2026-02-23T16,NY,New York,D,Demand,19299,megawatthours,2026-02-23 16:00:00,19299.0
2026-02-23T16,NY,New York,DF,Day-ahead demand forecast,19795,megawatthours,2026-02-23 16:00:00,19795.0
2026-02-23T16,NY,New York,NG,Net generation,16233,megawatthours,2026-02-23 16:00:00,16233.0
2026-02-23T16,NY,New York,TI,Total interchange,-3066,megawatthours,2026-02-23 16:00:00,-3066.0
2026-02-23T15,NY,New York,D,Demand,19247,megawatthours,2026-02-23 15:00:00,19247.0
2026-02-23T15,NY,New York,DF,Day-ahead demand forecast,19649,megawatthours,2026-02-23 15:00:00,19649.0
2026-02-23T15,NY,New York,NG,Net generation,16320,megawatthours,2026-02-23 15:00:00,16320.0
2026-02-23T15,NY,New York,TI,Total interchange,-2927,megawatthours,2026-02-23 15:00:00,-2927.0
2026-02-23T14,NY,New York,D,Demand,19061,megawatthours,2026-02-23 14:00:00,19061.0
2026-02-23T14,NY,New York,DF,Day-ahead demand forecast,19307,megawatthours,2026-02-23 14:00:00,19307.0
2026-02-23T14,NY,New York,NG,Net generation,16326,megawatthours,2026-02-23 14:00:00,16326.0
2026-02-23T14,NY,New York,TI,Total interchange,-2735,megawatthours,2026-02-23 14:00:00,-2735.0
2026-02-23T13,NY,New York,D,Demand,18579,megawatthours,2026-02-23 13:00:00,18579.0
2026-02-23T13,NY,New York,DF,Day-ahead demand forecast,18626,megawatthours,2026-02-23 13:00:00,18626.0
2026-02-23T13,NY,New York,NG,Net generation,16219,megawatthours,2026-02-23 13:00:00,16219.0
2026-02-23T13,NY,New York,TI,Total interchange,-2360,megawatthours,2026-02-23 13:00:00,-2360.0
2026-02-23T12,NY,New York,D,Demand,17970,megawatthours,2026-02-23 12:00:00,17970.0
2026-02-23T12,NY,New York,DF,Day-ahead demand forecast,17590,megawatthours,2026-02-23 12:00:00,17590.0
2026-02-23T12,NY,New York,NG,Net generation,15694,megawatthours,2026-02-23 12:00:00,15694.0
2026-02-23T12,NY,New York,TI,Total interchange,-2276,megawatthours,2026-02-23 12:00:00,-2276.0
2026-02-23T11,NY,New York,D,Demand,17064,megawatthours,2026-02-23 11:00:00,17064.0
2026-02-23T11,NY,New York,DF,Day-ahead demand forecast,16355,megawatthours,2026-02-23 11:00:00,16355.0
2026-02-23T11,NY,New York,NG,Net generation,15065,megawatthours,2026-02-23 11:00:00,15065.0
2026-02-23T11,NY,New York,TI,Total interchange,-1999,megawatthours,2026-02-23 11:00:00,-1999.0
2026-02-23T10,NY,New York,D,Demand,16483,megawatthours,2026-02-23 10:00:00,16483.0
2026-02-23T10,NY,New York,DF,Day-ahead demand forecast,15598,megawatthours,2026-02-23 10:00:00,15598.0
2026-02-23T10,NY,New York,NG,Net generation,13974,megawatthours,2026-02-23 10:00:00,13974.0
2026-02-23T10,NY,New York,TI,Total interchange,-2509,megawatthours,2026-02-23 10:00:00,-2509.0
2026-02-23T09,NY,New York,D,Demand,16250,megawatthours,2026-02-23 09:00:00,16250.0
2026-02-23T09,NY,New York,DF,Day-ahead demand forecast,15346,megawatthours,2026-02-23 09:00:00,15346.0
2026-02-23T09,NY,New York,NG,Net generation,13824,megawatthours,2026-02-23 09:00:00,13824.0
2026-02-23T09,NY,New York,TI,Total interchange,-2426,megawatthours,2026-02-23 09:00:00,-2426.0
2026-02-23T08,NY,New York,D,Demand,16303,megawatthours,2026-02-23 08:00:00,16303.0
2026-02-23T08,NY,New York,DF,Day-ahead demand forecast,15403,megawatthours,2026-02-23 08:00:00,15403.0
2026-02-23T08,NY,New York,NG,Net generation,13684,megawatthours,2026-02-23 08:00:00,13684.0
2026-02-23T08,NY,New York,TI,Total interchange,-2619,megawatthours,2026-02-23 08:00:00,-2619.0
2026-02-23T07,NY,New York,D,Demand,16525,megawatthours,2026-02-23 07:00:00,16525.0
2026-02-23T07,NY,New York,DF,Day-ahead demand forecast,15652,megawatthours,2026-02-23 07:00:00,15652.0
2026-02-23T07,NY,New York,NG,Net generation,13707,megawatthours,2026-02-23 07:00:00,13707.0
2026-02-23T07,NY,New York,TI,Total interchange,-2818,megawatthours,2026-02-23 07:00:00,-2818.0
2026-02-23T06,NY,New York,D,Demand,16912,megawatthours,2026-02-23 06:00:00,16912.0
2026-02-23T06,NY,New York,DF,Day-ahead demand forecast,16041,megawatthours,2026-02-23 06:00:00,16041.0
2026-02-23T06,NY,New York,NG,Net generation,14034,megawatthours,2026-02-23 06:00:00,14034.0
2026-02-23T06,NY,New York,TI,Total interchange,-2878,megawatthours,2026-02-23 06:00:00,-2878.0
2026-02-23T05,NY,New York,D,Demand,17445,megawatthours,2026-02-23 05:00:00,17445.0
2026-02-23T05,NY,New York,DF,Day-ahead demand forecast,16671,megawatthours,2026-02-23 05:00:00,16671.0
2026-02-23T05,NY,New York,NG,Net generation,14544,megawatthours,2026-02-23 05:00:00,14544.0
2026-02-23T05,NY,New York,TI,Total interchange,-2901,megawatthours,2026-02-23 05:00:00,-2901.0
2026-02-23T04,NY,New York,D,Demand,18243,megawatthours,2026-02-23 04:00:00,18243.0
2026-02-23T04,NY,New York,DF,Day-ahead demand forecast,17396,megawatthours,2026-02-23 04:00:00,17396.0
2026-02-23T04,NY,New York,NG,Net generation,15219,megawatthours,2026-02-23 04:00:00,15219.0
2026-02-23T04,NY,New York,TI,Total interchange,-3024,megawatthours,2026-02-23 04:00:00,-3024.0
2026-02-23T03,NY,New York,D,Demand,19049,megawatthours,2026-02-23 03:00:00,19049.0
2026-02-23T03,NY,New York,DF,Day-ahead demand forecast,18104,megawatthours,2026-02-23 03:00:00,18104.0
2026-02-23T03,NY,New York,NG,Net generation,16372,megawatthours,2026-02-23 03:00:00,16372.0
2026-02-23T03,NY,New York,TI,Total interchange,-2677,megawatthours,2026-02-23 03:00:00,-2677.0
2026-02-23T02,NY,New York,D,Demand,19658,megawatthours,2026-02-23 02:00:00,19658.0
2026-02-23T02,NY,New York,DF,Day-ahead demand forecast,18631,megawatthours,2026-02-23 02:00:00,18631.0
2026-02-23T02,NY,New York,NG,Net generation,17418,megawatthours,2026-02-23 02:00:00,17418.0
2026-02-23T02,NY,New York,TI,Total interchange,-2240,megawatthours,2026-02-23 02:00:00,-2240.0
2026-02-23T01,NY,New York,D,Demand,20159,megawatthours,2026-02-23 01:00:00,20159.0
2026-02-23T01,NY,New York,DF,Day-ahead demand forecast,19038,megawatthours,2026-02-23 01:00:00,19038.0
2026-02-23T01,NY,New York,NG,Net generation,18627,megawatthours,2026-02-23 01:00:00,18627.0
2026-02-23T01,NY,New York,TI,Total interchange,-1532,megawatthours,2026-02-23 01:00:00,-1532.0
2026-02-23T00,NY,New York,D,Demand,20523,megawatthours,2026-02-23 00:00:00,20523.0
2026-02-23T00,NY,New York,DF,Day-ahead demand forecast,19280,megawatthours,2026-02-23 00:00:00,19280.0
2026-02-23T00,NY,New York,NG,Net generation,18713,megawatthours,2026-02-23 00:00:00,18713.0
2026-02-23T00,NY,New York,TI,Total interchange,-1810,megawatthours,2026-02-23 00:00:00,-1810.0
2026-02-22T23,NY,New York,D,Demand,20312,megawatthours,2026-02-22 23:00:00,20312.0
2026-02-22T23,NY,New York,DF,Day-ahead demand forecast,18867,megawatthours,2026-02-22 23:00:00,18867.0
2026-02-22T23,NY,New York,NG,Net generation,18376,megawatthours,2026-02-22 23:00:00,18376.0
2026-02-22T23,NY,New York,TI,Total interchange,-1936,megawatthours,2026-02-22 23:00:00,-1936.0
2026-02-22T22,NY,New York,D,Demand,19581,megawatthours,2026-02-22 22:00:00,19581.0
2026-02-22T22,NY,New York,DF,Day-ahead demand forecast,18337,megawatthours,2026-02-22 22:00:00,18337.0
2026-02-22T22,NY,New York,NG,Net generation,17249,megawatthours,2026-02-22 22:00:00,17249.0
2026-02-22T22,NY,New York,TI,Total interchange,-2332,megawatthours,2026-02-22 22:00:00,-2332.0
2026-02-22T21,NY,New York,D,Demand,18994,megawatthours,2026-02-22 21:00:00,18994.0
2026-02-22T21,NY,New York,DF,Day-ahead demand forecast,17694,megawatthours,2026-02-22 21:00:00,17694.0
2026-02-22T21,NY,New York,NG,Net generation,16203,megawatthours,2026-02-22 21:00:00,16203.0
2026-02-22T21,NY,New York,TI,Total interchange,-2791,megawatthours,2026-02-22 21:00:00,-2791.0
2026-02-22T20,NY,New York,D,Demand,18578,megawatthours,2026-02-22 20:00:00,18578.0
2026-02-22T20,NY,New York,DF,Day-ahead demand forecast,17394,megawatthours,2026-02-22 20:00:00,17394.0
2026-02-22T20,NY,New York,NG,Net generation,15678,megawatthours,2026-02-22 20:00:00,15678.0
2026-02-22T20,NY,New York,TI,Total interchange,-2900,megawatthours,2026-02-22 20:00:00,-2900.0
2026-02-22T19,NY,New York,D,Demand,18285,megawatthours,2026-02-22 19:00:00,18285.0
2026-02-22T19,NY,New York,DF,Day-ahead demand forecast,17309,megawatthours,2026-02-22 19:00:00,17309.0
2026-02-22T19,NY,New York,NG,Net generation,15763,megawatthours,2026-02-22 19:00:00,15763.0
2026-02-22T19,NY,New York,TI,Total interchange,-2522,megawatthours,2026-02-22 19:00:00,-2522.0
2026-02-22T18,NY,New York,D,Demand,18184,megawatthours,2026-02-22 18:00:00,18184.0
2026-02-22T18,NY,New York,DF,Day-ahead demand forecast,17299,megawatthours,2026-02-22 18:00:00,17299.0
2026-02-22T18,NY,New York,NG,Net generation,15654,megawatthours,2026-02-22 18:00:00,15654.0
2026-02-22T18,NY,New York,TI,Total interchange,-2530,megawatthours,2026-02-22 18:00:00,-2530.0
2026-02-22T17,NY,New York,D,Demand,17922,megawatthours,2026-02-22 17:00:00,17922.0
2026-02-22T17,NY,New York,DF,Day-ahead demand forecast,17263,megawatthours,2026-02-22 17:00:00,17263.0
2026-02-22T17,NY,New York,NG,Net generation,15725,megawatthours,2026-02-22 17:00:00,15725.0
2026-02-22T17,NY,New York,TI,Total interchange,-2197,megawatthours,2026-02-22 17:00:00,-2197.0
2026-02-22T16,NY,New York,D,Demand,17671,megawatthours,2026-02-22 16:00:00,17671.0
2026-02-22T16,NY,New York,DF,Day-ahead demand forecast,17141,megawatthours,2026-02-22 16:00:00,17141.0
2026-02-22T16,NY,New York,NG,Net generation,15813,megawatthours,2026-02-22 16:00:00,15813.0
2026-02-22T16,NY,New York,TI,Total interchange,-1858,megawatthours,2026-02-22 16:00:00,-1858.0
2026-02-22T15,NY,New York,D,Demand,17459,megawatthours,2026-02-22 15:00:00,17459.0
2026-02-22T15,NY,New York,DF,Day-ahead demand forecast,16898,megawatthours,2026-02-22 15:00:00,16898.0
2026-02-22T15,NY,New York,NG,Net generation,15626,megawatthours,2026-02-22 15:00:00,15626.0
2026-02-22T15,NY,New York,TI,Total interchange,-1833,megawatthours,2026-02-22 15:00:00,-1833.0
2026-02-22T14,NY,New York,D,Demand,17079,megawatthours,2026-02-22 14:00:00,17079.0
2026-02-22T14,NY,New York,DF,Day-ahead demand forecast,16619,megawatthours,2026-02-22 14:00:00,16619.0
2026-02-22T14,NY,New York,NG,Net generation,15646,megawatthours,2026-02-22 14:00:00,15646.0
2026-02-22T14,NY,New York,TI,Total interchange,-1433,megawatthours,2026-02-22 14:00:00,-1433.0
2026-02-22T13,NY,New York,D,Demand,16436,megawatthours,2026-02-22 13:00:00,16436.0
2026-02-22T13,NY,New York,DF,Day-ahead demand forecast,16181,megawatthours,2026-02-22 13:00:00,16181.0
2026-02-22T13,NY,New York,NG,Net generation,14832,megawatthours,2026-02-22 13:00:00,14832.0
2026-02-22T13,NY,New York,TI,Total interchange,-1604,megawatthours,2026-02-22 13:00:00,-1604.0
2026-02-22T12,NY,New York,D,Demand,15929,megawatthours,2026-02-22 12:00:00,15929.0
2026-02-22T12,NY,New York,DF,Day-ahead demand forecast,15695,megawatthours,2026-02-22 12:00:00,15695.0
2026-02-22T12,NY,New York,NG,Net generation,14148,megawatthours,2026-02-22 12:00:00,14148.0
2026-02-22T12,NY,New York,TI,Total interchange,-1781,megawatthours,2026-02-22 12:00:00,-1781.0
2026-02-22T11,NY,New York,D,Demand,15485,megawatthours,2026-02-22 11:00:00,15485.0
2026-02-22T11,NY,New York,DF,Day-ahead demand forecast,15232,megawatthours,2026-02-22 11:00:00,15232.0
2026-02-22T11,NY,New York,NG,Net generation,13499,megawatthours,2026-02-22 11:00:00,13499.0
2026-02-22T11,NY,New York,TI,Total interchange,-1986,megawatthours,2026-02-22 11:00:00,-1986.0
2026-02-22T10,NY,New York,D,Demand,15253,megawatthours,2026-02-22 10:00:00,15253.0
2026-02-22T10,NY,New York,DF,Day-ahead demand forecast,14978,megawatthours,2026-02-22 10:00:00,14978.0
2026-02-22T10,NY,New York,NG,Net generation,13050,megawatthours,2026-02-22 10:00:00,13050.0
2026-02-22T10,NY,New York,TI,Total interchange,-2203,megawatthours,2026-02-22 10:00:00,-2203.0
2026-02-22T09,NY,New York,D,Demand,15226,megawatthours,2026-02-22 09:00:00,15226.0
2026-02-22T09,NY,New York,DF,Day-ahead demand forecast,14963,megawatthours,2026-02-22 09:00:00,14963.0
2026-02-22T09,NY,New York,NG,Net generation,12967,megawatthours,2026-02-22 09:00:00,12967.0
2026-02-22T09,NY,New York,TI,Total interchange,-2259,megawatthours,2026-02-22 09:00:00,-2259.0
2026-02-22T08,NY,New York,D,Demand,15399,megawatthours,2026-02-22 08:00:00,15399.0
2026-02-22T08,NY,New York,DF,Day-ahead demand forecast,15141,megawatthours,2026-02-22 08:00:00,15141.0
2026-02-22T08,NY,New York,NG,Net generation,12916,megawatthours,2026-02-22 08:00:00,12916.0
2026-02-22T08,NY,New York,TI,Total interchange,-2483,megawatthours,2026-02-22 08:00:00,-2483.0
2026-02-22T07,NY,New York,D,Demand,15731,megawatthours,2026-02-22 07:00:00,15731.0
2026-02-22T07,NY,New York,DF,Day-ahead demand forecast,15454,megawatthours,2026-02-22 07:00:00,15454.0
2026-02-22T07,NY,New York,NG,Net generation,13024,megawatthours,2026-02-22 07:00:00,13024.0
2026-02-22T07,NY,New York,TI,Total interchange,-2707,megawatthours,2026-02-22 07:00:00,-2707.0
2026-02-22T06,NY,New York,D,Demand,16141,megawatthours,2026-02-22 06:00:00,16141.0
2026-02-22T06,NY,New York,DF,Day-ahead demand forecast,15887,megawatthours,2026-02-22 06:00:00,15887.0
2026-02-22T06,NY,New York,NG,Net generation,13233,megawatthours,2026-02-22 06:00:00,13233.0
2026-02-22T06,NY,New York,TI,Total interchange,-2908,megawatthours,2026-02-22 06:00:00,-2908.0
2026-02-22T05,NY,New York,D,Demand,16661,megawatthours,2026-02-22 05:00:00,16661.0
2026-02-22T05,NY,New York,DF,Day-ahead demand forecast,16395,megawatthours,2026-02-22 05:00:00,16395.0
2026-02-22T05,NY,New York,NG,Net generation,13550,megawatthours,2026-02-22 05:00:00,13550.0
2026-02-22T05,NY,New York,TI,Total interchange,-3111,megawatthours,2026-02-22 05:00:00,-3111.0
2026-02-22T04,NY,New York,D,Demand,17301,megawatthours,2026-02-22 04:00:00,17301.0
2026-02-22T04,NY,New York,DF,Day-ahead demand forecast,17021,megawatthours,2026-02-22 04:00:00,17021.0
2026-02-22T04,NY,New York,NG,Net generation,14338,megawatthours,2026-02-22 04:00:00,14338.0
2026-02-22T04,NY,New York,TI,Total interchange,-2963,megawatthours,2026-02-22 04:00:00,-2963.0
2026-02-22T03,NY,New York,D,Demand,17926,megawatthours,2026-02-22 03:00:00,17926.0
2026-02-22T03,NY,New York,DF,Day-ahead demand forecast,17601,megawatthours,2026-02-22 03:00:00,17601.0
2026-02-22T03,NY,New York,NG,Net generation,15097,megawatthours,2026-02-22 03:00:00,15097.0
2026-02-22T03,NY,New York,TI,Total interchange,-2829,megawatthours,2026-02-22 03:00:00,-2829.0
2026-02-22T02,NY,New York,D,Demand,18411,megawatthours,2026-02-22 02:00:00,18411.0
2026-02-22T02,NY,New York,DF,Day-ahead demand forecast,18034,megawatthours,2026-02-22 02:00:00,18034.0
2026-02-22T02,NY,New York,NG,Net generation,16252,megawatthours,2026-02-22 02:00:00,16252.0
2026-02-22T02,NY,New York,TI,Total interchange,-2159,megawatthours,2026-02-22 02:00:00,-2159.0
2026-02-22T01,NY,New York,D,Demand,18739,megawatthours,2026-02-22 01:00:00,18739.0
2026-02-22T01,NY,New York,DF,Day-ahead demand forecast,18349,megawatthours,2026-02-22 01:00:00,18349.0
2026-02-22T01,NY,New York,NG,Net generation,16637,megawatthours,2026-02-22 01:00:00,16637.0
2026-02-22T01,NY,New York,TI,Total interchange,-2102,megawatthours,2026-02-22 01:00:00,-2102.0
2026-02-22T00,NY,New York,D,Demand,18924,megawatthours,2026-02-22 00:00:00,18924.0
2026-02-22T00,NY,New York,DF,Day-ahead demand forecast,18508,megawatthours,2026-02-22 00:00:00,18508.0
2026-02-22T00,NY,New York,NG,Net generation,16990,megawatthours,2026-02-22 00:00:00,16990.0
2026-02-22T00,NY,New York,TI,Total interchange,-1934,megawatthours,2026-02-22 00:00:00,-1934.0
2026-02-21T23,NY,New York,D,Demand,18637,megawatthours,2026-02-21 23:00:00,18637.0
2026-02-21T23,NY,New York,DF,Day-ahead demand forecast,18041,megawatthours,2026-02-21 23:00:00,18041.0
2026-02-21T23,NY,New York,NG,Net generation,16619,megawatthours,2026-02-21 23:00:00,16619.0
2026-02-21T23,NY,New York,TI,Total interchange,-2018,megawatthours,2026-02-21 23:00:00,-2018.0
2026-02-21T22,NY,New York,D,Demand,17872,megawatthours,2026-02-21 22:00:00,17872.0
2026-02-21T22,NY,New York,DF,Day-ahead demand forecast,17461,megawatthours,2026-02-21 22:00:00,17461.0
2026-02-21T22,NY,New York,NG,Net generation,15894,megawatthours,2026-02-21 22:00:00,15894.0
2026-02-21T22,NY,New York,TI,Total interchange,-1978,megawatthours,2026-02-21 22:00:00,-1978.0
2026-02-21T21,NY,New York,D,Demand,17320,megawatthours,2026-02-21 21:00:00,17320.0
2026-02-21T21,NY,New York,DF,Day-ahead demand forecast,16760,megawatthours,2026-02-21 21:00:00,16760.0
2026-02-21T21,NY,New York,NG,Net generation,15172,megawatthours,2026-02-21 21:00:00,15172.0
2026-02-21T21,NY,New York,TI,Total interchange,-2148,megawatthours,2026-02-21 21:00:00,-2148.0
2026-02-21T20,NY,New York,D,Demand,16981,megawatthours,2026-02-21 20:00:00,16981.0
2026-02-21T20,NY,New York,DF,Day-ahead demand forecast,16423,megawatthours,2026-02-21 20:00:00,16423.0
2026-02-21T20,NY,New York,NG,Net generation,14931,megawatthours,2026-02-21 20:00:00,14931.0
2026-02-21T20,NY,New York,TI,Total interchange,-2050,megawatthours,2026-02-21 20:00:00,-2050.0
2026-02-21T19,NY,New York,D,Demand,16979,megawatthours,2026-02-21 19:00:00,16979.0
2026-02-21T19,NY,New York,DF,Day-ahead demand forecast,16358,megawatthours,2026-02-21 19:00:00,16358.0
2026-02-21T19,NY,New York,NG,Net generation,14961,megawatthours,2026-02-21 19:00:00,14961.0
2026-02-21T19,NY,New York,TI,Total interchange,-2018,megawatthours,2026-02-21 19:00:00,-2018.0
2026-02-21T18,NY,New York,D,Demand,17072,megawatthours,2026-02-21 18:00:00,17072.0
2026-02-21T18,NY,New York,DF,Day-ahead demand forecast,16501,megawatthours,2026-02-21 18:00:00,16501.0
2026-02-21T18,NY,New York,NG,Net generation,15275,megawatthours,2026-02-21 18:00:00,15275.0
2026-02-21T18,NY,New York,TI,Total interchange,-1797,megawatthours,2026-02-21 18:00:00,-1797.0
2026-02-21T17,NY,New York,D,Demand,17061,megawatthours,2026-02-21 17:00:00,17061.0
2026-02-21T17,NY,New York,DF,Day-ahead demand forecast,16659,megawatthours,2026-02-21 17:00:00,16659.0
2026-02-21T17,NY,New York,NG,Net generation,15213,megawatthours,2026-02-21 17:00:00,15213.0
2026-02-21T17,NY,New York,TI,Total interchange,-1848,megawatthours,2026-02-21 17:00:00,-1848.0
2026-02-21T16,NY,New York,D,Demand,17168,megawatthours,2026-02-21 16:00:00,17168.0
2026-02-21T16,NY,New York,DF,Day-ahead demand forecast,16757,megawatthours,2026-02-21 16:00:00,16757.0
2026-02-21T16,NY,New York,NG,Net generation,15409,megawatthours,2026-02-21 16:00:00,15409.0
2026-02-21T16,NY,New York,TI,Total interchange,-1759,megawatthours,2026-02-21 16:00:00,-1759.0
2026-02-21T15,NY,New York,D,Demand,17273,megawatthours,2026-02-21 15:00:00,17273.0
2026-02-21T15,NY,New York,DF,Day-ahead demand forecast,16828,megawatthours,2026-02-21 15:00:00,16828.0
2026-02-21T15,NY,New York,NG,Net generation,15419,megawatthours,2026-02-21 15:00:00,15419.0
2026-02-21T15,NY,New York,TI,Total interchange,-1854,megawatthours,2026-02-21 15:00:00,-1854.0
2026-02-21T14,NY,New York,D,Demand,17111,megawatthours,2026-02-21 14:00:00,17111.0
2026-02-21T14,NY,New York,DF,Day-ahead demand forecast,16855,megawatthours,2026-02-21 14:00:00,16855.0
2026-02-21T14,NY,New York,NG,Net generation,15157,megawatthours,2026-02-21 14:00:00,15157.0
2026-02-21T14,NY,New York,TI,Total interchange,-1954,megawatthours,2026-02-21 14:00:00,-1954.0
2026-02-21T13,NY,New York,D,Demand,16699,megawatthours,2026-02-21 13:00:00,16699.0
2026-02-21T13,NY,New York,DF,Day-ahead demand forecast,16540,megawatthours,2026-02-21 13:00:00,16540.0
2026-02-21T13,NY,New York,NG,Net generation,14697,megawatthours,2026-02-21 13:00:00,14697.0
2026-02-21T13,NY,New York,TI,Total interchange,-2002,megawatthours,2026-02-21 13:00:00,-2002.0
2026-02-21T12,NY,New York,D,Demand,16240,megawatthours,2026-02-21 12:00:00,16240.0
2026-02-21T12,NY,New York,DF,Day-ahead demand forecast,15976,megawatthours,2026-02-21 12:00:00,15976.0
2026-02-21T12,NY,New York,NG,Net generation,14049,megawatthours,2026-02-21 12:00:00,14049.0
2026-02-21T12,NY,New York,TI,Total interchange,-2191,megawatthours,2026-02-21 12:00:00,-2191.0
2026-02-21T11,NY,New York,D,Demand,15734,megawatthours,2026-02-21 11:00:00,15734.0
2026-02-21T11,NY,New York,DF,Day-ahead demand forecast,15359,megawatthours,2026-02-21 11:00:00,15359.0
2026-02-21T11,NY,New York,NG,Net generation,13225,megawatthours,2026-02-21 11:00:00,13225.0
2026-02-21T11,NY,New York,TI,Total interchange,-2509,megawatthours,2026-02-21 11:00:00,-2509.0
2026-02-21T10,NY,New York,D,Demand,15503,megawatthours,2026-02-21 10:00:00,15503.0
2026-02-21T10,NY,New York,DF,Day-ahead demand forecast,15015,megawatthours,2026-02-21 10:00:00,15015.0
2026-02-21T10,NY,New York,NG,Net generation,12906,megawatthours,2026-02-21 10:00:00,12906.0
2026-02-21T10,NY,New York,TI,Total interchange,-2597,megawatthours,2026-02-21 10:00:00,-2597.0
2026-02-21T09,NY,New York,D,Demand,15492,megawatthours,2026-02-21 09:00:00,15492.0
2026-02-21T09,NY,New York,DF,Day-ahead demand forecast,14960,megawatthours,2026-02-21 09:00:00,14960.0
2026-02-21T09,NY,New York,NG,Net generation,12862,megawatthours,2026-02-21 09:00:00,12862.0
2026-02-21T09,NY,New York,TI,Total interchange,-2630,megawatthours,2026-02-21 09:00:00,-2630.0
2026-02-21T08,NY,New York,D,Demand,15656,megawatthours,2026-02-21 08:00:00,15656.0
2026-02-21T08,NY,New York,DF,Day-ahead demand forecast,15119,megawatthours,2026-02-21 08:00:00,15119.0
2026-02-21T08,NY,New York,NG,Net generation,13001,megawatthours,2026-02-21 08:00:00,13001.0
2026-02-21T08,NY,New York,TI,Total interchange,-2655,megawatthours,2026-02-21 08:00:00,-2655.0
2026-02-21T07,NY,New York,D,Demand,15986,megawatthours,2026-02-21 07:00:00,15986.0
2026-02-21T07,NY,New York,DF,Day-ahead demand forecast,15419,megawatthours,2026-02-21 07:00:00,15419.0
2026-02-21T07,NY,New York,NG,Net generation,13535,megawatthours,2026-02-21 07:00:00,13535.0
2026-02-21T07,NY,New York,TI,Total interchange,-2451,megawatthours,2026-02-21 07:00:00,-2451.0
2026-02-21T06,NY,New York,D,Demand,16455,megawatthours,2026-02-21 06:00:00,16455.0
2026-02-21T06,NY,New York,DF,Day-ahead demand forecast,15865,megawatthours,2026-02-21 06:00:00,15865.0
2026-02-21T06,NY,New York,NG,Net generation,14005,megawatthours,2026-02-21 06:00:00,14005.0
2026-02-21T06,NY,New York,TI,Total interchange,-2450,megawatthours,2026-02-21 06:00:00,-2450.0
2026-02-21T05,NY,New York,D,Demand,17085,megawatthours,2026-02-21 05:00:00,17085.0
2026-02-21T05,NY,New York,DF,Day-ahead demand forecast,16469,megawatthours,2026-02-21 05:00:00,16469.0
2026-02-21T05,NY,New York,NG,Net generation,14756,megawatthours,2026-02-21 05:00:00,14756.0
2026-02-21T05,NY,New York,TI,Total interchange,-2329,megawatthours,2026-02-21 05:00:00,-2329.0
2026-02-21T04,NY,New York,D,Demand,17949,megawatthours,2026-02-21 04:00:00,17949.0
2026-02-21T04,NY,New York,DF,Day-ahead demand forecast,17229,megawatthours,2026-02-21 04:00:00,17229.0
2026-02-21T04,NY,New York,NG,Net generation,15537,megawatthours,2026-02-21 04:00:00,15537.0
2026-02-21T04,NY,New York,TI,Total interchange,-2412,megawatthours,2026-02-21 04:00:00,-2412.0
2026-02-21T03,NY,New York,D,Demand,18780,megawatthours,2026-02-21 03:00:00,18780.0
2026-02-21T03,NY,New York,DF,Day-ahead demand forecast,17962,megawatthours,2026-02-21 03:00:00,17962.0
2026-02-21T03,NY,New York,NG,Net generation,16364,megawatthours,2026-02-21 03:00:00,16364.0
2026-02-21T03,NY,New York,TI,Total interchange,-2416,megawatthours,2026-02-21 03:00:00,-2416.0
2026-02-21T02,NY,New York,D,Demand,19445,megawatthours,2026-02-21 02:00:00,19445.0
2026-02-21T02,NY,New York,DF,Day-ahead demand forecast,18525,megawatthours,2026-02-21 02:00:00,18525.0
2026-02-21T02,NY,New York,NG,Net generation,16642,megawatthours,2026-02-21 02:00:00,16642.0
2026-02-21T02,NY,New York,TI,Total interchange,-2803,megawatthours,2026-02-21 02:00:00,-2803.0
2026-02-21T01,NY,New York,D,Demand,19962,megawatthours,2026-02-21 01:00:00,19962.0
2026-02-21T01,NY,New York,DF,Day-ahead demand forecast,19038,megawatthours,2026-02-21 01:00:00,19038.0
2026-02-21T01,NY,New York,NG,Net generation,17450,megawatthours,2026-02-21 01:00:00,17450.0
2026-02-21T01,NY,New York,TI,Total interchange,-2512,megawatthours,2026-02-21 01:00:00,-2512.0
2026-02-21T00,NY,New York,D,Demand,20410,megawatthours,2026-02-21 00:00:00,20410.0
2026-02-21T00,NY,New York,DF,Day-ahead demand forecast,19396,megawatthours,2026-02-21 00:00:00,19396.0
2026-02-21T00,NY,New York,NG,Net generation,18024,megawatthours,2026-02-21 00:00:00,18024.0
2026-02-21T00,NY,New York,TI,Total interchange,-2386,megawatthours,2026-02-21 00:00:00,-2386.0
2026-02-20T23,NY,New York,D,Demand,20477,megawatthours,2026-02-20 23:00:00,20477.0
2026-02-20T23,NY,New York,DF,Day-ahead demand forecast,19295,megawatthours,2026-02-20 23:00:00,19295.0
2026-02-20T23,NY,New York,NG,Net generation,18093,megawatthours,2026-02-20 23:00:00,18093.0
2026-02-20T23,NY,New York,TI,Total interchange,-2384,megawatthours,2026-02-20 23:00:00,-2384.0
2026-02-20T22,NY,New York,D,Demand,20103,megawatthours,2026-02-20 22:00:00,20103.0
2026-02-20T22,NY,New York,DF,Day-ahead demand forecast,18854,megawatthours,2026-02-20 22:00:00,18854.0
2026-02-20T22,NY,New York,NG,Net generation,17966,megawatthours,2026-02-20 22:00:00,17966.0
2026-02-20T22,NY,New York,TI,Total interchange,-2137,megawatthours,2026-02-20 22:00:00,-2137.0
2026-02-20T21,NY,New York,D,Demand,19712,megawatthours,2026-02-20 21:00:00,19712.0
2026-02-20T21,NY,New York,DF,Day-ahead demand forecast,18422,megawatthours,2026-02-20 21:00:00,18422.0
2026-02-20T21,NY,New York,NG,Net generation,17545,megawatthours,2026-02-20 21:00:00,17545.0
2026-02-20T21,NY,New York,TI,Total interchange,-2167,megawatthours,2026-02-20 21:00:00,-2167.0
2026-02-20T20,NY,New York,D,Demand,19647,megawatthours,2026-02-20 20:00:00,19647.0
2026-02-20T20,NY,New York,DF,Day-ahead demand forecast,18285,megawatthours,2026-02-20 20:00:00,18285.0
2026-02-20T20,NY,New York,NG,Net generation,17154,megawatthours,2026-02-20 20:00:00,17154.0
2026-02-20T20,NY,New York,TI,Total interchange,-2493,megawatthours,2026-02-20 20:00:00,-2493.0
2026-02-20T19,NY,New York,D,Demand,19718,megawatthours,2026-02-20 19:00:00,19718.0
2026-02-20T19,NY,New York,DF,Day-ahead demand forecast,18376,megawatthours,2026-02-20 19:00:00,18376.0
2026-02-20T19,NY,New York,NG,Net generation,16946,megawatthours,2026-02-20 19:00:00,16946.0
2026-02-20T19,NY,New York,TI,Total interchange,-2772,megawatthours,2026-02-20 19:00:00,-2772.0
2026-02-20T18,NY,New York,D,Demand,19805,megawatthours,2026-02-20 18:00:00,19805.0
2026-02-20T18,NY,New York,DF,Day-ahead demand forecast,18530,megawatthours,2026-02-20 18:00:00,18530.0
2026-02-20T18,NY,New York,NG,Net generation,17120,megawatthours,2026-02-20 18:00:00,17120.0
2026-02-20T18,NY,New York,TI,Total interchange,-2685,megawatthours,2026-02-20 18:00:00,-2685.0
2026-02-20T17,NY,New York,D,Demand,19807,megawatthours,2026-02-20 17:00:00,19807.0
2026-02-20T17,NY,New York,DF,Day-ahead demand forecast,18717,megawatthours,2026-02-20 17:00:00,18717.0
2026-02-20T17,NY,New York,NG,Net generation,17015,megawatthours,2026-02-20 17:00:00,17015.0
2026-02-20T17,NY,New York,TI,Total interchange,-2792,megawatthours,2026-02-20 17:00:00,-2792.0
2026-02-20T16,NY,New York,D,Demand,19708,megawatthours,2026-02-20 16:00:00,19708.0
2026-02-20T16,NY,New York,DF,Day-ahead demand forecast,18830,megawatthours,2026-02-20 16:00:00,18830.0
2026-02-20T16,NY,New York,NG,Net generation,16857,megawatthours,2026-02-20 16:00:00,16857.0
2026-02-20T16,NY,New York,TI,Total interchange,-2851,megawatthours,2026-02-20 16:00:00,-2851.0
2026-02-20T15,NY,New York,D,Demand,19463,megawatthours,2026-02-20 15:00:00,19463.0
2026-02-20T15,NY,New York,DF,Day-ahead demand forecast,18805,megawatthours,2026-02-20 15:00:00,18805.0
2026-02-20T15,NY,New York,NG,Net generation,16970,megawatthours,2026-02-20 15:00:00,16970.0
2026-02-20T15,NY,New York,TI,Total interchange,-2493,megawatthours,2026-02-20 15:00:00,-2493.0
2026-02-20T14,NY,New York,D,Demand,19016,megawatthours,2026-02-20 14:00:00,19016.0
2026-02-20T14,NY,New York,DF,Day-ahead demand forecast,18646,megawatthours,2026-02-20 14:00:00,18646.0
2026-02-20T14,NY,New York,NG,Net generation,16824,megawatthours,2026-02-20 14:00:00,16824.0
2026-02-20T14,NY,New York,TI,Total interchange,-2192,megawatthours,2026-02-20 14:00:00,-2192.0
2026-02-20T13,NY,New York,D,Demand,18292,megawatthours,2026-02-20 13:00:00,18292.0
2026-02-20T13,NY,New York,DF,Day-ahead demand forecast,18211,megawatthours,2026-02-20 13:00:00,18211.0
2026-02-20T13,NY,New York,NG,Net generation,16206,megawatthours,2026-02-20 13:00:00,16206.0
2026-02-20T13,NY,New York,TI,Total interchange,-2086,megawatthours,2026-02-20 13:00:00,-2086.0
2026-02-20T12,NY,New York,D,Demand,17330,megawatthours,2026-02-20 12:00:00,17330.0
2026-02-20T12,NY,New York,DF,Day-ahead demand forecast,17250,megawatthours,2026-02-20 12:00:00,17250.0
2026-02-20T12,NY,New York,NG,Net generation,14994,megawatthours,2026-02-20 12:00:00,14994.0
2026-02-20T12,NY,New York,TI,Total interchange,-2336,megawatthours,2026-02-20 12:00:00,-2336.0
2026-02-20T11,NY,New York,D,Demand,16242,megawatthours,2026-02-20 11:00:00,16242.0
2026-02-20T11,NY,New York,DF,Day-ahead demand forecast,16017,megawatthours,2026-02-20 11:00:00,16017.0
2026-02-20T11,NY,New York,NG,Net generation,13772,megawatthours,2026-02-20 11:00:00,13772.0
2026-02-20T11,NY,New York,TI,Total interchange,-2470,megawatthours,2026-02-20 11:00:00,-2470.0
2026-02-20T10,NY,New York,D,Demand,15568,megawatthours,2026-02-20 10:00:00,15568.0
2026-02-20T10,NY,New York,DF,Day-ahead demand forecast,15315,megawatthours,2026-02-20 10:00:00,15315.0
2026-02-20T10,NY,New York,NG,Net generation,12707,megawatthours,2026-02-20 10:00:00,12707.0
2026-02-20T10,NY,New York,TI,Total interchange,-2861,megawatthours,2026-02-20 10:00:00,-2861.0
2026-02-20T09,NY,New York,D,Demand,15366,megawatthours,2026-02-20 09:00:00,15366.0
2026-02-20T09,NY,New York,DF,Day-ahead demand forecast,15124,megawatthours,2026-02-20 09:00:00,15124.0
2026-02-20T09,NY,New York,NG,Net generation,12446,megawatthours,2026-02-20 09:00:00,12446.0
2026-02-20T09,NY,New York,TI,Total interchange,-2920,megawatthours,2026-02-20 09:00:00,-2920.0
2026-02-20T08,NY,New York,D,Demand,15446,megawatthours,2026-02-20 08:00:00,15446.0
2026-02-20T08,NY,New York,DF,Day-ahead demand forecast,15233,megawatthours,2026-02-20 08:00:00,15233.0
2026-02-20T08,NY,New York,NG,Net generation,12519,megawatthours,2026-02-20 08:00:00,12519.0
2026-02-20T08,NY,New York,TI,Total interchange,-2927,megawatthours,2026-02-20 08:00:00,-2927.0
2026-02-20T07,NY,New York,D,Demand,15732,megawatthours,2026-02-20 07:00:00,15732.0
2026-02-20T07,NY,New York,DF,Day-ahead demand forecast,15517,megawatthours,2026-02-20 07:00:00,15517.0
2026-02-20T07,NY,New York,NG,Net generation,12731,megawatthours,2026-02-20 07:00:00,12731.0
2026-02-20T07,NY,New York,TI,Total interchange,-3001,megawatthours,2026-02-20 07:00:00,-3001.0
2026-02-20T06,NY,New York,D,Demand,16175,megawatthours,2026-02-20 06:00:00,16175.0
2026-02-20T06,NY,New York,DF,Day-ahead demand forecast,15961,megawatthours,2026-02-20 06:00:00,15961.0
2026-02-20T06,NY,New York,NG,Net generation,13196,megawatthours,2026-02-20 06:00:00,13196.0
2026-02-20T06,NY,New York,TI,Total interchange,-2979,megawatthours,2026-02-20 06:00:00,-2979.0
2026-02-20T05,NY,New York,D,Demand,16797,megawatthours,2026-02-20 05:00:00,16797.0
2026-02-20T05,NY,New York,DF,Day-ahead demand forecast,16598,megawatthours,2026-02-20 05:00:00,16598.0
2026-02-20T05,NY,New York,NG,Net generation,14386,megawatthours,2026-02-20 05:00:00,14386.0
2026-02-20T05,NY,New York,TI,Total interchange,-2411,megawatthours,2026-02-20 05:00:00,-2411.0
2026-02-20T04,NY,New York,D,Demand,17703,megawatthours,2026-02-20 04:00:00,17703.0
2026-02-20T04,NY,New York,DF,Day-ahead demand forecast,17465,megawatthours,2026-02-20 04:00:00,17465.0
2026-02-20T04,NY,New York,NG,Net generation,15374,megawatthours,2026-02-20 04:00:00,15374.0
2026-02-20T04,NY,New York,TI,Total interchange,-2329,megawatthours,2026-02-20 04:00:00,-2329.0
2026-02-20T03,NY,New York,D,Demand,18594,megawatthours,2026-02-20 03:00:00,18594.0
2026-02-20T03,NY,New York,DF,Day-ahead demand forecast,18357,megawatthours,2026-02-20 03:00:00,18357.0
2026-02-20T03,NY,New York,NG,Net generation,16433,megawatthours,2026-02-20 03:00:00,16433.0
2026-02-20T03,NY,New York,TI,Total interchange,-2161,megawatthours,2026-02-20 03:00:00,-2161.0
2026-02-20T02,NY,New York,D,Demand,19322,megawatthours,2026-02-20 02:00:00,19322.0
2026-02-20T02,NY,New York,DF,Day-ahead demand forecast,19033,megawatthours,2026-02-20 02:00:00,19033.0
2026-02-20T02,NY,New York,NG,Net generation,17513,megawatthours,2026-02-20 02:00:00,17513.0
2026-02-20T02,NY,New York,TI,Total interchange,-1809,megawatthours,2026-02-20 02:00:00,-1809.0
2026-02-20T01,NY,New York,D,Demand,19844,megawatthours,2026-02-20 01:00:00,19844.0
2026-02-20T01,NY,New York,DF,Day-ahead demand forecast,19510,megawatthours,2026-02-20 01:00:00,19510.0
2026-02-20T01,NY,New York,NG,Net generation,17930,megawatthours,2026-02-20 01:00:00,17930.0
2026-02-20T01,NY,New York,TI,Total interchange,-1914,megawatthours,2026-02-20 01:00:00,-1914.0
2026-02-20T00,NY,New York,D,Demand,20174,megawatthours,2026-02-20 00:00:00,20174.0
2026-02-20T00,NY,New York,DF,Day-ahead demand forecast,19711,megawatthours,2026-02-20 00:00:00,19711.0
2026-02-20T00,NY,New York,NG,Net generation,17937,megawatthours,2026-02-20 00:00:00,17937.0
2026-02-20T00,NY,New York,TI,Total interchange,-2237,megawatthours,2026-02-20 00:00:00,-2237.0
2026-02-19T23,NY,New York,D,Demand,19982,megawatthours,2026-02-19 23:00:00,19982.0
2026-02-19T23,NY,New York,DF,Day-ahead demand forecast,19354,megawatthours,2026-02-19 23:00:00,19354.0
2026-02-19T23,NY,New York,NG,Net generation,17571,megawatthours,2026-02-19 23:00:00,17571.0
2026-02-19T23,NY,New York,TI,Total interchange,-2411,megawatthours,2026-02-19 23:00:00,-2411.0
2026-02-19T22,NY,New York,D,Demand,19186,megawatthours,2026-02-19 22:00:00,19186.0
2026-02-19T22,NY,New York,DF,Day-ahead demand forecast,18614,megawatthours,2026-02-19 22:00:00,18614.0
2026-02-19T22,NY,New York,NG,Net generation,16662,megawatthours,2026-02-19 22:00:00,16662.0
2026-02-19T22,NY,New York,TI,Total interchange,-2524,megawatthours,2026-02-19 22:00:00,-2524.0
2026-02-19T21,NY,New York,D,Demand,18442,megawatthours,2026-02-19 21:00:00,18442.0
2026-02-19T21,NY,New York,DF,Day-ahead demand forecast,17845,megawatthours,2026-02-19 21:00:00,17845.0
2026-02-19T21,NY,New York,NG,Net generation,15627,megawatthours,2026-02-19 21:00:00,15627.0
2026-02-19T21,NY,New York,TI,Total interchange,-2815,megawatthours,2026-02-19 21:00:00,-2815.0
2026-02-19T20,NY,New York,D,Demand,17917,megawatthours,2026-02-19 20:00:00,17917.0
2026-02-19T20,NY,New York,DF,Day-ahead demand forecast,17448,megawatthours,2026-02-19 20:00:00,17448.0
2026-02-19T20,NY,New York,NG,Net generation,14972,megawatthours,2026-02-19 20:00:00,14972.0
2026-02-19T20,NY,New York,TI,Total interchange,-2945,megawatthours,2026-02-19 20:00:00,-2945.0
2026-02-19T19,NY,New York,D,Demand,17576,megawatthours,2026-02-19 19:00:00,17576.0
2026-02-19T19,NY,New York,DF,Day-ahead demand forecast,17425,megawatthours,2026-02-19 19:00:00,17425.0
2026-02-19T19,NY,New York,NG,Net generation,14651,megawatthours,2026-02-19 19:00:00,14651.0
2026-02-19T19,NY,New York,TI,Total interchange,-2925,megawatthours,2026-02-19 19:00:00,-2925.0
2026-02-19T18,NY,New York,D,Demand,17497,megawatthours,2026-02-19 18:00:00,17497.0
2026-02-19T18,NY,New York,DF,Day-ahead demand forecast,17524,megawatthours,2026-02-19 18:00:00,17524.0
2026-02-19T18,NY,New York,NG,Net generation,14604,megawatthours,2026-02-19 18:00:00,14604.0
2026-02-19T18,NY,New York,TI,Total interchange,-2893,megawatthours,2026-02-19 18:00:00,-2893.0
2026-02-19T17,NY,New York,D,Demand,17593,megawatthours,2026-02-19 17:00:00,17593.0
2026-02-19T17,NY,New York,DF,Day-ahead demand forecast,17731,megawatthours,2026-02-19 17:00:00,17731.0
2026-02-19T17,NY,New York,NG,Net generation,14469,megawatthours,2026-02-19 17:00:00,14469.0
2026-02-19T17,NY,New York,TI,Total interchange,-3124,megawatthours,2026-02-19 17:00:00,-3124.0
2026-02-19T16,NY,New York,D,Demand,17880,megawatthours,2026-02-19 16:00:00,17880.0
2026-02-19T16,NY,New York,DF,Day-ahead demand forecast,17999,megawatthours,2026-02-19 16:00:00,17999.0
2026-02-19T16,NY,New York,NG,Net generation,14845,megawatthours,2026-02-19 16:00:00,14845.0
2026-02-19T16,NY,New York,TI,Total interchange,-3035,megawatthours,2026-02-19 16:00:00,-3035.0
2026-02-19T15,NY,New York,D,Demand,18316,megawatthours,2026-02-19 15:00:00,18316.0
2026-02-19T15,NY,New York,DF,Day-ahead demand forecast,18234,megawatthours,2026-02-19 15:00:00,18234.0
2026-02-19T15,NY,New York,NG,Net generation,15378,megawatthours,2026-02-19 15:00:00,15378.0
2026-02-19T15,NY,New York,TI,Total interchange,-2938,megawatthours,2026-02-19 15:00:00,-2938.0
2026-02-19T14,NY,New York,D,Demand,18613,megawatthours,2026-02-19 14:00:00,18613.0
2026-02-19T14,NY,New York,DF,Day-ahead demand forecast,18479,megawatthours,2026-02-19 14:00:00,18479.0
2026-02-19T14,NY,New York,NG,Net generation,16237,megawatthours,2026-02-19 14:00:00,16237.0
2026-02-19T14,NY,New York,TI,Total interchange,-2376,megawatthours,2026-02-19 14:00:00,-2376.0
2026-02-19T13,NY,New York,D,Demand,18445,megawatthours,2026-02-19 13:00:00,18445.0
2026-02-19T13,NY,New York,DF,Day-ahead demand forecast,18355,megawatthours,2026-02-19 13:00:00,18355.0
2026-02-19T13,NY,New York,NG,Net generation,16287,megawatthours,2026-02-19 13:00:00,16287.0
2026-02-19T13,NY,New York,TI,Total interchange,-2158,megawatthours,2026-02-19 13:00:00,-2158.0
2026-02-19T12,NY,New York,D,Demand,17592,megawatthours,2026-02-19 12:00:00,17592.0
2026-02-19T12,NY,New York,DF,Day-ahead demand forecast,17452,megawatthours,2026-02-19 12:00:00,17452.0
2026-02-19T12,NY,New York,NG,Net generation,15208,megawatthours,2026-02-19 12:00:00,15208.0
2026-02-19T12,NY,New York,TI,Total interchange,-2384,megawatthours,2026-02-19 12:00:00,-2384.0
2026-02-19T11,NY,New York,D,Demand,16459,megawatthours,2026-02-19 11:00:00,16459.0
2026-02-19T11,NY,New York,DF,Day-ahead demand forecast,16123,megawatthours,2026-02-19 11:00:00,16123.0
2026-02-19T11,NY,New York,NG,Net generation,14096,megawatthours,2026-02-19 11:00:00,14096.0
2026-02-19T11,NY,New York,TI,Total interchange,-2363,megawatthours,2026-02-19 11:00:00,-2363.0
2026-02-19T10,NY,New York,D,Demand,15698,megawatthours,2026-02-19 10:00:00,15698.0
2026-02-19T10,NY,New York,DF,Day-ahead demand forecast,15362,megawatthours,2026-02-19 10:00:00,15362.0
2026-02-19T10,NY,New York,NG,Net generation,13251,megawatthours,2026-02-19 10:00:00,13251.0
2026-02-19T10,NY,New York,TI,Total interchange,-2447,megawatthours,2026-02-19 10:00:00,-2447.0
2026-02-19T09,NY,New York,D,Demand,15460,megawatthours,2026-02-19 09:00:00,15460.0
2026-02-19T09,NY,New York,DF,Day-ahead demand forecast,15143,megawatthours,2026-02-19 09:00:00,15143.0
2026-02-19T09,NY,New York,NG,Net generation,12933,megawatthours,2026-02-19 09:00:00,12933.0
2026-02-19T09,NY,New York,TI,Total interchange,-2527,megawatthours,2026-02-19 09:00:00,-2527.0
2026-02-19T08,NY,New York,D,Demand,15567,megawatthours,2026-02-19 08:00:00,15567.0
2026-02-19T08,NY,New York,DF,Day-ahead demand forecast,15229,megawatthours,2026-02-19 08:00:00,15229.0
2026-02-19T08,NY,New York,NG,Net generation,13004,megawatthours,2026-02-19 08:00:00,13004.0
2026-02-19T08,NY,New York,TI,Total interchange,-2563,megawatthours,2026-02-19 08:00:00,-2563.0
2026-02-19T07,NY,New York,D,Demand,15853,megawatthours,2026-02-19 07:00:00,15853.0
2026-02-19T07,NY,New York,DF,Day-ahead demand forecast,15480,megawatthours,2026-02-19 07:00:00,15480.0
2026-02-19T07,NY,New York,NG,Net generation,13374,megawatthours,2026-02-19 07:00:00,13374.0
2026-02-19T07,NY,New York,TI,Total interchange,-2479,megawatthours,2026-02-19 07:00:00,-2479.0
2026-02-19T06,NY,New York,D,Demand,16298,megawatthours,2026-02-19 06:00:00,16298.0
2026-02-19T06,NY,New York,DF,Day-ahead demand forecast,15910,megawatthours,2026-02-19 06:00:00,15910.0
2026-02-19T06,NY,New York,NG,Net generation,13868,megawatthours,2026-02-19 06:00:00,13868.0
2026-02-19T06,NY,New York,TI,Total interchange,-2430,megawatthours,2026-02-19 06:00:00,-2430.0
2026-02-19T05,NY,New York,D,Demand,16983,megawatthours,2026-02-19 05:00:00,16983.0
2026-02-19T05,NY,New York,DF,Day-ahead demand forecast,16549,megawatthours,2026-02-19 05:00:00,16549.0
2026-02-19T05,NY,New York,NG,Net generation,14309,megawatthours,2026-02-19 05:00:00,14309.0
2026-02-19T05,NY,New York,TI,Total interchange,-2674,megawatthours,2026-02-19 05:00:00,-2674.0
2026-02-19T04,NY,New York,D,Demand,17883,megawatthours,2026-02-19 04:00:00,17883.0
2026-02-19T04,NY,New York,DF,Day-ahead demand forecast,17446,megawatthours,2026-02-19 04:00:00,17446.0
2026-02-19T04,NY,New York,NG,Net generation,15243,megawatthours,2026-02-19 04:00:00,15243.0
2026-02-19T04,NY,New York,TI,Total interchange,-2640,megawatthours,2026-02-19 04:00:00,-2640.0
2026-02-19T03,NY,New York,D,Demand,18783,megawatthours,2026-02-19 03:00:00,18783.0
2026-02-19T03,NY,New York,DF,Day-ahead demand forecast,18399,megawatthours,2026-02-19 03:00:00,18399.0
2026-02-19T03,NY,New York,NG,Net generation,16381,megawatthours,2026-02-19 03:00:00,16381.0
2026-02-19T03,NY,New York,TI,Total interchange,-2402,megawatthours,2026-02-19 03:00:00,-2402.0
2026-02-19T02,NY,New York,D,Demand,19516,megawatthours,2026-02-19 02:00:00,19516.0
2026-02-19T02,NY,New York,DF,Day-ahead demand forecast,19156,megawatthours,2026-02-19 02:00:00,19156.0
2026-02-19T02,NY,New York,NG,Net generation,17250,megawatthours,2026-02-19 02:00:00,17250.0
2026-02-19T02,NY,New York,TI,Total interchange,-2266,megawatthours,2026-02-19 02:00:00,-2266.0
2026-02-19T01,NY,New York,D,Demand,20046,megawatthours,2026-02-19 01:00:00,20046.0
2026-02-19T01,NY,New York,DF,Day-ahead demand forecast,19711,megawatthours,2026-02-19 01:00:00,19711.0
2026-02-19T01,NY,New York,NG,Net generation,17533,megawatthours,2026-02-19 01:00:00,17533.0
2026-02-19T01,NY,New York,TI,Total interchange,-2513,megawatthours,2026-02-19 01:00:00,-2513.0
2026-02-19T00,NY,New York,D,Demand,20467,megawatthours,2026-02-19 00:00:00,20467.0
2026-02-19T00,NY,New York,DF,Day-ahead demand forecast,19993,megawatthours,2026-02-19 00:00:00,19993.0
2026-02-19T00,NY,New York,NG,Net generation,17959,megawatthours,2026-02-19 00:00:00,17959.0
2026-02-19T00,NY,New York,TI,Total interchange,-2508,megawatthours,2026-02-19 00:00:00,-2508.0
2026-02-18T23,NY,New York,D,Demand,20439,megawatthours,2026-02-18 23:00:00,20439.0
2026-02-18T23,NY,New York,DF,Day-ahead demand forecast,19727,megawatthours,2026-02-18 23:00:00,19727.0
2026-02-18T23,NY,New York,NG,Net generation,17950,megawatthours,2026-02-18 23:00:00,17950.0
2026-02-18T23,NY,New York,TI,Total interchange,-2489,megawatthours,2026-02-18 23:00:00,-2489.0
2026-02-18T22,NY,New York,D,Demand,19953,megawatthours,2026-02-18 22:00:00,19953.0
2026-02-18T22,NY,New York,DF,Day-ahead demand forecast,19154,megawatthours,2026-02-18 22:00:00,19154.0
2026-02-18T22,NY,New York,NG,Net generation,17420,megawatthours,2026-02-18 22:00:00,17420.0
2026-02-18T22,NY,New York,TI,Total interchange,-2533,megawatthours,2026-02-18 22:00:00,-2533.0
2026-02-18T21,NY,New York,D,Demand,19596,megawatthours,2026-02-18 21:00:00,19596.0
2026-02-18T21,NY,New York,DF,Day-ahead demand forecast,18592,megawatthours,2026-02-18 21:00:00,18592.0
2026-02-18T21,NY,New York,NG,Net generation,16744,megawatthours,2026-02-18 21:00:00,16744.0
2026-02-18T21,NY,New York,TI,Total interchange,-2852,megawatthours,2026-02-18 21:00:00,-2852.0
2026-02-18T20,NY,New York,D,Demand,19423,megawatthours,2026-02-18 20:00:00,19423.0
2026-02-18T20,NY,New York,DF,Day-ahead demand forecast,18412,megawatthours,2026-02-18 20:00:00,18412.0
2026-02-18T20,NY,New York,NG,Net generation,16486,megawatthours,2026-02-18 20:00:00,16486.0
2026-02-18T20,NY,New York,TI,Total interchange,-2937,megawatthours,2026-02-18 20:00:00,-2937.0
2026-02-18T19,NY,New York,D,Demand,19265,megawatthours,2026-02-18 19:00:00,19265.0
2026-02-18T19,NY,New York,DF,Day-ahead demand forecast,18424,megawatthours,2026-02-18 19:00:00,18424.0
2026-02-18T19,NY,New York,NG,Net generation,16227,megawatthours,2026-02-18 19:00:00,16227.0
2026-02-18T19,NY,New York,TI,Total interchange,-3038,megawatthours,2026-02-18 19:00:00,-3038.0
2026-02-18T18,NY,New York,D,Demand,19150,megawatthours,2026-02-18 18:00:00,19150.0
2026-02-18T18,NY,New York,DF,Day-ahead demand forecast,18419,megawatthours,2026-02-18 18:00:00,18419.0
2026-02-18T18,NY,New York,NG,Net generation,15788,megawatthours,2026-02-18 18:00:00,15788.0
2026-02-18T18,NY,New York,TI,Total interchange,-3362,megawatthours,2026-02-18 18:00:00,-3362.0
2026-02-18T17,NY,New York,D,Demand,19296,megawatthours,2026-02-18 17:00:00,19296.0
2026-02-18T17,NY,New York,DF,Day-ahead demand forecast,18524,megawatthours,2026-02-18 17:00:00,18524.0
2026-02-18T17,NY,New York,NG,Net generation,15808,megawatthours,2026-02-18 17:00:00,15808.0
2026-02-18T17,NY,New York,TI,Total interchange,-3488,megawatthours,2026-02-18 17:00:00,-3488.0
2026-02-18T16,NY,New York,D,Demand,19251,megawatthours,2026-02-18 16:00:00,19251.0
2026-02-18T16,NY,New York,DF,Day-ahead demand forecast,18618,megawatthours,2026-02-18 16:00:00,18618.0
2026-02-18T16,NY,New York,NG,Net generation,15939,megawatthours,2026-02-18 16:00:00,15939.0
2026-02-18T16,NY,New York,TI,Total interchange,-3312,megawatthours,2026-02-18 16:00:00,-3312.0
2026-02-18T15,NY,New York,D,Demand,19125,megawatthours,2026-02-18 15:00:00,19125.0
2026-02-18T15,NY,New York,DF,Day-ahead demand forecast,18654,megawatthours,2026-02-18 15:00:00,18654.0
2026-02-18T15,NY,New York,NG,Net generation,15982,megawatthours,2026-02-18 15:00:00,15982.0
2026-02-18T15,NY,New York,TI,Total interchange,-3143,megawatthours,2026-02-18 15:00:00,-3143.0
2026-02-18T14,NY,New York,D,Demand,18896,megawatthours,2026-02-18 14:00:00,18896.0
2026-02-18T14,NY,New York,DF,Day-ahead demand forecast,18703,megawatthours,2026-02-18 14:00:00,18703.0
2026-02-18T14,NY,New York,NG,Net generation,15761,megawatthours,2026-02-18 14:00:00,15761.0
2026-02-18T14,NY,New York,TI,Total interchange,-3135,megawatthours,2026-02-18 14:00:00,-3135.0
2026-02-18T13,NY,New York,D,Demand,18425,megawatthours,2026-02-18 13:00:00,18425.0
2026-02-18T13,NY,New York,DF,Day-ahead demand forecast,18466,megawatthours,2026-02-18 13:00:00,18466.0
2026-02-18T13,NY,New York,NG,Net generation,15463,megawatthours,2026-02-18 13:00:00,15463.0
2026-02-18T13,NY,New York,TI,Total interchange,-2962,megawatthours,2026-02-18 13:00:00,-2962.0
2026-02-18T12,NY,New York,D,Demand,17518,megawatthours,2026-02-18 12:00:00,17518.0
2026-02-18T12,NY,New York,DF,Day-ahead demand forecast,17537,megawatthours,2026-02-18 12:00:00,17537.0
2026-02-18T12,NY,New York,NG,Net generation,14728,megawatthours,2026-02-18 12:00:00,14728.0
2026-02-18T12,NY,New York,TI,Total interchange,-2790,megawatthours,2026-02-18 12:00:00,-2790.0
2026-02-18T11,NY,New York,D,Demand,16348,megawatthours,2026-02-18 11:00:00,16348.0
2026-02-18T11,NY,New York,DF,Day-ahead demand forecast,16177,megawatthours,2026-02-18 11:00:00,16177.0
2026-02-18T11,NY,New York,NG,Net generation,13533,megawatthours,2026-02-18 11:00:00,13533.0
2026-02-18T11,NY,New York,TI,Total interchange,-2815,megawatthours,2026-02-18 11:00:00,-2815.0
2026-02-18T10,NY,New York,D,Demand,15655,megawatthours,2026-02-18 10:00:00,15655.0
2026-02-18T10,NY,New York,DF,Day-ahead demand forecast,15412,megawatthours,2026-02-18 10:00:00,15412.0
2026-02-18T10,NY,New York,NG,Net generation,12810,megawatthours,2026-02-18 10:00:00,12810.0
2026-02-18T10,NY,New York,TI,Total interchange,-2845,megawatthours,2026-02-18 10:00:00,-2845.0
2026-02-18T09,NY,New York,D,Demand,15457,megawatthours,2026-02-18 09:00:00,15457.0
2026-02-18T09,NY,New York,DF,Day-ahead demand forecast,15168,megawatthours,2026-02-18 09:00:00,15168.0
2026-02-18T09,NY,New York,NG,Net generation,12829,megawatthours,2026-02-18 09:00:00,12829.0
2026-02-18T09,NY,New York,TI,Total interchange,-2628,megawatthours,2026-02-18 09:00:00,-2628.0
2026-02-18T08,NY,New York,D,Demand,15546,megawatthours,2026-02-18 08:00:00,15546.0
2026-02-18T08,NY,New York,DF,Day-ahead demand forecast,15258,megawatthours,2026-02-18 08:00:00,15258.0
2026-02-18T08,NY,New York,NG,Net generation,12801,megawatthours,2026-02-18 08:00:00,12801.0
2026-02-18T08,NY,New York,TI,Total interchange,-2745,megawatthours,2026-02-18 08:00:00,-2745.0
2026-02-18T07,NY,New York,D,Demand,15819,megawatthours,2026-02-18 07:00:00,15819.0
2026-02-18T07,NY,New York,DF,Day-ahead demand forecast,15509,megawatthours,2026-02-18 07:00:00,15509.0
2026-02-18T07,NY,New York,NG,Net generation,13142,megawatthours,2026-02-18 07:00:00,13142.0
2026-02-18T07,NY,New York,TI,Total interchange,-2677,megawatthours,2026-02-18 07:00:00,-2677.0
2026-02-18T06,NY,New York,D,Demand,16229,megawatthours,2026-02-18 06:00:00,16229.0
2026-02-18T06,NY,New York,DF,Day-ahead demand forecast,15947,megawatthours,2026-02-18 06:00:00,15947.0
2026-02-18T06,NY,New York,NG,Net generation,13686,megawatthours,2026-02-18 06:00:00,13686.0
2026-02-18T06,NY,New York,TI,Total interchange,-2543,megawatthours,2026-02-18 06:00:00,-2543.0
2026-02-18T05,NY,New York,D,Demand,16871,megawatthours,2026-02-18 05:00:00,16871.0
2026-02-18T05,NY,New York,DF,Day-ahead demand forecast,16639,megawatthours,2026-02-18 05:00:00,16639.0
2026-02-18T05,NY,New York,NG,Net generation,13989,megawatthours,2026-02-18 05:00:00,13989.0
2026-02-18T05,NY,New York,TI,Total interchange,-2882,megawatthours,2026-02-18 05:00:00,-2882.0
2026-02-18T04,NY,New York,D,Demand,17753,megawatthours,2026-02-18 04:00:00,17753.0
2026-02-18T04,NY,New York,DF,Day-ahead demand forecast,17527,megawatthours,2026-02-18 04:00:00,17527.0
2026-02-18T04,NY,New York,NG,Net generation,14925,megawatthours,2026-02-18 04:00:00,14925.0
2026-02-18T04,NY,New York,TI,Total interchange,-2828,megawatthours,2026-02-18 04:00:00,-2828.0
2026-02-18T03,NY,New York,D,Demand,18645,megawatthours,2026-02-18 03:00:00,18645.0
2026-02-18T03,NY,New York,DF,Day-ahead demand forecast,18403,megawatthours,2026-02-18 03:00:00,18403.0
2026-02-18T03,NY,New York,NG,Net generation,15682,megawatthours,2026-02-18 03:00:00,15682.0
2026-02-18T03,NY,New York,TI,Total interchange,-2963,megawatthours,2026-02-18 03:00:00,-2963.0
2026-02-18T02,NY,New York,D,Demand,19307,megawatthours,2026-02-18 02:00:00,19307.0
2026-02-18T02,NY,New York,DF,Day-ahead demand forecast,19123,megawatthours,2026-02-18 02:00:00,19123.0
2026-02-18T02,NY,New York,NG,Net generation,16613,megawatthours,2026-02-18 02:00:00,16613.0
2026-02-18T02,NY,New York,TI,Total interchange,-2694,megawatthours,2026-02-18 02:00:00,-2694.0
2026-02-18T01,NY,New York,D,Demand,19805,megawatthours,2026-02-18 01:00:00,19805.0
2026-02-18T01,NY,New York,DF,Day-ahead demand forecast,19614,megawatthours,2026-02-18 01:00:00,19614.0
2026-02-18T01,NY,New York,NG,Net generation,16852,megawatthours,2026-02-18 01:00:00,16852.0
2026-02-18T01,NY,New York,TI,Total interchange,-2953,megawatthours,2026-02-18 01:00:00,-2953.0
2026-02-18T00,NY,New York,D,Demand,20099,megawatthours,2026-02-18 00:00:00,20099.0
2026-02-18T00,NY,New York,DF,Day-ahead demand forecast,19881,megawatthours,2026-02-18 00:00:00,19881.0
2026-02-18T00,NY,New York,NG,Net generation,17070,megawatthours,2026-02-18 00:00:00,17070.0
2026-02-18T00,NY,New York,TI,Total interchange,-3029,megawatthours,2026-02-18 00:00:00,-3029.0
2026-02-17T23,NY,New York,D,Demand,19722,megawatthours,2026-02-17 23:00:00,19722.0
2026-02-17T23,NY,New York,DF,Day-ahead demand forecast,19487,megawatthours,2026-02-17 23:00:00,19487.0
2026-02-17T23,NY,New York,NG,Net generation,17090,megawatthours,2026-02-17 23:00:00,17090.0
2026-02-17T23,NY,New York,TI,Total interchange,-2632,megawatthours,2026-02-17 23:00:00,-2632.0
2026-02-17T22,NY,New York,D,Demand,18648,megawatthours,2026-02-17 22:00:00,18648.0
2026-02-17T22,NY,New York,DF,Day-ahead demand forecast,18683,megawatthours,2026-02-17 22:00:00,18683.0
2026-02-17T22,NY,New York,NG,Net generation,16017,megawatthours,2026-02-17 22:00:00,16017.0
2026-02-17T22,NY,New York,TI,Total interchange,-2631,megawatthours,2026-02-17 22:00:00,-2631.0
2026-02-17T21,NY,New York,D,Demand,17928,megawatthours,2026-02-17 21:00:00,17928.0
2026-02-17T21,NY,New York,DF,Day-ahead demand forecast,17996,megawatthours,2026-02-17 21:00:00,17996.0
2026-02-17T21,NY,New York,NG,Net generation,14999,megawatthours,2026-02-17 21:00:00,14999.0
2026-02-17T21,NY,New York,TI,Total interchange,-2929,megawatthours,2026-02-17 21:00:00,-2929.0
2026-02-17T20,NY,New York,D,Demand,17790,megawatthours,2026-02-17 20:00:00,17790.0
2026-02-17T20,NY,New York,DF,Day-ahead demand forecast,17768,megawatthours,2026-02-17 20:00:00,17768.0
2026-02-17T20,NY,New York,NG,Net generation,14717,megawatthours,2026-02-17 20:00:00,14717.0
2026-02-17T20,NY,New York,TI,Total interchange,-3073,megawatthours,2026-02-17 20:00:00,-3073.0
2026-02-17T19,NY,New York,D,Demand,18074,megawatthours,2026-02-17 19:00:00,18074.0
2026-02-17T19,NY,New York,DF,Day-ahead demand forecast,17892,megawatthours,2026-02-17 19:00:00,17892.0
2026-02-17T19,NY,New York,NG,Net generation,14811,megawatthours,2026-02-17 19:00:00,14811.0
2026-02-17T19,NY,New York,TI,Total interchange,-3263,megawatthours,2026-02-17 19:00:00,-3263.0
2026-02-17T18,NY,New York,D,Demand,18551,megawatthours,2026-02-17 18:00:00,18551.0
2026-02-17T18,NY,New York,DF,Day-ahead demand forecast,18061,megawatthours,2026-02-17 18:00:00,18061.0
2026-02-17T18,NY,New York,NG,Net generation,15563,megawatthours,2026-02-17 18:00:00,15563.0
2026-02-17T18,NY,New York,TI,Total interchange,-2988,megawatthours,2026-02-17 18:00:00,-2988.0
2026-02-17T17,NY,New York,D,Demand,18988,megawatthours,2026-02-17 17:00:00,18988.0
2026-02-17T17,NY,New York,DF,Day-ahead demand forecast,18380,megawatthours,2026-02-17 17:00:00,18380.0
2026-02-17T17,NY,New York,NG,Net generation,15932,megawatthours,2026-02-17 17:00:00,15932.0
2026-02-17T17,NY,New York,TI,Total interchange,-3056,megawatthours,2026-02-17 17:00:00,-3056.0
2026-02-17T16,NY,New York,D,Demand,19300,megawatthours,2026-02-17 16:00:00,19300.0
2026-02-17T16,NY,New York,DF,Day-ahead demand forecast,18639,megawatthours,2026-02-17 16:00:00,18639.0
2026-02-17T16,NY,New York,NG,Net generation,16400,megawatthours,2026-02-17 16:00:00,16400.0
2026-02-17T16,NY,New York,TI,Total interchange,-2900,megawatthours,2026-02-17 16:00:00,-2900.0
2026-02-17T15,NY,New York,D,Demand,19367,megawatthours,2026-02-17 15:00:00,19367.0
2026-02-17T15,NY,New York,DF,Day-ahead demand forecast,18806,megawatthours,2026-02-17 15:00:00,18806.0
2026-02-17T15,NY,New York,NG,Net generation,17018,megawatthours,2026-02-17 15:00:00,17018.0
2026-02-17T15,NY,New York,TI,Total interchange,-2349,megawatthours,2026-02-17 15:00:00,-2349.0
2026-02-17T14,NY,New York,D,Demand,19201,megawatthours,2026-02-17 14:00:00,19201.0
2026-02-17T14,NY,New York,DF,Day-ahead demand forecast,18852,megawatthours,2026-02-17 14:00:00,18852.0
2026-02-17T14,NY,New York,NG,Net generation,17094,megawatthours,2026-02-17 14:00:00,17094.0
2026-02-17T14,NY,New York,TI,Total interchange,-2107,megawatthours,2026-02-17 14:00:00,-2107.0
2026-02-17T13,NY,New York,D,Demand,18628,megawatthours,2026-02-17 13:00:00,18628.0
2026-02-17T13,NY,New York,DF,Day-ahead demand forecast,18542,megawatthours,2026-02-17 13:00:00,18542.0
2026-02-17T13,NY,New York,NG,Net generation,16801,megawatthours,2026-02-17 13:00:00,16801.0
2026-02-17T13,NY,New York,TI,Total interchange,-1827,megawatthours,2026-02-17 13:00:00,-1827.0
2026-02-17T12,NY,New York,D,Demand,17651,megawatthours,2026-02-17 12:00:00,17651.0
2026-02-17T12,NY,New York,DF,Day-ahead demand forecast,17611,megawatthours,2026-02-17 12:00:00,17611.0
2026-02-17T12,NY,New York,NG,Net generation,15411,megawatthours,2026-02-17 12:00:00,15411.0
2026-02-17T12,NY,New York,TI,Total interchange,-2240,megawatthours,2026-02-17 12:00:00,-2240.0
2026-02-17T11,NY,New York,D,Demand,16545,megawatthours,2026-02-17 11:00:00,16545.0
2026-02-17T11,NY,New York,DF,Day-ahead demand forecast,16367,megawatthours,2026-02-17 11:00:00,16367.0
2026-02-17T11,NY,New York,NG,Net generation,14074,megawatthours,2026-02-17 11:00:00,14074.0
2026-02-17T11,NY,New York,TI,Total interchange,-2471,megawatthours,2026-02-17 11:00:00,-2471.0
2026-02-17T10,NY,New York,D,Demand,15897,megawatthours,2026-02-17 10:00:00,15897.0
2026-02-17T10,NY,New York,DF,Day-ahead demand forecast,15640,megawatthours,2026-02-17 10:00:00,15640.0
2026-02-17T10,NY,New York,NG,Net generation,13350,megawatthours,2026-02-17 10:00:00,13350.0
2026-02-17T10,NY,New York,TI,Total interchange,-2547,megawatthours,2026-02-17 10:00:00,-2547.0
2026-02-17T09,NY,New York,D,Demand,15747,megawatthours,2026-02-17 09:00:00,15747.0
2026-02-17T09,NY,New York,DF,Day-ahead demand forecast,15423,megawatthours,2026-02-17 09:00:00,15423.0
2026-02-17T09,NY,New York,NG,Net generation,13347,megawatthours,2026-02-17 09:00:00,13347.0
2026-02-17T09,NY,New York,TI,Total interchange,-2400,megawatthours,2026-02-17 09:00:00,-2400.0
2026-02-17T08,NY,New York,D,Demand,15842,megawatthours,2026-02-17 08:00:00,15842.0
2026-02-17T08,NY,New York,DF,Day-ahead demand forecast,15517,megawatthours,2026-02-17 08:00:00,15517.0
2026-02-17T08,NY,New York,NG,Net generation,13306,megawatthours,2026-02-17 08:00:00,13306.0
2026-02-17T08,NY,New York,TI,Total interchange,-2536,megawatthours,2026-02-17 08:00:00,-2536.0
2026-02-17T07,NY,New York,D,Demand,16135,megawatthours,2026-02-17 07:00:00,16135.0
2026-02-17T07,NY,New York,DF,Day-ahead demand forecast,15767,megawatthours,2026-02-17 07:00:00,15767.0
2026-02-17T07,NY,New York,NG,Net generation,13668,megawatthours,2026-02-17 07:00:00,13668.0
2026-02-17T07,NY,New York,TI,Total interchange,-2467,megawatthours,2026-02-17 07:00:00,-2467.0
2026-02-17T06,NY,New York,D,Demand,16577,megawatthours,2026-02-17 06:00:00,16577.0
2026-02-17T06,NY,New York,DF,Day-ahead demand forecast,16202,megawatthours,2026-02-17 06:00:00,16202.0
2026-02-17T06,NY,New York,NG,Net generation,13796,megawatthours,2026-02-17 06:00:00,13796.0
2026-02-17T06,NY,New York,TI,Total interchange,-2781,megawatthours,2026-02-17 06:00:00,-2781.0
2026-02-17T05,NY,New York,D,Demand,17191,megawatthours,2026-02-17 05:00:00,17191.0
2026-02-17T05,NY,New York,DF,Day-ahead demand forecast,16639,megawatthours,2026-02-17 05:00:00,16639.0
2026-02-17T05,NY,New York,NG,Net generation,14971,megawatthours,2026-02-17 05:00:00,14971.0
2026-02-17T05,NY,New York,TI,Total interchange,-2220,megawatthours,2026-02-17 05:00:00,-2220.0
2026-02-17T04,NY,New York,D,Demand,18017,megawatthours,2026-02-17 04:00:00,18017.0
2026-02-17T04,NY,New York,DF,Day-ahead demand forecast,17450,megawatthours,2026-02-17 04:00:00,17450.0
2026-02-17T04,NY,New York,NG,Net generation,15930,megawatthours,2026-02-17 04:00:00,15930.0
2026-02-17T04,NY,New York,TI,Total interchange,-2087,megawatthours,2026-02-17 04:00:00,-2087.0
2026-02-17T03,NY,New York,D,Demand,18905,megawatthours,2026-02-17 03:00:00,18905.0
2026-02-17T03,NY,New York,DF,Day-ahead demand forecast,18273,megawatthours,2026-02-17 03:00:00,18273.0
2026-02-17T03,NY,New York,NG,Net generation,16795,megawatthours,2026-02-17 03:00:00,16795.0
2026-02-17T03,NY,New York,TI,Total interchange,-2110,megawatthours,2026-02-17 03:00:00,-2110.0
2026-02-17T02,NY,New York,D,Demand,19548,megawatthours,2026-02-17 02:00:00,19548.0
2026-02-17T02,NY,New York,DF,Day-ahead demand forecast,18919,megawatthours,2026-02-17 02:00:00,18919.0
2026-02-17T02,NY,New York,NG,Net generation,17158,megawatthours,2026-02-17 02:00:00,17158.0
2026-02-17T02,NY,New York,TI,Total interchange,-2390,megawatthours,2026-02-17 02:00:00,-2390.0
2026-02-17T01,NY,New York,D,Demand,20046,megawatthours,2026-02-17 01:00:00,20046.0
2026-02-17T01,NY,New York,DF,Day-ahead demand forecast,19392,megawatthours,2026-02-17 01:00:00,19392.0
2026-02-17T01,NY,New York,NG,Net generation,17333,megawatthours,2026-02-17 01:00:00,17333.0
2026-02-17T01,NY,New York,TI,Total interchange,-2713,megawatthours,2026-02-17 01:00:00,-2713.0
2026-02-17T00,NY,New York,D,Demand,20325,megawatthours,2026-02-17 00:00:00,20325.0
2026-02-17T00,NY,New York,DF,Day-ahead demand forecast,19670,megawatthours,2026-02-17 00:00:00,19670.0
2026-02-17T00,NY,New York,NG,Net generation,17378,megawatthours,2026-02-17 00:00:00,17378.0
2026-02-17T00,NY,New York,TI,Total interchange,-2947,megawatthours,2026-02-17 00:00:00,-2947.0
2026-02-16T23,NY,New York,D,Demand,19923,megawatthours,2026-02-16 23:00:00,19923.0
2026-02-16T23,NY,New York,DF,Day-ahead demand forecast,19271,megawatthours,2026-02-16 23:00:00,19271.0
2026-02-16T23,NY,New York,NG,Net generation,17155,megawatthours,2026-02-16 23:00:00,17155.0
2026-02-16T23,NY,New York,TI,Total interchange,-2768,megawatthours,2026-02-16 23:00:00,-2768.0
2026-02-16T22,NY,New York,D,Demand,18734,megawatthours,2026-02-16 22:00:00,18734.0
2026-02-16T22,NY,New York,DF,Day-ahead demand forecast,18500,megawatthours,2026-02-16 22:00:00,18500.0
2026-02-16T22,NY,New York,NG,Net generation,15999,megawatthours,2026-02-16 22:00:00,15999.0
2026-02-16T22,NY,New York,TI,Total interchange,-2735,megawatthours,2026-02-16 22:00:00,-2735.0
2026-02-16T21,NY,New York,D,Demand,17636,megawatthours,2026-02-16 21:00:00,17636.0
2026-02-16T21,NY,New York,DF,Day-ahead demand forecast,17829,megawatthours,2026-02-16 21:00:00,17829.0
2026-02-16T21,NY,New York,NG,Net generation,14721,megawatthours,2026-02-16 21:00:00,14721.0
2026-02-16T21,NY,New York,TI,Total interchange,-2915,megawatthours,2026-02-16 21:00:00,-2915.0
2026-02-16T20,NY,New York,D,Demand,17258,megawatthours,2026-02-16 20:00:00,17258.0
2026-02-16T20,NY,New York,DF,Day-ahead demand forecast,17580,megawatthours,2026-02-16 20:00:00,17580.0
2026-02-16T20,NY,New York,NG,Net generation,14167,megawatthours,2026-02-16 20:00:00,14167.0
2026-02-16T20,NY,New York,TI,Total interchange,-3091,megawatthours,2026-02-16 20:00:00,-3091.0
2026-02-16T19,NY,New York,D,Demand,17300,megawatthours,2026-02-16 19:00:00,17300.0
2026-02-16T19,NY,New York,DF,Day-ahead demand forecast,17632,megawatthours,2026-02-16 19:00:00,17632.0
2026-02-16T19,NY,New York,NG,Net generation,14137,megawatthours,2026-02-16 19:00:00,14137.0
2026-02-16T19,NY,New York,TI,Total interchange,-3163,megawatthours,2026-02-16 19:00:00,-3163.0
2026-02-16T18,NY,New York,D,Demand,17740,megawatthours,2026-02-16 18:00:00,17740.0
2026-02-16T18,NY,New York,DF,Day-ahead demand forecast,17782,megawatthours,2026-02-16 18:00:00,17782.0
2026-02-16T18,NY,New York,NG,Net generation,14649,megawatthours,2026-02-16 18:00:00,14649.0
2026-02-16T18,NY,New York,TI,Total interchange,-3091,megawatthours,2026-02-16 18:00:00,-3091.0
2026-02-16T17,NY,New York,D,Demand,18349,megawatthours,2026-02-16 17:00:00,18349.0
2026-02-16T17,NY,New York,DF,Day-ahead demand forecast,18071,megawatthours,2026-02-16 17:00:00,18071.0
2026-02-16T17,NY,New York,NG,Net generation,15270,megawatthours,2026-02-16 17:00:00,15270.0
2026-02-16T17,NY,New York,TI,Total interchange,-3079,megawatthours,2026-02-16 17:00:00,-3079.0
2026-02-16T16,NY,New York,D,Demand,18843,megawatthours,2026-02-16 16:00:00,18843.0
2026-02-16T16,NY,New York,DF,Day-ahead demand forecast,18204,megawatthours,2026-02-16 16:00:00,18204.0
2026-02-16T16,NY,New York,NG,Net generation,15881,megawatthours,2026-02-16 16:00:00,15881.0
2026-02-16T16,NY,New York,TI,Total interchange,-2962,megawatthours,2026-02-16 16:00:00,-2962.0
2026-02-16T15,NY,New York,D,Demand,18890,megawatthours,2026-02-16 15:00:00,18890.0
2026-02-16T15,NY,New York,DF,Day-ahead demand forecast,18224,megawatthours,2026-02-16 15:00:00,18224.0
2026-02-16T15,NY,New York,NG,Net generation,15890,megawatthours,2026-02-16 15:00:00,15890.0
2026-02-16T15,NY,New York,TI,Total interchange,-3000,megawatthours,2026-02-16 15:00:00,-3000.0
2026-02-16T14,NY,New York,D,Demand,18759,megawatthours,2026-02-16 14:00:00,18759.0
2026-02-16T14,NY,New York,DF,Day-ahead demand forecast,18157,megawatthours,2026-02-16 14:00:00,18157.0
2026-02-16T14,NY,New York,NG,Net generation,16412,megawatthours,2026-02-16 14:00:00,16412.0
2026-02-16T14,NY,New York,TI,Total interchange,-2347,megawatthours,2026-02-16 14:00:00,-2347.0
2026-02-16T13,NY,New York,D,Demand,18403,megawatthours,2026-02-16 13:00:00,18403.0
2026-02-16T13,NY,New York,DF,Day-ahead demand forecast,17756,megawatthours,2026-02-16 13:00:00,17756.0
2026-02-16T13,NY,New York,NG,Net generation,16217,megawatthours,2026-02-16 13:00:00,16217.0
2026-02-16T13,NY,New York,TI,Total interchange,-2186,megawatthours,2026-02-16 13:00:00,-2186.0
2026-02-16T12,NY,New York,D,Demand,17646,megawatthours,2026-02-16 12:00:00,17646.0
2026-02-16T12,NY,New York,DF,Day-ahead demand forecast,17019,megawatthours,2026-02-16 12:00:00,17019.0
2026-02-16T12,NY,New York,NG,Net generation,15472,megawatthours,2026-02-16 12:00:00,15472.0
2026-02-16T12,NY,New York,TI,Total interchange,-2174,megawatthours,2026-02-16 12:00:00,-2174.0
2026-02-16T11,NY,New York,D,Demand,16750,megawatthours,2026-02-16 11:00:00,16750.0
2026-02-16T11,NY,New York,DF,Day-ahead demand forecast,16144,megawatthours,2026-02-16 11:00:00,16144.0
2026-02-16T11,NY,New York,NG,Net generation,14254,megawatthours,2026-02-16 11:00:00,14254.0
2026-02-16T11,NY,New York,TI,Total interchange,-2496,megawatthours,2026-02-16 11:00:00,-2496.0
2026-02-16T10,NY,New York,D,Demand,16202,megawatthours,2026-02-16 10:00:00,16202.0
2026-02-16T10,NY,New York,DF,Day-ahead demand forecast,15591,megawatthours,2026-02-16 10:00:00,15591.0
2026-02-16T10,NY,New York,NG,Net generation,13620,megawatthours,2026-02-16 10:00:00,13620.0
2026-02-16T10,NY,New York,TI,Total interchange,-2582,megawatthours,2026-02-16 10:00:00,-2582.0
2026-02-16T09,NY,New York,D,Demand,16001,megawatthours,2026-02-16 09:00:00,16001.0
2026-02-16T09,NY,New York,DF,Day-ahead demand forecast,15430,megawatthours,2026-02-16 09:00:00,15430.0
2026-02-16T09,NY,New York,NG,Net generation,13420,megawatthours,2026-02-16 09:00:00,13420.0
2026-02-16T09,NY,New York,TI,Total interchange,-2581,megawatthours,2026-02-16 09:00:00,-2581.0
2026-02-16T08,NY,New York,D,Demand,16057,megawatthours,2026-02-16 08:00:00,16057.0
2026-02-16T08,NY,New York,DF,Day-ahead demand forecast,15530,megawatthours,2026-02-16 08:00:00,15530.0
2026-02-16T08,NY,New York,NG,Net generation,13597,megawatthours,2026-02-16 08:00:00,13597.0
2026-02-16T08,NY,New York,TI,Total interchange,-2460,megawatthours,2026-02-16 08:00:00,-2460.0
2026-02-16T07,NY,New York,D,Demand,16282,megawatthours,2026-02-16 07:00:00,16282.0
2026-02-16T07,NY,New York,DF,Day-ahead demand forecast,15779,megawatthours,2026-02-16 07:00:00,15779.0
2026-02-16T07,NY,New York,NG,Net generation,13771,megawatthours,2026-02-16 07:00:00,13771.0
2026-02-16T07,NY,New York,TI,Total interchange,-2511,megawatthours,2026-02-16 07:00:00,-2511.0
2026-02-16T06,NY,New York,D,Demand,16636,megawatthours,2026-02-16 06:00:00,16636.0
2026-02-16T06,NY,New York,DF,Day-ahead demand forecast,16173,megawatthours,2026-02-16 06:00:00,16173.0
2026-02-16T06,NY,New York,NG,Net generation,14173,megawatthours,2026-02-16 06:00:00,14173.0
2026-02-16T06,NY,New York,TI,Total interchange,-2463,megawatthours,2026-02-16 06:00:00,-2463.0
2026-02-16T05,NY,New York,D,Demand,17103,megawatthours,2026-02-16 05:00:00,17103.0
2026-02-16T05,NY,New York,DF,Day-ahead demand forecast,16796,megawatthours,2026-02-16 05:00:00,16796.0
2026-02-16T05,NY,New York,NG,Net generation,14639,megawatthours,2026-02-16 05:00:00,14639.0
2026-02-16T05,NY,New York,TI,Total interchange,-2464,megawatthours,2026-02-16 05:00:00,-2464.0
2026-02-16T04,NY,New York,D,Demand,17817,megawatthours,2026-02-16 04:00:00,17817.0
2026-02-16T04,NY,New York,DF,Day-ahead demand forecast,17541,megawatthours,2026-02-16 04:00:00,17541.0
2026-02-16T04,NY,New York,NG,Net generation,15304,megawatthours,2026-02-16 04:00:00,15304.0
2026-02-16T04,NY,New York,TI,Total interchange,-2513,megawatthours,2026-02-16 04:00:00,-2513.0
2026-02-16T03,NY,New York,D,Demand,18474,megawatthours,2026-02-16 03:00:00,18474.0
2026-02-16T03,NY,New York,DF,Day-ahead demand forecast,18272,megawatthours,2026-02-16 03:00:00,18272.0
2026-02-16T03,NY,New York,NG,Net generation,15734,megawatthours,2026-02-16 03:00:00,15734.0
2026-02-16T03,NY,New York,TI,Total interchange,-2740,megawatthours,2026-02-16 03:00:00,-2740.0
2026-02-16T02,NY,New York,D,Demand,18977,megawatthours,2026-02-16 02:00:00,18977.0
2026-02-16T02,NY,New York,DF,Day-ahead demand forecast,18807,megawatthours,2026-02-16 02:00:00,18807.0
2026-02-16T02,NY,New York,NG,Net generation,16381,megawatthours,2026-02-16 02:00:00,16381.0
2026-02-16T02,NY,New York,TI,Total interchange,-2596,megawatthours,2026-02-16 02:00:00,-2596.0
2026-02-16T01,NY,New York,D,Demand,19347,megawatthours,2026-02-16 01:00:00,19347.0
2026-02-16T01,NY,New York,DF,Day-ahead demand forecast,19195,megawatthours,2026-02-16 01:00:00,19195.0
2026-02-16T01,NY,New York,NG,Net generation,16983,megawatthours,2026-02-16 01:00:00,16983.0
2026-02-16T01,NY,New York,TI,Total interchange,-2364,megawatthours,2026-02-16 01:00:00,-2364.0
2026-02-16T00,NY,New York,D,Demand,19591,megawatthours,2026-02-16 00:00:00,19591.0
2026-02-16T00,NY,New York,DF,Day-ahead demand forecast,19436,megawatthours,2026-02-16 00:00:00,19436.0
2026-02-16T00,NY,New York,NG,Net generation,17254,megawatthours,2026-02-16 00:00:00,17254.0
2026-02-16T00,NY,New York,TI,Total interchange,-2337,megawatthours,2026-02-16 00:00:00,-2337.0
2026-02-15T23,NY,New York,D,Demand,19155,megawatthours,2026-02-15 23:00:00,19155.0
2026-02-15T23,NY,New York,DF,Day-ahead demand forecast,19061,megawatthours,2026-02-15 23:00:00,19061.0
2026-02-15T23,NY,New York,NG,Net generation,16611,megawatthours,2026-02-15 23:00:00,16611.0
2026-02-15T23,NY,New York,TI,Total interchange,-2544,megawatthours,2026-02-15 23:00:00,-2544.0
