period,respondent,respondent-name,type,type-name,value,value-units,datetime,demand_MW
2026-02-24T00,SE,Southeast,D,Demand,33049,megawatthours,2026-02-24 00:00:00,33049.0
2026-02-24T00,SE,Southeast,DF,Day-ahead demand forecast,34135,megawatthours,2026-02-24 00:00:00,34135.0
2026-02-23T23,SE,Southeast,D,Demand,31107,megawatthours,2026-02-23 23:00:00,31107.0
2026-02-23T23,SE,Southeast,DF,Day-ahead demand forecast,32639,megawatthours,2026-02-23 23:00:00,32639.0
2026-02-23T22,SE,Southeast,D,Demand,29863,megawatthours,2026-02-23 22:00:00,29863.0
2026-02-23T22,SE,Southeast,DF,Day-ahead demand forecast,31143,megawatthours,2026-02-23 22:00:00,31143.0
2026-02-23T21,SE,Southeast,D,Demand,29782,megawatthours,2026-02-23 21:00:00,29782.0
2026-02-23T21,SE,Southeast,DF,Day-ahead demand forecast,30660,megawatthours,2026-02-23 21:00:00,30660.0
2026-02-23T20,SE,Southeast,D,Demand,30358,megawatthours,2026-02-23 20:00:00,30358.0
2026-02-23T20,SE,Southeast,DF,Day-ahead demand forecast,31095,megawatthours,2026-02-23 20:00:00,31095.0
2026-02-23T19,SE,Southeast,D,Demand,31336,megawatthours,2026-02-23 19:00:00,31336.0
2026-02-23T19,SE,Southeast,DF,Day-ahead demand forecast,31674,megawatthours,2026-02-23 19:00:00,31674.0
2026-02-23T18,SE,Southeast,D,Demand,32323,megawatthours,2026-02-23 18:00:00,32323.0
2026-02-23T18,SE,Southeast,DF,Day-ahead demand forecast,32551,megawatthours,2026-02-23 18:00:00,32551.0
2026-02-23T17,SE,Southeast,D,Demand,33500,megawatthours,2026-02-23 17:00:00,33500.0
2026-02-23T17,SE,Southeast,DF,Day-ahead demand forecast,33544,megawatthours,2026-02-23 17:00:00,33544.0
2026-02-23T16,SE,Southeast,D,Demand,34817,megawatthours,2026-02-23 16:00:00,34817.0
2026-02-23T16,SE,Southeast,DF,Day-ahead demand forecast,34600,megawatthours,2026-02-23 16:00:00,34600.0
2026-02-23T15,SE,Southeast,D,Demand,36036,megawatthours,2026-02-23 15:00:00,36036.0
2026-02-23T15,SE,Southeast,DF,Day-ahead demand forecast,35438,megawatthours,2026-02-23 15:00:00,35438.0
2026-02-23T14,SE,Southeast,D,Demand,36837,megawatthours,2026-02-23 14:00:00,36837.0
2026-02-23T14,SE,Southeast,DF,Day-ahead demand forecast,36711,megawatthours,2026-02-23 14:00:00,36711.0
2026-02-23T13,SE,Southeast,D,Demand,36600,megawatthours,2026-02-23 13:00:00,36600.0
2026-02-23T13,SE,Southeast,DF,Day-ahead demand forecast,36835,megawatthours,2026-02-23 13:00:00,36835.0
2026-02-23T12,SE,Southeast,D,Demand,34573,megawatthours,2026-02-23 12:00:00,34573.0
2026-02-23T12,SE,Southeast,DF,Day-ahead demand forecast,34848,megawatthours,2026-02-23 12:00:00,34848.0
2026-02-23T11,SE,Southeast,D,Demand,31786,megawatthours,2026-02-23 11:00:00,31786.0
2026-02-23T11,SE,Southeast,DF,Day-ahead demand forecast,32426,megawatthours,2026-02-23 11:00:00,32426.0
2026-02-23T10,SE,Southeast,D,Demand,29950,megawatthours,2026-02-23 10:00:00,29950.0
2026-02-23T10,SE,Southeast,DF,Day-ahead demand forecast,30564,megawatthours,2026-02-23 10:00:00,30564.0
2026-02-23T09,SE,Southeast,D,Demand,28869,megawatthours,2026-02-23 09:00:00,28869.0
2026-02-23T09,SE,Southeast,DF,Day-ahead demand forecast,29068,megawatthours,2026-02-23 09:00:00,29068.0
2026-02-23T08,SE,Southeast,D,Demand,28341,megawatthours,2026-02-23 08:00:00,28341.0
2026-02-23T08,SE,Southeast,DF,Day-ahead demand forecast,28342,megawatthours,2026-02-23 08:00:00,28342.0
2026-02-23T07,SE,Southeast,D,Demand,28092,megawatthours,2026-02-23 07:00:00,28092.0
2026-02-23T07,SE,Southeast,DF,Day-ahead demand forecast,28093,megawatthours,2026-02-23 07:00:00,28093.0
2026-02-23T06,SE,Southeast,D,Demand,27338,megawatthours,2026-02-23 06:00:00,27338.0
2026-02-23T06,SE,Southeast,DF,Day-ahead demand forecast,27459,megawatthours,2026-02-23 06:00:00,27459.0
2026-02-23T05,SE,Southeast,D,Demand,27758,megawatthours,2026-02-23 05:00:00,27758.0
2026-02-23T05,SE,Southeast,DF,Day-ahead demand forecast,28080,megawatthours,2026-02-23 05:00:00,28080.0
2026-02-23T05,SE,Southeast,NG,Net generation,28648,megawatthours,2026-02-23 05:00:00,28648.0
2026-02-23T05,SE,Southeast,TI,Total interchange,637,megawatthours,2026-02-23 05:00:00,637.0
2026-02-23T04,SE,Southeast,D,Demand,29383,megawatthours,2026-02-23 04:00:00,29383.0
2026-02-23T04,SE,Southeast,DF,Day-ahead demand forecast,28763,megawatthours,2026-02-23 04:00:00,28763.0
2026-02-23T04,SE,Southeast,NG,Net generation,30341,megawatthours,2026-02-23 04:00:00,30341.0
2026-02-23T04,SE,Southeast,TI,Total interchange,741,megawatthours,2026-02-23 04:00:00,741.0
2026-02-23T03,SE,Southeast,D,Demand,30071,megawatthours,2026-02-23 03:00:00,30071.0
2026-02-23T03,SE,Southeast,DF,Day-ahead demand forecast,29259,megawatthours,2026-02-23 03:00:00,29259.0
2026-02-23T03,SE,Southeast,NG,Net generation,31052,megawatthours,2026-02-23 03:00:00,31052.0
2026-02-23T03,SE,Southeast,TI,Total interchange,971,megawatthours,2026-02-23 03:00:00,971.0
2026-02-23T02,SE,Southeast,D,Demand,30048,megawatthours,2026-02-23 02:00:00,30048.0
2026-02-23T02,SE,Southeast,DF,Day-ahead demand forecast,29570,megawatthours,2026-02-23 02:00:00,29570.0
2026-02-23T02,SE,Southeast,NG,Net generation,31226,megawatthours,2026-02-23 02:00:00,31226.0
2026-02-23T02,SE,Southeast,TI,Total interchange,1180,megawatthours,2026-02-23 02:00:00,1180.0
2026-02-23T01,SE,Southeast,D,Demand,29368,megawatthours,2026-02-23 01:00:00,29368.0
2026-02-23T01,SE,Southeast,DF,Day-ahead demand forecast,29508,megawatthours,2026-02-23 01:00:00,29508.0
2026-02-23T01,SE,Southeast,NG,Net generation,30349,megawatthours,2026-02-23 01:00:00,30349.0
2026-02-23T01,SE,Southeast,TI,Total interchange,975,megawatthours,2026-02-23 01:00:00,975.0
2026-02-23T00,SE,Southeast,D,Demand,27478,megawatthours,2026-02-23 00:00:00,27478.0
2026-02-23T00,SE,Southeast,DF,Day-ahead demand forecast,28514,megawatthours,2026-02-23 00:00:00,28514.0
2026-02-23T00,SE,Southeast,NG,Net generation,28371,megawatthours,2026-02-23 00:00:00,28371.0
2026-02-23T00,SE,Southeast,TI,Total interchange,886,megawatthours,2026-02-23 00:00:00,886.0
2026-02-22T23,SE,Southeast,D,Demand,24254,megawatthours,2026-02-22 23:00:00,24254.0
2026-02-22T23,SE,Southeast,DF,Day-ahead demand forecast,26962,megawatthours,2026-02-22 23:00:00,26962.0
2026-02-22T23,SE,Southeast,NG,Net generation,25153,megawatthours,2026-02-22 23:00:00,25153.0
2026-02-22T23,SE,Southeast,TI,Total interchange,895,megawatthours,2026-02-22 23:00:00,895.0
2026-02-22T22,SE,Southeast,D,Demand,21612,megawatthours,2026-02-22 22:00:00,21612.0
2026-02-22T22,SE,Southeast,DF,Day-ahead demand forecast,25637,megawatthours,2026-02-22 22:00:00,25637.0
2026-02-22T22,SE,Southeast,NG,Net generation,22071,megawatthours,2026-02-22 22:00:00,22071.0
2026-02-22T22,SE,Southeast,TI,Total interchange,456,megawatthours,2026-02-22 22:00:00,456.0
2026-02-22T21,SE,Southeast,D,Demand,20998,megawatthours,2026-02-22 21:00:00,20998.0
2026-02-22T21,SE,Southeast,DF,Day-ahead demand forecast,25272,megawatthours,2026-02-22 21:00:00,25272.0
2026-02-22T21,SE,Southeast,NG,Net generation,21552,megawatthours,2026-02-22 21:00:00,21552.0
2026-02-22T21,SE,Southeast,TI,Total interchange,552,megawatthours,2026-02-22 21:00:00,552.0
2026-02-22T20,SE,Southeast,D,Demand,20915,megawatthours,2026-02-22 20:00:00,20915.0
2026-02-22T20,SE,Southeast,DF,Day-ahead demand forecast,25354,megawatthours,2026-02-22 20:00:00,25354.0
2026-02-22T20,SE,Southeast,NG,Net generation,21763,megawatthours,2026-02-22 20:00:00,21763.0
2026-02-22T20,SE,Southeast,TI,Total interchange,847,megawatthours,2026-02-22 20:00:00,847.0
2026-02-22T19,SE,Southeast,D,Demand,21184,megawatthours,2026-02-22 19:00:00,21184.0
2026-02-22T19,SE,Southeast,DF,Day-ahead demand forecast,25327,megawatthours,2026-02-22 19:00:00,25327.0
2026-02-22T19,SE,Southeast,NG,Net generation,21911,megawatthours,2026-02-22 19:00:00,21911.0
2026-02-22T19,SE,Southeast,TI,Total interchange,724,megawatthours,2026-02-22 19:00:00,724.0
2026-02-22T18,SE,Southeast,D,Demand,21416,megawatthours,2026-02-22 18:00:00,21416.0
2026-02-22T18,SE,Southeast,DF,Day-ahead demand forecast,25521,megawatthours,2026-02-22 18:00:00,25521.0
2026-02-22T18,SE,Southeast,NG,Net generation,22148,megawatthours,2026-02-22 18:00:00,22148.0
2026-02-22T18,SE,Southeast,TI,Total interchange,732,megawatthours,2026-02-22 18:00:00,732.0
2026-02-22T17,SE,Southeast,D,Demand,21700,megawatthours,2026-02-22 17:00:00,21700.0
2026-02-22T17,SE,Southeast,DF,Day-ahead demand forecast,25770,megawatthours,2026-02-22 17:00:00,25770.0
2026-02-22T17,SE,Southeast,NG,Net generation,22337,megawatthours,2026-02-22 17:00:00,22337.0
2026-02-22T17,SE,Southeast,TI,Total interchange,634,megawatthours,2026-02-22 17:00:00,634.0
2026-02-22T16,SE,Southeast,D,Demand,21908,megawatthours,2026-02-22 16:00:00,21908.0
2026-02-22T16,SE,Southeast,DF,Day-ahead demand forecast,25919,megawatthours,2026-02-22 16:00:00,25919.0
2026-02-22T16,SE,Southeast,NG,Net generation,22554,megawatthours,2026-02-22 16:00:00,22554.0
2026-02-22T16,SE,Southeast,TI,Total interchange,645,megawatthours,2026-02-22 16:00:00,645.0
2026-02-22T15,SE,Southeast,D,Demand,21883,megawatthours,2026-02-22 15:00:00,21883.0
2026-02-22T15,SE,Southeast,DF,Day-ahead demand forecast,25770,megawatthours,2026-02-22 15:00:00,25770.0
2026-02-22T15,SE,Southeast,NG,Net generation,22548,megawatthours,2026-02-22 15:00:00,22548.0
2026-02-22T15,SE,Southeast,TI,Total interchange,663,megawatthours,2026-02-22 15:00:00,663.0
2026-02-22T14,SE,Southeast,D,Demand,22020,megawatthours,2026-02-22 14:00:00,22020.0
2026-02-22T14,SE,Southeast,DF,Day-ahead demand forecast,25159,megawatthours,2026-02-22 14:00:00,25159.0
2026-02-22T14,SE,Southeast,NG,Net generation,22714,megawatthours,2026-02-22 14:00:00,22714.0
2026-02-22T14,SE,Southeast,TI,Total interchange,694,megawatthours,2026-02-22 14:00:00,694.0
2026-02-22T13,SE,Southeast,D,Demand,22046,megawatthours,2026-02-22 13:00:00,22046.0
2026-02-22T13,SE,Southeast,DF,Day-ahead demand forecast,23808,megawatthours,2026-02-22 13:00:00,23808.0
2026-02-22T13,SE,Southeast,NG,Net generation,22673,megawatthours,2026-02-22 13:00:00,22673.0
2026-02-22T13,SE,Southeast,TI,Total interchange,622,megawatthours,2026-02-22 13:00:00,622.0
2026-02-22T12,SE,Southeast,D,Demand,20956,megawatthours,2026-02-22 12:00:00,20956.0
2026-02-22T12,SE,Southeast,DF,Day-ahead demand forecast,22553,megawatthours,2026-02-22 12:00:00,22553.0
2026-02-22T12,SE,Southeast,NG,Net generation,21379,megawatthours,2026-02-22 12:00:00,21379.0
2026-02-22T12,SE,Southeast,TI,Total interchange,421,megawatthours,2026-02-22 12:00:00,421.0
2026-02-22T11,SE,Southeast,D,Demand,20028,megawatthours,2026-02-22 11:00:00,20028.0
2026-02-22T11,SE,Southeast,DF,Day-ahead demand forecast,21559,megawatthours,2026-02-22 11:00:00,21559.0
2026-02-22T11,SE,Southeast,NG,Net generation,20521,megawatthours,2026-02-22 11:00:00,20521.0
2026-02-22T11,SE,Southeast,TI,Total interchange,491,megawatthours,2026-02-22 11:00:00,491.0
2026-02-22T10,SE,Southeast,D,Demand,19547,megawatthours,2026-02-22 10:00:00,19547.0
2026-02-22T10,SE,Southeast,DF,Day-ahead demand forecast,20381,megawatthours,2026-02-22 10:00:00,20381.0
2026-02-22T10,SE,Southeast,NG,Net generation,19976,megawatthours,2026-02-22 10:00:00,19976.0
2026-02-22T10,SE,Southeast,TI,Total interchange,425,megawatthours,2026-02-22 10:00:00,425.0
2026-02-22T09,SE,Southeast,D,Demand,19228,megawatthours,2026-02-22 09:00:00,19228.0
2026-02-22T09,SE,Southeast,DF,Day-ahead demand forecast,19657,megawatthours,2026-02-22 09:00:00,19657.0
2026-02-22T09,SE,Southeast,NG,Net generation,19759,megawatthours,2026-02-22 09:00:00,19759.0
2026-02-22T09,SE,Southeast,TI,Total interchange,236,megawatthours,2026-02-22 09:00:00,236.0
2026-02-22T08,SE,Southeast,D,Demand,19459,megawatthours,2026-02-22 08:00:00,19459.0
2026-02-22T08,SE,Southeast,DF,Day-ahead demand forecast,19411,megawatthours,2026-02-22 08:00:00,19411.0
2026-02-22T08,SE,Southeast,NG,Net generation,19979,megawatthours,2026-02-22 08:00:00,19979.0
2026-02-22T08,SE,Southeast,TI,Total interchange,227,megawatthours,2026-02-22 08:00:00,227.0
2026-02-22T07,SE,Southeast,D,Demand,19826,megawatthours,2026-02-22 07:00:00,19826.0
2026-02-22T07,SE,Southeast,DF,Day-ahead demand forecast,19845,megawatthours,2026-02-22 07:00:00,19845.0
2026-02-22T07,SE,Southeast,NG,Net generation,20410,megawatthours,2026-02-22 07:00:00,20410.0
2026-02-22T07,SE,Southeast,TI,Total interchange,289,megawatthours,2026-02-22 07:00:00,289.0
2026-02-22T06,SE,Southeast,D,Demand,20535,megawatthours,2026-02-22 06:00:00,20535.0
2026-02-22T06,SE,Southeast,DF,Day-ahead demand forecast,21165,megawatthours,2026-02-22 06:00:00,21165.0
2026-02-22T06,SE,Southeast,NG,Net generation,21056,megawatthours,2026-02-22 06:00:00,21056.0
2026-02-22T06,SE,Southeast,TI,Total interchange,300,megawatthours,2026-02-22 06:00:00,300.0
2026-02-22T05,SE,Southeast,D,Demand,21520,megawatthours,2026-02-22 05:00:00,21520.0
2026-02-22T05,SE,Southeast,DF,Day-ahead demand forecast,22121,megawatthours,2026-02-22 05:00:00,22121.0
2026-02-22T05,SE,Southeast,NG,Net generation,22181,megawatthours,2026-02-22 05:00:00,22181.0
2026-02-22T05,SE,Southeast,TI,Total interchange,442,megawatthours,2026-02-22 05:00:00,442.0
2026-02-22T04,SE,Southeast,D,Demand,22506,megawatthours,2026-02-22 04:00:00,22506.0
2026-02-22T04,SE,Southeast,DF,Day-ahead demand forecast,23019,megawatthours,2026-02-22 04:00:00,23019.0
2026-02-22T04,SE,Southeast,NG,Net generation,22936,megawatthours,2026-02-22 04:00:00,22936.0
2026-02-22T04,SE,Southeast,TI,Total interchange,211,megawatthours,2026-02-22 04:00:00,211.0
2026-02-22T03,SE,Southeast,D,Demand,23326,megawatthours,2026-02-22 03:00:00,23326.0
2026-02-22T03,SE,Southeast,DF,Day-ahead demand forecast,23918,megawatthours,2026-02-22 03:00:00,23918.0
2026-02-22T03,SE,Southeast,NG,Net generation,23723,megawatthours,2026-02-22 03:00:00,23723.0
2026-02-22T03,SE,Southeast,TI,Total interchange,391,megawatthours,2026-02-22 03:00:00,391.0
2026-02-22T02,SE,Southeast,D,Demand,24339,megawatthours,2026-02-22 02:00:00,24339.0
2026-02-22T02,SE,Southeast,DF,Day-ahead demand forecast,24608,megawatthours,2026-02-22 02:00:00,24608.0
2026-02-22T02,SE,Southeast,NG,Net generation,24554,megawatthours,2026-02-22 02:00:00,24554.0
2026-02-22T02,SE,Southeast,TI,Total interchange,212,megawatthours,2026-02-22 02:00:00,212.0
2026-02-22T01,SE,Southeast,D,Demand,24260,megawatthours,2026-02-22 01:00:00,24260.0
2026-02-22T01,SE,Southeast,DF,Day-ahead demand forecast,25164,megawatthours,2026-02-22 01:00:00,25164.0
2026-02-22T01,SE,Southeast,NG,Net generation,25084,megawatthours,2026-02-22 01:00:00,25084.0
2026-02-22T01,SE,Southeast,TI,Total interchange,827,megawatthours,2026-02-22 01:00:00,827.0
2026-02-22T00,SE,Southeast,D,Demand,24275,megawatthours,2026-02-22 00:00:00,24275.0
2026-02-22T00,SE,Southeast,DF,Day-ahead demand forecast,25391,megawatthours,2026-02-22 00:00:00,25391.0
2026-02-22T00,SE,Southeast,NG,Net generation,24976,megawatthours,2026-02-22 00:00:00,24976.0
2026-02-22T00,SE,Southeast,TI,Total interchange,691,megawatthours,2026-02-22 00:00:00,691.0
2026-02-21T23,SE,Southeast,D,Demand,23883,megawatthours,2026-02-21 23:00:00,23883.0
2026-02-21T23,SE,Southeast,DF,Day-ahead demand forecast,24890,megawatthours,2026-02-21 23:00:00,24890.0
2026-02-21T23,SE,Southeast,NG,Net generation,24638,megawatthours,2026-02-21 23:00:00,24638.0
2026-02-21T23,SE,Southeast,TI,Total interchange,757,megawatthours,2026-02-21 23:00:00,757.0
2026-02-21T22,SE,Southeast,D,Demand,23385,megawatthours,2026-02-21 22:00:00,23385.0
2026-02-21T22,SE,Southeast,DF,Day-ahead demand forecast,24708,megawatthours,2026-02-21 22:00:00,24708.0
2026-02-21T22,SE,Southeast,NG,Net generation,23894,megawatthours,2026-02-21 22:00:00,23894.0
2026-02-21T22,SE,Southeast,TI,Total interchange,505,megawatthours,2026-02-21 22:00:00,505.0
2026-02-21T21,SE,Southeast,D,Demand,22841,megawatthours,2026-02-21 21:00:00,22841.0
2026-02-21T21,SE,Southeast,DF,Day-ahead demand forecast,24673,megawatthours,2026-02-21 21:00:00,24673.0
2026-02-21T21,SE,Southeast,NG,Net generation,23235,megawatthours,2026-02-21 21:00:00,23235.0
2026-02-21T21,SE,Southeast,TI,Total interchange,394,megawatthours,2026-02-21 21:00:00,394.0
2026-02-21T20,SE,Southeast,D,Demand,22986,megawatthours,2026-02-21 20:00:00,22986.0
2026-02-21T20,SE,Southeast,DF,Day-ahead demand forecast,24565,megawatthours,2026-02-21 20:00:00,24565.0
2026-02-21T20,SE,Southeast,NG,Net generation,23551,megawatthours,2026-02-21 20:00:00,23551.0
2026-02-21T20,SE,Southeast,TI,Total interchange,561,megawatthours,2026-02-21 20:00:00,561.0
2026-02-21T19,SE,Southeast,D,Demand,22998,megawatthours,2026-02-21 19:00:00,22998.0
2026-02-21T19,SE,Southeast,DF,Day-ahead demand forecast,24486,megawatthours,2026-02-21 19:00:00,24486.0
2026-02-21T19,SE,Southeast,NG,Net generation,23493,megawatthours,2026-02-21 19:00:00,23493.0
2026-02-21T19,SE,Southeast,TI,Total interchange,494,megawatthours,2026-02-21 19:00:00,494.0
2026-02-21T18,SE,Southeast,D,Demand,22673,megawatthours,2026-02-21 18:00:00,22673.0
2026-02-21T18,SE,Southeast,DF,Day-ahead demand forecast,24152,megawatthours,2026-02-21 18:00:00,24152.0
2026-02-21T18,SE,Southeast,NG,Net generation,23064,megawatthours,2026-02-21 18:00:00,23064.0
2026-02-21T18,SE,Southeast,TI,Total interchange,387,megawatthours,2026-02-21 18:00:00,387.0
2026-02-21T17,SE,Southeast,D,Demand,22539,megawatthours,2026-02-21 17:00:00,22539.0
2026-02-21T17,SE,Southeast,DF,Day-ahead demand forecast,23894,megawatthours,2026-02-21 17:00:00,23894.0
2026-02-21T17,SE,Southeast,NG,Net generation,23075,megawatthours,2026-02-21 17:00:00,23075.0
2026-02-21T17,SE,Southeast,TI,Total interchange,533,megawatthours,2026-02-21 17:00:00,533.0
2026-02-21T16,SE,Southeast,D,Demand,22513,megawatthours,2026-02-21 16:00:00,22513.0
2026-02-21T16,SE,Southeast,DF,Day-ahead demand forecast,23311,megawatthours,2026-02-21 16:00:00,23311.0
2026-02-21T16,SE,Southeast,NG,Net generation,22967,megawatthours,2026-02-21 16:00:00,22967.0
2026-02-21T16,SE,Southeast,TI,Total interchange,453,megawatthours,2026-02-21 16:00:00,453.0
2026-02-21T15,SE,Southeast,D,Demand,21993,megawatthours,2026-02-21 15:00:00,21993.0
2026-02-21T15,SE,Southeast,DF,Day-ahead demand forecast,22718,megawatthours,2026-02-21 15:00:00,22718.0
2026-02-21T15,SE,Southeast,NG,Net generation,22483,megawatthours,2026-02-21 15:00:00,22483.0
2026-02-21T15,SE,Southeast,TI,Total interchange,485,megawatthours,2026-02-21 15:00:00,485.0
2026-02-21T14,SE,Southeast,D,Demand,21084,megawatthours,2026-02-21 14:00:00,21084.0
2026-02-21T14,SE,Southeast,DF,Day-ahead demand forecast,21743,megawatthours,2026-02-21 14:00:00,21743.0
2026-02-21T14,SE,Southeast,NG,Net generation,21759,megawatthours,2026-02-21 14:00:00,21759.0
2026-02-21T14,SE,Southeast,TI,Total interchange,674,megawatthours,2026-02-21 14:00:00,674.0
2026-02-21T13,SE,Southeast,D,Demand,20412,megawatthours,2026-02-21 13:00:00,20412.0
2026-02-21T13,SE,Southeast,DF,Day-ahead demand forecast,21010,megawatthours,2026-02-21 13:00:00,21010.0
2026-02-21T13,SE,Southeast,NG,Net generation,21289,megawatthours,2026-02-21 13:00:00,21289.0
2026-02-21T13,SE,Southeast,TI,Total interchange,878,megawatthours,2026-02-21 13:00:00,878.0
2026-02-21T12,SE,Southeast,D,Demand,19847,megawatthours,2026-02-21 12:00:00,19847.0
2026-02-21T12,SE,Southeast,DF,Day-ahead demand forecast,20544,megawatthours,2026-02-21 12:00:00,20544.0
2026-02-21T12,SE,Southeast,NG,Net generation,20603,megawatthours,2026-02-21 12:00:00,20603.0
2026-02-21T12,SE,Southeast,TI,Total interchange,755,megawatthours,2026-02-21 12:00:00,755.0
2026-02-21T11,SE,Southeast,D,Demand,19445,megawatthours,2026-02-21 11:00:00,19445.0
2026-02-21T11,SE,Southeast,DF,Day-ahead demand forecast,20032,megawatthours,2026-02-21 11:00:00,20032.0
2026-02-21T11,SE,Southeast,NG,Net generation,19982,megawatthours,2026-02-21 11:00:00,19982.0
2026-02-21T11,SE,Southeast,TI,Total interchange,531,megawatthours,2026-02-21 11:00:00,531.0
2026-02-21T10,SE,Southeast,D,Demand,19222,megawatthours,2026-02-21 10:00:00,19222.0
2026-02-21T10,SE,Southeast,DF,Day-ahead demand forecast,19710,megawatthours,2026-02-21 10:00:00,19710.0
2026-02-21T10,SE,Southeast,NG,Net generation,19660,megawatthours,2026-02-21 10:00:00,19660.0
2026-02-21T10,SE,Southeast,TI,Total interchange,436,megawatthours,2026-02-21 10:00:00,436.0
2026-02-21T09,SE,Southeast,D,Demand,19314,megawatthours,2026-02-21 09:00:00,19314.0
2026-02-21T09,SE,Southeast,DF,Day-ahead demand forecast,19513,megawatthours,2026-02-21 09:00:00,19513.0
2026-02-21T09,SE,Southeast,NG,Net generation,19975,megawatthours,2026-02-21 09:00:00,19975.0
2026-02-21T09,SE,Southeast,TI,Total interchange,365,megawatthours,2026-02-21 09:00:00,365.0
2026-02-21T08,SE,Southeast,D,Demand,19665,megawatthours,2026-02-21 08:00:00,19665.0
2026-02-21T08,SE,Southeast,DF,Day-ahead demand forecast,19674,megawatthours,2026-02-21 08:00:00,19674.0
2026-02-21T08,SE,Southeast,NG,Net generation,20167,megawatthours,2026-02-21 08:00:00,20167.0
2026-02-21T08,SE,Southeast,TI,Total interchange,208,megawatthours,2026-02-21 08:00:00,208.0
2026-02-21T07,SE,Southeast,D,Demand,20221,megawatthours,2026-02-21 07:00:00,20221.0
2026-02-21T07,SE,Southeast,DF,Day-ahead demand forecast,20242,megawatthours,2026-02-21 07:00:00,20242.0
2026-02-21T07,SE,Southeast,NG,Net generation,20598,megawatthours,2026-02-21 07:00:00,20598.0
2026-02-21T07,SE,Southeast,TI,Total interchange,81,megawatthours,2026-02-21 07:00:00,81.0
2026-02-21T06,SE,Southeast,D,Demand,21086,megawatthours,2026-02-21 06:00:00,21086.0
2026-02-21T06,SE,Southeast,DF,Day-ahead demand forecast,21746,megawatthours,2026-02-21 06:00:00,21746.0
2026-02-21T06,SE,Southeast,NG,Net generation,21351,megawatthours,2026-02-21 06:00:00,21351.0
2026-02-21T06,SE,Southeast,TI,Total interchange,-29,megawatthours,2026-02-21 06:00:00,-29.0
2026-02-21T05,SE,Southeast,D,Demand,22248,megawatthours,2026-02-21 05:00:00,22248.0
2026-02-21T05,SE,Southeast,DF,Day-ahead demand forecast,22590,megawatthours,2026-02-21 05:00:00,22590.0
2026-02-21T05,SE,Southeast,NG,Net generation,22984,megawatthours,2026-02-21 05:00:00,22984.0
2026-02-21T05,SE,Southeast,TI,Total interchange,442,megawatthours,2026-02-21 05:00:00,442.0
2026-02-21T04,SE,Southeast,D,Demand,23433,megawatthours,2026-02-21 04:00:00,23433.0
2026-02-21T04,SE,Southeast,DF,Day-ahead demand forecast,23335,megawatthours,2026-02-21 04:00:00,23335.0
2026-02-21T04,SE,Southeast,NG,Net generation,23850,megawatthours,2026-02-21 04:00:00,23850.0
2026-02-21T04,SE,Southeast,TI,Total interchange,143,megawatthours,2026-02-21 04:00:00,143.0
2026-02-21T03,SE,Southeast,D,Demand,24425,megawatthours,2026-02-21 03:00:00,24425.0
2026-02-21T03,SE,Southeast,DF,Day-ahead demand forecast,24379,megawatthours,2026-02-21 03:00:00,24379.0
2026-02-21T03,SE,Southeast,NG,Net generation,24757,megawatthours,2026-02-21 03:00:00,24757.0
2026-02-21T03,SE,Southeast,TI,Total interchange,324,megawatthours,2026-02-21 03:00:00,324.0
2026-02-21T02,SE,Southeast,D,Demand,25068,megawatthours,2026-02-21 02:00:00,25068.0
2026-02-21T02,SE,Southeast,DF,Day-ahead demand forecast,25273,megawatthours,2026-02-21 02:00:00,25273.0
2026-02-21T02,SE,Southeast,NG,Net generation,25847,megawatthours,2026-02-21 02:00:00,25847.0
2026-02-21T02,SE,Southeast,TI,Total interchange,781,megawatthours,2026-02-21 02:00:00,781.0
2026-02-21T01,SE,Southeast,D,Demand,25708,megawatthours,2026-02-21 01:00:00,25708.0
2026-02-21T01,SE,Southeast,DF,Day-ahead demand forecast,26217,megawatthours,2026-02-21 01:00:00,26217.0
2026-02-21T01,SE,Southeast,NG,Net generation,26469,megawatthours,2026-02-21 01:00:00,26469.0
2026-02-21T01,SE,Southeast,TI,Total interchange,762,megawatthours,2026-02-21 01:00:00,762.0
2026-02-21T00,SE,Southeast,D,Demand,25699,megawatthours,2026-02-21 00:00:00,25699.0
2026-02-21T00,SE,Southeast,DF,Day-ahead demand forecast,25968,megawatthours,2026-02-21 00:00:00,25968.0
2026-02-21T00,SE,Southeast,NG,Net generation,26568,megawatthours,2026-02-21 00:00:00,26568.0
2026-02-21T00,SE,Southeast,TI,Total interchange,870,megawatthours,2026-02-21 00:00:00,870.0
2026-02-20T23,SE,Southeast,D,Demand,25373,megawatthours,2026-02-20 23:00:00,25373.0
2026-02-20T23,SE,Southeast,DF,Day-ahead demand forecast,25819,megawatthours,2026-02-20 23:00:00,25819.0
2026-02-20T23,SE,Southeast,NG,Net generation,26184,megawatthours,2026-02-20 23:00:00,26184.0
2026-02-20T23,SE,Southeast,TI,Total interchange,811,megawatthours,2026-02-20 23:00:00,811.0
2026-02-20T22,SE,Southeast,D,Demand,25003,megawatthours,2026-02-20 22:00:00,25003.0
2026-02-20T22,SE,Southeast,DF,Day-ahead demand forecast,25571,megawatthours,2026-02-20 22:00:00,25571.0
2026-02-20T22,SE,Southeast,NG,Net generation,25463,megawatthours,2026-02-20 22:00:00,25463.0
2026-02-20T22,SE,Southeast,TI,Total interchange,460,megawatthours,2026-02-20 22:00:00,460.0
2026-02-20T21,SE,Southeast,D,Demand,25005,megawatthours,2026-02-20 21:00:00,25005.0
2026-02-20T21,SE,Southeast,DF,Day-ahead demand forecast,25621,megawatthours,2026-02-20 21:00:00,25621.0
2026-02-20T21,SE,Southeast,NG,Net generation,25329,megawatthours,2026-02-20 21:00:00,25329.0
2026-02-20T21,SE,Southeast,TI,Total interchange,325,megawatthours,2026-02-20 21:00:00,325.0
2026-02-20T20,SE,Southeast,D,Demand,24812,megawatthours,2026-02-20 20:00:00,24812.0
2026-02-20T20,SE,Southeast,DF,Day-ahead demand forecast,25819,megawatthours,2026-02-20 20:00:00,25819.0
2026-02-20T20,SE,Southeast,NG,Net generation,25034,megawatthours,2026-02-20 20:00:00,25034.0
2026-02-20T20,SE,Southeast,TI,Total interchange,223,megawatthours,2026-02-20 20:00:00,223.0
2026-02-20T19,SE,Southeast,D,Demand,24897,megawatthours,2026-02-20 19:00:00,24897.0
2026-02-20T19,SE,Southeast,DF,Day-ahead demand forecast,25720,megawatthours,2026-02-20 19:00:00,25720.0
2026-02-20T19,SE,Southeast,NG,Net generation,25195,megawatthours,2026-02-20 19:00:00,25195.0
2026-02-20T19,SE,Southeast,TI,Total interchange,299,megawatthours,2026-02-20 19:00:00,299.0
2026-02-20T18,SE,Southeast,D,Demand,23963,megawatthours,2026-02-20 18:00:00,23963.0
2026-02-20T18,SE,Southeast,DF,Day-ahead demand forecast,25521,megawatthours,2026-02-20 18:00:00,25521.0
2026-02-20T18,SE,Southeast,NG,Net generation,24412,megawatthours,2026-02-20 18:00:00,24412.0
2026-02-20T18,SE,Southeast,TI,Total interchange,448,megawatthours,2026-02-20 18:00:00,448.0
2026-02-20T17,SE,Southeast,D,Demand,24082,megawatthours,2026-02-20 17:00:00,24082.0
2026-02-20T17,SE,Southeast,DF,Day-ahead demand forecast,25273,megawatthours,2026-02-20 17:00:00,25273.0
2026-02-20T17,SE,Southeast,NG,Net generation,24791,megawatthours,2026-02-20 17:00:00,24791.0
2026-02-20T17,SE,Southeast,TI,Total interchange,711,megawatthours,2026-02-20 17:00:00,711.0
2026-02-20T16,SE,Southeast,D,Demand,23727,megawatthours,2026-02-20 16:00:00,23727.0
2026-02-20T16,SE,Southeast,DF,Day-ahead demand forecast,24875,megawatthours,2026-02-20 16:00:00,24875.0
2026-02-20T16,SE,Southeast,NG,Net generation,24703,megawatthours,2026-02-20 16:00:00,24703.0
2026-02-20T16,SE,Southeast,TI,Total interchange,975,megawatthours,2026-02-20 16:00:00,975.0
2026-02-20T15,SE,Southeast,D,Demand,23269,megawatthours,2026-02-20 15:00:00,23269.0
2026-02-20T15,SE,Southeast,DF,Day-ahead demand forecast,24528,megawatthours,2026-02-20 15:00:00,24528.0
2026-02-20T15,SE,Southeast,NG,Net generation,24348,megawatthours,2026-02-20 15:00:00,24348.0
2026-02-20T15,SE,Southeast,TI,Total interchange,1079,megawatthours,2026-02-20 15:00:00,1079.0
2026-02-20T14,SE,Southeast,D,Demand,23093,megawatthours,2026-02-20 14:00:00,23093.0
2026-02-20T14,SE,Southeast,DF,Day-ahead demand forecast,23931,megawatthours,2026-02-20 14:00:00,23931.0
2026-02-20T14,SE,Southeast,NG,Net generation,24332,megawatthours,2026-02-20 14:00:00,24332.0
2026-02-20T14,SE,Southeast,TI,Total interchange,1241,megawatthours,2026-02-20 14:00:00,1241.0
2026-02-20T13,SE,Southeast,D,Demand,22967,megawatthours,2026-02-20 13:00:00,22967.0
2026-02-20T13,SE,Southeast,DF,Day-ahead demand forecast,23547,megawatthours,2026-02-20 13:00:00,23547.0
2026-02-20T13,SE,Southeast,NG,Net generation,24264,megawatthours,2026-02-20 13:00:00,24264.0
2026-02-20T13,SE,Southeast,TI,Total interchange,1296,megawatthours,2026-02-20 13:00:00,1296.0
2026-02-20T12,SE,Southeast,D,Demand,21977,megawatthours,2026-02-20 12:00:00,21977.0
2026-02-20T12,SE,Southeast,DF,Day-ahead demand forecast,22193,megawatthours,2026-02-20 12:00:00,22193.0
2026-02-20T12,SE,Southeast,NG,Net generation,22864,megawatthours,2026-02-20 12:00:00,22864.0
2026-02-20T12,SE,Southeast,TI,Total interchange,890,megawatthours,2026-02-20 12:00:00,890.0
2026-02-20T11,SE,Southeast,D,Demand,20584,megawatthours,2026-02-20 11:00:00,20584.0
2026-02-20T11,SE,Southeast,DF,Day-ahead demand forecast,20851,megawatthours,2026-02-20 11:00:00,20851.0
2026-02-20T11,SE,Southeast,NG,Net generation,21161,megawatthours,2026-02-20 11:00:00,21161.0
2026-02-20T11,SE,Southeast,TI,Total interchange,578,megawatthours,2026-02-20 11:00:00,578.0
2026-02-20T10,SE,Southeast,D,Demand,19890,megawatthours,2026-02-20 10:00:00,19890.0
2026-02-20T10,SE,Southeast,DF,Day-ahead demand forecast,20057,megawatthours,2026-02-20 10:00:00,20057.0
2026-02-20T10,SE,Southeast,NG,Net generation,20449,megawatthours,2026-02-20 10:00:00,20449.0
2026-02-20T10,SE,Southeast,TI,Total interchange,357,megawatthours,2026-02-20 10:00:00,357.0
2026-02-20T09,SE,Southeast,D,Demand,19812,megawatthours,2026-02-20 09:00:00,19812.0
2026-02-20T09,SE,Southeast,DF,Day-ahead demand forecast,19908,megawatthours,2026-02-20 09:00:00,19908.0
2026-02-20T09,SE,Southeast,NG,Net generation,20257,megawatthours,2026-02-20 09:00:00,20257.0
2026-02-20T09,SE,Southeast,TI,Total interchange,248,megawatthours,2026-02-20 09:00:00,248.0
2026-02-20T08,SE,Southeast,D,Demand,20121,megawatthours,2026-02-20 08:00:00,20121.0
2026-02-20T08,SE,Southeast,DF,Day-ahead demand forecast,20207,megawatthours,2026-02-20 08:00:00,20207.0
2026-02-20T08,SE,Southeast,NG,Net generation,20545,megawatthours,2026-02-20 08:00:00,20545.0
2026-02-20T08,SE,Southeast,TI,Total interchange,226,megawatthours,2026-02-20 08:00:00,226.0
2026-02-20T07,SE,Southeast,D,Demand,20755,megawatthours,2026-02-20 07:00:00,20755.0
2026-02-20T07,SE,Southeast,DF,Day-ahead demand forecast,20826,megawatthours,2026-02-20 07:00:00,20826.0
2026-02-20T07,SE,Southeast,NG,Net generation,21356,megawatthours,2026-02-20 07:00:00,21356.0
2026-02-20T07,SE,Southeast,TI,Total interchange,307,megawatthours,2026-02-20 07:00:00,307.0
2026-02-20T06,SE,Southeast,D,Demand,21579,megawatthours,2026-02-20 06:00:00,21579.0
2026-02-20T06,SE,Southeast,DF,Day-ahead demand forecast,21805,megawatthours,2026-02-20 06:00:00,21805.0
2026-02-20T06,SE,Southeast,NG,Net generation,21776,megawatthours,2026-02-20 06:00:00,21776.0
2026-02-20T06,SE,Southeast,TI,Total interchange,-62,megawatthours,2026-02-20 06:00:00,-62.0
2026-02-20T05,SE,Southeast,D,Demand,22703,megawatthours,2026-02-20 05:00:00,22703.0
2026-02-20T05,SE,Southeast,DF,Day-ahead demand forecast,22855,megawatthours,2026-02-20 05:00:00,22855.0
2026-02-20T05,SE,Southeast,NG,Net generation,22910,megawatthours,2026-02-20 05:00:00,22910.0
2026-02-20T05,SE,Southeast,TI,Total interchange,-50,megawatthours,2026-02-20 05:00:00,-50.0
2026-02-20T04,SE,Southeast,D,Demand,24046,megawatthours,2026-02-20 04:00:00,24046.0
2026-02-20T04,SE,Southeast,DF,Day-ahead demand forecast,24094,megawatthours,2026-02-20 04:00:00,24094.0
2026-02-20T04,SE,Southeast,NG,Net generation,24412,megawatthours,2026-02-20 04:00:00,24412.0
2026-02-20T04,SE,Southeast,TI,Total interchange,112,megawatthours,2026-02-20 04:00:00,112.0
2026-02-20T03,SE,Southeast,D,Demand,25108,megawatthours,2026-02-20 03:00:00,25108.0
2026-02-20T03,SE,Southeast,DF,Day-ahead demand forecast,25360,megawatthours,2026-02-20 03:00:00,25360.0
2026-02-20T03,SE,Southeast,NG,Net generation,25422,megawatthours,2026-02-20 03:00:00,25422.0
2026-02-20T03,SE,Southeast,TI,Total interchange,315,megawatthours,2026-02-20 03:00:00,315.0
2026-02-20T02,SE,Southeast,D,Demand,25984,megawatthours,2026-02-20 02:00:00,25984.0
2026-02-20T02,SE,Southeast,DF,Day-ahead demand forecast,26340,megawatthours,2026-02-20 02:00:00,26340.0
2026-02-20T02,SE,Southeast,NG,Net generation,26801,megawatthours,2026-02-20 02:00:00,26801.0
2026-02-20T02,SE,Southeast,TI,Total interchange,819,megawatthours,2026-02-20 02:00:00,819.0
2026-02-20T01,SE,Southeast,D,Demand,26590,megawatthours,2026-02-20 01:00:00,26590.0
2026-02-20T01,SE,Southeast,DF,Day-ahead demand forecast,26900,megawatthours,2026-02-20 01:00:00,26900.0
2026-02-20T01,SE,Southeast,NG,Net generation,27587,megawatthours,2026-02-20 01:00:00,27587.0
2026-02-20T01,SE,Southeast,TI,Total interchange,1003,megawatthours,2026-02-20 01:00:00,1003.0
2026-02-20T00,SE,Southeast,D,Demand,25961,megawatthours,2026-02-20 00:00:00,25961.0
2026-02-20T00,SE,Southeast,DF,Day-ahead demand forecast,26737,megawatthours,2026-02-20 00:00:00,26737.0
2026-02-20T00,SE,Southeast,NG,Net generation,26793,megawatthours,2026-02-20 00:00:00,26793.0
2026-02-20T00,SE,Southeast,TI,Total interchange,833,megawatthours,2026-02-20 00:00:00,833.0
2026-02-19T23,SE,Southeast,D,Demand,25034,megawatthours,2026-02-19 23:00:00,25034.0
2026-02-19T23,SE,Southeast,DF,Day-ahead demand forecast,26316,megawatthours,2026-02-19 23:00:00,26316.0
2026-02-19T23,SE,Southeast,NG,Net generation,25863,megawatthours,2026-02-19 23:00:00,25863.0
2026-02-19T23,SE,Southeast,TI,Total interchange,831,megawatthours,2026-02-19 23:00:00,831.0
2026-02-19T22,SE,Southeast,D,Demand,24028,megawatthours,2026-02-19 22:00:00,24028.0
2026-02-19T22,SE,Southeast,DF,Day-ahead demand forecast,26068,megawatthours,2026-02-19 22:00:00,26068.0
2026-02-19T22,SE,Southeast,NG,Net generation,24386,megawatthours,2026-02-19 22:00:00,24386.0
2026-02-19T22,SE,Southeast,TI,Total interchange,359,megawatthours,2026-02-19 22:00:00,359.0
2026-02-19T21,SE,Southeast,D,Demand,23676,megawatthours,2026-02-19 21:00:00,23676.0
2026-02-19T21,SE,Southeast,DF,Day-ahead demand forecast,25869,megawatthours,2026-02-19 21:00:00,25869.0
2026-02-19T21,SE,Southeast,NG,Net generation,24027,megawatthours,2026-02-19 21:00:00,24027.0
2026-02-19T21,SE,Southeast,TI,Total interchange,349,megawatthours,2026-02-19 21:00:00,349.0
2026-02-19T20,SE,Southeast,D,Demand,23972,megawatthours,2026-02-19 20:00:00,23972.0
2026-02-19T20,SE,Southeast,DF,Day-ahead demand forecast,25770,megawatthours,2026-02-19 20:00:00,25770.0
2026-02-19T20,SE,Southeast,NG,Net generation,23995,megawatthours,2026-02-19 20:00:00,23995.0
2026-02-19T20,SE,Southeast,TI,Total interchange,26,megawatthours,2026-02-19 20:00:00,26.0
2026-02-19T19,SE,Southeast,D,Demand,23569,megawatthours,2026-02-19 19:00:00,23569.0
2026-02-19T19,SE,Southeast,DF,Day-ahead demand forecast,25471,megawatthours,2026-02-19 19:00:00,25471.0
2026-02-19T19,SE,Southeast,NG,Net generation,23700,megawatthours,2026-02-19 19:00:00,23700.0
2026-02-19T19,SE,Southeast,TI,Total interchange,128,megawatthours,2026-02-19 19:00:00,128.0
2026-02-19T18,SE,Southeast,D,Demand,23338,megawatthours,2026-02-19 18:00:00,23338.0
2026-02-19T18,SE,Southeast,DF,Day-ahead demand forecast,25285,megawatthours,2026-02-19 18:00:00,25285.0
2026-02-19T18,SE,Southeast,NG,Net generation,23478,megawatthours,2026-02-19 18:00:00,23478.0
2026-02-19T18,SE,Southeast,TI,Total interchange,138,megawatthours,2026-02-19 18:00:00,138.0
2026-02-19T17,SE,Southeast,D,Demand,23132,megawatthours,2026-02-19 17:00:00,23132.0
2026-02-19T17,SE,Southeast,DF,Day-ahead demand forecast,24925,megawatthours,2026-02-19 17:00:00,24925.0
2026-02-19T17,SE,Southeast,NG,Net generation,23425,megawatthours,2026-02-19 17:00:00,23425.0
2026-02-19T17,SE,Southeast,TI,Total interchange,296,megawatthours,2026-02-19 17:00:00,296.0
2026-02-19T16,SE,Southeast,D,Demand,23238,megawatthours,2026-02-19 16:00:00,23238.0
2026-02-19T16,SE,Southeast,DF,Day-ahead demand forecast,24677,megawatthours,2026-02-19 16:00:00,24677.0
2026-02-19T16,SE,Southeast,NG,Net generation,23548,megawatthours,2026-02-19 16:00:00,23548.0
2026-02-19T16,SE,Southeast,TI,Total interchange,310,megawatthours,2026-02-19 16:00:00,310.0
2026-02-19T15,SE,Southeast,D,Demand,23440,megawatthours,2026-02-19 15:00:00,23440.0
2026-02-19T15,SE,Southeast,DF,Day-ahead demand forecast,24528,megawatthours,2026-02-19 15:00:00,24528.0
2026-02-19T15,SE,Southeast,NG,Net generation,23784,megawatthours,2026-02-19 15:00:00,23784.0
2026-02-19T15,SE,Southeast,TI,Total interchange,349,megawatthours,2026-02-19 15:00:00,349.0
2026-02-19T14,SE,Southeast,D,Demand,23545,megawatthours,2026-02-19 14:00:00,23545.0
2026-02-19T14,SE,Southeast,DF,Day-ahead demand forecast,24379,megawatthours,2026-02-19 14:00:00,24379.0
2026-02-19T14,SE,Southeast,NG,Net generation,24319,megawatthours,2026-02-19 14:00:00,24319.0
2026-02-19T14,SE,Southeast,TI,Total interchange,773,megawatthours,2026-02-19 14:00:00,773.0
2026-02-19T13,SE,Southeast,D,Demand,23483,megawatthours,2026-02-19 13:00:00,23483.0
2026-02-19T13,SE,Southeast,DF,Day-ahead demand forecast,24379,megawatthours,2026-02-19 13:00:00,24379.0
2026-02-19T13,SE,Southeast,NG,Net generation,24289,megawatthours,2026-02-19 13:00:00,24289.0
2026-02-19T13,SE,Southeast,TI,Total interchange,803,megawatthours,2026-02-19 13:00:00,803.0
2026-02-19T12,SE,Southeast,D,Demand,22328,megawatthours,2026-02-19 12:00:00,22328.0
2026-02-19T12,SE,Southeast,DF,Day-ahead demand forecast,22839,megawatthours,2026-02-19 12:00:00,22839.0
2026-02-19T12,SE,Southeast,NG,Net generation,22611,megawatthours,2026-02-19 12:00:00,22611.0
2026-02-19T12,SE,Southeast,TI,Total interchange,281,megawatthours,2026-02-19 12:00:00,281.0
2026-02-19T11,SE,Southeast,D,Demand,20782,megawatthours,2026-02-19 11:00:00,20782.0
2026-02-19T11,SE,Southeast,DF,Day-ahead demand forecast,21199,megawatthours,2026-02-19 11:00:00,21199.0
2026-02-19T11,SE,Southeast,NG,Net generation,20878,megawatthours,2026-02-19 11:00:00,20878.0
2026-02-19T11,SE,Southeast,TI,Total interchange,97,megawatthours,2026-02-19 11:00:00,97.0
2026-02-19T10,SE,Southeast,D,Demand,19942,megawatthours,2026-02-19 10:00:00,19942.0
2026-02-19T10,SE,Southeast,DF,Day-ahead demand forecast,20156,megawatthours,2026-02-19 10:00:00,20156.0
2026-02-19T10,SE,Southeast,NG,Net generation,20112,megawatthours,2026-02-19 10:00:00,20112.0
2026-02-19T10,SE,Southeast,TI,Total interchange,166,megawatthours,2026-02-19 10:00:00,166.0
2026-02-19T09,SE,Southeast,D,Demand,19756,megawatthours,2026-02-19 09:00:00,19756.0
2026-02-19T09,SE,Southeast,DF,Day-ahead demand forecast,19709,megawatthours,2026-02-19 09:00:00,19709.0
2026-02-19T09,SE,Southeast,NG,Net generation,20174,megawatthours,2026-02-19 09:00:00,20174.0
2026-02-19T09,SE,Southeast,TI,Total interchange,123,megawatthours,2026-02-19 09:00:00,123.0
2026-02-19T08,SE,Southeast,D,Demand,19946,megawatthours,2026-02-19 08:00:00,19946.0
2026-02-19T08,SE,Southeast,DF,Day-ahead demand forecast,19938,megawatthours,2026-02-19 08:00:00,19938.0
2026-02-19T08,SE,Southeast,NG,Net generation,20482,megawatthours,2026-02-19 08:00:00,20482.0
2026-02-19T08,SE,Southeast,TI,Total interchange,241,megawatthours,2026-02-19 08:00:00,241.0
2026-02-19T07,SE,Southeast,D,Demand,20377,megawatthours,2026-02-19 07:00:00,20377.0
2026-02-19T07,SE,Southeast,DF,Day-ahead demand forecast,20367,megawatthours,2026-02-19 07:00:00,20367.0
2026-02-19T07,SE,Southeast,NG,Net generation,21005,megawatthours,2026-02-19 07:00:00,21005.0
2026-02-19T07,SE,Southeast,TI,Total interchange,334,megawatthours,2026-02-19 07:00:00,334.0
2026-02-19T06,SE,Southeast,D,Demand,21082,megawatthours,2026-02-19 06:00:00,21082.0
2026-02-19T06,SE,Southeast,DF,Day-ahead demand forecast,21123,megawatthours,2026-02-19 06:00:00,21123.0
2026-02-19T06,SE,Southeast,NG,Net generation,21608,megawatthours,2026-02-19 06:00:00,21608.0
2026-02-19T06,SE,Southeast,TI,Total interchange,231,megawatthours,2026-02-19 06:00:00,231.0
2026-02-19T05,SE,Southeast,D,Demand,22150,megawatthours,2026-02-19 05:00:00,22150.0
2026-02-19T05,SE,Southeast,DF,Day-ahead demand forecast,22172,megawatthours,2026-02-19 05:00:00,22172.0
2026-02-19T05,SE,Southeast,NG,Net generation,22727,megawatthours,2026-02-19 05:00:00,22727.0
2026-02-19T05,SE,Southeast,TI,Total interchange,283,megawatthours,2026-02-19 05:00:00,283.0
2026-02-19T04,SE,Southeast,D,Demand,23523,megawatthours,2026-02-19 04:00:00,23523.0
2026-02-19T04,SE,Southeast,DF,Day-ahead demand forecast,23638,megawatthours,2026-02-19 04:00:00,23638.0
2026-02-19T04,SE,Southeast,NG,Net generation,24033,megawatthours,2026-02-19 04:00:00,24033.0
2026-02-19T04,SE,Southeast,TI,Total interchange,222,megawatthours,2026-02-19 04:00:00,222.0
2026-02-19T03,SE,Southeast,D,Demand,24581,megawatthours,2026-02-19 03:00:00,24581.0
2026-02-19T03,SE,Southeast,DF,Day-ahead demand forecast,25002,megawatthours,2026-02-19 03:00:00,25002.0
2026-02-19T03,SE,Southeast,NG,Net generation,25168,megawatthours,2026-02-19 03:00:00,25168.0
2026-02-19T03,SE,Southeast,TI,Total interchange,584,megawatthours,2026-02-19 03:00:00,584.0
2026-02-19T02,SE,Southeast,D,Demand,25435,megawatthours,2026-02-19 02:00:00,25435.0
2026-02-19T02,SE,Southeast,DF,Day-ahead demand forecast,25482,megawatthours,2026-02-19 02:00:00,25482.0
2026-02-19T02,SE,Southeast,NG,Net generation,26260,megawatthours,2026-02-19 02:00:00,26260.0
2026-02-19T02,SE,Southeast,TI,Total interchange,832,megawatthours,2026-02-19 02:00:00,832.0
2026-02-19T01,SE,Southeast,D,Demand,26119,megawatthours,2026-02-19 01:00:00,26119.0
2026-02-19T01,SE,Southeast,DF,Day-ahead demand forecast,26320,megawatthours,2026-02-19 01:00:00,26320.0
2026-02-19T01,SE,Southeast,NG,Net generation,27188,megawatthours,2026-02-19 01:00:00,27188.0
2026-02-19T01,SE,Southeast,TI,Total interchange,1075,megawatthours,2026-02-19 01:00:00,1075.0
2026-02-19T00,SE,Southeast,D,Demand,25650,megawatthours,2026-02-19 00:00:00,25650.0
2026-02-19T00,SE,Southeast,DF,Day-ahead demand forecast,25942,megawatthours,2026-02-19 00:00:00,25942.0
2026-02-19T00,SE,Southeast,NG,Net generation,26996,megawatthours,2026-02-19 00:00:00,26996.0
2026-02-19T00,SE,Southeast,TI,Total interchange,1352,megawatthours,2026-02-19 00:00:00,1352.0
2026-02-18T23,SE,Southeast,D,Demand,24706,megawatthours,2026-02-18 23:00:00,24706.0
2026-02-18T23,SE,Southeast,DF,Day-ahead demand forecast,25137,megawatthours,2026-02-18 23:00:00,25137.0
2026-02-18T23,SE,Southeast,NG,Net generation,25975,megawatthours,2026-02-18 23:00:00,25975.0
2026-02-18T23,SE,Southeast,TI,Total interchange,1273,megawatthours,2026-02-18 23:00:00,1273.0
2026-02-18T22,SE,Southeast,D,Demand,24067,megawatthours,2026-02-18 22:00:00,24067.0
2026-02-18T22,SE,Southeast,DF,Day-ahead demand forecast,24901,megawatthours,2026-02-18 22:00:00,24901.0
2026-02-18T22,SE,Southeast,NG,Net generation,24865,megawatthours,2026-02-18 22:00:00,24865.0
2026-02-18T22,SE,Southeast,TI,Total interchange,801,megawatthours,2026-02-18 22:00:00,801.0
2026-02-18T21,SE,Southeast,D,Demand,53428,megawatthours,2026-02-18 21:00:00,53428.0
2026-02-18T21,SE,Southeast,DF,Day-ahead demand forecast,24664,megawatthours,2026-02-18 21:00:00,24664.0
2026-02-18T21,SE,Southeast,NG,Net generation,24124,megawatthours,2026-02-18 21:00:00,24124.0
2026-02-18T21,SE,Southeast,TI,Total interchange,-2,megawatthours,2026-02-18 21:00:00,-2.0
2026-02-18T20,SE,Southeast,D,Demand,23177,megawatthours,2026-02-18 20:00:00,23177.0
2026-02-18T20,SE,Southeast,DF,Day-ahead demand forecast,24617,megawatthours,2026-02-18 20:00:00,24617.0
2026-02-18T20,SE,Southeast,NG,Net generation,24034,megawatthours,2026-02-18 20:00:00,24034.0
2026-02-18T20,SE,Southeast,TI,Total interchange,854,megawatthours,2026-02-18 20:00:00,854.0
2026-02-18T19,SE,Southeast,D,Demand,23205,megawatthours,2026-02-18 19:00:00,23205.0
2026-02-18T19,SE,Southeast,DF,Day-ahead demand forecast,24664,megawatthours,2026-02-18 19:00:00,24664.0
2026-02-18T19,SE,Southeast,NG,Net generation,23980,megawatthours,2026-02-18 19:00:00,23980.0
2026-02-18T19,SE,Southeast,TI,Total interchange,771,megawatthours,2026-02-18 19:00:00,771.0
2026-02-18T18,SE,Southeast,D,Demand,23548,megawatthours,2026-02-18 18:00:00,23548.0
2026-02-18T18,SE,Southeast,DF,Day-ahead demand forecast,24853,megawatthours,2026-02-18 18:00:00,24853.0
2026-02-18T18,SE,Southeast,NG,Net generation,23750,megawatthours,2026-02-18 18:00:00,23750.0
2026-02-18T18,SE,Southeast,TI,Total interchange,202,megawatthours,2026-02-18 18:00:00,202.0
2026-02-18T17,SE,Southeast,D,Demand,22956,megawatthours,2026-02-18 17:00:00,22956.0
2026-02-18T17,SE,Southeast,DF,Day-ahead demand forecast,25327,megawatthours,2026-02-18 17:00:00,25327.0
2026-02-18T17,SE,Southeast,NG,Net generation,24076,megawatthours,2026-02-18 17:00:00,24076.0
2026-02-18T17,SE,Southeast,TI,Total interchange,1121,megawatthours,2026-02-18 17:00:00,1121.0
2026-02-18T16,SE,Southeast,D,Demand,23484,megawatthours,2026-02-18 16:00:00,23484.0
2026-02-18T16,SE,Southeast,DF,Day-ahead demand forecast,25563,megawatthours,2026-02-18 16:00:00,25563.0
2026-02-18T16,SE,Southeast,NG,Net generation,24552,megawatthours,2026-02-18 16:00:00,24552.0
2026-02-18T16,SE,Southeast,TI,Total interchange,1070,megawatthours,2026-02-18 16:00:00,1070.0
2026-02-18T15,SE,Southeast,D,Demand,24179,megawatthours,2026-02-18 15:00:00,24179.0
2026-02-18T15,SE,Southeast,DF,Day-ahead demand forecast,25730,megawatthours,2026-02-18 15:00:00,25730.0
2026-02-18T15,SE,Southeast,NG,Net generation,25297,megawatthours,2026-02-18 15:00:00,25297.0
2026-02-18T15,SE,Southeast,TI,Total interchange,1119,megawatthours,2026-02-18 15:00:00,1119.0
2026-02-18T14,SE,Southeast,D,Demand,25179,megawatthours,2026-02-18 14:00:00,25179.0
2026-02-18T14,SE,Southeast,DF,Day-ahead demand forecast,26057,megawatthours,2026-02-18 14:00:00,26057.0
2026-02-18T14,SE,Southeast,NG,Net generation,26496,megawatthours,2026-02-18 14:00:00,26496.0
2026-02-18T14,SE,Southeast,TI,Total interchange,1318,megawatthours,2026-02-18 14:00:00,1318.0
2026-02-18T13,SE,Southeast,D,Demand,25286,megawatthours,2026-02-18 13:00:00,25286.0
2026-02-18T13,SE,Southeast,DF,Day-ahead demand forecast,25720,megawatthours,2026-02-18 13:00:00,25720.0
2026-02-18T13,SE,Southeast,NG,Net generation,26798,megawatthours,2026-02-18 13:00:00,26798.0
2026-02-18T13,SE,Southeast,TI,Total interchange,1505,megawatthours,2026-02-18 13:00:00,1505.0
2026-02-18T12,SE,Southeast,D,Demand,24125,megawatthours,2026-02-18 12:00:00,24125.0
2026-02-18T12,SE,Southeast,DF,Day-ahead demand forecast,24297,megawatthours,2026-02-18 12:00:00,24297.0
2026-02-18T12,SE,Southeast,NG,Net generation,25371,megawatthours,2026-02-18 12:00:00,25371.0
2026-02-18T12,SE,Southeast,TI,Total interchange,1255,megawatthours,2026-02-18 12:00:00,1255.0
2026-02-18T11,SE,Southeast,D,Demand,22598,megawatthours,2026-02-18 11:00:00,22598.0
2026-02-18T11,SE,Southeast,DF,Day-ahead demand forecast,22891,megawatthours,2026-02-18 11:00:00,22891.0
2026-02-18T11,SE,Southeast,NG,Net generation,23267,megawatthours,2026-02-18 11:00:00,23267.0
2026-02-18T11,SE,Southeast,TI,Total interchange,671,megawatthours,2026-02-18 11:00:00,671.0
2026-02-18T10,SE,Southeast,D,Demand,21384,megawatthours,2026-02-18 10:00:00,21384.0
2026-02-18T10,SE,Southeast,DF,Day-ahead demand forecast,21974,megawatthours,2026-02-18 10:00:00,21974.0
2026-02-18T10,SE,Southeast,NG,Net generation,22193,megawatthours,2026-02-18 10:00:00,22193.0
2026-02-18T10,SE,Southeast,TI,Total interchange,805,megawatthours,2026-02-18 10:00:00,805.0
2026-02-18T09,SE,Southeast,D,Demand,21165,megawatthours,2026-02-18 09:00:00,21165.0
2026-02-18T09,SE,Southeast,DF,Day-ahead demand forecast,21443,megawatthours,2026-02-18 09:00:00,21443.0
2026-02-18T09,SE,Southeast,NG,Net generation,21951,megawatthours,2026-02-18 09:00:00,21951.0
2026-02-18T09,SE,Southeast,TI,Total interchange,493,megawatthours,2026-02-18 09:00:00,493.0
2026-02-18T08,SE,Southeast,D,Demand,21066,megawatthours,2026-02-18 08:00:00,21066.0
2026-02-18T08,SE,Southeast,DF,Day-ahead demand forecast,20953,megawatthours,2026-02-18 08:00:00,20953.0
2026-02-18T08,SE,Southeast,NG,Net generation,21757,megawatthours,2026-02-18 08:00:00,21757.0
2026-02-18T08,SE,Southeast,TI,Total interchange,394,megawatthours,2026-02-18 08:00:00,394.0
2026-02-18T07,SE,Southeast,D,Demand,21276,megawatthours,2026-02-18 07:00:00,21276.0
2026-02-18T07,SE,Southeast,DF,Day-ahead demand forecast,21207,megawatthours,2026-02-18 07:00:00,21207.0
2026-02-18T07,SE,Southeast,NG,Net generation,22005,megawatthours,2026-02-18 07:00:00,22005.0
2026-02-18T07,SE,Southeast,TI,Total interchange,433,megawatthours,2026-02-18 07:00:00,433.0
2026-02-18T06,SE,Southeast,D,Demand,21886,megawatthours,2026-02-18 06:00:00,21886.0
2026-02-18T06,SE,Southeast,DF,Day-ahead demand forecast,22292,megawatthours,2026-02-18 06:00:00,22292.0
2026-02-18T06,SE,Southeast,NG,Net generation,21874,megawatthours,2026-02-18 06:00:00,21874.0
2026-02-18T06,SE,Southeast,TI,Total interchange,-304,megawatthours,2026-02-18 06:00:00,-304.0
2026-02-18T05,SE,Southeast,D,Demand,22746,megawatthours,2026-02-18 05:00:00,22746.0
2026-02-18T05,SE,Southeast,DF,Day-ahead demand forecast,23335,megawatthours,2026-02-18 05:00:00,23335.0
2026-02-18T05,SE,Southeast,NG,Net generation,22743,megawatthours,2026-02-18 05:00:00,22743.0
2026-02-18T05,SE,Southeast,TI,Total interchange,-300,megawatthours,2026-02-18 05:00:00,-300.0
2026-02-18T04,SE,Southeast,D,Demand,23907,megawatthours,2026-02-18 04:00:00,23907.0
2026-02-18T04,SE,Southeast,DF,Day-ahead demand forecast,24528,megawatthours,2026-02-18 04:00:00,24528.0
2026-02-18T04,SE,Southeast,NG,Net generation,24198,megawatthours,2026-02-18 04:00:00,24198.0
2026-02-18T04,SE,Southeast,TI,Total interchange,38,megawatthours,2026-02-18 04:00:00,38.0
2026-02-18T03,SE,Southeast,D,Demand,25017,megawatthours,2026-02-18 03:00:00,25017.0
2026-02-18T03,SE,Southeast,DF,Day-ahead demand forecast,25571,megawatthours,2026-02-18 03:00:00,25571.0
2026-02-18T03,SE,Southeast,NG,Net generation,25609,megawatthours,2026-02-18 03:00:00,25609.0
2026-02-18T03,SE,Southeast,TI,Total interchange,592,megawatthours,2026-02-18 03:00:00,592.0
2026-02-18T02,SE,Southeast,D,Demand,25813,megawatthours,2026-02-18 02:00:00,25813.0
2026-02-18T02,SE,Southeast,DF,Day-ahead demand forecast,26273,megawatthours,2026-02-18 02:00:00,26273.0
2026-02-18T02,SE,Southeast,NG,Net generation,26664,megawatthours,2026-02-18 02:00:00,26664.0
2026-02-18T02,SE,Southeast,TI,Total interchange,858,megawatthours,2026-02-18 02:00:00,858.0
2026-02-18T01,SE,Southeast,D,Demand,26069,megawatthours,2026-02-18 01:00:00,26069.0
2026-02-18T01,SE,Southeast,DF,Day-ahead demand forecast,26841,megawatthours,2026-02-18 01:00:00,26841.0
2026-02-18T01,SE,Southeast,NG,Net generation,26993,megawatthours,2026-02-18 01:00:00,26993.0
2026-02-18T01,SE,Southeast,TI,Total interchange,925,megawatthours,2026-02-18 01:00:00,925.0
2026-02-18T00,SE,Southeast,D,Demand,25268,megawatthours,2026-02-18 00:00:00,25268.0
2026-02-18T00,SE,Southeast,DF,Day-ahead demand forecast,26131,megawatthours,2026-02-18 00:00:00,26131.0
2026-02-18T00,SE,Southeast,NG,Net generation,26051,megawatthours,2026-02-18 00:00:00,26051.0
2026-02-18T00,SE,Southeast,TI,Total interchange,790,megawatthours,2026-02-18 00:00:00,790.0
2026-02-17T23,SE,Southeast,D,Demand,23805,megawatthours,2026-02-17 23:00:00,23805.0
2026-02-17T23,SE,Southeast,DF,Day-ahead demand forecast,25043,megawatthours,2026-02-17 23:00:00,25043.0
2026-02-17T23,SE,Southeast,NG,Net generation,24670,megawatthours,2026-02-17 23:00:00,24670.0
2026-02-17T23,SE,Southeast,TI,Total interchange,870,megawatthours,2026-02-17 23:00:00,870.0
2026-02-17T22,SE,Southeast,D,Demand,22148,megawatthours,2026-02-17 22:00:00,22148.0
2026-02-17T22,SE,Southeast,DF,Day-ahead demand forecast,24664,megawatthours,2026-02-17 22:00:00,24664.0
2026-02-17T22,SE,Southeast,NG,Net generation,22440,megawatthours,2026-02-17 22:00:00,22440.0
2026-02-17T22,SE,Southeast,TI,Total interchange,291,megawatthours,2026-02-17 22:00:00,291.0
2026-02-17T21,SE,Southeast,D,Demand,21423,megawatthours,2026-02-17 21:00:00,21423.0
2026-02-17T21,SE,Southeast,DF,Day-ahead demand forecast,24617,megawatthours,2026-02-17 21:00:00,24617.0
2026-02-17T21,SE,Southeast,NG,Net generation,21579,megawatthours,2026-02-17 21:00:00,21579.0
2026-02-17T21,SE,Southeast,TI,Total interchange,153,megawatthours,2026-02-17 21:00:00,153.0
2026-02-17T20,SE,Southeast,D,Demand,21510,megawatthours,2026-02-17 20:00:00,21510.0
2026-02-17T20,SE,Southeast,DF,Day-ahead demand forecast,24759,megawatthours,2026-02-17 20:00:00,24759.0
2026-02-17T20,SE,Southeast,NG,Net generation,21603,megawatthours,2026-02-17 20:00:00,21603.0
2026-02-17T20,SE,Southeast,TI,Total interchange,91,megawatthours,2026-02-17 20:00:00,91.0
2026-02-17T19,SE,Southeast,D,Demand,21684,megawatthours,2026-02-17 19:00:00,21684.0
2026-02-17T19,SE,Southeast,DF,Day-ahead demand forecast,24995,megawatthours,2026-02-17 19:00:00,24995.0
2026-02-17T19,SE,Southeast,NG,Net generation,21869,megawatthours,2026-02-17 19:00:00,21869.0
2026-02-17T19,SE,Southeast,TI,Total interchange,183,megawatthours,2026-02-17 19:00:00,183.0
2026-02-17T18,SE,Southeast,D,Demand,21968,megawatthours,2026-02-17 18:00:00,21968.0
2026-02-17T18,SE,Southeast,DF,Day-ahead demand forecast,25422,megawatthours,2026-02-17 18:00:00,25422.0
2026-02-17T18,SE,Southeast,NG,Net generation,22267,megawatthours,2026-02-17 18:00:00,22267.0
2026-02-17T18,SE,Southeast,TI,Total interchange,305,megawatthours,2026-02-17 18:00:00,305.0
2026-02-17T17,SE,Southeast,D,Demand,22605,megawatthours,2026-02-17 17:00:00,22605.0
2026-02-17T17,SE,Southeast,DF,Day-ahead demand forecast,26018,megawatthours,2026-02-17 17:00:00,26018.0
2026-02-17T17,SE,Southeast,NG,Net generation,22741,megawatthours,2026-02-17 17:00:00,22741.0
2026-02-17T17,SE,Southeast,TI,Total interchange,143,megawatthours,2026-02-17 17:00:00,143.0
2026-02-17T16,SE,Southeast,D,Demand,23500,megawatthours,2026-02-17 16:00:00,23500.0
2026-02-17T16,SE,Southeast,DF,Day-ahead demand forecast,26788,megawatthours,2026-02-17 16:00:00,26788.0
2026-02-17T16,SE,Southeast,NG,Net generation,23663,megawatthours,2026-02-17 16:00:00,23663.0
2026-02-17T16,SE,Southeast,TI,Total interchange,170,megawatthours,2026-02-17 16:00:00,170.0
2026-02-17T15,SE,Southeast,D,Demand,25070,megawatthours,2026-02-17 15:00:00,25070.0
2026-02-17T15,SE,Southeast,DF,Day-ahead demand forecast,27769,megawatthours,2026-02-17 15:00:00,27769.0
2026-02-17T15,SE,Southeast,NG,Net generation,25750,megawatthours,2026-02-17 15:00:00,25750.0
2026-02-17T15,SE,Southeast,TI,Total interchange,685,megawatthours,2026-02-17 15:00:00,685.0
2026-02-17T14,SE,Southeast,D,Demand,27382,megawatthours,2026-02-17 14:00:00,27382.0
2026-02-17T14,SE,Southeast,DF,Day-ahead demand forecast,28390,megawatthours,2026-02-17 14:00:00,28390.0
2026-02-17T14,SE,Southeast,NG,Net generation,28279,megawatthours,2026-02-17 14:00:00,28279.0
2026-02-17T14,SE,Southeast,TI,Total interchange,908,megawatthours,2026-02-17 14:00:00,908.0
2026-02-17T13,SE,Southeast,D,Demand,28840,megawatthours,2026-02-17 13:00:00,28840.0
2026-02-17T13,SE,Southeast,DF,Day-ahead demand forecast,28514,megawatthours,2026-02-17 13:00:00,28514.0
2026-02-17T13,SE,Southeast,NG,Net generation,30249,megawatthours,2026-02-17 13:00:00,30249.0
2026-02-17T13,SE,Southeast,TI,Total interchange,1418,megawatthours,2026-02-17 13:00:00,1418.0
2026-02-17T12,SE,Southeast,D,Demand,27279,megawatthours,2026-02-17 12:00:00,27279.0
2026-02-17T12,SE,Southeast,DF,Day-ahead demand forecast,27086,megawatthours,2026-02-17 12:00:00,27086.0
2026-02-17T12,SE,Southeast,NG,Net generation,28347,megawatthours,2026-02-17 12:00:00,28347.0
2026-02-17T12,SE,Southeast,TI,Total interchange,1074,megawatthours,2026-02-17 12:00:00,1074.0
2026-02-17T11,SE,Southeast,D,Demand,25015,megawatthours,2026-02-17 11:00:00,25015.0
2026-02-17T11,SE,Southeast,DF,Day-ahead demand forecast,25099,megawatthours,2026-02-17 11:00:00,25099.0
2026-02-17T11,SE,Southeast,NG,Net generation,25526,megawatthours,2026-02-17 11:00:00,25526.0
2026-02-17T11,SE,Southeast,TI,Total interchange,517,megawatthours,2026-02-17 11:00:00,517.0
2026-02-17T10,SE,Southeast,D,Demand,23555,megawatthours,2026-02-17 10:00:00,23555.0
2026-02-17T10,SE,Southeast,DF,Day-ahead demand forecast,23711,megawatthours,2026-02-17 10:00:00,23711.0
2026-02-17T10,SE,Southeast,NG,Net generation,23814,megawatthours,2026-02-17 10:00:00,23814.0
2026-02-17T10,SE,Southeast,TI,Total interchange,258,megawatthours,2026-02-17 10:00:00,258.0
2026-02-17T09,SE,Southeast,D,Demand,22690,megawatthours,2026-02-17 09:00:00,22690.0
2026-02-17T09,SE,Southeast,DF,Day-ahead demand forecast,22746,megawatthours,2026-02-17 09:00:00,22746.0
2026-02-17T09,SE,Southeast,NG,Net generation,23030,megawatthours,2026-02-17 09:00:00,23030.0
2026-02-17T09,SE,Southeast,TI,Total interchange,82,megawatthours,2026-02-17 09:00:00,82.0
2026-02-17T08,SE,Southeast,D,Demand,22346,megawatthours,2026-02-17 08:00:00,22346.0
2026-02-17T08,SE,Southeast,DF,Day-ahead demand forecast,22333,megawatthours,2026-02-17 08:00:00,22333.0
2026-02-17T08,SE,Southeast,NG,Net generation,22666,megawatthours,2026-02-17 08:00:00,22666.0
2026-02-17T08,SE,Southeast,TI,Total interchange,25,megawatthours,2026-02-17 08:00:00,25.0
2026-02-17T07,SE,Southeast,D,Demand,22264,megawatthours,2026-02-17 07:00:00,22264.0
2026-02-17T07,SE,Southeast,DF,Day-ahead demand forecast,22265,megawatthours,2026-02-17 07:00:00,22265.0
2026-02-17T07,SE,Southeast,NG,Net generation,22551,megawatthours,2026-02-17 07:00:00,22551.0
2026-02-17T07,SE,Southeast,TI,Total interchange,-9,megawatthours,2026-02-17 07:00:00,-9.0
2026-02-17T06,SE,Southeast,D,Demand,22680,megawatthours,2026-02-17 06:00:00,22680.0
2026-02-17T06,SE,Southeast,DF,Day-ahead demand forecast,22839,megawatthours,2026-02-17 06:00:00,22839.0
2026-02-17T06,SE,Southeast,NG,Net generation,22409,megawatthours,2026-02-17 06:00:00,22409.0
2026-02-17T06,SE,Southeast,TI,Total interchange,-564,megawatthours,2026-02-17 06:00:00,-564.0
2026-02-17T05,SE,Southeast,D,Demand,23411,megawatthours,2026-02-17 05:00:00,23411.0
2026-02-17T05,SE,Southeast,DF,Day-ahead demand forecast,23782,megawatthours,2026-02-17 05:00:00,23782.0
2026-02-17T05,SE,Southeast,NG,Net generation,23337,megawatthours,2026-02-17 05:00:00,23337.0
2026-02-17T05,SE,Southeast,TI,Total interchange,-370,megawatthours,2026-02-17 05:00:00,-370.0
2026-02-17T04,SE,Southeast,D,Demand,24579,megawatthours,2026-02-17 04:00:00,24579.0
2026-02-17T04,SE,Southeast,DF,Day-ahead demand forecast,24826,megawatthours,2026-02-17 04:00:00,24826.0
2026-02-17T04,SE,Southeast,NG,Net generation,24698,megawatthours,2026-02-17 04:00:00,24698.0
2026-02-17T04,SE,Southeast,TI,Total interchange,-166,megawatthours,2026-02-17 04:00:00,-166.0
2026-02-17T03,SE,Southeast,D,Demand,25126,megawatthours,2026-02-17 03:00:00,25126.0
2026-02-17T03,SE,Southeast,DF,Day-ahead demand forecast,26018,megawatthours,2026-02-17 03:00:00,26018.0
2026-02-17T03,SE,Southeast,NG,Net generation,25412,megawatthours,2026-02-17 03:00:00,25412.0
2026-02-17T03,SE,Southeast,TI,Total interchange,287,megawatthours,2026-02-17 03:00:00,287.0
2026-02-17T02,SE,Southeast,D,Demand,25564,megawatthours,2026-02-17 02:00:00,25564.0
2026-02-17T02,SE,Southeast,DF,Day-ahead demand forecast,26763,megawatthours,2026-02-17 02:00:00,26763.0
2026-02-17T02,SE,Southeast,NG,Net generation,26292,megawatthours,2026-02-17 02:00:00,26292.0
2026-02-17T02,SE,Southeast,TI,Total interchange,729,megawatthours,2026-02-17 02:00:00,729.0
2026-02-17T01,SE,Southeast,D,Demand,25860,megawatthours,2026-02-17 01:00:00,25860.0
2026-02-17T01,SE,Southeast,DF,Day-ahead demand forecast,26862,megawatthours,2026-02-17 01:00:00,26862.0
2026-02-17T01,SE,Southeast,NG,Net generation,26842,megawatthours,2026-02-17 01:00:00,26842.0
2026-02-17T01,SE,Southeast,TI,Total interchange,991,megawatthours,2026-02-17 01:00:00,991.0
2026-02-17T00,SE,Southeast,D,Demand,25411,megawatthours,2026-02-17 00:00:00,25411.0
2026-02-17T00,SE,Southeast,DF,Day-ahead demand forecast,26117,megawatthours,2026-02-17 00:00:00,26117.0
2026-02-17T00,SE,Southeast,NG,Net generation,26150,megawatthours,2026-02-17 00:00:00,26150.0
2026-02-17T00,SE,Southeast,TI,Total interchange,743,megawatthours,2026-02-17 00:00:00,743.0
2026-02-16T23,SE,Southeast,D,Demand,23751,megawatthours,2026-02-16 23:00:00,23751.0
2026-02-16T23,SE,Southeast,DF,Day-ahead demand forecast,25024,megawatthours,2026-02-16 23:00:00,25024.0
2026-02-16T23,SE,Southeast,NG,Net generation,24175,megawatthours,2026-02-16 23:00:00,24175.0
2026-02-16T23,SE,Southeast,TI,Total interchange,430,megawatthours,2026-02-16 23:00:00,430.0
2026-02-16T22,SE,Southeast,D,Demand,21869,megawatthours,2026-02-16 22:00:00,21869.0
2026-02-16T22,SE,Southeast,DF,Day-ahead demand forecast,24577,megawatthours,2026-02-16 22:00:00,24577.0
2026-02-16T22,SE,Southeast,NG,Net generation,21980,megawatthours,2026-02-16 22:00:00,21980.0
2026-02-16T22,SE,Southeast,TI,Total interchange,106,megawatthours,2026-02-16 22:00:00,106.0
2026-02-16T21,SE,Southeast,D,Demand,21372,megawatthours,2026-02-16 21:00:00,21372.0
2026-02-16T21,SE,Southeast,DF,Day-ahead demand forecast,24528,megawatthours,2026-02-16 21:00:00,24528.0
2026-02-16T21,SE,Southeast,NG,Net generation,21703,megawatthours,2026-02-16 21:00:00,21703.0
2026-02-16T21,SE,Southeast,TI,Total interchange,331,megawatthours,2026-02-16 21:00:00,331.0
2026-02-16T20,SE,Southeast,D,Demand,21571,megawatthours,2026-02-16 20:00:00,21571.0
2026-02-16T20,SE,Southeast,DF,Day-ahead demand forecast,24826,megawatthours,2026-02-16 20:00:00,24826.0
2026-02-16T20,SE,Southeast,NG,Net generation,21950,megawatthours,2026-02-16 20:00:00,21950.0
2026-02-16T20,SE,Southeast,TI,Total interchange,380,megawatthours,2026-02-16 20:00:00,380.0
2026-02-16T19,SE,Southeast,D,Demand,21818,megawatthours,2026-02-16 19:00:00,21818.0
2026-02-16T19,SE,Southeast,DF,Day-ahead demand forecast,25173,megawatthours,2026-02-16 19:00:00,25173.0
2026-02-16T19,SE,Southeast,NG,Net generation,22191,megawatthours,2026-02-16 19:00:00,22191.0
2026-02-16T19,SE,Southeast,TI,Total interchange,372,megawatthours,2026-02-16 19:00:00,372.0
2026-02-16T18,SE,Southeast,D,Demand,21982,megawatthours,2026-02-16 18:00:00,21982.0
2026-02-16T18,SE,Southeast,DF,Day-ahead demand forecast,25521,megawatthours,2026-02-16 18:00:00,25521.0
2026-02-16T18,SE,Southeast,NG,Net generation,22461,megawatthours,2026-02-16 18:00:00,22461.0
2026-02-16T18,SE,Southeast,TI,Total interchange,479,megawatthours,2026-02-16 18:00:00,479.0
2026-02-16T17,SE,Southeast,D,Demand,22570,megawatthours,2026-02-16 17:00:00,22570.0
2026-02-16T17,SE,Southeast,DF,Day-ahead demand forecast,25919,megawatthours,2026-02-16 17:00:00,25919.0
2026-02-16T17,SE,Southeast,NG,Net generation,23067,megawatthours,2026-02-16 17:00:00,23067.0
2026-02-16T17,SE,Southeast,TI,Total interchange,500,megawatthours,2026-02-16 17:00:00,500.0
2026-02-16T16,SE,Southeast,D,Demand,23300,megawatthours,2026-02-16 16:00:00,23300.0
2026-02-16T16,SE,Southeast,DF,Day-ahead demand forecast,26515,megawatthours,2026-02-16 16:00:00,26515.0
2026-02-16T16,SE,Southeast,NG,Net generation,23999,megawatthours,2026-02-16 16:00:00,23999.0
2026-02-16T16,SE,Southeast,TI,Total interchange,704,megawatthours,2026-02-16 16:00:00,704.0
2026-02-16T15,SE,Southeast,D,Demand,24000,megawatthours,2026-02-16 15:00:00,24000.0
2026-02-16T15,SE,Southeast,DF,Day-ahead demand forecast,27061,megawatthours,2026-02-16 15:00:00,27061.0
2026-02-16T15,SE,Southeast,NG,Net generation,24745,megawatthours,2026-02-16 15:00:00,24745.0
2026-02-16T15,SE,Southeast,TI,Total interchange,750,megawatthours,2026-02-16 15:00:00,750.0
2026-02-16T14,SE,Southeast,D,Demand,24742,megawatthours,2026-02-16 14:00:00,24742.0
2026-02-16T14,SE,Southeast,DF,Day-ahead demand forecast,27260,megawatthours,2026-02-16 14:00:00,27260.0
2026-02-16T14,SE,Southeast,NG,Net generation,25550,megawatthours,2026-02-16 14:00:00,25550.0
2026-02-16T14,SE,Southeast,TI,Total interchange,814,megawatthours,2026-02-16 14:00:00,814.0
2026-02-16T13,SE,Southeast,D,Demand,25130,megawatthours,2026-02-16 13:00:00,25130.0
2026-02-16T13,SE,Southeast,DF,Day-ahead demand forecast,26912,megawatthours,2026-02-16 13:00:00,26912.0
2026-02-16T13,SE,Southeast,NG,Net generation,25897,megawatthours,2026-02-16 13:00:00,25897.0
2026-02-16T13,SE,Southeast,TI,Total interchange,771,megawatthours,2026-02-16 13:00:00,771.0
2026-02-16T12,SE,Southeast,D,Demand,23689,megawatthours,2026-02-16 12:00:00,23689.0
2026-02-16T12,SE,Southeast,DF,Day-ahead demand forecast,24975,megawatthours,2026-02-16 12:00:00,24975.0
2026-02-16T12,SE,Southeast,NG,Net generation,24191,megawatthours,2026-02-16 12:00:00,24191.0
2026-02-16T12,SE,Southeast,TI,Total interchange,503,megawatthours,2026-02-16 12:00:00,503.0
2026-02-16T11,SE,Southeast,D,Demand,22043,megawatthours,2026-02-16 11:00:00,22043.0
2026-02-16T11,SE,Southeast,DF,Day-ahead demand forecast,22640,megawatthours,2026-02-16 11:00:00,22640.0
2026-02-16T11,SE,Southeast,NG,Net generation,21980,megawatthours,2026-02-16 11:00:00,21980.0
2026-02-16T11,SE,Southeast,TI,Total interchange,-60,megawatthours,2026-02-16 11:00:00,-60.0
2026-02-16T10,SE,Southeast,D,Demand,21095,megawatthours,2026-02-16 10:00:00,21095.0
2026-02-16T10,SE,Southeast,DF,Day-ahead demand forecast,21249,megawatthours,2026-02-16 10:00:00,21249.0
2026-02-16T10,SE,Southeast,NG,Net generation,21056,megawatthours,2026-02-16 10:00:00,21056.0
2026-02-16T10,SE,Southeast,TI,Total interchange,-43,megawatthours,2026-02-16 10:00:00,-43.0
2026-02-16T09,SE,Southeast,D,Demand,20595,megawatthours,2026-02-16 09:00:00,20595.0
2026-02-16T09,SE,Southeast,DF,Day-ahead demand forecast,20653,megawatthours,2026-02-16 09:00:00,20653.0
2026-02-16T09,SE,Southeast,NG,Net generation,20417,megawatthours,2026-02-16 09:00:00,20417.0
2026-02-16T09,SE,Southeast,TI,Total interchange,-470,megawatthours,2026-02-16 09:00:00,-470.0
2026-02-16T08,SE,Southeast,D,Demand,20439,megawatthours,2026-02-16 08:00:00,20439.0
2026-02-16T08,SE,Southeast,DF,Day-ahead demand forecast,20522,megawatthours,2026-02-16 08:00:00,20522.0
2026-02-16T08,SE,Southeast,NG,Net generation,20337,megawatthours,2026-02-16 08:00:00,20337.0
2026-02-16T08,SE,Southeast,TI,Total interchange,-397,megawatthours,2026-02-16 08:00:00,-397.0
2026-02-16T07,SE,Southeast,D,Demand,20670,megawatthours,2026-02-16 07:00:00,20670.0
2026-02-16T07,SE,Southeast,DF,Day-ahead demand forecast,20758,megawatthours,2026-02-16 07:00:00,20758.0
2026-02-16T07,SE,Southeast,NG,Net generation,20610,megawatthours,2026-02-16 07:00:00,20610.0
2026-02-16T07,SE,Southeast,TI,Total interchange,-356,megawatthours,2026-02-16 07:00:00,-356.0
2026-02-16T06,SE,Southeast,D,Demand,21263,megawatthours,2026-02-16 06:00:00,21263.0
2026-02-16T06,SE,Southeast,DF,Day-ahead demand forecast,22143,megawatthours,2026-02-16 06:00:00,22143.0
2026-02-16T06,SE,Southeast,NG,Net generation,21419,megawatthours,2026-02-16 06:00:00,21419.0
2026-02-16T06,SE,Southeast,TI,Total interchange,-139,megawatthours,2026-02-16 06:00:00,-139.0
2026-02-16T05,SE,Southeast,D,Demand,22060,megawatthours,2026-02-16 05:00:00,22060.0
2026-02-16T05,SE,Southeast,DF,Day-ahead demand forecast,23087,megawatthours,2026-02-16 05:00:00,23087.0
2026-02-16T05,SE,Southeast,NG,Net generation,22034,megawatthours,2026-02-16 05:00:00,22034.0
2026-02-16T05,SE,Southeast,TI,Total interchange,-319,megawatthours,2026-02-16 05:00:00,-319.0
2026-02-16T04,SE,Southeast,D,Demand,23133,megawatthours,2026-02-16 04:00:00,23133.0
2026-02-16T04,SE,Southeast,DF,Day-ahead demand forecast,23931,megawatthours,2026-02-16 04:00:00,23931.0
2026-02-16T04,SE,Southeast,NG,Net generation,23344,megawatthours,2026-02-16 04:00:00,23344.0
2026-02-16T04,SE,Southeast,TI,Total interchange,-78,megawatthours,2026-02-16 04:00:00,-78.0
2026-02-16T03,SE,Southeast,D,Demand,24152,megawatthours,2026-02-16 03:00:00,24152.0
2026-02-16T03,SE,Southeast,DF,Day-ahead demand forecast,24726,megawatthours,2026-02-16 03:00:00,24726.0
2026-02-16T03,SE,Southeast,NG,Net generation,24317,megawatthours,2026-02-16 03:00:00,24317.0
2026-02-16T03,SE,Southeast,TI,Total interchange,163,megawatthours,2026-02-16 03:00:00,163.0
2026-02-16T02,SE,Southeast,D,Demand,24789,megawatthours,2026-02-16 02:00:00,24789.0
2026-02-16T02,SE,Southeast,DF,Day-ahead demand forecast,25173,megawatthours,2026-02-16 02:00:00,25173.0
2026-02-16T02,SE,Southeast,NG,Net generation,25059,megawatthours,2026-02-16 02:00:00,25059.0
2026-02-16T02,SE,Southeast,TI,Total interchange,271,megawatthours,2026-02-16 02:00:00,271.0
2026-02-16T01,SE,Southeast,D,Demand,25146,megawatthours,2026-02-16 01:00:00,25146.0
2026-02-16T01,SE,Southeast,DF,Day-ahead demand forecast,25372,megawatthours,2026-02-16 01:00:00,25372.0
2026-02-16T01,SE,Southeast,NG,Net generation,25723,megawatthours,2026-02-16 01:00:00,25723.0
2026-02-16T01,SE,Southeast,TI,Total interchange,578,megawatthours,2026-02-16 01:00:00,578.0
2026-02-16T00,SE,Southeast,D,Demand,24752,megawatthours,2026-02-16 00:00:00,24752.0
2026-02-16T00,SE,Southeast,DF,Day-ahead demand forecast,24776,megawatthours,2026-02-16 00:00:00,24776.0
2026-02-16T00,SE,Southeast,NG,Net generation,25310,megawatthours,2026-02-16 00:00:00,25310.0
2026-02-16T00,SE,Southeast,TI,Total interchange,560,megawatthours,2026-02-16 00:00:00,560.0
2026-02-15T23,SE,Southeast,D,Demand,23761,megawatthours,2026-02-15 23:00:00,23761.0
2026-02-15T23,SE,Southeast,DF,Day-ahead demand forecast,23733,megawatthours,2026-02-15 23:00:00,23733.0
2026-02-15T23,SE,Southeast,NG,Net generation,24233,megawatthours,2026-02-15 23:00:00,24233.0
2026-02-15T23,SE,Southeast,TI,Total interchange,469,megawatthours,2026-02-15 23:00:00,469.0
2026-02-15T22,SE,Southeast,D,Demand,22866,megawatthours,2026-02-15 22:00:00,22866.0
2026-02-15T22,SE,Southeast,DF,Day-ahead demand forecast,23087,megawatthours,2026-02-15 22:00:00,23087.0
2026-02-15T22,SE,Southeast,NG,Net generation,23218,megawatthours,2026-02-15 22:00:00,23218.0
2026-02-15T22,SE,Southeast,TI,Total interchange,354,megawatthours,2026-02-15 22:00:00,354.0
2026-02-15T21,SE,Southeast,D,Demand,22730,megawatthours,2026-02-15 21:00:00,22730.0
2026-02-15T21,SE,Southeast,DF,Day-ahead demand forecast,23037,megawatthours,2026-02-15 21:00:00,23037.0
2026-02-15T21,SE,Southeast,NG,Net generation,23106,megawatthours,2026-02-15 21:00:00,23106.0
2026-02-15T21,SE,Southeast,TI,Total interchange,369,megawatthours,2026-02-15 21:00:00,369.0
2026-02-15T20,SE,Southeast,D,Demand,23065,megawatthours,2026-02-15 20:00:00,23065.0
2026-02-15T20,SE,Southeast,DF,Day-ahead demand forecast,23137,megawatthours,2026-02-15 20:00:00,23137.0
2026-02-15T20,SE,Southeast,NG,Net generation,23459,megawatthours,2026-02-15 20:00:00,23459.0
2026-02-15T20,SE,Southeast,TI,Total interchange,394,megawatthours,2026-02-15 20:00:00,394.0
2026-02-15T19,SE,Southeast,D,Demand,23804,megawatthours,2026-02-15 19:00:00,23804.0
2026-02-15T19,SE,Southeast,DF,Day-ahead demand forecast,23286,megawatthours,2026-02-15 19:00:00,23286.0
2026-02-15T19,SE,Southeast,NG,Net generation,24107,megawatthours,2026-02-15 19:00:00,24107.0
2026-02-15T19,SE,Southeast,TI,Total interchange,299,megawatthours,2026-02-15 19:00:00,299.0
2026-02-15T18,SE,Southeast,D,Demand,23984,megawatthours,2026-02-15 18:00:00,23984.0
2026-02-15T18,SE,Southeast,DF,Day-ahead demand forecast,23534,megawatthours,2026-02-15 18:00:00,23534.0
2026-02-15T18,SE,Southeast,NG,Net generation,24394,megawatthours,2026-02-15 18:00:00,24394.0
2026-02-15T18,SE,Southeast,TI,Total interchange,409,megawatthours,2026-02-15 18:00:00,409.0
2026-02-15T17,SE,Southeast,D,Demand,23921,megawatthours,2026-02-15 17:00:00,23921.0
2026-02-15T17,SE,Southeast,DF,Day-ahead demand forecast,23981,megawatthours,2026-02-15 17:00:00,23981.0
2026-02-15T17,SE,Southeast,NG,Net generation,24409,megawatthours,2026-02-15 17:00:00,24409.0
2026-02-15T17,SE,Southeast,TI,Total interchange,486,megawatthours,2026-02-15 17:00:00,486.0
2026-02-15T16,SE,Southeast,D,Demand,23879,megawatthours,2026-02-15 16:00:00,23879.0
2026-02-15T16,SE,Southeast,DF,Day-ahead demand forecast,24279,megawatthours,2026-02-15 16:00:00,24279.0
2026-02-15T16,SE,Southeast,NG,Net generation,24369,megawatthours,2026-02-15 16:00:00,24369.0
2026-02-15T16,SE,Southeast,TI,Total interchange,490,megawatthours,2026-02-15 16:00:00,490.0
2026-02-15T15,SE,Southeast,D,Demand,23673,megawatthours,2026-02-15 15:00:00,23673.0
2026-02-15T15,SE,Southeast,DF,Day-ahead demand forecast,24528,megawatthours,2026-02-15 15:00:00,24528.0
2026-02-15T15,SE,Southeast,NG,Net generation,24195,megawatthours,2026-02-15 15:00:00,24195.0
2026-02-15T15,SE,Southeast,TI,Total interchange,521,megawatthours,2026-02-15 15:00:00,521.0
2026-02-15T14,SE,Southeast,D,Demand,22885,megawatthours,2026-02-15 14:00:00,22885.0
2026-02-15T14,SE,Southeast,DF,Day-ahead demand forecast,24180,megawatthours,2026-02-15 14:00:00,24180.0
2026-02-15T14,SE,Southeast,NG,Net generation,23576,megawatthours,2026-02-15 14:00:00,23576.0
2026-02-15T14,SE,Southeast,TI,Total interchange,693,megawatthours,2026-02-15 14:00:00,693.0
2026-02-15T13,SE,Southeast,D,Demand,22011,megawatthours,2026-02-15 13:00:00,22011.0
2026-02-15T13,SE,Southeast,DF,Day-ahead demand forecast,23484,megawatthours,2026-02-15 13:00:00,23484.0
2026-02-15T13,SE,Southeast,NG,Net generation,22964,megawatthours,2026-02-15 13:00:00,22964.0
2026-02-15T13,SE,Southeast,TI,Total interchange,948,megawatthours,2026-02-15 13:00:00,948.0
2026-02-15T12,SE,Southeast,D,Demand,21267,megawatthours,2026-02-15 12:00:00,21267.0
2026-02-15T12,SE,Southeast,DF,Day-ahead demand forecast,22391,megawatthours,2026-02-15 12:00:00,22391.0
2026-02-15T12,SE,Southeast,NG,Net generation,21857,megawatthours,2026-02-15 12:00:00,21857.0
2026-02-15T12,SE,Southeast,TI,Total interchange,587,megawatthours,2026-02-15 12:00:00,587.0
2026-02-15T11,SE,Southeast,D,Demand,20713,megawatthours,2026-02-15 11:00:00,20713.0
2026-02-15T11,SE,Southeast,DF,Day-ahead demand forecast,21348,megawatthours,2026-02-15 11:00:00,21348.0
2026-02-15T11,SE,Southeast,NG,Net generation,21075,megawatthours,2026-02-15 11:00:00,21075.0
2026-02-15T11,SE,Southeast,TI,Total interchange,360,megawatthours,2026-02-15 11:00:00,360.0
2026-02-15T10,SE,Southeast,D,Demand,20412,megawatthours,2026-02-15 10:00:00,20412.0
2026-02-15T10,SE,Southeast,DF,Day-ahead demand forecast,20802,megawatthours,2026-02-15 10:00:00,20802.0
2026-02-15T10,SE,Southeast,NG,Net generation,20494,megawatthours,2026-02-15 10:00:00,20494.0
2026-02-15T10,SE,Southeast,TI,Total interchange,81,megawatthours,2026-02-15 10:00:00,81.0
2026-02-15T09,SE,Southeast,D,Demand,20429,megawatthours,2026-02-15 09:00:00,20429.0
2026-02-15T09,SE,Southeast,DF,Day-ahead demand forecast,20653,megawatthours,2026-02-15 09:00:00,20653.0
2026-02-15T09,SE,Southeast,NG,Net generation,20638,megawatthours,2026-02-15 09:00:00,20638.0
2026-02-15T09,SE,Southeast,TI,Total interchange,-82,megawatthours,2026-02-15 09:00:00,-82.0
2026-02-15T08,SE,Southeast,D,Demand,20636,megawatthours,2026-02-15 08:00:00,20636.0
2026-02-15T08,SE,Southeast,DF,Day-ahead demand forecast,20718,megawatthours,2026-02-15 08:00:00,20718.0
2026-02-15T08,SE,Southeast,NG,Net generation,20848,megawatthours,2026-02-15 08:00:00,20848.0
2026-02-15T08,SE,Southeast,TI,Total interchange,-81,megawatthours,2026-02-15 08:00:00,-81.0
2026-02-15T07,SE,Southeast,D,Demand,21014,megawatthours,2026-02-15 07:00:00,21014.0
2026-02-15T07,SE,Southeast,DF,Day-ahead demand forecast,21108,megawatthours,2026-02-15 07:00:00,21108.0
2026-02-15T07,SE,Southeast,NG,Net generation,21214,megawatthours,2026-02-15 07:00:00,21214.0
2026-02-15T07,SE,Southeast,TI,Total interchange,-96,megawatthours,2026-02-15 07:00:00,-96.0
2026-02-15T06,SE,Southeast,D,Demand,21698,megawatthours,2026-02-15 06:00:00,21698.0
2026-02-15T06,SE,Southeast,DF,Day-ahead demand forecast,22391,megawatthours,2026-02-15 06:00:00,22391.0
2026-02-15T06,SE,Southeast,NG,Net generation,21912,megawatthours,2026-02-15 06:00:00,21912.0
2026-02-15T06,SE,Southeast,TI,Total interchange,-80,megawatthours,2026-02-15 06:00:00,-80.0
2026-02-15T05,SE,Southeast,D,Demand,22518,megawatthours,2026-02-15 05:00:00,22518.0
2026-02-15T05,SE,Southeast,DF,Day-ahead demand forecast,23087,megawatthours,2026-02-15 05:00:00,23087.0
2026-02-15T05,SE,Southeast,NG,Net generation,22785,megawatthours,2026-02-15 05:00:00,22785.0
2026-02-15T05,SE,Southeast,TI,Total interchange,-27,megawatthours,2026-02-15 05:00:00,-27.0
2026-02-15T04,SE,Southeast,D,Demand,23259,megawatthours,2026-02-15 04:00:00,23259.0
2026-02-15T04,SE,Southeast,DF,Day-ahead demand forecast,23683,megawatthours,2026-02-15 04:00:00,23683.0
2026-02-15T04,SE,Southeast,NG,Net generation,23749,megawatthours,2026-02-15 04:00:00,23749.0
2026-02-15T04,SE,Southeast,TI,Total interchange,205,megawatthours,2026-02-15 04:00:00,205.0
2026-02-15T03,SE,Southeast,D,Demand,23964,megawatthours,2026-02-15 03:00:00,23964.0
2026-02-15T03,SE,Southeast,DF,Day-ahead demand forecast,24428,megawatthours,2026-02-15 03:00:00,24428.0
2026-02-15T03,SE,Southeast,NG,Net generation,23995,megawatthours,2026-02-15 03:00:00,23995.0
2026-02-15T03,SE,Southeast,TI,Total interchange,24,megawatthours,2026-02-15 03:00:00,24.0
2026-02-15T02,SE,Southeast,D,Demand,24310,megawatthours,2026-02-15 02:00:00,24310.0
2026-02-15T02,SE,Southeast,DF,Day-ahead demand forecast,25173,megawatthours,2026-02-15 02:00:00,25173.0
2026-02-15T02,SE,Southeast,NG,Net generation,24352,megawatthours,2026-02-15 02:00:00,24352.0
2026-02-15T02,SE,Southeast,TI,Total interchange,40,megawatthours,2026-02-15 02:00:00,40.0
2026-02-15T01,SE,Southeast,D,Demand,24511,megawatthours,2026-02-15 01:00:00,24511.0
2026-02-15T01,SE,Southeast,DF,Day-ahead demand forecast,25471,megawatthours,2026-02-15 01:00:00,25471.0
2026-02-15T01,SE,Southeast,NG,Net generation,24687,megawatthours,2026-02-15 01:00:00,24687.0
2026-02-15T01,SE,Southeast,TI,Total interchange,171,megawatthours,2026-02-15 01:00:00,171.0
2026-02-15T00,SE,Southeast,D,Demand,24180,megawatthours,2026-02-15 00:00:00,24180.0
2026-02-15T00,SE,Southeast,DF,Day-ahead demand forecast,24925,megawatthours,2026-02-15 00:00:00,24925.0
2026-02-15T00,SE,Southeast,NG,Net generation,24285,megawatthours,2026-02-15 00:00:00,24285.0
2026-02-15T00,SE,Southeast,TI,Total interchange,102,megawatthours,2026-02-15 00:00:00,102.0
2026-02-14T23,SE,Southeast,D,Demand,23148,megawatthours,2026-02-14 23:00:00,23148.0
2026-02-14T23,SE,Southeast,DF,Day-ahead demand forecast,24031,megawatthours,2026-02-14 23:00:00,24031.0
2026-02-14T23,SE,Southeast,NG,Net generation,23226,megawatthours,2026-02-14 23:00:00,23226.0
2026-02-14T23,SE,Southeast,TI,Total interchange,75,megawatthours,2026-02-14 23:00:00,75.0
2026-02-14T22,SE,Southeast,D,Demand,22061,megawatthours,2026-02-14 22:00:00,22061.0
2026-02-14T22,SE,Southeast,DF,Day-ahead demand forecast,23435,megawatthours,2026-02-14 22:00:00,23435.0
2026-02-14T22,SE,Southeast,NG,Net generation,22200,megawatthours,2026-02-14 22:00:00,22200.0
2026-02-14T22,SE,Southeast,TI,Total interchange,136,megawatthours,2026-02-14 22:00:00,136.0
2026-02-14T21,SE,Southeast,D,Demand,21674,megawatthours,2026-02-14 21:00:00,21674.0
2026-02-14T21,SE,Southeast,DF,Day-ahead demand forecast,23385,megawatthours,2026-02-14 21:00:00,23385.0
2026-02-14T21,SE,Southeast,NG,Net generation,21691,megawatthours,2026-02-14 21:00:00,21691.0
2026-02-14T21,SE,Southeast,TI,Total interchange,14,megawatthours,2026-02-14 21:00:00,14.0
2026-02-14T20,SE,Southeast,D,Demand,21126,megawatthours,2026-02-14 20:00:00,21126.0
2026-02-14T20,SE,Southeast,DF,Day-ahead demand forecast,23683,megawatthours,2026-02-14 20:00:00,23683.0
2026-02-14T20,SE,Southeast,NG,Net generation,20996,megawatthours,2026-02-14 20:00:00,20996.0
2026-02-14T20,SE,Southeast,TI,Total interchange,-132,megawatthours,2026-02-14 20:00:00,-132.0
2026-02-14T19,SE,Southeast,D,Demand,21424,megawatthours,2026-02-14 19:00:00,21424.0
2026-02-14T19,SE,Southeast,DF,Day-ahead demand forecast,24379,megawatthours,2026-02-14 19:00:00,24379.0
2026-02-14T19,SE,Southeast,NG,Net generation,21363,megawatthours,2026-02-14 19:00:00,21363.0
2026-02-14T19,SE,Southeast,TI,Total interchange,-62,megawatthours,2026-02-14 19:00:00,-62.0
2026-02-14T18,SE,Southeast,D,Demand,22506,megawatthours,2026-02-14 18:00:00,22506.0
2026-02-14T18,SE,Southeast,DF,Day-ahead demand forecast,25273,megawatthours,2026-02-14 18:00:00,25273.0
2026-02-14T18,SE,Southeast,NG,Net generation,22488,megawatthours,2026-02-14 18:00:00,22488.0
2026-02-14T18,SE,Southeast,TI,Total interchange,-18,megawatthours,2026-02-14 18:00:00,-18.0
2026-02-14T17,SE,Southeast,D,Demand,23565,megawatthours,2026-02-14 17:00:00,23565.0
2026-02-14T17,SE,Southeast,DF,Day-ahead demand forecast,26465,megawatthours,2026-02-14 17:00:00,26465.0
2026-02-14T17,SE,Southeast,NG,Net generation,23632,megawatthours,2026-02-14 17:00:00,23632.0
2026-02-14T17,SE,Southeast,TI,Total interchange,72,megawatthours,2026-02-14 17:00:00,72.0
2026-02-14T16,SE,Southeast,D,Demand,24853,megawatthours,2026-02-14 16:00:00,24853.0
2026-02-14T16,SE,Southeast,DF,Day-ahead demand forecast,27707,megawatthours,2026-02-14 16:00:00,27707.0
2026-02-14T16,SE,Southeast,NG,Net generation,25387,megawatthours,2026-02-14 16:00:00,25387.0
2026-02-14T16,SE,Southeast,TI,Total interchange,537,megawatthours,2026-02-14 16:00:00,537.0
2026-02-14T15,SE,Southeast,D,Demand,26185,megawatthours,2026-02-14 15:00:00,26185.0
2026-02-14T15,SE,Southeast,DF,Day-ahead demand forecast,28552,megawatthours,2026-02-14 15:00:00,28552.0
2026-02-14T15,SE,Southeast,NG,Net generation,26683,megawatthours,2026-02-14 15:00:00,26683.0
2026-02-14T15,SE,Southeast,TI,Total interchange,499,megawatthours,2026-02-14 15:00:00,499.0
2026-02-14T14,SE,Southeast,D,Demand,27751,megawatthours,2026-02-14 14:00:00,27751.0
2026-02-14T14,SE,Southeast,DF,Day-ahead demand forecast,29148,megawatthours,2026-02-14 14:00:00,29148.0
2026-02-14T14,SE,Southeast,NG,Net generation,28340,megawatthours,2026-02-14 14:00:00,28340.0
2026-02-14T14,SE,Southeast,TI,Total interchange,592,megawatthours,2026-02-14 14:00:00,592.0
2026-02-14T13,SE,Southeast,D,Demand,28562,megawatthours,2026-02-14 13:00:00,28562.0
2026-02-14T13,SE,Southeast,DF,Day-ahead demand forecast,28651,megawatthours,2026-02-14 13:00:00,28651.0
2026-02-14T13,SE,Southeast,NG,Net generation,29428,megawatthours,2026-02-14 13:00:00,29428.0
2026-02-14T13,SE,Southeast,TI,Total interchange,865,megawatthours,2026-02-14 13:00:00,865.0
2026-02-14T12,SE,Southeast,D,Demand,27688,megawatthours,2026-02-14 12:00:00,27688.0
2026-02-14T12,SE,Southeast,DF,Day-ahead demand forecast,27508,megawatthours,2026-02-14 12:00:00,27508.0
2026-02-14T12,SE,Southeast,NG,Net generation,28229,megawatthours,2026-02-14 12:00:00,28229.0
2026-02-14T12,SE,Southeast,TI,Total interchange,544,megawatthours,2026-02-14 12:00:00,544.0
2026-02-14T11,SE,Southeast,D,Demand,26631,megawatthours,2026-02-14 11:00:00,26631.0
2026-02-14T11,SE,Southeast,DF,Day-ahead demand forecast,26465,megawatthours,2026-02-14 11:00:00,26465.0
2026-02-14T11,SE,Southeast,NG,Net generation,27282,megawatthours,2026-02-14 11:00:00,27282.0
2026-02-14T11,SE,Southeast,TI,Total interchange,649,megawatthours,2026-02-14 11:00:00,649.0
2026-02-14T10,SE,Southeast,D,Demand,25806,megawatthours,2026-02-14 10:00:00,25806.0
2026-02-14T10,SE,Southeast,DF,Day-ahead demand forecast,25720,megawatthours,2026-02-14 10:00:00,25720.0
2026-02-14T10,SE,Southeast,NG,Net generation,26383,megawatthours,2026-02-14 10:00:00,26383.0
2026-02-14T10,SE,Southeast,TI,Total interchange,577,megawatthours,2026-02-14 10:00:00,577.0
2026-02-14T09,SE,Southeast,D,Demand,25355,megawatthours,2026-02-14 09:00:00,25355.0
2026-02-14T09,SE,Southeast,DF,Day-ahead demand forecast,25372,megawatthours,2026-02-14 09:00:00,25372.0
2026-02-14T09,SE,Southeast,NG,Net generation,25611,megawatthours,2026-02-14 09:00:00,25611.0
2026-02-14T09,SE,Southeast,TI,Total interchange,180,megawatthours,2026-02-14 09:00:00,180.0
2026-02-14T08,SE,Southeast,D,Demand,24908,megawatthours,2026-02-14 08:00:00,24908.0
2026-02-14T08,SE,Southeast,DF,Day-ahead demand forecast,25025,megawatthours,2026-02-14 08:00:00,25025.0
2026-02-14T08,SE,Southeast,NG,Net generation,25092,megawatthours,2026-02-14 08:00:00,25092.0
2026-02-14T08,SE,Southeast,TI,Total interchange,74,megawatthours,2026-02-14 08:00:00,74.0
2026-02-14T07,SE,Southeast,D,Demand,24905,megawatthours,2026-02-14 07:00:00,24905.0
2026-02-14T07,SE,Southeast,DF,Day-ahead demand forecast,24982,megawatthours,2026-02-14 07:00:00,24982.0
2026-02-14T07,SE,Southeast,NG,Net generation,25271,megawatthours,2026-02-14 07:00:00,25271.0
2026-02-14T07,SE,Southeast,TI,Total interchange,216,megawatthours,2026-02-14 07:00:00,216.0
2026-02-14T06,SE,Southeast,D,Demand,25215,megawatthours,2026-02-14 06:00:00,25215.0
2026-02-14T06,SE,Southeast,DF,Day-ahead demand forecast,23188,megawatthours,2026-02-14 06:00:00,23188.0
2026-02-14T06,SE,Southeast,NG,Net generation,25581,megawatthours,2026-02-14 06:00:00,25581.0
2026-02-14T06,SE,Southeast,TI,Total interchange,74,megawatthours,2026-02-14 06:00:00,74.0
2026-02-14T05,SE,Southeast,D,Demand,25633,megawatthours,2026-02-14 05:00:00,25633.0
2026-02-14T05,SE,Southeast,DF,Day-ahead demand forecast,24066,megawatthours,2026-02-14 05:00:00,24066.0
2026-02-14T05,SE,Southeast,NG,Net generation,26317,megawatthours,2026-02-14 05:00:00,26317.0
2026-02-14T05,SE,Southeast,TI,Total interchange,392,megawatthours,2026-02-14 05:00:00,392.0
2026-02-14T04,SE,Southeast,D,Demand,26014,megawatthours,2026-02-14 04:00:00,26014.0
2026-02-14T04,SE,Southeast,DF,Day-ahead demand forecast,24814,megawatthours,2026-02-14 04:00:00,24814.0
2026-02-14T04,SE,Southeast,NG,Net generation,27017,megawatthours,2026-02-14 04:00:00,27017.0
2026-02-14T04,SE,Southeast,TI,Total interchange,708,megawatthours,2026-02-14 04:00:00,708.0
2026-02-14T03,SE,Southeast,D,Demand,26233,megawatthours,2026-02-14 03:00:00,26233.0
2026-02-14T03,SE,Southeast,DF,Day-ahead demand forecast,25536,megawatthours,2026-02-14 03:00:00,25536.0
2026-02-14T03,SE,Southeast,NG,Net generation,27004,megawatthours,2026-02-14 03:00:00,27004.0
2026-02-14T03,SE,Southeast,TI,Total interchange,763,megawatthours,2026-02-14 03:00:00,763.0
2026-02-14T02,SE,Southeast,D,Demand,26336,megawatthours,2026-02-14 02:00:00,26336.0
2026-02-14T02,SE,Southeast,DF,Day-ahead demand forecast,25664,megawatthours,2026-02-14 02:00:00,25664.0
2026-02-14T02,SE,Southeast,NG,Net generation,26993,megawatthours,2026-02-14 02:00:00,26993.0
2026-02-14T02,SE,Southeast,TI,Total interchange,652,megawatthours,2026-02-14 02:00:00,652.0
2026-02-14T01,SE,Southeast,D,Demand,25971,megawatthours,2026-02-14 01:00:00,25971.0
2026-02-14T01,SE,Southeast,DF,Day-ahead demand forecast,25512,megawatthours,2026-02-14 01:00:00,25512.0
2026-02-14T01,SE,Southeast,NG,Net generation,26807,megawatthours,2026-02-14 01:00:00,26807.0
2026-02-14T01,SE,Southeast,TI,Total interchange,835,megawatthours,2026-02-14 01:00:00,835.0
2026-02-14T00,SE,Southeast,D,Demand,25142,megawatthours,2026-02-14 00:00:00,25142.0
2026-02-14T00,SE,Southeast,DF,Day-ahead demand forecast,24979,megawatthours,2026-02-14 00:00:00,24979.0
2026-02-14T00,SE,Southeast,NG,Net generation,26030,megawatthours,2026-02-14 00:00:00,26030.0
2026-02-14T00,SE,Southeast,TI,Total interchange,886,megawatthours,2026-02-14 00:00:00,886.0
2026-02-13T23,SE,Southeast,D,Demand,23553,megawatthours,2026-02-13 23:00:00,23553.0
2026-02-13T23,SE,Southeast,DF,Day-ahead demand forecast,23956,megawatthours,2026-02-13 23:00:00,23956.0
2026-02-13T23,SE,Southeast,NG,Net generation,24337,megawatthours,2026-02-13 23:00:00,24337.0
2026-02-13T23,SE,Southeast,TI,Total interchange,780,megawatthours,2026-02-13 23:00:00,780.0
2026-02-13T22,SE,Southeast,D,Demand,21680,megawatthours,2026-02-13 22:00:00,21680.0
2026-02-13T22,SE,Southeast,DF,Day-ahead demand forecast,23453,megawatthours,2026-02-13 22:00:00,23453.0
2026-02-13T22,SE,Southeast,NG,Net generation,22563,megawatthours,2026-02-13 22:00:00,22563.0
2026-02-13T22,SE,Southeast,TI,Total interchange,881,megawatthours,2026-02-13 22:00:00,881.0
2026-02-13T21,SE,Southeast,D,Demand,21290,megawatthours,2026-02-13 21:00:00,21290.0
2026-02-13T21,SE,Southeast,DF,Day-ahead demand forecast,23426,megawatthours,2026-02-13 21:00:00,23426.0
2026-02-13T21,SE,Southeast,NG,Net generation,21933,megawatthours,2026-02-13 21:00:00,21933.0
2026-02-13T21,SE,Southeast,TI,Total interchange,641,megawatthours,2026-02-13 21:00:00,641.0
2026-02-13T20,SE,Southeast,D,Demand,21593,megawatthours,2026-02-13 20:00:00,21593.0
2026-02-13T20,SE,Southeast,DF,Day-ahead demand forecast,24179,megawatthours,2026-02-13 20:00:00,24179.0
2026-02-13T20,SE,Southeast,NG,Net generation,22258,megawatthours,2026-02-13 20:00:00,22258.0
2026-02-13T20,SE,Southeast,TI,Total interchange,663,megawatthours,2026-02-13 20:00:00,663.0
2026-02-13T19,SE,Southeast,D,Demand,22296,megawatthours,2026-02-13 19:00:00,22296.0
2026-02-13T19,SE,Southeast,DF,Day-ahead demand forecast,24837,megawatthours,2026-02-13 19:00:00,24837.0
2026-02-13T19,SE,Southeast,NG,Net generation,23018,megawatthours,2026-02-13 19:00:00,23018.0
2026-02-13T19,SE,Southeast,TI,Total interchange,725,megawatthours,2026-02-13 19:00:00,725.0
2026-02-13T18,SE,Southeast,D,Demand,23050,megawatthours,2026-02-13 18:00:00,23050.0
2026-02-13T18,SE,Southeast,DF,Day-ahead demand forecast,25697,megawatthours,2026-02-13 18:00:00,25697.0
2026-02-13T18,SE,Southeast,NG,Net generation,23718,megawatthours,2026-02-13 18:00:00,23718.0
2026-02-13T18,SE,Southeast,TI,Total interchange,668,megawatthours,2026-02-13 18:00:00,668.0
2026-02-13T17,SE,Southeast,D,Demand,24040,megawatthours,2026-02-13 17:00:00,24040.0
2026-02-13T17,SE,Southeast,DF,Day-ahead demand forecast,26941,megawatthours,2026-02-13 17:00:00,26941.0
2026-02-13T17,SE,Southeast,NG,Net generation,24591,megawatthours,2026-02-13 17:00:00,24591.0
2026-02-13T17,SE,Southeast,TI,Total interchange,553,megawatthours,2026-02-13 17:00:00,553.0
2026-02-13T16,SE,Southeast,D,Demand,25145,megawatthours,2026-02-13 16:00:00,25145.0
2026-02-13T16,SE,Southeast,DF,Day-ahead demand forecast,28310,megawatthours,2026-02-13 16:00:00,28310.0
2026-02-13T16,SE,Southeast,NG,Net generation,25906,megawatthours,2026-02-13 16:00:00,25906.0
2026-02-13T16,SE,Southeast,TI,Total interchange,764,megawatthours,2026-02-13 16:00:00,764.0
2026-02-13T15,SE,Southeast,D,Demand,26657,megawatthours,2026-02-13 15:00:00,26657.0
2026-02-13T15,SE,Southeast,DF,Day-ahead demand forecast,29604,megawatthours,2026-02-13 15:00:00,29604.0
2026-02-13T15,SE,Southeast,NG,Net generation,27645,megawatthours,2026-02-13 15:00:00,27645.0
2026-02-13T15,SE,Southeast,TI,Total interchange,991,megawatthours,2026-02-13 15:00:00,991.0
2026-02-13T14,SE,Southeast,D,Demand,28937,megawatthours,2026-02-13 14:00:00,28937.0
2026-02-13T14,SE,Southeast,DF,Day-ahead demand forecast,30658,megawatthours,2026-02-13 14:00:00,30658.0
2026-02-13T14,SE,Southeast,NG,Net generation,29867,megawatthours,2026-02-13 14:00:00,29867.0
2026-02-13T14,SE,Southeast,TI,Total interchange,936,megawatthours,2026-02-13 14:00:00,936.0
2026-02-13T13,SE,Southeast,D,Demand,30148,megawatthours,2026-02-13 13:00:00,30148.0
2026-02-13T13,SE,Southeast,DF,Day-ahead demand forecast,30462,megawatthours,2026-02-13 13:00:00,30462.0
2026-02-13T13,SE,Southeast,NG,Net generation,30576,megawatthours,2026-02-13 13:00:00,30576.0
2026-02-13T13,SE,Southeast,TI,Total interchange,429,megawatthours,2026-02-13 13:00:00,429.0
2026-02-13T12,SE,Southeast,D,Demand,28657,megawatthours,2026-02-13 12:00:00,28657.0
2026-02-13T12,SE,Southeast,DF,Day-ahead demand forecast,28845,megawatthours,2026-02-13 12:00:00,28845.0
2026-02-13T12,SE,Southeast,NG,Net generation,28677,megawatthours,2026-02-13 12:00:00,28677.0
2026-02-13T12,SE,Southeast,TI,Total interchange,24,megawatthours,2026-02-13 12:00:00,24.0
2026-02-13T11,SE,Southeast,D,Demand,26314,megawatthours,2026-02-13 11:00:00,26314.0
2026-02-13T11,SE,Southeast,DF,Day-ahead demand forecast,26734,megawatthours,2026-02-13 11:00:00,26734.0
2026-02-13T11,SE,Southeast,NG,Net generation,26882,megawatthours,2026-02-13 11:00:00,26882.0
2026-02-13T11,SE,Southeast,TI,Total interchange,559,megawatthours,2026-02-13 11:00:00,559.0
2026-02-13T10,SE,Southeast,D,Demand,24934,megawatthours,2026-02-13 10:00:00,24934.0
2026-02-13T10,SE,Southeast,DF,Day-ahead demand forecast,25337,megawatthours,2026-02-13 10:00:00,25337.0
2026-02-13T10,SE,Southeast,NG,Net generation,25569,megawatthours,2026-02-13 10:00:00,25569.0
2026-02-13T10,SE,Southeast,TI,Total interchange,632,megawatthours,2026-02-13 10:00:00,632.0
2026-02-13T09,SE,Southeast,D,Demand,24150,megawatthours,2026-02-13 09:00:00,24150.0
2026-02-13T09,SE,Southeast,DF,Day-ahead demand forecast,24760,megawatthours,2026-02-13 09:00:00,24760.0
2026-02-13T09,SE,Southeast,NG,Net generation,25202,megawatthours,2026-02-13 09:00:00,25202.0
2026-02-13T09,SE,Southeast,TI,Total interchange,760,megawatthours,2026-02-13 09:00:00,760.0
2026-02-13T08,SE,Southeast,D,Demand,23755,megawatthours,2026-02-13 08:00:00,23755.0
2026-02-13T08,SE,Southeast,DF,Day-ahead demand forecast,24631,megawatthours,2026-02-13 08:00:00,24631.0
2026-02-13T08,SE,Southeast,NG,Net generation,24726,megawatthours,2026-02-13 08:00:00,24726.0
2026-02-13T08,SE,Southeast,TI,Total interchange,677,megawatthours,2026-02-13 08:00:00,677.0
2026-02-13T07,SE,Southeast,D,Demand,23590,megawatthours,2026-02-13 07:00:00,23590.0
2026-02-13T07,SE,Southeast,DF,Day-ahead demand forecast,24445,megawatthours,2026-02-13 07:00:00,24445.0
2026-02-13T07,SE,Southeast,NG,Net generation,24546,megawatthours,2026-02-13 07:00:00,24546.0
2026-02-13T07,SE,Southeast,TI,Total interchange,661,megawatthours,2026-02-13 07:00:00,661.0
2026-02-13T06,SE,Southeast,D,Demand,23854,megawatthours,2026-02-13 06:00:00,23854.0
2026-02-13T06,SE,Southeast,DF,Day-ahead demand forecast,24156,megawatthours,2026-02-13 06:00:00,24156.0
2026-02-13T06,SE,Southeast,NG,Net generation,25447,megawatthours,2026-02-13 06:00:00,25447.0
2026-02-13T06,SE,Southeast,TI,Total interchange,1347,megawatthours,2026-02-13 06:00:00,1347.0
2026-02-13T05,SE,Southeast,D,Demand,24451,megawatthours,2026-02-13 05:00:00,24451.0
2026-02-13T05,SE,Southeast,DF,Day-ahead demand forecast,24852,megawatthours,2026-02-13 05:00:00,24852.0
2026-02-13T05,SE,Southeast,NG,Net generation,25951,megawatthours,2026-02-13 05:00:00,25951.0
2026-02-13T05,SE,Southeast,TI,Total interchange,1250,megawatthours,2026-02-13 05:00:00,1250.0
2026-02-13T04,SE,Southeast,D,Demand,25158,megawatthours,2026-02-13 04:00:00,25158.0
2026-02-13T04,SE,Southeast,DF,Day-ahead demand forecast,25795,megawatthours,2026-02-13 04:00:00,25795.0
2026-02-13T04,SE,Southeast,NG,Net generation,26966,megawatthours,2026-02-13 04:00:00,26966.0
2026-02-13T04,SE,Southeast,TI,Total interchange,1581,megawatthours,2026-02-13 04:00:00,1581.0
2026-02-13T03,SE,Southeast,D,Demand,26013,megawatthours,2026-02-13 03:00:00,26013.0
2026-02-13T03,SE,Southeast,DF,Day-ahead demand forecast,26676,megawatthours,2026-02-13 03:00:00,26676.0
2026-02-13T03,SE,Southeast,NG,Net generation,27650,megawatthours,2026-02-13 03:00:00,27650.0
2026-02-13T03,SE,Southeast,TI,Total interchange,1536,megawatthours,2026-02-13 03:00:00,1536.0
2026-02-13T02,SE,Southeast,D,Demand,26259,megawatthours,2026-02-13 02:00:00,26259.0
2026-02-13T02,SE,Southeast,DF,Day-ahead demand forecast,27145,megawatthours,2026-02-13 02:00:00,27145.0
2026-02-13T02,SE,Southeast,NG,Net generation,27839,megawatthours,2026-02-13 02:00:00,27839.0
2026-02-13T02,SE,Southeast,TI,Total interchange,1578,megawatthours,2026-02-13 02:00:00,1578.0
2026-02-13T01,SE,Southeast,D,Demand,26229,megawatthours,2026-02-13 01:00:00,26229.0
2026-02-13T01,SE,Southeast,DF,Day-ahead demand forecast,27519,megawatthours,2026-02-13 01:00:00,27519.0
2026-02-13T01,SE,Southeast,NG,Net generation,28611,megawatthours,2026-02-13 01:00:00,28611.0
2026-02-13T01,SE,Southeast,TI,Total interchange,2379,megawatthours,2026-02-13 01:00:00,2379.0
2026-02-13T00,SE,Southeast,D,Demand,25397,megawatthours,2026-02-13 00:00:00,25397.0
2026-02-13T00,SE,Southeast,DF,Day-ahead demand forecast,27037,megawatthours,2026-02-13 00:00:00,27037.0
2026-02-13T00,SE,Southeast,NG,Net generation,27545,megawatthours,2026-02-13 00:00:00,27545.0
2026-02-13T00,SE,Southeast,TI,Total interchange,2143,megawatthours,2026-02-13 00:00:00,2143.0
2026-02-12T23,SE,Southeast,D,Demand,23838,megawatthours,2026-02-12 23:00:00,23838.0
2026-02-12T23,SE,Southeast,DF,Day-ahead demand forecast,25944,megawatthours,2026-02-12 23:00:00,25944.0
2026-02-12T23,SE,Southeast,NG,Net generation,25599,megawatthours,2026-02-12 23:00:00,25599.0
2026-02-12T23,SE,Southeast,TI,Total interchange,1759,megawatthours,2026-02-12 23:00:00,1759.0
2026-02-12T22,SE,Southeast,D,Demand,22191,megawatthours,2026-02-12 22:00:00,22191.0
2026-02-12T22,SE,Southeast,DF,Day-ahead demand forecast,25299,megawatthours,2026-02-12 22:00:00,25299.0
2026-02-12T22,SE,Southeast,NG,Net generation,23440,megawatthours,2026-02-12 22:00:00,23440.0
2026-02-12T22,SE,Southeast,TI,Total interchange,1247,megawatthours,2026-02-12 22:00:00,1247.0
2026-02-12T21,SE,Southeast,D,Demand,21807,megawatthours,2026-02-12 21:00:00,21807.0
2026-02-12T21,SE,Southeast,DF,Day-ahead demand forecast,25326,megawatthours,2026-02-12 21:00:00,25326.0
2026-02-12T21,SE,Southeast,NG,Net generation,22979,megawatthours,2026-02-12 21:00:00,22979.0
2026-02-12T21,SE,Southeast,TI,Total interchange,1171,megawatthours,2026-02-12 21:00:00,1171.0
2026-02-12T20,SE,Southeast,D,Demand,21977,megawatthours,2026-02-12 20:00:00,21977.0
2026-02-12T20,SE,Southeast,DF,Day-ahead demand forecast,25658,megawatthours,2026-02-12 20:00:00,25658.0
2026-02-12T20,SE,Southeast,NG,Net generation,23094,megawatthours,2026-02-12 20:00:00,23094.0
2026-02-12T20,SE,Southeast,TI,Total interchange,1115,megawatthours,2026-02-12 20:00:00,1115.0
2026-02-12T19,SE,Southeast,D,Demand,22389,megawatthours,2026-02-12 19:00:00,22389.0
2026-02-12T19,SE,Southeast,DF,Day-ahead demand forecast,26178,megawatthours,2026-02-12 19:00:00,26178.0
2026-02-12T19,SE,Southeast,NG,Net generation,23466,megawatthours,2026-02-12 19:00:00,23466.0
2026-02-12T19,SE,Southeast,TI,Total interchange,1076,megawatthours,2026-02-12 19:00:00,1076.0
2026-02-12T18,SE,Southeast,D,Demand,22880,megawatthours,2026-02-12 18:00:00,22880.0
2026-02-12T18,SE,Southeast,DF,Day-ahead demand forecast,26699,megawatthours,2026-02-12 18:00:00,26699.0
2026-02-12T18,SE,Southeast,NG,Net generation,23852,megawatthours,2026-02-12 18:00:00,23852.0
2026-02-12T18,SE,Southeast,TI,Total interchange,970,megawatthours,2026-02-12 18:00:00,970.0
2026-02-12T17,SE,Southeast,D,Demand,23532,megawatthours,2026-02-12 17:00:00,23532.0
2026-02-12T17,SE,Southeast,DF,Day-ahead demand forecast,27314,megawatthours,2026-02-12 17:00:00,27314.0
2026-02-12T17,SE,Southeast,NG,Net generation,24945,megawatthours,2026-02-12 17:00:00,24945.0
2026-02-12T17,SE,Southeast,TI,Total interchange,1413,megawatthours,2026-02-12 17:00:00,1413.0
2026-02-12T16,SE,Southeast,D,Demand,24376,megawatthours,2026-02-12 16:00:00,24376.0
2026-02-12T16,SE,Southeast,DF,Day-ahead demand forecast,27903,megawatthours,2026-02-12 16:00:00,27903.0
2026-02-12T16,SE,Southeast,NG,Net generation,26091,megawatthours,2026-02-12 16:00:00,26091.0
2026-02-12T16,SE,Southeast,TI,Total interchange,1716,megawatthours,2026-02-12 16:00:00,1716.0
2026-02-12T15,SE,Southeast,D,Demand,25704,megawatthours,2026-02-12 15:00:00,25704.0
2026-02-12T15,SE,Southeast,DF,Day-ahead demand forecast,28603,megawatthours,2026-02-12 15:00:00,28603.0
2026-02-12T15,SE,Southeast,NG,Net generation,27310,megawatthours,2026-02-12 15:00:00,27310.0
2026-02-12T15,SE,Southeast,TI,Total interchange,1611,megawatthours,2026-02-12 15:00:00,1611.0
2026-02-12T14,SE,Southeast,D,Demand,27756,megawatthours,2026-02-12 14:00:00,27756.0
2026-02-12T14,SE,Southeast,DF,Day-ahead demand forecast,29399,megawatthours,2026-02-12 14:00:00,29399.0
2026-02-12T14,SE,Southeast,NG,Net generation,29777,megawatthours,2026-02-12 14:00:00,29777.0
2026-02-12T14,SE,Southeast,TI,Total interchange,2027,megawatthours,2026-02-12 14:00:00,2027.0
2026-02-12T13,SE,Southeast,D,Demand,28989,megawatthours,2026-02-12 13:00:00,28989.0
2026-02-12T13,SE,Southeast,DF,Day-ahead demand forecast,29206,megawatthours,2026-02-12 13:00:00,29206.0
2026-02-12T13,SE,Southeast,NG,Net generation,30901,megawatthours,2026-02-12 13:00:00,30901.0
2026-02-12T13,SE,Southeast,TI,Total interchange,1906,megawatthours,2026-02-12 13:00:00,1906.0
2026-02-12T12,SE,Southeast,D,Demand,27313,megawatthours,2026-02-12 12:00:00,27313.0
2026-02-12T12,SE,Southeast,DF,Day-ahead demand forecast,27396,megawatthours,2026-02-12 12:00:00,27396.0
2026-02-12T12,SE,Southeast,NG,Net generation,28829,megawatthours,2026-02-12 12:00:00,28829.0
2026-02-12T12,SE,Southeast,TI,Total interchange,1517,megawatthours,2026-02-12 12:00:00,1517.0
2026-02-12T11,SE,Southeast,D,Demand,24791,megawatthours,2026-02-12 11:00:00,24791.0
2026-02-12T11,SE,Southeast,DF,Day-ahead demand forecast,25001,megawatthours,2026-02-12 11:00:00,25001.0
2026-02-12T11,SE,Southeast,NG,Net generation,26322,megawatthours,2026-02-12 11:00:00,26322.0
2026-02-12T11,SE,Southeast,TI,Total interchange,1527,megawatthours,2026-02-12 11:00:00,1527.0
2026-02-12T10,SE,Southeast,D,Demand,23089,megawatthours,2026-02-12 10:00:00,23089.0
2026-02-12T10,SE,Southeast,DF,Day-ahead demand forecast,23511,megawatthours,2026-02-12 10:00:00,23511.0
2026-02-12T10,SE,Southeast,NG,Net generation,24385,megawatthours,2026-02-12 10:00:00,24385.0
2026-02-12T10,SE,Southeast,TI,Total interchange,1295,megawatthours,2026-02-12 10:00:00,1295.0
2026-02-12T09,SE,Southeast,D,Demand,22373,megawatthours,2026-02-12 09:00:00,22373.0
2026-02-12T09,SE,Southeast,DF,Day-ahead demand forecast,22914,megawatthours,2026-02-12 09:00:00,22914.0
2026-02-12T09,SE,Southeast,NG,Net generation,23724,megawatthours,2026-02-12 09:00:00,23724.0
2026-02-12T09,SE,Southeast,TI,Total interchange,1155,megawatthours,2026-02-12 09:00:00,1155.0
2026-02-12T08,SE,Southeast,D,Demand,22094,megawatthours,2026-02-12 08:00:00,22094.0
2026-02-12T08,SE,Southeast,DF,Day-ahead demand forecast,22963,megawatthours,2026-02-12 08:00:00,22963.0
2026-02-12T08,SE,Southeast,NG,Net generation,23478,megawatthours,2026-02-12 08:00:00,23478.0
2026-02-12T08,SE,Southeast,TI,Total interchange,1091,megawatthours,2026-02-12 08:00:00,1091.0
2026-02-12T07,SE,Southeast,D,Demand,22765,megawatthours,2026-02-12 07:00:00,22765.0
2026-02-12T07,SE,Southeast,DF,Day-ahead demand forecast,22868,megawatthours,2026-02-12 07:00:00,22868.0
2026-02-12T07,SE,Southeast,NG,Net generation,24316,megawatthours,2026-02-12 07:00:00,24316.0
2026-02-12T07,SE,Southeast,TI,Total interchange,1261,megawatthours,2026-02-12 07:00:00,1261.0
2026-02-12T06,SE,Southeast,D,Demand,23039,megawatthours,2026-02-12 06:00:00,23039.0
2026-02-12T06,SE,Southeast,DF,Day-ahead demand forecast,22491,megawatthours,2026-02-12 06:00:00,22491.0
2026-02-12T06,SE,Southeast,NG,Net generation,23892,megawatthours,2026-02-12 06:00:00,23892.0
2026-02-12T06,SE,Southeast,TI,Total interchange,703,megawatthours,2026-02-12 06:00:00,703.0
2026-02-12T05,SE,Southeast,D,Demand,23944,megawatthours,2026-02-12 05:00:00,23944.0
2026-02-12T05,SE,Southeast,DF,Day-ahead demand forecast,23236,megawatthours,2026-02-12 05:00:00,23236.0
2026-02-12T05,SE,Southeast,NG,Net generation,24752,megawatthours,2026-02-12 05:00:00,24752.0
2026-02-12T05,SE,Southeast,TI,Total interchange,660,megawatthours,2026-02-12 05:00:00,660.0
2026-02-12T04,SE,Southeast,D,Demand,25028,megawatthours,2026-02-12 04:00:00,25028.0
2026-02-12T04,SE,Southeast,DF,Day-ahead demand forecast,24180,megawatthours,2026-02-12 04:00:00,24180.0
2026-02-12T04,SE,Southeast,NG,Net generation,25995,megawatthours,2026-02-12 04:00:00,25995.0
2026-02-12T04,SE,Southeast,TI,Total interchange,831,megawatthours,2026-02-12 04:00:00,831.0
2026-02-12T03,SE,Southeast,D,Demand,26022,megawatthours,2026-02-12 03:00:00,26022.0
2026-02-12T03,SE,Southeast,DF,Day-ahead demand forecast,25422,megawatthours,2026-02-12 03:00:00,25422.0
2026-02-12T03,SE,Southeast,NG,Net generation,27041,megawatthours,2026-02-12 03:00:00,27041.0
2026-02-12T03,SE,Southeast,TI,Total interchange,919,megawatthours,2026-02-12 03:00:00,919.0
2026-02-12T02,SE,Southeast,D,Demand,26666,megawatthours,2026-02-12 02:00:00,26666.0
2026-02-12T02,SE,Southeast,DF,Day-ahead demand forecast,26117,megawatthours,2026-02-12 02:00:00,26117.0
2026-02-12T02,SE,Southeast,NG,Net generation,27911,megawatthours,2026-02-12 02:00:00,27911.0
2026-02-12T02,SE,Southeast,TI,Total interchange,1242,megawatthours,2026-02-12 02:00:00,1242.0
2026-02-12T01,SE,Southeast,D,Demand,26712,megawatthours,2026-02-12 01:00:00,26712.0
2026-02-12T01,SE,Southeast,DF,Day-ahead demand forecast,26366,megawatthours,2026-02-12 01:00:00,26366.0
2026-02-12T01,SE,Southeast,NG,Net generation,28148,megawatthours,2026-02-12 01:00:00,28148.0
2026-02-12T01,SE,Southeast,TI,Total interchange,1434,megawatthours,2026-02-12 01:00:00,1434.0
2026-02-12T00,SE,Southeast,D,Demand,26038,megawatthours,2026-02-12 00:00:00,26038.0
2026-02-12T00,SE,Southeast,DF,Day-ahead demand forecast,25869,megawatthours,2026-02-12 00:00:00,25869.0
2026-02-12T00,SE,Southeast,NG,Net generation,27280,megawatthours,2026-02-12 00:00:00,27280.0
2026-02-12T00,SE,Southeast,TI,Total interchange,1240,megawatthours,2026-02-12 00:00:00,1240.0
2026-02-11T23,SE,Southeast,D,Demand,24613,megawatthours,2026-02-11 23:00:00,24613.0
2026-02-11T23,SE,Southeast,DF,Day-ahead demand forecast,25064,megawatthours,2026-02-11 23:00:00,25064.0
2026-02-11T23,SE,Southeast,NG,Net generation,25607,megawatthours,2026-02-11 23:00:00,25607.0
2026-02-11T23,SE,Southeast,TI,Total interchange,992,megawatthours,2026-02-11 23:00:00,992.0
2026-02-11T22,SE,Southeast,D,Demand,23792,megawatthours,2026-02-11 22:00:00,23792.0
2026-02-11T22,SE,Southeast,DF,Day-ahead demand forecast,24694,megawatthours,2026-02-11 22:00:00,24694.0
2026-02-11T22,SE,Southeast,NG,Net generation,24666,megawatthours,2026-02-11 22:00:00,24666.0
2026-02-11T22,SE,Southeast,TI,Total interchange,873,megawatthours,2026-02-11 22:00:00,873.0
2026-02-11T21,SE,Southeast,D,Demand,23619,megawatthours,2026-02-11 21:00:00,23619.0
2026-02-11T21,SE,Southeast,DF,Day-ahead demand forecast,24522,megawatthours,2026-02-11 21:00:00,24522.0
2026-02-11T21,SE,Southeast,NG,Net generation,24380,megawatthours,2026-02-11 21:00:00,24380.0
2026-02-11T21,SE,Southeast,TI,Total interchange,765,megawatthours,2026-02-11 21:00:00,765.0
2026-02-11T20,SE,Southeast,D,Demand,23902,megawatthours,2026-02-11 20:00:00,23902.0
2026-02-11T20,SE,Southeast,DF,Day-ahead demand forecast,24664,megawatthours,2026-02-11 20:00:00,24664.0
2026-02-11T20,SE,Southeast,NG,Net generation,24656,megawatthours,2026-02-11 20:00:00,24656.0
2026-02-11T20,SE,Southeast,TI,Total interchange,757,megawatthours,2026-02-11 20:00:00,757.0
2026-02-11T19,SE,Southeast,D,Demand,23853,megawatthours,2026-02-11 19:00:00,23853.0
2026-02-11T19,SE,Southeast,DF,Day-ahead demand forecast,25024,megawatthours,2026-02-11 19:00:00,25024.0
2026-02-11T19,SE,Southeast,NG,Net generation,24660,megawatthours,2026-02-11 19:00:00,24660.0
2026-02-11T19,SE,Southeast,TI,Total interchange,811,megawatthours,2026-02-11 19:00:00,811.0
2026-02-11T18,SE,Southeast,D,Demand,23446,megawatthours,2026-02-11 18:00:00,23446.0
2026-02-11T18,SE,Southeast,DF,Day-ahead demand forecast,25223,megawatthours,2026-02-11 18:00:00,25223.0
2026-02-11T18,SE,Southeast,NG,Net generation,24406,megawatthours,2026-02-11 18:00:00,24406.0
2026-02-11T18,SE,Southeast,TI,Total interchange,964,megawatthours,2026-02-11 18:00:00,964.0
2026-02-11T17,SE,Southeast,D,Demand,23983,megawatthours,2026-02-11 17:00:00,23983.0
2026-02-11T17,SE,Southeast,DF,Day-ahead demand forecast,25422,megawatthours,2026-02-11 17:00:00,25422.0
2026-02-11T17,SE,Southeast,NG,Net generation,25098,megawatthours,2026-02-11 17:00:00,25098.0
2026-02-11T17,SE,Southeast,TI,Total interchange,1120,megawatthours,2026-02-11 17:00:00,1120.0
2026-02-11T16,SE,Southeast,D,Demand,24645,megawatthours,2026-02-11 16:00:00,24645.0
2026-02-11T16,SE,Southeast,DF,Day-ahead demand forecast,25521,megawatthours,2026-02-11 16:00:00,25521.0
2026-02-11T16,SE,Southeast,NG,Net generation,25713,megawatthours,2026-02-11 16:00:00,25713.0
2026-02-11T16,SE,Southeast,TI,Total interchange,1071,megawatthours,2026-02-11 16:00:00,1071.0
2026-02-11T15,SE,Southeast,D,Demand,24757,megawatthours,2026-02-11 15:00:00,24757.0
2026-02-11T15,SE,Southeast,DF,Day-ahead demand forecast,25621,megawatthours,2026-02-11 15:00:00,25621.0
2026-02-11T15,SE,Southeast,NG,Net generation,25765,megawatthours,2026-02-11 15:00:00,25765.0
2026-02-11T15,SE,Southeast,TI,Total interchange,1011,megawatthours,2026-02-11 15:00:00,1011.0
2026-02-11T14,SE,Southeast,D,Demand,24846,megawatthours,2026-02-11 14:00:00,24846.0
2026-02-11T14,SE,Southeast,DF,Day-ahead demand forecast,25869,megawatthours,2026-02-11 14:00:00,25869.0
2026-02-11T14,SE,Southeast,NG,Net generation,26094,megawatthours,2026-02-11 14:00:00,26094.0
2026-02-11T14,SE,Southeast,TI,Total interchange,1254,megawatthours,2026-02-11 14:00:00,1254.0
2026-02-11T13,SE,Southeast,D,Demand,24770,megawatthours,2026-02-11 13:00:00,24770.0
2026-02-11T13,SE,Southeast,DF,Day-ahead demand forecast,26018,megawatthours,2026-02-11 13:00:00,26018.0
2026-02-11T13,SE,Southeast,NG,Net generation,26349,megawatthours,2026-02-11 13:00:00,26349.0
2026-02-11T13,SE,Southeast,TI,Total interchange,1581,megawatthours,2026-02-11 13:00:00,1581.0
2026-02-11T12,SE,Southeast,D,Demand,23438,megawatthours,2026-02-11 12:00:00,23438.0
2026-02-11T12,SE,Southeast,DF,Day-ahead demand forecast,24528,megawatthours,2026-02-11 12:00:00,24528.0
2026-02-11T12,SE,Southeast,NG,Net generation,24782,megawatthours,2026-02-11 12:00:00,24782.0
2026-02-11T12,SE,Southeast,TI,Total interchange,1345,megawatthours,2026-02-11 12:00:00,1345.0
2026-02-11T11,SE,Southeast,D,Demand,21579,megawatthours,2026-02-11 11:00:00,21579.0
2026-02-11T11,SE,Southeast,DF,Day-ahead demand forecast,22193,megawatthours,2026-02-11 11:00:00,22193.0
2026-02-11T11,SE,Southeast,NG,Net generation,22813,megawatthours,2026-02-11 11:00:00,22813.0
2026-02-11T11,SE,Southeast,TI,Total interchange,1235,megawatthours,2026-02-11 11:00:00,1235.0
2026-02-11T10,SE,Southeast,D,Demand,20578,megawatthours,2026-02-11 10:00:00,20578.0
2026-02-11T10,SE,Southeast,DF,Day-ahead demand forecast,21100,megawatthours,2026-02-11 10:00:00,21100.0
2026-02-11T10,SE,Southeast,NG,Net generation,21688,megawatthours,2026-02-11 10:00:00,21688.0
2026-02-11T10,SE,Southeast,TI,Total interchange,1106,megawatthours,2026-02-11 10:00:00,1106.0
2026-02-11T09,SE,Southeast,D,Demand,20306,megawatthours,2026-02-11 09:00:00,20306.0
2026-02-11T09,SE,Southeast,DF,Day-ahead demand forecast,20553,megawatthours,2026-02-11 09:00:00,20553.0
2026-02-11T09,SE,Southeast,NG,Net generation,21473,megawatthours,2026-02-11 09:00:00,21473.0
2026-02-11T09,SE,Southeast,TI,Total interchange,876,megawatthours,2026-02-11 09:00:00,876.0
2026-02-11T08,SE,Southeast,D,Demand,20540,megawatthours,2026-02-11 08:00:00,20540.0
2026-02-11T08,SE,Southeast,DF,Day-ahead demand forecast,20683,megawatthours,2026-02-11 08:00:00,20683.0
2026-02-11T08,SE,Southeast,NG,Net generation,21720,megawatthours,2026-02-11 08:00:00,21720.0
2026-02-11T08,SE,Southeast,TI,Total interchange,885,megawatthours,2026-02-11 08:00:00,885.0
2026-02-11T07,SE,Southeast,D,Demand,20878,megawatthours,2026-02-11 07:00:00,20878.0
2026-02-11T07,SE,Southeast,DF,Day-ahead demand forecast,21005,megawatthours,2026-02-11 07:00:00,21005.0
2026-02-11T07,SE,Southeast,NG,Net generation,22062,megawatthours,2026-02-11 07:00:00,22062.0
2026-02-11T07,SE,Southeast,TI,Total interchange,889,megawatthours,2026-02-11 07:00:00,889.0
2026-02-11T06,SE,Southeast,D,Demand,21609,megawatthours,2026-02-11 06:00:00,21609.0
2026-02-11T06,SE,Southeast,DF,Day-ahead demand forecast,21584,megawatthours,2026-02-11 06:00:00,21584.0
2026-02-11T06,SE,Southeast,NG,Net generation,22919,megawatthours,2026-02-11 06:00:00,22919.0
2026-02-11T06,SE,Southeast,TI,Total interchange,1017,megawatthours,2026-02-11 06:00:00,1017.0
2026-02-11T05,SE,Southeast,D,Demand,22685,megawatthours,2026-02-11 05:00:00,22685.0
2026-02-11T05,SE,Southeast,DF,Day-ahead demand forecast,22674,megawatthours,2026-02-11 05:00:00,22674.0
2026-02-11T05,SE,Southeast,NG,Net generation,24022,megawatthours,2026-02-11 05:00:00,24022.0
2026-02-11T05,SE,Southeast,TI,Total interchange,1042,megawatthours,2026-02-11 05:00:00,1042.0
2026-02-11T04,SE,Southeast,D,Demand,24038,megawatthours,2026-02-11 04:00:00,24038.0
2026-02-11T04,SE,Southeast,DF,Day-ahead demand forecast,24069,megawatthours,2026-02-11 04:00:00,24069.0
2026-02-11T04,SE,Southeast,NG,Net generation,25558,megawatthours,2026-02-11 04:00:00,25558.0
2026-02-11T04,SE,Southeast,TI,Total interchange,1226,megawatthours,2026-02-11 04:00:00,1226.0
2026-02-11T03,SE,Southeast,D,Demand,25300,megawatthours,2026-02-11 03:00:00,25300.0
2026-02-11T03,SE,Southeast,DF,Day-ahead demand forecast,25286,megawatthours,2026-02-11 03:00:00,25286.0
2026-02-11T03,SE,Southeast,NG,Net generation,26705,megawatthours,2026-02-11 03:00:00,26705.0
2026-02-11T03,SE,Southeast,TI,Total interchange,1397,megawatthours,2026-02-11 03:00:00,1397.0
2026-02-11T02,SE,Southeast,D,Demand,26186,megawatthours,2026-02-11 02:00:00,26186.0
2026-02-11T02,SE,Southeast,DF,Day-ahead demand forecast,26173,megawatthours,2026-02-11 02:00:00,26173.0
2026-02-11T02,SE,Southeast,NG,Net generation,27653,megawatthours,2026-02-11 02:00:00,27653.0
2026-02-11T02,SE,Southeast,TI,Total interchange,1463,megawatthours,2026-02-11 02:00:00,1463.0
2026-02-11T01,SE,Southeast,D,Demand,26492,megawatthours,2026-02-11 01:00:00,26492.0
2026-02-11T01,SE,Southeast,DF,Day-ahead demand forecast,26495,megawatthours,2026-02-11 01:00:00,26495.0
2026-02-11T01,SE,Southeast,NG,Net generation,27845,megawatthours,2026-02-11 01:00:00,27845.0
2026-02-11T01,SE,Southeast,TI,Total interchange,1351,megawatthours,2026-02-11 01:00:00,1351.0
2026-02-11T00,SE,Southeast,D,Demand,25837,megawatthours,2026-02-11 00:00:00,25837.0
2026-02-11T00,SE,Southeast,DF,Day-ahead demand forecast,25947,megawatthours,2026-02-11 00:00:00,25947.0
2026-02-11T00,SE,Southeast,NG,Net generation,27120,megawatthours,2026-02-11 00:00:00,27120.0
2026-02-11T00,SE,Southeast,TI,Total interchange,1279,megawatthours,2026-02-11 00:00:00,1279.0
2026-02-10T23,SE,Southeast,D,Demand,24320,megawatthours,2026-02-10 23:00:00,24320.0
2026-02-10T23,SE,Southeast,DF,Day-ahead demand forecast,24739,megawatthours,2026-02-10 23:00:00,24739.0
2026-02-10T23,SE,Southeast,NG,Net generation,25616,megawatthours,2026-02-10 23:00:00,25616.0
2026-02-10T23,SE,Southeast,TI,Total interchange,1293,megawatthours,2026-02-10 23:00:00,1293.0
2026-02-10T22,SE,Southeast,D,Demand,23211,megawatthours,2026-02-10 22:00:00,23211.0
2026-02-10T22,SE,Southeast,DF,Day-ahead demand forecast,24481,megawatthours,2026-02-10 22:00:00,24481.0
2026-02-10T22,SE,Southeast,NG,Net generation,24494,megawatthours,2026-02-10 22:00:00,24494.0
2026-02-10T22,SE,Southeast,TI,Total interchange,1286,megawatthours,2026-02-10 22:00:00,1286.0
2026-02-10T21,SE,Southeast,D,Demand,22499,megawatthours,2026-02-10 21:00:00,22499.0
2026-02-10T21,SE,Southeast,DF,Day-ahead demand forecast,24431,megawatthours,2026-02-10 21:00:00,24431.0
2026-02-10T21,SE,Southeast,NG,Net generation,23297,megawatthours,2026-02-10 21:00:00,23297.0
2026-02-10T21,SE,Southeast,TI,Total interchange,797,megawatthours,2026-02-10 21:00:00,797.0
2026-02-10T20,SE,Southeast,D,Demand,22057,megawatthours,2026-02-10 20:00:00,22057.0
2026-02-10T20,SE,Southeast,DF,Day-ahead demand forecast,24549,megawatthours,2026-02-10 20:00:00,24549.0
2026-02-10T20,SE,Southeast,NG,Net generation,22814,megawatthours,2026-02-10 20:00:00,22814.0
2026-02-10T20,SE,Southeast,TI,Total interchange,760,megawatthours,2026-02-10 20:00:00,760.0
2026-02-10T19,SE,Southeast,D,Demand,22048,megawatthours,2026-02-10 19:00:00,22048.0
2026-02-10T19,SE,Southeast,DF,Day-ahead demand forecast,24702,megawatthours,2026-02-10 19:00:00,24702.0
2026-02-10T19,SE,Southeast,NG,Net generation,22654,megawatthours,2026-02-10 19:00:00,22654.0
2026-02-10T19,SE,Southeast,TI,Total interchange,612,megawatthours,2026-02-10 19:00:00,612.0
2026-02-10T18,SE,Southeast,D,Demand,22362,megawatthours,2026-02-10 18:00:00,22362.0
2026-02-10T18,SE,Southeast,DF,Day-ahead demand forecast,25003,megawatthours,2026-02-10 18:00:00,25003.0
2026-02-10T18,SE,Southeast,NG,Net generation,22932,megawatthours,2026-02-10 18:00:00,22932.0
2026-02-10T18,SE,Southeast,TI,Total interchange,572,megawatthours,2026-02-10 18:00:00,572.0
2026-02-10T17,SE,Southeast,D,Demand,23344,megawatthours,2026-02-10 17:00:00,23344.0
2026-02-10T17,SE,Southeast,DF,Day-ahead demand forecast,25683,megawatthours,2026-02-10 17:00:00,25683.0
2026-02-10T17,SE,Southeast,NG,Net generation,24054,megawatthours,2026-02-10 17:00:00,24054.0
2026-02-10T17,SE,Southeast,TI,Total interchange,715,megawatthours,2026-02-10 17:00:00,715.0
2026-02-10T16,SE,Southeast,D,Demand,24596,megawatthours,2026-02-10 16:00:00,24596.0
2026-02-10T16,SE,Southeast,DF,Day-ahead demand forecast,26573,megawatthours,2026-02-10 16:00:00,26573.0
2026-02-10T16,SE,Southeast,NG,Net generation,25320,megawatthours,2026-02-10 16:00:00,25320.0
2026-02-10T16,SE,Southeast,TI,Total interchange,730,megawatthours,2026-02-10 16:00:00,730.0
2026-02-10T15,SE,Southeast,D,Demand,26226,megawatthours,2026-02-10 15:00:00,26226.0
2026-02-10T15,SE,Southeast,DF,Day-ahead demand forecast,27753,megawatthours,2026-02-10 15:00:00,27753.0
2026-02-10T15,SE,Southeast,NG,Net generation,27336,megawatthours,2026-02-10 15:00:00,27336.0
2026-02-10T15,SE,Southeast,TI,Total interchange,1124,megawatthours,2026-02-10 15:00:00,1124.0
2026-02-10T14,SE,Southeast,D,Demand,27975,megawatthours,2026-02-10 14:00:00,27975.0
2026-02-10T14,SE,Southeast,DF,Day-ahead demand forecast,28710,megawatthours,2026-02-10 14:00:00,28710.0
2026-02-10T14,SE,Southeast,NG,Net generation,29361,megawatthours,2026-02-10 14:00:00,29361.0
2026-02-10T14,SE,Southeast,TI,Total interchange,1396,megawatthours,2026-02-10 14:00:00,1396.0
2026-02-10T13,SE,Southeast,D,Demand,28998,megawatthours,2026-02-10 13:00:00,28998.0
2026-02-10T13,SE,Southeast,DF,Day-ahead demand forecast,29100,megawatthours,2026-02-10 13:00:00,29100.0
2026-02-10T13,SE,Southeast,NG,Net generation,30947,megawatthours,2026-02-10 13:00:00,30947.0
2026-02-10T13,SE,Southeast,TI,Total interchange,1951,megawatthours,2026-02-10 13:00:00,1951.0
2026-02-10T12,SE,Southeast,D,Demand,27755,megawatthours,2026-02-10 12:00:00,27755.0
2026-02-10T12,SE,Southeast,DF,Day-ahead demand forecast,27755,megawatthours,2026-02-10 12:00:00,27755.0
2026-02-10T12,SE,Southeast,NG,Net generation,29466,megawatthours,2026-02-10 12:00:00,29466.0
2026-02-10T12,SE,Southeast,TI,Total interchange,1714,megawatthours,2026-02-10 12:00:00,1714.0
2026-02-10T11,SE,Southeast,D,Demand,25592,megawatthours,2026-02-10 11:00:00,25592.0
2026-02-10T11,SE,Southeast,DF,Day-ahead demand forecast,25610,megawatthours,2026-02-10 11:00:00,25610.0
2026-02-10T11,SE,Southeast,NG,Net generation,27295,megawatthours,2026-02-10 11:00:00,27295.0
2026-02-10T11,SE,Southeast,TI,Total interchange,1716,megawatthours,2026-02-10 11:00:00,1716.0
2026-02-10T10,SE,Southeast,D,Demand,24211,megawatthours,2026-02-10 10:00:00,24211.0
2026-02-10T10,SE,Southeast,DF,Day-ahead demand forecast,24214,megawatthours,2026-02-10 10:00:00,24214.0
2026-02-10T10,SE,Southeast,NG,Net generation,25441,megawatthours,2026-02-10 10:00:00,25441.0
2026-02-10T10,SE,Southeast,TI,Total interchange,1228,megawatthours,2026-02-10 10:00:00,1228.0
2026-02-10T09,SE,Southeast,D,Demand,23509,megawatthours,2026-02-10 09:00:00,23509.0
2026-02-10T09,SE,Southeast,DF,Day-ahead demand forecast,23491,megawatthours,2026-02-10 09:00:00,23491.0
2026-02-10T09,SE,Southeast,NG,Net generation,24795,megawatthours,2026-02-10 09:00:00,24795.0
2026-02-10T09,SE,Southeast,TI,Total interchange,1284,megawatthours,2026-02-10 09:00:00,1284.0
2026-02-10T08,SE,Southeast,D,Demand,23228,megawatthours,2026-02-10 08:00:00,23228.0
2026-02-10T08,SE,Southeast,DF,Day-ahead demand forecast,23218,megawatthours,2026-02-10 08:00:00,23218.0
2026-02-10T08,SE,Southeast,NG,Net generation,24488,megawatthours,2026-02-10 08:00:00,24488.0
2026-02-10T08,SE,Southeast,TI,Total interchange,1256,megawatthours,2026-02-10 08:00:00,1256.0
2026-02-10T07,SE,Southeast,D,Demand,23196,megawatthours,2026-02-10 07:00:00,23196.0
2026-02-10T07,SE,Southeast,DF,Day-ahead demand forecast,23152,megawatthours,2026-02-10 07:00:00,23152.0
2026-02-10T07,SE,Southeast,NG,Net generation,24792,megawatthours,2026-02-10 07:00:00,24792.0
2026-02-10T07,SE,Southeast,TI,Total interchange,1338,megawatthours,2026-02-10 07:00:00,1338.0
2026-02-10T06,SE,Southeast,D,Demand,23608,megawatthours,2026-02-10 06:00:00,23608.0
2026-02-10T06,SE,Southeast,DF,Day-ahead demand forecast,23435,megawatthours,2026-02-10 06:00:00,23435.0
2026-02-10T06,SE,Southeast,NG,Net generation,24980,megawatthours,2026-02-10 06:00:00,24980.0
2026-02-10T06,SE,Southeast,TI,Total interchange,1081,megawatthours,2026-02-10 06:00:00,1081.0
2026-02-10T05,SE,Southeast,D,Demand,24406,megawatthours,2026-02-10 05:00:00,24406.0
2026-02-10T05,SE,Southeast,DF,Day-ahead demand forecast,24243,megawatthours,2026-02-10 05:00:00,24243.0
2026-02-10T05,SE,Southeast,NG,Net generation,26142,megawatthours,2026-02-10 05:00:00,26142.0
2026-02-10T05,SE,Southeast,TI,Total interchange,1438,megawatthours,2026-02-10 05:00:00,1438.0
2026-02-10T04,SE,Southeast,D,Demand,25513,megawatthours,2026-02-10 04:00:00,25513.0
2026-02-10T04,SE,Southeast,DF,Day-ahead demand forecast,25346,megawatthours,2026-02-10 04:00:00,25346.0
2026-02-10T04,SE,Southeast,NG,Net generation,26984,megawatthours,2026-02-10 04:00:00,26984.0
2026-02-10T04,SE,Southeast,TI,Total interchange,1177,megawatthours,2026-02-10 04:00:00,1177.0
2026-02-10T03,SE,Southeast,D,Demand,26675,megawatthours,2026-02-10 03:00:00,26675.0
2026-02-10T03,SE,Southeast,DF,Day-ahead demand forecast,26524,megawatthours,2026-02-10 03:00:00,26524.0
2026-02-10T03,SE,Southeast,NG,Net generation,28414,megawatthours,2026-02-10 03:00:00,28414.0
2026-02-10T03,SE,Southeast,TI,Total interchange,1445,megawatthours,2026-02-10 03:00:00,1445.0
2026-02-10T02,SE,Southeast,D,Demand,27423,megawatthours,2026-02-10 02:00:00,27423.0
2026-02-10T02,SE,Southeast,DF,Day-ahead demand forecast,27274,megawatthours,2026-02-10 02:00:00,27274.0
2026-02-10T02,SE,Southeast,NG,Net generation,29152,megawatthours,2026-02-10 02:00:00,29152.0
2026-02-10T02,SE,Southeast,TI,Total interchange,1435,megawatthours,2026-02-10 02:00:00,1435.0
2026-02-10T01,SE,Southeast,D,Demand,27551,megawatthours,2026-02-10 01:00:00,27551.0
2026-02-10T01,SE,Southeast,DF,Day-ahead demand forecast,27466,megawatthours,2026-02-10 01:00:00,27466.0
2026-02-10T01,SE,Southeast,NG,Net generation,29235,megawatthours,2026-02-10 01:00:00,29235.0
2026-02-10T01,SE,Southeast,TI,Total interchange,1678,megawatthours,2026-02-10 01:00:00,1678.0
2026-02-10T00,SE,Southeast,D,Demand,26630,megawatthours,2026-02-10 00:00:00,26630.0
2026-02-10T00,SE,Southeast,DF,Day-ahead demand forecast,26519,megawatthours,2026-02-10 00:00:00,26519.0
2026-02-10T00,SE,Southeast,NG,Net generation,28225,megawatthours,2026-02-10 00:00:00,28225.0
2026-02-10T00,SE,Southeast,TI,Total interchange,1594,megawatthours,2026-02-10 00:00:00,1594.0
2026-02-09T23,SE,Southeast,D,Demand,25443,megawatthours,2026-02-09 23:00:00,25443.0
2026-02-09T23,SE,Southeast,DF,Day-ahead demand forecast,25251,megawatthours,2026-02-09 23:00:00,25251.0
2026-02-09T23,SE,Southeast,NG,Net generation,26793,megawatthours,2026-02-09 23:00:00,26793.0
2026-02-09T23,SE,Southeast,TI,Total interchange,1350,megawatthours,2026-02-09 23:00:00,1350.0
2026-02-09T22,SE,Southeast,D,Demand,24918,megawatthours,2026-02-09 22:00:00,24918.0
2026-02-09T22,SE,Southeast,DF,Day-ahead demand forecast,24690,megawatthours,2026-02-09 22:00:00,24690.0
2026-02-09T22,SE,Southeast,NG,Net generation,26003,megawatthours,2026-02-09 22:00:00,26003.0
2026-02-09T22,SE,Southeast,TI,Total interchange,1084,megawatthours,2026-02-09 22:00:00,1084.0
2026-02-09T21,SE,Southeast,D,Demand,24941,megawatthours,2026-02-09 21:00:00,24941.0
2026-02-09T21,SE,Southeast,DF,Day-ahead demand forecast,24694,megawatthours,2026-02-09 21:00:00,24694.0
2026-02-09T21,SE,Southeast,NG,Net generation,25874,megawatthours,2026-02-09 21:00:00,25874.0
2026-02-09T21,SE,Southeast,TI,Total interchange,930,megawatthours,2026-02-09 21:00:00,930.0
2026-02-09T20,SE,Southeast,D,Demand,25284,megawatthours,2026-02-09 20:00:00,25284.0
2026-02-09T20,SE,Southeast,DF,Day-ahead demand forecast,25047,megawatthours,2026-02-09 20:00:00,25047.0
2026-02-09T20,SE,Southeast,NG,Net generation,26312,megawatthours,2026-02-09 20:00:00,26312.0
2026-02-09T20,SE,Southeast,TI,Total interchange,1027,megawatthours,2026-02-09 20:00:00,1027.0
2026-02-09T19,SE,Southeast,D,Demand,25911,megawatthours,2026-02-09 19:00:00,25911.0
2026-02-09T19,SE,Southeast,DF,Day-ahead demand forecast,25676,megawatthours,2026-02-09 19:00:00,25676.0
2026-02-09T19,SE,Southeast,NG,Net generation,26967,megawatthours,2026-02-09 19:00:00,26967.0
2026-02-09T19,SE,Southeast,TI,Total interchange,1054,megawatthours,2026-02-09 19:00:00,1054.0
2026-02-09T18,SE,Southeast,D,Demand,26660,megawatthours,2026-02-09 18:00:00,26660.0
2026-02-09T18,SE,Southeast,DF,Day-ahead demand forecast,26410,megawatthours,2026-02-09 18:00:00,26410.0
2026-02-09T18,SE,Southeast,NG,Net generation,27770,megawatthours,2026-02-09 18:00:00,27770.0
2026-02-09T18,SE,Southeast,TI,Total interchange,1109,megawatthours,2026-02-09 18:00:00,1109.0
2026-02-09T17,SE,Southeast,D,Demand,27666,megawatthours,2026-02-09 17:00:00,27666.0
2026-02-09T17,SE,Southeast,DF,Day-ahead demand forecast,27447,megawatthours,2026-02-09 17:00:00,27447.0
2026-02-09T17,SE,Southeast,NG,Net generation,28855,megawatthours,2026-02-09 17:00:00,28855.0
2026-02-09T17,SE,Southeast,TI,Total interchange,1188,megawatthours,2026-02-09 17:00:00,1188.0
2026-02-09T16,SE,Southeast,D,Demand,28898,megawatthours,2026-02-09 16:00:00,28898.0
2026-02-09T16,SE,Southeast,DF,Day-ahead demand forecast,28682,megawatthours,2026-02-09 16:00:00,28682.0
2026-02-09T16,SE,Southeast,NG,Net generation,30464,megawatthours,2026-02-09 16:00:00,30464.0
2026-02-09T16,SE,Southeast,TI,Total interchange,1578,megawatthours,2026-02-09 16:00:00,1578.0
2026-02-09T15,SE,Southeast,D,Demand,30137,megawatthours,2026-02-09 15:00:00,30137.0
2026-02-09T15,SE,Southeast,DF,Day-ahead demand forecast,29974,megawatthours,2026-02-09 15:00:00,29974.0
2026-02-09T15,SE,Southeast,NG,Net generation,32541,megawatthours,2026-02-09 15:00:00,32541.0
2026-02-09T15,SE,Southeast,TI,Total interchange,2415,megawatthours,2026-02-09 15:00:00,2415.0
2026-02-09T14,SE,Southeast,D,Demand,31297,megawatthours,2026-02-09 14:00:00,31297.0
2026-02-09T14,SE,Southeast,DF,Day-ahead demand forecast,31392,megawatthours,2026-02-09 14:00:00,31392.0
2026-02-09T14,SE,Southeast,NG,Net generation,34003,megawatthours,2026-02-09 14:00:00,34003.0
2026-02-09T14,SE,Southeast,TI,Total interchange,2716,megawatthours,2026-02-09 14:00:00,2716.0
2026-02-09T13,SE,Southeast,D,Demand,31333,megawatthours,2026-02-09 13:00:00,31333.0
2026-02-09T13,SE,Southeast,DF,Day-ahead demand forecast,31455,megawatthours,2026-02-09 13:00:00,31455.0
2026-02-09T13,SE,Southeast,NG,Net generation,33879,megawatthours,2026-02-09 13:00:00,33879.0
2026-02-09T13,SE,Southeast,TI,Total interchange,2551,megawatthours,2026-02-09 13:00:00,2551.0
2026-02-09T12,SE,Southeast,D,Demand,29535,megawatthours,2026-02-09 12:00:00,29535.0
2026-02-09T12,SE,Southeast,DF,Day-ahead demand forecast,29612,megawatthours,2026-02-09 12:00:00,29612.0
2026-02-09T12,SE,Southeast,NG,Net generation,31725,megawatthours,2026-02-09 12:00:00,31725.0
2026-02-09T12,SE,Southeast,TI,Total interchange,2202,megawatthours,2026-02-09 12:00:00,2202.0
2026-02-09T11,SE,Southeast,D,Demand,27029,megawatthours,2026-02-09 11:00:00,27029.0
2026-02-09T11,SE,Southeast,DF,Day-ahead demand forecast,27101,megawatthours,2026-02-09 11:00:00,27101.0
2026-02-09T11,SE,Southeast,NG,Net generation,29017,megawatthours,2026-02-09 11:00:00,29017.0
2026-02-09T11,SE,Southeast,TI,Total interchange,1999,megawatthours,2026-02-09 11:00:00,1999.0
2026-02-09T10,SE,Southeast,D,Demand,25413,megawatthours,2026-02-09 10:00:00,25413.0
2026-02-09T10,SE,Southeast,DF,Day-ahead demand forecast,25494,megawatthours,2026-02-09 10:00:00,25494.0
2026-02-09T10,SE,Southeast,NG,Net generation,26834,megawatthours,2026-02-09 10:00:00,26834.0
2026-02-09T10,SE,Southeast,TI,Total interchange,1339,megawatthours,2026-02-09 10:00:00,1339.0
2026-02-09T09,SE,Southeast,D,Demand,24811,megawatthours,2026-02-09 09:00:00,24811.0
2026-02-09T09,SE,Southeast,DF,Day-ahead demand forecast,24886,megawatthours,2026-02-09 09:00:00,24886.0
2026-02-09T09,SE,Southeast,NG,Net generation,26107,megawatthours,2026-02-09 09:00:00,26107.0
2026-02-09T09,SE,Southeast,TI,Total interchange,1044,megawatthours,2026-02-09 09:00:00,1044.0
2026-02-09T08,SE,Southeast,D,Demand,24557,megawatthours,2026-02-09 08:00:00,24557.0
2026-02-09T08,SE,Southeast,DF,Day-ahead demand forecast,24400,megawatthours,2026-02-09 08:00:00,24400.0
2026-02-09T08,SE,Southeast,NG,Net generation,25913,megawatthours,2026-02-09 08:00:00,25913.0
2026-02-09T08,SE,Southeast,TI,Total interchange,1097,megawatthours,2026-02-09 08:00:00,1097.0
2026-02-09T07,SE,Southeast,D,Demand,24725,megawatthours,2026-02-09 07:00:00,24725.0
2026-02-09T07,SE,Southeast,DF,Day-ahead demand forecast,24544,megawatthours,2026-02-09 07:00:00,24544.0
2026-02-09T07,SE,Southeast,NG,Net generation,25868,megawatthours,2026-02-09 07:00:00,25868.0
2026-02-09T07,SE,Southeast,TI,Total interchange,850,megawatthours,2026-02-09 07:00:00,850.0
2026-02-09T06,SE,Southeast,D,Demand,25141,megawatthours,2026-02-09 06:00:00,25141.0
2026-02-09T06,SE,Southeast,DF,Day-ahead demand forecast,24967,megawatthours,2026-02-09 06:00:00,24967.0
2026-02-09T06,SE,Southeast,NG,Net generation,26137,megawatthours,2026-02-09 06:00:00,26137.0
2026-02-09T06,SE,Southeast,TI,Total interchange,699,megawatthours,2026-02-09 06:00:00,699.0
2026-02-09T05,SE,Southeast,D,Demand,26062,megawatthours,2026-02-09 05:00:00,26062.0
2026-02-09T05,SE,Southeast,DF,Day-ahead demand forecast,25843,megawatthours,2026-02-09 05:00:00,25843.0
2026-02-09T05,SE,Southeast,NG,Net generation,27276,megawatthours,2026-02-09 05:00:00,27276.0
2026-02-09T05,SE,Southeast,TI,Total interchange,960,megawatthours,2026-02-09 05:00:00,960.0
2026-02-09T04,SE,Southeast,D,Demand,26839,megawatthours,2026-02-09 04:00:00,26839.0
2026-02-09T04,SE,Southeast,DF,Day-ahead demand forecast,26648,megawatthours,2026-02-09 04:00:00,26648.0
2026-02-09T04,SE,Southeast,NG,Net generation,28120,megawatthours,2026-02-09 04:00:00,28120.0
2026-02-09T04,SE,Southeast,TI,Total interchange,1038,megawatthours,2026-02-09 04:00:00,1038.0
2026-02-09T03,SE,Southeast,D,Demand,27449,megawatthours,2026-02-09 03:00:00,27449.0
2026-02-09T03,SE,Southeast,DF,Day-ahead demand forecast,27241,megawatthours,2026-02-09 03:00:00,27241.0
2026-02-09T03,SE,Southeast,NG,Net generation,28722,megawatthours,2026-02-09 03:00:00,28722.0
2026-02-09T03,SE,Southeast,TI,Total interchange,1140,megawatthours,2026-02-09 03:00:00,1140.0
2026-02-09T02,SE,Southeast,D,Demand,27514,megawatthours,2026-02-09 02:00:00,27514.0
2026-02-09T02,SE,Southeast,DF,Day-ahead demand forecast,27325,megawatthours,2026-02-09 02:00:00,27325.0
2026-02-09T02,SE,Southeast,NG,Net generation,28974,megawatthours,2026-02-09 02:00:00,28974.0
2026-02-09T02,SE,Southeast,TI,Total interchange,1398,megawatthours,2026-02-09 02:00:00,1398.0
2026-02-09T01,SE,Southeast,D,Demand,27675,megawatthours,2026-02-09 01:00:00,27675.0
2026-02-09T01,SE,Southeast,DF,Day-ahead demand forecast,27515,megawatthours,2026-02-09 01:00:00,27515.0
2026-02-09T01,SE,Southeast,NG,Net generation,29035,megawatthours,2026-02-09 01:00:00,29035.0
2026-02-09T01,SE,Southeast,TI,Total interchange,1350,megawatthours,2026-02-09 01:00:00,1350.0
2026-02-09T00,SE,Southeast,D,Demand,26927,megawatthours,2026-02-09 00:00:00,26927.0
2026-02-09T00,SE,Southeast,DF,Day-ahead demand forecast,26781,megawatthours,2026-02-09 00:00:00,26781.0
2026-02-09T00,SE,Southeast,NG,Net generation,28204,megawatthours,2026-02-09 00:00:00,28204.0
2026-02-09T00,SE,Southeast,TI,Total interchange,1281,megawatthours,2026-02-09 00:00:00,1281.0
2026-02-08T23,SE,Southeast,D,Demand,25692,megawatthours,2026-02-08 23:00:00,25692.0
2026-02-08T23,SE,Southeast,DF,Day-ahead demand forecast,25457,megawatthours,2026-02-08 23:00:00,25457.0
2026-02-08T23,SE,Southeast,NG,Net generation,26973,megawatthours,2026-02-08 23:00:00,26973.0
2026-02-08T23,SE,Southeast,TI,Total interchange,1277,megawatthours,2026-02-08 23:00:00,1277.0
2026-02-08T22,SE,Southeast,D,Demand,24946,megawatthours,2026-02-08 22:00:00,24946.0
2026-02-08T22,SE,Southeast,DF,Day-ahead demand forecast,24673,megawatthours,2026-02-08 22:00:00,24673.0
2026-02-08T22,SE,Southeast,NG,Net generation,26206,megawatthours,2026-02-08 22:00:00,26206.0
2026-02-08T22,SE,Southeast,TI,Total interchange,1260,megawatthours,2026-02-08 22:00:00,1260.0
2026-02-08T21,SE,Southeast,D,Demand,24677,megawatthours,2026-02-08 21:00:00,24677.0
2026-02-08T21,SE,Southeast,DF,Day-ahead demand forecast,24404,megawatthours,2026-02-08 21:00:00,24404.0
2026-02-08T21,SE,Southeast,NG,Net generation,25873,megawatthours,2026-02-08 21:00:00,25873.0
2026-02-08T21,SE,Southeast,TI,Total interchange,1194,megawatthours,2026-02-08 21:00:00,1194.0
2026-02-08T20,SE,Southeast,D,Demand,25180,megawatthours,2026-02-08 20:00:00,25180.0
2026-02-08T20,SE,Southeast,DF,Day-ahead demand forecast,24895,megawatthours,2026-02-08 20:00:00,24895.0
2026-02-08T20,SE,Southeast,NG,Net generation,26297,megawatthours,2026-02-08 20:00:00,26297.0
2026-02-08T20,SE,Southeast,TI,Total interchange,1112,megawatthours,2026-02-08 20:00:00,1112.0
2026-02-08T19,SE,Southeast,D,Demand,26066,megawatthours,2026-02-08 19:00:00,26066.0
2026-02-08T19,SE,Southeast,DF,Day-ahead demand forecast,25762,megawatthours,2026-02-08 19:00:00,25762.0
2026-02-08T19,SE,Southeast,NG,Net generation,26742,megawatthours,2026-02-08 19:00:00,26742.0
2026-02-08T19,SE,Southeast,TI,Total interchange,676,megawatthours,2026-02-08 19:00:00,676.0
2026-02-08T18,SE,Southeast,D,Demand,27144,megawatthours,2026-02-08 18:00:00,27144.0
2026-02-08T18,SE,Southeast,DF,Day-ahead demand forecast,26834,megawatthours,2026-02-08 18:00:00,26834.0
2026-02-08T18,SE,Southeast,NG,Net generation,27568,megawatthours,2026-02-08 18:00:00,27568.0
2026-02-08T18,SE,Southeast,TI,Total interchange,425,megawatthours,2026-02-08 18:00:00,425.0
2026-02-08T17,SE,Southeast,D,Demand,28720,megawatthours,2026-02-08 17:00:00,28720.0
2026-02-08T17,SE,Southeast,DF,Day-ahead demand forecast,28390,megawatthours,2026-02-08 17:00:00,28390.0
2026-02-08T17,SE,Southeast,NG,Net generation,29265,megawatthours,2026-02-08 17:00:00,29265.0
2026-02-08T17,SE,Southeast,TI,Total interchange,555,megawatthours,2026-02-08 17:00:00,555.0
2026-02-08T16,SE,Southeast,D,Demand,30719,megawatthours,2026-02-08 16:00:00,30719.0
2026-02-08T16,SE,Southeast,DF,Day-ahead demand forecast,30434,megawatthours,2026-02-08 16:00:00,30434.0
2026-02-08T16,SE,Southeast,NG,Net generation,31722,megawatthours,2026-02-08 16:00:00,31722.0
2026-02-08T16,SE,Southeast,TI,Total interchange,1016,megawatthours,2026-02-08 16:00:00,1016.0
2026-02-08T15,SE,Southeast,D,Demand,32837,megawatthours,2026-02-08 15:00:00,32837.0
2026-02-08T15,SE,Southeast,DF,Day-ahead demand forecast,32665,megawatthours,2026-02-08 15:00:00,32665.0
2026-02-08T15,SE,Southeast,NG,Net generation,34855,megawatthours,2026-02-08 15:00:00,34855.0
2026-02-08T15,SE,Southeast,TI,Total interchange,2030,megawatthours,2026-02-08 15:00:00,2030.0
2026-02-08T14,SE,Southeast,D,Demand,34487,megawatthours,2026-02-08 14:00:00,34487.0
2026-02-08T14,SE,Southeast,DF,Day-ahead demand forecast,34405,megawatthours,2026-02-08 14:00:00,34405.0
2026-02-08T14,SE,Southeast,NG,Net generation,36519,megawatthours,2026-02-08 14:00:00,36519.0
2026-02-08T14,SE,Southeast,TI,Total interchange,2040,megawatthours,2026-02-08 14:00:00,2040.0
2026-02-08T13,SE,Southeast,D,Demand,33932,megawatthours,2026-02-08 13:00:00,33932.0
2026-02-08T13,SE,Southeast,DF,Day-ahead demand forecast,33901,megawatthours,2026-02-08 13:00:00,33901.0
2026-02-08T13,SE,Southeast,NG,Net generation,35806,megawatthours,2026-02-08 13:00:00,35806.0
2026-02-08T13,SE,Southeast,TI,Total interchange,1885,megawatthours,2026-02-08 13:00:00,1885.0
2026-02-08T12,SE,Southeast,D,Demand,32475,megawatthours,2026-02-08 12:00:00,32475.0
2026-02-08T12,SE,Southeast,DF,Day-ahead demand forecast,32412,megawatthours,2026-02-08 12:00:00,32412.0
2026-02-08T12,SE,Southeast,NG,Net generation,34322,megawatthours,2026-02-08 12:00:00,34322.0
2026-02-08T12,SE,Southeast,TI,Total interchange,1851,megawatthours,2026-02-08 12:00:00,1851.0
2026-02-08T11,SE,Southeast,D,Demand,31190,megawatthours,2026-02-08 11:00:00,31190.0
2026-02-08T11,SE,Southeast,DF,Day-ahead demand forecast,31122,megawatthours,2026-02-08 11:00:00,31122.0
2026-02-08T11,SE,Southeast,NG,Net generation,33142,megawatthours,2026-02-08 11:00:00,33142.0
2026-02-08T11,SE,Southeast,TI,Total interchange,1966,megawatthours,2026-02-08 11:00:00,1966.0
2026-02-08T10,SE,Southeast,D,Demand,30272,megawatthours,2026-02-08 10:00:00,30272.0
2026-02-08T10,SE,Southeast,DF,Day-ahead demand forecast,30219,megawatthours,2026-02-08 10:00:00,30219.0
2026-02-08T10,SE,Southeast,NG,Net generation,32016,megawatthours,2026-02-08 10:00:00,32016.0
2026-02-08T10,SE,Southeast,TI,Total interchange,1753,megawatthours,2026-02-08 10:00:00,1753.0
2026-02-08T09,SE,Southeast,D,Demand,29509,megawatthours,2026-02-08 09:00:00,29509.0
2026-02-08T09,SE,Southeast,DF,Day-ahead demand forecast,29469,megawatthours,2026-02-08 09:00:00,29469.0
2026-02-08T09,SE,Southeast,NG,Net generation,30927,megawatthours,2026-02-08 09:00:00,30927.0
2026-02-08T09,SE,Southeast,TI,Total interchange,1427,megawatthours,2026-02-08 09:00:00,1427.0
2026-02-08T08,SE,Southeast,D,Demand,29012,megawatthours,2026-02-08 08:00:00,29012.0
2026-02-08T08,SE,Southeast,DF,Day-ahead demand forecast,28785,megawatthours,2026-02-08 08:00:00,28785.0
2026-02-08T08,SE,Southeast,NG,Net generation,30527,megawatthours,2026-02-08 08:00:00,30527.0
2026-02-08T08,SE,Southeast,TI,Total interchange,1522,megawatthours,2026-02-08 08:00:00,1522.0
2026-02-08T07,SE,Southeast,D,Demand,28753,megawatthours,2026-02-08 07:00:00,28753.0
2026-02-08T07,SE,Southeast,DF,Day-ahead demand forecast,28499,megawatthours,2026-02-08 07:00:00,28499.0
2026-02-08T07,SE,Southeast,NG,Net generation,30212,megawatthours,2026-02-08 07:00:00,30212.0
2026-02-08T07,SE,Southeast,TI,Total interchange,1467,megawatthours,2026-02-08 07:00:00,1467.0
2026-02-08T06,SE,Southeast,D,Demand,28539,megawatthours,2026-02-08 06:00:00,28539.0
2026-02-08T06,SE,Southeast,DF,Day-ahead demand forecast,28549,megawatthours,2026-02-08 06:00:00,28549.0
2026-02-08T06,SE,Southeast,NG,Net generation,29582,megawatthours,2026-02-08 06:00:00,29582.0
2026-02-08T06,SE,Southeast,TI,Total interchange,1048,megawatthours,2026-02-08 06:00:00,1048.0
2026-02-08T05,SE,Southeast,D,Demand,28717,megawatthours,2026-02-08 05:00:00,28717.0
2026-02-08T05,SE,Southeast,DF,Day-ahead demand forecast,28467,megawatthours,2026-02-08 05:00:00,28467.0
2026-02-08T05,SE,Southeast,NG,Net generation,29816,megawatthours,2026-02-08 05:00:00,29816.0
2026-02-08T05,SE,Southeast,TI,Total interchange,1108,megawatthours,2026-02-08 05:00:00,1108.0
2026-02-08T04,SE,Southeast,D,Demand,28918,megawatthours,2026-02-08 04:00:00,28918.0
2026-02-08T04,SE,Southeast,DF,Day-ahead demand forecast,28681,megawatthours,2026-02-08 04:00:00,28681.0
2026-02-08T04,SE,Southeast,NG,Net generation,30097,megawatthours,2026-02-08 04:00:00,30097.0
2026-02-08T04,SE,Southeast,TI,Total interchange,1185,megawatthours,2026-02-08 04:00:00,1185.0
2026-02-08T03,SE,Southeast,D,Demand,28933,megawatthours,2026-02-08 03:00:00,28933.0
2026-02-08T03,SE,Southeast,DF,Day-ahead demand forecast,28717,megawatthours,2026-02-08 03:00:00,28717.0
2026-02-08T03,SE,Southeast,NG,Net generation,30619,megawatthours,2026-02-08 03:00:00,30619.0
2026-02-08T03,SE,Southeast,TI,Total interchange,1691,megawatthours,2026-02-08 03:00:00,1691.0
2026-02-08T02,SE,Southeast,D,Demand,28629,megawatthours,2026-02-08 02:00:00,28629.0
2026-02-08T02,SE,Southeast,DF,Day-ahead demand forecast,28394,megawatthours,2026-02-08 02:00:00,28394.0
2026-02-08T02,SE,Southeast,NG,Net generation,30393,megawatthours,2026-02-08 02:00:00,30393.0
2026-02-08T02,SE,Southeast,TI,Total interchange,1776,megawatthours,2026-02-08 02:00:00,1776.0
2026-02-08T01,SE,Southeast,D,Demand,28081,megawatthours,2026-02-08 01:00:00,28081.0
2026-02-08T01,SE,Southeast,DF,Day-ahead demand forecast,27929,megawatthours,2026-02-08 01:00:00,27929.0
2026-02-08T01,SE,Southeast,NG,Net generation,29931,megawatthours,2026-02-08 01:00:00,29931.0
2026-02-08T01,SE,Southeast,TI,Total interchange,1851,megawatthours,2026-02-08 01:00:00,1851.0
2026-02-08T00,SE,Southeast,D,Demand,26977,megawatthours,2026-02-08 00:00:00,26977.0
2026-02-08T00,SE,Southeast,DF,Day-ahead demand forecast,26825,megawatthours,2026-02-08 00:00:00,26825.0
2026-02-08T00,SE,Southeast,NG,Net generation,28504,megawatthours,2026-02-08 00:00:00,28504.0
2026-02-08T00,SE,Southeast,TI,Total interchange,1528,megawatthours,2026-02-08 00:00:00,1528.0
2026-02-07T23,SE,Southeast,D,Demand,25494,megawatthours,2026-02-07 23:00:00,25494.0
2026-02-07T23,SE,Southeast,DF,Day-ahead demand forecast,25257,megawatthours,2026-02-07 23:00:00,25257.0
2026-02-07T23,SE,Southeast,NG,Net generation,27860,megawatthours,2026-02-07 23:00:00,27860.0
2026-02-07T23,SE,Southeast,TI,Total interchange,2365,megawatthours,2026-02-07 23:00:00,2365.0
2026-02-07T22,SE,Southeast,D,Demand,24649,megawatthours,2026-02-07 22:00:00,24649.0
2026-02-07T22,SE,Southeast,DF,Day-ahead demand forecast,24391,megawatthours,2026-02-07 22:00:00,24391.0
2026-02-07T22,SE,Southeast,NG,Net generation,26553,megawatthours,2026-02-07 22:00:00,26553.0
2026-02-07T22,SE,Southeast,TI,Total interchange,1903,megawatthours,2026-02-07 22:00:00,1903.0
2026-02-07T21,SE,Southeast,D,Demand,24688,megawatthours,2026-02-07 21:00:00,24688.0
2026-02-07T21,SE,Southeast,DF,Day-ahead demand forecast,24402,megawatthours,2026-02-07 21:00:00,24402.0
2026-02-07T21,SE,Southeast,NG,Net generation,26537,megawatthours,2026-02-07 21:00:00,26537.0
2026-02-07T21,SE,Southeast,TI,Total interchange,1848,megawatthours,2026-02-07 21:00:00,1848.0
2026-02-07T20,SE,Southeast,D,Demand,25336,megawatthours,2026-02-07 20:00:00,25336.0
2026-02-07T20,SE,Southeast,DF,Day-ahead demand forecast,25050,megawatthours,2026-02-07 20:00:00,25050.0
2026-02-07T20,SE,Southeast,NG,Net generation,27001,megawatthours,2026-02-07 20:00:00,27001.0
2026-02-07T20,SE,Southeast,TI,Total interchange,1661,megawatthours,2026-02-07 20:00:00,1661.0
2026-02-07T19,SE,Southeast,D,Demand,26088,megawatthours,2026-02-07 19:00:00,26088.0
2026-02-07T19,SE,Southeast,DF,Day-ahead demand forecast,25806,megawatthours,2026-02-07 19:00:00,25806.0
2026-02-07T19,SE,Southeast,NG,Net generation,27850,megawatthours,2026-02-07 19:00:00,27850.0
2026-02-07T19,SE,Southeast,TI,Total interchange,1761,megawatthours,2026-02-07 19:00:00,1761.0
2026-02-07T18,SE,Southeast,D,Demand,27273,megawatthours,2026-02-07 18:00:00,27273.0
2026-02-07T18,SE,Southeast,DF,Day-ahead demand forecast,26959,megawatthours,2026-02-07 18:00:00,26959.0
2026-02-07T18,SE,Southeast,NG,Net generation,28826,megawatthours,2026-02-07 18:00:00,28826.0
2026-02-07T18,SE,Southeast,TI,Total interchange,1553,megawatthours,2026-02-07 18:00:00,1553.0
2026-02-07T17,SE,Southeast,D,Demand,28563,megawatthours,2026-02-07 17:00:00,28563.0
2026-02-07T17,SE,Southeast,DF,Day-ahead demand forecast,28249,megawatthours,2026-02-07 17:00:00,28249.0
2026-02-07T17,SE,Southeast,NG,Net generation,29986,megawatthours,2026-02-07 17:00:00,29986.0
2026-02-07T17,SE,Southeast,TI,Total interchange,1424,megawatthours,2026-02-07 17:00:00,1424.0
2026-02-07T16,SE,Southeast,D,Demand,29649,megawatthours,2026-02-07 16:00:00,29649.0
2026-02-07T16,SE,Southeast,DF,Day-ahead demand forecast,29332,megawatthours,2026-02-07 16:00:00,29332.0
2026-02-07T16,SE,Southeast,NG,Net generation,31939,megawatthours,2026-02-07 16:00:00,31939.0
2026-02-07T16,SE,Southeast,TI,Total interchange,2292,megawatthours,2026-02-07 16:00:00,2292.0
2026-02-07T15,SE,Southeast,D,Demand,30600,megawatthours,2026-02-07 15:00:00,30600.0
2026-02-07T15,SE,Southeast,DF,Day-ahead demand forecast,30471,megawatthours,2026-02-07 15:00:00,30471.0
2026-02-07T15,SE,Southeast,NG,Net generation,33358,megawatthours,2026-02-07 15:00:00,33358.0
2026-02-07T15,SE,Southeast,TI,Total interchange,2762,megawatthours,2026-02-07 15:00:00,2762.0
2026-02-07T14,SE,Southeast,D,Demand,31008,megawatthours,2026-02-07 14:00:00,31008.0
2026-02-07T14,SE,Southeast,DF,Day-ahead demand forecast,30946,megawatthours,2026-02-07 14:00:00,30946.0
2026-02-07T14,SE,Southeast,NG,Net generation,33951,megawatthours,2026-02-07 14:00:00,33951.0
2026-02-07T14,SE,Southeast,TI,Total interchange,2957,megawatthours,2026-02-07 14:00:00,2957.0
2026-02-07T13,SE,Southeast,D,Demand,30093,megawatthours,2026-02-07 13:00:00,30093.0
2026-02-07T13,SE,Southeast,DF,Day-ahead demand forecast,30055,megawatthours,2026-02-07 13:00:00,30055.0
2026-02-07T13,SE,Southeast,NG,Net generation,33061,megawatthours,2026-02-07 13:00:00,33061.0
2026-02-07T13,SE,Southeast,TI,Total interchange,2963,megawatthours,2026-02-07 13:00:00,2963.0
2026-02-07T12,SE,Southeast,D,Demand,28583,megawatthours,2026-02-07 12:00:00,28583.0
2026-02-07T12,SE,Southeast,DF,Day-ahead demand forecast,28556,megawatthours,2026-02-07 12:00:00,28556.0
2026-02-07T12,SE,Southeast,NG,Net generation,31366,megawatthours,2026-02-07 12:00:00,31366.0
2026-02-07T12,SE,Southeast,TI,Total interchange,2790,megawatthours,2026-02-07 12:00:00,2790.0
2026-02-07T11,SE,Southeast,D,Demand,27205,megawatthours,2026-02-07 11:00:00,27205.0
2026-02-07T11,SE,Southeast,DF,Day-ahead demand forecast,27187,megawatthours,2026-02-07 11:00:00,27187.0
2026-02-07T11,SE,Southeast,NG,Net generation,29587,megawatthours,2026-02-07 11:00:00,29587.0
2026-02-07T11,SE,Southeast,TI,Total interchange,2389,megawatthours,2026-02-07 11:00:00,2389.0
2026-02-07T10,SE,Southeast,D,Demand,26215,megawatthours,2026-02-07 10:00:00,26215.0
2026-02-07T10,SE,Southeast,DF,Day-ahead demand forecast,26172,megawatthours,2026-02-07 10:00:00,26172.0
2026-02-07T10,SE,Southeast,NG,Net generation,28510,megawatthours,2026-02-07 10:00:00,28510.0
2026-02-07T10,SE,Southeast,TI,Total interchange,2045,megawatthours,2026-02-07 10:00:00,2045.0
2026-02-07T09,SE,Southeast,D,Demand,25605,megawatthours,2026-02-07 09:00:00,25605.0
2026-02-07T09,SE,Southeast,DF,Day-ahead demand forecast,25579,megawatthours,2026-02-07 09:00:00,25579.0
2026-02-07T09,SE,Southeast,NG,Net generation,27952,megawatthours,2026-02-07 09:00:00,27952.0
2026-02-07T09,SE,Southeast,TI,Total interchange,2055,megawatthours,2026-02-07 09:00:00,2055.0
2026-02-07T08,SE,Southeast,D,Demand,25315,megawatthours,2026-02-07 08:00:00,25315.0
2026-02-07T08,SE,Southeast,DF,Day-ahead demand forecast,25118,megawatthours,2026-02-07 08:00:00,25118.0
2026-02-07T08,SE,Southeast,NG,Net generation,27377,megawatthours,2026-02-07 08:00:00,27377.0
2026-02-07T08,SE,Southeast,TI,Total interchange,1767,megawatthours,2026-02-07 08:00:00,1767.0
2026-02-07T07,SE,Southeast,D,Demand,25351,megawatthours,2026-02-07 07:00:00,25351.0
2026-02-07T07,SE,Southeast,DF,Day-ahead demand forecast,25126,megawatthours,2026-02-07 07:00:00,25126.0
2026-02-07T07,SE,Southeast,NG,Net generation,27178,megawatthours,2026-02-07 07:00:00,27178.0
2026-02-07T07,SE,Southeast,TI,Total interchange,1533,megawatthours,2026-02-07 07:00:00,1533.0
2026-02-07T06,SE,Southeast,D,Demand,25648,megawatthours,2026-02-07 06:00:00,25648.0
2026-02-07T06,SE,Southeast,DF,Day-ahead demand forecast,25468,megawatthours,2026-02-07 06:00:00,25468.0
2026-02-07T06,SE,Southeast,NG,Net generation,27124,megawatthours,2026-02-07 06:00:00,27124.0
2026-02-07T06,SE,Southeast,TI,Total interchange,1179,megawatthours,2026-02-07 06:00:00,1179.0
2026-02-07T05,SE,Southeast,D,Demand,26353,megawatthours,2026-02-07 05:00:00,26353.0
2026-02-07T05,SE,Southeast,DF,Day-ahead demand forecast,26154,megawatthours,2026-02-07 05:00:00,26154.0
2026-02-07T05,SE,Southeast,NG,Net generation,28619,megawatthours,2026-02-07 05:00:00,28619.0
2026-02-07T05,SE,Southeast,TI,Total interchange,1972,megawatthours,2026-02-07 05:00:00,1972.0
2026-02-07T04,SE,Southeast,D,Demand,27025,megawatthours,2026-02-07 04:00:00,27025.0
2026-02-07T04,SE,Southeast,DF,Day-ahead demand forecast,26838,megawatthours,2026-02-07 04:00:00,26838.0
2026-02-07T04,SE,Southeast,NG,Net generation,29407,megawatthours,2026-02-07 04:00:00,29407.0
2026-02-07T04,SE,Southeast,TI,Total interchange,2089,megawatthours,2026-02-07 04:00:00,2089.0
2026-02-07T03,SE,Southeast,D,Demand,27513,megawatthours,2026-02-07 03:00:00,27513.0
2026-02-07T03,SE,Southeast,DF,Day-ahead demand forecast,27341,megawatthours,2026-02-07 03:00:00,27341.0
2026-02-07T03,SE,Southeast,NG,Net generation,30122,megawatthours,2026-02-07 03:00:00,30122.0
2026-02-07T03,SE,Southeast,TI,Total interchange,2316,megawatthours,2026-02-07 03:00:00,2316.0
2026-02-07T02,SE,Southeast,D,Demand,27985,megawatthours,2026-02-07 02:00:00,27985.0
2026-02-07T02,SE,Southeast,DF,Day-ahead demand forecast,27838,megawatthours,2026-02-07 02:00:00,27838.0
2026-02-07T02,SE,Southeast,NG,Net generation,30621,megawatthours,2026-02-07 02:00:00,30621.0
2026-02-07T02,SE,Southeast,TI,Total interchange,2626,megawatthours,2026-02-07 02:00:00,2626.0
2026-02-07T01,SE,Southeast,D,Demand,27874,megawatthours,2026-02-07 01:00:00,27874.0
2026-02-07T01,SE,Southeast,DF,Day-ahead demand forecast,27705,megawatthours,2026-02-07 01:00:00,27705.0
2026-02-07T01,SE,Southeast,NG,Net generation,30539,megawatthours,2026-02-07 01:00:00,30539.0
2026-02-07T01,SE,Southeast,TI,Total interchange,2662,megawatthours,2026-02-07 01:00:00,2662.0
2026-02-07T00,SE,Southeast,D,Demand,27104,megawatthours,2026-02-07 00:00:00,27104.0
2026-02-07T00,SE,Southeast,DF,Day-ahead demand forecast,26942,megawatthours,2026-02-07 00:00:00,26942.0
2026-02-07T00,SE,Southeast,NG,Net generation,29681,megawatthours,2026-02-07 00:00:00,29681.0
2026-02-07T00,SE,Southeast,TI,Total interchange,2573,megawatthours,2026-02-07 00:00:00,2573.0
2026-02-06T23,SE,Southeast,D,Demand,26234,megawatthours,2026-02-06 23:00:00,26234.0
2026-02-06T23,SE,Southeast,DF,Day-ahead demand forecast,26019,megawatthours,2026-02-06 23:00:00,26019.0
2026-02-06T23,SE,Southeast,NG,Net generation,28605,megawatthours,2026-02-06 23:00:00,28605.0
2026-02-06T23,SE,Southeast,TI,Total interchange,2370,megawatthours,2026-02-06 23:00:00,2370.0
2026-02-06T22,SE,Southeast,D,Demand,25805,megawatthours,2026-02-06 22:00:00,25805.0
2026-02-06T22,SE,Southeast,DF,Day-ahead demand forecast,25550,megawatthours,2026-02-06 22:00:00,25550.0
2026-02-06T22,SE,Southeast,NG,Net generation,27802,megawatthours,2026-02-06 22:00:00,27802.0
2026-02-06T22,SE,Southeast,TI,Total interchange,1996,megawatthours,2026-02-06 22:00:00,1996.0
2026-02-06T21,SE,Southeast,D,Demand,25988,megawatthours,2026-02-06 21:00:00,25988.0
2026-02-06T21,SE,Southeast,DF,Day-ahead demand forecast,25710,megawatthours,2026-02-06 21:00:00,25710.0
2026-02-06T21,SE,Southeast,NG,Net generation,27985,megawatthours,2026-02-06 21:00:00,27985.0
2026-02-06T21,SE,Southeast,TI,Total interchange,1993,megawatthours,2026-02-06 21:00:00,1993.0
2026-02-06T20,SE,Southeast,D,Demand,26881,megawatthours,2026-02-06 20:00:00,26881.0
2026-02-06T20,SE,Southeast,DF,Day-ahead demand forecast,26580,megawatthours,2026-02-06 20:00:00,26580.0
2026-02-06T20,SE,Southeast,NG,Net generation,28604,megawatthours,2026-02-06 20:00:00,28604.0
2026-02-06T20,SE,Southeast,TI,Total interchange,1723,megawatthours,2026-02-06 20:00:00,1723.0
2026-02-06T19,SE,Southeast,D,Demand,28055,megawatthours,2026-02-06 19:00:00,28055.0
2026-02-06T19,SE,Southeast,DF,Day-ahead demand forecast,27753,megawatthours,2026-02-06 19:00:00,27753.0
2026-02-06T19,SE,Southeast,NG,Net generation,30337,megawatthours,2026-02-06 19:00:00,30337.0
2026-02-06T19,SE,Southeast,TI,Total interchange,2279,megawatthours,2026-02-06 19:00:00,2279.0
2026-02-06T18,SE,Southeast,D,Demand,29382,megawatthours,2026-02-06 18:00:00,29382.0
2026-02-06T18,SE,Southeast,DF,Day-ahead demand forecast,29055,megawatthours,2026-02-06 18:00:00,29055.0
2026-02-06T18,SE,Southeast,NG,Net generation,31052,megawatthours,2026-02-06 18:00:00,31052.0
2026-02-06T18,SE,Southeast,TI,Total interchange,1669,megawatthours,2026-02-06 18:00:00,1669.0
2026-02-06T17,SE,Southeast,D,Demand,31223,megawatthours,2026-02-06 17:00:00,31223.0
2026-02-06T17,SE,Southeast,DF,Day-ahead demand forecast,30902,megawatthours,2026-02-06 17:00:00,30902.0
2026-02-06T17,SE,Southeast,NG,Net generation,33167,megawatthours,2026-02-06 17:00:00,33167.0
2026-02-06T17,SE,Southeast,TI,Total interchange,1945,megawatthours,2026-02-06 17:00:00,1945.0
2026-02-06T16,SE,Southeast,D,Demand,33464,megawatthours,2026-02-06 16:00:00,33464.0
2026-02-06T16,SE,Southeast,DF,Day-ahead demand forecast,33193,megawatthours,2026-02-06 16:00:00,33193.0
2026-02-06T16,SE,Southeast,NG,Net generation,35364,megawatthours,2026-02-06 16:00:00,35364.0
2026-02-06T16,SE,Southeast,TI,Total interchange,1900,megawatthours,2026-02-06 16:00:00,1900.0
2026-02-06T15,SE,Southeast,D,Demand,35994,megawatthours,2026-02-06 15:00:00,35994.0
2026-02-06T15,SE,Southeast,DF,Day-ahead demand forecast,35706,megawatthours,2026-02-06 15:00:00,35706.0
2026-02-06T15,SE,Southeast,NG,Net generation,38001,megawatthours,2026-02-06 15:00:00,38001.0
2026-02-06T15,SE,Southeast,TI,Total interchange,2015,megawatthours,2026-02-06 15:00:00,2015.0
2026-02-06T14,SE,Southeast,D,Demand,38581,megawatthours,2026-02-06 14:00:00,38581.0
2026-02-06T14,SE,Southeast,DF,Day-ahead demand forecast,38240,megawatthours,2026-02-06 14:00:00,38240.0
2026-02-06T14,SE,Southeast,NG,Net generation,40775,megawatthours,2026-02-06 14:00:00,40775.0
2026-02-06T14,SE,Southeast,TI,Total interchange,2203,megawatthours,2026-02-06 14:00:00,2203.0
2026-02-06T13,SE,Southeast,D,Demand,39422,megawatthours,2026-02-06 13:00:00,39422.0
2026-02-06T13,SE,Southeast,DF,Day-ahead demand forecast,39108,megawatthours,2026-02-06 13:00:00,39108.0
2026-02-06T13,SE,Southeast,NG,Net generation,41399,megawatthours,2026-02-06 13:00:00,41399.0
2026-02-06T13,SE,Southeast,TI,Total interchange,1976,megawatthours,2026-02-06 13:00:00,1976.0
2026-02-06T12,SE,Southeast,D,Demand,38034,megawatthours,2026-02-06 12:00:00,38034.0
2026-02-06T12,SE,Southeast,DF,Day-ahead demand forecast,37719,megawatthours,2026-02-06 12:00:00,37719.0
2026-02-06T12,SE,Southeast,NG,Net generation,40111,megawatthours,2026-02-06 12:00:00,40111.0
2026-02-06T12,SE,Southeast,TI,Total interchange,2080,megawatthours,2026-02-06 12:00:00,2080.0
2026-02-06T11,SE,Southeast,D,Demand,35615,megawatthours,2026-02-06 11:00:00,35615.0
2026-02-06T11,SE,Southeast,DF,Day-ahead demand forecast,35308,megawatthours,2026-02-06 11:00:00,35308.0
2026-02-06T11,SE,Southeast,NG,Net generation,37645,megawatthours,2026-02-06 11:00:00,37645.0
2026-02-06T11,SE,Southeast,TI,Total interchange,2035,megawatthours,2026-02-06 11:00:00,2035.0
2026-02-06T10,SE,Southeast,D,Demand,34030,megawatthours,2026-02-06 10:00:00,34030.0
2026-02-06T10,SE,Southeast,DF,Day-ahead demand forecast,33726,megawatthours,2026-02-06 10:00:00,33726.0
2026-02-06T10,SE,Southeast,NG,Net generation,35832,megawatthours,2026-02-06 10:00:00,35832.0
2026-02-06T10,SE,Southeast,TI,Total interchange,1800,megawatthours,2026-02-06 10:00:00,1800.0
2026-02-06T09,SE,Southeast,D,Demand,33397,megawatthours,2026-02-06 09:00:00,33397.0
2026-02-06T09,SE,Southeast,DF,Day-ahead demand forecast,33022,megawatthours,2026-02-06 09:00:00,33022.0
2026-02-06T09,SE,Southeast,NG,Net generation,35226,megawatthours,2026-02-06 09:00:00,35226.0
2026-02-06T09,SE,Southeast,TI,Total interchange,1826,megawatthours,2026-02-06 09:00:00,1826.0
2026-02-06T08,SE,Southeast,D,Demand,33082,megawatthours,2026-02-06 08:00:00,33082.0
2026-02-06T08,SE,Southeast,DF,Day-ahead demand forecast,32735,megawatthours,2026-02-06 08:00:00,32735.0
2026-02-06T08,SE,Southeast,NG,Net generation,34860,megawatthours,2026-02-06 08:00:00,34860.0
2026-02-06T08,SE,Southeast,TI,Total interchange,1483,megawatthours,2026-02-06 08:00:00,1483.0
2026-02-06T07,SE,Southeast,D,Demand,32873,megawatthours,2026-02-06 07:00:00,32873.0
2026-02-06T07,SE,Southeast,DF,Day-ahead demand forecast,32572,megawatthours,2026-02-06 07:00:00,32572.0
2026-02-06T07,SE,Southeast,NG,Net generation,34654,megawatthours,2026-02-06 07:00:00,34654.0
2026-02-06T07,SE,Southeast,TI,Total interchange,1488,megawatthours,2026-02-06 07:00:00,1488.0
2026-02-06T06,SE,Southeast,D,Demand,32966,megawatthours,2026-02-06 06:00:00,32966.0
2026-02-06T06,SE,Southeast,DF,Day-ahead demand forecast,32687,megawatthours,2026-02-06 06:00:00,32687.0
2026-02-06T06,SE,Southeast,NG,Net generation,34531,megawatthours,2026-02-06 06:00:00,34531.0
2026-02-06T06,SE,Southeast,TI,Total interchange,1305,megawatthours,2026-02-06 06:00:00,1305.0
2026-02-06T05,SE,Southeast,D,Demand,33241,megawatthours,2026-02-06 05:00:00,33241.0
2026-02-06T05,SE,Southeast,DF,Day-ahead demand forecast,32960,megawatthours,2026-02-06 05:00:00,32960.0
2026-02-06T05,SE,Southeast,NG,Net generation,34564,megawatthours,2026-02-06 05:00:00,34564.0
2026-02-06T05,SE,Southeast,TI,Total interchange,1067,megawatthours,2026-02-06 05:00:00,1067.0
2026-02-06T04,SE,Southeast,D,Demand,34086,megawatthours,2026-02-06 04:00:00,34086.0
2026-02-06T04,SE,Southeast,DF,Day-ahead demand forecast,33818,megawatthours,2026-02-06 04:00:00,33818.0
2026-02-06T04,SE,Southeast,NG,Net generation,35579,megawatthours,2026-02-06 04:00:00,35579.0
2026-02-06T04,SE,Southeast,TI,Total interchange,1266,megawatthours,2026-02-06 04:00:00,1266.0
2026-02-06T03,SE,Southeast,D,Demand,34976,megawatthours,2026-02-06 03:00:00,34976.0
2026-02-06T03,SE,Southeast,DF,Day-ahead demand forecast,34685,megawatthours,2026-02-06 03:00:00,34685.0
2026-02-06T03,SE,Southeast,NG,Net generation,36342,megawatthours,2026-02-06 03:00:00,36342.0
2026-02-06T03,SE,Southeast,TI,Total interchange,1141,megawatthours,2026-02-06 03:00:00,1141.0
2026-02-06T02,SE,Southeast,D,Demand,35221,megawatthours,2026-02-06 02:00:00,35221.0
2026-02-06T02,SE,Southeast,DF,Day-ahead demand forecast,34868,megawatthours,2026-02-06 02:00:00,34868.0
2026-02-06T02,SE,Southeast,NG,Net generation,36479,megawatthours,2026-02-06 02:00:00,36479.0
2026-02-06T02,SE,Southeast,TI,Total interchange,1249,megawatthours,2026-02-06 02:00:00,1249.0
2026-02-06T01,SE,Southeast,D,Demand,34903,megawatthours,2026-02-06 01:00:00,34903.0
2026-02-06T01,SE,Southeast,DF,Day-ahead demand forecast,34588,megawatthours,2026-02-06 01:00:00,34588.0
2026-02-06T01,SE,Southeast,NG,Net generation,36293,megawatthours,2026-02-06 01:00:00,36293.0
2026-02-06T01,SE,Southeast,TI,Total interchange,1387,megawatthours,2026-02-06 01:00:00,1387.0
2026-02-06T00,SE,Southeast,D,Demand,33694,megawatthours,2026-02-06 00:00:00,33694.0
2026-02-06T00,SE,Southeast,DF,Day-ahead demand forecast,33452,megawatthours,2026-02-06 00:00:00,33452.0
2026-02-06T00,SE,Southeast,NG,Net generation,34966,megawatthours,2026-02-06 00:00:00,34966.0
2026-02-06T00,SE,Southeast,TI,Total interchange,1269,megawatthours,2026-02-06 00:00:00,1269.0
2026-02-05T23,SE,Southeast,D,Demand,31764,megawatthours,2026-02-05 23:00:00,31764.0
2026-02-05T23,SE,Southeast,DF,Day-ahead demand forecast,31537,megawatthours,2026-02-05 23:00:00,31537.0
2026-02-05T23,SE,Southeast,NG,Net generation,33213,megawatthours,2026-02-05 23:00:00,33213.0
2026-02-05T23,SE,Southeast,TI,Total interchange,1448,megawatthours,2026-02-05 23:00:00,1448.0
2026-02-05T22,SE,Southeast,D,Demand,30877,megawatthours,2026-02-05 22:00:00,30877.0
2026-02-05T22,SE,Southeast,DF,Day-ahead demand forecast,30648,megawatthours,2026-02-05 22:00:00,30648.0
2026-02-05T22,SE,Southeast,NG,Net generation,31733,megawatthours,2026-02-05 22:00:00,31733.0
2026-02-05T22,SE,Southeast,TI,Total interchange,851,megawatthours,2026-02-05 22:00:00,851.0
2026-02-05T21,SE,Southeast,D,Demand,31132,megawatthours,2026-02-05 21:00:00,31132.0
2026-02-05T21,SE,Southeast,DF,Day-ahead demand forecast,30897,megawatthours,2026-02-05 21:00:00,30897.0
2026-02-05T21,SE,Southeast,NG,Net generation,32152,megawatthours,2026-02-05 21:00:00,32152.0
2026-02-05T21,SE,Southeast,TI,Total interchange,1021,megawatthours,2026-02-05 21:00:00,1021.0
2026-02-05T20,SE,Southeast,D,Demand,31788,megawatthours,2026-02-05 20:00:00,31788.0
2026-02-05T20,SE,Southeast,DF,Day-ahead demand forecast,31580,megawatthours,2026-02-05 20:00:00,31580.0
2026-02-05T20,SE,Southeast,NG,Net generation,32604,megawatthours,2026-02-05 20:00:00,32604.0
2026-02-05T20,SE,Southeast,TI,Total interchange,813,megawatthours,2026-02-05 20:00:00,813.0
2026-02-05T19,SE,Southeast,D,Demand,32850,megawatthours,2026-02-05 19:00:00,32850.0
2026-02-05T19,SE,Southeast,DF,Day-ahead demand forecast,32643,megawatthours,2026-02-05 19:00:00,32643.0
2026-02-05T19,SE,Southeast,NG,Net generation,33762,megawatthours,2026-02-05 19:00:00,33762.0
2026-02-05T19,SE,Southeast,TI,Total interchange,911,megawatthours,2026-02-05 19:00:00,911.0
2026-02-05T18,SE,Southeast,D,Demand,34189,megawatthours,2026-02-05 18:00:00,34189.0
2026-02-05T18,SE,Southeast,DF,Day-ahead demand forecast,33947,megawatthours,2026-02-05 18:00:00,33947.0
2026-02-05T18,SE,Southeast,NG,Net generation,34893,megawatthours,2026-02-05 18:00:00,34893.0
2026-02-05T18,SE,Southeast,TI,Total interchange,705,megawatthours,2026-02-05 18:00:00,705.0
2026-02-05T17,SE,Southeast,D,Demand,35339,megawatthours,2026-02-05 17:00:00,35339.0
2026-02-05T17,SE,Southeast,DF,Day-ahead demand forecast,35080,megawatthours,2026-02-05 17:00:00,35080.0
2026-02-05T17,SE,Southeast,NG,Net generation,36150,megawatthours,2026-02-05 17:00:00,36150.0
2026-02-05T17,SE,Southeast,TI,Total interchange,809,megawatthours,2026-02-05 17:00:00,809.0
2026-02-05T16,SE,Southeast,D,Demand,36255,megawatthours,2026-02-05 16:00:00,36255.0
2026-02-05T16,SE,Southeast,DF,Day-ahead demand forecast,35989,megawatthours,2026-02-05 16:00:00,35989.0
2026-02-05T16,SE,Southeast,NG,Net generation,37162,megawatthours,2026-02-05 16:00:00,37162.0
2026-02-05T16,SE,Southeast,TI,Total interchange,902,megawatthours,2026-02-05 16:00:00,902.0
2026-02-05T15,SE,Southeast,D,Demand,36871,megawatthours,2026-02-05 15:00:00,36871.0
2026-02-05T15,SE,Southeast,DF,Day-ahead demand forecast,36624,megawatthours,2026-02-05 15:00:00,36624.0
2026-02-05T15,SE,Southeast,NG,Net generation,39138,megawatthours,2026-02-05 15:00:00,39138.0
2026-02-05T15,SE,Southeast,TI,Total interchange,2266,megawatthours,2026-02-05 15:00:00,2266.0
2026-02-05T14,SE,Southeast,D,Demand,36861,megawatthours,2026-02-05 14:00:00,36861.0
2026-02-05T14,SE,Southeast,DF,Day-ahead demand forecast,36520,megawatthours,2026-02-05 14:00:00,36520.0
2026-02-05T14,SE,Southeast,NG,Net generation,38749,megawatthours,2026-02-05 14:00:00,38749.0
2026-02-05T14,SE,Southeast,TI,Total interchange,1886,megawatthours,2026-02-05 14:00:00,1886.0
2026-02-05T13,SE,Southeast,D,Demand,36375,megawatthours,2026-02-05 13:00:00,36375.0
2026-02-05T13,SE,Southeast,DF,Day-ahead demand forecast,36022,megawatthours,2026-02-05 13:00:00,36022.0
2026-02-05T13,SE,Southeast,NG,Net generation,38029,megawatthours,2026-02-05 13:00:00,38029.0
2026-02-05T13,SE,Southeast,TI,Total interchange,1650,megawatthours,2026-02-05 13:00:00,1650.0
2026-02-05T12,SE,Southeast,D,Demand,34477,megawatthours,2026-02-05 12:00:00,34477.0
2026-02-05T12,SE,Southeast,DF,Day-ahead demand forecast,34107,megawatthours,2026-02-05 12:00:00,34107.0
2026-02-05T12,SE,Southeast,NG,Net generation,35951,megawatthours,2026-02-05 12:00:00,35951.0
2026-02-05T12,SE,Southeast,TI,Total interchange,1472,megawatthours,2026-02-05 12:00:00,1472.0
2026-02-05T11,SE,Southeast,D,Demand,31854,megawatthours,2026-02-05 11:00:00,31854.0
2026-02-05T11,SE,Southeast,DF,Day-ahead demand forecast,31539,megawatthours,2026-02-05 11:00:00,31539.0
2026-02-05T11,SE,Southeast,NG,Net generation,33617,megawatthours,2026-02-05 11:00:00,33617.0
2026-02-05T11,SE,Southeast,TI,Total interchange,1751,megawatthours,2026-02-05 11:00:00,1751.0
2026-02-05T10,SE,Southeast,D,Demand,30151,megawatthours,2026-02-05 10:00:00,30151.0
2026-02-05T10,SE,Southeast,DF,Day-ahead demand forecast,29765,megawatthours,2026-02-05 10:00:00,29765.0
2026-02-05T10,SE,Southeast,NG,Net generation,32141,megawatthours,2026-02-05 10:00:00,32141.0
2026-02-05T10,SE,Southeast,TI,Total interchange,1988,megawatthours,2026-02-05 10:00:00,1988.0
2026-02-05T09,SE,Southeast,D,Demand,29153,megawatthours,2026-02-05 09:00:00,29153.0
2026-02-05T09,SE,Southeast,DF,Day-ahead demand forecast,28824,megawatthours,2026-02-05 09:00:00,28824.0
2026-02-05T09,SE,Southeast,NG,Net generation,31715,megawatthours,2026-02-05 09:00:00,31715.0
2026-02-05T09,SE,Southeast,TI,Total interchange,2557,megawatthours,2026-02-05 09:00:00,2557.0
2026-02-05T08,SE,Southeast,D,Demand,28700,megawatthours,2026-02-05 08:00:00,28700.0
2026-02-05T08,SE,Southeast,DF,Day-ahead demand forecast,28431,megawatthours,2026-02-05 08:00:00,28431.0
2026-02-05T08,SE,Southeast,NG,Net generation,30929,megawatthours,2026-02-05 08:00:00,30929.0
2026-02-05T08,SE,Southeast,TI,Total interchange,2227,megawatthours,2026-02-05 08:00:00,2227.0
2026-02-05T07,SE,Southeast,D,Demand,28501,megawatthours,2026-02-05 07:00:00,28501.0
2026-02-05T07,SE,Southeast,DF,Day-ahead demand forecast,28260,megawatthours,2026-02-05 07:00:00,28260.0
2026-02-05T07,SE,Southeast,NG,Net generation,30562,megawatthours,2026-02-05 07:00:00,30562.0
2026-02-05T07,SE,Southeast,TI,Total interchange,2058,megawatthours,2026-02-05 07:00:00,2058.0
2026-02-05T06,SE,Southeast,D,Demand,28683,megawatthours,2026-02-05 06:00:00,28683.0
2026-02-05T06,SE,Southeast,DF,Day-ahead demand forecast,28453,megawatthours,2026-02-05 06:00:00,28453.0
2026-02-05T06,SE,Southeast,NG,Net generation,32016,megawatthours,2026-02-05 06:00:00,32016.0
2026-02-05T06,SE,Southeast,TI,Total interchange,3330,megawatthours,2026-02-05 06:00:00,3330.0
2026-02-05T05,SE,Southeast,D,Demand,29226,megawatthours,2026-02-05 05:00:00,29226.0
2026-02-05T05,SE,Southeast,DF,Day-ahead demand forecast,29009,megawatthours,2026-02-05 05:00:00,29009.0
2026-02-05T05,SE,Southeast,NG,Net generation,32716,megawatthours,2026-02-05 05:00:00,32716.0
2026-02-05T05,SE,Southeast,TI,Total interchange,3488,megawatthours,2026-02-05 05:00:00,3488.0
2026-02-05T04,SE,Southeast,D,Demand,30212,megawatthours,2026-02-05 04:00:00,30212.0
2026-02-05T04,SE,Southeast,DF,Day-ahead demand forecast,29979,megawatthours,2026-02-05 04:00:00,29979.0
2026-02-05T04,SE,Southeast,NG,Net generation,33377,megawatthours,2026-02-05 04:00:00,33377.0
2026-02-05T04,SE,Southeast,TI,Total interchange,3162,megawatthours,2026-02-05 04:00:00,3162.0
2026-02-05T03,SE,Southeast,D,Demand,31188,megawatthours,2026-02-05 03:00:00,31188.0
2026-02-05T03,SE,Southeast,DF,Day-ahead demand forecast,30952,megawatthours,2026-02-05 03:00:00,30952.0
2026-02-05T03,SE,Southeast,NG,Net generation,34904,megawatthours,2026-02-05 03:00:00,34904.0
2026-02-05T03,SE,Southeast,TI,Total interchange,3712,megawatthours,2026-02-05 03:00:00,3712.0
2026-02-05T02,SE,Southeast,D,Demand,31531,megawatthours,2026-02-05 02:00:00,31531.0
2026-02-05T02,SE,Southeast,DF,Day-ahead demand forecast,31315,megawatthours,2026-02-05 02:00:00,31315.0
2026-02-05T02,SE,Southeast,NG,Net generation,34946,megawatthours,2026-02-05 02:00:00,34946.0
2026-02-05T02,SE,Southeast,TI,Total interchange,3413,megawatthours,2026-02-05 02:00:00,3413.0
2026-02-05T01,SE,Southeast,D,Demand,31513,megawatthours,2026-02-05 01:00:00,31513.0
2026-02-05T01,SE,Southeast,DF,Day-ahead demand forecast,31300,megawatthours,2026-02-05 01:00:00,31300.0
2026-02-05T01,SE,Southeast,NG,Net generation,34907,megawatthours,2026-02-05 01:00:00,34907.0
2026-02-05T01,SE,Southeast,TI,Total interchange,3390,megawatthours,2026-02-05 01:00:00,3390.0
2026-02-05T00,SE,Southeast,D,Demand,30678,megawatthours,2026-02-05 00:00:00,30678.0
2026-02-05T00,SE,Southeast,DF,Day-ahead demand forecast,30481,megawatthours,2026-02-05 00:00:00,30481.0
2026-02-05T00,SE,Southeast,NG,Net generation,33901,megawatthours,2026-02-05 00:00:00,33901.0
2026-02-05T00,SE,Southeast,TI,Total interchange,3220,megawatthours,2026-02-05 00:00:00,3220.0
2026-02-04T23,SE,Southeast,D,Demand,29219,megawatthours,2026-02-04 23:00:00,29219.0
2026-02-04T23,SE,Southeast,DF,Day-ahead demand forecast,29056,megawatthours,2026-02-04 23:00:00,29056.0
2026-02-04T23,SE,Southeast,NG,Net generation,32293,megawatthours,2026-02-04 23:00:00,32293.0
2026-02-04T23,SE,Southeast,TI,Total interchange,3071,megawatthours,2026-02-04 23:00:00,3071.0
2026-02-04T22,SE,Southeast,D,Demand,28292,megawatthours,2026-02-04 22:00:00,28292.0
2026-02-04T22,SE,Southeast,DF,Day-ahead demand forecast,28104,megawatthours,2026-02-04 22:00:00,28104.0
2026-02-04T22,SE,Southeast,NG,Net generation,30515,megawatthours,2026-02-04 22:00:00,30515.0
2026-02-04T22,SE,Southeast,TI,Total interchange,2219,megawatthours,2026-02-04 22:00:00,2219.0
2026-02-04T21,SE,Southeast,D,Demand,28095,megawatthours,2026-02-04 21:00:00,28095.0
2026-02-04T21,SE,Southeast,DF,Day-ahead demand forecast,27900,megawatthours,2026-02-04 21:00:00,27900.0
2026-02-04T21,SE,Southeast,NG,Net generation,29966,megawatthours,2026-02-04 21:00:00,29966.0
2026-02-04T21,SE,Southeast,TI,Total interchange,1865,megawatthours,2026-02-04 21:00:00,1865.0
2026-02-04T20,SE,Southeast,D,Demand,28092,megawatthours,2026-02-04 20:00:00,28092.0
2026-02-04T20,SE,Southeast,DF,Day-ahead demand forecast,27908,megawatthours,2026-02-04 20:00:00,27908.0
2026-02-04T20,SE,Southeast,NG,Net generation,30114,megawatthours,2026-02-04 20:00:00,30114.0
2026-02-04T20,SE,Southeast,TI,Total interchange,2018,megawatthours,2026-02-04 20:00:00,2018.0
2026-02-04T19,SE,Southeast,D,Demand,28314,megawatthours,2026-02-04 19:00:00,28314.0
2026-02-04T19,SE,Southeast,DF,Day-ahead demand forecast,28127,megawatthours,2026-02-04 19:00:00,28127.0
2026-02-04T19,SE,Southeast,NG,Net generation,30220,megawatthours,2026-02-04 19:00:00,30220.0
2026-02-04T19,SE,Southeast,TI,Total interchange,1905,megawatthours,2026-02-04 19:00:00,1905.0
2026-02-04T18,SE,Southeast,D,Demand,28483,megawatthours,2026-02-04 18:00:00,28483.0
2026-02-04T18,SE,Southeast,DF,Day-ahead demand forecast,28300,megawatthours,2026-02-04 18:00:00,28300.0
2026-02-04T18,SE,Southeast,NG,Net generation,30220,megawatthours,2026-02-04 18:00:00,30220.0
2026-02-04T18,SE,Southeast,TI,Total interchange,1732,megawatthours,2026-02-04 18:00:00,1732.0
2026-02-04T17,SE,Southeast,D,Demand,28793,megawatthours,2026-02-04 17:00:00,28793.0
2026-02-04T17,SE,Southeast,DF,Day-ahead demand forecast,28582,megawatthours,2026-02-04 17:00:00,28582.0
2026-02-04T17,SE,Southeast,NG,Net generation,30599,megawatthours,2026-02-04 17:00:00,30599.0
2026-02-04T17,SE,Southeast,TI,Total interchange,1804,megawatthours,2026-02-04 17:00:00,1804.0
2026-02-04T16,SE,Southeast,D,Demand,28969,megawatthours,2026-02-04 16:00:00,28969.0
2026-02-04T16,SE,Southeast,DF,Day-ahead demand forecast,28773,megawatthours,2026-02-04 16:00:00,28773.0
2026-02-04T16,SE,Southeast,NG,Net generation,31133,megawatthours,2026-02-04 16:00:00,31133.0
2026-02-04T16,SE,Southeast,TI,Total interchange,2163,megawatthours,2026-02-04 16:00:00,2163.0
2026-02-04T15,SE,Southeast,D,Demand,28868,megawatthours,2026-02-04 15:00:00,28868.0
2026-02-04T15,SE,Southeast,DF,Day-ahead demand forecast,28708,megawatthours,2026-02-04 15:00:00,28708.0
2026-02-04T15,SE,Southeast,NG,Net generation,31199,megawatthours,2026-02-04 15:00:00,31199.0
2026-02-04T15,SE,Southeast,TI,Total interchange,2337,megawatthours,2026-02-04 15:00:00,2337.0
2026-02-04T14,SE,Southeast,D,Demand,28934,megawatthours,2026-02-04 14:00:00,28934.0
2026-02-04T14,SE,Southeast,DF,Day-ahead demand forecast,28736,megawatthours,2026-02-04 14:00:00,28736.0
2026-02-04T14,SE,Southeast,NG,Net generation,32430,megawatthours,2026-02-04 14:00:00,32430.0
2026-02-04T14,SE,Southeast,TI,Total interchange,3493,megawatthours,2026-02-04 14:00:00,3493.0
2026-02-04T13,SE,Southeast,D,Demand,28703,megawatthours,2026-02-04 13:00:00,28703.0
2026-02-04T13,SE,Southeast,DF,Day-ahead demand forecast,28497,megawatthours,2026-02-04 13:00:00,28497.0
2026-02-04T13,SE,Southeast,NG,Net generation,32498,megawatthours,2026-02-04 13:00:00,32498.0
2026-02-04T13,SE,Southeast,TI,Total interchange,3783,megawatthours,2026-02-04 13:00:00,3783.0
2026-02-04T12,SE,Southeast,D,Demand,27303,megawatthours,2026-02-04 12:00:00,27303.0
2026-02-04T12,SE,Southeast,DF,Day-ahead demand forecast,27110,megawatthours,2026-02-04 12:00:00,27110.0
2026-02-04T12,SE,Southeast,NG,Net generation,30706,megawatthours,2026-02-04 12:00:00,30706.0
2026-02-04T12,SE,Southeast,TI,Total interchange,3409,megawatthours,2026-02-04 12:00:00,3409.0
2026-02-04T11,SE,Southeast,D,Demand,25444,megawatthours,2026-02-04 11:00:00,25444.0
2026-02-04T11,SE,Southeast,DF,Day-ahead demand forecast,25236,megawatthours,2026-02-04 11:00:00,25236.0
2026-02-04T11,SE,Southeast,NG,Net generation,28279,megawatthours,2026-02-04 11:00:00,28279.0
2026-02-04T11,SE,Southeast,TI,Total interchange,2853,megawatthours,2026-02-04 11:00:00,2853.0
2026-02-04T10,SE,Southeast,D,Demand,24402,megawatthours,2026-02-04 10:00:00,24402.0
2026-02-04T10,SE,Southeast,DF,Day-ahead demand forecast,24231,megawatthours,2026-02-04 10:00:00,24231.0
2026-02-04T10,SE,Southeast,NG,Net generation,27062,megawatthours,2026-02-04 10:00:00,27062.0
2026-02-04T10,SE,Southeast,TI,Total interchange,2659,megawatthours,2026-02-04 10:00:00,2659.0
2026-02-04T09,SE,Southeast,D,Demand,23961,megawatthours,2026-02-04 09:00:00,23961.0
2026-02-04T09,SE,Southeast,DF,Day-ahead demand forecast,23771,megawatthours,2026-02-04 09:00:00,23771.0
2026-02-04T09,SE,Southeast,NG,Net generation,26327,megawatthours,2026-02-04 09:00:00,26327.0
2026-02-04T09,SE,Southeast,TI,Total interchange,2362,megawatthours,2026-02-04 09:00:00,2362.0
2026-02-04T08,SE,Southeast,D,Demand,24118,megawatthours,2026-02-04 08:00:00,24118.0
2026-02-04T08,SE,Southeast,DF,Day-ahead demand forecast,23989,megawatthours,2026-02-04 08:00:00,23989.0
2026-02-04T08,SE,Southeast,NG,Net generation,26530,megawatthours,2026-02-04 08:00:00,26530.0
2026-02-04T08,SE,Southeast,TI,Total interchange,2409,megawatthours,2026-02-04 08:00:00,2409.0
2026-02-04T07,SE,Southeast,D,Demand,24390,megawatthours,2026-02-04 07:00:00,24390.0
2026-02-04T07,SE,Southeast,DF,Day-ahead demand forecast,24257,megawatthours,2026-02-04 07:00:00,24257.0
2026-02-04T07,SE,Southeast,NG,Net generation,26750,megawatthours,2026-02-04 07:00:00,26750.0
2026-02-04T07,SE,Southeast,TI,Total interchange,2356,megawatthours,2026-02-04 07:00:00,2356.0
2026-02-04T06,SE,Southeast,D,Demand,25085,megawatthours,2026-02-04 06:00:00,25085.0
2026-02-04T06,SE,Southeast,DF,Day-ahead demand forecast,27397,megawatthours,2026-02-04 06:00:00,27397.0
2026-02-04T06,SE,Southeast,NG,Net generation,26396,megawatthours,2026-02-04 06:00:00,26396.0
2026-02-04T06,SE,Southeast,TI,Total interchange,1311,megawatthours,2026-02-04 06:00:00,1311.0
2026-02-04T05,SE,Southeast,D,Demand,26014,megawatthours,2026-02-04 05:00:00,26014.0
2026-02-04T05,SE,Southeast,DF,Day-ahead demand forecast,28390,megawatthours,2026-02-04 05:00:00,28390.0
2026-02-04T05,SE,Southeast,NG,Net generation,27484,megawatthours,2026-02-04 05:00:00,27484.0
2026-02-04T05,SE,Southeast,TI,Total interchange,1470,megawatthours,2026-02-04 05:00:00,1470.0
2026-02-04T04,SE,Southeast,D,Demand,27446,megawatthours,2026-02-04 04:00:00,27446.0
2026-02-04T04,SE,Southeast,DF,Day-ahead demand forecast,29197,megawatthours,2026-02-04 04:00:00,29197.0
2026-02-04T04,SE,Southeast,NG,Net generation,29043,megawatthours,2026-02-04 04:00:00,29043.0
2026-02-04T04,SE,Southeast,TI,Total interchange,1597,megawatthours,2026-02-04 04:00:00,1597.0
2026-02-04T03,SE,Southeast,D,Demand,28896,megawatthours,2026-02-04 03:00:00,28896.0
2026-02-04T03,SE,Southeast,DF,Day-ahead demand forecast,30377,megawatthours,2026-02-04 03:00:00,30377.0
2026-02-04T03,SE,Southeast,NG,Net generation,30914,megawatthours,2026-02-04 03:00:00,30914.0
2026-02-04T03,SE,Southeast,TI,Total interchange,2018,megawatthours,2026-02-04 03:00:00,2018.0
2026-02-04T02,SE,Southeast,D,Demand,29578,megawatthours,2026-02-04 02:00:00,29578.0
2026-02-04T02,SE,Southeast,DF,Day-ahead demand forecast,31314,megawatthours,2026-02-04 02:00:00,31314.0
2026-02-04T02,SE,Southeast,NG,Net generation,31863,megawatthours,2026-02-04 02:00:00,31863.0
2026-02-04T02,SE,Southeast,TI,Total interchange,2284,megawatthours,2026-02-04 02:00:00,2284.0
2026-02-04T01,SE,Southeast,D,Demand,29622,megawatthours,2026-02-04 01:00:00,29622.0
2026-02-04T01,SE,Southeast,DF,Day-ahead demand forecast,31782,megawatthours,2026-02-04 01:00:00,31782.0
2026-02-04T01,SE,Southeast,NG,Net generation,32026,megawatthours,2026-02-04 01:00:00,32026.0
2026-02-04T01,SE,Southeast,TI,Total interchange,2402,megawatthours,2026-02-04 01:00:00,2402.0
2026-02-04T00,SE,Southeast,D,Demand,28910,megawatthours,2026-02-04 00:00:00,28910.0
2026-02-04T00,SE,Southeast,DF,Day-ahead demand forecast,31079,megawatthours,2026-02-04 00:00:00,31079.0
2026-02-04T00,SE,Southeast,NG,Net generation,31400,megawatthours,2026-02-04 00:00:00,31400.0
2026-02-04T00,SE,Southeast,TI,Total interchange,2485,megawatthours,2026-02-04 00:00:00,2485.0
2026-02-03T23,SE,Southeast,D,Demand,27321,megawatthours,2026-02-03 23:00:00,27321.0
2026-02-03T23,SE,Southeast,DF,Day-ahead demand forecast,29616,megawatthours,2026-02-03 23:00:00,29616.0
2026-02-03T23,SE,Southeast,NG,Net generation,29255,megawatthours,2026-02-03 23:00:00,29255.0
2026-02-03T23,SE,Southeast,TI,Total interchange,1931,megawatthours,2026-02-03 23:00:00,1931.0
2026-02-03T22,SE,Southeast,D,Demand,26437,megawatthours,2026-02-03 22:00:00,26437.0
2026-02-03T22,SE,Southeast,DF,Day-ahead demand forecast,28638,megawatthours,2026-02-03 22:00:00,28638.0
2026-02-03T22,SE,Southeast,NG,Net generation,27682,megawatthours,2026-02-03 22:00:00,27682.0
2026-02-03T22,SE,Southeast,TI,Total interchange,1241,megawatthours,2026-02-03 22:00:00,1241.0
2026-02-03T21,SE,Southeast,D,Demand,26180,megawatthours,2026-02-03 21:00:00,26180.0
2026-02-03T21,SE,Southeast,DF,Day-ahead demand forecast,28638,megawatthours,2026-02-03 21:00:00,28638.0
2026-02-03T21,SE,Southeast,NG,Net generation,27185,megawatthours,2026-02-03 21:00:00,27185.0
2026-02-03T21,SE,Southeast,TI,Total interchange,1004,megawatthours,2026-02-03 21:00:00,1004.0
2026-02-03T20,SE,Southeast,D,Demand,26864,megawatthours,2026-02-03 20:00:00,26864.0
2026-02-03T20,SE,Southeast,DF,Day-ahead demand forecast,28949,megawatthours,2026-02-03 20:00:00,28949.0
2026-02-03T20,SE,Southeast,NG,Net generation,27813,megawatthours,2026-02-03 20:00:00,27813.0
2026-02-03T20,SE,Southeast,TI,Total interchange,947,megawatthours,2026-02-03 20:00:00,947.0
2026-02-03T19,SE,Southeast,D,Demand,27727,megawatthours,2026-02-03 19:00:00,27727.0
2026-02-03T19,SE,Southeast,DF,Day-ahead demand forecast,29632,megawatthours,2026-02-03 19:00:00,29632.0
2026-02-03T19,SE,Southeast,NG,Net generation,28731,megawatthours,2026-02-03 19:00:00,28731.0
2026-02-03T19,SE,Southeast,TI,Total interchange,1003,megawatthours,2026-02-03 19:00:00,1003.0
2026-02-03T18,SE,Southeast,D,Demand,28987,megawatthours,2026-02-03 18:00:00,28987.0
2026-02-03T18,SE,Southeast,DF,Day-ahead demand forecast,30501,megawatthours,2026-02-03 18:00:00,30501.0
2026-02-03T18,SE,Southeast,NG,Net generation,29711,megawatthours,2026-02-03 18:00:00,29711.0
2026-02-03T18,SE,Southeast,TI,Total interchange,722,megawatthours,2026-02-03 18:00:00,722.0
2026-02-03T17,SE,Southeast,D,Demand,30653,megawatthours,2026-02-03 17:00:00,30653.0
2026-02-03T17,SE,Southeast,DF,Day-ahead demand forecast,31958,megawatthours,2026-02-03 17:00:00,31958.0
2026-02-03T17,SE,Southeast,NG,Net generation,31815,megawatthours,2026-02-03 17:00:00,31815.0
2026-02-03T17,SE,Southeast,TI,Total interchange,1163,megawatthours,2026-02-03 17:00:00,1163.0
2026-02-03T16,SE,Southeast,D,Demand,33102,megawatthours,2026-02-03 16:00:00,33102.0
2026-02-03T16,SE,Southeast,DF,Day-ahead demand forecast,33730,megawatthours,2026-02-03 16:00:00,33730.0
2026-02-03T16,SE,Southeast,NG,Net generation,34524,megawatthours,2026-02-03 16:00:00,34524.0
2026-02-03T16,SE,Southeast,TI,Total interchange,1428,megawatthours,2026-02-03 16:00:00,1428.0
2026-02-03T15,SE,Southeast,D,Demand,36107,megawatthours,2026-02-03 15:00:00,36107.0
2026-02-03T15,SE,Southeast,DF,Day-ahead demand forecast,36028,megawatthours,2026-02-03 15:00:00,36028.0
2026-02-03T15,SE,Southeast,NG,Net generation,38142,megawatthours,2026-02-03 15:00:00,38142.0
2026-02-03T15,SE,Southeast,TI,Total interchange,2038,megawatthours,2026-02-03 15:00:00,2038.0
2026-02-03T14,SE,Southeast,D,Demand,38697,megawatthours,2026-02-03 14:00:00,38697.0
2026-02-03T14,SE,Southeast,DF,Day-ahead demand forecast,38139,megawatthours,2026-02-03 14:00:00,38139.0
2026-02-03T14,SE,Southeast,NG,Net generation,40394,megawatthours,2026-02-03 14:00:00,40394.0
2026-02-03T14,SE,Southeast,TI,Total interchange,1706,megawatthours,2026-02-03 14:00:00,1706.0
2026-02-03T13,SE,Southeast,D,Demand,39473,megawatthours,2026-02-03 13:00:00,39473.0
2026-02-03T13,SE,Southeast,DF,Day-ahead demand forecast,38691,megawatthours,2026-02-03 13:00:00,38691.0
2026-02-03T13,SE,Southeast,NG,Net generation,41763,megawatthours,2026-02-03 13:00:00,41763.0
2026-02-03T13,SE,Southeast,TI,Total interchange,2298,megawatthours,2026-02-03 13:00:00,2298.0
2026-02-03T12,SE,Southeast,D,Demand,37946,megawatthours,2026-02-03 12:00:00,37946.0
2026-02-03T12,SE,Southeast,DF,Day-ahead demand forecast,37394,megawatthours,2026-02-03 12:00:00,37394.0
2026-02-03T12,SE,Southeast,NG,Net generation,40292,megawatthours,2026-02-03 12:00:00,40292.0
2026-02-03T12,SE,Southeast,TI,Total interchange,2340,megawatthours,2026-02-03 12:00:00,2340.0
2026-02-03T11,SE,Southeast,D,Demand,35528,megawatthours,2026-02-03 11:00:00,35528.0
2026-02-03T11,SE,Southeast,DF,Day-ahead demand forecast,35365,megawatthours,2026-02-03 11:00:00,35365.0
2026-02-03T11,SE,Southeast,NG,Net generation,37732,megawatthours,2026-02-03 11:00:00,37732.0
2026-02-03T11,SE,Southeast,TI,Total interchange,2208,megawatthours,2026-02-03 11:00:00,2208.0
2026-02-03T10,SE,Southeast,D,Demand,33880,megawatthours,2026-02-03 10:00:00,33880.0
2026-02-03T10,SE,Southeast,DF,Day-ahead demand forecast,33463,megawatthours,2026-02-03 10:00:00,33463.0
2026-02-03T10,SE,Southeast,NG,Net generation,35554,megawatthours,2026-02-03 10:00:00,35554.0
2026-02-03T10,SE,Southeast,TI,Total interchange,1676,megawatthours,2026-02-03 10:00:00,1676.0
2026-02-03T09,SE,Southeast,D,Demand,33137,megawatthours,2026-02-03 09:00:00,33137.0
2026-02-03T09,SE,Southeast,DF,Day-ahead demand forecast,32850,megawatthours,2026-02-03 09:00:00,32850.0
2026-02-03T09,SE,Southeast,NG,Net generation,34443,megawatthours,2026-02-03 09:00:00,34443.0
2026-02-03T09,SE,Southeast,TI,Total interchange,1306,megawatthours,2026-02-03 09:00:00,1306.0
2026-02-03T08,SE,Southeast,D,Demand,32731,megawatthours,2026-02-03 08:00:00,32731.0
2026-02-03T08,SE,Southeast,DF,Day-ahead demand forecast,32485,megawatthours,2026-02-03 08:00:00,32485.0
2026-02-03T08,SE,Southeast,NG,Net generation,33980,megawatthours,2026-02-03 08:00:00,33980.0
2026-02-03T08,SE,Southeast,TI,Total interchange,1244,megawatthours,2026-02-03 08:00:00,1244.0
2026-02-03T07,SE,Southeast,D,Demand,32407,megawatthours,2026-02-03 07:00:00,32407.0
2026-02-03T07,SE,Southeast,DF,Day-ahead demand forecast,32149,megawatthours,2026-02-03 07:00:00,32149.0
2026-02-03T07,SE,Southeast,NG,Net generation,33643,megawatthours,2026-02-03 07:00:00,33643.0
2026-02-03T07,SE,Southeast,TI,Total interchange,1234,megawatthours,2026-02-03 07:00:00,1234.0
2026-02-03T06,SE,Southeast,D,Demand,32282,megawatthours,2026-02-03 06:00:00,32282.0
2026-02-03T06,SE,Southeast,DF,Day-ahead demand forecast,34370,megawatthours,2026-02-03 06:00:00,34370.0
2026-02-03T06,SE,Southeast,NG,Net generation,34157,megawatthours,2026-02-03 06:00:00,34157.0
2026-02-03T06,SE,Southeast,TI,Total interchange,1840,megawatthours,2026-02-03 06:00:00,1840.0
2026-02-03T05,SE,Southeast,D,Demand,32753,megawatthours,2026-02-03 05:00:00,32753.0
2026-02-03T05,SE,Southeast,DF,Day-ahead demand forecast,34966,megawatthours,2026-02-03 05:00:00,34966.0
2026-02-03T05,SE,Southeast,NG,Net generation,34822,megawatthours,2026-02-03 05:00:00,34822.0
2026-02-03T05,SE,Southeast,TI,Total interchange,1959,megawatthours,2026-02-03 05:00:00,1959.0
2026-02-03T04,SE,Southeast,D,Demand,33467,megawatthours,2026-02-03 04:00:00,33467.0
2026-02-03T04,SE,Southeast,DF,Day-ahead demand forecast,36159,megawatthours,2026-02-03 04:00:00,36159.0
2026-02-03T04,SE,Southeast,NG,Net generation,35616,megawatthours,2026-02-03 04:00:00,35616.0
2026-02-03T04,SE,Southeast,TI,Total interchange,2014,megawatthours,2026-02-03 04:00:00,2014.0
2026-02-03T03,SE,Southeast,D,Demand,34263,megawatthours,2026-02-03 03:00:00,34263.0
2026-02-03T03,SE,Southeast,DF,Day-ahead demand forecast,37252,megawatthours,2026-02-03 03:00:00,37252.0
2026-02-03T03,SE,Southeast,NG,Net generation,36700,megawatthours,2026-02-03 03:00:00,36700.0
2026-02-03T03,SE,Southeast,TI,Total interchange,2168,megawatthours,2026-02-03 03:00:00,2168.0
2026-02-03T02,SE,Southeast,D,Demand,34405,megawatthours,2026-02-03 02:00:00,34405.0
2026-02-03T02,SE,Southeast,DF,Day-ahead demand forecast,37798,megawatthours,2026-02-03 02:00:00,37798.0
2026-02-03T02,SE,Southeast,NG,Net generation,36717,megawatthours,2026-02-03 02:00:00,36717.0
2026-02-03T02,SE,Southeast,TI,Total interchange,2045,megawatthours,2026-02-03 02:00:00,2045.0
2026-02-03T01,SE,Southeast,D,Demand,33782,megawatthours,2026-02-03 01:00:00,33782.0
2026-02-03T01,SE,Southeast,DF,Day-ahead demand forecast,38345,megawatthours,2026-02-03 01:00:00,38345.0
2026-02-03T01,SE,Southeast,NG,Net generation,36158,megawatthours,2026-02-03 01:00:00,36158.0
2026-02-03T01,SE,Southeast,TI,Total interchange,2134,megawatthours,2026-02-03 01:00:00,2134.0
2026-02-03T00,SE,Southeast,D,Demand,32188,megawatthours,2026-02-03 00:00:00,32188.0
2026-02-03T00,SE,Southeast,DF,Day-ahead demand forecast,37351,megawatthours,2026-02-03 00:00:00,37351.0
2026-02-03T00,SE,Southeast,NG,Net generation,34741,megawatthours,2026-02-03 00:00:00,34741.0
2026-02-03T00,SE,Southeast,TI,Total interchange,2386,megawatthours,2026-02-03 00:00:00,2386.0
2026-02-02T23,SE,Southeast,D,Demand,29298,megawatthours,2026-02-02 23:00:00,29298.0
2026-02-02T23,SE,Southeast,DF,Day-ahead demand forecast,34569,megawatthours,2026-02-02 23:00:00,34569.0
2026-02-02T23,SE,Southeast,NG,Net generation,31947,megawatthours,2026-02-02 23:00:00,31947.0
2026-02-02T23,SE,Southeast,TI,Total interchange,2651,megawatthours,2026-02-02 23:00:00,2651.0
2026-02-02T22,SE,Southeast,D,Demand,26726,megawatthours,2026-02-02 22:00:00,26726.0
2026-02-02T22,SE,Southeast,DF,Day-ahead demand forecast,33277,megawatthours,2026-02-02 22:00:00,33277.0
2026-02-02T22,SE,Southeast,NG,Net generation,29348,megawatthours,2026-02-02 22:00:00,29348.0
2026-02-02T22,SE,Southeast,TI,Total interchange,2621,megawatthours,2026-02-02 22:00:00,2621.0
2026-02-02T21,SE,Southeast,D,Demand,26217,megawatthours,2026-02-02 21:00:00,26217.0
2026-02-02T21,SE,Southeast,DF,Day-ahead demand forecast,33327,megawatthours,2026-02-02 21:00:00,33327.0
2026-02-02T21,SE,Southeast,NG,Net generation,29016,megawatthours,2026-02-02 21:00:00,29016.0
2026-02-02T21,SE,Southeast,TI,Total interchange,2796,megawatthours,2026-02-02 21:00:00,2796.0
2026-02-02T20,SE,Southeast,D,Demand,26948,megawatthours,2026-02-02 20:00:00,26948.0
2026-02-02T20,SE,Southeast,DF,Day-ahead demand forecast,33625,megawatthours,2026-02-02 20:00:00,33625.0
2026-02-02T20,SE,Southeast,NG,Net generation,30081,megawatthours,2026-02-02 20:00:00,30081.0
2026-02-02T20,SE,Southeast,TI,Total interchange,3131,megawatthours,2026-02-02 20:00:00,3131.0
2026-02-02T19,SE,Southeast,D,Demand,28554,megawatthours,2026-02-02 19:00:00,28554.0
2026-02-02T19,SE,Southeast,DF,Day-ahead demand forecast,34470,megawatthours,2026-02-02 19:00:00,34470.0
2026-02-02T19,SE,Southeast,NG,Net generation,31649,megawatthours,2026-02-02 19:00:00,31649.0
2026-02-02T19,SE,Southeast,TI,Total interchange,3106,megawatthours,2026-02-02 19:00:00,3106.0
2026-02-02T18,SE,Southeast,D,Demand,30331,megawatthours,2026-02-02 18:00:00,30331.0
2026-02-02T18,SE,Southeast,DF,Day-ahead demand forecast,36109,megawatthours,2026-02-02 18:00:00,36109.0
2026-02-02T18,SE,Southeast,NG,Net generation,33155,megawatthours,2026-02-02 18:00:00,33155.0
2026-02-02T18,SE,Southeast,TI,Total interchange,2826,megawatthours,2026-02-02 18:00:00,2826.0
2026-02-02T17,SE,Southeast,D,Demand,32499,megawatthours,2026-02-02 17:00:00,32499.0
2026-02-02T17,SE,Southeast,DF,Day-ahead demand forecast,38543,megawatthours,2026-02-02 17:00:00,38543.0
2026-02-02T17,SE,Southeast,NG,Net generation,35042,megawatthours,2026-02-02 17:00:00,35042.0
2026-02-02T17,SE,Southeast,TI,Total interchange,2545,megawatthours,2026-02-02 17:00:00,2545.0
2026-02-02T16,SE,Southeast,D,Demand,35115,megawatthours,2026-02-02 16:00:00,35115.0
2026-02-02T16,SE,Southeast,DF,Day-ahead demand forecast,40928,megawatthours,2026-02-02 16:00:00,40928.0
2026-02-02T16,SE,Southeast,NG,Net generation,38277,megawatthours,2026-02-02 16:00:00,38277.0
2026-02-02T16,SE,Southeast,TI,Total interchange,3167,megawatthours,2026-02-02 16:00:00,3167.0
2026-02-02T15,SE,Southeast,D,Demand,38195,megawatthours,2026-02-02 15:00:00,38195.0
2026-02-02T15,SE,Southeast,DF,Day-ahead demand forecast,43643,megawatthours,2026-02-02 15:00:00,43643.0
2026-02-02T15,SE,Southeast,NG,Net generation,42213,megawatthours,2026-02-02 15:00:00,42213.0
2026-02-02T15,SE,Southeast,TI,Total interchange,4028,megawatthours,2026-02-02 15:00:00,4028.0
2026-02-02T14,SE,Southeast,D,Demand,42349,megawatthours,2026-02-02 14:00:00,42349.0
2026-02-02T14,SE,Southeast,DF,Day-ahead demand forecast,44920,megawatthours,2026-02-02 14:00:00,44920.0
2026-02-02T14,SE,Southeast,NG,Net generation,47300,megawatthours,2026-02-02 14:00:00,47300.0
2026-02-02T14,SE,Southeast,TI,Total interchange,4960,megawatthours,2026-02-02 14:00:00,4960.0
2026-02-02T13,SE,Southeast,D,Demand,44247,megawatthours,2026-02-02 13:00:00,44247.0
2026-02-02T13,SE,Southeast,DF,Day-ahead demand forecast,45051,megawatthours,2026-02-02 13:00:00,45051.0
2026-02-02T13,SE,Southeast,NG,Net generation,48932,megawatthours,2026-02-02 13:00:00,48932.0
2026-02-02T13,SE,Southeast,TI,Total interchange,4694,megawatthours,2026-02-02 13:00:00,4694.0
2026-02-02T12,SE,Southeast,D,Demand,42843,megawatthours,2026-02-02 12:00:00,42843.0
2026-02-02T12,SE,Southeast,DF,Day-ahead demand forecast,43412,megawatthours,2026-02-02 12:00:00,43412.0
2026-02-02T12,SE,Southeast,NG,Net generation,47373,megawatthours,2026-02-02 12:00:00,47373.0
2026-02-02T12,SE,Southeast,TI,Total interchange,4048,megawatthours,2026-02-02 12:00:00,4048.0
2026-02-02T11,SE,Southeast,D,Demand,40117,megawatthours,2026-02-02 11:00:00,40117.0
2026-02-02T11,SE,Southeast,DF,Day-ahead demand forecast,41120,megawatthours,2026-02-02 11:00:00,41120.0
2026-02-02T11,SE,Southeast,NG,Net generation,44026,megawatthours,2026-02-02 11:00:00,44026.0
2026-02-02T11,SE,Southeast,TI,Total interchange,3919,megawatthours,2026-02-02 11:00:00,3919.0
2026-02-02T10,SE,Southeast,D,Demand,38584,megawatthours,2026-02-02 10:00:00,38584.0
2026-02-02T10,SE,Southeast,DF,Day-ahead demand forecast,39243,megawatthours,2026-02-02 10:00:00,39243.0
2026-02-02T10,SE,Southeast,NG,Net generation,41776,megawatthours,2026-02-02 10:00:00,41776.0
2026-02-02T10,SE,Southeast,TI,Total interchange,3195,megawatthours,2026-02-02 10:00:00,3195.0
2026-02-02T09,SE,Southeast,D,Demand,37731,megawatthours,2026-02-02 09:00:00,37731.0
2026-02-02T09,SE,Southeast,DF,Day-ahead demand forecast,37901,megawatthours,2026-02-02 09:00:00,37901.0
2026-02-02T09,SE,Southeast,NG,Net generation,40701,megawatthours,2026-02-02 09:00:00,40701.0
2026-02-02T09,SE,Southeast,TI,Total interchange,2973,megawatthours,2026-02-02 09:00:00,2973.0
2026-02-02T08,SE,Southeast,D,Demand,37186,megawatthours,2026-02-02 08:00:00,37186.0
2026-02-02T08,SE,Southeast,DF,Day-ahead demand forecast,37182,megawatthours,2026-02-02 08:00:00,37182.0
2026-02-02T08,SE,Southeast,NG,Net generation,39855,megawatthours,2026-02-02 08:00:00,39855.0
2026-02-02T08,SE,Southeast,TI,Total interchange,2669,megawatthours,2026-02-02 08:00:00,2669.0
2026-02-02T07,SE,Southeast,D,Demand,36837,megawatthours,2026-02-02 07:00:00,36837.0
2026-02-02T07,SE,Southeast,DF,Day-ahead demand forecast,36888,megawatthours,2026-02-02 07:00:00,36888.0
2026-02-02T07,SE,Southeast,NG,Net generation,39295,megawatthours,2026-02-02 07:00:00,39295.0
2026-02-02T07,SE,Southeast,TI,Total interchange,2459,megawatthours,2026-02-02 07:00:00,2459.0
2026-02-02T06,SE,Southeast,D,Demand,36798,megawatthours,2026-02-02 06:00:00,36798.0
2026-02-02T06,SE,Southeast,DF,Day-ahead demand forecast,36711,megawatthours,2026-02-02 06:00:00,36711.0
2026-02-02T06,SE,Southeast,NG,Net generation,38487,megawatthours,2026-02-02 06:00:00,38487.0
2026-02-02T06,SE,Southeast,TI,Total interchange,1689,megawatthours,2026-02-02 06:00:00,1689.0
2026-02-02T05,SE,Southeast,D,Demand,37433,megawatthours,2026-02-02 05:00:00,37433.0
2026-02-02T05,SE,Southeast,DF,Day-ahead demand forecast,37332,megawatthours,2026-02-02 05:00:00,37332.0
2026-02-02T05,SE,Southeast,NG,Net generation,39508,megawatthours,2026-02-02 05:00:00,39508.0
2026-02-02T05,SE,Southeast,TI,Total interchange,2076,megawatthours,2026-02-02 05:00:00,2076.0
2026-02-02T04,SE,Southeast,D,Demand,38142,megawatthours,2026-02-02 04:00:00,38142.0
2026-02-02T04,SE,Southeast,DF,Day-ahead demand forecast,38512,megawatthours,2026-02-02 04:00:00,38512.0
2026-02-02T04,SE,Southeast,NG,Net generation,39725,megawatthours,2026-02-02 04:00:00,39725.0
2026-02-02T04,SE,Southeast,TI,Total interchange,1587,megawatthours,2026-02-02 04:00:00,1587.0
2026-02-02T03,SE,Southeast,D,Demand,39162,megawatthours,2026-02-02 03:00:00,39162.0
2026-02-02T03,SE,Southeast,DF,Day-ahead demand forecast,39195,megawatthours,2026-02-02 03:00:00,39195.0
2026-02-02T03,SE,Southeast,NG,Net generation,41445,megawatthours,2026-02-02 03:00:00,41445.0
2026-02-02T03,SE,Southeast,TI,Total interchange,2284,megawatthours,2026-02-02 03:00:00,2284.0
2026-02-02T02,SE,Southeast,D,Demand,39336,megawatthours,2026-02-02 02:00:00,39336.0
2026-02-02T02,SE,Southeast,DF,Day-ahead demand forecast,39754,megawatthours,2026-02-02 02:00:00,39754.0
2026-02-02T02,SE,Southeast,NG,Net generation,41876,megawatthours,2026-02-02 02:00:00,41876.0
2026-02-02T02,SE,Southeast,TI,Total interchange,2545,megawatthours,2026-02-02 02:00:00,2545.0
2026-02-02T01,SE,Southeast,D,Demand,38864,megawatthours,2026-02-02 01:00:00,38864.0
2026-02-02T01,SE,Southeast,DF,Day-ahead demand forecast,40002,megawatthours,2026-02-02 01:00:00,40002.0
2026-02-02T01,SE,Southeast,NG,Net generation,41267,megawatthours,2026-02-02 01:00:00,41267.0
2026-02-02T01,SE,Southeast,TI,Total interchange,2404,megawatthours,2026-02-02 01:00:00,2404.0
2026-02-02T00,SE,Southeast,D,Demand,37542,megawatthours,2026-02-02 00:00:00,37542.0
2026-02-02T00,SE,Southeast,DF,Day-ahead demand forecast,39257,megawatthours,2026-02-02 00:00:00,39257.0
2026-02-02T00,SE,Southeast,NG,Net generation,39627,megawatthours,2026-02-02 00:00:00,39627.0
2026-02-02T00,SE,Southeast,TI,Total interchange,2087,megawatthours,2026-02-02 00:00:00,2087.0
2026-02-01T23,SE,Southeast,D,Demand,34498,megawatthours,2026-02-01 23:00:00,34498.0
2026-02-01T23,SE,Southeast,DF,Day-ahead demand forecast,37699,megawatthours,2026-02-01 23:00:00,37699.0
2026-02-01T23,SE,Southeast,NG,Net generation,36588,megawatthours,2026-02-01 23:00:00,36588.0
2026-02-01T23,SE,Southeast,TI,Total interchange,2083,megawatthours,2026-02-01 23:00:00,2083.0
2026-02-01T22,SE,Southeast,D,Demand,31285,megawatthours,2026-02-01 22:00:00,31285.0
2026-02-01T22,SE,Southeast,DF,Day-ahead demand forecast,35533,megawatthours,2026-02-01 22:00:00,35533.0
2026-02-01T22,SE,Southeast,NG,Net generation,32452,megawatthours,2026-02-01 22:00:00,32452.0
2026-02-01T22,SE,Southeast,TI,Total interchange,1164,megawatthours,2026-02-01 22:00:00,1164.0
2026-02-01T21,SE,Southeast,D,Demand,30642,megawatthours,2026-02-01 21:00:00,30642.0
2026-02-01T21,SE,Southeast,DF,Day-ahead demand forecast,35121,megawatthours,2026-02-01 21:00:00,35121.0
2026-02-01T21,SE,Southeast,NG,Net generation,31480,megawatthours,2026-02-01 21:00:00,31480.0
2026-02-01T21,SE,Southeast,TI,Total interchange,837,megawatthours,2026-02-01 21:00:00,837.0
2026-02-01T20,SE,Southeast,D,Demand,34783,megawatthours,2026-02-01 20:00:00,34783.0
2026-02-01T20,SE,Southeast,DF,Day-ahead demand forecast,35651,megawatthours,2026-02-01 20:00:00,35651.0
2026-02-01T20,SE,Southeast,NG,Net generation,32407,megawatthours,2026-02-01 20:00:00,32407.0
2026-02-01T20,SE,Southeast,TI,Total interchange,-5,megawatthours,2026-02-01 20:00:00,-5.0
2026-02-01T19,SE,Southeast,D,Demand,33661,megawatthours,2026-02-01 19:00:00,33661.0
2026-02-01T19,SE,Southeast,DF,Day-ahead demand forecast,37270,megawatthours,2026-02-01 19:00:00,37270.0
2026-02-01T19,SE,Southeast,NG,Net generation,34029,megawatthours,2026-02-01 19:00:00,34029.0
2026-02-01T19,SE,Southeast,TI,Total interchange,368,megawatthours,2026-02-01 19:00:00,368.0
2026-02-01T18,SE,Southeast,D,Demand,35909,megawatthours,2026-02-01 18:00:00,35909.0
2026-02-01T18,SE,Southeast,DF,Day-ahead demand forecast,39506,megawatthours,2026-02-01 18:00:00,39506.0
2026-02-01T18,SE,Southeast,NG,Net generation,36876,megawatthours,2026-02-01 18:00:00,36876.0
2026-02-01T18,SE,Southeast,TI,Total interchange,970,megawatthours,2026-02-01 18:00:00,970.0
2026-02-01T17,SE,Southeast,D,Demand,38181,megawatthours,2026-02-01 17:00:00,38181.0
2026-02-01T17,SE,Southeast,DF,Day-ahead demand forecast,41927,megawatthours,2026-02-01 17:00:00,41927.0
2026-02-01T17,SE,Southeast,NG,Net generation,39718,megawatthours,2026-02-01 17:00:00,39718.0
2026-02-01T17,SE,Southeast,TI,Total interchange,1544,megawatthours,2026-02-01 17:00:00,1544.0
2026-02-01T16,SE,Southeast,D,Demand,40324,megawatthours,2026-02-01 16:00:00,40324.0
2026-02-01T16,SE,Southeast,DF,Day-ahead demand forecast,44163,megawatthours,2026-02-01 16:00:00,44163.0
2026-02-01T16,SE,Southeast,NG,Net generation,42952,megawatthours,2026-02-01 16:00:00,42952.0
2026-02-01T16,SE,Southeast,TI,Total interchange,2629,megawatthours,2026-02-01 16:00:00,2629.0
2026-02-01T15,SE,Southeast,D,Demand,42295,megawatthours,2026-02-01 15:00:00,42295.0
2026-02-01T15,SE,Southeast,DF,Day-ahead demand forecast,46460,megawatthours,2026-02-01 15:00:00,46460.0
2026-02-01T15,SE,Southeast,NG,Net generation,45967,megawatthours,2026-02-01 15:00:00,45967.0
2026-02-01T15,SE,Southeast,TI,Total interchange,3684,megawatthours,2026-02-01 15:00:00,3684.0
2026-02-01T14,SE,Southeast,D,Demand,44186,megawatthours,2026-02-01 14:00:00,44186.0
2026-02-01T14,SE,Southeast,DF,Day-ahead demand forecast,47081,megawatthours,2026-02-01 14:00:00,47081.0
2026-02-01T14,SE,Southeast,NG,Net generation,48311,megawatthours,2026-02-01 14:00:00,48311.0
2026-02-01T14,SE,Southeast,TI,Total interchange,4130,megawatthours,2026-02-01 14:00:00,4130.0
2026-02-01T13,SE,Southeast,D,Demand,44785,megawatthours,2026-02-01 13:00:00,44785.0
2026-02-01T13,SE,Southeast,DF,Day-ahead demand forecast,46585,megawatthours,2026-02-01 13:00:00,46585.0
2026-02-01T13,SE,Southeast,NG,Net generation,48821,megawatthours,2026-02-01 13:00:00,48821.0
2026-02-01T13,SE,Southeast,TI,Total interchange,4046,megawatthours,2026-02-01 13:00:00,4046.0
2026-02-01T12,SE,Southeast,D,Demand,44850,megawatthours,2026-02-01 12:00:00,44850.0
2026-02-01T12,SE,Southeast,DF,Day-ahead demand forecast,45529,megawatthours,2026-02-01 12:00:00,45529.0
2026-02-01T12,SE,Southeast,NG,Net generation,47594,megawatthours,2026-02-01 12:00:00,47594.0
2026-02-01T12,SE,Southeast,TI,Total interchange,3507,megawatthours,2026-02-01 12:00:00,3507.0
2026-02-01T11,SE,Southeast,D,Demand,44080,megawatthours,2026-02-01 11:00:00,44080.0
2026-02-01T11,SE,Southeast,DF,Day-ahead demand forecast,44448,megawatthours,2026-02-01 11:00:00,44448.0
2026-02-01T11,SE,Southeast,NG,Net generation,46531,megawatthours,2026-02-01 11:00:00,46531.0
2026-02-01T11,SE,Southeast,TI,Total interchange,2913,megawatthours,2026-02-01 11:00:00,2913.0
2026-02-01T10,SE,Southeast,D,Demand,43430,megawatthours,2026-02-01 10:00:00,43430.0
2026-02-01T10,SE,Southeast,DF,Day-ahead demand forecast,43254,megawatthours,2026-02-01 10:00:00,43254.0
2026-02-01T10,SE,Southeast,NG,Net generation,44994,megawatthours,2026-02-01 10:00:00,44994.0
2026-02-01T10,SE,Southeast,TI,Total interchange,2033,megawatthours,2026-02-01 10:00:00,2033.0
2026-02-01T09,SE,Southeast,D,Demand,42942,megawatthours,2026-02-01 09:00:00,42942.0
2026-02-01T09,SE,Southeast,DF,Day-ahead demand forecast,42421,megawatthours,2026-02-01 09:00:00,42421.0
2026-02-01T09,SE,Southeast,NG,Net generation,44156,megawatthours,2026-02-01 09:00:00,44156.0
2026-02-01T09,SE,Southeast,TI,Total interchange,1739,megawatthours,2026-02-01 09:00:00,1739.0
2026-02-01T08,SE,Southeast,D,Demand,42684,megawatthours,2026-02-01 08:00:00,42684.0
2026-02-01T08,SE,Southeast,DF,Day-ahead demand forecast,42016,megawatthours,2026-02-01 08:00:00,42016.0
2026-02-01T08,SE,Southeast,NG,Net generation,43658,megawatthours,2026-02-01 08:00:00,43658.0
2026-02-01T08,SE,Southeast,TI,Total interchange,1492,megawatthours,2026-02-01 08:00:00,1492.0
2026-02-01T07,SE,Southeast,D,Demand,42702,megawatthours,2026-02-01 07:00:00,42702.0
2026-02-01T07,SE,Southeast,DF,Day-ahead demand forecast,42089,megawatthours,2026-02-01 07:00:00,42089.0
2026-02-01T07,SE,Southeast,NG,Net generation,43931,megawatthours,2026-02-01 07:00:00,43931.0
2026-02-01T07,SE,Southeast,TI,Total interchange,1680,megawatthours,2026-02-01 07:00:00,1680.0
2026-02-01T06,SE,Southeast,D,Demand,42091,megawatthours,2026-02-01 06:00:00,42091.0
2026-02-01T06,SE,Southeast,DF,Day-ahead demand forecast,40673,megawatthours,2026-02-01 06:00:00,40673.0
2026-02-01T06,SE,Southeast,NG,Net generation,43783,megawatthours,2026-02-01 06:00:00,43783.0
2026-02-01T06,SE,Southeast,TI,Total interchange,1697,megawatthours,2026-02-01 06:00:00,1697.0
2026-02-01T05,SE,Southeast,D,Demand,42478,megawatthours,2026-02-01 05:00:00,42478.0
2026-02-01T05,SE,Southeast,DF,Day-ahead demand forecast,40971,megawatthours,2026-02-01 05:00:00,40971.0
2026-02-01T05,SE,Southeast,NG,Net generation,43988,megawatthours,2026-02-01 05:00:00,43988.0
2026-02-01T05,SE,Southeast,TI,Total interchange,1515,megawatthours,2026-02-01 05:00:00,1515.0
2026-02-01T04,SE,Southeast,D,Demand,43114,megawatthours,2026-02-01 04:00:00,43114.0
2026-02-01T04,SE,Southeast,DF,Day-ahead demand forecast,41567,megawatthours,2026-02-01 04:00:00,41567.0
2026-02-01T04,SE,Southeast,NG,Net generation,44911,megawatthours,2026-02-01 04:00:00,44911.0
2026-02-01T04,SE,Southeast,TI,Total interchange,1806,megawatthours,2026-02-01 04:00:00,1806.0
2026-02-01T03,SE,Southeast,D,Demand,43855,megawatthours,2026-02-01 03:00:00,43855.0
2026-02-01T03,SE,Southeast,DF,Day-ahead demand forecast,42362,megawatthours,2026-02-01 03:00:00,42362.0
2026-02-01T03,SE,Southeast,NG,Net generation,45110,megawatthours,2026-02-01 03:00:00,45110.0
2026-02-01T03,SE,Southeast,TI,Total interchange,1257,megawatthours,2026-02-01 03:00:00,1257.0
2026-02-01T02,SE,Southeast,D,Demand,44185,megawatthours,2026-02-01 02:00:00,44185.0
2026-02-01T02,SE,Southeast,DF,Day-ahead demand forecast,42908,megawatthours,2026-02-01 02:00:00,42908.0
2026-02-01T02,SE,Southeast,NG,Net generation,45902,megawatthours,2026-02-01 02:00:00,45902.0
2026-02-01T02,SE,Southeast,TI,Total interchange,1724,megawatthours,2026-02-01 02:00:00,1724.0
2026-02-01T01,SE,Southeast,D,Demand,44110,megawatthours,2026-02-01 01:00:00,44110.0
2026-02-01T01,SE,Southeast,DF,Day-ahead demand forecast,43058,megawatthours,2026-02-01 01:00:00,43058.0
2026-02-01T01,SE,Southeast,NG,Net generation,45716,megawatthours,2026-02-01 01:00:00,45716.0
2026-02-01T01,SE,Southeast,TI,Total interchange,1610,megawatthours,2026-02-01 01:00:00,1610.0
2026-02-01T00,SE,Southeast,D,Demand,43378,megawatthours,2026-02-01 00:00:00,43378.0
2026-02-01T00,SE,Southeast,DF,Day-ahead demand forecast,41816,megawatthours,2026-02-01 00:00:00,41816.0
2026-02-01T00,SE,Southeast,NG,Net generation,44450,megawatthours,2026-02-01 00:00:00,44450.0
2026-02-01T00,SE,Southeast,TI,Total interchange,1074,megawatthours,2026-02-01 00:00:00,1074.0
2026-01-31T23,SE,Southeast,D,Demand,41304,megawatthours,2026-01-31 23:00:00,41304.0
2026-01-31T23,SE,Southeast,DF,Day-ahead demand forecast,39579,megawatthours,2026-01-31 23:00:00,39579.0
2026-01-31T23,SE,Southeast,NG,Net generation,42232,megawatthours,2026-01-31 23:00:00,42232.0
2026-01-31T23,SE,Southeast,TI,Total interchange,929,megawatthours,2026-01-31 23:00:00,929.0
2026-01-31T22,SE,Southeast,D,Demand,39479,megawatthours,2026-01-31 22:00:00,39479.0
2026-01-31T22,SE,Southeast,DF,Day-ahead demand forecast,37934,megawatthours,2026-01-31 22:00:00,37934.0
2026-01-31T22,SE,Southeast,NG,Net generation,40397,megawatthours,2026-01-31 22:00:00,40397.0
2026-01-31T22,SE,Southeast,TI,Total interchange,924,megawatthours,2026-01-31 22:00:00,924.0
2026-01-31T21,SE,Southeast,D,Demand,38870,megawatthours,2026-01-31 21:00:00,38870.0
2026-01-31T21,SE,Southeast,DF,Day-ahead demand forecast,37155,megawatthours,2026-01-31 21:00:00,37155.0
2026-01-31T21,SE,Southeast,NG,Net generation,40105,megawatthours,2026-01-31 21:00:00,40105.0
2026-01-31T21,SE,Southeast,TI,Total interchange,1229,megawatthours,2026-01-31 21:00:00,1229.0
2026-01-31T20,SE,Southeast,D,Demand,40090,megawatthours,2026-01-31 20:00:00,40090.0
2026-01-31T20,SE,Southeast,DF,Day-ahead demand forecast,36918,megawatthours,2026-01-31 20:00:00,36918.0
2026-01-31T20,SE,Southeast,NG,Net generation,39815,megawatthours,2026-01-31 20:00:00,39815.0
2026-01-31T20,SE,Southeast,TI,Total interchange,1030,megawatthours,2026-01-31 20:00:00,1030.0
2026-01-31T19,SE,Southeast,D,Demand,40054,megawatthours,2026-01-31 19:00:00,40054.0
2026-01-31T19,SE,Southeast,DF,Day-ahead demand forecast,37722,megawatthours,2026-01-31 19:00:00,37722.0
2026-01-31T19,SE,Southeast,NG,Net generation,39868,megawatthours,2026-01-31 19:00:00,39868.0
2026-01-31T19,SE,Southeast,TI,Total interchange,908,megawatthours,2026-01-31 19:00:00,908.0
2026-01-31T18,SE,Southeast,D,Demand,40058,megawatthours,2026-01-31 18:00:00,40058.0
2026-01-31T18,SE,Southeast,DF,Day-ahead demand forecast,39000,megawatthours,2026-01-31 18:00:00,39000.0
2026-01-31T18,SE,Southeast,NG,Net generation,40105,megawatthours,2026-01-31 18:00:00,40105.0
2026-01-31T18,SE,Southeast,TI,Total interchange,1072,megawatthours,2026-01-31 18:00:00,1072.0
2026-01-31T17,SE,Southeast,D,Demand,40075,megawatthours,2026-01-31 17:00:00,40075.0
2026-01-31T17,SE,Southeast,DF,Day-ahead demand forecast,39804,megawatthours,2026-01-31 17:00:00,39804.0
2026-01-31T17,SE,Southeast,NG,Net generation,40731,megawatthours,2026-01-31 17:00:00,40731.0
2026-01-31T17,SE,Southeast,TI,Total interchange,1578,megawatthours,2026-01-31 17:00:00,1578.0
2026-01-31T16,SE,Southeast,D,Demand,39666,megawatthours,2026-01-31 16:00:00,39666.0
2026-01-31T16,SE,Southeast,DF,Day-ahead demand forecast,40467,megawatthours,2026-01-31 16:00:00,40467.0
2026-01-31T16,SE,Southeast,NG,Net generation,40086,megawatthours,2026-01-31 16:00:00,40086.0
2026-01-31T16,SE,Southeast,TI,Total interchange,1468,megawatthours,2026-01-31 16:00:00,1468.0
2026-01-31T15,SE,Southeast,D,Demand,38847,megawatthours,2026-01-31 15:00:00,38847.0
2026-01-31T15,SE,Southeast,DF,Day-ahead demand forecast,40467,megawatthours,2026-01-31 15:00:00,40467.0
2026-01-31T15,SE,Southeast,NG,Net generation,38966,megawatthours,2026-01-31 15:00:00,38966.0
2026-01-31T15,SE,Southeast,TI,Total interchange,1470,megawatthours,2026-01-31 15:00:00,1470.0
2026-01-31T14,SE,Southeast,D,Demand,37472,megawatthours,2026-01-31 14:00:00,37472.0
2026-01-31T14,SE,Southeast,DF,Day-ahead demand forecast,39195,megawatthours,2026-01-31 14:00:00,39195.0
2026-01-31T14,SE,Southeast,NG,Net generation,38243,megawatthours,2026-01-31 14:00:00,38243.0
2026-01-31T14,SE,Southeast,TI,Total interchange,1580,megawatthours,2026-01-31 14:00:00,1580.0
2026-01-31T13,SE,Southeast,D,Demand,35855,megawatthours,2026-01-31 13:00:00,35855.0
2026-01-31T13,SE,Southeast,DF,Day-ahead demand forecast,37208,megawatthours,2026-01-31 13:00:00,37208.0
2026-01-31T13,SE,Southeast,NG,Net generation,37447,megawatthours,2026-01-31 13:00:00,37447.0
2026-01-31T13,SE,Southeast,TI,Total interchange,1811,megawatthours,2026-01-31 13:00:00,1811.0
2026-01-31T12,SE,Southeast,D,Demand,34039,megawatthours,2026-01-31 12:00:00,34039.0
2026-01-31T12,SE,Southeast,DF,Day-ahead demand forecast,35159,megawatthours,2026-01-31 12:00:00,35159.0
2026-01-31T12,SE,Southeast,NG,Net generation,36160,megawatthours,2026-01-31 12:00:00,36160.0
2026-01-31T12,SE,Southeast,TI,Total interchange,2275,megawatthours,2026-01-31 12:00:00,2275.0
2026-01-31T11,SE,Southeast,D,Demand,32571,megawatthours,2026-01-31 11:00:00,32571.0
2026-01-31T11,SE,Southeast,DF,Day-ahead demand forecast,33358,megawatthours,2026-01-31 11:00:00,33358.0
2026-01-31T11,SE,Southeast,NG,Net generation,35058,megawatthours,2026-01-31 11:00:00,35058.0
2026-01-31T11,SE,Southeast,TI,Total interchange,2631,megawatthours,2026-01-31 11:00:00,2631.0
2026-01-31T10,SE,Southeast,D,Demand,31544,megawatthours,2026-01-31 10:00:00,31544.0
2026-01-31T10,SE,Southeast,DF,Day-ahead demand forecast,31805,megawatthours,2026-01-31 10:00:00,31805.0
2026-01-31T10,SE,Southeast,NG,Net generation,33249,megawatthours,2026-01-31 10:00:00,33249.0
2026-01-31T10,SE,Southeast,TI,Total interchange,1824,megawatthours,2026-01-31 10:00:00,1824.0
2026-01-31T09,SE,Southeast,D,Demand,30819,megawatthours,2026-01-31 09:00:00,30819.0
2026-01-31T09,SE,Southeast,DF,Day-ahead demand forecast,30688,megawatthours,2026-01-31 09:00:00,30688.0
2026-01-31T09,SE,Southeast,NG,Net generation,32421,megawatthours,2026-01-31 09:00:00,32421.0
2026-01-31T09,SE,Southeast,TI,Total interchange,1711,megawatthours,2026-01-31 09:00:00,1711.0
2026-01-31T08,SE,Southeast,D,Demand,30378,megawatthours,2026-01-31 08:00:00,30378.0
2026-01-31T08,SE,Southeast,DF,Day-ahead demand forecast,30045,megawatthours,2026-01-31 08:00:00,30045.0
2026-01-31T08,SE,Southeast,NG,Net generation,32102,megawatthours,2026-01-31 08:00:00,32102.0
2026-01-31T08,SE,Southeast,TI,Total interchange,1827,megawatthours,2026-01-31 08:00:00,1827.0
2026-01-31T07,SE,Southeast,D,Demand,30122,megawatthours,2026-01-31 07:00:00,30122.0
2026-01-31T07,SE,Southeast,DF,Day-ahead demand forecast,29835,megawatthours,2026-01-31 07:00:00,29835.0
2026-01-31T07,SE,Southeast,NG,Net generation,31913,megawatthours,2026-01-31 07:00:00,31913.0
2026-01-31T07,SE,Southeast,TI,Total interchange,1885,megawatthours,2026-01-31 07:00:00,1885.0
2026-01-31T06,SE,Southeast,D,Demand,29946,megawatthours,2026-01-31 06:00:00,29946.0
2026-01-31T06,SE,Southeast,DF,Day-ahead demand forecast,31903,megawatthours,2026-01-31 06:00:00,31903.0
2026-01-31T06,SE,Southeast,NG,Net generation,31920,megawatthours,2026-01-31 06:00:00,31920.0
2026-01-31T06,SE,Southeast,TI,Total interchange,1971,megawatthours,2026-01-31 06:00:00,1971.0
2026-01-31T05,SE,Southeast,D,Demand,30427,megawatthours,2026-01-31 05:00:00,30427.0
2026-01-31T05,SE,Southeast,DF,Day-ahead demand forecast,32423,megawatthours,2026-01-31 05:00:00,32423.0
2026-01-31T05,SE,Southeast,NG,Net generation,31968,megawatthours,2026-01-31 05:00:00,31968.0
2026-01-31T05,SE,Southeast,TI,Total interchange,1537,megawatthours,2026-01-31 05:00:00,1537.0
2026-01-31T04,SE,Southeast,D,Demand,30842,megawatthours,2026-01-31 04:00:00,30842.0
2026-01-31T04,SE,Southeast,DF,Day-ahead demand forecast,33133,megawatthours,2026-01-31 04:00:00,33133.0
2026-01-31T04,SE,Southeast,NG,Net generation,32074,megawatthours,2026-01-31 04:00:00,32074.0
2026-01-31T04,SE,Southeast,TI,Total interchange,1231,megawatthours,2026-01-31 04:00:00,1231.0
2026-01-31T03,SE,Southeast,D,Demand,31240,megawatthours,2026-01-31 03:00:00,31240.0
2026-01-31T03,SE,Southeast,DF,Day-ahead demand forecast,33796,megawatthours,2026-01-31 03:00:00,33796.0
2026-01-31T03,SE,Southeast,NG,Net generation,32350,megawatthours,2026-01-31 03:00:00,32350.0
2026-01-31T03,SE,Southeast,TI,Total interchange,1105,megawatthours,2026-01-31 03:00:00,1105.0
2026-01-31T02,SE,Southeast,D,Demand,31079,megawatthours,2026-01-31 02:00:00,31079.0
2026-01-31T02,SE,Southeast,DF,Day-ahead demand forecast,33937,megawatthours,2026-01-31 02:00:00,33937.0
2026-01-31T02,SE,Southeast,NG,Net generation,32585,megawatthours,2026-01-31 02:00:00,32585.0
2026-01-31T02,SE,Southeast,TI,Total interchange,1509,megawatthours,2026-01-31 02:00:00,1509.0
2026-01-31T01,SE,Southeast,D,Demand,30861,megawatthours,2026-01-31 01:00:00,30861.0
2026-01-31T01,SE,Southeast,DF,Day-ahead demand forecast,33937,megawatthours,2026-01-31 01:00:00,33937.0
2026-01-31T01,SE,Southeast,NG,Net generation,32544,megawatthours,2026-01-31 01:00:00,32544.0
2026-01-31T01,SE,Southeast,TI,Total interchange,1679,megawatthours,2026-01-31 01:00:00,1679.0
2026-01-31T00,SE,Southeast,D,Demand,29814,megawatthours,2026-01-31 00:00:00,29814.0
2026-01-31T00,SE,Southeast,DF,Day-ahead demand forecast,33086,megawatthours,2026-01-31 00:00:00,33086.0
2026-01-31T00,SE,Southeast,NG,Net generation,31057,megawatthours,2026-01-31 00:00:00,31057.0
2026-01-31T00,SE,Southeast,TI,Total interchange,1244,megawatthours,2026-01-31 00:00:00,1244.0
2026-01-30T23,SE,Southeast,D,Demand,28129,megawatthours,2026-01-30 23:00:00,28129.0
2026-01-30T23,SE,Southeast,DF,Day-ahead demand forecast,31525,megawatthours,2026-01-30 23:00:00,31525.0
2026-01-30T23,SE,Southeast,NG,Net generation,28775,megawatthours,2026-01-30 23:00:00,28775.0
2026-01-30T23,SE,Southeast,TI,Total interchange,645,megawatthours,2026-01-30 23:00:00,645.0
2026-01-30T22,SE,Southeast,D,Demand,26744,megawatthours,2026-01-30 22:00:00,26744.0
2026-01-30T22,SE,Southeast,DF,Day-ahead demand forecast,30578,megawatthours,2026-01-30 22:00:00,30578.0
2026-01-30T22,SE,Southeast,NG,Net generation,27611,megawatthours,2026-01-30 22:00:00,27611.0
2026-01-30T22,SE,Southeast,TI,Total interchange,863,megawatthours,2026-01-30 22:00:00,863.0
2026-01-30T21,SE,Southeast,D,Demand,26691,megawatthours,2026-01-30 21:00:00,26691.0
2026-01-30T21,SE,Southeast,DF,Day-ahead demand forecast,30389,megawatthours,2026-01-30 21:00:00,30389.0
2026-01-30T21,SE,Southeast,NG,Net generation,27665,megawatthours,2026-01-30 21:00:00,27665.0
2026-01-30T21,SE,Southeast,TI,Total interchange,973,megawatthours,2026-01-30 21:00:00,973.0
2026-01-30T20,SE,Southeast,D,Demand,26987,megawatthours,2026-01-30 20:00:00,26987.0
2026-01-30T20,SE,Southeast,DF,Day-ahead demand forecast,30768,megawatthours,2026-01-30 20:00:00,30768.0
2026-01-30T20,SE,Southeast,NG,Net generation,28399,megawatthours,2026-01-30 20:00:00,28399.0
2026-01-30T20,SE,Southeast,TI,Total interchange,1410,megawatthours,2026-01-30 20:00:00,1410.0
2026-01-30T19,SE,Southeast,D,Demand,27536,megawatthours,2026-01-30 19:00:00,27536.0
2026-01-30T19,SE,Southeast,DF,Day-ahead demand forecast,31666,megawatthours,2026-01-30 19:00:00,31666.0
2026-01-30T19,SE,Southeast,NG,Net generation,29547,megawatthours,2026-01-30 19:00:00,29547.0
2026-01-30T19,SE,Southeast,TI,Total interchange,2010,megawatthours,2026-01-30 19:00:00,2010.0
2026-01-30T18,SE,Southeast,D,Demand,28641,megawatthours,2026-01-30 18:00:00,28641.0
2026-01-30T18,SE,Southeast,DF,Day-ahead demand forecast,32802,megawatthours,2026-01-30 18:00:00,32802.0
2026-01-30T18,SE,Southeast,NG,Net generation,30641,megawatthours,2026-01-30 18:00:00,30641.0
2026-01-30T18,SE,Southeast,TI,Total interchange,2000,megawatthours,2026-01-30 18:00:00,2000.0
2026-01-30T17,SE,Southeast,D,Demand,30226,megawatthours,2026-01-30 17:00:00,30226.0
2026-01-30T17,SE,Southeast,DF,Day-ahead demand forecast,34316,megawatthours,2026-01-30 17:00:00,34316.0
2026-01-30T17,SE,Southeast,NG,Net generation,31464,megawatthours,2026-01-30 17:00:00,31464.0
2026-01-30T17,SE,Southeast,TI,Total interchange,1245,megawatthours,2026-01-30 17:00:00,1245.0
2026-01-30T16,SE,Southeast,D,Demand,32476,megawatthours,2026-01-30 16:00:00,32476.0
2026-01-30T16,SE,Southeast,DF,Day-ahead demand forecast,35876,megawatthours,2026-01-30 16:00:00,35876.0
2026-01-30T16,SE,Southeast,NG,Net generation,33524,megawatthours,2026-01-30 16:00:00,33524.0
2026-01-30T16,SE,Southeast,TI,Total interchange,1054,megawatthours,2026-01-30 16:00:00,1054.0
2026-01-30T15,SE,Southeast,D,Demand,35305,megawatthours,2026-01-30 15:00:00,35305.0
2026-01-30T15,SE,Southeast,DF,Day-ahead demand forecast,37959,megawatthours,2026-01-30 15:00:00,37959.0
2026-01-30T15,SE,Southeast,NG,Net generation,36739,megawatthours,2026-01-30 15:00:00,36739.0
2026-01-30T15,SE,Southeast,TI,Total interchange,1439,megawatthours,2026-01-30 15:00:00,1439.0
2026-01-30T14,SE,Southeast,D,Demand,38286,megawatthours,2026-01-30 14:00:00,38286.0
2026-01-30T14,SE,Southeast,DF,Day-ahead demand forecast,39189,megawatthours,2026-01-30 14:00:00,39189.0
2026-01-30T14,SE,Southeast,NG,Net generation,40328,megawatthours,2026-01-30 14:00:00,40328.0
2026-01-30T14,SE,Southeast,TI,Total interchange,2043,megawatthours,2026-01-30 14:00:00,2043.0
2026-01-30T13,SE,Southeast,D,Demand,39309,megawatthours,2026-01-30 13:00:00,39309.0
2026-01-30T13,SE,Southeast,DF,Day-ahead demand forecast,40088,megawatthours,2026-01-30 13:00:00,40088.0
2026-01-30T13,SE,Southeast,NG,Net generation,40986,megawatthours,2026-01-30 13:00:00,40986.0
2026-01-30T13,SE,Southeast,TI,Total interchange,1686,megawatthours,2026-01-30 13:00:00,1686.0
2026-01-30T12,SE,Southeast,D,Demand,37810,megawatthours,2026-01-30 12:00:00,37810.0
2026-01-30T12,SE,Southeast,DF,Day-ahead demand forecast,38716,megawatthours,2026-01-30 12:00:00,38716.0
2026-01-30T12,SE,Southeast,NG,Net generation,39698,megawatthours,2026-01-30 12:00:00,39698.0
2026-01-30T12,SE,Southeast,TI,Total interchange,1892,megawatthours,2026-01-30 12:00:00,1892.0
2026-01-30T11,SE,Southeast,D,Demand,35538,megawatthours,2026-01-30 11:00:00,35538.0
2026-01-30T11,SE,Southeast,DF,Day-ahead demand forecast,36256,megawatthours,2026-01-30 11:00:00,36256.0
2026-01-30T11,SE,Southeast,NG,Net generation,37291,megawatthours,2026-01-30 11:00:00,37291.0
2026-01-30T11,SE,Southeast,TI,Total interchange,1770,megawatthours,2026-01-30 11:00:00,1770.0
2026-01-30T10,SE,Southeast,D,Demand,33926,megawatthours,2026-01-30 10:00:00,33926.0
2026-01-30T10,SE,Southeast,DF,Day-ahead demand forecast,34032,megawatthours,2026-01-30 10:00:00,34032.0
2026-01-30T10,SE,Southeast,NG,Net generation,35417,megawatthours,2026-01-30 10:00:00,35417.0
2026-01-30T10,SE,Southeast,TI,Total interchange,1500,megawatthours,2026-01-30 10:00:00,1500.0
2026-01-30T09,SE,Southeast,D,Demand,33026,megawatthours,2026-01-30 09:00:00,33026.0
2026-01-30T09,SE,Southeast,DF,Day-ahead demand forecast,33180,megawatthours,2026-01-30 09:00:00,33180.0
2026-01-30T09,SE,Southeast,NG,Net generation,34273,megawatthours,2026-01-30 09:00:00,34273.0
2026-01-30T09,SE,Southeast,TI,Total interchange,1260,megawatthours,2026-01-30 09:00:00,1260.0
2026-01-30T08,SE,Southeast,D,Demand,32512,megawatthours,2026-01-30 08:00:00,32512.0
2026-01-30T08,SE,Southeast,DF,Day-ahead demand forecast,32804,megawatthours,2026-01-30 08:00:00,32804.0
2026-01-30T08,SE,Southeast,NG,Net generation,33744,megawatthours,2026-01-30 08:00:00,33744.0
2026-01-30T08,SE,Southeast,TI,Total interchange,1228,megawatthours,2026-01-30 08:00:00,1228.0
2026-01-30T07,SE,Southeast,D,Demand,32199,megawatthours,2026-01-30 07:00:00,32199.0
2026-01-30T07,SE,Southeast,DF,Day-ahead demand forecast,32555,megawatthours,2026-01-30 07:00:00,32555.0
2026-01-30T07,SE,Southeast,NG,Net generation,33808,megawatthours,2026-01-30 07:00:00,33808.0
2026-01-30T07,SE,Southeast,TI,Total interchange,1606,megawatthours,2026-01-30 07:00:00,1606.0
2026-01-30T06,SE,Southeast,D,Demand,32056,megawatthours,2026-01-30 06:00:00,32056.0
2026-01-30T06,SE,Southeast,DF,Day-ahead demand forecast,32565,megawatthours,2026-01-30 06:00:00,32565.0
2026-01-30T06,SE,Southeast,NG,Net generation,33309,megawatthours,2026-01-30 06:00:00,33309.0
2026-01-30T06,SE,Southeast,TI,Total interchange,1248,megawatthours,2026-01-30 06:00:00,1248.0
2026-01-30T05,SE,Southeast,D,Demand,32271,megawatthours,2026-01-30 05:00:00,32271.0
2026-01-30T05,SE,Southeast,DF,Day-ahead demand forecast,33086,megawatthours,2026-01-30 05:00:00,33086.0
2026-01-30T05,SE,Southeast,NG,Net generation,33278,megawatthours,2026-01-30 05:00:00,33278.0
2026-01-30T05,SE,Southeast,TI,Total interchange,1005,megawatthours,2026-01-30 05:00:00,1005.0
2026-01-30T04,SE,Southeast,D,Demand,32905,megawatthours,2026-01-30 04:00:00,32905.0
2026-01-30T04,SE,Southeast,DF,Day-ahead demand forecast,34174,megawatthours,2026-01-30 04:00:00,34174.0
2026-01-30T04,SE,Southeast,NG,Net generation,34222,megawatthours,2026-01-30 04:00:00,34222.0
2026-01-30T04,SE,Southeast,TI,Total interchange,1315,megawatthours,2026-01-30 04:00:00,1315.0
2026-01-30T03,SE,Southeast,D,Demand,33526,megawatthours,2026-01-30 03:00:00,33526.0
2026-01-30T03,SE,Southeast,DF,Day-ahead demand forecast,35262,megawatthours,2026-01-30 03:00:00,35262.0
2026-01-30T03,SE,Southeast,NG,Net generation,34954,megawatthours,2026-01-30 03:00:00,34954.0
2026-01-30T03,SE,Southeast,TI,Total interchange,1431,megawatthours,2026-01-30 03:00:00,1431.0
2026-01-30T02,SE,Southeast,D,Demand,33471,megawatthours,2026-01-30 02:00:00,33471.0
2026-01-30T02,SE,Southeast,DF,Day-ahead demand forecast,35877,megawatthours,2026-01-30 02:00:00,35877.0
2026-01-30T02,SE,Southeast,NG,Net generation,34727,megawatthours,2026-01-30 02:00:00,34727.0
2026-01-30T02,SE,Southeast,TI,Total interchange,1261,megawatthours,2026-01-30 02:00:00,1261.0
2026-01-30T01,SE,Southeast,D,Demand,32966,megawatthours,2026-01-30 01:00:00,32966.0
2026-01-30T01,SE,Southeast,DF,Day-ahead demand forecast,35783,megawatthours,2026-01-30 01:00:00,35783.0
2026-01-30T01,SE,Southeast,NG,Net generation,34526,megawatthours,2026-01-30 01:00:00,34526.0
2026-01-30T01,SE,Southeast,TI,Total interchange,1564,megawatthours,2026-01-30 01:00:00,1564.0
2026-01-30T00,SE,Southeast,D,Demand,31587,megawatthours,2026-01-30 00:00:00,31587.0
2026-01-30T00,SE,Southeast,DF,Day-ahead demand forecast,34742,megawatthours,2026-01-30 00:00:00,34742.0
2026-01-30T00,SE,Southeast,NG,Net generation,33032,megawatthours,2026-01-30 00:00:00,33032.0
2026-01-30T00,SE,Southeast,TI,Total interchange,1449,megawatthours,2026-01-30 00:00:00,1449.0
2026-01-29T23,SE,Southeast,D,Demand,29352,megawatthours,2026-01-29 23:00:00,29352.0
2026-01-29T23,SE,Southeast,DF,Day-ahead demand forecast,32987,megawatthours,2026-01-29 23:00:00,32987.0
2026-01-29T23,SE,Southeast,NG,Net generation,31344,megawatthours,2026-01-29 23:00:00,31344.0
2026-01-29T23,SE,Southeast,TI,Total interchange,1992,megawatthours,2026-01-29 23:00:00,1992.0
2026-01-29T22,SE,Southeast,D,Demand,27790,megawatthours,2026-01-29 22:00:00,27790.0
2026-01-29T22,SE,Southeast,DF,Day-ahead demand forecast,31619,megawatthours,2026-01-29 22:00:00,31619.0
2026-01-29T22,SE,Southeast,NG,Net generation,29509,megawatthours,2026-01-29 22:00:00,29509.0
2026-01-29T22,SE,Southeast,TI,Total interchange,1717,megawatthours,2026-01-29 22:00:00,1717.0
2026-01-29T21,SE,Southeast,D,Demand,26734,megawatthours,2026-01-29 21:00:00,26734.0
2026-01-29T21,SE,Southeast,DF,Day-ahead demand forecast,31383,megawatthours,2026-01-29 21:00:00,31383.0
2026-01-29T21,SE,Southeast,NG,Net generation,28557,megawatthours,2026-01-29 21:00:00,28557.0
2026-01-29T21,SE,Southeast,TI,Total interchange,1822,megawatthours,2026-01-29 21:00:00,1822.0
2026-01-29T20,SE,Southeast,D,Demand,26618,megawatthours,2026-01-29 20:00:00,26618.0
2026-01-29T20,SE,Southeast,DF,Day-ahead demand forecast,31808,megawatthours,2026-01-29 20:00:00,31808.0
2026-01-29T20,SE,Southeast,NG,Net generation,28269,megawatthours,2026-01-29 20:00:00,28269.0
2026-01-29T20,SE,Southeast,TI,Total interchange,1650,megawatthours,2026-01-29 20:00:00,1650.0
2026-01-29T19,SE,Southeast,D,Demand,27362,megawatthours,2026-01-29 19:00:00,27362.0
2026-01-29T19,SE,Southeast,DF,Day-ahead demand forecast,32707,megawatthours,2026-01-29 19:00:00,32707.0
2026-01-29T19,SE,Southeast,NG,Net generation,28962,megawatthours,2026-01-29 19:00:00,28962.0
2026-01-29T19,SE,Southeast,TI,Total interchange,1600,megawatthours,2026-01-29 19:00:00,1600.0
2026-01-29T18,SE,Southeast,D,Demand,28562,megawatthours,2026-01-29 18:00:00,28562.0
2026-01-29T18,SE,Southeast,DF,Day-ahead demand forecast,33890,megawatthours,2026-01-29 18:00:00,33890.0
2026-01-29T18,SE,Southeast,NG,Net generation,29872,megawatthours,2026-01-29 18:00:00,29872.0
2026-01-29T18,SE,Southeast,TI,Total interchange,1309,megawatthours,2026-01-29 18:00:00,1309.0
2026-01-29T17,SE,Southeast,D,Demand,30471,megawatthours,2026-01-29 17:00:00,30471.0
2026-01-29T17,SE,Southeast,DF,Day-ahead demand forecast,35262,megawatthours,2026-01-29 17:00:00,35262.0
2026-01-29T17,SE,Southeast,NG,Net generation,31602,megawatthours,2026-01-29 17:00:00,31602.0
2026-01-29T17,SE,Southeast,TI,Total interchange,1134,megawatthours,2026-01-29 17:00:00,1134.0
2026-01-29T16,SE,Southeast,D,Demand,32492,megawatthours,2026-01-29 16:00:00,32492.0
2026-01-29T16,SE,Southeast,DF,Day-ahead demand forecast,37115,megawatthours,2026-01-29 16:00:00,37115.0
2026-01-29T16,SE,Southeast,NG,Net generation,33452,megawatthours,2026-01-29 16:00:00,33452.0
2026-01-29T16,SE,Southeast,TI,Total interchange,965,megawatthours,2026-01-29 16:00:00,965.0
2026-01-29T15,SE,Southeast,D,Demand,35058,megawatthours,2026-01-29 15:00:00,35058.0
2026-01-29T15,SE,Southeast,DF,Day-ahead demand forecast,39323,megawatthours,2026-01-29 15:00:00,39323.0
2026-01-29T15,SE,Southeast,NG,Net generation,36712,megawatthours,2026-01-29 15:00:00,36712.0
2026-01-29T15,SE,Southeast,TI,Total interchange,1660,megawatthours,2026-01-29 15:00:00,1660.0
2026-01-29T14,SE,Southeast,D,Demand,38803,megawatthours,2026-01-29 14:00:00,38803.0
2026-01-29T14,SE,Southeast,DF,Day-ahead demand forecast,40528,megawatthours,2026-01-29 14:00:00,40528.0
2026-01-29T14,SE,Southeast,NG,Net generation,40284,megawatthours,2026-01-29 14:00:00,40284.0
2026-01-29T14,SE,Southeast,TI,Total interchange,1484,megawatthours,2026-01-29 14:00:00,1484.0
2026-01-29T13,SE,Southeast,D,Demand,40542,megawatthours,2026-01-29 13:00:00,40542.0
2026-01-29T13,SE,Southeast,DF,Day-ahead demand forecast,40779,megawatthours,2026-01-29 13:00:00,40779.0
2026-01-29T13,SE,Southeast,NG,Net generation,42234,megawatthours,2026-01-29 13:00:00,42234.0
2026-01-29T13,SE,Southeast,TI,Total interchange,1698,megawatthours,2026-01-29 13:00:00,1698.0
2026-01-29T12,SE,Southeast,D,Demand,39008,megawatthours,2026-01-29 12:00:00,39008.0
2026-01-29T12,SE,Southeast,DF,Day-ahead demand forecast,39575,megawatthours,2026-01-29 12:00:00,39575.0
2026-01-29T12,SE,Southeast,NG,Net generation,40242,megawatthours,2026-01-29 12:00:00,40242.0
2026-01-29T12,SE,Southeast,TI,Total interchange,1244,megawatthours,2026-01-29 12:00:00,1244.0
2026-01-29T11,SE,Southeast,D,Demand,36396,megawatthours,2026-01-29 11:00:00,36396.0
2026-01-29T11,SE,Southeast,DF,Day-ahead demand forecast,37216,megawatthours,2026-01-29 11:00:00,37216.0
2026-01-29T11,SE,Southeast,NG,Net generation,37483,megawatthours,2026-01-29 11:00:00,37483.0
2026-01-29T11,SE,Southeast,TI,Total interchange,1100,megawatthours,2026-01-29 11:00:00,1100.0
2026-01-29T10,SE,Southeast,D,Demand,34443,megawatthours,2026-01-29 10:00:00,34443.0
2026-01-29T10,SE,Southeast,DF,Day-ahead demand forecast,35109,megawatthours,2026-01-29 10:00:00,35109.0
2026-01-29T10,SE,Southeast,NG,Net generation,35562,megawatthours,2026-01-29 10:00:00,35562.0
2026-01-29T10,SE,Southeast,TI,Total interchange,1129,megawatthours,2026-01-29 10:00:00,1129.0
2026-01-29T09,SE,Southeast,D,Demand,33418,megawatthours,2026-01-29 09:00:00,33418.0
2026-01-29T09,SE,Southeast,DF,Day-ahead demand forecast,33854,megawatthours,2026-01-29 09:00:00,33854.0
2026-01-29T09,SE,Southeast,NG,Net generation,34382,megawatthours,2026-01-29 09:00:00,34382.0
2026-01-29T09,SE,Southeast,TI,Total interchange,967,megawatthours,2026-01-29 09:00:00,967.0
2026-01-29T08,SE,Southeast,D,Demand,32787,megawatthours,2026-01-29 08:00:00,32787.0
2026-01-29T08,SE,Southeast,DF,Day-ahead demand forecast,33252,megawatthours,2026-01-29 08:00:00,33252.0
2026-01-29T08,SE,Southeast,NG,Net generation,34001,megawatthours,2026-01-29 08:00:00,34001.0
2026-01-29T08,SE,Southeast,TI,Total interchange,1213,megawatthours,2026-01-29 08:00:00,1213.0
2026-01-29T07,SE,Southeast,D,Demand,32840,megawatthours,2026-01-29 07:00:00,32840.0
2026-01-29T07,SE,Southeast,DF,Day-ahead demand forecast,32801,megawatthours,2026-01-29 07:00:00,32801.0
2026-01-29T07,SE,Southeast,NG,Net generation,34095,megawatthours,2026-01-29 07:00:00,34095.0
2026-01-29T07,SE,Southeast,TI,Total interchange,1251,megawatthours,2026-01-29 07:00:00,1251.0
2026-01-29T06,SE,Southeast,D,Demand,32674,megawatthours,2026-01-29 06:00:00,32674.0
2026-01-29T06,SE,Southeast,DF,Day-ahead demand forecast,33668,megawatthours,2026-01-29 06:00:00,33668.0
2026-01-29T06,SE,Southeast,NG,Net generation,33897,megawatthours,2026-01-29 06:00:00,33897.0
2026-01-29T06,SE,Southeast,TI,Total interchange,1276,megawatthours,2026-01-29 06:00:00,1276.0
2026-01-29T05,SE,Southeast,D,Demand,33001,megawatthours,2026-01-29 05:00:00,33001.0
2026-01-29T05,SE,Southeast,DF,Day-ahead demand forecast,34538,megawatthours,2026-01-29 05:00:00,34538.0
2026-01-29T05,SE,Southeast,NG,Net generation,33889,megawatthours,2026-01-29 05:00:00,33889.0
2026-01-29T05,SE,Southeast,TI,Total interchange,943,megawatthours,2026-01-29 05:00:00,943.0
2026-01-29T04,SE,Southeast,D,Demand,33703,megawatthours,2026-01-29 04:00:00,33703.0
2026-01-29T04,SE,Southeast,DF,Day-ahead demand forecast,35407,megawatthours,2026-01-29 04:00:00,35407.0
2026-01-29T04,SE,Southeast,NG,Net generation,34865,megawatthours,2026-01-29 04:00:00,34865.0
2026-01-29T04,SE,Southeast,TI,Total interchange,1219,megawatthours,2026-01-29 04:00:00,1219.0
2026-01-29T03,SE,Southeast,D,Demand,34359,megawatthours,2026-01-29 03:00:00,34359.0
2026-01-29T03,SE,Southeast,DF,Day-ahead demand forecast,36028,megawatthours,2026-01-29 03:00:00,36028.0
2026-01-29T03,SE,Southeast,NG,Net generation,35385,megawatthours,2026-01-29 03:00:00,35385.0
2026-01-29T03,SE,Southeast,TI,Total interchange,1092,megawatthours,2026-01-29 03:00:00,1092.0
2026-01-29T02,SE,Southeast,D,Demand,34486,megawatthours,2026-01-29 02:00:00,34486.0
2026-01-29T02,SE,Southeast,DF,Day-ahead demand forecast,36711,megawatthours,2026-01-29 02:00:00,36711.0
2026-01-29T02,SE,Southeast,NG,Net generation,35546,megawatthours,2026-01-29 02:00:00,35546.0
2026-01-29T02,SE,Southeast,TI,Total interchange,1126,megawatthours,2026-01-29 02:00:00,1126.0
2026-01-29T01,SE,Southeast,D,Demand,33836,megawatthours,2026-01-29 01:00:00,33836.0
2026-01-29T01,SE,Southeast,DF,Day-ahead demand forecast,36649,megawatthours,2026-01-29 01:00:00,36649.0
2026-01-29T01,SE,Southeast,NG,Net generation,34730,megawatthours,2026-01-29 01:00:00,34730.0
2026-01-29T01,SE,Southeast,TI,Total interchange,983,megawatthours,2026-01-29 01:00:00,983.0
2026-01-29T00,SE,Southeast,D,Demand,32383,megawatthours,2026-01-29 00:00:00,32383.0
2026-01-29T00,SE,Southeast,DF,Day-ahead demand forecast,35904,megawatthours,2026-01-29 00:00:00,35904.0
2026-01-29T00,SE,Southeast,NG,Net generation,33138,megawatthours,2026-01-29 00:00:00,33138.0
2026-01-29T00,SE,Southeast,TI,Total interchange,844,megawatthours,2026-01-29 00:00:00,844.0
2026-01-28T23,SE,Southeast,D,Demand,30061,megawatthours,2026-01-28 23:00:00,30061.0
2026-01-28T23,SE,Southeast,DF,Day-ahead demand forecast,33979,megawatthours,2026-01-28 23:00:00,33979.0
2026-01-28T23,SE,Southeast,NG,Net generation,30391,megawatthours,2026-01-28 23:00:00,30391.0
2026-01-28T23,SE,Southeast,TI,Total interchange,948,megawatthours,2026-01-28 23:00:00,948.0
2026-01-28T22,SE,Southeast,D,Demand,28945,megawatthours,2026-01-28 22:00:00,28945.0
2026-01-28T22,SE,Southeast,DF,Day-ahead demand forecast,32240,megawatthours,2026-01-28 22:00:00,32240.0
2026-01-28T22,SE,Southeast,NG,Net generation,28280,megawatthours,2026-01-28 22:00:00,28280.0
2026-01-28T22,SE,Southeast,TI,Total interchange,1561,megawatthours,2026-01-28 22:00:00,1561.0
2026-01-28T21,SE,Southeast,D,Demand,28990,megawatthours,2026-01-28 21:00:00,28990.0
2026-01-28T21,SE,Southeast,DF,Day-ahead demand forecast,31557,megawatthours,2026-01-28 21:00:00,31557.0
2026-01-28T21,SE,Southeast,NG,Net generation,28217,megawatthours,2026-01-28 21:00:00,28217.0
2026-01-28T21,SE,Southeast,TI,Total interchange,2164,megawatthours,2026-01-28 21:00:00,2164.0
2026-01-28T20,SE,Southeast,D,Demand,29598,megawatthours,2026-01-28 20:00:00,29598.0
2026-01-28T20,SE,Southeast,DF,Day-ahead demand forecast,31619,megawatthours,2026-01-28 20:00:00,31619.0
2026-01-28T20,SE,Southeast,NG,Net generation,28846,megawatthours,2026-01-28 20:00:00,28846.0
2026-01-28T20,SE,Southeast,TI,Total interchange,2266,megawatthours,2026-01-28 20:00:00,2266.0
2026-01-28T19,SE,Southeast,D,Demand,30814,megawatthours,2026-01-28 19:00:00,30814.0
2026-01-28T19,SE,Southeast,DF,Day-ahead demand forecast,32675,megawatthours,2026-01-28 19:00:00,32675.0
2026-01-28T19,SE,Southeast,NG,Net generation,29366,megawatthours,2026-01-28 19:00:00,29366.0
2026-01-28T19,SE,Southeast,TI,Total interchange,1533,megawatthours,2026-01-28 19:00:00,1533.0
2026-01-28T18,SE,Southeast,D,Demand,32199,megawatthours,2026-01-28 18:00:00,32199.0
2026-01-28T18,SE,Southeast,DF,Day-ahead demand forecast,33917,megawatthours,2026-01-28 18:00:00,33917.0
2026-01-28T18,SE,Southeast,NG,Net generation,30595,megawatthours,2026-01-28 18:00:00,30595.0
2026-01-28T18,SE,Southeast,TI,Total interchange,1434,megawatthours,2026-01-28 18:00:00,1434.0
2026-01-28T17,SE,Southeast,D,Demand,34196,megawatthours,2026-01-28 17:00:00,34196.0
2026-01-28T17,SE,Southeast,DF,Day-ahead demand forecast,35593,megawatthours,2026-01-28 17:00:00,35593.0
2026-01-28T17,SE,Southeast,NG,Net generation,32871,megawatthours,2026-01-28 17:00:00,32871.0
2026-01-28T17,SE,Southeast,TI,Total interchange,1558,megawatthours,2026-01-28 17:00:00,1558.0
2026-01-28T16,SE,Southeast,D,Demand,36483,megawatthours,2026-01-28 16:00:00,36483.0
2026-01-28T16,SE,Southeast,DF,Day-ahead demand forecast,37332,megawatthours,2026-01-28 16:00:00,37332.0
2026-01-28T16,SE,Southeast,NG,Net generation,35411,megawatthours,2026-01-28 16:00:00,35411.0
2026-01-28T16,SE,Southeast,TI,Total interchange,1664,megawatthours,2026-01-28 16:00:00,1664.0
2026-01-28T15,SE,Southeast,D,Demand,38711,megawatthours,2026-01-28 15:00:00,38711.0
2026-01-28T15,SE,Southeast,DF,Day-ahead demand forecast,39427,megawatthours,2026-01-28 15:00:00,39427.0
2026-01-28T15,SE,Southeast,NG,Net generation,45380,megawatthours,2026-01-28 15:00:00,45380.0
2026-01-28T15,SE,Southeast,TI,Total interchange,2097,megawatthours,2026-01-28 15:00:00,2097.0
2026-01-28T14,SE,Southeast,D,Demand,40561,megawatthours,2026-01-28 14:00:00,40561.0
2026-01-28T14,SE,Southeast,DF,Day-ahead demand forecast,41065,megawatthours,2026-01-28 14:00:00,41065.0
2026-01-28T14,SE,Southeast,NG,Net generation,42839,megawatthours,2026-01-28 14:00:00,42839.0
2026-01-28T14,SE,Southeast,TI,Total interchange,2288,megawatthours,2026-01-28 14:00:00,2288.0
2026-01-28T13,SE,Southeast,D,Demand,40872,megawatthours,2026-01-28 13:00:00,40872.0
2026-01-28T13,SE,Southeast,DF,Day-ahead demand forecast,41511,megawatthours,2026-01-28 13:00:00,41511.0
2026-01-28T13,SE,Southeast,NG,Net generation,42925,megawatthours,2026-01-28 13:00:00,42925.0
2026-01-28T13,SE,Southeast,TI,Total interchange,2046,megawatthours,2026-01-28 13:00:00,2046.0
2026-01-28T12,SE,Southeast,D,Demand,39256,megawatthours,2026-01-28 12:00:00,39256.0
2026-01-28T12,SE,Southeast,DF,Day-ahead demand forecast,39869,megawatthours,2026-01-28 12:00:00,39869.0
2026-01-28T12,SE,Southeast,NG,Net generation,41021,megawatthours,2026-01-28 12:00:00,41021.0
2026-01-28T12,SE,Southeast,TI,Total interchange,1773,megawatthours,2026-01-28 12:00:00,1773.0
2026-01-28T11,SE,Southeast,D,Demand,36895,megawatthours,2026-01-28 11:00:00,36895.0
2026-01-28T11,SE,Southeast,DF,Day-ahead demand forecast,37574,megawatthours,2026-01-28 11:00:00,37574.0
2026-01-28T11,SE,Southeast,NG,Net generation,38194,megawatthours,2026-01-28 11:00:00,38194.0
2026-01-28T11,SE,Southeast,TI,Total interchange,1305,megawatthours,2026-01-28 11:00:00,1305.0
2026-01-28T10,SE,Southeast,D,Demand,35446,megawatthours,2026-01-28 10:00:00,35446.0
2026-01-28T10,SE,Southeast,DF,Day-ahead demand forecast,35751,megawatthours,2026-01-28 10:00:00,35751.0
2026-01-28T10,SE,Southeast,NG,Net generation,36500,megawatthours,2026-01-28 10:00:00,36500.0
2026-01-28T10,SE,Southeast,TI,Total interchange,1034,megawatthours,2026-01-28 10:00:00,1034.0
2026-01-28T09,SE,Southeast,D,Demand,34768,megawatthours,2026-01-28 09:00:00,34768.0
2026-01-28T09,SE,Southeast,DF,Day-ahead demand forecast,34634,megawatthours,2026-01-28 09:00:00,34634.0
2026-01-28T09,SE,Southeast,NG,Net generation,36063,megawatthours,2026-01-28 09:00:00,36063.0
2026-01-28T09,SE,Southeast,TI,Total interchange,1141,megawatthours,2026-01-28 09:00:00,1141.0
2026-01-28T08,SE,Southeast,D,Demand,34493,megawatthours,2026-01-28 08:00:00,34493.0
2026-01-28T08,SE,Southeast,DF,Day-ahead demand forecast,34169,megawatthours,2026-01-28 08:00:00,34169.0
2026-01-28T08,SE,Southeast,NG,Net generation,35861,megawatthours,2026-01-28 08:00:00,35861.0
2026-01-28T08,SE,Southeast,TI,Total interchange,1135,megawatthours,2026-01-28 08:00:00,1135.0
2026-01-28T07,SE,Southeast,D,Demand,34466,megawatthours,2026-01-28 07:00:00,34466.0
2026-01-28T07,SE,Southeast,DF,Day-ahead demand forecast,34148,megawatthours,2026-01-28 07:00:00,34148.0
2026-01-28T07,SE,Southeast,NG,Net generation,35873,megawatthours,2026-01-28 07:00:00,35873.0
2026-01-28T07,SE,Southeast,TI,Total interchange,1171,megawatthours,2026-01-28 07:00:00,1171.0
2026-01-28T06,SE,Southeast,D,Demand,34459,megawatthours,2026-01-28 06:00:00,34459.0
2026-01-28T06,SE,Southeast,DF,Day-ahead demand forecast,34511,megawatthours,2026-01-28 06:00:00,34511.0
2026-01-28T06,SE,Southeast,NG,Net generation,36301,megawatthours,2026-01-28 06:00:00,36301.0
2026-01-28T06,SE,Southeast,TI,Total interchange,1645,megawatthours,2026-01-28 06:00:00,1645.0
2026-01-28T05,SE,Southeast,D,Demand,35280,megawatthours,2026-01-28 05:00:00,35280.0
2026-01-28T05,SE,Southeast,DF,Day-ahead demand forecast,35320,megawatthours,2026-01-28 05:00:00,35320.0
2026-01-28T05,SE,Southeast,NG,Net generation,36859,megawatthours,2026-01-28 05:00:00,36859.0
2026-01-28T05,SE,Southeast,TI,Total interchange,1380,megawatthours,2026-01-28 05:00:00,1380.0
2026-01-28T04,SE,Southeast,D,Demand,36314,megawatthours,2026-01-28 04:00:00,36314.0
2026-01-28T04,SE,Southeast,DF,Day-ahead demand forecast,36430,megawatthours,2026-01-28 04:00:00,36430.0
2026-01-28T04,SE,Southeast,NG,Net generation,38291,megawatthours,2026-01-28 04:00:00,38291.0
2026-01-28T04,SE,Southeast,TI,Total interchange,1792,megawatthours,2026-01-28 04:00:00,1792.0
2026-01-28T03,SE,Southeast,D,Demand,37421,megawatthours,2026-01-28 03:00:00,37421.0
2026-01-28T03,SE,Southeast,DF,Day-ahead demand forecast,37600,megawatthours,2026-01-28 03:00:00,37600.0
2026-01-28T03,SE,Southeast,NG,Net generation,39352,megawatthours,2026-01-28 03:00:00,39352.0
2026-01-28T03,SE,Southeast,TI,Total interchange,1932,megawatthours,2026-01-28 03:00:00,1932.0
2026-01-28T02,SE,Southeast,D,Demand,37767,megawatthours,2026-01-28 02:00:00,37767.0
2026-01-28T02,SE,Southeast,DF,Day-ahead demand forecast,37993,megawatthours,2026-01-28 02:00:00,37993.0
2026-01-28T02,SE,Southeast,NG,Net generation,39896,megawatthours,2026-01-28 02:00:00,39896.0
2026-01-28T02,SE,Southeast,TI,Total interchange,2134,megawatthours,2026-01-28 02:00:00,2134.0
2026-01-28T01,SE,Southeast,D,Demand,37471,megawatthours,2026-01-28 01:00:00,37471.0
2026-01-28T01,SE,Southeast,DF,Day-ahead demand forecast,37663,megawatthours,2026-01-28 01:00:00,37663.0
2026-01-28T01,SE,Southeast,NG,Net generation,39987,megawatthours,2026-01-28 01:00:00,39987.0
2026-01-28T01,SE,Southeast,TI,Total interchange,2518,megawatthours,2026-01-28 01:00:00,2518.0
2026-01-28T00,SE,Southeast,D,Demand,36119,megawatthours,2026-01-28 00:00:00,36119.0
2026-01-28T00,SE,Southeast,DF,Day-ahead demand forecast,36378,megawatthours,2026-01-28 00:00:00,36378.0
2026-01-28T00,SE,Southeast,NG,Net generation,38769,megawatthours,2026-01-28 00:00:00,38769.0
2026-01-28T00,SE,Southeast,TI,Total interchange,2652,megawatthours,2026-01-28 00:00:00,2652.0
2026-01-27T23,SE,Southeast,D,Demand,33087,megawatthours,2026-01-27 23:00:00,33087.0
2026-01-27T23,SE,Southeast,DF,Day-ahead demand forecast,33664,megawatthours,2026-01-27 23:00:00,33664.0
2026-01-27T23,SE,Southeast,NG,Net generation,35177,megawatthours,2026-01-27 23:00:00,35177.0
2026-01-27T23,SE,Southeast,TI,Total interchange,2093,megawatthours,2026-01-27 23:00:00,2093.0
2026-01-27T22,SE,Southeast,D,Demand,30009,megawatthours,2026-01-27 22:00:00,30009.0
2026-01-27T22,SE,Southeast,DF,Day-ahead demand forecast,32285,megawatthours,2026-01-27 22:00:00,32285.0
2026-01-27T22,SE,Southeast,NG,Net generation,31356,megawatthours,2026-01-27 22:00:00,31356.0
2026-01-27T22,SE,Southeast,TI,Total interchange,1344,megawatthours,2026-01-27 22:00:00,1344.0
2026-01-27T21,SE,Southeast,D,Demand,29463,megawatthours,2026-01-27 21:00:00,29463.0
2026-01-27T21,SE,Southeast,DF,Day-ahead demand forecast,32463,megawatthours,2026-01-27 21:00:00,32463.0
2026-01-27T21,SE,Southeast,NG,Net generation,31041,megawatthours,2026-01-27 21:00:00,31041.0
2026-01-27T21,SE,Southeast,TI,Total interchange,1577,megawatthours,2026-01-27 21:00:00,1577.0
2026-01-27T20,SE,Southeast,D,Demand,30429,megawatthours,2026-01-27 20:00:00,30429.0
2026-01-27T20,SE,Southeast,DF,Day-ahead demand forecast,33489,megawatthours,2026-01-27 20:00:00,33489.0
2026-01-27T20,SE,Southeast,NG,Net generation,32263,megawatthours,2026-01-27 20:00:00,32263.0
2026-01-27T20,SE,Southeast,TI,Total interchange,1834,megawatthours,2026-01-27 20:00:00,1834.0
2026-01-27T19,SE,Southeast,D,Demand,32190,megawatthours,2026-01-27 19:00:00,32190.0
2026-01-27T19,SE,Southeast,DF,Day-ahead demand forecast,35244,megawatthours,2026-01-27 19:00:00,35244.0
2026-01-27T19,SE,Southeast,NG,Net generation,34106,megawatthours,2026-01-27 19:00:00,34106.0
2026-01-27T19,SE,Southeast,TI,Total interchange,1916,megawatthours,2026-01-27 19:00:00,1916.0
2026-01-27T18,SE,Southeast,D,Demand,34296,megawatthours,2026-01-27 18:00:00,34296.0
2026-01-27T18,SE,Southeast,DF,Day-ahead demand forecast,37283,megawatthours,2026-01-27 18:00:00,37283.0
2026-01-27T18,SE,Southeast,NG,Net generation,35852,megawatthours,2026-01-27 18:00:00,35852.0
2026-01-27T18,SE,Southeast,TI,Total interchange,1556,megawatthours,2026-01-27 18:00:00,1556.0
2026-01-27T17,SE,Southeast,D,Demand,36733,megawatthours,2026-01-27 17:00:00,36733.0
2026-01-27T17,SE,Southeast,DF,Day-ahead demand forecast,39563,megawatthours,2026-01-27 17:00:00,39563.0
2026-01-27T17,SE,Southeast,NG,Net generation,38642,megawatthours,2026-01-27 17:00:00,38642.0
2026-01-27T17,SE,Southeast,TI,Total interchange,1913,megawatthours,2026-01-27 17:00:00,1913.0
2026-01-27T16,SE,Southeast,D,Demand,39272,megawatthours,2026-01-27 16:00:00,39272.0
2026-01-27T16,SE,Southeast,DF,Day-ahead demand forecast,42263,megawatthours,2026-01-27 16:00:00,42263.0
2026-01-27T16,SE,Southeast,NG,Net generation,41647,megawatthours,2026-01-27 16:00:00,41647.0
2026-01-27T16,SE,Southeast,TI,Total interchange,2380,megawatthours,2026-01-27 16:00:00,2380.0
2026-01-27T15,SE,Southeast,D,Demand,45515,megawatthours,2026-01-27 15:00:00,45515.0
2026-01-27T15,SE,Southeast,DF,Day-ahead demand forecast,44980,megawatthours,2026-01-27 15:00:00,44980.0
2026-01-27T15,SE,Southeast,NG,Net generation,45435,megawatthours,2026-01-27 15:00:00,45435.0
2026-01-27T15,SE,Southeast,TI,Total interchange,3262,megawatthours,2026-01-27 15:00:00,3262.0
2026-01-27T14,SE,Southeast,D,Demand,47440,megawatthours,2026-01-27 14:00:00,47440.0
2026-01-27T14,SE,Southeast,DF,Day-ahead demand forecast,46622,megawatthours,2026-01-27 14:00:00,46622.0
2026-01-27T14,SE,Southeast,NG,Net generation,47978,megawatthours,2026-01-27 14:00:00,47978.0
2026-01-27T14,SE,Southeast,TI,Total interchange,2501,megawatthours,2026-01-27 14:00:00,2501.0
2026-01-27T13,SE,Southeast,D,Demand,47809,megawatthours,2026-01-27 13:00:00,47809.0
2026-01-27T13,SE,Southeast,DF,Day-ahead demand forecast,47112,megawatthours,2026-01-27 13:00:00,47112.0
2026-01-27T13,SE,Southeast,NG,Net generation,49372,megawatthours,2026-01-27 13:00:00,49372.0
2026-01-27T13,SE,Southeast,TI,Total interchange,2337,megawatthours,2026-01-27 13:00:00,2337.0
2026-01-27T12,SE,Southeast,D,Demand,46312,megawatthours,2026-01-27 12:00:00,46312.0
2026-01-27T12,SE,Southeast,DF,Day-ahead demand forecast,45888,megawatthours,2026-01-27 12:00:00,45888.0
2026-01-27T12,SE,Southeast,NG,Net generation,48808,megawatthours,2026-01-27 12:00:00,48808.0
2026-01-27T12,SE,Southeast,TI,Total interchange,3217,megawatthours,2026-01-27 12:00:00,3217.0
2026-01-27T11,SE,Southeast,D,Demand,43698,megawatthours,2026-01-27 11:00:00,43698.0
2026-01-27T11,SE,Southeast,DF,Day-ahead demand forecast,43212,megawatthours,2026-01-27 11:00:00,43212.0
2026-01-27T11,SE,Southeast,NG,Net generation,46267,megawatthours,2026-01-27 11:00:00,46267.0
2026-01-27T11,SE,Southeast,TI,Total interchange,3263,megawatthours,2026-01-27 11:00:00,3263.0
2026-01-27T10,SE,Southeast,D,Demand,42118,megawatthours,2026-01-27 10:00:00,42118.0
2026-01-27T10,SE,Southeast,DF,Day-ahead demand forecast,41635,megawatthours,2026-01-27 10:00:00,41635.0
2026-01-27T10,SE,Southeast,NG,Net generation,44392,megawatthours,2026-01-27 10:00:00,44392.0
2026-01-27T10,SE,Southeast,TI,Total interchange,2961,megawatthours,2026-01-27 10:00:00,2961.0
2026-01-27T09,SE,Southeast,D,Demand,41066,megawatthours,2026-01-27 09:00:00,41066.0
2026-01-27T09,SE,Southeast,DF,Day-ahead demand forecast,40636,megawatthours,2026-01-27 09:00:00,40636.0
2026-01-27T09,SE,Southeast,NG,Net generation,42761,megawatthours,2026-01-27 09:00:00,42761.0
2026-01-27T09,SE,Southeast,TI,Total interchange,2338,megawatthours,2026-01-27 09:00:00,2338.0
2026-01-27T08,SE,Southeast,D,Demand,40258,megawatthours,2026-01-27 08:00:00,40258.0
2026-01-27T08,SE,Southeast,DF,Day-ahead demand forecast,39835,megawatthours,2026-01-27 08:00:00,39835.0
2026-01-27T08,SE,Southeast,NG,Net generation,41840,megawatthours,2026-01-27 08:00:00,41840.0
2026-01-27T08,SE,Southeast,TI,Total interchange,1914,megawatthours,2026-01-27 08:00:00,1914.0
2026-01-27T07,SE,Southeast,D,Demand,39693,megawatthours,2026-01-27 07:00:00,39693.0
2026-01-27T07,SE,Southeast,DF,Day-ahead demand forecast,39309,megawatthours,2026-01-27 07:00:00,39309.0
2026-01-27T07,SE,Southeast,NG,Net generation,41081,megawatthours,2026-01-27 07:00:00,41081.0
2026-01-27T07,SE,Southeast,TI,Total interchange,1578,megawatthours,2026-01-27 07:00:00,1578.0
2026-01-27T06,SE,Southeast,D,Demand,39467,megawatthours,2026-01-27 06:00:00,39467.0
2026-01-27T06,SE,Southeast,DF,Day-ahead demand forecast,39065,megawatthours,2026-01-27 06:00:00,39065.0
2026-01-27T06,SE,Southeast,NG,Net generation,41221,megawatthours,2026-01-27 06:00:00,41221.0
2026-01-27T06,SE,Southeast,TI,Total interchange,1499,megawatthours,2026-01-27 06:00:00,1499.0
2026-01-27T05,SE,Southeast,D,Demand,39755,megawatthours,2026-01-27 05:00:00,39755.0
2026-01-27T05,SE,Southeast,DF,Day-ahead demand forecast,39364,megawatthours,2026-01-27 05:00:00,39364.0
2026-01-27T05,SE,Southeast,NG,Net generation,41208,megawatthours,2026-01-27 05:00:00,41208.0
2026-01-27T05,SE,Southeast,TI,Total interchange,1196,megawatthours,2026-01-27 05:00:00,1196.0
2026-01-27T04,SE,Southeast,D,Demand,40284,megawatthours,2026-01-27 04:00:00,40284.0
2026-01-27T04,SE,Southeast,DF,Day-ahead demand forecast,39886,megawatthours,2026-01-27 04:00:00,39886.0
2026-01-27T04,SE,Southeast,NG,Net generation,41878,megawatthours,2026-01-27 04:00:00,41878.0
2026-01-27T04,SE,Southeast,TI,Total interchange,1336,megawatthours,2026-01-27 04:00:00,1336.0
2026-01-27T03,SE,Southeast,D,Demand,40843,megawatthours,2026-01-27 03:00:00,40843.0
2026-01-27T03,SE,Southeast,DF,Day-ahead demand forecast,40446,megawatthours,2026-01-27 03:00:00,40446.0
2026-01-27T03,SE,Southeast,NG,Net generation,42414,megawatthours,2026-01-27 03:00:00,42414.0
2026-01-27T03,SE,Southeast,TI,Total interchange,1574,megawatthours,2026-01-27 03:00:00,1574.0
2026-01-27T02,SE,Southeast,D,Demand,40914,megawatthours,2026-01-27 02:00:00,40914.0
2026-01-27T02,SE,Southeast,DF,Day-ahead demand forecast,40523,megawatthours,2026-01-27 02:00:00,40523.0
2026-01-27T02,SE,Southeast,NG,Net generation,42469,megawatthours,2026-01-27 02:00:00,42469.0
2026-01-27T02,SE,Southeast,TI,Total interchange,1557,megawatthours,2026-01-27 02:00:00,1557.0
2026-01-27T01,SE,Southeast,D,Demand,40352,megawatthours,2026-01-27 01:00:00,40352.0
2026-01-27T01,SE,Southeast,DF,Day-ahead demand forecast,39958,megawatthours,2026-01-27 01:00:00,39958.0
2026-01-27T01,SE,Southeast,NG,Net generation,42185,megawatthours,2026-01-27 01:00:00,42185.0
2026-01-27T01,SE,Southeast,TI,Total interchange,1835,megawatthours,2026-01-27 01:00:00,1835.0
2026-01-27T00,SE,Southeast,D,Demand,38747,megawatthours,2026-01-27 00:00:00,38747.0
2026-01-27T00,SE,Southeast,DF,Day-ahead demand forecast,38377,megawatthours,2026-01-27 00:00:00,38377.0
2026-01-27T00,SE,Southeast,NG,Net generation,40181,megawatthours,2026-01-27 00:00:00,40181.0
2026-01-27T00,SE,Southeast,TI,Total interchange,1439,megawatthours,2026-01-27 00:00:00,1439.0
2026-01-26T23,SE,Southeast,D,Demand,35869,megawatthours,2026-01-26 23:00:00,35869.0
2026-01-26T23,SE,Southeast,DF,Day-ahead demand forecast,35479,megawatthours,2026-01-26 23:00:00,35479.0
2026-01-26T23,SE,Southeast,NG,Net generation,37444,megawatthours,2026-01-26 23:00:00,37444.0
2026-01-26T23,SE,Southeast,TI,Total interchange,1575,megawatthours,2026-01-26 23:00:00,1575.0
2026-01-26T22,SE,Southeast,D,Demand,34138,megawatthours,2026-01-26 22:00:00,34138.0
2026-01-26T22,SE,Southeast,DF,Day-ahead demand forecast,33713,megawatthours,2026-01-26 22:00:00,33713.0
2026-01-26T22,SE,Southeast,NG,Net generation,35677,megawatthours,2026-01-26 22:00:00,35677.0
2026-01-26T22,SE,Southeast,TI,Total interchange,1535,megawatthours,2026-01-26 22:00:00,1535.0
2026-01-26T21,SE,Southeast,D,Demand,33578,megawatthours,2026-01-26 21:00:00,33578.0
2026-01-26T21,SE,Southeast,DF,Day-ahead demand forecast,33169,megawatthours,2026-01-26 21:00:00,33169.0
2026-01-26T21,SE,Southeast,NG,Net generation,35641,megawatthours,2026-01-26 21:00:00,35641.0
2026-01-26T21,SE,Southeast,TI,Total interchange,2065,megawatthours,2026-01-26 21:00:00,2065.0
2026-01-26T20,SE,Southeast,D,Demand,33955,megawatthours,2026-01-26 20:00:00,33955.0
2026-01-26T20,SE,Southeast,DF,Day-ahead demand forecast,33575,megawatthours,2026-01-26 20:00:00,33575.0
2026-01-26T20,SE,Southeast,NG,Net generation,36102,megawatthours,2026-01-26 20:00:00,36102.0
2026-01-26T20,SE,Southeast,TI,Total interchange,2142,megawatthours,2026-01-26 20:00:00,2142.0
2026-01-26T19,SE,Southeast,D,Demand,34775,megawatthours,2026-01-26 19:00:00,34775.0
2026-01-26T19,SE,Southeast,DF,Day-ahead demand forecast,34344,megawatthours,2026-01-26 19:00:00,34344.0
2026-01-26T19,SE,Southeast,NG,Net generation,36151,megawatthours,2026-01-26 19:00:00,36151.0
2026-01-26T19,SE,Southeast,TI,Total interchange,1375,megawatthours,2026-01-26 19:00:00,1375.0
2026-01-26T18,SE,Southeast,D,Demand,35896,megawatthours,2026-01-26 18:00:00,35896.0
2026-01-26T18,SE,Southeast,DF,Day-ahead demand forecast,35421,megawatthours,2026-01-26 18:00:00,35421.0
2026-01-26T18,SE,Southeast,NG,Net generation,36725,megawatthours,2026-01-26 18:00:00,36725.0
2026-01-26T18,SE,Southeast,TI,Total interchange,827,megawatthours,2026-01-26 18:00:00,827.0
2026-01-26T17,SE,Southeast,D,Demand,37019,megawatthours,2026-01-26 17:00:00,37019.0
2026-01-26T17,SE,Southeast,DF,Day-ahead demand forecast,36492,megawatthours,2026-01-26 17:00:00,36492.0
2026-01-26T17,SE,Southeast,NG,Net generation,38240,megawatthours,2026-01-26 17:00:00,38240.0
2026-01-26T17,SE,Southeast,TI,Total interchange,1221,megawatthours,2026-01-26 17:00:00,1221.0
2026-01-26T16,SE,Southeast,D,Demand,38083,megawatthours,2026-01-26 16:00:00,38083.0
2026-01-26T16,SE,Southeast,DF,Day-ahead demand forecast,37573,megawatthours,2026-01-26 16:00:00,37573.0
2026-01-26T16,SE,Southeast,NG,Net generation,39595,megawatthours,2026-01-26 16:00:00,39595.0
2026-01-26T16,SE,Southeast,TI,Total interchange,1518,megawatthours,2026-01-26 16:00:00,1518.0
2026-01-26T15,SE,Southeast,D,Demand,38861,megawatthours,2026-01-26 15:00:00,38861.0
2026-01-26T15,SE,Southeast,DF,Day-ahead demand forecast,38335,megawatthours,2026-01-26 15:00:00,38335.0
2026-01-26T15,SE,Southeast,NG,Net generation,40578,megawatthours,2026-01-26 15:00:00,40578.0
2026-01-26T15,SE,Southeast,TI,Total interchange,1719,megawatthours,2026-01-26 15:00:00,1719.0
2026-01-26T14,SE,Southeast,D,Demand,38550,megawatthours,2026-01-26 14:00:00,38550.0
2026-01-26T14,SE,Southeast,DF,Day-ahead demand forecast,38155,megawatthours,2026-01-26 14:00:00,38155.0
2026-01-26T14,SE,Southeast,NG,Net generation,40530,megawatthours,2026-01-26 14:00:00,40530.0
2026-01-26T14,SE,Southeast,TI,Total interchange,1981,megawatthours,2026-01-26 14:00:00,1981.0
2026-01-26T13,SE,Southeast,D,Demand,37317,megawatthours,2026-01-26 13:00:00,37317.0
2026-01-26T13,SE,Southeast,DF,Day-ahead demand forecast,36935,megawatthours,2026-01-26 13:00:00,36935.0
2026-01-26T13,SE,Southeast,NG,Net generation,39208,megawatthours,2026-01-26 13:00:00,39208.0
2026-01-26T13,SE,Southeast,TI,Total interchange,1894,megawatthours,2026-01-26 13:00:00,1894.0
2026-01-26T12,SE,Southeast,D,Demand,35201,megawatthours,2026-01-26 12:00:00,35201.0
2026-01-26T12,SE,Southeast,DF,Day-ahead demand forecast,34819,megawatthours,2026-01-26 12:00:00,34819.0
2026-01-26T12,SE,Southeast,NG,Net generation,37218,megawatthours,2026-01-26 12:00:00,37218.0
2026-01-26T12,SE,Southeast,TI,Total interchange,2017,megawatthours,2026-01-26 12:00:00,2017.0
2026-01-26T11,SE,Southeast,D,Demand,33063,megawatthours,2026-01-26 11:00:00,33063.0
2026-01-26T11,SE,Southeast,DF,Day-ahead demand forecast,32637,megawatthours,2026-01-26 11:00:00,32637.0
2026-01-26T11,SE,Southeast,NG,Net generation,35216,megawatthours,2026-01-26 11:00:00,35216.0
2026-01-26T11,SE,Southeast,TI,Total interchange,2155,megawatthours,2026-01-26 11:00:00,2155.0
2026-01-26T10,SE,Southeast,D,Demand,31265,megawatthours,2026-01-26 10:00:00,31265.0
2026-01-26T10,SE,Southeast,DF,Day-ahead demand forecast,30881,megawatthours,2026-01-26 10:00:00,30881.0
2026-01-26T10,SE,Southeast,NG,Net generation,33600,megawatthours,2026-01-26 10:00:00,33600.0
2026-01-26T10,SE,Southeast,TI,Total interchange,2333,megawatthours,2026-01-26 10:00:00,2333.0
2026-01-26T09,SE,Southeast,D,Demand,30107,megawatthours,2026-01-26 09:00:00,30107.0
2026-01-26T09,SE,Southeast,DF,Day-ahead demand forecast,29739,megawatthours,2026-01-26 09:00:00,29739.0
2026-01-26T09,SE,Southeast,NG,Net generation,32139,megawatthours,2026-01-26 09:00:00,32139.0
2026-01-26T09,SE,Southeast,TI,Total interchange,1837,megawatthours,2026-01-26 09:00:00,1837.0
2026-01-26T08,SE,Southeast,D,Demand,29312,megawatthours,2026-01-26 08:00:00,29312.0
2026-01-26T08,SE,Southeast,DF,Day-ahead demand forecast,28989,megawatthours,2026-01-26 08:00:00,28989.0
2026-01-26T08,SE,Southeast,NG,Net generation,31488,megawatthours,2026-01-26 08:00:00,31488.0
2026-01-26T08,SE,Southeast,TI,Total interchange,1979,megawatthours,2026-01-26 08:00:00,1979.0
2026-01-26T07,SE,Southeast,D,Demand,28919,megawatthours,2026-01-26 07:00:00,28919.0
2026-01-26T07,SE,Southeast,DF,Day-ahead demand forecast,28593,megawatthours,2026-01-26 07:00:00,28593.0
2026-01-26T07,SE,Southeast,NG,Net generation,31111,megawatthours,2026-01-26 07:00:00,31111.0
2026-01-26T07,SE,Southeast,TI,Total interchange,1994,megawatthours,2026-01-26 07:00:00,1994.0
2026-01-26T06,SE,Southeast,D,Demand,28890,megawatthours,2026-01-26 06:00:00,28890.0
2026-01-26T06,SE,Southeast,DF,Day-ahead demand forecast,28591,megawatthours,2026-01-26 06:00:00,28591.0
2026-01-26T06,SE,Southeast,NG,Net generation,31777,megawatthours,2026-01-26 06:00:00,31777.0
2026-01-26T06,SE,Southeast,TI,Total interchange,2690,megawatthours,2026-01-26 06:00:00,2690.0
2026-01-26T05,SE,Southeast,D,Demand,29370,megawatthours,2026-01-26 05:00:00,29370.0
2026-01-26T05,SE,Southeast,DF,Day-ahead demand forecast,29126,megawatthours,2026-01-26 05:00:00,29126.0
2026-01-26T05,SE,Southeast,NG,Net generation,32384,megawatthours,2026-01-26 05:00:00,32384.0
2026-01-26T05,SE,Southeast,TI,Total interchange,2815,megawatthours,2026-01-26 05:00:00,2815.0
2026-01-26T04,SE,Southeast,D,Demand,30220,megawatthours,2026-01-26 04:00:00,30220.0
2026-01-26T04,SE,Southeast,DF,Day-ahead demand forecast,29943,megawatthours,2026-01-26 04:00:00,29943.0
2026-01-26T04,SE,Southeast,NG,Net generation,33084,megawatthours,2026-01-26 04:00:00,33084.0
2026-01-26T04,SE,Southeast,TI,Total interchange,2675,megawatthours,2026-01-26 04:00:00,2675.0
2026-01-26T03,SE,Southeast,D,Demand,30942,megawatthours,2026-01-26 03:00:00,30942.0
2026-01-26T03,SE,Southeast,DF,Day-ahead demand forecast,30776,megawatthours,2026-01-26 03:00:00,30776.0
2026-01-26T03,SE,Southeast,NG,Net generation,33659,megawatthours,2026-01-26 03:00:00,33659.0
2026-01-26T03,SE,Southeast,TI,Total interchange,2715,megawatthours,2026-01-26 03:00:00,2715.0
2026-01-26T02,SE,Southeast,D,Demand,31714,megawatthours,2026-01-26 02:00:00,31714.0
2026-01-26T02,SE,Southeast,DF,Day-ahead demand forecast,31542,megawatthours,2026-01-26 02:00:00,31542.0
2026-01-26T02,SE,Southeast,NG,Net generation,34336,megawatthours,2026-01-26 02:00:00,34336.0
2026-01-26T02,SE,Southeast,TI,Total interchange,2621,megawatthours,2026-01-26 02:00:00,2621.0
2026-01-26T01,SE,Southeast,D,Demand,32032,megawatthours,2026-01-26 01:00:00,32032.0
2026-01-26T01,SE,Southeast,DF,Day-ahead demand forecast,31854,megawatthours,2026-01-26 01:00:00,31854.0
2026-01-26T01,SE,Southeast,NG,Net generation,35082,megawatthours,2026-01-26 01:00:00,35082.0
2026-01-26T01,SE,Southeast,TI,Total interchange,3054,megawatthours,2026-01-26 01:00:00,3054.0
2026-01-26T00,SE,Southeast,D,Demand,32053,megawatthours,2026-01-26 00:00:00,32053.0
2026-01-26T00,SE,Southeast,DF,Day-ahead demand forecast,31929,megawatthours,2026-01-26 00:00:00,31929.0
2026-01-26T00,SE,Southeast,NG,Net generation,35572,megawatthours,2026-01-26 00:00:00,35572.0
2026-01-26T00,SE,Southeast,TI,Total interchange,3520,megawatthours,2026-01-26 00:00:00,3520.0
2026-01-25T23,SE,Southeast,D,Demand,31273,megawatthours,2026-01-25 23:00:00,31273.0
2026-01-25T23,SE,Southeast,DF,Day-ahead demand forecast,31085,megawatthours,2026-01-25 23:00:00,31085.0
2026-01-25T23,SE,Southeast,NG,Net generation,34952,megawatthours,2026-01-25 23:00:00,34952.0
2026-01-25T23,SE,Southeast,TI,Total interchange,3676,megawatthours,2026-01-25 23:00:00,3676.0
2026-01-25T22,SE,Southeast,D,Demand,30749,megawatthours,2026-01-25 22:00:00,30749.0
2026-01-25T22,SE,Southeast,DF,Day-ahead demand forecast,30608,megawatthours,2026-01-25 22:00:00,30608.0
2026-01-25T22,SE,Southeast,NG,Net generation,33621,megawatthours,2026-01-25 22:00:00,33621.0
2026-01-25T22,SE,Southeast,TI,Total interchange,2871,megawatthours,2026-01-25 22:00:00,2871.0
2026-01-25T21,SE,Southeast,D,Demand,30748,megawatthours,2026-01-25 21:00:00,30748.0
2026-01-25T21,SE,Southeast,DF,Day-ahead demand forecast,30609,megawatthours,2026-01-25 21:00:00,30609.0
2026-01-25T21,SE,Southeast,NG,Net generation,33971,megawatthours,2026-01-25 21:00:00,33971.0
2026-01-25T21,SE,Southeast,TI,Total interchange,3218,megawatthours,2026-01-25 21:00:00,3218.0
2026-01-25T20,SE,Southeast,D,Demand,31366,megawatthours,2026-01-25 20:00:00,31366.0
2026-01-25T20,SE,Southeast,DF,Day-ahead demand forecast,31207,megawatthours,2026-01-25 20:00:00,31207.0
2026-01-25T20,SE,Southeast,NG,Net generation,34230,megawatthours,2026-01-25 20:00:00,34230.0
2026-01-25T20,SE,Southeast,TI,Total interchange,2860,megawatthours,2026-01-25 20:00:00,2860.0
2026-01-25T19,SE,Southeast,D,Demand,31646,megawatthours,2026-01-25 19:00:00,31646.0
2026-01-25T19,SE,Southeast,DF,Day-ahead demand forecast,31520,megawatthours,2026-01-25 19:00:00,31520.0
2026-01-25T19,SE,Southeast,NG,Net generation,34244,megawatthours,2026-01-25 19:00:00,34244.0
2026-01-25T19,SE,Southeast,TI,Total interchange,2594,megawatthours,2026-01-25 19:00:00,2594.0
2026-01-25T18,SE,Southeast,D,Demand,31876,megawatthours,2026-01-25 18:00:00,31876.0
2026-01-25T18,SE,Southeast,DF,Day-ahead demand forecast,31737,megawatthours,2026-01-25 18:00:00,31737.0
2026-01-25T18,SE,Southeast,NG,Net generation,34363,megawatthours,2026-01-25 18:00:00,34363.0
2026-01-25T18,SE,Southeast,TI,Total interchange,2484,megawatthours,2026-01-25 18:00:00,2484.0
2026-01-25T17,SE,Southeast,D,Demand,31876,megawatthours,2026-01-25 17:00:00,31876.0
2026-01-25T17,SE,Southeast,DF,Day-ahead demand forecast,31739,megawatthours,2026-01-25 17:00:00,31739.0
2026-01-25T17,SE,Southeast,NG,Net generation,34512,megawatthours,2026-01-25 17:00:00,34512.0
2026-01-25T17,SE,Southeast,TI,Total interchange,2638,megawatthours,2026-01-25 17:00:00,2638.0
2026-01-25T16,SE,Southeast,D,Demand,31483,megawatthours,2026-01-25 16:00:00,31483.0
2026-01-25T16,SE,Southeast,DF,Day-ahead demand forecast,31309,megawatthours,2026-01-25 16:00:00,31309.0
2026-01-25T16,SE,Southeast,NG,Net generation,34045,megawatthours,2026-01-25 16:00:00,34045.0
2026-01-25T16,SE,Southeast,TI,Total interchange,2565,megawatthours,2026-01-25 16:00:00,2565.0
2026-01-25T15,SE,Southeast,D,Demand,30823,megawatthours,2026-01-25 15:00:00,30823.0
2026-01-25T15,SE,Southeast,DF,Day-ahead demand forecast,30658,megawatthours,2026-01-25 15:00:00,30658.0
2026-01-25T15,SE,Southeast,NG,Net generation,33163,megawatthours,2026-01-25 15:00:00,33163.0
2026-01-25T15,SE,Southeast,TI,Total interchange,2338,megawatthours,2026-01-25 15:00:00,2338.0
2026-01-25T14,SE,Southeast,D,Demand,29721,megawatthours,2026-01-25 14:00:00,29721.0
2026-01-25T14,SE,Southeast,DF,Day-ahead demand forecast,29595,megawatthours,2026-01-25 14:00:00,29595.0
2026-01-25T14,SE,Southeast,NG,Net generation,31924,megawatthours,2026-01-25 14:00:00,31924.0
2026-01-25T14,SE,Southeast,TI,Total interchange,2201,megawatthours,2026-01-25 14:00:00,2201.0
2026-01-25T13,SE,Southeast,D,Demand,28780,megawatthours,2026-01-25 13:00:00,28780.0
2026-01-25T13,SE,Southeast,DF,Day-ahead demand forecast,28651,megawatthours,2026-01-25 13:00:00,28651.0
2026-01-25T13,SE,Southeast,NG,Net generation,31319,megawatthours,2026-01-25 13:00:00,31319.0
2026-01-25T13,SE,Southeast,TI,Total interchange,2536,megawatthours,2026-01-25 13:00:00,2536.0
2026-01-25T12,SE,Southeast,D,Demand,27930,megawatthours,2026-01-25 12:00:00,27930.0
2026-01-25T12,SE,Southeast,DF,Day-ahead demand forecast,27801,megawatthours,2026-01-25 12:00:00,27801.0
2026-01-25T12,SE,Southeast,NG,Net generation,30862,megawatthours,2026-01-25 12:00:00,30862.0
2026-01-25T12,SE,Southeast,TI,Total interchange,2927,megawatthours,2026-01-25 12:00:00,2927.0
2026-01-25T11,SE,Southeast,D,Demand,27267,megawatthours,2026-01-25 11:00:00,27267.0
2026-01-25T11,SE,Southeast,DF,Day-ahead demand forecast,27145,megawatthours,2026-01-25 11:00:00,27145.0
2026-01-25T11,SE,Southeast,NG,Net generation,29972,megawatthours,2026-01-25 11:00:00,29972.0
2026-01-25T11,SE,Southeast,TI,Total interchange,2702,megawatthours,2026-01-25 11:00:00,2702.0
2026-01-25T10,SE,Southeast,D,Demand,26898,megawatthours,2026-01-25 10:00:00,26898.0
2026-01-25T10,SE,Southeast,DF,Day-ahead demand forecast,26780,megawatthours,2026-01-25 10:00:00,26780.0
2026-01-25T10,SE,Southeast,NG,Net generation,29724,megawatthours,2026-01-25 10:00:00,29724.0
2026-01-25T10,SE,Southeast,TI,Total interchange,2822,megawatthours,2026-01-25 10:00:00,2822.0
2026-01-25T09,SE,Southeast,D,Demand,26616,megawatthours,2026-01-25 09:00:00,26616.0
2026-01-25T09,SE,Southeast,DF,Day-ahead demand forecast,26475,megawatthours,2026-01-25 09:00:00,26475.0
2026-01-25T09,SE,Southeast,NG,Net generation,29665,megawatthours,2026-01-25 09:00:00,29665.0
2026-01-25T09,SE,Southeast,TI,Total interchange,2853,megawatthours,2026-01-25 09:00:00,2853.0
2026-01-25T08,SE,Southeast,D,Demand,26450,megawatthours,2026-01-25 08:00:00,26450.0
2026-01-25T08,SE,Southeast,DF,Day-ahead demand forecast,26358,megawatthours,2026-01-25 08:00:00,26358.0
2026-01-25T08,SE,Southeast,NG,Net generation,29678,megawatthours,2026-01-25 08:00:00,29678.0
2026-01-25T08,SE,Southeast,TI,Total interchange,3030,megawatthours,2026-01-25 08:00:00,3030.0
2026-01-25T07,SE,Southeast,D,Demand,26501,megawatthours,2026-01-25 07:00:00,26501.0
2026-01-25T07,SE,Southeast,DF,Day-ahead demand forecast,26416,megawatthours,2026-01-25 07:00:00,26416.0
2026-01-25T07,SE,Southeast,NG,Net generation,29524,megawatthours,2026-01-25 07:00:00,29524.0
2026-01-25T07,SE,Southeast,TI,Total interchange,2825,megawatthours,2026-01-25 07:00:00,2825.0
2026-01-25T06,SE,Southeast,D,Demand,26664,megawatthours,2026-01-25 06:00:00,26664.0
2026-01-25T06,SE,Southeast,DF,Day-ahead demand forecast,26596,megawatthours,2026-01-25 06:00:00,26596.0
2026-01-25T06,SE,Southeast,NG,Net generation,29557,megawatthours,2026-01-25 06:00:00,29557.0
2026-01-25T06,SE,Southeast,TI,Total interchange,2695,megawatthours,2026-01-25 06:00:00,2695.0
2026-01-25T05,SE,Southeast,D,Demand,27207,megawatthours,2026-01-25 05:00:00,27207.0
2026-01-25T05,SE,Southeast,DF,Day-ahead demand forecast,27114,megawatthours,2026-01-25 05:00:00,27114.0
2026-01-25T05,SE,Southeast,NG,Net generation,30071,megawatthours,2026-01-25 05:00:00,30071.0
2026-01-25T05,SE,Southeast,TI,Total interchange,2670,megawatthours,2026-01-25 05:00:00,2670.0
2026-01-25T04,SE,Southeast,D,Demand,27967,megawatthours,2026-01-25 04:00:00,27967.0
2026-01-25T04,SE,Southeast,DF,Day-ahead demand forecast,27853,megawatthours,2026-01-25 04:00:00,27853.0
2026-01-25T04,SE,Southeast,NG,Net generation,30708,megawatthours,2026-01-25 04:00:00,30708.0
2026-01-25T04,SE,Southeast,TI,Total interchange,2623,megawatthours,2026-01-25 04:00:00,2623.0
2026-01-25T03,SE,Southeast,D,Demand,28809,megawatthours,2026-01-25 03:00:00,28809.0
2026-01-25T03,SE,Southeast,DF,Day-ahead demand forecast,28614,megawatthours,2026-01-25 03:00:00,28614.0
2026-01-25T03,SE,Southeast,NG,Net generation,31555,megawatthours,2026-01-25 03:00:00,31555.0
2026-01-25T03,SE,Southeast,TI,Total interchange,2741,megawatthours,2026-01-25 03:00:00,2741.0
2026-01-25T02,SE,Southeast,D,Demand,29426,megawatthours,2026-01-25 02:00:00,29426.0
2026-01-25T02,SE,Southeast,DF,Day-ahead demand forecast,29202,megawatthours,2026-01-25 02:00:00,29202.0
2026-01-25T02,SE,Southeast,NG,Net generation,32943,megawatthours,2026-01-25 02:00:00,32943.0
2026-01-25T02,SE,Southeast,TI,Total interchange,3515,megawatthours,2026-01-25 02:00:00,3515.0
2026-01-25T01,SE,Southeast,D,Demand,29799,megawatthours,2026-01-25 01:00:00,29799.0
2026-01-25T01,SE,Southeast,DF,Day-ahead demand forecast,29562,megawatthours,2026-01-25 01:00:00,29562.0
2026-01-25T01,SE,Southeast,NG,Net generation,33317,megawatthours,2026-01-25 01:00:00,33317.0
2026-01-25T01,SE,Southeast,TI,Total interchange,3520,megawatthours,2026-01-25 01:00:00,3520.0
2026-01-25T00,SE,Southeast,D,Demand,29699,megawatthours,2026-01-25 00:00:00,29699.0
2026-01-25T00,SE,Southeast,DF,Day-ahead demand forecast,29517,megawatthours,2026-01-25 00:00:00,29517.0
2026-01-25T00,SE,Southeast,NG,Net generation,32973,megawatthours,2026-01-25 00:00:00,32973.0
2026-01-25T00,SE,Southeast,TI,Total interchange,3268,megawatthours,2026-01-25 00:00:00,3268.0
2026-01-24T23,SE,Southeast,D,Demand,28837,megawatthours,2026-01-24 23:00:00,28837.0
2026-01-24T23,SE,Southeast,DF,Day-ahead demand forecast,28560,megawatthours,2026-01-24 23:00:00,28560.0
2026-01-24T23,SE,Southeast,NG,Net generation,31894,megawatthours,2026-01-24 23:00:00,31894.0
2026-01-24T23,SE,Southeast,TI,Total interchange,3055,megawatthours,2026-01-24 23:00:00,3055.0
2026-01-24T22,SE,Southeast,D,Demand,28057,megawatthours,2026-01-24 22:00:00,28057.0
2026-01-24T22,SE,Southeast,DF,Day-ahead demand forecast,27782,megawatthours,2026-01-24 22:00:00,27782.0
2026-01-24T22,SE,Southeast,NG,Net generation,30594,megawatthours,2026-01-24 22:00:00,30594.0
2026-01-24T22,SE,Southeast,TI,Total interchange,2533,megawatthours,2026-01-24 22:00:00,2533.0
2026-01-24T21,SE,Southeast,D,Demand,27816,megawatthours,2026-01-24 21:00:00,27816.0
2026-01-24T21,SE,Southeast,DF,Day-ahead demand forecast,27558,megawatthours,2026-01-24 21:00:00,27558.0
2026-01-24T21,SE,Southeast,NG,Net generation,30623,megawatthours,2026-01-24 21:00:00,30623.0
2026-01-24T21,SE,Southeast,TI,Total interchange,2804,megawatthours,2026-01-24 21:00:00,2804.0
2026-01-24T20,SE,Southeast,D,Demand,27853,megawatthours,2026-01-24 20:00:00,27853.0
2026-01-24T20,SE,Southeast,DF,Day-ahead demand forecast,27632,megawatthours,2026-01-24 20:00:00,27632.0
2026-01-24T20,SE,Southeast,NG,Net generation,30360,megawatthours,2026-01-24 20:00:00,30360.0
2026-01-24T20,SE,Southeast,TI,Total interchange,2504,megawatthours,2026-01-24 20:00:00,2504.0
2026-01-24T19,SE,Southeast,D,Demand,28130,megawatthours,2026-01-24 19:00:00,28130.0
2026-01-24T19,SE,Southeast,DF,Day-ahead demand forecast,27883,megawatthours,2026-01-24 19:00:00,27883.0
2026-01-24T19,SE,Southeast,NG,Net generation,30306,megawatthours,2026-01-24 19:00:00,30306.0
2026-01-24T19,SE,Southeast,TI,Total interchange,2172,megawatthours,2026-01-24 19:00:00,2172.0
2026-01-24T18,SE,Southeast,D,Demand,28843,megawatthours,2026-01-24 18:00:00,28843.0
2026-01-24T18,SE,Southeast,DF,Day-ahead demand forecast,28520,megawatthours,2026-01-24 18:00:00,28520.0
2026-01-24T18,SE,Southeast,NG,Net generation,31385,megawatthours,2026-01-24 18:00:00,31385.0
2026-01-24T18,SE,Southeast,TI,Total interchange,2540,megawatthours,2026-01-24 18:00:00,2540.0
2026-01-24T17,SE,Southeast,D,Demand,29483,megawatthours,2026-01-24 17:00:00,29483.0
2026-01-24T17,SE,Southeast,DF,Day-ahead demand forecast,29263,megawatthours,2026-01-24 17:00:00,29263.0
2026-01-24T17,SE,Southeast,NG,Net generation,32005,megawatthours,2026-01-24 17:00:00,32005.0
2026-01-24T17,SE,Southeast,TI,Total interchange,2518,megawatthours,2026-01-24 17:00:00,2518.0
2026-01-24T16,SE,Southeast,D,Demand,29478,megawatthours,2026-01-24 16:00:00,29478.0
2026-01-24T16,SE,Southeast,DF,Day-ahead demand forecast,29193,megawatthours,2026-01-24 16:00:00,29193.0
2026-01-24T16,SE,Southeast,NG,Net generation,32334,megawatthours,2026-01-24 16:00:00,32334.0
2026-01-24T16,SE,Southeast,TI,Total interchange,2854,megawatthours,2026-01-24 16:00:00,2854.0
2026-01-24T15,SE,Southeast,D,Demand,29570,megawatthours,2026-01-24 15:00:00,29570.0
2026-01-24T15,SE,Southeast,DF,Day-ahead demand forecast,29272,megawatthours,2026-01-24 15:00:00,29272.0
2026-01-24T15,SE,Southeast,NG,Net generation,33366,megawatthours,2026-01-24 15:00:00,33366.0
2026-01-24T15,SE,Southeast,TI,Total interchange,3794,megawatthours,2026-01-24 15:00:00,3794.0
2026-01-24T14,SE,Southeast,D,Demand,28604,megawatthours,2026-01-24 14:00:00,28604.0
2026-01-24T14,SE,Southeast,DF,Day-ahead demand forecast,28350,megawatthours,2026-01-24 14:00:00,28350.0
2026-01-24T14,SE,Southeast,NG,Net generation,32451,megawatthours,2026-01-24 14:00:00,32451.0
2026-01-24T14,SE,Southeast,TI,Total interchange,3848,megawatthours,2026-01-24 14:00:00,3848.0
2026-01-24T13,SE,Southeast,D,Demand,27530,megawatthours,2026-01-24 13:00:00,27530.0
2026-01-24T13,SE,Southeast,DF,Day-ahead demand forecast,27367,megawatthours,2026-01-24 13:00:00,27367.0
2026-01-24T13,SE,Southeast,NG,Net generation,31764,megawatthours,2026-01-24 13:00:00,31764.0
2026-01-24T13,SE,Southeast,TI,Total interchange,4229,megawatthours,2026-01-24 13:00:00,4229.0
2026-01-24T12,SE,Southeast,D,Demand,26450,megawatthours,2026-01-24 12:00:00,26450.0
2026-01-24T12,SE,Southeast,DF,Day-ahead demand forecast,26235,megawatthours,2026-01-24 12:00:00,26235.0
2026-01-24T12,SE,Southeast,NG,Net generation,29706,megawatthours,2026-01-24 12:00:00,29706.0
2026-01-24T12,SE,Southeast,TI,Total interchange,3255,megawatthours,2026-01-24 12:00:00,3255.0
2026-01-24T11,SE,Southeast,D,Demand,25685,megawatthours,2026-01-24 11:00:00,25685.0
2026-01-24T11,SE,Southeast,DF,Day-ahead demand forecast,25466,megawatthours,2026-01-24 11:00:00,25466.0
2026-01-24T11,SE,Southeast,NG,Net generation,29107,megawatthours,2026-01-24 11:00:00,29107.0
2026-01-24T11,SE,Southeast,TI,Total interchange,3419,megawatthours,2026-01-24 11:00:00,3419.0
2026-01-24T10,SE,Southeast,D,Demand,25161,megawatthours,2026-01-24 10:00:00,25161.0
2026-01-24T10,SE,Southeast,DF,Day-ahead demand forecast,24876,megawatthours,2026-01-24 10:00:00,24876.0
2026-01-24T10,SE,Southeast,NG,Net generation,29159,megawatthours,2026-01-24 10:00:00,29159.0
2026-01-24T10,SE,Southeast,TI,Total interchange,3800,megawatthours,2026-01-24 10:00:00,3800.0
2026-01-24T09,SE,Southeast,D,Demand,25015,megawatthours,2026-01-24 09:00:00,25015.0
2026-01-24T09,SE,Southeast,DF,Day-ahead demand forecast,24751,megawatthours,2026-01-24 09:00:00,24751.0
2026-01-24T09,SE,Southeast,NG,Net generation,29335,megawatthours,2026-01-24 09:00:00,29335.0
2026-01-24T09,SE,Southeast,TI,Total interchange,4122,megawatthours,2026-01-24 09:00:00,4122.0
2026-01-24T08,SE,Southeast,D,Demand,25166,megawatthours,2026-01-24 08:00:00,25166.0
2026-01-24T08,SE,Southeast,DF,Day-ahead demand forecast,24905,megawatthours,2026-01-24 08:00:00,24905.0
2026-01-24T08,SE,Southeast,NG,Net generation,29658,megawatthours,2026-01-24 08:00:00,29658.0
2026-01-24T08,SE,Southeast,TI,Total interchange,4296,megawatthours,2026-01-24 08:00:00,4296.0
2026-01-24T07,SE,Southeast,D,Demand,25530,megawatthours,2026-01-24 07:00:00,25530.0
2026-01-24T07,SE,Southeast,DF,Day-ahead demand forecast,25253,megawatthours,2026-01-24 07:00:00,25253.0
2026-01-24T07,SE,Southeast,NG,Net generation,29595,megawatthours,2026-01-24 07:00:00,29595.0
2026-01-24T07,SE,Southeast,TI,Total interchange,3868,megawatthours,2026-01-24 07:00:00,3868.0
2026-01-24T06,SE,Southeast,D,Demand,26000,megawatthours,2026-01-24 06:00:00,26000.0
2026-01-24T06,SE,Southeast,DF,Day-ahead demand forecast,25726,megawatthours,2026-01-24 06:00:00,25726.0
2026-01-24T06,SE,Southeast,NG,Net generation,29411,megawatthours,2026-01-24 06:00:00,29411.0
2026-01-24T06,SE,Southeast,TI,Total interchange,3270,megawatthours,2026-01-24 06:00:00,3270.0
2026-01-24T05,SE,Southeast,D,Demand,26742,megawatthours,2026-01-24 05:00:00,26742.0
2026-01-24T05,SE,Southeast,DF,Day-ahead demand forecast,26540,megawatthours,2026-01-24 05:00:00,26540.0
2026-01-24T05,SE,Southeast,NG,Net generation,30180,megawatthours,2026-01-24 05:00:00,30180.0
2026-01-24T05,SE,Southeast,TI,Total interchange,3293,megawatthours,2026-01-24 05:00:00,3293.0
2026-01-24T04,SE,Southeast,D,Demand,27441,megawatthours,2026-01-24 04:00:00,27441.0
2026-01-24T04,SE,Southeast,DF,Day-ahead demand forecast,27316,megawatthours,2026-01-24 04:00:00,27316.0
2026-01-24T04,SE,Southeast,NG,Net generation,31175,megawatthours,2026-01-24 04:00:00,31175.0
2026-01-24T04,SE,Southeast,TI,Total interchange,3590,megawatthours,2026-01-24 04:00:00,3590.0
2026-01-24T03,SE,Southeast,D,Demand,28140,megawatthours,2026-01-24 03:00:00,28140.0
2026-01-24T03,SE,Southeast,DF,Day-ahead demand forecast,27954,megawatthours,2026-01-24 03:00:00,27954.0
2026-01-24T03,SE,Southeast,NG,Net generation,31660,megawatthours,2026-01-24 03:00:00,31660.0
2026-01-24T03,SE,Southeast,TI,Total interchange,3377,megawatthours,2026-01-24 03:00:00,3377.0
2026-01-24T02,SE,Southeast,D,Demand,28530,megawatthours,2026-01-24 02:00:00,28530.0
2026-01-24T02,SE,Southeast,DF,Day-ahead demand forecast,28352,megawatthours,2026-01-24 02:00:00,28352.0
2026-01-24T02,SE,Southeast,NG,Net generation,31926,megawatthours,2026-01-24 02:00:00,31926.0
2026-01-24T02,SE,Southeast,TI,Total interchange,3256,megawatthours,2026-01-24 02:00:00,3256.0
2026-01-24T01,SE,Southeast,D,Demand,28550,megawatthours,2026-01-24 01:00:00,28550.0
2026-01-24T01,SE,Southeast,DF,Day-ahead demand forecast,28404,megawatthours,2026-01-24 01:00:00,28404.0
2026-01-24T01,SE,Southeast,NG,Net generation,31822,megawatthours,2026-01-24 01:00:00,31822.0
2026-01-24T01,SE,Southeast,TI,Total interchange,3268,megawatthours,2026-01-24 01:00:00,3268.0
2026-01-24T00,SE,Southeast,D,Demand,28348,megawatthours,2026-01-24 00:00:00,28348.0
2026-01-24T00,SE,Southeast,DF,Day-ahead demand forecast,28256,megawatthours,2026-01-24 00:00:00,28256.0
2026-01-24T00,SE,Southeast,NG,Net generation,31209,megawatthours,2026-01-24 00:00:00,31209.0
2026-01-24T00,SE,Southeast,TI,Total interchange,2860,megawatthours,2026-01-24 00:00:00,2860.0
2026-01-23T23,SE,Southeast,D,Demand,27348,megawatthours,2026-01-23 23:00:00,27348.0
2026-01-23T23,SE,Southeast,DF,Day-ahead demand forecast,27200,megawatthours,2026-01-23 23:00:00,27200.0
2026-01-23T23,SE,Southeast,NG,Net generation,29560,megawatthours,2026-01-23 23:00:00,29560.0
2026-01-23T23,SE,Southeast,TI,Total interchange,2209,megawatthours,2026-01-23 23:00:00,2209.0
2026-01-23T22,SE,Southeast,D,Demand,26671,megawatthours,2026-01-23 22:00:00,26671.0
2026-01-23T22,SE,Southeast,DF,Day-ahead demand forecast,26538,megawatthours,2026-01-23 22:00:00,26538.0
2026-01-23T22,SE,Southeast,NG,Net generation,28573,megawatthours,2026-01-23 22:00:00,28573.0
2026-01-23T22,SE,Southeast,TI,Total interchange,1899,megawatthours,2026-01-23 22:00:00,1899.0
2026-01-23T21,SE,Southeast,D,Demand,26561,megawatthours,2026-01-23 21:00:00,26561.0
2026-01-23T21,SE,Southeast,DF,Day-ahead demand forecast,26412,megawatthours,2026-01-23 21:00:00,26412.0
2026-01-23T21,SE,Southeast,NG,Net generation,28237,megawatthours,2026-01-23 21:00:00,28237.0
2026-01-23T21,SE,Southeast,TI,Total interchange,1673,megawatthours,2026-01-23 21:00:00,1673.0
2026-01-23T20,SE,Southeast,D,Demand,26835,megawatthours,2026-01-23 20:00:00,26835.0
2026-01-23T20,SE,Southeast,DF,Day-ahead demand forecast,26661,megawatthours,2026-01-23 20:00:00,26661.0
2026-01-23T20,SE,Southeast,NG,Net generation,28589,megawatthours,2026-01-23 20:00:00,28589.0
2026-01-23T20,SE,Southeast,TI,Total interchange,1751,megawatthours,2026-01-23 20:00:00,1751.0
2026-01-23T19,SE,Southeast,D,Demand,27179,megawatthours,2026-01-23 19:00:00,27179.0
2026-01-23T19,SE,Southeast,DF,Day-ahead demand forecast,26979,megawatthours,2026-01-23 19:00:00,26979.0
2026-01-23T19,SE,Southeast,NG,Net generation,28616,megawatthours,2026-01-23 19:00:00,28616.0
2026-01-23T19,SE,Southeast,TI,Total interchange,1435,megawatthours,2026-01-23 19:00:00,1435.0
2026-01-23T18,SE,Southeast,D,Demand,27537,megawatthours,2026-01-23 18:00:00,27537.0
2026-01-23T18,SE,Southeast,DF,Day-ahead demand forecast,27327,megawatthours,2026-01-23 18:00:00,27327.0
2026-01-23T18,SE,Southeast,NG,Net generation,28647,megawatthours,2026-01-23 18:00:00,28647.0
2026-01-23T18,SE,Southeast,TI,Total interchange,1111,megawatthours,2026-01-23 18:00:00,1111.0
2026-01-23T17,SE,Southeast,D,Demand,28102,megawatthours,2026-01-23 17:00:00,28102.0
2026-01-23T17,SE,Southeast,DF,Day-ahead demand forecast,27889,megawatthours,2026-01-23 17:00:00,27889.0
2026-01-23T17,SE,Southeast,NG,Net generation,29368,megawatthours,2026-01-23 17:00:00,29368.0
2026-01-23T17,SE,Southeast,TI,Total interchange,1263,megawatthours,2026-01-23 17:00:00,1263.0
2026-01-23T16,SE,Southeast,D,Demand,28589,megawatthours,2026-01-23 16:00:00,28589.0
2026-01-23T16,SE,Southeast,DF,Day-ahead demand forecast,28372,megawatthours,2026-01-23 16:00:00,28372.0
2026-01-23T16,SE,Southeast,NG,Net generation,30006,megawatthours,2026-01-23 16:00:00,30006.0
2026-01-23T16,SE,Southeast,TI,Total interchange,1416,megawatthours,2026-01-23 16:00:00,1416.0
2026-01-23T15,SE,Southeast,D,Demand,28947,megawatthours,2026-01-23 15:00:00,28947.0
2026-01-23T15,SE,Southeast,DF,Day-ahead demand forecast,28703,megawatthours,2026-01-23 15:00:00,28703.0
2026-01-23T15,SE,Southeast,NG,Net generation,30960,megawatthours,2026-01-23 15:00:00,30960.0
2026-01-23T15,SE,Southeast,TI,Total interchange,2014,megawatthours,2026-01-23 15:00:00,2014.0
2026-01-23T14,SE,Southeast,D,Demand,28878,megawatthours,2026-01-23 14:00:00,28878.0
2026-01-23T14,SE,Southeast,DF,Day-ahead demand forecast,28667,megawatthours,2026-01-23 14:00:00,28667.0
2026-01-23T14,SE,Southeast,NG,Net generation,30923,megawatthours,2026-01-23 14:00:00,30923.0
2026-01-23T14,SE,Southeast,TI,Total interchange,2047,megawatthours,2026-01-23 14:00:00,2047.0
2026-01-23T13,SE,Southeast,D,Demand,28752,megawatthours,2026-01-23 13:00:00,28752.0
2026-01-23T13,SE,Southeast,DF,Day-ahead demand forecast,28797,megawatthours,2026-01-23 13:00:00,28797.0
2026-01-23T13,SE,Southeast,NG,Net generation,30920,megawatthours,2026-01-23 13:00:00,30920.0
2026-01-23T13,SE,Southeast,TI,Total interchange,2161,megawatthours,2026-01-23 13:00:00,2161.0
2026-01-23T12,SE,Southeast,D,Demand,27243,megawatthours,2026-01-23 12:00:00,27243.0
2026-01-23T12,SE,Southeast,DF,Day-ahead demand forecast,27246,megawatthours,2026-01-23 12:00:00,27246.0
2026-01-23T12,SE,Southeast,NG,Net generation,28481,megawatthours,2026-01-23 12:00:00,28481.0
2026-01-23T12,SE,Southeast,TI,Total interchange,1240,megawatthours,2026-01-23 12:00:00,1240.0
2026-01-23T11,SE,Southeast,D,Demand,25363,megawatthours,2026-01-23 11:00:00,25363.0
2026-01-23T11,SE,Southeast,DF,Day-ahead demand forecast,25385,megawatthours,2026-01-23 11:00:00,25385.0
2026-01-23T11,SE,Southeast,NG,Net generation,26620,megawatthours,2026-01-23 11:00:00,26620.0
2026-01-23T11,SE,Southeast,TI,Total interchange,1063,megawatthours,2026-01-23 11:00:00,1063.0
2026-01-23T10,SE,Southeast,D,Demand,24162,megawatthours,2026-01-23 10:00:00,24162.0
2026-01-23T10,SE,Southeast,DF,Day-ahead demand forecast,24194,megawatthours,2026-01-23 10:00:00,24194.0
2026-01-23T10,SE,Southeast,NG,Net generation,25530,megawatthours,2026-01-23 10:00:00,25530.0
2026-01-23T10,SE,Southeast,TI,Total interchange,1171,megawatthours,2026-01-23 10:00:00,1171.0
2026-01-23T09,SE,Southeast,D,Demand,23923,megawatthours,2026-01-23 09:00:00,23923.0
2026-01-23T09,SE,Southeast,DF,Day-ahead demand forecast,23936,megawatthours,2026-01-23 09:00:00,23936.0
2026-01-23T09,SE,Southeast,NG,Net generation,25179,megawatthours,2026-01-23 09:00:00,25179.0
2026-01-23T09,SE,Southeast,TI,Total interchange,1061,megawatthours,2026-01-23 09:00:00,1061.0
2026-01-23T08,SE,Southeast,D,Demand,23826,megawatthours,2026-01-23 08:00:00,23826.0
2026-01-23T08,SE,Southeast,DF,Day-ahead demand forecast,23685,megawatthours,2026-01-23 08:00:00,23685.0
2026-01-23T08,SE,Southeast,NG,Net generation,25112,megawatthours,2026-01-23 08:00:00,25112.0
2026-01-23T08,SE,Southeast,TI,Total interchange,1088,megawatthours,2026-01-23 08:00:00,1088.0
2026-01-23T07,SE,Southeast,D,Demand,24251,megawatthours,2026-01-23 07:00:00,24251.0
2026-01-23T07,SE,Southeast,DF,Day-ahead demand forecast,24064,megawatthours,2026-01-23 07:00:00,24064.0
2026-01-23T07,SE,Southeast,NG,Net generation,25511,megawatthours,2026-01-23 07:00:00,25511.0
2026-01-23T07,SE,Southeast,TI,Total interchange,1062,megawatthours,2026-01-23 07:00:00,1062.0
2026-01-23T06,SE,Southeast,D,Demand,24813,megawatthours,2026-01-23 06:00:00,24813.0
2026-01-23T06,SE,Southeast,DF,Day-ahead demand forecast,25761,megawatthours,2026-01-23 06:00:00,25761.0
2026-01-23T06,SE,Southeast,NG,Net generation,25596,megawatthours,2026-01-23 06:00:00,25596.0
2026-01-23T06,SE,Southeast,TI,Total interchange,490,megawatthours,2026-01-23 06:00:00,490.0
2026-01-23T05,SE,Southeast,D,Demand,25998,megawatthours,2026-01-23 05:00:00,25998.0
2026-01-23T05,SE,Southeast,DF,Day-ahead demand forecast,26412,megawatthours,2026-01-23 05:00:00,26412.0
2026-01-23T05,SE,Southeast,NG,Net generation,26893,megawatthours,2026-01-23 05:00:00,26893.0
2026-01-23T05,SE,Southeast,TI,Total interchange,601,megawatthours,2026-01-23 05:00:00,601.0
2026-01-23T04,SE,Southeast,D,Demand,27145,megawatthours,2026-01-23 04:00:00,27145.0
2026-01-23T04,SE,Southeast,DF,Day-ahead demand forecast,27438,megawatthours,2026-01-23 04:00:00,27438.0
2026-01-23T04,SE,Southeast,NG,Net generation,28401,megawatthours,2026-01-23 04:00:00,28401.0
2026-01-23T04,SE,Southeast,TI,Total interchange,959,megawatthours,2026-01-23 04:00:00,959.0
2026-01-23T03,SE,Southeast,D,Demand,28488,megawatthours,2026-01-23 03:00:00,28488.0
2026-01-23T03,SE,Southeast,DF,Day-ahead demand forecast,28395,megawatthours,2026-01-23 03:00:00,28395.0
2026-01-23T03,SE,Southeast,NG,Net generation,29765,megawatthours,2026-01-23 03:00:00,29765.0
2026-01-23T03,SE,Southeast,TI,Total interchange,1271,megawatthours,2026-01-23 03:00:00,1271.0
2026-01-23T02,SE,Southeast,D,Demand,29229,megawatthours,2026-01-23 02:00:00,29229.0
2026-01-23T02,SE,Southeast,DF,Day-ahead demand forecast,29184,megawatthours,2026-01-23 02:00:00,29184.0
2026-01-23T02,SE,Southeast,NG,Net generation,30563,megawatthours,2026-01-23 02:00:00,30563.0
2026-01-23T02,SE,Southeast,TI,Total interchange,1332,megawatthours,2026-01-23 02:00:00,1332.0
2026-01-23T01,SE,Southeast,D,Demand,29545,megawatthours,2026-01-23 01:00:00,29545.0
2026-01-23T01,SE,Southeast,DF,Day-ahead demand forecast,29492,megawatthours,2026-01-23 01:00:00,29492.0
2026-01-23T01,SE,Southeast,NG,Net generation,30849,megawatthours,2026-01-23 01:00:00,30849.0
2026-01-23T01,SE,Southeast,TI,Total interchange,1300,megawatthours,2026-01-23 01:00:00,1300.0
2026-01-23T00,SE,Southeast,D,Demand,29322,megawatthours,2026-01-23 00:00:00,29322.0
2026-01-23T00,SE,Southeast,DF,Day-ahead demand forecast,29216,megawatthours,2026-01-23 00:00:00,29216.0
2026-01-23T00,SE,Southeast,NG,Net generation,30611,megawatthours,2026-01-23 00:00:00,30611.0
2026-01-23T00,SE,Southeast,TI,Total interchange,1289,megawatthours,2026-01-23 00:00:00,1289.0
2026-01-22T23,SE,Southeast,D,Demand,28271,megawatthours,2026-01-22 23:00:00,28271.0
2026-01-22T23,SE,Southeast,DF,Day-ahead demand forecast,28176,megawatthours,2026-01-22 23:00:00,28176.0
2026-01-22T23,SE,Southeast,NG,Net generation,29613,megawatthours,2026-01-22 23:00:00,29613.0
2026-01-22T23,SE,Southeast,TI,Total interchange,1338,megawatthours,2026-01-22 23:00:00,1338.0
2026-01-22T22,SE,Southeast,D,Demand,27594,megawatthours,2026-01-22 22:00:00,27594.0
2026-01-22T22,SE,Southeast,DF,Day-ahead demand forecast,27450,megawatthours,2026-01-22 22:00:00,27450.0
2026-01-22T22,SE,Southeast,NG,Net generation,28444,megawatthours,2026-01-22 22:00:00,28444.0
2026-01-22T22,SE,Southeast,TI,Total interchange,848,megawatthours,2026-01-22 22:00:00,848.0
2026-01-22T21,SE,Southeast,D,Demand,27526,megawatthours,2026-01-22 21:00:00,27526.0
2026-01-22T21,SE,Southeast,DF,Day-ahead demand forecast,27562,megawatthours,2026-01-22 21:00:00,27562.0
2026-01-22T21,SE,Southeast,NG,Net generation,28180,megawatthours,2026-01-22 21:00:00,28180.0
2026-01-22T21,SE,Southeast,TI,Total interchange,649,megawatthours,2026-01-22 21:00:00,649.0
2026-01-22T20,SE,Southeast,D,Demand,27719,megawatthours,2026-01-22 20:00:00,27719.0
2026-01-22T20,SE,Southeast,DF,Day-ahead demand forecast,27737,megawatthours,2026-01-22 20:00:00,27737.0
2026-01-22T20,SE,Southeast,NG,Net generation,28363,megawatthours,2026-01-22 20:00:00,28363.0
2026-01-22T20,SE,Southeast,TI,Total interchange,642,megawatthours,2026-01-22 20:00:00,642.0
2026-01-22T19,SE,Southeast,D,Demand,28075,megawatthours,2026-01-22 19:00:00,28075.0
2026-01-22T19,SE,Southeast,DF,Day-ahead demand forecast,28110,megawatthours,2026-01-22 19:00:00,28110.0
2026-01-22T19,SE,Southeast,NG,Net generation,28767,megawatthours,2026-01-22 19:00:00,28767.0
2026-01-22T19,SE,Southeast,TI,Total interchange,690,megawatthours,2026-01-22 19:00:00,690.0
2026-01-22T18,SE,Southeast,D,Demand,28270,megawatthours,2026-01-22 18:00:00,28270.0
2026-01-22T18,SE,Southeast,DF,Day-ahead demand forecast,28572,megawatthours,2026-01-22 18:00:00,28572.0
2026-01-22T18,SE,Southeast,NG,Net generation,28862,megawatthours,2026-01-22 18:00:00,28862.0
2026-01-22T18,SE,Southeast,TI,Total interchange,589,megawatthours,2026-01-22 18:00:00,589.0
2026-01-22T17,SE,Southeast,D,Demand,28637,megawatthours,2026-01-22 17:00:00,28637.0
2026-01-22T17,SE,Southeast,DF,Day-ahead demand forecast,29066,megawatthours,2026-01-22 17:00:00,29066.0
2026-01-22T17,SE,Southeast,NG,Net generation,29279,megawatthours,2026-01-22 17:00:00,29279.0
2026-01-22T17,SE,Southeast,TI,Total interchange,648,megawatthours,2026-01-22 17:00:00,648.0
2026-01-22T16,SE,Southeast,D,Demand,29116,megawatthours,2026-01-22 16:00:00,29116.0
2026-01-22T16,SE,Southeast,DF,Day-ahead demand forecast,29521,megawatthours,2026-01-22 16:00:00,29521.0
2026-01-22T16,SE,Southeast,NG,Net generation,29885,megawatthours,2026-01-22 16:00:00,29885.0
2026-01-22T16,SE,Southeast,TI,Total interchange,770,megawatthours,2026-01-22 16:00:00,770.0
2026-01-22T15,SE,Southeast,D,Demand,29640,megawatthours,2026-01-22 15:00:00,29640.0
2026-01-22T15,SE,Southeast,DF,Day-ahead demand forecast,30172,megawatthours,2026-01-22 15:00:00,30172.0
2026-01-22T15,SE,Southeast,NG,Net generation,30658,megawatthours,2026-01-22 15:00:00,30658.0
2026-01-22T15,SE,Southeast,TI,Total interchange,1022,megawatthours,2026-01-22 15:00:00,1022.0
2026-01-22T14,SE,Southeast,D,Demand,30199,megawatthours,2026-01-22 14:00:00,30199.0
2026-01-22T14,SE,Southeast,DF,Day-ahead demand forecast,31101,megawatthours,2026-01-22 14:00:00,31101.0
2026-01-22T14,SE,Southeast,NG,Net generation,31761,megawatthours,2026-01-22 14:00:00,31761.0
2026-01-22T14,SE,Southeast,TI,Total interchange,1559,megawatthours,2026-01-22 14:00:00,1559.0
2026-01-22T13,SE,Southeast,D,Demand,30179,megawatthours,2026-01-22 13:00:00,30179.0
2026-01-22T13,SE,Southeast,DF,Day-ahead demand forecast,31392,megawatthours,2026-01-22 13:00:00,31392.0
2026-01-22T13,SE,Southeast,NG,Net generation,31868,megawatthours,2026-01-22 13:00:00,31868.0
2026-01-22T13,SE,Southeast,TI,Total interchange,1691,megawatthours,2026-01-22 13:00:00,1691.0
2026-01-22T12,SE,Southeast,D,Demand,28811,megawatthours,2026-01-22 12:00:00,28811.0
2026-01-22T12,SE,Southeast,DF,Day-ahead demand forecast,30124,megawatthours,2026-01-22 12:00:00,30124.0
2026-01-22T12,SE,Southeast,NG,Net generation,29818,megawatthours,2026-01-22 12:00:00,29818.0
2026-01-22T12,SE,Southeast,TI,Total interchange,1003,megawatthours,2026-01-22 12:00:00,1003.0
2026-01-22T11,SE,Southeast,D,Demand,26844,megawatthours,2026-01-22 11:00:00,26844.0
2026-01-22T11,SE,Southeast,DF,Day-ahead demand forecast,27575,megawatthours,2026-01-22 11:00:00,27575.0
2026-01-22T11,SE,Southeast,NG,Net generation,27488,megawatthours,2026-01-22 11:00:00,27488.0
2026-01-22T11,SE,Southeast,TI,Total interchange,646,megawatthours,2026-01-22 11:00:00,646.0
2026-01-22T10,SE,Southeast,D,Demand,25557,megawatthours,2026-01-22 10:00:00,25557.0
2026-01-22T10,SE,Southeast,DF,Day-ahead demand forecast,25683,megawatthours,2026-01-22 10:00:00,25683.0
2026-01-22T10,SE,Southeast,NG,Net generation,26240,megawatthours,2026-01-22 10:00:00,26240.0
2026-01-22T10,SE,Southeast,TI,Total interchange,490,megawatthours,2026-01-22 10:00:00,490.0
2026-01-22T09,SE,Southeast,D,Demand,25121,megawatthours,2026-01-22 09:00:00,25121.0
2026-01-22T09,SE,Southeast,DF,Day-ahead demand forecast,25111,megawatthours,2026-01-22 09:00:00,25111.0
2026-01-22T09,SE,Southeast,NG,Net generation,25657,megawatthours,2026-01-22 09:00:00,25657.0
2026-01-22T09,SE,Southeast,TI,Total interchange,338,megawatthours,2026-01-22 09:00:00,338.0
2026-01-22T08,SE,Southeast,D,Demand,25143,megawatthours,2026-01-22 08:00:00,25143.0
2026-01-22T08,SE,Southeast,DF,Day-ahead demand forecast,24991,megawatthours,2026-01-22 08:00:00,24991.0
2026-01-22T08,SE,Southeast,NG,Net generation,25639,megawatthours,2026-01-22 08:00:00,25639.0
2026-01-22T08,SE,Southeast,TI,Total interchange,297,megawatthours,2026-01-22 08:00:00,297.0
2026-01-22T07,SE,Southeast,D,Demand,25407,megawatthours,2026-01-22 07:00:00,25407.0
2026-01-22T07,SE,Southeast,DF,Day-ahead demand forecast,25236,megawatthours,2026-01-22 07:00:00,25236.0
2026-01-22T07,SE,Southeast,NG,Net generation,25912,megawatthours,2026-01-22 07:00:00,25912.0
2026-01-22T07,SE,Southeast,TI,Total interchange,309,megawatthours,2026-01-22 07:00:00,309.0
2026-01-22T06,SE,Southeast,D,Demand,26066,megawatthours,2026-01-22 06:00:00,26066.0
2026-01-22T06,SE,Southeast,DF,Day-ahead demand forecast,26771,megawatthours,2026-01-22 06:00:00,26771.0
2026-01-22T06,SE,Southeast,NG,Net generation,26398,megawatthours,2026-01-22 06:00:00,26398.0
2026-01-22T06,SE,Southeast,TI,Total interchange,38,megawatthours,2026-01-22 06:00:00,38.0
2026-01-22T05,SE,Southeast,D,Demand,27329,megawatthours,2026-01-22 05:00:00,27329.0
2026-01-22T05,SE,Southeast,DF,Day-ahead demand forecast,27758,megawatthours,2026-01-22 05:00:00,27758.0
2026-01-22T05,SE,Southeast,NG,Net generation,27308,megawatthours,2026-01-22 05:00:00,27308.0
2026-01-22T05,SE,Southeast,TI,Total interchange,-315,megawatthours,2026-01-22 05:00:00,-315.0
2026-01-22T04,SE,Southeast,D,Demand,28678,megawatthours,2026-01-22 04:00:00,28678.0
2026-01-22T04,SE,Southeast,DF,Day-ahead demand forecast,29005,megawatthours,2026-01-22 04:00:00,29005.0
2026-01-22T04,SE,Southeast,NG,Net generation,28913,megawatthours,2026-01-22 04:00:00,28913.0
2026-01-22T04,SE,Southeast,TI,Total interchange,-59,megawatthours,2026-01-22 04:00:00,-59.0
2026-01-22T03,SE,Southeast,D,Demand,30255,megawatthours,2026-01-22 03:00:00,30255.0
2026-01-22T03,SE,Southeast,DF,Day-ahead demand forecast,30102,megawatthours,2026-01-22 03:00:00,30102.0
2026-01-22T03,SE,Southeast,NG,Net generation,30567,megawatthours,2026-01-22 03:00:00,30567.0
2026-01-22T03,SE,Southeast,TI,Total interchange,308,megawatthours,2026-01-22 03:00:00,308.0
2026-01-22T02,SE,Southeast,D,Demand,31041,megawatthours,2026-01-22 02:00:00,31041.0
2026-01-22T02,SE,Southeast,DF,Day-ahead demand forecast,30909,megawatthours,2026-01-22 02:00:00,30909.0
2026-01-22T02,SE,Southeast,NG,Net generation,31365,megawatthours,2026-01-22 02:00:00,31365.0
2026-01-22T02,SE,Southeast,TI,Total interchange,319,megawatthours,2026-01-22 02:00:00,319.0
2026-01-22T01,SE,Southeast,D,Demand,31350,megawatthours,2026-01-22 01:00:00,31350.0
2026-01-22T01,SE,Southeast,DF,Day-ahead demand forecast,30986,megawatthours,2026-01-22 01:00:00,30986.0
2026-01-22T01,SE,Southeast,NG,Net generation,31793,megawatthours,2026-01-22 01:00:00,31793.0
2026-01-22T01,SE,Southeast,TI,Total interchange,443,megawatthours,2026-01-22 01:00:00,443.0
2026-01-22T00,SE,Southeast,D,Demand,30576,megawatthours,2026-01-22 00:00:00,30576.0
2026-01-22T00,SE,Southeast,DF,Day-ahead demand forecast,30461,megawatthours,2026-01-22 00:00:00,30461.0
2026-01-22T00,SE,Southeast,NG,Net generation,31376,megawatthours,2026-01-22 00:00:00,31376.0
2026-01-22T00,SE,Southeast,TI,Total interchange,792,megawatthours,2026-01-22 00:00:00,792.0
2026-01-21T23,SE,Southeast,D,Demand,31057,megawatthours,2026-01-21 23:00:00,31057.0
2026-01-21T23,SE,Southeast,DF,Day-ahead demand forecast,29132,megawatthours,2026-01-21 23:00:00,29132.0
2026-01-21T23,SE,Southeast,NG,Net generation,29229,megawatthours,2026-01-21 23:00:00,29229.0
2026-01-21T23,SE,Southeast,TI,Total interchange,-1830,megawatthours,2026-01-21 23:00:00,-1830.0
2026-01-21T22,SE,Southeast,D,Demand,26635,megawatthours,2026-01-21 22:00:00,26635.0
2026-01-21T22,SE,Southeast,DF,Day-ahead demand forecast,28272,megawatthours,2026-01-21 22:00:00,28272.0
2026-01-21T22,SE,Southeast,NG,Net generation,27838,megawatthours,2026-01-21 22:00:00,27838.0
2026-01-21T22,SE,Southeast,TI,Total interchange,1199,megawatthours,2026-01-21 22:00:00,1199.0
2026-01-21T21,SE,Southeast,D,Demand,28945,megawatthours,2026-01-21 21:00:00,28945.0
2026-01-21T21,SE,Southeast,DF,Day-ahead demand forecast,28208,megawatthours,2026-01-21 21:00:00,28208.0
2026-01-21T21,SE,Southeast,NG,Net generation,27446,megawatthours,2026-01-21 21:00:00,27446.0
2026-01-21T21,SE,Southeast,TI,Total interchange,-1,megawatthours,2026-01-21 21:00:00,-1.0
2026-01-21T20,SE,Southeast,D,Demand,28368,megawatthours,2026-01-21 20:00:00,28368.0
2026-01-21T20,SE,Southeast,DF,Day-ahead demand forecast,28759,megawatthours,2026-01-21 20:00:00,28759.0
2026-01-21T20,SE,Southeast,NG,Net generation,27253,megawatthours,2026-01-21 20:00:00,27253.0
2026-01-21T20,SE,Southeast,TI,Total interchange,364,megawatthours,2026-01-21 20:00:00,364.0
2026-01-21T19,SE,Southeast,D,Demand,29253,megawatthours,2026-01-21 19:00:00,29253.0
2026-01-21T19,SE,Southeast,DF,Day-ahead demand forecast,29549,megawatthours,2026-01-21 19:00:00,29549.0
2026-01-21T19,SE,Southeast,NG,Net generation,27601,megawatthours,2026-01-21 19:00:00,27601.0
2026-01-21T19,SE,Southeast,TI,Total interchange,448,megawatthours,2026-01-21 19:00:00,448.0
2026-01-21T18,SE,Southeast,D,Demand,30443,megawatthours,2026-01-21 18:00:00,30443.0
2026-01-21T18,SE,Southeast,DF,Day-ahead demand forecast,30857,megawatthours,2026-01-21 18:00:00,30857.0
2026-01-21T18,SE,Southeast,NG,Net generation,28640,megawatthours,2026-01-21 18:00:00,28640.0
2026-01-21T18,SE,Southeast,TI,Total interchange,568,megawatthours,2026-01-21 18:00:00,568.0
2026-01-21T17,SE,Southeast,D,Demand,32363,megawatthours,2026-01-21 17:00:00,32363.0
2026-01-21T17,SE,Southeast,DF,Day-ahead demand forecast,32379,megawatthours,2026-01-21 17:00:00,32379.0
2026-01-21T17,SE,Southeast,NG,Net generation,30870,megawatthours,2026-01-21 17:00:00,30870.0
2026-01-21T17,SE,Southeast,TI,Total interchange,706,megawatthours,2026-01-21 17:00:00,706.0
2026-01-21T16,SE,Southeast,D,Demand,34674,megawatthours,2026-01-21 16:00:00,34674.0
2026-01-21T16,SE,Southeast,DF,Day-ahead demand forecast,34247,megawatthours,2026-01-21 16:00:00,34247.0
2026-01-21T16,SE,Southeast,NG,Net generation,32916,megawatthours,2026-01-21 16:00:00,32916.0
2026-01-21T16,SE,Southeast,TI,Total interchange,627,megawatthours,2026-01-21 16:00:00,627.0
2026-01-21T15,SE,Southeast,D,Demand,37391,megawatthours,2026-01-21 15:00:00,37391.0
2026-01-21T15,SE,Southeast,DF,Day-ahead demand forecast,36587,megawatthours,2026-01-21 15:00:00,36587.0
2026-01-21T15,SE,Southeast,NG,Net generation,37019,megawatthours,2026-01-21 15:00:00,37019.0
2026-01-21T15,SE,Southeast,TI,Total interchange,1761,megawatthours,2026-01-21 15:00:00,1761.0
2026-01-21T14,SE,Southeast,D,Demand,39673,megawatthours,2026-01-21 14:00:00,39673.0
2026-01-21T14,SE,Southeast,DF,Day-ahead demand forecast,39047,megawatthours,2026-01-21 14:00:00,39047.0
2026-01-21T14,SE,Southeast,NG,Net generation,41110,megawatthours,2026-01-21 14:00:00,41110.0
2026-01-21T14,SE,Southeast,TI,Total interchange,2462,megawatthours,2026-01-21 14:00:00,2462.0
2026-01-21T13,SE,Southeast,D,Demand,40203,megawatthours,2026-01-21 13:00:00,40203.0
2026-01-21T13,SE,Southeast,DF,Day-ahead demand forecast,39993,megawatthours,2026-01-21 13:00:00,39993.0
2026-01-21T13,SE,Southeast,NG,Net generation,42373,megawatthours,2026-01-21 13:00:00,42373.0
2026-01-21T13,SE,Southeast,TI,Total interchange,2445,megawatthours,2026-01-21 13:00:00,2445.0
2026-01-21T12,SE,Southeast,D,Demand,38780,megawatthours,2026-01-21 12:00:00,38780.0
2026-01-21T12,SE,Southeast,DF,Day-ahead demand forecast,38290,megawatthours,2026-01-21 12:00:00,38290.0
2026-01-21T12,SE,Southeast,NG,Net generation,40879,megawatthours,2026-01-21 12:00:00,40879.0
2026-01-21T12,SE,Southeast,TI,Total interchange,2296,megawatthours,2026-01-21 12:00:00,2296.0
2026-01-21T11,SE,Southeast,D,Demand,36408,megawatthours,2026-01-21 11:00:00,36408.0
2026-01-21T11,SE,Southeast,DF,Day-ahead demand forecast,35972,megawatthours,2026-01-21 11:00:00,35972.0
2026-01-21T11,SE,Southeast,NG,Net generation,38571,megawatthours,2026-01-21 11:00:00,38571.0
2026-01-21T11,SE,Southeast,TI,Total interchange,2357,megawatthours,2026-01-21 11:00:00,2357.0
2026-01-21T10,SE,Southeast,D,Demand,34794,megawatthours,2026-01-21 10:00:00,34794.0
2026-01-21T10,SE,Southeast,DF,Day-ahead demand forecast,34479,megawatthours,2026-01-21 10:00:00,34479.0
2026-01-21T10,SE,Southeast,NG,Net generation,36032,megawatthours,2026-01-21 10:00:00,36032.0
2026-01-21T10,SE,Southeast,TI,Total interchange,1327,megawatthours,2026-01-21 10:00:00,1327.0
2026-01-21T09,SE,Southeast,D,Demand,33952,megawatthours,2026-01-21 09:00:00,33952.0
2026-01-21T09,SE,Southeast,DF,Day-ahead demand forecast,33586,megawatthours,2026-01-21 09:00:00,33586.0
2026-01-21T09,SE,Southeast,NG,Net generation,35495,megawatthours,2026-01-21 09:00:00,35495.0
2026-01-21T09,SE,Southeast,TI,Total interchange,1364,megawatthours,2026-01-21 09:00:00,1364.0
2026-01-21T08,SE,Southeast,D,Demand,33366,megawatthours,2026-01-21 08:00:00,33366.0
2026-01-21T08,SE,Southeast,DF,Day-ahead demand forecast,33073,megawatthours,2026-01-21 08:00:00,33073.0
2026-01-21T08,SE,Southeast,NG,Net generation,34735,megawatthours,2026-01-21 08:00:00,34735.0
2026-01-21T08,SE,Southeast,TI,Total interchange,1156,megawatthours,2026-01-21 08:00:00,1156.0
2026-01-21T07,SE,Southeast,D,Demand,33141,megawatthours,2026-01-21 07:00:00,33141.0
2026-01-21T07,SE,Southeast,DF,Day-ahead demand forecast,32817,megawatthours,2026-01-21 07:00:00,32817.0
2026-01-21T07,SE,Southeast,NG,Net generation,34074,megawatthours,2026-01-21 07:00:00,34074.0
2026-01-21T07,SE,Southeast,TI,Total interchange,724,megawatthours,2026-01-21 07:00:00,724.0
2026-01-21T06,SE,Southeast,D,Demand,33056,megawatthours,2026-01-21 06:00:00,33056.0
2026-01-21T06,SE,Southeast,DF,Day-ahead demand forecast,33275,megawatthours,2026-01-21 06:00:00,33275.0
2026-01-21T06,SE,Southeast,NG,Net generation,34196,megawatthours,2026-01-21 06:00:00,34196.0
2026-01-21T06,SE,Southeast,TI,Total interchange,892,megawatthours,2026-01-21 06:00:00,892.0
2026-01-21T05,SE,Southeast,D,Demand,33433,megawatthours,2026-01-21 05:00:00,33433.0
2026-01-21T05,SE,Southeast,DF,Day-ahead demand forecast,33796,megawatthours,2026-01-21 05:00:00,33796.0
2026-01-21T05,SE,Southeast,NG,Net generation,34068,megawatthours,2026-01-21 05:00:00,34068.0
2026-01-21T05,SE,Southeast,TI,Total interchange,406,megawatthours,2026-01-21 05:00:00,406.0
2026-01-21T04,SE,Southeast,D,Demand,34118,megawatthours,2026-01-21 04:00:00,34118.0
2026-01-21T04,SE,Southeast,DF,Day-ahead demand forecast,34505,megawatthours,2026-01-21 04:00:00,34505.0
2026-01-21T04,SE,Southeast,NG,Net generation,35008,megawatthours,2026-01-21 04:00:00,35008.0
2026-01-21T04,SE,Southeast,TI,Total interchange,906,megawatthours,2026-01-21 04:00:00,906.0
2026-01-21T03,SE,Southeast,D,Demand,34852,megawatthours,2026-01-21 03:00:00,34852.0
2026-01-21T03,SE,Southeast,DF,Day-ahead demand forecast,35310,megawatthours,2026-01-21 03:00:00,35310.0
2026-01-21T03,SE,Southeast,NG,Net generation,36172,megawatthours,2026-01-21 03:00:00,36172.0
2026-01-21T03,SE,Southeast,TI,Total interchange,1349,megawatthours,2026-01-21 03:00:00,1349.0
2026-01-21T02,SE,Southeast,D,Demand,34879,megawatthours,2026-01-21 02:00:00,34879.0
2026-01-21T02,SE,Southeast,DF,Day-ahead demand forecast,35546,megawatthours,2026-01-21 02:00:00,35546.0
2026-01-21T02,SE,Southeast,NG,Net generation,36278,megawatthours,2026-01-21 02:00:00,36278.0
2026-01-21T02,SE,Southeast,TI,Total interchange,1437,megawatthours,2026-01-21 02:00:00,1437.0
2026-01-21T01,SE,Southeast,D,Demand,34241,megawatthours,2026-01-21 01:00:00,34241.0
2026-01-21T01,SE,Southeast,DF,Day-ahead demand forecast,35357,megawatthours,2026-01-21 01:00:00,35357.0
2026-01-21T01,SE,Southeast,NG,Net generation,35889,megawatthours,2026-01-21 01:00:00,35889.0
2026-01-21T01,SE,Southeast,TI,Total interchange,1687,megawatthours,2026-01-21 01:00:00,1687.0
2026-01-21T00,SE,Southeast,D,Demand,32826,megawatthours,2026-01-21 00:00:00,32826.0
2026-01-21T00,SE,Southeast,DF,Day-ahead demand forecast,34458,megawatthours,2026-01-21 00:00:00,34458.0
2026-01-21T00,SE,Southeast,NG,Net generation,34592,megawatthours,2026-01-21 00:00:00,34592.0
2026-01-21T00,SE,Southeast,TI,Total interchange,1829,megawatthours,2026-01-21 00:00:00,1829.0
2026-01-20T23,SE,Southeast,D,Demand,30373,megawatthours,2026-01-20 23:00:00,30373.0
2026-01-20T23,SE,Southeast,DF,Day-ahead demand forecast,32092,megawatthours,2026-01-20 23:00:00,32092.0
2026-01-20T23,SE,Southeast,NG,Net generation,31189,megawatthours,2026-01-20 23:00:00,31189.0
2026-01-20T23,SE,Southeast,TI,Total interchange,1217,megawatthours,2026-01-20 23:00:00,1217.0
2026-01-20T22,SE,Southeast,D,Demand,29103,megawatthours,2026-01-20 22:00:00,29103.0
2026-01-20T22,SE,Southeast,DF,Day-ahead demand forecast,31004,megawatthours,2026-01-20 22:00:00,31004.0
2026-01-20T22,SE,Southeast,NG,Net generation,28129,megawatthours,2026-01-20 22:00:00,28129.0
2026-01-20T22,SE,Southeast,TI,Total interchange,959,megawatthours,2026-01-20 22:00:00,959.0
2026-01-20T21,SE,Southeast,D,Demand,28945,megawatthours,2026-01-20 21:00:00,28945.0
2026-01-20T21,SE,Southeast,DF,Day-ahead demand forecast,30720,megawatthours,2026-01-20 21:00:00,30720.0
2026-01-20T21,SE,Southeast,NG,Net generation,27157,megawatthours,2026-01-20 21:00:00,27157.0
2026-01-20T21,SE,Southeast,TI,Total interchange,940,megawatthours,2026-01-20 21:00:00,940.0
2026-01-20T20,SE,Southeast,D,Demand,29606,megawatthours,2026-01-20 20:00:00,29606.0
2026-01-20T20,SE,Southeast,DF,Day-ahead demand forecast,31241,megawatthours,2026-01-20 20:00:00,31241.0
2026-01-20T20,SE,Southeast,NG,Net generation,27644,megawatthours,2026-01-20 20:00:00,27644.0
2026-01-20T20,SE,Southeast,TI,Total interchange,850,megawatthours,2026-01-20 20:00:00,850.0
2026-01-20T19,SE,Southeast,D,Demand,30602,megawatthours,2026-01-20 19:00:00,30602.0
2026-01-20T19,SE,Southeast,DF,Day-ahead demand forecast,32282,megawatthours,2026-01-20 19:00:00,32282.0
2026-01-20T19,SE,Southeast,NG,Net generation,28572,megawatthours,2026-01-20 19:00:00,28572.0
2026-01-20T19,SE,Southeast,TI,Total interchange,711,megawatthours,2026-01-20 19:00:00,711.0
2026-01-20T18,SE,Southeast,D,Demand,31978,megawatthours,2026-01-20 18:00:00,31978.0
2026-01-20T18,SE,Southeast,DF,Day-ahead demand forecast,33464,megawatthours,2026-01-20 18:00:00,33464.0
2026-01-20T18,SE,Southeast,NG,Net generation,30098,megawatthours,2026-01-20 18:00:00,30098.0
2026-01-20T18,SE,Southeast,TI,Total interchange,790,megawatthours,2026-01-20 18:00:00,790.0
2026-01-20T17,SE,Southeast,D,Demand,33726,megawatthours,2026-01-20 17:00:00,33726.0
2026-01-20T17,SE,Southeast,DF,Day-ahead demand forecast,34884,megawatthours,2026-01-20 17:00:00,34884.0
2026-01-20T17,SE,Southeast,NG,Net generation,31763,megawatthours,2026-01-20 17:00:00,31763.0
2026-01-20T17,SE,Southeast,TI,Total interchange,625,megawatthours,2026-01-20 17:00:00,625.0
2026-01-20T16,SE,Southeast,D,Demand,35711,megawatthours,2026-01-20 16:00:00,35711.0
2026-01-20T16,SE,Southeast,DF,Day-ahead demand forecast,36492,megawatthours,2026-01-20 16:00:00,36492.0
2026-01-20T16,SE,Southeast,NG,Net generation,34507,megawatthours,2026-01-20 16:00:00,34507.0
2026-01-20T16,SE,Southeast,TI,Total interchange,1517,megawatthours,2026-01-20 16:00:00,1517.0
2026-01-20T15,SE,Southeast,D,Demand,38083,megawatthours,2026-01-20 15:00:00,38083.0
2026-01-20T15,SE,Southeast,DF,Day-ahead demand forecast,38290,megawatthours,2026-01-20 15:00:00,38290.0
2026-01-20T15,SE,Southeast,NG,Net generation,37909,megawatthours,2026-01-20 15:00:00,37909.0
2026-01-20T15,SE,Southeast,TI,Total interchange,2214,megawatthours,2026-01-20 15:00:00,2214.0
2026-01-20T14,SE,Southeast,D,Demand,40144,megawatthours,2026-01-20 14:00:00,40144.0
2026-01-20T14,SE,Southeast,DF,Day-ahead demand forecast,40135,megawatthours,2026-01-20 14:00:00,40135.0
2026-01-20T14,SE,Southeast,NG,Net generation,40023,megawatthours,2026-01-20 14:00:00,40023.0
2026-01-20T14,SE,Southeast,TI,Total interchange,2486,megawatthours,2026-01-20 14:00:00,2486.0
2026-01-20T13,SE,Southeast,D,Demand,40399,megawatthours,2026-01-20 13:00:00,40399.0
2026-01-20T13,SE,Southeast,DF,Day-ahead demand forecast,40467,megawatthours,2026-01-20 13:00:00,40467.0
2026-01-20T13,SE,Southeast,NG,Net generation,43007,megawatthours,2026-01-20 13:00:00,43007.0
2026-01-20T13,SE,Southeast,TI,Total interchange,2609,megawatthours,2026-01-20 13:00:00,2609.0
2026-01-20T12,SE,Southeast,D,Demand,38547,megawatthours,2026-01-20 12:00:00,38547.0
2026-01-20T12,SE,Southeast,DF,Day-ahead demand forecast,38716,megawatthours,2026-01-20 12:00:00,38716.0
2026-01-20T12,SE,Southeast,NG,Net generation,41044,megawatthours,2026-01-20 12:00:00,41044.0
2026-01-20T12,SE,Southeast,TI,Total interchange,2471,megawatthours,2026-01-20 12:00:00,2471.0
2026-01-20T11,SE,Southeast,D,Demand,36006,megawatthours,2026-01-20 11:00:00,36006.0
2026-01-20T11,SE,Southeast,DF,Day-ahead demand forecast,36208,megawatthours,2026-01-20 11:00:00,36208.0
2026-01-20T11,SE,Southeast,NG,Net generation,38294,megawatthours,2026-01-20 11:00:00,38294.0
2026-01-20T11,SE,Southeast,TI,Total interchange,2214,megawatthours,2026-01-20 11:00:00,2214.0
2026-01-20T10,SE,Southeast,D,Demand,34168,megawatthours,2026-01-20 10:00:00,34168.0
2026-01-20T10,SE,Southeast,DF,Day-ahead demand forecast,34269,megawatthours,2026-01-20 10:00:00,34269.0
2026-01-20T10,SE,Southeast,NG,Net generation,35901,megawatthours,2026-01-20 10:00:00,35901.0
2026-01-20T10,SE,Southeast,TI,Total interchange,1667,megawatthours,2026-01-20 10:00:00,1667.0
2026-01-20T09,SE,Southeast,D,Demand,33175,megawatthours,2026-01-20 09:00:00,33175.0
2026-01-20T09,SE,Southeast,DF,Day-ahead demand forecast,33086,megawatthours,2026-01-20 09:00:00,33086.0
2026-01-20T09,SE,Southeast,NG,Net generation,34115,megawatthours,2026-01-20 09:00:00,34115.0
2026-01-20T09,SE,Southeast,TI,Total interchange,684,megawatthours,2026-01-20 09:00:00,684.0
2026-01-20T08,SE,Southeast,D,Demand,32488,megawatthours,2026-01-20 08:00:00,32488.0
2026-01-20T08,SE,Southeast,DF,Day-ahead demand forecast,32158,megawatthours,2026-01-20 08:00:00,32158.0
2026-01-20T08,SE,Southeast,NG,Net generation,33346,megawatthours,2026-01-20 08:00:00,33346.0
2026-01-20T08,SE,Southeast,TI,Total interchange,480,megawatthours,2026-01-20 08:00:00,480.0
2026-01-20T07,SE,Southeast,D,Demand,32133,megawatthours,2026-01-20 07:00:00,32133.0
2026-01-20T07,SE,Southeast,DF,Day-ahead demand forecast,31805,megawatthours,2026-01-20 07:00:00,31805.0
2026-01-20T07,SE,Southeast,NG,Net generation,32987,megawatthours,2026-01-20 07:00:00,32987.0
2026-01-20T07,SE,Southeast,TI,Total interchange,444,megawatthours,2026-01-20 07:00:00,444.0
2026-01-20T06,SE,Southeast,D,Demand,32034,megawatthours,2026-01-20 06:00:00,32034.0
2026-01-20T06,SE,Southeast,DF,Day-ahead demand forecast,31861,megawatthours,2026-01-20 06:00:00,31861.0
2026-01-20T06,SE,Southeast,NG,Net generation,32522,megawatthours,2026-01-20 06:00:00,32522.0
2026-01-20T06,SE,Southeast,TI,Total interchange,195,megawatthours,2026-01-20 06:00:00,195.0
2026-01-20T05,SE,Southeast,D,Demand,32491,megawatthours,2026-01-20 05:00:00,32491.0
2026-01-20T05,SE,Southeast,DF,Day-ahead demand forecast,32289,megawatthours,2026-01-20 05:00:00,32289.0
2026-01-20T05,SE,Southeast,NG,Net generation,32740,megawatthours,2026-01-20 05:00:00,32740.0
2026-01-20T05,SE,Southeast,TI,Total interchange,74,megawatthours,2026-01-20 05:00:00,74.0
2026-01-20T04,SE,Southeast,D,Demand,33151,megawatthours,2026-01-20 04:00:00,33151.0
2026-01-20T04,SE,Southeast,DF,Day-ahead demand forecast,32958,megawatthours,2026-01-20 04:00:00,32958.0
2026-01-20T04,SE,Southeast,NG,Net generation,33840,megawatthours,2026-01-20 04:00:00,33840.0
2026-01-20T04,SE,Southeast,TI,Total interchange,689,megawatthours,2026-01-20 04:00:00,689.0
2026-01-20T03,SE,Southeast,D,Demand,33891,megawatthours,2026-01-20 03:00:00,33891.0
2026-01-20T03,SE,Southeast,DF,Day-ahead demand forecast,33709,megawatthours,2026-01-20 03:00:00,33709.0
2026-01-20T03,SE,Southeast,NG,Net generation,34680,megawatthours,2026-01-20 03:00:00,34680.0
2026-01-20T03,SE,Southeast,TI,Total interchange,797,megawatthours,2026-01-20 03:00:00,797.0
2026-01-20T02,SE,Southeast,D,Demand,34158,megawatthours,2026-01-20 02:00:00,34158.0
2026-01-20T02,SE,Southeast,DF,Day-ahead demand forecast,33944,megawatthours,2026-01-20 02:00:00,33944.0
2026-01-20T02,SE,Southeast,NG,Net generation,34920,megawatthours,2026-01-20 02:00:00,34920.0
2026-01-20T02,SE,Southeast,TI,Total interchange,762,megawatthours,2026-01-20 02:00:00,762.0
2026-01-20T01,SE,Southeast,D,Demand,33951,megawatthours,2026-01-20 01:00:00,33951.0
2026-01-20T01,SE,Southeast,DF,Day-ahead demand forecast,33814,megawatthours,2026-01-20 01:00:00,33814.0
2026-01-20T01,SE,Southeast,NG,Net generation,35057,megawatthours,2026-01-20 01:00:00,35057.0
2026-01-20T01,SE,Southeast,TI,Total interchange,1112,megawatthours,2026-01-20 01:00:00,1112.0
2026-01-20T00,SE,Southeast,D,Demand,32873,megawatthours,2026-01-20 00:00:00,32873.0
2026-01-20T00,SE,Southeast,DF,Day-ahead demand forecast,32740,megawatthours,2026-01-20 00:00:00,32740.0
2026-01-20T00,SE,Southeast,NG,Net generation,34072,megawatthours,2026-01-20 00:00:00,34072.0
2026-01-20T00,SE,Southeast,TI,Total interchange,1200,megawatthours,2026-01-20 00:00:00,1200.0
2026-01-19T23,SE,Southeast,D,Demand,30292,megawatthours,2026-01-19 23:00:00,30292.0
2026-01-19T23,SE,Southeast,DF,Day-ahead demand forecast,30551,megawatthours,2026-01-19 23:00:00,30551.0
2026-01-19T23,SE,Southeast,NG,Net generation,30834,megawatthours,2026-01-19 23:00:00,30834.0
2026-01-19T23,SE,Southeast,TI,Total interchange,543,megawatthours,2026-01-19 23:00:00,543.0
2026-01-19T22,SE,Southeast,D,Demand,27454,megawatthours,2026-01-19 22:00:00,27454.0
2026-01-19T22,SE,Southeast,DF,Day-ahead demand forecast,29268,megawatthours,2026-01-19 22:00:00,29268.0
2026-01-19T22,SE,Southeast,NG,Net generation,28093,megawatthours,2026-01-19 22:00:00,28093.0
2026-01-19T22,SE,Southeast,TI,Total interchange,636,megawatthours,2026-01-19 22:00:00,636.0
2026-01-19T21,SE,Southeast,D,Demand,26397,megawatthours,2026-01-19 21:00:00,26397.0
2026-01-19T21,SE,Southeast,DF,Day-ahead demand forecast,29073,megawatthours,2026-01-19 21:00:00,29073.0
2026-01-19T21,SE,Southeast,NG,Net generation,26935,megawatthours,2026-01-19 21:00:00,26935.0
2026-01-19T21,SE,Southeast,TI,Total interchange,534,megawatthours,2026-01-19 21:00:00,534.0
2026-01-19T20,SE,Southeast,D,Demand,27106,megawatthours,2026-01-19 20:00:00,27106.0
2026-01-19T20,SE,Southeast,DF,Day-ahead demand forecast,29759,megawatthours,2026-01-19 20:00:00,29759.0
2026-01-19T20,SE,Southeast,NG,Net generation,27403,megawatthours,2026-01-19 20:00:00,27403.0
2026-01-19T20,SE,Southeast,TI,Total interchange,298,megawatthours,2026-01-19 20:00:00,298.0
2026-01-19T19,SE,Southeast,D,Demand,28236,megawatthours,2026-01-19 19:00:00,28236.0
2026-01-19T19,SE,Southeast,DF,Day-ahead demand forecast,30858,megawatthours,2026-01-19 19:00:00,30858.0
2026-01-19T19,SE,Southeast,NG,Net generation,28699,megawatthours,2026-01-19 19:00:00,28699.0
2026-01-19T19,SE,Southeast,TI,Total interchange,458,megawatthours,2026-01-19 19:00:00,458.0
2026-01-19T18,SE,Southeast,D,Demand,29730,megawatthours,2026-01-19 18:00:00,29730.0
2026-01-19T18,SE,Southeast,DF,Day-ahead demand forecast,32279,megawatthours,2026-01-19 18:00:00,32279.0
2026-01-19T18,SE,Southeast,NG,Net generation,30184,megawatthours,2026-01-19 18:00:00,30184.0
2026-01-19T18,SE,Southeast,TI,Total interchange,453,megawatthours,2026-01-19 18:00:00,453.0
2026-01-19T17,SE,Southeast,D,Demand,31253,megawatthours,2026-01-19 17:00:00,31253.0
2026-01-19T17,SE,Southeast,DF,Day-ahead demand forecast,33868,megawatthours,2026-01-19 17:00:00,33868.0
2026-01-19T17,SE,Southeast,NG,Net generation,32077,megawatthours,2026-01-19 17:00:00,32077.0
2026-01-19T17,SE,Southeast,TI,Total interchange,826,megawatthours,2026-01-19 17:00:00,826.0
2026-01-19T16,SE,Southeast,D,Demand,33012,megawatthours,2026-01-19 16:00:00,33012.0
2026-01-19T16,SE,Southeast,DF,Day-ahead demand forecast,35627,megawatthours,2026-01-19 16:00:00,35627.0
2026-01-19T16,SE,Southeast,NG,Net generation,33680,megawatthours,2026-01-19 16:00:00,33680.0
2026-01-19T16,SE,Southeast,TI,Total interchange,670,megawatthours,2026-01-19 16:00:00,670.0
2026-01-19T15,SE,Southeast,D,Demand,35304,megawatthours,2026-01-19 15:00:00,35304.0
2026-01-19T15,SE,Southeast,DF,Day-ahead demand forecast,37523,megawatthours,2026-01-19 15:00:00,37523.0
2026-01-19T15,SE,Southeast,NG,Net generation,36431,megawatthours,2026-01-19 15:00:00,36431.0
2026-01-19T15,SE,Southeast,TI,Total interchange,1169,megawatthours,2026-01-19 15:00:00,1169.0
2026-01-19T14,SE,Southeast,D,Demand,39545,megawatthours,2026-01-19 14:00:00,39545.0
2026-01-19T14,SE,Southeast,DF,Day-ahead demand forecast,39153,megawatthours,2026-01-19 14:00:00,39153.0
2026-01-19T14,SE,Southeast,NG,Net generation,39932,megawatthours,2026-01-19 14:00:00,39932.0
2026-01-19T14,SE,Southeast,TI,Total interchange,1674,megawatthours,2026-01-19 14:00:00,1674.0
2026-01-19T13,SE,Southeast,D,Demand,39283,megawatthours,2026-01-19 13:00:00,39283.0
2026-01-19T13,SE,Southeast,DF,Day-ahead demand forecast,38906,megawatthours,2026-01-19 13:00:00,38906.0
2026-01-19T13,SE,Southeast,NG,Net generation,40670,megawatthours,2026-01-19 13:00:00,40670.0
2026-01-19T13,SE,Southeast,TI,Total interchange,1718,megawatthours,2026-01-19 13:00:00,1718.0
2026-01-19T12,SE,Southeast,D,Demand,37549,megawatthours,2026-01-19 12:00:00,37549.0
2026-01-19T12,SE,Southeast,DF,Day-ahead demand forecast,37127,megawatthours,2026-01-19 12:00:00,37127.0
2026-01-19T12,SE,Southeast,NG,Net generation,38882,megawatthours,2026-01-19 12:00:00,38882.0
2026-01-19T12,SE,Southeast,TI,Total interchange,1592,megawatthours,2026-01-19 12:00:00,1592.0
2026-01-19T11,SE,Southeast,D,Demand,35855,megawatthours,2026-01-19 11:00:00,35855.0
2026-01-19T11,SE,Southeast,DF,Day-ahead demand forecast,35416,megawatthours,2026-01-19 11:00:00,35416.0
2026-01-19T11,SE,Southeast,NG,Net generation,36729,megawatthours,2026-01-19 11:00:00,36729.0
2026-01-19T11,SE,Southeast,TI,Total interchange,1125,megawatthours,2026-01-19 11:00:00,1125.0
2026-01-19T10,SE,Southeast,D,Demand,34571,megawatthours,2026-01-19 10:00:00,34571.0
2026-01-19T10,SE,Southeast,DF,Day-ahead demand forecast,34208,megawatthours,2026-01-19 10:00:00,34208.0
2026-01-19T10,SE,Southeast,NG,Net generation,34884,megawatthours,2026-01-19 10:00:00,34884.0
2026-01-19T10,SE,Southeast,TI,Total interchange,503,megawatthours,2026-01-19 10:00:00,503.0
2026-01-19T09,SE,Southeast,D,Demand,33871,megawatthours,2026-01-19 09:00:00,33871.0
2026-01-19T09,SE,Southeast,DF,Day-ahead demand forecast,33504,megawatthours,2026-01-19 09:00:00,33504.0
2026-01-19T09,SE,Southeast,NG,Net generation,33800,megawatthours,2026-01-19 09:00:00,33800.0
2026-01-19T09,SE,Southeast,TI,Total interchange,-132,megawatthours,2026-01-19 09:00:00,-132.0
2026-01-19T08,SE,Southeast,D,Demand,33524,megawatthours,2026-01-19 08:00:00,33524.0
2026-01-19T08,SE,Southeast,DF,Day-ahead demand forecast,33166,megawatthours,2026-01-19 08:00:00,33166.0
2026-01-19T08,SE,Southeast,NG,Net generation,33436,megawatthours,2026-01-19 08:00:00,33436.0
2026-01-19T08,SE,Southeast,TI,Total interchange,-162,megawatthours,2026-01-19 08:00:00,-162.0
2026-01-19T07,SE,Southeast,D,Demand,33520,megawatthours,2026-01-19 07:00:00,33520.0
2026-01-19T07,SE,Southeast,DF,Day-ahead demand forecast,33184,megawatthours,2026-01-19 07:00:00,33184.0
2026-01-19T07,SE,Southeast,NG,Net generation,33472,megawatthours,2026-01-19 07:00:00,33472.0
2026-01-19T07,SE,Southeast,TI,Total interchange,-157,megawatthours,2026-01-19 07:00:00,-157.0
2026-01-19T06,SE,Southeast,D,Demand,33471,megawatthours,2026-01-19 06:00:00,33471.0
2026-01-19T06,SE,Southeast,DF,Day-ahead demand forecast,33591,megawatthours,2026-01-19 06:00:00,33591.0
2026-01-19T06,SE,Southeast,NG,Net generation,33803,megawatthours,2026-01-19 06:00:00,33803.0
2026-01-19T06,SE,Southeast,TI,Total interchange,137,megawatthours,2026-01-19 06:00:00,137.0
2026-01-19T05,SE,Southeast,D,Demand,33750,megawatthours,2026-01-19 05:00:00,33750.0
2026-01-19T05,SE,Southeast,DF,Day-ahead demand forecast,34004,megawatthours,2026-01-19 05:00:00,34004.0
2026-01-19T05,SE,Southeast,NG,Net generation,34458,megawatthours,2026-01-19 05:00:00,34458.0
2026-01-19T05,SE,Southeast,TI,Total interchange,667,megawatthours,2026-01-19 05:00:00,667.0
2026-01-19T04,SE,Southeast,D,Demand,34342,megawatthours,2026-01-19 04:00:00,34342.0
2026-01-19T04,SE,Southeast,DF,Day-ahead demand forecast,34709,megawatthours,2026-01-19 04:00:00,34709.0
2026-01-19T04,SE,Southeast,NG,Net generation,35097,megawatthours,2026-01-19 04:00:00,35097.0
2026-01-19T04,SE,Southeast,TI,Total interchange,744,megawatthours,2026-01-19 04:00:00,744.0
2026-01-19T03,SE,Southeast,D,Demand,34617,megawatthours,2026-01-19 03:00:00,34617.0
2026-01-19T03,SE,Southeast,DF,Day-ahead demand forecast,35379,megawatthours,2026-01-19 03:00:00,35379.0
2026-01-19T03,SE,Southeast,NG,Net generation,35463,megawatthours,2026-01-19 03:00:00,35463.0
2026-01-19T03,SE,Southeast,TI,Total interchange,918,megawatthours,2026-01-19 03:00:00,918.0
2026-01-19T02,SE,Southeast,D,Demand,34500,megawatthours,2026-01-19 02:00:00,34500.0
2026-01-19T02,SE,Southeast,DF,Day-ahead demand forecast,35647,megawatthours,2026-01-19 02:00:00,35647.0
2026-01-19T02,SE,Southeast,NG,Net generation,35466,megawatthours,2026-01-19 02:00:00,35466.0
2026-01-19T02,SE,Southeast,TI,Total interchange,1028,megawatthours,2026-01-19 02:00:00,1028.0
2026-01-19T01,SE,Southeast,D,Demand,33941,megawatthours,2026-01-19 01:00:00,33941.0
2026-01-19T01,SE,Southeast,DF,Day-ahead demand forecast,35321,megawatthours,2026-01-19 01:00:00,35321.0
2026-01-19T01,SE,Southeast,NG,Net generation,34894,megawatthours,2026-01-19 01:00:00,34894.0
2026-01-19T01,SE,Southeast,TI,Total interchange,967,megawatthours,2026-01-19 01:00:00,967.0
2026-01-19T00,SE,Southeast,D,Demand,32779,megawatthours,2026-01-19 00:00:00,32779.0
2026-01-19T00,SE,Southeast,DF,Day-ahead demand forecast,34459,megawatthours,2026-01-19 00:00:00,34459.0
2026-01-19T00,SE,Southeast,NG,Net generation,33620,megawatthours,2026-01-19 00:00:00,33620.0
2026-01-19T00,SE,Southeast,TI,Total interchange,835,megawatthours,2026-01-19 00:00:00,835.0
2026-01-18T23,SE,Southeast,D,Demand,30636,megawatthours,2026-01-18 23:00:00,30636.0
2026-01-18T23,SE,Southeast,DF,Day-ahead demand forecast,32255,megawatthours,2026-01-18 23:00:00,32255.0
2026-01-18T23,SE,Southeast,NG,Net generation,31466,megawatthours,2026-01-18 23:00:00,31466.0
2026-01-18T23,SE,Southeast,TI,Total interchange,827,megawatthours,2026-01-18 23:00:00,827.0
2026-01-18T22,SE,Southeast,D,Demand,29132,megawatthours,2026-01-18 22:00:00,29132.0
2026-01-18T22,SE,Southeast,DF,Day-ahead demand forecast,30752,megawatthours,2026-01-18 22:00:00,30752.0
2026-01-18T22,SE,Southeast,NG,Net generation,30343,megawatthours,2026-01-18 22:00:00,30343.0
2026-01-18T22,SE,Southeast,TI,Total interchange,1209,megawatthours,2026-01-18 22:00:00,1209.0
2026-01-18T21,SE,Southeast,D,Demand,29050,megawatthours,2026-01-18 21:00:00,29050.0
2026-01-18T21,SE,Southeast,DF,Day-ahead demand forecast,30113,megawatthours,2026-01-18 21:00:00,30113.0
2026-01-18T21,SE,Southeast,NG,Net generation,30254,megawatthours,2026-01-18 21:00:00,30254.0
2026-01-18T21,SE,Southeast,TI,Total interchange,1203,megawatthours,2026-01-18 21:00:00,1203.0
2026-01-18T20,SE,Southeast,D,Demand,29657,megawatthours,2026-01-18 20:00:00,29657.0
2026-01-18T20,SE,Southeast,DF,Day-ahead demand forecast,30325,megawatthours,2026-01-18 20:00:00,30325.0
2026-01-18T20,SE,Southeast,NG,Net generation,30631,megawatthours,2026-01-18 20:00:00,30631.0
2026-01-18T20,SE,Southeast,TI,Total interchange,972,megawatthours,2026-01-18 20:00:00,972.0
2026-01-18T19,SE,Southeast,D,Demand,30494,megawatthours,2026-01-18 19:00:00,30494.0
2026-01-18T19,SE,Southeast,DF,Day-ahead demand forecast,30876,megawatthours,2026-01-18 19:00:00,30876.0
2026-01-18T19,SE,Southeast,NG,Net generation,31111,megawatthours,2026-01-18 19:00:00,31111.0
2026-01-18T19,SE,Southeast,TI,Total interchange,615,megawatthours,2026-01-18 19:00:00,615.0
2026-01-18T18,SE,Southeast,D,Demand,31518,megawatthours,2026-01-18 18:00:00,31518.0
2026-01-18T18,SE,Southeast,DF,Day-ahead demand forecast,31685,megawatthours,2026-01-18 18:00:00,31685.0
2026-01-18T18,SE,Southeast,NG,Net generation,31963,megawatthours,2026-01-18 18:00:00,31963.0
2026-01-18T18,SE,Southeast,TI,Total interchange,441,megawatthours,2026-01-18 18:00:00,441.0
2026-01-18T17,SE,Southeast,D,Demand,32575,megawatthours,2026-01-18 17:00:00,32575.0
2026-01-18T17,SE,Southeast,DF,Day-ahead demand forecast,32371,megawatthours,2026-01-18 17:00:00,32371.0
2026-01-18T17,SE,Southeast,NG,Net generation,33156,megawatthours,2026-01-18 17:00:00,33156.0
2026-01-18T17,SE,Southeast,TI,Total interchange,580,megawatthours,2026-01-18 17:00:00,580.0
2026-01-18T16,SE,Southeast,D,Demand,33340,megawatthours,2026-01-18 16:00:00,33340.0
2026-01-18T16,SE,Southeast,DF,Day-ahead demand forecast,32987,megawatthours,2026-01-18 16:00:00,32987.0
2026-01-18T16,SE,Southeast,NG,Net generation,33923,megawatthours,2026-01-18 16:00:00,33923.0
2026-01-18T16,SE,Southeast,TI,Total interchange,578,megawatthours,2026-01-18 16:00:00,578.0
2026-01-18T15,SE,Southeast,D,Demand,33292,megawatthours,2026-01-18 15:00:00,33292.0
2026-01-18T15,SE,Southeast,DF,Day-ahead demand forecast,33559,megawatthours,2026-01-18 15:00:00,33559.0
2026-01-18T15,SE,Southeast,NG,Net generation,33723,megawatthours,2026-01-18 15:00:00,33723.0
2026-01-18T15,SE,Southeast,TI,Total interchange,430,megawatthours,2026-01-18 15:00:00,430.0
2026-01-18T14,SE,Southeast,D,Demand,32189,megawatthours,2026-01-18 14:00:00,32189.0
2026-01-18T14,SE,Southeast,DF,Day-ahead demand forecast,33075,megawatthours,2026-01-18 14:00:00,33075.0
2026-01-18T14,SE,Southeast,NG,Net generation,32588,megawatthours,2026-01-18 14:00:00,32588.0
2026-01-18T14,SE,Southeast,TI,Total interchange,395,megawatthours,2026-01-18 14:00:00,395.0
2026-01-18T13,SE,Southeast,D,Demand,30395,megawatthours,2026-01-18 13:00:00,30395.0
2026-01-18T13,SE,Southeast,DF,Day-ahead demand forecast,31711,megawatthours,2026-01-18 13:00:00,31711.0
2026-01-18T13,SE,Southeast,NG,Net generation,30965,megawatthours,2026-01-18 13:00:00,30965.0
2026-01-18T13,SE,Southeast,TI,Total interchange,570,megawatthours,2026-01-18 13:00:00,570.0
2026-01-18T12,SE,Southeast,D,Demand,28596,megawatthours,2026-01-18 12:00:00,28596.0
2026-01-18T12,SE,Southeast,DF,Day-ahead demand forecast,29423,megawatthours,2026-01-18 12:00:00,29423.0
2026-01-18T12,SE,Southeast,NG,Net generation,29415,megawatthours,2026-01-18 12:00:00,29415.0
2026-01-18T12,SE,Southeast,TI,Total interchange,818,megawatthours,2026-01-18 12:00:00,818.0
2026-01-18T11,SE,Southeast,D,Demand,27364,megawatthours,2026-01-18 11:00:00,27364.0
2026-01-18T11,SE,Southeast,DF,Day-ahead demand forecast,27619,megawatthours,2026-01-18 11:00:00,27619.0
2026-01-18T11,SE,Southeast,NG,Net generation,28087,megawatthours,2026-01-18 11:00:00,28087.0
2026-01-18T11,SE,Southeast,TI,Total interchange,621,megawatthours,2026-01-18 11:00:00,621.0
2026-01-18T10,SE,Southeast,D,Demand,26582,megawatthours,2026-01-18 10:00:00,26582.0
2026-01-18T10,SE,Southeast,DF,Day-ahead demand forecast,26509,megawatthours,2026-01-18 10:00:00,26509.0
2026-01-18T10,SE,Southeast,NG,Net generation,27398,megawatthours,2026-01-18 10:00:00,27398.0
2026-01-18T10,SE,Southeast,TI,Total interchange,622,megawatthours,2026-01-18 10:00:00,622.0
2026-01-18T09,SE,Southeast,D,Demand,26124,megawatthours,2026-01-18 09:00:00,26124.0
2026-01-18T09,SE,Southeast,DF,Day-ahead demand forecast,25893,megawatthours,2026-01-18 09:00:00,25893.0
2026-01-18T09,SE,Southeast,NG,Net generation,27083,megawatthours,2026-01-18 09:00:00,27083.0
2026-01-18T09,SE,Southeast,TI,Total interchange,758,megawatthours,2026-01-18 09:00:00,758.0
2026-01-18T08,SE,Southeast,D,Demand,25899,megawatthours,2026-01-18 08:00:00,25899.0
2026-01-18T08,SE,Southeast,DF,Day-ahead demand forecast,25592,megawatthours,2026-01-18 08:00:00,25592.0
2026-01-18T08,SE,Southeast,NG,Net generation,26820,megawatthours,2026-01-18 08:00:00,26820.0
2026-01-18T08,SE,Southeast,TI,Total interchange,725,megawatthours,2026-01-18 08:00:00,725.0
2026-01-18T07,SE,Southeast,D,Demand,25890,megawatthours,2026-01-18 07:00:00,25890.0
2026-01-18T07,SE,Southeast,DF,Day-ahead demand forecast,25590,megawatthours,2026-01-18 07:00:00,25590.0
2026-01-18T07,SE,Southeast,NG,Net generation,26849,megawatthours,2026-01-18 07:00:00,26849.0
2026-01-18T07,SE,Southeast,TI,Total interchange,760,megawatthours,2026-01-18 07:00:00,760.0
2026-01-18T06,SE,Southeast,D,Demand,26345,megawatthours,2026-01-18 06:00:00,26345.0
2026-01-18T06,SE,Southeast,DF,Day-ahead demand forecast,29291,megawatthours,2026-01-18 06:00:00,29291.0
2026-01-18T06,SE,Southeast,NG,Net generation,26586,megawatthours,2026-01-18 06:00:00,26586.0
2026-01-18T06,SE,Southeast,TI,Total interchange,44,megawatthours,2026-01-18 06:00:00,44.0
2026-01-18T05,SE,Southeast,D,Demand,26126,megawatthours,2026-01-18 05:00:00,26126.0
2026-01-18T05,SE,Southeast,DF,Day-ahead demand forecast,29599,megawatthours,2026-01-18 05:00:00,29599.0
2026-01-18T05,SE,Southeast,NG,Net generation,26625,megawatthours,2026-01-18 05:00:00,26625.0
2026-01-18T05,SE,Southeast,TI,Total interchange,301,megawatthours,2026-01-18 05:00:00,301.0
2026-01-18T04,SE,Southeast,D,Demand,26698,megawatthours,2026-01-18 04:00:00,26698.0
2026-01-18T04,SE,Southeast,DF,Day-ahead demand forecast,30215,megawatthours,2026-01-18 04:00:00,30215.0
2026-01-18T04,SE,Southeast,NG,Net generation,27266,megawatthours,2026-01-18 04:00:00,27266.0
2026-01-18T04,SE,Southeast,TI,Total interchange,452,megawatthours,2026-01-18 04:00:00,452.0
2026-01-18T03,SE,Southeast,D,Demand,27210,megawatthours,2026-01-18 03:00:00,27210.0
2026-01-18T03,SE,Southeast,DF,Day-ahead demand forecast,30479,megawatthours,2026-01-18 03:00:00,30479.0
2026-01-18T03,SE,Southeast,NG,Net generation,27890,megawatthours,2026-01-18 03:00:00,27890.0
2026-01-18T03,SE,Southeast,TI,Total interchange,651,megawatthours,2026-01-18 03:00:00,651.0
2026-01-18T02,SE,Southeast,D,Demand,27464,megawatthours,2026-01-18 02:00:00,27464.0
2026-01-18T02,SE,Southeast,DF,Day-ahead demand forecast,30743,megawatthours,2026-01-18 02:00:00,30743.0
2026-01-18T02,SE,Southeast,NG,Net generation,28202,megawatthours,2026-01-18 02:00:00,28202.0
2026-01-18T02,SE,Southeast,TI,Total interchange,712,megawatthours,2026-01-18 02:00:00,712.0
2026-01-18T01,SE,Southeast,D,Demand,27724,megawatthours,2026-01-18 01:00:00,27724.0
2026-01-18T01,SE,Southeast,DF,Day-ahead demand forecast,30743,megawatthours,2026-01-18 01:00:00,30743.0
2026-01-18T01,SE,Southeast,NG,Net generation,28378,megawatthours,2026-01-18 01:00:00,28378.0
2026-01-18T01,SE,Southeast,TI,Total interchange,629,megawatthours,2026-01-18 01:00:00,629.0
2026-01-18T00,SE,Southeast,D,Demand,27557,megawatthours,2026-01-18 00:00:00,27557.0
2026-01-18T00,SE,Southeast,DF,Day-ahead demand forecast,30127,megawatthours,2026-01-18 00:00:00,30127.0
2026-01-18T00,SE,Southeast,NG,Net generation,28179,megawatthours,2026-01-18 00:00:00,28179.0
2026-01-18T00,SE,Southeast,TI,Total interchange,621,megawatthours,2026-01-18 00:00:00,621.0
2026-01-17T23,SE,Southeast,D,Demand,26331,megawatthours,2026-01-17 23:00:00,26331.0
2026-01-17T23,SE,Southeast,DF,Day-ahead demand forecast,28719,megawatthours,2026-01-17 23:00:00,28719.0
2026-01-17T23,SE,Southeast,NG,Net generation,27172,megawatthours,2026-01-17 23:00:00,27172.0
2026-01-17T23,SE,Southeast,TI,Total interchange,839,megawatthours,2026-01-17 23:00:00,839.0
2026-01-17T22,SE,Southeast,D,Demand,25148,megawatthours,2026-01-17 22:00:00,25148.0
2026-01-17T22,SE,Southeast,DF,Day-ahead demand forecast,27487,megawatthours,2026-01-17 22:00:00,27487.0
2026-01-17T22,SE,Southeast,NG,Net generation,25851,megawatthours,2026-01-17 22:00:00,25851.0
2026-01-17T22,SE,Southeast,TI,Total interchange,702,megawatthours,2026-01-17 22:00:00,702.0
2026-01-17T21,SE,Southeast,D,Demand,24144,megawatthours,2026-01-17 21:00:00,24144.0
2026-01-17T21,SE,Southeast,DF,Day-ahead demand forecast,27355,megawatthours,2026-01-17 21:00:00,27355.0
2026-01-17T21,SE,Southeast,NG,Net generation,24675,megawatthours,2026-01-17 21:00:00,24675.0
2026-01-17T21,SE,Southeast,TI,Total interchange,527,megawatthours,2026-01-17 21:00:00,527.0
2026-01-17T20,SE,Southeast,D,Demand,23810,megawatthours,2026-01-17 20:00:00,23810.0
2026-01-17T20,SE,Southeast,DF,Day-ahead demand forecast,27531,megawatthours,2026-01-17 20:00:00,27531.0
2026-01-17T20,SE,Southeast,NG,Net generation,23885,megawatthours,2026-01-17 20:00:00,23885.0
2026-01-17T20,SE,Southeast,TI,Total interchange,73,megawatthours,2026-01-17 20:00:00,73.0
2026-01-17T19,SE,Southeast,D,Demand,23997,megawatthours,2026-01-17 19:00:00,23997.0
2026-01-17T19,SE,Southeast,DF,Day-ahead demand forecast,28191,megawatthours,2026-01-17 19:00:00,28191.0
2026-01-17T19,SE,Southeast,NG,Net generation,24382,megawatthours,2026-01-17 19:00:00,24382.0
2026-01-17T19,SE,Southeast,TI,Total interchange,381,megawatthours,2026-01-17 19:00:00,381.0
2026-01-17T18,SE,Southeast,D,Demand,24819,megawatthours,2026-01-17 18:00:00,24819.0
2026-01-17T18,SE,Southeast,DF,Day-ahead demand forecast,29027,megawatthours,2026-01-17 18:00:00,29027.0
2026-01-17T18,SE,Southeast,NG,Net generation,25016,megawatthours,2026-01-17 18:00:00,25016.0
2026-01-17T18,SE,Southeast,TI,Total interchange,196,megawatthours,2026-01-17 18:00:00,196.0
2026-01-17T17,SE,Southeast,D,Demand,26103,megawatthours,2026-01-17 17:00:00,26103.0
2026-01-17T17,SE,Southeast,DF,Day-ahead demand forecast,29731,megawatthours,2026-01-17 17:00:00,29731.0
2026-01-17T17,SE,Southeast,NG,Net generation,26319,megawatthours,2026-01-17 17:00:00,26319.0
2026-01-17T17,SE,Southeast,TI,Total interchange,213,megawatthours,2026-01-17 17:00:00,213.0
2026-01-17T16,SE,Southeast,D,Demand,27204,megawatthours,2026-01-17 16:00:00,27204.0
2026-01-17T16,SE,Southeast,DF,Day-ahead demand forecast,30611,megawatthours,2026-01-17 16:00:00,30611.0
2026-01-17T16,SE,Southeast,NG,Net generation,27772,megawatthours,2026-01-17 16:00:00,27772.0
2026-01-17T16,SE,Southeast,TI,Total interchange,568,megawatthours,2026-01-17 16:00:00,568.0
2026-01-17T15,SE,Southeast,D,Demand,27974,megawatthours,2026-01-17 15:00:00,27974.0
2026-01-17T15,SE,Southeast,DF,Day-ahead demand forecast,31051,megawatthours,2026-01-17 15:00:00,31051.0
2026-01-17T15,SE,Southeast,NG,Net generation,28799,megawatthours,2026-01-17 15:00:00,28799.0
2026-01-17T15,SE,Southeast,TI,Total interchange,821,megawatthours,2026-01-17 15:00:00,821.0
2026-01-17T14,SE,Southeast,D,Demand,28098,megawatthours,2026-01-17 14:00:00,28098.0
2026-01-17T14,SE,Southeast,DF,Day-ahead demand forecast,31491,megawatthours,2026-01-17 14:00:00,31491.0
2026-01-17T14,SE,Southeast,NG,Net generation,29155,megawatthours,2026-01-17 14:00:00,29155.0
2026-01-17T14,SE,Southeast,TI,Total interchange,1054,megawatthours,2026-01-17 14:00:00,1054.0
2026-01-17T13,SE,Southeast,D,Demand,27662,megawatthours,2026-01-17 13:00:00,27662.0
2026-01-17T13,SE,Southeast,DF,Day-ahead demand forecast,30831,megawatthours,2026-01-17 13:00:00,30831.0
2026-01-17T13,SE,Southeast,NG,Net generation,28422,megawatthours,2026-01-17 13:00:00,28422.0
2026-01-17T13,SE,Southeast,TI,Total interchange,757,megawatthours,2026-01-17 13:00:00,757.0
2026-01-17T12,SE,Southeast,D,Demand,26787,megawatthours,2026-01-17 12:00:00,26787.0
2026-01-17T12,SE,Southeast,DF,Day-ahead demand forecast,29159,megawatthours,2026-01-17 12:00:00,29159.0
2026-01-17T12,SE,Southeast,NG,Net generation,27968,megawatthours,2026-01-17 12:00:00,27968.0
2026-01-17T12,SE,Southeast,TI,Total interchange,1174,megawatthours,2026-01-17 12:00:00,1174.0
2026-01-17T11,SE,Southeast,D,Demand,26319,megawatthours,2026-01-17 11:00:00,26319.0
2026-01-17T11,SE,Southeast,DF,Day-ahead demand forecast,27707,megawatthours,2026-01-17 11:00:00,27707.0
2026-01-17T11,SE,Southeast,NG,Net generation,27332,megawatthours,2026-01-17 11:00:00,27332.0
2026-01-17T11,SE,Southeast,TI,Total interchange,914,megawatthours,2026-01-17 11:00:00,914.0
2026-01-17T10,SE,Southeast,D,Demand,25992,megawatthours,2026-01-17 10:00:00,25992.0
2026-01-17T10,SE,Southeast,DF,Day-ahead demand forecast,26871,megawatthours,2026-01-17 10:00:00,26871.0
2026-01-17T10,SE,Southeast,NG,Net generation,26987,megawatthours,2026-01-17 10:00:00,26987.0
2026-01-17T10,SE,Southeast,TI,Total interchange,895,megawatthours,2026-01-17 10:00:00,895.0
2026-01-17T09,SE,Southeast,D,Demand,26196,megawatthours,2026-01-17 09:00:00,26196.0
2026-01-17T09,SE,Southeast,DF,Day-ahead demand forecast,26299,megawatthours,2026-01-17 09:00:00,26299.0
2026-01-17T09,SE,Southeast,NG,Net generation,27086,megawatthours,2026-01-17 09:00:00,27086.0
2026-01-17T09,SE,Southeast,TI,Total interchange,692,megawatthours,2026-01-17 09:00:00,692.0
2026-01-17T08,SE,Southeast,D,Demand,26272,megawatthours,2026-01-17 08:00:00,26272.0
2026-01-17T08,SE,Southeast,DF,Day-ahead demand forecast,26220,megawatthours,2026-01-17 08:00:00,26220.0
2026-01-17T08,SE,Southeast,NG,Net generation,27027,megawatthours,2026-01-17 08:00:00,27027.0
2026-01-17T08,SE,Southeast,TI,Total interchange,557,megawatthours,2026-01-17 08:00:00,557.0
2026-01-17T07,SE,Southeast,D,Demand,26735,megawatthours,2026-01-17 07:00:00,26735.0
2026-01-17T07,SE,Southeast,DF,Day-ahead demand forecast,26645,megawatthours,2026-01-17 07:00:00,26645.0
2026-01-17T07,SE,Southeast,NG,Net generation,27449,megawatthours,2026-01-17 07:00:00,27449.0
2026-01-17T07,SE,Southeast,TI,Total interchange,518,megawatthours,2026-01-17 07:00:00,518.0
2026-01-17T06,SE,Southeast,D,Demand,27453,megawatthours,2026-01-17 06:00:00,27453.0
2026-01-17T06,SE,Southeast,DF,Day-ahead demand forecast,28392,megawatthours,2026-01-17 06:00:00,28392.0
2026-01-17T06,SE,Southeast,NG,Net generation,27736,megawatthours,2026-01-17 06:00:00,27736.0
2026-01-17T06,SE,Southeast,TI,Total interchange,-10,megawatthours,2026-01-17 06:00:00,-10.0
2026-01-17T05,SE,Southeast,D,Demand,28345,megawatthours,2026-01-17 05:00:00,28345.0
2026-01-17T05,SE,Southeast,DF,Day-ahead demand forecast,29020,megawatthours,2026-01-17 05:00:00,29020.0
2026-01-17T05,SE,Southeast,NG,Net generation,28858,megawatthours,2026-01-17 05:00:00,28858.0
2026-01-17T05,SE,Southeast,TI,Total interchange,218,megawatthours,2026-01-17 05:00:00,218.0
2026-01-17T04,SE,Southeast,D,Demand,29393,megawatthours,2026-01-17 04:00:00,29393.0
2026-01-17T04,SE,Southeast,DF,Day-ahead demand forecast,29743,megawatthours,2026-01-17 04:00:00,29743.0
2026-01-17T04,SE,Southeast,NG,Net generation,29707,megawatthours,2026-01-17 04:00:00,29707.0
2026-01-17T04,SE,Southeast,TI,Total interchange,58,megawatthours,2026-01-17 04:00:00,58.0
2026-01-17T03,SE,Southeast,D,Demand,30312,megawatthours,2026-01-17 03:00:00,30312.0
2026-01-17T03,SE,Southeast,DF,Day-ahead demand forecast,30419,megawatthours,2026-01-17 03:00:00,30419.0
2026-01-17T03,SE,Southeast,NG,Net generation,30378,megawatthours,2026-01-17 03:00:00,30378.0
2026-01-17T03,SE,Southeast,TI,Total interchange,61,megawatthours,2026-01-17 03:00:00,61.0
2026-01-17T02,SE,Southeast,D,Demand,30739,megawatthours,2026-01-17 02:00:00,30739.0
2026-01-17T02,SE,Southeast,DF,Day-ahead demand forecast,30950,megawatthours,2026-01-17 02:00:00,30950.0
2026-01-17T02,SE,Southeast,NG,Net generation,30965,megawatthours,2026-01-17 02:00:00,30965.0
2026-01-17T02,SE,Southeast,TI,Total interchange,227,megawatthours,2026-01-17 02:00:00,227.0
2026-01-17T01,SE,Southeast,D,Demand,30926,megawatthours,2026-01-17 01:00:00,30926.0
2026-01-17T01,SE,Southeast,DF,Day-ahead demand forecast,31239,megawatthours,2026-01-17 01:00:00,31239.0
2026-01-17T01,SE,Southeast,NG,Net generation,31451,megawatthours,2026-01-17 01:00:00,31451.0
2026-01-17T01,SE,Southeast,TI,Total interchange,531,megawatthours,2026-01-17 01:00:00,531.0
2026-01-17T00,SE,Southeast,D,Demand,30428,megawatthours,2026-01-17 00:00:00,30428.0
2026-01-17T00,SE,Southeast,DF,Day-ahead demand forecast,30902,megawatthours,2026-01-17 00:00:00,30902.0
2026-01-17T00,SE,Southeast,NG,Net generation,30841,megawatthours,2026-01-17 00:00:00,30841.0
2026-01-17T00,SE,Southeast,TI,Total interchange,409,megawatthours,2026-01-17 00:00:00,409.0
2026-01-16T23,SE,Southeast,D,Demand,29280,megawatthours,2026-01-16 23:00:00,29280.0
2026-01-16T23,SE,Southeast,DF,Day-ahead demand forecast,29454,megawatthours,2026-01-16 23:00:00,29454.0
2026-01-16T23,SE,Southeast,NG,Net generation,28928,megawatthours,2026-01-16 23:00:00,28928.0
2026-01-16T23,SE,Southeast,TI,Total interchange,-351,megawatthours,2026-01-16 23:00:00,-351.0
2026-01-16T22,SE,Southeast,D,Demand,26327,megawatthours,2026-01-16 22:00:00,26327.0
2026-01-16T22,SE,Southeast,DF,Day-ahead demand forecast,28392,megawatthours,2026-01-16 22:00:00,28392.0
2026-01-16T22,SE,Southeast,NG,Net generation,26569,megawatthours,2026-01-16 22:00:00,26569.0
2026-01-16T22,SE,Southeast,TI,Total interchange,241,megawatthours,2026-01-16 22:00:00,241.0
2026-01-16T21,SE,Southeast,D,Demand,25505,megawatthours,2026-01-16 21:00:00,25505.0
2026-01-16T21,SE,Southeast,DF,Day-ahead demand forecast,28576,megawatthours,2026-01-16 21:00:00,28576.0
2026-01-16T21,SE,Southeast,NG,Net generation,25498,megawatthours,2026-01-16 21:00:00,25498.0
2026-01-16T21,SE,Southeast,TI,Total interchange,-9,megawatthours,2026-01-16 21:00:00,-9.0
2026-01-16T20,SE,Southeast,D,Demand,26234,megawatthours,2026-01-16 20:00:00,26234.0
2026-01-16T20,SE,Southeast,DF,Day-ahead demand forecast,29322,megawatthours,2026-01-16 20:00:00,29322.0
2026-01-16T20,SE,Southeast,NG,Net generation,26261,megawatthours,2026-01-16 20:00:00,26261.0
2026-01-16T20,SE,Southeast,TI,Total interchange,25,megawatthours,2026-01-16 20:00:00,25.0
2026-01-16T19,SE,Southeast,D,Demand,27686,megawatthours,2026-01-16 19:00:00,27686.0
2026-01-16T19,SE,Southeast,DF,Day-ahead demand forecast,30377,megawatthours,2026-01-16 19:00:00,30377.0
2026-01-16T19,SE,Southeast,NG,Net generation,27670,megawatthours,2026-01-16 19:00:00,27670.0
2026-01-16T19,SE,Southeast,TI,Total interchange,-17,megawatthours,2026-01-16 19:00:00,-17.0
2026-01-16T18,SE,Southeast,D,Demand,29431,megawatthours,2026-01-16 18:00:00,29431.0
2026-01-16T18,SE,Southeast,DF,Day-ahead demand forecast,31992,megawatthours,2026-01-16 18:00:00,31992.0
2026-01-16T18,SE,Southeast,NG,Net generation,29872,megawatthours,2026-01-16 18:00:00,29872.0
2026-01-16T18,SE,Southeast,TI,Total interchange,439,megawatthours,2026-01-16 18:00:00,439.0
2026-01-16T17,SE,Southeast,D,Demand,31612,megawatthours,2026-01-16 17:00:00,31612.0
2026-01-16T17,SE,Southeast,DF,Day-ahead demand forecast,34041,megawatthours,2026-01-16 17:00:00,34041.0
2026-01-16T17,SE,Southeast,NG,Net generation,31739,megawatthours,2026-01-16 17:00:00,31739.0
2026-01-16T17,SE,Southeast,TI,Total interchange,126,megawatthours,2026-01-16 17:00:00,126.0
2026-01-16T16,SE,Southeast,D,Demand,34215,megawatthours,2026-01-16 16:00:00,34215.0
2026-01-16T16,SE,Southeast,DF,Day-ahead demand forecast,36693,megawatthours,2026-01-16 16:00:00,36693.0
2026-01-16T16,SE,Southeast,NG,Net generation,34573,megawatthours,2026-01-16 16:00:00,34573.0
2026-01-16T16,SE,Southeast,TI,Total interchange,367,megawatthours,2026-01-16 16:00:00,367.0
2026-01-16T15,SE,Southeast,D,Demand,37659,megawatthours,2026-01-16 15:00:00,37659.0
2026-01-16T15,SE,Southeast,DF,Day-ahead demand forecast,39202,megawatthours,2026-01-16 15:00:00,39202.0
2026-01-16T15,SE,Southeast,NG,Net generation,37875,megawatthours,2026-01-16 15:00:00,37875.0
2026-01-16T15,SE,Southeast,TI,Total interchange,222,megawatthours,2026-01-16 15:00:00,222.0
2026-01-16T14,SE,Southeast,D,Demand,41691,megawatthours,2026-01-16 14:00:00,41691.0
2026-01-16T14,SE,Southeast,DF,Day-ahead demand forecast,41808,megawatthours,2026-01-16 14:00:00,41808.0
2026-01-16T14,SE,Southeast,NG,Net generation,42346,megawatthours,2026-01-16 14:00:00,42346.0
2026-01-16T14,SE,Southeast,TI,Total interchange,662,megawatthours,2026-01-16 14:00:00,662.0
2026-01-16T13,SE,Southeast,D,Demand,43178,megawatthours,2026-01-16 13:00:00,43178.0
2026-01-16T13,SE,Southeast,DF,Day-ahead demand forecast,42387,megawatthours,2026-01-16 13:00:00,42387.0
2026-01-16T13,SE,Southeast,NG,Net generation,43762,megawatthours,2026-01-16 13:00:00,43762.0
2026-01-16T13,SE,Southeast,TI,Total interchange,595,megawatthours,2026-01-16 13:00:00,595.0
2026-01-16T12,SE,Southeast,D,Demand,41653,megawatthours,2026-01-16 12:00:00,41653.0
2026-01-16T12,SE,Southeast,DF,Day-ahead demand forecast,41181,megawatthours,2026-01-16 12:00:00,41181.0
2026-01-16T12,SE,Southeast,NG,Net generation,42351,megawatthours,2026-01-16 12:00:00,42351.0
2026-01-16T12,SE,Southeast,TI,Total interchange,968,megawatthours,2026-01-16 12:00:00,968.0
2026-01-16T11,SE,Southeast,D,Demand,39398,megawatthours,2026-01-16 11:00:00,39398.0
2026-01-16T11,SE,Southeast,DF,Day-ahead demand forecast,39443,megawatthours,2026-01-16 11:00:00,39443.0
2026-01-16T11,SE,Southeast,NG,Net generation,39486,megawatthours,2026-01-16 11:00:00,39486.0
2026-01-16T11,SE,Southeast,TI,Total interchange,102,megawatthours,2026-01-16 11:00:00,102.0
2026-01-16T10,SE,Southeast,D,Demand,37814,megawatthours,2026-01-16 10:00:00,37814.0
2026-01-16T10,SE,Southeast,DF,Day-ahead demand forecast,37947,megawatthours,2026-01-16 10:00:00,37947.0
2026-01-16T10,SE,Southeast,NG,Net generation,38051,megawatthours,2026-01-16 10:00:00,38051.0
2026-01-16T10,SE,Southeast,TI,Total interchange,236,megawatthours,2026-01-16 10:00:00,236.0
2026-01-16T09,SE,Southeast,D,Demand,36863,megawatthours,2026-01-16 09:00:00,36863.0
2026-01-16T09,SE,Southeast,DF,Day-ahead demand forecast,36741,megawatthours,2026-01-16 09:00:00,36741.0
2026-01-16T09,SE,Southeast,NG,Net generation,36838,megawatthours,2026-01-16 09:00:00,36838.0
2026-01-16T09,SE,Southeast,TI,Total interchange,-218,megawatthours,2026-01-16 09:00:00,-218.0
2026-01-16T08,SE,Southeast,D,Demand,36308,megawatthours,2026-01-16 08:00:00,36308.0
2026-01-16T08,SE,Southeast,DF,Day-ahead demand forecast,36249,megawatthours,2026-01-16 08:00:00,36249.0
2026-01-16T08,SE,Southeast,NG,Net generation,36694,megawatthours,2026-01-16 08:00:00,36694.0
2026-01-16T08,SE,Southeast,TI,Total interchange,171,megawatthours,2026-01-16 08:00:00,171.0
2026-01-16T07,SE,Southeast,D,Demand,35917,megawatthours,2026-01-16 07:00:00,35917.0
2026-01-16T07,SE,Southeast,DF,Day-ahead demand forecast,35793,megawatthours,2026-01-16 07:00:00,35793.0
2026-01-16T07,SE,Southeast,NG,Net generation,36542,megawatthours,2026-01-16 07:00:00,36542.0
2026-01-16T07,SE,Southeast,TI,Total interchange,400,megawatthours,2026-01-16 07:00:00,400.0
2026-01-16T06,SE,Southeast,D,Demand,35914,megawatthours,2026-01-16 06:00:00,35914.0
2026-01-16T06,SE,Southeast,DF,Day-ahead demand forecast,35692,megawatthours,2026-01-16 06:00:00,35692.0
2026-01-16T06,SE,Southeast,NG,Net generation,36574,megawatthours,2026-01-16 06:00:00,36574.0
2026-01-16T06,SE,Southeast,TI,Total interchange,404,megawatthours,2026-01-16 06:00:00,404.0
2026-01-16T05,SE,Southeast,D,Demand,36294,megawatthours,2026-01-16 05:00:00,36294.0
2026-01-16T05,SE,Southeast,DF,Day-ahead demand forecast,36066,megawatthours,2026-01-16 05:00:00,36066.0
2026-01-16T05,SE,Southeast,NG,Net generation,37307,megawatthours,2026-01-16 05:00:00,37307.0
2026-01-16T05,SE,Southeast,TI,Total interchange,789,megawatthours,2026-01-16 05:00:00,789.0
2026-01-16T04,SE,Southeast,D,Demand,36857,megawatthours,2026-01-16 04:00:00,36857.0
2026-01-16T04,SE,Southeast,DF,Day-ahead demand forecast,36662,megawatthours,2026-01-16 04:00:00,36662.0
2026-01-16T04,SE,Southeast,NG,Net generation,37488,megawatthours,2026-01-16 04:00:00,37488.0
2026-01-16T04,SE,Southeast,TI,Total interchange,432,megawatthours,2026-01-16 04:00:00,432.0
2026-01-16T03,SE,Southeast,D,Demand,37580,megawatthours,2026-01-16 03:00:00,37580.0
2026-01-16T03,SE,Southeast,DF,Day-ahead demand forecast,37476,megawatthours,2026-01-16 03:00:00,37476.0
2026-01-16T03,SE,Southeast,NG,Net generation,38227,megawatthours,2026-01-16 03:00:00,38227.0
2026-01-16T03,SE,Southeast,TI,Total interchange,648,megawatthours,2026-01-16 03:00:00,648.0
2026-01-16T02,SE,Southeast,D,Demand,37482,megawatthours,2026-01-16 02:00:00,37482.0
2026-01-16T02,SE,Southeast,DF,Day-ahead demand forecast,37603,megawatthours,2026-01-16 02:00:00,37603.0
2026-01-16T02,SE,Southeast,NG,Net generation,38490,megawatthours,2026-01-16 02:00:00,38490.0
2026-01-16T02,SE,Southeast,TI,Total interchange,1013,megawatthours,2026-01-16 02:00:00,1013.0
2026-01-16T01,SE,Southeast,D,Demand,37494,megawatthours,2026-01-16 01:00:00,37494.0
2026-01-16T01,SE,Southeast,DF,Day-ahead demand forecast,37225,megawatthours,2026-01-16 01:00:00,37225.0
2026-01-16T01,SE,Southeast,NG,Net generation,37930,megawatthours,2026-01-16 01:00:00,37930.0
2026-01-16T01,SE,Southeast,TI,Total interchange,437,megawatthours,2026-01-16 01:00:00,437.0
2026-01-16T00,SE,Southeast,D,Demand,36121,megawatthours,2026-01-16 00:00:00,36121.0
2026-01-16T00,SE,Southeast,DF,Day-ahead demand forecast,36117,megawatthours,2026-01-16 00:00:00,36117.0
2026-01-16T00,SE,Southeast,NG,Net generation,36952,megawatthours,2026-01-16 00:00:00,36952.0
2026-01-16T00,SE,Southeast,TI,Total interchange,830,megawatthours,2026-01-16 00:00:00,830.0
2026-01-15T23,SE,Southeast,D,Demand,33481,megawatthours,2026-01-15 23:00:00,33481.0
2026-01-15T23,SE,Southeast,DF,Day-ahead demand forecast,33676,megawatthours,2026-01-15 23:00:00,33676.0
2026-01-15T23,SE,Southeast,NG,Net generation,34194,megawatthours,2026-01-15 23:00:00,34194.0
2026-01-15T23,SE,Southeast,TI,Total interchange,716,megawatthours,2026-01-15 23:00:00,716.0
2026-01-15T22,SE,Southeast,D,Demand,30393,megawatthours,2026-01-15 22:00:00,30393.0
2026-01-15T22,SE,Southeast,DF,Day-ahead demand forecast,31950,megawatthours,2026-01-15 22:00:00,31950.0
2026-01-15T22,SE,Southeast,NG,Net generation,31345,megawatthours,2026-01-15 22:00:00,31345.0
2026-01-15T22,SE,Southeast,TI,Total interchange,950,megawatthours,2026-01-15 22:00:00,950.0
2026-01-15T21,SE,Southeast,D,Demand,28989,megawatthours,2026-01-15 21:00:00,28989.0
2026-01-15T21,SE,Southeast,DF,Day-ahead demand forecast,31326,megawatthours,2026-01-15 21:00:00,31326.0
2026-01-15T21,SE,Southeast,NG,Net generation,29919,megawatthours,2026-01-15 21:00:00,29919.0
2026-01-15T21,SE,Southeast,TI,Total interchange,928,megawatthours,2026-01-15 21:00:00,928.0
2026-01-15T20,SE,Southeast,D,Demand,29027,megawatthours,2026-01-15 20:00:00,29027.0
2026-01-15T20,SE,Southeast,DF,Day-ahead demand forecast,31543,megawatthours,2026-01-15 20:00:00,31543.0
2026-01-15T20,SE,Southeast,NG,Net generation,29697,megawatthours,2026-01-15 20:00:00,29697.0
2026-01-15T20,SE,Southeast,TI,Total interchange,667,megawatthours,2026-01-15 20:00:00,667.0
2026-01-15T19,SE,Southeast,D,Demand,29674,megawatthours,2026-01-15 19:00:00,29674.0
2026-01-15T19,SE,Southeast,DF,Day-ahead demand forecast,32220,megawatthours,2026-01-15 19:00:00,32220.0
2026-01-15T19,SE,Southeast,NG,Net generation,30538,megawatthours,2026-01-15 19:00:00,30538.0
2026-01-15T19,SE,Southeast,TI,Total interchange,861,megawatthours,2026-01-15 19:00:00,861.0
2026-01-15T18,SE,Southeast,D,Demand,30357,megawatthours,2026-01-15 18:00:00,30357.0
2026-01-15T18,SE,Southeast,DF,Day-ahead demand forecast,33112,megawatthours,2026-01-15 18:00:00,33112.0
2026-01-15T18,SE,Southeast,NG,Net generation,31118,megawatthours,2026-01-15 18:00:00,31118.0
2026-01-15T18,SE,Southeast,TI,Total interchange,759,megawatthours,2026-01-15 18:00:00,759.0
2026-01-15T17,SE,Southeast,D,Demand,31172,megawatthours,2026-01-15 17:00:00,31172.0
2026-01-15T17,SE,Southeast,DF,Day-ahead demand forecast,34094,megawatthours,2026-01-15 17:00:00,34094.0
2026-01-15T17,SE,Southeast,NG,Net generation,32057,megawatthours,2026-01-15 17:00:00,32057.0
2026-01-15T17,SE,Southeast,TI,Total interchange,885,megawatthours,2026-01-15 17:00:00,885.0
2026-01-15T16,SE,Southeast,D,Demand,32338,megawatthours,2026-01-15 16:00:00,32338.0
2026-01-15T16,SE,Southeast,DF,Day-ahead demand forecast,35209,megawatthours,2026-01-15 16:00:00,35209.0
2026-01-15T16,SE,Southeast,NG,Net generation,33210,megawatthours,2026-01-15 16:00:00,33210.0
2026-01-15T16,SE,Southeast,TI,Total interchange,871,megawatthours,2026-01-15 16:00:00,871.0
2026-01-15T15,SE,Southeast,D,Demand,33680,megawatthours,2026-01-15 15:00:00,33680.0
2026-01-15T15,SE,Southeast,DF,Day-ahead demand forecast,36235,megawatthours,2026-01-15 15:00:00,36235.0
2026-01-15T15,SE,Southeast,NG,Net generation,34706,megawatthours,2026-01-15 15:00:00,34706.0
2026-01-15T15,SE,Southeast,TI,Total interchange,1033,megawatthours,2026-01-15 15:00:00,1033.0
2026-01-15T14,SE,Southeast,D,Demand,35979,megawatthours,2026-01-15 14:00:00,35979.0
2026-01-15T14,SE,Southeast,DF,Day-ahead demand forecast,37107,megawatthours,2026-01-15 14:00:00,37107.0
2026-01-15T14,SE,Southeast,NG,Net generation,37141,megawatthours,2026-01-15 14:00:00,37141.0
2026-01-15T14,SE,Southeast,TI,Total interchange,1160,megawatthours,2026-01-15 14:00:00,1160.0
2026-01-15T13,SE,Southeast,D,Demand,36669,megawatthours,2026-01-15 13:00:00,36669.0
2026-01-15T13,SE,Southeast,DF,Day-ahead demand forecast,36747,megawatthours,2026-01-15 13:00:00,36747.0
2026-01-15T13,SE,Southeast,NG,Net generation,37880,megawatthours,2026-01-15 13:00:00,37880.0
2026-01-15T13,SE,Southeast,TI,Total interchange,1213,megawatthours,2026-01-15 13:00:00,1213.0
2026-01-15T12,SE,Southeast,D,Demand,34649,megawatthours,2026-01-15 12:00:00,34649.0
2026-01-15T12,SE,Southeast,DF,Day-ahead demand forecast,34315,megawatthours,2026-01-15 12:00:00,34315.0
2026-01-15T12,SE,Southeast,NG,Net generation,35090,megawatthours,2026-01-15 12:00:00,35090.0
2026-01-15T12,SE,Southeast,TI,Total interchange,748,megawatthours,2026-01-15 12:00:00,748.0
2026-01-15T11,SE,Southeast,D,Demand,31593,megawatthours,2026-01-15 11:00:00,31593.0
2026-01-15T11,SE,Southeast,DF,Day-ahead demand forecast,31304,megawatthours,2026-01-15 11:00:00,31304.0
2026-01-15T11,SE,Southeast,NG,Net generation,32046,megawatthours,2026-01-15 11:00:00,32046.0
2026-01-15T11,SE,Southeast,TI,Total interchange,632,megawatthours,2026-01-15 11:00:00,632.0
2026-01-15T10,SE,Southeast,D,Demand,29620,megawatthours,2026-01-15 10:00:00,29620.0
2026-01-15T10,SE,Southeast,DF,Day-ahead demand forecast,29346,megawatthours,2026-01-15 10:00:00,29346.0
2026-01-15T10,SE,Southeast,NG,Net generation,29962,megawatthours,2026-01-15 10:00:00,29962.0
2026-01-15T10,SE,Southeast,TI,Total interchange,480,megawatthours,2026-01-15 10:00:00,480.0
2026-01-15T09,SE,Southeast,D,Demand,28329,megawatthours,2026-01-15 09:00:00,28329.0
2026-01-15T09,SE,Southeast,DF,Day-ahead demand forecast,28086,megawatthours,2026-01-15 09:00:00,28086.0
2026-01-15T09,SE,Southeast,NG,Net generation,28880,megawatthours,2026-01-15 09:00:00,28880.0
2026-01-15T09,SE,Southeast,TI,Total interchange,423,megawatthours,2026-01-15 09:00:00,423.0
2026-01-15T08,SE,Southeast,D,Demand,27672,megawatthours,2026-01-15 08:00:00,27672.0
2026-01-15T08,SE,Southeast,DF,Day-ahead demand forecast,27438,megawatthours,2026-01-15 08:00:00,27438.0
2026-01-15T08,SE,Southeast,NG,Net generation,28184,megawatthours,2026-01-15 08:00:00,28184.0
2026-01-15T08,SE,Southeast,TI,Total interchange,423,megawatthours,2026-01-15 08:00:00,423.0
2026-01-15T07,SE,Southeast,D,Demand,27359,megawatthours,2026-01-15 07:00:00,27359.0
2026-01-15T07,SE,Southeast,DF,Day-ahead demand forecast,27110,megawatthours,2026-01-15 07:00:00,27110.0
2026-01-15T07,SE,Southeast,NG,Net generation,27687,megawatthours,2026-01-15 07:00:00,27687.0
2026-01-15T07,SE,Southeast,TI,Total interchange,256,megawatthours,2026-01-15 07:00:00,256.0
2026-01-15T06,SE,Southeast,D,Demand,27311,megawatthours,2026-01-15 06:00:00,27311.0
2026-01-15T06,SE,Southeast,DF,Day-ahead demand forecast,27061,megawatthours,2026-01-15 06:00:00,27061.0
2026-01-15T06,SE,Southeast,NG,Net generation,27788,megawatthours,2026-01-15 06:00:00,27788.0
2026-01-15T06,SE,Southeast,TI,Total interchange,184,megawatthours,2026-01-15 06:00:00,184.0
2026-01-15T05,SE,Southeast,D,Demand,27635,megawatthours,2026-01-15 05:00:00,27635.0
2026-01-15T05,SE,Southeast,DF,Day-ahead demand forecast,27375,megawatthours,2026-01-15 05:00:00,27375.0
2026-01-15T05,SE,Southeast,NG,Net generation,28387,megawatthours,2026-01-15 05:00:00,28387.0
2026-01-15T05,SE,Southeast,TI,Total interchange,457,megawatthours,2026-01-15 05:00:00,457.0
2026-01-15T04,SE,Southeast,D,Demand,28515,megawatthours,2026-01-15 04:00:00,28515.0
2026-01-15T04,SE,Southeast,DF,Day-ahead demand forecast,28266,megawatthours,2026-01-15 04:00:00,28266.0
2026-01-15T04,SE,Southeast,NG,Net generation,29165,megawatthours,2026-01-15 04:00:00,29165.0
2026-01-15T04,SE,Southeast,TI,Total interchange,357,megawatthours,2026-01-15 04:00:00,357.0
2026-01-15T03,SE,Southeast,D,Demand,29480,megawatthours,2026-01-15 03:00:00,29480.0
2026-01-15T03,SE,Southeast,DF,Day-ahead demand forecast,29213,megawatthours,2026-01-15 03:00:00,29213.0
2026-01-15T03,SE,Southeast,NG,Net generation,29991,megawatthours,2026-01-15 03:00:00,29991.0
2026-01-15T03,SE,Southeast,TI,Total interchange,503,megawatthours,2026-01-15 03:00:00,503.0
2026-01-15T02,SE,Southeast,D,Demand,30193,megawatthours,2026-01-15 02:00:00,30193.0
2026-01-15T02,SE,Southeast,DF,Day-ahead demand forecast,29928,megawatthours,2026-01-15 02:00:00,29928.0
2026-01-15T02,SE,Southeast,NG,Net generation,30715,megawatthours,2026-01-15 02:00:00,30715.0
2026-01-15T02,SE,Southeast,TI,Total interchange,522,megawatthours,2026-01-15 02:00:00,522.0
2026-01-15T01,SE,Southeast,D,Demand,30454,megawatthours,2026-01-15 01:00:00,30454.0
2026-01-15T01,SE,Southeast,DF,Day-ahead demand forecast,30240,megawatthours,2026-01-15 01:00:00,30240.0
2026-01-15T01,SE,Southeast,NG,Net generation,30915,megawatthours,2026-01-15 01:00:00,30915.0
2026-01-15T01,SE,Southeast,TI,Total interchange,459,megawatthours,2026-01-15 01:00:00,459.0
2026-01-15T00,SE,Southeast,D,Demand,30365,megawatthours,2026-01-15 00:00:00,30365.0
2026-01-15T00,SE,Southeast,DF,Day-ahead demand forecast,30195,megawatthours,2026-01-15 00:00:00,30195.0
2026-01-15T00,SE,Southeast,NG,Net generation,31078,megawatthours,2026-01-15 00:00:00,31078.0
2026-01-15T00,SE,Southeast,TI,Total interchange,710,megawatthours,2026-01-15 00:00:00,710.0
2026-01-14T23,SE,Southeast,D,Demand,29221,megawatthours,2026-01-14 23:00:00,29221.0
2026-01-14T23,SE,Southeast,DF,Day-ahead demand forecast,28966,megawatthours,2026-01-14 23:00:00,28966.0
2026-01-14T23,SE,Southeast,NG,Net generation,29802,megawatthours,2026-01-14 23:00:00,29802.0
2026-01-14T23,SE,Southeast,TI,Total interchange,578,megawatthours,2026-01-14 23:00:00,578.0
2026-01-14T22,SE,Southeast,D,Demand,28154,megawatthours,2026-01-14 22:00:00,28154.0
2026-01-14T22,SE,Southeast,DF,Day-ahead demand forecast,27935,megawatthours,2026-01-14 22:00:00,27935.0
2026-01-14T22,SE,Southeast,NG,Net generation,28698,megawatthours,2026-01-14 22:00:00,28698.0
2026-01-14T22,SE,Southeast,TI,Total interchange,542,megawatthours,2026-01-14 22:00:00,542.0
2026-01-14T21,SE,Southeast,D,Demand,27602,megawatthours,2026-01-14 21:00:00,27602.0
2026-01-14T21,SE,Southeast,DF,Day-ahead demand forecast,27366,megawatthours,2026-01-14 21:00:00,27366.0
2026-01-14T21,SE,Southeast,NG,Net generation,28045,megawatthours,2026-01-14 21:00:00,28045.0
2026-01-14T21,SE,Southeast,TI,Total interchange,440,megawatthours,2026-01-14 21:00:00,440.0
2026-01-14T20,SE,Southeast,D,Demand,27734,megawatthours,2026-01-14 20:00:00,27734.0
2026-01-14T20,SE,Southeast,DF,Day-ahead demand forecast,27498,megawatthours,2026-01-14 20:00:00,27498.0
2026-01-14T20,SE,Southeast,NG,Net generation,27933,megawatthours,2026-01-14 20:00:00,27933.0
2026-01-14T20,SE,Southeast,TI,Total interchange,196,megawatthours,2026-01-14 20:00:00,196.0
2026-01-14T19,SE,Southeast,D,Demand,28255,megawatthours,2026-01-14 19:00:00,28255.0
2026-01-14T19,SE,Southeast,DF,Day-ahead demand forecast,28003,megawatthours,2026-01-14 19:00:00,28003.0
2026-01-14T19,SE,Southeast,NG,Net generation,28652,megawatthours,2026-01-14 19:00:00,28652.0
2026-01-14T19,SE,Southeast,TI,Total interchange,394,megawatthours,2026-01-14 19:00:00,394.0
2026-01-14T18,SE,Southeast,D,Demand,29119,megawatthours,2026-01-14 18:00:00,29119.0
2026-01-14T18,SE,Southeast,DF,Day-ahead demand forecast,28845,megawatthours,2026-01-14 18:00:00,28845.0
2026-01-14T18,SE,Southeast,NG,Net generation,29308,megawatthours,2026-01-14 18:00:00,29308.0
2026-01-14T18,SE,Southeast,TI,Total interchange,189,megawatthours,2026-01-14 18:00:00,189.0
2026-01-14T17,SE,Southeast,D,Demand,29993,megawatthours,2026-01-14 17:00:00,29993.0
2026-01-14T17,SE,Southeast,DF,Day-ahead demand forecast,29712,megawatthours,2026-01-14 17:00:00,29712.0
2026-01-14T17,SE,Southeast,NG,Net generation,30289,megawatthours,2026-01-14 17:00:00,30289.0
2026-01-14T17,SE,Southeast,TI,Total interchange,294,megawatthours,2026-01-14 17:00:00,294.0
2026-01-14T16,SE,Southeast,D,Demand,30472,megawatthours,2026-01-14 16:00:00,30472.0
2026-01-14T16,SE,Southeast,DF,Day-ahead demand forecast,30197,megawatthours,2026-01-14 16:00:00,30197.0
2026-01-14T16,SE,Southeast,NG,Net generation,30853,megawatthours,2026-01-14 16:00:00,30853.0
2026-01-14T16,SE,Southeast,TI,Total interchange,384,megawatthours,2026-01-14 16:00:00,384.0
2026-01-14T15,SE,Southeast,D,Demand,30680,megawatthours,2026-01-14 15:00:00,30680.0
2026-01-14T15,SE,Southeast,DF,Day-ahead demand forecast,30397,megawatthours,2026-01-14 15:00:00,30397.0
2026-01-14T15,SE,Southeast,NG,Net generation,31163,megawatthours,2026-01-14 15:00:00,31163.0
2026-01-14T15,SE,Southeast,TI,Total interchange,491,megawatthours,2026-01-14 15:00:00,491.0
2026-01-14T14,SE,Southeast,D,Demand,30862,megawatthours,2026-01-14 14:00:00,30862.0
2026-01-14T14,SE,Southeast,DF,Day-ahead demand forecast,30517,megawatthours,2026-01-14 14:00:00,30517.0
2026-01-14T14,SE,Southeast,NG,Net generation,31644,megawatthours,2026-01-14 14:00:00,31644.0
2026-01-14T14,SE,Southeast,TI,Total interchange,780,megawatthours,2026-01-14 14:00:00,780.0
2026-01-14T13,SE,Southeast,D,Demand,31027,megawatthours,2026-01-14 13:00:00,31027.0
2026-01-14T13,SE,Southeast,DF,Day-ahead demand forecast,30766,megawatthours,2026-01-14 13:00:00,30766.0
2026-01-14T13,SE,Southeast,NG,Net generation,32144,megawatthours,2026-01-14 13:00:00,32144.0
2026-01-14T13,SE,Southeast,TI,Total interchange,1111,megawatthours,2026-01-14 13:00:00,1111.0
2026-01-14T12,SE,Southeast,D,Demand,29788,megawatthours,2026-01-14 12:00:00,29788.0
2026-01-14T12,SE,Southeast,DF,Day-ahead demand forecast,29447,megawatthours,2026-01-14 12:00:00,29447.0
2026-01-14T12,SE,Southeast,NG,Net generation,30747,megawatthours,2026-01-14 12:00:00,30747.0
2026-01-14T12,SE,Southeast,TI,Total interchange,963,megawatthours,2026-01-14 12:00:00,963.0
2026-01-14T11,SE,Southeast,D,Demand,27930,megawatthours,2026-01-14 11:00:00,27930.0
2026-01-14T11,SE,Southeast,DF,Day-ahead demand forecast,27585,megawatthours,2026-01-14 11:00:00,27585.0
2026-01-14T11,SE,Southeast,NG,Net generation,28662,megawatthours,2026-01-14 11:00:00,28662.0
2026-01-14T11,SE,Southeast,TI,Total interchange,733,megawatthours,2026-01-14 11:00:00,733.0
2026-01-14T10,SE,Southeast,D,Demand,26920,megawatthours,2026-01-14 10:00:00,26920.0
2026-01-14T10,SE,Southeast,DF,Day-ahead demand forecast,26689,megawatthours,2026-01-14 10:00:00,26689.0
2026-01-14T10,SE,Southeast,NG,Net generation,27623,megawatthours,2026-01-14 10:00:00,27623.0
2026-01-14T10,SE,Southeast,TI,Total interchange,701,megawatthours,2026-01-14 10:00:00,701.0
2026-01-14T09,SE,Southeast,D,Demand,26693,megawatthours,2026-01-14 09:00:00,26693.0
2026-01-14T09,SE,Southeast,DF,Day-ahead demand forecast,26439,megawatthours,2026-01-14 09:00:00,26439.0
2026-01-14T09,SE,Southeast,NG,Net generation,27339,megawatthours,2026-01-14 09:00:00,27339.0
2026-01-14T09,SE,Southeast,TI,Total interchange,356,megawatthours,2026-01-14 09:00:00,356.0
2026-01-14T08,SE,Southeast,D,Demand,26759,megawatthours,2026-01-14 08:00:00,26759.0
2026-01-14T08,SE,Southeast,DF,Day-ahead demand forecast,26511,megawatthours,2026-01-14 08:00:00,26511.0
2026-01-14T08,SE,Southeast,NG,Net generation,27326,megawatthours,2026-01-14 08:00:00,27326.0
2026-01-14T08,SE,Southeast,TI,Total interchange,271,megawatthours,2026-01-14 08:00:00,271.0
2026-01-14T07,SE,Southeast,D,Demand,26990,megawatthours,2026-01-14 07:00:00,26990.0
2026-01-14T07,SE,Southeast,DF,Day-ahead demand forecast,26748,megawatthours,2026-01-14 07:00:00,26748.0
2026-01-14T07,SE,Southeast,NG,Net generation,27609,megawatthours,2026-01-14 07:00:00,27609.0
2026-01-14T07,SE,Southeast,TI,Total interchange,324,megawatthours,2026-01-14 07:00:00,324.0
2026-01-14T06,SE,Southeast,D,Demand,27535,megawatthours,2026-01-14 06:00:00,27535.0
2026-01-14T06,SE,Southeast,DF,Day-ahead demand forecast,27279,megawatthours,2026-01-14 06:00:00,27279.0
2026-01-14T06,SE,Southeast,NG,Net generation,27741,megawatthours,2026-01-14 06:00:00,27741.0
2026-01-14T06,SE,Southeast,TI,Total interchange,-90,megawatthours,2026-01-14 06:00:00,-90.0
2026-01-14T05,SE,Southeast,D,Demand,28273,megawatthours,2026-01-14 05:00:00,28273.0
2026-01-14T05,SE,Southeast,DF,Day-ahead demand forecast,27993,megawatthours,2026-01-14 05:00:00,27993.0
2026-01-14T05,SE,Southeast,NG,Net generation,28282,megawatthours,2026-01-14 05:00:00,28282.0
2026-01-14T05,SE,Southeast,TI,Total interchange,-284,megawatthours,2026-01-14 05:00:00,-284.0
2026-01-14T04,SE,Southeast,D,Demand,29317,megawatthours,2026-01-14 04:00:00,29317.0
2026-01-14T04,SE,Southeast,DF,Day-ahead demand forecast,28993,megawatthours,2026-01-14 04:00:00,28993.0
2026-01-14T04,SE,Southeast,NG,Net generation,29650,megawatthours,2026-01-14 04:00:00,29650.0
2026-01-14T04,SE,Southeast,TI,Total interchange,123,megawatthours,2026-01-14 04:00:00,123.0
2026-01-14T03,SE,Southeast,D,Demand,30171,megawatthours,2026-01-14 03:00:00,30171.0
2026-01-14T03,SE,Southeast,DF,Day-ahead demand forecast,29850,megawatthours,2026-01-14 03:00:00,29850.0
2026-01-14T03,SE,Southeast,NG,Net generation,30617,megawatthours,2026-01-14 03:00:00,30617.0
2026-01-14T03,SE,Southeast,TI,Total interchange,446,megawatthours,2026-01-14 03:00:00,446.0
2026-01-14T02,SE,Southeast,D,Demand,30479,megawatthours,2026-01-14 02:00:00,30479.0
2026-01-14T02,SE,Southeast,DF,Day-ahead demand forecast,30156,megawatthours,2026-01-14 02:00:00,30156.0
2026-01-14T02,SE,Southeast,NG,Net generation,30893,megawatthours,2026-01-14 02:00:00,30893.0
2026-01-14T02,SE,Southeast,TI,Total interchange,418,megawatthours,2026-01-14 02:00:00,418.0
2026-01-14T01,SE,Southeast,D,Demand,30171,megawatthours,2026-01-14 01:00:00,30171.0
2026-01-14T01,SE,Southeast,DF,Day-ahead demand forecast,29783,megawatthours,2026-01-14 01:00:00,29783.0
2026-01-14T01,SE,Southeast,NG,Net generation,30564,megawatthours,2026-01-14 01:00:00,30564.0
2026-01-14T01,SE,Southeast,TI,Total interchange,392,megawatthours,2026-01-14 01:00:00,392.0
2026-01-14T00,SE,Southeast,D,Demand,29281,megawatthours,2026-01-14 00:00:00,29281.0
2026-01-14T00,SE,Southeast,DF,Day-ahead demand forecast,28909,megawatthours,2026-01-14 00:00:00,28909.0
2026-01-14T00,SE,Southeast,NG,Net generation,29543,megawatthours,2026-01-14 00:00:00,29543.0
2026-01-14T00,SE,Southeast,TI,Total interchange,264,megawatthours,2026-01-14 00:00:00,264.0
2026-01-13T23,SE,Southeast,D,Demand,27329,megawatthours,2026-01-13 23:00:00,27329.0
2026-01-13T23,SE,Southeast,DF,Day-ahead demand forecast,27054,megawatthours,2026-01-13 23:00:00,27054.0
2026-01-13T23,SE,Southeast,NG,Net generation,27678,megawatthours,2026-01-13 23:00:00,27678.0
2026-01-13T23,SE,Southeast,TI,Total interchange,350,megawatthours,2026-01-13 23:00:00,350.0
2026-01-13T22,SE,Southeast,D,Demand,26384,megawatthours,2026-01-13 22:00:00,26384.0
2026-01-13T22,SE,Southeast,DF,Day-ahead demand forecast,26108,megawatthours,2026-01-13 22:00:00,26108.0
2026-01-13T22,SE,Southeast,NG,Net generation,26923,megawatthours,2026-01-13 22:00:00,26923.0
2026-01-13T22,SE,Southeast,TI,Total interchange,540,megawatthours,2026-01-13 22:00:00,540.0
2026-01-13T21,SE,Southeast,D,Demand,26225,megawatthours,2026-01-13 21:00:00,26225.0
2026-01-13T21,SE,Southeast,DF,Day-ahead demand forecast,25901,megawatthours,2026-01-13 21:00:00,25901.0
2026-01-13T21,SE,Southeast,NG,Net generation,26688,megawatthours,2026-01-13 21:00:00,26688.0
2026-01-13T21,SE,Southeast,TI,Total interchange,464,megawatthours,2026-01-13 21:00:00,464.0
2026-01-13T20,SE,Southeast,D,Demand,26766,megawatthours,2026-01-13 20:00:00,26766.0
2026-01-13T20,SE,Southeast,DF,Day-ahead demand forecast,26428,megawatthours,2026-01-13 20:00:00,26428.0
2026-01-13T20,SE,Southeast,NG,Net generation,27184,megawatthours,2026-01-13 20:00:00,27184.0
2026-01-13T20,SE,Southeast,TI,Total interchange,417,megawatthours,2026-01-13 20:00:00,417.0
2026-01-13T19,SE,Southeast,D,Demand,27775,megawatthours,2026-01-13 19:00:00,27775.0
2026-01-13T19,SE,Southeast,DF,Day-ahead demand forecast,27389,megawatthours,2026-01-13 19:00:00,27389.0
2026-01-13T19,SE,Southeast,NG,Net generation,28054,megawatthours,2026-01-13 19:00:00,28054.0
2026-01-13T19,SE,Southeast,TI,Total interchange,278,megawatthours,2026-01-13 19:00:00,278.0
2026-01-13T18,SE,Southeast,D,Demand,29117,megawatthours,2026-01-13 18:00:00,29117.0
2026-01-13T18,SE,Southeast,DF,Day-ahead demand forecast,28707,megawatthours,2026-01-13 18:00:00,28707.0
2026-01-13T18,SE,Southeast,NG,Net generation,29343,megawatthours,2026-01-13 18:00:00,29343.0
2026-01-13T18,SE,Southeast,TI,Total interchange,224,megawatthours,2026-01-13 18:00:00,224.0
2026-01-13T17,SE,Southeast,D,Demand,30756,megawatthours,2026-01-13 17:00:00,30756.0
2026-01-13T17,SE,Southeast,DF,Day-ahead demand forecast,30328,megawatthours,2026-01-13 17:00:00,30328.0
2026-01-13T17,SE,Southeast,NG,Net generation,30844,megawatthours,2026-01-13 17:00:00,30844.0
2026-01-13T17,SE,Southeast,TI,Total interchange,87,megawatthours,2026-01-13 17:00:00,87.0
2026-01-13T16,SE,Southeast,D,Demand,32904,megawatthours,2026-01-13 16:00:00,32904.0
2026-01-13T16,SE,Southeast,DF,Day-ahead demand forecast,32405,megawatthours,2026-01-13 16:00:00,32405.0
2026-01-13T16,SE,Southeast,NG,Net generation,33006,megawatthours,2026-01-13 16:00:00,33006.0
2026-01-13T16,SE,Southeast,TI,Total interchange,103,megawatthours,2026-01-13 16:00:00,103.0
2026-01-13T15,SE,Southeast,D,Demand,35882,megawatthours,2026-01-13 15:00:00,35882.0
2026-01-13T15,SE,Southeast,DF,Day-ahead demand forecast,35343,megawatthours,2026-01-13 15:00:00,35343.0
2026-01-13T15,SE,Southeast,NG,Net generation,36567,megawatthours,2026-01-13 15:00:00,36567.0
2026-01-13T15,SE,Southeast,TI,Total interchange,692,megawatthours,2026-01-13 15:00:00,692.0
2026-01-13T14,SE,Southeast,D,Demand,38515,megawatthours,2026-01-13 14:00:00,38515.0
2026-01-13T14,SE,Southeast,DF,Day-ahead demand forecast,38003,megawatthours,2026-01-13 14:00:00,38003.0
2026-01-13T14,SE,Southeast,NG,Net generation,39408,megawatthours,2026-01-13 14:00:00,39408.0
2026-01-13T14,SE,Southeast,TI,Total interchange,897,megawatthours,2026-01-13 14:00:00,897.0
2026-01-13T13,SE,Southeast,D,Demand,38999,megawatthours,2026-01-13 13:00:00,38999.0
2026-01-13T13,SE,Southeast,DF,Day-ahead demand forecast,38527,megawatthours,2026-01-13 13:00:00,38527.0
2026-01-13T13,SE,Southeast,NG,Net generation,39996,megawatthours,2026-01-13 13:00:00,39996.0
2026-01-13T13,SE,Southeast,TI,Total interchange,1002,megawatthours,2026-01-13 13:00:00,1002.0
2026-01-13T12,SE,Southeast,D,Demand,37327,megawatthours,2026-01-13 12:00:00,37327.0
2026-01-13T12,SE,Southeast,DF,Day-ahead demand forecast,36804,megawatthours,2026-01-13 12:00:00,36804.0
2026-01-13T12,SE,Southeast,NG,Net generation,38441,megawatthours,2026-01-13 12:00:00,38441.0
2026-01-13T12,SE,Southeast,TI,Total interchange,1119,megawatthours,2026-01-13 12:00:00,1119.0
2026-01-13T11,SE,Southeast,D,Demand,34654,megawatthours,2026-01-13 11:00:00,34654.0
2026-01-13T11,SE,Southeast,DF,Day-ahead demand forecast,34162,megawatthours,2026-01-13 11:00:00,34162.0
2026-01-13T11,SE,Southeast,NG,Net generation,35556,megawatthours,2026-01-13 11:00:00,35556.0
2026-01-13T11,SE,Southeast,TI,Total interchange,902,megawatthours,2026-01-13 11:00:00,902.0
2026-01-13T10,SE,Southeast,D,Demand,32991,megawatthours,2026-01-13 10:00:00,32991.0
2026-01-13T10,SE,Southeast,DF,Day-ahead demand forecast,32589,megawatthours,2026-01-13 10:00:00,32589.0
2026-01-13T10,SE,Southeast,NG,Net generation,33593,megawatthours,2026-01-13 10:00:00,33593.0
2026-01-13T10,SE,Southeast,TI,Total interchange,575,megawatthours,2026-01-13 10:00:00,575.0
2026-01-13T09,SE,Southeast,D,Demand,31942,megawatthours,2026-01-13 09:00:00,31942.0
2026-01-13T09,SE,Southeast,DF,Day-ahead demand forecast,31579,megawatthours,2026-01-13 09:00:00,31579.0
2026-01-13T09,SE,Southeast,NG,Net generation,32473,megawatthours,2026-01-13 09:00:00,32473.0
2026-01-13T09,SE,Southeast,TI,Total interchange,282,megawatthours,2026-01-13 09:00:00,282.0
2026-01-13T08,SE,Southeast,D,Demand,31468,megawatthours,2026-01-13 08:00:00,31468.0
2026-01-13T08,SE,Southeast,DF,Day-ahead demand forecast,31093,megawatthours,2026-01-13 08:00:00,31093.0
2026-01-13T08,SE,Southeast,NG,Net generation,31723,megawatthours,2026-01-13 08:00:00,31723.0
2026-01-13T08,SE,Southeast,TI,Total interchange,4,megawatthours,2026-01-13 08:00:00,4.0
2026-01-13T07,SE,Southeast,D,Demand,31069,megawatthours,2026-01-13 07:00:00,31069.0
2026-01-13T07,SE,Southeast,DF,Day-ahead demand forecast,30702,megawatthours,2026-01-13 07:00:00,30702.0
2026-01-13T07,SE,Southeast,NG,Net generation,31608,megawatthours,2026-01-13 07:00:00,31608.0
2026-01-13T07,SE,Southeast,TI,Total interchange,288,megawatthours,2026-01-13 07:00:00,288.0
2026-01-13T06,SE,Southeast,D,Demand,31101,megawatthours,2026-01-13 06:00:00,31101.0
2026-01-13T06,SE,Southeast,DF,Day-ahead demand forecast,29446,megawatthours,2026-01-13 06:00:00,29446.0
2026-01-13T06,SE,Southeast,NG,Net generation,31954,megawatthours,2026-01-13 06:00:00,31954.0
2026-01-13T06,SE,Southeast,TI,Total interchange,596,megawatthours,2026-01-13 06:00:00,596.0
2026-01-13T05,SE,Southeast,D,Demand,31408,megawatthours,2026-01-13 05:00:00,31408.0
2026-01-13T05,SE,Southeast,DF,Day-ahead demand forecast,29943,megawatthours,2026-01-13 05:00:00,29943.0
2026-01-13T05,SE,Southeast,NG,Net generation,31980,megawatthours,2026-01-13 05:00:00,31980.0
2026-01-13T05,SE,Southeast,TI,Total interchange,314,megawatthours,2026-01-13 05:00:00,314.0
2026-01-13T04,SE,Southeast,D,Demand,32220,megawatthours,2026-01-13 04:00:00,32220.0
2026-01-13T04,SE,Southeast,DF,Day-ahead demand forecast,30812,megawatthours,2026-01-13 04:00:00,30812.0
2026-01-13T04,SE,Southeast,NG,Net generation,33160,megawatthours,2026-01-13 04:00:00,33160.0
2026-01-13T04,SE,Southeast,TI,Total interchange,813,megawatthours,2026-01-13 04:00:00,813.0
2026-01-13T03,SE,Southeast,D,Demand,32961,megawatthours,2026-01-13 03:00:00,32961.0
2026-01-13T03,SE,Southeast,DF,Day-ahead demand forecast,31557,megawatthours,2026-01-13 03:00:00,31557.0
2026-01-13T03,SE,Southeast,NG,Net generation,34286,megawatthours,2026-01-13 03:00:00,34286.0
2026-01-13T03,SE,Southeast,TI,Total interchange,1325,megawatthours,2026-01-13 03:00:00,1325.0
2026-01-13T02,SE,Southeast,D,Demand,33309,megawatthours,2026-01-13 02:00:00,33309.0
2026-01-13T02,SE,Southeast,DF,Day-ahead demand forecast,31992,megawatthours,2026-01-13 02:00:00,31992.0
2026-01-13T02,SE,Southeast,NG,Net generation,34625,megawatthours,2026-01-13 02:00:00,34625.0
2026-01-13T02,SE,Southeast,TI,Total interchange,1320,megawatthours,2026-01-13 02:00:00,1320.0
2026-01-13T01,SE,Southeast,D,Demand,32922,megawatthours,2026-01-13 01:00:00,32922.0
2026-01-13T01,SE,Southeast,DF,Day-ahead demand forecast,31992,megawatthours,2026-01-13 01:00:00,31992.0
2026-01-13T01,SE,Southeast,NG,Net generation,34679,megawatthours,2026-01-13 01:00:00,34679.0
2026-01-13T01,SE,Southeast,TI,Total interchange,1759,megawatthours,2026-01-13 01:00:00,1759.0
2026-01-13T00,SE,Southeast,D,Demand,31850,megawatthours,2026-01-13 00:00:00,31850.0
2026-01-13T00,SE,Southeast,DF,Day-ahead demand forecast,31495,megawatthours,2026-01-13 00:00:00,31495.0
2026-01-13T00,SE,Southeast,NG,Net generation,33569,megawatthours,2026-01-13 00:00:00,33569.0
2026-01-13T00,SE,Southeast,TI,Total interchange,1720,megawatthours,2026-01-13 00:00:00,1720.0
2026-01-12T23,SE,Southeast,D,Demand,29474,megawatthours,2026-01-12 23:00:00,29474.0
2026-01-12T23,SE,Southeast,DF,Day-ahead demand forecast,29502,megawatthours,2026-01-12 23:00:00,29502.0
2026-01-12T23,SE,Southeast,NG,Net generation,30694,megawatthours,2026-01-12 23:00:00,30694.0
2026-01-12T23,SE,Southeast,TI,Total interchange,1231,megawatthours,2026-01-12 23:00:00,1231.0
2026-01-12T22,SE,Southeast,D,Demand,28171,megawatthours,2026-01-12 22:00:00,28171.0
2026-01-12T22,SE,Southeast,DF,Day-ahead demand forecast,28151,megawatthours,2026-01-12 22:00:00,28151.0
2026-01-12T22,SE,Southeast,NG,Net generation,29450,megawatthours,2026-01-12 22:00:00,29450.0
2026-01-12T22,SE,Southeast,TI,Total interchange,1276,megawatthours,2026-01-12 22:00:00,1276.0
2026-01-12T21,SE,Southeast,D,Demand,27960,megawatthours,2026-01-12 21:00:00,27960.0
2026-01-12T21,SE,Southeast,DF,Day-ahead demand forecast,27620,megawatthours,2026-01-12 21:00:00,27620.0
2026-01-12T21,SE,Southeast,NG,Net generation,29259,megawatthours,2026-01-12 21:00:00,29259.0
2026-01-12T21,SE,Southeast,TI,Total interchange,1298,megawatthours,2026-01-12 21:00:00,1298.0
2026-01-12T20,SE,Southeast,D,Demand,28520,megawatthours,2026-01-12 20:00:00,28520.0
2026-01-12T20,SE,Southeast,DF,Day-ahead demand forecast,28151,megawatthours,2026-01-12 20:00:00,28151.0
2026-01-12T20,SE,Southeast,NG,Net generation,29781,megawatthours,2026-01-12 20:00:00,29781.0
2026-01-12T20,SE,Southeast,TI,Total interchange,1262,megawatthours,2026-01-12 20:00:00,1262.0
2026-01-12T19,SE,Southeast,D,Demand,29580,megawatthours,2026-01-12 19:00:00,29580.0
2026-01-12T19,SE,Southeast,DF,Day-ahead demand forecast,28923,megawatthours,2026-01-12 19:00:00,28923.0
2026-01-12T19,SE,Southeast,NG,Net generation,30742,megawatthours,2026-01-12 19:00:00,30742.0
2026-01-12T19,SE,Southeast,TI,Total interchange,1162,megawatthours,2026-01-12 19:00:00,1162.0
2026-01-12T18,SE,Southeast,D,Demand,30851,megawatthours,2026-01-12 18:00:00,30851.0
2026-01-12T18,SE,Southeast,DF,Day-ahead demand forecast,30191,megawatthours,2026-01-12 18:00:00,30191.0
2026-01-12T18,SE,Southeast,NG,Net generation,31845,megawatthours,2026-01-12 18:00:00,31845.0
2026-01-12T18,SE,Southeast,TI,Total interchange,996,megawatthours,2026-01-12 18:00:00,996.0
2026-01-12T17,SE,Southeast,D,Demand,32229,megawatthours,2026-01-12 17:00:00,32229.0
2026-01-12T17,SE,Southeast,DF,Day-ahead demand forecast,31805,megawatthours,2026-01-12 17:00:00,31805.0
2026-01-12T17,SE,Southeast,NG,Net generation,33207,megawatthours,2026-01-12 17:00:00,33207.0
2026-01-12T17,SE,Southeast,TI,Total interchange,980,megawatthours,2026-01-12 17:00:00,980.0
2026-01-12T16,SE,Southeast,D,Demand,34139,megawatthours,2026-01-12 16:00:00,34139.0
2026-01-12T16,SE,Southeast,DF,Day-ahead demand forecast,33296,megawatthours,2026-01-12 16:00:00,33296.0
2026-01-12T16,SE,Southeast,NG,Net generation,35181,megawatthours,2026-01-12 16:00:00,35181.0
2026-01-12T16,SE,Southeast,TI,Total interchange,1046,megawatthours,2026-01-12 16:00:00,1046.0
2026-01-12T15,SE,Southeast,D,Demand,36174,megawatthours,2026-01-12 15:00:00,36174.0
2026-01-12T15,SE,Southeast,DF,Day-ahead demand forecast,34786,megawatthours,2026-01-12 15:00:00,34786.0
2026-01-12T15,SE,Southeast,NG,Net generation,37627,megawatthours,2026-01-12 15:00:00,37627.0
2026-01-12T15,SE,Southeast,TI,Total interchange,1459,megawatthours,2026-01-12 15:00:00,1459.0
2026-01-12T14,SE,Southeast,D,Demand,37683,megawatthours,2026-01-12 14:00:00,37683.0
2026-01-12T14,SE,Southeast,DF,Day-ahead demand forecast,35718,megawatthours,2026-01-12 14:00:00,35718.0
2026-01-12T14,SE,Southeast,NG,Net generation,39242,megawatthours,2026-01-12 14:00:00,39242.0
2026-01-12T14,SE,Southeast,TI,Total interchange,1563,megawatthours,2026-01-12 14:00:00,1563.0
2026-01-12T13,SE,Southeast,D,Demand,37301,megawatthours,2026-01-12 13:00:00,37301.0
2026-01-12T13,SE,Southeast,DF,Day-ahead demand forecast,35780,megawatthours,2026-01-12 13:00:00,35780.0
2026-01-12T13,SE,Southeast,NG,Net generation,38923,megawatthours,2026-01-12 13:00:00,38923.0
2026-01-12T13,SE,Southeast,TI,Total interchange,1628,megawatthours,2026-01-12 13:00:00,1628.0
2026-01-12T12,SE,Southeast,D,Demand,35139,megawatthours,2026-01-12 12:00:00,35139.0
2026-01-12T12,SE,Southeast,DF,Day-ahead demand forecast,33979,megawatthours,2026-01-12 12:00:00,33979.0
2026-01-12T12,SE,Southeast,NG,Net generation,36701,megawatthours,2026-01-12 12:00:00,36701.0
2026-01-12T12,SE,Southeast,TI,Total interchange,1567,megawatthours,2026-01-12 12:00:00,1567.0
2026-01-12T11,SE,Southeast,D,Demand,32216,megawatthours,2026-01-12 11:00:00,32216.0
2026-01-12T11,SE,Southeast,DF,Day-ahead demand forecast,31309,megawatthours,2026-01-12 11:00:00,31309.0
2026-01-12T11,SE,Southeast,NG,Net generation,33557,megawatthours,2026-01-12 11:00:00,33557.0
2026-01-12T11,SE,Southeast,TI,Total interchange,1345,megawatthours,2026-01-12 11:00:00,1345.0
2026-01-12T10,SE,Southeast,D,Demand,30082,megawatthours,2026-01-12 10:00:00,30082.0
2026-01-12T10,SE,Southeast,DF,Day-ahead demand forecast,29599,megawatthours,2026-01-12 10:00:00,29599.0
2026-01-12T10,SE,Southeast,NG,Net generation,30865,megawatthours,2026-01-12 10:00:00,30865.0
2026-01-12T10,SE,Southeast,TI,Total interchange,787,megawatthours,2026-01-12 10:00:00,787.0
2026-01-12T09,SE,Southeast,D,Demand,28986,megawatthours,2026-01-12 09:00:00,28986.0
2026-01-12T09,SE,Southeast,DF,Day-ahead demand forecast,28634,megawatthours,2026-01-12 09:00:00,28634.0
2026-01-12T09,SE,Southeast,NG,Net generation,29997,megawatthours,2026-01-12 09:00:00,29997.0
2026-01-12T09,SE,Southeast,TI,Total interchange,819,megawatthours,2026-01-12 09:00:00,819.0
2026-01-12T08,SE,Southeast,D,Demand,28302,megawatthours,2026-01-12 08:00:00,28302.0
2026-01-12T08,SE,Southeast,DF,Day-ahead demand forecast,28067,megawatthours,2026-01-12 08:00:00,28067.0
2026-01-12T08,SE,Southeast,NG,Net generation,29297,megawatthours,2026-01-12 08:00:00,29297.0
2026-01-12T08,SE,Southeast,TI,Total interchange,797,megawatthours,2026-01-12 08:00:00,797.0
2026-01-12T07,SE,Southeast,D,Demand,28185,megawatthours,2026-01-12 07:00:00,28185.0
2026-01-12T07,SE,Southeast,DF,Day-ahead demand forecast,27873,megawatthours,2026-01-12 07:00:00,27873.0
2026-01-12T07,SE,Southeast,NG,Net generation,29208,megawatthours,2026-01-12 07:00:00,29208.0
2026-01-12T07,SE,Southeast,TI,Total interchange,828,megawatthours,2026-01-12 07:00:00,828.0
2026-01-12T06,SE,Southeast,D,Demand,28028,megawatthours,2026-01-12 06:00:00,28028.0
2026-01-12T06,SE,Southeast,DF,Day-ahead demand forecast,27765,megawatthours,2026-01-12 06:00:00,27765.0
2026-01-12T06,SE,Southeast,NG,Net generation,29642,megawatthours,2026-01-12 06:00:00,29642.0
2026-01-12T06,SE,Southeast,TI,Total interchange,1419,megawatthours,2026-01-12 06:00:00,1419.0
2026-01-12T05,SE,Southeast,D,Demand,28475,megawatthours,2026-01-12 05:00:00,28475.0
2026-01-12T05,SE,Southeast,DF,Day-ahead demand forecast,28430,megawatthours,2026-01-12 05:00:00,28430.0
2026-01-12T05,SE,Southeast,NG,Net generation,30223,megawatthours,2026-01-12 05:00:00,30223.0
2026-01-12T05,SE,Southeast,TI,Total interchange,1699,megawatthours,2026-01-12 05:00:00,1699.0
2026-01-12T04,SE,Southeast,D,Demand,29176,megawatthours,2026-01-12 04:00:00,29176.0
2026-01-12T04,SE,Southeast,DF,Day-ahead demand forecast,29148,megawatthours,2026-01-12 04:00:00,29148.0
2026-01-12T04,SE,Southeast,NG,Net generation,30949,megawatthours,2026-01-12 04:00:00,30949.0
2026-01-12T04,SE,Southeast,TI,Total interchange,1728,megawatthours,2026-01-12 04:00:00,1728.0
2026-01-12T03,SE,Southeast,D,Demand,29935,megawatthours,2026-01-12 03:00:00,29935.0
2026-01-12T03,SE,Southeast,DF,Day-ahead demand forecast,29818,megawatthours,2026-01-12 03:00:00,29818.0
2026-01-12T03,SE,Southeast,NG,Net generation,31814,megawatthours,2026-01-12 03:00:00,31814.0
2026-01-12T03,SE,Southeast,TI,Total interchange,1841,megawatthours,2026-01-12 03:00:00,1841.0
2026-01-12T02,SE,Southeast,D,Demand,30138,megawatthours,2026-01-12 02:00:00,30138.0
2026-01-12T02,SE,Southeast,DF,Day-ahead demand forecast,29997,megawatthours,2026-01-12 02:00:00,29997.0
2026-01-12T02,SE,Southeast,NG,Net generation,31818,megawatthours,2026-01-12 02:00:00,31818.0
2026-01-12T02,SE,Southeast,TI,Total interchange,1677,megawatthours,2026-01-12 02:00:00,1677.0
2026-01-12T01,SE,Southeast,D,Demand,29747,megawatthours,2026-01-12 01:00:00,29747.0
2026-01-12T01,SE,Southeast,DF,Day-ahead demand forecast,29594,megawatthours,2026-01-12 01:00:00,29594.0
2026-01-12T01,SE,Southeast,NG,Net generation,31334,megawatthours,2026-01-12 01:00:00,31334.0
2026-01-12T01,SE,Southeast,TI,Total interchange,1586,megawatthours,2026-01-12 01:00:00,1586.0
2026-01-12T00,SE,Southeast,D,Demand,28879,megawatthours,2026-01-12 00:00:00,28879.0
2026-01-12T00,SE,Southeast,DF,Day-ahead demand forecast,28768,megawatthours,2026-01-12 00:00:00,28768.0
2026-01-12T00,SE,Southeast,NG,Net generation,30530,megawatthours,2026-01-12 00:00:00,30530.0
2026-01-12T00,SE,Southeast,TI,Total interchange,1653,megawatthours,2026-01-12 00:00:00,1653.0
2026-01-11T23,SE,Southeast,D,Demand,26419,megawatthours,2026-01-11 23:00:00,26419.0
2026-01-11T23,SE,Southeast,DF,Day-ahead demand forecast,26492,megawatthours,2026-01-11 23:00:00,26492.0
2026-01-11T23,SE,Southeast,NG,Net generation,28169,megawatthours,2026-01-11 23:00:00,28169.0
2026-01-11T23,SE,Southeast,TI,Total interchange,1748,megawatthours,2026-01-11 23:00:00,1748.0
2026-01-11T22,SE,Southeast,D,Demand,23771,megawatthours,2026-01-11 22:00:00,23771.0
2026-01-11T22,SE,Southeast,DF,Day-ahead demand forecast,24981,megawatthours,2026-01-11 22:00:00,24981.0
2026-01-11T22,SE,Southeast,NG,Net generation,25170,megawatthours,2026-01-11 22:00:00,25170.0
2026-01-11T22,SE,Southeast,TI,Total interchange,1397,megawatthours,2026-01-11 22:00:00,1397.0
2026-01-11T21,SE,Southeast,D,Demand,22273,megawatthours,2026-01-11 21:00:00,22273.0
2026-01-11T21,SE,Southeast,DF,Day-ahead demand forecast,24373,megawatthours,2026-01-11 21:00:00,24373.0
2026-01-11T21,SE,Southeast,NG,Net generation,23438,megawatthours,2026-01-11 21:00:00,23438.0
2026-01-11T21,SE,Southeast,TI,Total interchange,1164,megawatthours,2026-01-11 21:00:00,1164.0
2026-01-11T20,SE,Southeast,D,Demand,21960,megawatthours,2026-01-11 20:00:00,21960.0
2026-01-11T20,SE,Southeast,DF,Day-ahead demand forecast,24347,megawatthours,2026-01-11 20:00:00,24347.0
2026-01-11T20,SE,Southeast,NG,Net generation,23216,megawatthours,2026-01-11 20:00:00,23216.0
2026-01-11T20,SE,Southeast,TI,Total interchange,1257,megawatthours,2026-01-11 20:00:00,1257.0
2026-01-11T19,SE,Southeast,D,Demand,22260,megawatthours,2026-01-11 19:00:00,22260.0
2026-01-11T19,SE,Southeast,DF,Day-ahead demand forecast,24464,megawatthours,2026-01-11 19:00:00,24464.0
2026-01-11T19,SE,Southeast,NG,Net generation,23254,megawatthours,2026-01-11 19:00:00,23254.0
2026-01-11T19,SE,Southeast,TI,Total interchange,993,megawatthours,2026-01-11 19:00:00,993.0
2026-01-11T18,SE,Southeast,D,Demand,22162,megawatthours,2026-01-11 18:00:00,22162.0
2026-01-11T18,SE,Southeast,DF,Day-ahead demand forecast,24423,megawatthours,2026-01-11 18:00:00,24423.0
2026-01-11T18,SE,Southeast,NG,Net generation,23200,megawatthours,2026-01-11 18:00:00,23200.0
2026-01-11T18,SE,Southeast,TI,Total interchange,1034,megawatthours,2026-01-11 18:00:00,1034.0
2026-01-11T17,SE,Southeast,D,Demand,22374,megawatthours,2026-01-11 17:00:00,22374.0
2026-01-11T17,SE,Southeast,DF,Day-ahead demand forecast,24602,megawatthours,2026-01-11 17:00:00,24602.0
2026-01-11T17,SE,Southeast,NG,Net generation,23167,megawatthours,2026-01-11 17:00:00,23167.0
2026-01-11T17,SE,Southeast,TI,Total interchange,793,megawatthours,2026-01-11 17:00:00,793.0
2026-01-11T16,SE,Southeast,D,Demand,22733,megawatthours,2026-01-11 16:00:00,22733.0
2026-01-11T16,SE,Southeast,DF,Day-ahead demand forecast,24884,megawatthours,2026-01-11 16:00:00,24884.0
2026-01-11T16,SE,Southeast,NG,Net generation,23521,megawatthours,2026-01-11 16:00:00,23521.0
2026-01-11T16,SE,Southeast,TI,Total interchange,788,megawatthours,2026-01-11 16:00:00,788.0
2026-01-11T15,SE,Southeast,D,Demand,23229,megawatthours,2026-01-11 15:00:00,23229.0
2026-01-11T15,SE,Southeast,DF,Day-ahead demand forecast,24874,megawatthours,2026-01-11 15:00:00,24874.0
2026-01-11T15,SE,Southeast,NG,Net generation,23913,megawatthours,2026-01-11 15:00:00,23913.0
2026-01-11T15,SE,Southeast,TI,Total interchange,682,megawatthours,2026-01-11 15:00:00,682.0
2026-01-11T14,SE,Southeast,D,Demand,23531,megawatthours,2026-01-11 14:00:00,23531.0
2026-01-11T14,SE,Southeast,DF,Day-ahead demand forecast,24018,megawatthours,2026-01-11 14:00:00,24018.0
2026-01-11T14,SE,Southeast,NG,Net generation,24027,megawatthours,2026-01-11 14:00:00,24027.0
2026-01-11T14,SE,Southeast,TI,Total interchange,495,megawatthours,2026-01-11 14:00:00,495.0
2026-01-11T13,SE,Southeast,D,Demand,22581,megawatthours,2026-01-11 13:00:00,22581.0
2026-01-11T13,SE,Southeast,DF,Day-ahead demand forecast,22566,megawatthours,2026-01-11 13:00:00,22566.0
2026-01-11T13,SE,Southeast,NG,Net generation,23023,megawatthours,2026-01-11 13:00:00,23023.0
2026-01-11T13,SE,Southeast,TI,Total interchange,442,megawatthours,2026-01-11 13:00:00,442.0
2026-01-11T12,SE,Southeast,D,Demand,21272,megawatthours,2026-01-11 12:00:00,21272.0
2026-01-11T12,SE,Southeast,DF,Day-ahead demand forecast,21175,megawatthours,2026-01-11 12:00:00,21175.0
2026-01-11T12,SE,Southeast,NG,Net generation,21473,megawatthours,2026-01-11 12:00:00,21473.0
2026-01-11T12,SE,Southeast,TI,Total interchange,200,megawatthours,2026-01-11 12:00:00,200.0
2026-01-11T11,SE,Southeast,D,Demand,20440,megawatthours,2026-01-11 11:00:00,20440.0
2026-01-11T11,SE,Southeast,DF,Day-ahead demand forecast,20372,megawatthours,2026-01-11 11:00:00,20372.0
2026-01-11T11,SE,Southeast,NG,Net generation,20448,megawatthours,2026-01-11 11:00:00,20448.0
2026-01-11T11,SE,Southeast,TI,Total interchange,-141,megawatthours,2026-01-11 11:00:00,-141.0
2026-01-11T10,SE,Southeast,D,Demand,19790,megawatthours,2026-01-11 10:00:00,19790.0
2026-01-11T10,SE,Southeast,DF,Day-ahead demand forecast,19769,megawatthours,2026-01-11 10:00:00,19769.0
2026-01-11T10,SE,Southeast,NG,Net generation,19837,megawatthours,2026-01-11 10:00:00,19837.0
2026-01-11T10,SE,Southeast,TI,Total interchange,-148,megawatthours,2026-01-11 10:00:00,-148.0
2026-01-11T09,SE,Southeast,D,Demand,19534,megawatthours,2026-01-11 09:00:00,19534.0
2026-01-11T09,SE,Southeast,DF,Day-ahead demand forecast,19558,megawatthours,2026-01-11 09:00:00,19558.0
2026-01-11T09,SE,Southeast,NG,Net generation,19587,megawatthours,2026-01-11 09:00:00,19587.0
2026-01-11T09,SE,Southeast,TI,Total interchange,-144,megawatthours,2026-01-11 09:00:00,-144.0
2026-01-11T08,SE,Southeast,D,Demand,19613,megawatthours,2026-01-11 08:00:00,19613.0
2026-01-11T08,SE,Southeast,DF,Day-ahead demand forecast,19627,megawatthours,2026-01-11 08:00:00,19627.0
2026-01-11T08,SE,Southeast,NG,Net generation,19829,megawatthours,2026-01-11 08:00:00,19829.0
2026-01-11T08,SE,Southeast,TI,Total interchange,18,megawatthours,2026-01-11 08:00:00,18.0
2026-01-11T07,SE,Southeast,D,Demand,20004,megawatthours,2026-01-11 07:00:00,20004.0
2026-01-11T07,SE,Southeast,DF,Day-ahead demand forecast,20003,megawatthours,2026-01-11 07:00:00,20003.0
2026-01-11T07,SE,Southeast,NG,Net generation,20190,megawatthours,2026-01-11 07:00:00,20190.0
2026-01-11T07,SE,Southeast,TI,Total interchange,-11,megawatthours,2026-01-11 07:00:00,-11.0
2026-01-11T06,SE,Southeast,D,Demand,20790,megawatthours,2026-01-11 06:00:00,20790.0
2026-01-11T06,SE,Southeast,DF,Day-ahead demand forecast,20644,megawatthours,2026-01-11 06:00:00,20644.0
2026-01-11T06,SE,Southeast,NG,Net generation,21177,megawatthours,2026-01-11 06:00:00,21177.0
2026-01-11T06,SE,Southeast,TI,Total interchange,191,megawatthours,2026-01-11 06:00:00,191.0
2026-01-11T05,SE,Southeast,D,Demand,21684,megawatthours,2026-01-11 05:00:00,21684.0
2026-01-11T05,SE,Southeast,DF,Day-ahead demand forecast,21502,megawatthours,2026-01-11 05:00:00,21502.0
2026-01-11T05,SE,Southeast,NG,Net generation,22065,megawatthours,2026-01-11 05:00:00,22065.0
2026-01-11T05,SE,Southeast,TI,Total interchange,182,megawatthours,2026-01-11 05:00:00,182.0
2026-01-11T04,SE,Southeast,D,Demand,22547,megawatthours,2026-01-11 04:00:00,22547.0
2026-01-11T04,SE,Southeast,DF,Day-ahead demand forecast,22365,megawatthours,2026-01-11 04:00:00,22365.0
2026-01-11T04,SE,Southeast,NG,Net generation,23203,megawatthours,2026-01-11 04:00:00,23203.0
2026-01-11T04,SE,Southeast,TI,Total interchange,462,megawatthours,2026-01-11 04:00:00,462.0
2026-01-11T03,SE,Southeast,D,Demand,23324,megawatthours,2026-01-11 03:00:00,23324.0
2026-01-11T03,SE,Southeast,DF,Day-ahead demand forecast,23141,megawatthours,2026-01-11 03:00:00,23141.0
2026-01-11T03,SE,Southeast,NG,Net generation,24115,megawatthours,2026-01-11 03:00:00,24115.0
2026-01-11T03,SE,Southeast,TI,Total interchange,596,megawatthours,2026-01-11 03:00:00,596.0
2026-01-11T02,SE,Southeast,D,Demand,24024,megawatthours,2026-01-11 02:00:00,24024.0
2026-01-11T02,SE,Southeast,DF,Day-ahead demand forecast,23797,megawatthours,2026-01-11 02:00:00,23797.0
2026-01-11T02,SE,Southeast,NG,Net generation,24583,megawatthours,2026-01-11 02:00:00,24583.0
2026-01-11T02,SE,Southeast,TI,Total interchange,521,megawatthours,2026-01-11 02:00:00,521.0
2026-01-11T01,SE,Southeast,D,Demand,24506,megawatthours,2026-01-11 01:00:00,24506.0
2026-01-11T01,SE,Southeast,DF,Day-ahead demand forecast,24293,megawatthours,2026-01-11 01:00:00,24293.0
2026-01-11T01,SE,Southeast,NG,Net generation,25304,megawatthours,2026-01-11 01:00:00,25304.0
2026-01-11T01,SE,Southeast,TI,Total interchange,796,megawatthours,2026-01-11 01:00:00,796.0
2026-01-11T00,SE,Southeast,D,Demand,24735,megawatthours,2026-01-11 00:00:00,24735.0
2026-01-11T00,SE,Southeast,DF,Day-ahead demand forecast,24514,megawatthours,2026-01-11 00:00:00,24514.0
2026-01-11T00,SE,Southeast,NG,Net generation,25401,megawatthours,2026-01-11 00:00:00,25401.0
2026-01-11T00,SE,Southeast,TI,Total interchange,668,megawatthours,2026-01-11 00:00:00,668.0
2026-01-10T23,SE,Southeast,D,Demand,24151,megawatthours,2026-01-10 23:00:00,24151.0
2026-01-10T23,SE,Southeast,DF,Day-ahead demand forecast,23921,megawatthours,2026-01-10 23:00:00,23921.0
2026-01-10T23,SE,Southeast,NG,Net generation,24804,megawatthours,2026-01-10 23:00:00,24804.0
2026-01-10T23,SE,Southeast,TI,Total interchange,658,megawatthours,2026-01-10 23:00:00,658.0
2026-01-10T22,SE,Southeast,D,Demand,23842,megawatthours,2026-01-10 22:00:00,23842.0
2026-01-10T22,SE,Southeast,DF,Day-ahead demand forecast,23641,megawatthours,2026-01-10 22:00:00,23641.0
2026-01-10T22,SE,Southeast,NG,Net generation,24449,megawatthours,2026-01-10 22:00:00,24449.0
2026-01-10T22,SE,Southeast,TI,Total interchange,609,megawatthours,2026-01-10 22:00:00,609.0
2026-01-10T21,SE,Southeast,D,Demand,23835,megawatthours,2026-01-10 21:00:00,23835.0
2026-01-10T21,SE,Southeast,DF,Day-ahead demand forecast,23620,megawatthours,2026-01-10 21:00:00,23620.0
2026-01-10T21,SE,Southeast,NG,Net generation,24289,megawatthours,2026-01-10 21:00:00,24289.0
2026-01-10T21,SE,Southeast,TI,Total interchange,452,megawatthours,2026-01-10 21:00:00,452.0
2026-01-10T20,SE,Southeast,D,Demand,23960,megawatthours,2026-01-10 20:00:00,23960.0
2026-01-10T20,SE,Southeast,DF,Day-ahead demand forecast,23738,megawatthours,2026-01-10 20:00:00,23738.0
2026-01-10T20,SE,Southeast,NG,Net generation,24554,megawatthours,2026-01-10 20:00:00,24554.0
2026-01-10T20,SE,Southeast,TI,Total interchange,590,megawatthours,2026-01-10 20:00:00,590.0
2026-01-10T19,SE,Southeast,D,Demand,24062,megawatthours,2026-01-10 19:00:00,24062.0
2026-01-10T19,SE,Southeast,DF,Day-ahead demand forecast,23830,megawatthours,2026-01-10 19:00:00,23830.0
2026-01-10T19,SE,Southeast,NG,Net generation,24745,megawatthours,2026-01-10 19:00:00,24745.0
2026-01-10T19,SE,Southeast,TI,Total interchange,679,megawatthours,2026-01-10 19:00:00,679.0
2026-01-10T18,SE,Southeast,D,Demand,24140,megawatthours,2026-01-10 18:00:00,24140.0
2026-01-10T18,SE,Southeast,DF,Day-ahead demand forecast,23863,megawatthours,2026-01-10 18:00:00,23863.0
2026-01-10T18,SE,Southeast,NG,Net generation,25160,megawatthours,2026-01-10 18:00:00,25160.0
2026-01-10T18,SE,Southeast,TI,Total interchange,1019,megawatthours,2026-01-10 18:00:00,1019.0
2026-01-10T17,SE,Southeast,D,Demand,23915,megawatthours,2026-01-10 17:00:00,23915.0
2026-01-10T17,SE,Southeast,DF,Day-ahead demand forecast,23649,megawatthours,2026-01-10 17:00:00,23649.0
2026-01-10T17,SE,Southeast,NG,Net generation,25066,megawatthours,2026-01-10 17:00:00,25066.0
2026-01-10T17,SE,Southeast,TI,Total interchange,1148,megawatthours,2026-01-10 17:00:00,1148.0
2026-01-10T16,SE,Southeast,D,Demand,23367,megawatthours,2026-01-10 16:00:00,23367.0
2026-01-10T16,SE,Southeast,DF,Day-ahead demand forecast,23112,megawatthours,2026-01-10 16:00:00,23112.0
2026-01-10T16,SE,Southeast,NG,Net generation,24351,megawatthours,2026-01-10 16:00:00,24351.0
2026-01-10T16,SE,Southeast,TI,Total interchange,982,megawatthours,2026-01-10 16:00:00,982.0
2026-01-10T15,SE,Southeast,D,Demand,22450,megawatthours,2026-01-10 15:00:00,22450.0
2026-01-10T15,SE,Southeast,DF,Day-ahead demand forecast,22217,megawatthours,2026-01-10 15:00:00,22217.0
2026-01-10T15,SE,Southeast,NG,Net generation,23164,megawatthours,2026-01-10 15:00:00,23164.0
2026-01-10T15,SE,Southeast,TI,Total interchange,710,megawatthours,2026-01-10 15:00:00,710.0
2026-01-10T14,SE,Southeast,D,Demand,21410,megawatthours,2026-01-10 14:00:00,21410.0
2026-01-10T14,SE,Southeast,DF,Day-ahead demand forecast,21164,megawatthours,2026-01-10 14:00:00,21164.0
2026-01-10T14,SE,Southeast,NG,Net generation,21827,megawatthours,2026-01-10 14:00:00,21827.0
2026-01-10T14,SE,Southeast,TI,Total interchange,425,megawatthours,2026-01-10 14:00:00,425.0
2026-01-10T13,SE,Southeast,D,Demand,20644,megawatthours,2026-01-10 13:00:00,20644.0
2026-01-10T13,SE,Southeast,DF,Day-ahead demand forecast,20456,megawatthours,2026-01-10 13:00:00,20456.0
2026-01-10T13,SE,Southeast,NG,Net generation,21243,megawatthours,2026-01-10 13:00:00,21243.0
2026-01-10T13,SE,Southeast,TI,Total interchange,598,megawatthours,2026-01-10 13:00:00,598.0
2026-01-10T12,SE,Southeast,D,Demand,20062,megawatthours,2026-01-10 12:00:00,20062.0
2026-01-10T12,SE,Southeast,DF,Day-ahead demand forecast,19842,megawatthours,2026-01-10 12:00:00,19842.0
2026-01-10T12,SE,Southeast,NG,Net generation,20504,megawatthours,2026-01-10 12:00:00,20504.0
2026-01-10T12,SE,Southeast,TI,Total interchange,438,megawatthours,2026-01-10 12:00:00,438.0
2026-01-10T11,SE,Southeast,D,Demand,19597,megawatthours,2026-01-10 11:00:00,19597.0
2026-01-10T11,SE,Southeast,DF,Day-ahead demand forecast,19411,megawatthours,2026-01-10 11:00:00,19411.0
2026-01-10T11,SE,Southeast,NG,Net generation,20099,megawatthours,2026-01-10 11:00:00,20099.0
2026-01-10T11,SE,Southeast,TI,Total interchange,306,megawatthours,2026-01-10 11:00:00,306.0
2026-01-10T10,SE,Southeast,D,Demand,19395,megawatthours,2026-01-10 10:00:00,19395.0
2026-01-10T10,SE,Southeast,DF,Day-ahead demand forecast,19165,megawatthours,2026-01-10 10:00:00,19165.0
2026-01-10T10,SE,Southeast,NG,Net generation,19901,megawatthours,2026-01-10 10:00:00,19901.0
2026-01-10T10,SE,Southeast,TI,Total interchange,310,megawatthours,2026-01-10 10:00:00,310.0
2026-01-10T09,SE,Southeast,D,Demand,19441,megawatthours,2026-01-10 09:00:00,19441.0
2026-01-10T09,SE,Southeast,DF,Day-ahead demand forecast,19226,megawatthours,2026-01-10 09:00:00,19226.0
2026-01-10T09,SE,Southeast,NG,Net generation,19808,megawatthours,2026-01-10 09:00:00,19808.0
2026-01-10T09,SE,Southeast,TI,Total interchange,170,megawatthours,2026-01-10 09:00:00,170.0
2026-01-10T08,SE,Southeast,D,Demand,19841,megawatthours,2026-01-10 08:00:00,19841.0
2026-01-10T08,SE,Southeast,DF,Day-ahead demand forecast,19654,megawatthours,2026-01-10 08:00:00,19654.0
2026-01-10T08,SE,Southeast,NG,Net generation,20185,megawatthours,2026-01-10 08:00:00,20185.0
2026-01-10T08,SE,Southeast,TI,Total interchange,146,megawatthours,2026-01-10 08:00:00,146.0
2026-01-10T07,SE,Southeast,D,Demand,20314,megawatthours,2026-01-10 07:00:00,20314.0
2026-01-10T07,SE,Southeast,DF,Day-ahead demand forecast,20132,megawatthours,2026-01-10 07:00:00,20132.0
2026-01-10T07,SE,Southeast,NG,Net generation,20581,megawatthours,2026-01-10 07:00:00,20581.0
2026-01-10T07,SE,Southeast,TI,Total interchange,72,megawatthours,2026-01-10 07:00:00,72.0
2026-01-10T06,SE,Southeast,D,Demand,21185,megawatthours,2026-01-10 06:00:00,21185.0
2026-01-10T06,SE,Southeast,DF,Day-ahead demand forecast,20963,megawatthours,2026-01-10 06:00:00,20963.0
2026-01-10T06,SE,Southeast,NG,Net generation,21834,megawatthours,2026-01-10 06:00:00,21834.0
2026-01-10T06,SE,Southeast,TI,Total interchange,451,megawatthours,2026-01-10 06:00:00,451.0
2026-01-10T05,SE,Southeast,D,Demand,22259,megawatthours,2026-01-10 05:00:00,22259.0
2026-01-10T05,SE,Southeast,DF,Day-ahead demand forecast,22033,megawatthours,2026-01-10 05:00:00,22033.0
2026-01-10T05,SE,Southeast,NG,Net generation,22994,megawatthours,2026-01-10 05:00:00,22994.0
2026-01-10T05,SE,Southeast,TI,Total interchange,540,megawatthours,2026-01-10 05:00:00,540.0
2026-01-10T04,SE,Southeast,D,Demand,23279,megawatthours,2026-01-10 04:00:00,23279.0
2026-01-10T04,SE,Southeast,DF,Day-ahead demand forecast,23040,megawatthours,2026-01-10 04:00:00,23040.0
2026-01-10T04,SE,Southeast,NG,Net generation,24168,megawatthours,2026-01-10 04:00:00,24168.0
2026-01-10T04,SE,Southeast,TI,Total interchange,728,megawatthours,2026-01-10 04:00:00,728.0
2026-01-10T03,SE,Southeast,D,Demand,24063,megawatthours,2026-01-10 03:00:00,24063.0
2026-01-10T03,SE,Southeast,DF,Day-ahead demand forecast,23792,megawatthours,2026-01-10 03:00:00,23792.0
2026-01-10T03,SE,Southeast,NG,Net generation,25003,megawatthours,2026-01-10 03:00:00,25003.0
2026-01-10T03,SE,Southeast,TI,Total interchange,940,megawatthours,2026-01-10 03:00:00,940.0
2026-01-10T02,SE,Southeast,D,Demand,24798,megawatthours,2026-01-10 02:00:00,24798.0
2026-01-10T02,SE,Southeast,DF,Day-ahead demand forecast,24551,megawatthours,2026-01-10 02:00:00,24551.0
2026-01-10T02,SE,Southeast,NG,Net generation,25878,megawatthours,2026-01-10 02:00:00,25878.0
2026-01-10T02,SE,Southeast,TI,Total interchange,1080,megawatthours,2026-01-10 02:00:00,1080.0
2026-01-10T01,SE,Southeast,D,Demand,25339,megawatthours,2026-01-10 01:00:00,25339.0
2026-01-10T01,SE,Southeast,DF,Day-ahead demand forecast,25149,megawatthours,2026-01-10 01:00:00,25149.0
2026-01-10T01,SE,Southeast,NG,Net generation,26613,megawatthours,2026-01-10 01:00:00,26613.0
2026-01-10T01,SE,Southeast,TI,Total interchange,1270,megawatthours,2026-01-10 01:00:00,1270.0
2026-01-10T00,SE,Southeast,D,Demand,25663,megawatthours,2026-01-10 00:00:00,25663.0
2026-01-10T00,SE,Southeast,DF,Day-ahead demand forecast,25477,megawatthours,2026-01-10 00:00:00,25477.0
2026-01-10T00,SE,Southeast,NG,Net generation,26791,megawatthours,2026-01-10 00:00:00,26791.0
2026-01-10T00,SE,Southeast,TI,Total interchange,1129,megawatthours,2026-01-10 00:00:00,1129.0
2026-01-09T23,SE,Southeast,D,Demand,25334,megawatthours,2026-01-09 23:00:00,25334.0
2026-01-09T23,SE,Southeast,DF,Day-ahead demand forecast,25059,megawatthours,2026-01-09 23:00:00,25059.0
2026-01-09T23,SE,Southeast,NG,Net generation,26342,megawatthours,2026-01-09 23:00:00,26342.0
2026-01-09T23,SE,Southeast,TI,Total interchange,1008,megawatthours,2026-01-09 23:00:00,1008.0
2026-01-09T22,SE,Southeast,D,Demand,24996,megawatthours,2026-01-09 22:00:00,24996.0
2026-01-09T22,SE,Southeast,DF,Day-ahead demand forecast,24698,megawatthours,2026-01-09 22:00:00,24698.0
2026-01-09T22,SE,Southeast,NG,Net generation,25829,megawatthours,2026-01-09 22:00:00,25829.0
2026-01-09T22,SE,Southeast,TI,Total interchange,831,megawatthours,2026-01-09 22:00:00,831.0
2026-01-09T21,SE,Southeast,D,Demand,25051,megawatthours,2026-01-09 21:00:00,25051.0
2026-01-09T21,SE,Southeast,DF,Day-ahead demand forecast,24747,megawatthours,2026-01-09 21:00:00,24747.0
2026-01-09T21,SE,Southeast,NG,Net generation,25948,megawatthours,2026-01-09 21:00:00,25948.0
2026-01-09T21,SE,Southeast,TI,Total interchange,895,megawatthours,2026-01-09 21:00:00,895.0
2026-01-09T20,SE,Southeast,D,Demand,25250,megawatthours,2026-01-09 20:00:00,25250.0
2026-01-09T20,SE,Southeast,DF,Day-ahead demand forecast,24944,megawatthours,2026-01-09 20:00:00,24944.0
2026-01-09T20,SE,Southeast,NG,Net generation,26216,megawatthours,2026-01-09 20:00:00,26216.0
2026-01-09T20,SE,Southeast,TI,Total interchange,964,megawatthours,2026-01-09 20:00:00,964.0
2026-01-09T19,SE,Southeast,D,Demand,25277,megawatthours,2026-01-09 19:00:00,25277.0
2026-01-09T19,SE,Southeast,DF,Day-ahead demand forecast,24955,megawatthours,2026-01-09 19:00:00,24955.0
2026-01-09T19,SE,Southeast,NG,Net generation,26309,megawatthours,2026-01-09 19:00:00,26309.0
2026-01-09T19,SE,Southeast,TI,Total interchange,1029,megawatthours,2026-01-09 19:00:00,1029.0
2026-01-09T18,SE,Southeast,D,Demand,25076,megawatthours,2026-01-09 18:00:00,25076.0
2026-01-09T18,SE,Southeast,DF,Day-ahead demand forecast,24806,megawatthours,2026-01-09 18:00:00,24806.0
2026-01-09T18,SE,Southeast,NG,Net generation,26162,megawatthours,2026-01-09 18:00:00,26162.0
2026-01-09T18,SE,Southeast,TI,Total interchange,1084,megawatthours,2026-01-09 18:00:00,1084.0
2026-01-09T17,SE,Southeast,D,Demand,25003,megawatthours,2026-01-09 17:00:00,25003.0
2026-01-09T17,SE,Southeast,DF,Day-ahead demand forecast,24710,megawatthours,2026-01-09 17:00:00,24710.0
2026-01-09T17,SE,Southeast,NG,Net generation,26147,megawatthours,2026-01-09 17:00:00,26147.0
2026-01-09T17,SE,Southeast,TI,Total interchange,1146,megawatthours,2026-01-09 17:00:00,1146.0
2026-01-09T16,SE,Southeast,D,Demand,24729,megawatthours,2026-01-09 16:00:00,24729.0
2026-01-09T16,SE,Southeast,DF,Day-ahead demand forecast,24482,megawatthours,2026-01-09 16:00:00,24482.0
2026-01-09T16,SE,Southeast,NG,Net generation,26033,megawatthours,2026-01-09 16:00:00,26033.0
2026-01-09T16,SE,Southeast,TI,Total interchange,1304,megawatthours,2026-01-09 16:00:00,1304.0
2026-01-09T15,SE,Southeast,D,Demand,24517,megawatthours,2026-01-09 15:00:00,24517.0
2026-01-09T15,SE,Southeast,DF,Day-ahead demand forecast,24310,megawatthours,2026-01-09 15:00:00,24310.0
2026-01-09T15,SE,Southeast,NG,Net generation,26016,megawatthours,2026-01-09 15:00:00,26016.0
2026-01-09T15,SE,Southeast,TI,Total interchange,1501,megawatthours,2026-01-09 15:00:00,1501.0
2026-01-09T14,SE,Southeast,D,Demand,24083,megawatthours,2026-01-09 14:00:00,24083.0
2026-01-09T14,SE,Southeast,DF,Day-ahead demand forecast,23834,megawatthours,2026-01-09 14:00:00,23834.0
2026-01-09T14,SE,Southeast,NG,Net generation,25654,megawatthours,2026-01-09 14:00:00,25654.0
2026-01-09T14,SE,Southeast,TI,Total interchange,1573,megawatthours,2026-01-09 14:00:00,1573.0
2026-01-09T13,SE,Southeast,D,Demand,23784,megawatthours,2026-01-09 13:00:00,23784.0
2026-01-09T13,SE,Southeast,DF,Day-ahead demand forecast,23566,megawatthours,2026-01-09 13:00:00,23566.0
2026-01-09T13,SE,Southeast,NG,Net generation,25448,megawatthours,2026-01-09 13:00:00,25448.0
2026-01-09T13,SE,Southeast,TI,Total interchange,1665,megawatthours,2026-01-09 13:00:00,1665.0
2026-01-09T12,SE,Southeast,D,Demand,22669,megawatthours,2026-01-09 12:00:00,22669.0
2026-01-09T12,SE,Southeast,DF,Day-ahead demand forecast,22327,megawatthours,2026-01-09 12:00:00,22327.0
2026-01-09T12,SE,Southeast,NG,Net generation,24247,megawatthours,2026-01-09 12:00:00,24247.0
2026-01-09T12,SE,Southeast,TI,Total interchange,1579,megawatthours,2026-01-09 12:00:00,1579.0
2026-01-09T11,SE,Southeast,D,Demand,21098,megawatthours,2026-01-09 11:00:00,21098.0
2026-01-09T11,SE,Southeast,DF,Day-ahead demand forecast,20851,megawatthours,2026-01-09 11:00:00,20851.0
2026-01-09T11,SE,Southeast,NG,Net generation,22572,megawatthours,2026-01-09 11:00:00,22572.0
2026-01-09T11,SE,Southeast,TI,Total interchange,1471,megawatthours,2026-01-09 11:00:00,1471.0
2026-01-09T10,SE,Southeast,D,Demand,20216,megawatthours,2026-01-09 10:00:00,20216.0
2026-01-09T10,SE,Southeast,DF,Day-ahead demand forecast,19962,megawatthours,2026-01-09 10:00:00,19962.0
2026-01-09T10,SE,Southeast,NG,Net generation,21020,megawatthours,2026-01-09 10:00:00,21020.0
2026-01-09T10,SE,Southeast,TI,Total interchange,651,megawatthours,2026-01-09 10:00:00,651.0
2026-01-09T09,SE,Southeast,D,Demand,20050,megawatthours,2026-01-09 09:00:00,20050.0
2026-01-09T09,SE,Southeast,DF,Day-ahead demand forecast,19848,megawatthours,2026-01-09 09:00:00,19848.0
2026-01-09T09,SE,Southeast,NG,Net generation,20839,megawatthours,2026-01-09 09:00:00,20839.0
2026-01-09T09,SE,Southeast,TI,Total interchange,595,megawatthours,2026-01-09 09:00:00,595.0
2026-01-09T08,SE,Southeast,D,Demand,20277,megawatthours,2026-01-09 08:00:00,20277.0
2026-01-09T08,SE,Southeast,DF,Day-ahead demand forecast,20068,megawatthours,2026-01-09 08:00:00,20068.0
2026-01-09T08,SE,Southeast,NG,Net generation,20944,megawatthours,2026-01-09 08:00:00,20944.0
2026-01-09T08,SE,Southeast,TI,Total interchange,467,megawatthours,2026-01-09 08:00:00,467.0
2026-01-09T07,SE,Southeast,D,Demand,20750,megawatthours,2026-01-09 07:00:00,20750.0
2026-01-09T07,SE,Southeast,DF,Day-ahead demand forecast,20522,megawatthours,2026-01-09 07:00:00,20522.0
2026-01-09T07,SE,Southeast,NG,Net generation,21410,megawatthours,2026-01-09 07:00:00,21410.0
2026-01-09T07,SE,Southeast,TI,Total interchange,463,megawatthours,2026-01-09 07:00:00,463.0
2026-01-09T06,SE,Southeast,D,Demand,21521,megawatthours,2026-01-09 06:00:00,21521.0
2026-01-09T06,SE,Southeast,DF,Day-ahead demand forecast,21277,megawatthours,2026-01-09 06:00:00,21277.0
2026-01-09T06,SE,Southeast,NG,Net generation,22421,megawatthours,2026-01-09 06:00:00,22421.0
2026-01-09T06,SE,Southeast,TI,Total interchange,900,megawatthours,2026-01-09 06:00:00,900.0
2026-01-09T05,SE,Southeast,D,Demand,22630,megawatthours,2026-01-09 05:00:00,22630.0
2026-01-09T05,SE,Southeast,DF,Day-ahead demand forecast,22312,megawatthours,2026-01-09 05:00:00,22312.0
2026-01-09T05,SE,Southeast,NG,Net generation,23640,megawatthours,2026-01-09 05:00:00,23640.0
2026-01-09T05,SE,Southeast,TI,Total interchange,908,megawatthours,2026-01-09 05:00:00,908.0
2026-01-09T04,SE,Southeast,D,Demand,23948,megawatthours,2026-01-09 04:00:00,23948.0
2026-01-09T04,SE,Southeast,DF,Day-ahead demand forecast,23668,megawatthours,2026-01-09 04:00:00,23668.0
2026-01-09T04,SE,Southeast,NG,Net generation,25147,megawatthours,2026-01-09 04:00:00,25147.0
2026-01-09T04,SE,Southeast,TI,Total interchange,1099,megawatthours,2026-01-09 04:00:00,1099.0
2026-01-09T03,SE,Southeast,D,Demand,25072,megawatthours,2026-01-09 03:00:00,25072.0
2026-01-09T03,SE,Southeast,DF,Day-ahead demand forecast,24713,megawatthours,2026-01-09 03:00:00,24713.0
2026-01-09T03,SE,Southeast,NG,Net generation,26479,megawatthours,2026-01-09 03:00:00,26479.0
2026-01-09T03,SE,Southeast,TI,Total interchange,1406,megawatthours,2026-01-09 03:00:00,1406.0
2026-01-09T02,SE,Southeast,D,Demand,25800,megawatthours,2026-01-09 02:00:00,25800.0
2026-01-09T02,SE,Southeast,DF,Day-ahead demand forecast,25421,megawatthours,2026-01-09 02:00:00,25421.0
2026-01-09T02,SE,Southeast,NG,Net generation,27115,megawatthours,2026-01-09 02:00:00,27115.0
2026-01-09T02,SE,Southeast,TI,Total interchange,1218,megawatthours,2026-01-09 02:00:00,1218.0
2026-01-09T01,SE,Southeast,D,Demand,26260,megawatthours,2026-01-09 01:00:00,26260.0
2026-01-09T01,SE,Southeast,DF,Day-ahead demand forecast,25980,megawatthours,2026-01-09 01:00:00,25980.0
2026-01-09T01,SE,Southeast,NG,Net generation,27704,megawatthours,2026-01-09 01:00:00,27704.0
2026-01-09T01,SE,Southeast,TI,Total interchange,1444,megawatthours,2026-01-09 01:00:00,1444.0
2026-01-09T00,SE,Southeast,D,Demand,26278,megawatthours,2026-01-09 00:00:00,26278.0
2026-01-09T00,SE,Southeast,DF,Day-ahead demand forecast,26037,megawatthours,2026-01-09 00:00:00,26037.0
2026-01-09T00,SE,Southeast,NG,Net generation,27634,megawatthours,2026-01-09 00:00:00,27634.0
2026-01-09T00,SE,Southeast,TI,Total interchange,1356,megawatthours,2026-01-09 00:00:00,1356.0
2026-01-08T23,SE,Southeast,D,Demand,25263,megawatthours,2026-01-08 23:00:00,25263.0
2026-01-08T23,SE,Southeast,DF,Day-ahead demand forecast,24960,megawatthours,2026-01-08 23:00:00,24960.0
2026-01-08T23,SE,Southeast,NG,Net generation,26471,megawatthours,2026-01-08 23:00:00,26471.0
2026-01-08T23,SE,Southeast,TI,Total interchange,1205,megawatthours,2026-01-08 23:00:00,1205.0
2026-01-08T22,SE,Southeast,D,Demand,24798,megawatthours,2026-01-08 22:00:00,24798.0
2026-01-08T22,SE,Southeast,DF,Day-ahead demand forecast,24507,megawatthours,2026-01-08 22:00:00,24507.0
2026-01-08T22,SE,Southeast,NG,Net generation,25692,megawatthours,2026-01-08 22:00:00,25692.0
2026-01-08T22,SE,Southeast,TI,Total interchange,894,megawatthours,2026-01-08 22:00:00,894.0
2026-01-08T21,SE,Southeast,D,Demand,24766,megawatthours,2026-01-08 21:00:00,24766.0
2026-01-08T21,SE,Southeast,DF,Day-ahead demand forecast,24474,megawatthours,2026-01-08 21:00:00,24474.0
2026-01-08T21,SE,Southeast,NG,Net generation,25389,megawatthours,2026-01-08 21:00:00,25389.0
2026-01-08T21,SE,Southeast,TI,Total interchange,623,megawatthours,2026-01-08 21:00:00,623.0
2026-01-08T20,SE,Southeast,D,Demand,24941,megawatthours,2026-01-08 20:00:00,24941.0
2026-01-08T20,SE,Southeast,DF,Day-ahead demand forecast,24640,megawatthours,2026-01-08 20:00:00,24640.0
2026-01-08T20,SE,Southeast,NG,Net generation,25580,megawatthours,2026-01-08 20:00:00,25580.0
2026-01-08T20,SE,Southeast,TI,Total interchange,638,megawatthours,2026-01-08 20:00:00,638.0
2026-01-08T19,SE,Southeast,D,Demand,25074,megawatthours,2026-01-08 19:00:00,25074.0
2026-01-08T19,SE,Southeast,DF,Day-ahead demand forecast,24782,megawatthours,2026-01-08 19:00:00,24782.0
2026-01-08T19,SE,Southeast,NG,Net generation,25704,megawatthours,2026-01-08 19:00:00,25704.0
2026-01-08T19,SE,Southeast,TI,Total interchange,630,megawatthours,2026-01-08 19:00:00,630.0
2026-01-08T18,SE,Southeast,D,Demand,25092,megawatthours,2026-01-08 18:00:00,25092.0
2026-01-08T18,SE,Southeast,DF,Day-ahead demand forecast,24784,megawatthours,2026-01-08 18:00:00,24784.0
2026-01-08T18,SE,Southeast,NG,Net generation,25784,megawatthours,2026-01-08 18:00:00,25784.0
2026-01-08T18,SE,Southeast,TI,Total interchange,696,megawatthours,2026-01-08 18:00:00,696.0
2026-01-08T17,SE,Southeast,D,Demand,25181,megawatthours,2026-01-08 17:00:00,25181.0
2026-01-08T17,SE,Southeast,DF,Day-ahead demand forecast,24900,megawatthours,2026-01-08 17:00:00,24900.0
2026-01-08T17,SE,Southeast,NG,Net generation,25962,megawatthours,2026-01-08 17:00:00,25962.0
2026-01-08T17,SE,Southeast,TI,Total interchange,782,megawatthours,2026-01-08 17:00:00,782.0
2026-01-08T16,SE,Southeast,D,Demand,25411,megawatthours,2026-01-08 16:00:00,25411.0
2026-01-08T16,SE,Southeast,DF,Day-ahead demand forecast,25169,megawatthours,2026-01-08 16:00:00,25169.0
2026-01-08T16,SE,Southeast,NG,Net generation,26646,megawatthours,2026-01-08 16:00:00,26646.0
2026-01-08T16,SE,Southeast,TI,Total interchange,1237,megawatthours,2026-01-08 16:00:00,1237.0
2026-01-08T15,SE,Southeast,D,Demand,25666,megawatthours,2026-01-08 15:00:00,25666.0
2026-01-08T15,SE,Southeast,DF,Day-ahead demand forecast,25441,megawatthours,2026-01-08 15:00:00,25441.0
2026-01-08T15,SE,Southeast,NG,Net generation,27147,megawatthours,2026-01-08 15:00:00,27147.0
2026-01-08T15,SE,Southeast,TI,Total interchange,1483,megawatthours,2026-01-08 15:00:00,1483.0
2026-01-08T14,SE,Southeast,D,Demand,25621,megawatthours,2026-01-08 14:00:00,25621.0
2026-01-08T14,SE,Southeast,DF,Day-ahead demand forecast,25403,megawatthours,2026-01-08 14:00:00,25403.0
2026-01-08T14,SE,Southeast,NG,Net generation,27170,megawatthours,2026-01-08 14:00:00,27170.0
2026-01-08T14,SE,Southeast,TI,Total interchange,1551,megawatthours,2026-01-08 14:00:00,1551.0
2026-01-08T13,SE,Southeast,D,Demand,25472,megawatthours,2026-01-08 13:00:00,25472.0
2026-01-08T13,SE,Southeast,DF,Day-ahead demand forecast,25258,megawatthours,2026-01-08 13:00:00,25258.0
2026-01-08T13,SE,Southeast,NG,Net generation,27149,megawatthours,2026-01-08 13:00:00,27149.0
2026-01-08T13,SE,Southeast,TI,Total interchange,1680,megawatthours,2026-01-08 13:00:00,1680.0
2026-01-08T12,SE,Southeast,D,Demand,24100,megawatthours,2026-01-08 12:00:00,24100.0
2026-01-08T12,SE,Southeast,DF,Day-ahead demand forecast,23879,megawatthours,2026-01-08 12:00:00,23879.0
2026-01-08T12,SE,Southeast,NG,Net generation,25706,megawatthours,2026-01-08 12:00:00,25706.0
2026-01-08T12,SE,Southeast,TI,Total interchange,1606,megawatthours,2026-01-08 12:00:00,1606.0
2026-01-08T11,SE,Southeast,D,Demand,22214,megawatthours,2026-01-08 11:00:00,22214.0
2026-01-08T11,SE,Southeast,DF,Day-ahead demand forecast,22038,megawatthours,2026-01-08 11:00:00,22038.0
2026-01-08T11,SE,Southeast,NG,Net generation,23561,megawatthours,2026-01-08 11:00:00,23561.0
2026-01-08T11,SE,Southeast,TI,Total interchange,1350,megawatthours,2026-01-08 11:00:00,1350.0
2026-01-08T10,SE,Southeast,D,Demand,21062,megawatthours,2026-01-08 10:00:00,21062.0
2026-01-08T10,SE,Southeast,DF,Day-ahead demand forecast,20862,megawatthours,2026-01-08 10:00:00,20862.0
2026-01-08T10,SE,Southeast,NG,Net generation,21953,megawatthours,2026-01-08 10:00:00,21953.0
2026-01-08T10,SE,Southeast,TI,Total interchange,889,megawatthours,2026-01-08 10:00:00,889.0
2026-01-08T09,SE,Southeast,D,Demand,20692,megawatthours,2026-01-08 09:00:00,20692.0
2026-01-08T09,SE,Southeast,DF,Day-ahead demand forecast,20508,megawatthours,2026-01-08 09:00:00,20508.0
2026-01-08T09,SE,Southeast,NG,Net generation,21546,megawatthours,2026-01-08 09:00:00,21546.0
2026-01-08T09,SE,Southeast,TI,Total interchange,851,megawatthours,2026-01-08 09:00:00,851.0
2026-01-08T08,SE,Southeast,D,Demand,20656,megawatthours,2026-01-08 08:00:00,20656.0
2026-01-08T08,SE,Southeast,DF,Day-ahead demand forecast,20449,megawatthours,2026-01-08 08:00:00,20449.0
2026-01-08T08,SE,Southeast,NG,Net generation,21440,megawatthours,2026-01-08 08:00:00,21440.0
2026-01-08T08,SE,Southeast,TI,Total interchange,780,megawatthours,2026-01-08 08:00:00,780.0
2026-01-08T07,SE,Southeast,D,Demand,20995,megawatthours,2026-01-08 07:00:00,20995.0
2026-01-08T07,SE,Southeast,DF,Day-ahead demand forecast,20806,megawatthours,2026-01-08 07:00:00,20806.0
2026-01-08T07,SE,Southeast,NG,Net generation,21718,megawatthours,2026-01-08 07:00:00,21718.0
2026-01-08T07,SE,Southeast,TI,Total interchange,722,megawatthours,2026-01-08 07:00:00,722.0
2026-01-08T06,SE,Southeast,D,Demand,21655,megawatthours,2026-01-08 06:00:00,21655.0
2026-01-08T06,SE,Southeast,DF,Day-ahead demand forecast,21439,megawatthours,2026-01-08 06:00:00,21439.0
2026-01-08T06,SE,Southeast,NG,Net generation,22241,megawatthours,2026-01-08 06:00:00,22241.0
2026-01-08T06,SE,Southeast,TI,Total interchange,582,megawatthours,2026-01-08 06:00:00,582.0
2026-01-08T05,SE,Southeast,D,Demand,22570,megawatthours,2026-01-08 05:00:00,22570.0
2026-01-08T05,SE,Southeast,DF,Day-ahead demand forecast,22264,megawatthours,2026-01-08 05:00:00,22264.0
2026-01-08T05,SE,Southeast,NG,Net generation,23016,megawatthours,2026-01-08 05:00:00,23016.0
2026-01-08T05,SE,Southeast,TI,Total interchange,443,megawatthours,2026-01-08 05:00:00,443.0
2026-01-08T04,SE,Southeast,D,Demand,23735,megawatthours,2026-01-08 04:00:00,23735.0
2026-01-08T04,SE,Southeast,DF,Day-ahead demand forecast,23411,megawatthours,2026-01-08 04:00:00,23411.0
2026-01-08T04,SE,Southeast,NG,Net generation,24432,megawatthours,2026-01-08 04:00:00,24432.0
2026-01-08T04,SE,Southeast,TI,Total interchange,697,megawatthours,2026-01-08 04:00:00,697.0
2026-01-08T03,SE,Southeast,D,Demand,24846,megawatthours,2026-01-08 03:00:00,24846.0
2026-01-08T03,SE,Southeast,DF,Day-ahead demand forecast,24504,megawatthours,2026-01-08 03:00:00,24504.0
2026-01-08T03,SE,Southeast,NG,Net generation,25789,megawatthours,2026-01-08 03:00:00,25789.0
2026-01-08T03,SE,Southeast,TI,Total interchange,999,megawatthours,2026-01-08 03:00:00,999.0
2026-01-08T02,SE,Southeast,D,Demand,25621,megawatthours,2026-01-08 02:00:00,25621.0
2026-01-08T02,SE,Southeast,DF,Day-ahead demand forecast,25256,megawatthours,2026-01-08 02:00:00,25256.0
2026-01-08T02,SE,Southeast,NG,Net generation,26596,megawatthours,2026-01-08 02:00:00,26596.0
2026-01-08T02,SE,Southeast,TI,Total interchange,977,megawatthours,2026-01-08 02:00:00,977.0
2026-01-08T01,SE,Southeast,D,Demand,25980,megawatthours,2026-01-08 01:00:00,25980.0
2026-01-08T01,SE,Southeast,DF,Day-ahead demand forecast,25673,megawatthours,2026-01-08 01:00:00,25673.0
2026-01-08T01,SE,Southeast,NG,Net generation,26956,megawatthours,2026-01-08 01:00:00,26956.0
2026-01-08T01,SE,Southeast,TI,Total interchange,975,megawatthours,2026-01-08 01:00:00,975.0
2026-01-08T00,SE,Southeast,D,Demand,26046,megawatthours,2026-01-08 00:00:00,26046.0
2026-01-08T00,SE,Southeast,DF,Day-ahead demand forecast,25748,megawatthours,2026-01-08 00:00:00,25748.0
2026-01-08T00,SE,Southeast,NG,Net generation,27114,megawatthours,2026-01-08 00:00:00,27114.0
2026-01-08T00,SE,Southeast,TI,Total interchange,1065,megawatthours,2026-01-08 00:00:00,1065.0
2026-01-07T23,SE,Southeast,D,Demand,25088,megawatthours,2026-01-07 23:00:00,25088.0
2026-01-07T23,SE,Southeast,DF,Day-ahead demand forecast,24814,megawatthours,2026-01-07 23:00:00,24814.0
2026-01-07T23,SE,Southeast,NG,Net generation,26027,megawatthours,2026-01-07 23:00:00,26027.0
2026-01-07T23,SE,Southeast,TI,Total interchange,938,megawatthours,2026-01-07 23:00:00,938.0
2026-01-07T22,SE,Southeast,D,Demand,24699,megawatthours,2026-01-07 22:00:00,24699.0
2026-01-07T22,SE,Southeast,DF,Day-ahead demand forecast,24411,megawatthours,2026-01-07 22:00:00,24411.0
2026-01-07T22,SE,Southeast,NG,Net generation,25477,megawatthours,2026-01-07 22:00:00,25477.0
2026-01-07T22,SE,Southeast,TI,Total interchange,778,megawatthours,2026-01-07 22:00:00,778.0
2026-01-07T21,SE,Southeast,D,Demand,24559,megawatthours,2026-01-07 21:00:00,24559.0
2026-01-07T21,SE,Southeast,DF,Day-ahead demand forecast,24273,megawatthours,2026-01-07 21:00:00,24273.0
2026-01-07T21,SE,Southeast,NG,Net generation,25179,megawatthours,2026-01-07 21:00:00,25179.0
2026-01-07T21,SE,Southeast,TI,Total interchange,628,megawatthours,2026-01-07 21:00:00,628.0
2026-01-07T20,SE,Southeast,D,Demand,24643,megawatthours,2026-01-07 20:00:00,24643.0
2026-01-07T20,SE,Southeast,DF,Day-ahead demand forecast,24365,megawatthours,2026-01-07 20:00:00,24365.0
2026-01-07T20,SE,Southeast,NG,Net generation,25316,megawatthours,2026-01-07 20:00:00,25316.0
2026-01-07T20,SE,Southeast,TI,Total interchange,671,megawatthours,2026-01-07 20:00:00,671.0
2026-01-07T19,SE,Southeast,D,Demand,24677,megawatthours,2026-01-07 19:00:00,24677.0
2026-01-07T19,SE,Southeast,DF,Day-ahead demand forecast,24385,megawatthours,2026-01-07 19:00:00,24385.0
2026-01-07T19,SE,Southeast,NG,Net generation,25345,megawatthours,2026-01-07 19:00:00,25345.0
2026-01-07T19,SE,Southeast,TI,Total interchange,670,megawatthours,2026-01-07 19:00:00,670.0
2026-01-07T18,SE,Southeast,D,Demand,24653,megawatthours,2026-01-07 18:00:00,24653.0
2026-01-07T18,SE,Southeast,DF,Day-ahead demand forecast,24340,megawatthours,2026-01-07 18:00:00,24340.0
2026-01-07T18,SE,Southeast,NG,Net generation,25327,megawatthours,2026-01-07 18:00:00,25327.0
2026-01-07T18,SE,Southeast,TI,Total interchange,673,megawatthours,2026-01-07 18:00:00,673.0
2026-01-07T17,SE,Southeast,D,Demand,24688,megawatthours,2026-01-07 17:00:00,24688.0
2026-01-07T17,SE,Southeast,DF,Day-ahead demand forecast,24446,megawatthours,2026-01-07 17:00:00,24446.0
2026-01-07T17,SE,Southeast,NG,Net generation,25290,megawatthours,2026-01-07 17:00:00,25290.0
2026-01-07T17,SE,Southeast,TI,Total interchange,602,megawatthours,2026-01-07 17:00:00,602.0
2026-01-07T16,SE,Southeast,D,Demand,24856,megawatthours,2026-01-07 16:00:00,24856.0
2026-01-07T16,SE,Southeast,DF,Day-ahead demand forecast,24579,megawatthours,2026-01-07 16:00:00,24579.0
2026-01-07T16,SE,Southeast,NG,Net generation,25671,megawatthours,2026-01-07 16:00:00,25671.0
2026-01-07T16,SE,Southeast,TI,Total interchange,816,megawatthours,2026-01-07 16:00:00,816.0
2026-01-07T15,SE,Southeast,D,Demand,24875,megawatthours,2026-01-07 15:00:00,24875.0
2026-01-07T15,SE,Southeast,DF,Day-ahead demand forecast,24553,megawatthours,2026-01-07 15:00:00,24553.0
2026-01-07T15,SE,Southeast,NG,Net generation,25980,megawatthours,2026-01-07 15:00:00,25980.0
2026-01-07T15,SE,Southeast,TI,Total interchange,1108,megawatthours,2026-01-07 15:00:00,1108.0
2026-01-07T14,SE,Southeast,D,Demand,24806,megawatthours,2026-01-07 14:00:00,24806.0
2026-01-07T14,SE,Southeast,DF,Day-ahead demand forecast,24568,megawatthours,2026-01-07 14:00:00,24568.0
2026-01-07T14,SE,Southeast,NG,Net generation,26724,megawatthours,2026-01-07 14:00:00,26724.0
2026-01-07T14,SE,Southeast,TI,Total interchange,1918,megawatthours,2026-01-07 14:00:00,1918.0
2026-01-07T13,SE,Southeast,D,Demand,24641,megawatthours,2026-01-07 13:00:00,24641.0
2026-01-07T13,SE,Southeast,DF,Day-ahead demand forecast,24410,megawatthours,2026-01-07 13:00:00,24410.0
2026-01-07T13,SE,Southeast,NG,Net generation,26372,megawatthours,2026-01-07 13:00:00,26372.0
2026-01-07T13,SE,Southeast,TI,Total interchange,1735,megawatthours,2026-01-07 13:00:00,1735.0
2026-01-07T12,SE,Southeast,D,Demand,23460,megawatthours,2026-01-07 12:00:00,23460.0
2026-01-07T12,SE,Southeast,DF,Day-ahead demand forecast,23245,megawatthours,2026-01-07 12:00:00,23245.0
2026-01-07T12,SE,Southeast,NG,Net generation,25123,megawatthours,2026-01-07 12:00:00,25123.0
2026-01-07T12,SE,Southeast,TI,Total interchange,1666,megawatthours,2026-01-07 12:00:00,1666.0
2026-01-07T11,SE,Southeast,D,Demand,21658,megawatthours,2026-01-07 11:00:00,21658.0
2026-01-07T11,SE,Southeast,DF,Day-ahead demand forecast,21436,megawatthours,2026-01-07 11:00:00,21436.0
2026-01-07T11,SE,Southeast,NG,Net generation,22760,megawatthours,2026-01-07 11:00:00,22760.0
2026-01-07T11,SE,Southeast,TI,Total interchange,1109,megawatthours,2026-01-07 11:00:00,1109.0
2026-01-07T10,SE,Southeast,D,Demand,20832,megawatthours,2026-01-07 10:00:00,20832.0
2026-01-07T10,SE,Southeast,DF,Day-ahead demand forecast,20622,megawatthours,2026-01-07 10:00:00,20622.0
2026-01-07T10,SE,Southeast,NG,Net generation,21604,megawatthours,2026-01-07 10:00:00,21604.0
2026-01-07T10,SE,Southeast,TI,Total interchange,709,megawatthours,2026-01-07 10:00:00,709.0
2026-01-07T09,SE,Southeast,D,Demand,20453,megawatthours,2026-01-07 09:00:00,20453.0
2026-01-07T09,SE,Southeast,DF,Day-ahead demand forecast,20253,megawatthours,2026-01-07 09:00:00,20253.0
2026-01-07T09,SE,Southeast,NG,Net generation,21128,megawatthours,2026-01-07 09:00:00,21128.0
2026-01-07T09,SE,Southeast,TI,Total interchange,574,megawatthours,2026-01-07 09:00:00,574.0
2026-01-07T08,SE,Southeast,D,Demand,20663,megawatthours,2026-01-07 08:00:00,20663.0
2026-01-07T08,SE,Southeast,DF,Day-ahead demand forecast,20465,megawatthours,2026-01-07 08:00:00,20465.0
2026-01-07T08,SE,Southeast,NG,Net generation,21262,megawatthours,2026-01-07 08:00:00,21262.0
2026-01-07T08,SE,Southeast,TI,Total interchange,500,megawatthours,2026-01-07 08:00:00,500.0
2026-01-07T07,SE,Southeast,D,Demand,21046,megawatthours,2026-01-07 07:00:00,21046.0
2026-01-07T07,SE,Southeast,DF,Day-ahead demand forecast,20846,megawatthours,2026-01-07 07:00:00,20846.0
2026-01-07T07,SE,Southeast,NG,Net generation,21574,megawatthours,2026-01-07 07:00:00,21574.0
2026-01-07T07,SE,Southeast,TI,Total interchange,426,megawatthours,2026-01-07 07:00:00,426.0
2026-01-07T06,SE,Southeast,D,Demand,21767,megawatthours,2026-01-07 06:00:00,21767.0
2026-01-07T06,SE,Southeast,DF,Day-ahead demand forecast,21568,megawatthours,2026-01-07 06:00:00,21568.0
2026-01-07T06,SE,Southeast,NG,Net generation,22556,megawatthours,2026-01-07 06:00:00,22556.0
2026-01-07T06,SE,Southeast,TI,Total interchange,690,megawatthours,2026-01-07 06:00:00,690.0
2026-01-07T05,SE,Southeast,D,Demand,22846,megawatthours,2026-01-07 05:00:00,22846.0
2026-01-07T05,SE,Southeast,DF,Day-ahead demand forecast,22611,megawatthours,2026-01-07 05:00:00,22611.0
2026-01-07T05,SE,Southeast,NG,Net generation,23634,megawatthours,2026-01-07 05:00:00,23634.0
2026-01-07T05,SE,Southeast,TI,Total interchange,723,megawatthours,2026-01-07 05:00:00,723.0
2026-01-07T04,SE,Southeast,D,Demand,24278,megawatthours,2026-01-07 04:00:00,24278.0
2026-01-07T04,SE,Southeast,DF,Day-ahead demand forecast,23954,megawatthours,2026-01-07 04:00:00,23954.0
2026-01-07T04,SE,Southeast,NG,Net generation,25094,megawatthours,2026-01-07 04:00:00,25094.0
2026-01-07T04,SE,Southeast,TI,Total interchange,799,megawatthours,2026-01-07 04:00:00,799.0
2026-01-07T03,SE,Southeast,D,Demand,25484,megawatthours,2026-01-07 03:00:00,25484.0
2026-01-07T03,SE,Southeast,DF,Day-ahead demand forecast,25162,megawatthours,2026-01-07 03:00:00,25162.0
2026-01-07T03,SE,Southeast,NG,Net generation,26632,megawatthours,2026-01-07 03:00:00,26632.0
2026-01-07T03,SE,Southeast,TI,Total interchange,1135,megawatthours,2026-01-07 03:00:00,1135.0
2026-01-07T02,SE,Southeast,D,Demand,26408,megawatthours,2026-01-07 02:00:00,26408.0
2026-01-07T02,SE,Southeast,DF,Day-ahead demand forecast,26071,megawatthours,2026-01-07 02:00:00,26071.0
2026-01-07T02,SE,Southeast,NG,Net generation,27711,megawatthours,2026-01-07 02:00:00,27711.0
2026-01-07T02,SE,Southeast,TI,Total interchange,1302,megawatthours,2026-01-07 02:00:00,1302.0
2026-01-07T01,SE,Southeast,D,Demand,26819,megawatthours,2026-01-07 01:00:00,26819.0
2026-01-07T01,SE,Southeast,DF,Day-ahead demand forecast,26523,megawatthours,2026-01-07 01:00:00,26523.0
2026-01-07T01,SE,Southeast,NG,Net generation,28323,megawatthours,2026-01-07 01:00:00,28323.0
2026-01-07T01,SE,Southeast,TI,Total interchange,1505,megawatthours,2026-01-07 01:00:00,1505.0
2026-01-07T00,SE,Southeast,D,Demand,26866,megawatthours,2026-01-07 00:00:00,26866.0
2026-01-07T00,SE,Southeast,DF,Day-ahead demand forecast,26626,megawatthours,2026-01-07 00:00:00,26626.0
2026-01-07T00,SE,Southeast,NG,Net generation,28644,megawatthours,2026-01-07 00:00:00,28644.0
2026-01-07T00,SE,Southeast,TI,Total interchange,1780,megawatthours,2026-01-07 00:00:00,1780.0
2026-01-06T23,SE,Southeast,D,Demand,25964,megawatthours,2026-01-06 23:00:00,25964.0
2026-01-06T23,SE,Southeast,DF,Day-ahead demand forecast,25695,megawatthours,2026-01-06 23:00:00,25695.0
2026-01-06T23,SE,Southeast,NG,Net generation,27274,megawatthours,2026-01-06 23:00:00,27274.0
2026-01-06T23,SE,Southeast,TI,Total interchange,1309,megawatthours,2026-01-06 23:00:00,1309.0
2026-01-06T22,SE,Southeast,D,Demand,25406,megawatthours,2026-01-06 22:00:00,25406.0
2026-01-06T22,SE,Southeast,DF,Day-ahead demand forecast,25106,megawatthours,2026-01-06 22:00:00,25106.0
2026-01-06T22,SE,Southeast,NG,Net generation,26226,megawatthours,2026-01-06 22:00:00,26226.0
2026-01-06T22,SE,Southeast,TI,Total interchange,821,megawatthours,2026-01-06 22:00:00,821.0
2026-01-06T21,SE,Southeast,D,Demand,25341,megawatthours,2026-01-06 21:00:00,25341.0
2026-01-06T21,SE,Southeast,DF,Day-ahead demand forecast,25057,megawatthours,2026-01-06 21:00:00,25057.0
2026-01-06T21,SE,Southeast,NG,Net generation,26497,megawatthours,2026-01-06 21:00:00,26497.0
2026-01-06T21,SE,Southeast,TI,Total interchange,1155,megawatthours,2026-01-06 21:00:00,1155.0
2026-01-06T20,SE,Southeast,D,Demand,25470,megawatthours,2026-01-06 20:00:00,25470.0
2026-01-06T20,SE,Southeast,DF,Day-ahead demand forecast,25178,megawatthours,2026-01-06 20:00:00,25178.0
2026-01-06T20,SE,Southeast,NG,Net generation,26608,megawatthours,2026-01-06 20:00:00,26608.0
2026-01-06T20,SE,Southeast,TI,Total interchange,1137,megawatthours,2026-01-06 20:00:00,1137.0
2026-01-06T19,SE,Southeast,D,Demand,25614,megawatthours,2026-01-06 19:00:00,25614.0
2026-01-06T19,SE,Southeast,DF,Day-ahead demand forecast,25312,megawatthours,2026-01-06 19:00:00,25312.0
2026-01-06T19,SE,Southeast,NG,Net generation,26878,megawatthours,2026-01-06 19:00:00,26878.0
2026-01-06T19,SE,Southeast,TI,Total interchange,1263,megawatthours,2026-01-06 19:00:00,1263.0
2026-01-06T18,SE,Southeast,D,Demand,25818,megawatthours,2026-01-06 18:00:00,25818.0
2026-01-06T18,SE,Southeast,DF,Day-ahead demand forecast,25540,megawatthours,2026-01-06 18:00:00,25540.0
2026-01-06T18,SE,Southeast,NG,Net generation,27104,megawatthours,2026-01-06 18:00:00,27104.0
2026-01-06T18,SE,Southeast,TI,Total interchange,1284,megawatthours,2026-01-06 18:00:00,1284.0
2026-01-06T17,SE,Southeast,D,Demand,26297,megawatthours,2026-01-06 17:00:00,26297.0
2026-01-06T17,SE,Southeast,DF,Day-ahead demand forecast,26042,megawatthours,2026-01-06 17:00:00,26042.0
2026-01-06T17,SE,Southeast,NG,Net generation,27739,megawatthours,2026-01-06 17:00:00,27739.0
2026-01-06T17,SE,Southeast,TI,Total interchange,1442,megawatthours,2026-01-06 17:00:00,1442.0
2026-01-06T16,SE,Southeast,D,Demand,26549,megawatthours,2026-01-06 16:00:00,26549.0
2026-01-06T16,SE,Southeast,DF,Day-ahead demand forecast,26338,megawatthours,2026-01-06 16:00:00,26338.0
2026-01-06T16,SE,Southeast,NG,Net generation,28117,megawatthours,2026-01-06 16:00:00,28117.0
2026-01-06T16,SE,Southeast,TI,Total interchange,1568,megawatthours,2026-01-06 16:00:00,1568.0
2026-01-06T15,SE,Southeast,D,Demand,26782,megawatthours,2026-01-06 15:00:00,26782.0
2026-01-06T15,SE,Southeast,DF,Day-ahead demand forecast,26590,megawatthours,2026-01-06 15:00:00,26590.0
2026-01-06T15,SE,Southeast,NG,Net generation,28390,megawatthours,2026-01-06 15:00:00,28390.0
2026-01-06T15,SE,Southeast,TI,Total interchange,1615,megawatthours,2026-01-06 15:00:00,1615.0
2026-01-06T14,SE,Southeast,D,Demand,26969,megawatthours,2026-01-06 14:00:00,26969.0
2026-01-06T14,SE,Southeast,DF,Day-ahead demand forecast,26720,megawatthours,2026-01-06 14:00:00,26720.0
2026-01-06T14,SE,Southeast,NG,Net generation,28861,megawatthours,2026-01-06 14:00:00,28861.0
2026-01-06T14,SE,Southeast,TI,Total interchange,1894,megawatthours,2026-01-06 14:00:00,1894.0
2026-01-06T13,SE,Southeast,D,Demand,26809,megawatthours,2026-01-06 13:00:00,26809.0
2026-01-06T13,SE,Southeast,DF,Day-ahead demand forecast,26626,megawatthours,2026-01-06 13:00:00,26626.0
2026-01-06T13,SE,Southeast,NG,Net generation,28776,megawatthours,2026-01-06 13:00:00,28776.0
2026-01-06T13,SE,Southeast,TI,Total interchange,1967,megawatthours,2026-01-06 13:00:00,1967.0
2026-01-06T12,SE,Southeast,D,Demand,25474,megawatthours,2026-01-06 12:00:00,25474.0
2026-01-06T12,SE,Southeast,DF,Day-ahead demand forecast,25262,megawatthours,2026-01-06 12:00:00,25262.0
2026-01-06T12,SE,Southeast,NG,Net generation,26990,megawatthours,2026-01-06 12:00:00,26990.0
2026-01-06T12,SE,Southeast,TI,Total interchange,1529,megawatthours,2026-01-06 12:00:00,1529.0
2026-01-06T11,SE,Southeast,D,Demand,23760,megawatthours,2026-01-06 11:00:00,23760.0
2026-01-06T11,SE,Southeast,DF,Day-ahead demand forecast,23519,megawatthours,2026-01-06 11:00:00,23519.0
2026-01-06T11,SE,Southeast,NG,Net generation,25042,megawatthours,2026-01-06 11:00:00,25042.0
2026-01-06T11,SE,Southeast,TI,Total interchange,1284,megawatthours,2026-01-06 11:00:00,1284.0
2026-01-06T10,SE,Southeast,D,Demand,22611,megawatthours,2026-01-06 10:00:00,22611.0
2026-01-06T10,SE,Southeast,DF,Day-ahead demand forecast,22406,megawatthours,2026-01-06 10:00:00,22406.0
2026-01-06T10,SE,Southeast,NG,Net generation,23595,megawatthours,2026-01-06 10:00:00,23595.0
2026-01-06T10,SE,Southeast,TI,Total interchange,943,megawatthours,2026-01-06 10:00:00,943.0
2026-01-06T09,SE,Southeast,D,Demand,22279,megawatthours,2026-01-06 09:00:00,22279.0
2026-01-06T09,SE,Southeast,DF,Day-ahead demand forecast,22081,megawatthours,2026-01-06 09:00:00,22081.0
2026-01-06T09,SE,Southeast,NG,Net generation,23073,megawatthours,2026-01-06 09:00:00,23073.0
2026-01-06T09,SE,Southeast,TI,Total interchange,696,megawatthours,2026-01-06 09:00:00,696.0
2026-01-06T08,SE,Southeast,D,Demand,22268,megawatthours,2026-01-06 08:00:00,22268.0
2026-01-06T08,SE,Southeast,DF,Day-ahead demand forecast,22073,megawatthours,2026-01-06 08:00:00,22073.0
2026-01-06T08,SE,Southeast,NG,Net generation,23030,megawatthours,2026-01-06 08:00:00,23030.0
2026-01-06T08,SE,Southeast,TI,Total interchange,661,megawatthours,2026-01-06 08:00:00,661.0
2026-01-06T07,SE,Southeast,D,Demand,22583,megawatthours,2026-01-06 07:00:00,22583.0
2026-01-06T07,SE,Southeast,DF,Day-ahead demand forecast,22382,megawatthours,2026-01-06 07:00:00,22382.0
2026-01-06T07,SE,Southeast,NG,Net generation,23289,megawatthours,2026-01-06 07:00:00,23289.0
2026-01-06T07,SE,Southeast,TI,Total interchange,605,megawatthours,2026-01-06 07:00:00,605.0
2026-01-06T06,SE,Southeast,D,Demand,23120,megawatthours,2026-01-06 06:00:00,23120.0
2026-01-06T06,SE,Southeast,DF,Day-ahead demand forecast,22924,megawatthours,2026-01-06 06:00:00,22924.0
2026-01-06T06,SE,Southeast,NG,Net generation,23563,megawatthours,2026-01-06 06:00:00,23563.0
2026-01-06T06,SE,Southeast,TI,Total interchange,343,megawatthours,2026-01-06 06:00:00,343.0
2026-01-06T05,SE,Southeast,D,Demand,24096,megawatthours,2026-01-06 05:00:00,24096.0
2026-01-06T05,SE,Southeast,DF,Day-ahead demand forecast,23881,megawatthours,2026-01-06 05:00:00,23881.0
2026-01-06T05,SE,Southeast,NG,Net generation,24697,megawatthours,2026-01-06 05:00:00,24697.0
2026-01-06T05,SE,Southeast,TI,Total interchange,501,megawatthours,2026-01-06 05:00:00,501.0
2026-01-06T04,SE,Southeast,D,Demand,25383,megawatthours,2026-01-06 04:00:00,25383.0
2026-01-06T04,SE,Southeast,DF,Day-ahead demand forecast,25151,megawatthours,2026-01-06 04:00:00,25151.0
2026-01-06T04,SE,Southeast,NG,Net generation,26588,megawatthours,2026-01-06 04:00:00,26588.0
2026-01-06T04,SE,Southeast,TI,Total interchange,1143,megawatthours,2026-01-06 04:00:00,1143.0
2026-01-06T03,SE,Southeast,D,Demand,26572,megawatthours,2026-01-06 03:00:00,26572.0
2026-01-06T03,SE,Southeast,DF,Day-ahead demand forecast,26231,megawatthours,2026-01-06 03:00:00,26231.0
2026-01-06T03,SE,Southeast,NG,Net generation,27791,megawatthours,2026-01-06 03:00:00,27791.0
2026-01-06T03,SE,Southeast,TI,Total interchange,1293,megawatthours,2026-01-06 03:00:00,1293.0
2026-01-06T02,SE,Southeast,D,Demand,27331,megawatthours,2026-01-06 02:00:00,27331.0
2026-01-06T02,SE,Southeast,DF,Day-ahead demand forecast,26993,megawatthours,2026-01-06 02:00:00,26993.0
2026-01-06T02,SE,Southeast,NG,Net generation,28572,megawatthours,2026-01-06 02:00:00,28572.0
2026-01-06T02,SE,Southeast,TI,Total interchange,1244,megawatthours,2026-01-06 02:00:00,1244.0
2026-01-06T01,SE,Southeast,D,Demand,27608,megawatthours,2026-01-06 01:00:00,27608.0
2026-01-06T01,SE,Southeast,DF,Day-ahead demand forecast,27338,megawatthours,2026-01-06 01:00:00,27338.0
2026-01-06T01,SE,Southeast,NG,Net generation,28946,megawatthours,2026-01-06 01:00:00,28946.0
2026-01-06T01,SE,Southeast,TI,Total interchange,1341,megawatthours,2026-01-06 01:00:00,1341.0
2026-01-06T00,SE,Southeast,D,Demand,27335,megawatthours,2026-01-06 00:00:00,27335.0
2026-01-06T00,SE,Southeast,DF,Day-ahead demand forecast,27128,megawatthours,2026-01-06 00:00:00,27128.0
2026-01-06T00,SE,Southeast,NG,Net generation,28746,megawatthours,2026-01-06 00:00:00,28746.0
2026-01-06T00,SE,Southeast,TI,Total interchange,1416,megawatthours,2026-01-06 00:00:00,1416.0
2026-01-05T23,SE,Southeast,D,Demand,26033,megawatthours,2026-01-05 23:00:00,26033.0
2026-01-05T23,SE,Southeast,DF,Day-ahead demand forecast,25773,megawatthours,2026-01-05 23:00:00,25773.0
2026-01-05T23,SE,Southeast,NG,Net generation,27122,megawatthours,2026-01-05 23:00:00,27122.0
2026-01-05T23,SE,Southeast,TI,Total interchange,1088,megawatthours,2026-01-05 23:00:00,1088.0
2026-01-05T22,SE,Southeast,D,Demand,25316,megawatthours,2026-01-05 22:00:00,25316.0
2026-01-05T22,SE,Southeast,DF,Day-ahead demand forecast,25058,megawatthours,2026-01-05 22:00:00,25058.0
2026-01-05T22,SE,Southeast,NG,Net generation,26219,megawatthours,2026-01-05 22:00:00,26219.0
2026-01-05T22,SE,Southeast,TI,Total interchange,905,megawatthours,2026-01-05 22:00:00,905.0
2026-01-05T21,SE,Southeast,D,Demand,25230,megawatthours,2026-01-05 21:00:00,25230.0
2026-01-05T21,SE,Southeast,DF,Day-ahead demand forecast,24975,megawatthours,2026-01-05 21:00:00,24975.0
2026-01-05T21,SE,Southeast,NG,Net generation,25988,megawatthours,2026-01-05 21:00:00,25988.0
2026-01-05T21,SE,Southeast,TI,Total interchange,758,megawatthours,2026-01-05 21:00:00,758.0
2026-01-05T20,SE,Southeast,D,Demand,25620,megawatthours,2026-01-05 20:00:00,25620.0
2026-01-05T20,SE,Southeast,DF,Day-ahead demand forecast,25328,megawatthours,2026-01-05 20:00:00,25328.0
2026-01-05T20,SE,Southeast,NG,Net generation,26336,megawatthours,2026-01-05 20:00:00,26336.0
2026-01-05T20,SE,Southeast,TI,Total interchange,717,megawatthours,2026-01-05 20:00:00,717.0
2026-01-05T19,SE,Southeast,D,Demand,26078,megawatthours,2026-01-05 19:00:00,26078.0
2026-01-05T19,SE,Southeast,DF,Day-ahead demand forecast,25835,megawatthours,2026-01-05 19:00:00,25835.0
2026-01-05T19,SE,Southeast,NG,Net generation,26698,megawatthours,2026-01-05 19:00:00,26698.0
2026-01-05T19,SE,Southeast,TI,Total interchange,621,megawatthours,2026-01-05 19:00:00,621.0
2026-01-05T18,SE,Southeast,D,Demand,26628,megawatthours,2026-01-05 18:00:00,26628.0
2026-01-05T18,SE,Southeast,DF,Day-ahead demand forecast,26352,megawatthours,2026-01-05 18:00:00,26352.0
2026-01-05T18,SE,Southeast,NG,Net generation,27304,megawatthours,2026-01-05 18:00:00,27304.0
2026-01-05T18,SE,Southeast,TI,Total interchange,677,megawatthours,2026-01-05 18:00:00,677.0
2026-01-05T17,SE,Southeast,D,Demand,27183,megawatthours,2026-01-05 17:00:00,27183.0
2026-01-05T17,SE,Southeast,DF,Day-ahead demand forecast,26942,megawatthours,2026-01-05 17:00:00,26942.0
2026-01-05T17,SE,Southeast,NG,Net generation,28314,megawatthours,2026-01-05 17:00:00,28314.0
2026-01-05T17,SE,Southeast,TI,Total interchange,1132,megawatthours,2026-01-05 17:00:00,1132.0
2026-01-05T16,SE,Southeast,D,Demand,27822,megawatthours,2026-01-05 16:00:00,27822.0
2026-01-05T16,SE,Southeast,DF,Day-ahead demand forecast,27556,megawatthours,2026-01-05 16:00:00,27556.0
2026-01-05T16,SE,Southeast,NG,Net generation,29446,megawatthours,2026-01-05 16:00:00,29446.0
2026-01-05T16,SE,Southeast,TI,Total interchange,1624,megawatthours,2026-01-05 16:00:00,1624.0
2026-01-05T15,SE,Southeast,D,Demand,28321,megawatthours,2026-01-05 15:00:00,28321.0
2026-01-05T15,SE,Southeast,DF,Day-ahead demand forecast,28054,megawatthours,2026-01-05 15:00:00,28054.0
2026-01-05T15,SE,Southeast,NG,Net generation,30160,megawatthours,2026-01-05 15:00:00,30160.0
2026-01-05T15,SE,Southeast,TI,Total interchange,1845,megawatthours,2026-01-05 15:00:00,1845.0
2026-01-05T14,SE,Southeast,D,Demand,28833,megawatthours,2026-01-05 14:00:00,28833.0
2026-01-05T14,SE,Southeast,DF,Day-ahead demand forecast,28624,megawatthours,2026-01-05 14:00:00,28624.0
2026-01-05T14,SE,Southeast,NG,Net generation,30862,megawatthours,2026-01-05 14:00:00,30862.0
2026-01-05T14,SE,Southeast,TI,Total interchange,2032,megawatthours,2026-01-05 14:00:00,2032.0
2026-01-05T13,SE,Southeast,D,Demand,28439,megawatthours,2026-01-05 13:00:00,28439.0
2026-01-05T13,SE,Southeast,DF,Day-ahead demand forecast,28182,megawatthours,2026-01-05 13:00:00,28182.0
2026-01-05T13,SE,Southeast,NG,Net generation,30695,megawatthours,2026-01-05 13:00:00,30695.0
2026-01-05T13,SE,Southeast,TI,Total interchange,2263,megawatthours,2026-01-05 13:00:00,2263.0
2026-01-05T12,SE,Southeast,D,Demand,26805,megawatthours,2026-01-05 12:00:00,26805.0
2026-01-05T12,SE,Southeast,DF,Day-ahead demand forecast,26492,megawatthours,2026-01-05 12:00:00,26492.0
2026-01-05T12,SE,Southeast,NG,Net generation,28906,megawatthours,2026-01-05 12:00:00,28906.0
2026-01-05T12,SE,Southeast,TI,Total interchange,2105,megawatthours,2026-01-05 12:00:00,2105.0
2026-01-05T11,SE,Southeast,D,Demand,24889,megawatthours,2026-01-05 11:00:00,24889.0
2026-01-05T11,SE,Southeast,DF,Day-ahead demand forecast,24647,megawatthours,2026-01-05 11:00:00,24647.0
2026-01-05T11,SE,Southeast,NG,Net generation,26819,megawatthours,2026-01-05 11:00:00,26819.0
2026-01-05T11,SE,Southeast,TI,Total interchange,1939,megawatthours,2026-01-05 11:00:00,1939.0
2026-01-05T10,SE,Southeast,D,Demand,23539,megawatthours,2026-01-05 10:00:00,23539.0
2026-01-05T10,SE,Southeast,DF,Day-ahead demand forecast,23324,megawatthours,2026-01-05 10:00:00,23324.0
2026-01-05T10,SE,Southeast,NG,Net generation,25069,megawatthours,2026-01-05 10:00:00,25069.0
2026-01-05T10,SE,Southeast,TI,Total interchange,1513,megawatthours,2026-01-05 10:00:00,1513.0
2026-01-05T09,SE,Southeast,D,Demand,22876,megawatthours,2026-01-05 09:00:00,22876.0
2026-01-05T09,SE,Southeast,DF,Day-ahead demand forecast,22671,megawatthours,2026-01-05 09:00:00,22671.0
2026-01-05T09,SE,Southeast,NG,Net generation,24435,megawatthours,2026-01-05 09:00:00,24435.0
2026-01-05T09,SE,Southeast,TI,Total interchange,1500,megawatthours,2026-01-05 09:00:00,1500.0
2026-01-05T08,SE,Southeast,D,Demand,22666,megawatthours,2026-01-05 08:00:00,22666.0
2026-01-05T08,SE,Southeast,DF,Day-ahead demand forecast,22467,megawatthours,2026-01-05 08:00:00,22467.0
2026-01-05T08,SE,Southeast,NG,Net generation,23736,megawatthours,2026-01-05 08:00:00,23736.0
2026-01-05T08,SE,Southeast,TI,Total interchange,971,megawatthours,2026-01-05 08:00:00,971.0
2026-01-05T07,SE,Southeast,D,Demand,22822,megawatthours,2026-01-05 07:00:00,22822.0
2026-01-05T07,SE,Southeast,DF,Day-ahead demand forecast,22615,megawatthours,2026-01-05 07:00:00,22615.0
2026-01-05T07,SE,Southeast,NG,Net generation,23780,megawatthours,2026-01-05 07:00:00,23780.0
2026-01-05T07,SE,Southeast,TI,Total interchange,855,megawatthours,2026-01-05 07:00:00,855.0
2026-01-05T06,SE,Southeast,D,Demand,23298,megawatthours,2026-01-05 06:00:00,23298.0
2026-01-05T06,SE,Southeast,DF,Day-ahead demand forecast,23070,megawatthours,2026-01-05 06:00:00,23070.0
2026-01-05T06,SE,Southeast,NG,Net generation,24179,megawatthours,2026-01-05 06:00:00,24179.0
2026-01-05T06,SE,Southeast,TI,Total interchange,784,megawatthours,2026-01-05 06:00:00,784.0
2026-01-05T05,SE,Southeast,D,Demand,23974,megawatthours,2026-01-05 05:00:00,23974.0
2026-01-05T05,SE,Southeast,DF,Day-ahead demand forecast,23747,megawatthours,2026-01-05 05:00:00,23747.0
2026-01-05T05,SE,Southeast,NG,Net generation,24967,megawatthours,2026-01-05 05:00:00,24967.0
2026-01-05T05,SE,Southeast,TI,Total interchange,1044,megawatthours,2026-01-05 05:00:00,1044.0
2026-01-05T04,SE,Southeast,D,Demand,24886,megawatthours,2026-01-05 04:00:00,24886.0
2026-01-05T04,SE,Southeast,DF,Day-ahead demand forecast,24642,megawatthours,2026-01-05 04:00:00,24642.0
2026-01-05T04,SE,Southeast,NG,Net generation,26144,megawatthours,2026-01-05 04:00:00,26144.0
2026-01-05T04,SE,Southeast,TI,Total interchange,1311,megawatthours,2026-01-05 04:00:00,1311.0
2026-01-05T03,SE,Southeast,D,Demand,25629,megawatthours,2026-01-05 03:00:00,25629.0
2026-01-05T03,SE,Southeast,DF,Day-ahead demand forecast,25300,megawatthours,2026-01-05 03:00:00,25300.0
2026-01-05T03,SE,Southeast,NG,Net generation,27439,megawatthours,2026-01-05 03:00:00,27439.0
2026-01-05T03,SE,Southeast,TI,Total interchange,1866,megawatthours,2026-01-05 03:00:00,1866.0
2026-01-05T02,SE,Southeast,D,Demand,26086,megawatthours,2026-01-05 02:00:00,26086.0
2026-01-05T02,SE,Southeast,DF,Day-ahead demand forecast,25743,megawatthours,2026-01-05 02:00:00,25743.0
2026-01-05T02,SE,Southeast,NG,Net generation,27843,megawatthours,2026-01-05 02:00:00,27843.0
2026-01-05T02,SE,Southeast,TI,Total interchange,1749,megawatthours,2026-01-05 02:00:00,1749.0
2026-01-05T01,SE,Southeast,D,Demand,26046,megawatthours,2026-01-05 01:00:00,26046.0
2026-01-05T01,SE,Southeast,DF,Day-ahead demand forecast,25787,megawatthours,2026-01-05 01:00:00,25787.0
2026-01-05T01,SE,Southeast,NG,Net generation,27977,megawatthours,2026-01-05 01:00:00,27977.0
2026-01-05T01,SE,Southeast,TI,Total interchange,1940,megawatthours,2026-01-05 01:00:00,1940.0
2026-01-05T00,SE,Southeast,D,Demand,25611,megawatthours,2026-01-05 00:00:00,25611.0
2026-01-05T00,SE,Southeast,DF,Day-ahead demand forecast,25410,megawatthours,2026-01-05 00:00:00,25410.0
2026-01-05T00,SE,Southeast,NG,Net generation,27587,megawatthours,2026-01-05 00:00:00,27587.0
2026-01-05T00,SE,Southeast,TI,Total interchange,1962,megawatthours,2026-01-05 00:00:00,1962.0
2026-01-04T23,SE,Southeast,D,Demand,24138,megawatthours,2026-01-04 23:00:00,24138.0
2026-01-04T23,SE,Southeast,DF,Day-ahead demand forecast,23881,megawatthours,2026-01-04 23:00:00,23881.0
2026-01-04T23,SE,Southeast,NG,Net generation,25670,megawatthours,2026-01-04 23:00:00,25670.0
2026-01-04T23,SE,Southeast,TI,Total interchange,1531,megawatthours,2026-01-04 23:00:00,1531.0
2026-01-04T22,SE,Southeast,D,Demand,23146,megawatthours,2026-01-04 22:00:00,23146.0
2026-01-04T22,SE,Southeast,DF,Day-ahead demand forecast,22896,megawatthours,2026-01-04 22:00:00,22896.0
2026-01-04T22,SE,Southeast,NG,Net generation,24553,megawatthours,2026-01-04 22:00:00,24553.0
2026-01-04T22,SE,Southeast,TI,Total interchange,1404,megawatthours,2026-01-04 22:00:00,1404.0
2026-01-04T21,SE,Southeast,D,Demand,22974,megawatthours,2026-01-04 21:00:00,22974.0
2026-01-04T21,SE,Southeast,DF,Day-ahead demand forecast,22702,megawatthours,2026-01-04 21:00:00,22702.0
2026-01-04T21,SE,Southeast,NG,Net generation,24247,megawatthours,2026-01-04 21:00:00,24247.0
2026-01-04T21,SE,Southeast,TI,Total interchange,1272,megawatthours,2026-01-04 21:00:00,1272.0
2026-01-04T20,SE,Southeast,D,Demand,23164,megawatthours,2026-01-04 20:00:00,23164.0
2026-01-04T20,SE,Southeast,DF,Day-ahead demand forecast,22899,megawatthours,2026-01-04 20:00:00,22899.0
2026-01-04T20,SE,Southeast,NG,Net generation,24183,megawatthours,2026-01-04 20:00:00,24183.0
2026-01-04T20,SE,Southeast,TI,Total interchange,1017,megawatthours,2026-01-04 20:00:00,1017.0
2026-01-04T19,SE,Southeast,D,Demand,23405,megawatthours,2026-01-04 19:00:00,23405.0
2026-01-04T19,SE,Southeast,DF,Day-ahead demand forecast,23123,megawatthours,2026-01-04 19:00:00,23123.0
2026-01-04T19,SE,Southeast,NG,Net generation,24222,megawatthours,2026-01-04 19:00:00,24222.0
2026-01-04T19,SE,Southeast,TI,Total interchange,814,megawatthours,2026-01-04 19:00:00,814.0
2026-01-04T18,SE,Southeast,D,Demand,23937,megawatthours,2026-01-04 18:00:00,23937.0
2026-01-04T18,SE,Southeast,DF,Day-ahead demand forecast,23678,megawatthours,2026-01-04 18:00:00,23678.0
2026-01-04T18,SE,Southeast,NG,Net generation,24779,megawatthours,2026-01-04 18:00:00,24779.0
2026-01-04T18,SE,Southeast,TI,Total interchange,838,megawatthours,2026-01-04 18:00:00,838.0
2026-01-04T17,SE,Southeast,D,Demand,24523,megawatthours,2026-01-04 17:00:00,24523.0
2026-01-04T17,SE,Southeast,DF,Day-ahead demand forecast,24250,megawatthours,2026-01-04 17:00:00,24250.0
2026-01-04T17,SE,Southeast,NG,Net generation,25755,megawatthours,2026-01-04 17:00:00,25755.0
2026-01-04T17,SE,Southeast,TI,Total interchange,1232,megawatthours,2026-01-04 17:00:00,1232.0
2026-01-04T16,SE,Southeast,D,Demand,25095,megawatthours,2026-01-04 16:00:00,25095.0
2026-01-04T16,SE,Southeast,DF,Day-ahead demand forecast,24853,megawatthours,2026-01-04 16:00:00,24853.0
2026-01-04T16,SE,Southeast,NG,Net generation,26379,megawatthours,2026-01-04 16:00:00,26379.0
2026-01-04T16,SE,Southeast,TI,Total interchange,1283,megawatthours,2026-01-04 16:00:00,1283.0
2026-01-04T15,SE,Southeast,D,Demand,25406,megawatthours,2026-01-04 15:00:00,25406.0
2026-01-04T15,SE,Southeast,DF,Day-ahead demand forecast,25162,megawatthours,2026-01-04 15:00:00,25162.0
2026-01-04T15,SE,Southeast,NG,Net generation,27022,megawatthours,2026-01-04 15:00:00,27022.0
2026-01-04T15,SE,Southeast,TI,Total interchange,1616,megawatthours,2026-01-04 15:00:00,1616.0
2026-01-04T14,SE,Southeast,D,Demand,24968,megawatthours,2026-01-04 14:00:00,24968.0
2026-01-04T14,SE,Southeast,DF,Day-ahead demand forecast,24720,megawatthours,2026-01-04 14:00:00,24720.0
2026-01-04T14,SE,Southeast,NG,Net generation,26738,megawatthours,2026-01-04 14:00:00,26738.0
2026-01-04T14,SE,Southeast,TI,Total interchange,1770,megawatthours,2026-01-04 14:00:00,1770.0
2026-01-04T13,SE,Southeast,D,Demand,23919,megawatthours,2026-01-04 13:00:00,23919.0
2026-01-04T13,SE,Southeast,DF,Day-ahead demand forecast,23721,megawatthours,2026-01-04 13:00:00,23721.0
2026-01-04T13,SE,Southeast,NG,Net generation,26004,megawatthours,2026-01-04 13:00:00,26004.0
2026-01-04T13,SE,Southeast,TI,Total interchange,2079,megawatthours,2026-01-04 13:00:00,2079.0
2026-01-04T12,SE,Southeast,D,Demand,22823,megawatthours,2026-01-04 12:00:00,22823.0
2026-01-04T12,SE,Southeast,DF,Day-ahead demand forecast,22568,megawatthours,2026-01-04 12:00:00,22568.0
2026-01-04T12,SE,Southeast,NG,Net generation,24702,megawatthours,2026-01-04 12:00:00,24702.0
2026-01-04T12,SE,Southeast,TI,Total interchange,1876,megawatthours,2026-01-04 12:00:00,1876.0
2026-01-04T11,SE,Southeast,D,Demand,22017,megawatthours,2026-01-04 11:00:00,22017.0
2026-01-04T11,SE,Southeast,DF,Day-ahead demand forecast,21839,megawatthours,2026-01-04 11:00:00,21839.0
2026-01-04T11,SE,Southeast,NG,Net generation,23724,megawatthours,2026-01-04 11:00:00,23724.0
2026-01-04T11,SE,Southeast,TI,Total interchange,1704,megawatthours,2026-01-04 11:00:00,1704.0
2026-01-04T10,SE,Southeast,D,Demand,21477,megawatthours,2026-01-04 10:00:00,21477.0
2026-01-04T10,SE,Southeast,DF,Day-ahead demand forecast,21313,megawatthours,2026-01-04 10:00:00,21313.0
2026-01-04T10,SE,Southeast,NG,Net generation,23069,megawatthours,2026-01-04 10:00:00,23069.0
2026-01-04T10,SE,Southeast,TI,Total interchange,1498,megawatthours,2026-01-04 10:00:00,1498.0
2026-01-04T09,SE,Southeast,D,Demand,21372,megawatthours,2026-01-04 09:00:00,21372.0
2026-01-04T09,SE,Southeast,DF,Day-ahead demand forecast,21199,megawatthours,2026-01-04 09:00:00,21199.0
2026-01-04T09,SE,Southeast,NG,Net generation,23033,megawatthours,2026-01-04 09:00:00,23033.0
2026-01-04T09,SE,Southeast,TI,Total interchange,1560,megawatthours,2026-01-04 09:00:00,1560.0
2026-01-04T08,SE,Southeast,D,Demand,21453,megawatthours,2026-01-04 08:00:00,21453.0
2026-01-04T08,SE,Southeast,DF,Day-ahead demand forecast,21198,megawatthours,2026-01-04 08:00:00,21198.0
2026-01-04T08,SE,Southeast,NG,Net generation,22478,megawatthours,2026-01-04 08:00:00,22478.0
2026-01-04T08,SE,Southeast,TI,Total interchange,924,megawatthours,2026-01-04 08:00:00,924.0
2026-01-04T07,SE,Southeast,D,Demand,21811,megawatthours,2026-01-04 07:00:00,21811.0
2026-01-04T07,SE,Southeast,DF,Day-ahead demand forecast,21556,megawatthours,2026-01-04 07:00:00,21556.0
2026-01-04T07,SE,Southeast,NG,Net generation,22643,megawatthours,2026-01-04 07:00:00,22643.0
2026-01-04T07,SE,Southeast,TI,Total interchange,731,megawatthours,2026-01-04 07:00:00,731.0
2026-01-04T06,SE,Southeast,D,Demand,22424,megawatthours,2026-01-04 06:00:00,22424.0
2026-01-04T06,SE,Southeast,DF,Day-ahead demand forecast,22138,megawatthours,2026-01-04 06:00:00,22138.0
2026-01-04T06,SE,Southeast,NG,Net generation,23409,megawatthours,2026-01-04 06:00:00,23409.0
2026-01-04T06,SE,Southeast,TI,Total interchange,887,megawatthours,2026-01-04 06:00:00,887.0
2026-01-04T05,SE,Southeast,D,Demand,23147,megawatthours,2026-01-04 05:00:00,23147.0
2026-01-04T05,SE,Southeast,DF,Day-ahead demand forecast,22873,megawatthours,2026-01-04 05:00:00,22873.0
2026-01-04T05,SE,Southeast,NG,Net generation,24393,megawatthours,2026-01-04 05:00:00,24393.0
2026-01-04T05,SE,Southeast,TI,Total interchange,1294,megawatthours,2026-01-04 05:00:00,1294.0
2026-01-04T04,SE,Southeast,D,Demand,23859,megawatthours,2026-01-04 04:00:00,23859.0
2026-01-04T04,SE,Southeast,DF,Day-ahead demand forecast,23558,megawatthours,2026-01-04 04:00:00,23558.0
2026-01-04T04,SE,Southeast,NG,Net generation,25299,megawatthours,2026-01-04 04:00:00,25299.0
2026-01-04T04,SE,Southeast,TI,Total interchange,1463,megawatthours,2026-01-04 04:00:00,1463.0
2026-01-04T03,SE,Southeast,D,Demand,24482,megawatthours,2026-01-04 03:00:00,24482.0
2026-01-04T03,SE,Southeast,DF,Day-ahead demand forecast,24178,megawatthours,2026-01-04 03:00:00,24178.0
2026-01-04T03,SE,Southeast,NG,Net generation,26209,megawatthours,2026-01-04 03:00:00,26209.0
2026-01-04T03,SE,Southeast,TI,Total interchange,1751,megawatthours,2026-01-04 03:00:00,1751.0
2026-01-04T02,SE,Southeast,D,Demand,24829,megawatthours,2026-01-04 02:00:00,24829.0
2026-01-04T02,SE,Southeast,DF,Day-ahead demand forecast,24501,megawatthours,2026-01-04 02:00:00,24501.0
2026-01-04T02,SE,Southeast,NG,Net generation,26573,megawatthours,2026-01-04 02:00:00,26573.0
2026-01-04T02,SE,Southeast,TI,Total interchange,1827,megawatthours,2026-01-04 02:00:00,1827.0
2026-01-04T01,SE,Southeast,D,Demand,25065,megawatthours,2026-01-04 01:00:00,25065.0
2026-01-04T01,SE,Southeast,DF,Day-ahead demand forecast,24816,megawatthours,2026-01-04 01:00:00,24816.0
2026-01-04T01,SE,Southeast,NG,Net generation,27214,megawatthours,2026-01-04 01:00:00,27214.0
2026-01-04T01,SE,Southeast,TI,Total interchange,2206,megawatthours,2026-01-04 01:00:00,2206.0
2026-01-04T00,SE,Southeast,D,Demand,25108,megawatthours,2026-01-04 00:00:00,25108.0
2026-01-04T00,SE,Southeast,DF,Day-ahead demand forecast,24832,megawatthours,2026-01-04 00:00:00,24832.0
2026-01-04T00,SE,Southeast,NG,Net generation,27229,megawatthours,2026-01-04 00:00:00,27229.0
2026-01-04T00,SE,Southeast,TI,Total interchange,2120,megawatthours,2026-01-04 00:00:00,2120.0
2026-01-03T23,SE,Southeast,D,Demand,24229,megawatthours,2026-01-03 23:00:00,24229.0
2026-01-03T23,SE,Southeast,DF,Day-ahead demand forecast,23922,megawatthours,2026-01-03 23:00:00,23922.0
2026-01-03T23,SE,Southeast,NG,Net generation,26005,megawatthours,2026-01-03 23:00:00,26005.0
2026-01-03T23,SE,Southeast,TI,Total interchange,1774,megawatthours,2026-01-03 23:00:00,1774.0
2026-01-03T22,SE,Southeast,D,Demand,23627,megawatthours,2026-01-03 22:00:00,23627.0
2026-01-03T22,SE,Southeast,DF,Day-ahead demand forecast,23291,megawatthours,2026-01-03 22:00:00,23291.0
2026-01-03T22,SE,Southeast,NG,Net generation,25242,megawatthours,2026-01-03 22:00:00,25242.0
2026-01-03T22,SE,Southeast,TI,Total interchange,1612,megawatthours,2026-01-03 22:00:00,1612.0
2026-01-03T21,SE,Southeast,D,Demand,23519,megawatthours,2026-01-03 21:00:00,23519.0
2026-01-03T21,SE,Southeast,DF,Day-ahead demand forecast,23197,megawatthours,2026-01-03 21:00:00,23197.0
2026-01-03T21,SE,Southeast,NG,Net generation,24871,megawatthours,2026-01-03 21:00:00,24871.0
2026-01-03T21,SE,Southeast,TI,Total interchange,1351,megawatthours,2026-01-03 21:00:00,1351.0
2026-01-03T20,SE,Southeast,D,Demand,23713,megawatthours,2026-01-03 20:00:00,23713.0
2026-01-03T20,SE,Southeast,DF,Day-ahead demand forecast,23384,megawatthours,2026-01-03 20:00:00,23384.0
2026-01-03T20,SE,Southeast,NG,Net generation,24932,megawatthours,2026-01-03 20:00:00,24932.0
2026-01-03T20,SE,Southeast,TI,Total interchange,1216,megawatthours,2026-01-03 20:00:00,1216.0
2026-01-03T19,SE,Southeast,D,Demand,23930,megawatthours,2026-01-03 19:00:00,23930.0
2026-01-03T19,SE,Southeast,DF,Day-ahead demand forecast,23620,megawatthours,2026-01-03 19:00:00,23620.0
2026-01-03T19,SE,Southeast,NG,Net generation,25022,megawatthours,2026-01-03 19:00:00,25022.0
2026-01-03T19,SE,Southeast,TI,Total interchange,1091,megawatthours,2026-01-03 19:00:00,1091.0
2026-01-03T18,SE,Southeast,D,Demand,24085,megawatthours,2026-01-03 18:00:00,24085.0
2026-01-03T18,SE,Southeast,DF,Day-ahead demand forecast,23767,megawatthours,2026-01-03 18:00:00,23767.0
2026-01-03T18,SE,Southeast,NG,Net generation,25395,megawatthours,2026-01-03 18:00:00,25395.0
2026-01-03T18,SE,Southeast,TI,Total interchange,1307,megawatthours,2026-01-03 18:00:00,1307.0
2026-01-03T17,SE,Southeast,D,Demand,24251,megawatthours,2026-01-03 17:00:00,24251.0
2026-01-03T17,SE,Southeast,DF,Day-ahead demand forecast,23952,megawatthours,2026-01-03 17:00:00,23952.0
2026-01-03T17,SE,Southeast,NG,Net generation,25389,megawatthours,2026-01-03 17:00:00,25389.0
2026-01-03T17,SE,Southeast,TI,Total interchange,1134,megawatthours,2026-01-03 17:00:00,1134.0
2026-01-03T16,SE,Southeast,D,Demand,23952,megawatthours,2026-01-03 16:00:00,23952.0
2026-01-03T16,SE,Southeast,DF,Day-ahead demand forecast,23671,megawatthours,2026-01-03 16:00:00,23671.0
2026-01-03T16,SE,Southeast,NG,Net generation,25093,megawatthours,2026-01-03 16:00:00,25093.0
2026-01-03T16,SE,Southeast,TI,Total interchange,1136,megawatthours,2026-01-03 16:00:00,1136.0
2026-01-03T15,SE,Southeast,D,Demand,23352,megawatthours,2026-01-03 15:00:00,23352.0
2026-01-03T15,SE,Southeast,DF,Day-ahead demand forecast,23082,megawatthours,2026-01-03 15:00:00,23082.0
2026-01-03T15,SE,Southeast,NG,Net generation,24464,megawatthours,2026-01-03 15:00:00,24464.0
2026-01-03T15,SE,Southeast,TI,Total interchange,1111,megawatthours,2026-01-03 15:00:00,1111.0
2026-01-03T14,SE,Southeast,D,Demand,22563,megawatthours,2026-01-03 14:00:00,22563.0
2026-01-03T14,SE,Southeast,DF,Day-ahead demand forecast,22303,megawatthours,2026-01-03 14:00:00,22303.0
2026-01-03T14,SE,Southeast,NG,Net generation,24216,megawatthours,2026-01-03 14:00:00,24216.0
2026-01-03T14,SE,Southeast,TI,Total interchange,1653,megawatthours,2026-01-03 14:00:00,1653.0
2026-01-03T13,SE,Southeast,D,Demand,21825,megawatthours,2026-01-03 13:00:00,21825.0
2026-01-03T13,SE,Southeast,DF,Day-ahead demand forecast,21630,megawatthours,2026-01-03 13:00:00,21630.0
2026-01-03T13,SE,Southeast,NG,Net generation,23504,megawatthours,2026-01-03 13:00:00,23504.0
2026-01-03T13,SE,Southeast,TI,Total interchange,1676,megawatthours,2026-01-03 13:00:00,1676.0
2026-01-03T12,SE,Southeast,D,Demand,21078,megawatthours,2026-01-03 12:00:00,21078.0
2026-01-03T12,SE,Southeast,DF,Day-ahead demand forecast,20840,megawatthours,2026-01-03 12:00:00,20840.0
2026-01-03T12,SE,Southeast,NG,Net generation,22443,megawatthours,2026-01-03 12:00:00,22443.0
2026-01-03T12,SE,Southeast,TI,Total interchange,1363,megawatthours,2026-01-03 12:00:00,1363.0
2026-01-03T11,SE,Southeast,D,Demand,20622,megawatthours,2026-01-03 11:00:00,20622.0
2026-01-03T11,SE,Southeast,DF,Day-ahead demand forecast,20390,megawatthours,2026-01-03 11:00:00,20390.0
2026-01-03T11,SE,Southeast,NG,Net generation,21635,megawatthours,2026-01-03 11:00:00,21635.0
2026-01-03T11,SE,Southeast,TI,Total interchange,1012,megawatthours,2026-01-03 11:00:00,1012.0
2026-01-03T10,SE,Southeast,D,Demand,20406,megawatthours,2026-01-03 10:00:00,20406.0
2026-01-03T10,SE,Southeast,DF,Day-ahead demand forecast,20159,megawatthours,2026-01-03 10:00:00,20159.0
2026-01-03T10,SE,Southeast,NG,Net generation,21412,megawatthours,2026-01-03 10:00:00,21412.0
2026-01-03T10,SE,Southeast,TI,Total interchange,1002,megawatthours,2026-01-03 10:00:00,1002.0
2026-01-03T09,SE,Southeast,D,Demand,20450,megawatthours,2026-01-03 09:00:00,20450.0
2026-01-03T09,SE,Southeast,DF,Day-ahead demand forecast,20194,megawatthours,2026-01-03 09:00:00,20194.0
2026-01-03T09,SE,Southeast,NG,Net generation,21328,megawatthours,2026-01-03 09:00:00,21328.0
2026-01-03T09,SE,Southeast,TI,Total interchange,876,megawatthours,2026-01-03 09:00:00,876.0
2026-01-03T08,SE,Southeast,D,Demand,20783,megawatthours,2026-01-03 08:00:00,20783.0
2026-01-03T08,SE,Southeast,DF,Day-ahead demand forecast,20527,megawatthours,2026-01-03 08:00:00,20527.0
2026-01-03T08,SE,Southeast,NG,Net generation,21597,megawatthours,2026-01-03 08:00:00,21597.0
2026-01-03T08,SE,Southeast,TI,Total interchange,812,megawatthours,2026-01-03 08:00:00,812.0
2026-01-03T07,SE,Southeast,D,Demand,21299,megawatthours,2026-01-03 07:00:00,21299.0
2026-01-03T07,SE,Southeast,DF,Day-ahead demand forecast,21132,megawatthours,2026-01-03 07:00:00,21132.0
2026-01-03T07,SE,Southeast,NG,Net generation,22129,megawatthours,2026-01-03 07:00:00,22129.0
2026-01-03T07,SE,Southeast,TI,Total interchange,736,megawatthours,2026-01-03 07:00:00,736.0
2026-01-03T06,SE,Southeast,D,Demand,22112,megawatthours,2026-01-03 06:00:00,22112.0
2026-01-03T06,SE,Southeast,DF,Day-ahead demand forecast,21913,megawatthours,2026-01-03 06:00:00,21913.0
2026-01-03T06,SE,Southeast,NG,Net generation,22955,megawatthours,2026-01-03 06:00:00,22955.0
2026-01-03T06,SE,Southeast,TI,Total interchange,743,megawatthours,2026-01-03 06:00:00,743.0
2026-01-03T05,SE,Southeast,D,Demand,23036,megawatthours,2026-01-03 05:00:00,23036.0
2026-01-03T05,SE,Southeast,DF,Day-ahead demand forecast,22831,megawatthours,2026-01-03 05:00:00,22831.0
2026-01-03T05,SE,Southeast,NG,Net generation,24368,megawatthours,2026-01-03 05:00:00,24368.0
2026-01-03T05,SE,Southeast,TI,Total interchange,1233,megawatthours,2026-01-03 05:00:00,1233.0
2026-01-03T04,SE,Southeast,D,Demand,24000,megawatthours,2026-01-03 04:00:00,24000.0
2026-01-03T04,SE,Southeast,DF,Day-ahead demand forecast,23789,megawatthours,2026-01-03 04:00:00,23789.0
2026-01-03T04,SE,Southeast,NG,Net generation,25387,megawatthours,2026-01-03 04:00:00,25387.0
2026-01-03T04,SE,Southeast,TI,Total interchange,1288,megawatthours,2026-01-03 04:00:00,1288.0
2026-01-03T03,SE,Southeast,D,Demand,24901,megawatthours,2026-01-03 03:00:00,24901.0
2026-01-03T03,SE,Southeast,DF,Day-ahead demand forecast,24602,megawatthours,2026-01-03 03:00:00,24602.0
2026-01-03T03,SE,Southeast,NG,Net generation,26481,megawatthours,2026-01-03 03:00:00,26481.0
2026-01-03T03,SE,Southeast,TI,Total interchange,1517,megawatthours,2026-01-03 03:00:00,1517.0
2026-01-03T02,SE,Southeast,D,Demand,25608,megawatthours,2026-01-03 02:00:00,25608.0
2026-01-03T02,SE,Southeast,DF,Day-ahead demand forecast,25315,megawatthours,2026-01-03 02:00:00,25315.0
2026-01-03T02,SE,Southeast,NG,Net generation,27262,megawatthours,2026-01-03 02:00:00,27262.0
2026-01-03T02,SE,Southeast,TI,Total interchange,1599,megawatthours,2026-01-03 02:00:00,1599.0
2026-01-03T01,SE,Southeast,D,Demand,25886,megawatthours,2026-01-03 01:00:00,25886.0
2026-01-03T01,SE,Southeast,DF,Day-ahead demand forecast,25633,megawatthours,2026-01-03 01:00:00,25633.0
2026-01-03T01,SE,Southeast,NG,Net generation,27778,megawatthours,2026-01-03 01:00:00,27778.0
2026-01-03T01,SE,Southeast,TI,Total interchange,1933,megawatthours,2026-01-03 01:00:00,1933.0
2026-01-03T00,SE,Southeast,D,Demand,26088,megawatthours,2026-01-03 00:00:00,26088.0
2026-01-03T00,SE,Southeast,DF,Day-ahead demand forecast,25910,megawatthours,2026-01-03 00:00:00,25910.0
2026-01-03T00,SE,Southeast,NG,Net generation,27930,megawatthours,2026-01-03 00:00:00,27930.0
2026-01-03T00,SE,Southeast,TI,Total interchange,1840,megawatthours,2026-01-03 00:00:00,1840.0
2026-01-02T23,SE,Southeast,D,Demand,25489,megawatthours,2026-01-02 23:00:00,25489.0
2026-01-02T23,SE,Southeast,DF,Day-ahead demand forecast,25238,megawatthours,2026-01-02 23:00:00,25238.0
2026-01-02T23,SE,Southeast,NG,Net generation,27061,megawatthours,2026-01-02 23:00:00,27061.0
2026-01-02T23,SE,Southeast,TI,Total interchange,1570,megawatthours,2026-01-02 23:00:00,1570.0
2026-01-02T22,SE,Southeast,D,Demand,24833,megawatthours,2026-01-02 22:00:00,24833.0
2026-01-02T22,SE,Southeast,DF,Day-ahead demand forecast,24580,megawatthours,2026-01-02 22:00:00,24580.0
2026-01-02T22,SE,Southeast,NG,Net generation,26315,megawatthours,2026-01-02 22:00:00,26315.0
2026-01-02T22,SE,Southeast,TI,Total interchange,1478,megawatthours,2026-01-02 22:00:00,1478.0
2026-01-02T21,SE,Southeast,D,Demand,24768,megawatthours,2026-01-02 21:00:00,24768.0
2026-01-02T21,SE,Southeast,DF,Day-ahead demand forecast,24518,megawatthours,2026-01-02 21:00:00,24518.0
2026-01-02T21,SE,Southeast,NG,Net generation,26036,megawatthours,2026-01-02 21:00:00,26036.0
2026-01-02T21,SE,Southeast,TI,Total interchange,1265,megawatthours,2026-01-02 21:00:00,1265.0
2026-01-02T20,SE,Southeast,D,Demand,24975,megawatthours,2026-01-02 20:00:00,24975.0
2026-01-02T20,SE,Southeast,DF,Day-ahead demand forecast,24720,megawatthours,2026-01-02 20:00:00,24720.0
2026-01-02T20,SE,Southeast,NG,Net generation,26173,megawatthours,2026-01-02 20:00:00,26173.0
2026-01-02T20,SE,Southeast,TI,Total interchange,1196,megawatthours,2026-01-02 20:00:00,1196.0
2026-01-02T19,SE,Southeast,D,Demand,25302,megawatthours,2026-01-02 19:00:00,25302.0
2026-01-02T19,SE,Southeast,DF,Day-ahead demand forecast,25045,megawatthours,2026-01-02 19:00:00,25045.0
2026-01-02T19,SE,Southeast,NG,Net generation,26431,megawatthours,2026-01-02 19:00:00,26431.0
2026-01-02T19,SE,Southeast,TI,Total interchange,1127,megawatthours,2026-01-02 19:00:00,1127.0
2026-01-02T18,SE,Southeast,D,Demand,25969,megawatthours,2026-01-02 18:00:00,25969.0
2026-01-02T18,SE,Southeast,DF,Day-ahead demand forecast,25684,megawatthours,2026-01-02 18:00:00,25684.0
2026-01-02T18,SE,Southeast,NG,Net generation,27185,megawatthours,2026-01-02 18:00:00,27185.0
2026-01-02T18,SE,Southeast,TI,Total interchange,1213,megawatthours,2026-01-02 18:00:00,1213.0
2026-01-02T17,SE,Southeast,D,Demand,26741,megawatthours,2026-01-02 17:00:00,26741.0
2026-01-02T17,SE,Southeast,DF,Day-ahead demand forecast,26476,megawatthours,2026-01-02 17:00:00,26476.0
2026-01-02T17,SE,Southeast,NG,Net generation,28059,megawatthours,2026-01-02 17:00:00,28059.0
2026-01-02T17,SE,Southeast,TI,Total interchange,1317,megawatthours,2026-01-02 17:00:00,1317.0
2026-01-02T16,SE,Southeast,D,Demand,27511,megawatthours,2026-01-02 16:00:00,27511.0
2026-01-02T16,SE,Southeast,DF,Day-ahead demand forecast,27241,megawatthours,2026-01-02 16:00:00,27241.0
2026-01-02T16,SE,Southeast,NG,Net generation,29085,megawatthours,2026-01-02 16:00:00,29085.0
2026-01-02T16,SE,Southeast,TI,Total interchange,1576,megawatthours,2026-01-02 16:00:00,1576.0
2026-01-02T15,SE,Southeast,D,Demand,28174,megawatthours,2026-01-02 15:00:00,28174.0
2026-01-02T15,SE,Southeast,DF,Day-ahead demand forecast,27914,megawatthours,2026-01-02 15:00:00,27914.0
2026-01-02T15,SE,Southeast,NG,Net generation,29956,megawatthours,2026-01-02 15:00:00,29956.0
2026-01-02T15,SE,Southeast,TI,Total interchange,1782,megawatthours,2026-01-02 15:00:00,1782.0
2026-01-02T14,SE,Southeast,D,Demand,28251,megawatthours,2026-01-02 14:00:00,28251.0
2026-01-02T14,SE,Southeast,DF,Day-ahead demand forecast,28070,megawatthours,2026-01-02 14:00:00,28070.0
2026-01-02T14,SE,Southeast,NG,Net generation,30489,megawatthours,2026-01-02 14:00:00,30489.0
2026-01-02T14,SE,Southeast,TI,Total interchange,2240,megawatthours,2026-01-02 14:00:00,2240.0
2026-01-02T13,SE,Southeast,D,Demand,27760,megawatthours,2026-01-02 13:00:00,27760.0
2026-01-02T13,SE,Southeast,DF,Day-ahead demand forecast,27582,megawatthours,2026-01-02 13:00:00,27582.0
