period,respondent,respondent-name,type,type-name,value,value-units,datetime,demand_MW
2026-03-04T03,MIDW,Midwest,DF,Day-ahead demand forecast,82259,megawatthours,2026-03-04 03:00:00,82259.0
2026-03-04T02,MIDW,Midwest,D,Demand,84958,megawatthours,2026-03-04 02:00:00,84958.0
2026-03-04T02,MIDW,Midwest,DF,Day-ahead demand forecast,84560,megawatthours,2026-03-04 02:00:00,84560.0
2026-03-04T01,MIDW,Midwest,D,Demand,82876,megawatthours,2026-03-04 01:00:00,82876.0
2026-03-04T01,MIDW,Midwest,DF,Day-ahead demand forecast,85349,megawatthours,2026-03-04 01:00:00,85349.0
2026-03-04T00,MIDW,Midwest,D,Demand,85387,megawatthours,2026-03-04 00:00:00,85387.0
2026-03-04T00,MIDW,Midwest,DF,Day-ahead demand forecast,84241,megawatthours,2026-03-04 00:00:00,84241.0
2026-03-03T23,MIDW,Midwest,D,Demand,84075,megawatthours,2026-03-03 23:00:00,84075.0
2026-03-03T23,MIDW,Midwest,DF,Day-ahead demand forecast,82955,megawatthours,2026-03-03 23:00:00,82955.0
2026-03-03T22,MIDW,Midwest,D,Demand,83197,megawatthours,2026-03-03 22:00:00,83197.0
2026-03-03T22,MIDW,Midwest,DF,Day-ahead demand forecast,81992,megawatthours,2026-03-03 22:00:00,81992.0
2026-03-03T21,MIDW,Midwest,D,Demand,83216,megawatthours,2026-03-03 21:00:00,83216.0
2026-03-03T21,MIDW,Midwest,DF,Day-ahead demand forecast,81796,megawatthours,2026-03-03 21:00:00,81796.0
2026-03-03T20,MIDW,Midwest,D,Demand,83585,megawatthours,2026-03-03 20:00:00,83585.0
2026-03-03T20,MIDW,Midwest,DF,Day-ahead demand forecast,81946,megawatthours,2026-03-03 20:00:00,81946.0
2026-03-03T19,MIDW,Midwest,D,Demand,84116,megawatthours,2026-03-03 19:00:00,84116.0
2026-03-03T19,MIDW,Midwest,DF,Day-ahead demand forecast,82002,megawatthours,2026-03-03 19:00:00,82002.0
2026-03-03T18,MIDW,Midwest,D,Demand,84608,megawatthours,2026-03-03 18:00:00,84608.0
2026-03-03T18,MIDW,Midwest,DF,Day-ahead demand forecast,82261,megawatthours,2026-03-03 18:00:00,82261.0
2026-03-03T17,MIDW,Midwest,D,Demand,84971,megawatthours,2026-03-03 17:00:00,84971.0
2026-03-03T17,MIDW,Midwest,DF,Day-ahead demand forecast,82573,megawatthours,2026-03-03 17:00:00,82573.0
2026-03-03T16,MIDW,Midwest,D,Demand,85489,megawatthours,2026-03-03 16:00:00,85489.0
2026-03-03T16,MIDW,Midwest,DF,Day-ahead demand forecast,83154,megawatthours,2026-03-03 16:00:00,83154.0
2026-03-03T15,MIDW,Midwest,D,Demand,85829,megawatthours,2026-03-03 15:00:00,85829.0
2026-03-03T15,MIDW,Midwest,DF,Day-ahead demand forecast,83917,megawatthours,2026-03-03 15:00:00,83917.0
2026-03-03T14,MIDW,Midwest,D,Demand,85600,megawatthours,2026-03-03 14:00:00,85600.0
2026-03-03T14,MIDW,Midwest,DF,Day-ahead demand forecast,84514,megawatthours,2026-03-03 14:00:00,84514.0
2026-03-03T13,MIDW,Midwest,D,Demand,84055,megawatthours,2026-03-03 13:00:00,84055.0
2026-03-03T13,MIDW,Midwest,DF,Day-ahead demand forecast,83299,megawatthours,2026-03-03 13:00:00,83299.0
2026-03-03T12,MIDW,Midwest,D,Demand,79807,megawatthours,2026-03-03 12:00:00,79807.0
2026-03-03T12,MIDW,Midwest,DF,Day-ahead demand forecast,78947,megawatthours,2026-03-03 12:00:00,78947.0
2026-03-03T11,MIDW,Midwest,D,Demand,75590,megawatthours,2026-03-03 11:00:00,75590.0
2026-03-03T11,MIDW,Midwest,DF,Day-ahead demand forecast,74672,megawatthours,2026-03-03 11:00:00,74672.0
2026-03-03T10,MIDW,Midwest,D,Demand,73674,megawatthours,2026-03-03 10:00:00,73674.0
2026-03-03T10,MIDW,Midwest,DF,Day-ahead demand forecast,72412,megawatthours,2026-03-03 10:00:00,72412.0
2026-03-03T09,MIDW,Midwest,D,Demand,73314,megawatthours,2026-03-03 09:00:00,73314.0
2026-03-03T09,MIDW,Midwest,DF,Day-ahead demand forecast,72513,megawatthours,2026-03-03 09:00:00,72513.0
2026-03-03T08,MIDW,Midwest,D,Demand,73833,megawatthours,2026-03-03 08:00:00,73833.0
2026-03-03T08,MIDW,Midwest,DF,Day-ahead demand forecast,73173,megawatthours,2026-03-03 08:00:00,73173.0
2026-03-03T07,MIDW,Midwest,D,Demand,75066,megawatthours,2026-03-03 07:00:00,75066.0
2026-03-03T07,MIDW,Midwest,DF,Day-ahead demand forecast,74409,megawatthours,2026-03-03 07:00:00,74409.0
2026-03-03T06,MIDW,Midwest,D,Demand,77148,megawatthours,2026-03-03 06:00:00,77148.0
2026-03-03T06,MIDW,Midwest,DF,Day-ahead demand forecast,75940,megawatthours,2026-03-03 06:00:00,75940.0
2026-03-03T05,MIDW,Midwest,D,Demand,79021,megawatthours,2026-03-03 05:00:00,79021.0
2026-03-03T05,MIDW,Midwest,DF,Day-ahead demand forecast,79108,megawatthours,2026-03-03 05:00:00,79108.0
2026-03-03T04,MIDW,Midwest,D,Demand,81985,megawatthours,2026-03-03 04:00:00,81985.0
2026-03-03T04,MIDW,Midwest,DF,Day-ahead demand forecast,82229,megawatthours,2026-03-03 04:00:00,82229.0
2026-03-03T04,MIDW,Midwest,NG,Net generation,83191,megawatthours,2026-03-03 04:00:00,83191.0
2026-03-03T04,MIDW,Midwest,TI,Total interchange,-1005,megawatthours,2026-03-03 04:00:00,-1005.0
2026-03-03T03,MIDW,Midwest,D,Demand,84750,megawatthours,2026-03-03 03:00:00,84750.0
2026-03-03T03,MIDW,Midwest,DF,Day-ahead demand forecast,85161,megawatthours,2026-03-03 03:00:00,85161.0
2026-03-03T03,MIDW,Midwest,NG,Net generation,86524,megawatthours,2026-03-03 03:00:00,86524.0
2026-03-03T03,MIDW,Midwest,TI,Total interchange,-407,megawatthours,2026-03-03 03:00:00,-407.0
2026-03-03T02,MIDW,Midwest,D,Demand,86873,megawatthours,2026-03-03 02:00:00,86873.0
2026-03-03T02,MIDW,Midwest,DF,Day-ahead demand forecast,87254,megawatthours,2026-03-03 02:00:00,87254.0
2026-03-03T02,MIDW,Midwest,NG,Net generation,88234,megawatthours,2026-03-03 02:00:00,88234.0
2026-03-03T02,MIDW,Midwest,TI,Total interchange,-725,megawatthours,2026-03-03 02:00:00,-725.0
2026-03-03T01,MIDW,Midwest,D,Demand,87830,megawatthours,2026-03-03 01:00:00,87830.0
2026-03-03T01,MIDW,Midwest,DF,Day-ahead demand forecast,87909,megawatthours,2026-03-03 01:00:00,87909.0
2026-03-03T01,MIDW,Midwest,NG,Net generation,88927,megawatthours,2026-03-03 01:00:00,88927.0
2026-03-03T01,MIDW,Midwest,TI,Total interchange,-891,megawatthours,2026-03-03 01:00:00,-891.0
2026-03-03T00,MIDW,Midwest,D,Demand,86486,megawatthours,2026-03-03 00:00:00,86486.0
2026-03-03T00,MIDW,Midwest,DF,Day-ahead demand forecast,86422,megawatthours,2026-03-03 00:00:00,86422.0
2026-03-03T00,MIDW,Midwest,NG,Net generation,87459,megawatthours,2026-03-03 00:00:00,87459.0
2026-03-03T00,MIDW,Midwest,TI,Total interchange,-975,megawatthours,2026-03-03 00:00:00,-975.0
2026-03-02T23,MIDW,Midwest,D,Demand,84907,megawatthours,2026-03-02 23:00:00,84907.0
2026-03-02T23,MIDW,Midwest,DF,Day-ahead demand forecast,84561,megawatthours,2026-03-02 23:00:00,84561.0
2026-03-02T23,MIDW,Midwest,NG,Net generation,86389,megawatthours,2026-03-02 23:00:00,86389.0
2026-03-02T23,MIDW,Midwest,TI,Total interchange,-503,megawatthours,2026-03-02 23:00:00,-503.0
2026-03-02T22,MIDW,Midwest,D,Demand,83719,megawatthours,2026-03-02 22:00:00,83719.0
2026-03-02T22,MIDW,Midwest,DF,Day-ahead demand forecast,83213,megawatthours,2026-03-02 22:00:00,83213.0
2026-03-02T22,MIDW,Midwest,NG,Net generation,86384,megawatthours,2026-03-02 22:00:00,86384.0
2026-03-02T22,MIDW,Midwest,TI,Total interchange,752,megawatthours,2026-03-02 22:00:00,752.0
2026-03-02T21,MIDW,Midwest,D,Demand,83404,megawatthours,2026-03-02 21:00:00,83404.0
2026-03-02T21,MIDW,Midwest,DF,Day-ahead demand forecast,82845,megawatthours,2026-03-02 21:00:00,82845.0
2026-03-02T21,MIDW,Midwest,NG,Net generation,86629,megawatthours,2026-03-02 21:00:00,86629.0
2026-03-02T21,MIDW,Midwest,TI,Total interchange,1417,megawatthours,2026-03-02 21:00:00,1417.0
2026-03-02T20,MIDW,Midwest,D,Demand,83658,megawatthours,2026-03-02 20:00:00,83658.0
2026-03-02T20,MIDW,Midwest,DF,Day-ahead demand forecast,83256,megawatthours,2026-03-02 20:00:00,83256.0
2026-03-02T20,MIDW,Midwest,NG,Net generation,86640,megawatthours,2026-03-02 20:00:00,86640.0
2026-03-02T20,MIDW,Midwest,TI,Total interchange,1154,megawatthours,2026-03-02 20:00:00,1154.0
2026-03-02T19,MIDW,Midwest,D,Demand,84030,megawatthours,2026-03-02 19:00:00,84030.0
2026-03-02T19,MIDW,Midwest,DF,Day-ahead demand forecast,83872,megawatthours,2026-03-02 19:00:00,83872.0
2026-03-02T19,MIDW,Midwest,NG,Net generation,86764,megawatthours,2026-03-02 19:00:00,86764.0
2026-03-02T19,MIDW,Midwest,TI,Total interchange,971,megawatthours,2026-03-02 19:00:00,971.0
2026-03-02T18,MIDW,Midwest,D,Demand,84369,megawatthours,2026-03-02 18:00:00,84369.0
2026-03-02T18,MIDW,Midwest,DF,Day-ahead demand forecast,84580,megawatthours,2026-03-02 18:00:00,84580.0
2026-03-02T18,MIDW,Midwest,NG,Net generation,86793,megawatthours,2026-03-02 18:00:00,86793.0
2026-03-02T18,MIDW,Midwest,TI,Total interchange,724,megawatthours,2026-03-02 18:00:00,724.0
2026-03-02T17,MIDW,Midwest,D,Demand,84651,megawatthours,2026-03-02 17:00:00,84651.0
2026-03-02T17,MIDW,Midwest,DF,Day-ahead demand forecast,85400,megawatthours,2026-03-02 17:00:00,85400.0
2026-03-02T17,MIDW,Midwest,NG,Net generation,87004,megawatthours,2026-03-02 17:00:00,87004.0
2026-03-02T17,MIDW,Midwest,TI,Total interchange,614,megawatthours,2026-03-02 17:00:00,614.0
2026-03-02T16,MIDW,Midwest,D,Demand,85238,megawatthours,2026-03-02 16:00:00,85238.0
2026-03-02T16,MIDW,Midwest,DF,Day-ahead demand forecast,86278,megawatthours,2026-03-02 16:00:00,86278.0
2026-03-02T16,MIDW,Midwest,NG,Net generation,87114,megawatthours,2026-03-02 16:00:00,87114.0
2026-03-02T16,MIDW,Midwest,TI,Total interchange,60,megawatthours,2026-03-02 16:00:00,60.0
2026-03-02T15,MIDW,Midwest,D,Demand,85584,megawatthours,2026-03-02 15:00:00,85584.0
2026-03-02T15,MIDW,Midwest,DF,Day-ahead demand forecast,87129,megawatthours,2026-03-02 15:00:00,87129.0
2026-03-02T15,MIDW,Midwest,NG,Net generation,87010,megawatthours,2026-03-02 15:00:00,87010.0
2026-03-02T15,MIDW,Midwest,TI,Total interchange,-517,megawatthours,2026-03-02 15:00:00,-517.0
2026-03-02T14,MIDW,Midwest,D,Demand,85933,megawatthours,2026-03-02 14:00:00,85933.0
2026-03-02T14,MIDW,Midwest,DF,Day-ahead demand forecast,87717,megawatthours,2026-03-02 14:00:00,87717.0
2026-03-02T14,MIDW,Midwest,NG,Net generation,86676,megawatthours,2026-03-02 14:00:00,86676.0
2026-03-02T14,MIDW,Midwest,TI,Total interchange,-1260,megawatthours,2026-03-02 14:00:00,-1260.0
2026-03-02T13,MIDW,Midwest,D,Demand,83909,megawatthours,2026-03-02 13:00:00,83909.0
2026-03-02T13,MIDW,Midwest,DF,Day-ahead demand forecast,86279,megawatthours,2026-03-02 13:00:00,86279.0
2026-03-02T13,MIDW,Midwest,NG,Net generation,85135,megawatthours,2026-03-02 13:00:00,85135.0
2026-03-02T13,MIDW,Midwest,TI,Total interchange,-1156,megawatthours,2026-03-02 13:00:00,-1156.0
2026-03-02T12,MIDW,Midwest,D,Demand,78994,megawatthours,2026-03-02 12:00:00,78994.0
2026-03-02T12,MIDW,Midwest,DF,Day-ahead demand forecast,81264,megawatthours,2026-03-02 12:00:00,81264.0
2026-03-02T12,MIDW,Midwest,NG,Net generation,80810,megawatthours,2026-03-02 12:00:00,80810.0
2026-03-02T12,MIDW,Midwest,TI,Total interchange,-500,megawatthours,2026-03-02 12:00:00,-500.0
2026-03-02T11,MIDW,Midwest,D,Demand,74587,megawatthours,2026-03-02 11:00:00,74587.0
2026-03-02T11,MIDW,Midwest,DF,Day-ahead demand forecast,76379,megawatthours,2026-03-02 11:00:00,76379.0
2026-03-02T11,MIDW,Midwest,NG,Net generation,76722,megawatthours,2026-03-02 11:00:00,76722.0
2026-03-02T11,MIDW,Midwest,TI,Total interchange,-23,megawatthours,2026-03-02 11:00:00,-23.0
2026-03-02T10,MIDW,Midwest,D,Demand,72346,megawatthours,2026-03-02 10:00:00,72346.0
2026-03-02T10,MIDW,Midwest,DF,Day-ahead demand forecast,73514,megawatthours,2026-03-02 10:00:00,73514.0
2026-03-02T10,MIDW,Midwest,NG,Net generation,74904,megawatthours,2026-03-02 10:00:00,74904.0
2026-03-02T10,MIDW,Midwest,TI,Total interchange,523,megawatthours,2026-03-02 10:00:00,523.0
2026-03-02T09,MIDW,Midwest,D,Demand,71583,megawatthours,2026-03-02 09:00:00,71583.0
2026-03-02T09,MIDW,Midwest,DF,Day-ahead demand forecast,72484,megawatthours,2026-03-02 09:00:00,72484.0
2026-03-02T09,MIDW,Midwest,NG,Net generation,73684,megawatthours,2026-03-02 09:00:00,73684.0
2026-03-02T09,MIDW,Midwest,TI,Total interchange,261,megawatthours,2026-03-02 09:00:00,261.0
2026-03-02T08,MIDW,Midwest,D,Demand,72466,megawatthours,2026-03-02 08:00:00,72466.0
2026-03-02T08,MIDW,Midwest,DF,Day-ahead demand forecast,72780,megawatthours,2026-03-02 08:00:00,72780.0
2026-03-02T08,MIDW,Midwest,NG,Net generation,74055,megawatthours,2026-03-02 08:00:00,74055.0
2026-03-02T08,MIDW,Midwest,TI,Total interchange,-304,megawatthours,2026-03-02 08:00:00,-304.0
2026-03-02T07,MIDW,Midwest,D,Demand,73351,megawatthours,2026-03-02 07:00:00,73351.0
2026-03-02T07,MIDW,Midwest,DF,Day-ahead demand forecast,73785,megawatthours,2026-03-02 07:00:00,73785.0
2026-03-02T07,MIDW,Midwest,NG,Net generation,74724,megawatthours,2026-03-02 07:00:00,74724.0
2026-03-02T07,MIDW,Midwest,TI,Total interchange,-598,megawatthours,2026-03-02 07:00:00,-598.0
2026-03-02T06,MIDW,Midwest,D,Demand,74722,megawatthours,2026-03-02 06:00:00,74722.0
2026-03-02T06,MIDW,Midwest,DF,Day-ahead demand forecast,75122,megawatthours,2026-03-02 06:00:00,75122.0
2026-03-02T06,MIDW,Midwest,NG,Net generation,75916,megawatthours,2026-03-02 06:00:00,75916.0
2026-03-02T06,MIDW,Midwest,TI,Total interchange,-647,megawatthours,2026-03-02 06:00:00,-647.0
2026-03-02T05,MIDW,Midwest,D,Demand,76848,megawatthours,2026-03-02 05:00:00,76848.0
2026-03-02T05,MIDW,Midwest,DF,Day-ahead demand forecast,77359,megawatthours,2026-03-02 05:00:00,77359.0
2026-03-02T05,MIDW,Midwest,NG,Net generation,77186,megawatthours,2026-03-02 05:00:00,77186.0
2026-03-02T05,MIDW,Midwest,TI,Total interchange,-1516,megawatthours,2026-03-02 05:00:00,-1516.0
2026-03-02T04,MIDW,Midwest,D,Demand,79338,megawatthours,2026-03-02 04:00:00,79338.0
2026-03-02T04,MIDW,Midwest,DF,Day-ahead demand forecast,79756,megawatthours,2026-03-02 04:00:00,79756.0
2026-03-02T04,MIDW,Midwest,NG,Net generation,79783,megawatthours,2026-03-02 04:00:00,79783.0
2026-03-02T04,MIDW,Midwest,TI,Total interchange,-1628,megawatthours,2026-03-02 04:00:00,-1628.0
2026-03-02T03,MIDW,Midwest,D,Demand,81286,megawatthours,2026-03-02 03:00:00,81286.0
2026-03-02T03,MIDW,Midwest,DF,Day-ahead demand forecast,82093,megawatthours,2026-03-02 03:00:00,82093.0
2026-03-02T03,MIDW,Midwest,NG,Net generation,82158,megawatthours,2026-03-02 03:00:00,82158.0
2026-03-02T03,MIDW,Midwest,TI,Total interchange,-1373,megawatthours,2026-03-02 03:00:00,-1373.0
2026-03-02T02,MIDW,Midwest,D,Demand,82901,megawatthours,2026-03-02 02:00:00,82901.0
2026-03-02T02,MIDW,Midwest,DF,Day-ahead demand forecast,83660,megawatthours,2026-03-02 02:00:00,83660.0
2026-03-02T02,MIDW,Midwest,NG,Net generation,83242,megawatthours,2026-03-02 02:00:00,83242.0
2026-03-02T02,MIDW,Midwest,TI,Total interchange,-1720,megawatthours,2026-03-02 02:00:00,-1720.0
2026-03-02T01,MIDW,Midwest,D,Demand,83247,megawatthours,2026-03-02 01:00:00,83247.0
2026-03-02T01,MIDW,Midwest,DF,Day-ahead demand forecast,83930,megawatthours,2026-03-02 01:00:00,83930.0
2026-03-02T01,MIDW,Midwest,NG,Net generation,82961,megawatthours,2026-03-02 01:00:00,82961.0
2026-03-02T01,MIDW,Midwest,TI,Total interchange,-2396,megawatthours,2026-03-02 01:00:00,-2396.0
2026-03-02T00,MIDW,Midwest,D,Demand,80661,megawatthours,2026-03-02 00:00:00,80661.0
2026-03-02T00,MIDW,Midwest,DF,Day-ahead demand forecast,81873,megawatthours,2026-03-02 00:00:00,81873.0
2026-03-02T00,MIDW,Midwest,NG,Net generation,80576,megawatthours,2026-03-02 00:00:00,80576.0
2026-03-02T00,MIDW,Midwest,TI,Total interchange,-2206,megawatthours,2026-03-02 00:00:00,-2206.0
2026-03-01T23,MIDW,Midwest,D,Demand,77733,megawatthours,2026-03-01 23:00:00,77733.0
2026-03-01T23,MIDW,Midwest,DF,Day-ahead demand forecast,79109,megawatthours,2026-03-01 23:00:00,79109.0
2026-03-01T23,MIDW,Midwest,NG,Net generation,77988,megawatthours,2026-03-01 23:00:00,77988.0
2026-03-01T23,MIDW,Midwest,TI,Total interchange,-1706,megawatthours,2026-03-01 23:00:00,-1706.0
2026-03-01T22,MIDW,Midwest,D,Demand,75169,megawatthours,2026-03-01 22:00:00,75169.0
2026-03-01T22,MIDW,Midwest,DF,Day-ahead demand forecast,76844,megawatthours,2026-03-01 22:00:00,76844.0
2026-03-01T22,MIDW,Midwest,NG,Net generation,75278,megawatthours,2026-03-01 22:00:00,75278.0
2026-03-01T22,MIDW,Midwest,TI,Total interchange,-1540,megawatthours,2026-03-01 22:00:00,-1540.0
2026-03-01T21,MIDW,Midwest,D,Demand,74732,megawatthours,2026-03-01 21:00:00,74732.0
2026-03-01T21,MIDW,Midwest,DF,Day-ahead demand forecast,75750,megawatthours,2026-03-01 21:00:00,75750.0
2026-03-01T21,MIDW,Midwest,NG,Net generation,74726,megawatthours,2026-03-01 21:00:00,74726.0
2026-03-01T21,MIDW,Midwest,TI,Total interchange,-1615,megawatthours,2026-03-01 21:00:00,-1615.0
2026-03-01T20,MIDW,Midwest,D,Demand,74738,megawatthours,2026-03-01 20:00:00,74738.0
2026-03-01T20,MIDW,Midwest,DF,Day-ahead demand forecast,75644,megawatthours,2026-03-01 20:00:00,75644.0
2026-03-01T20,MIDW,Midwest,NG,Net generation,74275,megawatthours,2026-03-01 20:00:00,74275.0
2026-03-01T20,MIDW,Midwest,TI,Total interchange,-1969,megawatthours,2026-03-01 20:00:00,-1969.0
2026-03-01T19,MIDW,Midwest,D,Demand,74897,megawatthours,2026-03-01 19:00:00,74897.0
2026-03-01T19,MIDW,Midwest,DF,Day-ahead demand forecast,75878,megawatthours,2026-03-01 19:00:00,75878.0
2026-03-01T19,MIDW,Midwest,NG,Net generation,74346,megawatthours,2026-03-01 19:00:00,74346.0
2026-03-01T19,MIDW,Midwest,TI,Total interchange,-2090,megawatthours,2026-03-01 19:00:00,-2090.0
2026-03-01T18,MIDW,Midwest,D,Demand,75410,megawatthours,2026-03-01 18:00:00,75410.0
2026-03-01T18,MIDW,Midwest,DF,Day-ahead demand forecast,75991,megawatthours,2026-03-01 18:00:00,75991.0
2026-03-01T18,MIDW,Midwest,NG,Net generation,75039,megawatthours,2026-03-01 18:00:00,75039.0
2026-03-01T18,MIDW,Midwest,TI,Total interchange,-1956,megawatthours,2026-03-01 18:00:00,-1956.0
2026-03-01T17,MIDW,Midwest,D,Demand,75151,megawatthours,2026-03-01 17:00:00,75151.0
2026-03-01T17,MIDW,Midwest,DF,Day-ahead demand forecast,76145,megawatthours,2026-03-01 17:00:00,76145.0
2026-03-01T17,MIDW,Midwest,NG,Net generation,74513,megawatthours,2026-03-01 17:00:00,74513.0
2026-03-01T17,MIDW,Midwest,TI,Total interchange,-2160,megawatthours,2026-03-01 17:00:00,-2160.0
2026-03-01T16,MIDW,Midwest,D,Demand,75692,megawatthours,2026-03-01 16:00:00,75692.0
2026-03-01T16,MIDW,Midwest,DF,Day-ahead demand forecast,76381,megawatthours,2026-03-01 16:00:00,76381.0
2026-03-01T16,MIDW,Midwest,NG,Net generation,74934,megawatthours,2026-03-01 16:00:00,74934.0
2026-03-01T16,MIDW,Midwest,TI,Total interchange,-2397,megawatthours,2026-03-01 16:00:00,-2397.0
2026-03-01T15,MIDW,Midwest,D,Demand,75877,megawatthours,2026-03-01 15:00:00,75877.0
2026-03-01T15,MIDW,Midwest,DF,Day-ahead demand forecast,76288,megawatthours,2026-03-01 15:00:00,76288.0
2026-03-01T15,MIDW,Midwest,NG,Net generation,75258,megawatthours,2026-03-01 15:00:00,75258.0
2026-03-01T15,MIDW,Midwest,TI,Total interchange,-2351,megawatthours,2026-03-01 15:00:00,-2351.0
2026-03-01T14,MIDW,Midwest,D,Demand,74538,megawatthours,2026-03-01 14:00:00,74538.0
2026-03-01T14,MIDW,Midwest,DF,Day-ahead demand forecast,75611,megawatthours,2026-03-01 14:00:00,75611.0
2026-03-01T14,MIDW,Midwest,NG,Net generation,72887,megawatthours,2026-03-01 14:00:00,72887.0
2026-03-01T14,MIDW,Midwest,TI,Total interchange,-3279,megawatthours,2026-03-01 14:00:00,-3279.0
2026-03-01T13,MIDW,Midwest,D,Demand,72897,megawatthours,2026-03-01 13:00:00,72897.0
2026-03-01T13,MIDW,Midwest,DF,Day-ahead demand forecast,74280,megawatthours,2026-03-01 13:00:00,74280.0
2026-03-01T13,MIDW,Midwest,NG,Net generation,70970,megawatthours,2026-03-01 13:00:00,70970.0
2026-03-01T13,MIDW,Midwest,TI,Total interchange,-3700,megawatthours,2026-03-01 13:00:00,-3700.0
2026-03-01T12,MIDW,Midwest,D,Demand,70845,megawatthours,2026-03-01 12:00:00,70845.0
2026-03-01T12,MIDW,Midwest,DF,Day-ahead demand forecast,72377,megawatthours,2026-03-01 12:00:00,72377.0
2026-03-01T12,MIDW,Midwest,NG,Net generation,69226,megawatthours,2026-03-01 12:00:00,69226.0
2026-03-01T12,MIDW,Midwest,TI,Total interchange,-3526,megawatthours,2026-03-01 12:00:00,-3526.0
2026-03-01T11,MIDW,Midwest,D,Demand,69402,megawatthours,2026-03-01 11:00:00,69402.0
2026-03-01T11,MIDW,Midwest,DF,Day-ahead demand forecast,70959,megawatthours,2026-03-01 11:00:00,70959.0
2026-03-01T11,MIDW,Midwest,NG,Net generation,67877,megawatthours,2026-03-01 11:00:00,67877.0
2026-03-01T11,MIDW,Midwest,TI,Total interchange,-3277,megawatthours,2026-03-01 11:00:00,-3277.0
2026-03-01T10,MIDW,Midwest,D,Demand,68642,megawatthours,2026-03-01 10:00:00,68642.0
2026-03-01T10,MIDW,Midwest,DF,Day-ahead demand forecast,70097,megawatthours,2026-03-01 10:00:00,70097.0
2026-03-01T10,MIDW,Midwest,NG,Net generation,66904,megawatthours,2026-03-01 10:00:00,66904.0
2026-03-01T10,MIDW,Midwest,TI,Total interchange,-3406,megawatthours,2026-03-01 10:00:00,-3406.0
2026-03-01T09,MIDW,Midwest,D,Demand,68339,megawatthours,2026-03-01 09:00:00,68339.0
2026-03-01T09,MIDW,Midwest,DF,Day-ahead demand forecast,69987,megawatthours,2026-03-01 09:00:00,69987.0
2026-03-01T09,MIDW,Midwest,NG,Net generation,66393,megawatthours,2026-03-01 09:00:00,66393.0
2026-03-01T09,MIDW,Midwest,TI,Total interchange,-3607,megawatthours,2026-03-01 09:00:00,-3607.0
2026-03-01T08,MIDW,Midwest,D,Demand,69241,megawatthours,2026-03-01 08:00:00,69241.0
2026-03-01T08,MIDW,Midwest,DF,Day-ahead demand forecast,70261,megawatthours,2026-03-01 08:00:00,70261.0
2026-03-01T08,MIDW,Midwest,NG,Net generation,66945,megawatthours,2026-03-01 08:00:00,66945.0
2026-03-01T08,MIDW,Midwest,TI,Total interchange,-3976,megawatthours,2026-03-01 08:00:00,-3976.0
2026-03-01T07,MIDW,Midwest,D,Demand,69973,megawatthours,2026-03-01 07:00:00,69973.0
2026-03-01T07,MIDW,Midwest,DF,Day-ahead demand forecast,70882,megawatthours,2026-03-01 07:00:00,70882.0
2026-03-01T07,MIDW,Midwest,NG,Net generation,67408,megawatthours,2026-03-01 07:00:00,67408.0
2026-03-01T07,MIDW,Midwest,TI,Total interchange,-4283,megawatthours,2026-03-01 07:00:00,-4283.0
2026-03-01T06,MIDW,Midwest,D,Demand,71145,megawatthours,2026-03-01 06:00:00,71145.0
2026-03-01T06,MIDW,Midwest,DF,Day-ahead demand forecast,72184,megawatthours,2026-03-01 06:00:00,72184.0
2026-03-01T06,MIDW,Midwest,NG,Net generation,69149,megawatthours,2026-03-01 06:00:00,69149.0
2026-03-01T06,MIDW,Midwest,TI,Total interchange,-3892,megawatthours,2026-03-01 06:00:00,-3892.0
2026-03-01T05,MIDW,Midwest,D,Demand,73251,megawatthours,2026-03-01 05:00:00,73251.0
2026-03-01T05,MIDW,Midwest,DF,Day-ahead demand forecast,74805,megawatthours,2026-03-01 05:00:00,74805.0
2026-03-01T05,MIDW,Midwest,NG,Net generation,71704,megawatthours,2026-03-01 05:00:00,71704.0
2026-03-01T05,MIDW,Midwest,TI,Total interchange,-3460,megawatthours,2026-03-01 05:00:00,-3460.0
2026-03-01T04,MIDW,Midwest,D,Demand,75140,megawatthours,2026-03-01 04:00:00,75140.0
2026-03-01T04,MIDW,Midwest,DF,Day-ahead demand forecast,76982,megawatthours,2026-03-01 04:00:00,76982.0
2026-03-01T04,MIDW,Midwest,NG,Net generation,73213,megawatthours,2026-03-01 04:00:00,73213.0
2026-03-01T04,MIDW,Midwest,TI,Total interchange,-3930,megawatthours,2026-03-01 04:00:00,-3930.0
2026-03-01T03,MIDW,Midwest,D,Demand,76489,megawatthours,2026-03-01 03:00:00,76489.0
2026-03-01T03,MIDW,Midwest,DF,Day-ahead demand forecast,78396,megawatthours,2026-03-01 03:00:00,78396.0
2026-03-01T03,MIDW,Midwest,NG,Net generation,74094,megawatthours,2026-03-01 03:00:00,74094.0
2026-03-01T03,MIDW,Midwest,TI,Total interchange,-4639,megawatthours,2026-03-01 03:00:00,-4639.0
2026-03-01T02,MIDW,Midwest,D,Demand,77858,megawatthours,2026-03-01 02:00:00,77858.0
2026-03-01T02,MIDW,Midwest,DF,Day-ahead demand forecast,79509,megawatthours,2026-03-01 02:00:00,79509.0
2026-03-01T02,MIDW,Midwest,NG,Net generation,75863,megawatthours,2026-03-01 02:00:00,75863.0
2026-03-01T02,MIDW,Midwest,TI,Total interchange,-4372,megawatthours,2026-03-01 02:00:00,-4372.0
2026-03-01T01,MIDW,Midwest,D,Demand,78308,megawatthours,2026-03-01 01:00:00,78308.0
2026-03-01T01,MIDW,Midwest,DF,Day-ahead demand forecast,79898,megawatthours,2026-03-01 01:00:00,79898.0
2026-03-01T01,MIDW,Midwest,NG,Net generation,77353,megawatthours,2026-03-01 01:00:00,77353.0
2026-03-01T01,MIDW,Midwest,TI,Total interchange,-3297,megawatthours,2026-03-01 01:00:00,-3297.0
2026-03-01T00,MIDW,Midwest,D,Demand,77033,megawatthours,2026-03-01 00:00:00,77033.0
2026-03-01T00,MIDW,Midwest,DF,Day-ahead demand forecast,78758,megawatthours,2026-03-01 00:00:00,78758.0
2026-03-01T00,MIDW,Midwest,NG,Net generation,76443,megawatthours,2026-03-01 00:00:00,76443.0
2026-03-01T00,MIDW,Midwest,TI,Total interchange,-2945,megawatthours,2026-03-01 00:00:00,-2945.0
2026-02-28T23,MIDW,Midwest,D,Demand,75665,megawatthours,2026-02-28 23:00:00,75665.0
2026-02-28T23,MIDW,Midwest,DF,Day-ahead demand forecast,77160,megawatthours,2026-02-28 23:00:00,77160.0
2026-02-28T23,MIDW,Midwest,NG,Net generation,75645,megawatthours,2026-02-28 23:00:00,75645.0
2026-02-28T23,MIDW,Midwest,TI,Total interchange,-2208,megawatthours,2026-02-28 23:00:00,-2208.0
2026-02-28T22,MIDW,Midwest,D,Demand,74553,megawatthours,2026-02-28 22:00:00,74553.0
2026-02-28T22,MIDW,Midwest,DF,Day-ahead demand forecast,75976,megawatthours,2026-02-28 22:00:00,75976.0
2026-02-28T22,MIDW,Midwest,NG,Net generation,74540,megawatthours,2026-02-28 22:00:00,74540.0
2026-02-28T22,MIDW,Midwest,TI,Total interchange,-1927,megawatthours,2026-02-28 22:00:00,-1927.0
2026-02-28T21,MIDW,Midwest,D,Demand,74348,megawatthours,2026-02-28 21:00:00,74348.0
2026-02-28T21,MIDW,Midwest,DF,Day-ahead demand forecast,75891,megawatthours,2026-02-28 21:00:00,75891.0
2026-02-28T21,MIDW,Midwest,NG,Net generation,73998,megawatthours,2026-02-28 21:00:00,73998.0
2026-02-28T21,MIDW,Midwest,TI,Total interchange,-2241,megawatthours,2026-02-28 21:00:00,-2241.0
2026-02-28T20,MIDW,Midwest,D,Demand,74062,megawatthours,2026-02-28 20:00:00,74062.0
2026-02-28T20,MIDW,Midwest,DF,Day-ahead demand forecast,76374,megawatthours,2026-02-28 20:00:00,76374.0
2026-02-28T20,MIDW,Midwest,NG,Net generation,73486,megawatthours,2026-02-28 20:00:00,73486.0
2026-02-28T20,MIDW,Midwest,TI,Total interchange,-2395,megawatthours,2026-02-28 20:00:00,-2395.0
2026-02-28T19,MIDW,Midwest,D,Demand,73959,megawatthours,2026-02-28 19:00:00,73959.0
2026-02-28T19,MIDW,Midwest,DF,Day-ahead demand forecast,76621,megawatthours,2026-02-28 19:00:00,76621.0
2026-02-28T19,MIDW,Midwest,NG,Net generation,73186,megawatthours,2026-02-28 19:00:00,73186.0
2026-02-28T19,MIDW,Midwest,TI,Total interchange,-2458,megawatthours,2026-02-28 19:00:00,-2458.0
2026-02-28T18,MIDW,Midwest,D,Demand,74559,megawatthours,2026-02-28 18:00:00,74559.0
2026-02-28T18,MIDW,Midwest,DF,Day-ahead demand forecast,76626,megawatthours,2026-02-28 18:00:00,76626.0
2026-02-28T18,MIDW,Midwest,NG,Net generation,74224,megawatthours,2026-02-28 18:00:00,74224.0
2026-02-28T18,MIDW,Midwest,TI,Total interchange,-2084,megawatthours,2026-02-28 18:00:00,-2084.0
2026-02-28T17,MIDW,Midwest,D,Demand,75389,megawatthours,2026-02-28 17:00:00,75389.0
2026-02-28T17,MIDW,Midwest,DF,Day-ahead demand forecast,76910,megawatthours,2026-02-28 17:00:00,76910.0
2026-02-28T17,MIDW,Midwest,NG,Net generation,75428,megawatthours,2026-02-28 17:00:00,75428.0
2026-02-28T17,MIDW,Midwest,TI,Total interchange,-1683,megawatthours,2026-02-28 17:00:00,-1683.0
2026-02-28T16,MIDW,Midwest,D,Demand,75537,megawatthours,2026-02-28 16:00:00,75537.0
2026-02-28T16,MIDW,Midwest,DF,Day-ahead demand forecast,77128,megawatthours,2026-02-28 16:00:00,77128.0
2026-02-28T16,MIDW,Midwest,NG,Net generation,75419,megawatthours,2026-02-28 16:00:00,75419.0
2026-02-28T16,MIDW,Midwest,TI,Total interchange,-1806,megawatthours,2026-02-28 16:00:00,-1806.0
2026-02-28T15,MIDW,Midwest,D,Demand,75140,megawatthours,2026-02-28 15:00:00,75140.0
2026-02-28T15,MIDW,Midwest,DF,Day-ahead demand forecast,77011,megawatthours,2026-02-28 15:00:00,77011.0
2026-02-28T15,MIDW,Midwest,NG,Net generation,75366,megawatthours,2026-02-28 15:00:00,75366.0
2026-02-28T15,MIDW,Midwest,TI,Total interchange,-1412,megawatthours,2026-02-28 15:00:00,-1412.0
2026-02-28T14,MIDW,Midwest,D,Demand,74211,megawatthours,2026-02-28 14:00:00,74211.0
2026-02-28T14,MIDW,Midwest,DF,Day-ahead demand forecast,76308,megawatthours,2026-02-28 14:00:00,76308.0
2026-02-28T14,MIDW,Midwest,NG,Net generation,74084,megawatthours,2026-02-28 14:00:00,74084.0
2026-02-28T14,MIDW,Midwest,TI,Total interchange,-1706,megawatthours,2026-02-28 14:00:00,-1706.0
2026-02-28T13,MIDW,Midwest,D,Demand,72595,megawatthours,2026-02-28 13:00:00,72595.0
2026-02-28T13,MIDW,Midwest,DF,Day-ahead demand forecast,74697,megawatthours,2026-02-28 13:00:00,74697.0
2026-02-28T13,MIDW,Midwest,NG,Net generation,72444,megawatthours,2026-02-28 13:00:00,72444.0
2026-02-28T13,MIDW,Midwest,TI,Total interchange,-1912,megawatthours,2026-02-28 13:00:00,-1912.0
2026-02-28T12,MIDW,Midwest,D,Demand,70132,megawatthours,2026-02-28 12:00:00,70132.0
2026-02-28T12,MIDW,Midwest,DF,Day-ahead demand forecast,72385,megawatthours,2026-02-28 12:00:00,72385.0
2026-02-28T12,MIDW,Midwest,NG,Net generation,70576,megawatthours,2026-02-28 12:00:00,70576.0
2026-02-28T12,MIDW,Midwest,TI,Total interchange,-1280,megawatthours,2026-02-28 12:00:00,-1280.0
2026-02-28T11,MIDW,Midwest,D,Demand,68306,megawatthours,2026-02-28 11:00:00,68306.0
2026-02-28T11,MIDW,Midwest,DF,Day-ahead demand forecast,70866,megawatthours,2026-02-28 11:00:00,70866.0
2026-02-28T11,MIDW,Midwest,NG,Net generation,68803,megawatthours,2026-02-28 11:00:00,68803.0
2026-02-28T11,MIDW,Midwest,TI,Total interchange,-1204,megawatthours,2026-02-28 11:00:00,-1204.0
2026-02-28T10,MIDW,Midwest,D,Demand,68271,megawatthours,2026-02-28 10:00:00,68271.0
2026-02-28T10,MIDW,Midwest,DF,Day-ahead demand forecast,69684,megawatthours,2026-02-28 10:00:00,69684.0
2026-02-28T10,MIDW,Midwest,NG,Net generation,68747,megawatthours,2026-02-28 10:00:00,68747.0
2026-02-28T10,MIDW,Midwest,TI,Total interchange,-1325,megawatthours,2026-02-28 10:00:00,-1325.0
2026-02-28T09,MIDW,Midwest,D,Demand,68367,megawatthours,2026-02-28 09:00:00,68367.0
2026-02-28T09,MIDW,Midwest,DF,Day-ahead demand forecast,69400,megawatthours,2026-02-28 09:00:00,69400.0
2026-02-28T09,MIDW,Midwest,NG,Net generation,68999,megawatthours,2026-02-28 09:00:00,68999.0
2026-02-28T09,MIDW,Midwest,TI,Total interchange,-1160,megawatthours,2026-02-28 09:00:00,-1160.0
2026-02-28T08,MIDW,Midwest,D,Demand,68586,megawatthours,2026-02-28 08:00:00,68586.0
2026-02-28T08,MIDW,Midwest,DF,Day-ahead demand forecast,69769,megawatthours,2026-02-28 08:00:00,69769.0
2026-02-28T08,MIDW,Midwest,NG,Net generation,69048,megawatthours,2026-02-28 08:00:00,69048.0
2026-02-28T08,MIDW,Midwest,TI,Total interchange,-1438,megawatthours,2026-02-28 08:00:00,-1438.0
2026-02-28T07,MIDW,Midwest,D,Demand,69402,megawatthours,2026-02-28 07:00:00,69402.0
2026-02-28T07,MIDW,Midwest,DF,Day-ahead demand forecast,70813,megawatthours,2026-02-28 07:00:00,70813.0
2026-02-28T07,MIDW,Midwest,NG,Net generation,70092,megawatthours,2026-02-28 07:00:00,70092.0
2026-02-28T07,MIDW,Midwest,TI,Total interchange,-1366,megawatthours,2026-02-28 07:00:00,-1366.0
2026-02-28T06,MIDW,Midwest,D,Demand,70395,megawatthours,2026-02-28 06:00:00,70395.0
2026-02-28T06,MIDW,Midwest,DF,Day-ahead demand forecast,72345,megawatthours,2026-02-28 06:00:00,72345.0
2026-02-28T06,MIDW,Midwest,NG,Net generation,71401,megawatthours,2026-02-28 06:00:00,71401.0
2026-02-28T06,MIDW,Midwest,TI,Total interchange,-1086,megawatthours,2026-02-28 06:00:00,-1086.0
2026-02-28T05,MIDW,Midwest,D,Demand,72136,megawatthours,2026-02-28 05:00:00,72136.0
2026-02-28T05,MIDW,Midwest,DF,Day-ahead demand forecast,75008,megawatthours,2026-02-28 05:00:00,75008.0
2026-02-28T05,MIDW,Midwest,NG,Net generation,73413,megawatthours,2026-02-28 05:00:00,73413.0
2026-02-28T05,MIDW,Midwest,TI,Total interchange,-709,megawatthours,2026-02-28 05:00:00,-709.0
2026-02-28T04,MIDW,Midwest,D,Demand,74401,megawatthours,2026-02-28 04:00:00,74401.0
2026-02-28T04,MIDW,Midwest,DF,Day-ahead demand forecast,77318,megawatthours,2026-02-28 04:00:00,77318.0
2026-02-28T04,MIDW,Midwest,NG,Net generation,75690,megawatthours,2026-02-28 04:00:00,75690.0
2026-02-28T04,MIDW,Midwest,TI,Total interchange,-1054,megawatthours,2026-02-28 04:00:00,-1054.0
2026-02-28T03,MIDW,Midwest,D,Demand,76675,megawatthours,2026-02-28 03:00:00,76675.0
2026-02-28T03,MIDW,Midwest,DF,Day-ahead demand forecast,79413,megawatthours,2026-02-28 03:00:00,79413.0
2026-02-28T03,MIDW,Midwest,NG,Net generation,78423,megawatthours,2026-02-28 03:00:00,78423.0
2026-02-28T03,MIDW,Midwest,TI,Total interchange,-609,megawatthours,2026-02-28 03:00:00,-609.0
2026-02-28T02,MIDW,Midwest,D,Demand,78048,megawatthours,2026-02-28 02:00:00,78048.0
2026-02-28T02,MIDW,Midwest,DF,Day-ahead demand forecast,80895,megawatthours,2026-02-28 02:00:00,80895.0
2026-02-28T02,MIDW,Midwest,NG,Net generation,80301,megawatthours,2026-02-28 02:00:00,80301.0
2026-02-28T02,MIDW,Midwest,TI,Total interchange,-301,megawatthours,2026-02-28 02:00:00,-301.0
2026-02-28T01,MIDW,Midwest,D,Demand,78961,megawatthours,2026-02-28 01:00:00,78961.0
2026-02-28T01,MIDW,Midwest,DF,Day-ahead demand forecast,81326,megawatthours,2026-02-28 01:00:00,81326.0
2026-02-28T01,MIDW,Midwest,NG,Net generation,81087,megawatthours,2026-02-28 01:00:00,81087.0
2026-02-28T01,MIDW,Midwest,TI,Total interchange,-389,megawatthours,2026-02-28 01:00:00,-389.0
2026-02-28T00,MIDW,Midwest,D,Demand,77591,megawatthours,2026-02-28 00:00:00,77591.0
2026-02-28T00,MIDW,Midwest,DF,Day-ahead demand forecast,79796,megawatthours,2026-02-28 00:00:00,79796.0
2026-02-28T00,MIDW,Midwest,NG,Net generation,79973,megawatthours,2026-02-28 00:00:00,79973.0
2026-02-28T00,MIDW,Midwest,TI,Total interchange,-198,megawatthours,2026-02-28 00:00:00,-198.0
2026-02-27T23,MIDW,Midwest,D,Demand,76197,megawatthours,2026-02-27 23:00:00,76197.0
2026-02-27T23,MIDW,Midwest,DF,Day-ahead demand forecast,77984,megawatthours,2026-02-27 23:00:00,77984.0
2026-02-27T23,MIDW,Midwest,NG,Net generation,79517,megawatthours,2026-02-27 23:00:00,79517.0
2026-02-27T23,MIDW,Midwest,TI,Total interchange,789,megawatthours,2026-02-27 23:00:00,789.0
2026-02-27T22,MIDW,Midwest,D,Demand,75323,megawatthours,2026-02-27 22:00:00,75323.0
2026-02-27T22,MIDW,Midwest,DF,Day-ahead demand forecast,77016,megawatthours,2026-02-27 22:00:00,77016.0
2026-02-27T22,MIDW,Midwest,NG,Net generation,79200,megawatthours,2026-02-27 22:00:00,79200.0
2026-02-27T22,MIDW,Midwest,TI,Total interchange,1609,megawatthours,2026-02-27 22:00:00,1609.0
2026-02-27T21,MIDW,Midwest,D,Demand,75535,megawatthours,2026-02-27 21:00:00,75535.0
2026-02-27T21,MIDW,Midwest,DF,Day-ahead demand forecast,77028,megawatthours,2026-02-27 21:00:00,77028.0
2026-02-27T21,MIDW,Midwest,NG,Net generation,79236,megawatthours,2026-02-27 21:00:00,79236.0
2026-02-27T21,MIDW,Midwest,TI,Total interchange,1582,megawatthours,2026-02-27 21:00:00,1582.0
2026-02-27T20,MIDW,Midwest,D,Demand,75686,megawatthours,2026-02-27 20:00:00,75686.0
2026-02-27T20,MIDW,Midwest,DF,Day-ahead demand forecast,77663,megawatthours,2026-02-27 20:00:00,77663.0
2026-02-27T20,MIDW,Midwest,NG,Net generation,78607,megawatthours,2026-02-27 20:00:00,78607.0
2026-02-27T20,MIDW,Midwest,TI,Total interchange,878,megawatthours,2026-02-27 20:00:00,878.0
2026-02-27T19,MIDW,Midwest,D,Demand,76245,megawatthours,2026-02-27 19:00:00,76245.0
2026-02-27T19,MIDW,Midwest,DF,Day-ahead demand forecast,78352,megawatthours,2026-02-27 19:00:00,78352.0
2026-02-27T19,MIDW,Midwest,NG,Net generation,78387,megawatthours,2026-02-27 19:00:00,78387.0
2026-02-27T19,MIDW,Midwest,TI,Total interchange,200,megawatthours,2026-02-27 19:00:00,200.0
2026-02-27T18,MIDW,Midwest,D,Demand,76572,megawatthours,2026-02-27 18:00:00,76572.0
2026-02-27T18,MIDW,Midwest,DF,Day-ahead demand forecast,79300,megawatthours,2026-02-27 18:00:00,79300.0
2026-02-27T18,MIDW,Midwest,NG,Net generation,79415,megawatthours,2026-02-27 18:00:00,79415.0
2026-02-27T18,MIDW,Midwest,TI,Total interchange,725,megawatthours,2026-02-27 18:00:00,725.0
2026-02-27T17,MIDW,Midwest,D,Demand,77554,megawatthours,2026-02-27 17:00:00,77554.0
2026-02-27T17,MIDW,Midwest,DF,Day-ahead demand forecast,80694,megawatthours,2026-02-27 17:00:00,80694.0
2026-02-27T17,MIDW,Midwest,NG,Net generation,80542,megawatthours,2026-02-27 17:00:00,80542.0
2026-02-27T17,MIDW,Midwest,TI,Total interchange,890,megawatthours,2026-02-27 17:00:00,890.0
2026-02-27T16,MIDW,Midwest,D,Demand,79080,megawatthours,2026-02-27 16:00:00,79080.0
2026-02-27T16,MIDW,Midwest,DF,Day-ahead demand forecast,82419,megawatthours,2026-02-27 16:00:00,82419.0
2026-02-27T16,MIDW,Midwest,NG,Net generation,82436,megawatthours,2026-02-27 16:00:00,82436.0
2026-02-27T16,MIDW,Midwest,TI,Total interchange,1258,megawatthours,2026-02-27 16:00:00,1258.0
2026-02-27T15,MIDW,Midwest,D,Demand,81090,megawatthours,2026-02-27 15:00:00,81090.0
2026-02-27T15,MIDW,Midwest,DF,Day-ahead demand forecast,84392,megawatthours,2026-02-27 15:00:00,84392.0
2026-02-27T15,MIDW,Midwest,NG,Net generation,84590,megawatthours,2026-02-27 15:00:00,84590.0
2026-02-27T15,MIDW,Midwest,TI,Total interchange,1225,megawatthours,2026-02-27 15:00:00,1225.0
2026-02-27T14,MIDW,Midwest,D,Demand,83642,megawatthours,2026-02-27 14:00:00,83642.0
2026-02-27T14,MIDW,Midwest,DF,Day-ahead demand forecast,85835,megawatthours,2026-02-27 14:00:00,85835.0
2026-02-27T14,MIDW,Midwest,NG,Net generation,86588,megawatthours,2026-02-27 14:00:00,86588.0
2026-02-27T14,MIDW,Midwest,TI,Total interchange,557,megawatthours,2026-02-27 14:00:00,557.0
2026-02-27T13,MIDW,Midwest,D,Demand,82418,megawatthours,2026-02-27 13:00:00,82418.0
2026-02-27T13,MIDW,Midwest,DF,Day-ahead demand forecast,84811,megawatthours,2026-02-27 13:00:00,84811.0
2026-02-27T13,MIDW,Midwest,NG,Net generation,85215,megawatthours,2026-02-27 13:00:00,85215.0
2026-02-27T13,MIDW,Midwest,TI,Total interchange,100,megawatthours,2026-02-27 13:00:00,100.0
2026-02-27T12,MIDW,Midwest,D,Demand,77964,megawatthours,2026-02-27 12:00:00,77964.0
2026-02-27T12,MIDW,Midwest,DF,Day-ahead demand forecast,80595,megawatthours,2026-02-27 12:00:00,80595.0
2026-02-27T12,MIDW,Midwest,NG,Net generation,81693,megawatthours,2026-02-27 12:00:00,81693.0
2026-02-27T12,MIDW,Midwest,TI,Total interchange,1194,megawatthours,2026-02-27 12:00:00,1194.0
2026-02-27T11,MIDW,Midwest,D,Demand,73796,megawatthours,2026-02-27 11:00:00,73796.0
2026-02-27T11,MIDW,Midwest,DF,Day-ahead demand forecast,76429,megawatthours,2026-02-27 11:00:00,76429.0
2026-02-27T11,MIDW,Midwest,NG,Net generation,77871,megawatthours,2026-02-27 11:00:00,77871.0
2026-02-27T11,MIDW,Midwest,TI,Total interchange,1657,megawatthours,2026-02-27 11:00:00,1657.0
2026-02-27T10,MIDW,Midwest,D,Demand,72126,megawatthours,2026-02-27 10:00:00,72126.0
2026-02-27T10,MIDW,Midwest,DF,Day-ahead demand forecast,74604,megawatthours,2026-02-27 10:00:00,74604.0
2026-02-27T10,MIDW,Midwest,NG,Net generation,75500,megawatthours,2026-02-27 10:00:00,75500.0
2026-02-27T10,MIDW,Midwest,TI,Total interchange,1207,megawatthours,2026-02-27 10:00:00,1207.0
2026-02-27T09,MIDW,Midwest,D,Demand,72289,megawatthours,2026-02-27 09:00:00,72289.0
2026-02-27T09,MIDW,Midwest,DF,Day-ahead demand forecast,74344,megawatthours,2026-02-27 09:00:00,74344.0
2026-02-27T09,MIDW,Midwest,NG,Net generation,76000,megawatthours,2026-02-27 09:00:00,76000.0
2026-02-27T09,MIDW,Midwest,TI,Total interchange,1542,megawatthours,2026-02-27 09:00:00,1542.0
2026-02-27T08,MIDW,Midwest,D,Demand,72562,megawatthours,2026-02-27 08:00:00,72562.0
2026-02-27T08,MIDW,Midwest,DF,Day-ahead demand forecast,74680,megawatthours,2026-02-27 08:00:00,74680.0
2026-02-27T08,MIDW,Midwest,NG,Net generation,76105,megawatthours,2026-02-27 08:00:00,76105.0
2026-02-27T08,MIDW,Midwest,TI,Total interchange,1534,megawatthours,2026-02-27 08:00:00,1534.0
2026-02-27T07,MIDW,Midwest,D,Demand,73738,megawatthours,2026-02-27 07:00:00,73738.0
2026-02-27T07,MIDW,Midwest,DF,Day-ahead demand forecast,75667,megawatthours,2026-02-27 07:00:00,75667.0
2026-02-27T07,MIDW,Midwest,NG,Net generation,76963,megawatthours,2026-02-27 07:00:00,76963.0
2026-02-27T07,MIDW,Midwest,TI,Total interchange,1281,megawatthours,2026-02-27 07:00:00,1281.0
2026-02-27T06,MIDW,Midwest,D,Demand,75212,megawatthours,2026-02-27 06:00:00,75212.0
2026-02-27T06,MIDW,Midwest,DF,Day-ahead demand forecast,77291,megawatthours,2026-02-27 06:00:00,77291.0
2026-02-27T06,MIDW,Midwest,NG,Net generation,77404,megawatthours,2026-02-27 06:00:00,77404.0
2026-02-27T06,MIDW,Midwest,TI,Total interchange,443,megawatthours,2026-02-27 06:00:00,443.0
2026-02-27T05,MIDW,Midwest,D,Demand,77692,megawatthours,2026-02-27 05:00:00,77692.0
2026-02-27T05,MIDW,Midwest,DF,Day-ahead demand forecast,80436,megawatthours,2026-02-27 05:00:00,80436.0
2026-02-27T05,MIDW,Midwest,NG,Net generation,79088,megawatthours,2026-02-27 05:00:00,79088.0
2026-02-27T05,MIDW,Midwest,TI,Total interchange,-37,megawatthours,2026-02-27 05:00:00,-37.0
2026-02-27T04,MIDW,Midwest,D,Demand,80109,megawatthours,2026-02-27 04:00:00,80109.0
2026-02-27T04,MIDW,Midwest,DF,Day-ahead demand forecast,83131,megawatthours,2026-02-27 04:00:00,83131.0
2026-02-27T04,MIDW,Midwest,NG,Net generation,80670,megawatthours,2026-02-27 04:00:00,80670.0
2026-02-27T04,MIDW,Midwest,TI,Total interchange,-819,megawatthours,2026-02-27 04:00:00,-819.0
2026-02-27T03,MIDW,Midwest,D,Demand,82442,megawatthours,2026-02-27 03:00:00,82442.0
2026-02-27T03,MIDW,Midwest,DF,Day-ahead demand forecast,85947,megawatthours,2026-02-27 03:00:00,85947.0
2026-02-27T03,MIDW,Midwest,NG,Net generation,82741,megawatthours,2026-02-27 03:00:00,82741.0
2026-02-27T03,MIDW,Midwest,TI,Total interchange,-1183,megawatthours,2026-02-27 03:00:00,-1183.0
2026-02-27T02,MIDW,Midwest,D,Demand,83736,megawatthours,2026-02-27 02:00:00,83736.0
2026-02-27T02,MIDW,Midwest,DF,Day-ahead demand forecast,87605,megawatthours,2026-02-27 02:00:00,87605.0
2026-02-27T02,MIDW,Midwest,NG,Net generation,83648,megawatthours,2026-02-27 02:00:00,83648.0
2026-02-27T02,MIDW,Midwest,TI,Total interchange,-1507,megawatthours,2026-02-27 02:00:00,-1507.0
2026-02-27T01,MIDW,Midwest,D,Demand,83561,megawatthours,2026-02-27 01:00:00,83561.0
2026-02-27T01,MIDW,Midwest,DF,Day-ahead demand forecast,87722,megawatthours,2026-02-27 01:00:00,87722.0
2026-02-27T01,MIDW,Midwest,NG,Net generation,83109,megawatthours,2026-02-27 01:00:00,83109.0
2026-02-27T01,MIDW,Midwest,TI,Total interchange,-2073,megawatthours,2026-02-27 01:00:00,-2073.0
2026-02-27T00,MIDW,Midwest,D,Demand,80946,megawatthours,2026-02-27 00:00:00,80946.0
2026-02-27T00,MIDW,Midwest,DF,Day-ahead demand forecast,85637,megawatthours,2026-02-27 00:00:00,85637.0
2026-02-27T00,MIDW,Midwest,NG,Net generation,82227,megawatthours,2026-02-27 00:00:00,82227.0
2026-02-27T00,MIDW,Midwest,TI,Total interchange,-649,megawatthours,2026-02-27 00:00:00,-649.0
2026-02-26T23,MIDW,Midwest,D,Demand,78865,megawatthours,2026-02-26 23:00:00,78865.0
2026-02-26T23,MIDW,Midwest,DF,Day-ahead demand forecast,83400,megawatthours,2026-02-26 23:00:00,83400.0
2026-02-26T23,MIDW,Midwest,NG,Net generation,82450,megawatthours,2026-02-26 23:00:00,82450.0
2026-02-26T23,MIDW,Midwest,TI,Total interchange,1375,megawatthours,2026-02-26 23:00:00,1375.0
2026-02-26T22,MIDW,Midwest,D,Demand,77891,megawatthours,2026-02-26 22:00:00,77891.0
2026-02-26T22,MIDW,Midwest,DF,Day-ahead demand forecast,82242,megawatthours,2026-02-26 22:00:00,82242.0
2026-02-26T22,MIDW,Midwest,NG,Net generation,82502,megawatthours,2026-02-26 22:00:00,82502.0
2026-02-26T22,MIDW,Midwest,TI,Total interchange,2562,megawatthours,2026-02-26 22:00:00,2562.0
2026-02-26T21,MIDW,Midwest,D,Demand,78335,megawatthours,2026-02-26 21:00:00,78335.0
2026-02-26T21,MIDW,Midwest,DF,Day-ahead demand forecast,82170,megawatthours,2026-02-26 21:00:00,82170.0
2026-02-26T21,MIDW,Midwest,NG,Net generation,82842,megawatthours,2026-02-26 21:00:00,82842.0
2026-02-26T21,MIDW,Midwest,TI,Total interchange,2509,megawatthours,2026-02-26 21:00:00,2509.0
2026-02-26T20,MIDW,Midwest,D,Demand,79039,megawatthours,2026-02-26 20:00:00,79039.0
2026-02-26T20,MIDW,Midwest,DF,Day-ahead demand forecast,82917,megawatthours,2026-02-26 20:00:00,82917.0
2026-02-26T20,MIDW,Midwest,NG,Net generation,83524,megawatthours,2026-02-26 20:00:00,83524.0
2026-02-26T20,MIDW,Midwest,TI,Total interchange,2559,megawatthours,2026-02-26 20:00:00,2559.0
2026-02-26T19,MIDW,Midwest,D,Demand,80087,megawatthours,2026-02-26 19:00:00,80087.0
2026-02-26T19,MIDW,Midwest,DF,Day-ahead demand forecast,83706,megawatthours,2026-02-26 19:00:00,83706.0
2026-02-26T19,MIDW,Midwest,NG,Net generation,84024,megawatthours,2026-02-26 19:00:00,84024.0
2026-02-26T19,MIDW,Midwest,TI,Total interchange,2329,megawatthours,2026-02-26 19:00:00,2329.0
2026-02-26T18,MIDW,Midwest,D,Demand,80562,megawatthours,2026-02-26 18:00:00,80562.0
2026-02-26T18,MIDW,Midwest,DF,Day-ahead demand forecast,84635,megawatthours,2026-02-26 18:00:00,84635.0
2026-02-26T18,MIDW,Midwest,NG,Net generation,84341,megawatthours,2026-02-26 18:00:00,84341.0
2026-02-26T18,MIDW,Midwest,TI,Total interchange,2287,megawatthours,2026-02-26 18:00:00,2287.0
2026-02-26T17,MIDW,Midwest,D,Demand,81755,megawatthours,2026-02-26 17:00:00,81755.0
2026-02-26T17,MIDW,Midwest,DF,Day-ahead demand forecast,85713,megawatthours,2026-02-26 17:00:00,85713.0
2026-02-26T17,MIDW,Midwest,NG,Net generation,85790,megawatthours,2026-02-26 17:00:00,85790.0
2026-02-26T17,MIDW,Midwest,TI,Total interchange,2454,megawatthours,2026-02-26 17:00:00,2454.0
2026-02-26T16,MIDW,Midwest,D,Demand,83440,megawatthours,2026-02-26 16:00:00,83440.0
2026-02-26T16,MIDW,Midwest,DF,Day-ahead demand forecast,86959,megawatthours,2026-02-26 16:00:00,86959.0
2026-02-26T16,MIDW,Midwest,NG,Net generation,87419,megawatthours,2026-02-26 16:00:00,87419.0
2026-02-26T16,MIDW,Midwest,TI,Total interchange,2331,megawatthours,2026-02-26 16:00:00,2331.0
2026-02-26T15,MIDW,Midwest,D,Demand,85148,megawatthours,2026-02-26 15:00:00,85148.0
2026-02-26T15,MIDW,Midwest,DF,Day-ahead demand forecast,88354,megawatthours,2026-02-26 15:00:00,88354.0
2026-02-26T15,MIDW,Midwest,NG,Net generation,88390,megawatthours,2026-02-26 15:00:00,88390.0
2026-02-26T15,MIDW,Midwest,TI,Total interchange,1436,megawatthours,2026-02-26 15:00:00,1436.0
2026-02-26T14,MIDW,Midwest,D,Demand,86161,megawatthours,2026-02-26 14:00:00,86161.0
2026-02-26T14,MIDW,Midwest,DF,Day-ahead demand forecast,89284,megawatthours,2026-02-26 14:00:00,89284.0
2026-02-26T14,MIDW,Midwest,NG,Net generation,88307,megawatthours,2026-02-26 14:00:00,88307.0
2026-02-26T14,MIDW,Midwest,TI,Total interchange,94,megawatthours,2026-02-26 14:00:00,94.0
2026-02-26T13,MIDW,Midwest,D,Demand,84574,megawatthours,2026-02-26 13:00:00,84574.0
2026-02-26T13,MIDW,Midwest,DF,Day-ahead demand forecast,87770,megawatthours,2026-02-26 13:00:00,87770.0
2026-02-26T13,MIDW,Midwest,NG,Net generation,86145,megawatthours,2026-02-26 13:00:00,86145.0
2026-02-26T13,MIDW,Midwest,TI,Total interchange,-584,megawatthours,2026-02-26 13:00:00,-584.0
2026-02-26T12,MIDW,Midwest,D,Demand,79286,megawatthours,2026-02-26 12:00:00,79286.0
2026-02-26T12,MIDW,Midwest,DF,Day-ahead demand forecast,83112,megawatthours,2026-02-26 12:00:00,83112.0
2026-02-26T12,MIDW,Midwest,NG,Net generation,81691,megawatthours,2026-02-26 12:00:00,81691.0
2026-02-26T12,MIDW,Midwest,TI,Total interchange,280,megawatthours,2026-02-26 12:00:00,280.0
2026-02-26T11,MIDW,Midwest,D,Demand,75355,megawatthours,2026-02-26 11:00:00,75355.0
2026-02-26T11,MIDW,Midwest,DF,Day-ahead demand forecast,78959,megawatthours,2026-02-26 11:00:00,78959.0
2026-02-26T11,MIDW,Midwest,NG,Net generation,77429,megawatthours,2026-02-26 11:00:00,77429.0
2026-02-26T11,MIDW,Midwest,TI,Total interchange,242,megawatthours,2026-02-26 11:00:00,242.0
2026-02-26T10,MIDW,Midwest,D,Demand,73659,megawatthours,2026-02-26 10:00:00,73659.0
2026-02-26T10,MIDW,Midwest,DF,Day-ahead demand forecast,77159,megawatthours,2026-02-26 10:00:00,77159.0
2026-02-26T10,MIDW,Midwest,NG,Net generation,75136,megawatthours,2026-02-26 10:00:00,75136.0
2026-02-26T10,MIDW,Midwest,TI,Total interchange,-326,megawatthours,2026-02-26 10:00:00,-326.0
2026-02-26T09,MIDW,Midwest,D,Demand,73329,megawatthours,2026-02-26 09:00:00,73329.0
2026-02-26T09,MIDW,Midwest,DF,Day-ahead demand forecast,76582,megawatthours,2026-02-26 09:00:00,76582.0
2026-02-26T09,MIDW,Midwest,NG,Net generation,74783,megawatthours,2026-02-26 09:00:00,74783.0
2026-02-26T09,MIDW,Midwest,TI,Total interchange,-346,megawatthours,2026-02-26 09:00:00,-346.0
2026-02-26T08,MIDW,Midwest,D,Demand,73733,megawatthours,2026-02-26 08:00:00,73733.0
2026-02-26T08,MIDW,Midwest,DF,Day-ahead demand forecast,76954,megawatthours,2026-02-26 08:00:00,76954.0
2026-02-26T08,MIDW,Midwest,NG,Net generation,74914,megawatthours,2026-02-26 08:00:00,74914.0
2026-02-26T08,MIDW,Midwest,TI,Total interchange,-634,megawatthours,2026-02-26 08:00:00,-634.0
2026-02-26T07,MIDW,Midwest,D,Demand,74753,megawatthours,2026-02-26 07:00:00,74753.0
2026-02-26T07,MIDW,Midwest,DF,Day-ahead demand forecast,77956,megawatthours,2026-02-26 07:00:00,77956.0
2026-02-26T07,MIDW,Midwest,NG,Net generation,76014,megawatthours,2026-02-26 07:00:00,76014.0
2026-02-26T07,MIDW,Midwest,TI,Total interchange,-618,megawatthours,2026-02-26 07:00:00,-618.0
2026-02-26T06,MIDW,Midwest,D,Demand,76785,megawatthours,2026-02-26 06:00:00,76785.0
2026-02-26T06,MIDW,Midwest,DF,Day-ahead demand forecast,79687,megawatthours,2026-02-26 06:00:00,79687.0
2026-02-26T06,MIDW,Midwest,NG,Net generation,77912,megawatthours,2026-02-26 06:00:00,77912.0
2026-02-26T06,MIDW,Midwest,TI,Total interchange,-604,megawatthours,2026-02-26 06:00:00,-604.0
2026-02-26T05,MIDW,Midwest,D,Demand,78907,megawatthours,2026-02-26 05:00:00,78907.0
2026-02-26T05,MIDW,Midwest,DF,Day-ahead demand forecast,82327,megawatthours,2026-02-26 05:00:00,82327.0
2026-02-26T05,MIDW,Midwest,NG,Net generation,79502,megawatthours,2026-02-26 05:00:00,79502.0
2026-02-26T05,MIDW,Midwest,TI,Total interchange,-1041,megawatthours,2026-02-26 05:00:00,-1041.0
2026-02-26T04,MIDW,Midwest,D,Demand,82187,megawatthours,2026-02-26 04:00:00,82187.0
2026-02-26T04,MIDW,Midwest,DF,Day-ahead demand forecast,85173,megawatthours,2026-02-26 04:00:00,85173.0
2026-02-26T04,MIDW,Midwest,NG,Net generation,82051,megawatthours,2026-02-26 04:00:00,82051.0
2026-02-26T04,MIDW,Midwest,TI,Total interchange,-1839,megawatthours,2026-02-26 04:00:00,-1839.0
2026-02-26T03,MIDW,Midwest,D,Demand,84519,megawatthours,2026-02-26 03:00:00,84519.0
2026-02-26T03,MIDW,Midwest,DF,Day-ahead demand forecast,87979,megawatthours,2026-02-26 03:00:00,87979.0
2026-02-26T03,MIDW,Midwest,NG,Net generation,84304,megawatthours,2026-02-26 03:00:00,84304.0
2026-02-26T03,MIDW,Midwest,TI,Total interchange,-2012,megawatthours,2026-02-26 03:00:00,-2012.0
2026-02-26T02,MIDW,Midwest,D,Demand,85770,megawatthours,2026-02-26 02:00:00,85770.0
2026-02-26T02,MIDW,Midwest,DF,Day-ahead demand forecast,89641,megawatthours,2026-02-26 02:00:00,89641.0
2026-02-26T02,MIDW,Midwest,NG,Net generation,85012,megawatthours,2026-02-26 02:00:00,85012.0
2026-02-26T02,MIDW,Midwest,TI,Total interchange,-2557,megawatthours,2026-02-26 02:00:00,-2557.0
2026-02-26T01,MIDW,Midwest,D,Demand,86033,megawatthours,2026-02-26 01:00:00,86033.0
2026-02-26T01,MIDW,Midwest,DF,Day-ahead demand forecast,89962,megawatthours,2026-02-26 01:00:00,89962.0
2026-02-26T01,MIDW,Midwest,NG,Net generation,84911,megawatthours,2026-02-26 01:00:00,84911.0
2026-02-26T01,MIDW,Midwest,TI,Total interchange,-2790,megawatthours,2026-02-26 01:00:00,-2790.0
2026-02-26T00,MIDW,Midwest,D,Demand,83435,megawatthours,2026-02-26 00:00:00,83435.0
2026-02-26T00,MIDW,Midwest,DF,Day-ahead demand forecast,88188,megawatthours,2026-02-26 00:00:00,88188.0
2026-02-26T00,MIDW,Midwest,NG,Net generation,82926,megawatthours,2026-02-26 00:00:00,82926.0
2026-02-26T00,MIDW,Midwest,TI,Total interchange,-2314,megawatthours,2026-02-26 00:00:00,-2314.0
2026-02-25T23,MIDW,Midwest,D,Demand,81014,megawatthours,2026-02-25 23:00:00,81014.0
2026-02-25T23,MIDW,Midwest,DF,Day-ahead demand forecast,85715,megawatthours,2026-02-25 23:00:00,85715.0
2026-02-25T23,MIDW,Midwest,NG,Net generation,81016,megawatthours,2026-02-25 23:00:00,81016.0
2026-02-25T23,MIDW,Midwest,TI,Total interchange,-1601,megawatthours,2026-02-25 23:00:00,-1601.0
2026-02-25T22,MIDW,Midwest,D,Demand,79338,megawatthours,2026-02-25 22:00:00,79338.0
2026-02-25T22,MIDW,Midwest,DF,Day-ahead demand forecast,84199,megawatthours,2026-02-25 22:00:00,84199.0
2026-02-25T22,MIDW,Midwest,NG,Net generation,79524,megawatthours,2026-02-25 22:00:00,79524.0
2026-02-25T22,MIDW,Midwest,TI,Total interchange,-1255,megawatthours,2026-02-25 22:00:00,-1255.0
2026-02-25T21,MIDW,Midwest,D,Demand,80020,megawatthours,2026-02-25 21:00:00,80020.0
2026-02-25T21,MIDW,Midwest,DF,Day-ahead demand forecast,83928,megawatthours,2026-02-25 21:00:00,83928.0
2026-02-25T21,MIDW,Midwest,NG,Net generation,79799,megawatthours,2026-02-25 21:00:00,79799.0
2026-02-25T21,MIDW,Midwest,TI,Total interchange,-1740,megawatthours,2026-02-25 21:00:00,-1740.0
2026-02-25T20,MIDW,Midwest,D,Demand,80476,megawatthours,2026-02-25 20:00:00,80476.0
2026-02-25T20,MIDW,Midwest,DF,Day-ahead demand forecast,84470,megawatthours,2026-02-25 20:00:00,84470.0
2026-02-25T20,MIDW,Midwest,NG,Net generation,81082,megawatthours,2026-02-25 20:00:00,81082.0
2026-02-25T20,MIDW,Midwest,TI,Total interchange,-1094,megawatthours,2026-02-25 20:00:00,-1094.0
2026-02-25T19,MIDW,Midwest,D,Demand,80754,megawatthours,2026-02-25 19:00:00,80754.0
2026-02-25T19,MIDW,Midwest,DF,Day-ahead demand forecast,85182,megawatthours,2026-02-25 19:00:00,85182.0
2026-02-25T19,MIDW,Midwest,NG,Net generation,81600,megawatthours,2026-02-25 19:00:00,81600.0
2026-02-25T19,MIDW,Midwest,TI,Total interchange,-933,megawatthours,2026-02-25 19:00:00,-933.0
2026-02-25T18,MIDW,Midwest,D,Demand,82076,megawatthours,2026-02-25 18:00:00,82076.0
2026-02-25T18,MIDW,Midwest,DF,Day-ahead demand forecast,86087,megawatthours,2026-02-25 18:00:00,86087.0
2026-02-25T18,MIDW,Midwest,NG,Net generation,83248,megawatthours,2026-02-25 18:00:00,83248.0
2026-02-25T18,MIDW,Midwest,TI,Total interchange,-595,megawatthours,2026-02-25 18:00:00,-595.0
2026-02-25T17,MIDW,Midwest,D,Demand,83312,megawatthours,2026-02-25 17:00:00,83312.0
2026-02-25T17,MIDW,Midwest,DF,Day-ahead demand forecast,87076,megawatthours,2026-02-25 17:00:00,87076.0
2026-02-25T17,MIDW,Midwest,NG,Net generation,85001,megawatthours,2026-02-25 17:00:00,85001.0
2026-02-25T17,MIDW,Midwest,TI,Total interchange,-4,megawatthours,2026-02-25 17:00:00,-4.0
2026-02-25T16,MIDW,Midwest,D,Demand,84410,megawatthours,2026-02-25 16:00:00,84410.0
2026-02-25T16,MIDW,Midwest,DF,Day-ahead demand forecast,88341,megawatthours,2026-02-25 16:00:00,88341.0
2026-02-25T16,MIDW,Midwest,NG,Net generation,85670,megawatthours,2026-02-25 16:00:00,85670.0
2026-02-25T16,MIDW,Midwest,TI,Total interchange,-403,megawatthours,2026-02-25 16:00:00,-403.0
2026-02-25T15,MIDW,Midwest,D,Demand,86192,megawatthours,2026-02-25 15:00:00,86192.0
2026-02-25T15,MIDW,Midwest,DF,Day-ahead demand forecast,89852,megawatthours,2026-02-25 15:00:00,89852.0
2026-02-25T15,MIDW,Midwest,NG,Net generation,87623,megawatthours,2026-02-25 15:00:00,87623.0
2026-02-25T15,MIDW,Midwest,TI,Total interchange,-440,megawatthours,2026-02-25 15:00:00,-440.0
2026-02-25T14,MIDW,Midwest,D,Demand,87918,megawatthours,2026-02-25 14:00:00,87918.0
2026-02-25T14,MIDW,Midwest,DF,Day-ahead demand forecast,91004,megawatthours,2026-02-25 14:00:00,91004.0
2026-02-25T14,MIDW,Midwest,NG,Net generation,88502,megawatthours,2026-02-25 14:00:00,88502.0
2026-02-25T14,MIDW,Midwest,TI,Total interchange,-1207,megawatthours,2026-02-25 14:00:00,-1207.0
2026-02-25T13,MIDW,Midwest,D,Demand,86734,megawatthours,2026-02-25 13:00:00,86734.0
2026-02-25T13,MIDW,Midwest,DF,Day-ahead demand forecast,89854,megawatthours,2026-02-25 13:00:00,89854.0
2026-02-25T13,MIDW,Midwest,NG,Net generation,86562,megawatthours,2026-02-25 13:00:00,86562.0
2026-02-25T13,MIDW,Midwest,TI,Total interchange,-2116,megawatthours,2026-02-25 13:00:00,-2116.0
2026-02-25T12,MIDW,Midwest,D,Demand,82032,megawatthours,2026-02-25 12:00:00,82032.0
2026-02-25T12,MIDW,Midwest,DF,Day-ahead demand forecast,85078,megawatthours,2026-02-25 12:00:00,85078.0
2026-02-25T12,MIDW,Midwest,NG,Net generation,82594,megawatthours,2026-02-25 12:00:00,82594.0
2026-02-25T12,MIDW,Midwest,TI,Total interchange,-1459,megawatthours,2026-02-25 12:00:00,-1459.0
2026-02-25T11,MIDW,Midwest,D,Demand,77677,megawatthours,2026-02-25 11:00:00,77677.0
2026-02-25T11,MIDW,Midwest,DF,Day-ahead demand forecast,80413,megawatthours,2026-02-25 11:00:00,80413.0
2026-02-25T11,MIDW,Midwest,NG,Net generation,79185,megawatthours,2026-02-25 11:00:00,79185.0
2026-02-25T11,MIDW,Midwest,TI,Total interchange,-394,megawatthours,2026-02-25 11:00:00,-394.0
2026-02-25T10,MIDW,Midwest,D,Demand,75926,megawatthours,2026-02-25 10:00:00,75926.0
2026-02-25T10,MIDW,Midwest,DF,Day-ahead demand forecast,77830,megawatthours,2026-02-25 10:00:00,77830.0
2026-02-25T10,MIDW,Midwest,NG,Net generation,77665,megawatthours,2026-02-25 10:00:00,77665.0
2026-02-25T10,MIDW,Midwest,TI,Total interchange,-148,megawatthours,2026-02-25 10:00:00,-148.0
2026-02-25T09,MIDW,Midwest,D,Demand,75667,megawatthours,2026-02-25 09:00:00,75667.0
2026-02-25T09,MIDW,Midwest,DF,Day-ahead demand forecast,77441,megawatthours,2026-02-25 09:00:00,77441.0
2026-02-25T09,MIDW,Midwest,NG,Net generation,77789,megawatthours,2026-02-25 09:00:00,77789.0
2026-02-25T09,MIDW,Midwest,TI,Total interchange,257,megawatthours,2026-02-25 09:00:00,257.0
2026-02-25T08,MIDW,Midwest,D,Demand,76759,megawatthours,2026-02-25 08:00:00,76759.0
2026-02-25T08,MIDW,Midwest,DF,Day-ahead demand forecast,77959,megawatthours,2026-02-25 08:00:00,77959.0
2026-02-25T08,MIDW,Midwest,NG,Net generation,78692,megawatthours,2026-02-25 08:00:00,78692.0
2026-02-25T08,MIDW,Midwest,TI,Total interchange,48,megawatthours,2026-02-25 08:00:00,48.0
2026-02-25T07,MIDW,Midwest,D,Demand,77959,megawatthours,2026-02-25 07:00:00,77959.0
2026-02-25T07,MIDW,Midwest,DF,Day-ahead demand forecast,79159,megawatthours,2026-02-25 07:00:00,79159.0
2026-02-25T07,MIDW,Midwest,NG,Net generation,80879,megawatthours,2026-02-25 07:00:00,80879.0
2026-02-25T07,MIDW,Midwest,TI,Total interchange,828,megawatthours,2026-02-25 07:00:00,828.0
2026-02-25T06,MIDW,Midwest,D,Demand,79814,megawatthours,2026-02-25 06:00:00,79814.0
2026-02-25T06,MIDW,Midwest,DF,Day-ahead demand forecast,80962,megawatthours,2026-02-25 06:00:00,80962.0
2026-02-25T06,MIDW,Midwest,NG,Net generation,83762,megawatthours,2026-02-25 06:00:00,83762.0
2026-02-25T06,MIDW,Midwest,TI,Total interchange,1903,megawatthours,2026-02-25 06:00:00,1903.0
2026-02-25T05,MIDW,Midwest,D,Demand,83198,megawatthours,2026-02-25 05:00:00,83198.0
2026-02-25T05,MIDW,Midwest,DF,Day-ahead demand forecast,83322,megawatthours,2026-02-25 05:00:00,83322.0
2026-02-25T05,MIDW,Midwest,NG,Net generation,87906,megawatthours,2026-02-25 05:00:00,87906.0
2026-02-25T05,MIDW,Midwest,TI,Total interchange,2594,megawatthours,2026-02-25 05:00:00,2594.0
2026-02-25T04,MIDW,Midwest,D,Demand,85551,megawatthours,2026-02-25 04:00:00,85551.0
2026-02-25T04,MIDW,Midwest,DF,Day-ahead demand forecast,86170,megawatthours,2026-02-25 04:00:00,86170.0
2026-02-25T04,MIDW,Midwest,NG,Net generation,90335,megawatthours,2026-02-25 04:00:00,90335.0
2026-02-25T04,MIDW,Midwest,TI,Total interchange,2594,megawatthours,2026-02-25 04:00:00,2594.0
2026-02-25T03,MIDW,Midwest,D,Demand,88153,megawatthours,2026-02-25 03:00:00,88153.0
2026-02-25T03,MIDW,Midwest,DF,Day-ahead demand forecast,88395,megawatthours,2026-02-25 03:00:00,88395.0
2026-02-25T03,MIDW,Midwest,NG,Net generation,93167,megawatthours,2026-02-25 03:00:00,93167.0
2026-02-25T03,MIDW,Midwest,TI,Total interchange,2780,megawatthours,2026-02-25 03:00:00,2780.0
2026-02-25T02,MIDW,Midwest,D,Demand,89878,megawatthours,2026-02-25 02:00:00,89878.0
2026-02-25T02,MIDW,Midwest,DF,Day-ahead demand forecast,90238,megawatthours,2026-02-25 02:00:00,90238.0
2026-02-25T02,MIDW,Midwest,NG,Net generation,95284,megawatthours,2026-02-25 02:00:00,95284.0
2026-02-25T02,MIDW,Midwest,TI,Total interchange,3090,megawatthours,2026-02-25 02:00:00,3090.0
2026-02-25T01,MIDW,Midwest,D,Demand,90123,megawatthours,2026-02-25 01:00:00,90123.0
2026-02-25T01,MIDW,Midwest,DF,Day-ahead demand forecast,90815,megawatthours,2026-02-25 01:00:00,90815.0
2026-02-25T01,MIDW,Midwest,NG,Net generation,95927,megawatthours,2026-02-25 01:00:00,95927.0
2026-02-25T01,MIDW,Midwest,TI,Total interchange,3410,megawatthours,2026-02-25 01:00:00,3410.0
2026-02-25T00,MIDW,Midwest,D,Demand,88607,megawatthours,2026-02-25 00:00:00,88607.0
2026-02-25T00,MIDW,Midwest,DF,Day-ahead demand forecast,89070,megawatthours,2026-02-25 00:00:00,89070.0
2026-02-25T00,MIDW,Midwest,NG,Net generation,93687,megawatthours,2026-02-25 00:00:00,93687.0
2026-02-25T00,MIDW,Midwest,TI,Total interchange,2747,megawatthours,2026-02-25 00:00:00,2747.0
2026-02-24T23,MIDW,Midwest,D,Demand,86416,megawatthours,2026-02-24 23:00:00,86416.0
2026-02-24T23,MIDW,Midwest,DF,Day-ahead demand forecast,86735,megawatthours,2026-02-24 23:00:00,86735.0
2026-02-24T23,MIDW,Midwest,NG,Net generation,91774,megawatthours,2026-02-24 23:00:00,91774.0
2026-02-24T23,MIDW,Midwest,TI,Total interchange,2811,megawatthours,2026-02-24 23:00:00,2811.0
2026-02-24T22,MIDW,Midwest,D,Demand,85405,megawatthours,2026-02-24 22:00:00,85405.0
2026-02-24T22,MIDW,Midwest,DF,Day-ahead demand forecast,85280,megawatthours,2026-02-24 22:00:00,85280.0
2026-02-24T22,MIDW,Midwest,NG,Net generation,90248,megawatthours,2026-02-24 22:00:00,90248.0
2026-02-24T22,MIDW,Midwest,TI,Total interchange,2470,megawatthours,2026-02-24 22:00:00,2470.0
2026-02-24T21,MIDW,Midwest,D,Demand,85515,megawatthours,2026-02-24 21:00:00,85515.0
2026-02-24T21,MIDW,Midwest,DF,Day-ahead demand forecast,85273,megawatthours,2026-02-24 21:00:00,85273.0
2026-02-24T21,MIDW,Midwest,NG,Net generation,88937,megawatthours,2026-02-24 21:00:00,88937.0
2026-02-24T21,MIDW,Midwest,TI,Total interchange,1192,megawatthours,2026-02-24 21:00:00,1192.0
2026-02-24T20,MIDW,Midwest,D,Demand,86339,megawatthours,2026-02-24 20:00:00,86339.0
2026-02-24T20,MIDW,Midwest,DF,Day-ahead demand forecast,86456,megawatthours,2026-02-24 20:00:00,86456.0
2026-02-24T20,MIDW,Midwest,NG,Net generation,89326,megawatthours,2026-02-24 20:00:00,89326.0
2026-02-24T20,MIDW,Midwest,TI,Total interchange,629,megawatthours,2026-02-24 20:00:00,629.0
2026-02-24T19,MIDW,Midwest,D,Demand,88335,megawatthours,2026-02-24 19:00:00,88335.0
2026-02-24T19,MIDW,Midwest,DF,Day-ahead demand forecast,87973,megawatthours,2026-02-24 19:00:00,87973.0
2026-02-24T19,MIDW,Midwest,NG,Net generation,91213,megawatthours,2026-02-24 19:00:00,91213.0
2026-02-24T19,MIDW,Midwest,TI,Total interchange,729,megawatthours,2026-02-24 19:00:00,729.0
2026-02-24T18,MIDW,Midwest,D,Demand,90213,megawatthours,2026-02-24 18:00:00,90213.0
2026-02-24T18,MIDW,Midwest,DF,Day-ahead demand forecast,90088,megawatthours,2026-02-24 18:00:00,90088.0
2026-02-24T18,MIDW,Midwest,NG,Net generation,94332,megawatthours,2026-02-24 18:00:00,94332.0
2026-02-24T18,MIDW,Midwest,TI,Total interchange,1592,megawatthours,2026-02-24 18:00:00,1592.0
2026-02-24T17,MIDW,Midwest,D,Demand,92501,megawatthours,2026-02-24 17:00:00,92501.0
2026-02-24T17,MIDW,Midwest,DF,Day-ahead demand forecast,92743,megawatthours,2026-02-24 17:00:00,92743.0
2026-02-24T17,MIDW,Midwest,NG,Net generation,98170,megawatthours,2026-02-24 17:00:00,98170.0
2026-02-24T17,MIDW,Midwest,TI,Total interchange,3213,megawatthours,2026-02-24 17:00:00,3213.0
2026-02-24T16,MIDW,Midwest,D,Demand,95220,megawatthours,2026-02-24 16:00:00,95220.0
2026-02-24T16,MIDW,Midwest,DF,Day-ahead demand forecast,95415,megawatthours,2026-02-24 16:00:00,95415.0
2026-02-24T16,MIDW,Midwest,NG,Net generation,100462,megawatthours,2026-02-24 16:00:00,100462.0
2026-02-24T16,MIDW,Midwest,TI,Total interchange,2745,megawatthours,2026-02-24 16:00:00,2745.0
2026-02-24T15,MIDW,Midwest,D,Demand,98042,megawatthours,2026-02-24 15:00:00,98042.0
2026-02-24T15,MIDW,Midwest,DF,Day-ahead demand forecast,98175,megawatthours,2026-02-24 15:00:00,98175.0
2026-02-24T15,MIDW,Midwest,NG,Net generation,103492,megawatthours,2026-02-24 15:00:00,103492.0
2026-02-24T15,MIDW,Midwest,TI,Total interchange,2389,megawatthours,2026-02-24 15:00:00,2389.0
2026-02-24T14,MIDW,Midwest,D,Demand,99883,megawatthours,2026-02-24 14:00:00,99883.0
2026-02-24T14,MIDW,Midwest,DF,Day-ahead demand forecast,100154,megawatthours,2026-02-24 14:00:00,100154.0
2026-02-24T14,MIDW,Midwest,NG,Net generation,105925,megawatthours,2026-02-24 14:00:00,105925.0
2026-02-24T14,MIDW,Midwest,TI,Total interchange,2972,megawatthours,2026-02-24 14:00:00,2972.0
2026-02-24T13,MIDW,Midwest,D,Demand,98665,megawatthours,2026-02-24 13:00:00,98665.0
2026-02-24T13,MIDW,Midwest,DF,Day-ahead demand forecast,99009,megawatthours,2026-02-24 13:00:00,99009.0
2026-02-24T13,MIDW,Midwest,NG,Net generation,105083,megawatthours,2026-02-24 13:00:00,105083.0
2026-02-24T13,MIDW,Midwest,TI,Total interchange,3087,megawatthours,2026-02-24 13:00:00,3087.0
2026-02-24T12,MIDW,Midwest,D,Demand,93290,megawatthours,2026-02-24 12:00:00,93290.0
2026-02-24T12,MIDW,Midwest,DF,Day-ahead demand forecast,94191,megawatthours,2026-02-24 12:00:00,94191.0
2026-02-24T12,MIDW,Midwest,NG,Net generation,100872,megawatthours,2026-02-24 12:00:00,100872.0
2026-02-24T12,MIDW,Midwest,TI,Total interchange,4475,megawatthours,2026-02-24 12:00:00,4475.0
2026-02-24T11,MIDW,Midwest,D,Demand,88867,megawatthours,2026-02-24 11:00:00,88867.0
2026-02-24T11,MIDW,Midwest,DF,Day-ahead demand forecast,89681,megawatthours,2026-02-24 11:00:00,89681.0
2026-02-24T11,MIDW,Midwest,NG,Net generation,97199,megawatthours,2026-02-24 11:00:00,97199.0
2026-02-24T11,MIDW,Midwest,TI,Total interchange,5510,megawatthours,2026-02-24 11:00:00,5510.0
2026-02-24T10,MIDW,Midwest,D,Demand,86784,megawatthours,2026-02-24 10:00:00,86784.0
2026-02-24T10,MIDW,Midwest,DF,Day-ahead demand forecast,87475,megawatthours,2026-02-24 10:00:00,87475.0
2026-02-24T10,MIDW,Midwest,NG,Net generation,96131,megawatthours,2026-02-24 10:00:00,96131.0
2026-02-24T10,MIDW,Midwest,TI,Total interchange,6773,megawatthours,2026-02-24 10:00:00,6773.0
2026-02-24T09,MIDW,Midwest,D,Demand,86781,megawatthours,2026-02-24 09:00:00,86781.0
2026-02-24T09,MIDW,Midwest,DF,Day-ahead demand forecast,86630,megawatthours,2026-02-24 09:00:00,86630.0
2026-02-24T09,MIDW,Midwest,NG,Net generation,95989,megawatthours,2026-02-24 09:00:00,95989.0
2026-02-24T09,MIDW,Midwest,TI,Total interchange,6772,megawatthours,2026-02-24 09:00:00,6772.0
2026-02-24T08,MIDW,Midwest,D,Demand,86938,megawatthours,2026-02-24 08:00:00,86938.0
2026-02-24T08,MIDW,Midwest,DF,Day-ahead demand forecast,87140,megawatthours,2026-02-24 08:00:00,87140.0
2026-02-24T08,MIDW,Midwest,NG,Net generation,95841,megawatthours,2026-02-24 08:00:00,95841.0
2026-02-24T08,MIDW,Midwest,TI,Total interchange,6474,megawatthours,2026-02-24 08:00:00,6474.0
2026-02-24T07,MIDW,Midwest,D,Demand,87657,megawatthours,2026-02-24 07:00:00,87657.0
2026-02-24T07,MIDW,Midwest,DF,Day-ahead demand forecast,87807,megawatthours,2026-02-24 07:00:00,87807.0
2026-02-24T07,MIDW,Midwest,NG,Net generation,96340,megawatthours,2026-02-24 07:00:00,96340.0
2026-02-24T07,MIDW,Midwest,TI,Total interchange,6255,megawatthours,2026-02-24 07:00:00,6255.0
2026-02-24T06,MIDW,Midwest,D,Demand,88274,megawatthours,2026-02-24 06:00:00,88274.0
2026-02-24T06,MIDW,Midwest,DF,Day-ahead demand forecast,89139,megawatthours,2026-02-24 06:00:00,89139.0
2026-02-24T06,MIDW,Midwest,NG,Net generation,95634,megawatthours,2026-02-24 06:00:00,95634.0
2026-02-24T06,MIDW,Midwest,TI,Total interchange,4939,megawatthours,2026-02-24 06:00:00,4939.0
2026-02-24T05,MIDW,Midwest,D,Demand,90273,megawatthours,2026-02-24 05:00:00,90273.0
2026-02-24T05,MIDW,Midwest,DF,Day-ahead demand forecast,90980,megawatthours,2026-02-24 05:00:00,90980.0
2026-02-24T05,MIDW,Midwest,NG,Net generation,96650,megawatthours,2026-02-24 05:00:00,96650.0
2026-02-24T05,MIDW,Midwest,TI,Total interchange,3985,megawatthours,2026-02-24 05:00:00,3985.0
2026-02-24T04,MIDW,Midwest,D,Demand,92819,megawatthours,2026-02-24 04:00:00,92819.0
2026-02-24T04,MIDW,Midwest,DF,Day-ahead demand forecast,93597,megawatthours,2026-02-24 04:00:00,93597.0
2026-02-24T04,MIDW,Midwest,NG,Net generation,98258,megawatthours,2026-02-24 04:00:00,98258.0
2026-02-24T04,MIDW,Midwest,TI,Total interchange,2919,megawatthours,2026-02-24 04:00:00,2919.0
2026-02-24T03,MIDW,Midwest,D,Demand,95087,megawatthours,2026-02-24 03:00:00,95087.0
2026-02-24T03,MIDW,Midwest,DF,Day-ahead demand forecast,95608,megawatthours,2026-02-24 03:00:00,95608.0
2026-02-24T03,MIDW,Midwest,NG,Net generation,99340,megawatthours,2026-02-24 03:00:00,99340.0
2026-02-24T03,MIDW,Midwest,TI,Total interchange,1755,megawatthours,2026-02-24 03:00:00,1755.0
2026-02-24T02,MIDW,Midwest,D,Demand,96007,megawatthours,2026-02-24 02:00:00,96007.0
2026-02-24T02,MIDW,Midwest,DF,Day-ahead demand forecast,96892,megawatthours,2026-02-24 02:00:00,96892.0
2026-02-24T02,MIDW,Midwest,NG,Net generation,99497,megawatthours,2026-02-24 02:00:00,99497.0
2026-02-24T02,MIDW,Midwest,TI,Total interchange,931,megawatthours,2026-02-24 02:00:00,931.0
2026-02-24T01,MIDW,Midwest,D,Demand,95753,megawatthours,2026-02-24 01:00:00,95753.0
2026-02-24T01,MIDW,Midwest,DF,Day-ahead demand forecast,96930,megawatthours,2026-02-24 01:00:00,96930.0
2026-02-24T01,MIDW,Midwest,NG,Net generation,98481,megawatthours,2026-02-24 01:00:00,98481.0
2026-02-24T01,MIDW,Midwest,TI,Total interchange,174,megawatthours,2026-02-24 01:00:00,174.0
2026-02-24T00,MIDW,Midwest,D,Demand,92100,megawatthours,2026-02-24 00:00:00,92100.0
2026-02-24T00,MIDW,Midwest,DF,Day-ahead demand forecast,94087,megawatthours,2026-02-24 00:00:00,94087.0
2026-02-24T00,MIDW,Midwest,NG,Net generation,94664,megawatthours,2026-02-24 00:00:00,94664.0
2026-02-24T00,MIDW,Midwest,TI,Total interchange,-60,megawatthours,2026-02-24 00:00:00,-60.0
2026-02-23T23,MIDW,Midwest,D,Demand,88105,megawatthours,2026-02-23 23:00:00,88105.0
2026-02-23T23,MIDW,Midwest,DF,Day-ahead demand forecast,90886,megawatthours,2026-02-23 23:00:00,90886.0
2026-02-23T23,MIDW,Midwest,NG,Net generation,92178,megawatthours,2026-02-23 23:00:00,92178.0
2026-02-23T23,MIDW,Midwest,TI,Total interchange,1494,megawatthours,2026-02-23 23:00:00,1494.0
2026-02-23T22,MIDW,Midwest,D,Demand,86490,megawatthours,2026-02-23 22:00:00,86490.0
2026-02-23T22,MIDW,Midwest,DF,Day-ahead demand forecast,89114,megawatthours,2026-02-23 22:00:00,89114.0
2026-02-23T22,MIDW,Midwest,NG,Net generation,91360,megawatthours,2026-02-23 22:00:00,91360.0
2026-02-23T22,MIDW,Midwest,TI,Total interchange,2505,megawatthours,2026-02-23 22:00:00,2505.0
2026-02-23T21,MIDW,Midwest,D,Demand,87479,megawatthours,2026-02-23 21:00:00,87479.0
2026-02-23T21,MIDW,Midwest,DF,Day-ahead demand forecast,89422,megawatthours,2026-02-23 21:00:00,89422.0
2026-02-23T21,MIDW,Midwest,NG,Net generation,92373,megawatthours,2026-02-23 21:00:00,92373.0
2026-02-23T21,MIDW,Midwest,TI,Total interchange,2833,megawatthours,2026-02-23 21:00:00,2833.0
2026-02-23T20,MIDW,Midwest,D,Demand,89102,megawatthours,2026-02-23 20:00:00,89102.0
2026-02-23T20,MIDW,Midwest,DF,Day-ahead demand forecast,90498,megawatthours,2026-02-23 20:00:00,90498.0
2026-02-23T20,MIDW,Midwest,NG,Net generation,93565,megawatthours,2026-02-23 20:00:00,93565.0
2026-02-23T20,MIDW,Midwest,TI,Total interchange,2567,megawatthours,2026-02-23 20:00:00,2567.0
2026-02-23T19,MIDW,Midwest,D,Demand,90825,megawatthours,2026-02-23 19:00:00,90825.0
2026-02-23T19,MIDW,Midwest,DF,Day-ahead demand forecast,91869,megawatthours,2026-02-23 19:00:00,91869.0
2026-02-23T19,MIDW,Midwest,NG,Net generation,94479,megawatthours,2026-02-23 19:00:00,94479.0
2026-02-23T19,MIDW,Midwest,TI,Total interchange,1765,megawatthours,2026-02-23 19:00:00,1765.0
2026-02-23T18,MIDW,Midwest,D,Demand,92582,megawatthours,2026-02-23 18:00:00,92582.0
2026-02-23T18,MIDW,Midwest,DF,Day-ahead demand forecast,93590,megawatthours,2026-02-23 18:00:00,93590.0
2026-02-23T18,MIDW,Midwest,NG,Net generation,95966,megawatthours,2026-02-23 18:00:00,95966.0
2026-02-23T18,MIDW,Midwest,TI,Total interchange,1400,megawatthours,2026-02-23 18:00:00,1400.0
2026-02-23T17,MIDW,Midwest,D,Demand,94821,megawatthours,2026-02-23 17:00:00,94821.0
2026-02-23T17,MIDW,Midwest,DF,Day-ahead demand forecast,95689,megawatthours,2026-02-23 17:00:00,95689.0
2026-02-23T17,MIDW,Midwest,NG,Net generation,98232,megawatthours,2026-02-23 17:00:00,98232.0
2026-02-23T17,MIDW,Midwest,TI,Total interchange,1401,megawatthours,2026-02-23 17:00:00,1401.0
2026-02-23T16,MIDW,Midwest,D,Demand,96966,megawatthours,2026-02-23 16:00:00,96966.0
2026-02-23T16,MIDW,Midwest,DF,Day-ahead demand forecast,97808,megawatthours,2026-02-23 16:00:00,97808.0
2026-02-23T16,MIDW,Midwest,NG,Net generation,100173,megawatthours,2026-02-23 16:00:00,100173.0
2026-02-23T16,MIDW,Midwest,TI,Total interchange,1153,megawatthours,2026-02-23 16:00:00,1153.0
2026-02-23T15,MIDW,Midwest,D,Demand,99441,megawatthours,2026-02-23 15:00:00,99441.0
2026-02-23T15,MIDW,Midwest,DF,Day-ahead demand forecast,99894,megawatthours,2026-02-23 15:00:00,99894.0
2026-02-23T15,MIDW,Midwest,NG,Net generation,101285,megawatthours,2026-02-23 15:00:00,101285.0
2026-02-23T15,MIDW,Midwest,TI,Total interchange,-219,megawatthours,2026-02-23 15:00:00,-219.0
2026-02-23T14,MIDW,Midwest,D,Demand,100930,megawatthours,2026-02-23 14:00:00,100930.0
2026-02-23T14,MIDW,Midwest,DF,Day-ahead demand forecast,100662,megawatthours,2026-02-23 14:00:00,100662.0
2026-02-23T14,MIDW,Midwest,NG,Net generation,101442,megawatthours,2026-02-23 14:00:00,101442.0
2026-02-23T14,MIDW,Midwest,TI,Total interchange,-1455,megawatthours,2026-02-23 14:00:00,-1455.0
2026-02-23T13,MIDW,Midwest,D,Demand,98786,megawatthours,2026-02-23 13:00:00,98786.0
2026-02-23T13,MIDW,Midwest,DF,Day-ahead demand forecast,98776,megawatthours,2026-02-23 13:00:00,98776.0
2026-02-23T13,MIDW,Midwest,NG,Net generation,98842,megawatthours,2026-02-23 13:00:00,98842.0
2026-02-23T13,MIDW,Midwest,TI,Total interchange,-2148,megawatthours,2026-02-23 13:00:00,-2148.0
2026-02-23T12,MIDW,Midwest,D,Demand,92781,megawatthours,2026-02-23 12:00:00,92781.0
2026-02-23T12,MIDW,Midwest,DF,Day-ahead demand forecast,93206,megawatthours,2026-02-23 12:00:00,93206.0
2026-02-23T12,MIDW,Midwest,NG,Net generation,93896,megawatthours,2026-02-23 12:00:00,93896.0
2026-02-23T12,MIDW,Midwest,TI,Total interchange,-956,megawatthours,2026-02-23 12:00:00,-956.0
2026-02-23T11,MIDW,Midwest,D,Demand,87737,megawatthours,2026-02-23 11:00:00,87737.0
2026-02-23T11,MIDW,Midwest,DF,Day-ahead demand forecast,88001,megawatthours,2026-02-23 11:00:00,88001.0
2026-02-23T11,MIDW,Midwest,NG,Net generation,90495,megawatthours,2026-02-23 11:00:00,90495.0
2026-02-23T11,MIDW,Midwest,TI,Total interchange,650,megawatthours,2026-02-23 11:00:00,650.0
2026-02-23T10,MIDW,Midwest,D,Demand,84770,megawatthours,2026-02-23 10:00:00,84770.0
2026-02-23T10,MIDW,Midwest,DF,Day-ahead demand forecast,85179,megawatthours,2026-02-23 10:00:00,85179.0
2026-02-23T10,MIDW,Midwest,NG,Net generation,88319,megawatthours,2026-02-23 10:00:00,88319.0
2026-02-23T10,MIDW,Midwest,TI,Total interchange,1580,megawatthours,2026-02-23 10:00:00,1580.0
2026-02-23T09,MIDW,Midwest,D,Demand,83603,megawatthours,2026-02-23 09:00:00,83603.0
2026-02-23T09,MIDW,Midwest,DF,Day-ahead demand forecast,83850,megawatthours,2026-02-23 09:00:00,83850.0
2026-02-23T09,MIDW,Midwest,NG,Net generation,86771,megawatthours,2026-02-23 09:00:00,86771.0
2026-02-23T09,MIDW,Midwest,TI,Total interchange,969,megawatthours,2026-02-23 09:00:00,969.0
2026-02-23T08,MIDW,Midwest,D,Demand,83489,megawatthours,2026-02-23 08:00:00,83489.0
2026-02-23T08,MIDW,Midwest,DF,Day-ahead demand forecast,83560,megawatthours,2026-02-23 08:00:00,83560.0
2026-02-23T08,MIDW,Midwest,NG,Net generation,88655,megawatthours,2026-02-23 08:00:00,88655.0
2026-02-23T08,MIDW,Midwest,TI,Total interchange,2994,megawatthours,2026-02-23 08:00:00,2994.0
2026-02-23T07,MIDW,Midwest,D,Demand,84145,megawatthours,2026-02-23 07:00:00,84145.0
2026-02-23T07,MIDW,Midwest,DF,Day-ahead demand forecast,83825,megawatthours,2026-02-23 07:00:00,83825.0
2026-02-23T07,MIDW,Midwest,NG,Net generation,88964,megawatthours,2026-02-23 07:00:00,88964.0
2026-02-23T07,MIDW,Midwest,TI,Total interchange,2714,megawatthours,2026-02-23 07:00:00,2714.0
2026-02-23T06,MIDW,Midwest,D,Demand,85232,megawatthours,2026-02-23 06:00:00,85232.0
2026-02-23T06,MIDW,Midwest,DF,Day-ahead demand forecast,84831,megawatthours,2026-02-23 06:00:00,84831.0
2026-02-23T06,MIDW,Midwest,NG,Net generation,89399,megawatthours,2026-02-23 06:00:00,89399.0
2026-02-23T06,MIDW,Midwest,TI,Total interchange,1827,megawatthours,2026-02-23 06:00:00,1827.0
2026-02-23T05,MIDW,Midwest,D,Demand,86913,megawatthours,2026-02-23 05:00:00,86913.0
2026-02-23T05,MIDW,Midwest,DF,Day-ahead demand forecast,85018,megawatthours,2026-02-23 05:00:00,85018.0
2026-02-23T05,MIDW,Midwest,NG,Net generation,91656,megawatthours,2026-02-23 05:00:00,91656.0
2026-02-23T05,MIDW,Midwest,TI,Total interchange,2270,megawatthours,2026-02-23 05:00:00,2270.0
2026-02-23T04,MIDW,Midwest,D,Demand,88789,megawatthours,2026-02-23 04:00:00,88789.0
2026-02-23T04,MIDW,Midwest,DF,Day-ahead demand forecast,87050,megawatthours,2026-02-23 04:00:00,87050.0
2026-02-23T04,MIDW,Midwest,NG,Net generation,92901,megawatthours,2026-02-23 04:00:00,92901.0
2026-02-23T04,MIDW,Midwest,TI,Total interchange,1498,megawatthours,2026-02-23 04:00:00,1498.0
2026-02-23T03,MIDW,Midwest,D,Demand,90914,megawatthours,2026-02-23 03:00:00,90914.0
2026-02-23T03,MIDW,Midwest,DF,Day-ahead demand forecast,88568,megawatthours,2026-02-23 03:00:00,88568.0
2026-02-23T03,MIDW,Midwest,NG,Net generation,95033,megawatthours,2026-02-23 03:00:00,95033.0
2026-02-23T03,MIDW,Midwest,TI,Total interchange,1615,megawatthours,2026-02-23 03:00:00,1615.0
2026-02-23T02,MIDW,Midwest,D,Demand,91742,megawatthours,2026-02-23 02:00:00,91742.0
2026-02-23T02,MIDW,Midwest,DF,Day-ahead demand forecast,89335,megawatthours,2026-02-23 02:00:00,89335.0
2026-02-23T02,MIDW,Midwest,NG,Net generation,95387,megawatthours,2026-02-23 02:00:00,95387.0
2026-02-23T02,MIDW,Midwest,TI,Total interchange,1082,megawatthours,2026-02-23 02:00:00,1082.0
2026-02-23T01,MIDW,Midwest,D,Demand,91414,megawatthours,2026-02-23 01:00:00,91414.0
2026-02-23T01,MIDW,Midwest,DF,Day-ahead demand forecast,89230,megawatthours,2026-02-23 01:00:00,89230.0
2026-02-23T01,MIDW,Midwest,NG,Net generation,94540,megawatthours,2026-02-23 01:00:00,94540.0
2026-02-23T01,MIDW,Midwest,TI,Total interchange,519,megawatthours,2026-02-23 01:00:00,519.0
2026-02-23T00,MIDW,Midwest,D,Demand,88371,megawatthours,2026-02-23 00:00:00,88371.0
2026-02-23T00,MIDW,Midwest,DF,Day-ahead demand forecast,86953,megawatthours,2026-02-23 00:00:00,86953.0
2026-02-23T00,MIDW,Midwest,NG,Net generation,91754,megawatthours,2026-02-23 00:00:00,91754.0
2026-02-23T00,MIDW,Midwest,TI,Total interchange,665,megawatthours,2026-02-23 00:00:00,665.0
2026-02-22T23,MIDW,Midwest,D,Demand,84571,megawatthours,2026-02-22 23:00:00,84571.0
2026-02-22T23,MIDW,Midwest,DF,Day-ahead demand forecast,83936,megawatthours,2026-02-22 23:00:00,83936.0
2026-02-22T23,MIDW,Midwest,NG,Net generation,89271,megawatthours,2026-02-22 23:00:00,89271.0
2026-02-22T23,MIDW,Midwest,TI,Total interchange,1946,megawatthours,2026-02-22 23:00:00,1946.0
2026-02-22T22,MIDW,Midwest,D,Demand,82552,megawatthours,2026-02-22 22:00:00,82552.0
2026-02-22T22,MIDW,Midwest,DF,Day-ahead demand forecast,81528,megawatthours,2026-02-22 22:00:00,81528.0
2026-02-22T22,MIDW,Midwest,NG,Net generation,87552,megawatthours,2026-02-22 22:00:00,87552.0
2026-02-22T22,MIDW,Midwest,TI,Total interchange,2228,megawatthours,2026-02-22 22:00:00,2228.0
2026-02-22T21,MIDW,Midwest,D,Demand,82221,megawatthours,2026-02-22 21:00:00,82221.0
2026-02-22T21,MIDW,Midwest,DF,Day-ahead demand forecast,81030,megawatthours,2026-02-22 21:00:00,81030.0
2026-02-22T21,MIDW,Midwest,NG,Net generation,86982,megawatthours,2026-02-22 21:00:00,86982.0
2026-02-22T21,MIDW,Midwest,TI,Total interchange,2080,megawatthours,2026-02-22 21:00:00,2080.0
2026-02-22T20,MIDW,Midwest,D,Demand,82209,megawatthours,2026-02-22 20:00:00,82209.0
2026-02-22T20,MIDW,Midwest,DF,Day-ahead demand forecast,81504,megawatthours,2026-02-22 20:00:00,81504.0
2026-02-22T20,MIDW,Midwest,NG,Net generation,86928,megawatthours,2026-02-22 20:00:00,86928.0
2026-02-22T20,MIDW,Midwest,TI,Total interchange,2096,megawatthours,2026-02-22 20:00:00,2096.0
2026-02-22T19,MIDW,Midwest,D,Demand,82716,megawatthours,2026-02-22 19:00:00,82716.0
2026-02-22T19,MIDW,Midwest,DF,Day-ahead demand forecast,82415,megawatthours,2026-02-22 19:00:00,82415.0
2026-02-22T19,MIDW,Midwest,NG,Net generation,87351,megawatthours,2026-02-22 19:00:00,87351.0
2026-02-22T19,MIDW,Midwest,TI,Total interchange,2050,megawatthours,2026-02-22 19:00:00,2050.0
2026-02-22T18,MIDW,Midwest,D,Demand,83196,megawatthours,2026-02-22 18:00:00,83196.0
2026-02-22T18,MIDW,Midwest,DF,Day-ahead demand forecast,83082,megawatthours,2026-02-22 18:00:00,83082.0
2026-02-22T18,MIDW,Midwest,NG,Net generation,87809,megawatthours,2026-02-22 18:00:00,87809.0
2026-02-22T18,MIDW,Midwest,TI,Total interchange,2169,megawatthours,2026-02-22 18:00:00,2169.0
2026-02-22T17,MIDW,Midwest,D,Demand,83536,megawatthours,2026-02-22 17:00:00,83536.0
2026-02-22T17,MIDW,Midwest,DF,Day-ahead demand forecast,84138,megawatthours,2026-02-22 17:00:00,84138.0
2026-02-22T17,MIDW,Midwest,NG,Net generation,87575,megawatthours,2026-02-22 17:00:00,87575.0
2026-02-22T17,MIDW,Midwest,TI,Total interchange,1648,megawatthours,2026-02-22 17:00:00,1648.0
2026-02-22T16,MIDW,Midwest,D,Demand,84415,megawatthours,2026-02-22 16:00:00,84415.0
2026-02-22T16,MIDW,Midwest,DF,Day-ahead demand forecast,84515,megawatthours,2026-02-22 16:00:00,84515.0
2026-02-22T16,MIDW,Midwest,NG,Net generation,88182,megawatthours,2026-02-22 16:00:00,88182.0
2026-02-22T16,MIDW,Midwest,TI,Total interchange,1373,megawatthours,2026-02-22 16:00:00,1373.0
2026-02-22T15,MIDW,Midwest,D,Demand,84359,megawatthours,2026-02-22 15:00:00,84359.0
2026-02-22T15,MIDW,Midwest,DF,Day-ahead demand forecast,84518,megawatthours,2026-02-22 15:00:00,84518.0
2026-02-22T15,MIDW,Midwest,NG,Net generation,88063,megawatthours,2026-02-22 15:00:00,88063.0
2026-02-22T15,MIDW,Midwest,TI,Total interchange,1126,megawatthours,2026-02-22 15:00:00,1126.0
2026-02-22T14,MIDW,Midwest,D,Demand,83139,megawatthours,2026-02-22 14:00:00,83139.0
2026-02-22T14,MIDW,Midwest,DF,Day-ahead demand forecast,83057,megawatthours,2026-02-22 14:00:00,83057.0
2026-02-22T14,MIDW,Midwest,NG,Net generation,85769,megawatthours,2026-02-22 14:00:00,85769.0
2026-02-22T14,MIDW,Midwest,TI,Total interchange,142,megawatthours,2026-02-22 14:00:00,142.0
2026-02-22T13,MIDW,Midwest,D,Demand,80552,megawatthours,2026-02-22 13:00:00,80552.0
2026-02-22T13,MIDW,Midwest,DF,Day-ahead demand forecast,81047,megawatthours,2026-02-22 13:00:00,81047.0
2026-02-22T13,MIDW,Midwest,NG,Net generation,82705,megawatthours,2026-02-22 13:00:00,82705.0
2026-02-22T13,MIDW,Midwest,TI,Total interchange,-269,megawatthours,2026-02-22 13:00:00,-269.0
2026-02-22T12,MIDW,Midwest,D,Demand,78475,megawatthours,2026-02-22 12:00:00,78475.0
2026-02-22T12,MIDW,Midwest,DF,Day-ahead demand forecast,78614,megawatthours,2026-02-22 12:00:00,78614.0
2026-02-22T12,MIDW,Midwest,NG,Net generation,81268,megawatthours,2026-02-22 12:00:00,81268.0
2026-02-22T12,MIDW,Midwest,TI,Total interchange,365,megawatthours,2026-02-22 12:00:00,365.0
2026-02-22T11,MIDW,Midwest,D,Demand,76783,megawatthours,2026-02-22 11:00:00,76783.0
2026-02-22T11,MIDW,Midwest,DF,Day-ahead demand forecast,76615,megawatthours,2026-02-22 11:00:00,76615.0
2026-02-22T11,MIDW,Midwest,NG,Net generation,80489,megawatthours,2026-02-22 11:00:00,80489.0
2026-02-22T11,MIDW,Midwest,TI,Total interchange,1235,megawatthours,2026-02-22 11:00:00,1235.0
2026-02-22T10,MIDW,Midwest,D,Demand,76166,megawatthours,2026-02-22 10:00:00,76166.0
2026-02-22T10,MIDW,Midwest,DF,Day-ahead demand forecast,76166,megawatthours,2026-02-22 10:00:00,76166.0
2026-02-22T10,MIDW,Midwest,NG,Net generation,79673,megawatthours,2026-02-22 10:00:00,79673.0
2026-02-22T10,MIDW,Midwest,TI,Total interchange,1058,megawatthours,2026-02-22 10:00:00,1058.0
2026-02-22T09,MIDW,Midwest,D,Demand,75741,megawatthours,2026-02-22 09:00:00,75741.0
2026-02-22T09,MIDW,Midwest,DF,Day-ahead demand forecast,75821,megawatthours,2026-02-22 09:00:00,75821.0
2026-02-22T09,MIDW,Midwest,NG,Net generation,79263,megawatthours,2026-02-22 09:00:00,79263.0
2026-02-22T09,MIDW,Midwest,TI,Total interchange,1062,megawatthours,2026-02-22 09:00:00,1062.0
2026-02-22T08,MIDW,Midwest,D,Demand,76009,megawatthours,2026-02-22 08:00:00,76009.0
2026-02-22T08,MIDW,Midwest,DF,Day-ahead demand forecast,75921,megawatthours,2026-02-22 08:00:00,75921.0
2026-02-22T08,MIDW,Midwest,NG,Net generation,79233,megawatthours,2026-02-22 08:00:00,79233.0
2026-02-22T08,MIDW,Midwest,TI,Total interchange,716,megawatthours,2026-02-22 08:00:00,716.0
2026-02-22T07,MIDW,Midwest,D,Demand,76592,megawatthours,2026-02-22 07:00:00,76592.0
2026-02-22T07,MIDW,Midwest,DF,Day-ahead demand forecast,76596,megawatthours,2026-02-22 07:00:00,76596.0
2026-02-22T07,MIDW,Midwest,NG,Net generation,80232,megawatthours,2026-02-22 07:00:00,80232.0
2026-02-22T07,MIDW,Midwest,TI,Total interchange,1084,megawatthours,2026-02-22 07:00:00,1084.0
2026-02-22T06,MIDW,Midwest,D,Demand,77927,megawatthours,2026-02-22 06:00:00,77927.0
2026-02-22T06,MIDW,Midwest,DF,Day-ahead demand forecast,77717,megawatthours,2026-02-22 06:00:00,77717.0
2026-02-22T06,MIDW,Midwest,NG,Net generation,81498,megawatthours,2026-02-22 06:00:00,81498.0
2026-02-22T06,MIDW,Midwest,TI,Total interchange,969,megawatthours,2026-02-22 06:00:00,969.0
2026-02-22T05,MIDW,Midwest,D,Demand,79599,megawatthours,2026-02-22 05:00:00,79599.0
2026-02-22T05,MIDW,Midwest,DF,Day-ahead demand forecast,78321,megawatthours,2026-02-22 05:00:00,78321.0
2026-02-22T05,MIDW,Midwest,NG,Net generation,82646,megawatthours,2026-02-22 05:00:00,82646.0
2026-02-22T05,MIDW,Midwest,TI,Total interchange,317,megawatthours,2026-02-22 05:00:00,317.0
2026-02-22T04,MIDW,Midwest,D,Demand,81636,megawatthours,2026-02-22 04:00:00,81636.0
2026-02-22T04,MIDW,Midwest,DF,Day-ahead demand forecast,80478,megawatthours,2026-02-22 04:00:00,80478.0
2026-02-22T04,MIDW,Midwest,NG,Net generation,84933,megawatthours,2026-02-22 04:00:00,84933.0
2026-02-22T04,MIDW,Midwest,TI,Total interchange,621,megawatthours,2026-02-22 04:00:00,621.0
2026-02-22T03,MIDW,Midwest,D,Demand,82909,megawatthours,2026-02-22 03:00:00,82909.0
2026-02-22T03,MIDW,Midwest,DF,Day-ahead demand forecast,81788,megawatthours,2026-02-22 03:00:00,81788.0
2026-02-22T03,MIDW,Midwest,NG,Net generation,86303,megawatthours,2026-02-22 03:00:00,86303.0
2026-02-22T03,MIDW,Midwest,TI,Total interchange,565,megawatthours,2026-02-22 03:00:00,565.0
2026-02-22T02,MIDW,Midwest,D,Demand,84083,megawatthours,2026-02-22 02:00:00,84083.0
2026-02-22T02,MIDW,Midwest,DF,Day-ahead demand forecast,82805,megawatthours,2026-02-22 02:00:00,82805.0
2026-02-22T02,MIDW,Midwest,NG,Net generation,87063,megawatthours,2026-02-22 02:00:00,87063.0
2026-02-22T02,MIDW,Midwest,TI,Total interchange,189,megawatthours,2026-02-22 02:00:00,189.0
2026-02-22T01,MIDW,Midwest,D,Demand,84483,megawatthours,2026-02-22 01:00:00,84483.0
2026-02-22T01,MIDW,Midwest,DF,Day-ahead demand forecast,83166,megawatthours,2026-02-22 01:00:00,83166.0
2026-02-22T01,MIDW,Midwest,NG,Net generation,87193,megawatthours,2026-02-22 01:00:00,87193.0
2026-02-22T01,MIDW,Midwest,TI,Total interchange,-123,megawatthours,2026-02-22 01:00:00,-123.0
2026-02-22T00,MIDW,Midwest,D,Demand,82633,megawatthours,2026-02-22 00:00:00,82633.0
2026-02-22T00,MIDW,Midwest,DF,Day-ahead demand forecast,81766,megawatthours,2026-02-22 00:00:00,81766.0
2026-02-22T00,MIDW,Midwest,NG,Net generation,85099,megawatthours,2026-02-22 00:00:00,85099.0
2026-02-22T00,MIDW,Midwest,TI,Total interchange,-219,megawatthours,2026-02-22 00:00:00,-219.0
2026-02-21T23,MIDW,Midwest,D,Demand,80189,megawatthours,2026-02-21 23:00:00,80189.0
2026-02-21T23,MIDW,Midwest,DF,Day-ahead demand forecast,79719,megawatthours,2026-02-21 23:00:00,79719.0
2026-02-21T23,MIDW,Midwest,NG,Net generation,83489,megawatthours,2026-02-21 23:00:00,83489.0
2026-02-21T23,MIDW,Midwest,TI,Total interchange,639,megawatthours,2026-02-21 23:00:00,639.0
2026-02-21T22,MIDW,Midwest,D,Demand,78354,megawatthours,2026-02-21 22:00:00,78354.0
2026-02-21T22,MIDW,Midwest,DF,Day-ahead demand forecast,78149,megawatthours,2026-02-21 22:00:00,78149.0
2026-02-21T22,MIDW,Midwest,NG,Net generation,82566,megawatthours,2026-02-21 22:00:00,82566.0
2026-02-21T22,MIDW,Midwest,TI,Total interchange,1678,megawatthours,2026-02-21 22:00:00,1678.0
2026-02-21T21,MIDW,Midwest,D,Demand,78594,megawatthours,2026-02-21 21:00:00,78594.0
2026-02-21T21,MIDW,Midwest,DF,Day-ahead demand forecast,78080,megawatthours,2026-02-21 21:00:00,78080.0
2026-02-21T21,MIDW,Midwest,NG,Net generation,82623,megawatthours,2026-02-21 21:00:00,82623.0
2026-02-21T21,MIDW,Midwest,TI,Total interchange,1755,megawatthours,2026-02-21 21:00:00,1755.0
2026-02-21T20,MIDW,Midwest,D,Demand,79360,megawatthours,2026-02-21 20:00:00,79360.0
2026-02-21T20,MIDW,Midwest,DF,Day-ahead demand forecast,78783,megawatthours,2026-02-21 20:00:00,78783.0
2026-02-21T20,MIDW,Midwest,NG,Net generation,83167,megawatthours,2026-02-21 20:00:00,83167.0
2026-02-21T20,MIDW,Midwest,TI,Total interchange,1702,megawatthours,2026-02-21 20:00:00,1702.0
2026-02-21T19,MIDW,Midwest,D,Demand,80180,megawatthours,2026-02-21 19:00:00,80180.0
2026-02-21T19,MIDW,Midwest,DF,Day-ahead demand forecast,79461,megawatthours,2026-02-21 19:00:00,79461.0
2026-02-21T19,MIDW,Midwest,NG,Net generation,83239,megawatthours,2026-02-21 19:00:00,83239.0
2026-02-21T19,MIDW,Midwest,TI,Total interchange,1233,megawatthours,2026-02-21 19:00:00,1233.0
2026-02-21T18,MIDW,Midwest,D,Demand,80726,megawatthours,2026-02-21 18:00:00,80726.0
2026-02-21T18,MIDW,Midwest,DF,Day-ahead demand forecast,80274,megawatthours,2026-02-21 18:00:00,80274.0
2026-02-21T18,MIDW,Midwest,NG,Net generation,82991,megawatthours,2026-02-21 18:00:00,82991.0
2026-02-21T18,MIDW,Midwest,TI,Total interchange,616,megawatthours,2026-02-21 18:00:00,616.0
2026-02-21T17,MIDW,Midwest,D,Demand,81431,megawatthours,2026-02-21 17:00:00,81431.0
2026-02-21T17,MIDW,Midwest,DF,Day-ahead demand forecast,81070,megawatthours,2026-02-21 17:00:00,81070.0
2026-02-21T17,MIDW,Midwest,NG,Net generation,83282,megawatthours,2026-02-21 17:00:00,83282.0
2026-02-21T17,MIDW,Midwest,TI,Total interchange,244,megawatthours,2026-02-21 17:00:00,244.0
2026-02-21T16,MIDW,Midwest,D,Demand,81800,megawatthours,2026-02-21 16:00:00,81800.0
2026-02-21T16,MIDW,Midwest,DF,Day-ahead demand forecast,81061,megawatthours,2026-02-21 16:00:00,81061.0
2026-02-21T16,MIDW,Midwest,NG,Net generation,83187,megawatthours,2026-02-21 16:00:00,83187.0
2026-02-21T16,MIDW,Midwest,TI,Total interchange,-164,megawatthours,2026-02-21 16:00:00,-164.0
2026-02-21T15,MIDW,Midwest,D,Demand,81098,megawatthours,2026-02-21 15:00:00,81098.0
2026-02-21T15,MIDW,Midwest,DF,Day-ahead demand forecast,80821,megawatthours,2026-02-21 15:00:00,80821.0
2026-02-21T15,MIDW,Midwest,NG,Net generation,82256,megawatthours,2026-02-21 15:00:00,82256.0
2026-02-21T15,MIDW,Midwest,TI,Total interchange,-411,megawatthours,2026-02-21 15:00:00,-411.0
2026-02-21T14,MIDW,Midwest,D,Demand,79639,megawatthours,2026-02-21 14:00:00,79639.0
2026-02-21T14,MIDW,Midwest,DF,Day-ahead demand forecast,79552,megawatthours,2026-02-21 14:00:00,79552.0
2026-02-21T14,MIDW,Midwest,NG,Net generation,79849,megawatthours,2026-02-21 14:00:00,79849.0
2026-02-21T14,MIDW,Midwest,TI,Total interchange,-1238,megawatthours,2026-02-21 14:00:00,-1238.0
2026-02-21T13,MIDW,Midwest,D,Demand,77945,megawatthours,2026-02-21 13:00:00,77945.0
2026-02-21T13,MIDW,Midwest,DF,Day-ahead demand forecast,77834,megawatthours,2026-02-21 13:00:00,77834.0
2026-02-21T13,MIDW,Midwest,NG,Net generation,77706,megawatthours,2026-02-21 13:00:00,77706.0
2026-02-21T13,MIDW,Midwest,TI,Total interchange,-1651,megawatthours,2026-02-21 13:00:00,-1651.0
2026-02-21T12,MIDW,Midwest,D,Demand,75921,megawatthours,2026-02-21 12:00:00,75921.0
2026-02-21T12,MIDW,Midwest,DF,Day-ahead demand forecast,75540,megawatthours,2026-02-21 12:00:00,75540.0
2026-02-21T12,MIDW,Midwest,NG,Net generation,76253,megawatthours,2026-02-21 12:00:00,76253.0
2026-02-21T12,MIDW,Midwest,TI,Total interchange,-1213,megawatthours,2026-02-21 12:00:00,-1213.0
2026-02-21T11,MIDW,Midwest,D,Demand,74976,megawatthours,2026-02-21 11:00:00,74976.0
2026-02-21T11,MIDW,Midwest,DF,Day-ahead demand forecast,73651,megawatthours,2026-02-21 11:00:00,73651.0
2026-02-21T11,MIDW,Midwest,NG,Net generation,75276,megawatthours,2026-02-21 11:00:00,75276.0
2026-02-21T11,MIDW,Midwest,TI,Total interchange,-1229,megawatthours,2026-02-21 11:00:00,-1229.0
2026-02-21T10,MIDW,Midwest,D,Demand,74342,megawatthours,2026-02-21 10:00:00,74342.0
2026-02-21T10,MIDW,Midwest,DF,Day-ahead demand forecast,73420,megawatthours,2026-02-21 10:00:00,73420.0
2026-02-21T10,MIDW,Midwest,NG,Net generation,74353,megawatthours,2026-02-21 10:00:00,74353.0
2026-02-21T10,MIDW,Midwest,TI,Total interchange,-1545,megawatthours,2026-02-21 10:00:00,-1545.0
2026-02-21T09,MIDW,Midwest,D,Demand,74535,megawatthours,2026-02-21 09:00:00,74535.0
2026-02-21T09,MIDW,Midwest,DF,Day-ahead demand forecast,73460,megawatthours,2026-02-21 09:00:00,73460.0
2026-02-21T09,MIDW,Midwest,NG,Net generation,74587,megawatthours,2026-02-21 09:00:00,74587.0
2026-02-21T09,MIDW,Midwest,TI,Total interchange,-1606,megawatthours,2026-02-21 09:00:00,-1606.0
2026-02-21T08,MIDW,Midwest,D,Demand,74841,megawatthours,2026-02-21 08:00:00,74841.0
2026-02-21T08,MIDW,Midwest,DF,Day-ahead demand forecast,74046,megawatthours,2026-02-21 08:00:00,74046.0
2026-02-21T08,MIDW,Midwest,NG,Net generation,74789,megawatthours,2026-02-21 08:00:00,74789.0
2026-02-21T08,MIDW,Midwest,TI,Total interchange,-1686,megawatthours,2026-02-21 08:00:00,-1686.0
2026-02-21T07,MIDW,Midwest,D,Demand,76086,megawatthours,2026-02-21 07:00:00,76086.0
2026-02-21T07,MIDW,Midwest,DF,Day-ahead demand forecast,75103,megawatthours,2026-02-21 07:00:00,75103.0
2026-02-21T07,MIDW,Midwest,NG,Net generation,75957,megawatthours,2026-02-21 07:00:00,75957.0
2026-02-21T07,MIDW,Midwest,TI,Total interchange,-1842,megawatthours,2026-02-21 07:00:00,-1842.0
2026-02-21T06,MIDW,Midwest,D,Demand,77645,megawatthours,2026-02-21 06:00:00,77645.0
2026-02-21T06,MIDW,Midwest,DF,Day-ahead demand forecast,76911,megawatthours,2026-02-21 06:00:00,76911.0
2026-02-21T06,MIDW,Midwest,NG,Net generation,76707,megawatthours,2026-02-21 06:00:00,76707.0
2026-02-21T06,MIDW,Midwest,TI,Total interchange,-2554,megawatthours,2026-02-21 06:00:00,-2554.0
2026-02-21T05,MIDW,Midwest,D,Demand,79985,megawatthours,2026-02-21 05:00:00,79985.0
2026-02-21T05,MIDW,Midwest,DF,Day-ahead demand forecast,78490,megawatthours,2026-02-21 05:00:00,78490.0
2026-02-21T05,MIDW,Midwest,NG,Net generation,78972,megawatthours,2026-02-21 05:00:00,78972.0
2026-02-21T05,MIDW,Midwest,TI,Total interchange,-2691,megawatthours,2026-02-21 05:00:00,-2691.0
2026-02-21T04,MIDW,Midwest,D,Demand,82327,megawatthours,2026-02-21 04:00:00,82327.0
2026-02-21T04,MIDW,Midwest,DF,Day-ahead demand forecast,81181,megawatthours,2026-02-21 04:00:00,81181.0
2026-02-21T04,MIDW,Midwest,NG,Net generation,80864,megawatthours,2026-02-21 04:00:00,80864.0
2026-02-21T04,MIDW,Midwest,TI,Total interchange,-3115,megawatthours,2026-02-21 04:00:00,-3115.0
2026-02-21T03,MIDW,Midwest,D,Demand,84090,megawatthours,2026-02-21 03:00:00,84090.0
2026-02-21T03,MIDW,Midwest,DF,Day-ahead demand forecast,83109,megawatthours,2026-02-21 03:00:00,83109.0
2026-02-21T03,MIDW,Midwest,NG,Net generation,81594,megawatthours,2026-02-21 03:00:00,81594.0
2026-02-21T03,MIDW,Midwest,TI,Total interchange,-4159,megawatthours,2026-02-21 03:00:00,-4159.0
2026-02-21T02,MIDW,Midwest,D,Demand,85447,megawatthours,2026-02-21 02:00:00,85447.0
2026-02-21T02,MIDW,Midwest,DF,Day-ahead demand forecast,84522,megawatthours,2026-02-21 02:00:00,84522.0
2026-02-21T02,MIDW,Midwest,NG,Net generation,82561,megawatthours,2026-02-21 02:00:00,82561.0
2026-02-21T02,MIDW,Midwest,TI,Total interchange,-4655,megawatthours,2026-02-21 02:00:00,-4655.0
2026-02-21T01,MIDW,Midwest,D,Demand,86212,megawatthours,2026-02-21 01:00:00,86212.0
2026-02-21T01,MIDW,Midwest,DF,Day-ahead demand forecast,85197,megawatthours,2026-02-21 01:00:00,85197.0
2026-02-21T01,MIDW,Midwest,NG,Net generation,83982,megawatthours,2026-02-21 01:00:00,83982.0
2026-02-21T01,MIDW,Midwest,TI,Total interchange,-4213,megawatthours,2026-02-21 01:00:00,-4213.0
2026-02-21T00,MIDW,Midwest,D,Demand,84852,megawatthours,2026-02-21 00:00:00,84852.0
2026-02-21T00,MIDW,Midwest,DF,Day-ahead demand forecast,84300,megawatthours,2026-02-21 00:00:00,84300.0
2026-02-21T00,MIDW,Midwest,NG,Net generation,83605,megawatthours,2026-02-21 00:00:00,83605.0
2026-02-21T00,MIDW,Midwest,TI,Total interchange,-3344,megawatthours,2026-02-21 00:00:00,-3344.0
2026-02-20T23,MIDW,Midwest,D,Demand,82803,megawatthours,2026-02-20 23:00:00,82803.0
2026-02-20T23,MIDW,Midwest,DF,Day-ahead demand forecast,82816,megawatthours,2026-02-20 23:00:00,82816.0
2026-02-20T23,MIDW,Midwest,NG,Net generation,83460,megawatthours,2026-02-20 23:00:00,83460.0
2026-02-20T23,MIDW,Midwest,TI,Total interchange,-1688,megawatthours,2026-02-20 23:00:00,-1688.0
2026-02-20T22,MIDW,Midwest,D,Demand,82188,megawatthours,2026-02-20 22:00:00,82188.0
2026-02-20T22,MIDW,Midwest,DF,Day-ahead demand forecast,81799,megawatthours,2026-02-20 22:00:00,81799.0
2026-02-20T22,MIDW,Midwest,NG,Net generation,84225,megawatthours,2026-02-20 22:00:00,84225.0
2026-02-20T22,MIDW,Midwest,TI,Total interchange,-198,megawatthours,2026-02-20 22:00:00,-198.0
2026-02-20T21,MIDW,Midwest,D,Demand,82381,megawatthours,2026-02-20 21:00:00,82381.0
2026-02-20T21,MIDW,Midwest,DF,Day-ahead demand forecast,81804,megawatthours,2026-02-20 21:00:00,81804.0
2026-02-20T21,MIDW,Midwest,NG,Net generation,84754,megawatthours,2026-02-20 21:00:00,84754.0
2026-02-20T21,MIDW,Midwest,TI,Total interchange,2,megawatthours,2026-02-20 21:00:00,2.0
2026-02-20T20,MIDW,Midwest,D,Demand,83096,megawatthours,2026-02-20 20:00:00,83096.0
2026-02-20T20,MIDW,Midwest,DF,Day-ahead demand forecast,82339,megawatthours,2026-02-20 20:00:00,82339.0
2026-02-20T20,MIDW,Midwest,NG,Net generation,85600,megawatthours,2026-02-20 20:00:00,85600.0
2026-02-20T20,MIDW,Midwest,TI,Total interchange,190,megawatthours,2026-02-20 20:00:00,190.0
2026-02-20T19,MIDW,Midwest,D,Demand,83616,megawatthours,2026-02-20 19:00:00,83616.0
2026-02-20T19,MIDW,Midwest,DF,Day-ahead demand forecast,82900,megawatthours,2026-02-20 19:00:00,82900.0
2026-02-20T19,MIDW,Midwest,NG,Net generation,86097,megawatthours,2026-02-20 19:00:00,86097.0
2026-02-20T19,MIDW,Midwest,TI,Total interchange,59,megawatthours,2026-02-20 19:00:00,59.0
2026-02-20T18,MIDW,Midwest,D,Demand,84086,megawatthours,2026-02-20 18:00:00,84086.0
2026-02-20T18,MIDW,Midwest,DF,Day-ahead demand forecast,83495,megawatthours,2026-02-20 18:00:00,83495.0
2026-02-20T18,MIDW,Midwest,NG,Net generation,87230,megawatthours,2026-02-20 18:00:00,87230.0
2026-02-20T18,MIDW,Midwest,TI,Total interchange,557,megawatthours,2026-02-20 18:00:00,557.0
2026-02-20T17,MIDW,Midwest,D,Demand,84614,megawatthours,2026-02-20 17:00:00,84614.0
2026-02-20T17,MIDW,Midwest,DF,Day-ahead demand forecast,84162,megawatthours,2026-02-20 17:00:00,84162.0
2026-02-20T17,MIDW,Midwest,NG,Net generation,88515,megawatthours,2026-02-20 17:00:00,88515.0
2026-02-20T17,MIDW,Midwest,TI,Total interchange,1372,megawatthours,2026-02-20 17:00:00,1372.0
2026-02-20T16,MIDW,Midwest,D,Demand,84987,megawatthours,2026-02-20 16:00:00,84987.0
2026-02-20T16,MIDW,Midwest,DF,Day-ahead demand forecast,84731,megawatthours,2026-02-20 16:00:00,84731.0
2026-02-20T16,MIDW,Midwest,NG,Net generation,88283,megawatthours,2026-02-20 16:00:00,88283.0
2026-02-20T16,MIDW,Midwest,TI,Total interchange,958,megawatthours,2026-02-20 16:00:00,958.0
2026-02-20T15,MIDW,Midwest,D,Demand,84780,megawatthours,2026-02-20 15:00:00,84780.0
2026-02-20T15,MIDW,Midwest,DF,Day-ahead demand forecast,85144,megawatthours,2026-02-20 15:00:00,85144.0
2026-02-20T15,MIDW,Midwest,NG,Net generation,87231,megawatthours,2026-02-20 15:00:00,87231.0
2026-02-20T15,MIDW,Midwest,TI,Total interchange,-33,megawatthours,2026-02-20 15:00:00,-33.0
2026-02-20T14,MIDW,Midwest,D,Demand,84103,megawatthours,2026-02-20 14:00:00,84103.0
2026-02-20T14,MIDW,Midwest,DF,Day-ahead demand forecast,85017,megawatthours,2026-02-20 14:00:00,85017.0
2026-02-20T14,MIDW,Midwest,NG,Net generation,86380,megawatthours,2026-02-20 14:00:00,86380.0
2026-02-20T14,MIDW,Midwest,TI,Total interchange,-277,megawatthours,2026-02-20 14:00:00,-277.0
2026-02-20T13,MIDW,Midwest,D,Demand,81315,megawatthours,2026-02-20 13:00:00,81315.0
2026-02-20T13,MIDW,Midwest,DF,Day-ahead demand forecast,82818,megawatthours,2026-02-20 13:00:00,82818.0
2026-02-20T13,MIDW,Midwest,NG,Net generation,83834,megawatthours,2026-02-20 13:00:00,83834.0
2026-02-20T13,MIDW,Midwest,TI,Total interchange,-10,megawatthours,2026-02-20 13:00:00,-10.0
2026-02-20T12,MIDW,Midwest,D,Demand,76084,megawatthours,2026-02-20 12:00:00,76084.0
2026-02-20T12,MIDW,Midwest,DF,Day-ahead demand forecast,77892,megawatthours,2026-02-20 12:00:00,77892.0
2026-02-20T12,MIDW,Midwest,NG,Net generation,79184,megawatthours,2026-02-20 12:00:00,79184.0
2026-02-20T12,MIDW,Midwest,TI,Total interchange,610,megawatthours,2026-02-20 12:00:00,610.0
2026-02-20T11,MIDW,Midwest,D,Demand,72164,megawatthours,2026-02-20 11:00:00,72164.0
2026-02-20T11,MIDW,Midwest,DF,Day-ahead demand forecast,73192,megawatthours,2026-02-20 11:00:00,73192.0
2026-02-20T11,MIDW,Midwest,NG,Net generation,75786,megawatthours,2026-02-20 11:00:00,75786.0
2026-02-20T11,MIDW,Midwest,TI,Total interchange,1391,megawatthours,2026-02-20 11:00:00,1391.0
2026-02-20T10,MIDW,Midwest,D,Demand,70406,megawatthours,2026-02-20 10:00:00,70406.0
2026-02-20T10,MIDW,Midwest,DF,Day-ahead demand forecast,71286,megawatthours,2026-02-20 10:00:00,71286.0
2026-02-20T10,MIDW,Midwest,NG,Net generation,73864,megawatthours,2026-02-20 10:00:00,73864.0
2026-02-20T10,MIDW,Midwest,TI,Total interchange,1180,megawatthours,2026-02-20 10:00:00,1180.0
2026-02-20T09,MIDW,Midwest,D,Demand,70114,megawatthours,2026-02-20 09:00:00,70114.0
2026-02-20T09,MIDW,Midwest,DF,Day-ahead demand forecast,70921,megawatthours,2026-02-20 09:00:00,70921.0
2026-02-20T09,MIDW,Midwest,NG,Net generation,73857,megawatthours,2026-02-20 09:00:00,73857.0
2026-02-20T09,MIDW,Midwest,TI,Total interchange,1444,megawatthours,2026-02-20 09:00:00,1444.0
2026-02-20T08,MIDW,Midwest,D,Demand,70617,megawatthours,2026-02-20 08:00:00,70617.0
2026-02-20T08,MIDW,Midwest,DF,Day-ahead demand forecast,71304,megawatthours,2026-02-20 08:00:00,71304.0
2026-02-20T08,MIDW,Midwest,NG,Net generation,74282,megawatthours,2026-02-20 08:00:00,74282.0
2026-02-20T08,MIDW,Midwest,TI,Total interchange,1314,megawatthours,2026-02-20 08:00:00,1314.0
2026-02-20T07,MIDW,Midwest,D,Demand,71546,megawatthours,2026-02-20 07:00:00,71546.0
2026-02-20T07,MIDW,Midwest,DF,Day-ahead demand forecast,72212,megawatthours,2026-02-20 07:00:00,72212.0
2026-02-20T07,MIDW,Midwest,NG,Net generation,75345,megawatthours,2026-02-20 07:00:00,75345.0
2026-02-20T07,MIDW,Midwest,TI,Total interchange,1459,megawatthours,2026-02-20 07:00:00,1459.0
2026-02-20T06,MIDW,Midwest,D,Demand,73381,megawatthours,2026-02-20 06:00:00,73381.0
2026-02-20T06,MIDW,Midwest,DF,Day-ahead demand forecast,73864,megawatthours,2026-02-20 06:00:00,73864.0
2026-02-20T06,MIDW,Midwest,NG,Net generation,77396,megawatthours,2026-02-20 06:00:00,77396.0
2026-02-20T06,MIDW,Midwest,TI,Total interchange,1807,megawatthours,2026-02-20 06:00:00,1807.0
2026-02-20T05,MIDW,Midwest,D,Demand,75740,megawatthours,2026-02-20 05:00:00,75740.0
2026-02-20T05,MIDW,Midwest,DF,Day-ahead demand forecast,75619,megawatthours,2026-02-20 05:00:00,75619.0
2026-02-20T05,MIDW,Midwest,NG,Net generation,78588,megawatthours,2026-02-20 05:00:00,78588.0
2026-02-20T05,MIDW,Midwest,TI,Total interchange,610,megawatthours,2026-02-20 05:00:00,610.0
2026-02-20T04,MIDW,Midwest,D,Demand,78572,megawatthours,2026-02-20 04:00:00,78572.0
2026-02-20T04,MIDW,Midwest,DF,Day-ahead demand forecast,78676,megawatthours,2026-02-20 04:00:00,78676.0
2026-02-20T04,MIDW,Midwest,NG,Net generation,80724,megawatthours,2026-02-20 04:00:00,80724.0
2026-02-20T04,MIDW,Midwest,TI,Total interchange,37,megawatthours,2026-02-20 04:00:00,37.0
2026-02-20T03,MIDW,Midwest,D,Demand,81243,megawatthours,2026-02-20 03:00:00,81243.0
2026-02-20T03,MIDW,Midwest,DF,Day-ahead demand forecast,81480,megawatthours,2026-02-20 03:00:00,81480.0
2026-02-20T03,MIDW,Midwest,NG,Net generation,82689,megawatthours,2026-02-20 03:00:00,82689.0
2026-02-20T03,MIDW,Midwest,TI,Total interchange,-1005,megawatthours,2026-02-20 03:00:00,-1005.0
2026-02-20T02,MIDW,Midwest,D,Demand,82883,megawatthours,2026-02-20 02:00:00,82883.0
2026-02-20T02,MIDW,Midwest,DF,Day-ahead demand forecast,83426,megawatthours,2026-02-20 02:00:00,83426.0
2026-02-20T02,MIDW,Midwest,NG,Net generation,84134,megawatthours,2026-02-20 02:00:00,84134.0
2026-02-20T02,MIDW,Midwest,TI,Total interchange,-1332,megawatthours,2026-02-20 02:00:00,-1332.0
2026-02-20T01,MIDW,Midwest,D,Demand,83430,megawatthours,2026-02-20 01:00:00,83430.0
2026-02-20T01,MIDW,Midwest,DF,Day-ahead demand forecast,84010,megawatthours,2026-02-20 01:00:00,84010.0
2026-02-20T01,MIDW,Midwest,NG,Net generation,85052,megawatthours,2026-02-20 01:00:00,85052.0
2026-02-20T01,MIDW,Midwest,TI,Total interchange,-1010,megawatthours,2026-02-20 01:00:00,-1010.0
2026-02-20T00,MIDW,Midwest,D,Demand,82448,megawatthours,2026-02-20 00:00:00,82448.0
2026-02-20T00,MIDW,Midwest,DF,Day-ahead demand forecast,82921,megawatthours,2026-02-20 00:00:00,82921.0
2026-02-20T00,MIDW,Midwest,NG,Net generation,84814,megawatthours,2026-02-20 00:00:00,84814.0
2026-02-20T00,MIDW,Midwest,TI,Total interchange,-251,megawatthours,2026-02-20 00:00:00,-251.0
2026-02-19T23,MIDW,Midwest,D,Demand,81033,megawatthours,2026-02-19 23:00:00,81033.0
2026-02-19T23,MIDW,Midwest,DF,Day-ahead demand forecast,81256,megawatthours,2026-02-19 23:00:00,81256.0
2026-02-19T23,MIDW,Midwest,NG,Net generation,83382,megawatthours,2026-02-19 23:00:00,83382.0
2026-02-19T23,MIDW,Midwest,TI,Total interchange,-220,megawatthours,2026-02-19 23:00:00,-220.0
2026-02-19T22,MIDW,Midwest,D,Demand,80114,megawatthours,2026-02-19 22:00:00,80114.0
2026-02-19T22,MIDW,Midwest,DF,Day-ahead demand forecast,80321,megawatthours,2026-02-19 22:00:00,80321.0
2026-02-19T22,MIDW,Midwest,NG,Net generation,83459,megawatthours,2026-02-19 22:00:00,83459.0
2026-02-19T22,MIDW,Midwest,TI,Total interchange,1012,megawatthours,2026-02-19 22:00:00,1012.0
2026-02-19T21,MIDW,Midwest,D,Demand,79903,megawatthours,2026-02-19 21:00:00,79903.0
2026-02-19T21,MIDW,Midwest,DF,Day-ahead demand forecast,80311,megawatthours,2026-02-19 21:00:00,80311.0
2026-02-19T21,MIDW,Midwest,NG,Net generation,83334,megawatthours,2026-02-19 21:00:00,83334.0
2026-02-19T21,MIDW,Midwest,TI,Total interchange,1122,megawatthours,2026-02-19 21:00:00,1122.0
2026-02-19T20,MIDW,Midwest,D,Demand,80071,megawatthours,2026-02-19 20:00:00,80071.0
2026-02-19T20,MIDW,Midwest,DF,Day-ahead demand forecast,80767,megawatthours,2026-02-19 20:00:00,80767.0
2026-02-19T20,MIDW,Midwest,NG,Net generation,83574,megawatthours,2026-02-19 20:00:00,83574.0
2026-02-19T20,MIDW,Midwest,TI,Total interchange,1361,megawatthours,2026-02-19 20:00:00,1361.0
2026-02-19T19,MIDW,Midwest,D,Demand,80376,megawatthours,2026-02-19 19:00:00,80376.0
2026-02-19T19,MIDW,Midwest,DF,Day-ahead demand forecast,80990,megawatthours,2026-02-19 19:00:00,80990.0
2026-02-19T19,MIDW,Midwest,NG,Net generation,83162,megawatthours,2026-02-19 19:00:00,83162.0
2026-02-19T19,MIDW,Midwest,TI,Total interchange,457,megawatthours,2026-02-19 19:00:00,457.0
2026-02-19T18,MIDW,Midwest,D,Demand,80675,megawatthours,2026-02-19 18:00:00,80675.0
2026-02-19T18,MIDW,Midwest,DF,Day-ahead demand forecast,81199,megawatthours,2026-02-19 18:00:00,81199.0
2026-02-19T18,MIDW,Midwest,NG,Net generation,83260,megawatthours,2026-02-19 18:00:00,83260.0
2026-02-19T18,MIDW,Midwest,TI,Total interchange,279,megawatthours,2026-02-19 18:00:00,279.0
2026-02-19T17,MIDW,Midwest,D,Demand,80545,megawatthours,2026-02-19 17:00:00,80545.0
2026-02-19T17,MIDW,Midwest,DF,Day-ahead demand forecast,81521,megawatthours,2026-02-19 17:00:00,81521.0
2026-02-19T17,MIDW,Midwest,NG,Net generation,82704,megawatthours,2026-02-19 17:00:00,82704.0
2026-02-19T17,MIDW,Midwest,TI,Total interchange,-180,megawatthours,2026-02-19 17:00:00,-180.0
2026-02-19T16,MIDW,Midwest,D,Demand,80556,megawatthours,2026-02-19 16:00:00,80556.0
2026-02-19T16,MIDW,Midwest,DF,Day-ahead demand forecast,81751,megawatthours,2026-02-19 16:00:00,81751.0
2026-02-19T16,MIDW,Midwest,NG,Net generation,82705,megawatthours,2026-02-19 16:00:00,82705.0
2026-02-19T16,MIDW,Midwest,TI,Total interchange,-88,megawatthours,2026-02-19 16:00:00,-88.0
2026-02-19T15,MIDW,Midwest,D,Demand,80718,megawatthours,2026-02-19 15:00:00,80718.0
2026-02-19T15,MIDW,Midwest,DF,Day-ahead demand forecast,82116,megawatthours,2026-02-19 15:00:00,82116.0
2026-02-19T15,MIDW,Midwest,NG,Net generation,82568,megawatthours,2026-02-19 15:00:00,82568.0
2026-02-19T15,MIDW,Midwest,TI,Total interchange,-501,megawatthours,2026-02-19 15:00:00,-501.0
2026-02-19T14,MIDW,Midwest,D,Demand,80465,megawatthours,2026-02-19 14:00:00,80465.0
2026-02-19T14,MIDW,Midwest,DF,Day-ahead demand forecast,82207,megawatthours,2026-02-19 14:00:00,82207.0
2026-02-19T14,MIDW,Midwest,NG,Net generation,81783,megawatthours,2026-02-19 14:00:00,81783.0
2026-02-19T14,MIDW,Midwest,TI,Total interchange,-973,megawatthours,2026-02-19 14:00:00,-973.0
2026-02-19T13,MIDW,Midwest,D,Demand,78334,megawatthours,2026-02-19 13:00:00,78334.0
2026-02-19T13,MIDW,Midwest,DF,Day-ahead demand forecast,80389,megawatthours,2026-02-19 13:00:00,80389.0
2026-02-19T13,MIDW,Midwest,NG,Net generation,78957,megawatthours,2026-02-19 13:00:00,78957.0
2026-02-19T13,MIDW,Midwest,TI,Total interchange,-1537,megawatthours,2026-02-19 13:00:00,-1537.0
2026-02-19T12,MIDW,Midwest,D,Demand,73275,megawatthours,2026-02-19 12:00:00,73275.0
2026-02-19T12,MIDW,Midwest,DF,Day-ahead demand forecast,75656,megawatthours,2026-02-19 12:00:00,75656.0
2026-02-19T12,MIDW,Midwest,NG,Net generation,73906,megawatthours,2026-02-19 12:00:00,73906.0
2026-02-19T12,MIDW,Midwest,TI,Total interchange,-1280,megawatthours,2026-02-19 12:00:00,-1280.0
2026-02-19T11,MIDW,Midwest,D,Demand,69363,megawatthours,2026-02-19 11:00:00,69363.0
2026-02-19T11,MIDW,Midwest,DF,Day-ahead demand forecast,71321,megawatthours,2026-02-19 11:00:00,71321.0
2026-02-19T11,MIDW,Midwest,NG,Net generation,69596,megawatthours,2026-02-19 11:00:00,69596.0
2026-02-19T11,MIDW,Midwest,TI,Total interchange,-1580,megawatthours,2026-02-19 11:00:00,-1580.0
2026-02-19T10,MIDW,Midwest,D,Demand,68141,megawatthours,2026-02-19 10:00:00,68141.0
2026-02-19T10,MIDW,Midwest,DF,Day-ahead demand forecast,69827,megawatthours,2026-02-19 10:00:00,69827.0
2026-02-19T10,MIDW,Midwest,NG,Net generation,67921,megawatthours,2026-02-19 10:00:00,67921.0
2026-02-19T10,MIDW,Midwest,TI,Total interchange,-1970,megawatthours,2026-02-19 10:00:00,-1970.0
2026-02-19T09,MIDW,Midwest,D,Demand,67777,megawatthours,2026-02-19 09:00:00,67777.0
2026-02-19T09,MIDW,Midwest,DF,Day-ahead demand forecast,69805,megawatthours,2026-02-19 09:00:00,69805.0
2026-02-19T09,MIDW,Midwest,NG,Net generation,67379,megawatthours,2026-02-19 09:00:00,67379.0
2026-02-19T09,MIDW,Midwest,TI,Total interchange,-2161,megawatthours,2026-02-19 09:00:00,-2161.0
2026-02-19T08,MIDW,Midwest,D,Demand,68502,megawatthours,2026-02-19 08:00:00,68502.0
2026-02-19T08,MIDW,Midwest,DF,Day-ahead demand forecast,70203,megawatthours,2026-02-19 08:00:00,70203.0
2026-02-19T08,MIDW,Midwest,NG,Net generation,68082,megawatthours,2026-02-19 08:00:00,68082.0
2026-02-19T08,MIDW,Midwest,TI,Total interchange,-2330,megawatthours,2026-02-19 08:00:00,-2330.0
2026-02-19T07,MIDW,Midwest,D,Demand,69659,megawatthours,2026-02-19 07:00:00,69659.0
2026-02-19T07,MIDW,Midwest,DF,Day-ahead demand forecast,71102,megawatthours,2026-02-19 07:00:00,71102.0
2026-02-19T07,MIDW,Midwest,NG,Net generation,69649,megawatthours,2026-02-19 07:00:00,69649.0
2026-02-19T07,MIDW,Midwest,TI,Total interchange,-1996,megawatthours,2026-02-19 07:00:00,-1996.0
2026-02-19T06,MIDW,Midwest,D,Demand,71441,megawatthours,2026-02-19 06:00:00,71441.0
2026-02-19T06,MIDW,Midwest,DF,Day-ahead demand forecast,72446,megawatthours,2026-02-19 06:00:00,72446.0
2026-02-19T06,MIDW,Midwest,NG,Net generation,71685,megawatthours,2026-02-19 06:00:00,71685.0
2026-02-19T06,MIDW,Midwest,TI,Total interchange,-1735,megawatthours,2026-02-19 06:00:00,-1735.0
2026-02-19T05,MIDW,Midwest,D,Demand,73683,megawatthours,2026-02-19 05:00:00,73683.0
2026-02-19T05,MIDW,Midwest,DF,Day-ahead demand forecast,73923,megawatthours,2026-02-19 05:00:00,73923.0
2026-02-19T05,MIDW,Midwest,NG,Net generation,74035,megawatthours,2026-02-19 05:00:00,74035.0
2026-02-19T05,MIDW,Midwest,TI,Total interchange,-1804,megawatthours,2026-02-19 05:00:00,-1804.0
2026-02-19T04,MIDW,Midwest,D,Demand,76505,megawatthours,2026-02-19 04:00:00,76505.0
2026-02-19T04,MIDW,Midwest,DF,Day-ahead demand forecast,77133,megawatthours,2026-02-19 04:00:00,77133.0
2026-02-19T04,MIDW,Midwest,NG,Net generation,76741,megawatthours,2026-02-19 04:00:00,76741.0
2026-02-19T04,MIDW,Midwest,TI,Total interchange,-1958,megawatthours,2026-02-19 04:00:00,-1958.0
2026-02-19T03,MIDW,Midwest,D,Demand,79196,megawatthours,2026-02-19 03:00:00,79196.0
2026-02-19T03,MIDW,Midwest,DF,Day-ahead demand forecast,80182,megawatthours,2026-02-19 03:00:00,80182.0
2026-02-19T03,MIDW,Midwest,NG,Net generation,78822,megawatthours,2026-02-19 03:00:00,78822.0
2026-02-19T03,MIDW,Midwest,TI,Total interchange,-2616,megawatthours,2026-02-19 03:00:00,-2616.0
2026-02-19T02,MIDW,Midwest,D,Demand,80721,megawatthours,2026-02-19 02:00:00,80721.0
2026-02-19T02,MIDW,Midwest,DF,Day-ahead demand forecast,82267,megawatthours,2026-02-19 02:00:00,82267.0
2026-02-19T02,MIDW,Midwest,NG,Net generation,80335,megawatthours,2026-02-19 02:00:00,80335.0
2026-02-19T02,MIDW,Midwest,TI,Total interchange,-2855,megawatthours,2026-02-19 02:00:00,-2855.0
2026-02-19T01,MIDW,Midwest,D,Demand,81406,megawatthours,2026-02-19 01:00:00,81406.0
2026-02-19T01,MIDW,Midwest,DF,Day-ahead demand forecast,82960,megawatthours,2026-02-19 01:00:00,82960.0
2026-02-19T01,MIDW,Midwest,NG,Net generation,81254,megawatthours,2026-02-19 01:00:00,81254.0
2026-02-19T01,MIDW,Midwest,TI,Total interchange,-2452,megawatthours,2026-02-19 01:00:00,-2452.0
2026-02-19T00,MIDW,Midwest,D,Demand,79796,megawatthours,2026-02-19 00:00:00,79796.0
2026-02-19T00,MIDW,Midwest,DF,Day-ahead demand forecast,81971,megawatthours,2026-02-19 00:00:00,81971.0
2026-02-19T00,MIDW,Midwest,NG,Net generation,80094,megawatthours,2026-02-19 00:00:00,80094.0
2026-02-19T00,MIDW,Midwest,TI,Total interchange,-2111,megawatthours,2026-02-19 00:00:00,-2111.0
2026-02-18T23,MIDW,Midwest,D,Demand,78017,megawatthours,2026-02-18 23:00:00,78017.0
2026-02-18T23,MIDW,Midwest,DF,Day-ahead demand forecast,79957,megawatthours,2026-02-18 23:00:00,79957.0
2026-02-18T23,MIDW,Midwest,NG,Net generation,79643,megawatthours,2026-02-18 23:00:00,79643.0
2026-02-18T23,MIDW,Midwest,TI,Total interchange,-808,megawatthours,2026-02-18 23:00:00,-808.0
2026-02-18T22,MIDW,Midwest,D,Demand,76903,megawatthours,2026-02-18 22:00:00,76903.0
2026-02-18T22,MIDW,Midwest,DF,Day-ahead demand forecast,78702,megawatthours,2026-02-18 22:00:00,78702.0
2026-02-18T22,MIDW,Midwest,NG,Net generation,79464,megawatthours,2026-02-18 22:00:00,79464.0
2026-02-18T22,MIDW,Midwest,TI,Total interchange,137,megawatthours,2026-02-18 22:00:00,137.0
2026-02-18T21,MIDW,Midwest,D,Demand,76838,megawatthours,2026-02-18 21:00:00,76838.0
2026-02-18T21,MIDW,Midwest,DF,Day-ahead demand forecast,78397,megawatthours,2026-02-18 21:00:00,78397.0
2026-02-18T21,MIDW,Midwest,NG,Net generation,79481,megawatthours,2026-02-18 21:00:00,79481.0
2026-02-18T21,MIDW,Midwest,TI,Total interchange,296,megawatthours,2026-02-18 21:00:00,296.0
2026-02-18T20,MIDW,Midwest,D,Demand,77099,megawatthours,2026-02-18 20:00:00,77099.0
2026-02-18T20,MIDW,Midwest,DF,Day-ahead demand forecast,79117,megawatthours,2026-02-18 20:00:00,79117.0
2026-02-18T20,MIDW,Midwest,NG,Net generation,79662,megawatthours,2026-02-18 20:00:00,79662.0
2026-02-18T20,MIDW,Midwest,TI,Total interchange,43,megawatthours,2026-02-18 20:00:00,43.0
2026-02-18T19,MIDW,Midwest,D,Demand,77245,megawatthours,2026-02-18 19:00:00,77245.0
2026-02-18T19,MIDW,Midwest,DF,Day-ahead demand forecast,79708,megawatthours,2026-02-18 19:00:00,79708.0
2026-02-18T19,MIDW,Midwest,NG,Net generation,79409,megawatthours,2026-02-18 19:00:00,79409.0
2026-02-18T19,MIDW,Midwest,TI,Total interchange,-309,megawatthours,2026-02-18 19:00:00,-309.0
2026-02-18T18,MIDW,Midwest,D,Demand,77419,megawatthours,2026-02-18 18:00:00,77419.0
2026-02-18T18,MIDW,Midwest,DF,Day-ahead demand forecast,79981,megawatthours,2026-02-18 18:00:00,79981.0
2026-02-18T18,MIDW,Midwest,NG,Net generation,80113,megawatthours,2026-02-18 18:00:00,80113.0
2026-02-18T18,MIDW,Midwest,TI,Total interchange,-24,megawatthours,2026-02-18 18:00:00,-24.0
2026-02-18T17,MIDW,Midwest,D,Demand,78166,megawatthours,2026-02-18 17:00:00,78166.0
2026-02-18T17,MIDW,Midwest,DF,Day-ahead demand forecast,80522,megawatthours,2026-02-18 17:00:00,80522.0
2026-02-18T17,MIDW,Midwest,NG,Net generation,81494,megawatthours,2026-02-18 17:00:00,81494.0
2026-02-18T17,MIDW,Midwest,TI,Total interchange,702,megawatthours,2026-02-18 17:00:00,702.0
2026-02-18T16,MIDW,Midwest,D,Demand,78152,megawatthours,2026-02-18 16:00:00,78152.0
2026-02-18T16,MIDW,Midwest,DF,Day-ahead demand forecast,80890,megawatthours,2026-02-18 16:00:00,80890.0
2026-02-18T16,MIDW,Midwest,NG,Net generation,81780,megawatthours,2026-02-18 16:00:00,81780.0
2026-02-18T16,MIDW,Midwest,TI,Total interchange,1097,megawatthours,2026-02-18 16:00:00,1097.0
2026-02-18T15,MIDW,Midwest,D,Demand,78268,megawatthours,2026-02-18 15:00:00,78268.0
2026-02-18T15,MIDW,Midwest,DF,Day-ahead demand forecast,80954,megawatthours,2026-02-18 15:00:00,80954.0
2026-02-18T15,MIDW,Midwest,NG,Net generation,82017,megawatthours,2026-02-18 15:00:00,82017.0
2026-02-18T15,MIDW,Midwest,TI,Total interchange,1432,megawatthours,2026-02-18 15:00:00,1432.0
2026-02-18T14,MIDW,Midwest,D,Demand,78477,megawatthours,2026-02-18 14:00:00,78477.0
2026-02-18T14,MIDW,Midwest,DF,Day-ahead demand forecast,80985,megawatthours,2026-02-18 14:00:00,80985.0
2026-02-18T14,MIDW,Midwest,NG,Net generation,81434,megawatthours,2026-02-18 14:00:00,81434.0
2026-02-18T14,MIDW,Midwest,TI,Total interchange,619,megawatthours,2026-02-18 14:00:00,619.0
2026-02-18T13,MIDW,Midwest,D,Demand,76378,megawatthours,2026-02-18 13:00:00,76378.0
2026-02-18T13,MIDW,Midwest,DF,Day-ahead demand forecast,78872,megawatthours,2026-02-18 13:00:00,78872.0
2026-02-18T13,MIDW,Midwest,NG,Net generation,79227,megawatthours,2026-02-18 13:00:00,79227.0
2026-02-18T13,MIDW,Midwest,TI,Total interchange,258,megawatthours,2026-02-18 13:00:00,258.0
2026-02-18T12,MIDW,Midwest,D,Demand,71854,megawatthours,2026-02-18 12:00:00,71854.0
2026-02-18T12,MIDW,Midwest,DF,Day-ahead demand forecast,73970,megawatthours,2026-02-18 12:00:00,73970.0
2026-02-18T12,MIDW,Midwest,NG,Net generation,75148,megawatthours,2026-02-18 12:00:00,75148.0
2026-02-18T12,MIDW,Midwest,TI,Total interchange,820,megawatthours,2026-02-18 12:00:00,820.0
2026-02-18T11,MIDW,Midwest,D,Demand,67791,megawatthours,2026-02-18 11:00:00,67791.0
2026-02-18T11,MIDW,Midwest,DF,Day-ahead demand forecast,70850,megawatthours,2026-02-18 11:00:00,70850.0
2026-02-18T11,MIDW,Midwest,NG,Net generation,70854,megawatthours,2026-02-18 11:00:00,70854.0
2026-02-18T11,MIDW,Midwest,TI,Total interchange,864,megawatthours,2026-02-18 11:00:00,864.0
2026-02-18T10,MIDW,Midwest,D,Demand,66517,megawatthours,2026-02-18 10:00:00,66517.0
2026-02-18T10,MIDW,Midwest,DF,Day-ahead demand forecast,69579,megawatthours,2026-02-18 10:00:00,69579.0
2026-02-18T10,MIDW,Midwest,NG,Net generation,69816,megawatthours,2026-02-18 10:00:00,69816.0
2026-02-18T10,MIDW,Midwest,TI,Total interchange,1090,megawatthours,2026-02-18 10:00:00,1090.0
2026-02-18T09,MIDW,Midwest,D,Demand,66670,megawatthours,2026-02-18 09:00:00,66670.0
2026-02-18T09,MIDW,Midwest,DF,Day-ahead demand forecast,69255,megawatthours,2026-02-18 09:00:00,69255.0
2026-02-18T09,MIDW,Midwest,NG,Net generation,69833,megawatthours,2026-02-18 09:00:00,69833.0
2026-02-18T09,MIDW,Midwest,TI,Total interchange,1033,megawatthours,2026-02-18 09:00:00,1033.0
2026-02-18T08,MIDW,Midwest,D,Demand,67932,megawatthours,2026-02-18 08:00:00,67932.0
2026-02-18T08,MIDW,Midwest,DF,Day-ahead demand forecast,69907,megawatthours,2026-02-18 08:00:00,69907.0
2026-02-18T08,MIDW,Midwest,NG,Net generation,70549,megawatthours,2026-02-18 08:00:00,70549.0
2026-02-18T08,MIDW,Midwest,TI,Total interchange,476,megawatthours,2026-02-18 08:00:00,476.0
2026-02-18T07,MIDW,Midwest,D,Demand,69460,megawatthours,2026-02-18 07:00:00,69460.0
2026-02-18T07,MIDW,Midwest,DF,Day-ahead demand forecast,71159,megawatthours,2026-02-18 07:00:00,71159.0
2026-02-18T07,MIDW,Midwest,NG,Net generation,72127,megawatthours,2026-02-18 07:00:00,72127.0
2026-02-18T07,MIDW,Midwest,TI,Total interchange,345,megawatthours,2026-02-18 07:00:00,345.0
2026-02-18T06,MIDW,Midwest,D,Demand,71438,megawatthours,2026-02-18 06:00:00,71438.0
2026-02-18T06,MIDW,Midwest,DF,Day-ahead demand forecast,73045,megawatthours,2026-02-18 06:00:00,73045.0
2026-02-18T06,MIDW,Midwest,NG,Net generation,74853,megawatthours,2026-02-18 06:00:00,74853.0
2026-02-18T06,MIDW,Midwest,TI,Total interchange,1232,megawatthours,2026-02-18 06:00:00,1232.0
2026-02-18T05,MIDW,Midwest,D,Demand,74395,megawatthours,2026-02-18 05:00:00,74395.0
2026-02-18T05,MIDW,Midwest,DF,Day-ahead demand forecast,74512,megawatthours,2026-02-18 05:00:00,74512.0
2026-02-18T05,MIDW,Midwest,NG,Net generation,77625,megawatthours,2026-02-18 05:00:00,77625.0
2026-02-18T05,MIDW,Midwest,TI,Total interchange,991,megawatthours,2026-02-18 05:00:00,991.0
2026-02-18T04,MIDW,Midwest,D,Demand,77239,megawatthours,2026-02-18 04:00:00,77239.0
2026-02-18T04,MIDW,Midwest,DF,Day-ahead demand forecast,77618,megawatthours,2026-02-18 04:00:00,77618.0
2026-02-18T04,MIDW,Midwest,NG,Net generation,80548,megawatthours,2026-02-18 04:00:00,80548.0
2026-02-18T04,MIDW,Midwest,TI,Total interchange,926,megawatthours,2026-02-18 04:00:00,926.0
2026-02-18T03,MIDW,Midwest,D,Demand,79651,megawatthours,2026-02-18 03:00:00,79651.0
2026-02-18T03,MIDW,Midwest,DF,Day-ahead demand forecast,80443,megawatthours,2026-02-18 03:00:00,80443.0
2026-02-18T03,MIDW,Midwest,NG,Net generation,83081,megawatthours,2026-02-18 03:00:00,83081.0
2026-02-18T03,MIDW,Midwest,TI,Total interchange,908,megawatthours,2026-02-18 03:00:00,908.0
2026-02-18T02,MIDW,Midwest,D,Demand,81606,megawatthours,2026-02-18 02:00:00,81606.0
2026-02-18T02,MIDW,Midwest,DF,Day-ahead demand forecast,82401,megawatthours,2026-02-18 02:00:00,82401.0
2026-02-18T02,MIDW,Midwest,NG,Net generation,84688,megawatthours,2026-02-18 02:00:00,84688.0
2026-02-18T02,MIDW,Midwest,TI,Total interchange,581,megawatthours,2026-02-18 02:00:00,581.0
2026-02-18T01,MIDW,Midwest,D,Demand,82417,megawatthours,2026-02-18 01:00:00,82417.0
2026-02-18T01,MIDW,Midwest,DF,Day-ahead demand forecast,83237,megawatthours,2026-02-18 01:00:00,83237.0
2026-02-18T01,MIDW,Midwest,NG,Net generation,84808,megawatthours,2026-02-18 01:00:00,84808.0
2026-02-18T01,MIDW,Midwest,TI,Total interchange,-166,megawatthours,2026-02-18 01:00:00,-166.0
2026-02-18T00,MIDW,Midwest,D,Demand,81110,megawatthours,2026-02-18 00:00:00,81110.0
2026-02-18T00,MIDW,Midwest,DF,Day-ahead demand forecast,82374,megawatthours,2026-02-18 00:00:00,82374.0
2026-02-18T00,MIDW,Midwest,NG,Net generation,83533,megawatthours,2026-02-18 00:00:00,83533.0
2026-02-18T00,MIDW,Midwest,TI,Total interchange,-417,megawatthours,2026-02-18 00:00:00,-417.0
2026-02-17T23,MIDW,Midwest,D,Demand,79202,megawatthours,2026-02-17 23:00:00,79202.0
2026-02-17T23,MIDW,Midwest,DF,Day-ahead demand forecast,80804,megawatthours,2026-02-17 23:00:00,80804.0
2026-02-17T23,MIDW,Midwest,NG,Net generation,82767,megawatthours,2026-02-17 23:00:00,82767.0
2026-02-17T23,MIDW,Midwest,TI,Total interchange,900,megawatthours,2026-02-17 23:00:00,900.0
2026-02-17T22,MIDW,Midwest,D,Demand,78228,megawatthours,2026-02-17 22:00:00,78228.0
2026-02-17T22,MIDW,Midwest,DF,Day-ahead demand forecast,79659,megawatthours,2026-02-17 22:00:00,79659.0
2026-02-17T22,MIDW,Midwest,NG,Net generation,82084,megawatthours,2026-02-17 22:00:00,82084.0
2026-02-17T22,MIDW,Midwest,TI,Total interchange,1285,megawatthours,2026-02-17 22:00:00,1285.0
2026-02-17T21,MIDW,Midwest,D,Demand,78233,megawatthours,2026-02-17 21:00:00,78233.0
2026-02-17T21,MIDW,Midwest,DF,Day-ahead demand forecast,80147,megawatthours,2026-02-17 21:00:00,80147.0
2026-02-17T21,MIDW,Midwest,NG,Net generation,81342,megawatthours,2026-02-17 21:00:00,81342.0
2026-02-17T21,MIDW,Midwest,TI,Total interchange,765,megawatthours,2026-02-17 21:00:00,765.0
2026-02-17T20,MIDW,Midwest,D,Demand,78419,megawatthours,2026-02-17 20:00:00,78419.0
2026-02-17T20,MIDW,Midwest,DF,Day-ahead demand forecast,80497,megawatthours,2026-02-17 20:00:00,80497.0
2026-02-17T20,MIDW,Midwest,NG,Net generation,81366,megawatthours,2026-02-17 20:00:00,81366.0
2026-02-17T20,MIDW,Midwest,TI,Total interchange,679,megawatthours,2026-02-17 20:00:00,679.0
2026-02-17T19,MIDW,Midwest,D,Demand,78794,megawatthours,2026-02-17 19:00:00,78794.0
2026-02-17T19,MIDW,Midwest,DF,Day-ahead demand forecast,80921,megawatthours,2026-02-17 19:00:00,80921.0
2026-02-17T19,MIDW,Midwest,NG,Net generation,81864,megawatthours,2026-02-17 19:00:00,81864.0
2026-02-17T19,MIDW,Midwest,TI,Total interchange,687,megawatthours,2026-02-17 19:00:00,687.0
2026-02-17T18,MIDW,Midwest,D,Demand,79469,megawatthours,2026-02-17 18:00:00,79469.0
2026-02-17T18,MIDW,Midwest,DF,Day-ahead demand forecast,81560,megawatthours,2026-02-17 18:00:00,81560.0
2026-02-17T18,MIDW,Midwest,NG,Net generation,82998,megawatthours,2026-02-17 18:00:00,82998.0
2026-02-17T18,MIDW,Midwest,TI,Total interchange,1225,megawatthours,2026-02-17 18:00:00,1225.0
2026-02-17T17,MIDW,Midwest,D,Demand,80340,megawatthours,2026-02-17 17:00:00,80340.0
2026-02-17T17,MIDW,Midwest,DF,Day-ahead demand forecast,82380,megawatthours,2026-02-17 17:00:00,82380.0
2026-02-17T17,MIDW,Midwest,NG,Net generation,84221,megawatthours,2026-02-17 17:00:00,84221.0
2026-02-17T17,MIDW,Midwest,TI,Total interchange,1666,megawatthours,2026-02-17 17:00:00,1666.0
2026-02-17T16,MIDW,Midwest,D,Demand,81386,megawatthours,2026-02-17 16:00:00,81386.0
2026-02-17T16,MIDW,Midwest,DF,Day-ahead demand forecast,83035,megawatthours,2026-02-17 16:00:00,83035.0
2026-02-17T16,MIDW,Midwest,NG,Net generation,84501,megawatthours,2026-02-17 16:00:00,84501.0
2026-02-17T16,MIDW,Midwest,TI,Total interchange,927,megawatthours,2026-02-17 16:00:00,927.0
2026-02-17T15,MIDW,Midwest,D,Demand,82260,megawatthours,2026-02-17 15:00:00,82260.0
2026-02-17T15,MIDW,Midwest,DF,Day-ahead demand forecast,83315,megawatthours,2026-02-17 15:00:00,83315.0
2026-02-17T15,MIDW,Midwest,NG,Net generation,84743,megawatthours,2026-02-17 15:00:00,84743.0
2026-02-17T15,MIDW,Midwest,TI,Total interchange,255,megawatthours,2026-02-17 15:00:00,255.0
2026-02-17T14,MIDW,Midwest,D,Demand,82638,megawatthours,2026-02-17 14:00:00,82638.0
2026-02-17T14,MIDW,Midwest,DF,Day-ahead demand forecast,83965,megawatthours,2026-02-17 14:00:00,83965.0
2026-02-17T14,MIDW,Midwest,NG,Net generation,84645,megawatthours,2026-02-17 14:00:00,84645.0
2026-02-17T14,MIDW,Midwest,TI,Total interchange,-421,megawatthours,2026-02-17 14:00:00,-421.0
2026-02-17T13,MIDW,Midwest,D,Demand,80744,megawatthours,2026-02-17 13:00:00,80744.0
2026-02-17T13,MIDW,Midwest,DF,Day-ahead demand forecast,82325,megawatthours,2026-02-17 13:00:00,82325.0
2026-02-17T13,MIDW,Midwest,NG,Net generation,82895,megawatthours,2026-02-17 13:00:00,82895.0
2026-02-17T13,MIDW,Midwest,TI,Total interchange,-308,megawatthours,2026-02-17 13:00:00,-308.0
2026-02-17T12,MIDW,Midwest,D,Demand,75683,megawatthours,2026-02-17 12:00:00,75683.0
2026-02-17T12,MIDW,Midwest,DF,Day-ahead demand forecast,77318,megawatthours,2026-02-17 12:00:00,77318.0
2026-02-17T12,MIDW,Midwest,NG,Net generation,77615,megawatthours,2026-02-17 12:00:00,77615.0
2026-02-17T12,MIDW,Midwest,TI,Total interchange,-204,megawatthours,2026-02-17 12:00:00,-204.0
2026-02-17T11,MIDW,Midwest,D,Demand,71679,megawatthours,2026-02-17 11:00:00,71679.0
2026-02-17T11,MIDW,Midwest,DF,Day-ahead demand forecast,72775,megawatthours,2026-02-17 11:00:00,72775.0
2026-02-17T11,MIDW,Midwest,NG,Net generation,72730,megawatthours,2026-02-17 11:00:00,72730.0
2026-02-17T11,MIDW,Midwest,TI,Total interchange,-896,megawatthours,2026-02-17 11:00:00,-896.0
2026-02-17T10,MIDW,Midwest,D,Demand,70060,megawatthours,2026-02-17 10:00:00,70060.0
2026-02-17T10,MIDW,Midwest,DF,Day-ahead demand forecast,70347,megawatthours,2026-02-17 10:00:00,70347.0
2026-02-17T10,MIDW,Midwest,NG,Net generation,71051,megawatthours,2026-02-17 10:00:00,71051.0
2026-02-17T10,MIDW,Midwest,TI,Total interchange,-714,megawatthours,2026-02-17 10:00:00,-714.0
2026-02-17T09,MIDW,Midwest,D,Demand,69913,megawatthours,2026-02-17 09:00:00,69913.0
2026-02-17T09,MIDW,Midwest,DF,Day-ahead demand forecast,69682,megawatthours,2026-02-17 09:00:00,69682.0
2026-02-17T09,MIDW,Midwest,NG,Net generation,70979,megawatthours,2026-02-17 09:00:00,70979.0
2026-02-17T09,MIDW,Midwest,TI,Total interchange,-658,megawatthours,2026-02-17 09:00:00,-658.0
2026-02-17T08,MIDW,Midwest,D,Demand,70337,megawatthours,2026-02-17 08:00:00,70337.0
2026-02-17T08,MIDW,Midwest,DF,Day-ahead demand forecast,69912,megawatthours,2026-02-17 08:00:00,69912.0
2026-02-17T08,MIDW,Midwest,NG,Net generation,71842,megawatthours,2026-02-17 08:00:00,71842.0
2026-02-17T08,MIDW,Midwest,TI,Total interchange,-373,megawatthours,2026-02-17 08:00:00,-373.0
2026-02-17T07,MIDW,Midwest,D,Demand,71198,megawatthours,2026-02-17 07:00:00,71198.0
2026-02-17T07,MIDW,Midwest,DF,Day-ahead demand forecast,70743,megawatthours,2026-02-17 07:00:00,70743.0
2026-02-17T07,MIDW,Midwest,NG,Net generation,73290,megawatthours,2026-02-17 07:00:00,73290.0
2026-02-17T07,MIDW,Midwest,TI,Total interchange,137,megawatthours,2026-02-17 07:00:00,137.0
2026-02-17T06,MIDW,Midwest,D,Demand,72564,megawatthours,2026-02-17 06:00:00,72564.0
2026-02-17T06,MIDW,Midwest,DF,Day-ahead demand forecast,72387,megawatthours,2026-02-17 06:00:00,72387.0
2026-02-17T06,MIDW,Midwest,NG,Net generation,74780,megawatthours,2026-02-17 06:00:00,74780.0
2026-02-17T06,MIDW,Midwest,TI,Total interchange,145,megawatthours,2026-02-17 06:00:00,145.0
2026-02-17T05,MIDW,Midwest,D,Demand,74901,megawatthours,2026-02-17 05:00:00,74901.0
2026-02-17T05,MIDW,Midwest,DF,Day-ahead demand forecast,74783,megawatthours,2026-02-17 05:00:00,74783.0
2026-02-17T05,MIDW,Midwest,NG,Net generation,77129,megawatthours,2026-02-17 05:00:00,77129.0
2026-02-17T05,MIDW,Midwest,TI,Total interchange,197,megawatthours,2026-02-17 05:00:00,197.0
2026-02-17T04,MIDW,Midwest,D,Demand,77462,megawatthours,2026-02-17 04:00:00,77462.0
2026-02-17T04,MIDW,Midwest,DF,Day-ahead demand forecast,77608,megawatthours,2026-02-17 04:00:00,77608.0
2026-02-17T04,MIDW,Midwest,NG,Net generation,79362,megawatthours,2026-02-17 04:00:00,79362.0
2026-02-17T04,MIDW,Midwest,TI,Total interchange,-111,megawatthours,2026-02-17 04:00:00,-111.0
2026-02-17T03,MIDW,Midwest,D,Demand,79486,megawatthours,2026-02-17 03:00:00,79486.0
2026-02-17T03,MIDW,Midwest,DF,Day-ahead demand forecast,80318,megawatthours,2026-02-17 03:00:00,80318.0
2026-02-17T03,MIDW,Midwest,NG,Net generation,81454,megawatthours,2026-02-17 03:00:00,81454.0
2026-02-17T03,MIDW,Midwest,TI,Total interchange,-35,megawatthours,2026-02-17 03:00:00,-35.0
2026-02-17T02,MIDW,Midwest,D,Demand,81329,megawatthours,2026-02-17 02:00:00,81329.0
2026-02-17T02,MIDW,Midwest,DF,Day-ahead demand forecast,81995,megawatthours,2026-02-17 02:00:00,81995.0
2026-02-17T02,MIDW,Midwest,NG,Net generation,82867,megawatthours,2026-02-17 02:00:00,82867.0
2026-02-17T02,MIDW,Midwest,TI,Total interchange,-534,megawatthours,2026-02-17 02:00:00,-534.0
2026-02-17T01,MIDW,Midwest,D,Demand,81800,megawatthours,2026-02-17 01:00:00,81800.0
2026-02-17T01,MIDW,Midwest,DF,Day-ahead demand forecast,82545,megawatthours,2026-02-17 01:00:00,82545.0
2026-02-17T01,MIDW,Midwest,NG,Net generation,82805,megawatthours,2026-02-17 01:00:00,82805.0
2026-02-17T01,MIDW,Midwest,TI,Total interchange,-950,megawatthours,2026-02-17 01:00:00,-950.0
2026-02-17T00,MIDW,Midwest,D,Demand,79580,megawatthours,2026-02-17 00:00:00,79580.0
2026-02-17T00,MIDW,Midwest,DF,Day-ahead demand forecast,80982,megawatthours,2026-02-17 00:00:00,80982.0
2026-02-17T00,MIDW,Midwest,NG,Net generation,80499,megawatthours,2026-02-17 00:00:00,80499.0
2026-02-17T00,MIDW,Midwest,TI,Total interchange,-807,megawatthours,2026-02-17 00:00:00,-807.0
2026-02-16T23,MIDW,Midwest,D,Demand,76988,megawatthours,2026-02-16 23:00:00,76988.0
2026-02-16T23,MIDW,Midwest,DF,Day-ahead demand forecast,78524,megawatthours,2026-02-16 23:00:00,78524.0
2026-02-16T23,MIDW,Midwest,NG,Net generation,78435,megawatthours,2026-02-16 23:00:00,78435.0
2026-02-16T23,MIDW,Midwest,TI,Total interchange,-269,megawatthours,2026-02-16 23:00:00,-269.0
2026-02-16T22,MIDW,Midwest,D,Demand,75694,megawatthours,2026-02-16 22:00:00,75694.0
2026-02-16T22,MIDW,Midwest,DF,Day-ahead demand forecast,77142,megawatthours,2026-02-16 22:00:00,77142.0
2026-02-16T22,MIDW,Midwest,NG,Net generation,78446,megawatthours,2026-02-16 22:00:00,78446.0
2026-02-16T22,MIDW,Midwest,TI,Total interchange,1122,megawatthours,2026-02-16 22:00:00,1122.0
2026-02-16T21,MIDW,Midwest,D,Demand,76385,megawatthours,2026-02-16 21:00:00,76385.0
2026-02-16T21,MIDW,Midwest,DF,Day-ahead demand forecast,77753,megawatthours,2026-02-16 21:00:00,77753.0
2026-02-16T21,MIDW,Midwest,NG,Net generation,79303,megawatthours,2026-02-16 21:00:00,79303.0
2026-02-16T21,MIDW,Midwest,TI,Total interchange,1419,megawatthours,2026-02-16 21:00:00,1419.0
2026-02-16T20,MIDW,Midwest,D,Demand,77030,megawatthours,2026-02-16 20:00:00,77030.0
2026-02-16T20,MIDW,Midwest,DF,Day-ahead demand forecast,78602,megawatthours,2026-02-16 20:00:00,78602.0
2026-02-16T20,MIDW,Midwest,NG,Net generation,79436,megawatthours,2026-02-16 20:00:00,79436.0
2026-02-16T20,MIDW,Midwest,TI,Total interchange,836,megawatthours,2026-02-16 20:00:00,836.0
2026-02-16T19,MIDW,Midwest,D,Demand,77772,megawatthours,2026-02-16 19:00:00,77772.0
2026-02-16T19,MIDW,Midwest,DF,Day-ahead demand forecast,79544,megawatthours,2026-02-16 19:00:00,79544.0
2026-02-16T19,MIDW,Midwest,NG,Net generation,80026,megawatthours,2026-02-16 19:00:00,80026.0
2026-02-16T19,MIDW,Midwest,TI,Total interchange,554,megawatthours,2026-02-16 19:00:00,554.0
2026-02-16T18,MIDW,Midwest,D,Demand,78544,megawatthours,2026-02-16 18:00:00,78544.0
2026-02-16T18,MIDW,Midwest,DF,Day-ahead demand forecast,80271,megawatthours,2026-02-16 18:00:00,80271.0
2026-02-16T18,MIDW,Midwest,NG,Net generation,81842,megawatthours,2026-02-16 18:00:00,81842.0
2026-02-16T18,MIDW,Midwest,TI,Total interchange,1609,megawatthours,2026-02-16 18:00:00,1609.0
2026-02-16T17,MIDW,Midwest,D,Demand,79702,megawatthours,2026-02-16 17:00:00,79702.0
2026-02-16T17,MIDW,Midwest,DF,Day-ahead demand forecast,81069,megawatthours,2026-02-16 17:00:00,81069.0
2026-02-16T17,MIDW,Midwest,NG,Net generation,83591,megawatthours,2026-02-16 17:00:00,83591.0
2026-02-16T17,MIDW,Midwest,TI,Total interchange,2096,megawatthours,2026-02-16 17:00:00,2096.0
2026-02-16T16,MIDW,Midwest,D,Demand,81390,megawatthours,2026-02-16 16:00:00,81390.0
2026-02-16T16,MIDW,Midwest,DF,Day-ahead demand forecast,82467,megawatthours,2026-02-16 16:00:00,82467.0
2026-02-16T16,MIDW,Midwest,NG,Net generation,84643,megawatthours,2026-02-16 16:00:00,84643.0
2026-02-16T16,MIDW,Midwest,TI,Total interchange,1625,megawatthours,2026-02-16 16:00:00,1625.0
2026-02-16T15,MIDW,Midwest,D,Demand,82946,megawatthours,2026-02-16 15:00:00,82946.0
2026-02-16T15,MIDW,Midwest,DF,Day-ahead demand forecast,83988,megawatthours,2026-02-16 15:00:00,83988.0
2026-02-16T15,MIDW,Midwest,NG,Net generation,85299,megawatthours,2026-02-16 15:00:00,85299.0
2026-02-16T15,MIDW,Midwest,TI,Total interchange,608,megawatthours,2026-02-16 15:00:00,608.0
2026-02-16T14,MIDW,Midwest,D,Demand,83007,megawatthours,2026-02-16 14:00:00,83007.0
2026-02-16T14,MIDW,Midwest,DF,Day-ahead demand forecast,84849,megawatthours,2026-02-16 14:00:00,84849.0
2026-02-16T14,MIDW,Midwest,NG,Net generation,84659,megawatthours,2026-02-16 14:00:00,84659.0
2026-02-16T14,MIDW,Midwest,TI,Total interchange,-167,megawatthours,2026-02-16 14:00:00,-167.0
2026-02-16T13,MIDW,Midwest,D,Demand,80884,megawatthours,2026-02-16 13:00:00,80884.0
2026-02-16T13,MIDW,Midwest,DF,Day-ahead demand forecast,83151,megawatthours,2026-02-16 13:00:00,83151.0
2026-02-16T13,MIDW,Midwest,NG,Net generation,82463,megawatthours,2026-02-16 13:00:00,82463.0
2026-02-16T13,MIDW,Midwest,TI,Total interchange,-352,megawatthours,2026-02-16 13:00:00,-352.0
2026-02-16T12,MIDW,Midwest,D,Demand,76065,megawatthours,2026-02-16 12:00:00,76065.0
2026-02-16T12,MIDW,Midwest,DF,Day-ahead demand forecast,77949,megawatthours,2026-02-16 12:00:00,77949.0
2026-02-16T12,MIDW,Midwest,NG,Net generation,78844,megawatthours,2026-02-16 12:00:00,78844.0
2026-02-16T12,MIDW,Midwest,TI,Total interchange,799,megawatthours,2026-02-16 12:00:00,799.0
2026-02-16T11,MIDW,Midwest,D,Demand,71950,megawatthours,2026-02-16 11:00:00,71950.0
2026-02-16T11,MIDW,Midwest,DF,Day-ahead demand forecast,72989,megawatthours,2026-02-16 11:00:00,72989.0
2026-02-16T11,MIDW,Midwest,NG,Net generation,74766,megawatthours,2026-02-16 11:00:00,74766.0
2026-02-16T11,MIDW,Midwest,TI,Total interchange,1019,megawatthours,2026-02-16 11:00:00,1019.0
2026-02-16T10,MIDW,Midwest,D,Demand,69825,megawatthours,2026-02-16 10:00:00,69825.0
2026-02-16T10,MIDW,Midwest,DF,Day-ahead demand forecast,70931,megawatthours,2026-02-16 10:00:00,70931.0
2026-02-16T10,MIDW,Midwest,NG,Net generation,72957,megawatthours,2026-02-16 10:00:00,72957.0
2026-02-16T10,MIDW,Midwest,TI,Total interchange,1144,megawatthours,2026-02-16 10:00:00,1144.0
2026-02-16T09,MIDW,Midwest,D,Demand,69054,megawatthours,2026-02-16 09:00:00,69054.0
2026-02-16T09,MIDW,Midwest,DF,Day-ahead demand forecast,70916,megawatthours,2026-02-16 09:00:00,70916.0
2026-02-16T09,MIDW,Midwest,NG,Net generation,72527,megawatthours,2026-02-16 09:00:00,72527.0
2026-02-16T09,MIDW,Midwest,TI,Total interchange,1519,megawatthours,2026-02-16 09:00:00,1519.0
2026-02-16T08,MIDW,Midwest,D,Demand,69081,megawatthours,2026-02-16 08:00:00,69081.0
2026-02-16T08,MIDW,Midwest,DF,Day-ahead demand forecast,70793,megawatthours,2026-02-16 08:00:00,70793.0
2026-02-16T08,MIDW,Midwest,NG,Net generation,72847,megawatthours,2026-02-16 08:00:00,72847.0
2026-02-16T08,MIDW,Midwest,TI,Total interchange,1672,megawatthours,2026-02-16 08:00:00,1672.0
2026-02-16T07,MIDW,Midwest,D,Demand,69517,megawatthours,2026-02-16 07:00:00,69517.0
2026-02-16T07,MIDW,Midwest,DF,Day-ahead demand forecast,70940,megawatthours,2026-02-16 07:00:00,70940.0
2026-02-16T07,MIDW,Midwest,NG,Net generation,73572,megawatthours,2026-02-16 07:00:00,73572.0
2026-02-16T07,MIDW,Midwest,TI,Total interchange,1870,megawatthours,2026-02-16 07:00:00,1870.0
2026-02-16T06,MIDW,Midwest,D,Demand,70701,megawatthours,2026-02-16 06:00:00,70701.0
2026-02-16T06,MIDW,Midwest,DF,Day-ahead demand forecast,71778,megawatthours,2026-02-16 06:00:00,71778.0
2026-02-16T06,MIDW,Midwest,NG,Net generation,74585,megawatthours,2026-02-16 06:00:00,74585.0
2026-02-16T06,MIDW,Midwest,TI,Total interchange,1696,megawatthours,2026-02-16 06:00:00,1696.0
2026-02-16T05,MIDW,Midwest,D,Demand,72493,megawatthours,2026-02-16 05:00:00,72493.0
2026-02-16T05,MIDW,Midwest,DF,Day-ahead demand forecast,72401,megawatthours,2026-02-16 05:00:00,72401.0
2026-02-16T05,MIDW,Midwest,NG,Net generation,76660,megawatthours,2026-02-16 05:00:00,76660.0
2026-02-16T05,MIDW,Midwest,TI,Total interchange,1859,megawatthours,2026-02-16 05:00:00,1859.0
2026-02-16T04,MIDW,Midwest,D,Demand,74274,megawatthours,2026-02-16 04:00:00,74274.0
2026-02-16T04,MIDW,Midwest,DF,Day-ahead demand forecast,74715,megawatthours,2026-02-16 04:00:00,74715.0
2026-02-16T04,MIDW,Midwest,NG,Net generation,78631,megawatthours,2026-02-16 04:00:00,78631.0
2026-02-16T04,MIDW,Midwest,TI,Total interchange,2188,megawatthours,2026-02-16 04:00:00,2188.0
2026-02-16T03,MIDW,Midwest,D,Demand,76021,megawatthours,2026-02-16 03:00:00,76021.0
2026-02-16T03,MIDW,Midwest,DF,Day-ahead demand forecast,76727,megawatthours,2026-02-16 03:00:00,76727.0
2026-02-16T03,MIDW,Midwest,NG,Net generation,80212,megawatthours,2026-02-16 03:00:00,80212.0
