period,respondent,respondent-name,type,type-name,value,value-units,datetime,demand_MW
2026-02-24T00,CAR,Carolinas,D,Demand,34654,megawatthours,2026-02-24 00:00:00,34654.0
2026-02-24T00,CAR,Carolinas,DF,Day-ahead demand forecast,32977,megawatthours,2026-02-24 00:00:00,32977.0
2026-02-23T23,CAR,Carolinas,D,Demand,31910,megawatthours,2026-02-23 23:00:00,31910.0
2026-02-23T23,CAR,Carolinas,DF,Day-ahead demand forecast,30564,megawatthours,2026-02-23 23:00:00,30564.0
2026-02-23T22,CAR,Carolinas,D,Demand,29974,megawatthours,2026-02-23 22:00:00,29974.0
2026-02-23T22,CAR,Carolinas,DF,Day-ahead demand forecast,28709,megawatthours,2026-02-23 22:00:00,28709.0
2026-02-23T21,CAR,Carolinas,D,Demand,28974,megawatthours,2026-02-23 21:00:00,28974.0
2026-02-23T21,CAR,Carolinas,DF,Day-ahead demand forecast,27833,megawatthours,2026-02-23 21:00:00,27833.0
2026-02-23T20,CAR,Carolinas,D,Demand,28994,megawatthours,2026-02-23 20:00:00,28994.0
2026-02-23T20,CAR,Carolinas,DF,Day-ahead demand forecast,27930,megawatthours,2026-02-23 20:00:00,27930.0
2026-02-23T19,CAR,Carolinas,D,Demand,29718,megawatthours,2026-02-23 19:00:00,29718.0
2026-02-23T19,CAR,Carolinas,DF,Day-ahead demand forecast,28751,megawatthours,2026-02-23 19:00:00,28751.0
2026-02-23T18,CAR,Carolinas,D,Demand,30768,megawatthours,2026-02-23 18:00:00,30768.0
2026-02-23T18,CAR,Carolinas,DF,Day-ahead demand forecast,29841,megawatthours,2026-02-23 18:00:00,29841.0
2026-02-23T17,CAR,Carolinas,D,Demand,32107,megawatthours,2026-02-23 17:00:00,32107.0
2026-02-23T17,CAR,Carolinas,DF,Day-ahead demand forecast,31192,megawatthours,2026-02-23 17:00:00,31192.0
2026-02-23T16,CAR,Carolinas,D,Demand,33653,megawatthours,2026-02-23 16:00:00,33653.0
2026-02-23T16,CAR,Carolinas,DF,Day-ahead demand forecast,32816,megawatthours,2026-02-23 16:00:00,32816.0
2026-02-23T15,CAR,Carolinas,D,Demand,35396,megawatthours,2026-02-23 15:00:00,35396.0
2026-02-23T15,CAR,Carolinas,DF,Day-ahead demand forecast,34703,megawatthours,2026-02-23 15:00:00,34703.0
2026-02-23T14,CAR,Carolinas,D,Demand,37097,megawatthours,2026-02-23 14:00:00,37097.0
2026-02-23T14,CAR,Carolinas,DF,Day-ahead demand forecast,36544,megawatthours,2026-02-23 14:00:00,36544.0
2026-02-23T13,CAR,Carolinas,D,Demand,38283,megawatthours,2026-02-23 13:00:00,38283.0
2026-02-23T13,CAR,Carolinas,DF,Day-ahead demand forecast,37279,megawatthours,2026-02-23 13:00:00,37279.0
2026-02-23T12,CAR,Carolinas,D,Demand,37139,megawatthours,2026-02-23 12:00:00,37139.0
2026-02-23T12,CAR,Carolinas,DF,Day-ahead demand forecast,36030,megawatthours,2026-02-23 12:00:00,36030.0
2026-02-23T11,CAR,Carolinas,D,Demand,34016,megawatthours,2026-02-23 11:00:00,34016.0
2026-02-23T11,CAR,Carolinas,DF,Day-ahead demand forecast,33385,megawatthours,2026-02-23 11:00:00,33385.0
2026-02-23T10,CAR,Carolinas,D,Demand,31755,megawatthours,2026-02-23 10:00:00,31755.0
2026-02-23T10,CAR,Carolinas,DF,Day-ahead demand forecast,31108,megawatthours,2026-02-23 10:00:00,31108.0
2026-02-23T09,CAR,Carolinas,D,Demand,30456,megawatthours,2026-02-23 09:00:00,30456.0
2026-02-23T09,CAR,Carolinas,DF,Day-ahead demand forecast,29882,megawatthours,2026-02-23 09:00:00,29882.0
2026-02-23T08,CAR,Carolinas,D,Demand,29753,megawatthours,2026-02-23 08:00:00,29753.0
2026-02-23T08,CAR,Carolinas,DF,Day-ahead demand forecast,29084,megawatthours,2026-02-23 08:00:00,29084.0
2026-02-23T07,CAR,Carolinas,D,Demand,29445,megawatthours,2026-02-23 07:00:00,29445.0
2026-02-23T07,CAR,Carolinas,DF,Day-ahead demand forecast,28706,megawatthours,2026-02-23 07:00:00,28706.0
2026-02-23T07,CAR,Carolinas,NG,Net generation,19992,megawatthours,2026-02-23 07:00:00,19992.0
2026-02-23T06,CAR,Carolinas,D,Demand,29352,megawatthours,2026-02-23 06:00:00,29352.0
2026-02-23T06,CAR,Carolinas,DF,Day-ahead demand forecast,28481,megawatthours,2026-02-23 06:00:00,28481.0
2026-02-23T06,CAR,Carolinas,NG,Net generation,28269,megawatthours,2026-02-23 06:00:00,28269.0
2026-02-23T05,CAR,Carolinas,D,Demand,29643,megawatthours,2026-02-23 05:00:00,29643.0
2026-02-23T05,CAR,Carolinas,DF,Day-ahead demand forecast,28519,megawatthours,2026-02-23 05:00:00,28519.0
2026-02-23T05,CAR,Carolinas,NG,Net generation,28269,megawatthours,2026-02-23 05:00:00,28269.0
2026-02-23T05,CAR,Carolinas,TI,Total interchange,-1400,megawatthours,2026-02-23 05:00:00,-1400.0
2026-02-23T04,CAR,Carolinas,D,Demand,30354,megawatthours,2026-02-23 04:00:00,30354.0
2026-02-23T04,CAR,Carolinas,DF,Day-ahead demand forecast,28973,megawatthours,2026-02-23 04:00:00,28973.0
2026-02-23T04,CAR,Carolinas,NG,Net generation,29207,megawatthours,2026-02-23 04:00:00,29207.0
2026-02-23T04,CAR,Carolinas,TI,Total interchange,-1175,megawatthours,2026-02-23 04:00:00,-1175.0
2026-02-23T03,CAR,Carolinas,D,Demand,31128,megawatthours,2026-02-23 03:00:00,31128.0
2026-02-23T03,CAR,Carolinas,DF,Day-ahead demand forecast,29358,megawatthours,2026-02-23 03:00:00,29358.0
2026-02-23T03,CAR,Carolinas,NG,Net generation,30000,megawatthours,2026-02-23 03:00:00,30000.0
2026-02-23T03,CAR,Carolinas,TI,Total interchange,-1156,megawatthours,2026-02-23 03:00:00,-1156.0
2026-02-23T02,CAR,Carolinas,D,Demand,31430,megawatthours,2026-02-23 02:00:00,31430.0
2026-02-23T02,CAR,Carolinas,DF,Day-ahead demand forecast,29373,megawatthours,2026-02-23 02:00:00,29373.0
2026-02-23T02,CAR,Carolinas,NG,Net generation,30937,megawatthours,2026-02-23 02:00:00,30937.0
2026-02-23T02,CAR,Carolinas,TI,Total interchange,-523,megawatthours,2026-02-23 02:00:00,-523.0
2026-02-23T01,CAR,Carolinas,D,Demand,30954,megawatthours,2026-02-23 01:00:00,30954.0
2026-02-23T01,CAR,Carolinas,DF,Day-ahead demand forecast,29005,megawatthours,2026-02-23 01:00:00,29005.0
2026-02-23T01,CAR,Carolinas,NG,Net generation,30676,megawatthours,2026-02-23 01:00:00,30676.0
2026-02-23T01,CAR,Carolinas,TI,Total interchange,-308,megawatthours,2026-02-23 01:00:00,-308.0
2026-02-23T00,CAR,Carolinas,D,Demand,29447,megawatthours,2026-02-23 00:00:00,29447.0
2026-02-23T00,CAR,Carolinas,DF,Day-ahead demand forecast,27813,megawatthours,2026-02-23 00:00:00,27813.0
2026-02-23T00,CAR,Carolinas,NG,Net generation,29152,megawatthours,2026-02-23 00:00:00,29152.0
2026-02-23T00,CAR,Carolinas,TI,Total interchange,-328,megawatthours,2026-02-23 00:00:00,-328.0
2026-02-22T23,CAR,Carolinas,D,Demand,27157,megawatthours,2026-02-22 23:00:00,27157.0
2026-02-22T23,CAR,Carolinas,DF,Day-ahead demand forecast,25865,megawatthours,2026-02-22 23:00:00,25865.0
2026-02-22T23,CAR,Carolinas,NG,Net generation,26860,megawatthours,2026-02-22 23:00:00,26860.0
2026-02-22T23,CAR,Carolinas,TI,Total interchange,-323,megawatthours,2026-02-22 23:00:00,-323.0
2026-02-22T22,CAR,Carolinas,D,Demand,25646,megawatthours,2026-02-22 22:00:00,25646.0
2026-02-22T22,CAR,Carolinas,DF,Day-ahead demand forecast,24440,megawatthours,2026-02-22 22:00:00,24440.0
2026-02-22T22,CAR,Carolinas,NG,Net generation,25704,megawatthours,2026-02-22 22:00:00,25704.0
2026-02-22T22,CAR,Carolinas,TI,Total interchange,29,megawatthours,2026-02-22 22:00:00,29.0
2026-02-22T21,CAR,Carolinas,D,Demand,24730,megawatthours,2026-02-22 21:00:00,24730.0
2026-02-22T21,CAR,Carolinas,DF,Day-ahead demand forecast,23678,megawatthours,2026-02-22 21:00:00,23678.0
2026-02-22T21,CAR,Carolinas,NG,Net generation,24905,megawatthours,2026-02-22 21:00:00,24905.0
2026-02-22T21,CAR,Carolinas,TI,Total interchange,147,megawatthours,2026-02-22 21:00:00,147.0
2026-02-22T20,CAR,Carolinas,D,Demand,24495,megawatthours,2026-02-22 20:00:00,24495.0
2026-02-22T20,CAR,Carolinas,DF,Day-ahead demand forecast,23572,megawatthours,2026-02-22 20:00:00,23572.0
2026-02-22T20,CAR,Carolinas,NG,Net generation,24661,megawatthours,2026-02-22 20:00:00,24661.0
2026-02-22T20,CAR,Carolinas,TI,Total interchange,139,megawatthours,2026-02-22 20:00:00,139.0
2026-02-22T19,CAR,Carolinas,D,Demand,24363,megawatthours,2026-02-22 19:00:00,24363.0
2026-02-22T19,CAR,Carolinas,DF,Day-ahead demand forecast,23750,megawatthours,2026-02-22 19:00:00,23750.0
2026-02-22T19,CAR,Carolinas,NG,Net generation,24510,megawatthours,2026-02-22 19:00:00,24510.0
2026-02-22T19,CAR,Carolinas,TI,Total interchange,124,megawatthours,2026-02-22 19:00:00,124.0
2026-02-22T18,CAR,Carolinas,D,Demand,24228,megawatthours,2026-02-22 18:00:00,24228.0
2026-02-22T18,CAR,Carolinas,DF,Day-ahead demand forecast,23941,megawatthours,2026-02-22 18:00:00,23941.0
2026-02-22T18,CAR,Carolinas,NG,Net generation,24225,megawatthours,2026-02-22 18:00:00,24225.0
2026-02-22T18,CAR,Carolinas,TI,Total interchange,-27,megawatthours,2026-02-22 18:00:00,-27.0
2026-02-22T17,CAR,Carolinas,D,Demand,23988,megawatthours,2026-02-22 17:00:00,23988.0
2026-02-22T17,CAR,Carolinas,DF,Day-ahead demand forecast,23994,megawatthours,2026-02-22 17:00:00,23994.0
2026-02-22T17,CAR,Carolinas,NG,Net generation,23986,megawatthours,2026-02-22 17:00:00,23986.0
2026-02-22T17,CAR,Carolinas,TI,Total interchange,-26,megawatthours,2026-02-22 17:00:00,-26.0
2026-02-22T16,CAR,Carolinas,D,Demand,23929,megawatthours,2026-02-22 16:00:00,23929.0
2026-02-22T16,CAR,Carolinas,DF,Day-ahead demand forecast,23978,megawatthours,2026-02-22 16:00:00,23978.0
2026-02-22T16,CAR,Carolinas,NG,Net generation,24011,megawatthours,2026-02-22 16:00:00,24011.0
2026-02-22T16,CAR,Carolinas,TI,Total interchange,58,megawatthours,2026-02-22 16:00:00,58.0
2026-02-22T15,CAR,Carolinas,D,Demand,23812,megawatthours,2026-02-22 15:00:00,23812.0
2026-02-22T15,CAR,Carolinas,DF,Day-ahead demand forecast,23867,megawatthours,2026-02-22 15:00:00,23867.0
2026-02-22T15,CAR,Carolinas,NG,Net generation,23838,megawatthours,2026-02-22 15:00:00,23838.0
2026-02-22T15,CAR,Carolinas,TI,Total interchange,2,megawatthours,2026-02-22 15:00:00,2.0
2026-02-22T14,CAR,Carolinas,D,Demand,22946,megawatthours,2026-02-22 14:00:00,22946.0
2026-02-22T14,CAR,Carolinas,DF,Day-ahead demand forecast,23169,megawatthours,2026-02-22 14:00:00,23169.0
2026-02-22T14,CAR,Carolinas,NG,Net generation,23042,megawatthours,2026-02-22 14:00:00,23042.0
2026-02-22T14,CAR,Carolinas,TI,Total interchange,75,megawatthours,2026-02-22 14:00:00,75.0
2026-02-22T13,CAR,Carolinas,D,Demand,21371,megawatthours,2026-02-22 13:00:00,21371.0
2026-02-22T13,CAR,Carolinas,DF,Day-ahead demand forecast,22090,megawatthours,2026-02-22 13:00:00,22090.0
2026-02-22T13,CAR,Carolinas,NG,Net generation,21717,megawatthours,2026-02-22 13:00:00,21717.0
2026-02-22T13,CAR,Carolinas,TI,Total interchange,325,megawatthours,2026-02-22 13:00:00,325.0
2026-02-22T12,CAR,Carolinas,D,Demand,20146,megawatthours,2026-02-22 12:00:00,20146.0
2026-02-22T12,CAR,Carolinas,DF,Day-ahead demand forecast,20981,megawatthours,2026-02-22 12:00:00,20981.0
2026-02-22T12,CAR,Carolinas,NG,Net generation,20944,megawatthours,2026-02-22 12:00:00,20944.0
2026-02-22T12,CAR,Carolinas,TI,Total interchange,776,megawatthours,2026-02-22 12:00:00,776.0
2026-02-22T11,CAR,Carolinas,D,Demand,19232,megawatthours,2026-02-22 11:00:00,19232.0
2026-02-22T11,CAR,Carolinas,DF,Day-ahead demand forecast,20135,megawatthours,2026-02-22 11:00:00,20135.0
2026-02-22T11,CAR,Carolinas,NG,Net generation,20305,megawatthours,2026-02-22 11:00:00,20305.0
2026-02-22T11,CAR,Carolinas,TI,Total interchange,1052,megawatthours,2026-02-22 11:00:00,1052.0
2026-02-22T10,CAR,Carolinas,D,Demand,18724,megawatthours,2026-02-22 10:00:00,18724.0
2026-02-22T10,CAR,Carolinas,DF,Day-ahead demand forecast,19535,megawatthours,2026-02-22 10:00:00,19535.0
2026-02-22T10,CAR,Carolinas,NG,Net generation,19928,megawatthours,2026-02-22 10:00:00,19928.0
2026-02-22T10,CAR,Carolinas,TI,Total interchange,1183,megawatthours,2026-02-22 10:00:00,1183.0
2026-02-22T09,CAR,Carolinas,D,Demand,18518,megawatthours,2026-02-22 09:00:00,18518.0
2026-02-22T09,CAR,Carolinas,DF,Day-ahead demand forecast,19250,megawatthours,2026-02-22 09:00:00,19250.0
2026-02-22T09,CAR,Carolinas,NG,Net generation,19867,megawatthours,2026-02-22 09:00:00,19867.0
2026-02-22T09,CAR,Carolinas,TI,Total interchange,1328,megawatthours,2026-02-22 09:00:00,1328.0
2026-02-22T08,CAR,Carolinas,D,Demand,18541,megawatthours,2026-02-22 08:00:00,18541.0
2026-02-22T08,CAR,Carolinas,DF,Day-ahead demand forecast,19227,megawatthours,2026-02-22 08:00:00,19227.0
2026-02-22T08,CAR,Carolinas,NG,Net generation,19930,megawatthours,2026-02-22 08:00:00,19930.0
2026-02-22T08,CAR,Carolinas,TI,Total interchange,1369,megawatthours,2026-02-22 08:00:00,1369.0
2026-02-22T07,CAR,Carolinas,D,Demand,18805,megawatthours,2026-02-22 07:00:00,18805.0
2026-02-22T07,CAR,Carolinas,DF,Day-ahead demand forecast,19401,megawatthours,2026-02-22 07:00:00,19401.0
2026-02-22T07,CAR,Carolinas,NG,Net generation,19992,megawatthours,2026-02-22 07:00:00,19992.0
2026-02-22T07,CAR,Carolinas,TI,Total interchange,1164,megawatthours,2026-02-22 07:00:00,1164.0
2026-02-22T06,CAR,Carolinas,D,Demand,19304,megawatthours,2026-02-22 06:00:00,19304.0
2026-02-22T06,CAR,Carolinas,DF,Day-ahead demand forecast,19845,megawatthours,2026-02-22 06:00:00,19845.0
2026-02-22T06,CAR,Carolinas,NG,Net generation,19990,megawatthours,2026-02-22 06:00:00,19990.0
2026-02-22T06,CAR,Carolinas,TI,Total interchange,664,megawatthours,2026-02-22 06:00:00,664.0
2026-02-22T05,CAR,Carolinas,D,Demand,20101,megawatthours,2026-02-22 05:00:00,20101.0
2026-02-22T05,CAR,Carolinas,DF,Day-ahead demand forecast,20548,megawatthours,2026-02-22 05:00:00,20548.0
2026-02-22T05,CAR,Carolinas,NG,Net generation,20592,megawatthours,2026-02-22 05:00:00,20592.0
2026-02-22T05,CAR,Carolinas,TI,Total interchange,468,megawatthours,2026-02-22 05:00:00,468.0
2026-02-22T04,CAR,Carolinas,D,Demand,21149,megawatthours,2026-02-22 04:00:00,21149.0
2026-02-22T04,CAR,Carolinas,DF,Day-ahead demand forecast,21474,megawatthours,2026-02-22 04:00:00,21474.0
2026-02-22T04,CAR,Carolinas,NG,Net generation,21603,megawatthours,2026-02-22 04:00:00,21603.0
2026-02-22T04,CAR,Carolinas,TI,Total interchange,431,megawatthours,2026-02-22 04:00:00,431.0
2026-02-22T03,CAR,Carolinas,D,Demand,21967,megawatthours,2026-02-22 03:00:00,21967.0
2026-02-22T03,CAR,Carolinas,DF,Day-ahead demand forecast,22235,megawatthours,2026-02-22 03:00:00,22235.0
2026-02-22T03,CAR,Carolinas,NG,Net generation,22257,megawatthours,2026-02-22 03:00:00,22257.0
2026-02-22T03,CAR,Carolinas,TI,Total interchange,262,megawatthours,2026-02-22 03:00:00,262.0
2026-02-22T02,CAR,Carolinas,D,Demand,22637,megawatthours,2026-02-22 02:00:00,22637.0
2026-02-22T02,CAR,Carolinas,DF,Day-ahead demand forecast,22808,megawatthours,2026-02-22 02:00:00,22808.0
2026-02-22T02,CAR,Carolinas,NG,Net generation,22789,megawatthours,2026-02-22 02:00:00,22789.0
2026-02-22T02,CAR,Carolinas,TI,Total interchange,122,megawatthours,2026-02-22 02:00:00,122.0
2026-02-22T01,CAR,Carolinas,D,Demand,23088,megawatthours,2026-02-22 01:00:00,23088.0
2026-02-22T01,CAR,Carolinas,DF,Day-ahead demand forecast,23142,megawatthours,2026-02-22 01:00:00,23142.0
2026-02-22T01,CAR,Carolinas,NG,Net generation,23362,megawatthours,2026-02-22 01:00:00,23362.0
2026-02-22T01,CAR,Carolinas,TI,Total interchange,245,megawatthours,2026-02-22 01:00:00,245.0
2026-02-22T00,CAR,Carolinas,D,Demand,23088,megawatthours,2026-02-22 00:00:00,23088.0
2026-02-22T00,CAR,Carolinas,DF,Day-ahead demand forecast,22966,megawatthours,2026-02-22 00:00:00,22966.0
2026-02-22T00,CAR,Carolinas,NG,Net generation,23183,megawatthours,2026-02-22 00:00:00,23183.0
2026-02-22T00,CAR,Carolinas,TI,Total interchange,63,megawatthours,2026-02-22 00:00:00,63.0
2026-02-21T23,CAR,Carolinas,D,Demand,22204,megawatthours,2026-02-21 23:00:00,22204.0
2026-02-21T23,CAR,Carolinas,DF,Day-ahead demand forecast,22151,megawatthours,2026-02-21 23:00:00,22151.0
2026-02-21T23,CAR,Carolinas,NG,Net generation,22367,megawatthours,2026-02-21 23:00:00,22367.0
2026-02-21T23,CAR,Carolinas,TI,Total interchange,136,megawatthours,2026-02-21 23:00:00,136.0
2026-02-21T22,CAR,Carolinas,D,Demand,21712,megawatthours,2026-02-21 22:00:00,21712.0
2026-02-21T22,CAR,Carolinas,DF,Day-ahead demand forecast,21438,megawatthours,2026-02-21 22:00:00,21438.0
2026-02-21T22,CAR,Carolinas,NG,Net generation,21750,megawatthours,2026-02-21 22:00:00,21750.0
2026-02-21T22,CAR,Carolinas,TI,Total interchange,7,megawatthours,2026-02-21 22:00:00,7.0
2026-02-21T21,CAR,Carolinas,D,Demand,21369,megawatthours,2026-02-21 21:00:00,21369.0
2026-02-21T21,CAR,Carolinas,DF,Day-ahead demand forecast,21224,megawatthours,2026-02-21 21:00:00,21224.0
2026-02-21T21,CAR,Carolinas,NG,Net generation,21649,megawatthours,2026-02-21 21:00:00,21649.0
2026-02-21T21,CAR,Carolinas,TI,Total interchange,252,megawatthours,2026-02-21 21:00:00,252.0
2026-02-21T20,CAR,Carolinas,D,Demand,21374,megawatthours,2026-02-21 20:00:00,21374.0
2026-02-21T20,CAR,Carolinas,DF,Day-ahead demand forecast,21288,megawatthours,2026-02-21 20:00:00,21288.0
2026-02-21T20,CAR,Carolinas,NG,Net generation,21437,megawatthours,2026-02-21 20:00:00,21437.0
2026-02-21T20,CAR,Carolinas,TI,Total interchange,35,megawatthours,2026-02-21 20:00:00,35.0
2026-02-21T19,CAR,Carolinas,D,Demand,21776,megawatthours,2026-02-21 19:00:00,21776.0
2026-02-21T19,CAR,Carolinas,DF,Day-ahead demand forecast,21476,megawatthours,2026-02-21 19:00:00,21476.0
2026-02-21T19,CAR,Carolinas,NG,Net generation,21873,megawatthours,2026-02-21 19:00:00,21873.0
2026-02-21T19,CAR,Carolinas,TI,Total interchange,70,megawatthours,2026-02-21 19:00:00,70.0
2026-02-21T18,CAR,Carolinas,D,Demand,22328,megawatthours,2026-02-21 18:00:00,22328.0
2026-02-21T18,CAR,Carolinas,DF,Day-ahead demand forecast,21684,megawatthours,2026-02-21 18:00:00,21684.0
2026-02-21T18,CAR,Carolinas,NG,Net generation,22377,megawatthours,2026-02-21 18:00:00,22377.0
2026-02-21T18,CAR,Carolinas,TI,Total interchange,21,megawatthours,2026-02-21 18:00:00,21.0
2026-02-21T17,CAR,Carolinas,D,Demand,22614,megawatthours,2026-02-21 17:00:00,22614.0
2026-02-21T17,CAR,Carolinas,DF,Day-ahead demand forecast,21775,megawatthours,2026-02-21 17:00:00,21775.0
2026-02-21T17,CAR,Carolinas,NG,Net generation,22649,megawatthours,2026-02-21 17:00:00,22649.0
2026-02-21T17,CAR,Carolinas,TI,Total interchange,8,megawatthours,2026-02-21 17:00:00,8.0
2026-02-21T16,CAR,Carolinas,D,Demand,22617,megawatthours,2026-02-21 16:00:00,22617.0
2026-02-21T16,CAR,Carolinas,DF,Day-ahead demand forecast,21787,megawatthours,2026-02-21 16:00:00,21787.0
2026-02-21T16,CAR,Carolinas,NG,Net generation,22682,megawatthours,2026-02-21 16:00:00,22682.0
2026-02-21T16,CAR,Carolinas,TI,Total interchange,35,megawatthours,2026-02-21 16:00:00,35.0
2026-02-21T15,CAR,Carolinas,D,Demand,22426,megawatthours,2026-02-21 15:00:00,22426.0
2026-02-21T15,CAR,Carolinas,DF,Day-ahead demand forecast,21505,megawatthours,2026-02-21 15:00:00,21505.0
2026-02-21T15,CAR,Carolinas,NG,Net generation,22287,megawatthours,2026-02-21 15:00:00,22287.0
2026-02-21T15,CAR,Carolinas,TI,Total interchange,-160,megawatthours,2026-02-21 15:00:00,-160.0
2026-02-21T14,CAR,Carolinas,D,Demand,21335,megawatthours,2026-02-21 14:00:00,21335.0
2026-02-21T14,CAR,Carolinas,DF,Day-ahead demand forecast,20940,megawatthours,2026-02-21 14:00:00,20940.0
2026-02-21T14,CAR,Carolinas,NG,Net generation,21354,megawatthours,2026-02-21 14:00:00,21354.0
2026-02-21T14,CAR,Carolinas,TI,Total interchange,-9,megawatthours,2026-02-21 14:00:00,-9.0
2026-02-21T13,CAR,Carolinas,D,Demand,20269,megawatthours,2026-02-21 13:00:00,20269.0
2026-02-21T13,CAR,Carolinas,DF,Day-ahead demand forecast,20024,megawatthours,2026-02-21 13:00:00,20024.0
2026-02-21T13,CAR,Carolinas,NG,Net generation,20435,megawatthours,2026-02-21 13:00:00,20435.0
2026-02-21T13,CAR,Carolinas,TI,Total interchange,140,megawatthours,2026-02-21 13:00:00,140.0
2026-02-21T12,CAR,Carolinas,D,Demand,19348,megawatthours,2026-02-21 12:00:00,19348.0
2026-02-21T12,CAR,Carolinas,DF,Day-ahead demand forecast,19172,megawatthours,2026-02-21 12:00:00,19172.0
2026-02-21T12,CAR,Carolinas,NG,Net generation,19756,megawatthours,2026-02-21 12:00:00,19756.0
2026-02-21T12,CAR,Carolinas,TI,Total interchange,382,megawatthours,2026-02-21 12:00:00,382.0
2026-02-21T11,CAR,Carolinas,D,Demand,18560,megawatthours,2026-02-21 11:00:00,18560.0
2026-02-21T11,CAR,Carolinas,DF,Day-ahead demand forecast,18445,megawatthours,2026-02-21 11:00:00,18445.0
2026-02-21T11,CAR,Carolinas,NG,Net generation,19023,megawatthours,2026-02-21 11:00:00,19023.0
2026-02-21T11,CAR,Carolinas,TI,Total interchange,440,megawatthours,2026-02-21 11:00:00,440.0
2026-02-21T10,CAR,Carolinas,D,Demand,18128,megawatthours,2026-02-21 10:00:00,18128.0
2026-02-21T10,CAR,Carolinas,DF,Day-ahead demand forecast,17956,megawatthours,2026-02-21 10:00:00,17956.0
2026-02-21T10,CAR,Carolinas,NG,Net generation,18981,megawatthours,2026-02-21 10:00:00,18981.0
2026-02-21T10,CAR,Carolinas,TI,Total interchange,830,megawatthours,2026-02-21 10:00:00,830.0
2026-02-21T09,CAR,Carolinas,D,Demand,17974,megawatthours,2026-02-21 09:00:00,17974.0
2026-02-21T09,CAR,Carolinas,DF,Day-ahead demand forecast,17861,megawatthours,2026-02-21 09:00:00,17861.0
2026-02-21T09,CAR,Carolinas,NG,Net generation,18821,megawatthours,2026-02-21 09:00:00,18821.0
2026-02-21T09,CAR,Carolinas,TI,Total interchange,825,megawatthours,2026-02-21 09:00:00,825.0
2026-02-21T08,CAR,Carolinas,D,Demand,18081,megawatthours,2026-02-21 08:00:00,18081.0
2026-02-21T08,CAR,Carolinas,DF,Day-ahead demand forecast,17988,megawatthours,2026-02-21 08:00:00,17988.0
2026-02-21T08,CAR,Carolinas,NG,Net generation,18902,megawatthours,2026-02-21 08:00:00,18902.0
2026-02-21T08,CAR,Carolinas,TI,Total interchange,799,megawatthours,2026-02-21 08:00:00,799.0
2026-02-21T07,CAR,Carolinas,D,Demand,18360,megawatthours,2026-02-21 07:00:00,18360.0
2026-02-21T07,CAR,Carolinas,DF,Day-ahead demand forecast,18491,megawatthours,2026-02-21 07:00:00,18491.0
2026-02-21T07,CAR,Carolinas,NG,Net generation,19108,megawatthours,2026-02-21 07:00:00,19108.0
2026-02-21T07,CAR,Carolinas,TI,Total interchange,727,megawatthours,2026-02-21 07:00:00,727.0
2026-02-21T06,CAR,Carolinas,D,Demand,19010,megawatthours,2026-02-21 06:00:00,19010.0
2026-02-21T06,CAR,Carolinas,DF,Day-ahead demand forecast,19223,megawatthours,2026-02-21 06:00:00,19223.0
2026-02-21T06,CAR,Carolinas,NG,Net generation,19506,megawatthours,2026-02-21 06:00:00,19506.0
2026-02-21T06,CAR,Carolinas,TI,Total interchange,470,megawatthours,2026-02-21 06:00:00,470.0
2026-02-21T05,CAR,Carolinas,D,Demand,20088,megawatthours,2026-02-21 05:00:00,20088.0
2026-02-21T05,CAR,Carolinas,DF,Day-ahead demand forecast,20472,megawatthours,2026-02-21 05:00:00,20472.0
2026-02-21T05,CAR,Carolinas,NG,Net generation,20225,megawatthours,2026-02-21 05:00:00,20225.0
2026-02-21T05,CAR,Carolinas,TI,Total interchange,112,megawatthours,2026-02-21 05:00:00,112.0
2026-02-21T04,CAR,Carolinas,D,Demand,21261,megawatthours,2026-02-21 04:00:00,21261.0
2026-02-21T04,CAR,Carolinas,DF,Day-ahead demand forecast,21503,megawatthours,2026-02-21 04:00:00,21503.0
2026-02-21T04,CAR,Carolinas,NG,Net generation,21308,megawatthours,2026-02-21 04:00:00,21308.0
2026-02-21T04,CAR,Carolinas,TI,Total interchange,22,megawatthours,2026-02-21 04:00:00,22.0
2026-02-21T03,CAR,Carolinas,D,Demand,22349,megawatthours,2026-02-21 03:00:00,22349.0
2026-02-21T03,CAR,Carolinas,DF,Day-ahead demand forecast,22526,megawatthours,2026-02-21 03:00:00,22526.0
2026-02-21T03,CAR,Carolinas,NG,Net generation,22218,megawatthours,2026-02-21 03:00:00,22218.0
2026-02-21T03,CAR,Carolinas,TI,Total interchange,-159,megawatthours,2026-02-21 03:00:00,-159.0
2026-02-21T02,CAR,Carolinas,D,Demand,23092,megawatthours,2026-02-21 02:00:00,23092.0
2026-02-21T02,CAR,Carolinas,DF,Day-ahead demand forecast,23376,megawatthours,2026-02-21 02:00:00,23376.0
2026-02-21T02,CAR,Carolinas,NG,Net generation,23036,megawatthours,2026-02-21 02:00:00,23036.0
2026-02-21T02,CAR,Carolinas,TI,Total interchange,-86,megawatthours,2026-02-21 02:00:00,-86.0
2026-02-21T01,CAR,Carolinas,D,Demand,23834,megawatthours,2026-02-21 01:00:00,23834.0
2026-02-21T01,CAR,Carolinas,DF,Day-ahead demand forecast,23958,megawatthours,2026-02-21 01:00:00,23958.0
2026-02-21T01,CAR,Carolinas,NG,Net generation,23786,megawatthours,2026-02-21 01:00:00,23786.0
2026-02-21T01,CAR,Carolinas,TI,Total interchange,-78,megawatthours,2026-02-21 01:00:00,-78.0
2026-02-21T00,CAR,Carolinas,D,Demand,24028,megawatthours,2026-02-21 00:00:00,24028.0
2026-02-21T00,CAR,Carolinas,DF,Day-ahead demand forecast,24106,megawatthours,2026-02-21 00:00:00,24106.0
2026-02-21T00,CAR,Carolinas,NG,Net generation,23900,megawatthours,2026-02-21 00:00:00,23900.0
2026-02-21T00,CAR,Carolinas,TI,Total interchange,-164,megawatthours,2026-02-21 00:00:00,-164.0
2026-02-20T23,CAR,Carolinas,D,Demand,23595,megawatthours,2026-02-20 23:00:00,23595.0
2026-02-20T23,CAR,Carolinas,DF,Day-ahead demand forecast,23802,megawatthours,2026-02-20 23:00:00,23802.0
2026-02-20T23,CAR,Carolinas,NG,Net generation,23523,megawatthours,2026-02-20 23:00:00,23523.0
2026-02-20T23,CAR,Carolinas,TI,Total interchange,-105,megawatthours,2026-02-20 23:00:00,-105.0
2026-02-20T22,CAR,Carolinas,D,Demand,23228,megawatthours,2026-02-20 22:00:00,23228.0
2026-02-20T22,CAR,Carolinas,DF,Day-ahead demand forecast,23546,megawatthours,2026-02-20 22:00:00,23546.0
2026-02-20T22,CAR,Carolinas,NG,Net generation,23068,megawatthours,2026-02-20 22:00:00,23068.0
2026-02-20T22,CAR,Carolinas,TI,Total interchange,-189,megawatthours,2026-02-20 22:00:00,-189.0
2026-02-20T21,CAR,Carolinas,D,Demand,22734,megawatthours,2026-02-20 21:00:00,22734.0
2026-02-20T21,CAR,Carolinas,DF,Day-ahead demand forecast,23506,megawatthours,2026-02-20 21:00:00,23506.0
2026-02-20T21,CAR,Carolinas,NG,Net generation,22647,megawatthours,2026-02-20 21:00:00,22647.0
2026-02-20T21,CAR,Carolinas,TI,Total interchange,-116,megawatthours,2026-02-20 21:00:00,-116.0
2026-02-20T20,CAR,Carolinas,D,Demand,22599,megawatthours,2026-02-20 20:00:00,22599.0
2026-02-20T20,CAR,Carolinas,DF,Day-ahead demand forecast,23570,megawatthours,2026-02-20 20:00:00,23570.0
2026-02-20T20,CAR,Carolinas,NG,Net generation,22698,megawatthours,2026-02-20 20:00:00,22698.0
2026-02-20T20,CAR,Carolinas,TI,Total interchange,71,megawatthours,2026-02-20 20:00:00,71.0
2026-02-20T19,CAR,Carolinas,D,Demand,22690,megawatthours,2026-02-20 19:00:00,22690.0
2026-02-20T19,CAR,Carolinas,DF,Day-ahead demand forecast,23589,megawatthours,2026-02-20 19:00:00,23589.0
2026-02-20T19,CAR,Carolinas,NG,Net generation,22840,megawatthours,2026-02-20 19:00:00,22840.0
2026-02-20T19,CAR,Carolinas,TI,Total interchange,123,megawatthours,2026-02-20 19:00:00,123.0
2026-02-20T18,CAR,Carolinas,D,Demand,22917,megawatthours,2026-02-20 18:00:00,22917.0
2026-02-20T18,CAR,Carolinas,DF,Day-ahead demand forecast,23489,megawatthours,2026-02-20 18:00:00,23489.0
2026-02-20T18,CAR,Carolinas,NG,Net generation,22936,megawatthours,2026-02-20 18:00:00,22936.0
2026-02-20T18,CAR,Carolinas,TI,Total interchange,-12,megawatthours,2026-02-20 18:00:00,-12.0
2026-02-20T17,CAR,Carolinas,D,Demand,23135,megawatthours,2026-02-20 17:00:00,23135.0
2026-02-20T17,CAR,Carolinas,DF,Day-ahead demand forecast,23465,megawatthours,2026-02-20 17:00:00,23465.0
2026-02-20T17,CAR,Carolinas,NG,Net generation,23057,megawatthours,2026-02-20 17:00:00,23057.0
2026-02-20T17,CAR,Carolinas,TI,Total interchange,-105,megawatthours,2026-02-20 17:00:00,-105.0
2026-02-20T16,CAR,Carolinas,D,Demand,23355,megawatthours,2026-02-20 16:00:00,23355.0
2026-02-20T16,CAR,Carolinas,DF,Day-ahead demand forecast,23442,megawatthours,2026-02-20 16:00:00,23442.0
2026-02-20T16,CAR,Carolinas,NG,Net generation,23256,megawatthours,2026-02-20 16:00:00,23256.0
2026-02-20T16,CAR,Carolinas,TI,Total interchange,-132,megawatthours,2026-02-20 16:00:00,-132.0
2026-02-20T15,CAR,Carolinas,D,Demand,23353,megawatthours,2026-02-20 15:00:00,23353.0
2026-02-20T15,CAR,Carolinas,DF,Day-ahead demand forecast,23353,megawatthours,2026-02-20 15:00:00,23353.0
2026-02-20T15,CAR,Carolinas,NG,Net generation,23308,megawatthours,2026-02-20 15:00:00,23308.0
2026-02-20T15,CAR,Carolinas,TI,Total interchange,-75,megawatthours,2026-02-20 15:00:00,-75.0
2026-02-20T14,CAR,Carolinas,D,Demand,23170,megawatthours,2026-02-20 14:00:00,23170.0
2026-02-20T14,CAR,Carolinas,DF,Day-ahead demand forecast,23402,megawatthours,2026-02-20 14:00:00,23402.0
2026-02-20T14,CAR,Carolinas,NG,Net generation,23254,megawatthours,2026-02-20 14:00:00,23254.0
2026-02-20T14,CAR,Carolinas,TI,Total interchange,53,megawatthours,2026-02-20 14:00:00,53.0
2026-02-20T13,CAR,Carolinas,D,Demand,22856,megawatthours,2026-02-20 13:00:00,22856.0
2026-02-20T13,CAR,Carolinas,DF,Day-ahead demand forecast,23324,megawatthours,2026-02-20 13:00:00,23324.0
2026-02-20T13,CAR,Carolinas,NG,Net generation,23027,megawatthours,2026-02-20 13:00:00,23027.0
2026-02-20T13,CAR,Carolinas,TI,Total interchange,143,megawatthours,2026-02-20 13:00:00,143.0
2026-02-20T12,CAR,Carolinas,D,Demand,21848,megawatthours,2026-02-20 12:00:00,21848.0
2026-02-20T12,CAR,Carolinas,DF,Day-ahead demand forecast,22261,megawatthours,2026-02-20 12:00:00,22261.0
2026-02-20T12,CAR,Carolinas,NG,Net generation,21780,megawatthours,2026-02-20 12:00:00,21780.0
2026-02-20T12,CAR,Carolinas,TI,Total interchange,-96,megawatthours,2026-02-20 12:00:00,-96.0
2026-02-20T11,CAR,Carolinas,D,Demand,19877,megawatthours,2026-02-20 11:00:00,19877.0
2026-02-20T11,CAR,Carolinas,DF,Day-ahead demand forecast,20479,megawatthours,2026-02-20 11:00:00,20479.0
2026-02-20T11,CAR,Carolinas,NG,Net generation,20037,megawatthours,2026-02-20 11:00:00,20037.0
2026-02-20T11,CAR,Carolinas,TI,Total interchange,140,megawatthours,2026-02-20 11:00:00,140.0
2026-02-20T10,CAR,Carolinas,D,Demand,18627,megawatthours,2026-02-20 10:00:00,18627.0
2026-02-20T10,CAR,Carolinas,DF,Day-ahead demand forecast,19230,megawatthours,2026-02-20 10:00:00,19230.0
2026-02-20T10,CAR,Carolinas,NG,Net generation,18857,megawatthours,2026-02-20 10:00:00,18857.0
2026-02-20T10,CAR,Carolinas,TI,Total interchange,207,megawatthours,2026-02-20 10:00:00,207.0
2026-02-20T09,CAR,Carolinas,D,Demand,18204,megawatthours,2026-02-20 09:00:00,18204.0
2026-02-20T09,CAR,Carolinas,DF,Day-ahead demand forecast,18859,megawatthours,2026-02-20 09:00:00,18859.0
2026-02-20T09,CAR,Carolinas,NG,Net generation,18538,megawatthours,2026-02-20 09:00:00,18538.0
2026-02-20T09,CAR,Carolinas,TI,Total interchange,314,megawatthours,2026-02-20 09:00:00,314.0
2026-02-20T08,CAR,Carolinas,D,Demand,18197,megawatthours,2026-02-20 08:00:00,18197.0
2026-02-20T08,CAR,Carolinas,DF,Day-ahead demand forecast,18969,megawatthours,2026-02-20 08:00:00,18969.0
2026-02-20T08,CAR,Carolinas,NG,Net generation,18487,megawatthours,2026-02-20 08:00:00,18487.0
2026-02-20T08,CAR,Carolinas,TI,Total interchange,270,megawatthours,2026-02-20 08:00:00,270.0
2026-02-20T07,CAR,Carolinas,D,Demand,18605,megawatthours,2026-02-20 07:00:00,18605.0
2026-02-20T07,CAR,Carolinas,DF,Day-ahead demand forecast,19418,megawatthours,2026-02-20 07:00:00,19418.0
2026-02-20T07,CAR,Carolinas,NG,Net generation,18914,megawatthours,2026-02-20 07:00:00,18914.0
2026-02-20T07,CAR,Carolinas,TI,Total interchange,291,megawatthours,2026-02-20 07:00:00,291.0
2026-02-20T06,CAR,Carolinas,D,Demand,19218,megawatthours,2026-02-20 06:00:00,19218.0
2026-02-20T06,CAR,Carolinas,DF,Day-ahead demand forecast,20065,megawatthours,2026-02-20 06:00:00,20065.0
2026-02-20T06,CAR,Carolinas,NG,Net generation,19481,megawatthours,2026-02-20 06:00:00,19481.0
2026-02-20T06,CAR,Carolinas,TI,Total interchange,242,megawatthours,2026-02-20 06:00:00,242.0
2026-02-20T05,CAR,Carolinas,D,Demand,20374,megawatthours,2026-02-20 05:00:00,20374.0
2026-02-20T05,CAR,Carolinas,DF,Day-ahead demand forecast,20938,megawatthours,2026-02-20 05:00:00,20938.0
2026-02-20T05,CAR,Carolinas,NG,Net generation,20440,megawatthours,2026-02-20 05:00:00,20440.0
2026-02-20T05,CAR,Carolinas,TI,Total interchange,42,megawatthours,2026-02-20 05:00:00,42.0
2026-02-20T04,CAR,Carolinas,D,Demand,21815,megawatthours,2026-02-20 04:00:00,21815.0
2026-02-20T04,CAR,Carolinas,DF,Day-ahead demand forecast,22260,megawatthours,2026-02-20 04:00:00,22260.0
2026-02-20T04,CAR,Carolinas,NG,Net generation,21964,megawatthours,2026-02-20 04:00:00,21964.0
2026-02-20T04,CAR,Carolinas,TI,Total interchange,126,megawatthours,2026-02-20 04:00:00,126.0
2026-02-20T03,CAR,Carolinas,D,Demand,23296,megawatthours,2026-02-20 03:00:00,23296.0
2026-02-20T03,CAR,Carolinas,DF,Day-ahead demand forecast,23547,megawatthours,2026-02-20 03:00:00,23547.0
2026-02-20T03,CAR,Carolinas,NG,Net generation,23366,megawatthours,2026-02-20 03:00:00,23366.0
2026-02-20T03,CAR,Carolinas,TI,Total interchange,40,megawatthours,2026-02-20 03:00:00,40.0
2026-02-20T02,CAR,Carolinas,D,Demand,24371,megawatthours,2026-02-20 02:00:00,24371.0
2026-02-20T02,CAR,Carolinas,DF,Day-ahead demand forecast,24509,megawatthours,2026-02-20 02:00:00,24509.0
2026-02-20T02,CAR,Carolinas,NG,Net generation,24339,megawatthours,2026-02-20 02:00:00,24339.0
2026-02-20T02,CAR,Carolinas,TI,Total interchange,-61,megawatthours,2026-02-20 02:00:00,-61.0
2026-02-20T01,CAR,Carolinas,D,Demand,24976,megawatthours,2026-02-20 01:00:00,24976.0
2026-02-20T01,CAR,Carolinas,DF,Day-ahead demand forecast,25003,megawatthours,2026-02-20 01:00:00,25003.0
2026-02-20T01,CAR,Carolinas,NG,Net generation,24784,megawatthours,2026-02-20 01:00:00,24784.0
2026-02-20T01,CAR,Carolinas,TI,Total interchange,-224,megawatthours,2026-02-20 01:00:00,-224.0
2026-02-20T00,CAR,Carolinas,D,Demand,24837,megawatthours,2026-02-20 00:00:00,24837.0
2026-02-20T00,CAR,Carolinas,DF,Day-ahead demand forecast,24775,megawatthours,2026-02-20 00:00:00,24775.0
2026-02-20T00,CAR,Carolinas,NG,Net generation,24616,megawatthours,2026-02-20 00:00:00,24616.0
2026-02-20T00,CAR,Carolinas,TI,Total interchange,-253,megawatthours,2026-02-20 00:00:00,-253.0
2026-02-19T23,CAR,Carolinas,D,Demand,23736,megawatthours,2026-02-19 23:00:00,23736.0
2026-02-19T23,CAR,Carolinas,DF,Day-ahead demand forecast,23889,megawatthours,2026-02-19 23:00:00,23889.0
2026-02-19T23,CAR,Carolinas,NG,Net generation,23605,megawatthours,2026-02-19 23:00:00,23605.0
2026-02-19T23,CAR,Carolinas,TI,Total interchange,-162,megawatthours,2026-02-19 23:00:00,-162.0
2026-02-19T22,CAR,Carolinas,D,Demand,23145,megawatthours,2026-02-19 22:00:00,23145.0
2026-02-19T22,CAR,Carolinas,DF,Day-ahead demand forecast,23221,megawatthours,2026-02-19 22:00:00,23221.0
2026-02-19T22,CAR,Carolinas,NG,Net generation,23133,megawatthours,2026-02-19 22:00:00,23133.0
2026-02-19T22,CAR,Carolinas,TI,Total interchange,-40,megawatthours,2026-02-19 22:00:00,-40.0
2026-02-19T21,CAR,Carolinas,D,Demand,22804,megawatthours,2026-02-19 21:00:00,22804.0
2026-02-19T21,CAR,Carolinas,DF,Day-ahead demand forecast,22943,megawatthours,2026-02-19 21:00:00,22943.0
2026-02-19T21,CAR,Carolinas,NG,Net generation,22734,megawatthours,2026-02-19 21:00:00,22734.0
2026-02-19T21,CAR,Carolinas,TI,Total interchange,-97,megawatthours,2026-02-19 21:00:00,-97.0
2026-02-19T20,CAR,Carolinas,D,Demand,22672,megawatthours,2026-02-19 20:00:00,22672.0
2026-02-19T20,CAR,Carolinas,DF,Day-ahead demand forecast,22874,megawatthours,2026-02-19 20:00:00,22874.0
2026-02-19T20,CAR,Carolinas,NG,Net generation,22625,megawatthours,2026-02-19 20:00:00,22625.0
2026-02-19T20,CAR,Carolinas,TI,Total interchange,-73,megawatthours,2026-02-19 20:00:00,-73.0
2026-02-19T19,CAR,Carolinas,D,Demand,22743,megawatthours,2026-02-19 19:00:00,22743.0
2026-02-19T19,CAR,Carolinas,DF,Day-ahead demand forecast,22879,megawatthours,2026-02-19 19:00:00,22879.0
2026-02-19T19,CAR,Carolinas,NG,Net generation,22680,megawatthours,2026-02-19 19:00:00,22680.0
2026-02-19T19,CAR,Carolinas,TI,Total interchange,-90,megawatthours,2026-02-19 19:00:00,-90.0
2026-02-19T18,CAR,Carolinas,D,Demand,22855,megawatthours,2026-02-19 18:00:00,22855.0
2026-02-19T18,CAR,Carolinas,DF,Day-ahead demand forecast,22931,megawatthours,2026-02-19 18:00:00,22931.0
2026-02-19T18,CAR,Carolinas,NG,Net generation,22708,megawatthours,2026-02-19 18:00:00,22708.0
2026-02-19T18,CAR,Carolinas,TI,Total interchange,-173,megawatthours,2026-02-19 18:00:00,-173.0
2026-02-19T17,CAR,Carolinas,D,Demand,22988,megawatthours,2026-02-19 17:00:00,22988.0
2026-02-19T17,CAR,Carolinas,DF,Day-ahead demand forecast,23012,megawatthours,2026-02-19 17:00:00,23012.0
2026-02-19T17,CAR,Carolinas,NG,Net generation,22801,megawatthours,2026-02-19 17:00:00,22801.0
2026-02-19T17,CAR,Carolinas,TI,Total interchange,-214,megawatthours,2026-02-19 17:00:00,-214.0
2026-02-19T16,CAR,Carolinas,D,Demand,23301,megawatthours,2026-02-19 16:00:00,23301.0
2026-02-19T16,CAR,Carolinas,DF,Day-ahead demand forecast,23211,megawatthours,2026-02-19 16:00:00,23211.0
2026-02-19T16,CAR,Carolinas,NG,Net generation,23089,megawatthours,2026-02-19 16:00:00,23089.0
2026-02-19T16,CAR,Carolinas,TI,Total interchange,-239,megawatthours,2026-02-19 16:00:00,-239.0
2026-02-19T15,CAR,Carolinas,D,Demand,23470,megawatthours,2026-02-19 15:00:00,23470.0
2026-02-19T15,CAR,Carolinas,DF,Day-ahead demand forecast,23398,megawatthours,2026-02-19 15:00:00,23398.0
2026-02-19T15,CAR,Carolinas,NG,Net generation,23369,megawatthours,2026-02-19 15:00:00,23369.0
2026-02-19T15,CAR,Carolinas,TI,Total interchange,-130,megawatthours,2026-02-19 15:00:00,-130.0
2026-02-19T14,CAR,Carolinas,D,Demand,23567,megawatthours,2026-02-19 14:00:00,23567.0
2026-02-19T14,CAR,Carolinas,DF,Day-ahead demand forecast,23868,megawatthours,2026-02-19 14:00:00,23868.0
2026-02-19T14,CAR,Carolinas,NG,Net generation,23668,megawatthours,2026-02-19 14:00:00,23668.0
2026-02-19T14,CAR,Carolinas,TI,Total interchange,69,megawatthours,2026-02-19 14:00:00,69.0
2026-02-19T13,CAR,Carolinas,D,Demand,23493,megawatthours,2026-02-19 13:00:00,23493.0
2026-02-19T13,CAR,Carolinas,DF,Day-ahead demand forecast,23982,megawatthours,2026-02-19 13:00:00,23982.0
2026-02-19T13,CAR,Carolinas,NG,Net generation,23571,megawatthours,2026-02-19 13:00:00,23571.0
2026-02-19T13,CAR,Carolinas,TI,Total interchange,52,megawatthours,2026-02-19 13:00:00,52.0
2026-02-19T12,CAR,Carolinas,D,Demand,22578,megawatthours,2026-02-19 12:00:00,22578.0
2026-02-19T12,CAR,Carolinas,DF,Day-ahead demand forecast,22877,megawatthours,2026-02-19 12:00:00,22877.0
2026-02-19T12,CAR,Carolinas,NG,Net generation,22733,megawatthours,2026-02-19 12:00:00,22733.0
2026-02-19T12,CAR,Carolinas,TI,Total interchange,128,megawatthours,2026-02-19 12:00:00,128.0
2026-02-19T11,CAR,Carolinas,D,Demand,20396,megawatthours,2026-02-19 11:00:00,20396.0
2026-02-19T11,CAR,Carolinas,DF,Day-ahead demand forecast,20904,megawatthours,2026-02-19 11:00:00,20904.0
2026-02-19T11,CAR,Carolinas,NG,Net generation,20484,megawatthours,2026-02-19 11:00:00,20484.0
2026-02-19T11,CAR,Carolinas,TI,Total interchange,66,megawatthours,2026-02-19 11:00:00,66.0
2026-02-19T10,CAR,Carolinas,D,Demand,19134,megawatthours,2026-02-19 10:00:00,19134.0
2026-02-19T10,CAR,Carolinas,DF,Day-ahead demand forecast,19523,megawatthours,2026-02-19 10:00:00,19523.0
2026-02-19T10,CAR,Carolinas,NG,Net generation,19070,megawatthours,2026-02-19 10:00:00,19070.0
2026-02-19T10,CAR,Carolinas,TI,Total interchange,-86,megawatthours,2026-02-19 10:00:00,-86.0
2026-02-19T09,CAR,Carolinas,D,Demand,18627,megawatthours,2026-02-19 09:00:00,18627.0
2026-02-19T09,CAR,Carolinas,DF,Day-ahead demand forecast,19034,megawatthours,2026-02-19 09:00:00,19034.0
2026-02-19T09,CAR,Carolinas,NG,Net generation,18622,megawatthours,2026-02-19 09:00:00,18622.0
2026-02-19T09,CAR,Carolinas,TI,Total interchange,-25,megawatthours,2026-02-19 09:00:00,-25.0
2026-02-19T08,CAR,Carolinas,D,Demand,18600,megawatthours,2026-02-19 08:00:00,18600.0
2026-02-19T08,CAR,Carolinas,DF,Day-ahead demand forecast,19052,megawatthours,2026-02-19 08:00:00,19052.0
2026-02-19T08,CAR,Carolinas,NG,Net generation,18658,megawatthours,2026-02-19 08:00:00,18658.0
2026-02-19T08,CAR,Carolinas,TI,Total interchange,39,megawatthours,2026-02-19 08:00:00,39.0
2026-02-19T07,CAR,Carolinas,D,Demand,18892,megawatthours,2026-02-19 07:00:00,18892.0
2026-02-19T07,CAR,Carolinas,DF,Day-ahead demand forecast,19396,megawatthours,2026-02-19 07:00:00,19396.0
2026-02-19T07,CAR,Carolinas,NG,Net generation,18883,megawatthours,2026-02-19 07:00:00,18883.0
2026-02-19T07,CAR,Carolinas,TI,Total interchange,-30,megawatthours,2026-02-19 07:00:00,-30.0
2026-02-19T06,CAR,Carolinas,D,Demand,19337,megawatthours,2026-02-19 06:00:00,19337.0
2026-02-19T06,CAR,Carolinas,DF,Day-ahead demand forecast,19975,megawatthours,2026-02-19 06:00:00,19975.0
2026-02-19T06,CAR,Carolinas,NG,Net generation,19432,megawatthours,2026-02-19 06:00:00,19432.0
2026-02-19T06,CAR,Carolinas,TI,Total interchange,75,megawatthours,2026-02-19 06:00:00,75.0
2026-02-19T05,CAR,Carolinas,D,Demand,20387,megawatthours,2026-02-19 05:00:00,20387.0
2026-02-19T05,CAR,Carolinas,DF,Day-ahead demand forecast,21094,megawatthours,2026-02-19 05:00:00,21094.0
2026-02-19T05,CAR,Carolinas,NG,Net generation,20359,megawatthours,2026-02-19 05:00:00,20359.0
2026-02-19T05,CAR,Carolinas,TI,Total interchange,-49,megawatthours,2026-02-19 05:00:00,-49.0
2026-02-19T04,CAR,Carolinas,D,Demand,21845,megawatthours,2026-02-19 04:00:00,21845.0
2026-02-19T04,CAR,Carolinas,DF,Day-ahead demand forecast,22370,megawatthours,2026-02-19 04:00:00,22370.0
2026-02-19T04,CAR,Carolinas,NG,Net generation,21643,megawatthours,2026-02-19 04:00:00,21643.0
2026-02-19T04,CAR,Carolinas,TI,Total interchange,-228,megawatthours,2026-02-19 04:00:00,-228.0
2026-02-19T03,CAR,Carolinas,D,Demand,23267,megawatthours,2026-02-19 03:00:00,23267.0
2026-02-19T03,CAR,Carolinas,DF,Day-ahead demand forecast,23619,megawatthours,2026-02-19 03:00:00,23619.0
2026-02-19T03,CAR,Carolinas,NG,Net generation,23060,megawatthours,2026-02-19 03:00:00,23060.0
2026-02-19T03,CAR,Carolinas,TI,Total interchange,-229,megawatthours,2026-02-19 03:00:00,-229.0
2026-02-19T02,CAR,Carolinas,D,Demand,24290,megawatthours,2026-02-19 02:00:00,24290.0
2026-02-19T02,CAR,Carolinas,DF,Day-ahead demand forecast,24504,megawatthours,2026-02-19 02:00:00,24504.0
2026-02-19T02,CAR,Carolinas,NG,Net generation,24130,megawatthours,2026-02-19 02:00:00,24130.0
2026-02-19T02,CAR,Carolinas,TI,Total interchange,-187,megawatthours,2026-02-19 02:00:00,-187.0
2026-02-19T01,CAR,Carolinas,D,Demand,24804,megawatthours,2026-02-19 01:00:00,24804.0
2026-02-19T01,CAR,Carolinas,DF,Day-ahead demand forecast,24906,megawatthours,2026-02-19 01:00:00,24906.0
2026-02-19T01,CAR,Carolinas,NG,Net generation,24591,megawatthours,2026-02-19 01:00:00,24591.0
2026-02-19T01,CAR,Carolinas,TI,Total interchange,-239,megawatthours,2026-02-19 01:00:00,-239.0
2026-02-19T00,CAR,Carolinas,D,Demand,24823,megawatthours,2026-02-19 00:00:00,24823.0
2026-02-19T00,CAR,Carolinas,DF,Day-ahead demand forecast,24634,megawatthours,2026-02-19 00:00:00,24634.0
2026-02-19T00,CAR,Carolinas,NG,Net generation,24501,megawatthours,2026-02-19 00:00:00,24501.0
2026-02-19T00,CAR,Carolinas,TI,Total interchange,-352,megawatthours,2026-02-19 00:00:00,-352.0
2026-02-18T23,CAR,Carolinas,D,Demand,23594,megawatthours,2026-02-18 23:00:00,23594.0
2026-02-18T23,CAR,Carolinas,DF,Day-ahead demand forecast,23522,megawatthours,2026-02-18 23:00:00,23522.0
2026-02-18T23,CAR,Carolinas,NG,Net generation,23440,megawatthours,2026-02-18 23:00:00,23440.0
2026-02-18T23,CAR,Carolinas,TI,Total interchange,-183,megawatthours,2026-02-18 23:00:00,-183.0
2026-02-18T22,CAR,Carolinas,D,Demand,22884,megawatthours,2026-02-18 22:00:00,22884.0
2026-02-18T22,CAR,Carolinas,DF,Day-ahead demand forecast,22761,megawatthours,2026-02-18 22:00:00,22761.0
2026-02-18T22,CAR,Carolinas,NG,Net generation,22805,megawatthours,2026-02-18 22:00:00,22805.0
2026-02-18T22,CAR,Carolinas,TI,Total interchange,-105,megawatthours,2026-02-18 22:00:00,-105.0
2026-02-18T21,CAR,Carolinas,D,Demand,22678,megawatthours,2026-02-18 21:00:00,22678.0
2026-02-18T21,CAR,Carolinas,DF,Day-ahead demand forecast,22484,megawatthours,2026-02-18 21:00:00,22484.0
2026-02-18T21,CAR,Carolinas,NG,Net generation,22523,megawatthours,2026-02-18 21:00:00,22523.0
2026-02-18T21,CAR,Carolinas,TI,Total interchange,-179,megawatthours,2026-02-18 21:00:00,-179.0
2026-02-18T20,CAR,Carolinas,D,Demand,22942,megawatthours,2026-02-18 20:00:00,22942.0
2026-02-18T20,CAR,Carolinas,DF,Day-ahead demand forecast,22587,megawatthours,2026-02-18 20:00:00,22587.0
2026-02-18T20,CAR,Carolinas,NG,Net generation,22679,megawatthours,2026-02-18 20:00:00,22679.0
2026-02-18T20,CAR,Carolinas,TI,Total interchange,-289,megawatthours,2026-02-18 20:00:00,-289.0
2026-02-18T19,CAR,Carolinas,D,Demand,23161,megawatthours,2026-02-18 19:00:00,23161.0
2026-02-18T19,CAR,Carolinas,DF,Day-ahead demand forecast,22898,megawatthours,2026-02-18 19:00:00,22898.0
2026-02-18T19,CAR,Carolinas,NG,Net generation,22864,megawatthours,2026-02-18 19:00:00,22864.0
2026-02-18T19,CAR,Carolinas,TI,Total interchange,-326,megawatthours,2026-02-18 19:00:00,-326.0
2026-02-18T18,CAR,Carolinas,D,Demand,23448,megawatthours,2026-02-18 18:00:00,23448.0
2026-02-18T18,CAR,Carolinas,DF,Day-ahead demand forecast,23240,megawatthours,2026-02-18 18:00:00,23240.0
2026-02-18T18,CAR,Carolinas,NG,Net generation,23276,megawatthours,2026-02-18 18:00:00,23276.0
2026-02-18T18,CAR,Carolinas,TI,Total interchange,-202,megawatthours,2026-02-18 18:00:00,-202.0
2026-02-18T17,CAR,Carolinas,D,Demand,23761,megawatthours,2026-02-18 17:00:00,23761.0
2026-02-18T17,CAR,Carolinas,DF,Day-ahead demand forecast,23767,megawatthours,2026-02-18 17:00:00,23767.0
2026-02-18T17,CAR,Carolinas,NG,Net generation,23618,megawatthours,2026-02-18 17:00:00,23618.0
2026-02-18T17,CAR,Carolinas,TI,Total interchange,-172,megawatthours,2026-02-18 17:00:00,-172.0
2026-02-18T16,CAR,Carolinas,D,Demand,24189,megawatthours,2026-02-18 16:00:00,24189.0
2026-02-18T16,CAR,Carolinas,DF,Day-ahead demand forecast,24452,megawatthours,2026-02-18 16:00:00,24452.0
2026-02-18T16,CAR,Carolinas,NG,Net generation,23982,megawatthours,2026-02-18 16:00:00,23982.0
2026-02-18T16,CAR,Carolinas,TI,Total interchange,-223,megawatthours,2026-02-18 16:00:00,-223.0
2026-02-18T15,CAR,Carolinas,D,Demand,24770,megawatthours,2026-02-18 15:00:00,24770.0
2026-02-18T15,CAR,Carolinas,DF,Day-ahead demand forecast,25246,megawatthours,2026-02-18 15:00:00,25246.0
2026-02-18T15,CAR,Carolinas,NG,Net generation,24589,megawatthours,2026-02-18 15:00:00,24589.0
2026-02-18T15,CAR,Carolinas,TI,Total interchange,-212,megawatthours,2026-02-18 15:00:00,-212.0
2026-02-18T14,CAR,Carolinas,D,Demand,25497,megawatthours,2026-02-18 14:00:00,25497.0
2026-02-18T14,CAR,Carolinas,DF,Day-ahead demand forecast,26272,megawatthours,2026-02-18 14:00:00,26272.0
2026-02-18T14,CAR,Carolinas,NG,Net generation,25224,megawatthours,2026-02-18 14:00:00,25224.0
2026-02-18T14,CAR,Carolinas,TI,Total interchange,-306,megawatthours,2026-02-18 14:00:00,-306.0
2026-02-18T13,CAR,Carolinas,D,Demand,25919,megawatthours,2026-02-18 13:00:00,25919.0
2026-02-18T13,CAR,Carolinas,DF,Day-ahead demand forecast,26777,megawatthours,2026-02-18 13:00:00,26777.0
2026-02-18T13,CAR,Carolinas,NG,Net generation,25793,megawatthours,2026-02-18 13:00:00,25793.0
2026-02-18T13,CAR,Carolinas,TI,Total interchange,-157,megawatthours,2026-02-18 13:00:00,-157.0
2026-02-18T12,CAR,Carolinas,D,Demand,25159,megawatthours,2026-02-18 12:00:00,25159.0
2026-02-18T12,CAR,Carolinas,DF,Day-ahead demand forecast,25784,megawatthours,2026-02-18 12:00:00,25784.0
2026-02-18T12,CAR,Carolinas,NG,Net generation,25032,megawatthours,2026-02-18 12:00:00,25032.0
2026-02-18T12,CAR,Carolinas,TI,Total interchange,-155,megawatthours,2026-02-18 12:00:00,-155.0
2026-02-18T11,CAR,Carolinas,D,Demand,22929,megawatthours,2026-02-18 11:00:00,22929.0
2026-02-18T11,CAR,Carolinas,DF,Day-ahead demand forecast,23727,megawatthours,2026-02-18 11:00:00,23727.0
2026-02-18T11,CAR,Carolinas,NG,Net generation,22738,megawatthours,2026-02-18 11:00:00,22738.0
2026-02-18T11,CAR,Carolinas,TI,Total interchange,-216,megawatthours,2026-02-18 11:00:00,-216.0
2026-02-18T10,CAR,Carolinas,D,Demand,21539,megawatthours,2026-02-18 10:00:00,21539.0
2026-02-18T10,CAR,Carolinas,DF,Day-ahead demand forecast,22172,megawatthours,2026-02-18 10:00:00,22172.0
2026-02-18T10,CAR,Carolinas,NG,Net generation,21448,megawatthours,2026-02-18 10:00:00,21448.0
2026-02-18T10,CAR,Carolinas,TI,Total interchange,-112,megawatthours,2026-02-18 10:00:00,-112.0
2026-02-18T09,CAR,Carolinas,D,Demand,21006,megawatthours,2026-02-18 09:00:00,21006.0
2026-02-18T09,CAR,Carolinas,DF,Day-ahead demand forecast,21570,megawatthours,2026-02-18 09:00:00,21570.0
2026-02-18T09,CAR,Carolinas,NG,Net generation,21066,megawatthours,2026-02-18 09:00:00,21066.0
2026-02-18T09,CAR,Carolinas,TI,Total interchange,37,megawatthours,2026-02-18 09:00:00,37.0
2026-02-18T08,CAR,Carolinas,D,Demand,20993,megawatthours,2026-02-18 08:00:00,20993.0
2026-02-18T08,CAR,Carolinas,DF,Day-ahead demand forecast,21437,megawatthours,2026-02-18 08:00:00,21437.0
2026-02-18T08,CAR,Carolinas,NG,Net generation,21076,megawatthours,2026-02-18 08:00:00,21076.0
2026-02-18T08,CAR,Carolinas,TI,Total interchange,62,megawatthours,2026-02-18 08:00:00,62.0
2026-02-18T07,CAR,Carolinas,D,Demand,21114,megawatthours,2026-02-18 07:00:00,21114.0
2026-02-18T07,CAR,Carolinas,DF,Day-ahead demand forecast,21626,megawatthours,2026-02-18 07:00:00,21626.0
2026-02-18T07,CAR,Carolinas,NG,Net generation,21180,megawatthours,2026-02-18 07:00:00,21180.0
2026-02-18T07,CAR,Carolinas,TI,Total interchange,44,megawatthours,2026-02-18 07:00:00,44.0
2026-02-18T06,CAR,Carolinas,D,Demand,21529,megawatthours,2026-02-18 06:00:00,21529.0
2026-02-18T06,CAR,Carolinas,DF,Day-ahead demand forecast,22061,megawatthours,2026-02-18 06:00:00,22061.0
2026-02-18T06,CAR,Carolinas,NG,Net generation,21559,megawatthours,2026-02-18 06:00:00,21559.0
2026-02-18T06,CAR,Carolinas,TI,Total interchange,9,megawatthours,2026-02-18 06:00:00,9.0
2026-02-18T05,CAR,Carolinas,D,Demand,22343,megawatthours,2026-02-18 05:00:00,22343.0
2026-02-18T05,CAR,Carolinas,DF,Day-ahead demand forecast,23082,megawatthours,2026-02-18 05:00:00,23082.0
2026-02-18T05,CAR,Carolinas,NG,Net generation,22256,megawatthours,2026-02-18 05:00:00,22256.0
2026-02-18T05,CAR,Carolinas,TI,Total interchange,-111,megawatthours,2026-02-18 05:00:00,-111.0
2026-02-18T04,CAR,Carolinas,D,Demand,23562,megawatthours,2026-02-18 04:00:00,23562.0
2026-02-18T04,CAR,Carolinas,DF,Day-ahead demand forecast,24282,megawatthours,2026-02-18 04:00:00,24282.0
2026-02-18T04,CAR,Carolinas,NG,Net generation,23469,megawatthours,2026-02-18 04:00:00,23469.0
2026-02-18T04,CAR,Carolinas,TI,Total interchange,-117,megawatthours,2026-02-18 04:00:00,-117.0
2026-02-18T03,CAR,Carolinas,D,Demand,24890,megawatthours,2026-02-18 03:00:00,24890.0
2026-02-18T03,CAR,Carolinas,DF,Day-ahead demand forecast,25435,megawatthours,2026-02-18 03:00:00,25435.0
2026-02-18T03,CAR,Carolinas,NG,Net generation,24504,megawatthours,2026-02-18 03:00:00,24504.0
2026-02-18T03,CAR,Carolinas,TI,Total interchange,-411,megawatthours,2026-02-18 03:00:00,-411.0
2026-02-18T02,CAR,Carolinas,D,Demand,25726,megawatthours,2026-02-18 02:00:00,25726.0
2026-02-18T02,CAR,Carolinas,DF,Day-ahead demand forecast,26178,megawatthours,2026-02-18 02:00:00,26178.0
2026-02-18T02,CAR,Carolinas,NG,Net generation,25338,megawatthours,2026-02-18 02:00:00,25338.0
2026-02-18T02,CAR,Carolinas,TI,Total interchange,-418,megawatthours,2026-02-18 02:00:00,-418.0
2026-02-18T01,CAR,Carolinas,D,Demand,26014,megawatthours,2026-02-18 01:00:00,26014.0
2026-02-18T01,CAR,Carolinas,DF,Day-ahead demand forecast,26374,megawatthours,2026-02-18 01:00:00,26374.0
2026-02-18T01,CAR,Carolinas,NG,Net generation,25671,megawatthours,2026-02-18 01:00:00,25671.0
2026-02-18T01,CAR,Carolinas,TI,Total interchange,-375,megawatthours,2026-02-18 01:00:00,-375.0
2026-02-18T00,CAR,Carolinas,D,Demand,25683,megawatthours,2026-02-18 00:00:00,25683.0
2026-02-18T00,CAR,Carolinas,DF,Day-ahead demand forecast,25679,megawatthours,2026-02-18 00:00:00,25679.0
2026-02-18T00,CAR,Carolinas,NG,Net generation,25319,megawatthours,2026-02-18 00:00:00,25319.0
2026-02-18T00,CAR,Carolinas,TI,Total interchange,-393,megawatthours,2026-02-18 00:00:00,-393.0
2026-02-17T23,CAR,Carolinas,D,Demand,23879,megawatthours,2026-02-17 23:00:00,23879.0
2026-02-17T23,CAR,Carolinas,DF,Day-ahead demand forecast,24179,megawatthours,2026-02-17 23:00:00,24179.0
2026-02-17T23,CAR,Carolinas,NG,Net generation,23653,megawatthours,2026-02-17 23:00:00,23653.0
2026-02-17T23,CAR,Carolinas,TI,Total interchange,-258,megawatthours,2026-02-17 23:00:00,-258.0
2026-02-17T22,CAR,Carolinas,D,Demand,22906,megawatthours,2026-02-17 22:00:00,22906.0
2026-02-17T22,CAR,Carolinas,DF,Day-ahead demand forecast,23104,megawatthours,2026-02-17 22:00:00,23104.0
2026-02-17T22,CAR,Carolinas,NG,Net generation,22623,megawatthours,2026-02-17 22:00:00,22623.0
2026-02-17T22,CAR,Carolinas,TI,Total interchange,-304,megawatthours,2026-02-17 22:00:00,-304.0
2026-02-17T21,CAR,Carolinas,D,Demand,22547,megawatthours,2026-02-17 21:00:00,22547.0
2026-02-17T21,CAR,Carolinas,DF,Day-ahead demand forecast,22788,megawatthours,2026-02-17 21:00:00,22788.0
2026-02-17T21,CAR,Carolinas,NG,Net generation,22572,megawatthours,2026-02-17 21:00:00,22572.0
2026-02-17T21,CAR,Carolinas,TI,Total interchange,0,megawatthours,2026-02-17 21:00:00,0.0
2026-02-17T20,CAR,Carolinas,D,Demand,22715,megawatthours,2026-02-17 20:00:00,22715.0
2026-02-17T20,CAR,Carolinas,DF,Day-ahead demand forecast,22956,megawatthours,2026-02-17 20:00:00,22956.0
2026-02-17T20,CAR,Carolinas,NG,Net generation,22829,megawatthours,2026-02-17 20:00:00,22829.0
2026-02-17T20,CAR,Carolinas,TI,Total interchange,93,megawatthours,2026-02-17 20:00:00,93.0
2026-02-17T19,CAR,Carolinas,D,Demand,23256,megawatthours,2026-02-17 19:00:00,23256.0
2026-02-17T19,CAR,Carolinas,DF,Day-ahead demand forecast,23563,megawatthours,2026-02-17 19:00:00,23563.0
2026-02-17T19,CAR,Carolinas,NG,Net generation,23423,megawatthours,2026-02-17 19:00:00,23423.0
2026-02-17T19,CAR,Carolinas,TI,Total interchange,150,megawatthours,2026-02-17 19:00:00,150.0
2026-02-17T18,CAR,Carolinas,D,Demand,24012,megawatthours,2026-02-17 18:00:00,24012.0
2026-02-17T18,CAR,Carolinas,DF,Day-ahead demand forecast,24429,megawatthours,2026-02-17 18:00:00,24429.0
2026-02-17T18,CAR,Carolinas,NG,Net generation,24090,megawatthours,2026-02-17 18:00:00,24090.0
2026-02-17T18,CAR,Carolinas,TI,Total interchange,57,megawatthours,2026-02-17 18:00:00,57.0
2026-02-17T17,CAR,Carolinas,D,Demand,25156,megawatthours,2026-02-17 17:00:00,25156.0
2026-02-17T17,CAR,Carolinas,DF,Day-ahead demand forecast,25743,megawatthours,2026-02-17 17:00:00,25743.0
2026-02-17T17,CAR,Carolinas,NG,Net generation,25020,megawatthours,2026-02-17 17:00:00,25020.0
2026-02-17T17,CAR,Carolinas,TI,Total interchange,-163,megawatthours,2026-02-17 17:00:00,-163.0
2026-02-17T16,CAR,Carolinas,D,Demand,26830,megawatthours,2026-02-17 16:00:00,26830.0
2026-02-17T16,CAR,Carolinas,DF,Day-ahead demand forecast,27407,megawatthours,2026-02-17 16:00:00,27407.0
2026-02-17T16,CAR,Carolinas,NG,Net generation,26470,megawatthours,2026-02-17 16:00:00,26470.0
2026-02-17T16,CAR,Carolinas,TI,Total interchange,-383,megawatthours,2026-02-17 16:00:00,-383.0
2026-02-17T15,CAR,Carolinas,D,Demand,28872,megawatthours,2026-02-17 15:00:00,28872.0
2026-02-17T15,CAR,Carolinas,DF,Day-ahead demand forecast,29462,megawatthours,2026-02-17 15:00:00,29462.0
2026-02-17T15,CAR,Carolinas,NG,Net generation,28064,megawatthours,2026-02-17 15:00:00,28064.0
2026-02-17T15,CAR,Carolinas,TI,Total interchange,-836,megawatthours,2026-02-17 15:00:00,-836.0
2026-02-17T14,CAR,Carolinas,D,Demand,31517,megawatthours,2026-02-17 14:00:00,31517.0
2026-02-17T14,CAR,Carolinas,DF,Day-ahead demand forecast,31596,megawatthours,2026-02-17 14:00:00,31596.0
2026-02-17T14,CAR,Carolinas,NG,Net generation,30673,megawatthours,2026-02-17 14:00:00,30673.0
2026-02-17T14,CAR,Carolinas,TI,Total interchange,-876,megawatthours,2026-02-17 14:00:00,-876.0
2026-02-17T13,CAR,Carolinas,D,Demand,33163,megawatthours,2026-02-17 13:00:00,33163.0
2026-02-17T13,CAR,Carolinas,DF,Day-ahead demand forecast,32480,megawatthours,2026-02-17 13:00:00,32480.0
2026-02-17T13,CAR,Carolinas,NG,Net generation,32463,megawatthours,2026-02-17 13:00:00,32463.0
2026-02-17T13,CAR,Carolinas,TI,Total interchange,-727,megawatthours,2026-02-17 13:00:00,-727.0
2026-02-17T12,CAR,Carolinas,D,Demand,32119,megawatthours,2026-02-17 12:00:00,32119.0
2026-02-17T12,CAR,Carolinas,DF,Day-ahead demand forecast,31207,megawatthours,2026-02-17 12:00:00,31207.0
2026-02-17T12,CAR,Carolinas,NG,Net generation,31048,megawatthours,2026-02-17 12:00:00,31048.0
2026-02-17T12,CAR,Carolinas,TI,Total interchange,-1102,megawatthours,2026-02-17 12:00:00,-1102.0
2026-02-17T11,CAR,Carolinas,D,Demand,29010,megawatthours,2026-02-17 11:00:00,29010.0
2026-02-17T11,CAR,Carolinas,DF,Day-ahead demand forecast,28516,megawatthours,2026-02-17 11:00:00,28516.0
2026-02-17T11,CAR,Carolinas,NG,Net generation,28131,megawatthours,2026-02-17 11:00:00,28131.0
2026-02-17T11,CAR,Carolinas,TI,Total interchange,-907,megawatthours,2026-02-17 11:00:00,-907.0
2026-02-17T10,CAR,Carolinas,D,Demand,26974,megawatthours,2026-02-17 10:00:00,26974.0
2026-02-17T10,CAR,Carolinas,DF,Day-ahead demand forecast,26402,megawatthours,2026-02-17 10:00:00,26402.0
2026-02-17T10,CAR,Carolinas,NG,Net generation,26426,megawatthours,2026-02-17 10:00:00,26426.0
2026-02-17T10,CAR,Carolinas,TI,Total interchange,-575,megawatthours,2026-02-17 10:00:00,-575.0
2026-02-17T09,CAR,Carolinas,D,Demand,25833,megawatthours,2026-02-17 09:00:00,25833.0
2026-02-17T09,CAR,Carolinas,DF,Day-ahead demand forecast,25286,megawatthours,2026-02-17 09:00:00,25286.0
2026-02-17T09,CAR,Carolinas,NG,Net generation,25547,megawatthours,2026-02-17 09:00:00,25547.0
2026-02-17T09,CAR,Carolinas,TI,Total interchange,-309,megawatthours,2026-02-17 09:00:00,-309.0
2026-02-17T08,CAR,Carolinas,D,Demand,25200,megawatthours,2026-02-17 08:00:00,25200.0
2026-02-17T08,CAR,Carolinas,DF,Day-ahead demand forecast,24714,megawatthours,2026-02-17 08:00:00,24714.0
2026-02-17T08,CAR,Carolinas,NG,Net generation,25059,megawatthours,2026-02-17 08:00:00,25059.0
2026-02-17T08,CAR,Carolinas,TI,Total interchange,-165,megawatthours,2026-02-17 08:00:00,-165.0
2026-02-17T07,CAR,Carolinas,D,Demand,24779,megawatthours,2026-02-17 07:00:00,24779.0
2026-02-17T07,CAR,Carolinas,DF,Day-ahead demand forecast,24542,megawatthours,2026-02-17 07:00:00,24542.0
2026-02-17T07,CAR,Carolinas,NG,Net generation,24613,megawatthours,2026-02-17 07:00:00,24613.0
2026-02-17T07,CAR,Carolinas,TI,Total interchange,-188,megawatthours,2026-02-17 07:00:00,-188.0
2026-02-17T06,CAR,Carolinas,D,Demand,24552,megawatthours,2026-02-17 06:00:00,24552.0
2026-02-17T06,CAR,Carolinas,DF,Day-ahead demand forecast,24597,megawatthours,2026-02-17 06:00:00,24597.0
2026-02-17T06,CAR,Carolinas,NG,Net generation,24478,megawatthours,2026-02-17 06:00:00,24478.0
2026-02-17T06,CAR,Carolinas,TI,Total interchange,-98,megawatthours,2026-02-17 06:00:00,-98.0
2026-02-17T05,CAR,Carolinas,D,Demand,24886,megawatthours,2026-02-17 05:00:00,24886.0
2026-02-17T05,CAR,Carolinas,DF,Day-ahead demand forecast,25607,megawatthours,2026-02-17 05:00:00,25607.0
2026-02-17T05,CAR,Carolinas,NG,Net generation,24750,megawatthours,2026-02-17 05:00:00,24750.0
2026-02-17T05,CAR,Carolinas,TI,Total interchange,-161,megawatthours,2026-02-17 05:00:00,-161.0
2026-02-17T04,CAR,Carolinas,D,Demand,25797,megawatthours,2026-02-17 04:00:00,25797.0
2026-02-17T04,CAR,Carolinas,DF,Day-ahead demand forecast,26475,megawatthours,2026-02-17 04:00:00,26475.0
2026-02-17T04,CAR,Carolinas,NG,Net generation,25585,megawatthours,2026-02-17 04:00:00,25585.0
2026-02-17T04,CAR,Carolinas,TI,Total interchange,-238,megawatthours,2026-02-17 04:00:00,-238.0
2026-02-17T03,CAR,Carolinas,D,Demand,26694,megawatthours,2026-02-17 03:00:00,26694.0
2026-02-17T03,CAR,Carolinas,DF,Day-ahead demand forecast,27285,megawatthours,2026-02-17 03:00:00,27285.0
2026-02-17T03,CAR,Carolinas,NG,Net generation,26373,megawatthours,2026-02-17 03:00:00,26373.0
2026-02-17T03,CAR,Carolinas,TI,Total interchange,-349,megawatthours,2026-02-17 03:00:00,-349.0
2026-02-17T02,CAR,Carolinas,D,Demand,27226,megawatthours,2026-02-17 02:00:00,27226.0
2026-02-17T02,CAR,Carolinas,DF,Day-ahead demand forecast,27821,megawatthours,2026-02-17 02:00:00,27821.0
2026-02-17T02,CAR,Carolinas,NG,Net generation,26731,megawatthours,2026-02-17 02:00:00,26731.0
2026-02-17T02,CAR,Carolinas,TI,Total interchange,-527,megawatthours,2026-02-17 02:00:00,-527.0
2026-02-17T01,CAR,Carolinas,D,Demand,27185,megawatthours,2026-02-17 01:00:00,27185.0
2026-02-17T01,CAR,Carolinas,DF,Day-ahead demand forecast,27825,megawatthours,2026-02-17 01:00:00,27825.0
2026-02-17T01,CAR,Carolinas,NG,Net generation,26773,megawatthours,2026-02-17 01:00:00,26773.0
2026-02-17T01,CAR,Carolinas,TI,Total interchange,-444,megawatthours,2026-02-17 01:00:00,-444.0
2026-02-17T00,CAR,Carolinas,D,Demand,26501,megawatthours,2026-02-17 00:00:00,26501.0
2026-02-17T00,CAR,Carolinas,DF,Day-ahead demand forecast,26929,megawatthours,2026-02-17 00:00:00,26929.0
2026-02-17T00,CAR,Carolinas,NG,Net generation,26091,megawatthours,2026-02-17 00:00:00,26091.0
2026-02-17T00,CAR,Carolinas,TI,Total interchange,-443,megawatthours,2026-02-17 00:00:00,-443.0
2026-02-16T23,CAR,Carolinas,D,Demand,24635,megawatthours,2026-02-16 23:00:00,24635.0
2026-02-16T23,CAR,Carolinas,DF,Day-ahead demand forecast,25214,megawatthours,2026-02-16 23:00:00,25214.0
2026-02-16T23,CAR,Carolinas,NG,Net generation,24413,megawatthours,2026-02-16 23:00:00,24413.0
2026-02-16T23,CAR,Carolinas,TI,Total interchange,-250,megawatthours,2026-02-16 23:00:00,-250.0
2026-02-16T22,CAR,Carolinas,D,Demand,23382,megawatthours,2026-02-16 22:00:00,23382.0
2026-02-16T22,CAR,Carolinas,DF,Day-ahead demand forecast,23875,megawatthours,2026-02-16 22:00:00,23875.0
2026-02-16T22,CAR,Carolinas,NG,Net generation,23097,megawatthours,2026-02-16 22:00:00,23097.0
2026-02-16T22,CAR,Carolinas,TI,Total interchange,-314,megawatthours,2026-02-16 22:00:00,-314.0
2026-02-16T21,CAR,Carolinas,D,Demand,22998,megawatthours,2026-02-16 21:00:00,22998.0
2026-02-16T21,CAR,Carolinas,DF,Day-ahead demand forecast,23428,megawatthours,2026-02-16 21:00:00,23428.0
2026-02-16T21,CAR,Carolinas,NG,Net generation,23132,megawatthours,2026-02-16 21:00:00,23132.0
2026-02-16T21,CAR,Carolinas,TI,Total interchange,110,megawatthours,2026-02-16 21:00:00,110.0
2026-02-16T20,CAR,Carolinas,D,Demand,23414,megawatthours,2026-02-16 20:00:00,23414.0
2026-02-16T20,CAR,Carolinas,DF,Day-ahead demand forecast,23617,megawatthours,2026-02-16 20:00:00,23617.0
2026-02-16T20,CAR,Carolinas,NG,Net generation,23443,megawatthours,2026-02-16 20:00:00,23443.0
2026-02-16T20,CAR,Carolinas,TI,Total interchange,6,megawatthours,2026-02-16 20:00:00,6.0
2026-02-16T19,CAR,Carolinas,D,Demand,24101,megawatthours,2026-02-16 19:00:00,24101.0
2026-02-16T19,CAR,Carolinas,DF,Day-ahead demand forecast,24085,megawatthours,2026-02-16 19:00:00,24085.0
2026-02-16T19,CAR,Carolinas,NG,Net generation,23940,megawatthours,2026-02-16 19:00:00,23940.0
2026-02-16T19,CAR,Carolinas,TI,Total interchange,-188,megawatthours,2026-02-16 19:00:00,-188.0
2026-02-16T18,CAR,Carolinas,D,Demand,24879,megawatthours,2026-02-16 18:00:00,24879.0
2026-02-16T18,CAR,Carolinas,DF,Day-ahead demand forecast,24695,megawatthours,2026-02-16 18:00:00,24695.0
2026-02-16T18,CAR,Carolinas,NG,Net generation,24688,megawatthours,2026-02-16 18:00:00,24688.0
2026-02-16T18,CAR,Carolinas,TI,Total interchange,-219,megawatthours,2026-02-16 18:00:00,-219.0
2026-02-16T17,CAR,Carolinas,D,Demand,25922,megawatthours,2026-02-16 17:00:00,25922.0
2026-02-16T17,CAR,Carolinas,DF,Day-ahead demand forecast,25390,megawatthours,2026-02-16 17:00:00,25390.0
2026-02-16T17,CAR,Carolinas,NG,Net generation,25643,megawatthours,2026-02-16 17:00:00,25643.0
2026-02-16T17,CAR,Carolinas,TI,Total interchange,-305,megawatthours,2026-02-16 17:00:00,-305.0
2026-02-16T16,CAR,Carolinas,D,Demand,26979,megawatthours,2026-02-16 16:00:00,26979.0
2026-02-16T16,CAR,Carolinas,DF,Day-ahead demand forecast,26098,megawatthours,2026-02-16 16:00:00,26098.0
2026-02-16T16,CAR,Carolinas,NG,Net generation,26597,megawatthours,2026-02-16 16:00:00,26597.0
2026-02-16T16,CAR,Carolinas,TI,Total interchange,-409,megawatthours,2026-02-16 16:00:00,-409.0
2026-02-16T15,CAR,Carolinas,D,Demand,27827,megawatthours,2026-02-16 15:00:00,27827.0
2026-02-16T15,CAR,Carolinas,DF,Day-ahead demand forecast,26856,megawatthours,2026-02-16 15:00:00,26856.0
2026-02-16T15,CAR,Carolinas,NG,Net generation,27376,megawatthours,2026-02-16 15:00:00,27376.0
2026-02-16T15,CAR,Carolinas,TI,Total interchange,-479,megawatthours,2026-02-16 15:00:00,-479.0
2026-02-16T14,CAR,Carolinas,D,Demand,28487,megawatthours,2026-02-16 14:00:00,28487.0
2026-02-16T14,CAR,Carolinas,DF,Day-ahead demand forecast,27614,megawatthours,2026-02-16 14:00:00,27614.0
2026-02-16T14,CAR,Carolinas,NG,Net generation,28011,megawatthours,2026-02-16 14:00:00,28011.0
2026-02-16T14,CAR,Carolinas,TI,Total interchange,-506,megawatthours,2026-02-16 14:00:00,-506.0
2026-02-16T13,CAR,Carolinas,D,Demand,28570,megawatthours,2026-02-16 13:00:00,28570.0
2026-02-16T13,CAR,Carolinas,DF,Day-ahead demand forecast,27612,megawatthours,2026-02-16 13:00:00,27612.0
2026-02-16T13,CAR,Carolinas,NG,Net generation,28104,megawatthours,2026-02-16 13:00:00,28104.0
2026-02-16T13,CAR,Carolinas,TI,Total interchange,-494,megawatthours,2026-02-16 13:00:00,-494.0
2026-02-16T12,CAR,Carolinas,D,Demand,27082,megawatthours,2026-02-16 12:00:00,27082.0
2026-02-16T12,CAR,Carolinas,DF,Day-ahead demand forecast,26281,megawatthours,2026-02-16 12:00:00,26281.0
2026-02-16T12,CAR,Carolinas,NG,Net generation,26565,megawatthours,2026-02-16 12:00:00,26565.0
2026-02-16T12,CAR,Carolinas,TI,Total interchange,-543,megawatthours,2026-02-16 12:00:00,-543.0
2026-02-16T11,CAR,Carolinas,D,Demand,24641,megawatthours,2026-02-16 11:00:00,24641.0
2026-02-16T11,CAR,Carolinas,DF,Day-ahead demand forecast,24282,megawatthours,2026-02-16 11:00:00,24282.0
2026-02-16T11,CAR,Carolinas,NG,Net generation,24457,megawatthours,2026-02-16 11:00:00,24457.0
2026-02-16T11,CAR,Carolinas,TI,Total interchange,-207,megawatthours,2026-02-16 11:00:00,-207.0
2026-02-16T10,CAR,Carolinas,D,Demand,23100,megawatthours,2026-02-16 10:00:00,23100.0
2026-02-16T10,CAR,Carolinas,DF,Day-ahead demand forecast,22798,megawatthours,2026-02-16 10:00:00,22798.0
2026-02-16T10,CAR,Carolinas,NG,Net generation,22879,megawatthours,2026-02-16 10:00:00,22879.0
2026-02-16T10,CAR,Carolinas,TI,Total interchange,-240,megawatthours,2026-02-16 10:00:00,-240.0
2026-02-16T09,CAR,Carolinas,D,Demand,22229,megawatthours,2026-02-16 09:00:00,22229.0
2026-02-16T09,CAR,Carolinas,DF,Day-ahead demand forecast,22166,megawatthours,2026-02-16 09:00:00,22166.0
2026-02-16T09,CAR,Carolinas,NG,Net generation,22110,megawatthours,2026-02-16 09:00:00,22110.0
2026-02-16T09,CAR,Carolinas,TI,Total interchange,-138,megawatthours,2026-02-16 09:00:00,-138.0
2026-02-16T08,CAR,Carolinas,D,Demand,22023,megawatthours,2026-02-16 08:00:00,22023.0
2026-02-16T08,CAR,Carolinas,DF,Day-ahead demand forecast,22050,megawatthours,2026-02-16 08:00:00,22050.0
2026-02-16T08,CAR,Carolinas,NG,Net generation,21871,megawatthours,2026-02-16 08:00:00,21871.0
2026-02-16T08,CAR,Carolinas,TI,Total interchange,-173,megawatthours,2026-02-16 08:00:00,-173.0
2026-02-16T07,CAR,Carolinas,D,Demand,21989,megawatthours,2026-02-16 07:00:00,21989.0
2026-02-16T07,CAR,Carolinas,DF,Day-ahead demand forecast,22264,megawatthours,2026-02-16 07:00:00,22264.0
2026-02-16T07,CAR,Carolinas,NG,Net generation,21922,megawatthours,2026-02-16 07:00:00,21922.0
2026-02-16T07,CAR,Carolinas,TI,Total interchange,-88,megawatthours,2026-02-16 07:00:00,-88.0
2026-02-16T06,CAR,Carolinas,D,Demand,22258,megawatthours,2026-02-16 06:00:00,22258.0
2026-02-16T06,CAR,Carolinas,DF,Day-ahead demand forecast,22638,megawatthours,2026-02-16 06:00:00,22638.0
2026-02-16T06,CAR,Carolinas,NG,Net generation,22093,megawatthours,2026-02-16 06:00:00,22093.0
2026-02-16T06,CAR,Carolinas,TI,Total interchange,-186,megawatthours,2026-02-16 06:00:00,-186.0
2026-02-16T05,CAR,Carolinas,D,Demand,22955,megawatthours,2026-02-16 05:00:00,22955.0
2026-02-16T05,CAR,Carolinas,DF,Day-ahead demand forecast,22826,megawatthours,2026-02-16 05:00:00,22826.0
2026-02-16T05,CAR,Carolinas,NG,Net generation,23040,megawatthours,2026-02-16 05:00:00,23040.0
2026-02-16T05,CAR,Carolinas,TI,Total interchange,55,megawatthours,2026-02-16 05:00:00,55.0
2026-02-16T04,CAR,Carolinas,D,Demand,24093,megawatthours,2026-02-16 04:00:00,24093.0
2026-02-16T04,CAR,Carolinas,DF,Day-ahead demand forecast,23842,megawatthours,2026-02-16 04:00:00,23842.0
2026-02-16T04,CAR,Carolinas,NG,Net generation,24171,megawatthours,2026-02-16 04:00:00,24171.0
2026-02-16T04,CAR,Carolinas,TI,Total interchange,47,megawatthours,2026-02-16 04:00:00,47.0
2026-02-16T03,CAR,Carolinas,D,Demand,25329,megawatthours,2026-02-16 03:00:00,25329.0
2026-02-16T03,CAR,Carolinas,DF,Day-ahead demand forecast,24902,megawatthours,2026-02-16 03:00:00,24902.0
2026-02-16T03,CAR,Carolinas,NG,Net generation,25227,megawatthours,2026-02-16 03:00:00,25227.0
2026-02-16T03,CAR,Carolinas,TI,Total interchange,-131,megawatthours,2026-02-16 03:00:00,-131.0
2026-02-16T02,CAR,Carolinas,D,Demand,26338,megawatthours,2026-02-16 02:00:00,26338.0
2026-02-16T02,CAR,Carolinas,DF,Day-ahead demand forecast,25727,megawatthours,2026-02-16 02:00:00,25727.0
2026-02-16T02,CAR,Carolinas,NG,Net generation,25971,megawatthours,2026-02-16 02:00:00,25971.0
2026-02-16T02,CAR,Carolinas,TI,Total interchange,-402,megawatthours,2026-02-16 02:00:00,-402.0
2026-02-16T01,CAR,Carolinas,D,Demand,26985,megawatthours,2026-02-16 01:00:00,26985.0
2026-02-16T01,CAR,Carolinas,DF,Day-ahead demand forecast,26099,megawatthours,2026-02-16 01:00:00,26099.0
2026-02-16T01,CAR,Carolinas,NG,Net generation,26690,megawatthours,2026-02-16 01:00:00,26690.0
2026-02-16T01,CAR,Carolinas,TI,Total interchange,-327,megawatthours,2026-02-16 01:00:00,-327.0
2026-02-16T00,CAR,Carolinas,D,Demand,27291,megawatthours,2026-02-16 00:00:00,27291.0
2026-02-16T00,CAR,Carolinas,DF,Day-ahead demand forecast,25816,megawatthours,2026-02-16 00:00:00,25816.0
2026-02-16T00,CAR,Carolinas,NG,Net generation,26992,megawatthours,2026-02-16 00:00:00,26992.0
2026-02-16T00,CAR,Carolinas,TI,Total interchange,-333,megawatthours,2026-02-16 00:00:00,-333.0
2026-02-15T23,CAR,Carolinas,D,Demand,26777,megawatthours,2026-02-15 23:00:00,26777.0
2026-02-15T23,CAR,Carolinas,DF,Day-ahead demand forecast,24874,megawatthours,2026-02-15 23:00:00,24874.0
2026-02-15T23,CAR,Carolinas,NG,Net generation,26491,megawatthours,2026-02-15 23:00:00,26491.0
2026-02-15T23,CAR,Carolinas,TI,Total interchange,-320,megawatthours,2026-02-15 23:00:00,-320.0
2026-02-15T22,CAR,Carolinas,D,Demand,26260,megawatthours,2026-02-15 22:00:00,26260.0
2026-02-15T22,CAR,Carolinas,DF,Day-ahead demand forecast,23931,megawatthours,2026-02-15 22:00:00,23931.0
2026-02-15T22,CAR,Carolinas,NG,Net generation,25728,megawatthours,2026-02-15 22:00:00,25728.0
2026-02-15T22,CAR,Carolinas,TI,Total interchange,-561,megawatthours,2026-02-15 22:00:00,-561.0
2026-02-15T21,CAR,Carolinas,D,Demand,26015,megawatthours,2026-02-15 21:00:00,26015.0
2026-02-15T21,CAR,Carolinas,DF,Day-ahead demand forecast,23619,megawatthours,2026-02-15 21:00:00,23619.0
2026-02-15T21,CAR,Carolinas,NG,Net generation,25457,megawatthours,2026-02-15 21:00:00,25457.0
2026-02-15T21,CAR,Carolinas,TI,Total interchange,-583,megawatthours,2026-02-15 21:00:00,-583.0
2026-02-15T20,CAR,Carolinas,D,Demand,26025,megawatthours,2026-02-15 20:00:00,26025.0
2026-02-15T20,CAR,Carolinas,DF,Day-ahead demand forecast,23703,megawatthours,2026-02-15 20:00:00,23703.0
2026-02-15T20,CAR,Carolinas,NG,Net generation,25605,megawatthours,2026-02-15 20:00:00,25605.0
2026-02-15T20,CAR,Carolinas,TI,Total interchange,-448,megawatthours,2026-02-15 20:00:00,-448.0
2026-02-15T19,CAR,Carolinas,D,Demand,26283,megawatthours,2026-02-15 19:00:00,26283.0
2026-02-15T19,CAR,Carolinas,DF,Day-ahead demand forecast,23988,megawatthours,2026-02-15 19:00:00,23988.0
2026-02-15T19,CAR,Carolinas,NG,Net generation,25961,megawatthours,2026-02-15 19:00:00,25961.0
2026-02-15T19,CAR,Carolinas,TI,Total interchange,-352,megawatthours,2026-02-15 19:00:00,-352.0
2026-02-15T18,CAR,Carolinas,D,Demand,26467,megawatthours,2026-02-15 18:00:00,26467.0
2026-02-15T18,CAR,Carolinas,DF,Day-ahead demand forecast,24401,megawatthours,2026-02-15 18:00:00,24401.0
2026-02-15T18,CAR,Carolinas,NG,Net generation,26072,megawatthours,2026-02-15 18:00:00,26072.0
2026-02-15T18,CAR,Carolinas,TI,Total interchange,-423,megawatthours,2026-02-15 18:00:00,-423.0
2026-02-15T17,CAR,Carolinas,D,Demand,26311,megawatthours,2026-02-15 17:00:00,26311.0
2026-02-15T17,CAR,Carolinas,DF,Day-ahead demand forecast,24769,megawatthours,2026-02-15 17:00:00,24769.0
2026-02-15T17,CAR,Carolinas,NG,Net generation,25996,megawatthours,2026-02-15 17:00:00,25996.0
2026-02-15T17,CAR,Carolinas,TI,Total interchange,-343,megawatthours,2026-02-15 17:00:00,-343.0
2026-02-15T16,CAR,Carolinas,D,Demand,26374,megawatthours,2026-02-15 16:00:00,26374.0
2026-02-15T16,CAR,Carolinas,DF,Day-ahead demand forecast,25206,megawatthours,2026-02-15 16:00:00,25206.0
2026-02-15T16,CAR,Carolinas,NG,Net generation,26003,megawatthours,2026-02-15 16:00:00,26003.0
2026-02-15T16,CAR,Carolinas,TI,Total interchange,-400,megawatthours,2026-02-15 16:00:00,-400.0
2026-02-15T15,CAR,Carolinas,D,Demand,26321,megawatthours,2026-02-15 15:00:00,26321.0
2026-02-15T15,CAR,Carolinas,DF,Day-ahead demand forecast,25538,megawatthours,2026-02-15 15:00:00,25538.0
2026-02-15T15,CAR,Carolinas,NG,Net generation,25852,megawatthours,2026-02-15 15:00:00,25852.0
2026-02-15T15,CAR,Carolinas,TI,Total interchange,-497,megawatthours,2026-02-15 15:00:00,-497.0
2026-02-15T14,CAR,Carolinas,D,Demand,25784,megawatthours,2026-02-15 14:00:00,25784.0
2026-02-15T14,CAR,Carolinas,DF,Day-ahead demand forecast,25608,megawatthours,2026-02-15 14:00:00,25608.0
2026-02-15T14,CAR,Carolinas,NG,Net generation,25180,megawatthours,2026-02-15 14:00:00,25180.0
2026-02-15T14,CAR,Carolinas,TI,Total interchange,-632,megawatthours,2026-02-15 14:00:00,-632.0
2026-02-15T13,CAR,Carolinas,D,Demand,24739,megawatthours,2026-02-15 13:00:00,24739.0
2026-02-15T13,CAR,Carolinas,DF,Day-ahead demand forecast,24990,megawatthours,2026-02-15 13:00:00,24990.0
2026-02-15T13,CAR,Carolinas,NG,Net generation,24007,megawatthours,2026-02-15 13:00:00,24007.0
2026-02-15T13,CAR,Carolinas,TI,Total interchange,-759,megawatthours,2026-02-15 13:00:00,-759.0
2026-02-15T12,CAR,Carolinas,D,Demand,23830,megawatthours,2026-02-15 12:00:00,23830.0
2026-02-15T12,CAR,Carolinas,DF,Day-ahead demand forecast,24079,megawatthours,2026-02-15 12:00:00,24079.0
2026-02-15T12,CAR,Carolinas,NG,Net generation,23242,megawatthours,2026-02-15 12:00:00,23242.0
2026-02-15T12,CAR,Carolinas,TI,Total interchange,-621,megawatthours,2026-02-15 12:00:00,-621.0
2026-02-15T11,CAR,Carolinas,D,Demand,22981,megawatthours,2026-02-15 11:00:00,22981.0
2026-02-15T11,CAR,Carolinas,DF,Day-ahead demand forecast,23237,megawatthours,2026-02-15 11:00:00,23237.0
2026-02-15T11,CAR,Carolinas,NG,Net generation,22652,megawatthours,2026-02-15 11:00:00,22652.0
2026-02-15T11,CAR,Carolinas,TI,Total interchange,-355,megawatthours,2026-02-15 11:00:00,-355.0
2026-02-15T10,CAR,Carolinas,D,Demand,22433,megawatthours,2026-02-15 10:00:00,22433.0
2026-02-15T10,CAR,Carolinas,DF,Day-ahead demand forecast,22642,megawatthours,2026-02-15 10:00:00,22642.0
2026-02-15T10,CAR,Carolinas,NG,Net generation,22216,megawatthours,2026-02-15 10:00:00,22216.0
2026-02-15T10,CAR,Carolinas,TI,Total interchange,-243,megawatthours,2026-02-15 10:00:00,-243.0
2026-02-15T09,CAR,Carolinas,D,Demand,22287,megawatthours,2026-02-15 09:00:00,22287.0
2026-02-15T09,CAR,Carolinas,DF,Day-ahead demand forecast,22351,megawatthours,2026-02-15 09:00:00,22351.0
2026-02-15T09,CAR,Carolinas,NG,Net generation,22058,megawatthours,2026-02-15 09:00:00,22058.0
2026-02-15T09,CAR,Carolinas,TI,Total interchange,-255,megawatthours,2026-02-15 09:00:00,-255.0
2026-02-15T08,CAR,Carolinas,D,Demand,22285,megawatthours,2026-02-15 08:00:00,22285.0
2026-02-15T08,CAR,Carolinas,DF,Day-ahead demand forecast,22449,megawatthours,2026-02-15 08:00:00,22449.0
2026-02-15T08,CAR,Carolinas,NG,Net generation,22105,megawatthours,2026-02-15 08:00:00,22105.0
2026-02-15T08,CAR,Carolinas,TI,Total interchange,-204,megawatthours,2026-02-15 08:00:00,-204.0
2026-02-15T07,CAR,Carolinas,D,Demand,22551,megawatthours,2026-02-15 07:00:00,22551.0
2026-02-15T07,CAR,Carolinas,DF,Day-ahead demand forecast,22637,megawatthours,2026-02-15 07:00:00,22637.0
2026-02-15T07,CAR,Carolinas,NG,Net generation,22228,megawatthours,2026-02-15 07:00:00,22228.0
2026-02-15T07,CAR,Carolinas,TI,Total interchange,-351,megawatthours,2026-02-15 07:00:00,-351.0
2026-02-15T06,CAR,Carolinas,D,Demand,23024,megawatthours,2026-02-15 06:00:00,23024.0
2026-02-15T06,CAR,Carolinas,DF,Day-ahead demand forecast,23045,megawatthours,2026-02-15 06:00:00,23045.0
2026-02-15T06,CAR,Carolinas,NG,Net generation,22696,megawatthours,2026-02-15 06:00:00,22696.0
2026-02-15T06,CAR,Carolinas,TI,Total interchange,-353,megawatthours,2026-02-15 06:00:00,-353.0
2026-02-15T05,CAR,Carolinas,D,Demand,23742,megawatthours,2026-02-15 05:00:00,23742.0
2026-02-15T05,CAR,Carolinas,DF,Day-ahead demand forecast,23679,megawatthours,2026-02-15 05:00:00,23679.0
2026-02-15T05,CAR,Carolinas,NG,Net generation,23528,megawatthours,2026-02-15 05:00:00,23528.0
2026-02-15T05,CAR,Carolinas,TI,Total interchange,-241,megawatthours,2026-02-15 05:00:00,-241.0
2026-02-15T04,CAR,Carolinas,D,Demand,24588,megawatthours,2026-02-15 04:00:00,24588.0
2026-02-15T04,CAR,Carolinas,DF,Day-ahead demand forecast,24410,megawatthours,2026-02-15 04:00:00,24410.0
2026-02-15T04,CAR,Carolinas,NG,Net generation,24246,megawatthours,2026-02-15 04:00:00,24246.0
2026-02-15T04,CAR,Carolinas,TI,Total interchange,-369,megawatthours,2026-02-15 04:00:00,-369.0
2026-02-15T03,CAR,Carolinas,D,Demand,25172,megawatthours,2026-02-15 03:00:00,25172.0
2026-02-15T03,CAR,Carolinas,DF,Day-ahead demand forecast,24960,megawatthours,2026-02-15 03:00:00,24960.0
2026-02-15T03,CAR,Carolinas,NG,Net generation,25003,megawatthours,2026-02-15 03:00:00,25003.0
2026-02-15T03,CAR,Carolinas,TI,Total interchange,-198,megawatthours,2026-02-15 03:00:00,-198.0
2026-02-15T02,CAR,Carolinas,D,Demand,25450,megawatthours,2026-02-15 02:00:00,25450.0
2026-02-15T02,CAR,Carolinas,DF,Day-ahead demand forecast,25271,megawatthours,2026-02-15 02:00:00,25271.0
2026-02-15T02,CAR,Carolinas,NG,Net generation,25205,megawatthours,2026-02-15 02:00:00,25205.0
2026-02-15T02,CAR,Carolinas,TI,Total interchange,-273,megawatthours,2026-02-15 02:00:00,-273.0
2026-02-15T01,CAR,Carolinas,D,Demand,25453,megawatthours,2026-02-15 01:00:00,25453.0
2026-02-15T01,CAR,Carolinas,DF,Day-ahead demand forecast,25292,megawatthours,2026-02-15 01:00:00,25292.0
2026-02-15T01,CAR,Carolinas,NG,Net generation,25213,megawatthours,2026-02-15 01:00:00,25213.0
2026-02-15T01,CAR,Carolinas,TI,Total interchange,-269,megawatthours,2026-02-15 01:00:00,-269.0
2026-02-15T00,CAR,Carolinas,D,Demand,25018,megawatthours,2026-02-15 00:00:00,25018.0
2026-02-15T00,CAR,Carolinas,DF,Day-ahead demand forecast,24726,megawatthours,2026-02-15 00:00:00,24726.0
2026-02-15T00,CAR,Carolinas,NG,Net generation,24756,megawatthours,2026-02-15 00:00:00,24756.0
2026-02-15T00,CAR,Carolinas,TI,Total interchange,-293,megawatthours,2026-02-15 00:00:00,-293.0
2026-02-14T23,CAR,Carolinas,D,Demand,23388,megawatthours,2026-02-14 23:00:00,23388.0
2026-02-14T23,CAR,Carolinas,DF,Day-ahead demand forecast,23386,megawatthours,2026-02-14 23:00:00,23386.0
2026-02-14T23,CAR,Carolinas,NG,Net generation,23200,megawatthours,2026-02-14 23:00:00,23200.0
2026-02-14T23,CAR,Carolinas,TI,Total interchange,-216,megawatthours,2026-02-14 23:00:00,-216.0
2026-02-14T22,CAR,Carolinas,D,Demand,22193,megawatthours,2026-02-14 22:00:00,22193.0
2026-02-14T22,CAR,Carolinas,DF,Day-ahead demand forecast,22179,megawatthours,2026-02-14 22:00:00,22179.0
2026-02-14T22,CAR,Carolinas,NG,Net generation,21899,megawatthours,2026-02-14 22:00:00,21899.0
2026-02-14T22,CAR,Carolinas,TI,Total interchange,-320,megawatthours,2026-02-14 22:00:00,-320.0
2026-02-14T21,CAR,Carolinas,D,Demand,21956,megawatthours,2026-02-14 21:00:00,21956.0
2026-02-14T21,CAR,Carolinas,DF,Day-ahead demand forecast,21726,megawatthours,2026-02-14 21:00:00,21726.0
2026-02-14T21,CAR,Carolinas,NG,Net generation,21783,megawatthours,2026-02-14 21:00:00,21783.0
2026-02-14T21,CAR,Carolinas,TI,Total interchange,-200,megawatthours,2026-02-14 21:00:00,-200.0
2026-02-14T20,CAR,Carolinas,D,Demand,22226,megawatthours,2026-02-14 20:00:00,22226.0
2026-02-14T20,CAR,Carolinas,DF,Day-ahead demand forecast,21885,megawatthours,2026-02-14 20:00:00,21885.0
2026-02-14T20,CAR,Carolinas,NG,Net generation,22182,megawatthours,2026-02-14 20:00:00,22182.0
2026-02-14T20,CAR,Carolinas,TI,Total interchange,-70,megawatthours,2026-02-14 20:00:00,-70.0
2026-02-14T19,CAR,Carolinas,D,Demand,22962,megawatthours,2026-02-14 19:00:00,22962.0
2026-02-14T19,CAR,Carolinas,DF,Day-ahead demand forecast,22662,megawatthours,2026-02-14 19:00:00,22662.0
2026-02-14T19,CAR,Carolinas,NG,Net generation,22906,megawatthours,2026-02-14 19:00:00,22906.0
2026-02-14T19,CAR,Carolinas,TI,Total interchange,-82,megawatthours,2026-02-14 19:00:00,-82.0
2026-02-14T18,CAR,Carolinas,D,Demand,24186,megawatthours,2026-02-14 18:00:00,24186.0
2026-02-14T18,CAR,Carolinas,DF,Day-ahead demand forecast,23956,megawatthours,2026-02-14 18:00:00,23956.0
2026-02-14T18,CAR,Carolinas,NG,Net generation,23940,megawatthours,2026-02-14 18:00:00,23940.0
2026-02-14T18,CAR,Carolinas,TI,Total interchange,-276,megawatthours,2026-02-14 18:00:00,-276.0
2026-02-14T17,CAR,Carolinas,D,Demand,25680,megawatthours,2026-02-14 17:00:00,25680.0
2026-02-14T17,CAR,Carolinas,DF,Day-ahead demand forecast,25645,megawatthours,2026-02-14 17:00:00,25645.0
2026-02-14T17,CAR,Carolinas,NG,Net generation,25314,megawatthours,2026-02-14 17:00:00,25314.0
2026-02-14T17,CAR,Carolinas,TI,Total interchange,-392,megawatthours,2026-02-14 17:00:00,-392.0
2026-02-14T16,CAR,Carolinas,D,Demand,27871,megawatthours,2026-02-14 16:00:00,27871.0
2026-02-14T16,CAR,Carolinas,DF,Day-ahead demand forecast,27968,megawatthours,2026-02-14 16:00:00,27968.0
2026-02-14T16,CAR,Carolinas,NG,Net generation,27029,megawatthours,2026-02-14 16:00:00,27029.0
2026-02-14T16,CAR,Carolinas,TI,Total interchange,-871,megawatthours,2026-02-14 16:00:00,-871.0
2026-02-14T15,CAR,Carolinas,D,Demand,31086,megawatthours,2026-02-14 15:00:00,31086.0
2026-02-14T15,CAR,Carolinas,DF,Day-ahead demand forecast,30843,megawatthours,2026-02-14 15:00:00,30843.0
2026-02-14T15,CAR,Carolinas,NG,Net generation,30023,megawatthours,2026-02-14 15:00:00,30023.0
2026-02-14T15,CAR,Carolinas,TI,Total interchange,-1099,megawatthours,2026-02-14 15:00:00,-1099.0
2026-02-14T14,CAR,Carolinas,D,Demand,34772,megawatthours,2026-02-14 14:00:00,34772.0
2026-02-14T14,CAR,Carolinas,DF,Day-ahead demand forecast,33353,megawatthours,2026-02-14 14:00:00,33353.0
2026-02-14T14,CAR,Carolinas,NG,Net generation,33573,megawatthours,2026-02-14 14:00:00,33573.0
2026-02-14T14,CAR,Carolinas,TI,Total interchange,-1235,megawatthours,2026-02-14 14:00:00,-1235.0
2026-02-14T13,CAR,Carolinas,D,Demand,36230,megawatthours,2026-02-14 13:00:00,36230.0
2026-02-14T13,CAR,Carolinas,DF,Day-ahead demand forecast,34040,megawatthours,2026-02-14 13:00:00,34040.0
2026-02-14T13,CAR,Carolinas,NG,Net generation,34725,megawatthours,2026-02-14 13:00:00,34725.0
2026-02-14T13,CAR,Carolinas,TI,Total interchange,-1540,megawatthours,2026-02-14 13:00:00,-1540.0
2026-02-14T12,CAR,Carolinas,D,Demand,35016,megawatthours,2026-02-14 12:00:00,35016.0
2026-02-14T12,CAR,Carolinas,DF,Day-ahead demand forecast,32980,megawatthours,2026-02-14 12:00:00,32980.0
2026-02-14T12,CAR,Carolinas,NG,Net generation,33198,megawatthours,2026-02-14 12:00:00,33198.0
2026-02-14T12,CAR,Carolinas,TI,Total interchange,-1855,megawatthours,2026-02-14 12:00:00,-1855.0
2026-02-14T11,CAR,Carolinas,D,Demand,33524,megawatthours,2026-02-14 11:00:00,33524.0
2026-02-14T11,CAR,Carolinas,DF,Day-ahead demand forecast,31493,megawatthours,2026-02-14 11:00:00,31493.0
2026-02-14T11,CAR,Carolinas,NG,Net generation,31918,megawatthours,2026-02-14 11:00:00,31918.0
2026-02-14T11,CAR,Carolinas,TI,Total interchange,-1643,megawatthours,2026-02-14 11:00:00,-1643.0
2026-02-14T10,CAR,Carolinas,D,Demand,32133,megawatthours,2026-02-14 10:00:00,32133.0
2026-02-14T10,CAR,Carolinas,DF,Day-ahead demand forecast,30224,megawatthours,2026-02-14 10:00:00,30224.0
2026-02-14T10,CAR,Carolinas,NG,Net generation,30600,megawatthours,2026-02-14 10:00:00,30600.0
2026-02-14T10,CAR,Carolinas,TI,Total interchange,-1569,megawatthours,2026-02-14 10:00:00,-1569.0
2026-02-14T09,CAR,Carolinas,D,Demand,31198,megawatthours,2026-02-14 09:00:00,31198.0
2026-02-14T09,CAR,Carolinas,DF,Day-ahead demand forecast,29375,megawatthours,2026-02-14 09:00:00,29375.0
2026-02-14T09,CAR,Carolinas,NG,Net generation,29427,megawatthours,2026-02-14 09:00:00,29427.0
2026-02-14T09,CAR,Carolinas,TI,Total interchange,-1802,megawatthours,2026-02-14 09:00:00,-1802.0
2026-02-14T08,CAR,Carolinas,D,Demand,30364,megawatthours,2026-02-14 08:00:00,30364.0
2026-02-14T08,CAR,Carolinas,DF,Day-ahead demand forecast,28811,megawatthours,2026-02-14 08:00:00,28811.0
2026-02-14T08,CAR,Carolinas,NG,Net generation,28706,megawatthours,2026-02-14 08:00:00,28706.0
2026-02-14T08,CAR,Carolinas,TI,Total interchange,-1688,megawatthours,2026-02-14 08:00:00,-1688.0
2026-02-14T07,CAR,Carolinas,D,Demand,29836,megawatthours,2026-02-14 07:00:00,29836.0
2026-02-14T07,CAR,Carolinas,DF,Day-ahead demand forecast,28375,megawatthours,2026-02-14 07:00:00,28375.0
2026-02-14T07,CAR,Carolinas,NG,Net generation,28119,megawatthours,2026-02-14 07:00:00,28119.0
2026-02-14T07,CAR,Carolinas,TI,Total interchange,-1745,megawatthours,2026-02-14 07:00:00,-1745.0
2026-02-14T06,CAR,Carolinas,D,Demand,29437,megawatthours,2026-02-14 06:00:00,29437.0
2026-02-14T06,CAR,Carolinas,DF,Day-ahead demand forecast,28230,megawatthours,2026-02-14 06:00:00,28230.0
2026-02-14T06,CAR,Carolinas,NG,Net generation,28389,megawatthours,2026-02-14 06:00:00,28389.0
2026-02-14T06,CAR,Carolinas,TI,Total interchange,-1077,megawatthours,2026-02-14 06:00:00,-1077.0
2026-02-14T05,CAR,Carolinas,D,Demand,29448,megawatthours,2026-02-14 05:00:00,29448.0
2026-02-14T05,CAR,Carolinas,DF,Day-ahead demand forecast,28027,megawatthours,2026-02-14 05:00:00,28027.0
2026-02-14T05,CAR,Carolinas,NG,Net generation,28809,megawatthours,2026-02-14 05:00:00,28809.0
2026-02-14T05,CAR,Carolinas,TI,Total interchange,-670,megawatthours,2026-02-14 05:00:00,-670.0
2026-02-14T04,CAR,Carolinas,D,Demand,29665,megawatthours,2026-02-14 04:00:00,29665.0
2026-02-14T04,CAR,Carolinas,DF,Day-ahead demand forecast,28447,megawatthours,2026-02-14 04:00:00,28447.0
2026-02-14T04,CAR,Carolinas,NG,Net generation,28957,megawatthours,2026-02-14 04:00:00,28957.0
2026-02-14T04,CAR,Carolinas,TI,Total interchange,-739,megawatthours,2026-02-14 04:00:00,-739.0
2026-02-14T03,CAR,Carolinas,D,Demand,29644,megawatthours,2026-02-14 03:00:00,29644.0
2026-02-14T03,CAR,Carolinas,DF,Day-ahead demand forecast,28789,megawatthours,2026-02-14 03:00:00,28789.0
2026-02-14T03,CAR,Carolinas,NG,Net generation,28756,megawatthours,2026-02-14 03:00:00,28756.0
2026-02-14T03,CAR,Carolinas,TI,Total interchange,-918,megawatthours,2026-02-14 03:00:00,-918.0
2026-02-14T02,CAR,Carolinas,D,Demand,29192,megawatthours,2026-02-14 02:00:00,29192.0
2026-02-14T02,CAR,Carolinas,DF,Day-ahead demand forecast,28881,megawatthours,2026-02-14 02:00:00,28881.0
2026-02-14T02,CAR,Carolinas,NG,Net generation,28411,megawatthours,2026-02-14 02:00:00,28411.0
2026-02-14T02,CAR,Carolinas,TI,Total interchange,-812,megawatthours,2026-02-14 02:00:00,-812.0
2026-02-14T01,CAR,Carolinas,D,Demand,28612,megawatthours,2026-02-14 01:00:00,28612.0
2026-02-14T01,CAR,Carolinas,DF,Day-ahead demand forecast,28624,megawatthours,2026-02-14 01:00:00,28624.0
2026-02-14T01,CAR,Carolinas,NG,Net generation,27963,megawatthours,2026-02-14 01:00:00,27963.0
2026-02-14T01,CAR,Carolinas,TI,Total interchange,-682,megawatthours,2026-02-14 01:00:00,-682.0
2026-02-14T00,CAR,Carolinas,D,Demand,27464,megawatthours,2026-02-14 00:00:00,27464.0
2026-02-14T00,CAR,Carolinas,DF,Day-ahead demand forecast,27685,megawatthours,2026-02-14 00:00:00,27685.0
2026-02-14T00,CAR,Carolinas,NG,Net generation,27008,megawatthours,2026-02-14 00:00:00,27008.0
2026-02-14T00,CAR,Carolinas,TI,Total interchange,-489,megawatthours,2026-02-14 00:00:00,-489.0
2026-02-13T23,CAR,Carolinas,D,Demand,25386,megawatthours,2026-02-13 23:00:00,25386.0
2026-02-13T23,CAR,Carolinas,DF,Day-ahead demand forecast,25735,megawatthours,2026-02-13 23:00:00,25735.0
2026-02-13T23,CAR,Carolinas,NG,Net generation,25166,megawatthours,2026-02-13 23:00:00,25166.0
2026-02-13T23,CAR,Carolinas,TI,Total interchange,-250,megawatthours,2026-02-13 23:00:00,-250.0
2026-02-13T22,CAR,Carolinas,D,Demand,24225,megawatthours,2026-02-13 22:00:00,24225.0
2026-02-13T22,CAR,Carolinas,DF,Day-ahead demand forecast,24197,megawatthours,2026-02-13 22:00:00,24197.0
2026-02-13T22,CAR,Carolinas,NG,Net generation,23929,megawatthours,2026-02-13 22:00:00,23929.0
2026-02-13T22,CAR,Carolinas,TI,Total interchange,-325,megawatthours,2026-02-13 22:00:00,-325.0
2026-02-13T21,CAR,Carolinas,D,Demand,23769,megawatthours,2026-02-13 21:00:00,23769.0
2026-02-13T21,CAR,Carolinas,DF,Day-ahead demand forecast,23531,megawatthours,2026-02-13 21:00:00,23531.0
2026-02-13T21,CAR,Carolinas,NG,Net generation,23571,megawatthours,2026-02-13 21:00:00,23571.0
2026-02-13T21,CAR,Carolinas,TI,Total interchange,-227,megawatthours,2026-02-13 21:00:00,-227.0
2026-02-13T20,CAR,Carolinas,D,Demand,24098,megawatthours,2026-02-13 20:00:00,24098.0
2026-02-13T20,CAR,Carolinas,DF,Day-ahead demand forecast,23672,megawatthours,2026-02-13 20:00:00,23672.0
2026-02-13T20,CAR,Carolinas,NG,Net generation,24128,megawatthours,2026-02-13 20:00:00,24128.0
2026-02-13T20,CAR,Carolinas,TI,Total interchange,2,megawatthours,2026-02-13 20:00:00,2.0
2026-02-13T19,CAR,Carolinas,D,Demand,24950,megawatthours,2026-02-13 19:00:00,24950.0
2026-02-13T19,CAR,Carolinas,DF,Day-ahead demand forecast,24417,megawatthours,2026-02-13 19:00:00,24417.0
2026-02-13T19,CAR,Carolinas,NG,Net generation,24847,megawatthours,2026-02-13 19:00:00,24847.0
2026-02-13T19,CAR,Carolinas,TI,Total interchange,-133,megawatthours,2026-02-13 19:00:00,-133.0
2026-02-13T18,CAR,Carolinas,D,Demand,25830,megawatthours,2026-02-13 18:00:00,25830.0
2026-02-13T18,CAR,Carolinas,DF,Day-ahead demand forecast,25434,megawatthours,2026-02-13 18:00:00,25434.0
2026-02-13T18,CAR,Carolinas,NG,Net generation,25713,megawatthours,2026-02-13 18:00:00,25713.0
2026-02-13T18,CAR,Carolinas,TI,Total interchange,-146,megawatthours,2026-02-13 18:00:00,-146.0
2026-02-13T17,CAR,Carolinas,D,Demand,27231,megawatthours,2026-02-13 17:00:00,27231.0
2026-02-13T17,CAR,Carolinas,DF,Day-ahead demand forecast,26992,megawatthours,2026-02-13 17:00:00,26992.0
2026-02-13T17,CAR,Carolinas,NG,Net generation,27005,megawatthours,2026-02-13 17:00:00,27005.0
2026-02-13T17,CAR,Carolinas,TI,Total interchange,-256,megawatthours,2026-02-13 17:00:00,-256.0
2026-02-13T16,CAR,Carolinas,D,Demand,28916,megawatthours,2026-02-13 16:00:00,28916.0
2026-02-13T16,CAR,Carolinas,DF,Day-ahead demand forecast,29085,megawatthours,2026-02-13 16:00:00,29085.0
2026-02-13T16,CAR,Carolinas,NG,Net generation,28439,megawatthours,2026-02-13 16:00:00,28439.0
2026-02-13T16,CAR,Carolinas,TI,Total interchange,-510,megawatthours,2026-02-13 16:00:00,-510.0
2026-02-13T15,CAR,Carolinas,D,Demand,31314,megawatthours,2026-02-13 15:00:00,31314.0
2026-02-13T15,CAR,Carolinas,DF,Day-ahead demand forecast,31720,megawatthours,2026-02-13 15:00:00,31720.0
2026-02-13T15,CAR,Carolinas,NG,Net generation,30719,megawatthours,2026-02-13 15:00:00,30719.0
2026-02-13T15,CAR,Carolinas,TI,Total interchange,-631,megawatthours,2026-02-13 15:00:00,-631.0
2026-02-13T14,CAR,Carolinas,D,Demand,34369,megawatthours,2026-02-13 14:00:00,34369.0
2026-02-13T14,CAR,Carolinas,DF,Day-ahead demand forecast,34259,megawatthours,2026-02-13 14:00:00,34259.0
2026-02-13T14,CAR,Carolinas,NG,Net generation,33819,megawatthours,2026-02-13 14:00:00,33819.0
2026-02-13T14,CAR,Carolinas,TI,Total interchange,-586,megawatthours,2026-02-13 14:00:00,-586.0
2026-02-13T13,CAR,Carolinas,D,Demand,35901,megawatthours,2026-02-13 13:00:00,35901.0
2026-02-13T13,CAR,Carolinas,DF,Day-ahead demand forecast,35214,megawatthours,2026-02-13 13:00:00,35214.0
2026-02-13T13,CAR,Carolinas,NG,Net generation,35357,megawatthours,2026-02-13 13:00:00,35357.0
2026-02-13T13,CAR,Carolinas,TI,Total interchange,-581,megawatthours,2026-02-13 13:00:00,-581.0
2026-02-13T12,CAR,Carolinas,D,Demand,34473,megawatthours,2026-02-13 12:00:00,34473.0
2026-02-13T12,CAR,Carolinas,DF,Day-ahead demand forecast,33937,megawatthours,2026-02-13 12:00:00,33937.0
2026-02-13T12,CAR,Carolinas,NG,Net generation,34073,megawatthours,2026-02-13 12:00:00,34073.0
2026-02-13T12,CAR,Carolinas,TI,Total interchange,-437,megawatthours,2026-02-13 12:00:00,-437.0
2026-02-13T11,CAR,Carolinas,D,Demand,31721,megawatthours,2026-02-13 11:00:00,31721.0
2026-02-13T11,CAR,Carolinas,DF,Day-ahead demand forecast,31320,megawatthours,2026-02-13 11:00:00,31320.0
2026-02-13T11,CAR,Carolinas,NG,Net generation,31389,megawatthours,2026-02-13 11:00:00,31389.0
2026-02-13T11,CAR,Carolinas,TI,Total interchange,-363,megawatthours,2026-02-13 11:00:00,-363.0
2026-02-13T10,CAR,Carolinas,D,Demand,29408,megawatthours,2026-02-13 10:00:00,29408.0
2026-02-13T10,CAR,Carolinas,DF,Day-ahead demand forecast,29264,megawatthours,2026-02-13 10:00:00,29264.0
2026-02-13T10,CAR,Carolinas,NG,Net generation,29125,megawatthours,2026-02-13 10:00:00,29125.0
2026-02-13T10,CAR,Carolinas,TI,Total interchange,-315,megawatthours,2026-02-13 10:00:00,-315.0
2026-02-13T09,CAR,Carolinas,D,Demand,28192,megawatthours,2026-02-13 09:00:00,28192.0
2026-02-13T09,CAR,Carolinas,DF,Day-ahead demand forecast,28067,megawatthours,2026-02-13 09:00:00,28067.0
2026-02-13T09,CAR,Carolinas,NG,Net generation,27685,megawatthours,2026-02-13 09:00:00,27685.0
2026-02-13T09,CAR,Carolinas,TI,Total interchange,-538,megawatthours,2026-02-13 09:00:00,-538.0
2026-02-13T08,CAR,Carolinas,D,Demand,27420,megawatthours,2026-02-13 08:00:00,27420.0
2026-02-13T08,CAR,Carolinas,DF,Day-ahead demand forecast,27306,megawatthours,2026-02-13 08:00:00,27306.0
2026-02-13T08,CAR,Carolinas,NG,Net generation,26900,megawatthours,2026-02-13 08:00:00,26900.0
2026-02-13T08,CAR,Carolinas,TI,Total interchange,-546,megawatthours,2026-02-13 08:00:00,-546.0
2026-02-13T07,CAR,Carolinas,D,Demand,27189,megawatthours,2026-02-13 07:00:00,27189.0
2026-02-13T07,CAR,Carolinas,DF,Day-ahead demand forecast,26944,megawatthours,2026-02-13 07:00:00,26944.0
2026-02-13T07,CAR,Carolinas,NG,Net generation,26881,megawatthours,2026-02-13 07:00:00,26881.0
2026-02-13T07,CAR,Carolinas,TI,Total interchange,-336,megawatthours,2026-02-13 07:00:00,-336.0
2026-02-13T06,CAR,Carolinas,D,Demand,27037,megawatthours,2026-02-13 06:00:00,27037.0
2026-02-13T06,CAR,Carolinas,DF,Day-ahead demand forecast,26731,megawatthours,2026-02-13 06:00:00,26731.0
2026-02-13T06,CAR,Carolinas,NG,Net generation,26788,megawatthours,2026-02-13 06:00:00,26788.0
2026-02-13T06,CAR,Carolinas,TI,Total interchange,-277,megawatthours,2026-02-13 06:00:00,-277.0
2026-02-13T05,CAR,Carolinas,D,Demand,27393,megawatthours,2026-02-13 05:00:00,27393.0
2026-02-13T05,CAR,Carolinas,DF,Day-ahead demand forecast,27118,megawatthours,2026-02-13 05:00:00,27118.0
2026-02-13T05,CAR,Carolinas,NG,Net generation,27174,megawatthours,2026-02-13 05:00:00,27174.0
2026-02-13T05,CAR,Carolinas,TI,Total interchange,-246,megawatthours,2026-02-13 05:00:00,-246.0
2026-02-13T04,CAR,Carolinas,D,Demand,28202,megawatthours,2026-02-13 04:00:00,28202.0
2026-02-13T04,CAR,Carolinas,DF,Day-ahead demand forecast,27823,megawatthours,2026-02-13 04:00:00,27823.0
2026-02-13T04,CAR,Carolinas,NG,Net generation,27995,megawatthours,2026-02-13 04:00:00,27995.0
2026-02-13T04,CAR,Carolinas,TI,Total interchange,-236,megawatthours,2026-02-13 04:00:00,-236.0
2026-02-13T03,CAR,Carolinas,D,Demand,28978,megawatthours,2026-02-13 03:00:00,28978.0
2026-02-13T03,CAR,Carolinas,DF,Day-ahead demand forecast,28637,megawatthours,2026-02-13 03:00:00,28637.0
2026-02-13T03,CAR,Carolinas,NG,Net generation,28767,megawatthours,2026-02-13 03:00:00,28767.0
2026-02-13T03,CAR,Carolinas,TI,Total interchange,-245,megawatthours,2026-02-13 03:00:00,-245.0
2026-02-13T02,CAR,Carolinas,D,Demand,29246,megawatthours,2026-02-13 02:00:00,29246.0
2026-02-13T02,CAR,Carolinas,DF,Day-ahead demand forecast,29050,megawatthours,2026-02-13 02:00:00,29050.0
2026-02-13T02,CAR,Carolinas,NG,Net generation,29154,megawatthours,2026-02-13 02:00:00,29154.0
2026-02-13T02,CAR,Carolinas,TI,Total interchange,-128,megawatthours,2026-02-13 02:00:00,-128.0
2026-02-13T01,CAR,Carolinas,D,Demand,28913,megawatthours,2026-02-13 01:00:00,28913.0
2026-02-13T01,CAR,Carolinas,DF,Day-ahead demand forecast,28932,megawatthours,2026-02-13 01:00:00,28932.0
2026-02-13T01,CAR,Carolinas,NG,Net generation,28895,megawatthours,2026-02-13 01:00:00,28895.0
2026-02-13T01,CAR,Carolinas,TI,Total interchange,-52,megawatthours,2026-02-13 01:00:00,-52.0
2026-02-13T00,CAR,Carolinas,D,Demand,28054,megawatthours,2026-02-13 00:00:00,28054.0
2026-02-13T00,CAR,Carolinas,DF,Day-ahead demand forecast,28002,megawatthours,2026-02-13 00:00:00,28002.0
2026-02-13T00,CAR,Carolinas,NG,Net generation,28064,megawatthours,2026-02-13 00:00:00,28064.0
2026-02-13T00,CAR,Carolinas,TI,Total interchange,-28,megawatthours,2026-02-13 00:00:00,-28.0
2026-02-12T23,CAR,Carolinas,D,Demand,26004,megawatthours,2026-02-12 23:00:00,26004.0
2026-02-12T23,CAR,Carolinas,DF,Day-ahead demand forecast,26130,megawatthours,2026-02-12 23:00:00,26130.0
2026-02-12T23,CAR,Carolinas,NG,Net generation,26293,megawatthours,2026-02-12 23:00:00,26293.0
2026-02-12T23,CAR,Carolinas,TI,Total interchange,256,megawatthours,2026-02-12 23:00:00,256.0
2026-02-12T22,CAR,Carolinas,D,Demand,24812,megawatthours,2026-02-12 22:00:00,24812.0
2026-02-12T22,CAR,Carolinas,DF,Day-ahead demand forecast,24667,megawatthours,2026-02-12 22:00:00,24667.0
2026-02-12T22,CAR,Carolinas,NG,Net generation,25130,megawatthours,2026-02-12 22:00:00,25130.0
2026-02-12T22,CAR,Carolinas,TI,Total interchange,286,megawatthours,2026-02-12 22:00:00,286.0
2026-02-12T21,CAR,Carolinas,D,Demand,24221,megawatthours,2026-02-12 21:00:00,24221.0
2026-02-12T21,CAR,Carolinas,DF,Day-ahead demand forecast,24090,megawatthours,2026-02-12 21:00:00,24090.0
2026-02-12T21,CAR,Carolinas,NG,Net generation,24526,megawatthours,2026-02-12 21:00:00,24526.0
2026-02-12T21,CAR,Carolinas,TI,Total interchange,285,megawatthours,2026-02-12 21:00:00,285.0
2026-02-12T20,CAR,Carolinas,D,Demand,24301,megawatthours,2026-02-12 20:00:00,24301.0
2026-02-12T20,CAR,Carolinas,DF,Day-ahead demand forecast,24218,megawatthours,2026-02-12 20:00:00,24218.0
2026-02-12T20,CAR,Carolinas,NG,Net generation,24684,megawatthours,2026-02-12 20:00:00,24684.0
2026-02-12T20,CAR,Carolinas,TI,Total interchange,375,megawatthours,2026-02-12 20:00:00,375.0
2026-02-12T19,CAR,Carolinas,D,Demand,24886,megawatthours,2026-02-12 19:00:00,24886.0
2026-02-12T19,CAR,Carolinas,DF,Day-ahead demand forecast,24755,megawatthours,2026-02-12 19:00:00,24755.0
2026-02-12T19,CAR,Carolinas,NG,Net generation,25132,megawatthours,2026-02-12 19:00:00,25132.0
2026-02-12T19,CAR,Carolinas,TI,Total interchange,218,megawatthours,2026-02-12 19:00:00,218.0
2026-02-12T18,CAR,Carolinas,D,Demand,25502,megawatthours,2026-02-12 18:00:00,25502.0
2026-02-12T18,CAR,Carolinas,DF,Day-ahead demand forecast,25500,megawatthours,2026-02-12 18:00:00,25500.0
2026-02-12T18,CAR,Carolinas,NG,Net generation,25865,megawatthours,2026-02-12 18:00:00,25865.0
2026-02-12T18,CAR,Carolinas,TI,Total interchange,333,megawatthours,2026-02-12 18:00:00,333.0
2026-02-12T17,CAR,Carolinas,D,Demand,26452,megawatthours,2026-02-12 17:00:00,26452.0
2026-02-12T17,CAR,Carolinas,DF,Day-ahead demand forecast,26673,megawatthours,2026-02-12 17:00:00,26673.0
2026-02-12T17,CAR,Carolinas,NG,Net generation,26431,megawatthours,2026-02-12 17:00:00,26431.0
2026-02-12T17,CAR,Carolinas,TI,Total interchange,-51,megawatthours,2026-02-12 17:00:00,-51.0
2026-02-12T16,CAR,Carolinas,D,Demand,27647,megawatthours,2026-02-12 16:00:00,27647.0
2026-02-12T16,CAR,Carolinas,DF,Day-ahead demand forecast,28151,megawatthours,2026-02-12 16:00:00,28151.0
2026-02-12T16,CAR,Carolinas,NG,Net generation,27427,megawatthours,2026-02-12 16:00:00,27427.0
2026-02-12T16,CAR,Carolinas,TI,Total interchange,-250,megawatthours,2026-02-12 16:00:00,-250.0
2026-02-12T15,CAR,Carolinas,D,Demand,29354,megawatthours,2026-02-12 15:00:00,29354.0
2026-02-12T15,CAR,Carolinas,DF,Day-ahead demand forecast,30027,megawatthours,2026-02-12 15:00:00,30027.0
2026-02-12T15,CAR,Carolinas,NG,Net generation,28933,megawatthours,2026-02-12 15:00:00,28933.0
2026-02-12T15,CAR,Carolinas,TI,Total interchange,-453,megawatthours,2026-02-12 15:00:00,-453.0
2026-02-12T14,CAR,Carolinas,D,Demand,31833,megawatthours,2026-02-12 14:00:00,31833.0
2026-02-12T14,CAR,Carolinas,DF,Day-ahead demand forecast,31820,megawatthours,2026-02-12 14:00:00,31820.0
2026-02-12T14,CAR,Carolinas,NG,Net generation,31231,megawatthours,2026-02-12 14:00:00,31231.0
2026-02-12T14,CAR,Carolinas,TI,Total interchange,-636,megawatthours,2026-02-12 14:00:00,-636.0
2026-02-12T13,CAR,Carolinas,D,Demand,33263,megawatthours,2026-02-12 13:00:00,33263.0
2026-02-12T13,CAR,Carolinas,DF,Day-ahead demand forecast,32419,megawatthours,2026-02-12 13:00:00,32419.0
2026-02-12T13,CAR,Carolinas,NG,Net generation,32517,megawatthours,2026-02-12 13:00:00,32517.0
2026-02-12T13,CAR,Carolinas,TI,Total interchange,-778,megawatthours,2026-02-12 13:00:00,-778.0
2026-02-12T12,CAR,Carolinas,D,Demand,31616,megawatthours,2026-02-12 12:00:00,31616.0
2026-02-12T12,CAR,Carolinas,DF,Day-ahead demand forecast,30790,megawatthours,2026-02-12 12:00:00,30790.0
2026-02-12T12,CAR,Carolinas,NG,Net generation,30974,megawatthours,2026-02-12 12:00:00,30974.0
2026-02-12T12,CAR,Carolinas,TI,Total interchange,-673,megawatthours,2026-02-12 12:00:00,-673.0
2026-02-12T11,CAR,Carolinas,D,Demand,28288,megawatthours,2026-02-12 11:00:00,28288.0
2026-02-12T11,CAR,Carolinas,DF,Day-ahead demand forecast,27877,megawatthours,2026-02-12 11:00:00,27877.0
2026-02-12T11,CAR,Carolinas,NG,Net generation,27816,megawatthours,2026-02-12 11:00:00,27816.0
2026-02-12T11,CAR,Carolinas,TI,Total interchange,-498,megawatthours,2026-02-12 11:00:00,-498.0
2026-02-12T10,CAR,Carolinas,D,Demand,25978,megawatthours,2026-02-12 10:00:00,25978.0
2026-02-12T10,CAR,Carolinas,DF,Day-ahead demand forecast,25581,megawatthours,2026-02-12 10:00:00,25581.0
2026-02-12T10,CAR,Carolinas,NG,Net generation,25618,megawatthours,2026-02-12 10:00:00,25618.0
2026-02-12T10,CAR,Carolinas,TI,Total interchange,-386,megawatthours,2026-02-12 10:00:00,-386.0
2026-02-12T09,CAR,Carolinas,D,Demand,24493,megawatthours,2026-02-12 09:00:00,24493.0
2026-02-12T09,CAR,Carolinas,DF,Day-ahead demand forecast,24241,megawatthours,2026-02-12 09:00:00,24241.0
2026-02-12T09,CAR,Carolinas,NG,Net generation,24347,megawatthours,2026-02-12 09:00:00,24347.0
2026-02-12T09,CAR,Carolinas,TI,Total interchange,-168,megawatthours,2026-02-12 09:00:00,-168.0
2026-02-12T08,CAR,Carolinas,D,Demand,23869,megawatthours,2026-02-12 08:00:00,23869.0
2026-02-12T08,CAR,Carolinas,DF,Day-ahead demand forecast,23576,megawatthours,2026-02-12 08:00:00,23576.0
2026-02-12T08,CAR,Carolinas,NG,Net generation,23689,megawatthours,2026-02-12 08:00:00,23689.0
2026-02-12T08,CAR,Carolinas,TI,Total interchange,-206,megawatthours,2026-02-12 08:00:00,-206.0
2026-02-12T07,CAR,Carolinas,D,Demand,23485,megawatthours,2026-02-12 07:00:00,23485.0
2026-02-12T07,CAR,Carolinas,DF,Day-ahead demand forecast,23259,megawatthours,2026-02-12 07:00:00,23259.0
2026-02-12T07,CAR,Carolinas,NG,Net generation,23347,megawatthours,2026-02-12 07:00:00,23347.0
2026-02-12T07,CAR,Carolinas,TI,Total interchange,-161,megawatthours,2026-02-12 07:00:00,-161.0
2026-02-12T06,CAR,Carolinas,D,Demand,23365,megawatthours,2026-02-12 06:00:00,23365.0
2026-02-12T06,CAR,Carolinas,DF,Day-ahead demand forecast,23179,megawatthours,2026-02-12 06:00:00,23179.0
2026-02-12T06,CAR,Carolinas,NG,Net generation,23042,megawatthours,2026-02-12 06:00:00,23042.0
2026-02-12T06,CAR,Carolinas,TI,Total interchange,-348,megawatthours,2026-02-12 06:00:00,-348.0
2026-02-12T05,CAR,Carolinas,D,Demand,23739,megawatthours,2026-02-12 05:00:00,23739.0
2026-02-12T05,CAR,Carolinas,DF,Day-ahead demand forecast,12490,megawatthours,2026-02-12 05:00:00,12490.0
2026-02-12T05,CAR,Carolinas,NG,Net generation,23556,megawatthours,2026-02-12 05:00:00,23556.0
2026-02-12T05,CAR,Carolinas,TI,Total interchange,-208,megawatthours,2026-02-12 05:00:00,-208.0
2026-02-12T04,CAR,Carolinas,D,Demand,24716,megawatthours,2026-02-12 04:00:00,24716.0
2026-02-12T04,CAR,Carolinas,DF,Day-ahead demand forecast,12884,megawatthours,2026-02-12 04:00:00,12884.0
2026-02-12T04,CAR,Carolinas,NG,Net generation,24552,megawatthours,2026-02-12 04:00:00,24552.0
2026-02-12T04,CAR,Carolinas,TI,Total interchange,-190,megawatthours,2026-02-12 04:00:00,-190.0
2026-02-12T03,CAR,Carolinas,D,Demand,25628,megawatthours,2026-02-12 03:00:00,25628.0
2026-02-12T03,CAR,Carolinas,DF,Day-ahead demand forecast,13325,megawatthours,2026-02-12 03:00:00,13325.0
2026-02-12T03,CAR,Carolinas,NG,Net generation,25940,megawatthours,2026-02-12 03:00:00,25940.0
2026-02-12T03,CAR,Carolinas,TI,Total interchange,279,megawatthours,2026-02-12 03:00:00,279.0
2026-02-12T02,CAR,Carolinas,D,Demand,26138,megawatthours,2026-02-12 02:00:00,26138.0
2026-02-12T02,CAR,Carolinas,DF,Day-ahead demand forecast,13554,megawatthours,2026-02-12 02:00:00,13554.0
2026-02-12T02,CAR,Carolinas,NG,Net generation,26236,megawatthours,2026-02-12 02:00:00,26236.0
2026-02-12T02,CAR,Carolinas,TI,Total interchange,63,megawatthours,2026-02-12 02:00:00,63.0
2026-02-12T01,CAR,Carolinas,D,Demand,26150,megawatthours,2026-02-12 01:00:00,26150.0
2026-02-12T01,CAR,Carolinas,DF,Day-ahead demand forecast,13578,megawatthours,2026-02-12 01:00:00,13578.0
2026-02-12T01,CAR,Carolinas,NG,Net generation,26256,megawatthours,2026-02-12 01:00:00,26256.0
2026-02-12T01,CAR,Carolinas,TI,Total interchange,70,megawatthours,2026-02-12 01:00:00,70.0
2026-02-12T00,CAR,Carolinas,D,Demand,25631,megawatthours,2026-02-12 00:00:00,25631.0
2026-02-12T00,CAR,Carolinas,DF,Day-ahead demand forecast,13220,megawatthours,2026-02-12 00:00:00,13220.0
2026-02-12T00,CAR,Carolinas,NG,Net generation,25517,megawatthours,2026-02-12 00:00:00,25517.0
2026-02-12T00,CAR,Carolinas,TI,Total interchange,-148,megawatthours,2026-02-12 00:00:00,-148.0
2026-02-11T23,CAR,Carolinas,D,Demand,24017,megawatthours,2026-02-11 23:00:00,24017.0
2026-02-11T23,CAR,Carolinas,DF,Day-ahead demand forecast,12419,megawatthours,2026-02-11 23:00:00,12419.0
2026-02-11T23,CAR,Carolinas,NG,Net generation,23927,megawatthours,2026-02-11 23:00:00,23927.0
2026-02-11T23,CAR,Carolinas,TI,Total interchange,-127,megawatthours,2026-02-11 23:00:00,-127.0
2026-02-11T22,CAR,Carolinas,D,Demand,22976,megawatthours,2026-02-11 22:00:00,22976.0
2026-02-11T22,CAR,Carolinas,DF,Day-ahead demand forecast,11750,megawatthours,2026-02-11 22:00:00,11750.0
2026-02-11T22,CAR,Carolinas,NG,Net generation,22924,megawatthours,2026-02-11 22:00:00,22924.0
2026-02-11T22,CAR,Carolinas,TI,Total interchange,-84,megawatthours,2026-02-11 22:00:00,-84.0
2026-02-11T21,CAR,Carolinas,D,Demand,22485,megawatthours,2026-02-11 21:00:00,22485.0
2026-02-11T21,CAR,Carolinas,DF,Day-ahead demand forecast,11419,megawatthours,2026-02-11 21:00:00,11419.0
2026-02-11T21,CAR,Carolinas,NG,Net generation,22348,megawatthours,2026-02-11 21:00:00,22348.0
2026-02-11T21,CAR,Carolinas,TI,Total interchange,-169,megawatthours,2026-02-11 21:00:00,-169.0
2026-02-11T20,CAR,Carolinas,D,Demand,22496,megawatthours,2026-02-11 20:00:00,22496.0
2026-02-11T20,CAR,Carolinas,DF,Day-ahead demand forecast,11365,megawatthours,2026-02-11 20:00:00,11365.0
2026-02-11T20,CAR,Carolinas,NG,Net generation,22445,megawatthours,2026-02-11 20:00:00,22445.0
2026-02-11T20,CAR,Carolinas,TI,Total interchange,-79,megawatthours,2026-02-11 20:00:00,-79.0
2026-02-11T19,CAR,Carolinas,D,Demand,22938,megawatthours,2026-02-11 19:00:00,22938.0
2026-02-11T19,CAR,Carolinas,DF,Day-ahead demand forecast,11497,megawatthours,2026-02-11 19:00:00,11497.0
2026-02-11T19,CAR,Carolinas,NG,Net generation,22845,megawatthours,2026-02-11 19:00:00,22845.0
2026-02-11T19,CAR,Carolinas,TI,Total interchange,-115,megawatthours,2026-02-11 19:00:00,-115.0
2026-02-11T18,CAR,Carolinas,D,Demand,23361,megawatthours,2026-02-11 18:00:00,23361.0
2026-02-11T18,CAR,Carolinas,DF,Day-ahead demand forecast,11675,megawatthours,2026-02-11 18:00:00,11675.0
2026-02-11T18,CAR,Carolinas,NG,Net generation,23393,megawatthours,2026-02-11 18:00:00,23393.0
2026-02-11T18,CAR,Carolinas,TI,Total interchange,6,megawatthours,2026-02-11 18:00:00,6.0
2026-02-11T17,CAR,Carolinas,D,Demand,23877,megawatthours,2026-02-11 17:00:00,23877.0
2026-02-11T17,CAR,Carolinas,DF,Day-ahead demand forecast,11877,megawatthours,2026-02-11 17:00:00,11877.0
2026-02-11T17,CAR,Carolinas,NG,Net generation,23824,megawatthours,2026-02-11 17:00:00,23824.0
2026-02-11T17,CAR,Carolinas,TI,Total interchange,-80,megawatthours,2026-02-11 17:00:00,-80.0
2026-02-11T16,CAR,Carolinas,D,Demand,24183,megawatthours,2026-02-11 16:00:00,24183.0
2026-02-11T16,CAR,Carolinas,DF,Day-ahead demand forecast,12118,megawatthours,2026-02-11 16:00:00,12118.0
2026-02-11T16,CAR,Carolinas,NG,Net generation,24132,megawatthours,2026-02-11 16:00:00,24132.0
2026-02-11T16,CAR,Carolinas,TI,Total interchange,-76,megawatthours,2026-02-11 16:00:00,-76.0
2026-02-11T15,CAR,Carolinas,D,Demand,24389,megawatthours,2026-02-11 15:00:00,24389.0
2026-02-11T15,CAR,Carolinas,DF,Day-ahead demand forecast,12405,megawatthours,2026-02-11 15:00:00,12405.0
2026-02-11T15,CAR,Carolinas,NG,Net generation,24268,megawatthours,2026-02-11 15:00:00,24268.0
2026-02-11T15,CAR,Carolinas,TI,Total interchange,-153,megawatthours,2026-02-11 15:00:00,-153.0
2026-02-11T14,CAR,Carolinas,D,Demand,24627,megawatthours,2026-02-11 14:00:00,24627.0
2026-02-11T14,CAR,Carolinas,DF,Day-ahead demand forecast,12783,megawatthours,2026-02-11 14:00:00,12783.0
2026-02-11T14,CAR,Carolinas,NG,Net generation,24565,megawatthours,2026-02-11 14:00:00,24565.0
2026-02-11T14,CAR,Carolinas,TI,Total interchange,-93,megawatthours,2026-02-11 14:00:00,-93.0
2026-02-11T13,CAR,Carolinas,D,Demand,24595,megawatthours,2026-02-11 13:00:00,24595.0
2026-02-11T13,CAR,Carolinas,DF,Day-ahead demand forecast,12994,megawatthours,2026-02-11 13:00:00,12994.0
2026-02-11T13,CAR,Carolinas,NG,Net generation,24774,megawatthours,2026-02-11 13:00:00,24774.0
2026-02-11T13,CAR,Carolinas,TI,Total interchange,147,megawatthours,2026-02-11 13:00:00,147.0
2026-02-11T12,CAR,Carolinas,D,Demand,23616,megawatthours,2026-02-11 12:00:00,23616.0
2026-02-11T12,CAR,Carolinas,DF,Day-ahead demand forecast,12517,megawatthours,2026-02-11 12:00:00,12517.0
2026-02-11T12,CAR,Carolinas,NG,Net generation,23652,megawatthours,2026-02-11 12:00:00,23652.0
2026-02-11T12,CAR,Carolinas,TI,Total interchange,7,megawatthours,2026-02-11 12:00:00,7.0
2026-02-11T11,CAR,Carolinas,D,Demand,21474,megawatthours,2026-02-11 11:00:00,21474.0
2026-02-11T11,CAR,Carolinas,DF,Day-ahead demand forecast,11541,megawatthours,2026-02-11 11:00:00,11541.0
2026-02-11T11,CAR,Carolinas,NG,Net generation,21437,megawatthours,2026-02-11 11:00:00,21437.0
2026-02-11T11,CAR,Carolinas,TI,Total interchange,-63,megawatthours,2026-02-11 11:00:00,-63.0
2026-02-11T10,CAR,Carolinas,D,Demand,20191,megawatthours,2026-02-11 10:00:00,20191.0
2026-02-11T10,CAR,Carolinas,DF,Day-ahead demand forecast,10810,megawatthours,2026-02-11 10:00:00,10810.0
2026-02-11T10,CAR,Carolinas,NG,Net generation,20266,megawatthours,2026-02-11 10:00:00,20266.0
2026-02-11T10,CAR,Carolinas,TI,Total interchange,49,megawatthours,2026-02-11 10:00:00,49.0
2026-02-11T09,CAR,Carolinas,D,Demand,19726,megawatthours,2026-02-11 09:00:00,19726.0
2026-02-11T09,CAR,Carolinas,DF,Day-ahead demand forecast,10626,megawatthours,2026-02-11 09:00:00,10626.0
2026-02-11T09,CAR,Carolinas,NG,Net generation,19852,megawatthours,2026-02-11 09:00:00,19852.0
2026-02-11T09,CAR,Carolinas,TI,Total interchange,103,megawatthours,2026-02-11 09:00:00,103.0
2026-02-11T08,CAR,Carolinas,D,Demand,19757,megawatthours,2026-02-11 08:00:00,19757.0
2026-02-11T08,CAR,Carolinas,DF,Day-ahead demand forecast,10667,megawatthours,2026-02-11 08:00:00,10667.0
2026-02-11T08,CAR,Carolinas,NG,Net generation,19956,megawatthours,2026-02-11 08:00:00,19956.0
2026-02-11T08,CAR,Carolinas,TI,Total interchange,173,megawatthours,2026-02-11 08:00:00,173.0
2026-02-11T07,CAR,Carolinas,D,Demand,20147,megawatthours,2026-02-11 07:00:00,20147.0
2026-02-11T07,CAR,Carolinas,DF,Day-ahead demand forecast,10841,megawatthours,2026-02-11 07:00:00,10841.0
2026-02-11T07,CAR,Carolinas,NG,Net generation,20302,megawatthours,2026-02-11 07:00:00,20302.0
2026-02-11T07,CAR,Carolinas,TI,Total interchange,129,megawatthours,2026-02-11 07:00:00,129.0
2026-02-11T06,CAR,Carolinas,D,Demand,20751,megawatthours,2026-02-11 06:00:00,20751.0
2026-02-11T06,CAR,Carolinas,DF,Day-ahead demand forecast,11263,megawatthours,2026-02-11 06:00:00,11263.0
2026-02-11T06,CAR,Carolinas,NG,Net generation,21021,megawatthours,2026-02-11 06:00:00,21021.0
2026-02-11T06,CAR,Carolinas,TI,Total interchange,246,megawatthours,2026-02-11 06:00:00,246.0
2026-02-11T05,CAR,Carolinas,D,Demand,21754,megawatthours,2026-02-11 05:00:00,21754.0
2026-02-11T05,CAR,Carolinas,DF,Day-ahead demand forecast,17696,megawatthours,2026-02-11 05:00:00,17696.0
2026-02-11T05,CAR,Carolinas,NG,Net generation,21883,megawatthours,2026-02-11 05:00:00,21883.0
2026-02-11T05,CAR,Carolinas,TI,Total interchange,103,megawatthours,2026-02-11 05:00:00,103.0
2026-02-11T04,CAR,Carolinas,D,Demand,23223,megawatthours,2026-02-11 04:00:00,23223.0
2026-02-11T04,CAR,Carolinas,DF,Day-ahead demand forecast,18328,megawatthours,2026-02-11 04:00:00,18328.0
2026-02-11T04,CAR,Carolinas,NG,Net generation,23356,megawatthours,2026-02-11 04:00:00,23356.0
2026-02-11T04,CAR,Carolinas,TI,Total interchange,103,megawatthours,2026-02-11 04:00:00,103.0
2026-02-11T03,CAR,Carolinas,D,Demand,24651,megawatthours,2026-02-11 03:00:00,24651.0
2026-02-11T03,CAR,Carolinas,DF,Day-ahead demand forecast,19056,megawatthours,2026-02-11 03:00:00,19056.0
2026-02-11T03,CAR,Carolinas,NG,Net generation,24635,megawatthours,2026-02-11 03:00:00,24635.0
2026-02-11T03,CAR,Carolinas,TI,Total interchange,-47,megawatthours,2026-02-11 03:00:00,-47.0
2026-02-11T02,CAR,Carolinas,D,Demand,25634,megawatthours,2026-02-11 02:00:00,25634.0
2026-02-11T02,CAR,Carolinas,DF,Day-ahead demand forecast,19564,megawatthours,2026-02-11 02:00:00,19564.0
2026-02-11T02,CAR,Carolinas,NG,Net generation,25649,megawatthours,2026-02-11 02:00:00,25649.0
2026-02-11T02,CAR,Carolinas,TI,Total interchange,-17,megawatthours,2026-02-11 02:00:00,-17.0
2026-02-11T01,CAR,Carolinas,D,Demand,26029,megawatthours,2026-02-11 01:00:00,26029.0
2026-02-11T01,CAR,Carolinas,DF,Day-ahead demand forecast,19767,megawatthours,2026-02-11 01:00:00,19767.0
2026-02-11T01,CAR,Carolinas,NG,Net generation,25914,megawatthours,2026-02-11 01:00:00,25914.0
2026-02-11T01,CAR,Carolinas,TI,Total interchange,-149,megawatthours,2026-02-11 01:00:00,-149.0
2026-02-11T00,CAR,Carolinas,D,Demand,25805,megawatthours,2026-02-11 00:00:00,25805.0
2026-02-11T00,CAR,Carolinas,DF,Day-ahead demand forecast,19381,megawatthours,2026-02-11 00:00:00,19381.0
2026-02-11T00,CAR,Carolinas,NG,Net generation,25837,megawatthours,2026-02-11 00:00:00,25837.0
2026-02-11T00,CAR,Carolinas,TI,Total interchange,-2,megawatthours,2026-02-11 00:00:00,-2.0
2026-02-10T23,CAR,Carolinas,D,Demand,24240,megawatthours,2026-02-10 23:00:00,24240.0
2026-02-10T23,CAR,Carolinas,DF,Day-ahead demand forecast,18388,megawatthours,2026-02-10 23:00:00,18388.0
2026-02-10T23,CAR,Carolinas,NG,Net generation,24093,megawatthours,2026-02-10 23:00:00,24093.0
2026-02-10T23,CAR,Carolinas,TI,Total interchange,-178,megawatthours,2026-02-10 23:00:00,-178.0
2026-02-10T22,CAR,Carolinas,D,Demand,23401,megawatthours,2026-02-10 22:00:00,23401.0
2026-02-10T22,CAR,Carolinas,DF,Day-ahead demand forecast,17644,megawatthours,2026-02-10 22:00:00,17644.0
2026-02-10T22,CAR,Carolinas,NG,Net generation,23231,megawatthours,2026-02-10 22:00:00,23231.0
2026-02-10T22,CAR,Carolinas,TI,Total interchange,-201,megawatthours,2026-02-10 22:00:00,-201.0
2026-02-10T21,CAR,Carolinas,D,Demand,23159,megawatthours,2026-02-10 21:00:00,23159.0
2026-02-10T21,CAR,Carolinas,DF,Day-ahead demand forecast,17441,megawatthours,2026-02-10 21:00:00,17441.0
2026-02-10T21,CAR,Carolinas,NG,Net generation,23122,megawatthours,2026-02-10 21:00:00,23122.0
2026-02-10T21,CAR,Carolinas,TI,Total interchange,-67,megawatthours,2026-02-10 21:00:00,-67.0
2026-02-10T20,CAR,Carolinas,D,Demand,23264,megawatthours,2026-02-10 20:00:00,23264.0
2026-02-10T20,CAR,Carolinas,DF,Day-ahead demand forecast,17631,megawatthours,2026-02-10 20:00:00,17631.0
2026-02-10T20,CAR,Carolinas,NG,Net generation,23294,megawatthours,2026-02-10 20:00:00,23294.0
2026-02-10T20,CAR,Carolinas,TI,Total interchange,0,megawatthours,2026-02-10 20:00:00,0.0
2026-02-10T19,CAR,Carolinas,D,Demand,23799,megawatthours,2026-02-10 19:00:00,23799.0
2026-02-10T19,CAR,Carolinas,DF,Day-ahead demand forecast,18080,megawatthours,2026-02-10 19:00:00,18080.0
2026-02-10T19,CAR,Carolinas,NG,Net generation,23722,megawatthours,2026-02-10 19:00:00,23722.0
2026-02-10T19,CAR,Carolinas,TI,Total interchange,-107,megawatthours,2026-02-10 19:00:00,-107.0
2026-02-10T18,CAR,Carolinas,D,Demand,24671,megawatthours,2026-02-10 18:00:00,24671.0
2026-02-10T18,CAR,Carolinas,DF,Day-ahead demand forecast,18634,megawatthours,2026-02-10 18:00:00,18634.0
2026-02-10T18,CAR,Carolinas,NG,Net generation,24722,megawatthours,2026-02-10 18:00:00,24722.0
2026-02-10T18,CAR,Carolinas,TI,Total interchange,19,megawatthours,2026-02-10 18:00:00,19.0
2026-02-10T17,CAR,Carolinas,D,Demand,26091,megawatthours,2026-02-10 17:00:00,26091.0
2026-02-10T17,CAR,Carolinas,DF,Day-ahead demand forecast,19439,megawatthours,2026-02-10 17:00:00,19439.0
2026-02-10T17,CAR,Carolinas,NG,Net generation,25862,megawatthours,2026-02-10 17:00:00,25862.0
2026-02-10T17,CAR,Carolinas,TI,Total interchange,-261,megawatthours,2026-02-10 17:00:00,-261.0
2026-02-10T16,CAR,Carolinas,D,Demand,28253,megawatthours,2026-02-10 16:00:00,28253.0
2026-02-10T16,CAR,Carolinas,DF,Day-ahead demand forecast,20533,megawatthours,2026-02-10 16:00:00,20533.0
2026-02-10T16,CAR,Carolinas,NG,Net generation,27545,megawatthours,2026-02-10 16:00:00,27545.0
2026-02-10T16,CAR,Carolinas,TI,Total interchange,-740,megawatthours,2026-02-10 16:00:00,-740.0
2026-02-10T15,CAR,Carolinas,D,Demand,31527,megawatthours,2026-02-10 15:00:00,31527.0
2026-02-10T15,CAR,Carolinas,DF,Day-ahead demand forecast,21755,megawatthours,2026-02-10 15:00:00,21755.0
2026-02-10T15,CAR,Carolinas,NG,Net generation,30184,megawatthours,2026-02-10 15:00:00,30184.0
2026-02-10T15,CAR,Carolinas,TI,Total interchange,-1384,megawatthours,2026-02-10 15:00:00,-1384.0
2026-02-10T14,CAR,Carolinas,D,Demand,35583,megawatthours,2026-02-10 14:00:00,35583.0
2026-02-10T14,CAR,Carolinas,DF,Day-ahead demand forecast,22839,megawatthours,2026-02-10 14:00:00,22839.0
2026-02-10T14,CAR,Carolinas,NG,Net generation,33839,megawatthours,2026-02-10 14:00:00,33839.0
2026-02-10T14,CAR,Carolinas,TI,Total interchange,-1782,megawatthours,2026-02-10 14:00:00,-1782.0
2026-02-10T13,CAR,Carolinas,D,Demand,37962,megawatthours,2026-02-10 13:00:00,37962.0
2026-02-10T13,CAR,Carolinas,DF,Day-ahead demand forecast,23203,megawatthours,2026-02-10 13:00:00,23203.0
2026-02-10T13,CAR,Carolinas,NG,Net generation,36101,megawatthours,2026-02-10 13:00:00,36101.0
2026-02-10T13,CAR,Carolinas,TI,Total interchange,-1894,megawatthours,2026-02-10 13:00:00,-1894.0
2026-02-10T12,CAR,Carolinas,D,Demand,37208,megawatthours,2026-02-10 12:00:00,37208.0
2026-02-10T12,CAR,Carolinas,DF,Day-ahead demand forecast,22335,megawatthours,2026-02-10 12:00:00,22335.0
2026-02-10T12,CAR,Carolinas,NG,Net generation,35217,megawatthours,2026-02-10 12:00:00,35217.0
2026-02-10T12,CAR,Carolinas,TI,Total interchange,-2022,megawatthours,2026-02-10 12:00:00,-2022.0
2026-02-10T11,CAR,Carolinas,D,Demand,34510,megawatthours,2026-02-10 11:00:00,34510.0
2026-02-10T11,CAR,Carolinas,DF,Day-ahead demand forecast,20675,megawatthours,2026-02-10 11:00:00,20675.0
2026-02-10T11,CAR,Carolinas,NG,Net generation,32893,megawatthours,2026-02-10 11:00:00,32893.0
2026-02-10T11,CAR,Carolinas,TI,Total interchange,-1648,megawatthours,2026-02-10 11:00:00,-1648.0
2026-02-10T10,CAR,Carolinas,D,Demand,32620,megawatthours,2026-02-10 10:00:00,32620.0
2026-02-10T10,CAR,Carolinas,DF,Day-ahead demand forecast,19252,megawatthours,2026-02-10 10:00:00,19252.0
2026-02-10T10,CAR,Carolinas,NG,Net generation,31233,megawatthours,2026-02-10 10:00:00,31233.0
2026-02-10T10,CAR,Carolinas,TI,Total interchange,-1414,megawatthours,2026-02-10 10:00:00,-1414.0
2026-02-10T09,CAR,Carolinas,D,Demand,31415,megawatthours,2026-02-10 09:00:00,31415.0
2026-02-10T09,CAR,Carolinas,DF,Day-ahead demand forecast,18688,megawatthours,2026-02-10 09:00:00,18688.0
2026-02-10T09,CAR,Carolinas,NG,Net generation,30016,megawatthours,2026-02-10 09:00:00,30016.0
2026-02-10T09,CAR,Carolinas,TI,Total interchange,-1421,megawatthours,2026-02-10 09:00:00,-1421.0
2026-02-10T08,CAR,Carolinas,D,Demand,30886,megawatthours,2026-02-10 08:00:00,30886.0
2026-02-10T08,CAR,Carolinas,DF,Day-ahead demand forecast,18400,megawatthours,2026-02-10 08:00:00,18400.0
2026-02-10T08,CAR,Carolinas,NG,Net generation,29472,megawatthours,2026-02-10 08:00:00,29472.0
2026-02-10T08,CAR,Carolinas,TI,Total interchange,-1437,megawatthours,2026-02-10 08:00:00,-1437.0
2026-02-10T07,CAR,Carolinas,D,Demand,30634,megawatthours,2026-02-10 07:00:00,30634.0
2026-02-10T07,CAR,Carolinas,DF,Day-ahead demand forecast,18298,megawatthours,2026-02-10 07:00:00,18298.0
2026-02-10T07,CAR,Carolinas,NG,Net generation,29108,megawatthours,2026-02-10 07:00:00,29108.0
2026-02-10T07,CAR,Carolinas,TI,Total interchange,-1547,megawatthours,2026-02-10 07:00:00,-1547.0
2026-02-10T06,CAR,Carolinas,D,Demand,30455,megawatthours,2026-02-10 06:00:00,30455.0
2026-02-10T06,CAR,Carolinas,DF,Day-ahead demand forecast,18486,megawatthours,2026-02-10 06:00:00,18486.0
2026-02-10T06,CAR,Carolinas,NG,Net generation,28403,megawatthours,2026-02-10 06:00:00,28403.0
2026-02-10T06,CAR,Carolinas,TI,Total interchange,-2074,megawatthours,2026-02-10 06:00:00,-2074.0
2026-02-10T05,CAR,Carolinas,D,Demand,30813,megawatthours,2026-02-10 05:00:00,30813.0
2026-02-10T05,CAR,Carolinas,DF,Day-ahead demand forecast,19190,megawatthours,2026-02-10 05:00:00,19190.0
2026-02-10T05,CAR,Carolinas,NG,Net generation,28147,megawatthours,2026-02-10 05:00:00,28147.0
2026-02-10T05,CAR,Carolinas,TI,Total interchange,-2690,megawatthours,2026-02-10 05:00:00,-2690.0
2026-02-10T04,CAR,Carolinas,D,Demand,31603,megawatthours,2026-02-10 04:00:00,31603.0
2026-02-10T04,CAR,Carolinas,DF,Day-ahead demand forecast,19872,megawatthours,2026-02-10 04:00:00,19872.0
2026-02-10T04,CAR,Carolinas,NG,Net generation,28887,megawatthours,2026-02-10 04:00:00,28887.0
2026-02-10T04,CAR,Carolinas,TI,Total interchange,-2740,megawatthours,2026-02-10 04:00:00,-2740.0
2026-02-10T03,CAR,Carolinas,D,Demand,32668,megawatthours,2026-02-10 03:00:00,32668.0
2026-02-10T03,CAR,Carolinas,DF,Day-ahead demand forecast,20523,megawatthours,2026-02-10 03:00:00,20523.0
2026-02-10T03,CAR,Carolinas,NG,Net generation,29707,megawatthours,2026-02-10 03:00:00,29707.0
2026-02-10T03,CAR,Carolinas,TI,Total interchange,-2987,megawatthours,2026-02-10 03:00:00,-2987.0
2026-02-10T02,CAR,Carolinas,D,Demand,33034,megawatthours,2026-02-10 02:00:00,33034.0
2026-02-10T02,CAR,Carolinas,DF,Day-ahead demand forecast,20978,megawatthours,2026-02-10 02:00:00,20978.0
2026-02-10T02,CAR,Carolinas,NG,Net generation,30121,megawatthours,2026-02-10 02:00:00,30121.0
2026-02-10T02,CAR,Carolinas,TI,Total interchange,-2940,megawatthours,2026-02-10 02:00:00,-2940.0
2026-02-10T01,CAR,Carolinas,D,Demand,32826,megawatthours,2026-02-10 01:00:00,32826.0
2026-02-10T01,CAR,Carolinas,DF,Day-ahead demand forecast,21101,megawatthours,2026-02-10 01:00:00,21101.0
2026-02-10T01,CAR,Carolinas,NG,Net generation,29964,megawatthours,2026-02-10 01:00:00,29964.0
2026-02-10T01,CAR,Carolinas,TI,Total interchange,-2891,megawatthours,2026-02-10 01:00:00,-2891.0
2026-02-10T00,CAR,Carolinas,D,Demand,31795,megawatthours,2026-02-10 00:00:00,31795.0
2026-02-10T00,CAR,Carolinas,DF,Day-ahead demand forecast,20612,megawatthours,2026-02-10 00:00:00,20612.0
2026-02-10T00,CAR,Carolinas,NG,Net generation,28874,megawatthours,2026-02-10 00:00:00,28874.0
2026-02-10T00,CAR,Carolinas,TI,Total interchange,-2947,megawatthours,2026-02-10 00:00:00,-2947.0
2026-02-09T23,CAR,Carolinas,D,Demand,29425,megawatthours,2026-02-09 23:00:00,29425.0
2026-02-09T23,CAR,Carolinas,DF,Day-ahead demand forecast,19393,megawatthours,2026-02-09 23:00:00,19393.0
2026-02-09T23,CAR,Carolinas,NG,Net generation,26653,megawatthours,2026-02-09 23:00:00,26653.0
2026-02-09T23,CAR,Carolinas,TI,Total interchange,-2799,megawatthours,2026-02-09 23:00:00,-2799.0
2026-02-09T22,CAR,Carolinas,D,Demand,27969,megawatthours,2026-02-09 22:00:00,27969.0
2026-02-09T22,CAR,Carolinas,DF,Day-ahead demand forecast,18471,megawatthours,2026-02-09 22:00:00,18471.0
2026-02-09T22,CAR,Carolinas,NG,Net generation,25343,megawatthours,2026-02-09 22:00:00,25343.0
2026-02-09T22,CAR,Carolinas,TI,Total interchange,-2651,megawatthours,2026-02-09 22:00:00,-2651.0
2026-02-09T21,CAR,Carolinas,D,Demand,27416,megawatthours,2026-02-09 21:00:00,27416.0
2026-02-09T21,CAR,Carolinas,DF,Day-ahead demand forecast,18213,megawatthours,2026-02-09 21:00:00,18213.0
2026-02-09T21,CAR,Carolinas,NG,Net generation,24753,megawatthours,2026-02-09 21:00:00,24753.0
2026-02-09T21,CAR,Carolinas,TI,Total interchange,-2685,megawatthours,2026-02-09 21:00:00,-2685.0
2026-02-09T20,CAR,Carolinas,D,Demand,27737,megawatthours,2026-02-09 20:00:00,27737.0
2026-02-09T20,CAR,Carolinas,DF,Day-ahead demand forecast,18436,megawatthours,2026-02-09 20:00:00,18436.0
2026-02-09T20,CAR,Carolinas,NG,Net generation,25321,megawatthours,2026-02-09 20:00:00,25321.0
2026-02-09T20,CAR,Carolinas,TI,Total interchange,-2439,megawatthours,2026-02-09 20:00:00,-2439.0
2026-02-09T19,CAR,Carolinas,D,Demand,28722,megawatthours,2026-02-09 19:00:00,28722.0
2026-02-09T19,CAR,Carolinas,DF,Day-ahead demand forecast,18979,megawatthours,2026-02-09 19:00:00,18979.0
2026-02-09T19,CAR,Carolinas,NG,Net generation,26167,megawatthours,2026-02-09 19:00:00,26167.0
2026-02-09T19,CAR,Carolinas,TI,Total interchange,-2579,megawatthours,2026-02-09 19:00:00,-2579.0
2026-02-09T18,CAR,Carolinas,D,Demand,30340,megawatthours,2026-02-09 18:00:00,30340.0
2026-02-09T18,CAR,Carolinas,DF,Day-ahead demand forecast,19721,megawatthours,2026-02-09 18:00:00,19721.0
2026-02-09T18,CAR,Carolinas,NG,Net generation,27789,megawatthours,2026-02-09 18:00:00,27789.0
2026-02-09T18,CAR,Carolinas,TI,Total interchange,-2576,megawatthours,2026-02-09 18:00:00,-2576.0
2026-02-09T17,CAR,Carolinas,D,Demand,32534,megawatthours,2026-02-09 17:00:00,32534.0
2026-02-09T17,CAR,Carolinas,DF,Day-ahead demand forecast,20647,megawatthours,2026-02-09 17:00:00,20647.0
2026-02-09T17,CAR,Carolinas,NG,Net generation,29818,megawatthours,2026-02-09 17:00:00,29818.0
2026-02-09T17,CAR,Carolinas,TI,Total interchange,-2742,megawatthours,2026-02-09 17:00:00,-2742.0
2026-02-09T16,CAR,Carolinas,D,Demand,34566,megawatthours,2026-02-09 16:00:00,34566.0
2026-02-09T16,CAR,Carolinas,DF,Day-ahead demand forecast,21804,megawatthours,2026-02-09 16:00:00,21804.0
2026-02-09T16,CAR,Carolinas,NG,Net generation,31659,megawatthours,2026-02-09 16:00:00,31659.0
2026-02-09T16,CAR,Carolinas,TI,Total interchange,-2935,megawatthours,2026-02-09 16:00:00,-2935.0
2026-02-09T15,CAR,Carolinas,D,Demand,37019,megawatthours,2026-02-09 15:00:00,37019.0
2026-02-09T15,CAR,Carolinas,DF,Day-ahead demand forecast,23136,megawatthours,2026-02-09 15:00:00,23136.0
2026-02-09T15,CAR,Carolinas,NG,Net generation,33680,megawatthours,2026-02-09 15:00:00,33680.0
2026-02-09T15,CAR,Carolinas,TI,Total interchange,-3371,megawatthours,2026-02-09 15:00:00,-3371.0
2026-02-09T14,CAR,Carolinas,D,Demand,39653,megawatthours,2026-02-09 14:00:00,39653.0
2026-02-09T14,CAR,Carolinas,DF,Day-ahead demand forecast,24354,megawatthours,2026-02-09 14:00:00,24354.0
2026-02-09T14,CAR,Carolinas,NG,Net generation,35945,megawatthours,2026-02-09 14:00:00,35945.0
2026-02-09T14,CAR,Carolinas,TI,Total interchange,-3734,megawatthours,2026-02-09 14:00:00,-3734.0
2026-02-09T13,CAR,Carolinas,D,Demand,40887,megawatthours,2026-02-09 13:00:00,40887.0
2026-02-09T13,CAR,Carolinas,DF,Day-ahead demand forecast,24690,megawatthours,2026-02-09 13:00:00,24690.0
2026-02-09T13,CAR,Carolinas,NG,Net generation,37357,megawatthours,2026-02-09 13:00:00,37357.0
2026-02-09T13,CAR,Carolinas,TI,Total interchange,-3552,megawatthours,2026-02-09 13:00:00,-3552.0
2026-02-09T12,CAR,Carolinas,D,Demand,39786,megawatthours,2026-02-09 12:00:00,39786.0
2026-02-09T12,CAR,Carolinas,DF,Day-ahead demand forecast,23695,megawatthours,2026-02-09 12:00:00,23695.0
2026-02-09T12,CAR,Carolinas,NG,Net generation,36084,megawatthours,2026-02-09 12:00:00,36084.0
2026-02-09T12,CAR,Carolinas,TI,Total interchange,-3723,megawatthours,2026-02-09 12:00:00,-3723.0
2026-02-09T11,CAR,Carolinas,D,Demand,37273,megawatthours,2026-02-09 11:00:00,37273.0
2026-02-09T11,CAR,Carolinas,DF,Day-ahead demand forecast,21999,megawatthours,2026-02-09 11:00:00,21999.0
2026-02-09T11,CAR,Carolinas,NG,Net generation,33568,megawatthours,2026-02-09 11:00:00,33568.0
2026-02-09T11,CAR,Carolinas,TI,Total interchange,-3725,megawatthours,2026-02-09 11:00:00,-3725.0
2026-02-09T10,CAR,Carolinas,D,Demand,35358,megawatthours,2026-02-09 10:00:00,35358.0
2026-02-09T10,CAR,Carolinas,DF,Day-ahead demand forecast,20634,megawatthours,2026-02-09 10:00:00,20634.0
2026-02-09T10,CAR,Carolinas,NG,Net generation,32091,megawatthours,2026-02-09 10:00:00,32091.0
2026-02-09T10,CAR,Carolinas,TI,Total interchange,-3286,megawatthours,2026-02-09 10:00:00,-3286.0
2026-02-09T09,CAR,Carolinas,D,Demand,34294,megawatthours,2026-02-09 09:00:00,34294.0
2026-02-09T09,CAR,Carolinas,DF,Day-ahead demand forecast,19917,megawatthours,2026-02-09 09:00:00,19917.0
2026-02-09T09,CAR,Carolinas,NG,Net generation,31220,megawatthours,2026-02-09 09:00:00,31220.0
2026-02-09T09,CAR,Carolinas,TI,Total interchange,-3096,megawatthours,2026-02-09 09:00:00,-3096.0
2026-02-09T08,CAR,Carolinas,D,Demand,33628,megawatthours,2026-02-09 08:00:00,33628.0
2026-02-09T08,CAR,Carolinas,DF,Day-ahead demand forecast,19547,megawatthours,2026-02-09 08:00:00,19547.0
2026-02-09T08,CAR,Carolinas,NG,Net generation,30641,megawatthours,2026-02-09 08:00:00,30641.0
2026-02-09T08,CAR,Carolinas,TI,Total interchange,-3013,megawatthours,2026-02-09 08:00:00,-3013.0
2026-02-09T07,CAR,Carolinas,D,Demand,33245,megawatthours,2026-02-09 07:00:00,33245.0
2026-02-09T07,CAR,Carolinas,DF,Day-ahead demand forecast,19381,megawatthours,2026-02-09 07:00:00,19381.0
2026-02-09T07,CAR,Carolinas,NG,Net generation,30258,megawatthours,2026-02-09 07:00:00,30258.0
2026-02-09T07,CAR,Carolinas,TI,Total interchange,-3009,megawatthours,2026-02-09 07:00:00,-3009.0
2026-02-09T06,CAR,Carolinas,D,Demand,33141,megawatthours,2026-02-09 06:00:00,33141.0
2026-02-09T06,CAR,Carolinas,DF,Day-ahead demand forecast,19518,megawatthours,2026-02-09 06:00:00,19518.0
2026-02-09T06,CAR,Carolinas,NG,Net generation,30574,megawatthours,2026-02-09 06:00:00,30574.0
2026-02-09T06,CAR,Carolinas,TI,Total interchange,-2591,megawatthours,2026-02-09 06:00:00,-2591.0
2026-02-09T05,CAR,Carolinas,D,Demand,33649,megawatthours,2026-02-09 05:00:00,33649.0
2026-02-09T05,CAR,Carolinas,DF,Day-ahead demand forecast,19924,megawatthours,2026-02-09 05:00:00,19924.0
2026-02-09T05,CAR,Carolinas,NG,Net generation,31125,megawatthours,2026-02-09 05:00:00,31125.0
2026-02-09T05,CAR,Carolinas,TI,Total interchange,-2546,megawatthours,2026-02-09 05:00:00,-2546.0
2026-02-09T04,CAR,Carolinas,D,Demand,34294,megawatthours,2026-02-09 04:00:00,34294.0
2026-02-09T04,CAR,Carolinas,DF,Day-ahead demand forecast,20431,megawatthours,2026-02-09 04:00:00,20431.0
2026-02-09T04,CAR,Carolinas,NG,Net generation,31774,megawatthours,2026-02-09 04:00:00,31774.0
2026-02-09T04,CAR,Carolinas,TI,Total interchange,-2543,megawatthours,2026-02-09 04:00:00,-2543.0
2026-02-09T03,CAR,Carolinas,D,Demand,34837,megawatthours,2026-02-09 03:00:00,34837.0
2026-02-09T03,CAR,Carolinas,DF,Day-ahead demand forecast,20692,megawatthours,2026-02-09 03:00:00,20692.0
2026-02-09T03,CAR,Carolinas,NG,Net generation,32277,megawatthours,2026-02-09 03:00:00,32277.0
2026-02-09T03,CAR,Carolinas,TI,Total interchange,-2583,megawatthours,2026-02-09 03:00:00,-2583.0
2026-02-09T02,CAR,Carolinas,D,Demand,34785,megawatthours,2026-02-09 02:00:00,34785.0
2026-02-09T02,CAR,Carolinas,DF,Day-ahead demand forecast,20799,megawatthours,2026-02-09 02:00:00,20799.0
2026-02-09T02,CAR,Carolinas,NG,Net generation,32151,megawatthours,2026-02-09 02:00:00,32151.0
2026-02-09T02,CAR,Carolinas,TI,Total interchange,-2655,megawatthours,2026-02-09 02:00:00,-2655.0
2026-02-09T01,CAR,Carolinas,D,Demand,34749,megawatthours,2026-02-09 01:00:00,34749.0
2026-02-09T01,CAR,Carolinas,DF,Day-ahead demand forecast,20711,megawatthours,2026-02-09 01:00:00,20711.0
2026-02-09T01,CAR,Carolinas,NG,Net generation,32135,megawatthours,2026-02-09 01:00:00,32135.0
2026-02-09T01,CAR,Carolinas,TI,Total interchange,-2637,megawatthours,2026-02-09 01:00:00,-2637.0
2026-02-09T00,CAR,Carolinas,D,Demand,34849,megawatthours,2026-02-09 00:00:00,34849.0
2026-02-09T00,CAR,Carolinas,DF,Day-ahead demand forecast,20065,megawatthours,2026-02-09 00:00:00,20065.0
2026-02-09T00,CAR,Carolinas,NG,Net generation,32236,megawatthours,2026-02-09 00:00:00,32236.0
2026-02-09T00,CAR,Carolinas,TI,Total interchange,-2637,megawatthours,2026-02-09 00:00:00,-2637.0
2026-02-08T23,CAR,Carolinas,D,Demand,33625,megawatthours,2026-02-08 23:00:00,33625.0
2026-02-08T23,CAR,Carolinas,DF,Day-ahead demand forecast,18811,megawatthours,2026-02-08 23:00:00,18811.0
2026-02-08T23,CAR,Carolinas,NG,Net generation,31046,megawatthours,2026-02-08 23:00:00,31046.0
2026-02-08T23,CAR,Carolinas,TI,Total interchange,-2601,megawatthours,2026-02-08 23:00:00,-2601.0
2026-02-08T22,CAR,Carolinas,D,Demand,32464,megawatthours,2026-02-08 22:00:00,32464.0
2026-02-08T22,CAR,Carolinas,DF,Day-ahead demand forecast,17744,megawatthours,2026-02-08 22:00:00,17744.0
2026-02-08T22,CAR,Carolinas,NG,Net generation,29935,megawatthours,2026-02-08 22:00:00,29935.0
2026-02-08T22,CAR,Carolinas,TI,Total interchange,-2550,megawatthours,2026-02-08 22:00:00,-2550.0
2026-02-08T21,CAR,Carolinas,D,Demand,31906,megawatthours,2026-02-08 21:00:00,31906.0
2026-02-08T21,CAR,Carolinas,DF,Day-ahead demand forecast,17443,megawatthours,2026-02-08 21:00:00,17443.0
2026-02-08T21,CAR,Carolinas,NG,Net generation,29317,megawatthours,2026-02-08 21:00:00,29317.0
2026-02-08T21,CAR,Carolinas,TI,Total interchange,-2607,megawatthours,2026-02-08 21:00:00,-2607.0
2026-02-08T20,CAR,Carolinas,D,Demand,32026,megawatthours,2026-02-08 20:00:00,32026.0
2026-02-08T20,CAR,Carolinas,DF,Day-ahead demand forecast,17637,megawatthours,2026-02-08 20:00:00,17637.0
2026-02-08T20,CAR,Carolinas,NG,Net generation,29342,megawatthours,2026-02-08 20:00:00,29342.0
2026-02-08T20,CAR,Carolinas,TI,Total interchange,-2705,megawatthours,2026-02-08 20:00:00,-2705.0
2026-02-08T19,CAR,Carolinas,D,Demand,32708,megawatthours,2026-02-08 19:00:00,32708.0
2026-02-08T19,CAR,Carolinas,DF,Day-ahead demand forecast,18206,megawatthours,2026-02-08 19:00:00,18206.0
2026-02-08T19,CAR,Carolinas,NG,Net generation,30025,megawatthours,2026-02-08 19:00:00,30025.0
2026-02-08T19,CAR,Carolinas,TI,Total interchange,-2702,megawatthours,2026-02-08 19:00:00,-2702.0
2026-02-08T18,CAR,Carolinas,D,Demand,33755,megawatthours,2026-02-08 18:00:00,33755.0
2026-02-08T18,CAR,Carolinas,DF,Day-ahead demand forecast,18973,megawatthours,2026-02-08 18:00:00,18973.0
2026-02-08T18,CAR,Carolinas,NG,Net generation,31216,megawatthours,2026-02-08 18:00:00,31216.0
2026-02-08T18,CAR,Carolinas,TI,Total interchange,-2559,megawatthours,2026-02-08 18:00:00,-2559.0
2026-02-08T17,CAR,Carolinas,D,Demand,35046,megawatthours,2026-02-08 17:00:00,35046.0
2026-02-08T17,CAR,Carolinas,DF,Day-ahead demand forecast,19919,megawatthours,2026-02-08 17:00:00,19919.0
2026-02-08T17,CAR,Carolinas,NG,Net generation,32511,megawatthours,2026-02-08 17:00:00,32511.0
2026-02-08T17,CAR,Carolinas,TI,Total interchange,-2556,megawatthours,2026-02-08 17:00:00,-2556.0
2026-02-08T16,CAR,Carolinas,D,Demand,36684,megawatthours,2026-02-08 16:00:00,36684.0
2026-02-08T16,CAR,Carolinas,DF,Day-ahead demand forecast,21152,megawatthours,2026-02-08 16:00:00,21152.0
2026-02-08T16,CAR,Carolinas,NG,Net generation,33971,megawatthours,2026-02-08 16:00:00,33971.0
2026-02-08T16,CAR,Carolinas,TI,Total interchange,-2735,megawatthours,2026-02-08 16:00:00,-2735.0
2026-02-08T15,CAR,Carolinas,D,Demand,38697,megawatthours,2026-02-08 15:00:00,38697.0
2026-02-08T15,CAR,Carolinas,DF,Day-ahead demand forecast,22387,megawatthours,2026-02-08 15:00:00,22387.0
2026-02-08T15,CAR,Carolinas,NG,Net generation,36072,megawatthours,2026-02-08 15:00:00,36072.0
2026-02-08T15,CAR,Carolinas,TI,Total interchange,-2648,megawatthours,2026-02-08 15:00:00,-2648.0
2026-02-08T14,CAR,Carolinas,D,Demand,39800,megawatthours,2026-02-08 14:00:00,39800.0
2026-02-08T14,CAR,Carolinas,DF,Day-ahead demand forecast,23180,megawatthours,2026-02-08 14:00:00,23180.0
2026-02-08T14,CAR,Carolinas,NG,Net generation,37181,megawatthours,2026-02-08 14:00:00,37181.0
2026-02-08T14,CAR,Carolinas,TI,Total interchange,-2644,megawatthours,2026-02-08 14:00:00,-2644.0
2026-02-08T13,CAR,Carolinas,D,Demand,39871,megawatthours,2026-02-08 13:00:00,39871.0
2026-02-08T13,CAR,Carolinas,DF,Day-ahead demand forecast,22994,megawatthours,2026-02-08 13:00:00,22994.0
2026-02-08T13,CAR,Carolinas,NG,Net generation,37117,megawatthours,2026-02-08 13:00:00,37117.0
2026-02-08T13,CAR,Carolinas,TI,Total interchange,-2772,megawatthours,2026-02-08 13:00:00,-2772.0
2026-02-08T12,CAR,Carolinas,D,Demand,38744,megawatthours,2026-02-08 12:00:00,38744.0
2026-02-08T12,CAR,Carolinas,DF,Day-ahead demand forecast,22133,megawatthours,2026-02-08 12:00:00,22133.0
2026-02-08T12,CAR,Carolinas,NG,Net generation,35876,megawatthours,2026-02-08 12:00:00,35876.0
2026-02-08T12,CAR,Carolinas,TI,Total interchange,-2889,megawatthours,2026-02-08 12:00:00,-2889.0
2026-02-08T11,CAR,Carolinas,D,Demand,37514,megawatthours,2026-02-08 11:00:00,37514.0
2026-02-08T11,CAR,Carolinas,DF,Day-ahead demand forecast,21306,megawatthours,2026-02-08 11:00:00,21306.0
2026-02-08T11,CAR,Carolinas,NG,Net generation,34899,megawatthours,2026-02-08 11:00:00,34899.0
2026-02-08T11,CAR,Carolinas,TI,Total interchange,-2634,megawatthours,2026-02-08 11:00:00,-2634.0
2026-02-08T10,CAR,Carolinas,D,Demand,36434,megawatthours,2026-02-08 10:00:00,36434.0
2026-02-08T10,CAR,Carolinas,DF,Day-ahead demand forecast,20560,megawatthours,2026-02-08 10:00:00,20560.0
2026-02-08T10,CAR,Carolinas,NG,Net generation,33842,megawatthours,2026-02-08 10:00:00,33842.0
2026-02-08T10,CAR,Carolinas,TI,Total interchange,-2610,megawatthours,2026-02-08 10:00:00,-2610.0
2026-02-08T09,CAR,Carolinas,D,Demand,35644,megawatthours,2026-02-08 09:00:00,35644.0
2026-02-08T09,CAR,Carolinas,DF,Day-ahead demand forecast,20062,megawatthours,2026-02-08 09:00:00,20062.0
2026-02-08T09,CAR,Carolinas,NG,Net generation,33059,megawatthours,2026-02-08 09:00:00,33059.0
2026-02-08T09,CAR,Carolinas,TI,Total interchange,-2604,megawatthours,2026-02-08 09:00:00,-2604.0
2026-02-08T08,CAR,Carolinas,D,Demand,34992,megawatthours,2026-02-08 08:00:00,34992.0
2026-02-08T08,CAR,Carolinas,DF,Day-ahead demand forecast,19663,megawatthours,2026-02-08 08:00:00,19663.0
2026-02-08T08,CAR,Carolinas,NG,Net generation,32513,megawatthours,2026-02-08 08:00:00,32513.0
2026-02-08T08,CAR,Carolinas,TI,Total interchange,-2504,megawatthours,2026-02-08 08:00:00,-2504.0
2026-02-08T07,CAR,Carolinas,D,Demand,34473,megawatthours,2026-02-08 07:00:00,34473.0
2026-02-08T07,CAR,Carolinas,DF,Day-ahead demand forecast,19469,megawatthours,2026-02-08 07:00:00,19469.0
2026-02-08T07,CAR,Carolinas,NG,Net generation,32138,megawatthours,2026-02-08 07:00:00,32138.0
2026-02-08T07,CAR,Carolinas,TI,Total interchange,-2358,megawatthours,2026-02-08 07:00:00,-2358.0
2026-02-08T06,CAR,Carolinas,D,Demand,34196,megawatthours,2026-02-08 06:00:00,34196.0
2026-02-08T06,CAR,Carolinas,DF,Day-ahead demand forecast,19307,megawatthours,2026-02-08 06:00:00,19307.0
2026-02-08T06,CAR,Carolinas,NG,Net generation,32475,megawatthours,2026-02-08 06:00:00,32475.0
2026-02-08T06,CAR,Carolinas,TI,Total interchange,-1745,megawatthours,2026-02-08 06:00:00,-1745.0
2026-02-08T05,CAR,Carolinas,D,Demand,34181,megawatthours,2026-02-08 05:00:00,34181.0
2026-02-08T05,CAR,Carolinas,DF,Day-ahead demand forecast,19558,megawatthours,2026-02-08 05:00:00,19558.0
2026-02-08T05,CAR,Carolinas,NG,Net generation,32447,megawatthours,2026-02-08 05:00:00,32447.0
2026-02-08T05,CAR,Carolinas,TI,Total interchange,-1759,megawatthours,2026-02-08 05:00:00,-1759.0
2026-02-08T04,CAR,Carolinas,D,Demand,34499,megawatthours,2026-02-08 04:00:00,34499.0
2026-02-08T04,CAR,Carolinas,DF,Day-ahead demand forecast,19731,megawatthours,2026-02-08 04:00:00,19731.0
2026-02-08T04,CAR,Carolinas,NG,Net generation,32714,megawatthours,2026-02-08 04:00:00,32714.0
2026-02-08T04,CAR,Carolinas,TI,Total interchange,-1812,megawatthours,2026-02-08 04:00:00,-1812.0
2026-02-08T03,CAR,Carolinas,D,Demand,34590,megawatthours,2026-02-08 03:00:00,34590.0
2026-02-08T03,CAR,Carolinas,DF,Day-ahead demand forecast,20041,megawatthours,2026-02-08 03:00:00,20041.0
2026-02-08T03,CAR,Carolinas,NG,Net generation,32775,megawatthours,2026-02-08 03:00:00,32775.0
2026-02-08T03,CAR,Carolinas,TI,Total interchange,-1837,megawatthours,2026-02-08 03:00:00,-1837.0
2026-02-08T02,CAR,Carolinas,D,Demand,34404,megawatthours,2026-02-08 02:00:00,34404.0
2026-02-08T02,CAR,Carolinas,DF,Day-ahead demand forecast,20113,megawatthours,2026-02-08 02:00:00,20113.0
2026-02-08T02,CAR,Carolinas,NG,Net generation,32779,megawatthours,2026-02-08 02:00:00,32779.0
2026-02-08T02,CAR,Carolinas,TI,Total interchange,-1651,megawatthours,2026-02-08 02:00:00,-1651.0
2026-02-08T01,CAR,Carolinas,D,Demand,33824,megawatthours,2026-02-08 01:00:00,33824.0
2026-02-08T01,CAR,Carolinas,DF,Day-ahead demand forecast,19953,megawatthours,2026-02-08 01:00:00,19953.0
2026-02-08T01,CAR,Carolinas,NG,Net generation,32503,megawatthours,2026-02-08 01:00:00,32503.0
2026-02-08T01,CAR,Carolinas,TI,Total interchange,-1348,megawatthours,2026-02-08 01:00:00,-1348.0
2026-02-08T00,CAR,Carolinas,D,Demand,32836,megawatthours,2026-02-08 00:00:00,32836.0
2026-02-08T00,CAR,Carolinas,DF,Day-ahead demand forecast,19395,megawatthours,2026-02-08 00:00:00,19395.0
2026-02-08T00,CAR,Carolinas,NG,Net generation,31636,megawatthours,2026-02-08 00:00:00,31636.0
2026-02-08T00,CAR,Carolinas,TI,Total interchange,-1223,megawatthours,2026-02-08 00:00:00,-1223.0
2026-02-07T23,CAR,Carolinas,D,Demand,30199,megawatthours,2026-02-07 23:00:00,30199.0
2026-02-07T23,CAR,Carolinas,DF,Day-ahead demand forecast,18081,megawatthours,2026-02-07 23:00:00,18081.0
2026-02-07T23,CAR,Carolinas,NG,Net generation,29058,megawatthours,2026-02-07 23:00:00,29058.0
2026-02-07T23,CAR,Carolinas,TI,Total interchange,-1166,megawatthours,2026-02-07 23:00:00,-1166.0
2026-02-07T22,CAR,Carolinas,D,Demand,28195,megawatthours,2026-02-07 22:00:00,28195.0
2026-02-07T22,CAR,Carolinas,DF,Day-ahead demand forecast,17256,megawatthours,2026-02-07 22:00:00,17256.0
2026-02-07T22,CAR,Carolinas,NG,Net generation,27020,megawatthours,2026-02-07 22:00:00,27020.0
2026-02-07T22,CAR,Carolinas,TI,Total interchange,-1192,megawatthours,2026-02-07 22:00:00,-1192.0
2026-02-07T21,CAR,Carolinas,D,Demand,27419,megawatthours,2026-02-07 21:00:00,27419.0
2026-02-07T21,CAR,Carolinas,DF,Day-ahead demand forecast,16993,megawatthours,2026-02-07 21:00:00,16993.0
2026-02-07T21,CAR,Carolinas,NG,Net generation,26277,megawatthours,2026-02-07 21:00:00,26277.0
2026-02-07T21,CAR,Carolinas,TI,Total interchange,-1157,megawatthours,2026-02-07 21:00:00,-1157.0
2026-02-07T20,CAR,Carolinas,D,Demand,27431,megawatthours,2026-02-07 20:00:00,27431.0
2026-02-07T20,CAR,Carolinas,DF,Day-ahead demand forecast,17229,megawatthours,2026-02-07 20:00:00,17229.0
2026-02-07T20,CAR,Carolinas,NG,Net generation,26498,megawatthours,2026-02-07 20:00:00,26498.0
2026-02-07T20,CAR,Carolinas,TI,Total interchange,-952,megawatthours,2026-02-07 20:00:00,-952.0
2026-02-07T19,CAR,Carolinas,D,Demand,28006,megawatthours,2026-02-07 19:00:00,28006.0
2026-02-07T19,CAR,Carolinas,DF,Day-ahead demand forecast,17810,megawatthours,2026-02-07 19:00:00,17810.0
2026-02-07T19,CAR,Carolinas,NG,Net generation,27050,megawatthours,2026-02-07 19:00:00,27050.0
2026-02-07T19,CAR,Carolinas,TI,Total interchange,-976,megawatthours,2026-02-07 19:00:00,-976.0
2026-02-07T18,CAR,Carolinas,D,Demand,29024,megawatthours,2026-02-07 18:00:00,29024.0
2026-02-07T18,CAR,Carolinas,DF,Day-ahead demand forecast,18579,megawatthours,2026-02-07 18:00:00,18579.0
2026-02-07T18,CAR,Carolinas,NG,Net generation,27985,megawatthours,2026-02-07 18:00:00,27985.0
2026-02-07T18,CAR,Carolinas,TI,Total interchange,-1059,megawatthours,2026-02-07 18:00:00,-1059.0
2026-02-07T17,CAR,Carolinas,D,Demand,30017,megawatthours,2026-02-07 17:00:00,30017.0
2026-02-07T17,CAR,Carolinas,DF,Day-ahead demand forecast,19472,megawatthours,2026-02-07 17:00:00,19472.0
2026-02-07T17,CAR,Carolinas,NG,Net generation,28905,megawatthours,2026-02-07 17:00:00,28905.0
2026-02-07T17,CAR,Carolinas,TI,Total interchange,-1133,megawatthours,2026-02-07 17:00:00,-1133.0
2026-02-07T16,CAR,Carolinas,D,Demand,31017,megawatthours,2026-02-07 16:00:00,31017.0
2026-02-07T16,CAR,Carolinas,DF,Day-ahead demand forecast,20353,megawatthours,2026-02-07 16:00:00,20353.0
2026-02-07T16,CAR,Carolinas,NG,Net generation,29860,megawatthours,2026-02-07 16:00:00,29860.0
2026-02-07T16,CAR,Carolinas,TI,Total interchange,-1179,megawatthours,2026-02-07 16:00:00,-1179.0
2026-02-07T15,CAR,Carolinas,D,Demand,31994,megawatthours,2026-02-07 15:00:00,31994.0
2026-02-07T15,CAR,Carolinas,DF,Day-ahead demand forecast,21274,megawatthours,2026-02-07 15:00:00,21274.0
2026-02-07T15,CAR,Carolinas,NG,Net generation,30742,megawatthours,2026-02-07 15:00:00,30742.0
2026-02-07T15,CAR,Carolinas,TI,Total interchange,-1271,megawatthours,2026-02-07 15:00:00,-1271.0
2026-02-07T14,CAR,Carolinas,D,Demand,32994,megawatthours,2026-02-07 14:00:00,32994.0
2026-02-07T14,CAR,Carolinas,DF,Day-ahead demand forecast,21793,megawatthours,2026-02-07 14:00:00,21793.0
2026-02-07T14,CAR,Carolinas,NG,Net generation,31748,megawatthours,2026-02-07 14:00:00,31748.0
2026-02-07T14,CAR,Carolinas,TI,Total interchange,-1266,megawatthours,2026-02-07 14:00:00,-1266.0
2026-02-07T13,CAR,Carolinas,D,Demand,32824,megawatthours,2026-02-07 13:00:00,32824.0
2026-02-07T13,CAR,Carolinas,DF,Day-ahead demand forecast,21483,megawatthours,2026-02-07 13:00:00,21483.0
2026-02-07T13,CAR,Carolinas,NG,Net generation,31195,megawatthours,2026-02-07 13:00:00,31195.0
2026-02-07T13,CAR,Carolinas,TI,Total interchange,-1649,megawatthours,2026-02-07 13:00:00,-1649.0
2026-02-07T12,CAR,Carolinas,D,Demand,31417,megawatthours,2026-02-07 12:00:00,31417.0
2026-02-07T12,CAR,Carolinas,DF,Day-ahead demand forecast,20596,megawatthours,2026-02-07 12:00:00,20596.0
2026-02-07T12,CAR,Carolinas,NG,Net generation,29451,megawatthours,2026-02-07 12:00:00,29451.0
2026-02-07T12,CAR,Carolinas,TI,Total interchange,-1987,megawatthours,2026-02-07 12:00:00,-1987.0
2026-02-07T11,CAR,Carolinas,D,Demand,30029,megawatthours,2026-02-07 11:00:00,30029.0
2026-02-07T11,CAR,Carolinas,DF,Day-ahead demand forecast,19717,megawatthours,2026-02-07 11:00:00,19717.0
2026-02-07T11,CAR,Carolinas,NG,Net generation,28291,megawatthours,2026-02-07 11:00:00,28291.0
2026-02-07T11,CAR,Carolinas,TI,Total interchange,-1756,megawatthours,2026-02-07 11:00:00,-1756.0
2026-02-07T10,CAR,Carolinas,D,Demand,29013,megawatthours,2026-02-07 10:00:00,29013.0
2026-02-07T10,CAR,Carolinas,DF,Day-ahead demand forecast,19045,megawatthours,2026-02-07 10:00:00,19045.0
2026-02-07T10,CAR,Carolinas,NG,Net generation,27201,megawatthours,2026-02-07 10:00:00,27201.0
2026-02-07T10,CAR,Carolinas,TI,Total interchange,-1830,megawatthours,2026-02-07 10:00:00,-1830.0
2026-02-07T09,CAR,Carolinas,D,Demand,28224,megawatthours,2026-02-07 09:00:00,28224.0
2026-02-07T09,CAR,Carolinas,DF,Day-ahead demand forecast,18577,megawatthours,2026-02-07 09:00:00,18577.0
2026-02-07T09,CAR,Carolinas,NG,Net generation,26184,megawatthours,2026-02-07 09:00:00,26184.0
2026-02-07T09,CAR,Carolinas,TI,Total interchange,-2058,megawatthours,2026-02-07 09:00:00,-2058.0
2026-02-07T08,CAR,Carolinas,D,Demand,27763,megawatthours,2026-02-07 08:00:00,27763.0
2026-02-07T08,CAR,Carolinas,DF,Day-ahead demand forecast,18297,megawatthours,2026-02-07 08:00:00,18297.0
2026-02-07T08,CAR,Carolinas,NG,Net generation,25913,megawatthours,2026-02-07 08:00:00,25913.0
2026-02-07T08,CAR,Carolinas,TI,Total interchange,-1868,megawatthours,2026-02-07 08:00:00,-1868.0
2026-02-07T07,CAR,Carolinas,D,Demand,27554,megawatthours,2026-02-07 07:00:00,27554.0
2026-02-07T07,CAR,Carolinas,DF,Day-ahead demand forecast,18282,megawatthours,2026-02-07 07:00:00,18282.0
2026-02-07T07,CAR,Carolinas,NG,Net generation,26034,megawatthours,2026-02-07 07:00:00,26034.0
2026-02-07T07,CAR,Carolinas,TI,Total interchange,-1537,megawatthours,2026-02-07 07:00:00,-1537.0
2026-02-07T06,CAR,Carolinas,D,Demand,27638,megawatthours,2026-02-07 06:00:00,27638.0
2026-02-07T06,CAR,Carolinas,DF,Day-ahead demand forecast,18379,megawatthours,2026-02-07 06:00:00,18379.0
2026-02-07T06,CAR,Carolinas,NG,Net generation,26179,megawatthours,2026-02-07 06:00:00,26179.0
2026-02-07T06,CAR,Carolinas,TI,Total interchange,-1478,megawatthours,2026-02-07 06:00:00,-1478.0
2026-02-07T05,CAR,Carolinas,D,Demand,28399,megawatthours,2026-02-07 05:00:00,28399.0
2026-02-07T05,CAR,Carolinas,DF,Day-ahead demand forecast,18746,megawatthours,2026-02-07 05:00:00,18746.0
2026-02-07T05,CAR,Carolinas,NG,Net generation,26197,megawatthours,2026-02-07 05:00:00,26197.0
2026-02-07T05,CAR,Carolinas,TI,Total interchange,-2222,megawatthours,2026-02-07 05:00:00,-2222.0
2026-02-07T04,CAR,Carolinas,D,Demand,29026,megawatthours,2026-02-07 04:00:00,29026.0
2026-02-07T04,CAR,Carolinas,DF,Day-ahead demand forecast,19291,megawatthours,2026-02-07 04:00:00,19291.0
2026-02-07T04,CAR,Carolinas,NG,Net generation,26588,megawatthours,2026-02-07 04:00:00,26588.0
2026-02-07T04,CAR,Carolinas,TI,Total interchange,-2456,megawatthours,2026-02-07 04:00:00,-2456.0
2026-02-07T03,CAR,Carolinas,D,Demand,29839,megawatthours,2026-02-07 03:00:00,29839.0
2026-02-07T03,CAR,Carolinas,DF,Day-ahead demand forecast,19779,megawatthours,2026-02-07 03:00:00,19779.0
2026-02-07T03,CAR,Carolinas,NG,Net generation,27265,megawatthours,2026-02-07 03:00:00,27265.0
2026-02-07T03,CAR,Carolinas,TI,Total interchange,-2595,megawatthours,2026-02-07 03:00:00,-2595.0
2026-02-07T02,CAR,Carolinas,D,Demand,30353,megawatthours,2026-02-07 02:00:00,30353.0
2026-02-07T02,CAR,Carolinas,DF,Day-ahead demand forecast,20074,megawatthours,2026-02-07 02:00:00,20074.0
2026-02-07T02,CAR,Carolinas,NG,Net generation,27691,megawatthours,2026-02-07 02:00:00,27691.0
2026-02-07T02,CAR,Carolinas,TI,Total interchange,-2684,megawatthours,2026-02-07 02:00:00,-2684.0
2026-02-07T01,CAR,Carolinas,D,Demand,30553,megawatthours,2026-02-07 01:00:00,30553.0
2026-02-07T01,CAR,Carolinas,DF,Day-ahead demand forecast,20222,megawatthours,2026-02-07 01:00:00,20222.0
2026-02-07T01,CAR,Carolinas,NG,Net generation,27871,megawatthours,2026-02-07 01:00:00,27871.0
2026-02-07T01,CAR,Carolinas,TI,Total interchange,-2704,megawatthours,2026-02-07 01:00:00,-2704.0
2026-02-07T00,CAR,Carolinas,D,Demand,30466,megawatthours,2026-02-07 00:00:00,30466.0
2026-02-07T00,CAR,Carolinas,DF,Day-ahead demand forecast,19862,megawatthours,2026-02-07 00:00:00,19862.0
2026-02-07T00,CAR,Carolinas,NG,Net generation,28582,megawatthours,2026-02-07 00:00:00,28582.0
2026-02-07T00,CAR,Carolinas,TI,Total interchange,-1902,megawatthours,2026-02-07 00:00:00,-1902.0
2026-02-06T23,CAR,Carolinas,D,Demand,29507,megawatthours,2026-02-06 23:00:00,29507.0
2026-02-06T23,CAR,Carolinas,DF,Day-ahead demand forecast,18809,megawatthours,2026-02-06 23:00:00,18809.0
2026-02-06T23,CAR,Carolinas,NG,Net generation,27905,megawatthours,2026-02-06 23:00:00,27905.0
2026-02-06T23,CAR,Carolinas,TI,Total interchange,-1625,megawatthours,2026-02-06 23:00:00,-1625.0
2026-02-06T22,CAR,Carolinas,D,Demand,28648,megawatthours,2026-02-06 22:00:00,28648.0
2026-02-06T22,CAR,Carolinas,DF,Day-ahead demand forecast,18004,megawatthours,2026-02-06 22:00:00,18004.0
2026-02-06T22,CAR,Carolinas,NG,Net generation,26992,megawatthours,2026-02-06 22:00:00,26992.0
2026-02-06T22,CAR,Carolinas,TI,Total interchange,-1677,megawatthours,2026-02-06 22:00:00,-1677.0
2026-02-06T21,CAR,Carolinas,D,Demand,27912,megawatthours,2026-02-06 21:00:00,27912.0
2026-02-06T21,CAR,Carolinas,DF,Day-ahead demand forecast,17853,megawatthours,2026-02-06 21:00:00,17853.0
2026-02-06T21,CAR,Carolinas,NG,Net generation,26225,megawatthours,2026-02-06 21:00:00,26225.0
2026-02-06T21,CAR,Carolinas,TI,Total interchange,-1705,megawatthours,2026-02-06 21:00:00,-1705.0
2026-02-06T20,CAR,Carolinas,D,Demand,27772,megawatthours,2026-02-06 20:00:00,27772.0
2026-02-06T20,CAR,Carolinas,DF,Day-ahead demand forecast,18231,megawatthours,2026-02-06 20:00:00,18231.0
2026-02-06T20,CAR,Carolinas,NG,Net generation,26052,megawatthours,2026-02-06 20:00:00,26052.0
2026-02-06T20,CAR,Carolinas,TI,Total interchange,-1742,megawatthours,2026-02-06 20:00:00,-1742.0
2026-02-06T19,CAR,Carolinas,D,Demand,28280,megawatthours,2026-02-06 19:00:00,28280.0
2026-02-06T19,CAR,Carolinas,DF,Day-ahead demand forecast,18853,megawatthours,2026-02-06 19:00:00,18853.0
2026-02-06T19,CAR,Carolinas,NG,Net generation,26733,megawatthours,2026-02-06 19:00:00,26733.0
2026-02-06T19,CAR,Carolinas,TI,Total interchange,-1569,megawatthours,2026-02-06 19:00:00,-1569.0
2026-02-06T18,CAR,Carolinas,D,Demand,29670,megawatthours,2026-02-06 18:00:00,29670.0
2026-02-06T18,CAR,Carolinas,DF,Day-ahead demand forecast,19726,megawatthours,2026-02-06 18:00:00,19726.0
2026-02-06T18,CAR,Carolinas,NG,Net generation,27945,megawatthours,2026-02-06 18:00:00,27945.0
2026-02-06T18,CAR,Carolinas,TI,Total interchange,-1748,megawatthours,2026-02-06 18:00:00,-1748.0
2026-02-06T17,CAR,Carolinas,D,Demand,31650,megawatthours,2026-02-06 17:00:00,31650.0
2026-02-06T17,CAR,Carolinas,DF,Day-ahead demand forecast,20877,megawatthours,2026-02-06 17:00:00,20877.0
2026-02-06T17,CAR,Carolinas,NG,Net generation,29906,megawatthours,2026-02-06 17:00:00,29906.0
2026-02-06T17,CAR,Carolinas,TI,Total interchange,-1767,megawatthours,2026-02-06 17:00:00,-1767.0
2026-02-06T16,CAR,Carolinas,D,Demand,34426,megawatthours,2026-02-06 16:00:00,34426.0
2026-02-06T16,CAR,Carolinas,DF,Day-ahead demand forecast,22396,megawatthours,2026-02-06 16:00:00,22396.0
2026-02-06T16,CAR,Carolinas,NG,Net generation,32741,megawatthours,2026-02-06 16:00:00,32741.0
2026-02-06T16,CAR,Carolinas,TI,Total interchange,-1709,megawatthours,2026-02-06 16:00:00,-1709.0
2026-02-06T15,CAR,Carolinas,D,Demand,38200,megawatthours,2026-02-06 15:00:00,38200.0
2026-02-06T15,CAR,Carolinas,DF,Day-ahead demand forecast,24046,megawatthours,2026-02-06 15:00:00,24046.0
2026-02-06T15,CAR,Carolinas,NG,Net generation,35360,megawatthours,2026-02-06 15:00:00,35360.0
2026-02-06T15,CAR,Carolinas,TI,Total interchange,-2870,megawatthours,2026-02-06 15:00:00,-2870.0
2026-02-06T14,CAR,Carolinas,D,Demand,41880,megawatthours,2026-02-06 14:00:00,41880.0
2026-02-06T14,CAR,Carolinas,DF,Day-ahead demand forecast,25391,megawatthours,2026-02-06 14:00:00,25391.0
2026-02-06T14,CAR,Carolinas,NG,Net generation,38171,megawatthours,2026-02-06 14:00:00,38171.0
2026-02-06T14,CAR,Carolinas,TI,Total interchange,-3732,megawatthours,2026-02-06 14:00:00,-3732.0
2026-02-06T13,CAR,Carolinas,D,Demand,43367,megawatthours,2026-02-06 13:00:00,43367.0
2026-02-06T13,CAR,Carolinas,DF,Day-ahead demand forecast,25812,megawatthours,2026-02-06 13:00:00,25812.0
2026-02-06T13,CAR,Carolinas,NG,Net generation,39697,megawatthours,2026-02-06 13:00:00,39697.0
2026-02-06T13,CAR,Carolinas,TI,Total interchange,-3690,megawatthours,2026-02-06 13:00:00,-3690.0
2026-02-06T12,CAR,Carolinas,D,Demand,42289,megawatthours,2026-02-06 12:00:00,42289.0
2026-02-06T12,CAR,Carolinas,DF,Day-ahead demand forecast,24865,megawatthours,2026-02-06 12:00:00,24865.0
2026-02-06T12,CAR,Carolinas,NG,Net generation,38759,megawatthours,2026-02-06 12:00:00,38759.0
2026-02-06T12,CAR,Carolinas,TI,Total interchange,-3554,megawatthours,2026-02-06 12:00:00,-3554.0
2026-02-06T11,CAR,Carolinas,D,Demand,39674,megawatthours,2026-02-06 11:00:00,39674.0
2026-02-06T11,CAR,Carolinas,DF,Day-ahead demand forecast,23222,megawatthours,2026-02-06 11:00:00,23222.0
2026-02-06T11,CAR,Carolinas,NG,Net generation,36051,megawatthours,2026-02-06 11:00:00,36051.0
2026-02-06T11,CAR,Carolinas,TI,Total interchange,-3643,megawatthours,2026-02-06 11:00:00,-3643.0
2026-02-06T10,CAR,Carolinas,D,Demand,37861,megawatthours,2026-02-06 10:00:00,37861.0
2026-02-06T10,CAR,Carolinas,DF,Day-ahead demand forecast,21959,megawatthours,2026-02-06 10:00:00,21959.0
2026-02-06T10,CAR,Carolinas,NG,Net generation,34624,megawatthours,2026-02-06 10:00:00,34624.0
2026-02-06T10,CAR,Carolinas,TI,Total interchange,-3254,megawatthours,2026-02-06 10:00:00,-3254.0
2026-02-06T09,CAR,Carolinas,D,Demand,36537,megawatthours,2026-02-06 09:00:00,36537.0
2026-02-06T09,CAR,Carolinas,DF,Day-ahead demand forecast,21236,megawatthours,2026-02-06 09:00:00,21236.0
2026-02-06T09,CAR,Carolinas,NG,Net generation,33480,megawatthours,2026-02-06 09:00:00,33480.0
2026-02-06T09,CAR,Carolinas,TI,Total interchange,-3077,megawatthours,2026-02-06 09:00:00,-3077.0
2026-02-06T08,CAR,Carolinas,D,Demand,35793,megawatthours,2026-02-06 08:00:00,35793.0
2026-02-06T08,CAR,Carolinas,DF,Day-ahead demand forecast,20804,megawatthours,2026-02-06 08:00:00,20804.0
2026-02-06T08,CAR,Carolinas,NG,Net generation,32845,megawatthours,2026-02-06 08:00:00,32845.0
2026-02-06T08,CAR,Carolinas,TI,Total interchange,-2965,megawatthours,2026-02-06 08:00:00,-2965.0
2026-02-06T07,CAR,Carolinas,D,Demand,35230,megawatthours,2026-02-06 07:00:00,35230.0
2026-02-06T07,CAR,Carolinas,DF,Day-ahead demand forecast,20636,megawatthours,2026-02-06 07:00:00,20636.0
2026-02-06T07,CAR,Carolinas,NG,Net generation,32353,megawatthours,2026-02-06 07:00:00,32353.0
2026-02-06T07,CAR,Carolinas,TI,Total interchange,-2891,megawatthours,2026-02-06 07:00:00,-2891.0
2026-02-06T06,CAR,Carolinas,D,Demand,34925,megawatthours,2026-02-06 06:00:00,34925.0
2026-02-06T06,CAR,Carolinas,DF,Day-ahead demand forecast,20456,megawatthours,2026-02-06 06:00:00,20456.0
2026-02-06T06,CAR,Carolinas,NG,Net generation,32146,megawatthours,2026-02-06 06:00:00,32146.0
2026-02-06T06,CAR,Carolinas,TI,Total interchange,-2797,megawatthours,2026-02-06 06:00:00,-2797.0
2026-02-06T05,CAR,Carolinas,D,Demand,35174,megawatthours,2026-02-06 05:00:00,35174.0
2026-02-06T05,CAR,Carolinas,DF,Day-ahead demand forecast,20537,megawatthours,2026-02-06 05:00:00,20537.0
2026-02-06T05,CAR,Carolinas,NG,Net generation,32292,megawatthours,2026-02-06 05:00:00,32292.0
2026-02-06T05,CAR,Carolinas,TI,Total interchange,-2899,megawatthours,2026-02-06 05:00:00,-2899.0
2026-02-06T04,CAR,Carolinas,D,Demand,35823,megawatthours,2026-02-06 04:00:00,35823.0
2026-02-06T04,CAR,Carolinas,DF,Day-ahead demand forecast,21014,megawatthours,2026-02-06 04:00:00,21014.0
2026-02-06T04,CAR,Carolinas,NG,Net generation,33033,megawatthours,2026-02-06 04:00:00,33033.0
2026-02-06T04,CAR,Carolinas,TI,Total interchange,-2807,megawatthours,2026-02-06 04:00:00,-2807.0
2026-02-06T03,CAR,Carolinas,D,Demand,36601,megawatthours,2026-02-06 03:00:00,36601.0
2026-02-06T03,CAR,Carolinas,DF,Day-ahead demand forecast,21699,megawatthours,2026-02-06 03:00:00,21699.0
2026-02-06T03,CAR,Carolinas,NG,Net generation,33923,megawatthours,2026-02-06 03:00:00,33923.0
2026-02-06T03,CAR,Carolinas,TI,Total interchange,-2697,megawatthours,2026-02-06 03:00:00,-2697.0
2026-02-06T02,CAR,Carolinas,D,Demand,37092,megawatthours,2026-02-06 02:00:00,37092.0
2026-02-06T02,CAR,Carolinas,DF,Day-ahead demand forecast,22092,megawatthours,2026-02-06 02:00:00,22092.0
2026-02-06T02,CAR,Carolinas,NG,Net generation,34588,megawatthours,2026-02-06 02:00:00,34588.0
2026-02-06T02,CAR,Carolinas,TI,Total interchange,-2525,megawatthours,2026-02-06 02:00:00,-2525.0
2026-02-06T01,CAR,Carolinas,D,Demand,37031,megawatthours,2026-02-06 01:00:00,37031.0
2026-02-06T01,CAR,Carolinas,DF,Day-ahead demand forecast,22213,megawatthours,2026-02-06 01:00:00,22213.0
2026-02-06T01,CAR,Carolinas,NG,Net generation,34228,megawatthours,2026-02-06 01:00:00,34228.0
2026-02-06T01,CAR,Carolinas,TI,Total interchange,-2828,megawatthours,2026-02-06 01:00:00,-2828.0
2026-02-06T00,CAR,Carolinas,D,Demand,36593,megawatthours,2026-02-06 00:00:00,36593.0
2026-02-06T00,CAR,Carolinas,DF,Day-ahead demand forecast,21752,megawatthours,2026-02-06 00:00:00,21752.0
2026-02-06T00,CAR,Carolinas,NG,Net generation,34088,megawatthours,2026-02-06 00:00:00,34088.0
2026-02-06T00,CAR,Carolinas,TI,Total interchange,-2528,megawatthours,2026-02-06 00:00:00,-2528.0
2026-02-05T23,CAR,Carolinas,D,Demand,35070,megawatthours,2026-02-05 23:00:00,35070.0
2026-02-05T23,CAR,Carolinas,DF,Day-ahead demand forecast,20812,megawatthours,2026-02-05 23:00:00,20812.0
2026-02-05T23,CAR,Carolinas,NG,Net generation,32821,megawatthours,2026-02-05 23:00:00,32821.0
2026-02-05T23,CAR,Carolinas,TI,Total interchange,-2273,megawatthours,2026-02-05 23:00:00,-2273.0
2026-02-05T22,CAR,Carolinas,D,Demand,33800,megawatthours,2026-02-05 22:00:00,33800.0
2026-02-05T22,CAR,Carolinas,DF,Day-ahead demand forecast,20090,megawatthours,2026-02-05 22:00:00,20090.0
2026-02-05T22,CAR,Carolinas,NG,Net generation,31390,megawatthours,2026-02-05 22:00:00,31390.0
2026-02-05T22,CAR,Carolinas,TI,Total interchange,-2434,megawatthours,2026-02-05 22:00:00,-2434.0
2026-02-05T21,CAR,Carolinas,D,Demand,33508,megawatthours,2026-02-05 21:00:00,33508.0
2026-02-05T21,CAR,Carolinas,DF,Day-ahead demand forecast,19816,megawatthours,2026-02-05 21:00:00,19816.0
2026-02-05T21,CAR,Carolinas,NG,Net generation,31141,megawatthours,2026-02-05 21:00:00,31141.0
2026-02-05T21,CAR,Carolinas,TI,Total interchange,-2387,megawatthours,2026-02-05 21:00:00,-2387.0
2026-02-05T20,CAR,Carolinas,D,Demand,33742,megawatthours,2026-02-05 20:00:00,33742.0
2026-02-05T20,CAR,Carolinas,DF,Day-ahead demand forecast,19911,megawatthours,2026-02-05 20:00:00,19911.0
2026-02-05T20,CAR,Carolinas,NG,Net generation,31135,megawatthours,2026-02-05 20:00:00,31135.0
2026-02-05T20,CAR,Carolinas,TI,Total interchange,-2633,megawatthours,2026-02-05 20:00:00,-2633.0
2026-02-05T19,CAR,Carolinas,D,Demand,34502,megawatthours,2026-02-05 19:00:00,34502.0
2026-02-05T19,CAR,Carolinas,DF,Day-ahead demand forecast,20228,megawatthours,2026-02-05 19:00:00,20228.0
2026-02-05T19,CAR,Carolinas,NG,Net generation,32030,megawatthours,2026-02-05 19:00:00,32030.0
2026-02-05T19,CAR,Carolinas,TI,Total interchange,-2499,megawatthours,2026-02-05 19:00:00,-2499.0
2026-02-05T18,CAR,Carolinas,D,Demand,35501,megawatthours,2026-02-05 18:00:00,35501.0
2026-02-05T18,CAR,Carolinas,DF,Day-ahead demand forecast,20652,megawatthours,2026-02-05 18:00:00,20652.0
2026-02-05T18,CAR,Carolinas,NG,Net generation,33069,megawatthours,2026-02-05 18:00:00,33069.0
2026-02-05T18,CAR,Carolinas,TI,Total interchange,-2458,megawatthours,2026-02-05 18:00:00,-2458.0
2026-02-05T17,CAR,Carolinas,D,Demand,36351,megawatthours,2026-02-05 17:00:00,36351.0
2026-02-05T17,CAR,Carolinas,DF,Day-ahead demand forecast,21240,megawatthours,2026-02-05 17:00:00,21240.0
2026-02-05T17,CAR,Carolinas,NG,Net generation,33996,megawatthours,2026-02-05 17:00:00,33996.0
2026-02-05T17,CAR,Carolinas,TI,Total interchange,-2381,megawatthours,2026-02-05 17:00:00,-2381.0
2026-02-05T16,CAR,Carolinas,D,Demand,36992,megawatthours,2026-02-05 16:00:00,36992.0
2026-02-05T16,CAR,Carolinas,DF,Day-ahead demand forecast,22045,megawatthours,2026-02-05 16:00:00,22045.0
2026-02-05T16,CAR,Carolinas,NG,Net generation,35007,megawatthours,2026-02-05 16:00:00,35007.0
2026-02-05T16,CAR,Carolinas,TI,Total interchange,-2009,megawatthours,2026-02-05 16:00:00,-2009.0
2026-02-05T15,CAR,Carolinas,D,Demand,37250,megawatthours,2026-02-05 15:00:00,37250.0
2026-02-05T15,CAR,Carolinas,DF,Day-ahead demand forecast,22965,megawatthours,2026-02-05 15:00:00,22965.0
2026-02-05T15,CAR,Carolinas,NG,Net generation,34580,megawatthours,2026-02-05 15:00:00,34580.0
2026-02-05T15,CAR,Carolinas,TI,Total interchange,-2693,megawatthours,2026-02-05 15:00:00,-2693.0
2026-02-05T14,CAR,Carolinas,D,Demand,37062,megawatthours,2026-02-05 14:00:00,37062.0
2026-02-05T14,CAR,Carolinas,DF,Day-ahead demand forecast,23764,megawatthours,2026-02-05 14:00:00,23764.0
2026-02-05T14,CAR,Carolinas,NG,Net generation,34298,megawatthours,2026-02-05 14:00:00,34298.0
2026-02-05T14,CAR,Carolinas,TI,Total interchange,-2790,megawatthours,2026-02-05 14:00:00,-2790.0
2026-02-05T13,CAR,Carolinas,D,Demand,36596,megawatthours,2026-02-05 13:00:00,36596.0
2026-02-05T13,CAR,Carolinas,DF,Day-ahead demand forecast,23924,megawatthours,2026-02-05 13:00:00,23924.0
2026-02-05T13,CAR,Carolinas,NG,Net generation,33966,megawatthours,2026-02-05 13:00:00,33966.0
2026-02-05T13,CAR,Carolinas,TI,Total interchange,-2656,megawatthours,2026-02-05 13:00:00,-2656.0
2026-02-05T12,CAR,Carolinas,D,Demand,35027,megawatthours,2026-02-05 12:00:00,35027.0
2026-02-05T12,CAR,Carolinas,DF,Day-ahead demand forecast,22824,megawatthours,2026-02-05 12:00:00,22824.0
2026-02-05T12,CAR,Carolinas,NG,Net generation,32312,megawatthours,2026-02-05 12:00:00,32312.0
2026-02-05T12,CAR,Carolinas,TI,Total interchange,-2739,megawatthours,2026-02-05 12:00:00,-2739.0
2026-02-05T11,CAR,Carolinas,D,Demand,32663,megawatthours,2026-02-05 11:00:00,32663.0
2026-02-05T11,CAR,Carolinas,DF,Day-ahead demand forecast,21005,megawatthours,2026-02-05 11:00:00,21005.0
2026-02-05T11,CAR,Carolinas,NG,Net generation,29688,megawatthours,2026-02-05 11:00:00,29688.0
2026-02-05T11,CAR,Carolinas,TI,Total interchange,-2992,megawatthours,2026-02-05 11:00:00,-2992.0
2026-02-05T10,CAR,Carolinas,D,Demand,30993,megawatthours,2026-02-05 10:00:00,30993.0
2026-02-05T10,CAR,Carolinas,DF,Day-ahead demand forecast,19615,megawatthours,2026-02-05 10:00:00,19615.0
2026-02-05T10,CAR,Carolinas,NG,Net generation,27983,megawatthours,2026-02-05 10:00:00,27983.0
2026-02-05T10,CAR,Carolinas,TI,Total interchange,-3026,megawatthours,2026-02-05 10:00:00,-3026.0
2026-02-05T09,CAR,Carolinas,D,Demand,30019,megawatthours,2026-02-05 09:00:00,30019.0
2026-02-05T09,CAR,Carolinas,DF,Day-ahead demand forecast,18863,megawatthours,2026-02-05 09:00:00,18863.0
2026-02-05T09,CAR,Carolinas,NG,Net generation,27534,megawatthours,2026-02-05 09:00:00,27534.0
2026-02-05T09,CAR,Carolinas,TI,Total interchange,-2500,megawatthours,2026-02-05 09:00:00,-2500.0
2026-02-05T08,CAR,Carolinas,D,Demand,29417,megawatthours,2026-02-05 08:00:00,29417.0
2026-02-05T08,CAR,Carolinas,DF,Day-ahead demand forecast,18438,megawatthours,2026-02-05 08:00:00,18438.0
2026-02-05T08,CAR,Carolinas,NG,Net generation,27119,megawatthours,2026-02-05 08:00:00,27119.0
2026-02-05T08,CAR,Carolinas,TI,Total interchange,-2313,megawatthours,2026-02-05 08:00:00,-2313.0
2026-02-05T07,CAR,Carolinas,D,Demand,29118,megawatthours,2026-02-05 07:00:00,29118.0
2026-02-05T07,CAR,Carolinas,DF,Day-ahead demand forecast,18299,megawatthours,2026-02-05 07:00:00,18299.0
2026-02-05T07,CAR,Carolinas,NG,Net generation,26835,megawatthours,2026-02-05 07:00:00,26835.0
2026-02-05T07,CAR,Carolinas,TI,Total interchange,-2297,megawatthours,2026-02-05 07:00:00,-2297.0
2026-02-05T06,CAR,Carolinas,D,Demand,29018,megawatthours,2026-02-05 06:00:00,29018.0
2026-02-05T06,CAR,Carolinas,DF,Day-ahead demand forecast,18246,megawatthours,2026-02-05 06:00:00,18246.0
2026-02-05T06,CAR,Carolinas,NG,Net generation,27959,megawatthours,2026-02-05 06:00:00,27959.0
2026-02-05T06,CAR,Carolinas,TI,Total interchange,-1075,megawatthours,2026-02-05 06:00:00,-1075.0
2026-02-05T05,CAR,Carolinas,D,Demand,29527,megawatthours,2026-02-05 05:00:00,29527.0
2026-02-05T05,CAR,Carolinas,DF,Day-ahead demand forecast,18580,megawatthours,2026-02-05 05:00:00,18580.0
2026-02-05T05,CAR,Carolinas,NG,Net generation,29043,megawatthours,2026-02-05 05:00:00,29043.0
2026-02-05T05,CAR,Carolinas,TI,Total interchange,-510,megawatthours,2026-02-05 05:00:00,-510.0
2026-02-05T04,CAR,Carolinas,D,Demand,30446,megawatthours,2026-02-05 04:00:00,30446.0
2026-02-05T04,CAR,Carolinas,DF,Day-ahead demand forecast,19086,megawatthours,2026-02-05 04:00:00,19086.0
2026-02-05T04,CAR,Carolinas,NG,Net generation,29911,megawatthours,2026-02-05 04:00:00,29911.0
2026-02-05T04,CAR,Carolinas,TI,Total interchange,-566,megawatthours,2026-02-05 04:00:00,-566.0
2026-02-05T03,CAR,Carolinas,D,Demand,31603,megawatthours,2026-02-05 03:00:00,31603.0
2026-02-05T03,CAR,Carolinas,DF,Day-ahead demand forecast,19791,megawatthours,2026-02-05 03:00:00,19791.0
2026-02-05T03,CAR,Carolinas,NG,Net generation,30751,megawatthours,2026-02-05 03:00:00,30751.0
2026-02-05T03,CAR,Carolinas,TI,Total interchange,-882,megawatthours,2026-02-05 03:00:00,-882.0
2026-02-05T02,CAR,Carolinas,D,Demand,32337,megawatthours,2026-02-05 02:00:00,32337.0
2026-02-05T02,CAR,Carolinas,DF,Day-ahead demand forecast,20181,megawatthours,2026-02-05 02:00:00,20181.0
2026-02-05T02,CAR,Carolinas,NG,Net generation,31467,megawatthours,2026-02-05 02:00:00,31467.0
2026-02-05T02,CAR,Carolinas,TI,Total interchange,-903,megawatthours,2026-02-05 02:00:00,-903.0
2026-02-05T01,CAR,Carolinas,D,Demand,32724,megawatthours,2026-02-05 01:00:00,32724.0
2026-02-05T01,CAR,Carolinas,DF,Day-ahead demand forecast,20372,megawatthours,2026-02-05 01:00:00,20372.0
2026-02-05T01,CAR,Carolinas,NG,Net generation,31956,megawatthours,2026-02-05 01:00:00,31956.0
2026-02-05T01,CAR,Carolinas,TI,Total interchange,-804,megawatthours,2026-02-05 01:00:00,-804.0
2026-02-05T00,CAR,Carolinas,D,Demand,32686,megawatthours,2026-02-05 00:00:00,32686.0
2026-02-05T00,CAR,Carolinas,DF,Day-ahead demand forecast,19932,megawatthours,2026-02-05 00:00:00,19932.0
2026-02-05T00,CAR,Carolinas,NG,Net generation,31883,megawatthours,2026-02-05 00:00:00,31883.0
2026-02-05T00,CAR,Carolinas,TI,Total interchange,-838,megawatthours,2026-02-05 00:00:00,-838.0
2026-02-04T23,CAR,Carolinas,D,Demand,31671,megawatthours,2026-02-04 23:00:00,31671.0
2026-02-04T23,CAR,Carolinas,DF,Day-ahead demand forecast,18995,megawatthours,2026-02-04 23:00:00,18995.0
2026-02-04T23,CAR,Carolinas,NG,Net generation,30923,megawatthours,2026-02-04 23:00:00,30923.0
2026-02-04T23,CAR,Carolinas,TI,Total interchange,-782,megawatthours,2026-02-04 23:00:00,-782.0
2026-02-04T22,CAR,Carolinas,D,Demand,30657,megawatthours,2026-02-04 22:00:00,30657.0
2026-02-04T22,CAR,Carolinas,DF,Day-ahead demand forecast,18202,megawatthours,2026-02-04 22:00:00,18202.0
2026-02-04T22,CAR,Carolinas,NG,Net generation,29821,megawatthours,2026-02-04 22:00:00,29821.0
2026-02-04T22,CAR,Carolinas,TI,Total interchange,-870,megawatthours,2026-02-04 22:00:00,-870.0
2026-02-04T21,CAR,Carolinas,D,Demand,30175,megawatthours,2026-02-04 21:00:00,30175.0
2026-02-04T21,CAR,Carolinas,DF,Day-ahead demand forecast,17950,megawatthours,2026-02-04 21:00:00,17950.0
2026-02-04T21,CAR,Carolinas,NG,Net generation,29457,megawatthours,2026-02-04 21:00:00,29457.0
2026-02-04T21,CAR,Carolinas,TI,Total interchange,-748,megawatthours,2026-02-04 21:00:00,-748.0
2026-02-04T20,CAR,Carolinas,D,Demand,30009,megawatthours,2026-02-04 20:00:00,30009.0
2026-02-04T20,CAR,Carolinas,DF,Day-ahead demand forecast,18160,megawatthours,2026-02-04 20:00:00,18160.0
2026-02-04T20,CAR,Carolinas,NG,Net generation,29159,megawatthours,2026-02-04 20:00:00,29159.0
2026-02-04T20,CAR,Carolinas,TI,Total interchange,-880,megawatthours,2026-02-04 20:00:00,-880.0
2026-02-04T19,CAR,Carolinas,D,Demand,30111,megawatthours,2026-02-04 19:00:00,30111.0
2026-02-04T19,CAR,Carolinas,DF,Day-ahead demand forecast,18552,megawatthours,2026-02-04 19:00:00,18552.0
2026-02-04T19,CAR,Carolinas,NG,Net generation,29177,megawatthours,2026-02-04 19:00:00,29177.0
2026-02-04T19,CAR,Carolinas,TI,Total interchange,-967,megawatthours,2026-02-04 19:00:00,-967.0
2026-02-04T18,CAR,Carolinas,D,Demand,30055,megawatthours,2026-02-04 18:00:00,30055.0
2026-02-04T18,CAR,Carolinas,DF,Day-ahead demand forecast,19014,megawatthours,2026-02-04 18:00:00,19014.0
2026-02-04T18,CAR,Carolinas,NG,Net generation,29428,megawatthours,2026-02-04 18:00:00,29428.0
2026-02-04T18,CAR,Carolinas,TI,Total interchange,-658,megawatthours,2026-02-04 18:00:00,-658.0
2026-02-04T17,CAR,Carolinas,D,Demand,30391,megawatthours,2026-02-04 17:00:00,30391.0
2026-02-04T17,CAR,Carolinas,DF,Day-ahead demand forecast,19628,megawatthours,2026-02-04 17:00:00,19628.0
2026-02-04T17,CAR,Carolinas,NG,Net generation,29825,megawatthours,2026-02-04 17:00:00,29825.0
2026-02-04T17,CAR,Carolinas,TI,Total interchange,-599,megawatthours,2026-02-04 17:00:00,-599.0
2026-02-04T16,CAR,Carolinas,D,Demand,31034,megawatthours,2026-02-04 16:00:00,31034.0
2026-02-04T16,CAR,Carolinas,DF,Day-ahead demand forecast,20424,megawatthours,2026-02-04 16:00:00,20424.0
2026-02-04T16,CAR,Carolinas,NG,Net generation,30434,megawatthours,2026-02-04 16:00:00,30434.0
2026-02-04T16,CAR,Carolinas,TI,Total interchange,-633,megawatthours,2026-02-04 16:00:00,-633.0
2026-02-04T15,CAR,Carolinas,D,Demand,31882,megawatthours,2026-02-04 15:00:00,31882.0
2026-02-04T15,CAR,Carolinas,DF,Day-ahead demand forecast,21281,megawatthours,2026-02-04 15:00:00,21281.0
2026-02-04T15,CAR,Carolinas,NG,Net generation,31247,megawatthours,2026-02-04 15:00:00,31247.0
2026-02-04T15,CAR,Carolinas,TI,Total interchange,-668,megawatthours,2026-02-04 15:00:00,-668.0
2026-02-04T14,CAR,Carolinas,D,Demand,32414,megawatthours,2026-02-04 14:00:00,32414.0
2026-02-04T14,CAR,Carolinas,DF,Day-ahead demand forecast,22123,megawatthours,2026-02-04 14:00:00,22123.0
2026-02-04T14,CAR,Carolinas,NG,Net generation,31268,megawatthours,2026-02-04 14:00:00,31268.0
2026-02-04T14,CAR,Carolinas,TI,Total interchange,-1179,megawatthours,2026-02-04 14:00:00,-1179.0
2026-02-04T13,CAR,Carolinas,D,Demand,32188,megawatthours,2026-02-04 13:00:00,32188.0
2026-02-04T13,CAR,Carolinas,DF,Day-ahead demand forecast,22348,megawatthours,2026-02-04 13:00:00,22348.0
2026-02-04T13,CAR,Carolinas,NG,Net generation,30947,megawatthours,2026-02-04 13:00:00,30947.0
2026-02-04T13,CAR,Carolinas,TI,Total interchange,-1275,megawatthours,2026-02-04 13:00:00,-1275.0
2026-02-04T12,CAR,Carolinas,D,Demand,31052,megawatthours,2026-02-04 12:00:00,31052.0
2026-02-04T12,CAR,Carolinas,DF,Day-ahead demand forecast,21500,megawatthours,2026-02-04 12:00:00,21500.0
2026-02-04T12,CAR,Carolinas,NG,Net generation,29925,megawatthours,2026-02-04 12:00:00,29925.0
2026-02-04T12,CAR,Carolinas,TI,Total interchange,-1163,megawatthours,2026-02-04 12:00:00,-1163.0
2026-02-04T11,CAR,Carolinas,D,Demand,29425,megawatthours,2026-02-04 11:00:00,29425.0
2026-02-04T11,CAR,Carolinas,DF,Day-ahead demand forecast,19886,megawatthours,2026-02-04 11:00:00,19886.0
2026-02-04T11,CAR,Carolinas,NG,Net generation,28597,megawatthours,2026-02-04 11:00:00,28597.0
2026-02-04T11,CAR,Carolinas,TI,Total interchange,-861,megawatthours,2026-02-04 11:00:00,-861.0
2026-02-04T10,CAR,Carolinas,D,Demand,28280,megawatthours,2026-02-04 10:00:00,28280.0
2026-02-04T10,CAR,Carolinas,DF,Day-ahead demand forecast,18710,megawatthours,2026-02-04 10:00:00,18710.0
2026-02-04T10,CAR,Carolinas,NG,Net generation,27493,megawatthours,2026-02-04 10:00:00,27493.0
2026-02-04T10,CAR,Carolinas,TI,Total interchange,-815,megawatthours,2026-02-04 10:00:00,-815.0
2026-02-04T09,CAR,Carolinas,D,Demand,27773,megawatthours,2026-02-04 09:00:00,27773.0
2026-02-04T09,CAR,Carolinas,DF,Day-ahead demand forecast,18160,megawatthours,2026-02-04 09:00:00,18160.0
2026-02-04T09,CAR,Carolinas,NG,Net generation,26964,megawatthours,2026-02-04 09:00:00,26964.0
2026-02-04T09,CAR,Carolinas,TI,Total interchange,-838,megawatthours,2026-02-04 09:00:00,-838.0
2026-02-04T08,CAR,Carolinas,D,Demand,27769,megawatthours,2026-02-04 08:00:00,27769.0
2026-02-04T08,CAR,Carolinas,DF,Day-ahead demand forecast,18003,megawatthours,2026-02-04 08:00:00,18003.0
2026-02-04T08,CAR,Carolinas,NG,Net generation,27041,megawatthours,2026-02-04 08:00:00,27041.0
2026-02-04T08,CAR,Carolinas,TI,Total interchange,-755,megawatthours,2026-02-04 08:00:00,-755.0
2026-02-04T07,CAR,Carolinas,D,Demand,28006,megawatthours,2026-02-04 07:00:00,28006.0
2026-02-04T07,CAR,Carolinas,DF,Day-ahead demand forecast,17969,megawatthours,2026-02-04 07:00:00,17969.0
2026-02-04T07,CAR,Carolinas,NG,Net generation,27168,megawatthours,2026-02-04 07:00:00,27168.0
2026-02-04T07,CAR,Carolinas,TI,Total interchange,-865,megawatthours,2026-02-04 07:00:00,-865.0
2026-02-04T06,CAR,Carolinas,D,Demand,28515,megawatthours,2026-02-04 06:00:00,28515.0
2026-02-04T06,CAR,Carolinas,DF,Day-ahead demand forecast,18219,megawatthours,2026-02-04 06:00:00,18219.0
2026-02-04T06,CAR,Carolinas,NG,Net generation,27364,megawatthours,2026-02-04 06:00:00,27364.0
2026-02-04T06,CAR,Carolinas,TI,Total interchange,-1181,megawatthours,2026-02-04 06:00:00,-1181.0
2026-02-04T05,CAR,Carolinas,D,Demand,29399,megawatthours,2026-02-04 05:00:00,29399.0
2026-02-04T05,CAR,Carolinas,DF,Day-ahead demand forecast,18936,megawatthours,2026-02-04 05:00:00,18936.0
2026-02-04T05,CAR,Carolinas,NG,Net generation,27834,megawatthours,2026-02-04 05:00:00,27834.0
2026-02-04T05,CAR,Carolinas,TI,Total interchange,-1597,megawatthours,2026-02-04 05:00:00,-1597.0
2026-02-04T04,CAR,Carolinas,D,Demand,30632,megawatthours,2026-02-04 04:00:00,30632.0
2026-02-04T04,CAR,Carolinas,DF,Day-ahead demand forecast,19646,megawatthours,2026-02-04 04:00:00,19646.0
2026-02-04T04,CAR,Carolinas,NG,Net generation,29191,megawatthours,2026-02-04 04:00:00,29191.0
2026-02-04T04,CAR,Carolinas,TI,Total interchange,-1473,megawatthours,2026-02-04 04:00:00,-1473.0
2026-02-04T03,CAR,Carolinas,D,Demand,32076,megawatthours,2026-02-04 03:00:00,32076.0
2026-02-04T03,CAR,Carolinas,DF,Day-ahead demand forecast,20324,megawatthours,2026-02-04 03:00:00,20324.0
2026-02-04T03,CAR,Carolinas,NG,Net generation,30530,megawatthours,2026-02-04 03:00:00,30530.0
2026-02-04T03,CAR,Carolinas,TI,Total interchange,-1580,megawatthours,2026-02-04 03:00:00,-1580.0
2026-02-04T02,CAR,Carolinas,D,Demand,33040,megawatthours,2026-02-04 02:00:00,33040.0
2026-02-04T02,CAR,Carolinas,DF,Day-ahead demand forecast,20778,megawatthours,2026-02-04 02:00:00,20778.0
2026-02-04T02,CAR,Carolinas,NG,Net generation,31057,megawatthours,2026-02-04 02:00:00,31057.0
2026-02-04T02,CAR,Carolinas,TI,Total interchange,-2015,megawatthours,2026-02-04 02:00:00,-2015.0
2026-02-04T01,CAR,Carolinas,D,Demand,33193,megawatthours,2026-02-04 01:00:00,33193.0
2026-02-04T01,CAR,Carolinas,DF,Day-ahead demand forecast,20986,megawatthours,2026-02-04 01:00:00,20986.0
2026-02-04T01,CAR,Carolinas,NG,Net generation,31124,megawatthours,2026-02-04 01:00:00,31124.0
2026-02-04T01,CAR,Carolinas,TI,Total interchange,-2107,megawatthours,2026-02-04 01:00:00,-2107.0
2026-02-04T00,CAR,Carolinas,D,Demand,32858,megawatthours,2026-02-04 00:00:00,32858.0
2026-02-04T00,CAR,Carolinas,DF,Day-ahead demand forecast,20467,megawatthours,2026-02-04 00:00:00,20467.0
2026-02-04T00,CAR,Carolinas,NG,Net generation,30609,megawatthours,2026-02-04 00:00:00,30609.0
2026-02-04T00,CAR,Carolinas,TI,Total interchange,-2284,megawatthours,2026-02-04 00:00:00,-2284.0
2026-02-03T23,CAR,Carolinas,D,Demand,31091,megawatthours,2026-02-03 23:00:00,31091.0
2026-02-03T23,CAR,Carolinas,DF,Day-ahead demand forecast,19295,megawatthours,2026-02-03 23:00:00,19295.0
2026-02-03T23,CAR,Carolinas,NG,Net generation,28919,megawatthours,2026-02-03 23:00:00,28919.0
2026-02-03T23,CAR,Carolinas,TI,Total interchange,-2206,megawatthours,2026-02-03 23:00:00,-2206.0
2026-02-03T22,CAR,Carolinas,D,Demand,29708,megawatthours,2026-02-03 22:00:00,29708.0
2026-02-03T22,CAR,Carolinas,DF,Day-ahead demand forecast,18352,megawatthours,2026-02-03 22:00:00,18352.0
2026-02-03T22,CAR,Carolinas,NG,Net generation,27452,megawatthours,2026-02-03 22:00:00,27452.0
2026-02-03T22,CAR,Carolinas,TI,Total interchange,-2288,megawatthours,2026-02-03 22:00:00,-2288.0
2026-02-03T21,CAR,Carolinas,D,Demand,29476,megawatthours,2026-02-03 21:00:00,29476.0
2026-02-03T21,CAR,Carolinas,DF,Day-ahead demand forecast,18110,megawatthours,2026-02-03 21:00:00,18110.0
2026-02-03T21,CAR,Carolinas,NG,Net generation,27356,megawatthours,2026-02-03 21:00:00,27356.0
2026-02-03T21,CAR,Carolinas,TI,Total interchange,-2155,megawatthours,2026-02-03 21:00:00,-2155.0
2026-02-03T20,CAR,Carolinas,D,Demand,29826,megawatthours,2026-02-03 20:00:00,29826.0
2026-02-03T20,CAR,Carolinas,DF,Day-ahead demand forecast,18397,megawatthours,2026-02-03 20:00:00,18397.0
2026-02-03T20,CAR,Carolinas,NG,Net generation,27698,megawatthours,2026-02-03 20:00:00,27698.0
2026-02-03T20,CAR,Carolinas,TI,Total interchange,-2158,megawatthours,2026-02-03 20:00:00,-2158.0
2026-02-03T19,CAR,Carolinas,D,Demand,30552,megawatthours,2026-02-03 19:00:00,30552.0
2026-02-03T19,CAR,Carolinas,DF,Day-ahead demand forecast,18939,megawatthours,2026-02-03 19:00:00,18939.0
2026-02-03T19,CAR,Carolinas,NG,Net generation,28544,megawatthours,2026-02-03 19:00:00,28544.0
2026-02-03T19,CAR,Carolinas,TI,Total interchange,-2041,megawatthours,2026-02-03 19:00:00,-2041.0
2026-02-03T18,CAR,Carolinas,D,Demand,31619,megawatthours,2026-02-03 18:00:00,31619.0
2026-02-03T18,CAR,Carolinas,DF,Day-ahead demand forecast,19819,megawatthours,2026-02-03 18:00:00,19819.0
2026-02-03T18,CAR,Carolinas,NG,Net generation,29565,megawatthours,2026-02-03 18:00:00,29565.0
2026-02-03T18,CAR,Carolinas,TI,Total interchange,-2085,megawatthours,2026-02-03 18:00:00,-2085.0
2026-02-03T17,CAR,Carolinas,D,Demand,33199,megawatthours,2026-02-03 17:00:00,33199.0
2026-02-03T17,CAR,Carolinas,DF,Day-ahead demand forecast,20921,megawatthours,2026-02-03 17:00:00,20921.0
2026-02-03T17,CAR,Carolinas,NG,Net generation,31262,megawatthours,2026-02-03 17:00:00,31262.0
2026-02-03T17,CAR,Carolinas,TI,Total interchange,-1971,megawatthours,2026-02-03 17:00:00,-1971.0
2026-02-03T16,CAR,Carolinas,D,Demand,35714,megawatthours,2026-02-03 16:00:00,35714.0
2026-02-03T16,CAR,Carolinas,DF,Day-ahead demand forecast,22245,megawatthours,2026-02-03 16:00:00,22245.0
2026-02-03T16,CAR,Carolinas,NG,Net generation,33636,megawatthours,2026-02-03 16:00:00,33636.0
2026-02-03T16,CAR,Carolinas,TI,Total interchange,-2110,megawatthours,2026-02-03 16:00:00,-2110.0
2026-02-03T15,CAR,Carolinas,D,Demand,38604,megawatthours,2026-02-03 15:00:00,38604.0
2026-02-03T15,CAR,Carolinas,DF,Day-ahead demand forecast,23708,megawatthours,2026-02-03 15:00:00,23708.0
2026-02-03T15,CAR,Carolinas,NG,Net generation,36508,megawatthours,2026-02-03 15:00:00,36508.0
2026-02-03T15,CAR,Carolinas,TI,Total interchange,-2126,megawatthours,2026-02-03 15:00:00,-2126.0
2026-02-03T14,CAR,Carolinas,D,Demand,41549,megawatthours,2026-02-03 14:00:00,41549.0
2026-02-03T14,CAR,Carolinas,DF,Day-ahead demand forecast,24972,megawatthours,2026-02-03 14:00:00,24972.0
2026-02-03T14,CAR,Carolinas,NG,Net generation,39036,megawatthours,2026-02-03 14:00:00,39036.0
2026-02-03T14,CAR,Carolinas,TI,Total interchange,-2548,megawatthours,2026-02-03 14:00:00,-2548.0
2026-02-03T13,CAR,Carolinas,D,Demand,42596,megawatthours,2026-02-03 13:00:00,42596.0
2026-02-03T13,CAR,Carolinas,DF,Day-ahead demand forecast,25328,megawatthours,2026-02-03 13:00:00,25328.0
2026-02-03T13,CAR,Carolinas,NG,Net generation,39676,megawatthours,2026-02-03 13:00:00,39676.0
2026-02-03T13,CAR,Carolinas,TI,Total interchange,-2952,megawatthours,2026-02-03 13:00:00,-2952.0
2026-02-03T12,CAR,Carolinas,D,Demand,41277,megawatthours,2026-02-03 12:00:00,41277.0
2026-02-03T12,CAR,Carolinas,DF,Day-ahead demand forecast,24425,megawatthours,2026-02-03 12:00:00,24425.0
2026-02-03T12,CAR,Carolinas,NG,Net generation,38382,megawatthours,2026-02-03 12:00:00,38382.0
2026-02-03T12,CAR,Carolinas,TI,Total interchange,-2936,megawatthours,2026-02-03 12:00:00,-2936.0
2026-02-03T11,CAR,Carolinas,D,Demand,39501,megawatthours,2026-02-03 11:00:00,39501.0
2026-02-03T11,CAR,Carolinas,DF,Day-ahead demand forecast,22731,megawatthours,2026-02-03 11:00:00,22731.0
2026-02-03T11,CAR,Carolinas,NG,Net generation,36852,megawatthours,2026-02-03 11:00:00,36852.0
2026-02-03T11,CAR,Carolinas,TI,Total interchange,-2678,megawatthours,2026-02-03 11:00:00,-2678.0
2026-02-03T10,CAR,Carolinas,D,Demand,37934,megawatthours,2026-02-03 10:00:00,37934.0
2026-02-03T10,CAR,Carolinas,DF,Day-ahead demand forecast,21365,megawatthours,2026-02-03 10:00:00,21365.0
2026-02-03T10,CAR,Carolinas,NG,Net generation,35592,megawatthours,2026-02-03 10:00:00,35592.0
2026-02-03T10,CAR,Carolinas,TI,Total interchange,-2371,megawatthours,2026-02-03 10:00:00,-2371.0
2026-02-03T09,CAR,Carolinas,D,Demand,36773,megawatthours,2026-02-03 09:00:00,36773.0
2026-02-03T09,CAR,Carolinas,DF,Day-ahead demand forecast,20705,megawatthours,2026-02-03 09:00:00,20705.0
2026-02-03T09,CAR,Carolinas,NG,Net generation,34764,megawatthours,2026-02-03 09:00:00,34764.0
2026-02-03T09,CAR,Carolinas,TI,Total interchange,-2034,megawatthours,2026-02-03 09:00:00,-2034.0
2026-02-03T08,CAR,Carolinas,D,Demand,36059,megawatthours,2026-02-03 08:00:00,36059.0
2026-02-03T08,CAR,Carolinas,DF,Day-ahead demand forecast,20281,megawatthours,2026-02-03 08:00:00,20281.0
2026-02-03T08,CAR,Carolinas,NG,Net generation,34002,megawatthours,2026-02-03 08:00:00,34002.0
2026-02-03T08,CAR,Carolinas,TI,Total interchange,-2087,megawatthours,2026-02-03 08:00:00,-2087.0
2026-02-03T07,CAR,Carolinas,D,Demand,35435,megawatthours,2026-02-03 07:00:00,35435.0
2026-02-03T07,CAR,Carolinas,DF,Day-ahead demand forecast,20153,megawatthours,2026-02-03 07:00:00,20153.0
2026-02-03T07,CAR,Carolinas,NG,Net generation,33168,megawatthours,2026-02-03 07:00:00,33168.0
2026-02-03T07,CAR,Carolinas,TI,Total interchange,-2290,megawatthours,2026-02-03 07:00:00,-2290.0
2026-02-03T06,CAR,Carolinas,D,Demand,34832,megawatthours,2026-02-03 06:00:00,34832.0
2026-02-03T06,CAR,Carolinas,DF,Day-ahead demand forecast,20195,megawatthours,2026-02-03 06:00:00,20195.0
2026-02-03T06,CAR,Carolinas,NG,Net generation,31703,megawatthours,2026-02-03 06:00:00,31703.0
2026-02-03T06,CAR,Carolinas,TI,Total interchange,-3158,megawatthours,2026-02-03 06:00:00,-3158.0
2026-02-03T05,CAR,Carolinas,D,Demand,34742,megawatthours,2026-02-03 05:00:00,34742.0
2026-02-03T05,CAR,Carolinas,DF,Day-ahead demand forecast,20802,megawatthours,2026-02-03 05:00:00,20802.0
2026-02-03T05,CAR,Carolinas,NG,Net generation,30620,megawatthours,2026-02-03 05:00:00,30620.0
2026-02-03T05,CAR,Carolinas,TI,Total interchange,-4147,megawatthours,2026-02-03 05:00:00,-4147.0
2026-02-03T04,CAR,Carolinas,D,Demand,35311,megawatthours,2026-02-03 04:00:00,35311.0
2026-02-03T04,CAR,Carolinas,DF,Day-ahead demand forecast,21479,megawatthours,2026-02-03 04:00:00,21479.0
2026-02-03T04,CAR,Carolinas,NG,Net generation,31329,megawatthours,2026-02-03 04:00:00,31329.0
2026-02-03T04,CAR,Carolinas,TI,Total interchange,-4007,megawatthours,2026-02-03 04:00:00,-4007.0
2026-02-03T03,CAR,Carolinas,D,Demand,36086,megawatthours,2026-02-03 03:00:00,36086.0
2026-02-03T03,CAR,Carolinas,DF,Day-ahead demand forecast,22112,megawatthours,2026-02-03 03:00:00,22112.0
2026-02-03T03,CAR,Carolinas,NG,Net generation,31940,megawatthours,2026-02-03 03:00:00,31940.0
2026-02-03T03,CAR,Carolinas,TI,Total interchange,-4175,megawatthours,2026-02-03 03:00:00,-4175.0
2026-02-03T02,CAR,Carolinas,D,Demand,36611,megawatthours,2026-02-03 02:00:00,36611.0
2026-02-03T02,CAR,Carolinas,DF,Day-ahead demand forecast,22523,megawatthours,2026-02-03 02:00:00,22523.0
2026-02-03T02,CAR,Carolinas,NG,Net generation,32285,megawatthours,2026-02-03 02:00:00,32285.0
2026-02-03T02,CAR,Carolinas,TI,Total interchange,-4355,megawatthours,2026-02-03 02:00:00,-4355.0
2026-02-03T01,CAR,Carolinas,D,Demand,36618,megawatthours,2026-02-03 01:00:00,36618.0
2026-02-03T01,CAR,Carolinas,DF,Day-ahead demand forecast,22651,megawatthours,2026-02-03 01:00:00,22651.0
2026-02-03T01,CAR,Carolinas,NG,Net generation,32356,megawatthours,2026-02-03 01:00:00,32356.0
2026-02-03T01,CAR,Carolinas,TI,Total interchange,-4292,megawatthours,2026-02-03 01:00:00,-4292.0
2026-02-03T00,CAR,Carolinas,D,Demand,36031,megawatthours,2026-02-03 00:00:00,36031.0
2026-02-03T00,CAR,Carolinas,DF,Day-ahead demand forecast,22163,megawatthours,2026-02-03 00:00:00,22163.0
2026-02-03T00,CAR,Carolinas,NG,Net generation,31868,megawatthours,2026-02-03 00:00:00,31868.0
2026-02-03T00,CAR,Carolinas,TI,Total interchange,-4193,megawatthours,2026-02-03 00:00:00,-4193.0
2026-02-02T23,CAR,Carolinas,D,Demand,33771,megawatthours,2026-02-02 23:00:00,33771.0
2026-02-02T23,CAR,Carolinas,DF,Day-ahead demand forecast,20829,megawatthours,2026-02-02 23:00:00,20829.0
2026-02-02T23,CAR,Carolinas,NG,Net generation,29615,megawatthours,2026-02-02 23:00:00,29615.0
2026-02-02T23,CAR,Carolinas,TI,Total interchange,-4185,megawatthours,2026-02-02 23:00:00,-4185.0
2026-02-02T22,CAR,Carolinas,D,Demand,31734,megawatthours,2026-02-02 22:00:00,31734.0
2026-02-02T22,CAR,Carolinas,DF,Day-ahead demand forecast,19851,megawatthours,2026-02-02 22:00:00,19851.0
2026-02-02T22,CAR,Carolinas,NG,Net generation,27478,megawatthours,2026-02-02 22:00:00,27478.0
2026-02-02T22,CAR,Carolinas,TI,Total interchange,-4287,megawatthours,2026-02-02 22:00:00,-4287.0
2026-02-02T21,CAR,Carolinas,D,Demand,31256,megawatthours,2026-02-02 21:00:00,31256.0
2026-02-02T21,CAR,Carolinas,DF,Day-ahead demand forecast,19588,megawatthours,2026-02-02 21:00:00,19588.0
2026-02-02T21,CAR,Carolinas,NG,Net generation,27066,megawatthours,2026-02-02 21:00:00,27066.0
2026-02-02T21,CAR,Carolinas,TI,Total interchange,-4219,megawatthours,2026-02-02 21:00:00,-4219.0
2026-02-02T20,CAR,Carolinas,D,Demand,31849,megawatthours,2026-02-02 20:00:00,31849.0
2026-02-02T20,CAR,Carolinas,DF,Day-ahead demand forecast,19860,megawatthours,2026-02-02 20:00:00,19860.0
2026-02-02T20,CAR,Carolinas,NG,Net generation,27549,megawatthours,2026-02-02 20:00:00,27549.0
2026-02-02T20,CAR,Carolinas,TI,Total interchange,-4329,megawatthours,2026-02-02 20:00:00,-4329.0
2026-02-02T19,CAR,Carolinas,D,Demand,33012,megawatthours,2026-02-02 19:00:00,33012.0
2026-02-02T19,CAR,Carolinas,DF,Day-ahead demand forecast,20454,megawatthours,2026-02-02 19:00:00,20454.0
2026-02-02T19,CAR,Carolinas,NG,Net generation,28638,megawatthours,2026-02-02 19:00:00,28638.0
2026-02-02T19,CAR,Carolinas,TI,Total interchange,-4405,megawatthours,2026-02-02 19:00:00,-4405.0
2026-02-02T18,CAR,Carolinas,D,Demand,34652,megawatthours,2026-02-02 18:00:00,34652.0
2026-02-02T18,CAR,Carolinas,DF,Day-ahead demand forecast,21282,megawatthours,2026-02-02 18:00:00,21282.0
2026-02-02T18,CAR,Carolinas,NG,Net generation,30268,megawatthours,2026-02-02 18:00:00,30268.0
2026-02-02T18,CAR,Carolinas,TI,Total interchange,-4417,megawatthours,2026-02-02 18:00:00,-4417.0
2026-02-02T17,CAR,Carolinas,D,Demand,36650,megawatthours,2026-02-02 17:00:00,36650.0
2026-02-02T17,CAR,Carolinas,DF,Day-ahead demand forecast,22292,megawatthours,2026-02-02 17:00:00,22292.0
2026-02-02T17,CAR,Carolinas,NG,Net generation,32000,megawatthours,2026-02-02 17:00:00,32000.0
2026-02-02T17,CAR,Carolinas,TI,Total interchange,-4683,megawatthours,2026-02-02 17:00:00,-4683.0
2026-02-02T16,CAR,Carolinas,D,Demand,39540,megawatthours,2026-02-02 16:00:00,39540.0
2026-02-02T16,CAR,Carolinas,DF,Day-ahead demand forecast,23557,megawatthours,2026-02-02 16:00:00,23557.0
2026-02-02T16,CAR,Carolinas,NG,Net generation,35149,megawatthours,2026-02-02 16:00:00,35149.0
2026-02-02T16,CAR,Carolinas,TI,Total interchange,-4423,megawatthours,2026-02-02 16:00:00,-4423.0
2026-02-02T15,CAR,Carolinas,D,Demand,43017,megawatthours,2026-02-02 15:00:00,43017.0
2026-02-02T15,CAR,Carolinas,DF,Day-ahead demand forecast,24943,megawatthours,2026-02-02 15:00:00,24943.0
2026-02-02T15,CAR,Carolinas,NG,Net generation,37804,megawatthours,2026-02-02 15:00:00,37804.0
2026-02-02T15,CAR,Carolinas,TI,Total interchange,-5250,megawatthours,2026-02-02 15:00:00,-5250.0
2026-02-02T14,CAR,Carolinas,D,Demand,46363,megawatthours,2026-02-02 14:00:00,46363.0
2026-02-02T14,CAR,Carolinas,DF,Day-ahead demand forecast,26073,megawatthours,2026-02-02 14:00:00,26073.0
2026-02-02T14,CAR,Carolinas,NG,Net generation,40416,megawatthours,2026-02-02 14:00:00,40416.0
2026-02-02T14,CAR,Carolinas,TI,Total interchange,-5989,megawatthours,2026-02-02 14:00:00,-5989.0
2026-02-02T13,CAR,Carolinas,D,Demand,46863,megawatthours,2026-02-02 13:00:00,46863.0
2026-02-02T13,CAR,Carolinas,DF,Day-ahead demand forecast,26370,megawatthours,2026-02-02 13:00:00,26370.0
2026-02-02T13,CAR,Carolinas,NG,Net generation,40383,megawatthours,2026-02-02 13:00:00,40383.0
2026-02-02T13,CAR,Carolinas,TI,Total interchange,-6512,megawatthours,2026-02-02 13:00:00,-6512.0
2026-02-02T12,CAR,Carolinas,D,Demand,45218,megawatthours,2026-02-02 12:00:00,45218.0
2026-02-02T12,CAR,Carolinas,DF,Day-ahead demand forecast,25570,megawatthours,2026-02-02 12:00:00,25570.0
2026-02-02T12,CAR,Carolinas,NG,Net generation,38885,megawatthours,2026-02-02 12:00:00,38885.0
2026-02-02T12,CAR,Carolinas,TI,Total interchange,-6361,megawatthours,2026-02-02 12:00:00,-6361.0
2026-02-02T11,CAR,Carolinas,D,Demand,43751,megawatthours,2026-02-02 11:00:00,43751.0
2026-02-02T11,CAR,Carolinas,DF,Day-ahead demand forecast,23928,megawatthours,2026-02-02 11:00:00,23928.0
2026-02-02T11,CAR,Carolinas,NG,Net generation,37786,megawatthours,2026-02-02 11:00:00,37786.0
2026-02-02T11,CAR,Carolinas,TI,Total interchange,-5989,megawatthours,2026-02-02 11:00:00,-5989.0
2026-02-02T10,CAR,Carolinas,D,Demand,42048,megawatthours,2026-02-02 10:00:00,42048.0
2026-02-02T10,CAR,Carolinas,DF,Day-ahead demand forecast,22479,megawatthours,2026-02-02 10:00:00,22479.0
2026-02-02T10,CAR,Carolinas,NG,Net generation,36571,megawatthours,2026-02-02 10:00:00,36571.0
2026-02-02T10,CAR,Carolinas,TI,Total interchange,-5502,megawatthours,2026-02-02 10:00:00,-5502.0
2026-02-02T09,CAR,Carolinas,D,Demand,40837,megawatthours,2026-02-02 09:00:00,40837.0
2026-02-02T09,CAR,Carolinas,DF,Day-ahead demand forecast,21740,megawatthours,2026-02-02 09:00:00,21740.0
2026-02-02T09,CAR,Carolinas,NG,Net generation,35927,megawatthours,2026-02-02 09:00:00,35927.0
2026-02-02T09,CAR,Carolinas,TI,Total interchange,-4933,megawatthours,2026-02-02 09:00:00,-4933.0
2026-02-02T08,CAR,Carolinas,D,Demand,40003,megawatthours,2026-02-02 08:00:00,40003.0
2026-02-02T08,CAR,Carolinas,DF,Day-ahead demand forecast,21421,megawatthours,2026-02-02 08:00:00,21421.0
2026-02-02T08,CAR,Carolinas,NG,Net generation,35266,megawatthours,2026-02-02 08:00:00,35266.0
2026-02-02T08,CAR,Carolinas,TI,Total interchange,-4757,megawatthours,2026-02-02 08:00:00,-4757.0
2026-02-02T07,CAR,Carolinas,D,Demand,39262,megawatthours,2026-02-02 07:00:00,39262.0
2026-02-02T07,CAR,Carolinas,DF,Day-ahead demand forecast,21243,megawatthours,2026-02-02 07:00:00,21243.0
2026-02-02T07,CAR,Carolinas,NG,Net generation,34648,megawatthours,2026-02-02 07:00:00,34648.0
2026-02-02T07,CAR,Carolinas,TI,Total interchange,-4638,megawatthours,2026-02-02 07:00:00,-4638.0
2026-02-02T06,CAR,Carolinas,D,Demand,38712,megawatthours,2026-02-02 06:00:00,38712.0
2026-02-02T06,CAR,Carolinas,DF,Day-ahead demand forecast,21172,megawatthours,2026-02-02 06:00:00,21172.0
2026-02-02T06,CAR,Carolinas,NG,Net generation,34886,megawatthours,2026-02-02 06:00:00,34886.0
2026-02-02T06,CAR,Carolinas,TI,Total interchange,-3846,megawatthours,2026-02-02 06:00:00,-3846.0
2026-02-02T05,CAR,Carolinas,D,Demand,38532,megawatthours,2026-02-02 05:00:00,38532.0
2026-02-02T05,CAR,Carolinas,DF,Day-ahead demand forecast,21182,megawatthours,2026-02-02 05:00:00,21182.0
2026-02-02T05,CAR,Carolinas,NG,Net generation,35171,megawatthours,2026-02-02 05:00:00,35171.0
2026-02-02T05,CAR,Carolinas,TI,Total interchange,-3386,megawatthours,2026-02-02 05:00:00,-3386.0
2026-02-02T04,CAR,Carolinas,D,Demand,38723,megawatthours,2026-02-02 04:00:00,38723.0
2026-02-02T04,CAR,Carolinas,DF,Day-ahead demand forecast,21621,megawatthours,2026-02-02 04:00:00,21621.0
2026-02-02T04,CAR,Carolinas,NG,Net generation,35328,megawatthours,2026-02-02 04:00:00,35328.0
2026-02-02T04,CAR,Carolinas,TI,Total interchange,-3424,megawatthours,2026-02-02 04:00:00,-3424.0
2026-02-02T03,CAR,Carolinas,D,Demand,39280,megawatthours,2026-02-02 03:00:00,39280.0
2026-02-02T03,CAR,Carolinas,DF,Day-ahead demand forecast,22092,megawatthours,2026-02-02 03:00:00,22092.0
2026-02-02T03,CAR,Carolinas,NG,Net generation,35859,megawatthours,2026-02-02 03:00:00,35859.0
2026-02-02T03,CAR,Carolinas,TI,Total interchange,-3450,megawatthours,2026-02-02 03:00:00,-3450.0
2026-02-02T02,CAR,Carolinas,D,Demand,39581,megawatthours,2026-02-02 02:00:00,39581.0
2026-02-02T02,CAR,Carolinas,DF,Day-ahead demand forecast,22326,megawatthours,2026-02-02 02:00:00,22326.0
2026-02-02T02,CAR,Carolinas,NG,Net generation,36221,megawatthours,2026-02-02 02:00:00,36221.0
2026-02-02T02,CAR,Carolinas,TI,Total interchange,-3391,megawatthours,2026-02-02 02:00:00,-3391.0
2026-02-02T01,CAR,Carolinas,D,Demand,39741,megawatthours,2026-02-02 01:00:00,39741.0
2026-02-02T01,CAR,Carolinas,DF,Day-ahead demand forecast,22174,megawatthours,2026-02-02 01:00:00,22174.0
2026-02-02T01,CAR,Carolinas,NG,Net generation,36331,megawatthours,2026-02-02 01:00:00,36331.0
2026-02-02T01,CAR,Carolinas,TI,Total interchange,-3437,megawatthours,2026-02-02 01:00:00,-3437.0
2026-02-02T00,CAR,Carolinas,D,Demand,39208,megawatthours,2026-02-02 00:00:00,39208.0
2026-02-02T00,CAR,Carolinas,DF,Day-ahead demand forecast,21539,megawatthours,2026-02-02 00:00:00,21539.0
2026-02-02T00,CAR,Carolinas,NG,Net generation,35857,megawatthours,2026-02-02 00:00:00,35857.0
2026-02-02T00,CAR,Carolinas,TI,Total interchange,-3382,megawatthours,2026-02-02 00:00:00,-3382.0
2026-02-01T23,CAR,Carolinas,D,Demand,36794,megawatthours,2026-02-01 23:00:00,36794.0
2026-02-01T23,CAR,Carolinas,DF,Day-ahead demand forecast,20182,megawatthours,2026-02-01 23:00:00,20182.0
2026-02-01T23,CAR,Carolinas,NG,Net generation,33459,megawatthours,2026-02-01 23:00:00,33459.0
2026-02-01T23,CAR,Carolinas,TI,Total interchange,-3365,megawatthours,2026-02-01 23:00:00,-3365.0
2026-02-01T22,CAR,Carolinas,D,Demand,34434,megawatthours,2026-02-01 22:00:00,34434.0
2026-02-01T22,CAR,Carolinas,DF,Day-ahead demand forecast,19247,megawatthours,2026-02-01 22:00:00,19247.0
2026-02-01T22,CAR,Carolinas,NG,Net generation,31088,megawatthours,2026-02-01 22:00:00,31088.0
2026-02-01T22,CAR,Carolinas,TI,Total interchange,-3380,megawatthours,2026-02-01 22:00:00,-3380.0
2026-02-01T21,CAR,Carolinas,D,Demand,33925,megawatthours,2026-02-01 21:00:00,33925.0
2026-02-01T21,CAR,Carolinas,DF,Day-ahead demand forecast,19044,megawatthours,2026-02-01 21:00:00,19044.0
2026-02-01T21,CAR,Carolinas,NG,Net generation,30760,megawatthours,2026-02-01 21:00:00,30760.0
2026-02-01T21,CAR,Carolinas,TI,Total interchange,-3192,megawatthours,2026-02-01 21:00:00,-3192.0
2026-02-01T20,CAR,Carolinas,D,Demand,34817,megawatthours,2026-02-01 20:00:00,34817.0
2026-02-01T20,CAR,Carolinas,DF,Day-ahead demand forecast,19277,megawatthours,2026-02-01 20:00:00,19277.0
2026-02-01T20,CAR,Carolinas,NG,Net generation,31545,megawatthours,2026-02-01 20:00:00,31545.0
2026-02-01T20,CAR,Carolinas,TI,Total interchange,-3304,megawatthours,2026-02-01 20:00:00,-3304.0
2026-02-01T19,CAR,Carolinas,D,Demand,36271,megawatthours,2026-02-01 19:00:00,36271.0
2026-02-01T19,CAR,Carolinas,DF,Day-ahead demand forecast,19929,megawatthours,2026-02-01 19:00:00,19929.0
2026-02-01T19,CAR,Carolinas,NG,Net generation,32967,megawatthours,2026-02-01 19:00:00,32967.0
2026-02-01T19,CAR,Carolinas,TI,Total interchange,-3337,megawatthours,2026-02-01 19:00:00,-3337.0
2026-02-01T18,CAR,Carolinas,D,Demand,38233,megawatthours,2026-02-01 18:00:00,38233.0
2026-02-01T18,CAR,Carolinas,DF,Day-ahead demand forecast,20868,megawatthours,2026-02-01 18:00:00,20868.0
2026-02-01T18,CAR,Carolinas,NG,Net generation,34785,megawatthours,2026-02-01 18:00:00,34785.0
2026-02-01T18,CAR,Carolinas,TI,Total interchange,-3482,megawatthours,2026-02-01 18:00:00,-3482.0
2026-02-01T17,CAR,Carolinas,D,Demand,40262,megawatthours,2026-02-01 17:00:00,40262.0
2026-02-01T17,CAR,Carolinas,DF,Day-ahead demand forecast,21815,megawatthours,2026-02-01 17:00:00,21815.0
2026-02-01T17,CAR,Carolinas,NG,Net generation,36461,megawatthours,2026-02-01 17:00:00,36461.0
2026-02-01T17,CAR,Carolinas,TI,Total interchange,-3834,megawatthours,2026-02-01 17:00:00,-3834.0
2026-02-01T16,CAR,Carolinas,D,Demand,42411,megawatthours,2026-02-01 16:00:00,42411.0
2026-02-01T16,CAR,Carolinas,DF,Day-ahead demand forecast,23004,megawatthours,2026-02-01 16:00:00,23004.0
2026-02-01T16,CAR,Carolinas,NG,Net generation,38481,megawatthours,2026-02-01 16:00:00,38481.0
2026-02-01T16,CAR,Carolinas,TI,Total interchange,-3961,megawatthours,2026-02-01 16:00:00,-3961.0
2026-02-01T15,CAR,Carolinas,D,Demand,44702,megawatthours,2026-02-01 15:00:00,44702.0
2026-02-01T15,CAR,Carolinas,DF,Day-ahead demand forecast,24243,megawatthours,2026-02-01 15:00:00,24243.0
2026-02-01T15,CAR,Carolinas,NG,Net generation,40244,megawatthours,2026-02-01 15:00:00,40244.0
2026-02-01T15,CAR,Carolinas,TI,Total interchange,-4485,megawatthours,2026-02-01 15:00:00,-4485.0
2026-02-01T14,CAR,Carolinas,D,Demand,45865,megawatthours,2026-02-01 14:00:00,45865.0
2026-02-01T14,CAR,Carolinas,DF,Day-ahead demand forecast,24878,megawatthours,2026-02-01 14:00:00,24878.0
2026-02-01T14,CAR,Carolinas,NG,Net generation,40946,megawatthours,2026-02-01 14:00:00,40946.0
2026-02-01T14,CAR,Carolinas,TI,Total interchange,-4943,megawatthours,2026-02-01 14:00:00,-4943.0
2026-02-01T13,CAR,Carolinas,D,Demand,45833,megawatthours,2026-02-01 13:00:00,45833.0
2026-02-01T13,CAR,Carolinas,DF,Day-ahead demand forecast,24605,megawatthours,2026-02-01 13:00:00,24605.0
2026-02-01T13,CAR,Carolinas,NG,Net generation,40847,megawatthours,2026-02-01 13:00:00,40847.0
2026-02-01T13,CAR,Carolinas,TI,Total interchange,-5012,megawatthours,2026-02-01 13:00:00,-5012.0
2026-02-01T12,CAR,Carolinas,D,Demand,45300,megawatthours,2026-02-01 12:00:00,45300.0
2026-02-01T12,CAR,Carolinas,DF,Day-ahead demand forecast,23906,megawatthours,2026-02-01 12:00:00,23906.0
2026-02-01T12,CAR,Carolinas,NG,Net generation,40649,megawatthours,2026-02-01 12:00:00,40649.0
2026-02-01T12,CAR,Carolinas,TI,Total interchange,-4679,megawatthours,2026-02-01 12:00:00,-4679.0
2026-02-01T11,CAR,Carolinas,D,Demand,44565,megawatthours,2026-02-01 11:00:00,44565.0
2026-02-01T11,CAR,Carolinas,DF,Day-ahead demand forecast,23267,megawatthours,2026-02-01 11:00:00,23267.0
2026-02-01T11,CAR,Carolinas,NG,Net generation,39973,megawatthours,2026-02-01 11:00:00,39973.0
2026-02-01T11,CAR,Carolinas,TI,Total interchange,-4618,megawatthours,2026-02-01 11:00:00,-4618.0
2026-02-01T10,CAR,Carolinas,D,Demand,43943,megawatthours,2026-02-01 10:00:00,43943.0
2026-02-01T10,CAR,Carolinas,DF,Day-ahead demand forecast,22626,megawatthours,2026-02-01 10:00:00,22626.0
2026-02-01T10,CAR,Carolinas,NG,Net generation,39557,megawatthours,2026-02-01 10:00:00,39557.0
2026-02-01T10,CAR,Carolinas,TI,Total interchange,-4412,megawatthours,2026-02-01 10:00:00,-4412.0
2026-02-01T09,CAR,Carolinas,D,Demand,43758,megawatthours,2026-02-01 09:00:00,43758.0
2026-02-01T09,CAR,Carolinas,DF,Day-ahead demand forecast,22158,megawatthours,2026-02-01 09:00:00,22158.0
2026-02-01T09,CAR,Carolinas,NG,Net generation,39493,megawatthours,2026-02-01 09:00:00,39493.0
2026-02-01T09,CAR,Carolinas,TI,Total interchange,-4285,megawatthours,2026-02-01 09:00:00,-4285.0
2026-02-01T08,CAR,Carolinas,D,Demand,43749,megawatthours,2026-02-01 08:00:00,43749.0
2026-02-01T08,CAR,Carolinas,DF,Day-ahead demand forecast,21771,megawatthours,2026-02-01 08:00:00,21771.0
2026-02-01T08,CAR,Carolinas,NG,Net generation,39610,megawatthours,2026-02-01 08:00:00,39610.0
2026-02-01T08,CAR,Carolinas,TI,Total interchange,-4164,megawatthours,2026-02-01 08:00:00,-4164.0
2026-02-01T07,CAR,Carolinas,D,Demand,43831,megawatthours,2026-02-01 07:00:00,43831.0
2026-02-01T07,CAR,Carolinas,DF,Day-ahead demand forecast,21615,megawatthours,2026-02-01 07:00:00,21615.0
2026-02-01T07,CAR,Carolinas,NG,Net generation,39564,megawatthours,2026-02-01 07:00:00,39564.0
2026-02-01T07,CAR,Carolinas,TI,Total interchange,-4291,megawatthours,2026-02-01 07:00:00,-4291.0
2026-02-01T06,CAR,Carolinas,D,Demand,44059,megawatthours,2026-02-01 06:00:00,44059.0
2026-02-01T06,CAR,Carolinas,DF,Day-ahead demand forecast,21517,megawatthours,2026-02-01 06:00:00,21517.0
2026-02-01T06,CAR,Carolinas,NG,Net generation,39632,megawatthours,2026-02-01 06:00:00,39632.0
2026-02-01T06,CAR,Carolinas,TI,Total interchange,-4450,megawatthours,2026-02-01 06:00:00,-4450.0
2026-02-01T05,CAR,Carolinas,D,Demand,44300,megawatthours,2026-02-01 05:00:00,44300.0
2026-02-01T05,CAR,Carolinas,DF,Day-ahead demand forecast,21516,megawatthours,2026-02-01 05:00:00,21516.0
2026-02-01T05,CAR,Carolinas,NG,Net generation,39625,megawatthours,2026-02-01 05:00:00,39625.0
2026-02-01T05,CAR,Carolinas,TI,Total interchange,-4705,megawatthours,2026-02-01 05:00:00,-4705.0
2026-02-01T04,CAR,Carolinas,D,Demand,44804,megawatthours,2026-02-01 04:00:00,44804.0
2026-02-01T04,CAR,Carolinas,DF,Day-ahead demand forecast,21787,megawatthours,2026-02-01 04:00:00,21787.0
2026-02-01T04,CAR,Carolinas,NG,Net generation,40160,megawatthours,2026-02-01 04:00:00,40160.0
2026-02-01T04,CAR,Carolinas,TI,Total interchange,-4676,megawatthours,2026-02-01 04:00:00,-4676.0
2026-02-01T03,CAR,Carolinas,D,Demand,45392,megawatthours,2026-02-01 03:00:00,45392.0
2026-02-01T03,CAR,Carolinas,DF,Day-ahead demand forecast,22147,megawatthours,2026-02-01 03:00:00,22147.0
2026-02-01T03,CAR,Carolinas,NG,Net generation,40616,megawatthours,2026-02-01 03:00:00,40616.0
2026-02-01T03,CAR,Carolinas,TI,Total interchange,-4803,megawatthours,2026-02-01 03:00:00,-4803.0
2026-02-01T02,CAR,Carolinas,D,Demand,45878,megawatthours,2026-02-01 02:00:00,45878.0
2026-02-01T02,CAR,Carolinas,DF,Day-ahead demand forecast,22297,megawatthours,2026-02-01 02:00:00,22297.0
2026-02-01T02,CAR,Carolinas,NG,Net generation,41279,megawatthours,2026-02-01 02:00:00,41279.0
2026-02-01T02,CAR,Carolinas,TI,Total interchange,-4632,megawatthours,2026-02-01 02:00:00,-4632.0
2026-02-01T01,CAR,Carolinas,D,Demand,45906,megawatthours,2026-02-01 01:00:00,45906.0
2026-02-01T01,CAR,Carolinas,DF,Day-ahead demand forecast,22260,megawatthours,2026-02-01 01:00:00,22260.0
2026-02-01T01,CAR,Carolinas,NG,Net generation,41182,megawatthours,2026-02-01 01:00:00,41182.0
2026-02-01T01,CAR,Carolinas,TI,Total interchange,-4756,megawatthours,2026-02-01 01:00:00,-4756.0
2026-02-01T00,CAR,Carolinas,D,Demand,45923,megawatthours,2026-02-01 00:00:00,45923.0
2026-02-01T00,CAR,Carolinas,DF,Day-ahead demand forecast,21905,megawatthours,2026-02-01 00:00:00,21905.0
2026-02-01T00,CAR,Carolinas,NG,Net generation,41554,megawatthours,2026-02-01 00:00:00,41554.0
2026-02-01T00,CAR,Carolinas,TI,Total interchange,-4402,megawatthours,2026-02-01 00:00:00,-4402.0
2026-01-31T23,CAR,Carolinas,D,Demand,45033,megawatthours,2026-01-31 23:00:00,45033.0
2026-01-31T23,CAR,Carolinas,DF,Day-ahead demand forecast,20777,megawatthours,2026-01-31 23:00:00,20777.0
2026-01-31T23,CAR,Carolinas,NG,Net generation,41362,megawatthours,2026-01-31 23:00:00,41362.0
2026-01-31T23,CAR,Carolinas,TI,Total interchange,-3701,megawatthours,2026-01-31 23:00:00,-3701.0
2026-01-31T22,CAR,Carolinas,D,Demand,43845,megawatthours,2026-01-31 22:00:00,43845.0
2026-01-31T22,CAR,Carolinas,DF,Day-ahead demand forecast,19896,megawatthours,2026-01-31 22:00:00,19896.0
2026-01-31T22,CAR,Carolinas,NG,Net generation,40538,megawatthours,2026-01-31 22:00:00,40538.0
2026-01-31T22,CAR,Carolinas,TI,Total interchange,-3340,megawatthours,2026-01-31 22:00:00,-3340.0
2026-01-31T21,CAR,Carolinas,D,Demand,42824,megawatthours,2026-01-31 21:00:00,42824.0
2026-01-31T21,CAR,Carolinas,DF,Day-ahead demand forecast,19526,megawatthours,2026-01-31 21:00:00,19526.0
2026-01-31T21,CAR,Carolinas,NG,Net generation,39344,megawatthours,2026-01-31 21:00:00,39344.0
2026-01-31T21,CAR,Carolinas,TI,Total interchange,-3506,megawatthours,2026-01-31 21:00:00,-3506.0
2026-01-31T20,CAR,Carolinas,D,Demand,42357,megawatthours,2026-01-31 20:00:00,42357.0
2026-01-31T20,CAR,Carolinas,DF,Day-ahead demand forecast,19794,megawatthours,2026-01-31 20:00:00,19794.0
2026-01-31T20,CAR,Carolinas,NG,Net generation,39057,megawatthours,2026-01-31 20:00:00,39057.0
2026-01-31T20,CAR,Carolinas,TI,Total interchange,-3328,megawatthours,2026-01-31 20:00:00,-3328.0
2026-01-31T19,CAR,Carolinas,D,Demand,42272,megawatthours,2026-01-31 19:00:00,42272.0
2026-01-31T19,CAR,Carolinas,DF,Day-ahead demand forecast,20332,megawatthours,2026-01-31 19:00:00,20332.0
2026-01-31T19,CAR,Carolinas,NG,Net generation,39198,megawatthours,2026-01-31 19:00:00,39198.0
2026-01-31T19,CAR,Carolinas,TI,Total interchange,-3098,megawatthours,2026-01-31 19:00:00,-3098.0
2026-01-31T18,CAR,Carolinas,D,Demand,42400,megawatthours,2026-01-31 18:00:00,42400.0
2026-01-31T18,CAR,Carolinas,DF,Day-ahead demand forecast,21007,megawatthours,2026-01-31 18:00:00,21007.0
2026-01-31T18,CAR,Carolinas,NG,Net generation,39222,megawatthours,2026-01-31 18:00:00,39222.0
2026-01-31T18,CAR,Carolinas,TI,Total interchange,-3203,megawatthours,2026-01-31 18:00:00,-3203.0
2026-01-31T17,CAR,Carolinas,D,Demand,42198,megawatthours,2026-01-31 17:00:00,42198.0
2026-01-31T17,CAR,Carolinas,DF,Day-ahead demand forecast,21648,megawatthours,2026-01-31 17:00:00,21648.0
2026-01-31T17,CAR,Carolinas,NG,Net generation,39346,megawatthours,2026-01-31 17:00:00,39346.0
2026-01-31T17,CAR,Carolinas,TI,Total interchange,-2877,megawatthours,2026-01-31 17:00:00,-2877.0
2026-01-31T16,CAR,Carolinas,D,Demand,42027,megawatthours,2026-01-31 16:00:00,42027.0
2026-01-31T16,CAR,Carolinas,DF,Day-ahead demand forecast,22576,megawatthours,2026-01-31 16:00:00,22576.0
2026-01-31T16,CAR,Carolinas,NG,Net generation,39117,megawatthours,2026-01-31 16:00:00,39117.0
2026-01-31T16,CAR,Carolinas,TI,Total interchange,-2934,megawatthours,2026-01-31 16:00:00,-2934.0
2026-01-31T15,CAR,Carolinas,D,Demand,41081,megawatthours,2026-01-31 15:00:00,41081.0
2026-01-31T15,CAR,Carolinas,DF,Day-ahead demand forecast,23517,megawatthours,2026-01-31 15:00:00,23517.0
2026-01-31T15,CAR,Carolinas,NG,Net generation,38273,megawatthours,2026-01-31 15:00:00,38273.0
2026-01-31T15,CAR,Carolinas,TI,Total interchange,-2838,megawatthours,2026-01-31 15:00:00,-2838.0
2026-01-31T14,CAR,Carolinas,D,Demand,39431,megawatthours,2026-01-31 14:00:00,39431.0
2026-01-31T14,CAR,Carolinas,DF,Day-ahead demand forecast,24086,megawatthours,2026-01-31 14:00:00,24086.0
2026-01-31T14,CAR,Carolinas,NG,Net generation,36934,megawatthours,2026-01-31 14:00:00,36934.0
2026-01-31T14,CAR,Carolinas,TI,Total interchange,-2530,megawatthours,2026-01-31 14:00:00,-2530.0
2026-01-31T13,CAR,Carolinas,D,Demand,37711,megawatthours,2026-01-31 13:00:00,37711.0
2026-01-31T13,CAR,Carolinas,DF,Day-ahead demand forecast,23733,megawatthours,2026-01-31 13:00:00,23733.0
2026-01-31T13,CAR,Carolinas,NG,Net generation,35290,megawatthours,2026-01-31 13:00:00,35290.0
2026-01-31T13,CAR,Carolinas,TI,Total interchange,-2446,megawatthours,2026-01-31 13:00:00,-2446.0
2026-01-31T12,CAR,Carolinas,D,Demand,36259,megawatthours,2026-01-31 12:00:00,36259.0
2026-01-31T12,CAR,Carolinas,DF,Day-ahead demand forecast,22809,megawatthours,2026-01-31 12:00:00,22809.0
2026-01-31T12,CAR,Carolinas,NG,Net generation,33793,megawatthours,2026-01-31 12:00:00,33793.0
2026-01-31T12,CAR,Carolinas,TI,Total interchange,-2500,megawatthours,2026-01-31 12:00:00,-2500.0
2026-01-31T11,CAR,Carolinas,D,Demand,35057,megawatthours,2026-01-31 11:00:00,35057.0
2026-01-31T11,CAR,Carolinas,DF,Day-ahead demand forecast,21878,megawatthours,2026-01-31 11:00:00,21878.0
2026-01-31T11,CAR,Carolinas,NG,Net generation,32719,megawatthours,2026-01-31 11:00:00,32719.0
2026-01-31T11,CAR,Carolinas,TI,Total interchange,-2364,megawatthours,2026-01-31 11:00:00,-2364.0
2026-01-31T10,CAR,Carolinas,D,Demand,34125,megawatthours,2026-01-31 10:00:00,34125.0
2026-01-31T10,CAR,Carolinas,DF,Day-ahead demand forecast,21145,megawatthours,2026-01-31 10:00:00,21145.0
2026-01-31T10,CAR,Carolinas,NG,Net generation,31771,megawatthours,2026-01-31 10:00:00,31771.0
2026-01-31T10,CAR,Carolinas,TI,Total interchange,-2385,megawatthours,2026-01-31 10:00:00,-2385.0
2026-01-31T09,CAR,Carolinas,D,Demand,33491,megawatthours,2026-01-31 09:00:00,33491.0
2026-01-31T09,CAR,Carolinas,DF,Day-ahead demand forecast,20577,megawatthours,2026-01-31 09:00:00,20577.0
2026-01-31T09,CAR,Carolinas,NG,Net generation,31051,megawatthours,2026-01-31 09:00:00,31051.0
2026-01-31T09,CAR,Carolinas,TI,Total interchange,-2471,megawatthours,2026-01-31 09:00:00,-2471.0
2026-01-31T08,CAR,Carolinas,D,Demand,33279,megawatthours,2026-01-31 08:00:00,33279.0
2026-01-31T08,CAR,Carolinas,DF,Day-ahead demand forecast,20211,megawatthours,2026-01-31 08:00:00,20211.0
2026-01-31T08,CAR,Carolinas,NG,Net generation,30886,megawatthours,2026-01-31 08:00:00,30886.0
2026-01-31T08,CAR,Carolinas,TI,Total interchange,-2423,megawatthours,2026-01-31 08:00:00,-2423.0
2026-01-31T07,CAR,Carolinas,D,Demand,33165,megawatthours,2026-01-31 07:00:00,33165.0
2026-01-31T07,CAR,Carolinas,DF,Day-ahead demand forecast,20099,megawatthours,2026-01-31 07:00:00,20099.0
2026-01-31T07,CAR,Carolinas,NG,Net generation,30700,megawatthours,2026-01-31 07:00:00,30700.0
2026-01-31T07,CAR,Carolinas,TI,Total interchange,-2496,megawatthours,2026-01-31 07:00:00,-2496.0
2026-01-31T06,CAR,Carolinas,D,Demand,33240,megawatthours,2026-01-31 06:00:00,33240.0
2026-01-31T06,CAR,Carolinas,DF,Day-ahead demand forecast,19769,megawatthours,2026-01-31 06:00:00,19769.0
2026-01-31T06,CAR,Carolinas,NG,Net generation,30784,megawatthours,2026-01-31 06:00:00,30784.0
2026-01-31T06,CAR,Carolinas,TI,Total interchange,-2485,megawatthours,2026-01-31 06:00:00,-2485.0
2026-01-31T05,CAR,Carolinas,D,Demand,33649,megawatthours,2026-01-31 05:00:00,33649.0
2026-01-31T05,CAR,Carolinas,DF,Day-ahead demand forecast,19894,megawatthours,2026-01-31 05:00:00,19894.0
2026-01-31T05,CAR,Carolinas,NG,Net generation,31537,megawatthours,2026-01-31 05:00:00,31537.0
2026-01-31T05,CAR,Carolinas,TI,Total interchange,-2147,megawatthours,2026-01-31 05:00:00,-2147.0
2026-01-31T04,CAR,Carolinas,D,Demand,34251,megawatthours,2026-01-31 04:00:00,34251.0
2026-01-31T04,CAR,Carolinas,DF,Day-ahead demand forecast,20112,megawatthours,2026-01-31 04:00:00,20112.0
2026-01-31T04,CAR,Carolinas,NG,Net generation,32386,megawatthours,2026-01-31 04:00:00,32386.0
2026-01-31T04,CAR,Carolinas,TI,Total interchange,-1902,megawatthours,2026-01-31 04:00:00,-1902.0
2026-01-31T03,CAR,Carolinas,D,Demand,34910,megawatthours,2026-01-31 03:00:00,34910.0
2026-01-31T03,CAR,Carolinas,DF,Day-ahead demand forecast,20591,megawatthours,2026-01-31 03:00:00,20591.0
2026-01-31T03,CAR,Carolinas,NG,Net generation,32893,megawatthours,2026-01-31 03:00:00,32893.0
2026-01-31T03,CAR,Carolinas,TI,Total interchange,-2037,megawatthours,2026-01-31 03:00:00,-2037.0
2026-01-31T02,CAR,Carolinas,D,Demand,35107,megawatthours,2026-01-31 02:00:00,35107.0
2026-01-31T02,CAR,Carolinas,DF,Day-ahead demand forecast,20786,megawatthours,2026-01-31 02:00:00,20786.0
2026-01-31T02,CAR,Carolinas,NG,Net generation,33243,megawatthours,2026-01-31 02:00:00,33243.0
2026-01-31T02,CAR,Carolinas,TI,Total interchange,-1889,megawatthours,2026-01-31 02:00:00,-1889.0
2026-01-31T01,CAR,Carolinas,D,Demand,35076,megawatthours,2026-01-31 01:00:00,35076.0
2026-01-31T01,CAR,Carolinas,DF,Day-ahead demand forecast,20871,megawatthours,2026-01-31 01:00:00,20871.0
2026-01-31T01,CAR,Carolinas,NG,Net generation,33014,megawatthours,2026-01-31 01:00:00,33014.0
2026-01-31T01,CAR,Carolinas,TI,Total interchange,-2086,megawatthours,2026-01-31 01:00:00,-2086.0
2026-01-31T00,CAR,Carolinas,D,Demand,34752,megawatthours,2026-01-31 00:00:00,34752.0
2026-01-31T00,CAR,Carolinas,DF,Day-ahead demand forecast,20451,megawatthours,2026-01-31 00:00:00,20451.0
2026-01-31T00,CAR,Carolinas,NG,Net generation,32708,megawatthours,2026-01-31 00:00:00,32708.0
2026-01-31T00,CAR,Carolinas,TI,Total interchange,-2068,megawatthours,2026-01-31 00:00:00,-2068.0
2026-01-30T23,CAR,Carolinas,D,Demand,33068,megawatthours,2026-01-30 23:00:00,33068.0
2026-01-30T23,CAR,Carolinas,DF,Day-ahead demand forecast,19454,megawatthours,2026-01-30 23:00:00,19454.0
2026-01-30T23,CAR,Carolinas,NG,Net generation,31160,megawatthours,2026-01-30 23:00:00,31160.0
2026-01-30T23,CAR,Carolinas,TI,Total interchange,-1932,megawatthours,2026-01-30 23:00:00,-1932.0
2026-01-30T22,CAR,Carolinas,D,Demand,31421,megawatthours,2026-01-30 22:00:00,31421.0
2026-01-30T22,CAR,Carolinas,DF,Day-ahead demand forecast,18539,megawatthours,2026-01-30 22:00:00,18539.0
2026-01-30T22,CAR,Carolinas,NG,Net generation,29524,megawatthours,2026-01-30 22:00:00,29524.0
2026-01-30T22,CAR,Carolinas,TI,Total interchange,-1921,megawatthours,2026-01-30 22:00:00,-1921.0
2026-01-30T21,CAR,Carolinas,D,Demand,30667,megawatthours,2026-01-30 21:00:00,30667.0
2026-01-30T21,CAR,Carolinas,DF,Day-ahead demand forecast,18239,megawatthours,2026-01-30 21:00:00,18239.0
2026-01-30T21,CAR,Carolinas,NG,Net generation,28835,megawatthours,2026-01-30 21:00:00,28835.0
2026-01-30T21,CAR,Carolinas,TI,Total interchange,-1854,megawatthours,2026-01-30 21:00:00,-1854.0
2026-01-30T20,CAR,Carolinas,D,Demand,30684,megawatthours,2026-01-30 20:00:00,30684.0
2026-01-30T20,CAR,Carolinas,DF,Day-ahead demand forecast,18518,megawatthours,2026-01-30 20:00:00,18518.0
2026-01-30T20,CAR,Carolinas,NG,Net generation,28852,megawatthours,2026-01-30 20:00:00,28852.0
2026-01-30T20,CAR,Carolinas,TI,Total interchange,-1853,megawatthours,2026-01-30 20:00:00,-1853.0
2026-01-30T19,CAR,Carolinas,D,Demand,31665,megawatthours,2026-01-30 19:00:00,31665.0
2026-01-30T19,CAR,Carolinas,DF,Day-ahead demand forecast,19023,megawatthours,2026-01-30 19:00:00,19023.0
2026-01-30T19,CAR,Carolinas,NG,Net generation,29779,megawatthours,2026-01-30 19:00:00,29779.0
2026-01-30T19,CAR,Carolinas,TI,Total interchange,-1913,megawatthours,2026-01-30 19:00:00,-1913.0
2026-01-30T18,CAR,Carolinas,D,Demand,33066,megawatthours,2026-01-30 18:00:00,33066.0
2026-01-30T18,CAR,Carolinas,DF,Day-ahead demand forecast,19865,megawatthours,2026-01-30 18:00:00,19865.0
2026-01-30T18,CAR,Carolinas,NG,Net generation,31273,megawatthours,2026-01-30 18:00:00,31273.0
2026-01-30T18,CAR,Carolinas,TI,Total interchange,-1811,megawatthours,2026-01-30 18:00:00,-1811.0
2026-01-30T17,CAR,Carolinas,D,Demand,34922,megawatthours,2026-01-30 17:00:00,34922.0
2026-01-30T17,CAR,Carolinas,DF,Day-ahead demand forecast,20946,megawatthours,2026-01-30 17:00:00,20946.0
2026-01-30T17,CAR,Carolinas,NG,Net generation,33071,megawatthours,2026-01-30 17:00:00,33071.0
2026-01-30T17,CAR,Carolinas,TI,Total interchange,-1875,megawatthours,2026-01-30 17:00:00,-1875.0
2026-01-30T16,CAR,Carolinas,D,Demand,37238,megawatthours,2026-01-30 16:00:00,37238.0
2026-01-30T16,CAR,Carolinas,DF,Day-ahead demand forecast,22373,megawatthours,2026-01-30 16:00:00,22373.0
2026-01-30T16,CAR,Carolinas,NG,Net generation,35305,megawatthours,2026-01-30 16:00:00,35305.0
2026-01-30T16,CAR,Carolinas,TI,Total interchange,-1949,megawatthours,2026-01-30 16:00:00,-1949.0
2026-01-30T15,CAR,Carolinas,D,Demand,39814,megawatthours,2026-01-30 15:00:00,39814.0
2026-01-30T15,CAR,Carolinas,DF,Day-ahead demand forecast,23911,megawatthours,2026-01-30 15:00:00,23911.0
2026-01-30T15,CAR,Carolinas,NG,Net generation,37526,megawatthours,2026-01-30 15:00:00,37526.0
2026-01-30T15,CAR,Carolinas,TI,Total interchange,-2305,megawatthours,2026-01-30 15:00:00,-2305.0
2026-01-30T14,CAR,Carolinas,D,Demand,42426,megawatthours,2026-01-30 14:00:00,42426.0
2026-01-30T14,CAR,Carolinas,DF,Day-ahead demand forecast,25149,megawatthours,2026-01-30 14:00:00,25149.0
2026-01-30T14,CAR,Carolinas,NG,Net generation,39598,megawatthours,2026-01-30 14:00:00,39598.0
2026-01-30T14,CAR,Carolinas,TI,Total interchange,-2839,megawatthours,2026-01-30 14:00:00,-2839.0
2026-01-30T13,CAR,Carolinas,D,Demand,43375,megawatthours,2026-01-30 13:00:00,43375.0
2026-01-30T13,CAR,Carolinas,DF,Day-ahead demand forecast,25463,megawatthours,2026-01-30 13:00:00,25463.0
2026-01-30T13,CAR,Carolinas,NG,Net generation,40509,megawatthours,2026-01-30 13:00:00,40509.0
2026-01-30T13,CAR,Carolinas,TI,Total interchange,-2884,megawatthours,2026-01-30 13:00:00,-2884.0
2026-01-30T12,CAR,Carolinas,D,Demand,42343,megawatthours,2026-01-30 12:00:00,42343.0
2026-01-30T12,CAR,Carolinas,DF,Day-ahead demand forecast,24594,megawatthours,2026-01-30 12:00:00,24594.0
2026-01-30T12,CAR,Carolinas,NG,Net generation,39433,megawatthours,2026-01-30 12:00:00,39433.0
2026-01-30T12,CAR,Carolinas,TI,Total interchange,-2926,megawatthours,2026-01-30 12:00:00,-2926.0
2026-01-30T11,CAR,Carolinas,D,Demand,40202,megawatthours,2026-01-30 11:00:00,40202.0
2026-01-30T11,CAR,Carolinas,DF,Day-ahead demand forecast,23006,megawatthours,2026-01-30 11:00:00,23006.0
2026-01-30T11,CAR,Carolinas,NG,Net generation,37442,megawatthours,2026-01-30 11:00:00,37442.0
2026-01-30T11,CAR,Carolinas,TI,Total interchange,-2773,megawatthours,2026-01-30 11:00:00,-2773.0
2026-01-30T10,CAR,Carolinas,D,Demand,38416,megawatthours,2026-01-30 10:00:00,38416.0
2026-01-30T10,CAR,Carolinas,DF,Day-ahead demand forecast,21779,megawatthours,2026-01-30 10:00:00,21779.0
2026-01-30T10,CAR,Carolinas,NG,Net generation,36094,megawatthours,2026-01-30 10:00:00,36094.0
2026-01-30T10,CAR,Carolinas,TI,Total interchange,-2341,megawatthours,2026-01-30 10:00:00,-2341.0
2026-01-30T09,CAR,Carolinas,D,Demand,37343,megawatthours,2026-01-30 09:00:00,37343.0
2026-01-30T09,CAR,Carolinas,DF,Day-ahead demand forecast,21045,megawatthours,2026-01-30 09:00:00,21045.0
2026-01-30T09,CAR,Carolinas,NG,Net generation,35091,megawatthours,2026-01-30 09:00:00,35091.0
2026-01-30T09,CAR,Carolinas,TI,Total interchange,-2270,megawatthours,2026-01-30 09:00:00,-2270.0
2026-01-30T08,CAR,Carolinas,D,Demand,36719,megawatthours,2026-01-30 08:00:00,36719.0
2026-01-30T08,CAR,Carolinas,DF,Day-ahead demand forecast,20627,megawatthours,2026-01-30 08:00:00,20627.0
2026-01-30T08,CAR,Carolinas,NG,Net generation,34701,megawatthours,2026-01-30 08:00:00,34701.0
2026-01-30T08,CAR,Carolinas,TI,Total interchange,-2036,megawatthours,2026-01-30 08:00:00,-2036.0
2026-01-30T07,CAR,Carolinas,D,Demand,36395,megawatthours,2026-01-30 07:00:00,36395.0
2026-01-30T07,CAR,Carolinas,DF,Day-ahead demand forecast,20403,megawatthours,2026-01-30 07:00:00,20403.0
2026-01-30T07,CAR,Carolinas,NG,Net generation,34411,megawatthours,2026-01-30 07:00:00,34411.0
2026-01-30T07,CAR,Carolinas,TI,Total interchange,-2002,megawatthours,2026-01-30 07:00:00,-2002.0
2026-01-30T06,CAR,Carolinas,D,Demand,36090,megawatthours,2026-01-30 06:00:00,36090.0
2026-01-30T06,CAR,Carolinas,DF,Day-ahead demand forecast,20241,megawatthours,2026-01-30 06:00:00,20241.0
2026-01-30T06,CAR,Carolinas,NG,Net generation,34230,megawatthours,2026-01-30 06:00:00,34230.0
2026-01-30T06,CAR,Carolinas,TI,Total interchange,-1881,megawatthours,2026-01-30 06:00:00,-1881.0
2026-01-30T05,CAR,Carolinas,D,Demand,36176,megawatthours,2026-01-30 05:00:00,36176.0
2026-01-30T05,CAR,Carolinas,DF,Day-ahead demand forecast,20572,megawatthours,2026-01-30 05:00:00,20572.0
2026-01-30T05,CAR,Carolinas,NG,Net generation,34142,megawatthours,2026-01-30 05:00:00,34142.0
2026-01-30T05,CAR,Carolinas,TI,Total interchange,-2057,megawatthours,2026-01-30 05:00:00,-2057.0
2026-01-30T04,CAR,Carolinas,D,Demand,36707,megawatthours,2026-01-30 04:00:00,36707.0
2026-01-30T04,CAR,Carolinas,DF,Day-ahead demand forecast,21017,megawatthours,2026-01-30 04:00:00,21017.0
2026-01-30T04,CAR,Carolinas,NG,Net generation,34940,megawatthours,2026-01-30 04:00:00,34940.0
2026-01-30T04,CAR,Carolinas,TI,Total interchange,-1788,megawatthours,2026-01-30 04:00:00,-1788.0
2026-01-30T03,CAR,Carolinas,D,Demand,37468,megawatthours,2026-01-30 03:00:00,37468.0
2026-01-30T03,CAR,Carolinas,DF,Day-ahead demand forecast,21627,megawatthours,2026-01-30 03:00:00,21627.0
2026-01-30T03,CAR,Carolinas,NG,Net generation,35619,megawatthours,2026-01-30 03:00:00,35619.0
2026-01-30T03,CAR,Carolinas,TI,Total interchange,-1873,megawatthours,2026-01-30 03:00:00,-1873.0
2026-01-30T02,CAR,Carolinas,D,Demand,37757,megawatthours,2026-01-30 02:00:00,37757.0
2026-01-30T02,CAR,Carolinas,DF,Day-ahead demand forecast,21951,megawatthours,2026-01-30 02:00:00,21951.0
2026-01-30T02,CAR,Carolinas,NG,Net generation,35818,megawatthours,2026-01-30 02:00:00,35818.0
2026-01-30T02,CAR,Carolinas,TI,Total interchange,-1963,megawatthours,2026-01-30 02:00:00,-1963.0
2026-01-30T01,CAR,Carolinas,D,Demand,37394,megawatthours,2026-01-30 01:00:00,37394.0
2026-01-30T01,CAR,Carolinas,DF,Day-ahead demand forecast,21983,megawatthours,2026-01-30 01:00:00,21983.0
2026-01-30T01,CAR,Carolinas,NG,Net generation,35469,megawatthours,2026-01-30 01:00:00,35469.0
2026-01-30T01,CAR,Carolinas,TI,Total interchange,-1951,megawatthours,2026-01-30 01:00:00,-1951.0
2026-01-30T00,CAR,Carolinas,D,Demand,36575,megawatthours,2026-01-30 00:00:00,36575.0
2026-01-30T00,CAR,Carolinas,DF,Day-ahead demand forecast,21456,megawatthours,2026-01-30 00:00:00,21456.0
2026-01-30T00,CAR,Carolinas,NG,Net generation,34619,megawatthours,2026-01-30 00:00:00,34619.0
2026-01-30T00,CAR,Carolinas,TI,Total interchange,-1985,megawatthours,2026-01-30 00:00:00,-1985.0
2026-01-29T23,CAR,Carolinas,D,Demand,34422,megawatthours,2026-01-29 23:00:00,34422.0
2026-01-29T23,CAR,Carolinas,DF,Day-ahead demand forecast,20196,megawatthours,2026-01-29 23:00:00,20196.0
2026-01-29T23,CAR,Carolinas,NG,Net generation,32601,megawatthours,2026-01-29 23:00:00,32601.0
2026-01-29T23,CAR,Carolinas,TI,Total interchange,-1844,megawatthours,2026-01-29 23:00:00,-1844.0
2026-01-29T22,CAR,Carolinas,D,Demand,32606,megawatthours,2026-01-29 22:00:00,32606.0
2026-01-29T22,CAR,Carolinas,DF,Day-ahead demand forecast,19182,megawatthours,2026-01-29 22:00:00,19182.0
2026-01-29T22,CAR,Carolinas,NG,Net generation,30495,megawatthours,2026-01-29 22:00:00,30495.0
2026-01-29T22,CAR,Carolinas,TI,Total interchange,-2137,megawatthours,2026-01-29 22:00:00,-2137.0
2026-01-29T21,CAR,Carolinas,D,Demand,31598,megawatthours,2026-01-29 21:00:00,31598.0
2026-01-29T21,CAR,Carolinas,DF,Day-ahead demand forecast,18846,megawatthours,2026-01-29 21:00:00,18846.0
2026-01-29T21,CAR,Carolinas,NG,Net generation,29628,megawatthours,2026-01-29 21:00:00,29628.0
2026-01-29T21,CAR,Carolinas,TI,Total interchange,-1996,megawatthours,2026-01-29 21:00:00,-1996.0
2026-01-29T20,CAR,Carolinas,D,Demand,31575,megawatthours,2026-01-29 20:00:00,31575.0
2026-01-29T20,CAR,Carolinas,DF,Day-ahead demand forecast,19139,megawatthours,2026-01-29 20:00:00,19139.0
2026-01-29T20,CAR,Carolinas,NG,Net generation,29601,megawatthours,2026-01-29 20:00:00,29601.0
2026-01-29T20,CAR,Carolinas,TI,Total interchange,-1995,megawatthours,2026-01-29 20:00:00,-1995.0
2026-01-29T19,CAR,Carolinas,D,Demand,32246,megawatthours,2026-01-29 19:00:00,32246.0
2026-01-29T19,CAR,Carolinas,DF,Day-ahead demand forecast,19680,megawatthours,2026-01-29 19:00:00,19680.0
2026-01-29T19,CAR,Carolinas,NG,Net generation,30302,megawatthours,2026-01-29 19:00:00,30302.0
2026-01-29T19,CAR,Carolinas,TI,Total interchange,-1968,megawatthours,2026-01-29 19:00:00,-1968.0
2026-01-29T18,CAR,Carolinas,D,Demand,33103,megawatthours,2026-01-29 18:00:00,33103.0
2026-01-29T18,CAR,Carolinas,DF,Day-ahead demand forecast,20426,megawatthours,2026-01-29 18:00:00,20426.0
2026-01-29T18,CAR,Carolinas,NG,Net generation,31294,megawatthours,2026-01-29 18:00:00,31294.0
2026-01-29T18,CAR,Carolinas,TI,Total interchange,-1832,megawatthours,2026-01-29 18:00:00,-1832.0
2026-01-29T17,CAR,Carolinas,D,Demand,34710,megawatthours,2026-01-29 17:00:00,34710.0
2026-01-29T17,CAR,Carolinas,DF,Day-ahead demand forecast,21378,megawatthours,2026-01-29 17:00:00,21378.0
2026-01-29T17,CAR,Carolinas,NG,Net generation,32893,megawatthours,2026-01-29 17:00:00,32893.0
2026-01-29T17,CAR,Carolinas,TI,Total interchange,-1844,megawatthours,2026-01-29 17:00:00,-1844.0
2026-01-29T16,CAR,Carolinas,D,Demand,36715,megawatthours,2026-01-29 16:00:00,36715.0
2026-01-29T16,CAR,Carolinas,DF,Day-ahead demand forecast,22626,megawatthours,2026-01-29 16:00:00,22626.0
2026-01-29T16,CAR,Carolinas,NG,Net generation,34975,megawatthours,2026-01-29 16:00:00,34975.0
2026-01-29T16,CAR,Carolinas,TI,Total interchange,-1766,megawatthours,2026-01-29 16:00:00,-1766.0
2026-01-29T15,CAR,Carolinas,D,Demand,38957,megawatthours,2026-01-29 15:00:00,38957.0
2026-01-29T15,CAR,Carolinas,DF,Day-ahead demand forecast,24066,megawatthours,2026-01-29 15:00:00,24066.0
2026-01-29T15,CAR,Carolinas,NG,Net generation,37211,megawatthours,2026-01-29 15:00:00,37211.0
2026-01-29T15,CAR,Carolinas,TI,Total interchange,-1771,megawatthours,2026-01-29 15:00:00,-1771.0
2026-01-29T14,CAR,Carolinas,D,Demand,41300,megawatthours,2026-01-29 14:00:00,41300.0
2026-01-29T14,CAR,Carolinas,DF,Day-ahead demand forecast,25315,megawatthours,2026-01-29 14:00:00,25315.0
2026-01-29T14,CAR,Carolinas,NG,Net generation,39173,megawatthours,2026-01-29 14:00:00,39173.0
2026-01-29T14,CAR,Carolinas,TI,Total interchange,-2158,megawatthours,2026-01-29 14:00:00,-2158.0
2026-01-29T13,CAR,Carolinas,D,Demand,42307,megawatthours,2026-01-29 13:00:00,42307.0
2026-01-29T13,CAR,Carolinas,DF,Day-ahead demand forecast,25663,megawatthours,2026-01-29 13:00:00,25663.0
2026-01-29T13,CAR,Carolinas,NG,Net generation,39960,megawatthours,2026-01-29 13:00:00,39960.0
2026-01-29T13,CAR,Carolinas,TI,Total interchange,-2374,megawatthours,2026-01-29 13:00:00,-2374.0
2026-01-29T12,CAR,Carolinas,D,Demand,40911,megawatthours,2026-01-29 12:00:00,40911.0
2026-01-29T12,CAR,Carolinas,DF,Day-ahead demand forecast,24593,megawatthours,2026-01-29 12:00:00,24593.0
2026-01-29T12,CAR,Carolinas,NG,Net generation,38603,megawatthours,2026-01-29 12:00:00,38603.0
2026-01-29T12,CAR,Carolinas,TI,Total interchange,-2337,megawatthours,2026-01-29 12:00:00,-2337.0
2026-01-29T11,CAR,Carolinas,D,Demand,38155,megawatthours,2026-01-29 11:00:00,38155.0
2026-01-29T11,CAR,Carolinas,DF,Day-ahead demand forecast,22884,megawatthours,2026-01-29 11:00:00,22884.0
2026-01-29T11,CAR,Carolinas,NG,Net generation,36073,megawatthours,2026-01-29 11:00:00,36073.0
2026-01-29T11,CAR,Carolinas,TI,Total interchange,-2106,megawatthours,2026-01-29 11:00:00,-2106.0
2026-01-29T10,CAR,Carolinas,D,Demand,35914,megawatthours,2026-01-29 10:00:00,35914.0
2026-01-29T10,CAR,Carolinas,DF,Day-ahead demand forecast,21435,megawatthours,2026-01-29 10:00:00,21435.0
2026-01-29T10,CAR,Carolinas,NG,Net generation,34070,megawatthours,2026-01-29 10:00:00,34070.0
2026-01-29T10,CAR,Carolinas,TI,Total interchange,-1869,megawatthours,2026-01-29 10:00:00,-1869.0
2026-01-29T09,CAR,Carolinas,D,Demand,34621,megawatthours,2026-01-29 09:00:00,34621.0
2026-01-29T09,CAR,Carolinas,DF,Day-ahead demand forecast,20600,megawatthours,2026-01-29 09:00:00,20600.0
2026-01-29T09,CAR,Carolinas,NG,Net generation,32772,megawatthours,2026-01-29 09:00:00,32772.0
2026-01-29T09,CAR,Carolinas,TI,Total interchange,-1871,megawatthours,2026-01-29 09:00:00,-1871.0
2026-01-29T08,CAR,Carolinas,D,Demand,33917,megawatthours,2026-01-29 08:00:00,33917.0
2026-01-29T08,CAR,Carolinas,DF,Day-ahead demand forecast,20206,megawatthours,2026-01-29 08:00:00,20206.0
2026-01-29T08,CAR,Carolinas,NG,Net generation,32166,megawatthours,2026-01-29 08:00:00,32166.0
2026-01-29T08,CAR,Carolinas,TI,Total interchange,-1773,megawatthours,2026-01-29 08:00:00,-1773.0
2026-01-29T07,CAR,Carolinas,D,Demand,33509,megawatthours,2026-01-29 07:00:00,33509.0
2026-01-29T07,CAR,Carolinas,DF,Day-ahead demand forecast,20024,megawatthours,2026-01-29 07:00:00,20024.0
2026-01-29T07,CAR,Carolinas,NG,Net generation,31690,megawatthours,2026-01-29 07:00:00,31690.0
2026-01-29T07,CAR,Carolinas,TI,Total interchange,-1844,megawatthours,2026-01-29 07:00:00,-1844.0
2026-01-29T06,CAR,Carolinas,D,Demand,33409,megawatthours,2026-01-29 06:00:00,33409.0
2026-01-29T06,CAR,Carolinas,DF,Day-ahead demand forecast,19865,megawatthours,2026-01-29 06:00:00,19865.0
2026-01-29T06,CAR,Carolinas,NG,Net generation,31405,megawatthours,2026-01-29 06:00:00,31405.0
2026-01-29T06,CAR,Carolinas,TI,Total interchange,-2023,megawatthours,2026-01-29 06:00:00,-2023.0
2026-01-29T05,CAR,Carolinas,D,Demand,33768,megawatthours,2026-01-29 05:00:00,33768.0
2026-01-29T05,CAR,Carolinas,DF,Day-ahead demand forecast,16255,megawatthours,2026-01-29 05:00:00,16255.0
2026-01-29T05,CAR,Carolinas,NG,Net generation,31978,megawatthours,2026-01-29 05:00:00,31978.0
2026-01-29T05,CAR,Carolinas,TI,Total interchange,-1816,megawatthours,2026-01-29 05:00:00,-1816.0
2026-01-29T04,CAR,Carolinas,D,Demand,34693,megawatthours,2026-01-29 04:00:00,34693.0
2026-01-29T04,CAR,Carolinas,DF,Day-ahead demand forecast,16683,megawatthours,2026-01-29 04:00:00,16683.0
2026-01-29T04,CAR,Carolinas,NG,Net generation,32963,megawatthours,2026-01-29 04:00:00,32963.0
2026-01-29T04,CAR,Carolinas,TI,Total interchange,-1753,megawatthours,2026-01-29 04:00:00,-1753.0
2026-01-29T03,CAR,Carolinas,D,Demand,35510,megawatthours,2026-01-29 03:00:00,35510.0
2026-01-29T03,CAR,Carolinas,DF,Day-ahead demand forecast,17297,megawatthours,2026-01-29 03:00:00,17297.0
2026-01-29T03,CAR,Carolinas,NG,Net generation,33754,megawatthours,2026-01-29 03:00:00,33754.0
2026-01-29T03,CAR,Carolinas,TI,Total interchange,-1782,megawatthours,2026-01-29 03:00:00,-1782.0
2026-01-29T02,CAR,Carolinas,D,Demand,35923,megawatthours,2026-01-29 02:00:00,35923.0
2026-01-29T02,CAR,Carolinas,DF,Day-ahead demand forecast,17664,megawatthours,2026-01-29 02:00:00,17664.0
2026-01-29T02,CAR,Carolinas,NG,Net generation,34101,megawatthours,2026-01-29 02:00:00,34101.0
2026-01-29T02,CAR,Carolinas,TI,Total interchange,-1847,megawatthours,2026-01-29 02:00:00,-1847.0
2026-01-29T01,CAR,Carolinas,D,Demand,35647,megawatthours,2026-01-29 01:00:00,35647.0
2026-01-29T01,CAR,Carolinas,DF,Day-ahead demand forecast,17769,megawatthours,2026-01-29 01:00:00,17769.0
2026-01-29T01,CAR,Carolinas,NG,Net generation,33801,megawatthours,2026-01-29 01:00:00,33801.0
2026-01-29T01,CAR,Carolinas,TI,Total interchange,-1876,megawatthours,2026-01-29 01:00:00,-1876.0
2026-01-29T00,CAR,Carolinas,D,Demand,34827,megawatthours,2026-01-29 00:00:00,34827.0
2026-01-29T00,CAR,Carolinas,DF,Day-ahead demand forecast,17443,megawatthours,2026-01-29 00:00:00,17443.0
2026-01-29T00,CAR,Carolinas,NG,Net generation,33022,megawatthours,2026-01-29 00:00:00,33022.0
2026-01-29T00,CAR,Carolinas,TI,Total interchange,-1828,megawatthours,2026-01-29 00:00:00,-1828.0
2026-01-28T23,CAR,Carolinas,D,Demand,32613,megawatthours,2026-01-28 23:00:00,32613.0
2026-01-28T23,CAR,Carolinas,DF,Day-ahead demand forecast,16475,megawatthours,2026-01-28 23:00:00,16475.0
2026-01-28T23,CAR,Carolinas,NG,Net generation,30883,megawatthours,2026-01-28 23:00:00,30883.0
2026-01-28T23,CAR,Carolinas,TI,Total interchange,-1755,megawatthours,2026-01-28 23:00:00,-1755.0
2026-01-28T22,CAR,Carolinas,D,Demand,30689,megawatthours,2026-01-28 22:00:00,30689.0
2026-01-28T22,CAR,Carolinas,DF,Day-ahead demand forecast,15626,megawatthours,2026-01-28 22:00:00,15626.0
2026-01-28T22,CAR,Carolinas,NG,Net generation,28773,megawatthours,2026-01-28 22:00:00,28773.0
2026-01-28T22,CAR,Carolinas,TI,Total interchange,-1940,megawatthours,2026-01-28 22:00:00,-1940.0
2026-01-28T21,CAR,Carolinas,D,Demand,29566,megawatthours,2026-01-28 21:00:00,29566.0
2026-01-28T21,CAR,Carolinas,DF,Day-ahead demand forecast,15357,megawatthours,2026-01-28 21:00:00,15357.0
2026-01-28T21,CAR,Carolinas,NG,Net generation,27539,megawatthours,2026-01-28 21:00:00,27539.0
2026-01-28T21,CAR,Carolinas,TI,Total interchange,-2048,megawatthours,2026-01-28 21:00:00,-2048.0
2026-01-28T20,CAR,Carolinas,D,Demand,29623,megawatthours,2026-01-28 20:00:00,29623.0
2026-01-28T20,CAR,Carolinas,DF,Day-ahead demand forecast,15514,megawatthours,2026-01-28 20:00:00,15514.0
2026-01-28T20,CAR,Carolinas,NG,Net generation,27626,megawatthours,2026-01-28 20:00:00,27626.0
2026-01-28T20,CAR,Carolinas,TI,Total interchange,-2020,megawatthours,2026-01-28 20:00:00,-2020.0
2026-01-28T19,CAR,Carolinas,D,Demand,30399,megawatthours,2026-01-28 19:00:00,30399.0
2026-01-28T19,CAR,Carolinas,DF,Day-ahead demand forecast,15920,megawatthours,2026-01-28 19:00:00,15920.0
2026-01-28T19,CAR,Carolinas,NG,Net generation,28433,megawatthours,2026-01-28 19:00:00,28433.0
2026-01-28T19,CAR,Carolinas,TI,Total interchange,-1988,megawatthours,2026-01-28 19:00:00,-1988.0
2026-01-28T18,CAR,Carolinas,D,Demand,31720,megawatthours,2026-01-28 18:00:00,31720.0
2026-01-28T18,CAR,Carolinas,DF,Day-ahead demand forecast,16450,megawatthours,2026-01-28 18:00:00,16450.0
2026-01-28T18,CAR,Carolinas,NG,Net generation,29720,megawatthours,2026-01-28 18:00:00,29720.0
2026-01-28T18,CAR,Carolinas,TI,Total interchange,-2027,megawatthours,2026-01-28 18:00:00,-2027.0
2026-01-28T17,CAR,Carolinas,D,Demand,33567,megawatthours,2026-01-28 17:00:00,33567.0
2026-01-28T17,CAR,Carolinas,DF,Day-ahead demand forecast,17115,megawatthours,2026-01-28 17:00:00,17115.0
2026-01-28T17,CAR,Carolinas,NG,Net generation,31927,megawatthours,2026-01-28 17:00:00,31927.0
2026-01-28T17,CAR,Carolinas,TI,Total interchange,-1663,megawatthours,2026-01-28 17:00:00,-1663.0
2026-01-28T16,CAR,Carolinas,D,Demand,35586,megawatthours,2026-01-28 16:00:00,35586.0
2026-01-28T16,CAR,Carolinas,DF,Day-ahead demand forecast,17956,megawatthours,2026-01-28 16:00:00,17956.0
2026-01-28T16,CAR,Carolinas,NG,Net generation,34111,megawatthours,2026-01-28 16:00:00,34111.0
2026-01-28T16,CAR,Carolinas,TI,Total interchange,-1506,megawatthours,2026-01-28 16:00:00,-1506.0
2026-01-28T15,CAR,Carolinas,D,Demand,38271,megawatthours,2026-01-28 15:00:00,38271.0
2026-01-28T15,CAR,Carolinas,DF,Day-ahead demand forecast,18893,megawatthours,2026-01-28 15:00:00,18893.0
2026-01-28T15,CAR,Carolinas,NG,Net generation,36510,megawatthours,2026-01-28 15:00:00,36510.0
2026-01-28T15,CAR,Carolinas,TI,Total interchange,-1785,megawatthours,2026-01-28 15:00:00,-1785.0
2026-01-28T14,CAR,Carolinas,D,Demand,40577,megawatthours,2026-01-28 14:00:00,40577.0
2026-01-28T14,CAR,Carolinas,DF,Day-ahead demand forecast,19641,megawatthours,2026-01-28 14:00:00,19641.0
2026-01-28T14,CAR,Carolinas,NG,Net generation,38486,megawatthours,2026-01-28 14:00:00,38486.0
2026-01-28T14,CAR,Carolinas,TI,Total interchange,-2122,megawatthours,2026-01-28 14:00:00,-2122.0
2026-01-28T13,CAR,Carolinas,D,Demand,41256,megawatthours,2026-01-28 13:00:00,41256.0
2026-01-28T13,CAR,Carolinas,DF,Day-ahead demand forecast,19822,megawatthours,2026-01-28 13:00:00,19822.0
2026-01-28T13,CAR,Carolinas,NG,Net generation,39031,megawatthours,2026-01-28 13:00:00,39031.0
2026-01-28T13,CAR,Carolinas,TI,Total interchange,-2249,megawatthours,2026-01-28 13:00:00,-2249.0
2026-01-28T12,CAR,Carolinas,D,Demand,39817,megawatthours,2026-01-28 12:00:00,39817.0
2026-01-28T12,CAR,Carolinas,DF,Day-ahead demand forecast,18928,megawatthours,2026-01-28 12:00:00,18928.0
2026-01-28T12,CAR,Carolinas,NG,Net generation,37563,megawatthours,2026-01-28 12:00:00,37563.0
2026-01-28T12,CAR,Carolinas,TI,Total interchange,-2285,megawatthours,2026-01-28 12:00:00,-2285.0
2026-01-28T11,CAR,Carolinas,D,Demand,37625,megawatthours,2026-01-28 11:00:00,37625.0
2026-01-28T11,CAR,Carolinas,DF,Day-ahead demand forecast,17514,megawatthours,2026-01-28 11:00:00,17514.0
2026-01-28T11,CAR,Carolinas,NG,Net generation,35434,megawatthours,2026-01-28 11:00:00,35434.0
2026-01-28T11,CAR,Carolinas,TI,Total interchange,-2216,megawatthours,2026-01-28 11:00:00,-2216.0
2026-01-28T10,CAR,Carolinas,D,Demand,35809,megawatthours,2026-01-28 10:00:00,35809.0
2026-01-28T10,CAR,Carolinas,DF,Day-ahead demand forecast,16542,megawatthours,2026-01-28 10:00:00,16542.0
2026-01-28T10,CAR,Carolinas,NG,Net generation,34101,megawatthours,2026-01-28 10:00:00,34101.0
2026-01-28T10,CAR,Carolinas,TI,Total interchange,-1733,megawatthours,2026-01-28 10:00:00,-1733.0
2026-01-28T09,CAR,Carolinas,D,Demand,34730,megawatthours,2026-01-28 09:00:00,34730.0
2026-01-28T09,CAR,Carolinas,DF,Day-ahead demand forecast,15987,megawatthours,2026-01-28 09:00:00,15987.0
2026-01-28T09,CAR,Carolinas,NG,Net generation,33103,megawatthours,2026-01-28 09:00:00,33103.0
2026-01-28T09,CAR,Carolinas,TI,Total interchange,-1647,megawatthours,2026-01-28 09:00:00,-1647.0
2026-01-28T08,CAR,Carolinas,D,Demand,34256,megawatthours,2026-01-28 08:00:00,34256.0
2026-01-28T08,CAR,Carolinas,DF,Day-ahead demand forecast,15760,megawatthours,2026-01-28 08:00:00,15760.0
2026-01-28T08,CAR,Carolinas,NG,Net generation,32631,megawatthours,2026-01-28 08:00:00,32631.0
2026-01-28T08,CAR,Carolinas,TI,Total interchange,-1647,megawatthours,2026-01-28 08:00:00,-1647.0
2026-01-28T07,CAR,Carolinas,D,Demand,34173,megawatthours,2026-01-28 07:00:00,34173.0
2026-01-28T07,CAR,Carolinas,DF,Day-ahead demand forecast,15709,megawatthours,2026-01-28 07:00:00,15709.0
2026-01-28T07,CAR,Carolinas,NG,Net generation,32530,megawatthours,2026-01-28 07:00:00,32530.0
2026-01-28T07,CAR,Carolinas,TI,Total interchange,-1666,megawatthours,2026-01-28 07:00:00,-1666.0
2026-01-28T06,CAR,Carolinas,D,Demand,34303,megawatthours,2026-01-28 06:00:00,34303.0
2026-01-28T06,CAR,Carolinas,DF,Day-ahead demand forecast,15886,megawatthours,2026-01-28 06:00:00,15886.0
2026-01-28T06,CAR,Carolinas,NG,Net generation,32185,megawatthours,2026-01-28 06:00:00,32185.0
2026-01-28T06,CAR,Carolinas,TI,Total interchange,-2141,megawatthours,2026-01-28 06:00:00,-2141.0
2026-01-28T05,CAR,Carolinas,D,Demand,35329,megawatthours,2026-01-28 05:00:00,35329.0
2026-01-28T05,CAR,Carolinas,DF,Day-ahead demand forecast,20685,megawatthours,2026-01-28 05:00:00,20685.0
2026-01-28T05,CAR,Carolinas,NG,Net generation,32210,megawatthours,2026-01-28 05:00:00,32210.0
2026-01-28T05,CAR,Carolinas,TI,Total interchange,-1868,megawatthours,2026-01-28 05:00:00,-1868.0
2026-01-28T04,CAR,Carolinas,D,Demand,36259,megawatthours,2026-01-28 04:00:00,36259.0
2026-01-28T04,CAR,Carolinas,DF,Day-ahead demand forecast,21391,megawatthours,2026-01-28 04:00:00,21391.0
2026-01-28T04,CAR,Carolinas,NG,Net generation,33030,megawatthours,2026-01-28 04:00:00,33030.0
2026-01-28T04,CAR,Carolinas,TI,Total interchange,-1863,megawatthours,2026-01-28 04:00:00,-1863.0
2026-01-28T03,CAR,Carolinas,D,Demand,37338,megawatthours,2026-01-28 03:00:00,37338.0
2026-01-28T03,CAR,Carolinas,DF,Day-ahead demand forecast,21986,megawatthours,2026-01-28 03:00:00,21986.0
2026-01-28T03,CAR,Carolinas,NG,Net generation,34004,megawatthours,2026-01-28 03:00:00,34004.0
2026-01-28T03,CAR,Carolinas,TI,Total interchange,-2010,megawatthours,2026-01-28 03:00:00,-2010.0
2026-01-28T02,CAR,Carolinas,D,Demand,38058,megawatthours,2026-01-28 02:00:00,38058.0
2026-01-28T02,CAR,Carolinas,DF,Day-ahead demand forecast,22446,megawatthours,2026-01-28 02:00:00,22446.0
2026-01-28T02,CAR,Carolinas,NG,Net generation,34658,megawatthours,2026-01-28 02:00:00,34658.0
2026-01-28T02,CAR,Carolinas,TI,Total interchange,-2066,megawatthours,2026-01-28 02:00:00,-2066.0
2026-01-28T01,CAR,Carolinas,D,Demand,38049,megawatthours,2026-01-28 01:00:00,38049.0
2026-01-28T01,CAR,Carolinas,DF,Day-ahead demand forecast,22541,megawatthours,2026-01-28 01:00:00,22541.0
2026-01-28T01,CAR,Carolinas,NG,Net generation,34647,megawatthours,2026-01-28 01:00:00,34647.0
2026-01-28T01,CAR,Carolinas,TI,Total interchange,-2034,megawatthours,2026-01-28 01:00:00,-2034.0
2026-01-28T00,CAR,Carolinas,D,Demand,37481,megawatthours,2026-01-28 00:00:00,37481.0
2026-01-28T00,CAR,Carolinas,DF,Day-ahead demand forecast,22058,megawatthours,2026-01-28 00:00:00,22058.0
2026-01-28T00,CAR,Carolinas,NG,Net generation,34076,megawatthours,2026-01-28 00:00:00,34076.0
2026-01-28T00,CAR,Carolinas,TI,Total interchange,-2096,megawatthours,2026-01-28 00:00:00,-2096.0
2026-01-27T23,CAR,Carolinas,D,Demand,35043,megawatthours,2026-01-27 23:00:00,35043.0
2026-01-27T23,CAR,Carolinas,DF,Day-ahead demand forecast,20604,megawatthours,2026-01-27 23:00:00,20604.0
2026-01-27T23,CAR,Carolinas,NG,Net generation,31696,megawatthours,2026-01-27 23:00:00,31696.0
2026-01-27T23,CAR,Carolinas,TI,Total interchange,-2067,megawatthours,2026-01-27 23:00:00,-2067.0
2026-01-27T22,CAR,Carolinas,D,Demand,33177,megawatthours,2026-01-27 22:00:00,33177.0
2026-01-27T22,CAR,Carolinas,DF,Day-ahead demand forecast,19490,megawatthours,2026-01-27 22:00:00,19490.0
2026-01-27T22,CAR,Carolinas,NG,Net generation,30168,megawatthours,2026-01-27 22:00:00,30168.0
2026-01-27T22,CAR,Carolinas,TI,Total interchange,-2083,megawatthours,2026-01-27 22:00:00,-2083.0
2026-01-27T21,CAR,Carolinas,D,Demand,32596,megawatthours,2026-01-27 21:00:00,32596.0
2026-01-27T21,CAR,Carolinas,DF,Day-ahead demand forecast,19182,megawatthours,2026-01-27 21:00:00,19182.0
2026-01-27T21,CAR,Carolinas,NG,Net generation,29643,megawatthours,2026-01-27 21:00:00,29643.0
2026-01-27T21,CAR,Carolinas,TI,Total interchange,-2161,megawatthours,2026-01-27 21:00:00,-2161.0
2026-01-27T20,CAR,Carolinas,D,Demand,33200,megawatthours,2026-01-27 20:00:00,33200.0
2026-01-27T20,CAR,Carolinas,DF,Day-ahead demand forecast,19525,megawatthours,2026-01-27 20:00:00,19525.0
2026-01-27T20,CAR,Carolinas,NG,Net generation,30051,megawatthours,2026-01-27 20:00:00,30051.0
2026-01-27T20,CAR,Carolinas,TI,Total interchange,-2148,megawatthours,2026-01-27 20:00:00,-2148.0
2026-01-27T19,CAR,Carolinas,D,Demand,34664,megawatthours,2026-01-27 19:00:00,34664.0
2026-01-27T19,CAR,Carolinas,DF,Day-ahead demand forecast,20166,megawatthours,2026-01-27 19:00:00,20166.0
2026-01-27T19,CAR,Carolinas,NG,Net generation,31514,megawatthours,2026-01-27 19:00:00,31514.0
2026-01-27T19,CAR,Carolinas,TI,Total interchange,-2055,megawatthours,2026-01-27 19:00:00,-2055.0
2026-01-27T18,CAR,Carolinas,D,Demand,36623,megawatthours,2026-01-27 18:00:00,36623.0
2026-01-27T18,CAR,Carolinas,DF,Day-ahead demand forecast,21062,megawatthours,2026-01-27 18:00:00,21062.0
2026-01-27T18,CAR,Carolinas,NG,Net generation,33076,megawatthours,2026-01-27 18:00:00,33076.0
2026-01-27T18,CAR,Carolinas,TI,Total interchange,-2250,megawatthours,2026-01-27 18:00:00,-2250.0
2026-01-27T17,CAR,Carolinas,D,Demand,38764,megawatthours,2026-01-27 17:00:00,38764.0
2026-01-27T17,CAR,Carolinas,DF,Day-ahead demand forecast,22229,megawatthours,2026-01-27 17:00:00,22229.0
2026-01-27T17,CAR,Carolinas,NG,Net generation,34889,megawatthours,2026-01-27 17:00:00,34889.0
2026-01-27T17,CAR,Carolinas,TI,Total interchange,-2247,megawatthours,2026-01-27 17:00:00,-2247.0
2026-01-27T16,CAR,Carolinas,D,Demand,41373,megawatthours,2026-01-27 16:00:00,41373.0
2026-01-27T16,CAR,Carolinas,DF,Day-ahead demand forecast,23518,megawatthours,2026-01-27 16:00:00,23518.0
2026-01-27T16,CAR,Carolinas,NG,Net generation,37289,megawatthours,2026-01-27 16:00:00,37289.0
2026-01-27T16,CAR,Carolinas,TI,Total interchange,-2159,megawatthours,2026-01-27 16:00:00,-2159.0
2026-01-27T15,CAR,Carolinas,D,Demand,44261,megawatthours,2026-01-27 15:00:00,44261.0
2026-01-27T15,CAR,Carolinas,DF,Day-ahead demand forecast,24783,megawatthours,2026-01-27 15:00:00,24783.0
2026-01-27T15,CAR,Carolinas,NG,Net generation,39790,megawatthours,2026-01-27 15:00:00,39790.0
2026-01-27T15,CAR,Carolinas,TI,Total interchange,-2351,megawatthours,2026-01-27 15:00:00,-2351.0
2026-01-27T14,CAR,Carolinas,D,Demand,46908,megawatthours,2026-01-27 14:00:00,46908.0
2026-01-27T14,CAR,Carolinas,DF,Day-ahead demand forecast,25956,megawatthours,2026-01-27 14:00:00,25956.0
2026-01-27T14,CAR,Carolinas,NG,Net generation,42098,megawatthours,2026-01-27 14:00:00,42098.0
2026-01-27T14,CAR,Carolinas,TI,Total interchange,-2398,megawatthours,2026-01-27 14:00:00,-2398.0
2026-01-27T13,CAR,Carolinas,D,Demand,47260,megawatthours,2026-01-27 13:00:00,47260.0
2026-01-27T13,CAR,Carolinas,DF,Day-ahead demand forecast,26270,megawatthours,2026-01-27 13:00:00,26270.0
2026-01-27T13,CAR,Carolinas,NG,Net generation,42204,megawatthours,2026-01-27 13:00:00,42204.0
2026-01-27T13,CAR,Carolinas,TI,Total interchange,-2602,megawatthours,2026-01-27 13:00:00,-2602.0
2026-01-27T12,CAR,Carolinas,D,Demand,45602,megawatthours,2026-01-27 12:00:00,45602.0
2026-01-27T12,CAR,Carolinas,DF,Day-ahead demand forecast,25288,megawatthours,2026-01-27 12:00:00,25288.0
2026-01-27T12,CAR,Carolinas,NG,Net generation,40705,megawatthours,2026-01-27 12:00:00,40705.0
2026-01-27T12,CAR,Carolinas,TI,Total interchange,-2526,megawatthours,2026-01-27 12:00:00,-2526.0
2026-01-27T11,CAR,Carolinas,D,Demand,44150,megawatthours,2026-01-27 11:00:00,44150.0
2026-01-27T11,CAR,Carolinas,DF,Day-ahead demand forecast,23749,megawatthours,2026-01-27 11:00:00,23749.0
2026-01-27T11,CAR,Carolinas,NG,Net generation,39413,megawatthours,2026-01-27 11:00:00,39413.0
2026-01-27T11,CAR,Carolinas,TI,Total interchange,-2367,megawatthours,2026-01-27 11:00:00,-2367.0
2026-01-27T10,CAR,Carolinas,D,Demand,41966,megawatthours,2026-01-27 10:00:00,41966.0
2026-01-27T10,CAR,Carolinas,DF,Day-ahead demand forecast,22286,megawatthours,2026-01-27 10:00:00,22286.0
2026-01-27T10,CAR,Carolinas,NG,Net generation,37474,megawatthours,2026-01-27 10:00:00,37474.0
2026-01-27T10,CAR,Carolinas,TI,Total interchange,-2238,megawatthours,2026-01-27 10:00:00,-2238.0
2026-01-27T09,CAR,Carolinas,D,Demand,40580,megawatthours,2026-01-27 09:00:00,40580.0
2026-01-27T09,CAR,Carolinas,DF,Day-ahead demand forecast,21463,megawatthours,2026-01-27 09:00:00,21463.0
2026-01-27T09,CAR,Carolinas,NG,Net generation,36266,megawatthours,2026-01-27 09:00:00,36266.0
2026-01-27T09,CAR,Carolinas,TI,Total interchange,-2192,megawatthours,2026-01-27 09:00:00,-2192.0
2026-01-27T08,CAR,Carolinas,D,Demand,39520,megawatthours,2026-01-27 08:00:00,39520.0
2026-01-27T08,CAR,Carolinas,DF,Day-ahead demand forecast,20957,megawatthours,2026-01-27 08:00:00,20957.0
2026-01-27T08,CAR,Carolinas,NG,Net generation,35439,megawatthours,2026-01-27 08:00:00,35439.0
2026-01-27T08,CAR,Carolinas,TI,Total interchange,-2157,megawatthours,2026-01-27 08:00:00,-2157.0
2026-01-27T07,CAR,Carolinas,D,Demand,38637,megawatthours,2026-01-27 07:00:00,38637.0
2026-01-27T07,CAR,Carolinas,DF,Day-ahead demand forecast,20672,megawatthours,2026-01-27 07:00:00,20672.0
2026-01-27T07,CAR,Carolinas,NG,Net generation,35004,megawatthours,2026-01-27 07:00:00,35004.0
2026-01-27T07,CAR,Carolinas,TI,Total interchange,-1907,megawatthours,2026-01-27 07:00:00,-1907.0
2026-01-27T06,CAR,Carolinas,D,Demand,38027,megawatthours,2026-01-27 06:00:00,38027.0
2026-01-27T06,CAR,Carolinas,DF,Day-ahead demand forecast,20450,megawatthours,2026-01-27 06:00:00,20450.0
2026-01-27T06,CAR,Carolinas,NG,Net generation,35293,megawatthours,2026-01-27 06:00:00,35293.0
2026-01-27T06,CAR,Carolinas,TI,Total interchange,-1603,megawatthours,2026-01-27 06:00:00,-1603.0
2026-01-27T05,CAR,Carolinas,D,Demand,37664,megawatthours,2026-01-27 05:00:00,37664.0
2026-01-27T05,CAR,Carolinas,DF,Day-ahead demand forecast,17544,megawatthours,2026-01-27 05:00:00,17544.0
2026-01-27T05,CAR,Carolinas,NG,Net generation,35383,megawatthours,2026-01-27 05:00:00,35383.0
2026-01-27T05,CAR,Carolinas,TI,Total interchange,-2298,megawatthours,2026-01-27 05:00:00,-2298.0
2026-01-27T04,CAR,Carolinas,D,Demand,37881,megawatthours,2026-01-27 04:00:00,37881.0
2026-01-27T04,CAR,Carolinas,DF,Day-ahead demand forecast,17936,megawatthours,2026-01-27 04:00:00,17936.0
2026-01-27T04,CAR,Carolinas,NG,Net generation,35556,megawatthours,2026-01-27 04:00:00,35556.0
2026-01-27T04,CAR,Carolinas,TI,Total interchange,-2350,megawatthours,2026-01-27 04:00:00,-2350.0
2026-01-27T03,CAR,Carolinas,D,Demand,38406,megawatthours,2026-01-27 03:00:00,38406.0
2026-01-27T03,CAR,Carolinas,DF,Day-ahead demand forecast,18417,megawatthours,2026-01-27 03:00:00,18417.0
2026-01-27T03,CAR,Carolinas,NG,Net generation,36124,megawatthours,2026-01-27 03:00:00,36124.0
2026-01-27T03,CAR,Carolinas,TI,Total interchange,-2304,megawatthours,2026-01-27 03:00:00,-2304.0
2026-01-27T02,CAR,Carolinas,D,Demand,38383,megawatthours,2026-01-27 02:00:00,38383.0
2026-01-27T02,CAR,Carolinas,DF,Day-ahead demand forecast,18668,megawatthours,2026-01-27 02:00:00,18668.0
2026-01-27T02,CAR,Carolinas,NG,Net generation,36000,megawatthours,2026-01-27 02:00:00,36000.0
2026-01-27T02,CAR,Carolinas,TI,Total interchange,-2409,megawatthours,2026-01-27 02:00:00,-2409.0
2026-01-27T01,CAR,Carolinas,D,Demand,37892,megawatthours,2026-01-27 01:00:00,37892.0
2026-01-27T01,CAR,Carolinas,DF,Day-ahead demand forecast,18748,megawatthours,2026-01-27 01:00:00,18748.0
2026-01-27T01,CAR,Carolinas,NG,Net generation,35608,megawatthours,2026-01-27 01:00:00,35608.0
2026-01-27T01,CAR,Carolinas,TI,Total interchange,-2305,megawatthours,2026-01-27 01:00:00,-2305.0
2026-01-27T00,CAR,Carolinas,D,Demand,36821,megawatthours,2026-01-27 00:00:00,36821.0
2026-01-27T00,CAR,Carolinas,DF,Day-ahead demand forecast,18288,megawatthours,2026-01-27 00:00:00,18288.0
2026-01-27T00,CAR,Carolinas,NG,Net generation,34908,megawatthours,2026-01-27 00:00:00,34908.0
2026-01-27T00,CAR,Carolinas,TI,Total interchange,-1938,megawatthours,2026-01-27 00:00:00,-1938.0
2026-01-26T23,CAR,Carolinas,D,Demand,34164,megawatthours,2026-01-26 23:00:00,34164.0
2026-01-26T23,CAR,Carolinas,DF,Day-ahead demand forecast,17262,megawatthours,2026-01-26 23:00:00,17262.0
2026-01-26T23,CAR,Carolinas,NG,Net generation,31962,megawatthours,2026-01-26 23:00:00,31962.0
2026-01-26T23,CAR,Carolinas,TI,Total interchange,-2227,megawatthours,2026-01-26 23:00:00,-2227.0
2026-01-26T22,CAR,Carolinas,D,Demand,31548,megawatthours,2026-01-26 22:00:00,31548.0
2026-01-26T22,CAR,Carolinas,DF,Day-ahead demand forecast,16391,megawatthours,2026-01-26 22:00:00,16391.0
2026-01-26T22,CAR,Carolinas,NG,Net generation,29864,megawatthours,2026-01-26 22:00:00,29864.0
2026-01-26T22,CAR,Carolinas,TI,Total interchange,-1706,megawatthours,2026-01-26 22:00:00,-1706.0
2026-01-26T21,CAR,Carolinas,D,Demand,30501,megawatthours,2026-01-26 21:00:00,30501.0
2026-01-26T21,CAR,Carolinas,DF,Day-ahead demand forecast,16090,megawatthours,2026-01-26 21:00:00,16090.0
2026-01-26T21,CAR,Carolinas,NG,Net generation,29014,megawatthours,2026-01-26 21:00:00,29014.0
2026-01-26T21,CAR,Carolinas,TI,Total interchange,-1510,megawatthours,2026-01-26 21:00:00,-1510.0
2026-01-26T20,CAR,Carolinas,D,Demand,30437,megawatthours,2026-01-26 20:00:00,30437.0
2026-01-26T20,CAR,Carolinas,DF,Day-ahead demand forecast,16249,megawatthours,2026-01-26 20:00:00,16249.0
2026-01-26T20,CAR,Carolinas,NG,Net generation,28916,megawatthours,2026-01-26 20:00:00,28916.0
2026-01-26T20,CAR,Carolinas,TI,Total interchange,-1544,megawatthours,2026-01-26 20:00:00,-1544.0
2026-01-26T19,CAR,Carolinas,D,Demand,31052,megawatthours,2026-01-26 19:00:00,31052.0
2026-01-26T19,CAR,Carolinas,DF,Day-ahead demand forecast,16669,megawatthours,2026-01-26 19:00:00,16669.0
2026-01-26T19,CAR,Carolinas,NG,Net generation,29519,megawatthours,2026-01-26 19:00:00,29519.0
2026-01-26T19,CAR,Carolinas,TI,Total interchange,-1559,megawatthours,2026-01-26 19:00:00,-1559.0
2026-01-26T18,CAR,Carolinas,D,Demand,31832,megawatthours,2026-01-26 18:00:00,31832.0
2026-01-26T18,CAR,Carolinas,DF,Day-ahead demand forecast,17134,megawatthours,2026-01-26 18:00:00,17134.0
2026-01-26T18,CAR,Carolinas,NG,Net generation,30436,megawatthours,2026-01-26 18:00:00,30436.0
2026-01-26T18,CAR,Carolinas,TI,Total interchange,-1419,megawatthours,2026-01-26 18:00:00,-1419.0
2026-01-26T17,CAR,Carolinas,D,Demand,32452,megawatthours,2026-01-26 17:00:00,32452.0
2026-01-26T17,CAR,Carolinas,DF,Day-ahead demand forecast,17756,megawatthours,2026-01-26 17:00:00,17756.0
2026-01-26T17,CAR,Carolinas,NG,Net generation,30992,megawatthours,2026-01-26 17:00:00,30992.0
2026-01-26T17,CAR,Carolinas,TI,Total interchange,-1484,megawatthours,2026-01-26 17:00:00,-1484.0
2026-01-26T16,CAR,Carolinas,D,Demand,32831,megawatthours,2026-01-26 16:00:00,32831.0
2026-01-26T16,CAR,Carolinas,DF,Day-ahead demand forecast,18560,megawatthours,2026-01-26 16:00:00,18560.0
2026-01-26T16,CAR,Carolinas,NG,Net generation,31104,megawatthours,2026-01-26 16:00:00,31104.0
2026-01-26T16,CAR,Carolinas,TI,Total interchange,-1750,megawatthours,2026-01-26 16:00:00,-1750.0
2026-01-26T15,CAR,Carolinas,D,Demand,33181,megawatthours,2026-01-26 15:00:00,33181.0
2026-01-26T15,CAR,Carolinas,DF,Day-ahead demand forecast,19395,megawatthours,2026-01-26 15:00:00,19395.0
2026-01-26T15,CAR,Carolinas,NG,Net generation,31627,megawatthours,2026-01-26 15:00:00,31627.0
2026-01-26T15,CAR,Carolinas,TI,Total interchange,-1577,megawatthours,2026-01-26 15:00:00,-1577.0
2026-01-26T14,CAR,Carolinas,D,Demand,33179,megawatthours,2026-01-26 14:00:00,33179.0
2026-01-26T14,CAR,Carolinas,DF,Day-ahead demand forecast,20088,megawatthours,2026-01-26 14:00:00,20088.0
2026-01-26T14,CAR,Carolinas,NG,Net generation,31558,megawatthours,2026-01-26 14:00:00,31558.0
2026-01-26T14,CAR,Carolinas,TI,Total interchange,-1646,megawatthours,2026-01-26 14:00:00,-1646.0
2026-01-26T13,CAR,Carolinas,D,Demand,32529,megawatthours,2026-01-26 13:00:00,32529.0
2026-01-26T13,CAR,Carolinas,DF,Day-ahead demand forecast,20220,megawatthours,2026-01-26 13:00:00,20220.0
2026-01-26T13,CAR,Carolinas,NG,Net generation,30968,megawatthours,2026-01-26 13:00:00,30968.0
2026-01-26T13,CAR,Carolinas,TI,Total interchange,-1586,megawatthours,2026-01-26 13:00:00,-1586.0
2026-01-26T12,CAR,Carolinas,D,Demand,31865,megawatthours,2026-01-26 12:00:00,31865.0
2026-01-26T12,CAR,Carolinas,DF,Day-ahead demand forecast,19443,megawatthours,2026-01-26 12:00:00,19443.0
2026-01-26T12,CAR,Carolinas,NG,Net generation,30720,megawatthours,2026-01-26 12:00:00,30720.0
2026-01-26T12,CAR,Carolinas,TI,Total interchange,-1167,megawatthours,2026-01-26 12:00:00,-1167.0
2026-01-26T11,CAR,Carolinas,D,Demand,31057,megawatthours,2026-01-26 11:00:00,31057.0
2026-01-26T11,CAR,Carolinas,DF,Day-ahead demand forecast,18103,megawatthours,2026-01-26 11:00:00,18103.0
2026-01-26T11,CAR,Carolinas,NG,Net generation,29791,megawatthours,2026-01-26 11:00:00,29791.0
2026-01-26T11,CAR,Carolinas,TI,Total interchange,-1284,megawatthours,2026-01-26 11:00:00,-1284.0
2026-01-26T10,CAR,Carolinas,D,Demand,30296,megawatthours,2026-01-26 10:00:00,30296.0
2026-01-26T10,CAR,Carolinas,DF,Day-ahead demand forecast,17022,megawatthours,2026-01-26 10:00:00,17022.0
2026-01-26T10,CAR,Carolinas,NG,Net generation,29183,megawatthours,2026-01-26 10:00:00,29183.0
2026-01-26T10,CAR,Carolinas,TI,Total interchange,-1132,megawatthours,2026-01-26 10:00:00,-1132.0
2026-01-26T09,CAR,Carolinas,D,Demand,30036,megawatthours,2026-01-26 09:00:00,30036.0
2026-01-26T09,CAR,Carolinas,DF,Day-ahead demand forecast,16483,megawatthours,2026-01-26 09:00:00,16483.0
2026-01-26T09,CAR,Carolinas,NG,Net generation,28503,megawatthours,2026-01-26 09:00:00,28503.0
2026-01-26T09,CAR,Carolinas,TI,Total interchange,-1551,megawatthours,2026-01-26 09:00:00,-1551.0
2026-01-26T08,CAR,Carolinas,D,Demand,30105,megawatthours,2026-01-26 08:00:00,30105.0
2026-01-26T08,CAR,Carolinas,DF,Day-ahead demand forecast,16283,megawatthours,2026-01-26 08:00:00,16283.0
2026-01-26T08,CAR,Carolinas,NG,Net generation,28433,megawatthours,2026-01-26 08:00:00,28433.0
2026-01-26T08,CAR,Carolinas,TI,Total interchange,-1691,megawatthours,2026-01-26 08:00:00,-1691.0
2026-01-26T07,CAR,Carolinas,D,Demand,30399,megawatthours,2026-01-26 07:00:00,30399.0
2026-01-26T07,CAR,Carolinas,DF,Day-ahead demand forecast,16330,megawatthours,2026-01-26 07:00:00,16330.0
2026-01-26T07,CAR,Carolinas,NG,Net generation,28718,megawatthours,2026-01-26 07:00:00,28718.0
2026-01-26T07,CAR,Carolinas,TI,Total interchange,-1699,megawatthours,2026-01-26 07:00:00,-1699.0
2026-01-26T06,CAR,Carolinas,D,Demand,31099,megawatthours,2026-01-26 06:00:00,31099.0
2026-01-26T06,CAR,Carolinas,DF,Day-ahead demand forecast,16416,megawatthours,2026-01-26 06:00:00,16416.0
2026-01-26T06,CAR,Carolinas,NG,Net generation,29037,megawatthours,2026-01-26 06:00:00,29037.0
2026-01-26T06,CAR,Carolinas,TI,Total interchange,-2082,megawatthours,2026-01-26 06:00:00,-2082.0
2026-01-26T05,CAR,Carolinas,D,Demand,28734,megawatthours,2026-01-26 05:00:00,28734.0
2026-01-26T05,CAR,Carolinas,DF,Day-ahead demand forecast,16515,megawatthours,2026-01-26 05:00:00,16515.0
2026-01-26T05,CAR,Carolinas,NG,Net generation,26394,megawatthours,2026-01-26 05:00:00,26394.0
2026-01-26T05,CAR,Carolinas,TI,Total interchange,-2361,megawatthours,2026-01-26 05:00:00,-2361.0
2026-01-26T04,CAR,Carolinas,D,Demand,29975,megawatthours,2026-01-26 04:00:00,29975.0
2026-01-26T04,CAR,Carolinas,DF,Day-ahead demand forecast,15984,megawatthours,2026-01-26 04:00:00,15984.0
2026-01-26T04,CAR,Carolinas,NG,Net generation,27748,megawatthours,2026-01-26 04:00:00,27748.0
2026-01-26T04,CAR,Carolinas,TI,Total interchange,-2248,megawatthours,2026-01-26 04:00:00,-2248.0
2026-01-26T03,CAR,Carolinas,D,Demand,31267,megawatthours,2026-01-26 03:00:00,31267.0
2026-01-26T03,CAR,Carolinas,DF,Day-ahead demand forecast,16555,megawatthours,2026-01-26 03:00:00,16555.0
2026-01-26T03,CAR,Carolinas,NG,Net generation,29095,megawatthours,2026-01-26 03:00:00,29095.0
2026-01-26T03,CAR,Carolinas,TI,Total interchange,-2194,megawatthours,2026-01-26 03:00:00,-2194.0
2026-01-26T02,CAR,Carolinas,D,Demand,32555,megawatthours,2026-01-26 02:00:00,32555.0
2026-01-26T02,CAR,Carolinas,DF,Day-ahead demand forecast,16881,megawatthours,2026-01-26 02:00:00,16881.0
2026-01-26T02,CAR,Carolinas,NG,Net generation,30657,megawatthours,2026-01-26 02:00:00,30657.0
2026-01-26T02,CAR,Carolinas,TI,Total interchange,-1917,megawatthours,2026-01-26 02:00:00,-1917.0
2026-01-26T01,CAR,Carolinas,D,Demand,33795,megawatthours,2026-01-26 01:00:00,33795.0
2026-01-26T01,CAR,Carolinas,DF,Day-ahead demand forecast,16998,megawatthours,2026-01-26 01:00:00,16998.0
2026-01-26T01,CAR,Carolinas,NG,Net generation,31679,megawatthours,2026-01-26 01:00:00,31679.0
2026-01-26T01,CAR,Carolinas,TI,Total interchange,-2132,megawatthours,2026-01-26 01:00:00,-2132.0
2026-01-26T00,CAR,Carolinas,D,Demand,34914,megawatthours,2026-01-26 00:00:00,34914.0
2026-01-26T00,CAR,Carolinas,DF,Day-ahead demand forecast,16709,megawatthours,2026-01-26 00:00:00,16709.0
2026-01-26T00,CAR,Carolinas,NG,Net generation,32808,megawatthours,2026-01-26 00:00:00,32808.0
2026-01-26T00,CAR,Carolinas,TI,Total interchange,-2124,megawatthours,2026-01-26 00:00:00,-2124.0
2026-01-25T23,CAR,Carolinas,D,Demand,35042,megawatthours,2026-01-25 23:00:00,35042.0
2026-01-25T23,CAR,Carolinas,DF,Day-ahead demand forecast,15874,megawatthours,2026-01-25 23:00:00,15874.0
2026-01-25T23,CAR,Carolinas,NG,Net generation,32850,megawatthours,2026-01-25 23:00:00,32850.0
2026-01-25T23,CAR,Carolinas,TI,Total interchange,-2210,megawatthours,2026-01-25 23:00:00,-2210.0
2026-01-25T22,CAR,Carolinas,D,Demand,34563,megawatthours,2026-01-25 22:00:00,34563.0
2026-01-25T22,CAR,Carolinas,DF,Day-ahead demand forecast,15073,megawatthours,2026-01-25 22:00:00,15073.0
2026-01-25T22,CAR,Carolinas,NG,Net generation,32381,megawatthours,2026-01-25 22:00:00,32381.0
2026-01-25T22,CAR,Carolinas,TI,Total interchange,-2195,megawatthours,2026-01-25 22:00:00,-2195.0
2026-01-25T21,CAR,Carolinas,D,Demand,34548,megawatthours,2026-01-25 21:00:00,34548.0
2026-01-25T21,CAR,Carolinas,DF,Day-ahead demand forecast,14782,megawatthours,2026-01-25 21:00:00,14782.0
2026-01-25T21,CAR,Carolinas,NG,Net generation,32195,megawatthours,2026-01-25 21:00:00,32195.0
2026-01-25T21,CAR,Carolinas,TI,Total interchange,-2366,megawatthours,2026-01-25 21:00:00,-2366.0
2026-01-25T20,CAR,Carolinas,D,Demand,35079,megawatthours,2026-01-25 20:00:00,35079.0
2026-01-25T20,CAR,Carolinas,DF,Day-ahead demand forecast,15059,megawatthours,2026-01-25 20:00:00,15059.0
2026-01-25T20,CAR,Carolinas,NG,Net generation,32457,megawatthours,2026-01-25 20:00:00,32457.0
2026-01-25T20,CAR,Carolinas,TI,Total interchange,-2635,megawatthours,2026-01-25 20:00:00,-2635.0
2026-01-25T19,CAR,Carolinas,D,Demand,35761,megawatthours,2026-01-25 19:00:00,35761.0
2026-01-25T19,CAR,Carolinas,DF,Day-ahead demand forecast,15564,megawatthours,2026-01-25 19:00:00,15564.0
2026-01-25T19,CAR,Carolinas,NG,Net generation,33059,megawatthours,2026-01-25 19:00:00,33059.0
2026-01-25T19,CAR,Carolinas,TI,Total interchange,-2715,megawatthours,2026-01-25 19:00:00,-2715.0
2026-01-25T18,CAR,Carolinas,D,Demand,36768,megawatthours,2026-01-25 18:00:00,36768.0
2026-01-25T18,CAR,Carolinas,DF,Day-ahead demand forecast,16241,megawatthours,2026-01-25 18:00:00,16241.0
2026-01-25T18,CAR,Carolinas,NG,Net generation,33990,megawatthours,2026-01-25 18:00:00,33990.0
2026-01-25T18,CAR,Carolinas,TI,Total interchange,-2792,megawatthours,2026-01-25 18:00:00,-2792.0
2026-01-25T17,CAR,Carolinas,D,Demand,37422,megawatthours,2026-01-25 17:00:00,37422.0
2026-01-25T17,CAR,Carolinas,DF,Day-ahead demand forecast,16966,megawatthours,2026-01-25 17:00:00,16966.0
2026-01-25T17,CAR,Carolinas,NG,Net generation,34385,megawatthours,2026-01-25 17:00:00,34385.0
2026-01-25T17,CAR,Carolinas,TI,Total interchange,-3058,megawatthours,2026-01-25 17:00:00,-3058.0
2026-01-25T16,CAR,Carolinas,D,Demand,37756,megawatthours,2026-01-25 16:00:00,37756.0
2026-01-25T16,CAR,Carolinas,DF,Day-ahead demand forecast,17941,megawatthours,2026-01-25 16:00:00,17941.0
2026-01-25T16,CAR,Carolinas,NG,Net generation,34714,megawatthours,2026-01-25 16:00:00,34714.0
2026-01-25T16,CAR,Carolinas,TI,Total interchange,-3064,megawatthours,2026-01-25 16:00:00,-3064.0
2026-01-25T15,CAR,Carolinas,D,Demand,37717,megawatthours,2026-01-25 15:00:00,37717.0
2026-01-25T15,CAR,Carolinas,DF,Day-ahead demand forecast,18867,megawatthours,2026-01-25 15:00:00,18867.0
2026-01-25T15,CAR,Carolinas,NG,Net generation,34705,megawatthours,2026-01-25 15:00:00,34705.0
2026-01-25T15,CAR,Carolinas,TI,Total interchange,-3035,megawatthours,2026-01-25 15:00:00,-3035.0
2026-01-25T14,CAR,Carolinas,D,Demand,37088,megawatthours,2026-01-25 14:00:00,37088.0
2026-01-25T14,CAR,Carolinas,DF,Day-ahead demand forecast,19316,megawatthours,2026-01-25 14:00:00,19316.0
2026-01-25T14,CAR,Carolinas,NG,Net generation,34554,megawatthours,2026-01-25 14:00:00,34554.0
2026-01-25T14,CAR,Carolinas,TI,Total interchange,-2558,megawatthours,2026-01-25 14:00:00,-2558.0
2026-01-25T13,CAR,Carolinas,D,Demand,36388,megawatthours,2026-01-25 13:00:00,36388.0
2026-01-25T13,CAR,Carolinas,DF,Day-ahead demand forecast,18949,megawatthours,2026-01-25 13:00:00,18949.0
2026-01-25T13,CAR,Carolinas,NG,Net generation,34222,megawatthours,2026-01-25 13:00:00,34222.0
2026-01-25T13,CAR,Carolinas,TI,Total interchange,-2188,megawatthours,2026-01-25 13:00:00,-2188.0
2026-01-25T12,CAR,Carolinas,D,Demand,35753,megawatthours,2026-01-25 12:00:00,35753.0
2026-01-25T12,CAR,Carolinas,DF,Day-ahead demand forecast,18143,megawatthours,2026-01-25 12:00:00,18143.0
2026-01-25T12,CAR,Carolinas,NG,Net generation,33738,megawatthours,2026-01-25 12:00:00,33738.0
2026-01-25T12,CAR,Carolinas,TI,Total interchange,-2037,megawatthours,2026-01-25 12:00:00,-2037.0
2026-01-25T11,CAR,Carolinas,D,Demand,35068,megawatthours,2026-01-25 11:00:00,35068.0
2026-01-25T11,CAR,Carolinas,DF,Day-ahead demand forecast,17441,megawatthours,2026-01-25 11:00:00,17441.0
2026-01-25T11,CAR,Carolinas,NG,Net generation,33019,megawatthours,2026-01-25 11:00:00,33019.0
2026-01-25T11,CAR,Carolinas,TI,Total interchange,-2072,megawatthours,2026-01-25 11:00:00,-2072.0
2026-01-25T10,CAR,Carolinas,D,Demand,34368,megawatthours,2026-01-25 10:00:00,34368.0
2026-01-25T10,CAR,Carolinas,DF,Day-ahead demand forecast,16952,megawatthours,2026-01-25 10:00:00,16952.0
2026-01-25T10,CAR,Carolinas,NG,Net generation,32410,megawatthours,2026-01-25 10:00:00,32410.0
2026-01-25T10,CAR,Carolinas,TI,Total interchange,-1978,megawatthours,2026-01-25 10:00:00,-1978.0
2026-01-25T09,CAR,Carolinas,D,Demand,33973,megawatthours,2026-01-25 09:00:00,33973.0
2026-01-25T09,CAR,Carolinas,DF,Day-ahead demand forecast,16611,megawatthours,2026-01-25 09:00:00,16611.0
2026-01-25T09,CAR,Carolinas,NG,Net generation,32123,megawatthours,2026-01-25 09:00:00,32123.0
2026-01-25T09,CAR,Carolinas,TI,Total interchange,-1870,megawatthours,2026-01-25 09:00:00,-1870.0
2026-01-25T08,CAR,Carolinas,D,Demand,33642,megawatthours,2026-01-25 08:00:00,33642.0
2026-01-25T08,CAR,Carolinas,DF,Day-ahead demand forecast,16393,megawatthours,2026-01-25 08:00:00,16393.0
2026-01-25T08,CAR,Carolinas,NG,Net generation,31866,megawatthours,2026-01-25 08:00:00,31866.0
2026-01-25T08,CAR,Carolinas,TI,Total interchange,-1796,megawatthours,2026-01-25 08:00:00,-1796.0
2026-01-25T07,CAR,Carolinas,D,Demand,33217,megawatthours,2026-01-25 07:00:00,33217.0
2026-01-25T07,CAR,Carolinas,DF,Day-ahead demand forecast,16346,megawatthours,2026-01-25 07:00:00,16346.0
2026-01-25T07,CAR,Carolinas,NG,Net generation,31396,megawatthours,2026-01-25 07:00:00,31396.0
2026-01-25T07,CAR,Carolinas,TI,Total interchange,-1840,megawatthours,2026-01-25 07:00:00,-1840.0
2026-01-25T06,CAR,Carolinas,D,Demand,32959,megawatthours,2026-01-25 06:00:00,32959.0
2026-01-25T06,CAR,Carolinas,DF,Day-ahead demand forecast,16339,megawatthours,2026-01-25 06:00:00,16339.0
2026-01-25T06,CAR,Carolinas,NG,Net generation,31238,megawatthours,2026-01-25 06:00:00,31238.0
2026-01-25T06,CAR,Carolinas,TI,Total interchange,-1741,megawatthours,2026-01-25 06:00:00,-1741.0
2026-01-25T05,CAR,Carolinas,D,Demand,33116,megawatthours,2026-01-25 05:00:00,33116.0
2026-01-25T05,CAR,Carolinas,DF,Day-ahead demand forecast,16384,megawatthours,2026-01-25 05:00:00,16384.0
2026-01-25T05,CAR,Carolinas,NG,Net generation,30810,megawatthours,2026-01-25 05:00:00,30810.0
2026-01-25T05,CAR,Carolinas,TI,Total interchange,-2329,megawatthours,2026-01-25 05:00:00,-2329.0
2026-01-25T04,CAR,Carolinas,D,Demand,33537,megawatthours,2026-01-25 04:00:00,33537.0
2026-01-25T04,CAR,Carolinas,DF,Day-ahead demand forecast,16732,megawatthours,2026-01-25 04:00:00,16732.0
2026-01-25T04,CAR,Carolinas,NG,Net generation,31090,megawatthours,2026-01-25 04:00:00,31090.0
2026-01-25T04,CAR,Carolinas,TI,Total interchange,-2467,megawatthours,2026-01-25 04:00:00,-2467.0
2026-01-25T03,CAR,Carolinas,D,Demand,34158,megawatthours,2026-01-25 03:00:00,34158.0
2026-01-25T03,CAR,Carolinas,DF,Day-ahead demand forecast,17123,megawatthours,2026-01-25 03:00:00,17123.0
2026-01-25T03,CAR,Carolinas,NG,Net generation,31715,megawatthours,2026-01-25 03:00:00,31715.0
2026-01-25T03,CAR,Carolinas,TI,Total interchange,-2467,megawatthours,2026-01-25 03:00:00,-2467.0
2026-01-25T02,CAR,Carolinas,D,Demand,34698,megawatthours,2026-01-25 02:00:00,34698.0
2026-01-25T02,CAR,Carolinas,DF,Day-ahead demand forecast,17300,megawatthours,2026-01-25 02:00:00,17300.0
2026-01-25T02,CAR,Carolinas,NG,Net generation,32334,megawatthours,2026-01-25 02:00:00,32334.0
2026-01-25T02,CAR,Carolinas,TI,Total interchange,-2391,megawatthours,2026-01-25 02:00:00,-2391.0
2026-01-25T01,CAR,Carolinas,D,Demand,35055,megawatthours,2026-01-25 01:00:00,35055.0
2026-01-25T01,CAR,Carolinas,DF,Day-ahead demand forecast,17312,megawatthours,2026-01-25 01:00:00,17312.0
2026-01-25T01,CAR,Carolinas,NG,Net generation,32653,megawatthours,2026-01-25 01:00:00,32653.0
2026-01-25T01,CAR,Carolinas,TI,Total interchange,-2426,megawatthours,2026-01-25 01:00:00,-2426.0
2026-01-25T00,CAR,Carolinas,D,Demand,35185,megawatthours,2026-01-25 00:00:00,35185.0
2026-01-25T00,CAR,Carolinas,DF,Day-ahead demand forecast,17102,megawatthours,2026-01-25 00:00:00,17102.0
2026-01-25T00,CAR,Carolinas,NG,Net generation,32947,megawatthours,2026-01-25 00:00:00,32947.0
2026-01-25T00,CAR,Carolinas,TI,Total interchange,-2264,megawatthours,2026-01-25 00:00:00,-2264.0
2026-01-24T23,CAR,Carolinas,D,Demand,34370,megawatthours,2026-01-24 23:00:00,34370.0
2026-01-24T23,CAR,Carolinas,DF,Day-ahead demand forecast,16323,megawatthours,2026-01-24 23:00:00,16323.0
2026-01-24T23,CAR,Carolinas,NG,Net generation,32202,megawatthours,2026-01-24 23:00:00,32202.0
2026-01-24T23,CAR,Carolinas,TI,Total interchange,-2193,megawatthours,2026-01-24 23:00:00,-2193.0
2026-01-24T22,CAR,Carolinas,D,Demand,33020,megawatthours,2026-01-24 22:00:00,33020.0
2026-01-24T22,CAR,Carolinas,DF,Day-ahead demand forecast,15470,megawatthours,2026-01-24 22:00:00,15470.0
2026-01-24T22,CAR,Carolinas,NG,Net generation,31130,megawatthours,2026-01-24 22:00:00,31130.0
2026-01-24T22,CAR,Carolinas,TI,Total interchange,-1914,megawatthours,2026-01-24 22:00:00,-1914.0
2026-01-24T21,CAR,Carolinas,D,Demand,32245,megawatthours,2026-01-24 21:00:00,32245.0
2026-01-24T21,CAR,Carolinas,DF,Day-ahead demand forecast,15181,megawatthours,2026-01-24 21:00:00,15181.0
2026-01-24T21,CAR,Carolinas,NG,Net generation,30465,megawatthours,2026-01-24 21:00:00,30465.0
2026-01-24T21,CAR,Carolinas,TI,Total interchange,-1802,megawatthours,2026-01-24 21:00:00,-1802.0
2026-01-24T20,CAR,Carolinas,D,Demand,31718,megawatthours,2026-01-24 20:00:00,31718.0
2026-01-24T20,CAR,Carolinas,DF,Day-ahead demand forecast,15379,megawatthours,2026-01-24 20:00:00,15379.0
2026-01-24T20,CAR,Carolinas,NG,Net generation,29787,megawatthours,2026-01-24 20:00:00,29787.0
2026-01-24T20,CAR,Carolinas,TI,Total interchange,-1954,megawatthours,2026-01-24 20:00:00,-1954.0
2026-01-24T19,CAR,Carolinas,D,Demand,31460,megawatthours,2026-01-24 19:00:00,31460.0
2026-01-24T19,CAR,Carolinas,DF,Day-ahead demand forecast,15741,megawatthours,2026-01-24 19:00:00,15741.0
2026-01-24T19,CAR,Carolinas,NG,Net generation,29483,megawatthours,2026-01-24 19:00:00,29483.0
2026-01-24T19,CAR,Carolinas,TI,Total interchange,-1999,megawatthours,2026-01-24 19:00:00,-1999.0
2026-01-24T18,CAR,Carolinas,D,Demand,31533,megawatthours,2026-01-24 18:00:00,31533.0
2026-01-24T18,CAR,Carolinas,DF,Day-ahead demand forecast,16343,megawatthours,2026-01-24 18:00:00,16343.0
2026-01-24T18,CAR,Carolinas,NG,Net generation,29815,megawatthours,2026-01-24 18:00:00,29815.0
2026-01-24T18,CAR,Carolinas,TI,Total interchange,-1739,megawatthours,2026-01-24 18:00:00,-1739.0
2026-01-24T17,CAR,Carolinas,D,Demand,31670,megawatthours,2026-01-24 17:00:00,31670.0
2026-01-24T17,CAR,Carolinas,DF,Day-ahead demand forecast,16980,megawatthours,2026-01-24 17:00:00,16980.0
2026-01-24T17,CAR,Carolinas,NG,Net generation,29865,megawatthours,2026-01-24 17:00:00,29865.0
2026-01-24T17,CAR,Carolinas,TI,Total interchange,-1825,megawatthours,2026-01-24 17:00:00,-1825.0
2026-01-24T16,CAR,Carolinas,D,Demand,31705,megawatthours,2026-01-24 16:00:00,31705.0
2026-01-24T16,CAR,Carolinas,DF,Day-ahead demand forecast,17719,megawatthours,2026-01-24 16:00:00,17719.0
2026-01-24T16,CAR,Carolinas,NG,Net generation,30022,megawatthours,2026-01-24 16:00:00,30022.0
2026-01-24T16,CAR,Carolinas,TI,Total interchange,-1705,megawatthours,2026-01-24 16:00:00,-1705.0
2026-01-24T15,CAR,Carolinas,D,Demand,31157,megawatthours,2026-01-24 15:00:00,31157.0
2026-01-24T15,CAR,Carolinas,DF,Day-ahead demand forecast,18530,megawatthours,2026-01-24 15:00:00,18530.0
2026-01-24T15,CAR,Carolinas,NG,Net generation,29758,megawatthours,2026-01-24 15:00:00,29758.0
2026-01-24T15,CAR,Carolinas,TI,Total interchange,-1416,megawatthours,2026-01-24 15:00:00,-1416.0
2026-01-24T14,CAR,Carolinas,D,Demand,29955,megawatthours,2026-01-24 14:00:00,29955.0
2026-01-24T14,CAR,Carolinas,DF,Day-ahead demand forecast,18885,megawatthours,2026-01-24 14:00:00,18885.0
2026-01-24T14,CAR,Carolinas,NG,Net generation,29002,megawatthours,2026-01-24 14:00:00,29002.0
2026-01-24T14,CAR,Carolinas,TI,Total interchange,-970,megawatthours,2026-01-24 14:00:00,-970.0
2026-01-24T13,CAR,Carolinas,D,Demand,28362,megawatthours,2026-01-24 13:00:00,28362.0
2026-01-24T13,CAR,Carolinas,DF,Day-ahead demand forecast,18574,megawatthours,2026-01-24 13:00:00,18574.0
2026-01-24T13,CAR,Carolinas,NG,Net generation,27470,megawatthours,2026-01-24 13:00:00,27470.0
2026-01-24T13,CAR,Carolinas,TI,Total interchange,-910,megawatthours,2026-01-24 13:00:00,-910.0
2026-01-24T12,CAR,Carolinas,D,Demand,26850,megawatthours,2026-01-24 12:00:00,26850.0
2026-01-24T12,CAR,Carolinas,DF,Day-ahead demand forecast,17706,megawatthours,2026-01-24 12:00:00,17706.0
2026-01-24T12,CAR,Carolinas,NG,Net generation,26244,megawatthours,2026-01-24 12:00:00,26244.0
2026-01-24T12,CAR,Carolinas,TI,Total interchange,-621,megawatthours,2026-01-24 12:00:00,-621.0
2026-01-24T11,CAR,Carolinas,D,Demand,25580,megawatthours,2026-01-24 11:00:00,25580.0
2026-01-24T11,CAR,Carolinas,DF,Day-ahead demand forecast,16847,megawatthours,2026-01-24 11:00:00,16847.0
2026-01-24T11,CAR,Carolinas,NG,Net generation,24928,megawatthours,2026-01-24 11:00:00,24928.0
2026-01-24T11,CAR,Carolinas,TI,Total interchange,-670,megawatthours,2026-01-24 11:00:00,-670.0
2026-01-24T10,CAR,Carolinas,D,Demand,24770,megawatthours,2026-01-24 10:00:00,24770.0
2026-01-24T10,CAR,Carolinas,DF,Day-ahead demand forecast,16238,megawatthours,2026-01-24 10:00:00,16238.0
2026-01-24T10,CAR,Carolinas,NG,Net generation,24156,megawatthours,2026-01-24 10:00:00,24156.0
2026-01-24T10,CAR,Carolinas,TI,Total interchange,-630,megawatthours,2026-01-24 10:00:00,-630.0
2026-01-24T09,CAR,Carolinas,D,Demand,24282,megawatthours,2026-01-24 09:00:00,24282.0
2026-01-24T09,CAR,Carolinas,DF,Day-ahead demand forecast,15893,megawatthours,2026-01-24 09:00:00,15893.0
2026-01-24T09,CAR,Carolinas,NG,Net generation,23732,megawatthours,2026-01-24 09:00:00,23732.0
2026-01-24T09,CAR,Carolinas,TI,Total interchange,-565,megawatthours,2026-01-24 09:00:00,-565.0
2026-01-24T08,CAR,Carolinas,D,Demand,24087,megawatthours,2026-01-24 08:00:00,24087.0
2026-01-24T08,CAR,Carolinas,DF,Day-ahead demand forecast,15590,megawatthours,2026-01-24 08:00:00,15590.0
2026-01-24T08,CAR,Carolinas,NG,Net generation,23589,megawatthours,2026-01-24 08:00:00,23589.0
2026-01-24T08,CAR,Carolinas,TI,Total interchange,-515,megawatthours,2026-01-24 08:00:00,-515.0
2026-01-24T07,CAR,Carolinas,D,Demand,24131,megawatthours,2026-01-24 07:00:00,24131.0
2026-01-24T07,CAR,Carolinas,DF,Day-ahead demand forecast,15559,megawatthours,2026-01-24 07:00:00,15559.0
2026-01-24T07,CAR,Carolinas,NG,Net generation,23760,megawatthours,2026-01-24 07:00:00,23760.0
2026-01-24T07,CAR,Carolinas,TI,Total interchange,-386,megawatthours,2026-01-24 07:00:00,-386.0
2026-01-24T06,CAR,Carolinas,D,Demand,24390,megawatthours,2026-01-24 06:00:00,24390.0
2026-01-24T06,CAR,Carolinas,DF,Day-ahead demand forecast,15612,megawatthours,2026-01-24 06:00:00,15612.0
2026-01-24T06,CAR,Carolinas,NG,Net generation,24347,megawatthours,2026-01-24 06:00:00,24347.0
2026-01-24T06,CAR,Carolinas,TI,Total interchange,-58,megawatthours,2026-01-24 06:00:00,-58.0
2026-01-24T05,CAR,Carolinas,D,Demand,27588,megawatthours,2026-01-24 05:00:00,27588.0
2026-01-24T05,CAR,Carolinas,DF,Day-ahead demand forecast,15443,megawatthours,2026-01-24 05:00:00,15443.0
2026-01-24T05,CAR,Carolinas,NG,Net generation,28377,megawatthours,2026-01-24 05:00:00,28377.0
2026-01-24T05,CAR,Carolinas,TI,Total interchange,632,megawatthours,2026-01-24 05:00:00,632.0
2026-01-24T04,CAR,Carolinas,D,Demand,28413,megawatthours,2026-01-24 04:00:00,28413.0
2026-01-24T04,CAR,Carolinas,DF,Day-ahead demand forecast,15847,megawatthours,2026-01-24 04:00:00,15847.0
2026-01-24T04,CAR,Carolinas,NG,Net generation,29133,megawatthours,2026-01-24 04:00:00,29133.0
2026-01-24T04,CAR,Carolinas,TI,Total interchange,599,megawatthours,2026-01-24 04:00:00,599.0
2026-01-24T03,CAR,Carolinas,D,Demand,29114,megawatthours,2026-01-24 03:00:00,29114.0
2026-01-24T03,CAR,Carolinas,DF,Day-ahead demand forecast,16275,megawatthours,2026-01-24 03:00:00,16275.0
2026-01-24T03,CAR,Carolinas,NG,Net generation,29837,megawatthours,2026-01-24 03:00:00,29837.0
2026-01-24T03,CAR,Carolinas,TI,Total interchange,558,megawatthours,2026-01-24 03:00:00,558.0
2026-01-24T02,CAR,Carolinas,D,Demand,29360,megawatthours,2026-01-24 02:00:00,29360.0
2026-01-24T02,CAR,Carolinas,DF,Day-ahead demand forecast,16512,megawatthours,2026-01-24 02:00:00,16512.0
2026-01-24T02,CAR,Carolinas,NG,Net generation,30181,megawatthours,2026-01-24 02:00:00,30181.0
2026-01-24T02,CAR,Carolinas,TI,Total interchange,585,megawatthours,2026-01-24 02:00:00,585.0
2026-01-24T01,CAR,Carolinas,D,Demand,29227,megawatthours,2026-01-24 01:00:00,29227.0
2026-01-24T01,CAR,Carolinas,DF,Day-ahead demand forecast,16644,megawatthours,2026-01-24 01:00:00,16644.0
2026-01-24T01,CAR,Carolinas,NG,Net generation,29959,megawatthours,2026-01-24 01:00:00,29959.0
2026-01-24T01,CAR,Carolinas,TI,Total interchange,502,megawatthours,2026-01-24 01:00:00,502.0
2026-01-24T00,CAR,Carolinas,D,Demand,28928,megawatthours,2026-01-24 00:00:00,28928.0
2026-01-24T00,CAR,Carolinas,DF,Day-ahead demand forecast,16439,megawatthours,2026-01-24 00:00:00,16439.0
2026-01-24T00,CAR,Carolinas,NG,Net generation,29675,megawatthours,2026-01-24 00:00:00,29675.0
2026-01-24T00,CAR,Carolinas,TI,Total interchange,509,megawatthours,2026-01-24 00:00:00,509.0
2026-01-23T23,CAR,Carolinas,D,Demand,27425,megawatthours,2026-01-23 23:00:00,27425.0
2026-01-23T23,CAR,Carolinas,DF,Day-ahead demand forecast,15762,megawatthours,2026-01-23 23:00:00,15762.0
2026-01-23T23,CAR,Carolinas,NG,Net generation,28247,megawatthours,2026-01-23 23:00:00,28247.0
2026-01-23T23,CAR,Carolinas,TI,Total interchange,555,megawatthours,2026-01-23 23:00:00,555.0
2026-01-23T22,CAR,Carolinas,D,Demand,26157,megawatthours,2026-01-23 22:00:00,26157.0
2026-01-23T22,CAR,Carolinas,DF,Day-ahead demand forecast,15019,megawatthours,2026-01-23 22:00:00,15019.0
2026-01-23T22,CAR,Carolinas,NG,Net generation,27119,megawatthours,2026-01-23 22:00:00,27119.0
2026-01-23T22,CAR,Carolinas,TI,Total interchange,591,megawatthours,2026-01-23 22:00:00,591.0
2026-01-23T21,CAR,Carolinas,D,Demand,25753,megawatthours,2026-01-23 21:00:00,25753.0
2026-01-23T21,CAR,Carolinas,DF,Day-ahead demand forecast,14775,megawatthours,2026-01-23 21:00:00,14775.0
2026-01-23T21,CAR,Carolinas,NG,Net generation,26763,megawatthours,2026-01-23 21:00:00,26763.0
2026-01-23T21,CAR,Carolinas,TI,Total interchange,524,megawatthours,2026-01-23 21:00:00,524.0
2026-01-23T20,CAR,Carolinas,D,Demand,26139,megawatthours,2026-01-23 20:00:00,26139.0
2026-01-23T20,CAR,Carolinas,DF,Day-ahead demand forecast,14933,megawatthours,2026-01-23 20:00:00,14933.0
2026-01-23T20,CAR,Carolinas,NG,Net generation,26972,megawatthours,2026-01-23 20:00:00,26972.0
2026-01-23T20,CAR,Carolinas,TI,Total interchange,339,megawatthours,2026-01-23 20:00:00,339.0
2026-01-23T19,CAR,Carolinas,D,Demand,26577,megawatthours,2026-01-23 19:00:00,26577.0
2026-01-23T19,CAR,Carolinas,DF,Day-ahead demand forecast,15329,megawatthours,2026-01-23 19:00:00,15329.0
2026-01-23T19,CAR,Carolinas,NG,Net generation,27294,megawatthours,2026-01-23 19:00:00,27294.0
2026-01-23T19,CAR,Carolinas,TI,Total interchange,230,megawatthours,2026-01-23 19:00:00,230.0
2026-01-23T18,CAR,Carolinas,D,Demand,27221,megawatthours,2026-01-23 18:00:00,27221.0
2026-01-23T18,CAR,Carolinas,DF,Day-ahead demand forecast,15817,megawatthours,2026-01-23 18:00:00,15817.0
2026-01-23T18,CAR,Carolinas,NG,Net generation,27751,megawatthours,2026-01-23 18:00:00,27751.0
2026-01-23T18,CAR,Carolinas,TI,Total interchange,-18,megawatthours,2026-01-23 18:00:00,-18.0
2026-01-23T17,CAR,Carolinas,D,Demand,27991,megawatthours,2026-01-23 17:00:00,27991.0
2026-01-23T17,CAR,Carolinas,DF,Day-ahead demand forecast,16506,megawatthours,2026-01-23 17:00:00,16506.0
2026-01-23T17,CAR,Carolinas,NG,Net generation,28497,megawatthours,2026-01-23 17:00:00,28497.0
2026-01-23T17,CAR,Carolinas,TI,Total interchange,-49,megawatthours,2026-01-23 17:00:00,-49.0
2026-01-23T16,CAR,Carolinas,D,Demand,28693,megawatthours,2026-01-23 16:00:00,28693.0
2026-01-23T16,CAR,Carolinas,DF,Day-ahead demand forecast,17421,megawatthours,2026-01-23 16:00:00,17421.0
2026-01-23T16,CAR,Carolinas,NG,Net generation,29132,megawatthours,2026-01-23 16:00:00,29132.0
2026-01-23T16,CAR,Carolinas,TI,Total interchange,-167,megawatthours,2026-01-23 16:00:00,-167.0
2026-01-23T15,CAR,Carolinas,D,Demand,29328,megawatthours,2026-01-23 15:00:00,29328.0
2026-01-23T15,CAR,Carolinas,DF,Day-ahead demand forecast,18502,megawatthours,2026-01-23 15:00:00,18502.0
2026-01-23T15,CAR,Carolinas,NG,Net generation,29928,megawatthours,2026-01-23 15:00:00,29928.0
2026-01-23T15,CAR,Carolinas,TI,Total interchange,-67,megawatthours,2026-01-23 15:00:00,-67.0
2026-01-23T14,CAR,Carolinas,D,Demand,29538,megawatthours,2026-01-23 14:00:00,29538.0
2026-01-23T14,CAR,Carolinas,DF,Day-ahead demand forecast,19390,megawatthours,2026-01-23 14:00:00,19390.0
2026-01-23T14,CAR,Carolinas,NG,Net generation,29972,megawatthours,2026-01-23 14:00:00,29972.0
2026-01-23T14,CAR,Carolinas,TI,Total interchange,-18,megawatthours,2026-01-23 14:00:00,-18.0
2026-01-23T13,CAR,Carolinas,D,Demand,29500,megawatthours,2026-01-23 13:00:00,29500.0
2026-01-23T13,CAR,Carolinas,DF,Day-ahead demand forecast,19505,megawatthours,2026-01-23 13:00:00,19505.0
2026-01-23T13,CAR,Carolinas,NG,Net generation,30182,megawatthours,2026-01-23 13:00:00,30182.0
2026-01-23T13,CAR,Carolinas,TI,Total interchange,211,megawatthours,2026-01-23 13:00:00,211.0
2026-01-23T12,CAR,Carolinas,D,Demand,28270,megawatthours,2026-01-23 12:00:00,28270.0
2026-01-23T12,CAR,Carolinas,DF,Day-ahead demand forecast,18611,megawatthours,2026-01-23 12:00:00,18611.0
2026-01-23T12,CAR,Carolinas,NG,Net generation,28536,megawatthours,2026-01-23 12:00:00,28536.0
2026-01-23T12,CAR,Carolinas,TI,Total interchange,-206,megawatthours,2026-01-23 12:00:00,-206.0
2026-01-23T11,CAR,Carolinas,D,Demand,26046,megawatthours,2026-01-23 11:00:00,26046.0
2026-01-23T11,CAR,Carolinas,DF,Day-ahead demand forecast,17196,megawatthours,2026-01-23 11:00:00,17196.0
2026-01-23T11,CAR,Carolinas,NG,Net generation,26359,megawatthours,2026-01-23 11:00:00,26359.0
2026-01-23T11,CAR,Carolinas,TI,Total interchange,-191,megawatthours,2026-01-23 11:00:00,-191.0
2026-01-23T10,CAR,Carolinas,D,Demand,24615,megawatthours,2026-01-23 10:00:00,24615.0
2026-01-23T10,CAR,Carolinas,DF,Day-ahead demand forecast,16096,megawatthours,2026-01-23 10:00:00,16096.0
2026-01-23T10,CAR,Carolinas,NG,Net generation,25040,megawatthours,2026-01-23 10:00:00,25040.0
2026-01-23T10,CAR,Carolinas,TI,Total interchange,-143,megawatthours,2026-01-23 10:00:00,-143.0
2026-01-23T09,CAR,Carolinas,D,Demand,23956,megawatthours,2026-01-23 09:00:00,23956.0
2026-01-23T09,CAR,Carolinas,DF,Day-ahead demand forecast,15498,megawatthours,2026-01-23 09:00:00,15498.0
2026-01-23T09,CAR,Carolinas,NG,Net generation,24450,megawatthours,2026-01-23 09:00:00,24450.0
2026-01-23T09,CAR,Carolinas,TI,Total interchange,-83,megawatthours,2026-01-23 09:00:00,-83.0
2026-01-23T08,CAR,Carolinas,D,Demand,23649,megawatthours,2026-01-23 08:00:00,23649.0
2026-01-23T08,CAR,Carolinas,DF,Day-ahead demand forecast,15194,megawatthours,2026-01-23 08:00:00,15194.0
2026-01-23T08,CAR,Carolinas,NG,Net generation,24205,megawatthours,2026-01-23 08:00:00,24205.0
2026-01-23T08,CAR,Carolinas,TI,Total interchange,-46,megawatthours,2026-01-23 08:00:00,-46.0
2026-01-23T07,CAR,Carolinas,D,Demand,23658,megawatthours,2026-01-23 07:00:00,23658.0
2026-01-23T07,CAR,Carolinas,DF,Day-ahead demand forecast,15119,megawatthours,2026-01-23 07:00:00,15119.0
2026-01-23T07,CAR,Carolinas,NG,Net generation,24260,megawatthours,2026-01-23 07:00:00,24260.0
2026-01-23T07,CAR,Carolinas,TI,Total interchange,-51,megawatthours,2026-01-23 07:00:00,-51.0
2026-01-23T06,CAR,Carolinas,D,Demand,23925,megawatthours,2026-01-23 06:00:00,23925.0
2026-01-23T06,CAR,Carolinas,DF,Day-ahead demand forecast,15107,megawatthours,2026-01-23 06:00:00,15107.0
2026-01-23T06,CAR,Carolinas,NG,Net generation,24265,megawatthours,2026-01-23 06:00:00,24265.0
2026-01-23T06,CAR,Carolinas,TI,Total interchange,-37,megawatthours,2026-01-23 06:00:00,-37.0
2026-01-23T05,CAR,Carolinas,D,Demand,25083,megawatthours,2026-01-23 05:00:00,25083.0
2026-01-23T05,CAR,Carolinas,DF,Day-ahead demand forecast,18536,megawatthours,2026-01-23 05:00:00,18536.0
2026-01-23T05,CAR,Carolinas,NG,Net generation,25252,megawatthours,2026-01-23 05:00:00,25252.0
2026-01-23T05,CAR,Carolinas,TI,Total interchange,972,megawatthours,2026-01-23 05:00:00,972.0
2026-01-23T04,CAR,Carolinas,D,Demand,25903,megawatthours,2026-01-23 04:00:00,25903.0
2026-01-23T04,CAR,Carolinas,DF,Day-ahead demand forecast,18861,megawatthours,2026-01-23 04:00:00,18861.0
2026-01-23T04,CAR,Carolinas,NG,Net generation,26338,megawatthours,2026-01-23 04:00:00,26338.0
2026-01-23T04,CAR,Carolinas,TI,Total interchange,956,megawatthours,2026-01-23 04:00:00,956.0
2026-01-23T03,CAR,Carolinas,D,Demand,27055,megawatthours,2026-01-23 03:00:00,27055.0
2026-01-23T03,CAR,Carolinas,DF,Day-ahead demand forecast,19479,megawatthours,2026-01-23 03:00:00,19479.0
2026-01-23T03,CAR,Carolinas,NG,Net generation,27408,megawatthours,2026-01-23 03:00:00,27408.0
2026-01-23T03,CAR,Carolinas,TI,Total interchange,825,megawatthours,2026-01-23 03:00:00,825.0
2026-01-23T02,CAR,Carolinas,D,Demand,27854,megawatthours,2026-01-23 02:00:00,27854.0
2026-01-23T02,CAR,Carolinas,DF,Day-ahead demand forecast,19826,megawatthours,2026-01-23 02:00:00,19826.0
2026-01-23T02,CAR,Carolinas,NG,Net generation,28256,megawatthours,2026-01-23 02:00:00,28256.0
2026-01-23T02,CAR,Carolinas,TI,Total interchange,876,megawatthours,2026-01-23 02:00:00,876.0
2026-01-23T01,CAR,Carolinas,D,Demand,28076,megawatthours,2026-01-23 01:00:00,28076.0
2026-01-23T01,CAR,Carolinas,DF,Day-ahead demand forecast,19953,megawatthours,2026-01-23 01:00:00,19953.0
2026-01-23T01,CAR,Carolinas,NG,Net generation,28463,megawatthours,2026-01-23 01:00:00,28463.0
2026-01-23T01,CAR,Carolinas,TI,Total interchange,871,megawatthours,2026-01-23 01:00:00,871.0
2026-01-23T00,CAR,Carolinas,D,Demand,27878,megawatthours,2026-01-23 00:00:00,27878.0
2026-01-23T00,CAR,Carolinas,DF,Day-ahead demand forecast,19602,megawatthours,2026-01-23 00:00:00,19602.0
2026-01-23T00,CAR,Carolinas,NG,Net generation,28275,megawatthours,2026-01-23 00:00:00,28275.0
2026-01-23T00,CAR,Carolinas,TI,Total interchange,863,megawatthours,2026-01-23 00:00:00,863.0
2026-01-22T23,CAR,Carolinas,D,Demand,26575,megawatthours,2026-01-22 23:00:00,26575.0
2026-01-22T23,CAR,Carolinas,DF,Day-ahead demand forecast,18666,megawatthours,2026-01-22 23:00:00,18666.0
2026-01-22T23,CAR,Carolinas,NG,Net generation,27113,megawatthours,2026-01-22 23:00:00,27113.0
2026-01-22T23,CAR,Carolinas,TI,Total interchange,989,megawatthours,2026-01-22 23:00:00,989.0
2026-01-22T22,CAR,Carolinas,D,Demand,25542,megawatthours,2026-01-22 22:00:00,25542.0
2026-01-22T22,CAR,Carolinas,DF,Day-ahead demand forecast,17687,megawatthours,2026-01-22 22:00:00,17687.0
2026-01-22T22,CAR,Carolinas,NG,Net generation,25911,megawatthours,2026-01-22 22:00:00,25911.0
2026-01-22T22,CAR,Carolinas,TI,Total interchange,848,megawatthours,2026-01-22 22:00:00,848.0
2026-01-22T21,CAR,Carolinas,D,Demand,25274,megawatthours,2026-01-22 21:00:00,25274.0
2026-01-22T21,CAR,Carolinas,DF,Day-ahead demand forecast,17415,megawatthours,2026-01-22 21:00:00,17415.0
2026-01-22T21,CAR,Carolinas,NG,Net generation,25558,megawatthours,2026-01-22 21:00:00,25558.0
2026-01-22T21,CAR,Carolinas,TI,Total interchange,848,megawatthours,2026-01-22 21:00:00,848.0
2026-01-22T20,CAR,Carolinas,D,Demand,25261,megawatthours,2026-01-22 20:00:00,25261.0
2026-01-22T20,CAR,Carolinas,DF,Day-ahead demand forecast,17604,megawatthours,2026-01-22 20:00:00,17604.0
2026-01-22T20,CAR,Carolinas,NG,Net generation,25768,megawatthours,2026-01-22 20:00:00,25768.0
2026-01-22T20,CAR,Carolinas,TI,Total interchange,1048,megawatthours,2026-01-22 20:00:00,1048.0
2026-01-22T19,CAR,Carolinas,D,Demand,25500,megawatthours,2026-01-22 19:00:00,25500.0
2026-01-22T19,CAR,Carolinas,DF,Day-ahead demand forecast,18041,megawatthours,2026-01-22 19:00:00,18041.0
2026-01-22T19,CAR,Carolinas,NG,Net generation,26046,megawatthours,2026-01-22 19:00:00,26046.0
2026-01-22T19,CAR,Carolinas,TI,Total interchange,1133,megawatthours,2026-01-22 19:00:00,1133.0
2026-01-22T18,CAR,Carolinas,D,Demand,26159,megawatthours,2026-01-22 18:00:00,26159.0
2026-01-22T18,CAR,Carolinas,DF,Day-ahead demand forecast,18559,megawatthours,2026-01-22 18:00:00,18559.0
2026-01-22T18,CAR,Carolinas,NG,Net generation,26887,megawatthours,2026-01-22 18:00:00,26887.0
2026-01-22T18,CAR,Carolinas,TI,Total interchange,1154,megawatthours,2026-01-22 18:00:00,1154.0
2026-01-22T17,CAR,Carolinas,D,Demand,26921,megawatthours,2026-01-22 17:00:00,26921.0
2026-01-22T17,CAR,Carolinas,DF,Day-ahead demand forecast,19313,megawatthours,2026-01-22 17:00:00,19313.0
2026-01-22T17,CAR,Carolinas,NG,Net generation,27761,megawatthours,2026-01-22 17:00:00,27761.0
2026-01-22T17,CAR,Carolinas,TI,Total interchange,1082,megawatthours,2026-01-22 17:00:00,1082.0
2026-01-22T16,CAR,Carolinas,D,Demand,28093,megawatthours,2026-01-22 16:00:00,28093.0
2026-01-22T16,CAR,Carolinas,DF,Day-ahead demand forecast,20434,megawatthours,2026-01-22 16:00:00,20434.0
2026-01-22T16,CAR,Carolinas,NG,Net generation,28828,megawatthours,2026-01-22 16:00:00,28828.0
2026-01-22T16,CAR,Carolinas,TI,Total interchange,766,megawatthours,2026-01-22 16:00:00,766.0
2026-01-22T15,CAR,Carolinas,D,Demand,29516,megawatthours,2026-01-22 15:00:00,29516.0
2026-01-22T15,CAR,Carolinas,DF,Day-ahead demand forecast,21701,megawatthours,2026-01-22 15:00:00,21701.0
2026-01-22T15,CAR,Carolinas,NG,Net generation,30442,megawatthours,2026-01-22 15:00:00,30442.0
2026-01-22T15,CAR,Carolinas,TI,Total interchange,599,megawatthours,2026-01-22 15:00:00,599.0
2026-01-22T14,CAR,Carolinas,D,Demand,30747,megawatthours,2026-01-22 14:00:00,30747.0
2026-01-22T14,CAR,Carolinas,DF,Day-ahead demand forecast,22856,megawatthours,2026-01-22 14:00:00,22856.0
2026-01-22T14,CAR,Carolinas,NG,Net generation,31395,megawatthours,2026-01-22 14:00:00,31395.0
2026-01-22T14,CAR,Carolinas,TI,Total interchange,325,megawatthours,2026-01-22 14:00:00,325.0
2026-01-22T13,CAR,Carolinas,D,Demand,31265,megawatthours,2026-01-22 13:00:00,31265.0
2026-01-22T13,CAR,Carolinas,DF,Day-ahead demand forecast,23151,megawatthours,2026-01-22 13:00:00,23151.0
2026-01-22T13,CAR,Carolinas,NG,Net generation,32277,megawatthours,2026-01-22 13:00:00,32277.0
2026-01-22T13,CAR,Carolinas,TI,Total interchange,374,megawatthours,2026-01-22 13:00:00,374.0
2026-01-22T12,CAR,Carolinas,D,Demand,30157,megawatthours,2026-01-22 12:00:00,30157.0
2026-01-22T12,CAR,Carolinas,DF,Day-ahead demand forecast,22290,megawatthours,2026-01-22 12:00:00,22290.0
2026-01-22T12,CAR,Carolinas,NG,Net generation,31363,megawatthours,2026-01-22 12:00:00,31363.0
2026-01-22T12,CAR,Carolinas,TI,Total interchange,535,megawatthours,2026-01-22 12:00:00,535.0
2026-01-22T11,CAR,Carolinas,D,Demand,27808,megawatthours,2026-01-22 11:00:00,27808.0
2026-01-22T11,CAR,Carolinas,DF,Day-ahead demand forecast,20653,megawatthours,2026-01-22 11:00:00,20653.0
2026-01-22T11,CAR,Carolinas,NG,Net generation,29171,megawatthours,2026-01-22 11:00:00,29171.0
2026-01-22T11,CAR,Carolinas,TI,Total interchange,692,megawatthours,2026-01-22 11:00:00,692.0
2026-01-22T10,CAR,Carolinas,D,Demand,26538,megawatthours,2026-01-22 10:00:00,26538.0
2026-01-22T10,CAR,Carolinas,DF,Day-ahead demand forecast,19408,megawatthours,2026-01-22 10:00:00,19408.0
2026-01-22T10,CAR,Carolinas,NG,Net generation,27993,megawatthours,2026-01-22 10:00:00,27993.0
2026-01-22T10,CAR,Carolinas,TI,Total interchange,778,megawatthours,2026-01-22 10:00:00,778.0
2026-01-22T09,CAR,Carolinas,D,Demand,26190,megawatthours,2026-01-22 09:00:00,26190.0
2026-01-22T09,CAR,Carolinas,DF,Day-ahead demand forecast,18951,megawatthours,2026-01-22 09:00:00,18951.0
2026-01-22T09,CAR,Carolinas,NG,Net generation,27551,megawatthours,2026-01-22 09:00:00,27551.0
2026-01-22T09,CAR,Carolinas,TI,Total interchange,816,megawatthours,2026-01-22 09:00:00,816.0
2026-01-22T08,CAR,Carolinas,D,Demand,26210,megawatthours,2026-01-22 08:00:00,26210.0
2026-01-22T08,CAR,Carolinas,DF,Day-ahead demand forecast,18636,megawatthours,2026-01-22 08:00:00,18636.0
2026-01-22T08,CAR,Carolinas,NG,Net generation,27553,megawatthours,2026-01-22 08:00:00,27553.0
2026-01-22T08,CAR,Carolinas,TI,Total interchange,899,megawatthours,2026-01-22 08:00:00,899.0
2026-01-22T07,CAR,Carolinas,D,Demand,26609,megawatthours,2026-01-22 07:00:00,26609.0
2026-01-22T07,CAR,Carolinas,DF,Day-ahead demand forecast,18587,megawatthours,2026-01-22 07:00:00,18587.0
2026-01-22T07,CAR,Carolinas,NG,Net generation,27586,megawatthours,2026-01-22 07:00:00,27586.0
2026-01-22T07,CAR,Carolinas,TI,Total interchange,752,megawatthours,2026-01-22 07:00:00,752.0
2026-01-22T06,CAR,Carolinas,D,Demand,27127,megawatthours,2026-01-22 06:00:00,27127.0
2026-01-22T06,CAR,Carolinas,DF,Day-ahead demand forecast,18726,megawatthours,2026-01-22 06:00:00,18726.0
2026-01-22T06,CAR,Carolinas,NG,Net generation,26571,megawatthours,2026-01-22 06:00:00,26571.0
2026-01-22T06,CAR,Carolinas,TI,Total interchange,259,megawatthours,2026-01-22 06:00:00,259.0
2026-01-22T05,CAR,Carolinas,D,Demand,28175,megawatthours,2026-01-22 05:00:00,28175.0
2026-01-22T05,CAR,Carolinas,DF,Day-ahead demand forecast,28597,megawatthours,2026-01-22 05:00:00,28597.0
2026-01-22T05,CAR,Carolinas,NG,Net generation,26886,megawatthours,2026-01-22 05:00:00,26886.0
2026-01-22T05,CAR,Carolinas,TI,Total interchange,-1318,megawatthours,2026-01-22 05:00:00,-1318.0
2026-01-22T04,CAR,Carolinas,D,Demand,29593,megawatthours,2026-01-22 04:00:00,29593.0
2026-01-22T04,CAR,Carolinas,DF,Day-ahead demand forecast,29537,megawatthours,2026-01-22 04:00:00,29537.0
2026-01-22T04,CAR,Carolinas,NG,Net generation,28234,megawatthours,2026-01-22 04:00:00,28234.0
2026-01-22T04,CAR,Carolinas,TI,Total interchange,-1388,megawatthours,2026-01-22 04:00:00,-1388.0
2026-01-22T03,CAR,Carolinas,D,Demand,30997,megawatthours,2026-01-22 03:00:00,30997.0
2026-01-22T03,CAR,Carolinas,DF,Day-ahead demand forecast,30562,megawatthours,2026-01-22 03:00:00,30562.0
2026-01-22T03,CAR,Carolinas,NG,Net generation,29527,megawatthours,2026-01-22 03:00:00,29527.0
2026-01-22T03,CAR,Carolinas,TI,Total interchange,-1505,megawatthours,2026-01-22 03:00:00,-1505.0
2026-01-22T02,CAR,Carolinas,D,Demand,31734,megawatthours,2026-01-22 02:00:00,31734.0
2026-01-22T02,CAR,Carolinas,DF,Day-ahead demand forecast,31165,megawatthours,2026-01-22 02:00:00,31165.0
2026-01-22T02,CAR,Carolinas,NG,Net generation,30074,megawatthours,2026-01-22 02:00:00,30074.0
2026-01-22T02,CAR,Carolinas,TI,Total interchange,-1694,megawatthours,2026-01-22 02:00:00,-1694.0
2026-01-22T01,CAR,Carolinas,D,Demand,31676,megawatthours,2026-01-22 01:00:00,31676.0
2026-01-22T01,CAR,Carolinas,DF,Day-ahead demand forecast,31330,megawatthours,2026-01-22 01:00:00,31330.0
2026-01-22T01,CAR,Carolinas,NG,Net generation,30060,megawatthours,2026-01-22 01:00:00,30060.0
2026-01-22T01,CAR,Carolinas,TI,Total interchange,-1650,megawatthours,2026-01-22 01:00:00,-1650.0
2026-01-22T00,CAR,Carolinas,D,Demand,31224,megawatthours,2026-01-22 00:00:00,31224.0
2026-01-22T00,CAR,Carolinas,DF,Day-ahead demand forecast,30581,megawatthours,2026-01-22 00:00:00,30581.0
2026-01-22T00,CAR,Carolinas,NG,Net generation,29763,megawatthours,2026-01-22 00:00:00,29763.0
2026-01-22T00,CAR,Carolinas,TI,Total interchange,-1495,megawatthours,2026-01-22 00:00:00,-1495.0
2026-01-21T23,CAR,Carolinas,D,Demand,29379,megawatthours,2026-01-21 23:00:00,29379.0
2026-01-21T23,CAR,Carolinas,DF,Day-ahead demand forecast,28717,megawatthours,2026-01-21 23:00:00,28717.0
2026-01-21T23,CAR,Carolinas,NG,Net generation,27923,megawatthours,2026-01-21 23:00:00,27923.0
2026-01-21T23,CAR,Carolinas,TI,Total interchange,-1490,megawatthours,2026-01-21 23:00:00,-1490.0
2026-01-21T22,CAR,Carolinas,D,Demand,27538,megawatthours,2026-01-21 22:00:00,27538.0
2026-01-21T22,CAR,Carolinas,DF,Day-ahead demand forecast,27006,megawatthours,2026-01-21 22:00:00,27006.0
2026-01-21T22,CAR,Carolinas,NG,Net generation,25954,megawatthours,2026-01-21 22:00:00,25954.0
2026-01-21T22,CAR,Carolinas,TI,Total interchange,-1616,megawatthours,2026-01-21 22:00:00,-1616.0
2026-01-21T21,CAR,Carolinas,D,Demand,26716,megawatthours,2026-01-21 21:00:00,26716.0
2026-01-21T21,CAR,Carolinas,DF,Day-ahead demand forecast,26291,megawatthours,2026-01-21 21:00:00,26291.0
2026-01-21T21,CAR,Carolinas,NG,Net generation,25125,megawatthours,2026-01-21 21:00:00,25125.0
2026-01-21T21,CAR,Carolinas,TI,Total interchange,-1620,megawatthours,2026-01-21 21:00:00,-1620.0
2026-01-21T20,CAR,Carolinas,D,Demand,26998,megawatthours,2026-01-21 20:00:00,26998.0
2026-01-21T20,CAR,Carolinas,DF,Day-ahead demand forecast,26702,megawatthours,2026-01-21 20:00:00,26702.0
2026-01-21T20,CAR,Carolinas,NG,Net generation,25479,megawatthours,2026-01-21 20:00:00,25479.0
2026-01-21T20,CAR,Carolinas,TI,Total interchange,-1552,megawatthours,2026-01-21 20:00:00,-1552.0
2026-01-21T19,CAR,Carolinas,D,Demand,27980,megawatthours,2026-01-21 19:00:00,27980.0
2026-01-21T19,CAR,Carolinas,DF,Day-ahead demand forecast,27663,megawatthours,2026-01-21 19:00:00,27663.0
2026-01-21T19,CAR,Carolinas,NG,Net generation,26612,megawatthours,2026-01-21 19:00:00,26612.0
2026-01-21T19,CAR,Carolinas,TI,Total interchange,-1398,megawatthours,2026-01-21 19:00:00,-1398.0
2026-01-21T18,CAR,Carolinas,D,Demand,29142,megawatthours,2026-01-21 18:00:00,29142.0
2026-01-21T18,CAR,Carolinas,DF,Day-ahead demand forecast,29043,megawatthours,2026-01-21 18:00:00,29043.0
2026-01-21T18,CAR,Carolinas,NG,Net generation,27799,megawatthours,2026-01-21 18:00:00,27799.0
2026-01-21T18,CAR,Carolinas,TI,Total interchange,-1375,megawatthours,2026-01-21 18:00:00,-1375.0
2026-01-21T17,CAR,Carolinas,D,Demand,31072,megawatthours,2026-01-21 17:00:00,31072.0
2026-01-21T17,CAR,Carolinas,DF,Day-ahead demand forecast,31196,megawatthours,2026-01-21 17:00:00,31196.0
2026-01-21T17,CAR,Carolinas,NG,Net generation,29633,megawatthours,2026-01-21 17:00:00,29633.0
2026-01-21T17,CAR,Carolinas,TI,Total interchange,-1474,megawatthours,2026-01-21 17:00:00,-1474.0
2026-01-21T16,CAR,Carolinas,D,Demand,33956,megawatthours,2026-01-21 16:00:00,33956.0
2026-01-21T16,CAR,Carolinas,DF,Day-ahead demand forecast,34081,megawatthours,2026-01-21 16:00:00,34081.0
2026-01-21T16,CAR,Carolinas,NG,Net generation,32411,megawatthours,2026-01-21 16:00:00,32411.0
2026-01-21T16,CAR,Carolinas,TI,Total interchange,-1580,megawatthours,2026-01-21 16:00:00,-1580.0
2026-01-21T15,CAR,Carolinas,D,Demand,37907,megawatthours,2026-01-21 15:00:00,37907.0
2026-01-21T15,CAR,Carolinas,DF,Day-ahead demand forecast,37554,megawatthours,2026-01-21 15:00:00,37554.0
2026-01-21T15,CAR,Carolinas,NG,Net generation,35800,megawatthours,2026-01-21 15:00:00,35800.0
2026-01-21T15,CAR,Carolinas,TI,Total interchange,-2143,megawatthours,2026-01-21 15:00:00,-2143.0
2026-01-21T14,CAR,Carolinas,D,Demand,42243,megawatthours,2026-01-21 14:00:00,42243.0
2026-01-21T14,CAR,Carolinas,DF,Day-ahead demand forecast,40794,megawatthours,2026-01-21 14:00:00,40794.0
2026-01-21T14,CAR,Carolinas,NG,Net generation,39416,megawatthours,2026-01-21 14:00:00,39416.0
2026-01-21T14,CAR,Carolinas,TI,Total interchange,-2865,megawatthours,2026-01-21 14:00:00,-2865.0
2026-01-21T13,CAR,Carolinas,D,Demand,43684,megawatthours,2026-01-21 13:00:00,43684.0
2026-01-21T13,CAR,Carolinas,DF,Day-ahead demand forecast,42124,megawatthours,2026-01-21 13:00:00,42124.0
2026-01-21T13,CAR,Carolinas,NG,Net generation,40694,megawatthours,2026-01-21 13:00:00,40694.0
2026-01-21T13,CAR,Carolinas,TI,Total interchange,-3029,megawatthours,2026-01-21 13:00:00,-3029.0
2026-01-21T12,CAR,Carolinas,D,Demand,42905,megawatthours,2026-01-21 12:00:00,42905.0
2026-01-21T12,CAR,Carolinas,DF,Day-ahead demand forecast,40983,megawatthours,2026-01-21 12:00:00,40983.0
2026-01-21T12,CAR,Carolinas,NG,Net generation,39545,megawatthours,2026-01-21 12:00:00,39545.0
2026-01-21T12,CAR,Carolinas,TI,Total interchange,-3400,megawatthours,2026-01-21 12:00:00,-3400.0
2026-01-21T11,CAR,Carolinas,D,Demand,40138,megawatthours,2026-01-21 11:00:00,40138.0
2026-01-21T11,CAR,Carolinas,DF,Day-ahead demand forecast,38361,megawatthours,2026-01-21 11:00:00,38361.0
2026-01-21T11,CAR,Carolinas,NG,Net generation,36981,megawatthours,2026-01-21 11:00:00,36981.0
2026-01-21T11,CAR,Carolinas,TI,Total interchange,-3193,megawatthours,2026-01-21 11:00:00,-3193.0
2026-01-21T10,CAR,Carolinas,D,Demand,37930,megawatthours,2026-01-21 10:00:00,37930.0
2026-01-21T10,CAR,Carolinas,DF,Day-ahead demand forecast,36212,megawatthours,2026-01-21 10:00:00,36212.0
2026-01-21T10,CAR,Carolinas,NG,Net generation,35027,megawatthours,2026-01-21 10:00:00,35027.0
2026-01-21T10,CAR,Carolinas,TI,Total interchange,-2937,megawatthours,2026-01-21 10:00:00,-2937.0
2026-01-21T09,CAR,Carolinas,D,Demand,36607,megawatthours,2026-01-21 09:00:00,36607.0
2026-01-21T09,CAR,Carolinas,DF,Day-ahead demand forecast,34915,megawatthours,2026-01-21 09:00:00,34915.0
2026-01-21T09,CAR,Carolinas,NG,Net generation,33880,megawatthours,2026-01-21 09:00:00,33880.0
2026-01-21T09,CAR,Carolinas,TI,Total interchange,-2760,megawatthours,2026-01-21 09:00:00,-2760.0
2026-01-21T08,CAR,Carolinas,D,Demand,35713,megawatthours,2026-01-21 08:00:00,35713.0
2026-01-21T08,CAR,Carolinas,DF,Day-ahead demand forecast,34212,megawatthours,2026-01-21 08:00:00,34212.0
2026-01-21T08,CAR,Carolinas,NG,Net generation,33003,megawatthours,2026-01-21 08:00:00,33003.0
2026-01-21T08,CAR,Carolinas,TI,Total interchange,-2740,megawatthours,2026-01-21 08:00:00,-2740.0
2026-01-21T07,CAR,Carolinas,D,Demand,35035,megawatthours,2026-01-21 07:00:00,35035.0
2026-01-21T07,CAR,Carolinas,DF,Day-ahead demand forecast,33690,megawatthours,2026-01-21 07:00:00,33690.0
2026-01-21T07,CAR,Carolinas,NG,Net generation,32309,megawatthours,2026-01-21 07:00:00,32309.0
2026-01-21T07,CAR,Carolinas,TI,Total interchange,-2757,megawatthours,2026-01-21 07:00:00,-2757.0
2026-01-21T06,CAR,Carolinas,D,Demand,34586,megawatthours,2026-01-21 06:00:00,34586.0
2026-01-21T06,CAR,Carolinas,DF,Day-ahead demand forecast,33367,megawatthours,2026-01-21 06:00:00,33367.0
2026-01-21T06,CAR,Carolinas,NG,Net generation,32364,megawatthours,2026-01-21 06:00:00,32364.0
2026-01-21T06,CAR,Carolinas,TI,Total interchange,-2253,megawatthours,2026-01-21 06:00:00,-2253.0
2026-01-21T05,CAR,Carolinas,D,Demand,34622,megawatthours,2026-01-21 05:00:00,34622.0
2026-01-21T05,CAR,Carolinas,DF,Day-ahead demand forecast,33639,megawatthours,2026-01-21 05:00:00,33639.0
2026-01-21T05,CAR,Carolinas,NG,Net generation,32617,megawatthours,2026-01-21 05:00:00,32617.0
2026-01-21T05,CAR,Carolinas,TI,Total interchange,-2035,megawatthours,2026-01-21 05:00:00,-2035.0
2026-01-21T04,CAR,Carolinas,D,Demand,35134,megawatthours,2026-01-21 04:00:00,35134.0
2026-01-21T04,CAR,Carolinas,DF,Day-ahead demand forecast,34265,megawatthours,2026-01-21 04:00:00,34265.0
2026-01-21T04,CAR,Carolinas,NG,Net generation,32954,megawatthours,2026-01-21 04:00:00,32954.0
2026-01-21T04,CAR,Carolinas,TI,Total interchange,-2210,megawatthours,2026-01-21 04:00:00,-2210.0
2026-01-21T03,CAR,Carolinas,D,Demand,35789,megawatthours,2026-01-21 03:00:00,35789.0
2026-01-21T03,CAR,Carolinas,DF,Day-ahead demand forecast,35030,megawatthours,2026-01-21 03:00:00,35030.0
2026-01-21T03,CAR,Carolinas,NG,Net generation,33465,megawatthours,2026-01-21 03:00:00,33465.0
2026-01-21T03,CAR,Carolinas,TI,Total interchange,-2362,megawatthours,2026-01-21 03:00:00,-2362.0
2026-01-21T02,CAR,Carolinas,D,Demand,35828,megawatthours,2026-01-21 02:00:00,35828.0
2026-01-21T02,CAR,Carolinas,DF,Day-ahead demand forecast,35301,megawatthours,2026-01-21 02:00:00,35301.0
2026-01-21T02,CAR,Carolinas,NG,Net generation,33440,megawatthours,2026-01-21 02:00:00,33440.0
2026-01-21T02,CAR,Carolinas,TI,Total interchange,-2420,megawatthours,2026-01-21 02:00:00,-2420.0
2026-01-21T01,CAR,Carolinas,D,Demand,35131,megawatthours,2026-01-21 01:00:00,35131.0
2026-01-21T01,CAR,Carolinas,DF,Day-ahead demand forecast,35018,megawatthours,2026-01-21 01:00:00,35018.0
2026-01-21T01,CAR,Carolinas,NG,Net generation,32871,megawatthours,2026-01-21 01:00:00,32871.0
2026-01-21T01,CAR,Carolinas,TI,Total interchange,-2301,megawatthours,2026-01-21 01:00:00,-2301.0
2026-01-21T00,CAR,Carolinas,D,Demand,33936,megawatthours,2026-01-21 00:00:00,33936.0
2026-01-21T00,CAR,Carolinas,DF,Day-ahead demand forecast,33836,megawatthours,2026-01-21 00:00:00,33836.0
2026-01-21T00,CAR,Carolinas,NG,Net generation,31842,megawatthours,2026-01-21 00:00:00,31842.0
2026-01-21T00,CAR,Carolinas,TI,Total interchange,-2130,megawatthours,2026-01-21 00:00:00,-2130.0
2026-01-20T23,CAR,Carolinas,D,Demand,31176,megawatthours,2026-01-20 23:00:00,31176.0
2026-01-20T23,CAR,Carolinas,DF,Day-ahead demand forecast,31459,megawatthours,2026-01-20 23:00:00,31459.0
2026-01-20T23,CAR,Carolinas,NG,Net generation,29597,megawatthours,2026-01-20 23:00:00,29597.0
2026-01-20T23,CAR,Carolinas,TI,Total interchange,-1616,megawatthours,2026-01-20 23:00:00,-1616.0
2026-01-20T22,CAR,Carolinas,D,Demand,28696,megawatthours,2026-01-20 22:00:00,28696.0
2026-01-20T22,CAR,Carolinas,DF,Day-ahead demand forecast,29146,megawatthours,2026-01-20 22:00:00,29146.0
2026-01-20T22,CAR,Carolinas,NG,Net generation,27366,megawatthours,2026-01-20 22:00:00,27366.0
2026-01-20T22,CAR,Carolinas,TI,Total interchange,-1360,megawatthours,2026-01-20 22:00:00,-1360.0
2026-01-20T21,CAR,Carolinas,D,Demand,27818,megawatthours,2026-01-20 21:00:00,27818.0
2026-01-20T21,CAR,Carolinas,DF,Day-ahead demand forecast,28069,megawatthours,2026-01-20 21:00:00,28069.0
2026-01-20T21,CAR,Carolinas,NG,Net generation,26529,megawatthours,2026-01-20 21:00:00,26529.0
2026-01-20T21,CAR,Carolinas,TI,Total interchange,-1322,megawatthours,2026-01-20 21:00:00,-1322.0
2026-01-20T20,CAR,Carolinas,D,Demand,28081,megawatthours,2026-01-20 20:00:00,28081.0
2026-01-20T20,CAR,Carolinas,DF,Day-ahead demand forecast,28116,megawatthours,2026-01-20 20:00:00,28116.0
2026-01-20T20,CAR,Carolinas,NG,Net generation,26830,megawatthours,2026-01-20 20:00:00,26830.0
2026-01-20T20,CAR,Carolinas,TI,Total interchange,-1283,megawatthours,2026-01-20 20:00:00,-1283.0
2026-01-20T19,CAR,Carolinas,D,Demand,28958,megawatthours,2026-01-20 19:00:00,28958.0
2026-01-20T19,CAR,Carolinas,DF,Day-ahead demand forecast,29015,megawatthours,2026-01-20 19:00:00,29015.0
2026-01-20T19,CAR,Carolinas,NG,Net generation,27732,megawatthours,2026-01-20 19:00:00,27732.0
2026-01-20T19,CAR,Carolinas,TI,Total interchange,-1257,megawatthours,2026-01-20 19:00:00,-1257.0
2026-01-20T18,CAR,Carolinas,D,Demand,30032,megawatthours,2026-01-20 18:00:00,30032.0
2026-01-20T18,CAR,Carolinas,DF,Day-ahead demand forecast,30355,megawatthours,2026-01-20 18:00:00,30355.0
2026-01-20T18,CAR,Carolinas,NG,Net generation,28826,megawatthours,2026-01-20 18:00:00,28826.0
2026-01-20T18,CAR,Carolinas,TI,Total interchange,-1241,megawatthours,2026-01-20 18:00:00,-1241.0
2026-01-20T17,CAR,Carolinas,D,Demand,31678,megawatthours,2026-01-20 17:00:00,31678.0
2026-01-20T17,CAR,Carolinas,DF,Day-ahead demand forecast,32233,megawatthours,2026-01-20 17:00:00,32233.0
2026-01-20T17,CAR,Carolinas,NG,Net generation,30487,megawatthours,2026-01-20 17:00:00,30487.0
2026-01-20T17,CAR,Carolinas,TI,Total interchange,-1229,megawatthours,2026-01-20 17:00:00,-1229.0
2026-01-20T16,CAR,Carolinas,D,Demand,33760,megawatthours,2026-01-20 16:00:00,33760.0
2026-01-20T16,CAR,Carolinas,DF,Day-ahead demand forecast,34632,megawatthours,2026-01-20 16:00:00,34632.0
2026-01-20T16,CAR,Carolinas,NG,Net generation,32217,megawatthours,2026-01-20 16:00:00,32217.0
2026-01-20T16,CAR,Carolinas,TI,Total interchange,-1579,megawatthours,2026-01-20 16:00:00,-1579.0
2026-01-20T15,CAR,Carolinas,D,Demand,37028,megawatthours,2026-01-20 15:00:00,37028.0
2026-01-20T15,CAR,Carolinas,DF,Day-ahead demand forecast,37591,megawatthours,2026-01-20 15:00:00,37591.0
2026-01-20T15,CAR,Carolinas,NG,Net generation,35322,megawatthours,2026-01-20 15:00:00,35322.0
2026-01-20T15,CAR,Carolinas,TI,Total interchange,-1745,megawatthours,2026-01-20 15:00:00,-1745.0
2026-01-20T14,CAR,Carolinas,D,Demand,40447,megawatthours,2026-01-20 14:00:00,40447.0
2026-01-20T14,CAR,Carolinas,DF,Day-ahead demand forecast,40159,megawatthours,2026-01-20 14:00:00,40159.0
2026-01-20T14,CAR,Carolinas,NG,Net generation,38384,megawatthours,2026-01-20 14:00:00,38384.0
2026-01-20T14,CAR,Carolinas,TI,Total interchange,-2099,megawatthours,2026-01-20 14:00:00,-2099.0
2026-01-20T13,CAR,Carolinas,D,Demand,41385,megawatthours,2026-01-20 13:00:00,41385.0
2026-01-20T13,CAR,Carolinas,DF,Day-ahead demand forecast,40894,megawatthours,2026-01-20 13:00:00,40894.0
2026-01-20T13,CAR,Carolinas,NG,Net generation,39387,megawatthours,2026-01-20 13:00:00,39387.0
2026-01-20T13,CAR,Carolinas,TI,Total interchange,-2036,megawatthours,2026-01-20 13:00:00,-2036.0
2026-01-20T12,CAR,Carolinas,D,Demand,39791,megawatthours,2026-01-20 12:00:00,39791.0
2026-01-20T12,CAR,Carolinas,DF,Day-ahead demand forecast,39459,megawatthours,2026-01-20 12:00:00,39459.0
2026-01-20T12,CAR,Carolinas,NG,Net generation,37683,megawatthours,2026-01-20 12:00:00,37683.0
2026-01-20T12,CAR,Carolinas,TI,Total interchange,-2147,megawatthours,2026-01-20 12:00:00,-2147.0
2026-01-20T11,CAR,Carolinas,D,Demand,36867,megawatthours,2026-01-20 11:00:00,36867.0
2026-01-20T11,CAR,Carolinas,DF,Day-ahead demand forecast,36736,megawatthours,2026-01-20 11:00:00,36736.0
2026-01-20T11,CAR,Carolinas,NG,Net generation,34731,megawatthours,2026-01-20 11:00:00,34731.0
2026-01-20T11,CAR,Carolinas,TI,Total interchange,-2167,megawatthours,2026-01-20 11:00:00,-2167.0
2026-01-20T10,CAR,Carolinas,D,Demand,34602,megawatthours,2026-01-20 10:00:00,34602.0
2026-01-20T10,CAR,Carolinas,DF,Day-ahead demand forecast,34779,megawatthours,2026-01-20 10:00:00,34779.0
2026-01-20T10,CAR,Carolinas,NG,Net generation,32878,megawatthours,2026-01-20 10:00:00,32878.0
2026-01-20T10,CAR,Carolinas,TI,Total interchange,-1758,megawatthours,2026-01-20 10:00:00,-1758.0
2026-01-20T09,CAR,Carolinas,D,Demand,33239,megawatthours,2026-01-20 09:00:00,33239.0
2026-01-20T09,CAR,Carolinas,DF,Day-ahead demand forecast,33463,megawatthours,2026-01-20 09:00:00,33463.0
2026-01-20T09,CAR,Carolinas,NG,Net generation,31541,megawatthours,2026-01-20 09:00:00,31541.0
2026-01-20T09,CAR,Carolinas,TI,Total interchange,-1724,megawatthours,2026-01-20 09:00:00,-1724.0
2026-01-20T08,CAR,Carolinas,D,Demand,32436,megawatthours,2026-01-20 08:00:00,32436.0
2026-01-20T08,CAR,Carolinas,DF,Day-ahead demand forecast,32646,megawatthours,2026-01-20 08:00:00,32646.0
2026-01-20T08,CAR,Carolinas,NG,Net generation,30815,megawatthours,2026-01-20 08:00:00,30815.0
2026-01-20T08,CAR,Carolinas,TI,Total interchange,-1651,megawatthours,2026-01-20 08:00:00,-1651.0
2026-01-20T07,CAR,Carolinas,D,Demand,31942,megawatthours,2026-01-20 07:00:00,31942.0
2026-01-20T07,CAR,Carolinas,DF,Day-ahead demand forecast,32303,megawatthours,2026-01-20 07:00:00,32303.0
2026-01-20T07,CAR,Carolinas,NG,Net generation,30309,megawatthours,2026-01-20 07:00:00,30309.0
2026-01-20T07,CAR,Carolinas,TI,Total interchange,-1666,megawatthours,2026-01-20 07:00:00,-1666.0
2026-01-20T06,CAR,Carolinas,D,Demand,31618,megawatthours,2026-01-20 06:00:00,31618.0
2026-01-20T06,CAR,Carolinas,DF,Day-ahead demand forecast,31913,megawatthours,2026-01-20 06:00:00,31913.0
2026-01-20T06,CAR,Carolinas,NG,Net generation,30321,megawatthours,2026-01-20 06:00:00,30321.0
2026-01-20T06,CAR,Carolinas,TI,Total interchange,-1325,megawatthours,2026-01-20 06:00:00,-1325.0
2026-01-20T05,CAR,Carolinas,D,Demand,31910,megawatthours,2026-01-20 05:00:00,31910.0
2026-01-20T05,CAR,Carolinas,DF,Day-ahead demand forecast,32139,megawatthours,2026-01-20 05:00:00,32139.0
2026-01-20T05,CAR,Carolinas,NG,Net generation,31035,megawatthours,2026-01-20 05:00:00,31035.0
2026-01-20T05,CAR,Carolinas,TI,Total interchange,-907,megawatthours,2026-01-20 05:00:00,-907.0
2026-01-20T04,CAR,Carolinas,D,Demand,32558,megawatthours,2026-01-20 04:00:00,32558.0
2026-01-20T04,CAR,Carolinas,DF,Day-ahead demand forecast,32727,megawatthours,2026-01-20 04:00:00,32727.0
2026-01-20T04,CAR,Carolinas,NG,Net generation,31447,megawatthours,2026-01-20 04:00:00,31447.0
2026-01-20T04,CAR,Carolinas,TI,Total interchange,-1142,megawatthours,2026-01-20 04:00:00,-1142.0
2026-01-20T03,CAR,Carolinas,D,Demand,33308,megawatthours,2026-01-20 03:00:00,33308.0
2026-01-20T03,CAR,Carolinas,DF,Day-ahead demand forecast,33475,megawatthours,2026-01-20 03:00:00,33475.0
2026-01-20T03,CAR,Carolinas,NG,Net generation,32050,megawatthours,2026-01-20 03:00:00,32050.0
2026-01-20T03,CAR,Carolinas,TI,Total interchange,-1291,megawatthours,2026-01-20 03:00:00,-1291.0
2026-01-20T02,CAR,Carolinas,D,Demand,33601,megawatthours,2026-01-20 02:00:00,33601.0
2026-01-20T02,CAR,Carolinas,DF,Day-ahead demand forecast,33882,megawatthours,2026-01-20 02:00:00,33882.0
2026-01-20T02,CAR,Carolinas,NG,Net generation,32182,megawatthours,2026-01-20 02:00:00,32182.0
2026-01-20T02,CAR,Carolinas,TI,Total interchange,-1455,megawatthours,2026-01-20 02:00:00,-1455.0
2026-01-20T01,CAR,Carolinas,D,Demand,33426,megawatthours,2026-01-20 01:00:00,33426.0
2026-01-20T01,CAR,Carolinas,DF,Day-ahead demand forecast,33762,megawatthours,2026-01-20 01:00:00,33762.0
2026-01-20T01,CAR,Carolinas,NG,Net generation,32169,megawatthours,2026-01-20 01:00:00,32169.0
2026-01-20T01,CAR,Carolinas,TI,Total interchange,-1289,megawatthours,2026-01-20 01:00:00,-1289.0
2026-01-20T00,CAR,Carolinas,D,Demand,32581,megawatthours,2026-01-20 00:00:00,32581.0
2026-01-20T00,CAR,Carolinas,DF,Day-ahead demand forecast,32802,megawatthours,2026-01-20 00:00:00,32802.0
2026-01-20T00,CAR,Carolinas,NG,Net generation,31560,megawatthours,2026-01-20 00:00:00,31560.0
2026-01-20T00,CAR,Carolinas,TI,Total interchange,-1059,megawatthours,2026-01-20 00:00:00,-1059.0
2026-01-19T23,CAR,Carolinas,D,Demand,30384,megawatthours,2026-01-19 23:00:00,30384.0
2026-01-19T23,CAR,Carolinas,DF,Day-ahead demand forecast,30514,megawatthours,2026-01-19 23:00:00,30514.0
2026-01-19T23,CAR,Carolinas,NG,Net generation,29432,megawatthours,2026-01-19 23:00:00,29432.0
2026-01-19T23,CAR,Carolinas,TI,Total interchange,-986,megawatthours,2026-01-19 23:00:00,-986.0
2026-01-19T22,CAR,Carolinas,D,Demand,28127,megawatthours,2026-01-19 22:00:00,28127.0
2026-01-19T22,CAR,Carolinas,DF,Day-ahead demand forecast,28295,megawatthours,2026-01-19 22:00:00,28295.0
2026-01-19T22,CAR,Carolinas,NG,Net generation,27684,megawatthours,2026-01-19 22:00:00,27684.0
2026-01-19T22,CAR,Carolinas,TI,Total interchange,-475,megawatthours,2026-01-19 22:00:00,-475.0
2026-01-19T21,CAR,Carolinas,D,Demand,27607,megawatthours,2026-01-19 21:00:00,27607.0
2026-01-19T21,CAR,Carolinas,DF,Day-ahead demand forecast,27356,megawatthours,2026-01-19 21:00:00,27356.0
2026-01-19T21,CAR,Carolinas,NG,Net generation,27149,megawatthours,2026-01-19 21:00:00,27149.0
2026-01-19T21,CAR,Carolinas,TI,Total interchange,-491,megawatthours,2026-01-19 21:00:00,-491.0
2026-01-19T20,CAR,Carolinas,D,Demand,27936,megawatthours,2026-01-19 20:00:00,27936.0
2026-01-19T20,CAR,Carolinas,DF,Day-ahead demand forecast,27523,megawatthours,2026-01-19 20:00:00,27523.0
2026-01-19T20,CAR,Carolinas,NG,Net generation,27718,megawatthours,2026-01-19 20:00:00,27718.0
2026-01-19T20,CAR,Carolinas,TI,Total interchange,-248,megawatthours,2026-01-19 20:00:00,-248.0
2026-01-19T19,CAR,Carolinas,D,Demand,28925,megawatthours,2026-01-19 19:00:00,28925.0
2026-01-19T19,CAR,Carolinas,DF,Day-ahead demand forecast,28518,megawatthours,2026-01-19 19:00:00,28518.0
2026-01-19T19,CAR,Carolinas,NG,Net generation,28566,megawatthours,2026-01-19 19:00:00,28566.0
2026-01-19T19,CAR,Carolinas,TI,Total interchange,-387,megawatthours,2026-01-19 19:00:00,-387.0
2026-01-19T18,CAR,Carolinas,D,Demand,30338,megawatthours,2026-01-19 18:00:00,30338.0
2026-01-19T18,CAR,Carolinas,DF,Day-ahead demand forecast,29938,megawatthours,2026-01-19 18:00:00,29938.0
2026-01-19T18,CAR,Carolinas,NG,Net generation,29882,megawatthours,2026-01-19 18:00:00,29882.0
2026-01-19T18,CAR,Carolinas,TI,Total interchange,-487,megawatthours,2026-01-19 18:00:00,-487.0
2026-01-19T17,CAR,Carolinas,D,Demand,32219,megawatthours,2026-01-19 17:00:00,32219.0
2026-01-19T17,CAR,Carolinas,DF,Day-ahead demand forecast,31943,megawatthours,2026-01-19 17:00:00,31943.0
2026-01-19T17,CAR,Carolinas,NG,Net generation,31511,megawatthours,2026-01-19 17:00:00,31511.0
2026-01-19T17,CAR,Carolinas,TI,Total interchange,-741,megawatthours,2026-01-19 17:00:00,-741.0
2026-01-19T16,CAR,Carolinas,D,Demand,34528,megawatthours,2026-01-19 16:00:00,34528.0
2026-01-19T16,CAR,Carolinas,DF,Day-ahead demand forecast,34331,megawatthours,2026-01-19 16:00:00,34331.0
2026-01-19T16,CAR,Carolinas,NG,Net generation,33829,megawatthours,2026-01-19 16:00:00,33829.0
2026-01-19T16,CAR,Carolinas,TI,Total interchange,-731,megawatthours,2026-01-19 16:00:00,-731.0
2026-01-19T15,CAR,Carolinas,D,Demand,37473,megawatthours,2026-01-19 15:00:00,37473.0
2026-01-19T15,CAR,Carolinas,DF,Day-ahead demand forecast,37200,megawatthours,2026-01-19 15:00:00,37200.0
2026-01-19T15,CAR,Carolinas,NG,Net generation,36341,megawatthours,2026-01-19 15:00:00,36341.0
2026-01-19T15,CAR,Carolinas,TI,Total interchange,-1165,megawatthours,2026-01-19 15:00:00,-1165.0
2026-01-19T14,CAR,Carolinas,D,Demand,39901,megawatthours,2026-01-19 14:00:00,39901.0
2026-01-19T14,CAR,Carolinas,DF,Day-ahead demand forecast,39407,megawatthours,2026-01-19 14:00:00,39407.0
2026-01-19T14,CAR,Carolinas,NG,Net generation,38708,megawatthours,2026-01-19 14:00:00,38708.0
2026-01-19T14,CAR,Carolinas,TI,Total interchange,-1229,megawatthours,2026-01-19 14:00:00,-1229.0
2026-01-19T13,CAR,Carolinas,D,Demand,40260,megawatthours,2026-01-19 13:00:00,40260.0
2026-01-19T13,CAR,Carolinas,DF,Day-ahead demand forecast,39599,megawatthours,2026-01-19 13:00:00,39599.0
2026-01-19T13,CAR,Carolinas,NG,Net generation,38329,megawatthours,2026-01-19 13:00:00,38329.0
2026-01-19T13,CAR,Carolinas,TI,Total interchange,-1969,megawatthours,2026-01-19 13:00:00,-1969.0
2026-01-19T12,CAR,Carolinas,D,Demand,38883,megawatthours,2026-01-19 12:00:00,38883.0
2026-01-19T12,CAR,Carolinas,DF,Day-ahead demand forecast,38156,megawatthours,2026-01-19 12:00:00,38156.0
2026-01-19T12,CAR,Carolinas,NG,Net generation,37101,megawatthours,2026-01-19 12:00:00,37101.0
2026-01-19T12,CAR,Carolinas,TI,Total interchange,-1820,megawatthours,2026-01-19 12:00:00,-1820.0
2026-01-19T11,CAR,Carolinas,D,Demand,36975,megawatthours,2026-01-19 11:00:00,36975.0
2026-01-19T11,CAR,Carolinas,DF,Day-ahead demand forecast,36186,megawatthours,2026-01-19 11:00:00,36186.0
2026-01-19T11,CAR,Carolinas,NG,Net generation,35135,megawatthours,2026-01-19 11:00:00,35135.0
2026-01-19T11,CAR,Carolinas,TI,Total interchange,-1870,megawatthours,2026-01-19 11:00:00,-1870.0
2026-01-19T10,CAR,Carolinas,D,Demand,35377,megawatthours,2026-01-19 10:00:00,35377.0
2026-01-19T10,CAR,Carolinas,DF,Day-ahead demand forecast,34683,megawatthours,2026-01-19 10:00:00,34683.0
2026-01-19T10,CAR,Carolinas,NG,Net generation,33538,megawatthours,2026-01-19 10:00:00,33538.0
2026-01-19T10,CAR,Carolinas,TI,Total interchange,-1870,megawatthours,2026-01-19 10:00:00,-1870.0
2026-01-19T09,CAR,Carolinas,D,Demand,34159,megawatthours,2026-01-19 09:00:00,34159.0
2026-01-19T09,CAR,Carolinas,DF,Day-ahead demand forecast,33500,megawatthours,2026-01-19 09:00:00,33500.0
2026-01-19T09,CAR,Carolinas,NG,Net generation,32421,megawatthours,2026-01-19 09:00:00,32421.0
2026-01-19T09,CAR,Carolinas,TI,Total interchange,-1766,megawatthours,2026-01-19 09:00:00,-1766.0
2026-01-19T08,CAR,Carolinas,D,Demand,33383,megawatthours,2026-01-19 08:00:00,33383.0
2026-01-19T08,CAR,Carolinas,DF,Day-ahead demand forecast,32779,megawatthours,2026-01-19 08:00:00,32779.0
2026-01-19T08,CAR,Carolinas,NG,Net generation,31625,megawatthours,2026-01-19 08:00:00,31625.0
2026-01-19T08,CAR,Carolinas,TI,Total interchange,-1784,megawatthours,2026-01-19 08:00:00,-1784.0
2026-01-19T07,CAR,Carolinas,D,Demand,32800,megawatthours,2026-01-19 07:00:00,32800.0
2026-01-19T07,CAR,Carolinas,DF,Day-ahead demand forecast,32388,megawatthours,2026-01-19 07:00:00,32388.0
2026-01-19T07,CAR,Carolinas,NG,Net generation,31457,megawatthours,2026-01-19 07:00:00,31457.0
2026-01-19T07,CAR,Carolinas,TI,Total interchange,-1373,megawatthours,2026-01-19 07:00:00,-1373.0
2026-01-19T06,CAR,Carolinas,D,Demand,32448,megawatthours,2026-01-19 06:00:00,32448.0
2026-01-19T06,CAR,Carolinas,DF,Day-ahead demand forecast,32232,megawatthours,2026-01-19 06:00:00,32232.0
2026-01-19T06,CAR,Carolinas,NG,Net generation,31316,megawatthours,2026-01-19 06:00:00,31316.0
2026-01-19T06,CAR,Carolinas,TI,Total interchange,-1160,megawatthours,2026-01-19 06:00:00,-1160.0
2026-01-19T05,CAR,Carolinas,D,Demand,32460,megawatthours,2026-01-19 05:00:00,32460.0
2026-01-19T05,CAR,Carolinas,DF,Day-ahead demand forecast,32713,megawatthours,2026-01-19 05:00:00,32713.0
2026-01-19T05,CAR,Carolinas,NG,Net generation,31435,megawatthours,2026-01-19 05:00:00,31435.0
2026-01-19T05,CAR,Carolinas,TI,Total interchange,-1051,megawatthours,2026-01-19 05:00:00,-1051.0
2026-01-19T04,CAR,Carolinas,D,Demand,32777,megawatthours,2026-01-19 04:00:00,32777.0
2026-01-19T04,CAR,Carolinas,DF,Day-ahead demand forecast,33315,megawatthours,2026-01-19 04:00:00,33315.0
2026-01-19T04,CAR,Carolinas,NG,Net generation,31664,megawatthours,2026-01-19 04:00:00,31664.0
2026-01-19T04,CAR,Carolinas,TI,Total interchange,-1144,megawatthours,2026-01-19 04:00:00,-1144.0
2026-01-19T03,CAR,Carolinas,D,Demand,33147,megawatthours,2026-01-19 03:00:00,33147.0
2026-01-19T03,CAR,Carolinas,DF,Day-ahead demand forecast,33954,megawatthours,2026-01-19 03:00:00,33954.0
2026-01-19T03,CAR,Carolinas,NG,Net generation,31989,megawatthours,2026-01-19 03:00:00,31989.0
2026-01-19T03,CAR,Carolinas,TI,Total interchange,-1186,megawatthours,2026-01-19 03:00:00,-1186.0
2026-01-19T02,CAR,Carolinas,D,Demand,33279,megawatthours,2026-01-19 02:00:00,33279.0
2026-01-19T02,CAR,Carolinas,DF,Day-ahead demand forecast,34178,megawatthours,2026-01-19 02:00:00,34178.0
2026-01-19T02,CAR,Carolinas,NG,Net generation,32456,megawatthours,2026-01-19 02:00:00,32456.0
2026-01-19T02,CAR,Carolinas,TI,Total interchange,-857,megawatthours,2026-01-19 02:00:00,-857.0
2026-01-19T01,CAR,Carolinas,D,Demand,33026,megawatthours,2026-01-19 01:00:00,33026.0
2026-01-19T01,CAR,Carolinas,DF,Day-ahead demand forecast,33886,megawatthours,2026-01-19 01:00:00,33886.0
2026-01-19T01,CAR,Carolinas,NG,Net generation,32405,megawatthours,2026-01-19 01:00:00,32405.0
2026-01-19T01,CAR,Carolinas,TI,Total interchange,-655,megawatthours,2026-01-19 01:00:00,-655.0
2026-01-19T00,CAR,Carolinas,D,Demand,32581,megawatthours,2026-01-19 00:00:00,32581.0
2026-01-19T00,CAR,Carolinas,DF,Day-ahead demand forecast,32965,megawatthours,2026-01-19 00:00:00,32965.0
2026-01-19T00,CAR,Carolinas,NG,Net generation,31905,megawatthours,2026-01-19 00:00:00,31905.0
2026-01-19T00,CAR,Carolinas,TI,Total interchange,-711,megawatthours,2026-01-19 00:00:00,-711.0
2026-01-18T23,CAR,Carolinas,D,Demand,31097,megawatthours,2026-01-18 23:00:00,31097.0
2026-01-18T23,CAR,Carolinas,DF,Day-ahead demand forecast,31070,megawatthours,2026-01-18 23:00:00,31070.0
2026-01-18T23,CAR,Carolinas,NG,Net generation,30448,megawatthours,2026-01-18 23:00:00,30448.0
2026-01-18T23,CAR,Carolinas,TI,Total interchange,-682,megawatthours,2026-01-18 23:00:00,-682.0
2026-01-18T22,CAR,Carolinas,D,Demand,29888,megawatthours,2026-01-18 22:00:00,29888.0
2026-01-18T22,CAR,Carolinas,DF,Day-ahead demand forecast,29098,megawatthours,2026-01-18 22:00:00,29098.0
2026-01-18T22,CAR,Carolinas,NG,Net generation,29088,megawatthours,2026-01-18 22:00:00,29088.0
2026-01-18T22,CAR,Carolinas,TI,Total interchange,-834,megawatthours,2026-01-18 22:00:00,-834.0
2026-01-18T21,CAR,Carolinas,D,Demand,29560,megawatthours,2026-01-18 21:00:00,29560.0
2026-01-18T21,CAR,Carolinas,DF,Day-ahead demand forecast,28289,megawatthours,2026-01-18 21:00:00,28289.0
2026-01-18T21,CAR,Carolinas,NG,Net generation,28852,megawatthours,2026-01-18 21:00:00,28852.0
2026-01-18T21,CAR,Carolinas,TI,Total interchange,-736,megawatthours,2026-01-18 21:00:00,-736.0
2026-01-18T20,CAR,Carolinas,D,Demand,29448,megawatthours,2026-01-18 20:00:00,29448.0
2026-01-18T20,CAR,Carolinas,DF,Day-ahead demand forecast,28304,megawatthours,2026-01-18 20:00:00,28304.0
2026-01-18T20,CAR,Carolinas,NG,Net generation,28841,megawatthours,2026-01-18 20:00:00,28841.0
2026-01-18T20,CAR,Carolinas,TI,Total interchange,-637,megawatthours,2026-01-18 20:00:00,-637.0
2026-01-18T19,CAR,Carolinas,D,Demand,29454,megawatthours,2026-01-18 19:00:00,29454.0
2026-01-18T19,CAR,Carolinas,DF,Day-ahead demand forecast,28920,megawatthours,2026-01-18 19:00:00,28920.0
2026-01-18T19,CAR,Carolinas,NG,Net generation,28731,megawatthours,2026-01-18 19:00:00,28731.0
2026-01-18T19,CAR,Carolinas,TI,Total interchange,-750,megawatthours,2026-01-18 19:00:00,-750.0
2026-01-18T18,CAR,Carolinas,D,Demand,29409,megawatthours,2026-01-18 18:00:00,29409.0
2026-01-18T18,CAR,Carolinas,DF,Day-ahead demand forecast,29659,megawatthours,2026-01-18 18:00:00,29659.0
2026-01-18T18,CAR,Carolinas,NG,Net generation,28776,megawatthours,2026-01-18 18:00:00,28776.0
2026-01-18T18,CAR,Carolinas,TI,Total interchange,-665,megawatthours,2026-01-18 18:00:00,-665.0
2026-01-18T17,CAR,Carolinas,D,Demand,28969,megawatthours,2026-01-18 17:00:00,28969.0
2026-01-18T17,CAR,Carolinas,DF,Day-ahead demand forecast,30500,megawatthours,2026-01-18 17:00:00,30500.0
2026-01-18T17,CAR,Carolinas,NG,Net generation,28426,megawatthours,2026-01-18 17:00:00,28426.0
2026-01-18T17,CAR,Carolinas,TI,Total interchange,-570,megawatthours,2026-01-18 17:00:00,-570.0
2026-01-18T16,CAR,Carolinas,D,Demand,28530,megawatthours,2026-01-18 16:00:00,28530.0
2026-01-18T16,CAR,Carolinas,DF,Day-ahead demand forecast,31491,megawatthours,2026-01-18 16:00:00,31491.0
2026-01-18T16,CAR,Carolinas,NG,Net generation,27935,megawatthours,2026-01-18 16:00:00,27935.0
2026-01-18T16,CAR,Carolinas,TI,Total interchange,-623,megawatthours,2026-01-18 16:00:00,-623.0
2026-01-18T15,CAR,Carolinas,D,Demand,28007,megawatthours,2026-01-18 15:00:00,28007.0
2026-01-18T15,CAR,Carolinas,DF,Day-ahead demand forecast,32263,megawatthours,2026-01-18 15:00:00,32263.0
2026-01-18T15,CAR,Carolinas,NG,Net generation,27674,megawatthours,2026-01-18 15:00:00,27674.0
2026-01-18T15,CAR,Carolinas,TI,Total interchange,-359,megawatthours,2026-01-18 15:00:00,-359.0
2026-01-18T14,CAR,Carolinas,D,Demand,26890,megawatthours,2026-01-18 14:00:00,26890.0
2026-01-18T14,CAR,Carolinas,DF,Day-ahead demand forecast,32235,megawatthours,2026-01-18 14:00:00,32235.0
2026-01-18T14,CAR,Carolinas,NG,Net generation,26536,megawatthours,2026-01-18 14:00:00,26536.0
2026-01-18T14,CAR,Carolinas,TI,Total interchange,-380,megawatthours,2026-01-18 14:00:00,-380.0
2026-01-18T13,CAR,Carolinas,D,Demand,25497,megawatthours,2026-01-18 13:00:00,25497.0
2026-01-18T13,CAR,Carolinas,DF,Day-ahead demand forecast,31175,megawatthours,2026-01-18 13:00:00,31175.0
2026-01-18T13,CAR,Carolinas,NG,Net generation,25256,megawatthours,2026-01-18 13:00:00,25256.0
2026-01-18T13,CAR,Carolinas,TI,Total interchange,-264,megawatthours,2026-01-18 13:00:00,-264.0
2026-01-18T12,CAR,Carolinas,D,Demand,24356,megawatthours,2026-01-18 12:00:00,24356.0
2026-01-18T12,CAR,Carolinas,DF,Day-ahead demand forecast,29619,megawatthours,2026-01-18 12:00:00,29619.0
2026-01-18T12,CAR,Carolinas,NG,Net generation,24178,megawatthours,2026-01-18 12:00:00,24178.0
2026-01-18T12,CAR,Carolinas,TI,Total interchange,-200,megawatthours,2026-01-18 12:00:00,-200.0
2026-01-18T11,CAR,Carolinas,D,Demand,23482,megawatthours,2026-01-18 11:00:00,23482.0
2026-01-18T11,CAR,Carolinas,DF,Day-ahead demand forecast,28344,megawatthours,2026-01-18 11:00:00,28344.0
2026-01-18T11,CAR,Carolinas,NG,Net generation,23320,megawatthours,2026-01-18 11:00:00,23320.0
2026-01-18T11,CAR,Carolinas,TI,Total interchange,-183,megawatthours,2026-01-18 11:00:00,-183.0
2026-01-18T10,CAR,Carolinas,D,Demand,22987,megawatthours,2026-01-18 10:00:00,22987.0
2026-01-18T10,CAR,Carolinas,DF,Day-ahead demand forecast,27369,megawatthours,2026-01-18 10:00:00,27369.0
2026-01-18T10,CAR,Carolinas,NG,Net generation,22931,megawatthours,2026-01-18 10:00:00,22931.0
2026-01-18T10,CAR,Carolinas,TI,Total interchange,-78,megawatthours,2026-01-18 10:00:00,-78.0
2026-01-18T09,CAR,Carolinas,D,Demand,22792,megawatthours,2026-01-18 09:00:00,22792.0
2026-01-18T09,CAR,Carolinas,DF,Day-ahead demand forecast,26797,megawatthours,2026-01-18 09:00:00,26797.0
2026-01-18T09,CAR,Carolinas,NG,Net generation,22866,megawatthours,2026-01-18 09:00:00,22866.0
2026-01-18T09,CAR,Carolinas,TI,Total interchange,52,megawatthours,2026-01-18 09:00:00,52.0
2026-01-18T08,CAR,Carolinas,D,Demand,22757,megawatthours,2026-01-18 08:00:00,22757.0
2026-01-18T08,CAR,Carolinas,DF,Day-ahead demand forecast,26457,megawatthours,2026-01-18 08:00:00,26457.0
2026-01-18T08,CAR,Carolinas,NG,Net generation,22834,megawatthours,2026-01-18 08:00:00,22834.0
2026-01-18T08,CAR,Carolinas,TI,Total interchange,55,megawatthours,2026-01-18 08:00:00,55.0
2026-01-18T07,CAR,Carolinas,D,Demand,23017,megawatthours,2026-01-18 07:00:00,23017.0
2026-01-18T07,CAR,Carolinas,DF,Day-ahead demand forecast,26396,megawatthours,2026-01-18 07:00:00,26396.0
2026-01-18T07,CAR,Carolinas,NG,Net generation,23017,megawatthours,2026-01-18 07:00:00,23017.0
2026-01-18T07,CAR,Carolinas,TI,Total interchange,-22,megawatthours,2026-01-18 07:00:00,-22.0
2026-01-18T06,CAR,Carolinas,D,Demand,23412,megawatthours,2026-01-18 06:00:00,23412.0
2026-01-18T06,CAR,Carolinas,DF,Day-ahead demand forecast,26335,megawatthours,2026-01-18 06:00:00,26335.0
2026-01-18T06,CAR,Carolinas,NG,Net generation,23604,megawatthours,2026-01-18 06:00:00,23604.0
2026-01-18T06,CAR,Carolinas,TI,Total interchange,167,megawatthours,2026-01-18 06:00:00,167.0
2026-01-18T05,CAR,Carolinas,D,Demand,24165,megawatthours,2026-01-18 05:00:00,24165.0
2026-01-18T05,CAR,Carolinas,DF,Day-ahead demand forecast,26613,megawatthours,2026-01-18 05:00:00,26613.0
2026-01-18T05,CAR,Carolinas,NG,Net generation,24259,megawatthours,2026-01-18 05:00:00,24259.0
2026-01-18T05,CAR,Carolinas,TI,Total interchange,70,megawatthours,2026-01-18 05:00:00,70.0
2026-01-18T04,CAR,Carolinas,D,Demand,25146,megawatthours,2026-01-18 04:00:00,25146.0
2026-01-18T04,CAR,Carolinas,DF,Day-ahead demand forecast,27070,megawatthours,2026-01-18 04:00:00,27070.0
2026-01-18T04,CAR,Carolinas,NG,Net generation,25180,megawatthours,2026-01-18 04:00:00,25180.0
2026-01-18T04,CAR,Carolinas,TI,Total interchange,9,megawatthours,2026-01-18 04:00:00,9.0
2026-01-18T03,CAR,Carolinas,D,Demand,26071,megawatthours,2026-01-18 03:00:00,26071.0
2026-01-18T03,CAR,Carolinas,DF,Day-ahead demand forecast,27661,megawatthours,2026-01-18 03:00:00,27661.0
2026-01-18T03,CAR,Carolinas,NG,Net generation,26065,megawatthours,2026-01-18 03:00:00,26065.0
2026-01-18T03,CAR,Carolinas,TI,Total interchange,-34,megawatthours,2026-01-18 03:00:00,-34.0
2026-01-18T02,CAR,Carolinas,D,Demand,26607,megawatthours,2026-01-18 02:00:00,26607.0
2026-01-18T02,CAR,Carolinas,DF,Day-ahead demand forecast,27938,megawatthours,2026-01-18 02:00:00,27938.0
2026-01-18T02,CAR,Carolinas,NG,Net generation,26588,megawatthours,2026-01-18 02:00:00,26588.0
2026-01-18T02,CAR,Carolinas,TI,Total interchange,-45,megawatthours,2026-01-18 02:00:00,-45.0
2026-01-18T01,CAR,Carolinas,D,Demand,26846,megawatthours,2026-01-18 01:00:00,26846.0
2026-01-18T01,CAR,Carolinas,DF,Day-ahead demand forecast,28015,megawatthours,2026-01-18 01:00:00,28015.0
2026-01-18T01,CAR,Carolinas,NG,Net generation,26803,megawatthours,2026-01-18 01:00:00,26803.0
2026-01-18T01,CAR,Carolinas,TI,Total interchange,-76,megawatthours,2026-01-18 01:00:00,-76.0
2026-01-18T00,CAR,Carolinas,D,Demand,26960,megawatthours,2026-01-18 00:00:00,26960.0
2026-01-18T00,CAR,Carolinas,DF,Day-ahead demand forecast,27678,megawatthours,2026-01-18 00:00:00,27678.0
2026-01-18T00,CAR,Carolinas,NG,Net generation,26787,megawatthours,2026-01-18 00:00:00,26787.0
2026-01-18T00,CAR,Carolinas,TI,Total interchange,-203,megawatthours,2026-01-18 00:00:00,-203.0
2026-01-17T23,CAR,Carolinas,D,Demand,26036,megawatthours,2026-01-17 23:00:00,26036.0
2026-01-17T23,CAR,Carolinas,DF,Day-ahead demand forecast,26368,megawatthours,2026-01-17 23:00:00,26368.0
2026-01-17T23,CAR,Carolinas,NG,Net generation,25634,megawatthours,2026-01-17 23:00:00,25634.0
2026-01-17T23,CAR,Carolinas,TI,Total interchange,-432,megawatthours,2026-01-17 23:00:00,-432.0
2026-01-17T22,CAR,Carolinas,D,Demand,25142,megawatthours,2026-01-17 22:00:00,25142.0
2026-01-17T22,CAR,Carolinas,DF,Day-ahead demand forecast,24849,megawatthours,2026-01-17 22:00:00,24849.0
2026-01-17T22,CAR,Carolinas,NG,Net generation,24927,megawatthours,2026-01-17 22:00:00,24927.0
2026-01-17T22,CAR,Carolinas,TI,Total interchange,-244,megawatthours,2026-01-17 22:00:00,-244.0
2026-01-17T21,CAR,Carolinas,D,Demand,25080,megawatthours,2026-01-17 21:00:00,25080.0
2026-01-17T21,CAR,Carolinas,DF,Day-ahead demand forecast,24364,megawatthours,2026-01-17 21:00:00,24364.0
2026-01-17T21,CAR,Carolinas,NG,Net generation,24907,megawatthours,2026-01-17 21:00:00,24907.0
2026-01-17T21,CAR,Carolinas,TI,Total interchange,-200,megawatthours,2026-01-17 21:00:00,-200.0
2026-01-17T20,CAR,Carolinas,D,Demand,25317,megawatthours,2026-01-17 20:00:00,25317.0
2026-01-17T20,CAR,Carolinas,DF,Day-ahead demand forecast,24687,megawatthours,2026-01-17 20:00:00,24687.0
2026-01-17T20,CAR,Carolinas,NG,Net generation,25261,megawatthours,2026-01-17 20:00:00,25261.0
2026-01-17T20,CAR,Carolinas,TI,Total interchange,-81,megawatthours,2026-01-17 20:00:00,-81.0
2026-01-17T19,CAR,Carolinas,D,Demand,26059,megawatthours,2026-01-17 19:00:00,26059.0
2026-01-17T19,CAR,Carolinas,DF,Day-ahead demand forecast,25606,megawatthours,2026-01-17 19:00:00,25606.0
2026-01-17T19,CAR,Carolinas,NG,Net generation,26053,megawatthours,2026-01-17 19:00:00,26053.0
2026-01-17T19,CAR,Carolinas,TI,Total interchange,-30,megawatthours,2026-01-17 19:00:00,-30.0
2026-01-17T18,CAR,Carolinas,D,Demand,27325,megawatthours,2026-01-17 18:00:00,27325.0
2026-01-17T18,CAR,Carolinas,DF,Day-ahead demand forecast,26960,megawatthours,2026-01-17 18:00:00,26960.0
2026-01-17T18,CAR,Carolinas,NG,Net generation,27229,megawatthours,2026-01-17 18:00:00,27229.0
2026-01-17T18,CAR,Carolinas,TI,Total interchange,-121,megawatthours,2026-01-17 18:00:00,-121.0
2026-01-17T17,CAR,Carolinas,D,Demand,28583,megawatthours,2026-01-17 17:00:00,28583.0
2026-01-17T17,CAR,Carolinas,DF,Day-ahead demand forecast,28548,megawatthours,2026-01-17 17:00:00,28548.0
2026-01-17T17,CAR,Carolinas,NG,Net generation,28373,megawatthours,2026-01-17 17:00:00,28373.0
2026-01-17T17,CAR,Carolinas,TI,Total interchange,-239,megawatthours,2026-01-17 17:00:00,-239.0
2026-01-17T16,CAR,Carolinas,D,Demand,29857,megawatthours,2026-01-17 16:00:00,29857.0
2026-01-17T16,CAR,Carolinas,DF,Day-ahead demand forecast,30503,megawatthours,2026-01-17 16:00:00,30503.0
2026-01-17T16,CAR,Carolinas,NG,Net generation,29448,megawatthours,2026-01-17 16:00:00,29448.0
2026-01-17T16,CAR,Carolinas,TI,Total interchange,-440,megawatthours,2026-01-17 16:00:00,-440.0
2026-01-17T15,CAR,Carolinas,D,Demand,30796,megawatthours,2026-01-17 15:00:00,30796.0
2026-01-17T15,CAR,Carolinas,DF,Day-ahead demand forecast,32680,megawatthours,2026-01-17 15:00:00,32680.0
2026-01-17T15,CAR,Carolinas,NG,Net generation,30117,megawatthours,2026-01-17 15:00:00,30117.0
2026-01-17T15,CAR,Carolinas,TI,Total interchange,-709,megawatthours,2026-01-17 15:00:00,-709.0
2026-01-17T14,CAR,Carolinas,D,Demand,31788,megawatthours,2026-01-17 14:00:00,31788.0
2026-01-17T14,CAR,Carolinas,DF,Day-ahead demand forecast,34121,megawatthours,2026-01-17 14:00:00,34121.0
2026-01-17T14,CAR,Carolinas,NG,Net generation,31062,megawatthours,2026-01-17 14:00:00,31062.0
2026-01-17T14,CAR,Carolinas,TI,Total interchange,-760,megawatthours,2026-01-17 14:00:00,-760.0
2026-01-17T13,CAR,Carolinas,D,Demand,31643,megawatthours,2026-01-17 13:00:00,31643.0
2026-01-17T13,CAR,Carolinas,DF,Day-ahead demand forecast,34034,megawatthours,2026-01-17 13:00:00,34034.0
2026-01-17T13,CAR,Carolinas,NG,Net generation,30827,megawatthours,2026-01-17 13:00:00,30827.0
2026-01-17T13,CAR,Carolinas,TI,Total interchange,-851,megawatthours,2026-01-17 13:00:00,-851.0
2026-01-17T12,CAR,Carolinas,D,Demand,30976,megawatthours,2026-01-17 12:00:00,30976.0
2026-01-17T12,CAR,Carolinas,DF,Day-ahead demand forecast,33153,megawatthours,2026-01-17 12:00:00,33153.0
2026-01-17T12,CAR,Carolinas,NG,Net generation,30080,megawatthours,2026-01-17 12:00:00,30080.0
2026-01-17T12,CAR,Carolinas,TI,Total interchange,-930,megawatthours,2026-01-17 12:00:00,-930.0
2026-01-17T11,CAR,Carolinas,D,Demand,30200,megawatthours,2026-01-17 11:00:00,30200.0
2026-01-17T11,CAR,Carolinas,DF,Day-ahead demand forecast,32015,megawatthours,2026-01-17 11:00:00,32015.0
2026-01-17T11,CAR,Carolinas,NG,Net generation,29428,megawatthours,2026-01-17 11:00:00,29428.0
2026-01-17T11,CAR,Carolinas,TI,Total interchange,-805,megawatthours,2026-01-17 11:00:00,-805.0
2026-01-17T10,CAR,Carolinas,D,Demand,29615,megawatthours,2026-01-17 10:00:00,29615.0
2026-01-17T10,CAR,Carolinas,DF,Day-ahead demand forecast,31197,megawatthours,2026-01-17 10:00:00,31197.0
2026-01-17T10,CAR,Carolinas,NG,Net generation,28778,megawatthours,2026-01-17 10:00:00,28778.0
2026-01-17T10,CAR,Carolinas,TI,Total interchange,-869,megawatthours,2026-01-17 10:00:00,-869.0
2026-01-17T09,CAR,Carolinas,D,Demand,29332,megawatthours,2026-01-17 09:00:00,29332.0
2026-01-17T09,CAR,Carolinas,DF,Day-ahead demand forecast,30781,megawatthours,2026-01-17 09:00:00,30781.0
2026-01-17T09,CAR,Carolinas,NG,Net generation,28456,megawatthours,2026-01-17 09:00:00,28456.0
2026-01-17T09,CAR,Carolinas,TI,Total interchange,-907,megawatthours,2026-01-17 09:00:00,-907.0
2026-01-17T08,CAR,Carolinas,D,Demand,29342,megawatthours,2026-01-17 08:00:00,29342.0
2026-01-17T08,CAR,Carolinas,DF,Day-ahead demand forecast,30554,megawatthours,2026-01-17 08:00:00,30554.0
2026-01-17T08,CAR,Carolinas,NG,Net generation,28315,megawatthours,2026-01-17 08:00:00,28315.0
2026-01-17T08,CAR,Carolinas,TI,Total interchange,-1059,megawatthours,2026-01-17 08:00:00,-1059.0
2026-01-17T07,CAR,Carolinas,D,Demand,29506,megawatthours,2026-01-17 07:00:00,29506.0
2026-01-17T07,CAR,Carolinas,DF,Day-ahead demand forecast,30572,megawatthours,2026-01-17 07:00:00,30572.0
2026-01-17T07,CAR,Carolinas,NG,Net generation,28348,megawatthours,2026-01-17 07:00:00,28348.0
2026-01-17T07,CAR,Carolinas,TI,Total interchange,-1190,megawatthours,2026-01-17 07:00:00,-1190.0
2026-01-17T06,CAR,Carolinas,D,Demand,29874,megawatthours,2026-01-17 06:00:00,29874.0
2026-01-17T06,CAR,Carolinas,DF,Day-ahead demand forecast,30832,megawatthours,2026-01-17 06:00:00,30832.0
2026-01-17T06,CAR,Carolinas,NG,Net generation,28452,megawatthours,2026-01-17 06:00:00,28452.0
2026-01-17T06,CAR,Carolinas,TI,Total interchange,-1454,megawatthours,2026-01-17 06:00:00,-1454.0
2026-01-17T05,CAR,Carolinas,D,Demand,30532,megawatthours,2026-01-17 05:00:00,30532.0
2026-01-17T05,CAR,Carolinas,DF,Day-ahead demand forecast,32204,megawatthours,2026-01-17 05:00:00,32204.0
2026-01-17T05,CAR,Carolinas,NG,Net generation,28837,megawatthours,2026-01-17 05:00:00,28837.0
2026-01-17T05,CAR,Carolinas,TI,Total interchange,-1727,megawatthours,2026-01-17 05:00:00,-1727.0
2026-01-17T04,CAR,Carolinas,D,Demand,31514,megawatthours,2026-01-17 04:00:00,31514.0
2026-01-17T04,CAR,Carolinas,DF,Day-ahead demand forecast,33095,megawatthours,2026-01-17 04:00:00,33095.0
2026-01-17T04,CAR,Carolinas,NG,Net generation,29850,megawatthours,2026-01-17 04:00:00,29850.0
2026-01-17T04,CAR,Carolinas,TI,Total interchange,-1697,megawatthours,2026-01-17 04:00:00,-1697.0
2026-01-17T03,CAR,Carolinas,D,Demand,32448,megawatthours,2026-01-17 03:00:00,32448.0
2026-01-17T03,CAR,Carolinas,DF,Day-ahead demand forecast,33888,megawatthours,2026-01-17 03:00:00,33888.0
2026-01-17T03,CAR,Carolinas,NG,Net generation,30633,megawatthours,2026-01-17 03:00:00,30633.0
2026-01-17T03,CAR,Carolinas,TI,Total interchange,-1846,megawatthours,2026-01-17 03:00:00,-1846.0
2026-01-17T02,CAR,Carolinas,D,Demand,33009,megawatthours,2026-01-17 02:00:00,33009.0
2026-01-17T02,CAR,Carolinas,DF,Day-ahead demand forecast,34226,megawatthours,2026-01-17 02:00:00,34226.0
2026-01-17T02,CAR,Carolinas,NG,Net generation,31028,megawatthours,2026-01-17 02:00:00,31028.0
2026-01-17T02,CAR,Carolinas,TI,Total interchange,-2014,megawatthours,2026-01-17 02:00:00,-2014.0
2026-01-17T01,CAR,Carolinas,D,Demand,33069,megawatthours,2026-01-17 01:00:00,33069.0
2026-01-17T01,CAR,Carolinas,DF,Day-ahead demand forecast,34159,megawatthours,2026-01-17 01:00:00,34159.0
2026-01-17T01,CAR,Carolinas,NG,Net generation,31061,megawatthours,2026-01-17 01:00:00,31061.0
2026-01-17T01,CAR,Carolinas,TI,Total interchange,-2041,megawatthours,2026-01-17 01:00:00,-2041.0
2026-01-17T00,CAR,Carolinas,D,Demand,32684,megawatthours,2026-01-17 00:00:00,32684.0
2026-01-17T00,CAR,Carolinas,DF,Day-ahead demand forecast,33431,megawatthours,2026-01-17 00:00:00,33431.0
2026-01-17T00,CAR,Carolinas,NG,Net generation,30893,megawatthours,2026-01-17 00:00:00,30893.0
2026-01-17T00,CAR,Carolinas,TI,Total interchange,-1828,megawatthours,2026-01-17 00:00:00,-1828.0
2026-01-16T23,CAR,Carolinas,D,Demand,31030,megawatthours,2026-01-16 23:00:00,31030.0
2026-01-16T23,CAR,Carolinas,DF,Day-ahead demand forecast,31332,megawatthours,2026-01-16 23:00:00,31332.0
2026-01-16T23,CAR,Carolinas,NG,Net generation,29331,megawatthours,2026-01-16 23:00:00,29331.0
2026-01-16T23,CAR,Carolinas,TI,Total interchange,-1733,megawatthours,2026-01-16 23:00:00,-1733.0
2026-01-16T22,CAR,Carolinas,D,Demand,29159,megawatthours,2026-01-16 22:00:00,29159.0
2026-01-16T22,CAR,Carolinas,DF,Day-ahead demand forecast,29267,megawatthours,2026-01-16 22:00:00,29267.0
2026-01-16T22,CAR,Carolinas,NG,Net generation,27364,megawatthours,2026-01-16 22:00:00,27364.0
2026-01-16T22,CAR,Carolinas,TI,Total interchange,-1824,megawatthours,2026-01-16 22:00:00,-1824.0
2026-01-16T21,CAR,Carolinas,D,Demand,28611,megawatthours,2026-01-16 21:00:00,28611.0
2026-01-16T21,CAR,Carolinas,DF,Day-ahead demand forecast,28490,megawatthours,2026-01-16 21:00:00,28490.0
2026-01-16T21,CAR,Carolinas,NG,Net generation,27089,megawatthours,2026-01-16 21:00:00,27089.0
2026-01-16T21,CAR,Carolinas,TI,Total interchange,-1553,megawatthours,2026-01-16 21:00:00,-1553.0
2026-01-16T20,CAR,Carolinas,D,Demand,28917,megawatthours,2026-01-16 20:00:00,28917.0
2026-01-16T20,CAR,Carolinas,DF,Day-ahead demand forecast,28803,megawatthours,2026-01-16 20:00:00,28803.0
2026-01-16T20,CAR,Carolinas,NG,Net generation,27464,megawatthours,2026-01-16 20:00:00,27464.0
2026-01-16T20,CAR,Carolinas,TI,Total interchange,-1482,megawatthours,2026-01-16 20:00:00,-1482.0
2026-01-16T19,CAR,Carolinas,D,Demand,30034,megawatthours,2026-01-16 19:00:00,30034.0
2026-01-16T19,CAR,Carolinas,DF,Day-ahead demand forecast,30031,megawatthours,2026-01-16 19:00:00,30031.0
2026-01-16T19,CAR,Carolinas,NG,Net generation,28506,megawatthours,2026-01-16 19:00:00,28506.0
2026-01-16T19,CAR,Carolinas,TI,Total interchange,-1559,megawatthours,2026-01-16 19:00:00,-1559.0
2026-01-16T18,CAR,Carolinas,D,Demand,31584,megawatthours,2026-01-16 18:00:00,31584.0
2026-01-16T18,CAR,Carolinas,DF,Day-ahead demand forecast,31810,megawatthours,2026-01-16 18:00:00,31810.0
2026-01-16T18,CAR,Carolinas,NG,Net generation,30034,megawatthours,2026-01-16 18:00:00,30034.0
2026-01-16T18,CAR,Carolinas,TI,Total interchange,-1579,megawatthours,2026-01-16 18:00:00,-1579.0
2026-01-16T17,CAR,Carolinas,D,Demand,33583,megawatthours,2026-01-16 17:00:00,33583.0
2026-01-16T17,CAR,Carolinas,DF,Day-ahead demand forecast,34285,megawatthours,2026-01-16 17:00:00,34285.0
2026-01-16T17,CAR,Carolinas,NG,Net generation,32073,megawatthours,2026-01-16 17:00:00,32073.0
2026-01-16T17,CAR,Carolinas,TI,Total interchange,-1544,megawatthours,2026-01-16 17:00:00,-1544.0
2026-01-16T16,CAR,Carolinas,D,Demand,36302,megawatthours,2026-01-16 16:00:00,36302.0
2026-01-16T16,CAR,Carolinas,DF,Day-ahead demand forecast,37325,megawatthours,2026-01-16 16:00:00,37325.0
2026-01-16T16,CAR,Carolinas,NG,Net generation,34834,megawatthours,2026-01-16 16:00:00,34834.0
2026-01-16T16,CAR,Carolinas,TI,Total interchange,-1505,megawatthours,2026-01-16 16:00:00,-1505.0
2026-01-16T15,CAR,Carolinas,D,Demand,39662,megawatthours,2026-01-16 15:00:00,39662.0
2026-01-16T15,CAR,Carolinas,DF,Day-ahead demand forecast,40623,megawatthours,2026-01-16 15:00:00,40623.0
2026-01-16T15,CAR,Carolinas,NG,Net generation,37802,megawatthours,2026-01-16 15:00:00,37802.0
2026-01-16T15,CAR,Carolinas,TI,Total interchange,-1900,megawatthours,2026-01-16 15:00:00,-1900.0
2026-01-16T14,CAR,Carolinas,D,Demand,42370,megawatthours,2026-01-16 14:00:00,42370.0
2026-01-16T14,CAR,Carolinas,DF,Day-ahead demand forecast,43347,megawatthours,2026-01-16 14:00:00,43347.0
2026-01-16T14,CAR,Carolinas,NG,Net generation,40287,megawatthours,2026-01-16 14:00:00,40287.0
2026-01-16T14,CAR,Carolinas,TI,Total interchange,-2123,megawatthours,2026-01-16 14:00:00,-2123.0
2026-01-16T13,CAR,Carolinas,D,Demand,43465,megawatthours,2026-01-16 13:00:00,43465.0
2026-01-16T13,CAR,Carolinas,DF,Day-ahead demand forecast,44220,megawatthours,2026-01-16 13:00:00,44220.0
2026-01-16T13,CAR,Carolinas,NG,Net generation,41256,megawatthours,2026-01-16 13:00:00,41256.0
2026-01-16T13,CAR,Carolinas,TI,Total interchange,-2252,megawatthours,2026-01-16 13:00:00,-2252.0
2026-01-16T12,CAR,Carolinas,D,Demand,42410,megawatthours,2026-01-16 12:00:00,42410.0
2026-01-16T12,CAR,Carolinas,DF,Day-ahead demand forecast,42886,megawatthours,2026-01-16 12:00:00,42886.0
2026-01-16T12,CAR,Carolinas,NG,Net generation,39914,megawatthours,2026-01-16 12:00:00,39914.0
2026-01-16T12,CAR,Carolinas,TI,Total interchange,-2535,megawatthours,2026-01-16 12:00:00,-2535.0
2026-01-16T11,CAR,Carolinas,D,Demand,40240,megawatthours,2026-01-16 11:00:00,40240.0
2026-01-16T11,CAR,Carolinas,DF,Day-ahead demand forecast,40402,megawatthours,2026-01-16 11:00:00,40402.0
2026-01-16T11,CAR,Carolinas,NG,Net generation,37858,megawatthours,2026-01-16 11:00:00,37858.0
2026-01-16T11,CAR,Carolinas,TI,Total interchange,-2418,megawatthours,2026-01-16 11:00:00,-2418.0
2026-01-16T10,CAR,Carolinas,D,Demand,38012,megawatthours,2026-01-16 10:00:00,38012.0
2026-01-16T10,CAR,Carolinas,DF,Day-ahead demand forecast,38478,megawatthours,2026-01-16 10:00:00,38478.0
2026-01-16T10,CAR,Carolinas,NG,Net generation,36028,megawatthours,2026-01-16 10:00:00,36028.0
2026-01-16T10,CAR,Carolinas,TI,Total interchange,-2017,megawatthours,2026-01-16 10:00:00,-2017.0
2026-01-16T09,CAR,Carolinas,D,Demand,36747,megawatthours,2026-01-16 09:00:00,36747.0
2026-01-16T09,CAR,Carolinas,DF,Day-ahead demand forecast,37316,megawatthours,2026-01-16 09:00:00,37316.0
2026-01-16T09,CAR,Carolinas,NG,Net generation,34887,megawatthours,2026-01-16 09:00:00,34887.0
2026-01-16T09,CAR,Carolinas,TI,Total interchange,-1891,megawatthours,2026-01-16 09:00:00,-1891.0
2026-01-16T08,CAR,Carolinas,D,Demand,36026,megawatthours,2026-01-16 08:00:00,36026.0
2026-01-16T08,CAR,Carolinas,DF,Day-ahead demand forecast,36465,megawatthours,2026-01-16 08:00:00,36465.0
2026-01-16T08,CAR,Carolinas,NG,Net generation,33933,megawatthours,2026-01-16 08:00:00,33933.0
2026-01-16T08,CAR,Carolinas,TI,Total interchange,-2126,megawatthours,2026-01-16 08:00:00,-2126.0
2026-01-16T07,CAR,Carolinas,D,Demand,35554,megawatthours,2026-01-16 07:00:00,35554.0
2026-01-16T07,CAR,Carolinas,DF,Day-ahead demand forecast,35937,megawatthours,2026-01-16 07:00:00,35937.0
2026-01-16T07,CAR,Carolinas,NG,Net generation,33370,megawatthours,2026-01-16 07:00:00,33370.0
2026-01-16T07,CAR,Carolinas,TI,Total interchange,-2212,megawatthours,2026-01-16 07:00:00,-2212.0
2026-01-16T06,CAR,Carolinas,D,Demand,35303,megawatthours,2026-01-16 06:00:00,35303.0
2026-01-16T06,CAR,Carolinas,DF,Day-ahead demand forecast,35398,megawatthours,2026-01-16 06:00:00,35398.0
2026-01-16T06,CAR,Carolinas,NG,Net generation,33269,megawatthours,2026-01-16 06:00:00,33269.0
2026-01-16T06,CAR,Carolinas,TI,Total interchange,-2068,megawatthours,2026-01-16 06:00:00,-2068.0
2026-01-16T05,CAR,Carolinas,D,Demand,35598,megawatthours,2026-01-16 05:00:00,35598.0
2026-01-16T05,CAR,Carolinas,DF,Day-ahead demand forecast,35521,megawatthours,2026-01-16 05:00:00,35521.0
2026-01-16T05,CAR,Carolinas,NG,Net generation,34479,megawatthours,2026-01-16 05:00:00,34479.0
2026-01-16T05,CAR,Carolinas,TI,Total interchange,-1148,megawatthours,2026-01-16 05:00:00,-1148.0
2026-01-16T04,CAR,Carolinas,D,Demand,36420,megawatthours,2026-01-16 04:00:00,36420.0
2026-01-16T04,CAR,Carolinas,DF,Day-ahead demand forecast,36153,megawatthours,2026-01-16 04:00:00,36153.0
2026-01-16T04,CAR,Carolinas,NG,Net generation,35237,megawatthours,2026-01-16 04:00:00,35237.0
2026-01-16T04,CAR,Carolinas,TI,Total interchange,-1217,megawatthours,2026-01-16 04:00:00,-1217.0
2026-01-16T03,CAR,Carolinas,D,Demand,37444,megawatthours,2026-01-16 03:00:00,37444.0
2026-01-16T03,CAR,Carolinas,DF,Day-ahead demand forecast,37068,megawatthours,2026-01-16 03:00:00,37068.0
2026-01-16T03,CAR,Carolinas,NG,Net generation,36043,megawatthours,2026-01-16 03:00:00,36043.0
2026-01-16T03,CAR,Carolinas,TI,Total interchange,-1433,megawatthours,2026-01-16 03:00:00,-1433.0
2026-01-16T02,CAR,Carolinas,D,Demand,37921,megawatthours,2026-01-16 02:00:00,37921.0
2026-01-16T02,CAR,Carolinas,DF,Day-ahead demand forecast,37455,megawatthours,2026-01-16 02:00:00,37455.0
2026-01-16T02,CAR,Carolinas,NG,Net generation,36469,megawatthours,2026-01-16 02:00:00,36469.0
2026-01-16T02,CAR,Carolinas,TI,Total interchange,-1484,megawatthours,2026-01-16 02:00:00,-1484.0
2026-01-16T01,CAR,Carolinas,D,Demand,37633,megawatthours,2026-01-16 01:00:00,37633.0
2026-01-16T01,CAR,Carolinas,DF,Day-ahead demand forecast,37158,megawatthours,2026-01-16 01:00:00,37158.0
2026-01-16T01,CAR,Carolinas,NG,Net generation,36163,megawatthours,2026-01-16 01:00:00,36163.0
2026-01-16T01,CAR,Carolinas,TI,Total interchange,-1507,megawatthours,2026-01-16 01:00:00,-1507.0
2026-01-16T00,CAR,Carolinas,D,Demand,36885,megawatthours,2026-01-16 00:00:00,36885.0
2026-01-16T00,CAR,Carolinas,DF,Day-ahead demand forecast,36261,megawatthours,2026-01-16 00:00:00,36261.0
2026-01-16T00,CAR,Carolinas,NG,Net generation,35774,megawatthours,2026-01-16 00:00:00,35774.0
2026-01-16T00,CAR,Carolinas,TI,Total interchange,-1145,megawatthours,2026-01-16 00:00:00,-1145.0
2026-01-15T23,CAR,Carolinas,D,Demand,34379,megawatthours,2026-01-15 23:00:00,34379.0
2026-01-15T23,CAR,Carolinas,DF,Day-ahead demand forecast,33934,megawatthours,2026-01-15 23:00:00,33934.0
2026-01-15T23,CAR,Carolinas,NG,Net generation,33553,megawatthours,2026-01-15 23:00:00,33553.0
2026-01-15T23,CAR,Carolinas,TI,Total interchange,-859,megawatthours,2026-01-15 23:00:00,-859.0
2026-01-15T22,CAR,Carolinas,D,Demand,31371,megawatthours,2026-01-15 22:00:00,31371.0
2026-01-15T22,CAR,Carolinas,DF,Day-ahead demand forecast,31436,megawatthours,2026-01-15 22:00:00,31436.0
2026-01-15T22,CAR,Carolinas,NG,Net generation,30247,megawatthours,2026-01-15 22:00:00,30247.0
2026-01-15T22,CAR,Carolinas,TI,Total interchange,-1153,megawatthours,2026-01-15 22:00:00,-1153.0
2026-01-15T21,CAR,Carolinas,D,Demand,29556,megawatthours,2026-01-15 21:00:00,29556.0
2026-01-15T21,CAR,Carolinas,DF,Day-ahead demand forecast,30209,megawatthours,2026-01-15 21:00:00,30209.0
2026-01-15T21,CAR,Carolinas,NG,Net generation,28801,megawatthours,2026-01-15 21:00:00,28801.0
2026-01-15T21,CAR,Carolinas,TI,Total interchange,-788,megawatthours,2026-01-15 21:00:00,-788.0
2026-01-15T20,CAR,Carolinas,D,Demand,28993,megawatthours,2026-01-15 20:00:00,28993.0
2026-01-15T20,CAR,Carolinas,DF,Day-ahead demand forecast,30050,megawatthours,2026-01-15 20:00:00,30050.0
2026-01-15T20,CAR,Carolinas,NG,Net generation,28256,megawatthours,2026-01-15 20:00:00,28256.0
2026-01-15T20,CAR,Carolinas,TI,Total interchange,-766,megawatthours,2026-01-15 20:00:00,-766.0
2026-01-15T19,CAR,Carolinas,D,Demand,29239,megawatthours,2026-01-15 19:00:00,29239.0
2026-01-15T19,CAR,Carolinas,DF,Day-ahead demand forecast,30510,megawatthours,2026-01-15 19:00:00,30510.0
2026-01-15T19,CAR,Carolinas,NG,Net generation,28426,megawatthours,2026-01-15 19:00:00,28426.0
2026-01-15T19,CAR,Carolinas,TI,Total interchange,-840,megawatthours,2026-01-15 19:00:00,-840.0
2026-01-15T18,CAR,Carolinas,D,Demand,29830,megawatthours,2026-01-15 18:00:00,29830.0
2026-01-15T18,CAR,Carolinas,DF,Day-ahead demand forecast,31128,megawatthours,2026-01-15 18:00:00,31128.0
2026-01-15T18,CAR,Carolinas,NG,Net generation,29035,megawatthours,2026-01-15 18:00:00,29035.0
2026-01-15T18,CAR,Carolinas,TI,Total interchange,-823,megawatthours,2026-01-15 18:00:00,-823.0
2026-01-15T17,CAR,Carolinas,D,Demand,30690,megawatthours,2026-01-15 17:00:00,30690.0
2026-01-15T17,CAR,Carolinas,DF,Day-ahead demand forecast,31884,megawatthours,2026-01-15 17:00:00,31884.0
2026-01-15T17,CAR,Carolinas,NG,Net generation,29860,megawatthours,2026-01-15 17:00:00,29860.0
2026-01-15T17,CAR,Carolinas,TI,Total interchange,-860,megawatthours,2026-01-15 17:00:00,-860.0
2026-01-15T16,CAR,Carolinas,D,Demand,31901,megawatthours,2026-01-15 16:00:00,31901.0
2026-01-15T16,CAR,Carolinas,DF,Day-ahead demand forecast,32620,megawatthours,2026-01-15 16:00:00,32620.0
2026-01-15T16,CAR,Carolinas,NG,Net generation,31174,megawatthours,2026-01-15 16:00:00,31174.0
2026-01-15T16,CAR,Carolinas,TI,Total interchange,-753,megawatthours,2026-01-15 16:00:00,-753.0
2026-01-15T15,CAR,Carolinas,D,Demand,33002,megawatthours,2026-01-15 15:00:00,33002.0
2026-01-15T15,CAR,Carolinas,DF,Day-ahead demand forecast,33369,megawatthours,2026-01-15 15:00:00,33369.0
2026-01-15T15,CAR,Carolinas,NG,Net generation,32408,megawatthours,2026-01-15 15:00:00,32408.0
2026-01-15T15,CAR,Carolinas,TI,Total interchange,-626,megawatthours,2026-01-15 15:00:00,-626.0
2026-01-15T14,CAR,Carolinas,D,Demand,33530,megawatthours,2026-01-15 14:00:00,33530.0
2026-01-15T14,CAR,Carolinas,DF,Day-ahead demand forecast,33840,megawatthours,2026-01-15 14:00:00,33840.0
2026-01-15T14,CAR,Carolinas,NG,Net generation,33223,megawatthours,2026-01-15 14:00:00,33223.0
2026-01-15T14,CAR,Carolinas,TI,Total interchange,-341,megawatthours,2026-01-15 14:00:00,-341.0
2026-01-15T13,CAR,Carolinas,D,Demand,33442,megawatthours,2026-01-15 13:00:00,33442.0
2026-01-15T13,CAR,Carolinas,DF,Day-ahead demand forecast,33624,megawatthours,2026-01-15 13:00:00,33624.0
2026-01-15T13,CAR,Carolinas,NG,Net generation,33203,megawatthours,2026-01-15 13:00:00,33203.0
2026-01-15T13,CAR,Carolinas,TI,Total interchange,-274,megawatthours,2026-01-15 13:00:00,-274.0
2026-01-15T12,CAR,Carolinas,D,Demand,31747,megawatthours,2026-01-15 12:00:00,31747.0
2026-01-15T12,CAR,Carolinas,DF,Day-ahead demand forecast,31688,megawatthours,2026-01-15 12:00:00,31688.0
2026-01-15T12,CAR,Carolinas,NG,Net generation,31613,megawatthours,2026-01-15 12:00:00,31613.0
2026-01-15T12,CAR,Carolinas,TI,Total interchange,-168,megawatthours,2026-01-15 12:00:00,-168.0
2026-01-15T11,CAR,Carolinas,D,Demand,28816,megawatthours,2026-01-15 11:00:00,28816.0
2026-01-15T11,CAR,Carolinas,DF,Day-ahead demand forecast,28984,megawatthours,2026-01-15 11:00:00,28984.0
2026-01-15T11,CAR,Carolinas,NG,Net generation,28700,megawatthours,2026-01-15 11:00:00,28700.0
2026-01-15T11,CAR,Carolinas,TI,Total interchange,-144,megawatthours,2026-01-15 11:00:00,-144.0
2026-01-15T10,CAR,Carolinas,D,Demand,26631,megawatthours,2026-01-15 10:00:00,26631.0
2026-01-15T10,CAR,Carolinas,DF,Day-ahead demand forecast,27006,megawatthours,2026-01-15 10:00:00,27006.0
2026-01-15T10,CAR,Carolinas,NG,Net generation,26149,megawatthours,2026-01-15 10:00:00,26149.0
2026-01-15T10,CAR,Carolinas,TI,Total interchange,-507,megawatthours,2026-01-15 10:00:00,-507.0
2026-01-15T09,CAR,Carolinas,D,Demand,25472,megawatthours,2026-01-15 09:00:00,25472.0
2026-01-15T09,CAR,Carolinas,DF,Day-ahead demand forecast,25868,megawatthours,2026-01-15 09:00:00,25868.0
2026-01-15T09,CAR,Carolinas,NG,Net generation,24765,megawatthours,2026-01-15 09:00:00,24765.0
2026-01-15T09,CAR,Carolinas,TI,Total interchange,-733,megawatthours,2026-01-15 09:00:00,-733.0
2026-01-15T08,CAR,Carolinas,D,Demand,24866,megawatthours,2026-01-15 08:00:00,24866.0
2026-01-15T08,CAR,Carolinas,DF,Day-ahead demand forecast,25408,megawatthours,2026-01-15 08:00:00,25408.0
2026-01-15T08,CAR,Carolinas,NG,Net generation,24259,megawatthours,2026-01-15 08:00:00,24259.0
2026-01-15T08,CAR,Carolinas,TI,Total interchange,-632,megawatthours,2026-01-15 08:00:00,-632.0
2026-01-15T07,CAR,Carolinas,D,Demand,24694,megawatthours,2026-01-15 07:00:00,24694.0
2026-01-15T07,CAR,Carolinas,DF,Day-ahead demand forecast,25397,megawatthours,2026-01-15 07:00:00,25397.0
2026-01-15T07,CAR,Carolinas,NG,Net generation,24092,megawatthours,2026-01-15 07:00:00,24092.0
2026-01-15T07,CAR,Carolinas,TI,Total interchange,-628,megawatthours,2026-01-15 07:00:00,-628.0
2026-01-15T06,CAR,Carolinas,D,Demand,24737,megawatthours,2026-01-15 06:00:00,24737.0
2026-01-15T06,CAR,Carolinas,DF,Day-ahead demand forecast,25542,megawatthours,2026-01-15 06:00:00,25542.0
2026-01-15T06,CAR,Carolinas,NG,Net generation,24249,megawatthours,2026-01-15 06:00:00,24249.0
2026-01-15T06,CAR,Carolinas,TI,Total interchange,-512,megawatthours,2026-01-15 06:00:00,-512.0
2026-01-15T05,CAR,Carolinas,D,Demand,25415,megawatthours,2026-01-15 05:00:00,25415.0
2026-01-15T05,CAR,Carolinas,DF,Day-ahead demand forecast,26362,megawatthours,2026-01-15 05:00:00,26362.0
2026-01-15T05,CAR,Carolinas,NG,Net generation,25221,megawatthours,2026-01-15 05:00:00,25221.0
2026-01-15T05,CAR,Carolinas,TI,Total interchange,-223,megawatthours,2026-01-15 05:00:00,-223.0
2026-01-15T04,CAR,Carolinas,D,Demand,26667,megawatthours,2026-01-15 04:00:00,26667.0
2026-01-15T04,CAR,Carolinas,DF,Day-ahead demand forecast,27172,megawatthours,2026-01-15 04:00:00,27172.0
2026-01-15T04,CAR,Carolinas,NG,Net generation,26669,megawatthours,2026-01-15 04:00:00,26669.0
2026-01-15T04,CAR,Carolinas,TI,Total interchange,-25,megawatthours,2026-01-15 04:00:00,-25.0
2026-01-15T03,CAR,Carolinas,D,Demand,27938,megawatthours,2026-01-15 03:00:00,27938.0
2026-01-15T03,CAR,Carolinas,DF,Day-ahead demand forecast,28172,megawatthours,2026-01-15 03:00:00,28172.0
2026-01-15T03,CAR,Carolinas,NG,Net generation,27969,megawatthours,2026-01-15 03:00:00,27969.0
2026-01-15T03,CAR,Carolinas,TI,Total interchange,1,megawatthours,2026-01-15 03:00:00,1.0
2026-01-15T02,CAR,Carolinas,D,Demand,28860,megawatthours,2026-01-15 02:00:00,28860.0
2026-01-15T02,CAR,Carolinas,DF,Day-ahead demand forecast,28838,megawatthours,2026-01-15 02:00:00,28838.0
2026-01-15T02,CAR,Carolinas,NG,Net generation,28869,megawatthours,2026-01-15 02:00:00,28869.0
2026-01-15T02,CAR,Carolinas,TI,Total interchange,-25,megawatthours,2026-01-15 02:00:00,-25.0
2026-01-15T01,CAR,Carolinas,D,Demand,29346,megawatthours,2026-01-15 01:00:00,29346.0
2026-01-15T01,CAR,Carolinas,DF,Day-ahead demand forecast,29087,megawatthours,2026-01-15 01:00:00,29087.0
2026-01-15T01,CAR,Carolinas,NG,Net generation,29392,megawatthours,2026-01-15 01:00:00,29392.0
2026-01-15T01,CAR,Carolinas,TI,Total interchange,13,megawatthours,2026-01-15 01:00:00,13.0
2026-01-15T00,CAR,Carolinas,D,Demand,29721,megawatthours,2026-01-15 00:00:00,29721.0
2026-01-15T00,CAR,Carolinas,DF,Day-ahead demand forecast,28702,megawatthours,2026-01-15 00:00:00,28702.0
2026-01-15T00,CAR,Carolinas,NG,Net generation,29549,megawatthours,2026-01-15 00:00:00,29549.0
2026-01-15T00,CAR,Carolinas,TI,Total interchange,-212,megawatthours,2026-01-15 00:00:00,-212.0
2026-01-14T23,CAR,Carolinas,D,Demand,28773,megawatthours,2026-01-14 23:00:00,28773.0
2026-01-14T23,CAR,Carolinas,DF,Day-ahead demand forecast,27210,megawatthours,2026-01-14 23:00:00,27210.0
2026-01-14T23,CAR,Carolinas,NG,Net generation,28516,megawatthours,2026-01-14 23:00:00,28516.0
2026-01-14T23,CAR,Carolinas,TI,Total interchange,-293,megawatthours,2026-01-14 23:00:00,-293.0
2026-01-14T22,CAR,Carolinas,D,Demand,27405,megawatthours,2026-01-14 22:00:00,27405.0
2026-01-14T22,CAR,Carolinas,DF,Day-ahead demand forecast,25561,megawatthours,2026-01-14 22:00:00,25561.0
2026-01-14T22,CAR,Carolinas,NG,Net generation,26766,megawatthours,2026-01-14 22:00:00,26766.0
2026-01-14T22,CAR,Carolinas,TI,Total interchange,-671,megawatthours,2026-01-14 22:00:00,-671.0
2026-01-14T21,CAR,Carolinas,D,Demand,26785,megawatthours,2026-01-14 21:00:00,26785.0
2026-01-14T21,CAR,Carolinas,DF,Day-ahead demand forecast,24804,megawatthours,2026-01-14 21:00:00,24804.0
2026-01-14T21,CAR,Carolinas,NG,Net generation,26316,megawatthours,2026-01-14 21:00:00,26316.0
2026-01-14T21,CAR,Carolinas,TI,Total interchange,-496,megawatthours,2026-01-14 21:00:00,-496.0
2026-01-14T20,CAR,Carolinas,D,Demand,27123,megawatthours,2026-01-14 20:00:00,27123.0
2026-01-14T20,CAR,Carolinas,DF,Day-ahead demand forecast,24914,megawatthours,2026-01-14 20:00:00,24914.0
2026-01-14T20,CAR,Carolinas,NG,Net generation,26768,megawatthours,2026-01-14 20:00:00,26768.0
2026-01-14T20,CAR,Carolinas,TI,Total interchange,-384,megawatthours,2026-01-14 20:00:00,-384.0
2026-01-14T19,CAR,Carolinas,D,Demand,27937,megawatthours,2026-01-14 19:00:00,27937.0
2026-01-14T19,CAR,Carolinas,DF,Day-ahead demand forecast,25543,megawatthours,2026-01-14 19:00:00,25543.0
2026-01-14T19,CAR,Carolinas,NG,Net generation,27043,megawatthours,2026-01-14 19:00:00,27043.0
2026-01-14T19,CAR,Carolinas,TI,Total interchange,-924,megawatthours,2026-01-14 19:00:00,-924.0
2026-01-14T18,CAR,Carolinas,D,Demand,28423,megawatthours,2026-01-14 18:00:00,28423.0
2026-01-14T18,CAR,Carolinas,DF,Day-ahead demand forecast,26364,megawatthours,2026-01-14 18:00:00,26364.0
2026-01-14T18,CAR,Carolinas,NG,Net generation,27680,megawatthours,2026-01-14 18:00:00,27680.0
2026-01-14T18,CAR,Carolinas,TI,Total interchange,-772,megawatthours,2026-01-14 18:00:00,-772.0
2026-01-14T17,CAR,Carolinas,D,Demand,29086,megawatthours,2026-01-14 17:00:00,29086.0
2026-01-14T17,CAR,Carolinas,DF,Day-ahead demand forecast,27505,megawatthours,2026-01-14 17:00:00,27505.0
2026-01-14T17,CAR,Carolinas,NG,Net generation,28474,megawatthours,2026-01-14 17:00:00,28474.0
2026-01-14T17,CAR,Carolinas,TI,Total interchange,-643,megawatthours,2026-01-14 17:00:00,-643.0
2026-01-14T16,CAR,Carolinas,D,Demand,29745,megawatthours,2026-01-14 16:00:00,29745.0
2026-01-14T16,CAR,Carolinas,DF,Day-ahead demand forecast,28928,megawatthours,2026-01-14 16:00:00,28928.0
2026-01-14T16,CAR,Carolinas,NG,Net generation,28920,megawatthours,2026-01-14 16:00:00,28920.0
2026-01-14T16,CAR,Carolinas,TI,Total interchange,-855,megawatthours,2026-01-14 16:00:00,-855.0
2026-01-14T15,CAR,Carolinas,D,Demand,30454,megawatthours,2026-01-14 15:00:00,30454.0
2026-01-14T15,CAR,Carolinas,DF,Day-ahead demand forecast,30501,megawatthours,2026-01-14 15:00:00,30501.0
2026-01-14T15,CAR,Carolinas,NG,Net generation,29551,megawatthours,2026-01-14 15:00:00,29551.0
2026-01-14T15,CAR,Carolinas,TI,Total interchange,-935,megawatthours,2026-01-14 15:00:00,-935.0
2026-01-14T14,CAR,Carolinas,D,Demand,31068,megawatthours,2026-01-14 14:00:00,31068.0
2026-01-14T14,CAR,Carolinas,DF,Day-ahead demand forecast,32036,megawatthours,2026-01-14 14:00:00,32036.0
2026-01-14T14,CAR,Carolinas,NG,Net generation,29926,megawatthours,2026-01-14 14:00:00,29926.0
2026-01-14T14,CAR,Carolinas,TI,Total interchange,-1171,megawatthours,2026-01-14 14:00:00,-1171.0
2026-01-14T13,CAR,Carolinas,D,Demand,31681,megawatthours,2026-01-14 13:00:00,31681.0
2026-01-14T13,CAR,Carolinas,DF,Day-ahead demand forecast,32450,megawatthours,2026-01-14 13:00:00,32450.0
2026-01-14T13,CAR,Carolinas,NG,Net generation,30573,megawatthours,2026-01-14 13:00:00,30573.0
2026-01-14T13,CAR,Carolinas,TI,Total interchange,-1140,megawatthours,2026-01-14 13:00:00,-1140.0
2026-01-14T12,CAR,Carolinas,D,Demand,30781,megawatthours,2026-01-14 12:00:00,30781.0
2026-01-14T12,CAR,Carolinas,DF,Day-ahead demand forecast,31172,megawatthours,2026-01-14 12:00:00,31172.0
2026-01-14T12,CAR,Carolinas,NG,Net generation,30003,megawatthours,2026-01-14 12:00:00,30003.0
2026-01-14T12,CAR,Carolinas,TI,Total interchange,-809,megawatthours,2026-01-14 12:00:00,-809.0
2026-01-14T11,CAR,Carolinas,D,Demand,28371,megawatthours,2026-01-14 11:00:00,28371.0
2026-01-14T11,CAR,Carolinas,DF,Day-ahead demand forecast,28747,megawatthours,2026-01-14 11:00:00,28747.0
2026-01-14T11,CAR,Carolinas,NG,Net generation,27466,megawatthours,2026-01-14 11:00:00,27466.0
2026-01-14T11,CAR,Carolinas,TI,Total interchange,-932,megawatthours,2026-01-14 11:00:00,-932.0
2026-01-14T10,CAR,Carolinas,D,Demand,26781,megawatthours,2026-01-14 10:00:00,26781.0
2026-01-14T10,CAR,Carolinas,DF,Day-ahead demand forecast,26935,megawatthours,2026-01-14 10:00:00,26935.0
2026-01-14T10,CAR,Carolinas,NG,Net generation,25753,megawatthours,2026-01-14 10:00:00,25753.0
2026-01-14T10,CAR,Carolinas,TI,Total interchange,-1054,megawatthours,2026-01-14 10:00:00,-1054.0
2026-01-14T09,CAR,Carolinas,D,Demand,25898,megawatthours,2026-01-14 09:00:00,25898.0
2026-01-14T09,CAR,Carolinas,DF,Day-ahead demand forecast,26089,megawatthours,2026-01-14 09:00:00,26089.0
2026-01-14T09,CAR,Carolinas,NG,Net generation,25021,megawatthours,2026-01-14 09:00:00,25021.0
2026-01-14T09,CAR,Carolinas,TI,Total interchange,-901,megawatthours,2026-01-14 09:00:00,-901.0
2026-01-14T08,CAR,Carolinas,D,Demand,25515,megawatthours,2026-01-14 08:00:00,25515.0
2026-01-14T08,CAR,Carolinas,DF,Day-ahead demand forecast,25666,megawatthours,2026-01-14 08:00:00,25666.0
2026-01-14T08,CAR,Carolinas,NG,Net generation,24877,megawatthours,2026-01-14 08:00:00,24877.0
2026-01-14T08,CAR,Carolinas,TI,Total interchange,-664,megawatthours,2026-01-14 08:00:00,-664.0
2026-01-14T07,CAR,Carolinas,D,Demand,25522,megawatthours,2026-01-14 07:00:00,25522.0
2026-01-14T07,CAR,Carolinas,DF,Day-ahead demand forecast,25615,megawatthours,2026-01-14 07:00:00,25615.0
2026-01-14T07,CAR,Carolinas,NG,Net generation,24894,megawatthours,2026-01-14 07:00:00,24894.0
2026-01-14T07,CAR,Carolinas,TI,Total interchange,-653,megawatthours,2026-01-14 07:00:00,-653.0
2026-01-14T06,CAR,Carolinas,D,Demand,25581,megawatthours,2026-01-14 06:00:00,25581.0
2026-01-14T06,CAR,Carolinas,DF,Day-ahead demand forecast,25746,megawatthours,2026-01-14 06:00:00,25746.0
2026-01-14T06,CAR,Carolinas,NG,Net generation,25233,megawatthours,2026-01-14 06:00:00,25233.0
2026-01-14T06,CAR,Carolinas,TI,Total interchange,-373,megawatthours,2026-01-14 06:00:00,-373.0
2026-01-14T05,CAR,Carolinas,D,Demand,26122,megawatthours,2026-01-14 05:00:00,26122.0
2026-01-14T05,CAR,Carolinas,DF,Day-ahead demand forecast,26353,megawatthours,2026-01-14 05:00:00,26353.0
2026-01-14T05,CAR,Carolinas,NG,Net generation,25826,megawatthours,2026-01-14 05:00:00,25826.0
2026-01-14T05,CAR,Carolinas,TI,Total interchange,-323,megawatthours,2026-01-14 05:00:00,-323.0
2026-01-14T04,CAR,Carolinas,D,Demand,27127,megawatthours,2026-01-14 04:00:00,27127.0
2026-01-14T04,CAR,Carolinas,DF,Day-ahead demand forecast,27300,megawatthours,2026-01-14 04:00:00,27300.0
2026-01-14T04,CAR,Carolinas,NG,Net generation,26804,megawatthours,2026-01-14 04:00:00,26804.0
2026-01-14T04,CAR,Carolinas,TI,Total interchange,-349,megawatthours,2026-01-14 04:00:00,-349.0
2026-01-14T03,CAR,Carolinas,D,Demand,28188,megawatthours,2026-01-14 03:00:00,28188.0
2026-01-14T03,CAR,Carolinas,DF,Day-ahead demand forecast,28312,megawatthours,2026-01-14 03:00:00,28312.0
2026-01-14T03,CAR,Carolinas,NG,Net generation,27756,megawatthours,2026-01-14 03:00:00,27756.0
2026-01-14T03,CAR,Carolinas,TI,Total interchange,-459,megawatthours,2026-01-14 03:00:00,-459.0
2026-01-14T02,CAR,Carolinas,D,Demand,28781,megawatthours,2026-01-14 02:00:00,28781.0
2026-01-14T02,CAR,Carolinas,DF,Day-ahead demand forecast,28926,megawatthours,2026-01-14 02:00:00,28926.0
2026-01-14T02,CAR,Carolinas,NG,Net generation,28129,megawatthours,2026-01-14 02:00:00,28129.0
2026-01-14T02,CAR,Carolinas,TI,Total interchange,-681,megawatthours,2026-01-14 02:00:00,-681.0
2026-01-14T01,CAR,Carolinas,D,Demand,28853,megawatthours,2026-01-14 01:00:00,28853.0
2026-01-14T01,CAR,Carolinas,DF,Day-ahead demand forecast,29078,megawatthours,2026-01-14 01:00:00,29078.0
2026-01-14T01,CAR,Carolinas,NG,Net generation,28307,megawatthours,2026-01-14 01:00:00,28307.0
2026-01-14T01,CAR,Carolinas,TI,Total interchange,-575,megawatthours,2026-01-14 01:00:00,-575.0
2026-01-14T00,CAR,Carolinas,D,Demand,28440,megawatthours,2026-01-14 00:00:00,28440.0
2026-01-14T00,CAR,Carolinas,DF,Day-ahead demand forecast,28493,megawatthours,2026-01-14 00:00:00,28493.0
2026-01-14T00,CAR,Carolinas,NG,Net generation,28149,megawatthours,2026-01-14 00:00:00,28149.0
2026-01-14T00,CAR,Carolinas,TI,Total interchange,-319,megawatthours,2026-01-14 00:00:00,-319.0
2026-01-13T23,CAR,Carolinas,D,Demand,26663,megawatthours,2026-01-13 23:00:00,26663.0
2026-01-13T23,CAR,Carolinas,DF,Day-ahead demand forecast,26790,megawatthours,2026-01-13 23:00:00,26790.0
2026-01-13T23,CAR,Carolinas,NG,Net generation,26391,megawatthours,2026-01-13 23:00:00,26391.0
2026-01-13T23,CAR,Carolinas,TI,Total interchange,-302,megawatthours,2026-01-13 23:00:00,-302.0
2026-01-13T22,CAR,Carolinas,D,Demand,25164,megawatthours,2026-01-13 22:00:00,25164.0
2026-01-13T22,CAR,Carolinas,DF,Day-ahead demand forecast,25050,megawatthours,2026-01-13 22:00:00,25050.0
2026-01-13T22,CAR,Carolinas,NG,Net generation,24735,megawatthours,2026-01-13 22:00:00,24735.0
2026-01-13T22,CAR,Carolinas,TI,Total interchange,-454,megawatthours,2026-01-13 22:00:00,-454.0
2026-01-13T21,CAR,Carolinas,D,Demand,24440,megawatthours,2026-01-13 21:00:00,24440.0
2026-01-13T21,CAR,Carolinas,DF,Day-ahead demand forecast,24287,megawatthours,2026-01-13 21:00:00,24287.0
2026-01-13T21,CAR,Carolinas,NG,Net generation,24441,megawatthours,2026-01-13 21:00:00,24441.0
2026-01-13T21,CAR,Carolinas,TI,Total interchange,-26,megawatthours,2026-01-13 21:00:00,-26.0
2026-01-13T20,CAR,Carolinas,D,Demand,24517,megawatthours,2026-01-13 20:00:00,24517.0
2026-01-13T20,CAR,Carolinas,DF,Day-ahead demand forecast,24424,megawatthours,2026-01-13 20:00:00,24424.0
2026-01-13T20,CAR,Carolinas,NG,Net generation,24727,megawatthours,2026-01-13 20:00:00,24727.0
2026-01-13T20,CAR,Carolinas,TI,Total interchange,185,megawatthours,2026-01-13 20:00:00,185.0
2026-01-13T19,CAR,Carolinas,D,Demand,25215,megawatthours,2026-01-13 19:00:00,25215.0
2026-01-13T19,CAR,Carolinas,DF,Day-ahead demand forecast,25157,megawatthours,2026-01-13 19:00:00,25157.0
2026-01-13T19,CAR,Carolinas,NG,Net generation,25459,megawatthours,2026-01-13 19:00:00,25459.0
2026-01-13T19,CAR,Carolinas,TI,Total interchange,215,megawatthours,2026-01-13 19:00:00,215.0
2026-01-13T18,CAR,Carolinas,D,Demand,26314,megawatthours,2026-01-13 18:00:00,26314.0
2026-01-13T18,CAR,Carolinas,DF,Day-ahead demand forecast,26281,megawatthours,2026-01-13 18:00:00,26281.0
2026-01-13T18,CAR,Carolinas,NG,Net generation,26368,megawatthours,2026-01-13 18:00:00,26368.0
2026-01-13T18,CAR,Carolinas,TI,Total interchange,24,megawatthours,2026-01-13 18:00:00,24.0
2026-01-13T17,CAR,Carolinas,D,Demand,27788,megawatthours,2026-01-13 17:00:00,27788.0
2026-01-13T17,CAR,Carolinas,DF,Day-ahead demand forecast,27982,megawatthours,2026-01-13 17:00:00,27982.0
2026-01-13T17,CAR,Carolinas,NG,Net generation,27771,megawatthours,2026-01-13 17:00:00,27771.0
2026-01-13T17,CAR,Carolinas,TI,Total interchange,-44,megawatthours,2026-01-13 17:00:00,-44.0
2026-01-13T16,CAR,Carolinas,D,Demand,30138,megawatthours,2026-01-13 16:00:00,30138.0
2026-01-13T16,CAR,Carolinas,DF,Day-ahead demand forecast,30437,megawatthours,2026-01-13 16:00:00,30437.0
2026-01-13T16,CAR,Carolinas,NG,Net generation,29842,megawatthours,2026-01-13 16:00:00,29842.0
2026-01-13T16,CAR,Carolinas,TI,Total interchange,-326,megawatthours,2026-01-13 16:00:00,-326.0
2026-01-13T15,CAR,Carolinas,D,Demand,33771,megawatthours,2026-01-13 15:00:00,33771.0
2026-01-13T15,CAR,Carolinas,DF,Day-ahead demand forecast,33426,megawatthours,2026-01-13 15:00:00,33426.0
2026-01-13T15,CAR,Carolinas,NG,Net generation,33133,megawatthours,2026-01-13 15:00:00,33133.0
2026-01-13T15,CAR,Carolinas,TI,Total interchange,-671,megawatthours,2026-01-13 15:00:00,-671.0
2026-01-13T14,CAR,Carolinas,D,Demand,37376,megawatthours,2026-01-13 14:00:00,37376.0
2026-01-13T14,CAR,Carolinas,DF,Day-ahead demand forecast,36126,megawatthours,2026-01-13 14:00:00,36126.0
2026-01-13T14,CAR,Carolinas,NG,Net generation,35844,megawatthours,2026-01-13 14:00:00,35844.0
2026-01-13T14,CAR,Carolinas,TI,Total interchange,-1566,megawatthours,2026-01-13 14:00:00,-1566.0
2026-01-13T13,CAR,Carolinas,D,Demand,38518,megawatthours,2026-01-13 13:00:00,38518.0
2026-01-13T13,CAR,Carolinas,DF,Day-ahead demand forecast,37102,megawatthours,2026-01-13 13:00:00,37102.0
2026-01-13T13,CAR,Carolinas,NG,Net generation,36382,megawatthours,2026-01-13 13:00:00,36382.0
2026-01-13T13,CAR,Carolinas,TI,Total interchange,-2163,megawatthours,2026-01-13 13:00:00,-2163.0
2026-01-13T12,CAR,Carolinas,D,Demand,37174,megawatthours,2026-01-13 12:00:00,37174.0
2026-01-13T12,CAR,Carolinas,DF,Day-ahead demand forecast,35846,megawatthours,2026-01-13 12:00:00,35846.0
2026-01-13T12,CAR,Carolinas,NG,Net generation,34917,megawatthours,2026-01-13 12:00:00,34917.0
2026-01-13T12,CAR,Carolinas,TI,Total interchange,-2293,megawatthours,2026-01-13 12:00:00,-2293.0
2026-01-13T11,CAR,Carolinas,D,Demand,34502,megawatthours,2026-01-13 11:00:00,34502.0
2026-01-13T11,CAR,Carolinas,DF,Day-ahead demand forecast,33296,megawatthours,2026-01-13 11:00:00,33296.0
2026-01-13T11,CAR,Carolinas,NG,Net generation,32417,megawatthours,2026-01-13 11:00:00,32417.0
2026-01-13T11,CAR,Carolinas,TI,Total interchange,-2115,megawatthours,2026-01-13 11:00:00,-2115.0
2026-01-13T10,CAR,Carolinas,D,Demand,32292,megawatthours,2026-01-13 10:00:00,32292.0
2026-01-13T10,CAR,Carolinas,DF,Day-ahead demand forecast,31354,megawatthours,2026-01-13 10:00:00,31354.0
2026-01-13T10,CAR,Carolinas,NG,Net generation,29937,megawatthours,2026-01-13 10:00:00,29937.0
2026-01-13T10,CAR,Carolinas,TI,Total interchange,-2382,megawatthours,2026-01-13 10:00:00,-2382.0
2026-01-13T09,CAR,Carolinas,D,Demand,31066,megawatthours,2026-01-13 09:00:00,31066.0
2026-01-13T09,CAR,Carolinas,DF,Day-ahead demand forecast,30201,megawatthours,2026-01-13 09:00:00,30201.0
2026-01-13T09,CAR,Carolinas,NG,Net generation,28840,megawatthours,2026-01-13 09:00:00,28840.0
2026-01-13T09,CAR,Carolinas,TI,Total interchange,-2251,megawatthours,2026-01-13 09:00:00,-2251.0
2026-01-13T08,CAR,Carolinas,D,Demand,30325,megawatthours,2026-01-13 08:00:00,30325.0
2026-01-13T08,CAR,Carolinas,DF,Day-ahead demand forecast,29615,megawatthours,2026-01-13 08:00:00,29615.0
2026-01-13T08,CAR,Carolinas,NG,Net generation,28320,megawatthours,2026-01-13 08:00:00,28320.0
2026-01-13T08,CAR,Carolinas,TI,Total interchange,-2030,megawatthours,2026-01-13 08:00:00,-2030.0
2026-01-13T07,CAR,Carolinas,D,Demand,29994,megawatthours,2026-01-13 07:00:00,29994.0
2026-01-13T07,CAR,Carolinas,DF,Day-ahead demand forecast,29370,megawatthours,2026-01-13 07:00:00,29370.0
2026-01-13T07,CAR,Carolinas,NG,Net generation,27877,megawatthours,2026-01-13 07:00:00,27877.0
2026-01-13T07,CAR,Carolinas,TI,Total interchange,-2142,megawatthours,2026-01-13 07:00:00,-2142.0
2026-01-13T06,CAR,Carolinas,D,Demand,29770,megawatthours,2026-01-13 06:00:00,29770.0
2026-01-13T06,CAR,Carolinas,DF,Day-ahead demand forecast,29443,megawatthours,2026-01-13 06:00:00,29443.0
2026-01-13T06,CAR,Carolinas,NG,Net generation,28404,megawatthours,2026-01-13 06:00:00,28404.0
2026-01-13T06,CAR,Carolinas,TI,Total interchange,-1389,megawatthours,2026-01-13 06:00:00,-1389.0
2026-01-13T05,CAR,Carolinas,D,Demand,30165,megawatthours,2026-01-13 05:00:00,30165.0
2026-01-13T05,CAR,Carolinas,DF,Day-ahead demand forecast,29078,megawatthours,2026-01-13 05:00:00,29078.0
2026-01-13T05,CAR,Carolinas,NG,Net generation,29462,megawatthours,2026-01-13 05:00:00,29462.0
2026-01-13T05,CAR,Carolinas,TI,Total interchange,-732,megawatthours,2026-01-13 05:00:00,-732.0
2026-01-13T04,CAR,Carolinas,D,Demand,30826,megawatthours,2026-01-13 04:00:00,30826.0
2026-01-13T04,CAR,Carolinas,DF,Day-ahead demand forecast,29983,megawatthours,2026-01-13 04:00:00,29983.0
2026-01-13T04,CAR,Carolinas,NG,Net generation,30156,megawatthours,2026-01-13 04:00:00,30156.0
2026-01-13T04,CAR,Carolinas,TI,Total interchange,-699,megawatthours,2026-01-13 04:00:00,-699.0
2026-01-13T03,CAR,Carolinas,D,Demand,31782,megawatthours,2026-01-13 03:00:00,31782.0
2026-01-13T03,CAR,Carolinas,DF,Day-ahead demand forecast,30871,megawatthours,2026-01-13 03:00:00,30871.0
2026-01-13T03,CAR,Carolinas,NG,Net generation,30857,megawatthours,2026-01-13 03:00:00,30857.0
2026-01-13T03,CAR,Carolinas,TI,Total interchange,-951,megawatthours,2026-01-13 03:00:00,-951.0
2026-01-13T02,CAR,Carolinas,D,Demand,32316,megawatthours,2026-01-13 02:00:00,32316.0
2026-01-13T02,CAR,Carolinas,DF,Day-ahead demand forecast,31418,megawatthours,2026-01-13 02:00:00,31418.0
2026-01-13T02,CAR,Carolinas,NG,Net generation,31045,megawatthours,2026-01-13 02:00:00,31045.0
2026-01-13T02,CAR,Carolinas,TI,Total interchange,-1305,megawatthours,2026-01-13 02:00:00,-1305.0
2026-01-13T01,CAR,Carolinas,D,Demand,32062,megawatthours,2026-01-13 01:00:00,32062.0
2026-01-13T01,CAR,Carolinas,DF,Day-ahead demand forecast,31427,megawatthours,2026-01-13 01:00:00,31427.0
2026-01-13T01,CAR,Carolinas,NG,Net generation,30931,megawatthours,2026-01-13 01:00:00,30931.0
2026-01-13T01,CAR,Carolinas,TI,Total interchange,-1164,megawatthours,2026-01-13 01:00:00,-1164.0
2026-01-13T00,CAR,Carolinas,D,Demand,31362,megawatthours,2026-01-13 00:00:00,31362.0
2026-01-13T00,CAR,Carolinas,DF,Day-ahead demand forecast,30623,megawatthours,2026-01-13 00:00:00,30623.0
2026-01-13T00,CAR,Carolinas,NG,Net generation,30454,megawatthours,2026-01-13 00:00:00,30454.0
2026-01-13T00,CAR,Carolinas,TI,Total interchange,-940,megawatthours,2026-01-13 00:00:00,-940.0
2026-01-12T23,CAR,Carolinas,D,Demand,29136,megawatthours,2026-01-12 23:00:00,29136.0
2026-01-12T23,CAR,Carolinas,DF,Day-ahead demand forecast,28551,megawatthours,2026-01-12 23:00:00,28551.0
2026-01-12T23,CAR,Carolinas,NG,Net generation,28483,megawatthours,2026-01-12 23:00:00,28483.0
2026-01-12T23,CAR,Carolinas,TI,Total interchange,-683,megawatthours,2026-01-12 23:00:00,-683.0
2026-01-12T22,CAR,Carolinas,D,Demand,26887,megawatthours,2026-01-12 22:00:00,26887.0
2026-01-12T22,CAR,Carolinas,DF,Day-ahead demand forecast,26546,megawatthours,2026-01-12 22:00:00,26546.0
2026-01-12T22,CAR,Carolinas,NG,Net generation,26329,megawatthours,2026-01-12 22:00:00,26329.0
2026-01-12T22,CAR,Carolinas,TI,Total interchange,-593,megawatthours,2026-01-12 22:00:00,-593.0
2026-01-12T21,CAR,Carolinas,D,Demand,25941,megawatthours,2026-01-12 21:00:00,25941.0
2026-01-12T21,CAR,Carolinas,DF,Day-ahead demand forecast,25555,megawatthours,2026-01-12 21:00:00,25555.0
2026-01-12T21,CAR,Carolinas,NG,Net generation,25605,megawatthours,2026-01-12 21:00:00,25605.0
2026-01-12T21,CAR,Carolinas,TI,Total interchange,-366,megawatthours,2026-01-12 21:00:00,-366.0
2026-01-12T20,CAR,Carolinas,D,Demand,25885,megawatthours,2026-01-12 20:00:00,25885.0
2026-01-12T20,CAR,Carolinas,DF,Day-ahead demand forecast,25622,megawatthours,2026-01-12 20:00:00,25622.0
2026-01-12T20,CAR,Carolinas,NG,Net generation,25635,megawatthours,2026-01-12 20:00:00,25635.0
2026-01-12T20,CAR,Carolinas,TI,Total interchange,-282,megawatthours,2026-01-12 20:00:00,-282.0
2026-01-12T19,CAR,Carolinas,D,Demand,26647,megawatthours,2026-01-12 19:00:00,26647.0
2026-01-12T19,CAR,Carolinas,DF,Day-ahead demand forecast,26272,megawatthours,2026-01-12 19:00:00,26272.0
2026-01-12T19,CAR,Carolinas,NG,Net generation,26371,megawatthours,2026-01-12 19:00:00,26371.0
2026-01-12T19,CAR,Carolinas,TI,Total interchange,-309,megawatthours,2026-01-12 19:00:00,-309.0
2026-01-12T18,CAR,Carolinas,D,Demand,27899,megawatthours,2026-01-12 18:00:00,27899.0
2026-01-12T18,CAR,Carolinas,DF,Day-ahead demand forecast,27319,megawatthours,2026-01-12 18:00:00,27319.0
2026-01-12T18,CAR,Carolinas,NG,Net generation,27763,megawatthours,2026-01-12 18:00:00,27763.0
2026-01-12T18,CAR,Carolinas,TI,Total interchange,-172,megawatthours,2026-01-12 18:00:00,-172.0
2026-01-12T17,CAR,Carolinas,D,Demand,29689,megawatthours,2026-01-12 17:00:00,29689.0
2026-01-12T17,CAR,Carolinas,DF,Day-ahead demand forecast,28772,megawatthours,2026-01-12 17:00:00,28772.0
2026-01-12T17,CAR,Carolinas,NG,Net generation,29659,megawatthours,2026-01-12 17:00:00,29659.0
2026-01-12T17,CAR,Carolinas,TI,Total interchange,-61,megawatthours,2026-01-12 17:00:00,-61.0
2026-01-12T16,CAR,Carolinas,D,Demand,31970,megawatthours,2026-01-12 16:00:00,31970.0
2026-01-12T16,CAR,Carolinas,DF,Day-ahead demand forecast,30800,megawatthours,2026-01-12 16:00:00,30800.0
2026-01-12T16,CAR,Carolinas,NG,Net generation,31465,megawatthours,2026-01-12 16:00:00,31465.0
2026-01-12T16,CAR,Carolinas,TI,Total interchange,-542,megawatthours,2026-01-12 16:00:00,-542.0
2026-01-12T15,CAR,Carolinas,D,Demand,34682,megawatthours,2026-01-12 15:00:00,34682.0
2026-01-12T15,CAR,Carolinas,DF,Day-ahead demand forecast,33172,megawatthours,2026-01-12 15:00:00,33172.0
2026-01-12T15,CAR,Carolinas,NG,Net generation,34033,megawatthours,2026-01-12 15:00:00,34033.0
2026-01-12T15,CAR,Carolinas,TI,Total interchange,-686,megawatthours,2026-01-12 15:00:00,-686.0
2026-01-12T14,CAR,Carolinas,D,Demand,37313,megawatthours,2026-01-12 14:00:00,37313.0
2026-01-12T14,CAR,Carolinas,DF,Day-ahead demand forecast,35207,megawatthours,2026-01-12 14:00:00,35207.0
2026-01-12T14,CAR,Carolinas,NG,Net generation,36423,megawatthours,2026-01-12 14:00:00,36423.0
2026-01-12T14,CAR,Carolinas,TI,Total interchange,-925,megawatthours,2026-01-12 14:00:00,-925.0
2026-01-12T13,CAR,Carolinas,D,Demand,37897,megawatthours,2026-01-12 13:00:00,37897.0
2026-01-12T13,CAR,Carolinas,DF,Day-ahead demand forecast,35665,megawatthours,2026-01-12 13:00:00,35665.0
2026-01-12T13,CAR,Carolinas,NG,Net generation,36897,megawatthours,2026-01-12 13:00:00,36897.0
2026-01-12T13,CAR,Carolinas,TI,Total interchange,-1036,megawatthours,2026-01-12 13:00:00,-1036.0
2026-01-12T12,CAR,Carolinas,D,Demand,36069,megawatthours,2026-01-12 12:00:00,36069.0
2026-01-12T12,CAR,Carolinas,DF,Day-ahead demand forecast,34029,megawatthours,2026-01-12 12:00:00,34029.0
2026-01-12T12,CAR,Carolinas,NG,Net generation,35076,megawatthours,2026-01-12 12:00:00,35076.0
2026-01-12T12,CAR,Carolinas,TI,Total interchange,-1025,megawatthours,2026-01-12 12:00:00,-1025.0
2026-01-12T11,CAR,Carolinas,D,Demand,32918,megawatthours,2026-01-12 11:00:00,32918.0
2026-01-12T11,CAR,Carolinas,DF,Day-ahead demand forecast,31365,megawatthours,2026-01-12 11:00:00,31365.0
2026-01-12T11,CAR,Carolinas,NG,Net generation,31710,megawatthours,2026-01-12 11:00:00,31710.0
2026-01-12T11,CAR,Carolinas,TI,Total interchange,-1239,megawatthours,2026-01-12 11:00:00,-1239.0
2026-01-12T10,CAR,Carolinas,D,Demand,30407,megawatthours,2026-01-12 10:00:00,30407.0
2026-01-12T10,CAR,Carolinas,DF,Day-ahead demand forecast,29024,megawatthours,2026-01-12 10:00:00,29024.0
2026-01-12T10,CAR,Carolinas,NG,Net generation,29210,megawatthours,2026-01-12 10:00:00,29210.0
2026-01-12T10,CAR,Carolinas,TI,Total interchange,-1224,megawatthours,2026-01-12 10:00:00,-1224.0
2026-01-12T09,CAR,Carolinas,D,Demand,28955,megawatthours,2026-01-12 09:00:00,28955.0
2026-01-12T09,CAR,Carolinas,DF,Day-ahead demand forecast,27568,megawatthours,2026-01-12 09:00:00,27568.0
2026-01-12T09,CAR,Carolinas,NG,Net generation,27786,megawatthours,2026-01-12 09:00:00,27786.0
2026-01-12T09,CAR,Carolinas,TI,Total interchange,-1198,megawatthours,2026-01-12 09:00:00,-1198.0
2026-01-12T08,CAR,Carolinas,D,Demand,28135,megawatthours,2026-01-12 08:00:00,28135.0
2026-01-12T08,CAR,Carolinas,DF,Day-ahead demand forecast,26735,megawatthours,2026-01-12 08:00:00,26735.0
2026-01-12T08,CAR,Carolinas,NG,Net generation,26892,megawatthours,2026-01-12 08:00:00,26892.0
2026-01-12T08,CAR,Carolinas,TI,Total interchange,-1269,megawatthours,2026-01-12 08:00:00,-1269.0
2026-01-12T07,CAR,Carolinas,D,Demand,27742,megawatthours,2026-01-12 07:00:00,27742.0
2026-01-12T07,CAR,Carolinas,DF,Day-ahead demand forecast,26290,megawatthours,2026-01-12 07:00:00,26290.0
2026-01-12T07,CAR,Carolinas,NG,Net generation,26600,megawatthours,2026-01-12 07:00:00,26600.0
2026-01-12T07,CAR,Carolinas,TI,Total interchange,-1173,megawatthours,2026-01-12 07:00:00,-1173.0
2026-01-12T06,CAR,Carolinas,D,Demand,27503,megawatthours,2026-01-12 06:00:00,27503.0
2026-01-12T06,CAR,Carolinas,DF,Day-ahead demand forecast,26140,megawatthours,2026-01-12 06:00:00,26140.0
2026-01-12T06,CAR,Carolinas,NG,Net generation,26435,megawatthours,2026-01-12 06:00:00,26435.0
2026-01-12T06,CAR,Carolinas,TI,Total interchange,-1094,megawatthours,2026-01-12 06:00:00,-1094.0
2026-01-12T05,CAR,Carolinas,D,Demand,27742,megawatthours,2026-01-12 05:00:00,27742.0
2026-01-12T05,CAR,Carolinas,DF,Day-ahead demand forecast,26688,megawatthours,2026-01-12 05:00:00,26688.0
2026-01-12T05,CAR,Carolinas,NG,Net generation,26815,megawatthours,2026-01-12 05:00:00,26815.0
2026-01-12T05,CAR,Carolinas,TI,Total interchange,-955,megawatthours,2026-01-12 05:00:00,-955.0
2026-01-12T04,CAR,Carolinas,D,Demand,28352,megawatthours,2026-01-12 04:00:00,28352.0
2026-01-12T04,CAR,Carolinas,DF,Day-ahead demand forecast,27142,megawatthours,2026-01-12 04:00:00,27142.0
2026-01-12T04,CAR,Carolinas,NG,Net generation,27383,megawatthours,2026-01-12 04:00:00,27383.0
2026-01-12T04,CAR,Carolinas,TI,Total interchange,-995,megawatthours,2026-01-12 04:00:00,-995.0
2026-01-12T03,CAR,Carolinas,D,Demand,29027,megawatthours,2026-01-12 03:00:00,29027.0
2026-01-12T03,CAR,Carolinas,DF,Day-ahead demand forecast,27605,megawatthours,2026-01-12 03:00:00,27605.0
2026-01-12T03,CAR,Carolinas,NG,Net generation,28079,megawatthours,2026-01-12 03:00:00,28079.0
2026-01-12T03,CAR,Carolinas,TI,Total interchange,-979,megawatthours,2026-01-12 03:00:00,-979.0
2026-01-12T02,CAR,Carolinas,D,Demand,29284,megawatthours,2026-01-12 02:00:00,29284.0
2026-01-12T02,CAR,Carolinas,DF,Day-ahead demand forecast,27736,megawatthours,2026-01-12 02:00:00,27736.0
2026-01-12T02,CAR,Carolinas,NG,Net generation,28446,megawatthours,2026-01-12 02:00:00,28446.0
2026-01-12T02,CAR,Carolinas,TI,Total interchange,-865,megawatthours,2026-01-12 02:00:00,-865.0
2026-01-12T01,CAR,Carolinas,D,Demand,29021,megawatthours,2026-01-12 01:00:00,29021.0
2026-01-12T01,CAR,Carolinas,DF,Day-ahead demand forecast,27513,megawatthours,2026-01-12 01:00:00,27513.0
2026-01-12T01,CAR,Carolinas,NG,Net generation,28254,megawatthours,2026-01-12 01:00:00,28254.0
2026-01-12T01,CAR,Carolinas,TI,Total interchange,-794,megawatthours,2026-01-12 01:00:00,-794.0
2026-01-12T00,CAR,Carolinas,D,Demand,28464,megawatthours,2026-01-12 00:00:00,28464.0
2026-01-12T00,CAR,Carolinas,DF,Day-ahead demand forecast,26785,megawatthours,2026-01-12 00:00:00,26785.0
2026-01-12T00,CAR,Carolinas,NG,Net generation,27883,megawatthours,2026-01-12 00:00:00,27883.0
2026-01-12T00,CAR,Carolinas,TI,Total interchange,-613,megawatthours,2026-01-12 00:00:00,-613.0
2026-01-11T23,CAR,Carolinas,D,Demand,26496,megawatthours,2026-01-11 23:00:00,26496.0
2026-01-11T23,CAR,Carolinas,DF,Day-ahead demand forecast,25106,megawatthours,2026-01-11 23:00:00,25106.0
2026-01-11T23,CAR,Carolinas,NG,Net generation,25849,megawatthours,2026-01-11 23:00:00,25849.0
2026-01-11T23,CAR,Carolinas,TI,Total interchange,-674,megawatthours,2026-01-11 23:00:00,-674.0
2026-01-11T22,CAR,Carolinas,D,Demand,24314,megawatthours,2026-01-11 22:00:00,24314.0
2026-01-11T22,CAR,Carolinas,DF,Day-ahead demand forecast,23338,megawatthours,2026-01-11 22:00:00,23338.0
2026-01-11T22,CAR,Carolinas,NG,Net generation,23911,megawatthours,2026-01-11 22:00:00,23911.0
2026-01-11T22,CAR,Carolinas,TI,Total interchange,-430,megawatthours,2026-01-11 22:00:00,-430.0
2026-01-11T21,CAR,Carolinas,D,Demand,23082,megawatthours,2026-01-11 21:00:00,23082.0
2026-01-11T21,CAR,Carolinas,DF,Day-ahead demand forecast,22297,megawatthours,2026-01-11 21:00:00,22297.0
2026-01-11T21,CAR,Carolinas,NG,Net generation,23026,megawatthours,2026-01-11 21:00:00,23026.0
2026-01-11T21,CAR,Carolinas,TI,Total interchange,-84,megawatthours,2026-01-11 21:00:00,-84.0
2026-01-11T20,CAR,Carolinas,D,Demand,22659,megawatthours,2026-01-11 20:00:00,22659.0
2026-01-11T20,CAR,Carolinas,DF,Day-ahead demand forecast,22101,megawatthours,2026-01-11 20:00:00,22101.0
2026-01-11T20,CAR,Carolinas,NG,Net generation,22840,megawatthours,2026-01-11 20:00:00,22840.0
2026-01-11T20,CAR,Carolinas,TI,Total interchange,155,megawatthours,2026-01-11 20:00:00,155.0
2026-01-11T19,CAR,Carolinas,D,Demand,22442,megawatthours,2026-01-11 19:00:00,22442.0
2026-01-11T19,CAR,Carolinas,DF,Day-ahead demand forecast,22259,megawatthours,2026-01-11 19:00:00,22259.0
2026-01-11T19,CAR,Carolinas,NG,Net generation,22704,megawatthours,2026-01-11 19:00:00,22704.0
2026-01-11T19,CAR,Carolinas,TI,Total interchange,236,megawatthours,2026-01-11 19:00:00,236.0
2026-01-11T18,CAR,Carolinas,D,Demand,22209,megawatthours,2026-01-11 18:00:00,22209.0
2026-01-11T18,CAR,Carolinas,DF,Day-ahead demand forecast,22597,megawatthours,2026-01-11 18:00:00,22597.0
2026-01-11T18,CAR,Carolinas,NG,Net generation,22535,megawatthours,2026-01-11 18:00:00,22535.0
2026-01-11T18,CAR,Carolinas,TI,Total interchange,299,megawatthours,2026-01-11 18:00:00,299.0
2026-01-11T17,CAR,Carolinas,D,Demand,22048,megawatthours,2026-01-11 17:00:00,22048.0
2026-01-11T17,CAR,Carolinas,DF,Day-ahead demand forecast,22882,megawatthours,2026-01-11 17:00:00,22882.0
2026-01-11T17,CAR,Carolinas,NG,Net generation,22116,megawatthours,2026-01-11 17:00:00,22116.0
2026-01-11T17,CAR,Carolinas,TI,Total interchange,42,megawatthours,2026-01-11 17:00:00,42.0
2026-01-11T16,CAR,Carolinas,D,Demand,21965,megawatthours,2026-01-11 16:00:00,21965.0
2026-01-11T16,CAR,Carolinas,DF,Day-ahead demand forecast,23167,megawatthours,2026-01-11 16:00:00,23167.0
2026-01-11T16,CAR,Carolinas,NG,Net generation,21933,megawatthours,2026-01-11 16:00:00,21933.0
2026-01-11T16,CAR,Carolinas,TI,Total interchange,-55,megawatthours,2026-01-11 16:00:00,-55.0
2026-01-11T15,CAR,Carolinas,D,Demand,21806,megawatthours,2026-01-11 15:00:00,21806.0
2026-01-11T15,CAR,Carolinas,DF,Day-ahead demand forecast,23299,megawatthours,2026-01-11 15:00:00,23299.0
2026-01-11T15,CAR,Carolinas,NG,Net generation,21994,megawatthours,2026-01-11 15:00:00,21994.0
2026-01-11T15,CAR,Carolinas,TI,Total interchange,167,megawatthours,2026-01-11 15:00:00,167.0
2026-01-11T14,CAR,Carolinas,D,Demand,21092,megawatthours,2026-01-11 14:00:00,21092.0
2026-01-11T14,CAR,Carolinas,DF,Day-ahead demand forecast,22782,megawatthours,2026-01-11 14:00:00,22782.0
2026-01-11T14,CAR,Carolinas,NG,Net generation,21174,megawatthours,2026-01-11 14:00:00,21174.0
2026-01-11T14,CAR,Carolinas,TI,Total interchange,59,megawatthours,2026-01-11 14:00:00,59.0
2026-01-11T13,CAR,Carolinas,D,Demand,19733,megawatthours,2026-01-11 13:00:00,19733.0
2026-01-11T13,CAR,Carolinas,DF,Day-ahead demand forecast,21552,megawatthours,2026-01-11 13:00:00,21552.0
2026-01-11T13,CAR,Carolinas,NG,Net generation,19783,megawatthours,2026-01-11 13:00:00,19783.0
2026-01-11T13,CAR,Carolinas,TI,Total interchange,27,megawatthours,2026-01-11 13:00:00,27.0
2026-01-11T12,CAR,Carolinas,D,Demand,18615,megawatthours,2026-01-11 12:00:00,18615.0
2026-01-11T12,CAR,Carolinas,DF,Day-ahead demand forecast,20296,megawatthours,2026-01-11 12:00:00,20296.0
2026-01-11T12,CAR,Carolinas,NG,Net generation,19034,megawatthours,2026-01-11 12:00:00,19034.0
2026-01-11T12,CAR,Carolinas,TI,Total interchange,397,megawatthours,2026-01-11 12:00:00,397.0
2026-01-11T11,CAR,Carolinas,D,Demand,17793,megawatthours,2026-01-11 11:00:00,17793.0
2026-01-11T11,CAR,Carolinas,DF,Day-ahead demand forecast,19438,megawatthours,2026-01-11 11:00:00,19438.0
2026-01-11T11,CAR,Carolinas,NG,Net generation,18457,megawatthours,2026-01-11 11:00:00,18457.0
2026-01-11T11,CAR,Carolinas,TI,Total interchange,643,megawatthours,2026-01-11 11:00:00,643.0
2026-01-11T10,CAR,Carolinas,D,Demand,17409,megawatthours,2026-01-11 10:00:00,17409.0
2026-01-11T10,CAR,Carolinas,DF,Day-ahead demand forecast,18882,megawatthours,2026-01-11 10:00:00,18882.0
2026-01-11T10,CAR,Carolinas,NG,Net generation,18037,megawatthours,2026-01-11 10:00:00,18037.0
2026-01-11T10,CAR,Carolinas,TI,Total interchange,608,megawatthours,2026-01-11 10:00:00,608.0
2026-01-11T09,CAR,Carolinas,D,Demand,17324,megawatthours,2026-01-11 09:00:00,17324.0
2026-01-11T09,CAR,Carolinas,DF,Day-ahead demand forecast,18647,megawatthours,2026-01-11 09:00:00,18647.0
2026-01-11T09,CAR,Carolinas,NG,Net generation,17970,megawatthours,2026-01-11 09:00:00,17970.0
2026-01-11T09,CAR,Carolinas,TI,Total interchange,625,megawatthours,2026-01-11 09:00:00,625.0
2026-01-11T08,CAR,Carolinas,D,Demand,17541,megawatthours,2026-01-11 08:00:00,17541.0
2026-01-11T08,CAR,Carolinas,DF,Day-ahead demand forecast,18591,megawatthours,2026-01-11 08:00:00,18591.0
2026-01-11T08,CAR,Carolinas,NG,Net generation,18079,megawatthours,2026-01-11 08:00:00,18079.0
2026-01-11T08,CAR,Carolinas,TI,Total interchange,518,megawatthours,2026-01-11 08:00:00,518.0
2026-01-11T07,CAR,Carolinas,D,Demand,18026,megawatthours,2026-01-11 07:00:00,18026.0
2026-01-11T07,CAR,Carolinas,DF,Day-ahead demand forecast,18860,megawatthours,2026-01-11 07:00:00,18860.0
2026-01-11T07,CAR,Carolinas,NG,Net generation,18425,megawatthours,2026-01-11 07:00:00,18425.0
2026-01-11T07,CAR,Carolinas,TI,Total interchange,375,megawatthours,2026-01-11 07:00:00,375.0
2026-01-11T06,CAR,Carolinas,D,Demand,18719,megawatthours,2026-01-11 06:00:00,18719.0
2026-01-11T06,CAR,Carolinas,DF,Day-ahead demand forecast,19436,megawatthours,2026-01-11 06:00:00,19436.0
2026-01-11T06,CAR,Carolinas,NG,Net generation,19138,megawatthours,2026-01-11 06:00:00,19138.0
2026-01-11T06,CAR,Carolinas,TI,Total interchange,398,megawatthours,2026-01-11 06:00:00,398.0
2026-01-11T05,CAR,Carolinas,D,Demand,19791,megawatthours,2026-01-11 05:00:00,19791.0
2026-01-11T05,CAR,Carolinas,DF,Day-ahead demand forecast,20324,megawatthours,2026-01-11 05:00:00,20324.0
2026-01-11T05,CAR,Carolinas,NG,Net generation,20140,megawatthours,2026-01-11 05:00:00,20140.0
2026-01-11T05,CAR,Carolinas,TI,Total interchange,325,megawatthours,2026-01-11 05:00:00,325.0
2026-01-11T04,CAR,Carolinas,D,Demand,20910,megawatthours,2026-01-11 04:00:00,20910.0
2026-01-11T04,CAR,Carolinas,DF,Day-ahead demand forecast,21273,megawatthours,2026-01-11 04:00:00,21273.0
2026-01-11T04,CAR,Carolinas,NG,Net generation,21125,megawatthours,2026-01-11 04:00:00,21125.0
2026-01-11T04,CAR,Carolinas,TI,Total interchange,193,megawatthours,2026-01-11 04:00:00,193.0
2026-01-11T03,CAR,Carolinas,D,Demand,21832,megawatthours,2026-01-11 03:00:00,21832.0
2026-01-11T03,CAR,Carolinas,DF,Day-ahead demand forecast,22106,megawatthours,2026-01-11 03:00:00,22106.0
2026-01-11T03,CAR,Carolinas,NG,Net generation,22073,megawatthours,2026-01-11 03:00:00,22073.0
2026-01-11T03,CAR,Carolinas,TI,Total interchange,211,megawatthours,2026-01-11 03:00:00,211.0
2026-01-11T02,CAR,Carolinas,D,Demand,22621,megawatthours,2026-01-11 02:00:00,22621.0
2026-01-11T02,CAR,Carolinas,DF,Day-ahead demand forecast,22815,megawatthours,2026-01-11 02:00:00,22815.0
2026-01-11T02,CAR,Carolinas,NG,Net generation,22855,megawatthours,2026-01-11 02:00:00,22855.0
2026-01-11T02,CAR,Carolinas,TI,Total interchange,203,megawatthours,2026-01-11 02:00:00,203.0
2026-01-11T01,CAR,Carolinas,D,Demand,23069,megawatthours,2026-01-11 01:00:00,23069.0
2026-01-11T01,CAR,Carolinas,DF,Day-ahead demand forecast,23487,megawatthours,2026-01-11 01:00:00,23487.0
2026-01-11T01,CAR,Carolinas,NG,Net generation,23307,megawatthours,2026-01-11 01:00:00,23307.0
2026-01-11T01,CAR,Carolinas,TI,Total interchange,209,megawatthours,2026-01-11 01:00:00,209.0
2026-01-11T00,CAR,Carolinas,D,Demand,23564,megawatthours,2026-01-11 00:00:00,23564.0
2026-01-11T00,CAR,Carolinas,DF,Day-ahead demand forecast,23700,megawatthours,2026-01-11 00:00:00,23700.0
2026-01-11T00,CAR,Carolinas,NG,Net generation,23960,megawatthours,2026-01-11 00:00:00,23960.0
2026-01-11T00,CAR,Carolinas,TI,Total interchange,367,megawatthours,2026-01-11 00:00:00,367.0
2026-01-10T23,CAR,Carolinas,D,Demand,23270,megawatthours,2026-01-10 23:00:00,23270.0
2026-01-10T23,CAR,Carolinas,DF,Day-ahead demand forecast,23307,megawatthours,2026-01-10 23:00:00,23307.0
2026-01-10T23,CAR,Carolinas,NG,Net generation,23362,megawatthours,2026-01-10 23:00:00,23362.0
2026-01-10T23,CAR,Carolinas,TI,Total interchange,63,megawatthours,2026-01-10 23:00:00,63.0
2026-01-10T22,CAR,Carolinas,D,Demand,22709,megawatthours,2026-01-10 22:00:00,22709.0
2026-01-10T22,CAR,Carolinas,DF,Day-ahead demand forecast,22529,megawatthours,2026-01-10 22:00:00,22529.0
2026-01-10T22,CAR,Carolinas,NG,Net generation,22949,megawatthours,2026-01-10 22:00:00,22949.0
2026-01-10T22,CAR,Carolinas,TI,Total interchange,209,megawatthours,2026-01-10 22:00:00,209.0
2026-01-10T21,CAR,Carolinas,D,Demand,22490,megawatthours,2026-01-10 21:00:00,22490.0
2026-01-10T21,CAR,Carolinas,DF,Day-ahead demand forecast,22198,megawatthours,2026-01-10 21:00:00,22198.0
2026-01-10T21,CAR,Carolinas,NG,Net generation,22570,megawatthours,2026-01-10 21:00:00,22570.0
2026-01-10T21,CAR,Carolinas,TI,Total interchange,51,megawatthours,2026-01-10 21:00:00,51.0
2026-01-10T20,CAR,Carolinas,D,Demand,22472,megawatthours,2026-01-10 20:00:00,22472.0
2026-01-10T20,CAR,Carolinas,DF,Day-ahead demand forecast,22003,megawatthours,2026-01-10 20:00:00,22003.0
2026-01-10T20,CAR,Carolinas,NG,Net generation,22518,megawatthours,2026-01-10 20:00:00,22518.0
2026-01-10T20,CAR,Carolinas,TI,Total interchange,17,megawatthours,2026-01-10 20:00:00,17.0
2026-01-10T19,CAR,Carolinas,D,Demand,22565,megawatthours,2026-01-10 19:00:00,22565.0
2026-01-10T19,CAR,Carolinas,DF,Day-ahead demand forecast,22047,megawatthours,2026-01-10 19:00:00,22047.0
2026-01-10T19,CAR,Carolinas,NG,Net generation,22756,megawatthours,2026-01-10 19:00:00,22756.0
2026-01-10T19,CAR,Carolinas,TI,Total interchange,163,megawatthours,2026-01-10 19:00:00,163.0
2026-01-10T18,CAR,Carolinas,D,Demand,22636,megawatthours,2026-01-10 18:00:00,22636.0
2026-01-10T18,CAR,Carolinas,DF,Day-ahead demand forecast,22172,megawatthours,2026-01-10 18:00:00,22172.0
2026-01-10T18,CAR,Carolinas,NG,Net generation,22799,megawatthours,2026-01-10 18:00:00,22799.0
2026-01-10T18,CAR,Carolinas,TI,Total interchange,138,megawatthours,2026-01-10 18:00:00,138.0
2026-01-10T17,CAR,Carolinas,D,Demand,22504,megawatthours,2026-01-10 17:00:00,22504.0
2026-01-10T17,CAR,Carolinas,DF,Day-ahead demand forecast,22248,megawatthours,2026-01-10 17:00:00,22248.0
2026-01-10T17,CAR,Carolinas,NG,Net generation,22593,megawatthours,2026-01-10 17:00:00,22593.0
2026-01-10T17,CAR,Carolinas,TI,Total interchange,60,megawatthours,2026-01-10 17:00:00,60.0
2026-01-10T16,CAR,Carolinas,D,Demand,22267,megawatthours,2026-01-10 16:00:00,22267.0
2026-01-10T16,CAR,Carolinas,DF,Day-ahead demand forecast,22246,megawatthours,2026-01-10 16:00:00,22246.0
2026-01-10T16,CAR,Carolinas,NG,Net generation,22380,megawatthours,2026-01-10 16:00:00,22380.0
2026-01-10T16,CAR,Carolinas,TI,Total interchange,87,megawatthours,2026-01-10 16:00:00,87.0
2026-01-10T15,CAR,Carolinas,D,Demand,21746,megawatthours,2026-01-10 15:00:00,21746.0
2026-01-10T15,CAR,Carolinas,DF,Day-ahead demand forecast,22029,megawatthours,2026-01-10 15:00:00,22029.0
2026-01-10T15,CAR,Carolinas,NG,Net generation,21877,megawatthours,2026-01-10 15:00:00,21877.0
2026-01-10T15,CAR,Carolinas,TI,Total interchange,107,megawatthours,2026-01-10 15:00:00,107.0
2026-01-10T14,CAR,Carolinas,D,Demand,20864,megawatthours,2026-01-10 14:00:00,20864.0
2026-01-10T14,CAR,Carolinas,DF,Day-ahead demand forecast,21418,megawatthours,2026-01-10 14:00:00,21418.0
2026-01-10T14,CAR,Carolinas,NG,Net generation,20996,megawatthours,2026-01-10 14:00:00,20996.0
2026-01-10T14,CAR,Carolinas,TI,Total interchange,108,megawatthours,2026-01-10 14:00:00,108.0
2026-01-10T13,CAR,Carolinas,D,Demand,19861,megawatthours,2026-01-10 13:00:00,19861.0
2026-01-10T13,CAR,Carolinas,DF,Day-ahead demand forecast,20459,megawatthours,2026-01-10 13:00:00,20459.0
2026-01-10T13,CAR,Carolinas,NG,Net generation,19997,megawatthours,2026-01-10 13:00:00,19997.0
2026-01-10T13,CAR,Carolinas,TI,Total interchange,113,megawatthours,2026-01-10 13:00:00,113.0
2026-01-10T12,CAR,Carolinas,D,Demand,19030,megawatthours,2026-01-10 12:00:00,19030.0
2026-01-10T12,CAR,Carolinas,DF,Day-ahead demand forecast,19489,megawatthours,2026-01-10 12:00:00,19489.0
2026-01-10T12,CAR,Carolinas,NG,Net generation,19162,megawatthours,2026-01-10 12:00:00,19162.0
2026-01-10T12,CAR,Carolinas,TI,Total interchange,111,megawatthours,2026-01-10 12:00:00,111.0
2026-01-10T11,CAR,Carolinas,D,Demand,18349,megawatthours,2026-01-10 11:00:00,18349.0
2026-01-10T11,CAR,Carolinas,DF,Day-ahead demand forecast,18721,megawatthours,2026-01-10 11:00:00,18721.0
2026-01-10T11,CAR,Carolinas,NG,Net generation,18425,megawatthours,2026-01-10 11:00:00,18425.0
2026-01-10T11,CAR,Carolinas,TI,Total interchange,54,megawatthours,2026-01-10 11:00:00,54.0
2026-01-10T10,CAR,Carolinas,D,Demand,17979,megawatthours,2026-01-10 10:00:00,17979.0
2026-01-10T10,CAR,Carolinas,DF,Day-ahead demand forecast,18325,megawatthours,2026-01-10 10:00:00,18325.0
2026-01-10T10,CAR,Carolinas,NG,Net generation,18128,megawatthours,2026-01-10 10:00:00,18128.0
2026-01-10T10,CAR,Carolinas,TI,Total interchange,129,megawatthours,2026-01-10 10:00:00,129.0
2026-01-10T09,CAR,Carolinas,D,Demand,17914,megawatthours,2026-01-10 09:00:00,17914.0
2026-01-10T09,CAR,Carolinas,DF,Day-ahead demand forecast,18205,megawatthours,2026-01-10 09:00:00,18205.0
2026-01-10T09,CAR,Carolinas,NG,Net generation,18148,megawatthours,2026-01-10 09:00:00,18148.0
2026-01-10T09,CAR,Carolinas,TI,Total interchange,213,megawatthours,2026-01-10 09:00:00,213.0
2026-01-10T08,CAR,Carolinas,D,Demand,18246,megawatthours,2026-01-10 08:00:00,18246.0
2026-01-10T08,CAR,Carolinas,DF,Day-ahead demand forecast,18399,megawatthours,2026-01-10 08:00:00,18399.0
2026-01-10T08,CAR,Carolinas,NG,Net generation,18368,megawatthours,2026-01-10 08:00:00,18368.0
2026-01-10T08,CAR,Carolinas,TI,Total interchange,99,megawatthours,2026-01-10 08:00:00,99.0
2026-01-10T07,CAR,Carolinas,D,Demand,18657,megawatthours,2026-01-10 07:00:00,18657.0
2026-01-10T07,CAR,Carolinas,DF,Day-ahead demand forecast,18897,megawatthours,2026-01-10 07:00:00,18897.0
2026-01-10T07,CAR,Carolinas,NG,Net generation,18774,megawatthours,2026-01-10 07:00:00,18774.0
2026-01-10T07,CAR,Carolinas,TI,Total interchange,96,megawatthours,2026-01-10 07:00:00,96.0
2026-01-10T06,CAR,Carolinas,D,Demand,19273,megawatthours,2026-01-10 06:00:00,19273.0
2026-01-10T06,CAR,Carolinas,DF,Day-ahead demand forecast,19583,megawatthours,2026-01-10 06:00:00,19583.0
2026-01-10T06,CAR,Carolinas,NG,Net generation,19287,megawatthours,2026-01-10 06:00:00,19287.0
2026-01-10T06,CAR,Carolinas,TI,Total interchange,-9,megawatthours,2026-01-10 06:00:00,-9.0
2026-01-10T05,CAR,Carolinas,D,Demand,20321,megawatthours,2026-01-10 05:00:00,20321.0
2026-01-10T05,CAR,Carolinas,DF,Day-ahead demand forecast,20552,megawatthours,2026-01-10 05:00:00,20552.0
2026-01-10T05,CAR,Carolinas,NG,Net generation,20261,megawatthours,2026-01-10 05:00:00,20261.0
2026-01-10T05,CAR,Carolinas,TI,Total interchange,-82,megawatthours,2026-01-10 05:00:00,-82.0
2026-01-10T04,CAR,Carolinas,D,Demand,21444,megawatthours,2026-01-10 04:00:00,21444.0
2026-01-10T04,CAR,Carolinas,DF,Day-ahead demand forecast,21636,megawatthours,2026-01-10 04:00:00,21636.0
2026-01-10T04,CAR,Carolinas,NG,Net generation,21563,megawatthours,2026-01-10 04:00:00,21563.0
2026-01-10T04,CAR,Carolinas,TI,Total interchange,94,megawatthours,2026-01-10 04:00:00,94.0
2026-01-10T03,CAR,Carolinas,D,Demand,22354,megawatthours,2026-01-10 03:00:00,22354.0
2026-01-10T03,CAR,Carolinas,DF,Day-ahead demand forecast,22666,megawatthours,2026-01-10 03:00:00,22666.0
2026-01-10T03,CAR,Carolinas,NG,Net generation,22526,megawatthours,2026-01-10 03:00:00,22526.0
2026-01-10T03,CAR,Carolinas,TI,Total interchange,149,megawatthours,2026-01-10 03:00:00,149.0
2026-01-10T02,CAR,Carolinas,D,Demand,23148,megawatthours,2026-01-10 02:00:00,23148.0
2026-01-10T02,CAR,Carolinas,DF,Day-ahead demand forecast,23447,megawatthours,2026-01-10 02:00:00,23447.0
2026-01-10T02,CAR,Carolinas,NG,Net generation,23264,megawatthours,2026-01-10 02:00:00,23264.0
2026-01-10T02,CAR,Carolinas,TI,Total interchange,88,megawatthours,2026-01-10 02:00:00,88.0
2026-01-10T01,CAR,Carolinas,D,Demand,23826,megawatthours,2026-01-10 01:00:00,23826.0
2026-01-10T01,CAR,Carolinas,DF,Day-ahead demand forecast,24200,megawatthours,2026-01-10 01:00:00,24200.0
2026-01-10T01,CAR,Carolinas,NG,Net generation,23840,megawatthours,2026-01-10 01:00:00,23840.0
2026-01-10T01,CAR,Carolinas,TI,Total interchange,-15,megawatthours,2026-01-10 01:00:00,-15.0
2026-01-10T00,CAR,Carolinas,D,Demand,24474,megawatthours,2026-01-10 00:00:00,24474.0
2026-01-10T00,CAR,Carolinas,DF,Day-ahead demand forecast,24581,megawatthours,2026-01-10 00:00:00,24581.0
2026-01-10T00,CAR,Carolinas,NG,Net generation,24525,megawatthours,2026-01-10 00:00:00,24525.0
2026-01-10T00,CAR,Carolinas,TI,Total interchange,21,megawatthours,2026-01-10 00:00:00,21.0
2026-01-09T23,CAR,Carolinas,D,Demand,24142,megawatthours,2026-01-09 23:00:00,24142.0
2026-01-09T23,CAR,Carolinas,DF,Day-ahead demand forecast,24159,megawatthours,2026-01-09 23:00:00,24159.0
2026-01-09T23,CAR,Carolinas,NG,Net generation,24003,megawatthours,2026-01-09 23:00:00,24003.0
2026-01-09T23,CAR,Carolinas,TI,Total interchange,-168,megawatthours,2026-01-09 23:00:00,-168.0
2026-01-09T22,CAR,Carolinas,D,Demand,23206,megawatthours,2026-01-09 22:00:00,23206.0
2026-01-09T22,CAR,Carolinas,DF,Day-ahead demand forecast,23341,megawatthours,2026-01-09 22:00:00,23341.0
2026-01-09T22,CAR,Carolinas,NG,Net generation,23196,megawatthours,2026-01-09 22:00:00,23196.0
2026-01-09T22,CAR,Carolinas,TI,Total interchange,-39,megawatthours,2026-01-09 22:00:00,-39.0
2026-01-09T21,CAR,Carolinas,D,Demand,22958,megawatthours,2026-01-09 21:00:00,22958.0
2026-01-09T21,CAR,Carolinas,DF,Day-ahead demand forecast,22903,megawatthours,2026-01-09 21:00:00,22903.0
2026-01-09T21,CAR,Carolinas,NG,Net generation,22842,megawatthours,2026-01-09 21:00:00,22842.0
2026-01-09T21,CAR,Carolinas,TI,Total interchange,-144,megawatthours,2026-01-09 21:00:00,-144.0
2026-01-09T20,CAR,Carolinas,D,Demand,22986,megawatthours,2026-01-09 20:00:00,22986.0
2026-01-09T20,CAR,Carolinas,DF,Day-ahead demand forecast,22830,megawatthours,2026-01-09 20:00:00,22830.0
2026-01-09T20,CAR,Carolinas,NG,Net generation,22894,megawatthours,2026-01-09 20:00:00,22894.0
2026-01-09T20,CAR,Carolinas,TI,Total interchange,-117,megawatthours,2026-01-09 20:00:00,-117.0
2026-01-09T19,CAR,Carolinas,D,Demand,23258,megawatthours,2026-01-09 19:00:00,23258.0
2026-01-09T19,CAR,Carolinas,DF,Day-ahead demand forecast,22879,megawatthours,2026-01-09 19:00:00,22879.0
2026-01-09T19,CAR,Carolinas,NG,Net generation,23232,megawatthours,2026-01-09 19:00:00,23232.0
2026-01-09T19,CAR,Carolinas,TI,Total interchange,-55,megawatthours,2026-01-09 19:00:00,-55.0
2026-01-09T18,CAR,Carolinas,D,Demand,23277,megawatthours,2026-01-09 18:00:00,23277.0
2026-01-09T18,CAR,Carolinas,DF,Day-ahead demand forecast,23016,megawatthours,2026-01-09 18:00:00,23016.0
2026-01-09T18,CAR,Carolinas,NG,Net generation,23290,megawatthours,2026-01-09 18:00:00,23290.0
2026-01-09T18,CAR,Carolinas,TI,Total interchange,-14,megawatthours,2026-01-09 18:00:00,-14.0
2026-01-09T17,CAR,Carolinas,D,Demand,23482,megawatthours,2026-01-09 17:00:00,23482.0
2026-01-09T17,CAR,Carolinas,DF,Day-ahead demand forecast,23293,megawatthours,2026-01-09 17:00:00,23293.0
2026-01-09T17,CAR,Carolinas,NG,Net generation,23469,megawatthours,2026-01-09 17:00:00,23469.0
2026-01-09T17,CAR,Carolinas,TI,Total interchange,-37,megawatthours,2026-01-09 17:00:00,-37.0
2026-01-09T16,CAR,Carolinas,D,Demand,23889,megawatthours,2026-01-09 16:00:00,23889.0
2026-01-09T16,CAR,Carolinas,DF,Day-ahead demand forecast,23851,megawatthours,2026-01-09 16:00:00,23851.0
2026-01-09T16,CAR,Carolinas,NG,Net generation,23641,megawatthours,2026-01-09 16:00:00,23641.0
2026-01-09T16,CAR,Carolinas,TI,Total interchange,-272,megawatthours,2026-01-09 16:00:00,-272.0
2026-01-09T15,CAR,Carolinas,D,Demand,24326,megawatthours,2026-01-09 15:00:00,24326.0
2026-01-09T15,CAR,Carolinas,DF,Day-ahead demand forecast,24373,megawatthours,2026-01-09 15:00:00,24373.0
2026-01-09T15,CAR,Carolinas,NG,Net generation,23961,megawatthours,2026-01-09 15:00:00,23961.0
2026-01-09T15,CAR,Carolinas,TI,Total interchange,-388,megawatthours,2026-01-09 15:00:00,-388.0
2026-01-09T14,CAR,Carolinas,D,Demand,24626,megawatthours,2026-01-09 14:00:00,24626.0
2026-01-09T14,CAR,Carolinas,DF,Day-ahead demand forecast,24759,megawatthours,2026-01-09 14:00:00,24759.0
2026-01-09T14,CAR,Carolinas,NG,Net generation,24303,megawatthours,2026-01-09 14:00:00,24303.0
2026-01-09T14,CAR,Carolinas,TI,Total interchange,-345,megawatthours,2026-01-09 14:00:00,-345.0
2026-01-09T13,CAR,Carolinas,D,Demand,24797,megawatthours,2026-01-09 13:00:00,24797.0
2026-01-09T13,CAR,Carolinas,DF,Day-ahead demand forecast,24632,megawatthours,2026-01-09 13:00:00,24632.0
2026-01-09T13,CAR,Carolinas,NG,Net generation,24379,megawatthours,2026-01-09 13:00:00,24379.0
2026-01-09T13,CAR,Carolinas,TI,Total interchange,-440,megawatthours,2026-01-09 13:00:00,-440.0
2026-01-09T12,CAR,Carolinas,D,Demand,23858,megawatthours,2026-01-09 12:00:00,23858.0
2026-01-09T12,CAR,Carolinas,DF,Day-ahead demand forecast,23345,megawatthours,2026-01-09 12:00:00,23345.0
2026-01-09T12,CAR,Carolinas,NG,Net generation,23175,megawatthours,2026-01-09 12:00:00,23175.0
2026-01-09T12,CAR,Carolinas,TI,Total interchange,-705,megawatthours,2026-01-09 12:00:00,-705.0
2026-01-09T11,CAR,Carolinas,D,Demand,21780,megawatthours,2026-01-09 11:00:00,21780.0
2026-01-09T11,CAR,Carolinas,DF,Day-ahead demand forecast,21597,megawatthours,2026-01-09 11:00:00,21597.0
2026-01-09T11,CAR,Carolinas,NG,Net generation,21240,megawatthours,2026-01-09 11:00:00,21240.0
2026-01-09T11,CAR,Carolinas,TI,Total interchange,-561,megawatthours,2026-01-09 11:00:00,-561.0
2026-01-09T10,CAR,Carolinas,D,Demand,20577,megawatthours,2026-01-09 10:00:00,20577.0
2026-01-09T10,CAR,Carolinas,DF,Day-ahead demand forecast,20309,megawatthours,2026-01-09 10:00:00,20309.0
2026-01-09T10,CAR,Carolinas,NG,Net generation,20431,megawatthours,2026-01-09 10:00:00,20431.0
2026-01-09T10,CAR,Carolinas,TI,Total interchange,-163,megawatthours,2026-01-09 10:00:00,-163.0
2026-01-09T09,CAR,Carolinas,D,Demand,20138,megawatthours,2026-01-09 09:00:00,20138.0
2026-01-09T09,CAR,Carolinas,DF,Day-ahead demand forecast,19799,megawatthours,2026-01-09 09:00:00,19799.0
2026-01-09T09,CAR,Carolinas,NG,Net generation,20033,megawatthours,2026-01-09 09:00:00,20033.0
2026-01-09T09,CAR,Carolinas,TI,Total interchange,-125,megawatthours,2026-01-09 09:00:00,-125.0
2026-01-09T08,CAR,Carolinas,D,Demand,20108,megawatthours,2026-01-09 08:00:00,20108.0
2026-01-09T08,CAR,Carolinas,DF,Day-ahead demand forecast,19823,megawatthours,2026-01-09 08:00:00,19823.0
2026-01-09T08,CAR,Carolinas,NG,Net generation,20043,megawatthours,2026-01-09 08:00:00,20043.0
2026-01-09T08,CAR,Carolinas,TI,Total interchange,-82,megawatthours,2026-01-09 08:00:00,-82.0
2026-01-09T07,CAR,Carolinas,D,Demand,20453,megawatthours,2026-01-09 07:00:00,20453.0
2026-01-09T07,CAR,Carolinas,DF,Day-ahead demand forecast,20149,megawatthours,2026-01-09 07:00:00,20149.0
2026-01-09T07,CAR,Carolinas,NG,Net generation,20295,megawatthours,2026-01-09 07:00:00,20295.0
2026-01-09T07,CAR,Carolinas,TI,Total interchange,-177,megawatthours,2026-01-09 07:00:00,-177.0
2026-01-09T06,CAR,Carolinas,D,Demand,20992,megawatthours,2026-01-09 06:00:00,20992.0
2026-01-09T06,CAR,Carolinas,DF,Day-ahead demand forecast,20791,megawatthours,2026-01-09 06:00:00,20791.0
2026-01-09T06,CAR,Carolinas,NG,Net generation,21043,megawatthours,2026-01-09 06:00:00,21043.0
2026-01-09T06,CAR,Carolinas,TI,Total interchange,31,megawatthours,2026-01-09 06:00:00,31.0
2026-01-09T05,CAR,Carolinas,D,Demand,21850,megawatthours,2026-01-09 05:00:00,21850.0
2026-01-09T05,CAR,Carolinas,DF,Day-ahead demand forecast,21678,megawatthours,2026-01-09 05:00:00,21678.0
2026-01-09T05,CAR,Carolinas,NG,Net generation,21806,megawatthours,2026-01-09 05:00:00,21806.0
2026-01-09T05,CAR,Carolinas,TI,Total interchange,-61,megawatthours,2026-01-09 05:00:00,-61.0
2026-01-09T04,CAR,Carolinas,D,Demand,23045,megawatthours,2026-01-09 04:00:00,23045.0
2026-01-09T04,CAR,Carolinas,DF,Day-ahead demand forecast,22938,megawatthours,2026-01-09 04:00:00,22938.0
2026-01-09T04,CAR,Carolinas,NG,Net generation,22941,megawatthours,2026-01-09 04:00:00,22941.0
2026-01-09T04,CAR,Carolinas,TI,Total interchange,-126,megawatthours,2026-01-09 04:00:00,-126.0
2026-01-09T03,CAR,Carolinas,D,Demand,24400,megawatthours,2026-01-09 03:00:00,24400.0
2026-01-09T03,CAR,Carolinas,DF,Day-ahead demand forecast,24067,megawatthours,2026-01-09 03:00:00,24067.0
2026-01-09T03,CAR,Carolinas,NG,Net generation,23989,megawatthours,2026-01-09 03:00:00,23989.0
2026-01-09T03,CAR,Carolinas,TI,Total interchange,-433,megawatthours,2026-01-09 03:00:00,-433.0
2026-01-09T02,CAR,Carolinas,D,Demand,25236,megawatthours,2026-01-09 02:00:00,25236.0
2026-01-09T02,CAR,Carolinas,DF,Day-ahead demand forecast,24862,megawatthours,2026-01-09 02:00:00,24862.0
2026-01-09T02,CAR,Carolinas,NG,Net generation,24784,megawatthours,2026-01-09 02:00:00,24784.0
2026-01-09T02,CAR,Carolinas,TI,Total interchange,-473,megawatthours,2026-01-09 02:00:00,-473.0
2026-01-09T01,CAR,Carolinas,D,Demand,25618,megawatthours,2026-01-09 01:00:00,25618.0
2026-01-09T01,CAR,Carolinas,DF,Day-ahead demand forecast,25353,megawatthours,2026-01-09 01:00:00,25353.0
2026-01-09T01,CAR,Carolinas,NG,Net generation,25170,megawatthours,2026-01-09 01:00:00,25170.0
2026-01-09T01,CAR,Carolinas,TI,Total interchange,-474,megawatthours,2026-01-09 01:00:00,-474.0
2026-01-09T00,CAR,Carolinas,D,Demand,25656,megawatthours,2026-01-09 00:00:00,25656.0
2026-01-09T00,CAR,Carolinas,DF,Day-ahead demand forecast,25275,megawatthours,2026-01-09 00:00:00,25275.0
2026-01-09T00,CAR,Carolinas,NG,Net generation,25284,megawatthours,2026-01-09 00:00:00,25284.0
2026-01-09T00,CAR,Carolinas,TI,Total interchange,-395,megawatthours,2026-01-09 00:00:00,-395.0
2026-01-08T23,CAR,Carolinas,D,Demand,24726,megawatthours,2026-01-08 23:00:00,24726.0
2026-01-08T23,CAR,Carolinas,DF,Day-ahead demand forecast,24336,megawatthours,2026-01-08 23:00:00,24336.0
2026-01-08T23,CAR,Carolinas,NG,Net generation,24418,megawatthours,2026-01-08 23:00:00,24418.0
2026-01-08T23,CAR,Carolinas,TI,Total interchange,-332,megawatthours,2026-01-08 23:00:00,-332.0
2026-01-08T22,CAR,Carolinas,D,Demand,23300,megawatthours,2026-01-08 22:00:00,23300.0
2026-01-08T22,CAR,Carolinas,DF,Day-ahead demand forecast,23252,megawatthours,2026-01-08 22:00:00,23252.0
2026-01-08T22,CAR,Carolinas,NG,Net generation,23135,megawatthours,2026-01-08 22:00:00,23135.0
2026-01-08T22,CAR,Carolinas,TI,Total interchange,-189,megawatthours,2026-01-08 22:00:00,-189.0
2026-01-08T21,CAR,Carolinas,D,Demand,22951,megawatthours,2026-01-08 21:00:00,22951.0
2026-01-08T21,CAR,Carolinas,DF,Day-ahead demand forecast,22710,megawatthours,2026-01-08 21:00:00,22710.0
2026-01-08T21,CAR,Carolinas,NG,Net generation,22662,megawatthours,2026-01-08 21:00:00,22662.0
2026-01-08T21,CAR,Carolinas,TI,Total interchange,-312,megawatthours,2026-01-08 21:00:00,-312.0
2026-01-08T20,CAR,Carolinas,D,Demand,22822,megawatthours,2026-01-08 20:00:00,22822.0
2026-01-08T20,CAR,Carolinas,DF,Day-ahead demand forecast,22682,megawatthours,2026-01-08 20:00:00,22682.0
2026-01-08T20,CAR,Carolinas,NG,Net generation,22636,megawatthours,2026-01-08 20:00:00,22636.0
2026-01-08T20,CAR,Carolinas,TI,Total interchange,-211,megawatthours,2026-01-08 20:00:00,-211.0
2026-01-08T19,CAR,Carolinas,D,Demand,22888,megawatthours,2026-01-08 19:00:00,22888.0
2026-01-08T19,CAR,Carolinas,DF,Day-ahead demand forecast,22928,megawatthours,2026-01-08 19:00:00,22928.0
2026-01-08T19,CAR,Carolinas,NG,Net generation,22707,megawatthours,2026-01-08 19:00:00,22707.0
2026-01-08T19,CAR,Carolinas,TI,Total interchange,-200,megawatthours,2026-01-08 19:00:00,-200.0
2026-01-08T18,CAR,Carolinas,D,Demand,23137,megawatthours,2026-01-08 18:00:00,23137.0
2026-01-08T18,CAR,Carolinas,DF,Day-ahead demand forecast,23408,megawatthours,2026-01-08 18:00:00,23408.0
2026-01-08T18,CAR,Carolinas,NG,Net generation,22968,megawatthours,2026-01-08 18:00:00,22968.0
2026-01-08T18,CAR,Carolinas,TI,Total interchange,-185,megawatthours,2026-01-08 18:00:00,-185.0
2026-01-08T17,CAR,Carolinas,D,Demand,23784,megawatthours,2026-01-08 17:00:00,23784.0
2026-01-08T17,CAR,Carolinas,DF,Day-ahead demand forecast,24232,megawatthours,2026-01-08 17:00:00,24232.0
2026-01-08T17,CAR,Carolinas,NG,Net generation,23553,megawatthours,2026-01-08 17:00:00,23553.0
2026-01-08T17,CAR,Carolinas,TI,Total interchange,-244,megawatthours,2026-01-08 17:00:00,-244.0
2026-01-08T16,CAR,Carolinas,D,Demand,24812,megawatthours,2026-01-08 16:00:00,24812.0
2026-01-08T16,CAR,Carolinas,DF,Day-ahead demand forecast,25343,megawatthours,2026-01-08 16:00:00,25343.0
2026-01-08T16,CAR,Carolinas,NG,Net generation,24705,megawatthours,2026-01-08 16:00:00,24705.0
2026-01-08T16,CAR,Carolinas,TI,Total interchange,-127,megawatthours,2026-01-08 16:00:00,-127.0
2026-01-08T15,CAR,Carolinas,D,Demand,26024,megawatthours,2026-01-08 15:00:00,26024.0
2026-01-08T15,CAR,Carolinas,DF,Day-ahead demand forecast,26548,megawatthours,2026-01-08 15:00:00,26548.0
2026-01-08T15,CAR,Carolinas,NG,Net generation,25808,megawatthours,2026-01-08 15:00:00,25808.0
2026-01-08T15,CAR,Carolinas,TI,Total interchange,-242,megawatthours,2026-01-08 15:00:00,-242.0
2026-01-08T14,CAR,Carolinas,D,Demand,27582,megawatthours,2026-01-08 14:00:00,27582.0
2026-01-08T14,CAR,Carolinas,DF,Day-ahead demand forecast,27569,megawatthours,2026-01-08 14:00:00,27569.0
2026-01-08T14,CAR,Carolinas,NG,Net generation,27122,megawatthours,2026-01-08 14:00:00,27122.0
2026-01-08T14,CAR,Carolinas,TI,Total interchange,-493,megawatthours,2026-01-08 14:00:00,-493.0
2026-01-08T13,CAR,Carolinas,D,Demand,28001,megawatthours,2026-01-08 13:00:00,28001.0
2026-01-08T13,CAR,Carolinas,DF,Day-ahead demand forecast,27775,megawatthours,2026-01-08 13:00:00,27775.0
2026-01-08T13,CAR,Carolinas,NG,Net generation,27538,megawatthours,2026-01-08 13:00:00,27538.0
2026-01-08T13,CAR,Carolinas,TI,Total interchange,-492,megawatthours,2026-01-08 13:00:00,-492.0
2026-01-08T12,CAR,Carolinas,D,Demand,26485,megawatthours,2026-01-08 12:00:00,26485.0
2026-01-08T12,CAR,Carolinas,DF,Day-ahead demand forecast,26433,megawatthours,2026-01-08 12:00:00,26433.0
2026-01-08T12,CAR,Carolinas,NG,Net generation,26077,megawatthours,2026-01-08 12:00:00,26077.0
2026-01-08T12,CAR,Carolinas,TI,Total interchange,-439,megawatthours,2026-01-08 12:00:00,-439.0
2026-01-08T11,CAR,Carolinas,D,Demand,23806,megawatthours,2026-01-08 11:00:00,23806.0
2026-01-08T11,CAR,Carolinas,DF,Day-ahead demand forecast,24117,megawatthours,2026-01-08 11:00:00,24117.0
2026-01-08T11,CAR,Carolinas,NG,Net generation,23409,megawatthours,2026-01-08 11:00:00,23409.0
2026-01-08T11,CAR,Carolinas,TI,Total interchange,-421,megawatthours,2026-01-08 11:00:00,-421.0
2026-01-08T10,CAR,Carolinas,D,Demand,22047,megawatthours,2026-01-08 10:00:00,22047.0
2026-01-08T10,CAR,Carolinas,DF,Day-ahead demand forecast,22360,megawatthours,2026-01-08 10:00:00,22360.0
2026-01-08T10,CAR,Carolinas,NG,Net generation,22063,megawatthours,2026-01-08 10:00:00,22063.0
2026-01-08T10,CAR,Carolinas,TI,Total interchange,-8,megawatthours,2026-01-08 10:00:00,-8.0
2026-01-08T09,CAR,Carolinas,D,Demand,21208,megawatthours,2026-01-08 09:00:00,21208.0
2026-01-08T09,CAR,Carolinas,DF,Day-ahead demand forecast,21490,megawatthours,2026-01-08 09:00:00,21490.0
2026-01-08T09,CAR,Carolinas,NG,Net generation,21236,megawatthours,2026-01-08 09:00:00,21236.0
2026-01-08T09,CAR,Carolinas,TI,Total interchange,6,megawatthours,2026-01-08 09:00:00,6.0
2026-01-08T08,CAR,Carolinas,D,Demand,20865,megawatthours,2026-01-08 08:00:00,20865.0
2026-01-08T08,CAR,Carolinas,DF,Day-ahead demand forecast,21207,megawatthours,2026-01-08 08:00:00,21207.0
2026-01-08T08,CAR,Carolinas,NG,Net generation,20902,megawatthours,2026-01-08 08:00:00,20902.0
2026-01-08T08,CAR,Carolinas,TI,Total interchange,13,megawatthours,2026-01-08 08:00:00,13.0
2026-01-08T07,CAR,Carolinas,D,Demand,20699,megawatthours,2026-01-08 07:00:00,20699.0
2026-01-08T07,CAR,Carolinas,DF,Day-ahead demand forecast,21259,megawatthours,2026-01-08 07:00:00,21259.0
2026-01-08T07,CAR,Carolinas,NG,Net generation,20757,megawatthours,2026-01-08 07:00:00,20757.0
2026-01-08T07,CAR,Carolinas,TI,Total interchange,36,megawatthours,2026-01-08 07:00:00,36.0
2026-01-08T06,CAR,Carolinas,D,Demand,20831,megawatthours,2026-01-08 06:00:00,20831.0
2026-01-08T06,CAR,Carolinas,DF,Day-ahead demand forecast,21582,megawatthours,2026-01-08 06:00:00,21582.0
2026-01-08T06,CAR,Carolinas,NG,Net generation,20852,megawatthours,2026-01-08 06:00:00,20852.0
2026-01-08T06,CAR,Carolinas,TI,Total interchange,-3,megawatthours,2026-01-08 06:00:00,-3.0
2026-01-08T05,CAR,Carolinas,D,Demand,21407,megawatthours,2026-01-08 05:00:00,21407.0
2026-01-08T05,CAR,Carolinas,DF,Day-ahead demand forecast,22415,megawatthours,2026-01-08 05:00:00,22415.0
2026-01-08T05,CAR,Carolinas,NG,Net generation,21347,megawatthours,2026-01-08 05:00:00,21347.0
2026-01-08T05,CAR,Carolinas,TI,Total interchange,-85,megawatthours,2026-01-08 05:00:00,-85.0
2026-01-08T04,CAR,Carolinas,D,Demand,22574,megawatthours,2026-01-08 04:00:00,22574.0
2026-01-08T04,CAR,Carolinas,DF,Day-ahead demand forecast,23426,megawatthours,2026-01-08 04:00:00,23426.0
2026-01-08T04,CAR,Carolinas,NG,Net generation,22470,megawatthours,2026-01-08 04:00:00,22470.0
2026-01-08T04,CAR,Carolinas,TI,Total interchange,-131,megawatthours,2026-01-08 04:00:00,-131.0
2026-01-08T03,CAR,Carolinas,D,Demand,23626,megawatthours,2026-01-08 03:00:00,23626.0
2026-01-08T03,CAR,Carolinas,DF,Day-ahead demand forecast,24478,megawatthours,2026-01-08 03:00:00,24478.0
2026-01-08T03,CAR,Carolinas,NG,Net generation,23358,megawatthours,2026-01-08 03:00:00,23358.0
2026-01-08T03,CAR,Carolinas,TI,Total interchange,-298,megawatthours,2026-01-08 03:00:00,-298.0
2026-01-08T02,CAR,Carolinas,D,Demand,24495,megawatthours,2026-01-08 02:00:00,24495.0
2026-01-08T02,CAR,Carolinas,DF,Day-ahead demand forecast,25121,megawatthours,2026-01-08 02:00:00,25121.0
2026-01-08T02,CAR,Carolinas,NG,Net generation,24238,megawatthours,2026-01-08 02:00:00,24238.0
2026-01-08T02,CAR,Carolinas,TI,Total interchange,-290,megawatthours,2026-01-08 02:00:00,-290.0
2026-01-08T01,CAR,Carolinas,D,Demand,24800,megawatthours,2026-01-08 01:00:00,24800.0
2026-01-08T01,CAR,Carolinas,DF,Day-ahead demand forecast,25525,megawatthours,2026-01-08 01:00:00,25525.0
2026-01-08T01,CAR,Carolinas,NG,Net generation,24580,megawatthours,2026-01-08 01:00:00,24580.0
2026-01-08T01,CAR,Carolinas,TI,Total interchange,-253,megawatthours,2026-01-08 01:00:00,-253.0
2026-01-08T00,CAR,Carolinas,D,Demand,24947,megawatthours,2026-01-08 00:00:00,24947.0
2026-01-08T00,CAR,Carolinas,DF,Day-ahead demand forecast,25463,megawatthours,2026-01-08 00:00:00,25463.0
2026-01-08T00,CAR,Carolinas,NG,Net generation,24636,megawatthours,2026-01-08 00:00:00,24636.0
2026-01-08T00,CAR,Carolinas,TI,Total interchange,-346,megawatthours,2026-01-08 00:00:00,-346.0
2026-01-07T23,CAR,Carolinas,D,Demand,23989,megawatthours,2026-01-07 23:00:00,23989.0
2026-01-07T23,CAR,Carolinas,DF,Day-ahead demand forecast,24576,megawatthours,2026-01-07 23:00:00,24576.0
2026-01-07T23,CAR,Carolinas,NG,Net generation,23682,megawatthours,2026-01-07 23:00:00,23682.0
2026-01-07T23,CAR,Carolinas,TI,Total interchange,-339,megawatthours,2026-01-07 23:00:00,-339.0
2026-01-07T22,CAR,Carolinas,D,Demand,22785,megawatthours,2026-01-07 22:00:00,22785.0
2026-01-07T22,CAR,Carolinas,DF,Day-ahead demand forecast,23437,megawatthours,2026-01-07 22:00:00,23437.0
2026-01-07T22,CAR,Carolinas,NG,Net generation,22625,megawatthours,2026-01-07 22:00:00,22625.0
2026-01-07T22,CAR,Carolinas,TI,Total interchange,-197,megawatthours,2026-01-07 22:00:00,-197.0
2026-01-07T21,CAR,Carolinas,D,Demand,22597,megawatthours,2026-01-07 21:00:00,22597.0
2026-01-07T21,CAR,Carolinas,DF,Day-ahead demand forecast,22832,megawatthours,2026-01-07 21:00:00,22832.0
2026-01-07T21,CAR,Carolinas,NG,Net generation,22588,megawatthours,2026-01-07 21:00:00,22588.0
2026-01-07T21,CAR,Carolinas,TI,Total interchange,-39,megawatthours,2026-01-07 21:00:00,-39.0
2026-01-07T20,CAR,Carolinas,D,Demand,22430,megawatthours,2026-01-07 20:00:00,22430.0
2026-01-07T20,CAR,Carolinas,DF,Day-ahead demand forecast,22702,megawatthours,2026-01-07 20:00:00,22702.0
2026-01-07T20,CAR,Carolinas,NG,Net generation,22626,megawatthours,2026-01-07 20:00:00,22626.0
2026-01-07T20,CAR,Carolinas,TI,Total interchange,166,megawatthours,2026-01-07 20:00:00,166.0
2026-01-07T19,CAR,Carolinas,D,Demand,22439,megawatthours,2026-01-07 19:00:00,22439.0
2026-01-07T19,CAR,Carolinas,DF,Day-ahead demand forecast,22770,megawatthours,2026-01-07 19:00:00,22770.0
2026-01-07T19,CAR,Carolinas,NG,Net generation,22629,megawatthours,2026-01-07 19:00:00,22629.0
2026-01-07T19,CAR,Carolinas,TI,Total interchange,160,megawatthours,2026-01-07 19:00:00,160.0
2026-01-07T18,CAR,Carolinas,D,Demand,22559,megawatthours,2026-01-07 18:00:00,22559.0
2026-01-07T18,CAR,Carolinas,DF,Day-ahead demand forecast,22900,megawatthours,2026-01-07 18:00:00,22900.0
2026-01-07T18,CAR,Carolinas,NG,Net generation,22840,megawatthours,2026-01-07 18:00:00,22840.0
2026-01-07T18,CAR,Carolinas,TI,Total interchange,254,megawatthours,2026-01-07 18:00:00,254.0
2026-01-07T17,CAR,Carolinas,D,Demand,22775,megawatthours,2026-01-07 17:00:00,22775.0
2026-01-07T17,CAR,Carolinas,DF,Day-ahead demand forecast,23310,megawatthours,2026-01-07 17:00:00,23310.0
2026-01-07T17,CAR,Carolinas,NG,Net generation,22879,megawatthours,2026-01-07 17:00:00,22879.0
2026-01-07T17,CAR,Carolinas,TI,Total interchange,76,megawatthours,2026-01-07 17:00:00,76.0
2026-01-07T16,CAR,Carolinas,D,Demand,23563,megawatthours,2026-01-07 16:00:00,23563.0
2026-01-07T16,CAR,Carolinas,DF,Day-ahead demand forecast,24072,megawatthours,2026-01-07 16:00:00,24072.0
2026-01-07T16,CAR,Carolinas,NG,Net generation,23302,megawatthours,2026-01-07 16:00:00,23302.0
2026-01-07T16,CAR,Carolinas,TI,Total interchange,-277,megawatthours,2026-01-07 16:00:00,-277.0
2026-01-07T15,CAR,Carolinas,D,Demand,24615,megawatthours,2026-01-07 15:00:00,24615.0
2026-01-07T15,CAR,Carolinas,DF,Day-ahead demand forecast,24957,megawatthours,2026-01-07 15:00:00,24957.0
2026-01-07T15,CAR,Carolinas,NG,Net generation,24294,megawatthours,2026-01-07 15:00:00,24294.0
2026-01-07T15,CAR,Carolinas,TI,Total interchange,-339,megawatthours,2026-01-07 15:00:00,-339.0
2026-01-07T14,CAR,Carolinas,D,Demand,25485,megawatthours,2026-01-07 14:00:00,25485.0
2026-01-07T14,CAR,Carolinas,DF,Day-ahead demand forecast,25805,megawatthours,2026-01-07 14:00:00,25805.0
2026-01-07T14,CAR,Carolinas,NG,Net generation,24717,megawatthours,2026-01-07 14:00:00,24717.0
2026-01-07T14,CAR,Carolinas,TI,Total interchange,-784,megawatthours,2026-01-07 14:00:00,-784.0
2026-01-07T13,CAR,Carolinas,D,Demand,25704,megawatthours,2026-01-07 13:00:00,25704.0
2026-01-07T13,CAR,Carolinas,DF,Day-ahead demand forecast,25948,megawatthours,2026-01-07 13:00:00,25948.0
2026-01-07T13,CAR,Carolinas,NG,Net generation,24899,megawatthours,2026-01-07 13:00:00,24899.0
2026-01-07T13,CAR,Carolinas,TI,Total interchange,-819,megawatthours,2026-01-07 13:00:00,-819.0
2026-01-07T12,CAR,Carolinas,D,Demand,24453,megawatthours,2026-01-07 12:00:00,24453.0
2026-01-07T12,CAR,Carolinas,DF,Day-ahead demand forecast,24641,megawatthours,2026-01-07 12:00:00,24641.0
2026-01-07T12,CAR,Carolinas,NG,Net generation,23440,megawatthours,2026-01-07 12:00:00,23440.0
2026-01-07T12,CAR,Carolinas,TI,Total interchange,-1025,megawatthours,2026-01-07 12:00:00,-1025.0
2026-01-07T11,CAR,Carolinas,D,Demand,22108,megawatthours,2026-01-07 11:00:00,22108.0
2026-01-07T11,CAR,Carolinas,DF,Day-ahead demand forecast,22566,megawatthours,2026-01-07 11:00:00,22566.0
2026-01-07T11,CAR,Carolinas,NG,Net generation,21504,megawatthours,2026-01-07 11:00:00,21504.0
2026-01-07T11,CAR,Carolinas,TI,Total interchange,-614,megawatthours,2026-01-07 11:00:00,-614.0
2026-01-07T10,CAR,Carolinas,D,Demand,20608,megawatthours,2026-01-07 10:00:00,20608.0
2026-01-07T10,CAR,Carolinas,DF,Day-ahead demand forecast,21045,megawatthours,2026-01-07 10:00:00,21045.0
2026-01-07T10,CAR,Carolinas,NG,Net generation,20147,megawatthours,2026-01-07 10:00:00,20147.0
2026-01-07T10,CAR,Carolinas,TI,Total interchange,-472,megawatthours,2026-01-07 10:00:00,-472.0
2026-01-07T09,CAR,Carolinas,D,Demand,20028,megawatthours,2026-01-07 09:00:00,20028.0
2026-01-07T09,CAR,Carolinas,DF,Day-ahead demand forecast,20401,megawatthours,2026-01-07 09:00:00,20401.0
2026-01-07T09,CAR,Carolinas,NG,Net generation,19654,megawatthours,2026-01-07 09:00:00,19654.0
2026-01-07T09,CAR,Carolinas,TI,Total interchange,-386,megawatthours,2026-01-07 09:00:00,-386.0
2026-01-07T08,CAR,Carolinas,D,Demand,19803,megawatthours,2026-01-07 08:00:00,19803.0
2026-01-07T08,CAR,Carolinas,DF,Day-ahead demand forecast,20339,megawatthours,2026-01-07 08:00:00,20339.0
2026-01-07T08,CAR,Carolinas,NG,Net generation,19484,megawatthours,2026-01-07 08:00:00,19484.0
2026-01-07T08,CAR,Carolinas,TI,Total interchange,-329,megawatthours,2026-01-07 08:00:00,-329.0
2026-01-07T07,CAR,Carolinas,D,Demand,19969,megawatthours,2026-01-07 07:00:00,19969.0
2026-01-07T07,CAR,Carolinas,DF,Day-ahead demand forecast,20657,megawatthours,2026-01-07 07:00:00,20657.0
2026-01-07T07,CAR,Carolinas,NG,Net generation,19701,megawatthours,2026-01-07 07:00:00,19701.0
2026-01-07T07,CAR,Carolinas,TI,Total interchange,-279,megawatthours,2026-01-07 07:00:00,-279.0
2026-01-07T06,CAR,Carolinas,D,Demand,20421,megawatthours,2026-01-07 06:00:00,20421.0
2026-01-07T06,CAR,Carolinas,DF,Day-ahead demand forecast,21262,megawatthours,2026-01-07 06:00:00,21262.0
2026-01-07T06,CAR,Carolinas,NG,Net generation,20318,megawatthours,2026-01-07 06:00:00,20318.0
2026-01-07T06,CAR,Carolinas,TI,Total interchange,-114,megawatthours,2026-01-07 06:00:00,-114.0
2026-01-07T05,CAR,Carolinas,D,Demand,21342,megawatthours,2026-01-07 05:00:00,21342.0
2026-01-07T05,CAR,Carolinas,DF,Day-ahead demand forecast,22796,megawatthours,2026-01-07 05:00:00,22796.0
2026-01-07T05,CAR,Carolinas,NG,Net generation,21391,megawatthours,2026-01-07 05:00:00,21391.0
2026-01-07T05,CAR,Carolinas,TI,Total interchange,37,megawatthours,2026-01-07 05:00:00,37.0
2026-01-07T04,CAR,Carolinas,D,Demand,22661,megawatthours,2026-01-07 04:00:00,22661.0
2026-01-07T04,CAR,Carolinas,DF,Day-ahead demand forecast,24006,megawatthours,2026-01-07 04:00:00,24006.0
2026-01-07T04,CAR,Carolinas,NG,Net generation,22598,megawatthours,2026-01-07 04:00:00,22598.0
2026-01-07T04,CAR,Carolinas,TI,Total interchange,-75,megawatthours,2026-01-07 04:00:00,-75.0
2026-01-07T03,CAR,Carolinas,D,Demand,24001,megawatthours,2026-01-07 03:00:00,24001.0
2026-01-07T03,CAR,Carolinas,DF,Day-ahead demand forecast,25224,megawatthours,2026-01-07 03:00:00,25224.0
2026-01-07T03,CAR,Carolinas,NG,Net generation,23809,megawatthours,2026-01-07 03:00:00,23809.0
2026-01-07T03,CAR,Carolinas,TI,Total interchange,-204,megawatthours,2026-01-07 03:00:00,-204.0
2026-01-07T02,CAR,Carolinas,D,Demand,24970,megawatthours,2026-01-07 02:00:00,24970.0
2026-01-07T02,CAR,Carolinas,DF,Day-ahead demand forecast,26098,megawatthours,2026-01-07 02:00:00,26098.0
2026-01-07T02,CAR,Carolinas,NG,Net generation,24580,megawatthours,2026-01-07 02:00:00,24580.0
2026-01-07T02,CAR,Carolinas,TI,Total interchange,-402,megawatthours,2026-01-07 02:00:00,-402.0
2026-01-07T01,CAR,Carolinas,D,Demand,25522,megawatthours,2026-01-07 01:00:00,25522.0
2026-01-07T01,CAR,Carolinas,DF,Day-ahead demand forecast,26573,megawatthours,2026-01-07 01:00:00,26573.0
2026-01-07T01,CAR,Carolinas,NG,Net generation,24952,megawatthours,2026-01-07 01:00:00,24952.0
2026-01-07T01,CAR,Carolinas,TI,Total interchange,-583,megawatthours,2026-01-07 01:00:00,-583.0
2026-01-07T00,CAR,Carolinas,D,Demand,25647,megawatthours,2026-01-07 00:00:00,25647.0
2026-01-07T00,CAR,Carolinas,DF,Day-ahead demand forecast,26407,megawatthours,2026-01-07 00:00:00,26407.0
2026-01-07T00,CAR,Carolinas,NG,Net generation,25085,megawatthours,2026-01-07 00:00:00,25085.0
2026-01-07T00,CAR,Carolinas,TI,Total interchange,-576,megawatthours,2026-01-07 00:00:00,-576.0
2026-01-06T23,CAR,Carolinas,D,Demand,24517,megawatthours,2026-01-06 23:00:00,24517.0
2026-01-06T23,CAR,Carolinas,DF,Day-ahead demand forecast,25288,megawatthours,2026-01-06 23:00:00,25288.0
2026-01-06T23,CAR,Carolinas,NG,Net generation,24173,megawatthours,2026-01-06 23:00:00,24173.0
2026-01-06T23,CAR,Carolinas,TI,Total interchange,-356,megawatthours,2026-01-06 23:00:00,-356.0
2026-01-06T22,CAR,Carolinas,D,Demand,23052,megawatthours,2026-01-06 22:00:00,23052.0
2026-01-06T22,CAR,Carolinas,DF,Day-ahead demand forecast,24029,megawatthours,2026-01-06 22:00:00,24029.0
2026-01-06T22,CAR,Carolinas,NG,Net generation,22909,megawatthours,2026-01-06 22:00:00,22909.0
2026-01-06T22,CAR,Carolinas,TI,Total interchange,-155,megawatthours,2026-01-06 22:00:00,-155.0
2026-01-06T21,CAR,Carolinas,D,Demand,22588,megawatthours,2026-01-06 21:00:00,22588.0
2026-01-06T21,CAR,Carolinas,DF,Day-ahead demand forecast,23466,megawatthours,2026-01-06 21:00:00,23466.0
2026-01-06T21,CAR,Carolinas,NG,Net generation,22356,megawatthours,2026-01-06 21:00:00,22356.0
2026-01-06T21,CAR,Carolinas,TI,Total interchange,-245,megawatthours,2026-01-06 21:00:00,-245.0
2026-01-06T20,CAR,Carolinas,D,Demand,22585,megawatthours,2026-01-06 20:00:00,22585.0
2026-01-06T20,CAR,Carolinas,DF,Day-ahead demand forecast,23599,megawatthours,2026-01-06 20:00:00,23599.0
2026-01-06T20,CAR,Carolinas,NG,Net generation,22480,megawatthours,2026-01-06 20:00:00,22480.0
2026-01-06T20,CAR,Carolinas,TI,Total interchange,-116,megawatthours,2026-01-06 20:00:00,-116.0
2026-01-06T19,CAR,Carolinas,D,Demand,22993,megawatthours,2026-01-06 19:00:00,22993.0
2026-01-06T19,CAR,Carolinas,DF,Day-ahead demand forecast,24042,megawatthours,2026-01-06 19:00:00,24042.0
2026-01-06T19,CAR,Carolinas,NG,Net generation,22805,megawatthours,2026-01-06 19:00:00,22805.0
2026-01-06T19,CAR,Carolinas,TI,Total interchange,-201,megawatthours,2026-01-06 19:00:00,-201.0
2026-01-06T18,CAR,Carolinas,D,Demand,23710,megawatthours,2026-01-06 18:00:00,23710.0
2026-01-06T18,CAR,Carolinas,DF,Day-ahead demand forecast,24722,megawatthours,2026-01-06 18:00:00,24722.0
2026-01-06T18,CAR,Carolinas,NG,Net generation,23415,megawatthours,2026-01-06 18:00:00,23415.0
2026-01-06T18,CAR,Carolinas,TI,Total interchange,-306,megawatthours,2026-01-06 18:00:00,-306.0
2026-01-06T17,CAR,Carolinas,D,Demand,24566,megawatthours,2026-01-06 17:00:00,24566.0
2026-01-06T17,CAR,Carolinas,DF,Day-ahead demand forecast,25700,megawatthours,2026-01-06 17:00:00,25700.0
2026-01-06T17,CAR,Carolinas,NG,Net generation,24142,megawatthours,2026-01-06 17:00:00,24142.0
2026-01-06T17,CAR,Carolinas,TI,Total interchange,-436,megawatthours,2026-01-06 17:00:00,-436.0
2026-01-06T16,CAR,Carolinas,D,Demand,25725,megawatthours,2026-01-06 16:00:00,25725.0
2026-01-06T16,CAR,Carolinas,DF,Day-ahead demand forecast,27029,megawatthours,2026-01-06 16:00:00,27029.0
2026-01-06T16,CAR,Carolinas,NG,Net generation,25154,megawatthours,2026-01-06 16:00:00,25154.0
2026-01-06T16,CAR,Carolinas,TI,Total interchange,-584,megawatthours,2026-01-06 16:00:00,-584.0
2026-01-06T15,CAR,Carolinas,D,Demand,26931,megawatthours,2026-01-06 15:00:00,26931.0
2026-01-06T15,CAR,Carolinas,DF,Day-ahead demand forecast,28580,megawatthours,2026-01-06 15:00:00,28580.0
2026-01-06T15,CAR,Carolinas,NG,Net generation,26112,megawatthours,2026-01-06 15:00:00,26112.0
2026-01-06T15,CAR,Carolinas,TI,Total interchange,-834,megawatthours,2026-01-06 15:00:00,-834.0
2026-01-06T14,CAR,Carolinas,D,Demand,28116,megawatthours,2026-01-06 14:00:00,28116.0
2026-01-06T14,CAR,Carolinas,DF,Day-ahead demand forecast,30063,megawatthours,2026-01-06 14:00:00,30063.0
2026-01-06T14,CAR,Carolinas,NG,Net generation,26921,megawatthours,2026-01-06 14:00:00,26921.0
2026-01-06T14,CAR,Carolinas,TI,Total interchange,-1219,megawatthours,2026-01-06 14:00:00,-1219.0
2026-01-06T13,CAR,Carolinas,D,Demand,28727,megawatthours,2026-01-06 13:00:00,28727.0
2026-01-06T13,CAR,Carolinas,DF,Day-ahead demand forecast,30616,megawatthours,2026-01-06 13:00:00,30616.0
2026-01-06T13,CAR,Carolinas,NG,Net generation,27564,megawatthours,2026-01-06 13:00:00,27564.0
2026-01-06T13,CAR,Carolinas,TI,Total interchange,-1189,megawatthours,2026-01-06 13:00:00,-1189.0
2026-01-06T12,CAR,Carolinas,D,Demand,27676,megawatthours,2026-01-06 12:00:00,27676.0
2026-01-06T12,CAR,Carolinas,DF,Day-ahead demand forecast,29489,megawatthours,2026-01-06 12:00:00,29489.0
2026-01-06T12,CAR,Carolinas,NG,Net generation,26496,megawatthours,2026-01-06 12:00:00,26496.0
2026-01-06T12,CAR,Carolinas,TI,Total interchange,-1205,megawatthours,2026-01-06 12:00:00,-1205.0
2026-01-06T11,CAR,Carolinas,D,Demand,25512,megawatthours,2026-01-06 11:00:00,25512.0
2026-01-06T11,CAR,Carolinas,DF,Day-ahead demand forecast,27458,megawatthours,2026-01-06 11:00:00,27458.0
2026-01-06T11,CAR,Carolinas,NG,Net generation,24414,megawatthours,2026-01-06 11:00:00,24414.0
2026-01-06T11,CAR,Carolinas,TI,Total interchange,-1117,megawatthours,2026-01-06 11:00:00,-1117.0
2026-01-06T10,CAR,Carolinas,D,Demand,23978,megawatthours,2026-01-06 10:00:00,23978.0
2026-01-06T10,CAR,Carolinas,DF,Day-ahead demand forecast,25735,megawatthours,2026-01-06 10:00:00,25735.0
2026-01-06T10,CAR,Carolinas,NG,Net generation,23195,megawatthours,2026-01-06 10:00:00,23195.0
2026-01-06T10,CAR,Carolinas,TI,Total interchange,-802,megawatthours,2026-01-06 10:00:00,-802.0
2026-01-06T09,CAR,Carolinas,D,Demand,23384,megawatthours,2026-01-06 09:00:00,23384.0
2026-01-06T09,CAR,Carolinas,DF,Day-ahead demand forecast,24906,megawatthours,2026-01-06 09:00:00,24906.0
2026-01-06T09,CAR,Carolinas,NG,Net generation,23024,megawatthours,2026-01-06 09:00:00,23024.0
2026-01-06T09,CAR,Carolinas,TI,Total interchange,-377,megawatthours,2026-01-06 09:00:00,-377.0
2026-01-06T08,CAR,Carolinas,D,Demand,23370,megawatthours,2026-01-06 08:00:00,23370.0
2026-01-06T08,CAR,Carolinas,DF,Day-ahead demand forecast,24614,megawatthours,2026-01-06 08:00:00,24614.0
2026-01-06T08,CAR,Carolinas,NG,Net generation,22905,megawatthours,2026-01-06 08:00:00,22905.0
2026-01-06T08,CAR,Carolinas,TI,Total interchange,-484,megawatthours,2026-01-06 08:00:00,-484.0
2026-01-06T07,CAR,Carolinas,D,Demand,23469,megawatthours,2026-01-06 07:00:00,23469.0
2026-01-06T07,CAR,Carolinas,DF,Day-ahead demand forecast,24767,megawatthours,2026-01-06 07:00:00,24767.0
2026-01-06T07,CAR,Carolinas,NG,Net generation,23088,megawatthours,2026-01-06 07:00:00,23088.0
2026-01-06T07,CAR,Carolinas,TI,Total interchange,-401,megawatthours,2026-01-06 07:00:00,-401.0
2026-01-06T06,CAR,Carolinas,D,Demand,23751,megawatthours,2026-01-06 06:00:00,23751.0
2026-01-06T06,CAR,Carolinas,DF,Day-ahead demand forecast,25114,megawatthours,2026-01-06 06:00:00,25114.0
2026-01-06T06,CAR,Carolinas,NG,Net generation,23503,megawatthours,2026-01-06 06:00:00,23503.0
2026-01-06T06,CAR,Carolinas,TI,Total interchange,-267,megawatthours,2026-01-06 06:00:00,-267.0
2026-01-06T05,CAR,Carolinas,D,Demand,24566,megawatthours,2026-01-06 05:00:00,24566.0
2026-01-06T05,CAR,Carolinas,DF,Day-ahead demand forecast,25290,megawatthours,2026-01-06 05:00:00,25290.0
2026-01-06T05,CAR,Carolinas,NG,Net generation,24412,megawatthours,2026-01-06 05:00:00,24412.0
2026-01-06T05,CAR,Carolinas,TI,Total interchange,-174,megawatthours,2026-01-06 05:00:00,-174.0
2026-01-06T04,CAR,Carolinas,D,Demand,25795,megawatthours,2026-01-06 04:00:00,25795.0
2026-01-06T04,CAR,Carolinas,DF,Day-ahead demand forecast,26379,megawatthours,2026-01-06 04:00:00,26379.0
2026-01-06T04,CAR,Carolinas,NG,Net generation,25439,megawatthours,2026-01-06 04:00:00,25439.0
2026-01-06T04,CAR,Carolinas,TI,Total interchange,-380,megawatthours,2026-01-06 04:00:00,-380.0
2026-01-06T03,CAR,Carolinas,D,Demand,27044,megawatthours,2026-01-06 03:00:00,27044.0
2026-01-06T03,CAR,Carolinas,DF,Day-ahead demand forecast,27548,megawatthours,2026-01-06 03:00:00,27548.0
2026-01-06T03,CAR,Carolinas,NG,Net generation,26540,megawatthours,2026-01-06 03:00:00,26540.0
2026-01-06T03,CAR,Carolinas,TI,Total interchange,-527,megawatthours,2026-01-06 03:00:00,-527.0
2026-01-06T02,CAR,Carolinas,D,Demand,27872,megawatthours,2026-01-06 02:00:00,27872.0
2026-01-06T02,CAR,Carolinas,DF,Day-ahead demand forecast,28365,megawatthours,2026-01-06 02:00:00,28365.0
2026-01-06T02,CAR,Carolinas,NG,Net generation,27117,megawatthours,2026-01-06 02:00:00,27117.0
2026-01-06T02,CAR,Carolinas,TI,Total interchange,-782,megawatthours,2026-01-06 02:00:00,-782.0
2026-01-06T01,CAR,Carolinas,D,Demand,28150,megawatthours,2026-01-06 01:00:00,28150.0
2026-01-06T01,CAR,Carolinas,DF,Day-ahead demand forecast,28750,megawatthours,2026-01-06 01:00:00,28750.0
2026-01-06T01,CAR,Carolinas,NG,Net generation,27314,megawatthours,2026-01-06 01:00:00,27314.0
2026-01-06T01,CAR,Carolinas,TI,Total interchange,-862,megawatthours,2026-01-06 01:00:00,-862.0
2026-01-06T00,CAR,Carolinas,D,Demand,28051,megawatthours,2026-01-06 00:00:00,28051.0
2026-01-06T00,CAR,Carolinas,DF,Day-ahead demand forecast,28414,megawatthours,2026-01-06 00:00:00,28414.0
2026-01-06T00,CAR,Carolinas,NG,Net generation,27190,megawatthours,2026-01-06 00:00:00,27190.0
2026-01-06T00,CAR,Carolinas,TI,Total interchange,-888,megawatthours,2026-01-06 00:00:00,-888.0
2026-01-05T23,CAR,Carolinas,D,Demand,26762,megawatthours,2026-01-05 23:00:00,26762.0
2026-01-05T23,CAR,Carolinas,DF,Day-ahead demand forecast,27131,megawatthours,2026-01-05 23:00:00,27131.0
2026-01-05T23,CAR,Carolinas,NG,Net generation,26135,megawatthours,2026-01-05 23:00:00,26135.0
2026-01-05T23,CAR,Carolinas,TI,Total interchange,-654,megawatthours,2026-01-05 23:00:00,-654.0
2026-01-05T22,CAR,Carolinas,D,Demand,25205,megawatthours,2026-01-05 22:00:00,25205.0
2026-01-05T22,CAR,Carolinas,DF,Day-ahead demand forecast,25573,megawatthours,2026-01-05 22:00:00,25573.0
2026-01-05T22,CAR,Carolinas,NG,Net generation,24718,megawatthours,2026-01-05 22:00:00,24718.0
2026-01-05T22,CAR,Carolinas,TI,Total interchange,-512,megawatthours,2026-01-05 22:00:00,-512.0
2026-01-05T21,CAR,Carolinas,D,Demand,25120,megawatthours,2026-01-05 21:00:00,25120.0
2026-01-05T21,CAR,Carolinas,DF,Day-ahead demand forecast,24885,megawatthours,2026-01-05 21:00:00,24885.0
2026-01-05T21,CAR,Carolinas,NG,Net generation,24642,megawatthours,2026-01-05 21:00:00,24642.0
2026-01-05T21,CAR,Carolinas,TI,Total interchange,-504,megawatthours,2026-01-05 21:00:00,-504.0
2026-01-05T20,CAR,Carolinas,D,Demand,25525,megawatthours,2026-01-05 20:00:00,25525.0
2026-01-05T20,CAR,Carolinas,DF,Day-ahead demand forecast,25002,megawatthours,2026-01-05 20:00:00,25002.0
2026-01-05T20,CAR,Carolinas,NG,Net generation,25272,megawatthours,2026-01-05 20:00:00,25272.0
2026-01-05T20,CAR,Carolinas,TI,Total interchange,-276,megawatthours,2026-01-05 20:00:00,-276.0
2026-01-05T19,CAR,Carolinas,D,Demand,26256,megawatthours,2026-01-05 19:00:00,26256.0
2026-01-05T19,CAR,Carolinas,DF,Day-ahead demand forecast,25599,megawatthours,2026-01-05 19:00:00,25599.0
2026-01-05T19,CAR,Carolinas,NG,Net generation,26015,megawatthours,2026-01-05 19:00:00,26015.0
2026-01-05T19,CAR,Carolinas,TI,Total interchange,-266,megawatthours,2026-01-05 19:00:00,-266.0
2026-01-05T18,CAR,Carolinas,D,Demand,27033,megawatthours,2026-01-05 18:00:00,27033.0
2026-01-05T18,CAR,Carolinas,DF,Day-ahead demand forecast,26461,megawatthours,2026-01-05 18:00:00,26461.0
2026-01-05T18,CAR,Carolinas,NG,Net generation,26688,megawatthours,2026-01-05 18:00:00,26688.0
2026-01-05T18,CAR,Carolinas,TI,Total interchange,-369,megawatthours,2026-01-05 18:00:00,-369.0
2026-01-05T17,CAR,Carolinas,D,Demand,27961,megawatthours,2026-01-05 17:00:00,27961.0
2026-01-05T17,CAR,Carolinas,DF,Day-ahead demand forecast,27659,megawatthours,2026-01-05 17:00:00,27659.0
2026-01-05T17,CAR,Carolinas,NG,Net generation,27496,megawatthours,2026-01-05 17:00:00,27496.0
2026-01-05T17,CAR,Carolinas,TI,Total interchange,-490,megawatthours,2026-01-05 17:00:00,-490.0
2026-01-05T16,CAR,Carolinas,D,Demand,28983,megawatthours,2026-01-05 16:00:00,28983.0
2026-01-05T16,CAR,Carolinas,DF,Day-ahead demand forecast,29304,megawatthours,2026-01-05 16:00:00,29304.0
2026-01-05T16,CAR,Carolinas,NG,Net generation,28687,megawatthours,2026-01-05 16:00:00,28687.0
2026-01-05T16,CAR,Carolinas,TI,Total interchange,-326,megawatthours,2026-01-05 16:00:00,-326.0
2026-01-05T15,CAR,Carolinas,D,Demand,30159,megawatthours,2026-01-05 15:00:00,30159.0
2026-01-05T15,CAR,Carolinas,DF,Day-ahead demand forecast,31032,megawatthours,2026-01-05 15:00:00,31032.0
2026-01-05T15,CAR,Carolinas,NG,Net generation,29475,megawatthours,2026-01-05 15:00:00,29475.0
2026-01-05T15,CAR,Carolinas,TI,Total interchange,-712,megawatthours,2026-01-05 15:00:00,-712.0
2026-01-05T14,CAR,Carolinas,D,Demand,31460,megawatthours,2026-01-05 14:00:00,31460.0
2026-01-05T14,CAR,Carolinas,DF,Day-ahead demand forecast,32629,megawatthours,2026-01-05 14:00:00,32629.0
2026-01-05T14,CAR,Carolinas,NG,Net generation,30561,megawatthours,2026-01-05 14:00:00,30561.0
2026-01-05T14,CAR,Carolinas,TI,Total interchange,-924,megawatthours,2026-01-05 14:00:00,-924.0
2026-01-05T13,CAR,Carolinas,D,Demand,31955,megawatthours,2026-01-05 13:00:00,31955.0
2026-01-05T13,CAR,Carolinas,DF,Day-ahead demand forecast,33044,megawatthours,2026-01-05 13:00:00,33044.0
2026-01-05T13,CAR,Carolinas,NG,Net generation,31040,megawatthours,2026-01-05 13:00:00,31040.0
2026-01-05T13,CAR,Carolinas,TI,Total interchange,-933,megawatthours,2026-01-05 13:00:00,-933.0
2026-01-05T12,CAR,Carolinas,D,Demand,30598,megawatthours,2026-01-05 12:00:00,30598.0
2026-01-05T12,CAR,Carolinas,DF,Day-ahead demand forecast,31706,megawatthours,2026-01-05 12:00:00,31706.0
2026-01-05T12,CAR,Carolinas,NG,Net generation,29614,megawatthours,2026-01-05 12:00:00,29614.0
2026-01-05T12,CAR,Carolinas,TI,Total interchange,-998,megawatthours,2026-01-05 12:00:00,-998.0
2026-01-05T11,CAR,Carolinas,D,Demand,28167,megawatthours,2026-01-05 11:00:00,28167.0
2026-01-05T11,CAR,Carolinas,DF,Day-ahead demand forecast,29373,megawatthours,2026-01-05 11:00:00,29373.0
2026-01-05T11,CAR,Carolinas,NG,Net generation,27158,megawatthours,2026-01-05 11:00:00,27158.0
2026-01-05T11,CAR,Carolinas,TI,Total interchange,-1024,megawatthours,2026-01-05 11:00:00,-1024.0
2026-01-05T10,CAR,Carolinas,D,Demand,26184,megawatthours,2026-01-05 10:00:00,26184.0
2026-01-05T10,CAR,Carolinas,DF,Day-ahead demand forecast,27455,megawatthours,2026-01-05 10:00:00,27455.0
2026-01-05T10,CAR,Carolinas,NG,Net generation,25381,megawatthours,2026-01-05 10:00:00,25381.0
2026-01-05T10,CAR,Carolinas,TI,Total interchange,-814,megawatthours,2026-01-05 10:00:00,-814.0
2026-01-05T09,CAR,Carolinas,D,Demand,25034,megawatthours,2026-01-05 09:00:00,25034.0
2026-01-05T09,CAR,Carolinas,DF,Day-ahead demand forecast,26409,megawatthours,2026-01-05 09:00:00,26409.0
2026-01-05T09,CAR,Carolinas,NG,Net generation,24112,megawatthours,2026-01-05 09:00:00,24112.0
2026-01-05T09,CAR,Carolinas,TI,Total interchange,-931,megawatthours,2026-01-05 09:00:00,-931.0
2026-01-05T08,CAR,Carolinas,D,Demand,24510,megawatthours,2026-01-05 08:00:00,24510.0
2026-01-05T08,CAR,Carolinas,DF,Day-ahead demand forecast,25936,megawatthours,2026-01-05 08:00:00,25936.0
2026-01-05T08,CAR,Carolinas,NG,Net generation,23750,megawatthours,2026-01-05 08:00:00,23750.0
2026-01-05T08,CAR,Carolinas,TI,Total interchange,-770,megawatthours,2026-01-05 08:00:00,-770.0
2026-01-05T07,CAR,Carolinas,D,Demand,24585,megawatthours,2026-01-05 07:00:00,24585.0
2026-01-05T07,CAR,Carolinas,DF,Day-ahead demand forecast,25831,megawatthours,2026-01-05 07:00:00,25831.0
2026-01-05T07,CAR,Carolinas,NG,Net generation,23901,megawatthours,2026-01-05 07:00:00,23901.0
2026-01-05T07,CAR,Carolinas,TI,Total interchange,-693,megawatthours,2026-01-05 07:00:00,-693.0
2026-01-05T06,CAR,Carolinas,D,Demand,24896,megawatthours,2026-01-05 06:00:00,24896.0
2026-01-05T06,CAR,Carolinas,DF,Day-ahead demand forecast,25879,megawatthours,2026-01-05 06:00:00,25879.0
2026-01-05T06,CAR,Carolinas,NG,Net generation,24237,megawatthours,2026-01-05 06:00:00,24237.0
2026-01-05T06,CAR,Carolinas,TI,Total interchange,-673,megawatthours,2026-01-05 06:00:00,-673.0
2026-01-05T05,CAR,Carolinas,D,Demand,25575,megawatthours,2026-01-05 05:00:00,25575.0
2026-01-05T05,CAR,Carolinas,DF,Day-ahead demand forecast,26451,megawatthours,2026-01-05 05:00:00,26451.0
2026-01-05T05,CAR,Carolinas,NG,Net generation,24684,megawatthours,2026-01-05 05:00:00,24684.0
2026-01-05T05,CAR,Carolinas,TI,Total interchange,-902,megawatthours,2026-01-05 05:00:00,-902.0
2026-01-05T04,CAR,Carolinas,D,Demand,26530,megawatthours,2026-01-05 04:00:00,26530.0
2026-01-05T04,CAR,Carolinas,DF,Day-ahead demand forecast,27180,megawatthours,2026-01-05 04:00:00,27180.0
2026-01-05T04,CAR,Carolinas,NG,Net generation,25612,megawatthours,2026-01-05 04:00:00,25612.0
2026-01-05T04,CAR,Carolinas,TI,Total interchange,-929,megawatthours,2026-01-05 04:00:00,-929.0
2026-01-05T03,CAR,Carolinas,D,Demand,27374,megawatthours,2026-01-05 03:00:00,27374.0
2026-01-05T03,CAR,Carolinas,DF,Day-ahead demand forecast,27890,megawatthours,2026-01-05 03:00:00,27890.0
2026-01-05T03,CAR,Carolinas,NG,Net generation,26333,megawatthours,2026-01-05 03:00:00,26333.0
2026-01-05T03,CAR,Carolinas,TI,Total interchange,-1055,megawatthours,2026-01-05 03:00:00,-1055.0
2026-01-05T02,CAR,Carolinas,D,Demand,27849,megawatthours,2026-01-05 02:00:00,27849.0
2026-01-05T02,CAR,Carolinas,DF,Day-ahead demand forecast,28209,megawatthours,2026-01-05 02:00:00,28209.0
2026-01-05T02,CAR,Carolinas,NG,Net generation,26761,megawatthours,2026-01-05 02:00:00,26761.0
2026-01-05T02,CAR,Carolinas,TI,Total interchange,-1104,megawatthours,2026-01-05 02:00:00,-1104.0
2026-01-05T01,CAR,Carolinas,D,Demand,27632,megawatthours,2026-01-05 01:00:00,27632.0
2026-01-05T01,CAR,Carolinas,DF,Day-ahead demand forecast,28153,megawatthours,2026-01-05 01:00:00,28153.0
2026-01-05T01,CAR,Carolinas,NG,Net generation,26800,megawatthours,2026-01-05 01:00:00,26800.0
2026-01-05T01,CAR,Carolinas,TI,Total interchange,-849,megawatthours,2026-01-05 01:00:00,-849.0
2026-01-05T00,CAR,Carolinas,D,Demand,27202,megawatthours,2026-01-05 00:00:00,27202.0
2026-01-05T00,CAR,Carolinas,DF,Day-ahead demand forecast,27578,megawatthours,2026-01-05 00:00:00,27578.0
2026-01-05T00,CAR,Carolinas,NG,Net generation,26366,megawatthours,2026-01-05 00:00:00,26366.0
2026-01-05T00,CAR,Carolinas,TI,Total interchange,-851,megawatthours,2026-01-05 00:00:00,-851.0
2026-01-04T23,CAR,Carolinas,D,Demand,25646,megawatthours,2026-01-04 23:00:00,25646.0
2026-01-04T23,CAR,Carolinas,DF,Day-ahead demand forecast,26079,megawatthours,2026-01-04 23:00:00,26079.0
2026-01-04T23,CAR,Carolinas,NG,Net generation,24912,megawatthours,2026-01-04 23:00:00,24912.0
2026-01-04T23,CAR,Carolinas,TI,Total interchange,-750,megawatthours,2026-01-04 23:00:00,-750.0
2026-01-04T22,CAR,Carolinas,D,Demand,23754,megawatthours,2026-01-04 22:00:00,23754.0
2026-01-04T22,CAR,Carolinas,DF,Day-ahead demand forecast,24177,megawatthours,2026-01-04 22:00:00,24177.0
2026-01-04T22,CAR,Carolinas,NG,Net generation,22839,megawatthours,2026-01-04 22:00:00,22839.0
2026-01-04T22,CAR,Carolinas,TI,Total interchange,-930,megawatthours,2026-01-04 22:00:00,-930.0
2026-01-04T21,CAR,Carolinas,D,Demand,22960,megawatthours,2026-01-04 21:00:00,22960.0
2026-01-04T21,CAR,Carolinas,DF,Day-ahead demand forecast,23335,megawatthours,2026-01-04 21:00:00,23335.0
2026-01-04T21,CAR,Carolinas,NG,Net generation,22129,megawatthours,2026-01-04 21:00:00,22129.0
2026-01-04T21,CAR,Carolinas,TI,Total interchange,-844,megawatthours,2026-01-04 21:00:00,-844.0
2026-01-04T20,CAR,Carolinas,D,Demand,22907,megawatthours,2026-01-04 20:00:00,22907.0
2026-01-04T20,CAR,Carolinas,DF,Day-ahead demand forecast,23531,megawatthours,2026-01-04 20:00:00,23531.0
2026-01-04T20,CAR,Carolinas,NG,Net generation,22267,megawatthours,2026-01-04 20:00:00,22267.0
2026-01-04T20,CAR,Carolinas,TI,Total interchange,-653,megawatthours,2026-01-04 20:00:00,-653.0
2026-01-04T19,CAR,Carolinas,D,Demand,23481,megawatthours,2026-01-04 19:00:00,23481.0
2026-01-04T19,CAR,Carolinas,DF,Day-ahead demand forecast,24043,megawatthours,2026-01-04 19:00:00,24043.0
2026-01-04T19,CAR,Carolinas,NG,Net generation,22723,megawatthours,2026-01-04 19:00:00,22723.0
2026-01-04T19,CAR,Carolinas,TI,Total interchange,-773,megawatthours,2026-01-04 19:00:00,-773.0
2026-01-04T18,CAR,Carolinas,D,Demand,24283,megawatthours,2026-01-04 18:00:00,24283.0
2026-01-04T18,CAR,Carolinas,DF,Day-ahead demand forecast,24889,megawatthours,2026-01-04 18:00:00,24889.0
2026-01-04T18,CAR,Carolinas,NG,Net generation,23715,megawatthours,2026-01-04 18:00:00,23715.0
2026-01-04T18,CAR,Carolinas,TI,Total interchange,-582,megawatthours,2026-01-04 18:00:00,-582.0
2026-01-04T17,CAR,Carolinas,D,Demand,25470,megawatthours,2026-01-04 17:00:00,25470.0
2026-01-04T17,CAR,Carolinas,DF,Day-ahead demand forecast,25963,megawatthours,2026-01-04 17:00:00,25963.0
2026-01-04T17,CAR,Carolinas,NG,Net generation,24879,megawatthours,2026-01-04 17:00:00,24879.0
2026-01-04T17,CAR,Carolinas,TI,Total interchange,-605,megawatthours,2026-01-04 17:00:00,-605.0
2026-01-04T16,CAR,Carolinas,D,Demand,27415,megawatthours,2026-01-04 16:00:00,27415.0
2026-01-04T16,CAR,Carolinas,DF,Day-ahead demand forecast,27391,megawatthours,2026-01-04 16:00:00,27391.0
2026-01-04T16,CAR,Carolinas,NG,Net generation,26745,megawatthours,2026-01-04 16:00:00,26745.0
2026-01-04T16,CAR,Carolinas,TI,Total interchange,-683,megawatthours,2026-01-04 16:00:00,-683.0
2026-01-04T15,CAR,Carolinas,D,Demand,30074,megawatthours,2026-01-04 15:00:00,30074.0
2026-01-04T15,CAR,Carolinas,DF,Day-ahead demand forecast,28687,megawatthours,2026-01-04 15:00:00,28687.0
2026-01-04T15,CAR,Carolinas,NG,Net generation,29427,megawatthours,2026-01-04 15:00:00,29427.0
2026-01-04T15,CAR,Carolinas,TI,Total interchange,-658,megawatthours,2026-01-04 15:00:00,-658.0
2026-01-04T14,CAR,Carolinas,D,Demand,32094,megawatthours,2026-01-04 14:00:00,32094.0
2026-01-04T14,CAR,Carolinas,DF,Day-ahead demand forecast,29470,megawatthours,2026-01-04 14:00:00,29470.0
2026-01-04T14,CAR,Carolinas,NG,Net generation,31096,megawatthours,2026-01-04 14:00:00,31096.0
2026-01-04T14,CAR,Carolinas,TI,Total interchange,-1010,megawatthours,2026-01-04 14:00:00,-1010.0
2026-01-04T13,CAR,Carolinas,D,Demand,31633,megawatthours,2026-01-04 13:00:00,31633.0
2026-01-04T13,CAR,Carolinas,DF,Day-ahead demand forecast,28846,megawatthours,2026-01-04 13:00:00,28846.0
2026-01-04T13,CAR,Carolinas,NG,Net generation,30830,megawatthours,2026-01-04 13:00:00,30830.0
2026-01-04T13,CAR,Carolinas,TI,Total interchange,-813,megawatthours,2026-01-04 13:00:00,-813.0
2026-01-04T12,CAR,Carolinas,D,Demand,30108,megawatthours,2026-01-04 12:00:00,30108.0
2026-01-04T12,CAR,Carolinas,DF,Day-ahead demand forecast,27529,megawatthours,2026-01-04 12:00:00,27529.0
2026-01-04T12,CAR,Carolinas,NG,Net generation,29066,megawatthours,2026-01-04 12:00:00,29066.0
2026-01-04T12,CAR,Carolinas,TI,Total interchange,-1054,megawatthours,2026-01-04 12:00:00,-1054.0
2026-01-04T11,CAR,Carolinas,D,Demand,28630,megawatthours,2026-01-04 11:00:00,28630.0
2026-01-04T11,CAR,Carolinas,DF,Day-ahead demand forecast,26454,megawatthours,2026-01-04 11:00:00,26454.0
2026-01-04T11,CAR,Carolinas,NG,Net generation,27879,megawatthours,2026-01-04 11:00:00,27879.0
2026-01-04T11,CAR,Carolinas,TI,Total interchange,-761,megawatthours,2026-01-04 11:00:00,-761.0
2026-01-04T10,CAR,Carolinas,D,Demand,27470,megawatthours,2026-01-04 10:00:00,27470.0
2026-01-04T10,CAR,Carolinas,DF,Day-ahead demand forecast,25668,megawatthours,2026-01-04 10:00:00,25668.0
2026-01-04T10,CAR,Carolinas,NG,Net generation,26678,megawatthours,2026-01-04 10:00:00,26678.0
2026-01-04T10,CAR,Carolinas,TI,Total interchange,-802,megawatthours,2026-01-04 10:00:00,-802.0
2026-01-04T09,CAR,Carolinas,D,Demand,26664,megawatthours,2026-01-04 09:00:00,26664.0
2026-01-04T09,CAR,Carolinas,DF,Day-ahead demand forecast,25207,megawatthours,2026-01-04 09:00:00,25207.0
2026-01-04T09,CAR,Carolinas,NG,Net generation,25949,megawatthours,2026-01-04 09:00:00,25949.0
2026-01-04T09,CAR,Carolinas,TI,Total interchange,-727,megawatthours,2026-01-04 09:00:00,-727.0
2026-01-04T08,CAR,Carolinas,D,Demand,26044,megawatthours,2026-01-04 08:00:00,26044.0
2026-01-04T08,CAR,Carolinas,DF,Day-ahead demand forecast,24998,megawatthours,2026-01-04 08:00:00,24998.0
2026-01-04T08,CAR,Carolinas,NG,Net generation,25492,megawatthours,2026-01-04 08:00:00,25492.0
2026-01-04T08,CAR,Carolinas,TI,Total interchange,-562,megawatthours,2026-01-04 08:00:00,-562.0
2026-01-04T07,CAR,Carolinas,D,Demand,25790,megawatthours,2026-01-04 07:00:00,25790.0
2026-01-04T07,CAR,Carolinas,DF,Day-ahead demand forecast,25105,megawatthours,2026-01-04 07:00:00,25105.0
2026-01-04T07,CAR,Carolinas,NG,Net generation,25232,megawatthours,2026-01-04 07:00:00,25232.0
2026-01-04T07,CAR,Carolinas,TI,Total interchange,-569,megawatthours,2026-01-04 07:00:00,-569.0
2026-01-04T06,CAR,Carolinas,D,Demand,25845,megawatthours,2026-01-04 06:00:00,25845.0
2026-01-04T06,CAR,Carolinas,DF,Day-ahead demand forecast,25444,megawatthours,2026-01-04 06:00:00,25444.0
2026-01-04T06,CAR,Carolinas,NG,Net generation,25212,megawatthours,2026-01-04 06:00:00,25212.0
2026-01-04T06,CAR,Carolinas,TI,Total interchange,-645,megawatthours,2026-01-04 06:00:00,-645.0
2026-01-04T05,CAR,Carolinas,D,Demand,26258,megawatthours,2026-01-04 05:00:00,26258.0
2026-01-04T05,CAR,Carolinas,DF,Day-ahead demand forecast,26504,megawatthours,2026-01-04 05:00:00,26504.0
2026-01-04T05,CAR,Carolinas,NG,Net generation,25350,megawatthours,2026-01-04 05:00:00,25350.0
2026-01-04T05,CAR,Carolinas,TI,Total interchange,-917,megawatthours,2026-01-04 05:00:00,-917.0
2026-01-04T04,CAR,Carolinas,D,Demand,26832,megawatthours,2026-01-04 04:00:00,26832.0
2026-01-04T04,CAR,Carolinas,DF,Day-ahead demand forecast,27149,megawatthours,2026-01-04 04:00:00,27149.0
2026-01-04T04,CAR,Carolinas,NG,Net generation,26028,megawatthours,2026-01-04 04:00:00,26028.0
2026-01-04T04,CAR,Carolinas,TI,Total interchange,-816,megawatthours,2026-01-04 04:00:00,-816.0
2026-01-04T03,CAR,Carolinas,D,Demand,27443,megawatthours,2026-01-04 03:00:00,27443.0
2026-01-04T03,CAR,Carolinas,DF,Day-ahead demand forecast,27782,megawatthours,2026-01-04 03:00:00,27782.0
2026-01-04T03,CAR,Carolinas,NG,Net generation,26706,megawatthours,2026-01-04 03:00:00,26706.0
2026-01-04T03,CAR,Carolinas,TI,Total interchange,-753,megawatthours,2026-01-04 03:00:00,-753.0
2026-01-04T02,CAR,Carolinas,D,Demand,27766,megawatthours,2026-01-04 02:00:00,27766.0
2026-01-04T02,CAR,Carolinas,DF,Day-ahead demand forecast,28277,megawatthours,2026-01-04 02:00:00,28277.0
2026-01-04T02,CAR,Carolinas,NG,Net generation,27344,megawatthours,2026-01-04 02:00:00,27344.0
2026-01-04T02,CAR,Carolinas,TI,Total interchange,-438,megawatthours,2026-01-04 02:00:00,-438.0
2026-01-04T01,CAR,Carolinas,D,Demand,27856,megawatthours,2026-01-04 01:00:00,27856.0
2026-01-04T01,CAR,Carolinas,DF,Day-ahead demand forecast,28567,megawatthours,2026-01-04 01:00:00,28567.0
2026-01-04T01,CAR,Carolinas,NG,Net generation,27432,megawatthours,2026-01-04 01:00:00,27432.0
2026-01-04T01,CAR,Carolinas,TI,Total interchange,-441,megawatthours,2026-01-04 01:00:00,-441.0
2026-01-04T00,CAR,Carolinas,D,Demand,27897,megawatthours,2026-01-04 00:00:00,27897.0
2026-01-04T00,CAR,Carolinas,DF,Day-ahead demand forecast,28601,megawatthours,2026-01-04 00:00:00,28601.0
2026-01-04T00,CAR,Carolinas,NG,Net generation,27443,megawatthours,2026-01-04 00:00:00,27443.0
2026-01-04T00,CAR,Carolinas,TI,Total interchange,-468,megawatthours,2026-01-04 00:00:00,-468.0
2026-01-03T23,CAR,Carolinas,D,Demand,27040,megawatthours,2026-01-03 23:00:00,27040.0
2026-01-03T23,CAR,Carolinas,DF,Day-ahead demand forecast,27887,megawatthours,2026-01-03 23:00:00,27887.0
2026-01-03T23,CAR,Carolinas,NG,Net generation,26458,megawatthours,2026-01-03 23:00:00,26458.0
2026-01-03T23,CAR,Carolinas,TI,Total interchange,-598,megawatthours,2026-01-03 23:00:00,-598.0
2026-01-03T22,CAR,Carolinas,D,Demand,25763,megawatthours,2026-01-03 22:00:00,25763.0
2026-01-03T22,CAR,Carolinas,DF,Day-ahead demand forecast,26548,megawatthours,2026-01-03 22:00:00,26548.0
2026-01-03T22,CAR,Carolinas,NG,Net generation,24825,megawatthours,2026-01-03 22:00:00,24825.0
2026-01-03T22,CAR,Carolinas,TI,Total interchange,-952,megawatthours,2026-01-03 22:00:00,-952.0
2026-01-03T21,CAR,Carolinas,D,Demand,25195,megawatthours,2026-01-03 21:00:00,25195.0
2026-01-03T21,CAR,Carolinas,DF,Day-ahead demand forecast,25855,megawatthours,2026-01-03 21:00:00,25855.0
2026-01-03T21,CAR,Carolinas,NG,Net generation,24120,megawatthours,2026-01-03 21:00:00,24120.0
2026-01-03T21,CAR,Carolinas,TI,Total interchange,-1087,megawatthours,2026-01-03 21:00:00,-1087.0
2026-01-03T20,CAR,Carolinas,D,Demand,25174,megawatthours,2026-01-03 20:00:00,25174.0
2026-01-03T20,CAR,Carolinas,DF,Day-ahead demand forecast,25694,megawatthours,2026-01-03 20:00:00,25694.0
2026-01-03T20,CAR,Carolinas,NG,Net generation,24366,megawatthours,2026-01-03 20:00:00,24366.0
2026-01-03T20,CAR,Carolinas,TI,Total interchange,-822,megawatthours,2026-01-03 20:00:00,-822.0
2026-01-03T19,CAR,Carolinas,D,Demand,25549,megawatthours,2026-01-03 19:00:00,25549.0
2026-01-03T19,CAR,Carolinas,DF,Day-ahead demand forecast,25816,megawatthours,2026-01-03 19:00:00,25816.0
2026-01-03T19,CAR,Carolinas,NG,Net generation,24958,megawatthours,2026-01-03 19:00:00,24958.0
2026-01-03T19,CAR,Carolinas,TI,Total interchange,-605,megawatthours,2026-01-03 19:00:00,-605.0
2026-01-03T18,CAR,Carolinas,D,Demand,26006,megawatthours,2026-01-03 18:00:00,26006.0
2026-01-03T18,CAR,Carolinas,DF,Day-ahead demand forecast,26030,megawatthours,2026-01-03 18:00:00,26030.0
2026-01-03T18,CAR,Carolinas,NG,Net generation,25426,megawatthours,2026-01-03 18:00:00,25426.0
2026-01-03T18,CAR,Carolinas,TI,Total interchange,-596,megawatthours,2026-01-03 18:00:00,-596.0
2026-01-03T17,CAR,Carolinas,D,Demand,26154,megawatthours,2026-01-03 17:00:00,26154.0
2026-01-03T17,CAR,Carolinas,DF,Day-ahead demand forecast,26240,megawatthours,2026-01-03 17:00:00,26240.0
2026-01-03T17,CAR,Carolinas,NG,Net generation,25588,megawatthours,2026-01-03 17:00:00,25588.0
2026-01-03T17,CAR,Carolinas,TI,Total interchange,-580,megawatthours,2026-01-03 17:00:00,-580.0
2026-01-03T16,CAR,Carolinas,D,Demand,26071,megawatthours,2026-01-03 16:00:00,26071.0
2026-01-03T16,CAR,Carolinas,DF,Day-ahead demand forecast,26353,megawatthours,2026-01-03 16:00:00,26353.0
2026-01-03T16,CAR,Carolinas,NG,Net generation,25469,megawatthours,2026-01-03 16:00:00,25469.0
2026-01-03T16,CAR,Carolinas,TI,Total interchange,-618,megawatthours,2026-01-03 16:00:00,-618.0
2026-01-03T15,CAR,Carolinas,D,Demand,25437,megawatthours,2026-01-03 15:00:00,25437.0
2026-01-03T15,CAR,Carolinas,DF,Day-ahead demand forecast,26080,megawatthours,2026-01-03 15:00:00,26080.0
2026-01-03T15,CAR,Carolinas,NG,Net generation,24932,megawatthours,2026-01-03 15:00:00,24932.0
2026-01-03T15,CAR,Carolinas,TI,Total interchange,-519,megawatthours,2026-01-03 15:00:00,-519.0
2026-01-03T14,CAR,Carolinas,D,Demand,24399,megawatthours,2026-01-03 14:00:00,24399.0
2026-01-03T14,CAR,Carolinas,DF,Day-ahead demand forecast,25392,megawatthours,2026-01-03 14:00:00,25392.0
2026-01-03T14,CAR,Carolinas,NG,Net generation,23988,megawatthours,2026-01-03 14:00:00,23988.0
2026-01-03T14,CAR,Carolinas,TI,Total interchange,-425,megawatthours,2026-01-03 14:00:00,-425.0
2026-01-03T13,CAR,Carolinas,D,Demand,23328,megawatthours,2026-01-03 13:00:00,23328.0
2026-01-03T13,CAR,Carolinas,DF,Day-ahead demand forecast,24239,megawatthours,2026-01-03 13:00:00,24239.0
2026-01-03T13,CAR,Carolinas,NG,Net generation,22928,megawatthours,2026-01-03 13:00:00,22928.0
2026-01-03T13,CAR,Carolinas,TI,Total interchange,-411,megawatthours,2026-01-03 13:00:00,-411.0
2026-01-03T12,CAR,Carolinas,D,Demand,22436,megawatthours,2026-01-03 12:00:00,22436.0
2026-01-03T12,CAR,Carolinas,DF,Day-ahead demand forecast,23034,megawatthours,2026-01-03 12:00:00,23034.0
2026-01-03T12,CAR,Carolinas,NG,Net generation,21820,megawatthours,2026-01-03 12:00:00,21820.0
2026-01-03T12,CAR,Carolinas,TI,Total interchange,-628,megawatthours,2026-01-03 12:00:00,-628.0
2026-01-03T11,CAR,Carolinas,D,Demand,21599,megawatthours,2026-01-03 11:00:00,21599.0
2026-01-03T11,CAR,Carolinas,DF,Day-ahead demand forecast,22173,megawatthours,2026-01-03 11:00:00,22173.0
2026-01-03T11,CAR,Carolinas,NG,Net generation,20927,megawatthours,2026-01-03 11:00:00,20927.0
2026-01-03T11,CAR,Carolinas,TI,Total interchange,-684,megawatthours,2026-01-03 11:00:00,-684.0
2026-01-03T10,CAR,Carolinas,D,Demand,21013,megawatthours,2026-01-03 10:00:00,21013.0
2026-01-03T10,CAR,Carolinas,DF,Day-ahead demand forecast,21680,megawatthours,2026-01-03 10:00:00,21680.0
2026-01-03T10,CAR,Carolinas,NG,Net generation,20398,megawatthours,2026-01-03 10:00:00,20398.0
2026-01-03T10,CAR,Carolinas,TI,Total interchange,-625,megawatthours,2026-01-03 10:00:00,-625.0
2026-01-03T09,CAR,Carolinas,D,Demand,20719,megawatthours,2026-01-03 09:00:00,20719.0
2026-01-03T09,CAR,Carolinas,DF,Day-ahead demand forecast,21421,megawatthours,2026-01-03 09:00:00,21421.0
2026-01-03T09,CAR,Carolinas,NG,Net generation,20126,megawatthours,2026-01-03 09:00:00,20126.0
2026-01-03T09,CAR,Carolinas,TI,Total interchange,-601,megawatthours,2026-01-03 09:00:00,-601.0
2026-01-03T08,CAR,Carolinas,D,Demand,20702,megawatthours,2026-01-03 08:00:00,20702.0
2026-01-03T08,CAR,Carolinas,DF,Day-ahead demand forecast,21374,megawatthours,2026-01-03 08:00:00,21374.0
2026-01-03T08,CAR,Carolinas,NG,Net generation,20209,megawatthours,2026-01-03 08:00:00,20209.0
2026-01-03T08,CAR,Carolinas,TI,Total interchange,-506,megawatthours,2026-01-03 08:00:00,-506.0
2026-01-03T07,CAR,Carolinas,D,Demand,21095,megawatthours,2026-01-03 07:00:00,21095.0
2026-01-03T07,CAR,Carolinas,DF,Day-ahead demand forecast,21677,megawatthours,2026-01-03 07:00:00,21677.0
2026-01-03T07,CAR,Carolinas,NG,Net generation,20492,megawatthours,2026-01-03 07:00:00,20492.0
2026-01-03T07,CAR,Carolinas,TI,Total interchange,-612,megawatthours,2026-01-03 07:00:00,-612.0
2026-01-03T06,CAR,Carolinas,D,Demand,21526,megawatthours,2026-01-03 06:00:00,21526.0
2026-01-03T06,CAR,Carolinas,DF,Day-ahead demand forecast,22227,megawatthours,2026-01-03 06:00:00,22227.0
2026-01-03T06,CAR,Carolinas,NG,Net generation,20952,megawatthours,2026-01-03 06:00:00,20952.0
2026-01-03T06,CAR,Carolinas,TI,Total interchange,-586,megawatthours,2026-01-03 06:00:00,-586.0
2026-01-03T05,CAR,Carolinas,D,Demand,22377,megawatthours,2026-01-03 05:00:00,22377.0
2026-01-03T05,CAR,Carolinas,DF,Day-ahead demand forecast,23174,megawatthours,2026-01-03 05:00:00,23174.0
2026-01-03T05,CAR,Carolinas,NG,Net generation,21998,megawatthours,2026-01-03 05:00:00,21998.0
2026-01-03T05,CAR,Carolinas,TI,Total interchange,-392,megawatthours,2026-01-03 05:00:00,-392.0
2026-01-03T04,CAR,Carolinas,D,Demand,23345,megawatthours,2026-01-03 04:00:00,23345.0
2026-01-03T04,CAR,Carolinas,DF,Day-ahead demand forecast,23932,megawatthours,2026-01-03 04:00:00,23932.0
2026-01-03T04,CAR,Carolinas,NG,Net generation,22916,megawatthours,2026-01-03 04:00:00,22916.0
2026-01-03T04,CAR,Carolinas,TI,Total interchange,-441,megawatthours,2026-01-03 04:00:00,-441.0
2026-01-03T03,CAR,Carolinas,D,Demand,24334,megawatthours,2026-01-03 03:00:00,24334.0
2026-01-03T03,CAR,Carolinas,DF,Day-ahead demand forecast,24772,megawatthours,2026-01-03 03:00:00,24772.0
2026-01-03T03,CAR,Carolinas,NG,Net generation,23680,megawatthours,2026-01-03 03:00:00,23680.0
2026-01-03T03,CAR,Carolinas,TI,Total interchange,-667,megawatthours,2026-01-03 03:00:00,-667.0
2026-01-03T02,CAR,Carolinas,D,Demand,25087,megawatthours,2026-01-03 02:00:00,25087.0
2026-01-03T02,CAR,Carolinas,DF,Day-ahead demand forecast,25409,megawatthours,2026-01-03 02:00:00,25409.0
2026-01-03T02,CAR,Carolinas,NG,Net generation,24420,megawatthours,2026-01-03 02:00:00,24420.0
2026-01-03T02,CAR,Carolinas,TI,Total interchange,-681,megawatthours,2026-01-03 02:00:00,-681.0
2026-01-03T01,CAR,Carolinas,D,Demand,25534,megawatthours,2026-01-03 01:00:00,25534.0
2026-01-03T01,CAR,Carolinas,DF,Day-ahead demand forecast,25961,megawatthours,2026-01-03 01:00:00,25961.0
2026-01-03T01,CAR,Carolinas,NG,Net generation,25098,megawatthours,2026-01-03 01:00:00,25098.0
2026-01-03T01,CAR,Carolinas,TI,Total interchange,-452,megawatthours,2026-01-03 01:00:00,-452.0
2026-01-03T00,CAR,Carolinas,D,Demand,25859,megawatthours,2026-01-03 00:00:00,25859.0
2026-01-03T00,CAR,Carolinas,DF,Day-ahead demand forecast,26147,megawatthours,2026-01-03 00:00:00,26147.0
2026-01-03T00,CAR,Carolinas,NG,Net generation,25481,megawatthours,2026-01-03 00:00:00,25481.0
2026-01-03T00,CAR,Carolinas,TI,Total interchange,-394,megawatthours,2026-01-03 00:00:00,-394.0
2026-01-02T23,CAR,Carolinas,D,Demand,25362,megawatthours,2026-01-02 23:00:00,25362.0
2026-01-02T23,CAR,Carolinas,DF,Day-ahead demand forecast,25424,megawatthours,2026-01-02 23:00:00,25424.0
2026-01-02T23,CAR,Carolinas,NG,Net generation,24848,megawatthours,2026-01-02 23:00:00,24848.0
2026-01-02T23,CAR,Carolinas,TI,Total interchange,-529,megawatthours,2026-01-02 23:00:00,-529.0
2026-01-02T22,CAR,Carolinas,D,Demand,23863,megawatthours,2026-01-02 22:00:00,23863.0
2026-01-02T22,CAR,Carolinas,DF,Day-ahead demand forecast,24227,megawatthours,2026-01-02 22:00:00,24227.0
2026-01-02T22,CAR,Carolinas,NG,Net generation,23153,megawatthours,2026-01-02 22:00:00,23153.0
2026-01-02T22,CAR,Carolinas,TI,Total interchange,-724,megawatthours,2026-01-02 22:00:00,-724.0
2026-01-02T21,CAR,Carolinas,D,Demand,23596,megawatthours,2026-01-02 21:00:00,23596.0
2026-01-02T21,CAR,Carolinas,DF,Day-ahead demand forecast,23692,megawatthours,2026-01-02 21:00:00,23692.0
2026-01-02T21,CAR,Carolinas,NG,Net generation,22886,megawatthours,2026-01-02 21:00:00,22886.0
2026-01-02T21,CAR,Carolinas,TI,Total interchange,-723,megawatthours,2026-01-02 21:00:00,-723.0
2026-01-02T20,CAR,Carolinas,D,Demand,23790,megawatthours,2026-01-02 20:00:00,23790.0
2026-01-02T20,CAR,Carolinas,DF,Day-ahead demand forecast,23994,megawatthours,2026-01-02 20:00:00,23994.0
2026-01-02T20,CAR,Carolinas,NG,Net generation,23187,megawatthours,2026-01-02 20:00:00,23187.0
2026-01-02T20,CAR,Carolinas,TI,Total interchange,-615,megawatthours,2026-01-02 20:00:00,-615.0
2026-01-02T19,CAR,Carolinas,D,Demand,24368,megawatthours,2026-01-02 19:00:00,24368.0
2026-01-02T19,CAR,Carolinas,DF,Day-ahead demand forecast,24695,megawatthours,2026-01-02 19:00:00,24695.0
2026-01-02T19,CAR,Carolinas,NG,Net generation,23725,megawatthours,2026-01-02 19:00:00,23725.0
2026-01-02T19,CAR,Carolinas,TI,Total interchange,-658,megawatthours,2026-01-02 19:00:00,-658.0
2026-01-02T18,CAR,Carolinas,D,Demand,25194,megawatthours,2026-01-02 18:00:00,25194.0
2026-01-02T18,CAR,Carolinas,DF,Day-ahead demand forecast,25628,megawatthours,2026-01-02 18:00:00,25628.0
2026-01-02T18,CAR,Carolinas,NG,Net generation,24522,megawatthours,2026-01-02 18:00:00,24522.0
2026-01-02T18,CAR,Carolinas,TI,Total interchange,-685,megawatthours,2026-01-02 18:00:00,-685.0
2026-01-02T17,CAR,Carolinas,D,Demand,26329,megawatthours,2026-01-02 17:00:00,26329.0
2026-01-02T17,CAR,Carolinas,DF,Day-ahead demand forecast,26941,megawatthours,2026-01-02 17:00:00,26941.0
2026-01-02T17,CAR,Carolinas,NG,Net generation,25773,megawatthours,2026-01-02 17:00:00,25773.0
2026-01-02T17,CAR,Carolinas,TI,Total interchange,-571,megawatthours,2026-01-02 17:00:00,-571.0
2026-01-02T16,CAR,Carolinas,D,Demand,27796,megawatthours,2026-01-02 16:00:00,27796.0
2026-01-02T16,CAR,Carolinas,DF,Day-ahead demand forecast,28599,megawatthours,2026-01-02 16:00:00,28599.0
2026-01-02T16,CAR,Carolinas,NG,Net generation,27177,megawatthours,2026-01-02 16:00:00,27177.0
2026-01-02T16,CAR,Carolinas,TI,Total interchange,-634,megawatthours,2026-01-02 16:00:00,-634.0
2026-01-02T15,CAR,Carolinas,D,Demand,29710,megawatthours,2026-01-02 15:00:00,29710.0
2026-01-02T15,CAR,Carolinas,DF,Day-ahead demand forecast,30437,megawatthours,2026-01-02 15:00:00,30437.0
2026-01-02T15,CAR,Carolinas,NG,Net generation,28951,megawatthours,2026-01-02 15:00:00,28951.0
2026-01-02T15,CAR,Carolinas,TI,Total interchange,-777,megawatthours,2026-01-02 15:00:00,-777.0
2026-01-02T14,CAR,Carolinas,D,Demand,31078,megawatthours,2026-01-02 14:00:00,31078.0
2026-01-02T14,CAR,Carolinas,DF,Day-ahead demand forecast,31920,megawatthours,2026-01-02 14:00:00,31920.0
2026-01-02T14,CAR,Carolinas,NG,Net generation,30151,megawatthours,2026-01-02 14:00:00,30151.0
2026-01-02T14,CAR,Carolinas,TI,Total interchange,-945,megawatthours,2026-01-02 14:00:00,-945.0
