period,respondent,respondent-name,type,type-name,value,value-units,datetime,demand_MW
2026-02-24T00,CENT,Central,D,Demand,34490,megawatthours,2026-02-24 00:00:00,34490.0
2026-02-24T00,CENT,Central,DF,Day-ahead demand forecast,39841,megawatthours,2026-02-24 00:00:00,39841.0
2026-02-23T23,CENT,Central,D,Demand,33832,megawatthours,2026-02-23 23:00:00,33832.0
2026-02-23T23,CENT,Central,DF,Day-ahead demand forecast,39159,megawatthours,2026-02-23 23:00:00,39159.0
2026-02-23T22,CENT,Central,D,Demand,33545,megawatthours,2026-02-23 22:00:00,33545.0
2026-02-23T22,CENT,Central,DF,Day-ahead demand forecast,39238,megawatthours,2026-02-23 22:00:00,39238.0
2026-02-23T21,CENT,Central,D,Demand,33964,megawatthours,2026-02-23 21:00:00,33964.0
2026-02-23T21,CENT,Central,DF,Day-ahead demand forecast,39714,megawatthours,2026-02-23 21:00:00,39714.0
2026-02-23T20,CENT,Central,D,Demand,34797,megawatthours,2026-02-23 20:00:00,34797.0
2026-02-23T20,CENT,Central,DF,Day-ahead demand forecast,40646,megawatthours,2026-02-23 20:00:00,40646.0
2026-02-23T19,CENT,Central,D,Demand,35762,megawatthours,2026-02-23 19:00:00,35762.0
2026-02-23T19,CENT,Central,DF,Day-ahead demand forecast,41597,megawatthours,2026-02-23 19:00:00,41597.0
2026-02-23T18,CENT,Central,D,Demand,36782,megawatthours,2026-02-23 18:00:00,36782.0
2026-02-23T18,CENT,Central,DF,Day-ahead demand forecast,43455,megawatthours,2026-02-23 18:00:00,43455.0
2026-02-23T17,CENT,Central,D,Demand,37740,megawatthours,2026-02-23 17:00:00,37740.0
2026-02-23T17,CENT,Central,DF,Day-ahead demand forecast,45388,megawatthours,2026-02-23 17:00:00,45388.0
2026-02-23T16,CENT,Central,D,Demand,38780,megawatthours,2026-02-23 16:00:00,38780.0
2026-02-23T16,CENT,Central,DF,Day-ahead demand forecast,46618,megawatthours,2026-02-23 16:00:00,46618.0
2026-02-23T15,CENT,Central,D,Demand,40016,megawatthours,2026-02-23 15:00:00,40016.0
2026-02-23T15,CENT,Central,DF,Day-ahead demand forecast,48425,megawatthours,2026-02-23 15:00:00,48425.0
2026-02-23T14,CENT,Central,D,Demand,40888,megawatthours,2026-02-23 14:00:00,40888.0
2026-02-23T14,CENT,Central,DF,Day-ahead demand forecast,49104,megawatthours,2026-02-23 14:00:00,49104.0
2026-02-23T13,CENT,Central,D,Demand,39886,megawatthours,2026-02-23 13:00:00,39886.0
2026-02-23T13,CENT,Central,DF,Day-ahead demand forecast,49070,megawatthours,2026-02-23 13:00:00,49070.0
2026-02-23T12,CENT,Central,D,Demand,37587,megawatthours,2026-02-23 12:00:00,37587.0
2026-02-23T12,CENT,Central,DF,Day-ahead demand forecast,46159,megawatthours,2026-02-23 12:00:00,46159.0
2026-02-23T11,CENT,Central,D,Demand,36016,megawatthours,2026-02-23 11:00:00,36016.0
2026-02-23T11,CENT,Central,DF,Day-ahead demand forecast,43750,megawatthours,2026-02-23 11:00:00,43750.0
2026-02-23T10,CENT,Central,D,Demand,35152,megawatthours,2026-02-23 10:00:00,35152.0
2026-02-23T10,CENT,Central,DF,Day-ahead demand forecast,43004,megawatthours,2026-02-23 10:00:00,43004.0
2026-02-23T09,CENT,Central,D,Demand,34734,megawatthours,2026-02-23 09:00:00,34734.0
2026-02-23T09,CENT,Central,DF,Day-ahead demand forecast,41916,megawatthours,2026-02-23 09:00:00,41916.0
2026-02-23T08,CENT,Central,D,Demand,34480,megawatthours,2026-02-23 08:00:00,34480.0
2026-02-23T08,CENT,Central,DF,Day-ahead demand forecast,41758,megawatthours,2026-02-23 08:00:00,41758.0
2026-02-23T07,CENT,Central,D,Demand,34475,megawatthours,2026-02-23 07:00:00,34475.0
2026-02-23T07,CENT,Central,DF,Day-ahead demand forecast,41579,megawatthours,2026-02-23 07:00:00,41579.0
2026-02-23T06,CENT,Central,D,Demand,34678,megawatthours,2026-02-23 06:00:00,34678.0
2026-02-23T06,CENT,Central,DF,Day-ahead demand forecast,42547,megawatthours,2026-02-23 06:00:00,42547.0
2026-02-23T05,CENT,Central,D,Demand,35364,megawatthours,2026-02-23 05:00:00,35364.0
2026-02-23T05,CENT,Central,DF,Day-ahead demand forecast,42942,megawatthours,2026-02-23 05:00:00,42942.0
2026-02-23T05,CENT,Central,NG,Net generation,35726,megawatthours,2026-02-23 05:00:00,35726.0
2026-02-23T05,CENT,Central,TI,Total interchange,361,megawatthours,2026-02-23 05:00:00,361.0
2026-02-23T04,CENT,Central,D,Demand,36102,megawatthours,2026-02-23 04:00:00,36102.0
2026-02-23T04,CENT,Central,DF,Day-ahead demand forecast,43290,megawatthours,2026-02-23 04:00:00,43290.0
2026-02-23T04,CENT,Central,NG,Net generation,36648,megawatthours,2026-02-23 04:00:00,36648.0
2026-02-23T04,CENT,Central,TI,Total interchange,546,megawatthours,2026-02-23 04:00:00,546.0
2026-02-23T03,CENT,Central,D,Demand,36422,megawatthours,2026-02-23 03:00:00,36422.0
2026-02-23T03,CENT,Central,DF,Day-ahead demand forecast,43416,megawatthours,2026-02-23 03:00:00,43416.0
2026-02-23T03,CENT,Central,NG,Net generation,36417,megawatthours,2026-02-23 03:00:00,36417.0
2026-02-23T03,CENT,Central,TI,Total interchange,-5,megawatthours,2026-02-23 03:00:00,-5.0
2026-02-23T02,CENT,Central,D,Demand,36286,megawatthours,2026-02-23 02:00:00,36286.0
2026-02-23T02,CENT,Central,DF,Day-ahead demand forecast,43299,megawatthours,2026-02-23 02:00:00,43299.0
2026-02-23T02,CENT,Central,NG,Net generation,36214,megawatthours,2026-02-23 02:00:00,36214.0
2026-02-23T02,CENT,Central,TI,Total interchange,-72,megawatthours,2026-02-23 02:00:00,-72.0
2026-02-23T01,CENT,Central,D,Demand,35319,megawatthours,2026-02-23 01:00:00,35319.0
2026-02-23T01,CENT,Central,DF,Day-ahead demand forecast,41792,megawatthours,2026-02-23 01:00:00,41792.0
2026-02-23T01,CENT,Central,NG,Net generation,34886,megawatthours,2026-02-23 01:00:00,34886.0
2026-02-23T01,CENT,Central,TI,Total interchange,-432,megawatthours,2026-02-23 01:00:00,-432.0
2026-02-23T00,CENT,Central,D,Demand,33739,megawatthours,2026-02-23 00:00:00,33739.0
2026-02-23T00,CENT,Central,DF,Day-ahead demand forecast,39377,megawatthours,2026-02-23 00:00:00,39377.0
2026-02-23T00,CENT,Central,NG,Net generation,32546,megawatthours,2026-02-23 00:00:00,32546.0
2026-02-23T00,CENT,Central,TI,Total interchange,-1168,megawatthours,2026-02-23 00:00:00,-1168.0
2026-02-22T23,CENT,Central,D,Demand,32668,megawatthours,2026-02-22 23:00:00,32668.0
2026-02-22T23,CENT,Central,DF,Day-ahead demand forecast,37959,megawatthours,2026-02-22 23:00:00,37959.0
2026-02-22T23,CENT,Central,NG,Net generation,31690,megawatthours,2026-02-22 23:00:00,31690.0
2026-02-22T23,CENT,Central,TI,Total interchange,-958,megawatthours,2026-02-22 23:00:00,-958.0
2026-02-22T22,CENT,Central,D,Demand,32352,megawatthours,2026-02-22 22:00:00,32352.0
2026-02-22T22,CENT,Central,DF,Day-ahead demand forecast,37513,megawatthours,2026-02-22 22:00:00,37513.0
2026-02-22T22,CENT,Central,NG,Net generation,31236,megawatthours,2026-02-22 22:00:00,31236.0
2026-02-22T22,CENT,Central,TI,Total interchange,-1094,megawatthours,2026-02-22 22:00:00,-1094.0
2026-02-22T21,CENT,Central,D,Demand,32560,megawatthours,2026-02-22 21:00:00,32560.0
2026-02-22T21,CENT,Central,DF,Day-ahead demand forecast,37643,megawatthours,2026-02-22 21:00:00,37643.0
2026-02-22T21,CENT,Central,NG,Net generation,31450,megawatthours,2026-02-22 21:00:00,31450.0
2026-02-22T21,CENT,Central,TI,Total interchange,-1083,megawatthours,2026-02-22 21:00:00,-1083.0
2026-02-22T20,CENT,Central,D,Demand,33088,megawatthours,2026-02-22 20:00:00,33088.0
2026-02-22T20,CENT,Central,DF,Day-ahead demand forecast,38182,megawatthours,2026-02-22 20:00:00,38182.0
2026-02-22T20,CENT,Central,NG,Net generation,31862,megawatthours,2026-02-22 20:00:00,31862.0
2026-02-22T20,CENT,Central,TI,Total interchange,-1206,megawatthours,2026-02-22 20:00:00,-1206.0
2026-02-22T19,CENT,Central,D,Demand,33701,megawatthours,2026-02-22 19:00:00,33701.0
2026-02-22T19,CENT,Central,DF,Day-ahead demand forecast,38803,megawatthours,2026-02-22 19:00:00,38803.0
2026-02-22T19,CENT,Central,NG,Net generation,32489,megawatthours,2026-02-22 19:00:00,32489.0
2026-02-22T19,CENT,Central,TI,Total interchange,-1190,megawatthours,2026-02-22 19:00:00,-1190.0
2026-02-22T18,CENT,Central,D,Demand,34247,megawatthours,2026-02-22 18:00:00,34247.0
2026-02-22T18,CENT,Central,DF,Day-ahead demand forecast,39948,megawatthours,2026-02-22 18:00:00,39948.0
2026-02-22T18,CENT,Central,NG,Net generation,32807,megawatthours,2026-02-22 18:00:00,32807.0
2026-02-22T18,CENT,Central,TI,Total interchange,-1414,megawatthours,2026-02-22 18:00:00,-1414.0
2026-02-22T17,CENT,Central,D,Demand,34810,megawatthours,2026-02-22 17:00:00,34810.0
2026-02-22T17,CENT,Central,DF,Day-ahead demand forecast,41428,megawatthours,2026-02-22 17:00:00,41428.0
2026-02-22T17,CENT,Central,NG,Net generation,33714,megawatthours,2026-02-22 17:00:00,33714.0
2026-02-22T17,CENT,Central,TI,Total interchange,-1068,megawatthours,2026-02-22 17:00:00,-1068.0
2026-02-22T16,CENT,Central,D,Demand,35605,megawatthours,2026-02-22 16:00:00,35605.0
2026-02-22T16,CENT,Central,DF,Day-ahead demand forecast,42542,megawatthours,2026-02-22 16:00:00,42542.0
2026-02-22T16,CENT,Central,NG,Net generation,34041,megawatthours,2026-02-22 16:00:00,34041.0
2026-02-22T16,CENT,Central,TI,Total interchange,-1539,megawatthours,2026-02-22 16:00:00,-1539.0
2026-02-22T15,CENT,Central,D,Demand,36159,megawatthours,2026-02-22 15:00:00,36159.0
2026-02-22T15,CENT,Central,DF,Day-ahead demand forecast,43224,megawatthours,2026-02-22 15:00:00,43224.0
2026-02-22T15,CENT,Central,NG,Net generation,35088,megawatthours,2026-02-22 15:00:00,35088.0
2026-02-22T15,CENT,Central,TI,Total interchange,-1041,megawatthours,2026-02-22 15:00:00,-1041.0
2026-02-22T14,CENT,Central,D,Demand,36154,megawatthours,2026-02-22 14:00:00,36154.0
2026-02-22T14,CENT,Central,DF,Day-ahead demand forecast,45071,megawatthours,2026-02-22 14:00:00,45071.0
2026-02-22T14,CENT,Central,NG,Net generation,34896,megawatthours,2026-02-22 14:00:00,34896.0
2026-02-22T14,CENT,Central,TI,Total interchange,-1232,megawatthours,2026-02-22 14:00:00,-1232.0
2026-02-22T13,CENT,Central,D,Demand,35356,megawatthours,2026-02-22 13:00:00,35356.0
2026-02-22T13,CENT,Central,DF,Day-ahead demand forecast,42845,megawatthours,2026-02-22 13:00:00,42845.0
2026-02-22T13,CENT,Central,NG,Net generation,34622,megawatthours,2026-02-22 13:00:00,34622.0
2026-02-22T13,CENT,Central,TI,Total interchange,-702,megawatthours,2026-02-22 13:00:00,-702.0
2026-02-22T12,CENT,Central,D,Demand,34314,megawatthours,2026-02-22 12:00:00,34314.0
2026-02-22T12,CENT,Central,DF,Day-ahead demand forecast,42307,megawatthours,2026-02-22 12:00:00,42307.0
2026-02-22T12,CENT,Central,NG,Net generation,34231,megawatthours,2026-02-22 12:00:00,34231.0
2026-02-22T12,CENT,Central,TI,Total interchange,-68,megawatthours,2026-02-22 12:00:00,-68.0
2026-02-22T11,CENT,Central,D,Demand,33604,megawatthours,2026-02-22 11:00:00,33604.0
2026-02-22T11,CENT,Central,DF,Day-ahead demand forecast,41172,megawatthours,2026-02-22 11:00:00,41172.0
2026-02-22T11,CENT,Central,NG,Net generation,33347,megawatthours,2026-02-22 11:00:00,33347.0
2026-02-22T11,CENT,Central,TI,Total interchange,-230,megawatthours,2026-02-22 11:00:00,-230.0
2026-02-22T10,CENT,Central,D,Demand,33209,megawatthours,2026-02-22 10:00:00,33209.0
2026-02-22T10,CENT,Central,DF,Day-ahead demand forecast,40349,megawatthours,2026-02-22 10:00:00,40349.0
2026-02-22T10,CENT,Central,NG,Net generation,33027,megawatthours,2026-02-22 10:00:00,33027.0
2026-02-22T10,CENT,Central,TI,Total interchange,-159,megawatthours,2026-02-22 10:00:00,-159.0
2026-02-22T09,CENT,Central,D,Demand,33071,megawatthours,2026-02-22 09:00:00,33071.0
2026-02-22T09,CENT,Central,DF,Day-ahead demand forecast,39917,megawatthours,2026-02-22 09:00:00,39917.0
2026-02-22T09,CENT,Central,NG,Net generation,33117,megawatthours,2026-02-22 09:00:00,33117.0
2026-02-22T09,CENT,Central,TI,Total interchange,71,megawatthours,2026-02-22 09:00:00,71.0
2026-02-22T08,CENT,Central,D,Demand,32913,megawatthours,2026-02-22 08:00:00,32913.0
2026-02-22T08,CENT,Central,DF,Day-ahead demand forecast,38994,megawatthours,2026-02-22 08:00:00,38994.0
2026-02-22T08,CENT,Central,NG,Net generation,33293,megawatthours,2026-02-22 08:00:00,33293.0
2026-02-22T08,CENT,Central,TI,Total interchange,404,megawatthours,2026-02-22 08:00:00,404.0
2026-02-22T07,CENT,Central,D,Demand,32951,megawatthours,2026-02-22 07:00:00,32951.0
2026-02-22T07,CENT,Central,DF,Day-ahead demand forecast,39062,megawatthours,2026-02-22 07:00:00,39062.0
2026-02-22T07,CENT,Central,NG,Net generation,33096,megawatthours,2026-02-22 07:00:00,33096.0
2026-02-22T07,CENT,Central,TI,Total interchange,171,megawatthours,2026-02-22 07:00:00,171.0
2026-02-22T06,CENT,Central,D,Demand,33285,megawatthours,2026-02-22 06:00:00,33285.0
2026-02-22T06,CENT,Central,DF,Day-ahead demand forecast,40450,megawatthours,2026-02-22 06:00:00,40450.0
2026-02-22T06,CENT,Central,NG,Net generation,33249,megawatthours,2026-02-22 06:00:00,33249.0
2026-02-22T06,CENT,Central,TI,Total interchange,-36,megawatthours,2026-02-22 06:00:00,-36.0
2026-02-22T05,CENT,Central,D,Demand,33754,megawatthours,2026-02-22 05:00:00,33754.0
2026-02-22T05,CENT,Central,DF,Day-ahead demand forecast,40849,megawatthours,2026-02-22 05:00:00,40849.0
2026-02-22T05,CENT,Central,NG,Net generation,33824,megawatthours,2026-02-22 05:00:00,33824.0
2026-02-22T05,CENT,Central,TI,Total interchange,70,megawatthours,2026-02-22 05:00:00,70.0
2026-02-22T04,CENT,Central,D,Demand,34144,megawatthours,2026-02-22 04:00:00,34144.0
2026-02-22T04,CENT,Central,DF,Day-ahead demand forecast,41189,megawatthours,2026-02-22 04:00:00,41189.0
2026-02-22T04,CENT,Central,NG,Net generation,33932,megawatthours,2026-02-22 04:00:00,33932.0
2026-02-22T04,CENT,Central,TI,Total interchange,-212,megawatthours,2026-02-22 04:00:00,-212.0
2026-02-22T03,CENT,Central,D,Demand,34294,megawatthours,2026-02-22 03:00:00,34294.0
2026-02-22T03,CENT,Central,DF,Day-ahead demand forecast,40864,megawatthours,2026-02-22 03:00:00,40864.0
2026-02-22T03,CENT,Central,NG,Net generation,34039,megawatthours,2026-02-22 03:00:00,34039.0
2026-02-22T03,CENT,Central,TI,Total interchange,-255,megawatthours,2026-02-22 03:00:00,-255.0
2026-02-22T02,CENT,Central,D,Demand,34179,megawatthours,2026-02-22 02:00:00,34179.0
2026-02-22T02,CENT,Central,DF,Day-ahead demand forecast,40197,megawatthours,2026-02-22 02:00:00,40197.0
2026-02-22T02,CENT,Central,NG,Net generation,33769,megawatthours,2026-02-22 02:00:00,33769.0
2026-02-22T02,CENT,Central,TI,Total interchange,-410,megawatthours,2026-02-22 02:00:00,-410.0
2026-02-22T01,CENT,Central,D,Demand,33544,megawatthours,2026-02-22 01:00:00,33544.0
2026-02-22T01,CENT,Central,DF,Day-ahead demand forecast,39195,megawatthours,2026-02-22 01:00:00,39195.0
2026-02-22T01,CENT,Central,NG,Net generation,33171,megawatthours,2026-02-22 01:00:00,33171.0
2026-02-22T01,CENT,Central,TI,Total interchange,-349,megawatthours,2026-02-22 01:00:00,-349.0
2026-02-22T00,CENT,Central,D,Demand,32392,megawatthours,2026-02-22 00:00:00,32392.0
2026-02-22T00,CENT,Central,DF,Day-ahead demand forecast,37746,megawatthours,2026-02-22 00:00:00,37746.0
2026-02-22T00,CENT,Central,NG,Net generation,31557,megawatthours,2026-02-22 00:00:00,31557.0
2026-02-22T00,CENT,Central,TI,Total interchange,-806,megawatthours,2026-02-22 00:00:00,-806.0
2026-02-21T23,CENT,Central,D,Demand,31625,megawatthours,2026-02-21 23:00:00,31625.0
2026-02-21T23,CENT,Central,DF,Day-ahead demand forecast,37061,megawatthours,2026-02-21 23:00:00,37061.0
2026-02-21T23,CENT,Central,NG,Net generation,31760,megawatthours,2026-02-21 23:00:00,31760.0
2026-02-21T23,CENT,Central,TI,Total interchange,159,megawatthours,2026-02-21 23:00:00,159.0
2026-02-21T22,CENT,Central,D,Demand,31276,megawatthours,2026-02-21 22:00:00,31276.0
2026-02-21T22,CENT,Central,DF,Day-ahead demand forecast,36821,megawatthours,2026-02-21 22:00:00,36821.0
2026-02-21T22,CENT,Central,NG,Net generation,31366,megawatthours,2026-02-21 22:00:00,31366.0
2026-02-21T22,CENT,Central,TI,Total interchange,107,megawatthours,2026-02-21 22:00:00,107.0
2026-02-21T21,CENT,Central,D,Demand,31457,megawatthours,2026-02-21 21:00:00,31457.0
2026-02-21T21,CENT,Central,DF,Day-ahead demand forecast,37215,megawatthours,2026-02-21 21:00:00,37215.0
2026-02-21T21,CENT,Central,NG,Net generation,31473,megawatthours,2026-02-21 21:00:00,31473.0
2026-02-21T21,CENT,Central,TI,Total interchange,33,megawatthours,2026-02-21 21:00:00,33.0
2026-02-21T20,CENT,Central,D,Demand,31973,megawatthours,2026-02-21 20:00:00,31973.0
2026-02-21T20,CENT,Central,DF,Day-ahead demand forecast,37714,megawatthours,2026-02-21 20:00:00,37714.0
2026-02-21T20,CENT,Central,NG,Net generation,31460,megawatthours,2026-02-21 20:00:00,31460.0
2026-02-21T20,CENT,Central,TI,Total interchange,-496,megawatthours,2026-02-21 20:00:00,-496.0
2026-02-21T19,CENT,Central,D,Demand,32768,megawatthours,2026-02-21 19:00:00,32768.0
2026-02-21T19,CENT,Central,DF,Day-ahead demand forecast,38497,megawatthours,2026-02-21 19:00:00,38497.0
2026-02-21T19,CENT,Central,NG,Net generation,32106,megawatthours,2026-02-21 19:00:00,32106.0
2026-02-21T19,CENT,Central,TI,Total interchange,-635,megawatthours,2026-02-21 19:00:00,-635.0
2026-02-21T18,CENT,Central,D,Demand,33704,megawatthours,2026-02-21 18:00:00,33704.0
2026-02-21T18,CENT,Central,DF,Day-ahead demand forecast,39241,megawatthours,2026-02-21 18:00:00,39241.0
2026-02-21T18,CENT,Central,NG,Net generation,32988,megawatthours,2026-02-21 18:00:00,32988.0
2026-02-21T18,CENT,Central,TI,Total interchange,-692,megawatthours,2026-02-21 18:00:00,-692.0
2026-02-21T17,CENT,Central,D,Demand,34546,megawatthours,2026-02-21 17:00:00,34546.0
2026-02-21T17,CENT,Central,DF,Day-ahead demand forecast,40014,megawatthours,2026-02-21 17:00:00,40014.0
2026-02-21T17,CENT,Central,NG,Net generation,33597,megawatthours,2026-02-21 17:00:00,33597.0
2026-02-21T17,CENT,Central,TI,Total interchange,-928,megawatthours,2026-02-21 17:00:00,-928.0
2026-02-21T16,CENT,Central,D,Demand,35183,megawatthours,2026-02-21 16:00:00,35183.0
2026-02-21T16,CENT,Central,DF,Day-ahead demand forecast,41067,megawatthours,2026-02-21 16:00:00,41067.0
2026-02-21T16,CENT,Central,NG,Net generation,34287,megawatthours,2026-02-21 16:00:00,34287.0
2026-02-21T16,CENT,Central,TI,Total interchange,-863,megawatthours,2026-02-21 16:00:00,-863.0
2026-02-21T15,CENT,Central,D,Demand,35303,megawatthours,2026-02-21 15:00:00,35303.0
2026-02-21T15,CENT,Central,DF,Day-ahead demand forecast,41552,megawatthours,2026-02-21 15:00:00,41552.0
2026-02-21T15,CENT,Central,NG,Net generation,34770,megawatthours,2026-02-21 15:00:00,34770.0
2026-02-21T15,CENT,Central,TI,Total interchange,-506,megawatthours,2026-02-21 15:00:00,-506.0
2026-02-21T14,CENT,Central,D,Demand,34797,megawatthours,2026-02-21 14:00:00,34797.0
2026-02-21T14,CENT,Central,DF,Day-ahead demand forecast,41527,megawatthours,2026-02-21 14:00:00,41527.0
2026-02-21T14,CENT,Central,NG,Net generation,34568,megawatthours,2026-02-21 14:00:00,34568.0
2026-02-21T14,CENT,Central,TI,Total interchange,-193,megawatthours,2026-02-21 14:00:00,-193.0
2026-02-21T13,CENT,Central,D,Demand,33880,megawatthours,2026-02-21 13:00:00,33880.0
2026-02-21T13,CENT,Central,DF,Day-ahead demand forecast,40496,megawatthours,2026-02-21 13:00:00,40496.0
2026-02-21T13,CENT,Central,NG,Net generation,33843,megawatthours,2026-02-21 13:00:00,33843.0
2026-02-21T13,CENT,Central,TI,Total interchange,-13,megawatthours,2026-02-21 13:00:00,-13.0
2026-02-21T12,CENT,Central,D,Demand,32946,megawatthours,2026-02-21 12:00:00,32946.0
2026-02-21T12,CENT,Central,DF,Day-ahead demand forecast,38979,megawatthours,2026-02-21 12:00:00,38979.0
2026-02-21T12,CENT,Central,NG,Net generation,32937,megawatthours,2026-02-21 12:00:00,32937.0
2026-02-21T12,CENT,Central,TI,Total interchange,19,megawatthours,2026-02-21 12:00:00,19.0
2026-02-21T11,CENT,Central,D,Demand,32278,megawatthours,2026-02-21 11:00:00,32278.0
2026-02-21T11,CENT,Central,DF,Day-ahead demand forecast,37892,megawatthours,2026-02-21 11:00:00,37892.0
2026-02-21T11,CENT,Central,NG,Net generation,32475,megawatthours,2026-02-21 11:00:00,32475.0
2026-02-21T11,CENT,Central,TI,Total interchange,226,megawatthours,2026-02-21 11:00:00,226.0
2026-02-21T10,CENT,Central,D,Demand,32091,megawatthours,2026-02-21 10:00:00,32091.0
2026-02-21T10,CENT,Central,DF,Day-ahead demand forecast,37301,megawatthours,2026-02-21 10:00:00,37301.0
2026-02-21T10,CENT,Central,NG,Net generation,32149,megawatthours,2026-02-21 10:00:00,32149.0
2026-02-21T10,CENT,Central,TI,Total interchange,85,megawatthours,2026-02-21 10:00:00,85.0
2026-02-21T09,CENT,Central,D,Demand,31935,megawatthours,2026-02-21 09:00:00,31935.0
2026-02-21T09,CENT,Central,DF,Day-ahead demand forecast,36515,megawatthours,2026-02-21 09:00:00,36515.0
2026-02-21T09,CENT,Central,NG,Net generation,31701,megawatthours,2026-02-21 09:00:00,31701.0
2026-02-21T09,CENT,Central,TI,Total interchange,-208,megawatthours,2026-02-21 09:00:00,-208.0
2026-02-21T08,CENT,Central,D,Demand,31892,megawatthours,2026-02-21 08:00:00,31892.0
2026-02-21T08,CENT,Central,DF,Day-ahead demand forecast,36405,megawatthours,2026-02-21 08:00:00,36405.0
2026-02-21T08,CENT,Central,NG,Net generation,31200,megawatthours,2026-02-21 08:00:00,31200.0
2026-02-21T08,CENT,Central,TI,Total interchange,-676,megawatthours,2026-02-21 08:00:00,-676.0
2026-02-21T07,CENT,Central,D,Demand,32227,megawatthours,2026-02-21 07:00:00,32227.0
2026-02-21T07,CENT,Central,DF,Day-ahead demand forecast,36770,megawatthours,2026-02-21 07:00:00,36770.0
2026-02-21T07,CENT,Central,NG,Net generation,32447,megawatthours,2026-02-21 07:00:00,32447.0
2026-02-21T07,CENT,Central,TI,Total interchange,238,megawatthours,2026-02-21 07:00:00,238.0
2026-02-21T06,CENT,Central,D,Demand,32824,megawatthours,2026-02-21 06:00:00,32824.0
2026-02-21T06,CENT,Central,DF,Day-ahead demand forecast,37769,megawatthours,2026-02-21 06:00:00,37769.0
2026-02-21T06,CENT,Central,NG,Net generation,33311,megawatthours,2026-02-21 06:00:00,33311.0
2026-02-21T06,CENT,Central,TI,Total interchange,498,megawatthours,2026-02-21 06:00:00,498.0
2026-02-21T05,CENT,Central,D,Demand,33455,megawatthours,2026-02-21 05:00:00,33455.0
2026-02-21T05,CENT,Central,DF,Day-ahead demand forecast,38564,megawatthours,2026-02-21 05:00:00,38564.0
2026-02-21T05,CENT,Central,NG,Net generation,34210,megawatthours,2026-02-21 05:00:00,34210.0
2026-02-21T05,CENT,Central,TI,Total interchange,716,megawatthours,2026-02-21 05:00:00,716.0
2026-02-21T04,CENT,Central,D,Demand,34079,megawatthours,2026-02-21 04:00:00,34079.0
2026-02-21T04,CENT,Central,DF,Day-ahead demand forecast,39109,megawatthours,2026-02-21 04:00:00,39109.0
2026-02-21T04,CENT,Central,NG,Net generation,34821,megawatthours,2026-02-21 04:00:00,34821.0
2026-02-21T04,CENT,Central,TI,Total interchange,652,megawatthours,2026-02-21 04:00:00,652.0
2026-02-21T03,CENT,Central,D,Demand,34567,megawatthours,2026-02-21 03:00:00,34567.0
2026-02-21T03,CENT,Central,DF,Day-ahead demand forecast,39084,megawatthours,2026-02-21 03:00:00,39084.0
2026-02-21T03,CENT,Central,NG,Net generation,35308,megawatthours,2026-02-21 03:00:00,35308.0
2026-02-21T03,CENT,Central,TI,Total interchange,636,megawatthours,2026-02-21 03:00:00,636.0
2026-02-21T02,CENT,Central,D,Demand,34774,megawatthours,2026-02-21 02:00:00,34774.0
2026-02-21T02,CENT,Central,DF,Day-ahead demand forecast,39135,megawatthours,2026-02-21 02:00:00,39135.0
2026-02-21T02,CENT,Central,NG,Net generation,35906,megawatthours,2026-02-21 02:00:00,35906.0
2026-02-21T02,CENT,Central,TI,Total interchange,476,megawatthours,2026-02-21 02:00:00,476.0
2026-02-21T01,CENT,Central,D,Demand,34503,megawatthours,2026-02-21 01:00:00,34503.0
2026-02-21T01,CENT,Central,DF,Day-ahead demand forecast,38752,megawatthours,2026-02-21 01:00:00,38752.0
2026-02-21T01,CENT,Central,NG,Net generation,35330,megawatthours,2026-02-21 01:00:00,35330.0
2026-02-21T01,CENT,Central,TI,Total interchange,150,megawatthours,2026-02-21 01:00:00,150.0
2026-02-21T00,CENT,Central,D,Demand,33411,megawatthours,2026-02-21 00:00:00,33411.0
2026-02-21T00,CENT,Central,DF,Day-ahead demand forecast,37925,megawatthours,2026-02-21 00:00:00,37925.0
2026-02-21T00,CENT,Central,NG,Net generation,33990,megawatthours,2026-02-21 00:00:00,33990.0
2026-02-21T00,CENT,Central,TI,Total interchange,155,megawatthours,2026-02-21 00:00:00,155.0
2026-02-20T23,CENT,Central,D,Demand,32755,megawatthours,2026-02-20 23:00:00,32755.0
2026-02-20T23,CENT,Central,DF,Day-ahead demand forecast,37539,megawatthours,2026-02-20 23:00:00,37539.0
2026-02-20T23,CENT,Central,NG,Net generation,33140,megawatthours,2026-02-20 23:00:00,33140.0
2026-02-20T23,CENT,Central,TI,Total interchange,263,megawatthours,2026-02-20 23:00:00,263.0
2026-02-20T22,CENT,Central,D,Demand,32632,megawatthours,2026-02-20 22:00:00,32632.0
2026-02-20T22,CENT,Central,DF,Day-ahead demand forecast,37447,megawatthours,2026-02-20 22:00:00,37447.0
2026-02-20T22,CENT,Central,NG,Net generation,32503,megawatthours,2026-02-20 22:00:00,32503.0
2026-02-20T22,CENT,Central,TI,Total interchange,-183,megawatthours,2026-02-20 22:00:00,-183.0
2026-02-20T21,CENT,Central,D,Demand,32960,megawatthours,2026-02-20 21:00:00,32960.0
2026-02-20T21,CENT,Central,DF,Day-ahead demand forecast,38010,megawatthours,2026-02-20 21:00:00,38010.0
2026-02-20T21,CENT,Central,NG,Net generation,32407,megawatthours,2026-02-20 21:00:00,32407.0
2026-02-20T21,CENT,Central,TI,Total interchange,-564,megawatthours,2026-02-20 21:00:00,-564.0
2026-02-20T20,CENT,Central,D,Demand,33649,megawatthours,2026-02-20 20:00:00,33649.0
2026-02-20T20,CENT,Central,DF,Day-ahead demand forecast,38495,megawatthours,2026-02-20 20:00:00,38495.0
2026-02-20T20,CENT,Central,NG,Net generation,32978,megawatthours,2026-02-20 20:00:00,32978.0
2026-02-20T20,CENT,Central,TI,Total interchange,-678,megawatthours,2026-02-20 20:00:00,-678.0
2026-02-20T19,CENT,Central,D,Demand,34284,megawatthours,2026-02-20 19:00:00,34284.0
2026-02-20T19,CENT,Central,DF,Day-ahead demand forecast,39163,megawatthours,2026-02-20 19:00:00,39163.0
2026-02-20T19,CENT,Central,NG,Net generation,33570,megawatthours,2026-02-20 19:00:00,33570.0
2026-02-20T19,CENT,Central,TI,Total interchange,-797,megawatthours,2026-02-20 19:00:00,-797.0
2026-02-20T18,CENT,Central,D,Demand,35144,megawatthours,2026-02-20 18:00:00,35144.0
2026-02-20T18,CENT,Central,DF,Day-ahead demand forecast,40180,megawatthours,2026-02-20 18:00:00,40180.0
2026-02-20T18,CENT,Central,NG,Net generation,34209,megawatthours,2026-02-20 18:00:00,34209.0
2026-02-20T18,CENT,Central,TI,Total interchange,-996,megawatthours,2026-02-20 18:00:00,-996.0
2026-02-20T17,CENT,Central,D,Demand,36020,megawatthours,2026-02-20 17:00:00,36020.0
2026-02-20T17,CENT,Central,DF,Day-ahead demand forecast,40950,megawatthours,2026-02-20 17:00:00,40950.0
2026-02-20T17,CENT,Central,NG,Net generation,34947,megawatthours,2026-02-20 17:00:00,34947.0
2026-02-20T17,CENT,Central,TI,Total interchange,-1153,megawatthours,2026-02-20 17:00:00,-1153.0
2026-02-20T16,CENT,Central,D,Demand,36642,megawatthours,2026-02-20 16:00:00,36642.0
2026-02-20T16,CENT,Central,DF,Day-ahead demand forecast,42208,megawatthours,2026-02-20 16:00:00,42208.0
2026-02-20T16,CENT,Central,NG,Net generation,35345,megawatthours,2026-02-20 16:00:00,35345.0
2026-02-20T16,CENT,Central,TI,Total interchange,-1391,megawatthours,2026-02-20 16:00:00,-1391.0
2026-02-20T15,CENT,Central,D,Demand,37350,megawatthours,2026-02-20 15:00:00,37350.0
2026-02-20T15,CENT,Central,DF,Day-ahead demand forecast,43188,megawatthours,2026-02-20 15:00:00,43188.0
2026-02-20T15,CENT,Central,NG,Net generation,36034,megawatthours,2026-02-20 15:00:00,36034.0
2026-02-20T15,CENT,Central,TI,Total interchange,-1405,megawatthours,2026-02-20 15:00:00,-1405.0
2026-02-20T14,CENT,Central,D,Demand,37598,megawatthours,2026-02-20 14:00:00,37598.0
2026-02-20T14,CENT,Central,DF,Day-ahead demand forecast,43565,megawatthours,2026-02-20 14:00:00,43565.0
2026-02-20T14,CENT,Central,NG,Net generation,36349,megawatthours,2026-02-20 14:00:00,36349.0
2026-02-20T14,CENT,Central,TI,Total interchange,-1344,megawatthours,2026-02-20 14:00:00,-1344.0
2026-02-20T13,CENT,Central,D,Demand,36480,megawatthours,2026-02-20 13:00:00,36480.0
2026-02-20T13,CENT,Central,DF,Day-ahead demand forecast,42112,megawatthours,2026-02-20 13:00:00,42112.0
2026-02-20T13,CENT,Central,NG,Net generation,35243,megawatthours,2026-02-20 13:00:00,35243.0
2026-02-20T13,CENT,Central,TI,Total interchange,-1493,megawatthours,2026-02-20 13:00:00,-1493.0
2026-02-20T12,CENT,Central,D,Demand,34397,megawatthours,2026-02-20 12:00:00,34397.0
2026-02-20T12,CENT,Central,DF,Day-ahead demand forecast,39476,megawatthours,2026-02-20 12:00:00,39476.0
2026-02-20T12,CENT,Central,NG,Net generation,33464,megawatthours,2026-02-20 12:00:00,33464.0
2026-02-20T12,CENT,Central,TI,Total interchange,-951,megawatthours,2026-02-20 12:00:00,-951.0
2026-02-20T11,CENT,Central,D,Demand,33073,megawatthours,2026-02-20 11:00:00,33073.0
2026-02-20T11,CENT,Central,DF,Day-ahead demand forecast,37619,megawatthours,2026-02-20 11:00:00,37619.0
2026-02-20T11,CENT,Central,NG,Net generation,32311,megawatthours,2026-02-20 11:00:00,32311.0
2026-02-20T11,CENT,Central,TI,Total interchange,-751,megawatthours,2026-02-20 11:00:00,-751.0
2026-02-20T10,CENT,Central,D,Demand,32519,megawatthours,2026-02-20 10:00:00,32519.0
2026-02-20T10,CENT,Central,DF,Day-ahead demand forecast,36597,megawatthours,2026-02-20 10:00:00,36597.0
2026-02-20T10,CENT,Central,NG,Net generation,32351,megawatthours,2026-02-20 10:00:00,32351.0
2026-02-20T10,CENT,Central,TI,Total interchange,-153,megawatthours,2026-02-20 10:00:00,-153.0
2026-02-20T09,CENT,Central,D,Demand,32276,megawatthours,2026-02-20 09:00:00,32276.0
2026-02-20T09,CENT,Central,DF,Day-ahead demand forecast,35657,megawatthours,2026-02-20 09:00:00,35657.0
2026-02-20T09,CENT,Central,NG,Net generation,32006,megawatthours,2026-02-20 09:00:00,32006.0
2026-02-20T09,CENT,Central,TI,Total interchange,-255,megawatthours,2026-02-20 09:00:00,-255.0
2026-02-20T08,CENT,Central,D,Demand,32145,megawatthours,2026-02-20 08:00:00,32145.0
2026-02-20T08,CENT,Central,DF,Day-ahead demand forecast,35388,megawatthours,2026-02-20 08:00:00,35388.0
2026-02-20T08,CENT,Central,NG,Net generation,32381,megawatthours,2026-02-20 08:00:00,32381.0
2026-02-20T08,CENT,Central,TI,Total interchange,251,megawatthours,2026-02-20 08:00:00,251.0
2026-02-20T07,CENT,Central,D,Demand,32300,megawatthours,2026-02-20 07:00:00,32300.0
2026-02-20T07,CENT,Central,DF,Day-ahead demand forecast,35544,megawatthours,2026-02-20 07:00:00,35544.0
2026-02-20T07,CENT,Central,NG,Net generation,32361,megawatthours,2026-02-20 07:00:00,32361.0
2026-02-20T07,CENT,Central,TI,Total interchange,87,megawatthours,2026-02-20 07:00:00,87.0
2026-02-20T06,CENT,Central,D,Demand,32821,megawatthours,2026-02-20 06:00:00,32821.0
2026-02-20T06,CENT,Central,DF,Day-ahead demand forecast,36682,megawatthours,2026-02-20 06:00:00,36682.0
2026-02-20T06,CENT,Central,NG,Net generation,33217,megawatthours,2026-02-20 06:00:00,33217.0
2026-02-20T06,CENT,Central,TI,Total interchange,396,megawatthours,2026-02-20 06:00:00,396.0
2026-02-20T05,CENT,Central,D,Demand,33676,megawatthours,2026-02-20 05:00:00,33676.0
2026-02-20T05,CENT,Central,DF,Day-ahead demand forecast,37452,megawatthours,2026-02-20 05:00:00,37452.0
2026-02-20T05,CENT,Central,NG,Net generation,34741,megawatthours,2026-02-20 05:00:00,34741.0
2026-02-20T05,CENT,Central,TI,Total interchange,1064,megawatthours,2026-02-20 05:00:00,1064.0
2026-02-20T04,CENT,Central,D,Demand,34404,megawatthours,2026-02-20 04:00:00,34404.0
2026-02-20T04,CENT,Central,DF,Day-ahead demand forecast,37707,megawatthours,2026-02-20 04:00:00,37707.0
2026-02-20T04,CENT,Central,NG,Net generation,35421,megawatthours,2026-02-20 04:00:00,35421.0
2026-02-20T04,CENT,Central,TI,Total interchange,1017,megawatthours,2026-02-20 04:00:00,1017.0
2026-02-20T03,CENT,Central,D,Demand,34930,megawatthours,2026-02-20 03:00:00,34930.0
2026-02-20T03,CENT,Central,DF,Day-ahead demand forecast,38056,megawatthours,2026-02-20 03:00:00,38056.0
2026-02-20T03,CENT,Central,NG,Net generation,36584,megawatthours,2026-02-20 03:00:00,36584.0
2026-02-20T03,CENT,Central,TI,Total interchange,1654,megawatthours,2026-02-20 03:00:00,1654.0
2026-02-20T02,CENT,Central,D,Demand,35098,megawatthours,2026-02-20 02:00:00,35098.0
2026-02-20T02,CENT,Central,DF,Day-ahead demand forecast,38153,megawatthours,2026-02-20 02:00:00,38153.0
2026-02-20T02,CENT,Central,NG,Net generation,37004,megawatthours,2026-02-20 02:00:00,37004.0
2026-02-20T02,CENT,Central,TI,Total interchange,1907,megawatthours,2026-02-20 02:00:00,1907.0
2026-02-20T01,CENT,Central,D,Demand,34808,megawatthours,2026-02-20 01:00:00,34808.0
2026-02-20T01,CENT,Central,DF,Day-ahead demand forecast,37807,megawatthours,2026-02-20 01:00:00,37807.0
2026-02-20T01,CENT,Central,NG,Net generation,37008,megawatthours,2026-02-20 01:00:00,37008.0
2026-02-20T01,CENT,Central,TI,Total interchange,2200,megawatthours,2026-02-20 01:00:00,2200.0
2026-02-20T00,CENT,Central,D,Demand,33837,megawatthours,2026-02-20 00:00:00,33837.0
2026-02-20T00,CENT,Central,DF,Day-ahead demand forecast,36713,megawatthours,2026-02-20 00:00:00,36713.0
2026-02-20T00,CENT,Central,NG,Net generation,35499,megawatthours,2026-02-20 00:00:00,35499.0
2026-02-20T00,CENT,Central,TI,Total interchange,1663,megawatthours,2026-02-20 00:00:00,1663.0
2026-02-19T23,CENT,Central,D,Demand,33444,megawatthours,2026-02-19 23:00:00,33444.0
2026-02-19T23,CENT,Central,DF,Day-ahead demand forecast,36073,megawatthours,2026-02-19 23:00:00,36073.0
2026-02-19T23,CENT,Central,NG,Net generation,34356,megawatthours,2026-02-19 23:00:00,34356.0
2026-02-19T23,CENT,Central,TI,Total interchange,911,megawatthours,2026-02-19 23:00:00,911.0
2026-02-19T22,CENT,Central,D,Demand,33200,megawatthours,2026-02-19 22:00:00,33200.0
2026-02-19T22,CENT,Central,DF,Day-ahead demand forecast,35853,megawatthours,2026-02-19 22:00:00,35853.0
2026-02-19T22,CENT,Central,NG,Net generation,33841,megawatthours,2026-02-19 22:00:00,33841.0
2026-02-19T22,CENT,Central,TI,Total interchange,642,megawatthours,2026-02-19 22:00:00,642.0
2026-02-19T21,CENT,Central,D,Demand,33243,megawatthours,2026-02-19 21:00:00,33243.0
2026-02-19T21,CENT,Central,DF,Day-ahead demand forecast,35806,megawatthours,2026-02-19 21:00:00,35806.0
2026-02-19T21,CENT,Central,NG,Net generation,34092,megawatthours,2026-02-19 21:00:00,34092.0
2026-02-19T21,CENT,Central,TI,Total interchange,849,megawatthours,2026-02-19 21:00:00,849.0
2026-02-19T20,CENT,Central,D,Demand,33306,megawatthours,2026-02-19 20:00:00,33306.0
2026-02-19T20,CENT,Central,DF,Day-ahead demand forecast,35937,megawatthours,2026-02-19 20:00:00,35937.0
2026-02-19T20,CENT,Central,NG,Net generation,34191,megawatthours,2026-02-19 20:00:00,34191.0
2026-02-19T20,CENT,Central,TI,Total interchange,885,megawatthours,2026-02-19 20:00:00,885.0
2026-02-19T19,CENT,Central,D,Demand,33436,megawatthours,2026-02-19 19:00:00,33436.0
2026-02-19T19,CENT,Central,DF,Day-ahead demand forecast,36097,megawatthours,2026-02-19 19:00:00,36097.0
2026-02-19T19,CENT,Central,NG,Net generation,34653,megawatthours,2026-02-19 19:00:00,34653.0
2026-02-19T19,CENT,Central,TI,Total interchange,1217,megawatthours,2026-02-19 19:00:00,1217.0
2026-02-19T18,CENT,Central,D,Demand,33651,megawatthours,2026-02-19 18:00:00,33651.0
2026-02-19T18,CENT,Central,DF,Day-ahead demand forecast,36449,megawatthours,2026-02-19 18:00:00,36449.0
2026-02-19T18,CENT,Central,NG,Net generation,34753,megawatthours,2026-02-19 18:00:00,34753.0
2026-02-19T18,CENT,Central,TI,Total interchange,1101,megawatthours,2026-02-19 18:00:00,1101.0
2026-02-19T17,CENT,Central,D,Demand,33767,megawatthours,2026-02-19 17:00:00,33767.0
2026-02-19T17,CENT,Central,DF,Day-ahead demand forecast,36562,megawatthours,2026-02-19 17:00:00,36562.0
2026-02-19T17,CENT,Central,NG,Net generation,35021,megawatthours,2026-02-19 17:00:00,35021.0
2026-02-19T17,CENT,Central,TI,Total interchange,1254,megawatthours,2026-02-19 17:00:00,1254.0
2026-02-19T16,CENT,Central,D,Demand,33780,megawatthours,2026-02-19 16:00:00,33780.0
2026-02-19T16,CENT,Central,DF,Day-ahead demand forecast,36891,megawatthours,2026-02-19 16:00:00,36891.0
2026-02-19T16,CENT,Central,NG,Net generation,35101,megawatthours,2026-02-19 16:00:00,35101.0
2026-02-19T16,CENT,Central,TI,Total interchange,1320,megawatthours,2026-02-19 16:00:00,1320.0
2026-02-19T15,CENT,Central,D,Demand,33883,megawatthours,2026-02-19 15:00:00,33883.0
2026-02-19T15,CENT,Central,DF,Day-ahead demand forecast,37216,megawatthours,2026-02-19 15:00:00,37216.0
2026-02-19T15,CENT,Central,NG,Net generation,35319,megawatthours,2026-02-19 15:00:00,35319.0
2026-02-19T15,CENT,Central,TI,Total interchange,1436,megawatthours,2026-02-19 15:00:00,1436.0
2026-02-19T14,CENT,Central,D,Demand,33830,megawatthours,2026-02-19 14:00:00,33830.0
2026-02-19T14,CENT,Central,DF,Day-ahead demand forecast,37045,megawatthours,2026-02-19 14:00:00,37045.0
2026-02-19T14,CENT,Central,NG,Net generation,35711,megawatthours,2026-02-19 14:00:00,35711.0
2026-02-19T14,CENT,Central,TI,Total interchange,1881,megawatthours,2026-02-19 14:00:00,1881.0
2026-02-19T13,CENT,Central,D,Demand,32652,megawatthours,2026-02-19 13:00:00,32652.0
2026-02-19T13,CENT,Central,DF,Day-ahead demand forecast,35724,megawatthours,2026-02-19 13:00:00,35724.0
2026-02-19T13,CENT,Central,NG,Net generation,34774,megawatthours,2026-02-19 13:00:00,34774.0
2026-02-19T13,CENT,Central,TI,Total interchange,2123,megawatthours,2026-02-19 13:00:00,2123.0
2026-02-19T12,CENT,Central,D,Demand,30665,megawatthours,2026-02-19 12:00:00,30665.0
2026-02-19T12,CENT,Central,DF,Day-ahead demand forecast,33647,megawatthours,2026-02-19 12:00:00,33647.0
2026-02-19T12,CENT,Central,NG,Net generation,32709,megawatthours,2026-02-19 12:00:00,32709.0
2026-02-19T12,CENT,Central,TI,Total interchange,2045,megawatthours,2026-02-19 12:00:00,2045.0
2026-02-19T11,CENT,Central,D,Demand,29518,megawatthours,2026-02-19 11:00:00,29518.0
2026-02-19T11,CENT,Central,DF,Day-ahead demand forecast,32385,megawatthours,2026-02-19 11:00:00,32385.0
2026-02-19T11,CENT,Central,NG,Net generation,31966,megawatthours,2026-02-19 11:00:00,31966.0
2026-02-19T11,CENT,Central,TI,Total interchange,2448,megawatthours,2026-02-19 11:00:00,2448.0
2026-02-19T10,CENT,Central,D,Demand,28987,megawatthours,2026-02-19 10:00:00,28987.0
2026-02-19T10,CENT,Central,DF,Day-ahead demand forecast,31766,megawatthours,2026-02-19 10:00:00,31766.0
2026-02-19T10,CENT,Central,NG,Net generation,31739,megawatthours,2026-02-19 10:00:00,31739.0
2026-02-19T10,CENT,Central,TI,Total interchange,2752,megawatthours,2026-02-19 10:00:00,2752.0
2026-02-19T09,CENT,Central,D,Demand,28776,megawatthours,2026-02-19 09:00:00,28776.0
2026-02-19T09,CENT,Central,DF,Day-ahead demand forecast,31571,megawatthours,2026-02-19 09:00:00,31571.0
2026-02-19T09,CENT,Central,NG,Net generation,31218,megawatthours,2026-02-19 09:00:00,31218.0
2026-02-19T09,CENT,Central,TI,Total interchange,2442,megawatthours,2026-02-19 09:00:00,2442.0
2026-02-19T08,CENT,Central,D,Demand,28780,megawatthours,2026-02-19 08:00:00,28780.0
2026-02-19T08,CENT,Central,DF,Day-ahead demand forecast,31634,megawatthours,2026-02-19 08:00:00,31634.0
2026-02-19T08,CENT,Central,NG,Net generation,31485,megawatthours,2026-02-19 08:00:00,31485.0
2026-02-19T08,CENT,Central,TI,Total interchange,2705,megawatthours,2026-02-19 08:00:00,2705.0
2026-02-19T07,CENT,Central,D,Demand,29021,megawatthours,2026-02-19 07:00:00,29021.0
2026-02-19T07,CENT,Central,DF,Day-ahead demand forecast,31932,megawatthours,2026-02-19 07:00:00,31932.0
2026-02-19T07,CENT,Central,NG,Net generation,30956,megawatthours,2026-02-19 07:00:00,30956.0
2026-02-19T07,CENT,Central,TI,Total interchange,1936,megawatthours,2026-02-19 07:00:00,1936.0
2026-02-19T06,CENT,Central,D,Demand,29541,megawatthours,2026-02-19 06:00:00,29541.0
2026-02-19T06,CENT,Central,DF,Day-ahead demand forecast,33275,megawatthours,2026-02-19 06:00:00,33275.0
2026-02-19T06,CENT,Central,NG,Net generation,30741,megawatthours,2026-02-19 06:00:00,30741.0
2026-02-19T06,CENT,Central,TI,Total interchange,1199,megawatthours,2026-02-19 06:00:00,1199.0
2026-02-19T05,CENT,Central,D,Demand,30513,megawatthours,2026-02-19 05:00:00,30513.0
2026-02-19T05,CENT,Central,DF,Day-ahead demand forecast,34370,megawatthours,2026-02-19 05:00:00,34370.0
2026-02-19T05,CENT,Central,NG,Net generation,32342,megawatthours,2026-02-19 05:00:00,32342.0
2026-02-19T05,CENT,Central,TI,Total interchange,1828,megawatthours,2026-02-19 05:00:00,1828.0
2026-02-19T04,CENT,Central,D,Demand,31676,megawatthours,2026-02-19 04:00:00,31676.0
2026-02-19T04,CENT,Central,DF,Day-ahead demand forecast,35605,megawatthours,2026-02-19 04:00:00,35605.0
2026-02-19T04,CENT,Central,NG,Net generation,33259,megawatthours,2026-02-19 04:00:00,33259.0
2026-02-19T04,CENT,Central,TI,Total interchange,1583,megawatthours,2026-02-19 04:00:00,1583.0
2026-02-19T03,CENT,Central,D,Demand,32554,megawatthours,2026-02-19 03:00:00,32554.0
2026-02-19T03,CENT,Central,DF,Day-ahead demand forecast,36328,megawatthours,2026-02-19 03:00:00,36328.0
2026-02-19T03,CENT,Central,NG,Net generation,34553,megawatthours,2026-02-19 03:00:00,34553.0
2026-02-19T03,CENT,Central,TI,Total interchange,1999,megawatthours,2026-02-19 03:00:00,1999.0
2026-02-19T02,CENT,Central,D,Demand,33078,megawatthours,2026-02-19 02:00:00,33078.0
2026-02-19T02,CENT,Central,DF,Day-ahead demand forecast,36692,megawatthours,2026-02-19 02:00:00,36692.0
2026-02-19T02,CENT,Central,NG,Net generation,35187,megawatthours,2026-02-19 02:00:00,35187.0
2026-02-19T02,CENT,Central,TI,Total interchange,2110,megawatthours,2026-02-19 02:00:00,2110.0
2026-02-19T01,CENT,Central,D,Demand,33029,megawatthours,2026-02-19 01:00:00,33029.0
2026-02-19T01,CENT,Central,DF,Day-ahead demand forecast,36645,megawatthours,2026-02-19 01:00:00,36645.0
2026-02-19T01,CENT,Central,NG,Net generation,34915,megawatthours,2026-02-19 01:00:00,34915.0
2026-02-19T01,CENT,Central,TI,Total interchange,1886,megawatthours,2026-02-19 01:00:00,1886.0
2026-02-19T00,CENT,Central,D,Demand,32472,megawatthours,2026-02-19 00:00:00,32472.0
2026-02-19T00,CENT,Central,DF,Day-ahead demand forecast,35666,megawatthours,2026-02-19 00:00:00,35666.0
2026-02-19T00,CENT,Central,NG,Net generation,33623,megawatthours,2026-02-19 00:00:00,33623.0
2026-02-19T00,CENT,Central,TI,Total interchange,1151,megawatthours,2026-02-19 00:00:00,1151.0
2026-02-18T23,CENT,Central,D,Demand,32068,megawatthours,2026-02-18 23:00:00,32068.0
2026-02-18T23,CENT,Central,DF,Day-ahead demand forecast,35340,megawatthours,2026-02-18 23:00:00,35340.0
2026-02-18T23,CENT,Central,NG,Net generation,32692,megawatthours,2026-02-18 23:00:00,32692.0
2026-02-18T23,CENT,Central,TI,Total interchange,624,megawatthours,2026-02-18 23:00:00,624.0
2026-02-18T22,CENT,Central,D,Demand,31850,megawatthours,2026-02-18 22:00:00,31850.0
2026-02-18T22,CENT,Central,DF,Day-ahead demand forecast,35301,megawatthours,2026-02-18 22:00:00,35301.0
2026-02-18T22,CENT,Central,NG,Net generation,32210,megawatthours,2026-02-18 22:00:00,32210.0
2026-02-18T22,CENT,Central,TI,Total interchange,361,megawatthours,2026-02-18 22:00:00,361.0
2026-02-18T21,CENT,Central,D,Demand,31851,megawatthours,2026-02-18 21:00:00,31851.0
2026-02-18T21,CENT,Central,DF,Day-ahead demand forecast,35417,megawatthours,2026-02-18 21:00:00,35417.0
2026-02-18T21,CENT,Central,NG,Net generation,32194,megawatthours,2026-02-18 21:00:00,32194.0
2026-02-18T21,CENT,Central,TI,Total interchange,343,megawatthours,2026-02-18 21:00:00,343.0
2026-02-18T20,CENT,Central,D,Demand,31888,megawatthours,2026-02-18 20:00:00,31888.0
2026-02-18T20,CENT,Central,DF,Day-ahead demand forecast,35335,megawatthours,2026-02-18 20:00:00,35335.0
2026-02-18T20,CENT,Central,NG,Net generation,32050,megawatthours,2026-02-18 20:00:00,32050.0
2026-02-18T20,CENT,Central,TI,Total interchange,161,megawatthours,2026-02-18 20:00:00,161.0
2026-02-18T19,CENT,Central,D,Demand,31812,megawatthours,2026-02-18 19:00:00,31812.0
2026-02-18T19,CENT,Central,DF,Day-ahead demand forecast,35176,megawatthours,2026-02-18 19:00:00,35176.0
2026-02-18T19,CENT,Central,NG,Net generation,31865,megawatthours,2026-02-18 19:00:00,31865.0
2026-02-18T19,CENT,Central,TI,Total interchange,54,megawatthours,2026-02-18 19:00:00,54.0
2026-02-18T18,CENT,Central,D,Demand,31766,megawatthours,2026-02-18 18:00:00,31766.0
2026-02-18T18,CENT,Central,DF,Day-ahead demand forecast,35207,megawatthours,2026-02-18 18:00:00,35207.0
2026-02-18T18,CENT,Central,NG,Net generation,31817,megawatthours,2026-02-18 18:00:00,31817.0
2026-02-18T18,CENT,Central,TI,Total interchange,52,megawatthours,2026-02-18 18:00:00,52.0
2026-02-18T17,CENT,Central,D,Demand,31686,megawatthours,2026-02-18 17:00:00,31686.0
2026-02-18T17,CENT,Central,DF,Day-ahead demand forecast,35397,megawatthours,2026-02-18 17:00:00,35397.0
2026-02-18T17,CENT,Central,NG,Net generation,30906,megawatthours,2026-02-18 17:00:00,30906.0
2026-02-18T17,CENT,Central,TI,Total interchange,-780,megawatthours,2026-02-18 17:00:00,-780.0
2026-02-18T16,CENT,Central,D,Demand,31690,megawatthours,2026-02-18 16:00:00,31690.0
2026-02-18T16,CENT,Central,DF,Day-ahead demand forecast,35875,megawatthours,2026-02-18 16:00:00,35875.0
2026-02-18T16,CENT,Central,NG,Net generation,31060,megawatthours,2026-02-18 16:00:00,31060.0
2026-02-18T16,CENT,Central,TI,Total interchange,-630,megawatthours,2026-02-18 16:00:00,-630.0
2026-02-18T15,CENT,Central,D,Demand,32039,megawatthours,2026-02-18 15:00:00,32039.0
2026-02-18T15,CENT,Central,DF,Day-ahead demand forecast,36467,megawatthours,2026-02-18 15:00:00,36467.0
2026-02-18T15,CENT,Central,NG,Net generation,30801,megawatthours,2026-02-18 15:00:00,30801.0
2026-02-18T15,CENT,Central,TI,Total interchange,-1238,megawatthours,2026-02-18 15:00:00,-1238.0
2026-02-18T14,CENT,Central,D,Demand,32150,megawatthours,2026-02-18 14:00:00,32150.0
2026-02-18T14,CENT,Central,DF,Day-ahead demand forecast,36539,megawatthours,2026-02-18 14:00:00,36539.0
2026-02-18T14,CENT,Central,NG,Net generation,31167,megawatthours,2026-02-18 14:00:00,31167.0
2026-02-18T14,CENT,Central,TI,Total interchange,-982,megawatthours,2026-02-18 14:00:00,-982.0
2026-02-18T13,CENT,Central,D,Demand,31161,megawatthours,2026-02-18 13:00:00,31161.0
2026-02-18T13,CENT,Central,DF,Day-ahead demand forecast,35154,megawatthours,2026-02-18 13:00:00,35154.0
2026-02-18T13,CENT,Central,NG,Net generation,31269,megawatthours,2026-02-18 13:00:00,31269.0
2026-02-18T13,CENT,Central,TI,Total interchange,109,megawatthours,2026-02-18 13:00:00,109.0
2026-02-18T12,CENT,Central,D,Demand,29212,megawatthours,2026-02-18 12:00:00,29212.0
2026-02-18T12,CENT,Central,DF,Day-ahead demand forecast,33011,megawatthours,2026-02-18 12:00:00,33011.0
2026-02-18T12,CENT,Central,NG,Net generation,29651,megawatthours,2026-02-18 12:00:00,29651.0
2026-02-18T12,CENT,Central,TI,Total interchange,439,megawatthours,2026-02-18 12:00:00,439.0
2026-02-18T11,CENT,Central,D,Demand,28142,megawatthours,2026-02-18 11:00:00,28142.0
2026-02-18T11,CENT,Central,DF,Day-ahead demand forecast,31800,megawatthours,2026-02-18 11:00:00,31800.0
2026-02-18T11,CENT,Central,NG,Net generation,28763,megawatthours,2026-02-18 11:00:00,28763.0
2026-02-18T11,CENT,Central,TI,Total interchange,621,megawatthours,2026-02-18 11:00:00,621.0
2026-02-18T10,CENT,Central,D,Demand,27707,megawatthours,2026-02-18 10:00:00,27707.0
2026-02-18T10,CENT,Central,DF,Day-ahead demand forecast,31078,megawatthours,2026-02-18 10:00:00,31078.0
2026-02-18T10,CENT,Central,NG,Net generation,27901,megawatthours,2026-02-18 10:00:00,27901.0
2026-02-18T10,CENT,Central,TI,Total interchange,194,megawatthours,2026-02-18 10:00:00,194.0
2026-02-18T09,CENT,Central,D,Demand,27758,megawatthours,2026-02-18 09:00:00,27758.0
2026-02-18T09,CENT,Central,DF,Day-ahead demand forecast,30824,megawatthours,2026-02-18 09:00:00,30824.0
2026-02-18T09,CENT,Central,NG,Net generation,28107,megawatthours,2026-02-18 09:00:00,28107.0
2026-02-18T09,CENT,Central,TI,Total interchange,349,megawatthours,2026-02-18 09:00:00,349.0
2026-02-18T08,CENT,Central,D,Demand,27954,megawatthours,2026-02-18 08:00:00,27954.0
2026-02-18T08,CENT,Central,DF,Day-ahead demand forecast,30888,megawatthours,2026-02-18 08:00:00,30888.0
2026-02-18T08,CENT,Central,NG,Net generation,28653,megawatthours,2026-02-18 08:00:00,28653.0
2026-02-18T08,CENT,Central,TI,Total interchange,699,megawatthours,2026-02-18 08:00:00,699.0
2026-02-18T07,CENT,Central,D,Demand,28395,megawatthours,2026-02-18 07:00:00,28395.0
2026-02-18T07,CENT,Central,DF,Day-ahead demand forecast,31246,megawatthours,2026-02-18 07:00:00,31246.0
2026-02-18T07,CENT,Central,NG,Net generation,28910,megawatthours,2026-02-18 07:00:00,28910.0
2026-02-18T07,CENT,Central,TI,Total interchange,515,megawatthours,2026-02-18 07:00:00,515.0
2026-02-18T06,CENT,Central,D,Demand,33174,megawatthours,2026-02-18 06:00:00,33174.0
2026-02-18T06,CENT,Central,DF,Day-ahead demand forecast,32501,megawatthours,2026-02-18 06:00:00,32501.0
2026-02-18T06,CENT,Central,NG,Net generation,34010,megawatthours,2026-02-18 06:00:00,34010.0
2026-02-18T06,CENT,Central,TI,Total interchange,836,megawatthours,2026-02-18 06:00:00,836.0
2026-02-18T05,CENT,Central,D,Demand,33177,megawatthours,2026-02-18 05:00:00,33177.0
2026-02-18T05,CENT,Central,DF,Day-ahead demand forecast,33523,megawatthours,2026-02-18 05:00:00,33523.0
2026-02-18T05,CENT,Central,NG,Net generation,34009,megawatthours,2026-02-18 05:00:00,34009.0
2026-02-18T05,CENT,Central,TI,Total interchange,832,megawatthours,2026-02-18 05:00:00,832.0
2026-02-18T04,CENT,Central,D,Demand,33174,megawatthours,2026-02-18 04:00:00,33174.0
2026-02-18T04,CENT,Central,DF,Day-ahead demand forecast,34640,megawatthours,2026-02-18 04:00:00,34640.0
2026-02-18T04,CENT,Central,NG,Net generation,34009,megawatthours,2026-02-18 04:00:00,34009.0
2026-02-18T04,CENT,Central,TI,Total interchange,835,megawatthours,2026-02-18 04:00:00,835.0
2026-02-18T03,CENT,Central,D,Demand,33176,megawatthours,2026-02-18 03:00:00,33176.0
2026-02-18T03,CENT,Central,DF,Day-ahead demand forecast,35332,megawatthours,2026-02-18 03:00:00,35332.0
2026-02-18T03,CENT,Central,NG,Net generation,34016,megawatthours,2026-02-18 03:00:00,34016.0
2026-02-18T03,CENT,Central,TI,Total interchange,840,megawatthours,2026-02-18 03:00:00,840.0
2026-02-18T02,CENT,Central,D,Demand,33167,megawatthours,2026-02-18 02:00:00,33167.0
2026-02-18T02,CENT,Central,DF,Day-ahead demand forecast,35866,megawatthours,2026-02-18 02:00:00,35866.0
2026-02-18T02,CENT,Central,NG,Net generation,34192,megawatthours,2026-02-18 02:00:00,34192.0
2026-02-18T02,CENT,Central,TI,Total interchange,1025,megawatthours,2026-02-18 02:00:00,1025.0
2026-02-18T01,CENT,Central,D,Demand,33179,megawatthours,2026-02-18 01:00:00,33179.0
2026-02-18T01,CENT,Central,DF,Day-ahead demand forecast,35856,megawatthours,2026-02-18 01:00:00,35856.0
2026-02-18T01,CENT,Central,NG,Net generation,34202,megawatthours,2026-02-18 01:00:00,34202.0
2026-02-18T01,CENT,Central,TI,Total interchange,1023,megawatthours,2026-02-18 01:00:00,1023.0
2026-02-18T00,CENT,Central,D,Demand,33171,megawatthours,2026-02-18 00:00:00,33171.0
2026-02-18T00,CENT,Central,DF,Day-ahead demand forecast,35168,megawatthours,2026-02-18 00:00:00,35168.0
2026-02-18T00,CENT,Central,NG,Net generation,34108,megawatthours,2026-02-18 00:00:00,34108.0
2026-02-18T00,CENT,Central,TI,Total interchange,937,megawatthours,2026-02-18 00:00:00,937.0
2026-02-17T23,CENT,Central,D,Demand,33181,megawatthours,2026-02-17 23:00:00,33181.0
2026-02-17T23,CENT,Central,DF,Day-ahead demand forecast,34906,megawatthours,2026-02-17 23:00:00,34906.0
2026-02-17T23,CENT,Central,NG,Net generation,34039,megawatthours,2026-02-17 23:00:00,34039.0
2026-02-17T23,CENT,Central,TI,Total interchange,858,megawatthours,2026-02-17 23:00:00,858.0
2026-02-17T22,CENT,Central,D,Demand,33166,megawatthours,2026-02-17 22:00:00,33166.0
2026-02-17T22,CENT,Central,DF,Day-ahead demand forecast,34761,megawatthours,2026-02-17 22:00:00,34761.0
2026-02-17T22,CENT,Central,NG,Net generation,34032,megawatthours,2026-02-17 22:00:00,34032.0
2026-02-17T22,CENT,Central,TI,Total interchange,866,megawatthours,2026-02-17 22:00:00,866.0
2026-02-17T21,CENT,Central,D,Demand,33174,megawatthours,2026-02-17 21:00:00,33174.0
2026-02-17T21,CENT,Central,DF,Day-ahead demand forecast,34708,megawatthours,2026-02-17 21:00:00,34708.0
2026-02-17T21,CENT,Central,NG,Net generation,33983,megawatthours,2026-02-17 21:00:00,33983.0
2026-02-17T21,CENT,Central,TI,Total interchange,809,megawatthours,2026-02-17 21:00:00,809.0
2026-02-17T20,CENT,Central,D,Demand,33171,megawatthours,2026-02-17 20:00:00,33171.0
2026-02-17T20,CENT,Central,DF,Day-ahead demand forecast,34782,megawatthours,2026-02-17 20:00:00,34782.0
2026-02-17T20,CENT,Central,NG,Net generation,33981,megawatthours,2026-02-17 20:00:00,33981.0
2026-02-17T20,CENT,Central,TI,Total interchange,810,megawatthours,2026-02-17 20:00:00,810.0
2026-02-17T19,CENT,Central,D,Demand,33167,megawatthours,2026-02-17 19:00:00,33167.0
2026-02-17T19,CENT,Central,DF,Day-ahead demand forecast,34710,megawatthours,2026-02-17 19:00:00,34710.0
2026-02-17T19,CENT,Central,NG,Net generation,33979,megawatthours,2026-02-17 19:00:00,33979.0
2026-02-17T19,CENT,Central,TI,Total interchange,812,megawatthours,2026-02-17 19:00:00,812.0
2026-02-17T18,CENT,Central,D,Demand,33174,megawatthours,2026-02-17 18:00:00,33174.0
2026-02-17T18,CENT,Central,DF,Day-ahead demand forecast,34742,megawatthours,2026-02-17 18:00:00,34742.0
2026-02-17T18,CENT,Central,NG,Net generation,33921,megawatthours,2026-02-17 18:00:00,33921.0
2026-02-17T18,CENT,Central,TI,Total interchange,747,megawatthours,2026-02-17 18:00:00,747.0
2026-02-17T17,CENT,Central,D,Demand,33172,megawatthours,2026-02-17 17:00:00,33172.0
2026-02-17T17,CENT,Central,DF,Day-ahead demand forecast,34717,megawatthours,2026-02-17 17:00:00,34717.0
2026-02-17T17,CENT,Central,NG,Net generation,33919,megawatthours,2026-02-17 17:00:00,33919.0
2026-02-17T17,CENT,Central,TI,Total interchange,747,megawatthours,2026-02-17 17:00:00,747.0
2026-02-17T16,CENT,Central,D,Demand,33172,megawatthours,2026-02-17 16:00:00,33172.0
2026-02-17T16,CENT,Central,DF,Day-ahead demand forecast,35047,megawatthours,2026-02-17 16:00:00,35047.0
2026-02-17T16,CENT,Central,NG,Net generation,33941,megawatthours,2026-02-17 16:00:00,33941.0
2026-02-17T16,CENT,Central,TI,Total interchange,769,megawatthours,2026-02-17 16:00:00,769.0
2026-02-17T15,CENT,Central,D,Demand,33180,megawatthours,2026-02-17 15:00:00,33180.0
2026-02-17T15,CENT,Central,DF,Day-ahead demand forecast,35614,megawatthours,2026-02-17 15:00:00,35614.0
2026-02-17T15,CENT,Central,NG,Net generation,34061,megawatthours,2026-02-17 15:00:00,34061.0
2026-02-17T15,CENT,Central,TI,Total interchange,881,megawatthours,2026-02-17 15:00:00,881.0
2026-02-17T14,CENT,Central,D,Demand,33170,megawatthours,2026-02-17 14:00:00,33170.0
2026-02-17T14,CENT,Central,DF,Day-ahead demand forecast,35767,megawatthours,2026-02-17 14:00:00,35767.0
2026-02-17T14,CENT,Central,NG,Net generation,34258,megawatthours,2026-02-17 14:00:00,34258.0
2026-02-17T14,CENT,Central,TI,Total interchange,1088,megawatthours,2026-02-17 14:00:00,1088.0
2026-02-17T13,CENT,Central,D,Demand,33165,megawatthours,2026-02-17 13:00:00,33165.0
2026-02-17T13,CENT,Central,DF,Day-ahead demand forecast,34761,megawatthours,2026-02-17 13:00:00,34761.0
2026-02-17T13,CENT,Central,NG,Net generation,34238,megawatthours,2026-02-17 13:00:00,34238.0
2026-02-17T13,CENT,Central,TI,Total interchange,1073,megawatthours,2026-02-17 13:00:00,1073.0
2026-02-17T12,CENT,Central,D,Demand,33184,megawatthours,2026-02-17 12:00:00,33184.0
2026-02-17T12,CENT,Central,DF,Day-ahead demand forecast,32793,megawatthours,2026-02-17 12:00:00,32793.0
2026-02-17T12,CENT,Central,NG,Net generation,34015,megawatthours,2026-02-17 12:00:00,34015.0
2026-02-17T12,CENT,Central,TI,Total interchange,831,megawatthours,2026-02-17 12:00:00,831.0
2026-02-17T11,CENT,Central,D,Demand,33170,megawatthours,2026-02-17 11:00:00,33170.0
2026-02-17T11,CENT,Central,DF,Day-ahead demand forecast,31587,megawatthours,2026-02-17 11:00:00,31587.0
2026-02-17T11,CENT,Central,NG,Net generation,33923,megawatthours,2026-02-17 11:00:00,33923.0
2026-02-17T11,CENT,Central,TI,Total interchange,753,megawatthours,2026-02-17 11:00:00,753.0
2026-02-17T10,CENT,Central,D,Demand,33180,megawatthours,2026-02-17 10:00:00,33180.0
2026-02-17T10,CENT,Central,DF,Day-ahead demand forecast,31061,megawatthours,2026-02-17 10:00:00,31061.0
2026-02-17T10,CENT,Central,NG,Net generation,33920,megawatthours,2026-02-17 10:00:00,33920.0
2026-02-17T10,CENT,Central,TI,Total interchange,740,megawatthours,2026-02-17 10:00:00,740.0
2026-02-17T09,CENT,Central,D,Demand,33167,megawatthours,2026-02-17 09:00:00,33167.0
2026-02-17T09,CENT,Central,DF,Day-ahead demand forecast,31005,megawatthours,2026-02-17 09:00:00,31005.0
2026-02-17T09,CENT,Central,NG,Net generation,33919,megawatthours,2026-02-17 09:00:00,33919.0
2026-02-17T09,CENT,Central,TI,Total interchange,752,megawatthours,2026-02-17 09:00:00,752.0
2026-02-17T08,CENT,Central,D,Demand,33181,megawatthours,2026-02-17 08:00:00,33181.0
2026-02-17T08,CENT,Central,DF,Day-ahead demand forecast,31099,megawatthours,2026-02-17 08:00:00,31099.0
2026-02-17T08,CENT,Central,NG,Net generation,33920,megawatthours,2026-02-17 08:00:00,33920.0
2026-02-17T08,CENT,Central,TI,Total interchange,739,megawatthours,2026-02-17 08:00:00,739.0
2026-02-17T07,CENT,Central,D,Demand,33177,megawatthours,2026-02-17 07:00:00,33177.0
2026-02-17T07,CENT,Central,DF,Day-ahead demand forecast,31402,megawatthours,2026-02-17 07:00:00,31402.0
2026-02-17T07,CENT,Central,NG,Net generation,33922,megawatthours,2026-02-17 07:00:00,33922.0
2026-02-17T07,CENT,Central,TI,Total interchange,745,megawatthours,2026-02-17 07:00:00,745.0
2026-02-17T06,CENT,Central,D,Demand,33186,megawatthours,2026-02-17 06:00:00,33186.0
2026-02-17T06,CENT,Central,DF,Day-ahead demand forecast,32377,megawatthours,2026-02-17 06:00:00,32377.0
2026-02-17T06,CENT,Central,NG,Net generation,33954,megawatthours,2026-02-17 06:00:00,33954.0
2026-02-17T06,CENT,Central,TI,Total interchange,768,megawatthours,2026-02-17 06:00:00,768.0
2026-02-17T05,CENT,Central,D,Demand,33178,megawatthours,2026-02-17 05:00:00,33178.0
2026-02-17T05,CENT,Central,DF,Day-ahead demand forecast,33068,megawatthours,2026-02-17 05:00:00,33068.0
2026-02-17T05,CENT,Central,NG,Net generation,33956,megawatthours,2026-02-17 05:00:00,33956.0
2026-02-17T05,CENT,Central,TI,Total interchange,778,megawatthours,2026-02-17 05:00:00,778.0
2026-02-17T04,CENT,Central,D,Demand,33179,megawatthours,2026-02-17 04:00:00,33179.0
2026-02-17T04,CENT,Central,DF,Day-ahead demand forecast,33701,megawatthours,2026-02-17 04:00:00,33701.0
2026-02-17T04,CENT,Central,NG,Net generation,33954,megawatthours,2026-02-17 04:00:00,33954.0
2026-02-17T04,CENT,Central,TI,Total interchange,775,megawatthours,2026-02-17 04:00:00,775.0
2026-02-17T03,CENT,Central,D,Demand,33189,megawatthours,2026-02-17 03:00:00,33189.0
2026-02-17T03,CENT,Central,DF,Day-ahead demand forecast,34115,megawatthours,2026-02-17 03:00:00,34115.0
2026-02-17T03,CENT,Central,NG,Net generation,33963,megawatthours,2026-02-17 03:00:00,33963.0
2026-02-17T03,CENT,Central,TI,Total interchange,774,megawatthours,2026-02-17 03:00:00,774.0
2026-02-17T02,CENT,Central,D,Demand,33178,megawatthours,2026-02-17 02:00:00,33178.0
2026-02-17T02,CENT,Central,DF,Day-ahead demand forecast,34393,megawatthours,2026-02-17 02:00:00,34393.0
2026-02-17T02,CENT,Central,NG,Net generation,34071,megawatthours,2026-02-17 02:00:00,34071.0
2026-02-17T02,CENT,Central,TI,Total interchange,893,megawatthours,2026-02-17 02:00:00,893.0
2026-02-17T01,CENT,Central,D,Demand,33156,megawatthours,2026-02-17 01:00:00,33156.0
2026-02-17T01,CENT,Central,DF,Day-ahead demand forecast,34275,megawatthours,2026-02-17 01:00:00,34275.0
2026-02-17T01,CENT,Central,NG,Net generation,34400,megawatthours,2026-02-17 01:00:00,34400.0
2026-02-17T01,CENT,Central,TI,Total interchange,1244,megawatthours,2026-02-17 01:00:00,1244.0
2026-02-17T00,CENT,Central,D,Demand,33174,megawatthours,2026-02-17 00:00:00,33174.0
2026-02-17T00,CENT,Central,DF,Day-ahead demand forecast,33634,megawatthours,2026-02-17 00:00:00,33634.0
2026-02-17T00,CENT,Central,NG,Net generation,34225,megawatthours,2026-02-17 00:00:00,34225.0
2026-02-17T00,CENT,Central,TI,Total interchange,1051,megawatthours,2026-02-17 00:00:00,1051.0
2026-02-16T23,CENT,Central,D,Demand,33169,megawatthours,2026-02-16 23:00:00,33169.0
2026-02-16T23,CENT,Central,DF,Day-ahead demand forecast,33406,megawatthours,2026-02-16 23:00:00,33406.0
2026-02-16T23,CENT,Central,NG,Net generation,33980,megawatthours,2026-02-16 23:00:00,33980.0
2026-02-16T23,CENT,Central,TI,Total interchange,811,megawatthours,2026-02-16 23:00:00,811.0
2026-02-16T22,CENT,Central,D,Demand,33174,megawatthours,2026-02-16 22:00:00,33174.0
2026-02-16T22,CENT,Central,DF,Day-ahead demand forecast,33328,megawatthours,2026-02-16 22:00:00,33328.0
2026-02-16T22,CENT,Central,NG,Net generation,33974,megawatthours,2026-02-16 22:00:00,33974.0
2026-02-16T22,CENT,Central,TI,Total interchange,800,megawatthours,2026-02-16 22:00:00,800.0
2026-02-16T21,CENT,Central,D,Demand,33175,megawatthours,2026-02-16 21:00:00,33175.0
2026-02-16T21,CENT,Central,DF,Day-ahead demand forecast,33553,megawatthours,2026-02-16 21:00:00,33553.0
2026-02-16T21,CENT,Central,NG,Net generation,33960,megawatthours,2026-02-16 21:00:00,33960.0
2026-02-16T21,CENT,Central,TI,Total interchange,785,megawatthours,2026-02-16 21:00:00,785.0
2026-02-16T20,CENT,Central,D,Demand,33172,megawatthours,2026-02-16 20:00:00,33172.0
2026-02-16T20,CENT,Central,DF,Day-ahead demand forecast,33696,megawatthours,2026-02-16 20:00:00,33696.0
2026-02-16T20,CENT,Central,NG,Net generation,33994,megawatthours,2026-02-16 20:00:00,33994.0
2026-02-16T20,CENT,Central,TI,Total interchange,822,megawatthours,2026-02-16 20:00:00,822.0
2026-02-16T19,CENT,Central,D,Demand,33171,megawatthours,2026-02-16 19:00:00,33171.0
2026-02-16T19,CENT,Central,DF,Day-ahead demand forecast,33793,megawatthours,2026-02-16 19:00:00,33793.0
2026-02-16T19,CENT,Central,NG,Net generation,33994,megawatthours,2026-02-16 19:00:00,33994.0
2026-02-16T19,CENT,Central,TI,Total interchange,823,megawatthours,2026-02-16 19:00:00,823.0
2026-02-16T18,CENT,Central,D,Demand,33170,megawatthours,2026-02-16 18:00:00,33170.0
2026-02-16T18,CENT,Central,DF,Day-ahead demand forecast,34003,megawatthours,2026-02-16 18:00:00,34003.0
2026-02-16T18,CENT,Central,NG,Net generation,33999,megawatthours,2026-02-16 18:00:00,33999.0
2026-02-16T18,CENT,Central,TI,Total interchange,829,megawatthours,2026-02-16 18:00:00,829.0
2026-02-16T17,CENT,Central,D,Demand,33180,megawatthours,2026-02-16 17:00:00,33180.0
2026-02-16T17,CENT,Central,DF,Day-ahead demand forecast,34401,megawatthours,2026-02-16 17:00:00,34401.0
2026-02-16T17,CENT,Central,NG,Net generation,34029,megawatthours,2026-02-16 17:00:00,34029.0
2026-02-16T17,CENT,Central,TI,Total interchange,849,megawatthours,2026-02-16 17:00:00,849.0
2026-02-16T16,CENT,Central,D,Demand,33179,megawatthours,2026-02-16 16:00:00,33179.0
2026-02-16T16,CENT,Central,DF,Day-ahead demand forecast,34984,megawatthours,2026-02-16 16:00:00,34984.0
2026-02-16T16,CENT,Central,NG,Net generation,34041,megawatthours,2026-02-16 16:00:00,34041.0
2026-02-16T16,CENT,Central,TI,Total interchange,861,megawatthours,2026-02-16 16:00:00,861.0
2026-02-16T15,CENT,Central,D,Demand,33561,megawatthours,2026-02-16 15:00:00,33561.0
2026-02-16T15,CENT,Central,DF,Day-ahead demand forecast,35269,megawatthours,2026-02-16 15:00:00,35269.0
2026-02-16T15,CENT,Central,NG,Net generation,34759,megawatthours,2026-02-16 15:00:00,34759.0
2026-02-16T15,CENT,Central,TI,Total interchange,1198,megawatthours,2026-02-16 15:00:00,1198.0
2026-02-16T14,CENT,Central,D,Demand,33512,megawatthours,2026-02-16 14:00:00,33512.0
2026-02-16T14,CENT,Central,DF,Day-ahead demand forecast,35030,megawatthours,2026-02-16 14:00:00,35030.0
2026-02-16T14,CENT,Central,NG,Net generation,34548,megawatthours,2026-02-16 14:00:00,34548.0
2026-02-16T14,CENT,Central,TI,Total interchange,1036,megawatthours,2026-02-16 14:00:00,1036.0
2026-02-16T13,CENT,Central,D,Demand,32302,megawatthours,2026-02-16 13:00:00,32302.0
2026-02-16T13,CENT,Central,DF,Day-ahead demand forecast,34390,megawatthours,2026-02-16 13:00:00,34390.0
2026-02-16T13,CENT,Central,NG,Net generation,33572,megawatthours,2026-02-16 13:00:00,33572.0
2026-02-16T13,CENT,Central,TI,Total interchange,1271,megawatthours,2026-02-16 13:00:00,1271.0
2026-02-16T12,CENT,Central,D,Demand,30542,megawatthours,2026-02-16 12:00:00,30542.0
2026-02-16T12,CENT,Central,DF,Day-ahead demand forecast,33180,megawatthours,2026-02-16 12:00:00,33180.0
2026-02-16T12,CENT,Central,NG,Net generation,31786,megawatthours,2026-02-16 12:00:00,31786.0
2026-02-16T12,CENT,Central,TI,Total interchange,1245,megawatthours,2026-02-16 12:00:00,1245.0
2026-02-16T11,CENT,Central,D,Demand,29366,megawatthours,2026-02-16 11:00:00,29366.0
2026-02-16T11,CENT,Central,DF,Day-ahead demand forecast,32498,megawatthours,2026-02-16 11:00:00,32498.0
2026-02-16T11,CENT,Central,NG,Net generation,30683,megawatthours,2026-02-16 11:00:00,30683.0
2026-02-16T11,CENT,Central,TI,Total interchange,1318,megawatthours,2026-02-16 11:00:00,1318.0
2026-02-16T10,CENT,Central,D,Demand,28756,megawatthours,2026-02-16 10:00:00,28756.0
2026-02-16T10,CENT,Central,DF,Day-ahead demand forecast,32196,megawatthours,2026-02-16 10:00:00,32196.0
2026-02-16T10,CENT,Central,NG,Net generation,29680,megawatthours,2026-02-16 10:00:00,29680.0
2026-02-16T10,CENT,Central,TI,Total interchange,924,megawatthours,2026-02-16 10:00:00,924.0
2026-02-16T09,CENT,Central,D,Demand,28461,megawatthours,2026-02-16 09:00:00,28461.0
2026-02-16T09,CENT,Central,DF,Day-ahead demand forecast,32083,megawatthours,2026-02-16 09:00:00,32083.0
2026-02-16T09,CENT,Central,NG,Net generation,29339,megawatthours,2026-02-16 09:00:00,29339.0
2026-02-16T09,CENT,Central,TI,Total interchange,878,megawatthours,2026-02-16 09:00:00,878.0
2026-02-16T08,CENT,Central,D,Demand,28431,megawatthours,2026-02-16 08:00:00,28431.0
2026-02-16T08,CENT,Central,DF,Day-ahead demand forecast,32043,megawatthours,2026-02-16 08:00:00,32043.0
2026-02-16T08,CENT,Central,NG,Net generation,29475,megawatthours,2026-02-16 08:00:00,29475.0
2026-02-16T08,CENT,Central,TI,Total interchange,1043,megawatthours,2026-02-16 08:00:00,1043.0
2026-02-16T07,CENT,Central,D,Demand,28607,megawatthours,2026-02-16 07:00:00,28607.0
2026-02-16T07,CENT,Central,DF,Day-ahead demand forecast,32311,megawatthours,2026-02-16 07:00:00,32311.0
2026-02-16T07,CENT,Central,NG,Net generation,29816,megawatthours,2026-02-16 07:00:00,29816.0
2026-02-16T07,CENT,Central,TI,Total interchange,1209,megawatthours,2026-02-16 07:00:00,1209.0
2026-02-16T06,CENT,Central,D,Demand,29017,megawatthours,2026-02-16 06:00:00,29017.0
2026-02-16T06,CENT,Central,DF,Day-ahead demand forecast,33031,megawatthours,2026-02-16 06:00:00,33031.0
2026-02-16T06,CENT,Central,NG,Net generation,30194,megawatthours,2026-02-16 06:00:00,30194.0
2026-02-16T06,CENT,Central,TI,Total interchange,1177,megawatthours,2026-02-16 06:00:00,1177.0
2026-02-16T05,CENT,Central,D,Demand,29799,megawatthours,2026-02-16 05:00:00,29799.0
2026-02-16T05,CENT,Central,DF,Day-ahead demand forecast,33664,megawatthours,2026-02-16 05:00:00,33664.0
2026-02-16T05,CENT,Central,NG,Net generation,30906,megawatthours,2026-02-16 05:00:00,30906.0
2026-02-16T05,CENT,Central,TI,Total interchange,1106,megawatthours,2026-02-16 05:00:00,1106.0
2026-02-16T04,CENT,Central,D,Demand,30561,megawatthours,2026-02-16 04:00:00,30561.0
2026-02-16T04,CENT,Central,DF,Day-ahead demand forecast,34271,megawatthours,2026-02-16 04:00:00,34271.0
2026-02-16T04,CENT,Central,NG,Net generation,31164,megawatthours,2026-02-16 04:00:00,31164.0
2026-02-16T04,CENT,Central,TI,Total interchange,602,megawatthours,2026-02-16 04:00:00,602.0
2026-02-16T03,CENT,Central,D,Demand,31136,megawatthours,2026-02-16 03:00:00,31136.0
2026-02-16T03,CENT,Central,DF,Day-ahead demand forecast,34684,megawatthours,2026-02-16 03:00:00,34684.0
2026-02-16T03,CENT,Central,NG,Net generation,32112,megawatthours,2026-02-16 03:00:00,32112.0
2026-02-16T03,CENT,Central,TI,Total interchange,976,megawatthours,2026-02-16 03:00:00,976.0
2026-02-16T02,CENT,Central,D,Demand,31499,megawatthours,2026-02-16 02:00:00,31499.0
2026-02-16T02,CENT,Central,DF,Day-ahead demand forecast,34806,megawatthours,2026-02-16 02:00:00,34806.0
2026-02-16T02,CENT,Central,NG,Net generation,33055,megawatthours,2026-02-16 02:00:00,33055.0
2026-02-16T02,CENT,Central,TI,Total interchange,1555,megawatthours,2026-02-16 02:00:00,1555.0
2026-02-16T01,CENT,Central,D,Demand,31312,megawatthours,2026-02-16 01:00:00,31312.0
2026-02-16T01,CENT,Central,DF,Day-ahead demand forecast,34656,megawatthours,2026-02-16 01:00:00,34656.0
2026-02-16T01,CENT,Central,NG,Net generation,32713,megawatthours,2026-02-16 01:00:00,32713.0
2026-02-16T01,CENT,Central,TI,Total interchange,1401,megawatthours,2026-02-16 01:00:00,1401.0
2026-02-16T00,CENT,Central,D,Demand,30269,megawatthours,2026-02-16 00:00:00,30269.0
2026-02-16T00,CENT,Central,DF,Day-ahead demand forecast,33740,megawatthours,2026-02-16 00:00:00,33740.0
2026-02-16T00,CENT,Central,NG,Net generation,30999,megawatthours,2026-02-16 00:00:00,30999.0
2026-02-16T00,CENT,Central,TI,Total interchange,731,megawatthours,2026-02-16 00:00:00,731.0
2026-02-15T23,CENT,Central,D,Demand,29565,megawatthours,2026-02-15 23:00:00,29565.0
2026-02-15T23,CENT,Central,DF,Day-ahead demand forecast,33027,megawatthours,2026-02-15 23:00:00,33027.0
2026-02-15T23,CENT,Central,NG,Net generation,29541,megawatthours,2026-02-15 23:00:00,29541.0
2026-02-15T23,CENT,Central,TI,Total interchange,-24,megawatthours,2026-02-15 23:00:00,-24.0
2026-02-15T22,CENT,Central,D,Demand,29198,megawatthours,2026-02-15 22:00:00,29198.0
2026-02-15T22,CENT,Central,DF,Day-ahead demand forecast,32775,megawatthours,2026-02-15 22:00:00,32775.0
2026-02-15T22,CENT,Central,NG,Net generation,28933,megawatthours,2026-02-15 22:00:00,28933.0
2026-02-15T22,CENT,Central,TI,Total interchange,-265,megawatthours,2026-02-15 22:00:00,-265.0
2026-02-15T21,CENT,Central,D,Demand,29080,megawatthours,2026-02-15 21:00:00,29080.0
2026-02-15T21,CENT,Central,DF,Day-ahead demand forecast,32727,megawatthours,2026-02-15 21:00:00,32727.0
2026-02-15T21,CENT,Central,NG,Net generation,28760,megawatthours,2026-02-15 21:00:00,28760.0
2026-02-15T21,CENT,Central,TI,Total interchange,-321,megawatthours,2026-02-15 21:00:00,-321.0
2026-02-15T20,CENT,Central,D,Demand,29162,megawatthours,2026-02-15 20:00:00,29162.0
2026-02-15T20,CENT,Central,DF,Day-ahead demand forecast,32940,megawatthours,2026-02-15 20:00:00,32940.0
2026-02-15T20,CENT,Central,NG,Net generation,28997,megawatthours,2026-02-15 20:00:00,28997.0
2026-02-15T20,CENT,Central,TI,Total interchange,-165,megawatthours,2026-02-15 20:00:00,-165.0
2026-02-15T19,CENT,Central,D,Demand,29376,megawatthours,2026-02-15 19:00:00,29376.0
2026-02-15T19,CENT,Central,DF,Day-ahead demand forecast,33257,megawatthours,2026-02-15 19:00:00,33257.0
2026-02-15T19,CENT,Central,NG,Net generation,28508,megawatthours,2026-02-15 19:00:00,28508.0
2026-02-15T19,CENT,Central,TI,Total interchange,-868,megawatthours,2026-02-15 19:00:00,-868.0
2026-02-15T18,CENT,Central,D,Demand,29567,megawatthours,2026-02-15 18:00:00,29567.0
2026-02-15T18,CENT,Central,DF,Day-ahead demand forecast,33524,megawatthours,2026-02-15 18:00:00,33524.0
2026-02-15T18,CENT,Central,NG,Net generation,28555,megawatthours,2026-02-15 18:00:00,28555.0
2026-02-15T18,CENT,Central,TI,Total interchange,-1012,megawatthours,2026-02-15 18:00:00,-1012.0
2026-02-15T17,CENT,Central,D,Demand,30026,megawatthours,2026-02-15 17:00:00,30026.0
2026-02-15T17,CENT,Central,DF,Day-ahead demand forecast,33989,megawatthours,2026-02-15 17:00:00,33989.0
2026-02-15T17,CENT,Central,NG,Net generation,28908,megawatthours,2026-02-15 17:00:00,28908.0
2026-02-15T17,CENT,Central,TI,Total interchange,-1119,megawatthours,2026-02-15 17:00:00,-1119.0
2026-02-15T16,CENT,Central,D,Demand,30417,megawatthours,2026-02-15 16:00:00,30417.0
2026-02-15T16,CENT,Central,DF,Day-ahead demand forecast,34644,megawatthours,2026-02-15 16:00:00,34644.0
2026-02-15T16,CENT,Central,NG,Net generation,29607,megawatthours,2026-02-15 16:00:00,29607.0
2026-02-15T16,CENT,Central,TI,Total interchange,-810,megawatthours,2026-02-15 16:00:00,-810.0
2026-02-15T15,CENT,Central,D,Demand,30335,megawatthours,2026-02-15 15:00:00,30335.0
2026-02-15T15,CENT,Central,DF,Day-ahead demand forecast,35113,megawatthours,2026-02-15 15:00:00,35113.0
2026-02-15T15,CENT,Central,NG,Net generation,30426,megawatthours,2026-02-15 15:00:00,30426.0
2026-02-15T15,CENT,Central,TI,Total interchange,91,megawatthours,2026-02-15 15:00:00,91.0
2026-02-15T14,CENT,Central,D,Demand,29798,megawatthours,2026-02-15 14:00:00,29798.0
2026-02-15T14,CENT,Central,DF,Day-ahead demand forecast,34919,megawatthours,2026-02-15 14:00:00,34919.0
2026-02-15T14,CENT,Central,NG,Net generation,30256,megawatthours,2026-02-15 14:00:00,30256.0
2026-02-15T14,CENT,Central,TI,Total interchange,459,megawatthours,2026-02-15 14:00:00,459.0
2026-02-15T13,CENT,Central,D,Demand,29013,megawatthours,2026-02-15 13:00:00,29013.0
2026-02-15T13,CENT,Central,DF,Day-ahead demand forecast,33934,megawatthours,2026-02-15 13:00:00,33934.0
2026-02-15T13,CENT,Central,NG,Net generation,29909,megawatthours,2026-02-15 13:00:00,29909.0
2026-02-15T13,CENT,Central,TI,Total interchange,896,megawatthours,2026-02-15 13:00:00,896.0
2026-02-15T12,CENT,Central,D,Demand,28268,megawatthours,2026-02-15 12:00:00,28268.0
2026-02-15T12,CENT,Central,DF,Day-ahead demand forecast,32918,megawatthours,2026-02-15 12:00:00,32918.0
2026-02-15T12,CENT,Central,NG,Net generation,29581,megawatthours,2026-02-15 12:00:00,29581.0
2026-02-15T12,CENT,Central,TI,Total interchange,1314,megawatthours,2026-02-15 12:00:00,1314.0
2026-02-15T11,CENT,Central,D,Demand,27864,megawatthours,2026-02-15 11:00:00,27864.0
2026-02-15T11,CENT,Central,DF,Day-ahead demand forecast,32241,megawatthours,2026-02-15 11:00:00,32241.0
2026-02-15T11,CENT,Central,NG,Net generation,29146,megawatthours,2026-02-15 11:00:00,29146.0
2026-02-15T11,CENT,Central,TI,Total interchange,1281,megawatthours,2026-02-15 11:00:00,1281.0
2026-02-15T10,CENT,Central,D,Demand,27673,megawatthours,2026-02-15 10:00:00,27673.0
2026-02-15T10,CENT,Central,DF,Day-ahead demand forecast,31979,megawatthours,2026-02-15 10:00:00,31979.0
2026-02-15T10,CENT,Central,NG,Net generation,29362,megawatthours,2026-02-15 10:00:00,29362.0
2026-02-15T10,CENT,Central,TI,Total interchange,1689,megawatthours,2026-02-15 10:00:00,1689.0
2026-02-15T09,CENT,Central,D,Demand,27706,megawatthours,2026-02-15 09:00:00,27706.0
2026-02-15T09,CENT,Central,DF,Day-ahead demand forecast,31822,megawatthours,2026-02-15 09:00:00,31822.0
2026-02-15T09,CENT,Central,NG,Net generation,29405,megawatthours,2026-02-15 09:00:00,29405.0
2026-02-15T09,CENT,Central,TI,Total interchange,1698,megawatthours,2026-02-15 09:00:00,1698.0
2026-02-15T08,CENT,Central,D,Demand,27844,megawatthours,2026-02-15 08:00:00,27844.0
2026-02-15T08,CENT,Central,DF,Day-ahead demand forecast,31753,megawatthours,2026-02-15 08:00:00,31753.0
2026-02-15T08,CENT,Central,NG,Net generation,29680,megawatthours,2026-02-15 08:00:00,29680.0
2026-02-15T08,CENT,Central,TI,Total interchange,1837,megawatthours,2026-02-15 08:00:00,1837.0
2026-02-15T07,CENT,Central,D,Demand,28315,megawatthours,2026-02-15 07:00:00,28315.0
2026-02-15T07,CENT,Central,DF,Day-ahead demand forecast,32038,megawatthours,2026-02-15 07:00:00,32038.0
2026-02-15T07,CENT,Central,NG,Net generation,30290,megawatthours,2026-02-15 07:00:00,30290.0
2026-02-15T07,CENT,Central,TI,Total interchange,1975,megawatthours,2026-02-15 07:00:00,1975.0
2026-02-15T06,CENT,Central,D,Demand,28936,megawatthours,2026-02-15 06:00:00,28936.0
2026-02-15T06,CENT,Central,DF,Day-ahead demand forecast,33093,megawatthours,2026-02-15 06:00:00,33093.0
2026-02-15T06,CENT,Central,NG,Net generation,30180,megawatthours,2026-02-15 06:00:00,30180.0
2026-02-15T06,CENT,Central,TI,Total interchange,1243,megawatthours,2026-02-15 06:00:00,1243.0
2026-02-15T05,CENT,Central,D,Demand,29652,megawatthours,2026-02-15 05:00:00,29652.0
2026-02-15T05,CENT,Central,DF,Day-ahead demand forecast,33737,megawatthours,2026-02-15 05:00:00,33737.0
2026-02-15T05,CENT,Central,NG,Net generation,30870,megawatthours,2026-02-15 05:00:00,30870.0
2026-02-15T05,CENT,Central,TI,Total interchange,1218,megawatthours,2026-02-15 05:00:00,1218.0
2026-02-15T04,CENT,Central,D,Demand,30313,megawatthours,2026-02-15 04:00:00,30313.0
2026-02-15T04,CENT,Central,DF,Day-ahead demand forecast,34382,megawatthours,2026-02-15 04:00:00,34382.0
2026-02-15T04,CENT,Central,NG,Net generation,31672,megawatthours,2026-02-15 04:00:00,31672.0
2026-02-15T04,CENT,Central,TI,Total interchange,1358,megawatthours,2026-02-15 04:00:00,1358.0
2026-02-15T03,CENT,Central,D,Demand,30752,megawatthours,2026-02-15 03:00:00,30752.0
2026-02-15T03,CENT,Central,DF,Day-ahead demand forecast,34662,megawatthours,2026-02-15 03:00:00,34662.0
2026-02-15T03,CENT,Central,NG,Net generation,32284,megawatthours,2026-02-15 03:00:00,32284.0
2026-02-15T03,CENT,Central,TI,Total interchange,1531,megawatthours,2026-02-15 03:00:00,1531.0
2026-02-15T02,CENT,Central,D,Demand,31060,megawatthours,2026-02-15 02:00:00,31060.0
2026-02-15T02,CENT,Central,DF,Day-ahead demand forecast,34936,megawatthours,2026-02-15 02:00:00,34936.0
2026-02-15T02,CENT,Central,NG,Net generation,32812,megawatthours,2026-02-15 02:00:00,32812.0
2026-02-15T02,CENT,Central,TI,Total interchange,1753,megawatthours,2026-02-15 02:00:00,1753.0
2026-02-15T01,CENT,Central,D,Demand,31286,megawatthours,2026-02-15 01:00:00,31286.0
2026-02-15T01,CENT,Central,DF,Day-ahead demand forecast,34749,megawatthours,2026-02-15 01:00:00,34749.0
2026-02-15T01,CENT,Central,NG,Net generation,32836,megawatthours,2026-02-15 01:00:00,32836.0
2026-02-15T01,CENT,Central,TI,Total interchange,1551,megawatthours,2026-02-15 01:00:00,1551.0
2026-02-15T00,CENT,Central,D,Demand,30932,megawatthours,2026-02-15 00:00:00,30932.0
2026-02-15T00,CENT,Central,DF,Day-ahead demand forecast,33931,megawatthours,2026-02-15 00:00:00,33931.0
2026-02-15T00,CENT,Central,NG,Net generation,32292,megawatthours,2026-02-15 00:00:00,32292.0
2026-02-15T00,CENT,Central,TI,Total interchange,1360,megawatthours,2026-02-15 00:00:00,1360.0
2026-02-14T23,CENT,Central,D,Demand,30536,megawatthours,2026-02-14 23:00:00,30536.0
2026-02-14T23,CENT,Central,DF,Day-ahead demand forecast,33411,megawatthours,2026-02-14 23:00:00,33411.0
2026-02-14T23,CENT,Central,NG,Net generation,31524,megawatthours,2026-02-14 23:00:00,31524.0
2026-02-14T23,CENT,Central,TI,Total interchange,988,megawatthours,2026-02-14 23:00:00,988.0
2026-02-14T22,CENT,Central,D,Demand,30276,megawatthours,2026-02-14 22:00:00,30276.0
2026-02-14T22,CENT,Central,DF,Day-ahead demand forecast,33076,megawatthours,2026-02-14 22:00:00,33076.0
2026-02-14T22,CENT,Central,NG,Net generation,30767,megawatthours,2026-02-14 22:00:00,30767.0
2026-02-14T22,CENT,Central,TI,Total interchange,491,megawatthours,2026-02-14 22:00:00,491.0
2026-02-14T21,CENT,Central,D,Demand,30355,megawatthours,2026-02-14 21:00:00,30355.0
2026-02-14T21,CENT,Central,DF,Day-ahead demand forecast,33203,megawatthours,2026-02-14 21:00:00,33203.0
2026-02-14T21,CENT,Central,NG,Net generation,30627,megawatthours,2026-02-14 21:00:00,30627.0
2026-02-14T21,CENT,Central,TI,Total interchange,273,megawatthours,2026-02-14 21:00:00,273.0
2026-02-14T20,CENT,Central,D,Demand,30550,megawatthours,2026-02-14 20:00:00,30550.0
2026-02-14T20,CENT,Central,DF,Day-ahead demand forecast,33490,megawatthours,2026-02-14 20:00:00,33490.0
2026-02-14T20,CENT,Central,NG,Net generation,30560,megawatthours,2026-02-14 20:00:00,30560.0
2026-02-14T20,CENT,Central,TI,Total interchange,10,megawatthours,2026-02-14 20:00:00,10.0
2026-02-14T19,CENT,Central,D,Demand,30807,megawatthours,2026-02-14 19:00:00,30807.0
2026-02-14T19,CENT,Central,DF,Day-ahead demand forecast,33814,megawatthours,2026-02-14 19:00:00,33814.0
2026-02-14T19,CENT,Central,NG,Net generation,30734,megawatthours,2026-02-14 19:00:00,30734.0
2026-02-14T19,CENT,Central,TI,Total interchange,-73,megawatthours,2026-02-14 19:00:00,-73.0
2026-02-14T18,CENT,Central,D,Demand,30969,megawatthours,2026-02-14 18:00:00,30969.0
2026-02-14T18,CENT,Central,DF,Day-ahead demand forecast,34127,megawatthours,2026-02-14 18:00:00,34127.0
2026-02-14T18,CENT,Central,NG,Net generation,30992,megawatthours,2026-02-14 18:00:00,30992.0
2026-02-14T18,CENT,Central,TI,Total interchange,23,megawatthours,2026-02-14 18:00:00,23.0
2026-02-14T17,CENT,Central,D,Demand,31028,megawatthours,2026-02-14 17:00:00,31028.0
2026-02-14T17,CENT,Central,DF,Day-ahead demand forecast,34405,megawatthours,2026-02-14 17:00:00,34405.0
2026-02-14T17,CENT,Central,NG,Net generation,31195,megawatthours,2026-02-14 17:00:00,31195.0
2026-02-14T17,CENT,Central,TI,Total interchange,166,megawatthours,2026-02-14 17:00:00,166.0
2026-02-14T16,CENT,Central,D,Demand,30730,megawatthours,2026-02-14 16:00:00,30730.0
2026-02-14T16,CENT,Central,DF,Day-ahead demand forecast,34928,megawatthours,2026-02-14 16:00:00,34928.0
2026-02-14T16,CENT,Central,NG,Net generation,30683,megawatthours,2026-02-14 16:00:00,30683.0
2026-02-14T16,CENT,Central,TI,Total interchange,-46,megawatthours,2026-02-14 16:00:00,-46.0
2026-02-14T15,CENT,Central,D,Demand,30223,megawatthours,2026-02-14 15:00:00,30223.0
2026-02-14T15,CENT,Central,DF,Day-ahead demand forecast,35269,megawatthours,2026-02-14 15:00:00,35269.0
2026-02-14T15,CENT,Central,NG,Net generation,30310,megawatthours,2026-02-14 15:00:00,30310.0
2026-02-14T15,CENT,Central,TI,Total interchange,87,megawatthours,2026-02-14 15:00:00,87.0
2026-02-14T14,CENT,Central,D,Demand,29558,megawatthours,2026-02-14 14:00:00,29558.0
2026-02-14T14,CENT,Central,DF,Day-ahead demand forecast,35075,megawatthours,2026-02-14 14:00:00,35075.0
2026-02-14T14,CENT,Central,NG,Net generation,29764,megawatthours,2026-02-14 14:00:00,29764.0
2026-02-14T14,CENT,Central,TI,Total interchange,206,megawatthours,2026-02-14 14:00:00,206.0
2026-02-14T13,CENT,Central,D,Demand,28733,megawatthours,2026-02-14 13:00:00,28733.0
2026-02-14T13,CENT,Central,DF,Day-ahead demand forecast,34295,megawatthours,2026-02-14 13:00:00,34295.0
2026-02-14T13,CENT,Central,NG,Net generation,29452,megawatthours,2026-02-14 13:00:00,29452.0
2026-02-14T13,CENT,Central,TI,Total interchange,720,megawatthours,2026-02-14 13:00:00,720.0
2026-02-14T12,CENT,Central,D,Demand,27876,megawatthours,2026-02-14 12:00:00,27876.0
2026-02-14T12,CENT,Central,DF,Day-ahead demand forecast,33204,megawatthours,2026-02-14 12:00:00,33204.0
2026-02-14T12,CENT,Central,NG,Net generation,28603,megawatthours,2026-02-14 12:00:00,28603.0
2026-02-14T12,CENT,Central,TI,Total interchange,727,megawatthours,2026-02-14 12:00:00,727.0
2026-02-14T11,CENT,Central,D,Demand,27552,megawatthours,2026-02-14 11:00:00,27552.0
2026-02-14T11,CENT,Central,DF,Day-ahead demand forecast,32492,megawatthours,2026-02-14 11:00:00,32492.0
2026-02-14T11,CENT,Central,NG,Net generation,28648,megawatthours,2026-02-14 11:00:00,28648.0
2026-02-14T11,CENT,Central,TI,Total interchange,1096,megawatthours,2026-02-14 11:00:00,1096.0
2026-02-14T10,CENT,Central,D,Demand,27482,megawatthours,2026-02-14 10:00:00,27482.0
2026-02-14T10,CENT,Central,DF,Day-ahead demand forecast,32079,megawatthours,2026-02-14 10:00:00,32079.0
2026-02-14T10,CENT,Central,NG,Net generation,28834,megawatthours,2026-02-14 10:00:00,28834.0
2026-02-14T10,CENT,Central,TI,Total interchange,1353,megawatthours,2026-02-14 10:00:00,1353.0
2026-02-14T09,CENT,Central,D,Demand,27475,megawatthours,2026-02-14 09:00:00,27475.0
2026-02-14T09,CENT,Central,DF,Day-ahead demand forecast,32049,megawatthours,2026-02-14 09:00:00,32049.0
2026-02-14T09,CENT,Central,NG,Net generation,28941,megawatthours,2026-02-14 09:00:00,28941.0
2026-02-14T09,CENT,Central,TI,Total interchange,1465,megawatthours,2026-02-14 09:00:00,1465.0
2026-02-14T08,CENT,Central,D,Demand,27661,megawatthours,2026-02-14 08:00:00,27661.0
2026-02-14T08,CENT,Central,DF,Day-ahead demand forecast,32013,megawatthours,2026-02-14 08:00:00,32013.0
2026-02-14T08,CENT,Central,NG,Net generation,29263,megawatthours,2026-02-14 08:00:00,29263.0
2026-02-14T08,CENT,Central,TI,Total interchange,1602,megawatthours,2026-02-14 08:00:00,1602.0
2026-02-14T07,CENT,Central,D,Demand,28168,megawatthours,2026-02-14 07:00:00,28168.0
2026-02-14T07,CENT,Central,DF,Day-ahead demand forecast,32397,megawatthours,2026-02-14 07:00:00,32397.0
2026-02-14T07,CENT,Central,NG,Net generation,30040,megawatthours,2026-02-14 07:00:00,30040.0
2026-02-14T07,CENT,Central,TI,Total interchange,1871,megawatthours,2026-02-14 07:00:00,1871.0
2026-02-14T06,CENT,Central,D,Demand,28915,megawatthours,2026-02-14 06:00:00,28915.0
2026-02-14T06,CENT,Central,DF,Day-ahead demand forecast,36215,megawatthours,2026-02-14 06:00:00,36215.0
2026-02-14T06,CENT,Central,NG,Net generation,30581,megawatthours,2026-02-14 06:00:00,30581.0
2026-02-14T06,CENT,Central,TI,Total interchange,1665,megawatthours,2026-02-14 06:00:00,1665.0
2026-02-14T05,CENT,Central,D,Demand,29856,megawatthours,2026-02-14 05:00:00,29856.0
2026-02-14T05,CENT,Central,DF,Day-ahead demand forecast,37128,megawatthours,2026-02-14 05:00:00,37128.0
2026-02-14T05,CENT,Central,NG,Net generation,31550,megawatthours,2026-02-14 05:00:00,31550.0
2026-02-14T05,CENT,Central,TI,Total interchange,1693,megawatthours,2026-02-14 05:00:00,1693.0
2026-02-14T04,CENT,Central,D,Demand,30569,megawatthours,2026-02-14 04:00:00,30569.0
2026-02-14T04,CENT,Central,DF,Day-ahead demand forecast,37897,megawatthours,2026-02-14 04:00:00,37897.0
2026-02-14T04,CENT,Central,NG,Net generation,31573,megawatthours,2026-02-14 04:00:00,31573.0
2026-02-14T04,CENT,Central,TI,Total interchange,1004,megawatthours,2026-02-14 04:00:00,1004.0
2026-02-14T03,CENT,Central,D,Demand,31100,megawatthours,2026-02-14 03:00:00,31100.0
2026-02-14T03,CENT,Central,DF,Day-ahead demand forecast,38363,megawatthours,2026-02-14 03:00:00,38363.0
2026-02-14T03,CENT,Central,NG,Net generation,32326,megawatthours,2026-02-14 03:00:00,32326.0
2026-02-14T03,CENT,Central,TI,Total interchange,1225,megawatthours,2026-02-14 03:00:00,1225.0
2026-02-14T02,CENT,Central,D,Demand,31490,megawatthours,2026-02-14 02:00:00,31490.0
2026-02-14T02,CENT,Central,DF,Day-ahead demand forecast,38526,megawatthours,2026-02-14 02:00:00,38526.0
2026-02-14T02,CENT,Central,NG,Net generation,32606,megawatthours,2026-02-14 02:00:00,32606.0
2026-02-14T02,CENT,Central,TI,Total interchange,1116,megawatthours,2026-02-14 02:00:00,1116.0
2026-02-14T01,CENT,Central,D,Demand,31679,megawatthours,2026-02-14 01:00:00,31679.0
2026-02-14T01,CENT,Central,DF,Day-ahead demand forecast,38571,megawatthours,2026-02-14 01:00:00,38571.0
2026-02-14T01,CENT,Central,NG,Net generation,32764,megawatthours,2026-02-14 01:00:00,32764.0
2026-02-14T01,CENT,Central,TI,Total interchange,1085,megawatthours,2026-02-14 01:00:00,1085.0
2026-02-14T00,CENT,Central,D,Demand,31266,megawatthours,2026-02-14 00:00:00,31266.0
2026-02-14T00,CENT,Central,DF,Day-ahead demand forecast,37797,megawatthours,2026-02-14 00:00:00,37797.0
2026-02-14T00,CENT,Central,NG,Net generation,32288,megawatthours,2026-02-14 00:00:00,32288.0
2026-02-14T00,CENT,Central,TI,Total interchange,1023,megawatthours,2026-02-14 00:00:00,1023.0
2026-02-13T23,CENT,Central,D,Demand,31128,megawatthours,2026-02-13 23:00:00,31128.0
2026-02-13T23,CENT,Central,DF,Day-ahead demand forecast,37083,megawatthours,2026-02-13 23:00:00,37083.0
2026-02-13T23,CENT,Central,NG,Net generation,31649,megawatthours,2026-02-13 23:00:00,31649.0
2026-02-13T23,CENT,Central,TI,Total interchange,521,megawatthours,2026-02-13 23:00:00,521.0
2026-02-13T22,CENT,Central,D,Demand,31169,megawatthours,2026-02-13 22:00:00,31169.0
2026-02-13T22,CENT,Central,DF,Day-ahead demand forecast,36907,megawatthours,2026-02-13 22:00:00,36907.0
2026-02-13T22,CENT,Central,NG,Net generation,30971,megawatthours,2026-02-13 22:00:00,30971.0
2026-02-13T22,CENT,Central,TI,Total interchange,-198,megawatthours,2026-02-13 22:00:00,-198.0
2026-02-13T21,CENT,Central,D,Demand,31335,megawatthours,2026-02-13 21:00:00,31335.0
2026-02-13T21,CENT,Central,DF,Day-ahead demand forecast,37158,megawatthours,2026-02-13 21:00:00,37158.0
2026-02-13T21,CENT,Central,NG,Net generation,30813,megawatthours,2026-02-13 21:00:00,30813.0
2026-02-13T21,CENT,Central,TI,Total interchange,-522,megawatthours,2026-02-13 21:00:00,-522.0
2026-02-13T20,CENT,Central,D,Demand,31572,megawatthours,2026-02-13 20:00:00,31572.0
2026-02-13T20,CENT,Central,DF,Day-ahead demand forecast,37424,megawatthours,2026-02-13 20:00:00,37424.0
2026-02-13T20,CENT,Central,NG,Net generation,30798,megawatthours,2026-02-13 20:00:00,30798.0
2026-02-13T20,CENT,Central,TI,Total interchange,-774,megawatthours,2026-02-13 20:00:00,-774.0
2026-02-13T19,CENT,Central,D,Demand,31841,megawatthours,2026-02-13 19:00:00,31841.0
2026-02-13T19,CENT,Central,DF,Day-ahead demand forecast,37678,megawatthours,2026-02-13 19:00:00,37678.0
2026-02-13T19,CENT,Central,NG,Net generation,30872,megawatthours,2026-02-13 19:00:00,30872.0
2026-02-13T19,CENT,Central,TI,Total interchange,-970,megawatthours,2026-02-13 19:00:00,-970.0
2026-02-13T18,CENT,Central,D,Demand,32269,megawatthours,2026-02-13 18:00:00,32269.0
2026-02-13T18,CENT,Central,DF,Day-ahead demand forecast,38280,megawatthours,2026-02-13 18:00:00,38280.0
2026-02-13T18,CENT,Central,NG,Net generation,31328,megawatthours,2026-02-13 18:00:00,31328.0
2026-02-13T18,CENT,Central,TI,Total interchange,-941,megawatthours,2026-02-13 18:00:00,-941.0
2026-02-13T17,CENT,Central,D,Demand,32814,megawatthours,2026-02-13 17:00:00,32814.0
2026-02-13T17,CENT,Central,DF,Day-ahead demand forecast,38918,megawatthours,2026-02-13 17:00:00,38918.0
2026-02-13T17,CENT,Central,NG,Net generation,32142,megawatthours,2026-02-13 17:00:00,32142.0
2026-02-13T17,CENT,Central,TI,Total interchange,-673,megawatthours,2026-02-13 17:00:00,-673.0
2026-02-13T16,CENT,Central,D,Demand,33516,megawatthours,2026-02-13 16:00:00,33516.0
2026-02-13T16,CENT,Central,DF,Day-ahead demand forecast,39467,megawatthours,2026-02-13 16:00:00,39467.0
2026-02-13T16,CENT,Central,NG,Net generation,32955,megawatthours,2026-02-13 16:00:00,32955.0
2026-02-13T16,CENT,Central,TI,Total interchange,-561,megawatthours,2026-02-13 16:00:00,-561.0
2026-02-13T15,CENT,Central,D,Demand,34247,megawatthours,2026-02-13 15:00:00,34247.0
2026-02-13T15,CENT,Central,DF,Day-ahead demand forecast,39880,megawatthours,2026-02-13 15:00:00,39880.0
2026-02-13T15,CENT,Central,NG,Net generation,34428,megawatthours,2026-02-13 15:00:00,34428.0
2026-02-13T15,CENT,Central,TI,Total interchange,180,megawatthours,2026-02-13 15:00:00,180.0
2026-02-13T14,CENT,Central,D,Demand,34496,megawatthours,2026-02-13 14:00:00,34496.0
2026-02-13T14,CENT,Central,DF,Day-ahead demand forecast,40126,megawatthours,2026-02-13 14:00:00,40126.0
2026-02-13T14,CENT,Central,NG,Net generation,35112,megawatthours,2026-02-13 14:00:00,35112.0
2026-02-13T14,CENT,Central,TI,Total interchange,617,megawatthours,2026-02-13 14:00:00,617.0
2026-02-13T13,CENT,Central,D,Demand,33573,megawatthours,2026-02-13 13:00:00,33573.0
2026-02-13T13,CENT,Central,DF,Day-ahead demand forecast,38833,megawatthours,2026-02-13 13:00:00,38833.0
2026-02-13T13,CENT,Central,NG,Net generation,34273,megawatthours,2026-02-13 13:00:00,34273.0
2026-02-13T13,CENT,Central,TI,Total interchange,1001,megawatthours,2026-02-13 13:00:00,1001.0
2026-02-13T12,CENT,Central,D,Demand,31309,megawatthours,2026-02-13 12:00:00,31309.0
2026-02-13T12,CENT,Central,DF,Day-ahead demand forecast,36852,megawatthours,2026-02-13 12:00:00,36852.0
2026-02-13T12,CENT,Central,NG,Net generation,32536,megawatthours,2026-02-13 12:00:00,32536.0
2026-02-13T12,CENT,Central,TI,Total interchange,1228,megawatthours,2026-02-13 12:00:00,1228.0
2026-02-13T11,CENT,Central,D,Demand,30069,megawatthours,2026-02-13 11:00:00,30069.0
2026-02-13T11,CENT,Central,DF,Day-ahead demand forecast,35596,megawatthours,2026-02-13 11:00:00,35596.0
2026-02-13T11,CENT,Central,NG,Net generation,31292,megawatthours,2026-02-13 11:00:00,31292.0
2026-02-13T11,CENT,Central,TI,Total interchange,1224,megawatthours,2026-02-13 11:00:00,1224.0
2026-02-13T10,CENT,Central,D,Demand,29440,megawatthours,2026-02-13 10:00:00,29440.0
2026-02-13T10,CENT,Central,DF,Day-ahead demand forecast,35027,megawatthours,2026-02-13 10:00:00,35027.0
2026-02-13T10,CENT,Central,NG,Net generation,30696,megawatthours,2026-02-13 10:00:00,30696.0
2026-02-13T10,CENT,Central,TI,Total interchange,1256,megawatthours,2026-02-13 10:00:00,1256.0
2026-02-13T09,CENT,Central,D,Demand,29216,megawatthours,2026-02-13 09:00:00,29216.0
2026-02-13T09,CENT,Central,DF,Day-ahead demand forecast,34504,megawatthours,2026-02-13 09:00:00,34504.0
2026-02-13T09,CENT,Central,NG,Net generation,30304,megawatthours,2026-02-13 09:00:00,30304.0
2026-02-13T09,CENT,Central,TI,Total interchange,1088,megawatthours,2026-02-13 09:00:00,1088.0
2026-02-13T08,CENT,Central,D,Demand,29236,megawatthours,2026-02-13 08:00:00,29236.0
2026-02-13T08,CENT,Central,DF,Day-ahead demand forecast,34513,megawatthours,2026-02-13 08:00:00,34513.0
2026-02-13T08,CENT,Central,NG,Net generation,29876,megawatthours,2026-02-13 08:00:00,29876.0
2026-02-13T08,CENT,Central,TI,Total interchange,640,megawatthours,2026-02-13 08:00:00,640.0
2026-02-13T07,CENT,Central,D,Demand,29497,megawatthours,2026-02-13 07:00:00,29497.0
2026-02-13T07,CENT,Central,DF,Day-ahead demand forecast,34672,megawatthours,2026-02-13 07:00:00,34672.0
2026-02-13T07,CENT,Central,NG,Net generation,29817,megawatthours,2026-02-13 07:00:00,29817.0
2026-02-13T07,CENT,Central,TI,Total interchange,321,megawatthours,2026-02-13 07:00:00,321.0
2026-02-13T06,CENT,Central,D,Demand,30023,megawatthours,2026-02-13 06:00:00,30023.0
2026-02-13T06,CENT,Central,DF,Day-ahead demand forecast,35790,megawatthours,2026-02-13 06:00:00,35790.0
2026-02-13T06,CENT,Central,NG,Net generation,30686,megawatthours,2026-02-13 06:00:00,30686.0
2026-02-13T06,CENT,Central,TI,Total interchange,662,megawatthours,2026-02-13 06:00:00,662.0
2026-02-13T05,CENT,Central,D,Demand,30914,megawatthours,2026-02-13 05:00:00,30914.0
2026-02-13T05,CENT,Central,DF,Day-ahead demand forecast,36631,megawatthours,2026-02-13 05:00:00,36631.0
2026-02-13T05,CENT,Central,NG,Net generation,31466,megawatthours,2026-02-13 05:00:00,31466.0
2026-02-13T05,CENT,Central,TI,Total interchange,551,megawatthours,2026-02-13 05:00:00,551.0
2026-02-13T04,CENT,Central,D,Demand,31781,megawatthours,2026-02-13 04:00:00,31781.0
2026-02-13T04,CENT,Central,DF,Day-ahead demand forecast,37543,megawatthours,2026-02-13 04:00:00,37543.0
2026-02-13T04,CENT,Central,NG,Net generation,32270,megawatthours,2026-02-13 04:00:00,32270.0
2026-02-13T04,CENT,Central,TI,Total interchange,489,megawatthours,2026-02-13 04:00:00,489.0
2026-02-13T03,CENT,Central,D,Demand,32407,megawatthours,2026-02-13 03:00:00,32407.0
2026-02-13T03,CENT,Central,DF,Day-ahead demand forecast,38151,megawatthours,2026-02-13 03:00:00,38151.0
2026-02-13T03,CENT,Central,NG,Net generation,33475,megawatthours,2026-02-13 03:00:00,33475.0
2026-02-13T03,CENT,Central,TI,Total interchange,1068,megawatthours,2026-02-13 03:00:00,1068.0
2026-02-13T02,CENT,Central,D,Demand,32631,megawatthours,2026-02-13 02:00:00,32631.0
2026-02-13T02,CENT,Central,DF,Day-ahead demand forecast,38354,megawatthours,2026-02-13 02:00:00,38354.0
2026-02-13T02,CENT,Central,NG,Net generation,33365,megawatthours,2026-02-13 02:00:00,33365.0
2026-02-13T02,CENT,Central,TI,Total interchange,734,megawatthours,2026-02-13 02:00:00,734.0
2026-02-13T01,CENT,Central,D,Demand,32348,megawatthours,2026-02-13 01:00:00,32348.0
2026-02-13T01,CENT,Central,DF,Day-ahead demand forecast,38321,megawatthours,2026-02-13 01:00:00,38321.0
2026-02-13T01,CENT,Central,NG,Net generation,32943,megawatthours,2026-02-13 01:00:00,32943.0
2026-02-13T01,CENT,Central,TI,Total interchange,596,megawatthours,2026-02-13 01:00:00,596.0
2026-02-13T00,CENT,Central,D,Demand,31425,megawatthours,2026-02-13 00:00:00,31425.0
2026-02-13T00,CENT,Central,DF,Day-ahead demand forecast,37477,megawatthours,2026-02-13 00:00:00,37477.0
2026-02-13T00,CENT,Central,NG,Net generation,31350,megawatthours,2026-02-13 00:00:00,31350.0
2026-02-13T00,CENT,Central,TI,Total interchange,-74,megawatthours,2026-02-13 00:00:00,-74.0
2026-02-12T23,CENT,Central,D,Demand,31060,megawatthours,2026-02-12 23:00:00,31060.0
2026-02-12T23,CENT,Central,DF,Day-ahead demand forecast,36667,megawatthours,2026-02-12 23:00:00,36667.0
2026-02-12T23,CENT,Central,NG,Net generation,30786,megawatthours,2026-02-12 23:00:00,30786.0
2026-02-12T23,CENT,Central,TI,Total interchange,-273,megawatthours,2026-02-12 23:00:00,-273.0
2026-02-12T22,CENT,Central,D,Demand,31047,megawatthours,2026-02-12 22:00:00,31047.0
2026-02-12T22,CENT,Central,DF,Day-ahead demand forecast,36335,megawatthours,2026-02-12 22:00:00,36335.0
2026-02-12T22,CENT,Central,NG,Net generation,30683,megawatthours,2026-02-12 22:00:00,30683.0
2026-02-12T22,CENT,Central,TI,Total interchange,-364,megawatthours,2026-02-12 22:00:00,-364.0
2026-02-12T21,CENT,Central,D,Demand,31324,megawatthours,2026-02-12 21:00:00,31324.0
2026-02-12T21,CENT,Central,DF,Day-ahead demand forecast,36432,megawatthours,2026-02-12 21:00:00,36432.0
2026-02-12T21,CENT,Central,NG,Net generation,30875,megawatthours,2026-02-12 21:00:00,30875.0
2026-02-12T21,CENT,Central,TI,Total interchange,-450,megawatthours,2026-02-12 21:00:00,-450.0
2026-02-12T20,CENT,Central,D,Demand,31693,megawatthours,2026-02-12 20:00:00,31693.0
2026-02-12T20,CENT,Central,DF,Day-ahead demand forecast,36725,megawatthours,2026-02-12 20:00:00,36725.0
2026-02-12T20,CENT,Central,NG,Net generation,31266,megawatthours,2026-02-12 20:00:00,31266.0
2026-02-12T20,CENT,Central,TI,Total interchange,-427,megawatthours,2026-02-12 20:00:00,-427.0
2026-02-12T19,CENT,Central,D,Demand,32068,megawatthours,2026-02-12 19:00:00,32068.0
2026-02-12T19,CENT,Central,DF,Day-ahead demand forecast,36937,megawatthours,2026-02-12 19:00:00,36937.0
2026-02-12T19,CENT,Central,NG,Net generation,31595,megawatthours,2026-02-12 19:00:00,31595.0
2026-02-12T19,CENT,Central,TI,Total interchange,-474,megawatthours,2026-02-12 19:00:00,-474.0
2026-02-12T18,CENT,Central,D,Demand,32676,megawatthours,2026-02-12 18:00:00,32676.0
2026-02-12T18,CENT,Central,DF,Day-ahead demand forecast,37634,megawatthours,2026-02-12 18:00:00,37634.0
2026-02-12T18,CENT,Central,NG,Net generation,32191,megawatthours,2026-02-12 18:00:00,32191.0
2026-02-12T18,CENT,Central,TI,Total interchange,-485,megawatthours,2026-02-12 18:00:00,-485.0
2026-02-12T17,CENT,Central,D,Demand,33480,megawatthours,2026-02-12 17:00:00,33480.0
2026-02-12T17,CENT,Central,DF,Day-ahead demand forecast,38301,megawatthours,2026-02-12 17:00:00,38301.0
2026-02-12T17,CENT,Central,NG,Net generation,32579,megawatthours,2026-02-12 17:00:00,32579.0
2026-02-12T17,CENT,Central,TI,Total interchange,-902,megawatthours,2026-02-12 17:00:00,-902.0
2026-02-12T16,CENT,Central,D,Demand,34328,megawatthours,2026-02-12 16:00:00,34328.0
2026-02-12T16,CENT,Central,DF,Day-ahead demand forecast,38938,megawatthours,2026-02-12 16:00:00,38938.0
2026-02-12T16,CENT,Central,NG,Net generation,33613,megawatthours,2026-02-12 16:00:00,33613.0
2026-02-12T16,CENT,Central,TI,Total interchange,-715,megawatthours,2026-02-12 16:00:00,-715.0
2026-02-12T15,CENT,Central,D,Demand,35379,megawatthours,2026-02-12 15:00:00,35379.0
2026-02-12T15,CENT,Central,DF,Day-ahead demand forecast,39504,megawatthours,2026-02-12 15:00:00,39504.0
2026-02-12T15,CENT,Central,NG,Net generation,36030,megawatthours,2026-02-12 15:00:00,36030.0
2026-02-12T15,CENT,Central,TI,Total interchange,650,megawatthours,2026-02-12 15:00:00,650.0
2026-02-12T14,CENT,Central,D,Demand,35786,megawatthours,2026-02-12 14:00:00,35786.0
2026-02-12T14,CENT,Central,DF,Day-ahead demand forecast,40124,megawatthours,2026-02-12 14:00:00,40124.0
2026-02-12T14,CENT,Central,NG,Net generation,36962,megawatthours,2026-02-12 14:00:00,36962.0
2026-02-12T14,CENT,Central,TI,Total interchange,1176,megawatthours,2026-02-12 14:00:00,1176.0
2026-02-12T13,CENT,Central,D,Demand,34633,megawatthours,2026-02-12 13:00:00,34633.0
2026-02-12T13,CENT,Central,DF,Day-ahead demand forecast,38700,megawatthours,2026-02-12 13:00:00,38700.0
2026-02-12T13,CENT,Central,NG,Net generation,36381,megawatthours,2026-02-12 13:00:00,36381.0
2026-02-12T13,CENT,Central,TI,Total interchange,1749,megawatthours,2026-02-12 13:00:00,1749.0
2026-02-12T12,CENT,Central,D,Demand,32466,megawatthours,2026-02-12 12:00:00,32466.0
2026-02-12T12,CENT,Central,DF,Day-ahead demand forecast,36413,megawatthours,2026-02-12 12:00:00,36413.0
2026-02-12T12,CENT,Central,NG,Net generation,34664,megawatthours,2026-02-12 12:00:00,34664.0
2026-02-12T12,CENT,Central,TI,Total interchange,2199,megawatthours,2026-02-12 12:00:00,2199.0
2026-02-12T11,CENT,Central,D,Demand,31111,megawatthours,2026-02-12 11:00:00,31111.0
2026-02-12T11,CENT,Central,DF,Day-ahead demand forecast,35127,megawatthours,2026-02-12 11:00:00,35127.0
2026-02-12T11,CENT,Central,NG,Net generation,33192,megawatthours,2026-02-12 11:00:00,33192.0
2026-02-12T11,CENT,Central,TI,Total interchange,2082,megawatthours,2026-02-12 11:00:00,2082.0
2026-02-12T10,CENT,Central,D,Demand,30572,megawatthours,2026-02-12 10:00:00,30572.0
2026-02-12T10,CENT,Central,DF,Day-ahead demand forecast,34556,megawatthours,2026-02-12 10:00:00,34556.0
2026-02-12T10,CENT,Central,NG,Net generation,32391,megawatthours,2026-02-12 10:00:00,32391.0
2026-02-12T10,CENT,Central,TI,Total interchange,1818,megawatthours,2026-02-12 10:00:00,1818.0
2026-02-12T09,CENT,Central,D,Demand,30427,megawatthours,2026-02-12 09:00:00,30427.0
2026-02-12T09,CENT,Central,DF,Day-ahead demand forecast,34243,megawatthours,2026-02-12 09:00:00,34243.0
2026-02-12T09,CENT,Central,NG,Net generation,32187,megawatthours,2026-02-12 09:00:00,32187.0
2026-02-12T09,CENT,Central,TI,Total interchange,1760,megawatthours,2026-02-12 09:00:00,1760.0
2026-02-12T08,CENT,Central,D,Demand,30216,megawatthours,2026-02-12 08:00:00,30216.0
2026-02-12T08,CENT,Central,DF,Day-ahead demand forecast,34206,megawatthours,2026-02-12 08:00:00,34206.0
2026-02-12T08,CENT,Central,NG,Net generation,31926,megawatthours,2026-02-12 08:00:00,31926.0
2026-02-12T08,CENT,Central,TI,Total interchange,1709,megawatthours,2026-02-12 08:00:00,1709.0
2026-02-12T07,CENT,Central,D,Demand,30527,megawatthours,2026-02-12 07:00:00,30527.0
2026-02-12T07,CENT,Central,DF,Day-ahead demand forecast,34443,megawatthours,2026-02-12 07:00:00,34443.0
2026-02-12T07,CENT,Central,NG,Net generation,32059,megawatthours,2026-02-12 07:00:00,32059.0
2026-02-12T07,CENT,Central,TI,Total interchange,1532,megawatthours,2026-02-12 07:00:00,1532.0
2026-02-12T06,CENT,Central,D,Demand,30997,megawatthours,2026-02-12 06:00:00,30997.0
2026-02-12T06,CENT,Central,DF,Day-ahead demand forecast,35129,megawatthours,2026-02-12 06:00:00,35129.0
2026-02-12T06,CENT,Central,NG,Net generation,32573,megawatthours,2026-02-12 06:00:00,32573.0
2026-02-12T06,CENT,Central,TI,Total interchange,1576,megawatthours,2026-02-12 06:00:00,1576.0
2026-02-12T05,CENT,Central,D,Demand,31825,megawatthours,2026-02-12 05:00:00,31825.0
2026-02-12T05,CENT,Central,DF,Day-ahead demand forecast,36067,megawatthours,2026-02-12 05:00:00,36067.0
2026-02-12T05,CENT,Central,NG,Net generation,33169,megawatthours,2026-02-12 05:00:00,33169.0
2026-02-12T05,CENT,Central,TI,Total interchange,1344,megawatthours,2026-02-12 05:00:00,1344.0
2026-02-12T04,CENT,Central,D,Demand,32764,megawatthours,2026-02-12 04:00:00,32764.0
2026-02-12T04,CENT,Central,DF,Day-ahead demand forecast,36991,megawatthours,2026-02-12 04:00:00,36991.0
2026-02-12T04,CENT,Central,NG,Net generation,34163,megawatthours,2026-02-12 04:00:00,34163.0
2026-02-12T04,CENT,Central,TI,Total interchange,1399,megawatthours,2026-02-12 04:00:00,1399.0
2026-02-12T03,CENT,Central,D,Demand,33268,megawatthours,2026-02-12 03:00:00,33268.0
2026-02-12T03,CENT,Central,DF,Day-ahead demand forecast,37553,megawatthours,2026-02-12 03:00:00,37553.0
2026-02-12T03,CENT,Central,NG,Net generation,34527,megawatthours,2026-02-12 03:00:00,34527.0
2026-02-12T03,CENT,Central,TI,Total interchange,1259,megawatthours,2026-02-12 03:00:00,1259.0
2026-02-12T02,CENT,Central,D,Demand,33336,megawatthours,2026-02-12 02:00:00,33336.0
2026-02-12T02,CENT,Central,DF,Day-ahead demand forecast,37807,megawatthours,2026-02-12 02:00:00,37807.0
2026-02-12T02,CENT,Central,NG,Net generation,34155,megawatthours,2026-02-12 02:00:00,34155.0
2026-02-12T02,CENT,Central,TI,Total interchange,819,megawatthours,2026-02-12 02:00:00,819.0
2026-02-12T01,CENT,Central,D,Demand,32994,megawatthours,2026-02-12 01:00:00,32994.0
2026-02-12T01,CENT,Central,DF,Day-ahead demand forecast,37893,megawatthours,2026-02-12 01:00:00,37893.0
2026-02-12T01,CENT,Central,NG,Net generation,33569,megawatthours,2026-02-12 01:00:00,33569.0
2026-02-12T01,CENT,Central,TI,Total interchange,575,megawatthours,2026-02-12 01:00:00,575.0
2026-02-12T00,CENT,Central,D,Demand,31871,megawatthours,2026-02-12 00:00:00,31871.0
2026-02-12T00,CENT,Central,DF,Day-ahead demand forecast,37090,megawatthours,2026-02-12 00:00:00,37090.0
2026-02-12T00,CENT,Central,NG,Net generation,31869,megawatthours,2026-02-12 00:00:00,31869.0
2026-02-12T00,CENT,Central,TI,Total interchange,-2,megawatthours,2026-02-12 00:00:00,-2.0
2026-02-11T23,CENT,Central,D,Demand,31431,megawatthours,2026-02-11 23:00:00,31431.0
2026-02-11T23,CENT,Central,DF,Day-ahead demand forecast,36193,megawatthours,2026-02-11 23:00:00,36193.0
2026-02-11T23,CENT,Central,NG,Net generation,30931,megawatthours,2026-02-11 23:00:00,30931.0
2026-02-11T23,CENT,Central,TI,Total interchange,-500,megawatthours,2026-02-11 23:00:00,-500.0
2026-02-11T22,CENT,Central,D,Demand,31277,megawatthours,2026-02-11 22:00:00,31277.0
2026-02-11T22,CENT,Central,DF,Day-ahead demand forecast,35847,megawatthours,2026-02-11 22:00:00,35847.0
2026-02-11T22,CENT,Central,NG,Net generation,30224,megawatthours,2026-02-11 22:00:00,30224.0
2026-02-11T22,CENT,Central,TI,Total interchange,-1053,megawatthours,2026-02-11 22:00:00,-1053.0
2026-02-11T21,CENT,Central,D,Demand,31426,megawatthours,2026-02-11 21:00:00,31426.0
2026-02-11T21,CENT,Central,DF,Day-ahead demand forecast,35870,megawatthours,2026-02-11 21:00:00,35870.0
2026-02-11T21,CENT,Central,NG,Net generation,30374,megawatthours,2026-02-11 21:00:00,30374.0
2026-02-11T21,CENT,Central,TI,Total interchange,-1053,megawatthours,2026-02-11 21:00:00,-1053.0
2026-02-11T20,CENT,Central,D,Demand,31786,megawatthours,2026-02-11 20:00:00,31786.0
2026-02-11T20,CENT,Central,DF,Day-ahead demand forecast,36184,megawatthours,2026-02-11 20:00:00,36184.0
2026-02-11T20,CENT,Central,NG,Net generation,30769,megawatthours,2026-02-11 20:00:00,30769.0
2026-02-11T20,CENT,Central,TI,Total interchange,-1018,megawatthours,2026-02-11 20:00:00,-1018.0
2026-02-11T19,CENT,Central,D,Demand,32133,megawatthours,2026-02-11 19:00:00,32133.0
2026-02-11T19,CENT,Central,DF,Day-ahead demand forecast,36522,megawatthours,2026-02-11 19:00:00,36522.0
2026-02-11T19,CENT,Central,NG,Net generation,31135,megawatthours,2026-02-11 19:00:00,31135.0
2026-02-11T19,CENT,Central,TI,Total interchange,-998,megawatthours,2026-02-11 19:00:00,-998.0
2026-02-11T18,CENT,Central,D,Demand,32634,megawatthours,2026-02-11 18:00:00,32634.0
2026-02-11T18,CENT,Central,DF,Day-ahead demand forecast,36908,megawatthours,2026-02-11 18:00:00,36908.0
2026-02-11T18,CENT,Central,NG,Net generation,31363,megawatthours,2026-02-11 18:00:00,31363.0
2026-02-11T18,CENT,Central,TI,Total interchange,-1271,megawatthours,2026-02-11 18:00:00,-1271.0
2026-02-11T17,CENT,Central,D,Demand,33305,megawatthours,2026-02-11 17:00:00,33305.0
2026-02-11T17,CENT,Central,DF,Day-ahead demand forecast,37372,megawatthours,2026-02-11 17:00:00,37372.0
2026-02-11T17,CENT,Central,NG,Net generation,32111,megawatthours,2026-02-11 17:00:00,32111.0
2026-02-11T17,CENT,Central,TI,Total interchange,-1195,megawatthours,2026-02-11 17:00:00,-1195.0
2026-02-11T16,CENT,Central,D,Demand,34247,megawatthours,2026-02-11 16:00:00,34247.0
2026-02-11T16,CENT,Central,DF,Day-ahead demand forecast,37910,megawatthours,2026-02-11 16:00:00,37910.0
2026-02-11T16,CENT,Central,NG,Net generation,32886,megawatthours,2026-02-11 16:00:00,32886.0
2026-02-11T16,CENT,Central,TI,Total interchange,-1362,megawatthours,2026-02-11 16:00:00,-1362.0
2026-02-11T15,CENT,Central,D,Demand,35276,megawatthours,2026-02-11 15:00:00,35276.0
2026-02-11T15,CENT,Central,DF,Day-ahead demand forecast,38836,megawatthours,2026-02-11 15:00:00,38836.0
2026-02-11T15,CENT,Central,NG,Net generation,34311,megawatthours,2026-02-11 15:00:00,34311.0
2026-02-11T15,CENT,Central,TI,Total interchange,-965,megawatthours,2026-02-11 15:00:00,-965.0
2026-02-11T14,CENT,Central,D,Demand,35669,megawatthours,2026-02-11 14:00:00,35669.0
2026-02-11T14,CENT,Central,DF,Day-ahead demand forecast,39307,megawatthours,2026-02-11 14:00:00,39307.0
2026-02-11T14,CENT,Central,NG,Net generation,35423,megawatthours,2026-02-11 14:00:00,35423.0
2026-02-11T14,CENT,Central,TI,Total interchange,-245,megawatthours,2026-02-11 14:00:00,-245.0
2026-02-11T13,CENT,Central,D,Demand,34416,megawatthours,2026-02-11 13:00:00,34416.0
2026-02-11T13,CENT,Central,DF,Day-ahead demand forecast,38221,megawatthours,2026-02-11 13:00:00,38221.0
2026-02-11T13,CENT,Central,NG,Net generation,33969,megawatthours,2026-02-11 13:00:00,33969.0
2026-02-11T13,CENT,Central,TI,Total interchange,-445,megawatthours,2026-02-11 13:00:00,-445.0
2026-02-11T12,CENT,Central,D,Demand,32078,megawatthours,2026-02-11 12:00:00,32078.0
2026-02-11T12,CENT,Central,DF,Day-ahead demand forecast,35524,megawatthours,2026-02-11 12:00:00,35524.0
2026-02-11T12,CENT,Central,NG,Net generation,31842,megawatthours,2026-02-11 12:00:00,31842.0
2026-02-11T12,CENT,Central,TI,Total interchange,-235,megawatthours,2026-02-11 12:00:00,-235.0
2026-02-11T11,CENT,Central,D,Demand,30635,megawatthours,2026-02-11 11:00:00,30635.0
2026-02-11T11,CENT,Central,DF,Day-ahead demand forecast,34088,megawatthours,2026-02-11 11:00:00,34088.0
2026-02-11T11,CENT,Central,NG,Net generation,30521,megawatthours,2026-02-11 11:00:00,30521.0
2026-02-11T11,CENT,Central,TI,Total interchange,-114,megawatthours,2026-02-11 11:00:00,-114.0
2026-02-11T10,CENT,Central,D,Demand,29912,megawatthours,2026-02-11 10:00:00,29912.0
2026-02-11T10,CENT,Central,DF,Day-ahead demand forecast,33627,megawatthours,2026-02-11 10:00:00,33627.0
2026-02-11T10,CENT,Central,NG,Net generation,29846,megawatthours,2026-02-11 10:00:00,29846.0
2026-02-11T10,CENT,Central,TI,Total interchange,-67,megawatthours,2026-02-11 10:00:00,-67.0
2026-02-11T09,CENT,Central,D,Demand,29779,megawatthours,2026-02-11 09:00:00,29779.0
2026-02-11T09,CENT,Central,DF,Day-ahead demand forecast,33350,megawatthours,2026-02-11 09:00:00,33350.0
2026-02-11T09,CENT,Central,NG,Net generation,29766,megawatthours,2026-02-11 09:00:00,29766.0
2026-02-11T09,CENT,Central,TI,Total interchange,-13,megawatthours,2026-02-11 09:00:00,-13.0
2026-02-11T08,CENT,Central,D,Demand,29834,megawatthours,2026-02-11 08:00:00,29834.0
2026-02-11T08,CENT,Central,DF,Day-ahead demand forecast,33209,megawatthours,2026-02-11 08:00:00,33209.0
2026-02-11T08,CENT,Central,NG,Net generation,29841,megawatthours,2026-02-11 08:00:00,29841.0
2026-02-11T08,CENT,Central,TI,Total interchange,6,megawatthours,2026-02-11 08:00:00,6.0
2026-02-11T07,CENT,Central,D,Demand,29918,megawatthours,2026-02-11 07:00:00,29918.0
2026-02-11T07,CENT,Central,DF,Day-ahead demand forecast,33380,megawatthours,2026-02-11 07:00:00,33380.0
2026-02-11T07,CENT,Central,NG,Net generation,30030,megawatthours,2026-02-11 07:00:00,30030.0
2026-02-11T07,CENT,Central,TI,Total interchange,112,megawatthours,2026-02-11 07:00:00,112.0
2026-02-11T06,CENT,Central,D,Demand,30394,megawatthours,2026-02-11 06:00:00,30394.0
2026-02-11T06,CENT,Central,DF,Day-ahead demand forecast,34229,megawatthours,2026-02-11 06:00:00,34229.0
2026-02-11T06,CENT,Central,NG,Net generation,30977,megawatthours,2026-02-11 06:00:00,30977.0
2026-02-11T06,CENT,Central,TI,Total interchange,583,megawatthours,2026-02-11 06:00:00,583.0
2026-02-11T05,CENT,Central,D,Demand,31315,megawatthours,2026-02-11 05:00:00,31315.0
2026-02-11T05,CENT,Central,DF,Day-ahead demand forecast,35173,megawatthours,2026-02-11 05:00:00,35173.0
2026-02-11T05,CENT,Central,NG,Net generation,32000,megawatthours,2026-02-11 05:00:00,32000.0
2026-02-11T05,CENT,Central,TI,Total interchange,684,megawatthours,2026-02-11 05:00:00,684.0
2026-02-11T04,CENT,Central,D,Demand,32330,megawatthours,2026-02-11 04:00:00,32330.0
2026-02-11T04,CENT,Central,DF,Day-ahead demand forecast,36096,megawatthours,2026-02-11 04:00:00,36096.0
2026-02-11T04,CENT,Central,NG,Net generation,33120,megawatthours,2026-02-11 04:00:00,33120.0
2026-02-11T04,CENT,Central,TI,Total interchange,790,megawatthours,2026-02-11 04:00:00,790.0
2026-02-11T03,CENT,Central,D,Demand,32967,megawatthours,2026-02-11 03:00:00,32967.0
2026-02-11T03,CENT,Central,DF,Day-ahead demand forecast,36784,megawatthours,2026-02-11 03:00:00,36784.0
2026-02-11T03,CENT,Central,NG,Net generation,34051,megawatthours,2026-02-11 03:00:00,34051.0
2026-02-11T03,CENT,Central,TI,Total interchange,1084,megawatthours,2026-02-11 03:00:00,1084.0
2026-02-11T02,CENT,Central,D,Demand,33258,megawatthours,2026-02-11 02:00:00,33258.0
2026-02-11T02,CENT,Central,DF,Day-ahead demand forecast,36997,megawatthours,2026-02-11 02:00:00,36997.0
2026-02-11T02,CENT,Central,NG,Net generation,34358,megawatthours,2026-02-11 02:00:00,34358.0
2026-02-11T02,CENT,Central,TI,Total interchange,1100,megawatthours,2026-02-11 02:00:00,1100.0
2026-02-11T01,CENT,Central,D,Demand,33122,megawatthours,2026-02-11 01:00:00,33122.0
2026-02-11T01,CENT,Central,DF,Day-ahead demand forecast,36985,megawatthours,2026-02-11 01:00:00,36985.0
2026-02-11T01,CENT,Central,NG,Net generation,33865,megawatthours,2026-02-11 01:00:00,33865.0
2026-02-11T01,CENT,Central,TI,Total interchange,743,megawatthours,2026-02-11 01:00:00,743.0
2026-02-11T00,CENT,Central,D,Demand,32112,megawatthours,2026-02-11 00:00:00,32112.0
2026-02-11T00,CENT,Central,DF,Day-ahead demand forecast,36322,megawatthours,2026-02-11 00:00:00,36322.0
2026-02-11T00,CENT,Central,NG,Net generation,32425,megawatthours,2026-02-11 00:00:00,32425.0
2026-02-11T00,CENT,Central,TI,Total interchange,313,megawatthours,2026-02-11 00:00:00,313.0
2026-02-10T23,CENT,Central,D,Demand,31638,megawatthours,2026-02-10 23:00:00,31638.0
2026-02-10T23,CENT,Central,DF,Day-ahead demand forecast,35517,megawatthours,2026-02-10 23:00:00,35517.0
2026-02-10T23,CENT,Central,NG,Net generation,32229,megawatthours,2026-02-10 23:00:00,32229.0
2026-02-10T23,CENT,Central,TI,Total interchange,591,megawatthours,2026-02-10 23:00:00,591.0
2026-02-10T22,CENT,Central,D,Demand,31498,megawatthours,2026-02-10 22:00:00,31498.0
2026-02-10T22,CENT,Central,DF,Day-ahead demand forecast,35179,megawatthours,2026-02-10 22:00:00,35179.0
2026-02-10T22,CENT,Central,NG,Net generation,32087,megawatthours,2026-02-10 22:00:00,32087.0
2026-02-10T22,CENT,Central,TI,Total interchange,589,megawatthours,2026-02-10 22:00:00,589.0
2026-02-10T21,CENT,Central,D,Demand,31668,megawatthours,2026-02-10 21:00:00,31668.0
2026-02-10T21,CENT,Central,DF,Day-ahead demand forecast,35184,megawatthours,2026-02-10 21:00:00,35184.0
2026-02-10T21,CENT,Central,NG,Net generation,32038,megawatthours,2026-02-10 21:00:00,32038.0
2026-02-10T21,CENT,Central,TI,Total interchange,370,megawatthours,2026-02-10 21:00:00,370.0
2026-02-10T20,CENT,Central,D,Demand,31980,megawatthours,2026-02-10 20:00:00,31980.0
2026-02-10T20,CENT,Central,DF,Day-ahead demand forecast,35304,megawatthours,2026-02-10 20:00:00,35304.0
2026-02-10T20,CENT,Central,NG,Net generation,32447,megawatthours,2026-02-10 20:00:00,32447.0
2026-02-10T20,CENT,Central,TI,Total interchange,467,megawatthours,2026-02-10 20:00:00,467.0
2026-02-10T19,CENT,Central,D,Demand,32302,megawatthours,2026-02-10 19:00:00,32302.0
2026-02-10T19,CENT,Central,DF,Day-ahead demand forecast,35474,megawatthours,2026-02-10 19:00:00,35474.0
2026-02-10T19,CENT,Central,NG,Net generation,33099,megawatthours,2026-02-10 19:00:00,33099.0
2026-02-10T19,CENT,Central,TI,Total interchange,797,megawatthours,2026-02-10 19:00:00,797.0
2026-02-10T18,CENT,Central,D,Demand,32661,megawatthours,2026-02-10 18:00:00,32661.0
2026-02-10T18,CENT,Central,DF,Day-ahead demand forecast,35737,megawatthours,2026-02-10 18:00:00,35737.0
2026-02-10T18,CENT,Central,NG,Net generation,33506,megawatthours,2026-02-10 18:00:00,33506.0
2026-02-10T18,CENT,Central,TI,Total interchange,845,megawatthours,2026-02-10 18:00:00,845.0
2026-02-10T17,CENT,Central,D,Demand,32894,megawatthours,2026-02-10 17:00:00,32894.0
2026-02-10T17,CENT,Central,DF,Day-ahead demand forecast,36185,megawatthours,2026-02-10 17:00:00,36185.0
2026-02-10T17,CENT,Central,NG,Net generation,33507,megawatthours,2026-02-10 17:00:00,33507.0
2026-02-10T17,CENT,Central,TI,Total interchange,613,megawatthours,2026-02-10 17:00:00,613.0
2026-02-10T16,CENT,Central,D,Demand,33127,megawatthours,2026-02-10 16:00:00,33127.0
2026-02-10T16,CENT,Central,DF,Day-ahead demand forecast,36610,megawatthours,2026-02-10 16:00:00,36610.0
2026-02-10T16,CENT,Central,NG,Net generation,33652,megawatthours,2026-02-10 16:00:00,33652.0
2026-02-10T16,CENT,Central,TI,Total interchange,524,megawatthours,2026-02-10 16:00:00,524.0
2026-02-10T15,CENT,Central,D,Demand,33322,megawatthours,2026-02-10 15:00:00,33322.0
2026-02-10T15,CENT,Central,DF,Day-ahead demand forecast,37078,megawatthours,2026-02-10 15:00:00,37078.0
2026-02-10T15,CENT,Central,NG,Net generation,34172,megawatthours,2026-02-10 15:00:00,34172.0
2026-02-10T15,CENT,Central,TI,Total interchange,850,megawatthours,2026-02-10 15:00:00,850.0
2026-02-10T14,CENT,Central,D,Demand,33303,megawatthours,2026-02-10 14:00:00,33303.0
2026-02-10T14,CENT,Central,DF,Day-ahead demand forecast,36916,megawatthours,2026-02-10 14:00:00,36916.0
2026-02-10T14,CENT,Central,NG,Net generation,34621,megawatthours,2026-02-10 14:00:00,34621.0
2026-02-10T14,CENT,Central,TI,Total interchange,1318,megawatthours,2026-02-10 14:00:00,1318.0
2026-02-10T13,CENT,Central,D,Demand,32035,megawatthours,2026-02-10 13:00:00,32035.0
2026-02-10T13,CENT,Central,DF,Day-ahead demand forecast,35668,megawatthours,2026-02-10 13:00:00,35668.0
2026-02-10T13,CENT,Central,NG,Net generation,33292,megawatthours,2026-02-10 13:00:00,33292.0
2026-02-10T13,CENT,Central,TI,Total interchange,1259,megawatthours,2026-02-10 13:00:00,1259.0
2026-02-10T12,CENT,Central,D,Demand,29894,megawatthours,2026-02-10 12:00:00,29894.0
2026-02-10T12,CENT,Central,DF,Day-ahead demand forecast,33728,megawatthours,2026-02-10 12:00:00,33728.0
2026-02-10T12,CENT,Central,NG,Net generation,31808,megawatthours,2026-02-10 12:00:00,31808.0
2026-02-10T12,CENT,Central,TI,Total interchange,1915,megawatthours,2026-02-10 12:00:00,1915.0
2026-02-10T11,CENT,Central,D,Demand,28724,megawatthours,2026-02-10 11:00:00,28724.0
2026-02-10T11,CENT,Central,DF,Day-ahead demand forecast,32576,megawatthours,2026-02-10 11:00:00,32576.0
2026-02-10T11,CENT,Central,NG,Net generation,30703,megawatthours,2026-02-10 11:00:00,30703.0
2026-02-10T11,CENT,Central,TI,Total interchange,1979,megawatthours,2026-02-10 11:00:00,1979.0
2026-02-10T10,CENT,Central,D,Demand,28259,megawatthours,2026-02-10 10:00:00,28259.0
2026-02-10T10,CENT,Central,DF,Day-ahead demand forecast,32011,megawatthours,2026-02-10 10:00:00,32011.0
2026-02-10T10,CENT,Central,NG,Net generation,30795,megawatthours,2026-02-10 10:00:00,30795.0
2026-02-10T10,CENT,Central,TI,Total interchange,2536,megawatthours,2026-02-10 10:00:00,2536.0
2026-02-10T09,CENT,Central,D,Demand,28086,megawatthours,2026-02-10 09:00:00,28086.0
2026-02-10T09,CENT,Central,DF,Day-ahead demand forecast,31782,megawatthours,2026-02-10 09:00:00,31782.0
2026-02-10T09,CENT,Central,NG,Net generation,30511,megawatthours,2026-02-10 09:00:00,30511.0
2026-02-10T09,CENT,Central,TI,Total interchange,2425,megawatthours,2026-02-10 09:00:00,2425.0
2026-02-10T08,CENT,Central,D,Demand,28253,megawatthours,2026-02-10 08:00:00,28253.0
2026-02-10T08,CENT,Central,DF,Day-ahead demand forecast,31807,megawatthours,2026-02-10 08:00:00,31807.0
2026-02-10T08,CENT,Central,NG,Net generation,30634,megawatthours,2026-02-10 08:00:00,30634.0
2026-02-10T08,CENT,Central,TI,Total interchange,2381,megawatthours,2026-02-10 08:00:00,2381.0
2026-02-10T07,CENT,Central,D,Demand,28602,megawatthours,2026-02-10 07:00:00,28602.0
2026-02-10T07,CENT,Central,DF,Day-ahead demand forecast,32092,megawatthours,2026-02-10 07:00:00,32092.0
2026-02-10T07,CENT,Central,NG,Net generation,30947,megawatthours,2026-02-10 07:00:00,30947.0
2026-02-10T07,CENT,Central,TI,Total interchange,2345,megawatthours,2026-02-10 07:00:00,2345.0
2026-02-10T06,CENT,Central,D,Demand,29291,megawatthours,2026-02-10 06:00:00,29291.0
2026-02-10T06,CENT,Central,DF,Day-ahead demand forecast,33369,megawatthours,2026-02-10 06:00:00,33369.0
2026-02-10T06,CENT,Central,NG,Net generation,31282,megawatthours,2026-02-10 06:00:00,31282.0
2026-02-10T06,CENT,Central,TI,Total interchange,1991,megawatthours,2026-02-10 06:00:00,1991.0
2026-02-10T05,CENT,Central,D,Demand,30428,megawatthours,2026-02-10 05:00:00,30428.0
2026-02-10T05,CENT,Central,DF,Day-ahead demand forecast,34497,megawatthours,2026-02-10 05:00:00,34497.0
2026-02-10T05,CENT,Central,NG,Net generation,32492,megawatthours,2026-02-10 05:00:00,32492.0
2026-02-10T05,CENT,Central,TI,Total interchange,2064,megawatthours,2026-02-10 05:00:00,2064.0
2026-02-10T04,CENT,Central,D,Demand,31596,megawatthours,2026-02-10 04:00:00,31596.0
2026-02-10T04,CENT,Central,DF,Day-ahead demand forecast,35494,megawatthours,2026-02-10 04:00:00,35494.0
2026-02-10T04,CENT,Central,NG,Net generation,33775,megawatthours,2026-02-10 04:00:00,33775.0
2026-02-10T04,CENT,Central,TI,Total interchange,2179,megawatthours,2026-02-10 04:00:00,2179.0
2026-02-10T03,CENT,Central,D,Demand,32471,megawatthours,2026-02-10 03:00:00,32471.0
2026-02-10T03,CENT,Central,DF,Day-ahead demand forecast,36175,megawatthours,2026-02-10 03:00:00,36175.0
2026-02-10T03,CENT,Central,NG,Net generation,34595,megawatthours,2026-02-10 03:00:00,34595.0
2026-02-10T03,CENT,Central,TI,Total interchange,2124,megawatthours,2026-02-10 03:00:00,2124.0
2026-02-10T02,CENT,Central,D,Demand,33047,megawatthours,2026-02-10 02:00:00,33047.0
2026-02-10T02,CENT,Central,DF,Day-ahead demand forecast,36416,megawatthours,2026-02-10 02:00:00,36416.0
2026-02-10T02,CENT,Central,NG,Net generation,34934,megawatthours,2026-02-10 02:00:00,34934.0
2026-02-10T02,CENT,Central,TI,Total interchange,1887,megawatthours,2026-02-10 02:00:00,1887.0
2026-02-10T01,CENT,Central,D,Demand,33172,megawatthours,2026-02-10 01:00:00,33172.0
2026-02-10T01,CENT,Central,DF,Day-ahead demand forecast,36346,megawatthours,2026-02-10 01:00:00,36346.0
2026-02-10T01,CENT,Central,NG,Net generation,35789,megawatthours,2026-02-10 01:00:00,35789.0
2026-02-10T01,CENT,Central,TI,Total interchange,2617,megawatthours,2026-02-10 01:00:00,2617.0
2026-02-10T00,CENT,Central,D,Demand,32444,megawatthours,2026-02-10 00:00:00,32444.0
2026-02-10T00,CENT,Central,DF,Day-ahead demand forecast,35573,megawatthours,2026-02-10 00:00:00,35573.0
2026-02-10T00,CENT,Central,NG,Net generation,34756,megawatthours,2026-02-10 00:00:00,34756.0
2026-02-10T00,CENT,Central,TI,Total interchange,2313,megawatthours,2026-02-10 00:00:00,2313.0
2026-02-09T23,CENT,Central,D,Demand,32267,megawatthours,2026-02-09 23:00:00,32267.0
2026-02-09T23,CENT,Central,DF,Day-ahead demand forecast,35285,megawatthours,2026-02-09 23:00:00,35285.0
2026-02-09T23,CENT,Central,NG,Net generation,34374,megawatthours,2026-02-09 23:00:00,34374.0
2026-02-09T23,CENT,Central,TI,Total interchange,2107,megawatthours,2026-02-09 23:00:00,2107.0
2026-02-09T22,CENT,Central,D,Demand,32175,megawatthours,2026-02-09 22:00:00,32175.0
2026-02-09T22,CENT,Central,DF,Day-ahead demand forecast,35311,megawatthours,2026-02-09 22:00:00,35311.0
2026-02-09T22,CENT,Central,NG,Net generation,33753,megawatthours,2026-02-09 22:00:00,33753.0
2026-02-09T22,CENT,Central,TI,Total interchange,1577,megawatthours,2026-02-09 22:00:00,1577.0
2026-02-09T21,CENT,Central,D,Demand,32240,megawatthours,2026-02-09 21:00:00,32240.0
2026-02-09T21,CENT,Central,DF,Day-ahead demand forecast,35530,megawatthours,2026-02-09 21:00:00,35530.0
2026-02-09T21,CENT,Central,NG,Net generation,33583,megawatthours,2026-02-09 21:00:00,33583.0
2026-02-09T21,CENT,Central,TI,Total interchange,1343,megawatthours,2026-02-09 21:00:00,1343.0
2026-02-09T20,CENT,Central,D,Demand,32307,megawatthours,2026-02-09 20:00:00,32307.0
2026-02-09T20,CENT,Central,DF,Day-ahead demand forecast,35605,megawatthours,2026-02-09 20:00:00,35605.0
2026-02-09T20,CENT,Central,NG,Net generation,33379,megawatthours,2026-02-09 20:00:00,33379.0
2026-02-09T20,CENT,Central,TI,Total interchange,1072,megawatthours,2026-02-09 20:00:00,1072.0
2026-02-09T19,CENT,Central,D,Demand,32308,megawatthours,2026-02-09 19:00:00,32308.0
2026-02-09T19,CENT,Central,DF,Day-ahead demand forecast,35593,megawatthours,2026-02-09 19:00:00,35593.0
2026-02-09T19,CENT,Central,NG,Net generation,33376,megawatthours,2026-02-09 19:00:00,33376.0
2026-02-09T19,CENT,Central,TI,Total interchange,1069,megawatthours,2026-02-09 19:00:00,1069.0
2026-02-09T18,CENT,Central,D,Demand,32579,megawatthours,2026-02-09 18:00:00,32579.0
2026-02-09T18,CENT,Central,DF,Day-ahead demand forecast,35592,megawatthours,2026-02-09 18:00:00,35592.0
2026-02-09T18,CENT,Central,NG,Net generation,33687,megawatthours,2026-02-09 18:00:00,33687.0
2026-02-09T18,CENT,Central,TI,Total interchange,1107,megawatthours,2026-02-09 18:00:00,1107.0
2026-02-09T17,CENT,Central,D,Demand,33004,megawatthours,2026-02-09 17:00:00,33004.0
2026-02-09T17,CENT,Central,DF,Day-ahead demand forecast,36102,megawatthours,2026-02-09 17:00:00,36102.0
2026-02-09T17,CENT,Central,NG,Net generation,34001,megawatthours,2026-02-09 17:00:00,34001.0
2026-02-09T17,CENT,Central,TI,Total interchange,996,megawatthours,2026-02-09 17:00:00,996.0
2026-02-09T16,CENT,Central,D,Demand,33801,megawatthours,2026-02-09 16:00:00,33801.0
2026-02-09T16,CENT,Central,DF,Day-ahead demand forecast,37054,megawatthours,2026-02-09 16:00:00,37054.0
2026-02-09T16,CENT,Central,NG,Net generation,35186,megawatthours,2026-02-09 16:00:00,35186.0
2026-02-09T16,CENT,Central,TI,Total interchange,1385,megawatthours,2026-02-09 16:00:00,1385.0
2026-02-09T15,CENT,Central,D,Demand,34740,megawatthours,2026-02-09 15:00:00,34740.0
2026-02-09T15,CENT,Central,DF,Day-ahead demand forecast,37743,megawatthours,2026-02-09 15:00:00,37743.0
2026-02-09T15,CENT,Central,NG,Net generation,36651,megawatthours,2026-02-09 15:00:00,36651.0
2026-02-09T15,CENT,Central,TI,Total interchange,1911,megawatthours,2026-02-09 15:00:00,1911.0
2026-02-09T14,CENT,Central,D,Demand,35012,megawatthours,2026-02-09 14:00:00,35012.0
2026-02-09T14,CENT,Central,DF,Day-ahead demand forecast,38111,megawatthours,2026-02-09 14:00:00,38111.0
2026-02-09T14,CENT,Central,NG,Net generation,37165,megawatthours,2026-02-09 14:00:00,37165.0
2026-02-09T14,CENT,Central,TI,Total interchange,2154,megawatthours,2026-02-09 14:00:00,2154.0
2026-02-09T13,CENT,Central,D,Demand,33892,megawatthours,2026-02-09 13:00:00,33892.0
2026-02-09T13,CENT,Central,DF,Day-ahead demand forecast,36866,megawatthours,2026-02-09 13:00:00,36866.0
2026-02-09T13,CENT,Central,NG,Net generation,36194,megawatthours,2026-02-09 13:00:00,36194.0
2026-02-09T13,CENT,Central,TI,Total interchange,2303,megawatthours,2026-02-09 13:00:00,2303.0
2026-02-09T12,CENT,Central,D,Demand,31530,megawatthours,2026-02-09 12:00:00,31530.0
2026-02-09T12,CENT,Central,DF,Day-ahead demand forecast,34817,megawatthours,2026-02-09 12:00:00,34817.0
2026-02-09T12,CENT,Central,NG,Net generation,34165,megawatthours,2026-02-09 12:00:00,34165.0
2026-02-09T12,CENT,Central,TI,Total interchange,2636,megawatthours,2026-02-09 12:00:00,2636.0
2026-02-09T11,CENT,Central,D,Demand,30003,megawatthours,2026-02-09 11:00:00,30003.0
2026-02-09T11,CENT,Central,DF,Day-ahead demand forecast,33652,megawatthours,2026-02-09 11:00:00,33652.0
2026-02-09T11,CENT,Central,NG,Net generation,32199,megawatthours,2026-02-09 11:00:00,32199.0
2026-02-09T11,CENT,Central,TI,Total interchange,2197,megawatthours,2026-02-09 11:00:00,2197.0
2026-02-09T10,CENT,Central,D,Demand,29232,megawatthours,2026-02-09 10:00:00,29232.0
2026-02-09T10,CENT,Central,DF,Day-ahead demand forecast,33047,megawatthours,2026-02-09 10:00:00,33047.0
2026-02-09T10,CENT,Central,NG,Net generation,30932,megawatthours,2026-02-09 10:00:00,30932.0
2026-02-09T10,CENT,Central,TI,Total interchange,1701,megawatthours,2026-02-09 10:00:00,1701.0
2026-02-09T09,CENT,Central,D,Demand,28829,megawatthours,2026-02-09 09:00:00,28829.0
2026-02-09T09,CENT,Central,DF,Day-ahead demand forecast,32647,megawatthours,2026-02-09 09:00:00,32647.0
2026-02-09T09,CENT,Central,NG,Net generation,30609,megawatthours,2026-02-09 09:00:00,30609.0
2026-02-09T09,CENT,Central,TI,Total interchange,1780,megawatthours,2026-02-09 09:00:00,1780.0
2026-02-09T08,CENT,Central,D,Demand,28678,megawatthours,2026-02-09 08:00:00,28678.0
2026-02-09T08,CENT,Central,DF,Day-ahead demand forecast,32547,megawatthours,2026-02-09 08:00:00,32547.0
2026-02-09T08,CENT,Central,NG,Net generation,30510,megawatthours,2026-02-09 08:00:00,30510.0
2026-02-09T08,CENT,Central,TI,Total interchange,1832,megawatthours,2026-02-09 08:00:00,1832.0
2026-02-09T07,CENT,Central,D,Demand,28732,megawatthours,2026-02-09 07:00:00,28732.0
2026-02-09T07,CENT,Central,DF,Day-ahead demand forecast,32726,megawatthours,2026-02-09 07:00:00,32726.0
2026-02-09T07,CENT,Central,NG,Net generation,30439,megawatthours,2026-02-09 07:00:00,30439.0
2026-02-09T07,CENT,Central,TI,Total interchange,1707,megawatthours,2026-02-09 07:00:00,1707.0
2026-02-09T06,CENT,Central,D,Demand,29267,megawatthours,2026-02-09 06:00:00,29267.0
2026-02-09T06,CENT,Central,DF,Day-ahead demand forecast,34051,megawatthours,2026-02-09 06:00:00,34051.0
2026-02-09T06,CENT,Central,NG,Net generation,31249,megawatthours,2026-02-09 06:00:00,31249.0
2026-02-09T06,CENT,Central,TI,Total interchange,1981,megawatthours,2026-02-09 06:00:00,1981.0
2026-02-09T05,CENT,Central,D,Demand,30207,megawatthours,2026-02-09 05:00:00,30207.0
2026-02-09T05,CENT,Central,DF,Day-ahead demand forecast,34740,megawatthours,2026-02-09 05:00:00,34740.0
2026-02-09T05,CENT,Central,NG,Net generation,32365,megawatthours,2026-02-09 05:00:00,32365.0
2026-02-09T05,CENT,Central,TI,Total interchange,2157,megawatthours,2026-02-09 05:00:00,2157.0
2026-02-09T04,CENT,Central,D,Demand,30783,megawatthours,2026-02-09 04:00:00,30783.0
2026-02-09T04,CENT,Central,DF,Day-ahead demand forecast,35493,megawatthours,2026-02-09 04:00:00,35493.0
2026-02-09T04,CENT,Central,NG,Net generation,32877,megawatthours,2026-02-09 04:00:00,32877.0
2026-02-09T04,CENT,Central,TI,Total interchange,2094,megawatthours,2026-02-09 04:00:00,2094.0
2026-02-09T03,CENT,Central,D,Demand,31016,megawatthours,2026-02-09 03:00:00,31016.0
2026-02-09T03,CENT,Central,DF,Day-ahead demand forecast,35835,megawatthours,2026-02-09 03:00:00,35835.0
2026-02-09T03,CENT,Central,NG,Net generation,32600,megawatthours,2026-02-09 03:00:00,32600.0
2026-02-09T03,CENT,Central,TI,Total interchange,1584,megawatthours,2026-02-09 03:00:00,1584.0
2026-02-09T02,CENT,Central,D,Demand,31101,megawatthours,2026-02-09 02:00:00,31101.0
2026-02-09T02,CENT,Central,DF,Day-ahead demand forecast,35815,megawatthours,2026-02-09 02:00:00,35815.0
2026-02-09T02,CENT,Central,NG,Net generation,32418,megawatthours,2026-02-09 02:00:00,32418.0
2026-02-09T02,CENT,Central,TI,Total interchange,1317,megawatthours,2026-02-09 02:00:00,1317.0
2026-02-09T01,CENT,Central,D,Demand,31281,megawatthours,2026-02-09 01:00:00,31281.0
2026-02-09T01,CENT,Central,DF,Day-ahead demand forecast,35665,megawatthours,2026-02-09 01:00:00,35665.0
2026-02-09T01,CENT,Central,NG,Net generation,32657,megawatthours,2026-02-09 01:00:00,32657.0
2026-02-09T01,CENT,Central,TI,Total interchange,1376,megawatthours,2026-02-09 01:00:00,1376.0
2026-02-09T00,CENT,Central,D,Demand,30937,megawatthours,2026-02-09 00:00:00,30937.0
2026-02-09T00,CENT,Central,DF,Day-ahead demand forecast,34723,megawatthours,2026-02-09 00:00:00,34723.0
2026-02-09T00,CENT,Central,NG,Net generation,31961,megawatthours,2026-02-09 00:00:00,31961.0
2026-02-09T00,CENT,Central,TI,Total interchange,1024,megawatthours,2026-02-09 00:00:00,1024.0
2026-02-08T23,CENT,Central,D,Demand,30554,megawatthours,2026-02-08 23:00:00,30554.0
2026-02-08T23,CENT,Central,DF,Day-ahead demand forecast,33572,megawatthours,2026-02-08 23:00:00,33572.0
2026-02-08T23,CENT,Central,NG,Net generation,31671,megawatthours,2026-02-08 23:00:00,31671.0
2026-02-08T23,CENT,Central,TI,Total interchange,1117,megawatthours,2026-02-08 23:00:00,1117.0
2026-02-08T22,CENT,Central,D,Demand,30103,megawatthours,2026-02-08 22:00:00,30103.0
2026-02-08T22,CENT,Central,DF,Day-ahead demand forecast,33220,megawatthours,2026-02-08 22:00:00,33220.0
2026-02-08T22,CENT,Central,NG,Net generation,30488,megawatthours,2026-02-08 22:00:00,30488.0
2026-02-08T22,CENT,Central,TI,Total interchange,385,megawatthours,2026-02-08 22:00:00,385.0
2026-02-08T21,CENT,Central,D,Demand,30093,megawatthours,2026-02-08 21:00:00,30093.0
2026-02-08T21,CENT,Central,DF,Day-ahead demand forecast,33270,megawatthours,2026-02-08 21:00:00,33270.0
2026-02-08T21,CENT,Central,NG,Net generation,30377,megawatthours,2026-02-08 21:00:00,30377.0
2026-02-08T21,CENT,Central,TI,Total interchange,284,megawatthours,2026-02-08 21:00:00,284.0
2026-02-08T20,CENT,Central,D,Demand,30295,megawatthours,2026-02-08 20:00:00,30295.0
2026-02-08T20,CENT,Central,DF,Day-ahead demand forecast,33304,megawatthours,2026-02-08 20:00:00,33304.0
2026-02-08T20,CENT,Central,NG,Net generation,31187,megawatthours,2026-02-08 20:00:00,31187.0
2026-02-08T20,CENT,Central,TI,Total interchange,892,megawatthours,2026-02-08 20:00:00,892.0
2026-02-08T19,CENT,Central,D,Demand,30626,megawatthours,2026-02-08 19:00:00,30626.0
2026-02-08T19,CENT,Central,DF,Day-ahead demand forecast,33571,megawatthours,2026-02-08 19:00:00,33571.0
2026-02-08T19,CENT,Central,NG,Net generation,31698,megawatthours,2026-02-08 19:00:00,31698.0
2026-02-08T19,CENT,Central,TI,Total interchange,1072,megawatthours,2026-02-08 19:00:00,1072.0
2026-02-08T18,CENT,Central,D,Demand,31004,megawatthours,2026-02-08 18:00:00,31004.0
2026-02-08T18,CENT,Central,DF,Day-ahead demand forecast,34033,megawatthours,2026-02-08 18:00:00,34033.0
2026-02-08T18,CENT,Central,NG,Net generation,31046,megawatthours,2026-02-08 18:00:00,31046.0
2026-02-08T18,CENT,Central,TI,Total interchange,42,megawatthours,2026-02-08 18:00:00,42.0
2026-02-08T17,CENT,Central,D,Demand,31455,megawatthours,2026-02-08 17:00:00,31455.0
2026-02-08T17,CENT,Central,DF,Day-ahead demand forecast,34871,megawatthours,2026-02-08 17:00:00,34871.0
2026-02-08T17,CENT,Central,NG,Net generation,31554,megawatthours,2026-02-08 17:00:00,31554.0
2026-02-08T17,CENT,Central,TI,Total interchange,99,megawatthours,2026-02-08 17:00:00,99.0
2026-02-08T16,CENT,Central,D,Demand,32126,megawatthours,2026-02-08 16:00:00,32126.0
2026-02-08T16,CENT,Central,DF,Day-ahead demand forecast,35681,megawatthours,2026-02-08 16:00:00,35681.0
2026-02-08T16,CENT,Central,NG,Net generation,32795,megawatthours,2026-02-08 16:00:00,32795.0
2026-02-08T16,CENT,Central,TI,Total interchange,669,megawatthours,2026-02-08 16:00:00,669.0
2026-02-08T15,CENT,Central,D,Demand,32425,megawatthours,2026-02-08 15:00:00,32425.0
2026-02-08T15,CENT,Central,DF,Day-ahead demand forecast,36277,megawatthours,2026-02-08 15:00:00,36277.0
2026-02-08T15,CENT,Central,NG,Net generation,33790,megawatthours,2026-02-08 15:00:00,33790.0
2026-02-08T15,CENT,Central,TI,Total interchange,1365,megawatthours,2026-02-08 15:00:00,1365.0
2026-02-08T14,CENT,Central,D,Demand,31951,megawatthours,2026-02-08 14:00:00,31951.0
2026-02-08T14,CENT,Central,DF,Day-ahead demand forecast,36352,megawatthours,2026-02-08 14:00:00,36352.0
2026-02-08T14,CENT,Central,NG,Net generation,34654,megawatthours,2026-02-08 14:00:00,34654.0
2026-02-08T14,CENT,Central,TI,Total interchange,2703,megawatthours,2026-02-08 14:00:00,2703.0
2026-02-08T13,CENT,Central,D,Demand,31154,megawatthours,2026-02-08 13:00:00,31154.0
2026-02-08T13,CENT,Central,DF,Day-ahead demand forecast,35574,megawatthours,2026-02-08 13:00:00,35574.0
2026-02-08T13,CENT,Central,NG,Net generation,33606,megawatthours,2026-02-08 13:00:00,33606.0
2026-02-08T13,CENT,Central,TI,Total interchange,2453,megawatthours,2026-02-08 13:00:00,2453.0
2026-02-08T12,CENT,Central,D,Demand,30349,megawatthours,2026-02-08 12:00:00,30349.0
2026-02-08T12,CENT,Central,DF,Day-ahead demand forecast,34795,megawatthours,2026-02-08 12:00:00,34795.0
2026-02-08T12,CENT,Central,NG,Net generation,32948,megawatthours,2026-02-08 12:00:00,32948.0
2026-02-08T12,CENT,Central,TI,Total interchange,2599,megawatthours,2026-02-08 12:00:00,2599.0
2026-02-08T11,CENT,Central,D,Demand,30019,megawatthours,2026-02-08 11:00:00,30019.0
2026-02-08T11,CENT,Central,DF,Day-ahead demand forecast,34302,megawatthours,2026-02-08 11:00:00,34302.0
2026-02-08T11,CENT,Central,NG,Net generation,32233,megawatthours,2026-02-08 11:00:00,32233.0
2026-02-08T11,CENT,Central,TI,Total interchange,2214,megawatthours,2026-02-08 11:00:00,2214.0
2026-02-08T10,CENT,Central,D,Demand,29860,megawatthours,2026-02-08 10:00:00,29860.0
2026-02-08T10,CENT,Central,DF,Day-ahead demand forecast,33979,megawatthours,2026-02-08 10:00:00,33979.0
2026-02-08T10,CENT,Central,NG,Net generation,31639,megawatthours,2026-02-08 10:00:00,31639.0
2026-02-08T10,CENT,Central,TI,Total interchange,1779,megawatthours,2026-02-08 10:00:00,1779.0
2026-02-08T09,CENT,Central,D,Demand,29800,megawatthours,2026-02-08 09:00:00,29800.0
2026-02-08T09,CENT,Central,DF,Day-ahead demand forecast,33908,megawatthours,2026-02-08 09:00:00,33908.0
2026-02-08T09,CENT,Central,NG,Net generation,31585,megawatthours,2026-02-08 09:00:00,31585.0
2026-02-08T09,CENT,Central,TI,Total interchange,1786,megawatthours,2026-02-08 09:00:00,1786.0
2026-02-08T08,CENT,Central,D,Demand,29816,megawatthours,2026-02-08 08:00:00,29816.0
2026-02-08T08,CENT,Central,DF,Day-ahead demand forecast,33879,megawatthours,2026-02-08 08:00:00,33879.0
2026-02-08T08,CENT,Central,NG,Net generation,30724,megawatthours,2026-02-08 08:00:00,30724.0
2026-02-08T08,CENT,Central,TI,Total interchange,909,megawatthours,2026-02-08 08:00:00,909.0
2026-02-08T07,CENT,Central,D,Demand,30023,megawatthours,2026-02-08 07:00:00,30023.0
2026-02-08T07,CENT,Central,DF,Day-ahead demand forecast,34111,megawatthours,2026-02-08 07:00:00,34111.0
2026-02-08T07,CENT,Central,NG,Net generation,30020,megawatthours,2026-02-08 07:00:00,30020.0
2026-02-08T07,CENT,Central,TI,Total interchange,-3,megawatthours,2026-02-08 07:00:00,-3.0
2026-02-08T06,CENT,Central,D,Demand,30553,megawatthours,2026-02-08 06:00:00,30553.0
2026-02-08T06,CENT,Central,DF,Day-ahead demand forecast,35104,megawatthours,2026-02-08 06:00:00,35104.0
2026-02-08T06,CENT,Central,NG,Net generation,31502,megawatthours,2026-02-08 06:00:00,31502.0
2026-02-08T06,CENT,Central,TI,Total interchange,949,megawatthours,2026-02-08 06:00:00,949.0
2026-02-08T05,CENT,Central,D,Demand,31224,megawatthours,2026-02-08 05:00:00,31224.0
2026-02-08T05,CENT,Central,DF,Day-ahead demand forecast,35839,megawatthours,2026-02-08 05:00:00,35839.0
2026-02-08T05,CENT,Central,NG,Net generation,32140,megawatthours,2026-02-08 05:00:00,32140.0
2026-02-08T05,CENT,Central,TI,Total interchange,916,megawatthours,2026-02-08 05:00:00,916.0
2026-02-08T04,CENT,Central,D,Demand,31874,megawatthours,2026-02-08 04:00:00,31874.0
2026-02-08T04,CENT,Central,DF,Day-ahead demand forecast,36388,megawatthours,2026-02-08 04:00:00,36388.0
2026-02-08T04,CENT,Central,NG,Net generation,33299,megawatthours,2026-02-08 04:00:00,33299.0
2026-02-08T04,CENT,Central,TI,Total interchange,1425,megawatthours,2026-02-08 04:00:00,1425.0
2026-02-08T03,CENT,Central,D,Demand,32201,megawatthours,2026-02-08 03:00:00,32201.0
2026-02-08T03,CENT,Central,DF,Day-ahead demand forecast,36779,megawatthours,2026-02-08 03:00:00,36779.0
2026-02-08T03,CENT,Central,NG,Net generation,33829,megawatthours,2026-02-08 03:00:00,33829.0
2026-02-08T03,CENT,Central,TI,Total interchange,1627,megawatthours,2026-02-08 03:00:00,1627.0
2026-02-08T02,CENT,Central,D,Demand,32375,megawatthours,2026-02-08 02:00:00,32375.0
2026-02-08T02,CENT,Central,DF,Day-ahead demand forecast,36912,megawatthours,2026-02-08 02:00:00,36912.0
2026-02-08T02,CENT,Central,NG,Net generation,34013,megawatthours,2026-02-08 02:00:00,34013.0
2026-02-08T02,CENT,Central,TI,Total interchange,1637,megawatthours,2026-02-08 02:00:00,1637.0
2026-02-08T01,CENT,Central,D,Demand,32292,megawatthours,2026-02-08 01:00:00,32292.0
2026-02-08T01,CENT,Central,DF,Day-ahead demand forecast,36697,megawatthours,2026-02-08 01:00:00,36697.0
2026-02-08T01,CENT,Central,NG,Net generation,33908,megawatthours,2026-02-08 01:00:00,33908.0
2026-02-08T01,CENT,Central,TI,Total interchange,1616,megawatthours,2026-02-08 01:00:00,1616.0
2026-02-08T00,CENT,Central,D,Demand,31283,megawatthours,2026-02-08 00:00:00,31283.0
2026-02-08T00,CENT,Central,DF,Day-ahead demand forecast,35784,megawatthours,2026-02-08 00:00:00,35784.0
2026-02-08T00,CENT,Central,NG,Net generation,32815,megawatthours,2026-02-08 00:00:00,32815.0
2026-02-08T00,CENT,Central,TI,Total interchange,1532,megawatthours,2026-02-08 00:00:00,1532.0
2026-02-07T23,CENT,Central,D,Demand,30835,megawatthours,2026-02-07 23:00:00,30835.0
2026-02-07T23,CENT,Central,DF,Day-ahead demand forecast,34881,megawatthours,2026-02-07 23:00:00,34881.0
2026-02-07T23,CENT,Central,NG,Net generation,32890,megawatthours,2026-02-07 23:00:00,32890.0
2026-02-07T23,CENT,Central,TI,Total interchange,2055,megawatthours,2026-02-07 23:00:00,2055.0
2026-02-07T22,CENT,Central,D,Demand,30516,megawatthours,2026-02-07 22:00:00,30516.0
2026-02-07T22,CENT,Central,DF,Day-ahead demand forecast,34336,megawatthours,2026-02-07 22:00:00,34336.0
2026-02-07T22,CENT,Central,NG,Net generation,32199,megawatthours,2026-02-07 22:00:00,32199.0
2026-02-07T22,CENT,Central,TI,Total interchange,1683,megawatthours,2026-02-07 22:00:00,1683.0
2026-02-07T21,CENT,Central,D,Demand,30646,megawatthours,2026-02-07 21:00:00,30646.0
2026-02-07T21,CENT,Central,DF,Day-ahead demand forecast,34392,megawatthours,2026-02-07 21:00:00,34392.0
2026-02-07T21,CENT,Central,NG,Net generation,32071,megawatthours,2026-02-07 21:00:00,32071.0
2026-02-07T21,CENT,Central,TI,Total interchange,1424,megawatthours,2026-02-07 21:00:00,1424.0
2026-02-07T20,CENT,Central,D,Demand,31053,megawatthours,2026-02-07 20:00:00,31053.0
2026-02-07T20,CENT,Central,DF,Day-ahead demand forecast,35027,megawatthours,2026-02-07 20:00:00,35027.0
2026-02-07T20,CENT,Central,NG,Net generation,32602,megawatthours,2026-02-07 20:00:00,32602.0
2026-02-07T20,CENT,Central,TI,Total interchange,1550,megawatthours,2026-02-07 20:00:00,1550.0
2026-02-07T19,CENT,Central,D,Demand,31727,megawatthours,2026-02-07 19:00:00,31727.0
2026-02-07T19,CENT,Central,DF,Day-ahead demand forecast,35847,megawatthours,2026-02-07 19:00:00,35847.0
2026-02-07T19,CENT,Central,NG,Net generation,33372,megawatthours,2026-02-07 19:00:00,33372.0
2026-02-07T19,CENT,Central,TI,Total interchange,1644,megawatthours,2026-02-07 19:00:00,1644.0
2026-02-07T18,CENT,Central,D,Demand,32486,megawatthours,2026-02-07 18:00:00,32486.0
2026-02-07T18,CENT,Central,DF,Day-ahead demand forecast,36810,megawatthours,2026-02-07 18:00:00,36810.0
2026-02-07T18,CENT,Central,NG,Net generation,34078,megawatthours,2026-02-07 18:00:00,34078.0
2026-02-07T18,CENT,Central,TI,Total interchange,1591,megawatthours,2026-02-07 18:00:00,1591.0
2026-02-07T17,CENT,Central,D,Demand,33249,megawatthours,2026-02-07 17:00:00,33249.0
2026-02-07T17,CENT,Central,DF,Day-ahead demand forecast,37712,megawatthours,2026-02-07 17:00:00,37712.0
2026-02-07T17,CENT,Central,NG,Net generation,35197,megawatthours,2026-02-07 17:00:00,35197.0
2026-02-07T17,CENT,Central,TI,Total interchange,1948,megawatthours,2026-02-07 17:00:00,1948.0
2026-02-07T16,CENT,Central,D,Demand,33947,megawatthours,2026-02-07 16:00:00,33947.0
2026-02-07T16,CENT,Central,DF,Day-ahead demand forecast,38871,megawatthours,2026-02-07 16:00:00,38871.0
2026-02-07T16,CENT,Central,NG,Net generation,35758,megawatthours,2026-02-07 16:00:00,35758.0
2026-02-07T16,CENT,Central,TI,Total interchange,1811,megawatthours,2026-02-07 16:00:00,1811.0
2026-02-07T15,CENT,Central,D,Demand,34574,megawatthours,2026-02-07 15:00:00,34574.0
2026-02-07T15,CENT,Central,DF,Day-ahead demand forecast,40261,megawatthours,2026-02-07 15:00:00,40261.0
2026-02-07T15,CENT,Central,NG,Net generation,36970,megawatthours,2026-02-07 15:00:00,36970.0
2026-02-07T15,CENT,Central,TI,Total interchange,2396,megawatthours,2026-02-07 15:00:00,2396.0
2026-02-07T14,CENT,Central,D,Demand,34416,megawatthours,2026-02-07 14:00:00,34416.0
2026-02-07T14,CENT,Central,DF,Day-ahead demand forecast,40765,megawatthours,2026-02-07 14:00:00,40765.0
2026-02-07T14,CENT,Central,NG,Net generation,37649,megawatthours,2026-02-07 14:00:00,37649.0
2026-02-07T14,CENT,Central,TI,Total interchange,3233,megawatthours,2026-02-07 14:00:00,3233.0
2026-02-07T13,CENT,Central,D,Demand,33415,megawatthours,2026-02-07 13:00:00,33415.0
2026-02-07T13,CENT,Central,DF,Day-ahead demand forecast,39796,megawatthours,2026-02-07 13:00:00,39796.0
2026-02-07T13,CENT,Central,NG,Net generation,37051,megawatthours,2026-02-07 13:00:00,37051.0
2026-02-07T13,CENT,Central,TI,Total interchange,3636,megawatthours,2026-02-07 13:00:00,3636.0
2026-02-07T12,CENT,Central,D,Demand,32292,megawatthours,2026-02-07 12:00:00,32292.0
2026-02-07T12,CENT,Central,DF,Day-ahead demand forecast,38510,megawatthours,2026-02-07 12:00:00,38510.0
2026-02-07T12,CENT,Central,NG,Net generation,35369,megawatthours,2026-02-07 12:00:00,35369.0
2026-02-07T12,CENT,Central,TI,Total interchange,3078,megawatthours,2026-02-07 12:00:00,3078.0
2026-02-07T11,CENT,Central,D,Demand,31437,megawatthours,2026-02-07 11:00:00,31437.0
2026-02-07T11,CENT,Central,DF,Day-ahead demand forecast,37447,megawatthours,2026-02-07 11:00:00,37447.0
2026-02-07T11,CENT,Central,NG,Net generation,34453,megawatthours,2026-02-07 11:00:00,34453.0
2026-02-07T11,CENT,Central,TI,Total interchange,3016,megawatthours,2026-02-07 11:00:00,3016.0
2026-02-07T10,CENT,Central,D,Demand,30923,megawatthours,2026-02-07 10:00:00,30923.0
2026-02-07T10,CENT,Central,DF,Day-ahead demand forecast,36790,megawatthours,2026-02-07 10:00:00,36790.0
2026-02-07T10,CENT,Central,NG,Net generation,33583,megawatthours,2026-02-07 10:00:00,33583.0
2026-02-07T10,CENT,Central,TI,Total interchange,2660,megawatthours,2026-02-07 10:00:00,2660.0
2026-02-07T09,CENT,Central,D,Demand,30691,megawatthours,2026-02-07 09:00:00,30691.0
2026-02-07T09,CENT,Central,DF,Day-ahead demand forecast,36353,megawatthours,2026-02-07 09:00:00,36353.0
2026-02-07T09,CENT,Central,NG,Net generation,33096,megawatthours,2026-02-07 09:00:00,33096.0
2026-02-07T09,CENT,Central,TI,Total interchange,2405,megawatthours,2026-02-07 09:00:00,2405.0
2026-02-07T08,CENT,Central,D,Demand,30566,megawatthours,2026-02-07 08:00:00,30566.0
2026-02-07T08,CENT,Central,DF,Day-ahead demand forecast,36216,megawatthours,2026-02-07 08:00:00,36216.0
2026-02-07T08,CENT,Central,NG,Net generation,32999,megawatthours,2026-02-07 08:00:00,32999.0
2026-02-07T08,CENT,Central,TI,Total interchange,2434,megawatthours,2026-02-07 08:00:00,2434.0
2026-02-07T07,CENT,Central,D,Demand,30701,megawatthours,2026-02-07 07:00:00,30701.0
2026-02-07T07,CENT,Central,DF,Day-ahead demand forecast,36245,megawatthours,2026-02-07 07:00:00,36245.0
2026-02-07T07,CENT,Central,NG,Net generation,32446,megawatthours,2026-02-07 07:00:00,32446.0
2026-02-07T07,CENT,Central,TI,Total interchange,1745,megawatthours,2026-02-07 07:00:00,1745.0
2026-02-07T06,CENT,Central,D,Demand,31109,megawatthours,2026-02-07 06:00:00,31109.0
2026-02-07T06,CENT,Central,DF,Day-ahead demand forecast,36202,megawatthours,2026-02-07 06:00:00,36202.0
2026-02-07T06,CENT,Central,NG,Net generation,32403,megawatthours,2026-02-07 06:00:00,32403.0
2026-02-07T06,CENT,Central,TI,Total interchange,1294,megawatthours,2026-02-07 06:00:00,1294.0
2026-02-07T05,CENT,Central,D,Demand,31818,megawatthours,2026-02-07 05:00:00,31818.0
2026-02-07T05,CENT,Central,DF,Day-ahead demand forecast,36655,megawatthours,2026-02-07 05:00:00,36655.0
2026-02-07T05,CENT,Central,NG,Net generation,33873,megawatthours,2026-02-07 05:00:00,33873.0
2026-02-07T05,CENT,Central,TI,Total interchange,2055,megawatthours,2026-02-07 05:00:00,2055.0
2026-02-07T04,CENT,Central,D,Demand,32300,megawatthours,2026-02-07 04:00:00,32300.0
2026-02-07T04,CENT,Central,DF,Day-ahead demand forecast,37181,megawatthours,2026-02-07 04:00:00,37181.0
2026-02-07T04,CENT,Central,NG,Net generation,34359,megawatthours,2026-02-07 04:00:00,34359.0
2026-02-07T04,CENT,Central,TI,Total interchange,2059,megawatthours,2026-02-07 04:00:00,2059.0
2026-02-07T03,CENT,Central,D,Demand,32435,megawatthours,2026-02-07 03:00:00,32435.0
2026-02-07T03,CENT,Central,DF,Day-ahead demand forecast,37483,megawatthours,2026-02-07 03:00:00,37483.0
2026-02-07T03,CENT,Central,NG,Net generation,33981,megawatthours,2026-02-07 03:00:00,33981.0
2026-02-07T03,CENT,Central,TI,Total interchange,1545,megawatthours,2026-02-07 03:00:00,1545.0
2026-02-07T02,CENT,Central,D,Demand,32498,megawatthours,2026-02-07 02:00:00,32498.0
2026-02-07T02,CENT,Central,DF,Day-ahead demand forecast,37504,megawatthours,2026-02-07 02:00:00,37504.0
2026-02-07T02,CENT,Central,NG,Net generation,34081,megawatthours,2026-02-07 02:00:00,34081.0
2026-02-07T02,CENT,Central,TI,Total interchange,1584,megawatthours,2026-02-07 02:00:00,1584.0
2026-02-07T01,CENT,Central,D,Demand,32487,megawatthours,2026-02-07 01:00:00,32487.0
2026-02-07T01,CENT,Central,DF,Day-ahead demand forecast,37458,megawatthours,2026-02-07 01:00:00,37458.0
2026-02-07T01,CENT,Central,NG,Net generation,33098,megawatthours,2026-02-07 01:00:00,33098.0
2026-02-07T01,CENT,Central,TI,Total interchange,611,megawatthours,2026-02-07 01:00:00,611.0
2026-02-07T00,CENT,Central,D,Demand,31848,megawatthours,2026-02-07 00:00:00,31848.0
2026-02-07T00,CENT,Central,DF,Day-ahead demand forecast,36789,megawatthours,2026-02-07 00:00:00,36789.0
2026-02-07T00,CENT,Central,NG,Net generation,30553,megawatthours,2026-02-07 00:00:00,30553.0
2026-02-07T00,CENT,Central,TI,Total interchange,-1295,megawatthours,2026-02-07 00:00:00,-1295.0
2026-02-06T23,CENT,Central,D,Demand,31553,megawatthours,2026-02-06 23:00:00,31553.0
2026-02-06T23,CENT,Central,DF,Day-ahead demand forecast,35775,megawatthours,2026-02-06 23:00:00,35775.0
2026-02-06T23,CENT,Central,NG,Net generation,29919,megawatthours,2026-02-06 23:00:00,29919.0
2026-02-06T23,CENT,Central,TI,Total interchange,-1633,megawatthours,2026-02-06 23:00:00,-1633.0
2026-02-06T22,CENT,Central,D,Demand,31438,megawatthours,2026-02-06 22:00:00,31438.0
2026-02-06T22,CENT,Central,DF,Day-ahead demand forecast,35488,megawatthours,2026-02-06 22:00:00,35488.0
2026-02-06T22,CENT,Central,NG,Net generation,29411,megawatthours,2026-02-06 22:00:00,29411.0
2026-02-06T22,CENT,Central,TI,Total interchange,-2028,megawatthours,2026-02-06 22:00:00,-2028.0
2026-02-06T21,CENT,Central,D,Demand,31615,megawatthours,2026-02-06 21:00:00,31615.0
2026-02-06T21,CENT,Central,DF,Day-ahead demand forecast,35525,megawatthours,2026-02-06 21:00:00,35525.0
2026-02-06T21,CENT,Central,NG,Net generation,30440,megawatthours,2026-02-06 21:00:00,30440.0
2026-02-06T21,CENT,Central,TI,Total interchange,-1176,megawatthours,2026-02-06 21:00:00,-1176.0
2026-02-06T20,CENT,Central,D,Demand,32011,megawatthours,2026-02-06 20:00:00,32011.0
2026-02-06T20,CENT,Central,DF,Day-ahead demand forecast,35878,megawatthours,2026-02-06 20:00:00,35878.0
2026-02-06T20,CENT,Central,NG,Net generation,31411,megawatthours,2026-02-06 20:00:00,31411.0
2026-02-06T20,CENT,Central,TI,Total interchange,-600,megawatthours,2026-02-06 20:00:00,-600.0
2026-02-06T19,CENT,Central,D,Demand,32440,megawatthours,2026-02-06 19:00:00,32440.0
2026-02-06T19,CENT,Central,DF,Day-ahead demand forecast,36307,megawatthours,2026-02-06 19:00:00,36307.0
2026-02-06T19,CENT,Central,NG,Net generation,32291,megawatthours,2026-02-06 19:00:00,32291.0
2026-02-06T19,CENT,Central,TI,Total interchange,-149,megawatthours,2026-02-06 19:00:00,-149.0
2026-02-06T18,CENT,Central,D,Demand,33162,megawatthours,2026-02-06 18:00:00,33162.0
2026-02-06T18,CENT,Central,DF,Day-ahead demand forecast,37016,megawatthours,2026-02-06 18:00:00,37016.0
2026-02-06T18,CENT,Central,NG,Net generation,33005,megawatthours,2026-02-06 18:00:00,33005.0
2026-02-06T18,CENT,Central,TI,Total interchange,-157,megawatthours,2026-02-06 18:00:00,-157.0
2026-02-06T17,CENT,Central,D,Demand,33919,megawatthours,2026-02-06 17:00:00,33919.0
2026-02-06T17,CENT,Central,DF,Day-ahead demand forecast,37790,megawatthours,2026-02-06 17:00:00,37790.0
2026-02-06T17,CENT,Central,NG,Net generation,33533,megawatthours,2026-02-06 17:00:00,33533.0
2026-02-06T17,CENT,Central,TI,Total interchange,-387,megawatthours,2026-02-06 17:00:00,-387.0
2026-02-06T16,CENT,Central,D,Demand,34662,megawatthours,2026-02-06 16:00:00,34662.0
2026-02-06T16,CENT,Central,DF,Day-ahead demand forecast,38616,megawatthours,2026-02-06 16:00:00,38616.0
2026-02-06T16,CENT,Central,NG,Net generation,33982,megawatthours,2026-02-06 16:00:00,33982.0
2026-02-06T16,CENT,Central,TI,Total interchange,-681,megawatthours,2026-02-06 16:00:00,-681.0
2026-02-06T15,CENT,Central,D,Demand,35696,megawatthours,2026-02-06 15:00:00,35696.0
2026-02-06T15,CENT,Central,DF,Day-ahead demand forecast,39351,megawatthours,2026-02-06 15:00:00,39351.0
2026-02-06T15,CENT,Central,NG,Net generation,35552,megawatthours,2026-02-06 15:00:00,35552.0
2026-02-06T15,CENT,Central,TI,Total interchange,-144,megawatthours,2026-02-06 15:00:00,-144.0
2026-02-06T14,CENT,Central,D,Demand,36237,megawatthours,2026-02-06 14:00:00,36237.0
2026-02-06T14,CENT,Central,DF,Day-ahead demand forecast,39697,megawatthours,2026-02-06 14:00:00,39697.0
2026-02-06T14,CENT,Central,NG,Net generation,37437,megawatthours,2026-02-06 14:00:00,37437.0
2026-02-06T14,CENT,Central,TI,Total interchange,1200,megawatthours,2026-02-06 14:00:00,1200.0
2026-02-06T13,CENT,Central,D,Demand,35019,megawatthours,2026-02-06 13:00:00,35019.0
2026-02-06T13,CENT,Central,DF,Day-ahead demand forecast,38381,megawatthours,2026-02-06 13:00:00,38381.0
2026-02-06T13,CENT,Central,NG,Net generation,36465,megawatthours,2026-02-06 13:00:00,36465.0
2026-02-06T13,CENT,Central,TI,Total interchange,1447,megawatthours,2026-02-06 13:00:00,1447.0
2026-02-06T12,CENT,Central,D,Demand,32847,megawatthours,2026-02-06 12:00:00,32847.0
2026-02-06T12,CENT,Central,DF,Day-ahead demand forecast,36434,megawatthours,2026-02-06 12:00:00,36434.0
2026-02-06T12,CENT,Central,NG,Net generation,33706,megawatthours,2026-02-06 12:00:00,33706.0
2026-02-06T12,CENT,Central,TI,Total interchange,860,megawatthours,2026-02-06 12:00:00,860.0
2026-02-06T11,CENT,Central,D,Demand,31526,megawatthours,2026-02-06 11:00:00,31526.0
2026-02-06T11,CENT,Central,DF,Day-ahead demand forecast,35246,megawatthours,2026-02-06 11:00:00,35246.0
2026-02-06T11,CENT,Central,NG,Net generation,32231,megawatthours,2026-02-06 11:00:00,32231.0
2026-02-06T11,CENT,Central,TI,Total interchange,705,megawatthours,2026-02-06 11:00:00,705.0
2026-02-06T10,CENT,Central,D,Demand,30938,megawatthours,2026-02-06 10:00:00,30938.0
2026-02-06T10,CENT,Central,DF,Day-ahead demand forecast,34730,megawatthours,2026-02-06 10:00:00,34730.0
2026-02-06T10,CENT,Central,NG,Net generation,31859,megawatthours,2026-02-06 10:00:00,31859.0
2026-02-06T10,CENT,Central,TI,Total interchange,921,megawatthours,2026-02-06 10:00:00,921.0
2026-02-06T09,CENT,Central,D,Demand,30754,megawatthours,2026-02-06 09:00:00,30754.0
2026-02-06T09,CENT,Central,DF,Day-ahead demand forecast,34556,megawatthours,2026-02-06 09:00:00,34556.0
2026-02-06T09,CENT,Central,NG,Net generation,32038,megawatthours,2026-02-06 09:00:00,32038.0
2026-02-06T09,CENT,Central,TI,Total interchange,1284,megawatthours,2026-02-06 09:00:00,1284.0
2026-02-06T08,CENT,Central,D,Demand,30787,megawatthours,2026-02-06 08:00:00,30787.0
2026-02-06T08,CENT,Central,DF,Day-ahead demand forecast,34355,megawatthours,2026-02-06 08:00:00,34355.0
2026-02-06T08,CENT,Central,NG,Net generation,32267,megawatthours,2026-02-06 08:00:00,32267.0
2026-02-06T08,CENT,Central,TI,Total interchange,1480,megawatthours,2026-02-06 08:00:00,1480.0
2026-02-06T07,CENT,Central,D,Demand,31014,megawatthours,2026-02-06 07:00:00,31014.0
2026-02-06T07,CENT,Central,DF,Day-ahead demand forecast,34547,megawatthours,2026-02-06 07:00:00,34547.0
2026-02-06T07,CENT,Central,NG,Net generation,32970,megawatthours,2026-02-06 07:00:00,32970.0
2026-02-06T07,CENT,Central,TI,Total interchange,1955,megawatthours,2026-02-06 07:00:00,1955.0
2026-02-06T06,CENT,Central,D,Demand,31627,megawatthours,2026-02-06 06:00:00,31627.0
2026-02-06T06,CENT,Central,DF,Day-ahead demand forecast,36284,megawatthours,2026-02-06 06:00:00,36284.0
2026-02-06T06,CENT,Central,NG,Net generation,33069,megawatthours,2026-02-06 06:00:00,33069.0
2026-02-06T06,CENT,Central,TI,Total interchange,1442,megawatthours,2026-02-06 06:00:00,1442.0
2026-02-06T05,CENT,Central,D,Demand,32557,megawatthours,2026-02-06 05:00:00,32557.0
2026-02-06T05,CENT,Central,DF,Day-ahead demand forecast,36965,megawatthours,2026-02-06 05:00:00,36965.0
2026-02-06T05,CENT,Central,NG,Net generation,33445,megawatthours,2026-02-06 05:00:00,33445.0
2026-02-06T05,CENT,Central,TI,Total interchange,888,megawatthours,2026-02-06 05:00:00,888.0
2026-02-06T04,CENT,Central,D,Demand,33492,megawatthours,2026-02-06 04:00:00,33492.0
2026-02-06T04,CENT,Central,DF,Day-ahead demand forecast,37955,megawatthours,2026-02-06 04:00:00,37955.0
2026-02-06T04,CENT,Central,NG,Net generation,34682,megawatthours,2026-02-06 04:00:00,34682.0
2026-02-06T04,CENT,Central,TI,Total interchange,1189,megawatthours,2026-02-06 04:00:00,1189.0
2026-02-06T03,CENT,Central,D,Demand,34037,megawatthours,2026-02-06 03:00:00,34037.0
2026-02-06T03,CENT,Central,DF,Day-ahead demand forecast,38295,megawatthours,2026-02-06 03:00:00,38295.0
2026-02-06T03,CENT,Central,NG,Net generation,34583,megawatthours,2026-02-06 03:00:00,34583.0
2026-02-06T03,CENT,Central,TI,Total interchange,546,megawatthours,2026-02-06 03:00:00,546.0
2026-02-06T02,CENT,Central,D,Demand,34048,megawatthours,2026-02-06 02:00:00,34048.0
2026-02-06T02,CENT,Central,DF,Day-ahead demand forecast,38443,megawatthours,2026-02-06 02:00:00,38443.0
2026-02-06T02,CENT,Central,NG,Net generation,34620,megawatthours,2026-02-06 02:00:00,34620.0
2026-02-06T02,CENT,Central,TI,Total interchange,571,megawatthours,2026-02-06 02:00:00,571.0
2026-02-06T01,CENT,Central,D,Demand,33830,megawatthours,2026-02-06 01:00:00,33830.0
2026-02-06T01,CENT,Central,DF,Day-ahead demand forecast,38309,megawatthours,2026-02-06 01:00:00,38309.0
2026-02-06T01,CENT,Central,NG,Net generation,33637,megawatthours,2026-02-06 01:00:00,33637.0
2026-02-06T01,CENT,Central,TI,Total interchange,-192,megawatthours,2026-02-06 01:00:00,-192.0
2026-02-06T00,CENT,Central,D,Demand,32679,megawatthours,2026-02-06 00:00:00,32679.0
2026-02-06T00,CENT,Central,DF,Day-ahead demand forecast,37239,megawatthours,2026-02-06 00:00:00,37239.0
2026-02-06T00,CENT,Central,NG,Net generation,32177,megawatthours,2026-02-06 00:00:00,32177.0
2026-02-06T00,CENT,Central,TI,Total interchange,-502,megawatthours,2026-02-06 00:00:00,-502.0
2026-02-05T23,CENT,Central,D,Demand,32140,megawatthours,2026-02-05 23:00:00,32140.0
2026-02-05T23,CENT,Central,DF,Day-ahead demand forecast,36218,megawatthours,2026-02-05 23:00:00,36218.0
2026-02-05T23,CENT,Central,NG,Net generation,32221,megawatthours,2026-02-05 23:00:00,32221.0
2026-02-05T23,CENT,Central,TI,Total interchange,81,megawatthours,2026-02-05 23:00:00,81.0
2026-02-05T22,CENT,Central,D,Demand,32061,megawatthours,2026-02-05 22:00:00,32061.0
2026-02-05T22,CENT,Central,DF,Day-ahead demand forecast,35847,megawatthours,2026-02-05 22:00:00,35847.0
2026-02-05T22,CENT,Central,NG,Net generation,32382,megawatthours,2026-02-05 22:00:00,32382.0
2026-02-05T22,CENT,Central,TI,Total interchange,321,megawatthours,2026-02-05 22:00:00,321.0
2026-02-05T21,CENT,Central,D,Demand,32525,megawatthours,2026-02-05 21:00:00,32525.0
2026-02-05T21,CENT,Central,DF,Day-ahead demand forecast,35983,megawatthours,2026-02-05 21:00:00,35983.0
2026-02-05T21,CENT,Central,NG,Net generation,32688,megawatthours,2026-02-05 21:00:00,32688.0
2026-02-05T21,CENT,Central,TI,Total interchange,163,megawatthours,2026-02-05 21:00:00,163.0
2026-02-05T20,CENT,Central,D,Demand,33120,megawatthours,2026-02-05 20:00:00,33120.0
2026-02-05T20,CENT,Central,DF,Day-ahead demand forecast,36488,megawatthours,2026-02-05 20:00:00,36488.0
2026-02-05T20,CENT,Central,NG,Net generation,32808,megawatthours,2026-02-05 20:00:00,32808.0
2026-02-05T20,CENT,Central,TI,Total interchange,-311,megawatthours,2026-02-05 20:00:00,-311.0
2026-02-05T19,CENT,Central,D,Demand,33764,megawatthours,2026-02-05 19:00:00,33764.0
2026-02-05T19,CENT,Central,DF,Day-ahead demand forecast,37254,megawatthours,2026-02-05 19:00:00,37254.0
2026-02-05T19,CENT,Central,NG,Net generation,33879,megawatthours,2026-02-05 19:00:00,33879.0
2026-02-05T19,CENT,Central,TI,Total interchange,115,megawatthours,2026-02-05 19:00:00,115.0
2026-02-05T18,CENT,Central,D,Demand,34900,megawatthours,2026-02-05 18:00:00,34900.0
2026-02-05T18,CENT,Central,DF,Day-ahead demand forecast,38292,megawatthours,2026-02-05 18:00:00,38292.0
2026-02-05T18,CENT,Central,NG,Net generation,34821,megawatthours,2026-02-05 18:00:00,34821.0
2026-02-05T18,CENT,Central,TI,Total interchange,-80,megawatthours,2026-02-05 18:00:00,-80.0
2026-02-05T17,CENT,Central,D,Demand,36233,megawatthours,2026-02-05 17:00:00,36233.0
2026-02-05T17,CENT,Central,DF,Day-ahead demand forecast,39451,megawatthours,2026-02-05 17:00:00,39451.0
2026-02-05T17,CENT,Central,NG,Net generation,35951,megawatthours,2026-02-05 17:00:00,35951.0
2026-02-05T17,CENT,Central,TI,Total interchange,-283,megawatthours,2026-02-05 17:00:00,-283.0
2026-02-05T16,CENT,Central,D,Demand,37646,megawatthours,2026-02-05 16:00:00,37646.0
2026-02-05T16,CENT,Central,DF,Day-ahead demand forecast,40836,megawatthours,2026-02-05 16:00:00,40836.0
2026-02-05T16,CENT,Central,NG,Net generation,37485,megawatthours,2026-02-05 16:00:00,37485.0
2026-02-05T16,CENT,Central,TI,Total interchange,-162,megawatthours,2026-02-05 16:00:00,-162.0
2026-02-05T15,CENT,Central,D,Demand,39138,megawatthours,2026-02-05 15:00:00,39138.0
2026-02-05T15,CENT,Central,DF,Day-ahead demand forecast,42886,megawatthours,2026-02-05 15:00:00,42886.0
2026-02-05T15,CENT,Central,NG,Net generation,39977,megawatthours,2026-02-05 15:00:00,39977.0
2026-02-05T15,CENT,Central,TI,Total interchange,838,megawatthours,2026-02-05 15:00:00,838.0
2026-02-05T14,CENT,Central,D,Demand,39961,megawatthours,2026-02-05 14:00:00,39961.0
2026-02-05T14,CENT,Central,DF,Day-ahead demand forecast,44111,megawatthours,2026-02-05 14:00:00,44111.0
2026-02-05T14,CENT,Central,NG,Net generation,40523,megawatthours,2026-02-05 14:00:00,40523.0
2026-02-05T14,CENT,Central,TI,Total interchange,562,megawatthours,2026-02-05 14:00:00,562.0
2026-02-05T13,CENT,Central,D,Demand,38813,megawatthours,2026-02-05 13:00:00,38813.0
2026-02-05T13,CENT,Central,DF,Day-ahead demand forecast,42816,megawatthours,2026-02-05 13:00:00,42816.0
2026-02-05T13,CENT,Central,NG,Net generation,40242,megawatthours,2026-02-05 13:00:00,40242.0
2026-02-05T13,CENT,Central,TI,Total interchange,1431,megawatthours,2026-02-05 13:00:00,1431.0
2026-02-05T12,CENT,Central,D,Demand,36431,megawatthours,2026-02-05 12:00:00,36431.0
2026-02-05T12,CENT,Central,DF,Day-ahead demand forecast,40727,megawatthours,2026-02-05 12:00:00,40727.0
2026-02-05T12,CENT,Central,NG,Net generation,37665,megawatthours,2026-02-05 12:00:00,37665.0
2026-02-05T12,CENT,Central,TI,Total interchange,1235,megawatthours,2026-02-05 12:00:00,1235.0
2026-02-05T11,CENT,Central,D,Demand,34950,megawatthours,2026-02-05 11:00:00,34950.0
2026-02-05T11,CENT,Central,DF,Day-ahead demand forecast,39357,megawatthours,2026-02-05 11:00:00,39357.0
2026-02-05T11,CENT,Central,NG,Net generation,35498,megawatthours,2026-02-05 11:00:00,35498.0
2026-02-05T11,CENT,Central,TI,Total interchange,548,megawatthours,2026-02-05 11:00:00,548.0
2026-02-05T10,CENT,Central,D,Demand,34200,megawatthours,2026-02-05 10:00:00,34200.0
2026-02-05T10,CENT,Central,DF,Day-ahead demand forecast,38539,megawatthours,2026-02-05 10:00:00,38539.0
2026-02-05T10,CENT,Central,NG,Net generation,35227,megawatthours,2026-02-05 10:00:00,35227.0
2026-02-05T10,CENT,Central,TI,Total interchange,1027,megawatthours,2026-02-05 10:00:00,1027.0
2026-02-05T09,CENT,Central,D,Demand,33919,megawatthours,2026-02-05 09:00:00,33919.0
2026-02-05T09,CENT,Central,DF,Day-ahead demand forecast,37746,megawatthours,2026-02-05 09:00:00,37746.0
2026-02-05T09,CENT,Central,NG,Net generation,35450,megawatthours,2026-02-05 09:00:00,35450.0
2026-02-05T09,CENT,Central,TI,Total interchange,1532,megawatthours,2026-02-05 09:00:00,1532.0
2026-02-05T08,CENT,Central,D,Demand,33870,megawatthours,2026-02-05 08:00:00,33870.0
2026-02-05T08,CENT,Central,DF,Day-ahead demand forecast,37613,megawatthours,2026-02-05 08:00:00,37613.0
2026-02-05T08,CENT,Central,NG,Net generation,35851,megawatthours,2026-02-05 08:00:00,35851.0
2026-02-05T08,CENT,Central,TI,Total interchange,1981,megawatthours,2026-02-05 08:00:00,1981.0
2026-02-05T07,CENT,Central,D,Demand,34039,megawatthours,2026-02-05 07:00:00,34039.0
2026-02-05T07,CENT,Central,DF,Day-ahead demand forecast,37796,megawatthours,2026-02-05 07:00:00,37796.0
2026-02-05T07,CENT,Central,NG,Net generation,36009,megawatthours,2026-02-05 07:00:00,36009.0
2026-02-05T07,CENT,Central,TI,Total interchange,1970,megawatthours,2026-02-05 07:00:00,1970.0
2026-02-05T06,CENT,Central,D,Demand,34488,megawatthours,2026-02-05 06:00:00,34488.0
2026-02-05T06,CENT,Central,DF,Day-ahead demand forecast,40783,megawatthours,2026-02-05 06:00:00,40783.0
2026-02-05T06,CENT,Central,NG,Net generation,35289,megawatthours,2026-02-05 06:00:00,35289.0
2026-02-05T06,CENT,Central,TI,Total interchange,801,megawatthours,2026-02-05 06:00:00,801.0
2026-02-05T05,CENT,Central,D,Demand,35488,megawatthours,2026-02-05 05:00:00,35488.0
2026-02-05T05,CENT,Central,DF,Day-ahead demand forecast,41088,megawatthours,2026-02-05 05:00:00,41088.0
2026-02-05T05,CENT,Central,NG,Net generation,36072,megawatthours,2026-02-05 05:00:00,36072.0
2026-02-05T05,CENT,Central,TI,Total interchange,584,megawatthours,2026-02-05 05:00:00,584.0
2026-02-05T04,CENT,Central,D,Demand,36561,megawatthours,2026-02-05 04:00:00,36561.0
2026-02-05T04,CENT,Central,DF,Day-ahead demand forecast,41565,megawatthours,2026-02-05 04:00:00,41565.0
2026-02-05T04,CENT,Central,NG,Net generation,36995,megawatthours,2026-02-05 04:00:00,36995.0
2026-02-05T04,CENT,Central,TI,Total interchange,433,megawatthours,2026-02-05 04:00:00,433.0
2026-02-05T03,CENT,Central,D,Demand,37103,megawatthours,2026-02-05 03:00:00,37103.0
2026-02-05T03,CENT,Central,DF,Day-ahead demand forecast,41852,megawatthours,2026-02-05 03:00:00,41852.0
2026-02-05T03,CENT,Central,NG,Net generation,37472,megawatthours,2026-02-05 03:00:00,37472.0
2026-02-05T03,CENT,Central,TI,Total interchange,368,megawatthours,2026-02-05 03:00:00,368.0
2026-02-05T02,CENT,Central,D,Demand,37125,megawatthours,2026-02-05 02:00:00,37125.0
2026-02-05T02,CENT,Central,DF,Day-ahead demand forecast,41824,megawatthours,2026-02-05 02:00:00,41824.0
2026-02-05T02,CENT,Central,NG,Net generation,37526,megawatthours,2026-02-05 02:00:00,37526.0
2026-02-05T02,CENT,Central,TI,Total interchange,400,megawatthours,2026-02-05 02:00:00,400.0
2026-02-05T01,CENT,Central,D,Demand,36995,megawatthours,2026-02-05 01:00:00,36995.0
2026-02-05T01,CENT,Central,DF,Day-ahead demand forecast,41166,megawatthours,2026-02-05 01:00:00,41166.0
2026-02-05T01,CENT,Central,NG,Net generation,37107,megawatthours,2026-02-05 01:00:00,37107.0
2026-02-05T01,CENT,Central,TI,Total interchange,112,megawatthours,2026-02-05 01:00:00,112.0
2026-02-05T00,CENT,Central,D,Demand,35924,megawatthours,2026-02-05 00:00:00,35924.0
2026-02-05T00,CENT,Central,DF,Day-ahead demand forecast,39654,megawatthours,2026-02-05 00:00:00,39654.0
2026-02-05T00,CENT,Central,NG,Net generation,36234,megawatthours,2026-02-05 00:00:00,36234.0
2026-02-05T00,CENT,Central,TI,Total interchange,310,megawatthours,2026-02-05 00:00:00,310.0
2026-02-04T23,CENT,Central,D,Demand,35139,megawatthours,2026-02-04 23:00:00,35139.0
2026-02-04T23,CENT,Central,DF,Day-ahead demand forecast,38357,megawatthours,2026-02-04 23:00:00,38357.0
2026-02-04T23,CENT,Central,NG,Net generation,35577,megawatthours,2026-02-04 23:00:00,35577.0
2026-02-04T23,CENT,Central,TI,Total interchange,438,megawatthours,2026-02-04 23:00:00,438.0
2026-02-04T22,CENT,Central,D,Demand,34781,megawatthours,2026-02-04 22:00:00,34781.0
2026-02-04T22,CENT,Central,DF,Day-ahead demand forecast,37942,megawatthours,2026-02-04 22:00:00,37942.0
2026-02-04T22,CENT,Central,NG,Net generation,35449,megawatthours,2026-02-04 22:00:00,35449.0
2026-02-04T22,CENT,Central,TI,Total interchange,668,megawatthours,2026-02-04 22:00:00,668.0
2026-02-04T21,CENT,Central,D,Demand,34881,megawatthours,2026-02-04 21:00:00,34881.0
2026-02-04T21,CENT,Central,DF,Day-ahead demand forecast,38126,megawatthours,2026-02-04 21:00:00,38126.0
2026-02-04T21,CENT,Central,NG,Net generation,35254,megawatthours,2026-02-04 21:00:00,35254.0
2026-02-04T21,CENT,Central,TI,Total interchange,373,megawatthours,2026-02-04 21:00:00,373.0
2026-02-04T20,CENT,Central,D,Demand,35275,megawatthours,2026-02-04 20:00:00,35275.0
2026-02-04T20,CENT,Central,DF,Day-ahead demand forecast,38521,megawatthours,2026-02-04 20:00:00,38521.0
2026-02-04T20,CENT,Central,NG,Net generation,35485,megawatthours,2026-02-04 20:00:00,35485.0
2026-02-04T20,CENT,Central,TI,Total interchange,209,megawatthours,2026-02-04 20:00:00,209.0
2026-02-04T19,CENT,Central,D,Demand,35798,megawatthours,2026-02-04 19:00:00,35798.0
2026-02-04T19,CENT,Central,DF,Day-ahead demand forecast,39110,megawatthours,2026-02-04 19:00:00,39110.0
2026-02-04T19,CENT,Central,NG,Net generation,36033,megawatthours,2026-02-04 19:00:00,36033.0
2026-02-04T19,CENT,Central,TI,Total interchange,235,megawatthours,2026-02-04 19:00:00,235.0
2026-02-04T18,CENT,Central,D,Demand,36455,megawatthours,2026-02-04 18:00:00,36455.0
2026-02-04T18,CENT,Central,DF,Day-ahead demand forecast,40035,megawatthours,2026-02-04 18:00:00,40035.0
2026-02-04T18,CENT,Central,NG,Net generation,36764,megawatthours,2026-02-04 18:00:00,36764.0
2026-02-04T18,CENT,Central,TI,Total interchange,308,megawatthours,2026-02-04 18:00:00,308.0
2026-02-04T17,CENT,Central,D,Demand,37137,megawatthours,2026-02-04 17:00:00,37137.0
2026-02-04T17,CENT,Central,DF,Day-ahead demand forecast,40965,megawatthours,2026-02-04 17:00:00,40965.0
2026-02-04T17,CENT,Central,NG,Net generation,37315,megawatthours,2026-02-04 17:00:00,37315.0
2026-02-04T17,CENT,Central,TI,Total interchange,177,megawatthours,2026-02-04 17:00:00,177.0
2026-02-04T16,CENT,Central,D,Demand,37871,megawatthours,2026-02-04 16:00:00,37871.0
2026-02-04T16,CENT,Central,DF,Day-ahead demand forecast,42087,megawatthours,2026-02-04 16:00:00,42087.0
2026-02-04T16,CENT,Central,NG,Net generation,38517,megawatthours,2026-02-04 16:00:00,38517.0
2026-02-04T16,CENT,Central,TI,Total interchange,646,megawatthours,2026-02-04 16:00:00,646.0
2026-02-04T15,CENT,Central,D,Demand,38448,megawatthours,2026-02-04 15:00:00,38448.0
2026-02-04T15,CENT,Central,DF,Day-ahead demand forecast,43436,megawatthours,2026-02-04 15:00:00,43436.0
2026-02-04T15,CENT,Central,NG,Net generation,39634,megawatthours,2026-02-04 15:00:00,39634.0
2026-02-04T15,CENT,Central,TI,Total interchange,1186,megawatthours,2026-02-04 15:00:00,1186.0
2026-02-04T14,CENT,Central,D,Demand,38710,megawatthours,2026-02-04 14:00:00,38710.0
2026-02-04T14,CENT,Central,DF,Day-ahead demand forecast,43479,megawatthours,2026-02-04 14:00:00,43479.0
2026-02-04T14,CENT,Central,NG,Net generation,40432,megawatthours,2026-02-04 14:00:00,40432.0
2026-02-04T14,CENT,Central,TI,Total interchange,1723,megawatthours,2026-02-04 14:00:00,1723.0
2026-02-04T13,CENT,Central,D,Demand,37390,megawatthours,2026-02-04 13:00:00,37390.0
2026-02-04T13,CENT,Central,DF,Day-ahead demand forecast,42146,megawatthours,2026-02-04 13:00:00,42146.0
2026-02-04T13,CENT,Central,NG,Net generation,39245,megawatthours,2026-02-04 13:00:00,39245.0
2026-02-04T13,CENT,Central,TI,Total interchange,1856,megawatthours,2026-02-04 13:00:00,1856.0
2026-02-04T12,CENT,Central,D,Demand,35080,megawatthours,2026-02-04 12:00:00,35080.0
2026-02-04T12,CENT,Central,DF,Day-ahead demand forecast,40014,megawatthours,2026-02-04 12:00:00,40014.0
2026-02-04T12,CENT,Central,NG,Net generation,36671,megawatthours,2026-02-04 12:00:00,36671.0
2026-02-04T12,CENT,Central,TI,Total interchange,1592,megawatthours,2026-02-04 12:00:00,1592.0
2026-02-04T11,CENT,Central,D,Demand,33632,megawatthours,2026-02-04 11:00:00,33632.0
2026-02-04T11,CENT,Central,DF,Day-ahead demand forecast,39218,megawatthours,2026-02-04 11:00:00,39218.0
2026-02-04T11,CENT,Central,NG,Net generation,35100,megawatthours,2026-02-04 11:00:00,35100.0
2026-02-04T11,CENT,Central,TI,Total interchange,1469,megawatthours,2026-02-04 11:00:00,1469.0
2026-02-04T10,CENT,Central,D,Demand,32924,megawatthours,2026-02-04 10:00:00,32924.0
2026-02-04T10,CENT,Central,DF,Day-ahead demand forecast,38354,megawatthours,2026-02-04 10:00:00,38354.0
2026-02-04T10,CENT,Central,NG,Net generation,34248,megawatthours,2026-02-04 10:00:00,34248.0
2026-02-04T10,CENT,Central,TI,Total interchange,1325,megawatthours,2026-02-04 10:00:00,1325.0
2026-02-04T09,CENT,Central,D,Demand,32657,megawatthours,2026-02-04 09:00:00,32657.0
2026-02-04T09,CENT,Central,DF,Day-ahead demand forecast,36953,megawatthours,2026-02-04 09:00:00,36953.0
2026-02-04T09,CENT,Central,NG,Net generation,33524,megawatthours,2026-02-04 09:00:00,33524.0
2026-02-04T09,CENT,Central,TI,Total interchange,867,megawatthours,2026-02-04 09:00:00,867.0
2026-02-04T08,CENT,Central,D,Demand,32523,megawatthours,2026-02-04 08:00:00,32523.0
2026-02-04T08,CENT,Central,DF,Day-ahead demand forecast,36821,megawatthours,2026-02-04 08:00:00,36821.0
2026-02-04T08,CENT,Central,NG,Net generation,33334,megawatthours,2026-02-04 08:00:00,33334.0
2026-02-04T08,CENT,Central,TI,Total interchange,811,megawatthours,2026-02-04 08:00:00,811.0
2026-02-04T07,CENT,Central,D,Demand,32685,megawatthours,2026-02-04 07:00:00,32685.0
2026-02-04T07,CENT,Central,DF,Day-ahead demand forecast,36978,megawatthours,2026-02-04 07:00:00,36978.0
2026-02-04T07,CENT,Central,NG,Net generation,33435,megawatthours,2026-02-04 07:00:00,33435.0
2026-02-04T07,CENT,Central,TI,Total interchange,750,megawatthours,2026-02-04 07:00:00,750.0
2026-02-04T06,CENT,Central,D,Demand,33236,megawatthours,2026-02-04 06:00:00,33236.0
2026-02-04T06,CENT,Central,DF,Day-ahead demand forecast,39815,megawatthours,2026-02-04 06:00:00,39815.0
2026-02-04T06,CENT,Central,NG,Net generation,34780,megawatthours,2026-02-04 06:00:00,34780.0
2026-02-04T06,CENT,Central,TI,Total interchange,1543,megawatthours,2026-02-04 06:00:00,1543.0
2026-02-04T05,CENT,Central,D,Demand,34279,megawatthours,2026-02-04 05:00:00,34279.0
2026-02-04T05,CENT,Central,DF,Day-ahead demand forecast,39992,megawatthours,2026-02-04 05:00:00,39992.0
2026-02-04T05,CENT,Central,NG,Net generation,35903,megawatthours,2026-02-04 05:00:00,35903.0
2026-02-04T05,CENT,Central,TI,Total interchange,1624,megawatthours,2026-02-04 05:00:00,1624.0
2026-02-04T04,CENT,Central,D,Demand,35355,megawatthours,2026-02-04 04:00:00,35355.0
2026-02-04T04,CENT,Central,DF,Day-ahead demand forecast,40656,megawatthours,2026-02-04 04:00:00,40656.0
2026-02-04T04,CENT,Central,NG,Net generation,37342,megawatthours,2026-02-04 04:00:00,37342.0
2026-02-04T04,CENT,Central,TI,Total interchange,1986,megawatthours,2026-02-04 04:00:00,1986.0
2026-02-04T03,CENT,Central,D,Demand,35928,megawatthours,2026-02-04 03:00:00,35928.0
2026-02-04T03,CENT,Central,DF,Day-ahead demand forecast,41165,megawatthours,2026-02-04 03:00:00,41165.0
2026-02-04T03,CENT,Central,NG,Net generation,38038,megawatthours,2026-02-04 03:00:00,38038.0
2026-02-04T03,CENT,Central,TI,Total interchange,2110,megawatthours,2026-02-04 03:00:00,2110.0
2026-02-04T02,CENT,Central,D,Demand,36117,megawatthours,2026-02-04 02:00:00,36117.0
2026-02-04T02,CENT,Central,DF,Day-ahead demand forecast,40757,megawatthours,2026-02-04 02:00:00,40757.0
2026-02-04T02,CENT,Central,NG,Net generation,38515,megawatthours,2026-02-04 02:00:00,38515.0
2026-02-04T02,CENT,Central,TI,Total interchange,2398,megawatthours,2026-02-04 02:00:00,2398.0
2026-02-04T01,CENT,Central,D,Demand,35972,megawatthours,2026-02-04 01:00:00,35972.0
2026-02-04T01,CENT,Central,DF,Day-ahead demand forecast,40413,megawatthours,2026-02-04 01:00:00,40413.0
2026-02-04T01,CENT,Central,NG,Net generation,38365,megawatthours,2026-02-04 01:00:00,38365.0
2026-02-04T01,CENT,Central,TI,Total interchange,2392,megawatthours,2026-02-04 01:00:00,2392.0
2026-02-04T00,CENT,Central,D,Demand,34991,megawatthours,2026-02-04 00:00:00,34991.0
2026-02-04T00,CENT,Central,DF,Day-ahead demand forecast,39115,megawatthours,2026-02-04 00:00:00,39115.0
2026-02-04T00,CENT,Central,NG,Net generation,36717,megawatthours,2026-02-04 00:00:00,36717.0
2026-02-04T00,CENT,Central,TI,Total interchange,1727,megawatthours,2026-02-04 00:00:00,1727.0
2026-02-03T23,CENT,Central,D,Demand,34067,megawatthours,2026-02-03 23:00:00,34067.0
2026-02-03T23,CENT,Central,DF,Day-ahead demand forecast,38003,megawatthours,2026-02-03 23:00:00,38003.0
2026-02-03T23,CENT,Central,NG,Net generation,34895,megawatthours,2026-02-03 23:00:00,34895.0
2026-02-03T23,CENT,Central,TI,Total interchange,829,megawatthours,2026-02-03 23:00:00,829.0
2026-02-03T22,CENT,Central,D,Demand,33504,megawatthours,2026-02-03 22:00:00,33504.0
2026-02-03T22,CENT,Central,DF,Day-ahead demand forecast,37716,megawatthours,2026-02-03 22:00:00,37716.0
2026-02-03T22,CENT,Central,NG,Net generation,33965,megawatthours,2026-02-03 22:00:00,33965.0
2026-02-03T22,CENT,Central,TI,Total interchange,462,megawatthours,2026-02-03 22:00:00,462.0
2026-02-03T21,CENT,Central,D,Demand,33619,megawatthours,2026-02-03 21:00:00,33619.0
2026-02-03T21,CENT,Central,DF,Day-ahead demand forecast,37896,megawatthours,2026-02-03 21:00:00,37896.0
2026-02-03T21,CENT,Central,NG,Net generation,33939,megawatthours,2026-02-03 21:00:00,33939.0
2026-02-03T21,CENT,Central,TI,Total interchange,319,megawatthours,2026-02-03 21:00:00,319.0
2026-02-03T20,CENT,Central,D,Demand,34186,megawatthours,2026-02-03 20:00:00,34186.0
2026-02-03T20,CENT,Central,DF,Day-ahead demand forecast,38258,megawatthours,2026-02-03 20:00:00,38258.0
2026-02-03T20,CENT,Central,NG,Net generation,34494,megawatthours,2026-02-03 20:00:00,34494.0
2026-02-03T20,CENT,Central,TI,Total interchange,308,megawatthours,2026-02-03 20:00:00,308.0
2026-02-03T19,CENT,Central,D,Demand,34714,megawatthours,2026-02-03 19:00:00,34714.0
2026-02-03T19,CENT,Central,DF,Day-ahead demand forecast,38654,megawatthours,2026-02-03 19:00:00,38654.0
2026-02-03T19,CENT,Central,NG,Net generation,35005,megawatthours,2026-02-03 19:00:00,35005.0
2026-02-03T19,CENT,Central,TI,Total interchange,290,megawatthours,2026-02-03 19:00:00,290.0
2026-02-03T18,CENT,Central,D,Demand,35228,megawatthours,2026-02-03 18:00:00,35228.0
2026-02-03T18,CENT,Central,DF,Day-ahead demand forecast,39330,megawatthours,2026-02-03 18:00:00,39330.0
2026-02-03T18,CENT,Central,NG,Net generation,35598,megawatthours,2026-02-03 18:00:00,35598.0
2026-02-03T18,CENT,Central,TI,Total interchange,370,megawatthours,2026-02-03 18:00:00,370.0
2026-02-03T17,CENT,Central,D,Demand,35925,megawatthours,2026-02-03 17:00:00,35925.0
2026-02-03T17,CENT,Central,DF,Day-ahead demand forecast,40043,megawatthours,2026-02-03 17:00:00,40043.0
2026-02-03T17,CENT,Central,NG,Net generation,35859,megawatthours,2026-02-03 17:00:00,35859.0
2026-02-03T17,CENT,Central,TI,Total interchange,-66,megawatthours,2026-02-03 17:00:00,-66.0
2026-02-03T16,CENT,Central,D,Demand,36396,megawatthours,2026-02-03 16:00:00,36396.0
2026-02-03T16,CENT,Central,DF,Day-ahead demand forecast,41185,megawatthours,2026-02-03 16:00:00,41185.0
2026-02-03T16,CENT,Central,NG,Net generation,36421,megawatthours,2026-02-03 16:00:00,36421.0
2026-02-03T16,CENT,Central,TI,Total interchange,24,megawatthours,2026-02-03 16:00:00,24.0
2026-02-03T15,CENT,Central,D,Demand,37171,megawatthours,2026-02-03 15:00:00,37171.0
2026-02-03T15,CENT,Central,DF,Day-ahead demand forecast,42330,megawatthours,2026-02-03 15:00:00,42330.0
2026-02-03T15,CENT,Central,NG,Net generation,38250,megawatthours,2026-02-03 15:00:00,38250.0
2026-02-03T15,CENT,Central,TI,Total interchange,1078,megawatthours,2026-02-03 15:00:00,1078.0
2026-02-03T14,CENT,Central,D,Demand,37370,megawatthours,2026-02-03 14:00:00,37370.0
2026-02-03T14,CENT,Central,DF,Day-ahead demand forecast,42601,megawatthours,2026-02-03 14:00:00,42601.0
2026-02-03T14,CENT,Central,NG,Net generation,39528,megawatthours,2026-02-03 14:00:00,39528.0
2026-02-03T14,CENT,Central,TI,Total interchange,2159,megawatthours,2026-02-03 14:00:00,2159.0
2026-02-03T13,CENT,Central,D,Demand,36144,megawatthours,2026-02-03 13:00:00,36144.0
2026-02-03T13,CENT,Central,DF,Day-ahead demand forecast,41178,megawatthours,2026-02-03 13:00:00,41178.0
2026-02-03T13,CENT,Central,NG,Net generation,39119,megawatthours,2026-02-03 13:00:00,39119.0
2026-02-03T13,CENT,Central,TI,Total interchange,2977,megawatthours,2026-02-03 13:00:00,2977.0
2026-02-03T12,CENT,Central,D,Demand,34058,megawatthours,2026-02-03 12:00:00,34058.0
2026-02-03T12,CENT,Central,DF,Day-ahead demand forecast,38736,megawatthours,2026-02-03 12:00:00,38736.0
2026-02-03T12,CENT,Central,NG,Net generation,37060,megawatthours,2026-02-03 12:00:00,37060.0
2026-02-03T12,CENT,Central,TI,Total interchange,3003,megawatthours,2026-02-03 12:00:00,3003.0
2026-02-03T11,CENT,Central,D,Demand,32748,megawatthours,2026-02-03 11:00:00,32748.0
2026-02-03T11,CENT,Central,DF,Day-ahead demand forecast,37240,megawatthours,2026-02-03 11:00:00,37240.0
2026-02-03T11,CENT,Central,NG,Net generation,35285,megawatthours,2026-02-03 11:00:00,35285.0
2026-02-03T11,CENT,Central,TI,Total interchange,2538,megawatthours,2026-02-03 11:00:00,2538.0
2026-02-03T10,CENT,Central,D,Demand,32017,megawatthours,2026-02-03 10:00:00,32017.0
2026-02-03T10,CENT,Central,DF,Day-ahead demand forecast,36270,megawatthours,2026-02-03 10:00:00,36270.0
2026-02-03T10,CENT,Central,NG,Net generation,34453,megawatthours,2026-02-03 10:00:00,34453.0
2026-02-03T10,CENT,Central,TI,Total interchange,2436,megawatthours,2026-02-03 10:00:00,2436.0
2026-02-03T09,CENT,Central,D,Demand,31756,megawatthours,2026-02-03 09:00:00,31756.0
2026-02-03T09,CENT,Central,DF,Day-ahead demand forecast,35980,megawatthours,2026-02-03 09:00:00,35980.0
2026-02-03T09,CENT,Central,NG,Net generation,33752,megawatthours,2026-02-03 09:00:00,33752.0
2026-02-03T09,CENT,Central,TI,Total interchange,1996,megawatthours,2026-02-03 09:00:00,1996.0
2026-02-03T08,CENT,Central,D,Demand,31830,megawatthours,2026-02-03 08:00:00,31830.0
2026-02-03T08,CENT,Central,DF,Day-ahead demand forecast,35997,megawatthours,2026-02-03 08:00:00,35997.0
2026-02-03T08,CENT,Central,NG,Net generation,33950,megawatthours,2026-02-03 08:00:00,33950.0
2026-02-03T08,CENT,Central,TI,Total interchange,2120,megawatthours,2026-02-03 08:00:00,2120.0
2026-02-03T07,CENT,Central,D,Demand,32043,megawatthours,2026-02-03 07:00:00,32043.0
2026-02-03T07,CENT,Central,DF,Day-ahead demand forecast,36146,megawatthours,2026-02-03 07:00:00,36146.0
2026-02-03T07,CENT,Central,NG,Net generation,33905,megawatthours,2026-02-03 07:00:00,33905.0
2026-02-03T07,CENT,Central,TI,Total interchange,1862,megawatthours,2026-02-03 07:00:00,1862.0
2026-02-03T06,CENT,Central,D,Demand,32523,megawatthours,2026-02-03 06:00:00,32523.0
2026-02-03T06,CENT,Central,DF,Day-ahead demand forecast,38135,megawatthours,2026-02-03 06:00:00,38135.0
2026-02-03T06,CENT,Central,NG,Net generation,34363,megawatthours,2026-02-03 06:00:00,34363.0
2026-02-03T06,CENT,Central,TI,Total interchange,1840,megawatthours,2026-02-03 06:00:00,1840.0
2026-02-03T05,CENT,Central,D,Demand,33601,megawatthours,2026-02-03 05:00:00,33601.0
2026-02-03T05,CENT,Central,DF,Day-ahead demand forecast,38919,megawatthours,2026-02-03 05:00:00,38919.0
2026-02-03T05,CENT,Central,NG,Net generation,36193,megawatthours,2026-02-03 05:00:00,36193.0
2026-02-03T05,CENT,Central,TI,Total interchange,2591,megawatthours,2026-02-03 05:00:00,2591.0
2026-02-03T04,CENT,Central,D,Demand,34885,megawatthours,2026-02-03 04:00:00,34885.0
2026-02-03T04,CENT,Central,DF,Day-ahead demand forecast,39529,megawatthours,2026-02-03 04:00:00,39529.0
2026-02-03T04,CENT,Central,NG,Net generation,37717,megawatthours,2026-02-03 04:00:00,37717.0
2026-02-03T04,CENT,Central,TI,Total interchange,2832,megawatthours,2026-02-03 04:00:00,2832.0
2026-02-03T03,CENT,Central,D,Demand,35714,megawatthours,2026-02-03 03:00:00,35714.0
2026-02-03T03,CENT,Central,DF,Day-ahead demand forecast,39875,megawatthours,2026-02-03 03:00:00,39875.0
2026-02-03T03,CENT,Central,NG,Net generation,38151,megawatthours,2026-02-03 03:00:00,38151.0
2026-02-03T03,CENT,Central,TI,Total interchange,2437,megawatthours,2026-02-03 03:00:00,2437.0
2026-02-03T02,CENT,Central,D,Demand,35950,megawatthours,2026-02-03 02:00:00,35950.0
2026-02-03T02,CENT,Central,DF,Day-ahead demand forecast,39988,megawatthours,2026-02-03 02:00:00,39988.0
2026-02-03T02,CENT,Central,NG,Net generation,38214,megawatthours,2026-02-03 02:00:00,38214.0
2026-02-03T02,CENT,Central,TI,Total interchange,2264,megawatthours,2026-02-03 02:00:00,2264.0
2026-02-03T01,CENT,Central,D,Demand,36011,megawatthours,2026-02-03 01:00:00,36011.0
2026-02-03T01,CENT,Central,DF,Day-ahead demand forecast,39662,megawatthours,2026-02-03 01:00:00,39662.0
2026-02-03T01,CENT,Central,NG,Net generation,38688,megawatthours,2026-02-03 01:00:00,38688.0
2026-02-03T01,CENT,Central,TI,Total interchange,2678,megawatthours,2026-02-03 01:00:00,2678.0
2026-02-03T00,CENT,Central,D,Demand,35015,megawatthours,2026-02-03 00:00:00,35015.0
2026-02-03T00,CENT,Central,DF,Day-ahead demand forecast,38639,megawatthours,2026-02-03 00:00:00,38639.0
2026-02-03T00,CENT,Central,NG,Net generation,37262,megawatthours,2026-02-03 00:00:00,37262.0
2026-02-03T00,CENT,Central,TI,Total interchange,2248,megawatthours,2026-02-03 00:00:00,2248.0
2026-02-02T23,CENT,Central,D,Demand,34188,megawatthours,2026-02-02 23:00:00,34188.0
2026-02-02T23,CENT,Central,DF,Day-ahead demand forecast,37466,megawatthours,2026-02-02 23:00:00,37466.0
2026-02-02T23,CENT,Central,NG,Net generation,36046,megawatthours,2026-02-02 23:00:00,36046.0
2026-02-02T23,CENT,Central,TI,Total interchange,1858,megawatthours,2026-02-02 23:00:00,1858.0
2026-02-02T22,CENT,Central,D,Demand,33853,megawatthours,2026-02-02 22:00:00,33853.0
2026-02-02T22,CENT,Central,DF,Day-ahead demand forecast,37098,megawatthours,2026-02-02 22:00:00,37098.0
2026-02-02T22,CENT,Central,NG,Net generation,35295,megawatthours,2026-02-02 22:00:00,35295.0
2026-02-02T22,CENT,Central,TI,Total interchange,1442,megawatthours,2026-02-02 22:00:00,1442.0
2026-02-02T21,CENT,Central,D,Demand,33948,megawatthours,2026-02-02 21:00:00,33948.0
2026-02-02T21,CENT,Central,DF,Day-ahead demand forecast,37377,megawatthours,2026-02-02 21:00:00,37377.0
2026-02-02T21,CENT,Central,NG,Net generation,34460,megawatthours,2026-02-02 21:00:00,34460.0
2026-02-02T21,CENT,Central,TI,Total interchange,512,megawatthours,2026-02-02 21:00:00,512.0
2026-02-02T20,CENT,Central,D,Demand,34416,megawatthours,2026-02-02 20:00:00,34416.0
2026-02-02T20,CENT,Central,DF,Day-ahead demand forecast,37898,megawatthours,2026-02-02 20:00:00,37898.0
2026-02-02T20,CENT,Central,NG,Net generation,34679,megawatthours,2026-02-02 20:00:00,34679.0
2026-02-02T20,CENT,Central,TI,Total interchange,263,megawatthours,2026-02-02 20:00:00,263.0
2026-02-02T19,CENT,Central,D,Demand,35137,megawatthours,2026-02-02 19:00:00,35137.0
2026-02-02T19,CENT,Central,DF,Day-ahead demand forecast,38662,megawatthours,2026-02-02 19:00:00,38662.0
2026-02-02T19,CENT,Central,NG,Net generation,36123,megawatthours,2026-02-02 19:00:00,36123.0
2026-02-02T19,CENT,Central,TI,Total interchange,986,megawatthours,2026-02-02 19:00:00,986.0
2026-02-02T18,CENT,Central,D,Demand,35994,megawatthours,2026-02-02 18:00:00,35994.0
2026-02-02T18,CENT,Central,DF,Day-ahead demand forecast,39581,megawatthours,2026-02-02 18:00:00,39581.0
2026-02-02T18,CENT,Central,NG,Net generation,37331,megawatthours,2026-02-02 18:00:00,37331.0
2026-02-02T18,CENT,Central,TI,Total interchange,1337,megawatthours,2026-02-02 18:00:00,1337.0
2026-02-02T17,CENT,Central,D,Demand,36974,megawatthours,2026-02-02 17:00:00,36974.0
2026-02-02T17,CENT,Central,DF,Day-ahead demand forecast,40994,megawatthours,2026-02-02 17:00:00,40994.0
2026-02-02T17,CENT,Central,NG,Net generation,38207,megawatthours,2026-02-02 17:00:00,38207.0
2026-02-02T17,CENT,Central,TI,Total interchange,1233,megawatthours,2026-02-02 17:00:00,1233.0
2026-02-02T16,CENT,Central,D,Demand,38327,megawatthours,2026-02-02 16:00:00,38327.0
2026-02-02T16,CENT,Central,DF,Day-ahead demand forecast,42710,megawatthours,2026-02-02 16:00:00,42710.0
2026-02-02T16,CENT,Central,NG,Net generation,39890,megawatthours,2026-02-02 16:00:00,39890.0
2026-02-02T16,CENT,Central,TI,Total interchange,1563,megawatthours,2026-02-02 16:00:00,1563.0
2026-02-02T15,CENT,Central,D,Demand,39982,megawatthours,2026-02-02 15:00:00,39982.0
2026-02-02T15,CENT,Central,DF,Day-ahead demand forecast,44993,megawatthours,2026-02-02 15:00:00,44993.0
2026-02-02T15,CENT,Central,NG,Net generation,43273,megawatthours,2026-02-02 15:00:00,43273.0
2026-02-02T15,CENT,Central,TI,Total interchange,3291,megawatthours,2026-02-02 15:00:00,3291.0
2026-02-02T14,CENT,Central,D,Demand,40739,megawatthours,2026-02-02 14:00:00,40739.0
2026-02-02T14,CENT,Central,DF,Day-ahead demand forecast,45469,megawatthours,2026-02-02 14:00:00,45469.0
2026-02-02T14,CENT,Central,NG,Net generation,44825,megawatthours,2026-02-02 14:00:00,44825.0
2026-02-02T14,CENT,Central,TI,Total interchange,4086,megawatthours,2026-02-02 14:00:00,4086.0
2026-02-02T13,CENT,Central,D,Demand,39569,megawatthours,2026-02-02 13:00:00,39569.0
2026-02-02T13,CENT,Central,DF,Day-ahead demand forecast,44065,megawatthours,2026-02-02 13:00:00,44065.0
2026-02-02T13,CENT,Central,NG,Net generation,42971,megawatthours,2026-02-02 13:00:00,42971.0
2026-02-02T13,CENT,Central,TI,Total interchange,3403,megawatthours,2026-02-02 13:00:00,3403.0
2026-02-02T12,CENT,Central,D,Demand,37361,megawatthours,2026-02-02 12:00:00,37361.0
2026-02-02T12,CENT,Central,DF,Day-ahead demand forecast,41830,megawatthours,2026-02-02 12:00:00,41830.0
2026-02-02T12,CENT,Central,NG,Net generation,40636,megawatthours,2026-02-02 12:00:00,40636.0
2026-02-02T12,CENT,Central,TI,Total interchange,3276,megawatthours,2026-02-02 12:00:00,3276.0
2026-02-02T11,CENT,Central,D,Demand,35896,megawatthours,2026-02-02 11:00:00,35896.0
2026-02-02T11,CENT,Central,DF,Day-ahead demand forecast,40779,megawatthours,2026-02-02 11:00:00,40779.0
2026-02-02T11,CENT,Central,NG,Net generation,39206,megawatthours,2026-02-02 11:00:00,39206.0
2026-02-02T11,CENT,Central,TI,Total interchange,3311,megawatthours,2026-02-02 11:00:00,3311.0
2026-02-02T10,CENT,Central,D,Demand,35292,megawatthours,2026-02-02 10:00:00,35292.0
2026-02-02T10,CENT,Central,DF,Day-ahead demand forecast,39949,megawatthours,2026-02-02 10:00:00,39949.0
2026-02-02T10,CENT,Central,NG,Net generation,38697,megawatthours,2026-02-02 10:00:00,38697.0
2026-02-02T10,CENT,Central,TI,Total interchange,3405,megawatthours,2026-02-02 10:00:00,3405.0
2026-02-02T09,CENT,Central,D,Demand,35018,megawatthours,2026-02-02 09:00:00,35018.0
2026-02-02T09,CENT,Central,DF,Day-ahead demand forecast,39352,megawatthours,2026-02-02 09:00:00,39352.0
2026-02-02T09,CENT,Central,NG,Net generation,37905,megawatthours,2026-02-02 09:00:00,37905.0
2026-02-02T09,CENT,Central,TI,Total interchange,2887,megawatthours,2026-02-02 09:00:00,2887.0
2026-02-02T08,CENT,Central,D,Demand,34949,megawatthours,2026-02-02 08:00:00,34949.0
2026-02-02T08,CENT,Central,DF,Day-ahead demand forecast,38679,megawatthours,2026-02-02 08:00:00,38679.0
2026-02-02T08,CENT,Central,NG,Net generation,37778,megawatthours,2026-02-02 08:00:00,37778.0
2026-02-02T08,CENT,Central,TI,Total interchange,2829,megawatthours,2026-02-02 08:00:00,2829.0
2026-02-02T07,CENT,Central,D,Demand,35060,megawatthours,2026-02-02 07:00:00,35060.0
2026-02-02T07,CENT,Central,DF,Day-ahead demand forecast,38860,megawatthours,2026-02-02 07:00:00,38860.0
2026-02-02T07,CENT,Central,NG,Net generation,37600,megawatthours,2026-02-02 07:00:00,37600.0
2026-02-02T07,CENT,Central,TI,Total interchange,2540,megawatthours,2026-02-02 07:00:00,2540.0
2026-02-02T06,CENT,Central,D,Demand,35489,megawatthours,2026-02-02 06:00:00,35489.0
2026-02-02T06,CENT,Central,DF,Day-ahead demand forecast,41233,megawatthours,2026-02-02 06:00:00,41233.0
2026-02-02T06,CENT,Central,NG,Net generation,38027,megawatthours,2026-02-02 06:00:00,38027.0
2026-02-02T06,CENT,Central,TI,Total interchange,2538,megawatthours,2026-02-02 06:00:00,2538.0
2026-02-02T05,CENT,Central,D,Demand,36366,megawatthours,2026-02-02 05:00:00,36366.0
2026-02-02T05,CENT,Central,DF,Day-ahead demand forecast,42108,megawatthours,2026-02-02 05:00:00,42108.0
2026-02-02T05,CENT,Central,NG,Net generation,39571,megawatthours,2026-02-02 05:00:00,39571.0
2026-02-02T05,CENT,Central,TI,Total interchange,3204,megawatthours,2026-02-02 05:00:00,3204.0
2026-02-02T04,CENT,Central,D,Demand,37151,megawatthours,2026-02-02 04:00:00,37151.0
2026-02-02T04,CENT,Central,DF,Day-ahead demand forecast,42885,megawatthours,2026-02-02 04:00:00,42885.0
2026-02-02T04,CENT,Central,NG,Net generation,39448,megawatthours,2026-02-02 04:00:00,39448.0
2026-02-02T04,CENT,Central,TI,Total interchange,2297,megawatthours,2026-02-02 04:00:00,2297.0
2026-02-02T03,CENT,Central,D,Demand,37661,megawatthours,2026-02-02 03:00:00,37661.0
2026-02-02T03,CENT,Central,DF,Day-ahead demand forecast,42612,megawatthours,2026-02-02 03:00:00,42612.0
2026-02-02T03,CENT,Central,NG,Net generation,39963,megawatthours,2026-02-02 03:00:00,39963.0
2026-02-02T03,CENT,Central,TI,Total interchange,2302,megawatthours,2026-02-02 03:00:00,2302.0
2026-02-02T02,CENT,Central,D,Demand,37756,megawatthours,2026-02-02 02:00:00,37756.0
2026-02-02T02,CENT,Central,DF,Day-ahead demand forecast,41891,megawatthours,2026-02-02 02:00:00,41891.0
2026-02-02T02,CENT,Central,NG,Net generation,39693,megawatthours,2026-02-02 02:00:00,39693.0
2026-02-02T02,CENT,Central,TI,Total interchange,1937,megawatthours,2026-02-02 02:00:00,1937.0
2026-02-02T01,CENT,Central,D,Demand,37353,megawatthours,2026-02-02 01:00:00,37353.0
2026-02-02T01,CENT,Central,DF,Day-ahead demand forecast,41252,megawatthours,2026-02-02 01:00:00,41252.0
2026-02-02T01,CENT,Central,NG,Net generation,39264,megawatthours,2026-02-02 01:00:00,39264.0
2026-02-02T01,CENT,Central,TI,Total interchange,1912,megawatthours,2026-02-02 01:00:00,1912.0
2026-02-02T00,CENT,Central,D,Demand,35827,megawatthours,2026-02-02 00:00:00,35827.0
2026-02-02T00,CENT,Central,DF,Day-ahead demand forecast,39604,megawatthours,2026-02-02 00:00:00,39604.0
2026-02-02T00,CENT,Central,NG,Net generation,37000,megawatthours,2026-02-02 00:00:00,37000.0
2026-02-02T00,CENT,Central,TI,Total interchange,1174,megawatthours,2026-02-02 00:00:00,1174.0
2026-02-01T23,CENT,Central,D,Demand,34617,megawatthours,2026-02-01 23:00:00,34617.0
2026-02-01T23,CENT,Central,DF,Day-ahead demand forecast,37867,megawatthours,2026-02-01 23:00:00,37867.0
2026-02-01T23,CENT,Central,NG,Net generation,36892,megawatthours,2026-02-01 23:00:00,36892.0
2026-02-01T23,CENT,Central,TI,Total interchange,2275,megawatthours,2026-02-01 23:00:00,2275.0
2026-02-01T22,CENT,Central,D,Demand,34312,megawatthours,2026-02-01 22:00:00,34312.0
2026-02-01T22,CENT,Central,DF,Day-ahead demand forecast,37393,megawatthours,2026-02-01 22:00:00,37393.0
2026-02-01T22,CENT,Central,NG,Net generation,36766,megawatthours,2026-02-01 22:00:00,36766.0
2026-02-01T22,CENT,Central,TI,Total interchange,2454,megawatthours,2026-02-01 22:00:00,2454.0
2026-02-01T21,CENT,Central,D,Demand,34599,megawatthours,2026-02-01 21:00:00,34599.0
2026-02-01T21,CENT,Central,DF,Day-ahead demand forecast,37678,megawatthours,2026-02-01 21:00:00,37678.0
2026-02-01T21,CENT,Central,NG,Net generation,37570,megawatthours,2026-02-01 21:00:00,37570.0
2026-02-01T21,CENT,Central,TI,Total interchange,2971,megawatthours,2026-02-01 21:00:00,2971.0
2026-02-01T20,CENT,Central,D,Demand,35308,megawatthours,2026-02-01 20:00:00,35308.0
2026-02-01T20,CENT,Central,DF,Day-ahead demand forecast,38415,megawatthours,2026-02-01 20:00:00,38415.0
2026-02-01T20,CENT,Central,NG,Net generation,37671,megawatthours,2026-02-01 20:00:00,37671.0
2026-02-01T20,CENT,Central,TI,Total interchange,2363,megawatthours,2026-02-01 20:00:00,2363.0
2026-02-01T19,CENT,Central,D,Demand,36149,megawatthours,2026-02-01 19:00:00,36149.0
2026-02-01T19,CENT,Central,DF,Day-ahead demand forecast,39434,megawatthours,2026-02-01 19:00:00,39434.0
2026-02-01T19,CENT,Central,NG,Net generation,37791,megawatthours,2026-02-01 19:00:00,37791.0
2026-02-01T19,CENT,Central,TI,Total interchange,1641,megawatthours,2026-02-01 19:00:00,1641.0
2026-02-01T18,CENT,Central,D,Demand,37043,megawatthours,2026-02-01 18:00:00,37043.0
2026-02-01T18,CENT,Central,DF,Day-ahead demand forecast,40948,megawatthours,2026-02-01 18:00:00,40948.0
2026-02-01T18,CENT,Central,NG,Net generation,37813,megawatthours,2026-02-01 18:00:00,37813.0
2026-02-01T18,CENT,Central,TI,Total interchange,770,megawatthours,2026-02-01 18:00:00,770.0
2026-02-01T17,CENT,Central,D,Demand,38118,megawatthours,2026-02-01 17:00:00,38118.0
2026-02-01T17,CENT,Central,DF,Day-ahead demand forecast,42974,megawatthours,2026-02-01 17:00:00,42974.0
2026-02-01T17,CENT,Central,NG,Net generation,38851,megawatthours,2026-02-01 17:00:00,38851.0
2026-02-01T17,CENT,Central,TI,Total interchange,733,megawatthours,2026-02-01 17:00:00,733.0
2026-02-01T16,CENT,Central,D,Demand,39370,megawatthours,2026-02-01 16:00:00,39370.0
2026-02-01T16,CENT,Central,DF,Day-ahead demand forecast,44677,megawatthours,2026-02-01 16:00:00,44677.0
2026-02-01T16,CENT,Central,NG,Net generation,40392,megawatthours,2026-02-01 16:00:00,40392.0
2026-02-01T16,CENT,Central,TI,Total interchange,1022,megawatthours,2026-02-01 16:00:00,1022.0
2026-02-01T15,CENT,Central,D,Demand,40434,megawatthours,2026-02-01 15:00:00,40434.0
2026-02-01T15,CENT,Central,DF,Day-ahead demand forecast,46231,megawatthours,2026-02-01 15:00:00,46231.0
2026-02-01T15,CENT,Central,NG,Net generation,42473,megawatthours,2026-02-01 15:00:00,42473.0
2026-02-01T15,CENT,Central,TI,Total interchange,2038,megawatthours,2026-02-01 15:00:00,2038.0
2026-02-01T14,CENT,Central,D,Demand,40542,megawatthours,2026-02-01 14:00:00,40542.0
2026-02-01T14,CENT,Central,DF,Day-ahead demand forecast,47546,megawatthours,2026-02-01 14:00:00,47546.0
2026-02-01T14,CENT,Central,NG,Net generation,41903,megawatthours,2026-02-01 14:00:00,41903.0
2026-02-01T14,CENT,Central,TI,Total interchange,1361,megawatthours,2026-02-01 14:00:00,1361.0
2026-02-01T13,CENT,Central,D,Demand,39869,megawatthours,2026-02-01 13:00:00,39869.0
2026-02-01T13,CENT,Central,DF,Day-ahead demand forecast,45992,megawatthours,2026-02-01 13:00:00,45992.0
2026-02-01T13,CENT,Central,NG,Net generation,41697,megawatthours,2026-02-01 13:00:00,41697.0
2026-02-01T13,CENT,Central,TI,Total interchange,1829,megawatthours,2026-02-01 13:00:00,1829.0
2026-02-01T12,CENT,Central,D,Demand,39177,megawatthours,2026-02-01 12:00:00,39177.0
2026-02-01T12,CENT,Central,DF,Day-ahead demand forecast,45418,megawatthours,2026-02-01 12:00:00,45418.0
2026-02-01T12,CENT,Central,NG,Net generation,40843,megawatthours,2026-02-01 12:00:00,40843.0
2026-02-01T12,CENT,Central,TI,Total interchange,1667,megawatthours,2026-02-01 12:00:00,1667.0
2026-02-01T11,CENT,Central,D,Demand,38707,megawatthours,2026-02-01 11:00:00,38707.0
2026-02-01T11,CENT,Central,DF,Day-ahead demand forecast,44916,megawatthours,2026-02-01 11:00:00,44916.0
2026-02-01T11,CENT,Central,NG,Net generation,40225,megawatthours,2026-02-01 11:00:00,40225.0
2026-02-01T11,CENT,Central,TI,Total interchange,1518,megawatthours,2026-02-01 11:00:00,1518.0
2026-02-01T10,CENT,Central,D,Demand,38642,megawatthours,2026-02-01 10:00:00,38642.0
2026-02-01T10,CENT,Central,DF,Day-ahead demand forecast,44899,megawatthours,2026-02-01 10:00:00,44899.0
2026-02-01T10,CENT,Central,NG,Net generation,40016,megawatthours,2026-02-01 10:00:00,40016.0
2026-02-01T10,CENT,Central,TI,Total interchange,1374,megawatthours,2026-02-01 10:00:00,1374.0
2026-02-01T09,CENT,Central,D,Demand,38664,megawatthours,2026-02-01 09:00:00,38664.0
2026-02-01T09,CENT,Central,DF,Day-ahead demand forecast,44658,megawatthours,2026-02-01 09:00:00,44658.0
2026-02-01T09,CENT,Central,NG,Net generation,40204,megawatthours,2026-02-01 09:00:00,40204.0
2026-02-01T09,CENT,Central,TI,Total interchange,1540,megawatthours,2026-02-01 09:00:00,1540.0
2026-02-01T08,CENT,Central,D,Demand,38861,megawatthours,2026-02-01 08:00:00,38861.0
2026-02-01T08,CENT,Central,DF,Day-ahead demand forecast,44812,megawatthours,2026-02-01 08:00:00,44812.0
2026-02-01T08,CENT,Central,NG,Net generation,40472,megawatthours,2026-02-01 08:00:00,40472.0
2026-02-01T08,CENT,Central,TI,Total interchange,1611,megawatthours,2026-02-01 08:00:00,1611.0
2026-02-01T07,CENT,Central,D,Demand,39155,megawatthours,2026-02-01 07:00:00,39155.0
2026-02-01T07,CENT,Central,DF,Day-ahead demand forecast,45156,megawatthours,2026-02-01 07:00:00,45156.0
2026-02-01T07,CENT,Central,NG,Net generation,41106,megawatthours,2026-02-01 07:00:00,41106.0
2026-02-01T07,CENT,Central,TI,Total interchange,1950,megawatthours,2026-02-01 07:00:00,1950.0
2026-02-01T06,CENT,Central,D,Demand,39737,megawatthours,2026-02-01 06:00:00,39737.0
2026-02-01T06,CENT,Central,DF,Day-ahead demand forecast,47319,megawatthours,2026-02-01 06:00:00,47319.0
2026-02-01T06,CENT,Central,NG,Net generation,41462,megawatthours,2026-02-01 06:00:00,41462.0
2026-02-01T06,CENT,Central,TI,Total interchange,1724,megawatthours,2026-02-01 06:00:00,1724.0
2026-02-01T05,CENT,Central,D,Demand,40594,megawatthours,2026-02-01 05:00:00,40594.0
2026-02-01T05,CENT,Central,DF,Day-ahead demand forecast,48157,megawatthours,2026-02-01 05:00:00,48157.0
2026-02-01T05,CENT,Central,NG,Net generation,43033,megawatthours,2026-02-01 05:00:00,43033.0
2026-02-01T05,CENT,Central,TI,Total interchange,2438,megawatthours,2026-02-01 05:00:00,2438.0
2026-02-01T04,CENT,Central,D,Demand,41355,megawatthours,2026-02-01 04:00:00,41355.0
2026-02-01T04,CENT,Central,DF,Day-ahead demand forecast,48869,megawatthours,2026-02-01 04:00:00,48869.0
2026-02-01T04,CENT,Central,NG,Net generation,43166,megawatthours,2026-02-01 04:00:00,43166.0
2026-02-01T04,CENT,Central,TI,Total interchange,1810,megawatthours,2026-02-01 04:00:00,1810.0
2026-02-01T03,CENT,Central,D,Demand,41917,megawatthours,2026-02-01 03:00:00,41917.0
2026-02-01T03,CENT,Central,DF,Day-ahead demand forecast,49554,megawatthours,2026-02-01 03:00:00,49554.0
2026-02-01T03,CENT,Central,NG,Net generation,43686,megawatthours,2026-02-01 03:00:00,43686.0
2026-02-01T03,CENT,Central,TI,Total interchange,1768,megawatthours,2026-02-01 03:00:00,1768.0
2026-02-01T02,CENT,Central,D,Demand,42222,megawatthours,2026-02-01 02:00:00,42222.0
2026-02-01T02,CENT,Central,DF,Day-ahead demand forecast,49956,megawatthours,2026-02-01 02:00:00,49956.0
2026-02-01T02,CENT,Central,NG,Net generation,43756,megawatthours,2026-02-01 02:00:00,43756.0
2026-02-01T02,CENT,Central,TI,Total interchange,1534,megawatthours,2026-02-01 02:00:00,1534.0
2026-02-01T01,CENT,Central,D,Demand,42228,megawatthours,2026-02-01 01:00:00,42228.0
2026-02-01T01,CENT,Central,DF,Day-ahead demand forecast,49819,megawatthours,2026-02-01 01:00:00,49819.0
2026-02-01T01,CENT,Central,NG,Net generation,43709,megawatthours,2026-02-01 01:00:00,43709.0
2026-02-01T01,CENT,Central,TI,Total interchange,1481,megawatthours,2026-02-01 01:00:00,1481.0
2026-02-01T00,CENT,Central,D,Demand,41096,megawatthours,2026-02-01 00:00:00,41096.0
2026-02-01T00,CENT,Central,DF,Day-ahead demand forecast,48312,megawatthours,2026-02-01 00:00:00,48312.0
2026-02-01T00,CENT,Central,NG,Net generation,42443,megawatthours,2026-02-01 00:00:00,42443.0
2026-02-01T00,CENT,Central,TI,Total interchange,1348,megawatthours,2026-02-01 00:00:00,1348.0
2026-01-31T23,CENT,Central,D,Demand,39945,megawatthours,2026-01-31 23:00:00,39945.0
2026-01-31T23,CENT,Central,DF,Day-ahead demand forecast,46213,megawatthours,2026-01-31 23:00:00,46213.0
2026-01-31T23,CENT,Central,NG,Net generation,40549,megawatthours,2026-01-31 23:00:00,40549.0
2026-01-31T23,CENT,Central,TI,Total interchange,605,megawatthours,2026-01-31 23:00:00,605.0
2026-01-31T22,CENT,Central,D,Demand,39504,megawatthours,2026-01-31 22:00:00,39504.0
2026-01-31T22,CENT,Central,DF,Day-ahead demand forecast,45233,megawatthours,2026-01-31 22:00:00,45233.0
2026-01-31T22,CENT,Central,NG,Net generation,39993,megawatthours,2026-01-31 22:00:00,39993.0
2026-01-31T22,CENT,Central,TI,Total interchange,489,megawatthours,2026-01-31 22:00:00,489.0
2026-01-31T21,CENT,Central,D,Demand,39613,megawatthours,2026-01-31 21:00:00,39613.0
2026-01-31T21,CENT,Central,DF,Day-ahead demand forecast,45610,megawatthours,2026-01-31 21:00:00,45610.0
2026-01-31T21,CENT,Central,NG,Net generation,39527,megawatthours,2026-01-31 21:00:00,39527.0
2026-01-31T21,CENT,Central,TI,Total interchange,-86,megawatthours,2026-01-31 21:00:00,-86.0
2026-01-31T20,CENT,Central,D,Demand,40237,megawatthours,2026-01-31 20:00:00,40237.0
2026-01-31T20,CENT,Central,DF,Day-ahead demand forecast,46511,megawatthours,2026-01-31 20:00:00,46511.0
2026-01-31T20,CENT,Central,NG,Net generation,40185,megawatthours,2026-01-31 20:00:00,40185.0
2026-01-31T20,CENT,Central,TI,Total interchange,-52,megawatthours,2026-01-31 20:00:00,-52.0
2026-01-31T19,CENT,Central,D,Demand,41108,megawatthours,2026-01-31 19:00:00,41108.0
2026-01-31T19,CENT,Central,DF,Day-ahead demand forecast,49392,megawatthours,2026-01-31 19:00:00,49392.0
2026-01-31T19,CENT,Central,NG,Net generation,40885,megawatthours,2026-01-31 19:00:00,40885.0
2026-01-31T19,CENT,Central,TI,Total interchange,-223,megawatthours,2026-01-31 19:00:00,-223.0
2026-01-31T18,CENT,Central,D,Demand,42120,megawatthours,2026-01-31 18:00:00,42120.0
2026-01-31T18,CENT,Central,DF,Day-ahead demand forecast,50372,megawatthours,2026-01-31 18:00:00,50372.0
2026-01-31T18,CENT,Central,NG,Net generation,41942,megawatthours,2026-01-31 18:00:00,41942.0
2026-01-31T18,CENT,Central,TI,Total interchange,-178,megawatthours,2026-01-31 18:00:00,-178.0
2026-01-31T17,CENT,Central,D,Demand,43015,megawatthours,2026-01-31 17:00:00,43015.0
2026-01-31T17,CENT,Central,DF,Day-ahead demand forecast,51295,megawatthours,2026-01-31 17:00:00,51295.0
2026-01-31T17,CENT,Central,NG,Net generation,42734,megawatthours,2026-01-31 17:00:00,42734.0
2026-01-31T17,CENT,Central,TI,Total interchange,-282,megawatthours,2026-01-31 17:00:00,-282.0
2026-01-31T16,CENT,Central,D,Demand,43940,megawatthours,2026-01-31 16:00:00,43940.0
2026-01-31T16,CENT,Central,DF,Day-ahead demand forecast,52141,megawatthours,2026-01-31 16:00:00,52141.0
2026-01-31T16,CENT,Central,NG,Net generation,44056,megawatthours,2026-01-31 16:00:00,44056.0
2026-01-31T16,CENT,Central,TI,Total interchange,115,megawatthours,2026-01-31 16:00:00,115.0
2026-01-31T15,CENT,Central,D,Demand,44520,megawatthours,2026-01-31 15:00:00,44520.0
2026-01-31T15,CENT,Central,DF,Day-ahead demand forecast,53596,megawatthours,2026-01-31 15:00:00,53596.0
2026-01-31T15,CENT,Central,NG,Net generation,44648,megawatthours,2026-01-31 15:00:00,44648.0
2026-01-31T15,CENT,Central,TI,Total interchange,128,megawatthours,2026-01-31 15:00:00,128.0
2026-01-31T14,CENT,Central,D,Demand,44510,megawatthours,2026-01-31 14:00:00,44510.0
2026-01-31T14,CENT,Central,DF,Day-ahead demand forecast,53272,megawatthours,2026-01-31 14:00:00,53272.0
2026-01-31T14,CENT,Central,NG,Net generation,45461,megawatthours,2026-01-31 14:00:00,45461.0
2026-01-31T14,CENT,Central,TI,Total interchange,951,megawatthours,2026-01-31 14:00:00,951.0
2026-01-31T13,CENT,Central,D,Demand,43539,megawatthours,2026-01-31 13:00:00,43539.0
2026-01-31T13,CENT,Central,DF,Day-ahead demand forecast,52145,megawatthours,2026-01-31 13:00:00,52145.0
2026-01-31T13,CENT,Central,NG,Net generation,44584,megawatthours,2026-01-31 13:00:00,44584.0
2026-01-31T13,CENT,Central,TI,Total interchange,1046,megawatthours,2026-01-31 13:00:00,1046.0
2026-01-31T12,CENT,Central,D,Demand,42523,megawatthours,2026-01-31 12:00:00,42523.0
2026-01-31T12,CENT,Central,DF,Day-ahead demand forecast,51134,megawatthours,2026-01-31 12:00:00,51134.0
2026-01-31T12,CENT,Central,NG,Net generation,43456,megawatthours,2026-01-31 12:00:00,43456.0
2026-01-31T12,CENT,Central,TI,Total interchange,934,megawatthours,2026-01-31 12:00:00,934.0
2026-01-31T11,CENT,Central,D,Demand,41758,megawatthours,2026-01-31 11:00:00,41758.0
2026-01-31T11,CENT,Central,DF,Day-ahead demand forecast,50196,megawatthours,2026-01-31 11:00:00,50196.0
2026-01-31T11,CENT,Central,NG,Net generation,43052,megawatthours,2026-01-31 11:00:00,43052.0
2026-01-31T11,CENT,Central,TI,Total interchange,1294,megawatthours,2026-01-31 11:00:00,1294.0
2026-01-31T10,CENT,Central,D,Demand,41269,megawatthours,2026-01-31 10:00:00,41269.0
2026-01-31T10,CENT,Central,DF,Day-ahead demand forecast,49841,megawatthours,2026-01-31 10:00:00,49841.0
2026-01-31T10,CENT,Central,NG,Net generation,43015,megawatthours,2026-01-31 10:00:00,43015.0
2026-01-31T10,CENT,Central,TI,Total interchange,1746,megawatthours,2026-01-31 10:00:00,1746.0
2026-01-31T09,CENT,Central,D,Demand,40975,megawatthours,2026-01-31 09:00:00,40975.0
2026-01-31T09,CENT,Central,DF,Day-ahead demand forecast,49278,megawatthours,2026-01-31 09:00:00,49278.0
2026-01-31T09,CENT,Central,NG,Net generation,42304,megawatthours,2026-01-31 09:00:00,42304.0
2026-01-31T09,CENT,Central,TI,Total interchange,1329,megawatthours,2026-01-31 09:00:00,1329.0
2026-01-31T08,CENT,Central,D,Demand,40838,megawatthours,2026-01-31 08:00:00,40838.0
2026-01-31T08,CENT,Central,DF,Day-ahead demand forecast,48985,megawatthours,2026-01-31 08:00:00,48985.0
2026-01-31T08,CENT,Central,NG,Net generation,42227,megawatthours,2026-01-31 08:00:00,42227.0
2026-01-31T08,CENT,Central,TI,Total interchange,1389,megawatthours,2026-01-31 08:00:00,1389.0
2026-01-31T07,CENT,Central,D,Demand,40893,megawatthours,2026-01-31 07:00:00,40893.0
2026-01-31T07,CENT,Central,DF,Day-ahead demand forecast,47402,megawatthours,2026-01-31 07:00:00,47402.0
2026-01-31T07,CENT,Central,NG,Net generation,42163,megawatthours,2026-01-31 07:00:00,42163.0
2026-01-31T07,CENT,Central,TI,Total interchange,1270,megawatthours,2026-01-31 07:00:00,1270.0
2026-01-31T06,CENT,Central,D,Demand,41185,megawatthours,2026-01-31 06:00:00,41185.0
2026-01-31T06,CENT,Central,DF,Day-ahead demand forecast,48348,megawatthours,2026-01-31 06:00:00,48348.0
2026-01-31T06,CENT,Central,NG,Net generation,42197,megawatthours,2026-01-31 06:00:00,42197.0
2026-01-31T06,CENT,Central,TI,Total interchange,1011,megawatthours,2026-01-31 06:00:00,1011.0
2026-01-31T05,CENT,Central,D,Demand,41615,megawatthours,2026-01-31 05:00:00,41615.0
2026-01-31T05,CENT,Central,DF,Day-ahead demand forecast,48432,megawatthours,2026-01-31 05:00:00,48432.0
2026-01-31T05,CENT,Central,NG,Net generation,42158,megawatthours,2026-01-31 05:00:00,42158.0
2026-01-31T05,CENT,Central,TI,Total interchange,543,megawatthours,2026-01-31 05:00:00,543.0
2026-01-31T04,CENT,Central,D,Demand,42005,megawatthours,2026-01-31 04:00:00,42005.0
2026-01-31T04,CENT,Central,DF,Day-ahead demand forecast,48808,megawatthours,2026-01-31 04:00:00,48808.0
2026-01-31T04,CENT,Central,NG,Net generation,42761,megawatthours,2026-01-31 04:00:00,42761.0
2026-01-31T04,CENT,Central,TI,Total interchange,756,megawatthours,2026-01-31 04:00:00,756.0
2026-01-31T03,CENT,Central,D,Demand,42144,megawatthours,2026-01-31 03:00:00,42144.0
2026-01-31T03,CENT,Central,DF,Day-ahead demand forecast,49451,megawatthours,2026-01-31 03:00:00,49451.0
2026-01-31T03,CENT,Central,NG,Net generation,43862,megawatthours,2026-01-31 03:00:00,43862.0
2026-01-31T03,CENT,Central,TI,Total interchange,1718,megawatthours,2026-01-31 03:00:00,1718.0
2026-01-31T02,CENT,Central,D,Demand,41918,megawatthours,2026-01-31 02:00:00,41918.0
2026-01-31T02,CENT,Central,DF,Day-ahead demand forecast,49691,megawatthours,2026-01-31 02:00:00,49691.0
2026-01-31T02,CENT,Central,NG,Net generation,42617,megawatthours,2026-01-31 02:00:00,42617.0
2026-01-31T02,CENT,Central,TI,Total interchange,699,megawatthours,2026-01-31 02:00:00,699.0
2026-01-31T01,CENT,Central,D,Demand,41691,megawatthours,2026-01-31 01:00:00,41691.0
2026-01-31T01,CENT,Central,DF,Day-ahead demand forecast,49194,megawatthours,2026-01-31 01:00:00,49194.0
2026-01-31T01,CENT,Central,NG,Net generation,42205,megawatthours,2026-01-31 01:00:00,42205.0
2026-01-31T01,CENT,Central,TI,Total interchange,515,megawatthours,2026-01-31 01:00:00,515.0
2026-01-31T00,CENT,Central,D,Demand,40348,megawatthours,2026-01-31 00:00:00,40348.0
2026-01-31T00,CENT,Central,DF,Day-ahead demand forecast,48204,megawatthours,2026-01-31 00:00:00,48204.0
2026-01-31T00,CENT,Central,NG,Net generation,41360,megawatthours,2026-01-31 00:00:00,41360.0
2026-01-31T00,CENT,Central,TI,Total interchange,1013,megawatthours,2026-01-31 00:00:00,1013.0
2026-01-30T23,CENT,Central,D,Demand,39172,megawatthours,2026-01-30 23:00:00,39172.0
2026-01-30T23,CENT,Central,DF,Day-ahead demand forecast,45771,megawatthours,2026-01-30 23:00:00,45771.0
2026-01-30T23,CENT,Central,NG,Net generation,40809,megawatthours,2026-01-30 23:00:00,40809.0
2026-01-30T23,CENT,Central,TI,Total interchange,1637,megawatthours,2026-01-30 23:00:00,1637.0
2026-01-30T22,CENT,Central,D,Demand,38564,megawatthours,2026-01-30 22:00:00,38564.0
2026-01-30T22,CENT,Central,DF,Day-ahead demand forecast,44705,megawatthours,2026-01-30 22:00:00,44705.0
2026-01-30T22,CENT,Central,NG,Net generation,39195,megawatthours,2026-01-30 22:00:00,39195.0
2026-01-30T22,CENT,Central,TI,Total interchange,631,megawatthours,2026-01-30 22:00:00,631.0
2026-01-30T21,CENT,Central,D,Demand,38434,megawatthours,2026-01-30 21:00:00,38434.0
2026-01-30T21,CENT,Central,DF,Day-ahead demand forecast,44795,megawatthours,2026-01-30 21:00:00,44795.0
2026-01-30T21,CENT,Central,NG,Net generation,38146,megawatthours,2026-01-30 21:00:00,38146.0
2026-01-30T21,CENT,Central,TI,Total interchange,-288,megawatthours,2026-01-30 21:00:00,-288.0
2026-01-30T20,CENT,Central,D,Demand,38700,megawatthours,2026-01-30 20:00:00,38700.0
2026-01-30T20,CENT,Central,DF,Day-ahead demand forecast,45103,megawatthours,2026-01-30 20:00:00,45103.0
2026-01-30T20,CENT,Central,NG,Net generation,38210,megawatthours,2026-01-30 20:00:00,38210.0
2026-01-30T20,CENT,Central,TI,Total interchange,-490,megawatthours,2026-01-30 20:00:00,-490.0
2026-01-30T19,CENT,Central,D,Demand,39152,megawatthours,2026-01-30 19:00:00,39152.0
2026-01-30T19,CENT,Central,DF,Day-ahead demand forecast,45655,megawatthours,2026-01-30 19:00:00,45655.0
2026-01-30T19,CENT,Central,NG,Net generation,38425,megawatthours,2026-01-30 19:00:00,38425.0
2026-01-30T19,CENT,Central,TI,Total interchange,-728,megawatthours,2026-01-30 19:00:00,-728.0
2026-01-30T18,CENT,Central,D,Demand,40058,megawatthours,2026-01-30 18:00:00,40058.0
2026-01-30T18,CENT,Central,DF,Day-ahead demand forecast,46899,megawatthours,2026-01-30 18:00:00,46899.0
2026-01-30T18,CENT,Central,NG,Net generation,38933,megawatthours,2026-01-30 18:00:00,38933.0
2026-01-30T18,CENT,Central,TI,Total interchange,-1126,megawatthours,2026-01-30 18:00:00,-1126.0
2026-01-30T17,CENT,Central,D,Demand,41010,megawatthours,2026-01-30 17:00:00,41010.0
2026-01-30T17,CENT,Central,DF,Day-ahead demand forecast,49239,megawatthours,2026-01-30 17:00:00,49239.0
2026-01-30T17,CENT,Central,NG,Net generation,39816,megawatthours,2026-01-30 17:00:00,39816.0
2026-01-30T17,CENT,Central,TI,Total interchange,-1194,megawatthours,2026-01-30 17:00:00,-1194.0
2026-01-30T16,CENT,Central,D,Demand,41750,megawatthours,2026-01-30 16:00:00,41750.0
2026-01-30T16,CENT,Central,DF,Day-ahead demand forecast,50176,megawatthours,2026-01-30 16:00:00,50176.0
2026-01-30T16,CENT,Central,NG,Net generation,40948,megawatthours,2026-01-30 16:00:00,40948.0
2026-01-30T16,CENT,Central,TI,Total interchange,-803,megawatthours,2026-01-30 16:00:00,-803.0
2026-01-30T15,CENT,Central,D,Demand,42461,megawatthours,2026-01-30 15:00:00,42461.0
2026-01-30T15,CENT,Central,DF,Day-ahead demand forecast,50629,megawatthours,2026-01-30 15:00:00,50629.0
2026-01-30T15,CENT,Central,NG,Net generation,42015,megawatthours,2026-01-30 15:00:00,42015.0
2026-01-30T15,CENT,Central,TI,Total interchange,-446,megawatthours,2026-01-30 15:00:00,-446.0
2026-01-30T14,CENT,Central,D,Demand,42537,megawatthours,2026-01-30 14:00:00,42537.0
2026-01-30T14,CENT,Central,DF,Day-ahead demand forecast,50589,megawatthours,2026-01-30 14:00:00,50589.0
2026-01-30T14,CENT,Central,NG,Net generation,43717,megawatthours,2026-01-30 14:00:00,43717.0
2026-01-30T14,CENT,Central,TI,Total interchange,1180,megawatthours,2026-01-30 14:00:00,1180.0
2026-01-30T13,CENT,Central,D,Demand,41208,megawatthours,2026-01-30 13:00:00,41208.0
2026-01-30T13,CENT,Central,DF,Day-ahead demand forecast,49289,megawatthours,2026-01-30 13:00:00,49289.0
2026-01-30T13,CENT,Central,NG,Net generation,43091,megawatthours,2026-01-30 13:00:00,43091.0
2026-01-30T13,CENT,Central,TI,Total interchange,1884,megawatthours,2026-01-30 13:00:00,1884.0
2026-01-30T12,CENT,Central,D,Demand,39187,megawatthours,2026-01-30 12:00:00,39187.0
2026-01-30T12,CENT,Central,DF,Day-ahead demand forecast,46445,megawatthours,2026-01-30 12:00:00,46445.0
2026-01-30T12,CENT,Central,NG,Net generation,41836,megawatthours,2026-01-30 12:00:00,41836.0
2026-01-30T12,CENT,Central,TI,Total interchange,2650,megawatthours,2026-01-30 12:00:00,2650.0
2026-01-30T11,CENT,Central,D,Demand,37952,megawatthours,2026-01-30 11:00:00,37952.0
2026-01-30T11,CENT,Central,DF,Day-ahead demand forecast,45689,megawatthours,2026-01-30 11:00:00,45689.0
2026-01-30T11,CENT,Central,NG,Net generation,40233,megawatthours,2026-01-30 11:00:00,40233.0
2026-01-30T11,CENT,Central,TI,Total interchange,2281,megawatthours,2026-01-30 11:00:00,2281.0
2026-01-30T10,CENT,Central,D,Demand,37310,megawatthours,2026-01-30 10:00:00,37310.0
2026-01-30T10,CENT,Central,DF,Day-ahead demand forecast,44189,megawatthours,2026-01-30 10:00:00,44189.0
2026-01-30T10,CENT,Central,NG,Net generation,39455,megawatthours,2026-01-30 10:00:00,39455.0
2026-01-30T10,CENT,Central,TI,Total interchange,2146,megawatthours,2026-01-30 10:00:00,2146.0
2026-01-30T09,CENT,Central,D,Demand,36977,megawatthours,2026-01-30 09:00:00,36977.0
2026-01-30T09,CENT,Central,DF,Day-ahead demand forecast,43723,megawatthours,2026-01-30 09:00:00,43723.0
2026-01-30T09,CENT,Central,NG,Net generation,38634,megawatthours,2026-01-30 09:00:00,38634.0
2026-01-30T09,CENT,Central,TI,Total interchange,1657,megawatthours,2026-01-30 09:00:00,1657.0
2026-01-30T08,CENT,Central,D,Demand,36901,megawatthours,2026-01-30 08:00:00,36901.0
2026-01-30T08,CENT,Central,DF,Day-ahead demand forecast,43459,megawatthours,2026-01-30 08:00:00,43459.0
2026-01-30T08,CENT,Central,NG,Net generation,38009,megawatthours,2026-01-30 08:00:00,38009.0
2026-01-30T08,CENT,Central,TI,Total interchange,1108,megawatthours,2026-01-30 08:00:00,1108.0
2026-01-30T07,CENT,Central,D,Demand,36919,megawatthours,2026-01-30 07:00:00,36919.0
2026-01-30T07,CENT,Central,DF,Day-ahead demand forecast,43512,megawatthours,2026-01-30 07:00:00,43512.0
2026-01-30T07,CENT,Central,NG,Net generation,38066,megawatthours,2026-01-30 07:00:00,38066.0
2026-01-30T07,CENT,Central,TI,Total interchange,1146,megawatthours,2026-01-30 07:00:00,1146.0
2026-01-30T06,CENT,Central,D,Demand,37305,megawatthours,2026-01-30 06:00:00,37305.0
2026-01-30T06,CENT,Central,DF,Day-ahead demand forecast,44731,megawatthours,2026-01-30 06:00:00,44731.0
2026-01-30T06,CENT,Central,NG,Net generation,38150,megawatthours,2026-01-30 06:00:00,38150.0
2026-01-30T06,CENT,Central,TI,Total interchange,845,megawatthours,2026-01-30 06:00:00,845.0
2026-01-30T05,CENT,Central,D,Demand,38178,megawatthours,2026-01-30 05:00:00,38178.0
2026-01-30T05,CENT,Central,DF,Day-ahead demand forecast,45907,megawatthours,2026-01-30 05:00:00,45907.0
2026-01-30T05,CENT,Central,NG,Net generation,38948,megawatthours,2026-01-30 05:00:00,38948.0
2026-01-30T05,CENT,Central,TI,Total interchange,770,megawatthours,2026-01-30 05:00:00,770.0
2026-01-30T04,CENT,Central,D,Demand,39157,megawatthours,2026-01-30 04:00:00,39157.0
2026-01-30T04,CENT,Central,DF,Day-ahead demand forecast,46505,megawatthours,2026-01-30 04:00:00,46505.0
2026-01-30T04,CENT,Central,NG,Net generation,41004,megawatthours,2026-01-30 04:00:00,41004.0
2026-01-30T04,CENT,Central,TI,Total interchange,1847,megawatthours,2026-01-30 04:00:00,1847.0
2026-01-30T03,CENT,Central,D,Demand,39724,megawatthours,2026-01-30 03:00:00,39724.0
2026-01-30T03,CENT,Central,DF,Day-ahead demand forecast,46945,megawatthours,2026-01-30 03:00:00,46945.0
2026-01-30T03,CENT,Central,NG,Net generation,41018,megawatthours,2026-01-30 03:00:00,41018.0
2026-01-30T03,CENT,Central,TI,Total interchange,1294,megawatthours,2026-01-30 03:00:00,1294.0
2026-01-30T02,CENT,Central,D,Demand,39778,megawatthours,2026-01-30 02:00:00,39778.0
2026-01-30T02,CENT,Central,DF,Day-ahead demand forecast,46439,megawatthours,2026-01-30 02:00:00,46439.0
2026-01-30T02,CENT,Central,NG,Net generation,41189,megawatthours,2026-01-30 02:00:00,41189.0
2026-01-30T02,CENT,Central,TI,Total interchange,1410,megawatthours,2026-01-30 02:00:00,1410.0
2026-01-30T01,CENT,Central,D,Demand,39424,megawatthours,2026-01-30 01:00:00,39424.0
2026-01-30T01,CENT,Central,DF,Day-ahead demand forecast,46352,megawatthours,2026-01-30 01:00:00,46352.0
2026-01-30T01,CENT,Central,NG,Net generation,40627,megawatthours,2026-01-30 01:00:00,40627.0
2026-01-30T01,CENT,Central,TI,Total interchange,1204,megawatthours,2026-01-30 01:00:00,1204.0
2026-01-30T00,CENT,Central,D,Demand,37924,megawatthours,2026-01-30 00:00:00,37924.0
2026-01-30T00,CENT,Central,DF,Day-ahead demand forecast,44463,megawatthours,2026-01-30 00:00:00,44463.0
2026-01-30T00,CENT,Central,NG,Net generation,39262,megawatthours,2026-01-30 00:00:00,39262.0
2026-01-30T00,CENT,Central,TI,Total interchange,1340,megawatthours,2026-01-30 00:00:00,1340.0
2026-01-29T23,CENT,Central,D,Demand,36532,megawatthours,2026-01-29 23:00:00,36532.0
2026-01-29T23,CENT,Central,DF,Day-ahead demand forecast,42939,megawatthours,2026-01-29 23:00:00,42939.0
2026-01-29T23,CENT,Central,NG,Net generation,37885,megawatthours,2026-01-29 23:00:00,37885.0
2026-01-29T23,CENT,Central,TI,Total interchange,1354,megawatthours,2026-01-29 23:00:00,1354.0
2026-01-29T22,CENT,Central,D,Demand,36078,megawatthours,2026-01-29 22:00:00,36078.0
2026-01-29T22,CENT,Central,DF,Day-ahead demand forecast,42524,megawatthours,2026-01-29 22:00:00,42524.0
2026-01-29T22,CENT,Central,NG,Net generation,36753,megawatthours,2026-01-29 22:00:00,36753.0
2026-01-29T22,CENT,Central,TI,Total interchange,675,megawatthours,2026-01-29 22:00:00,675.0
2026-01-29T21,CENT,Central,D,Demand,36263,megawatthours,2026-01-29 21:00:00,36263.0
2026-01-29T21,CENT,Central,DF,Day-ahead demand forecast,41678,megawatthours,2026-01-29 21:00:00,41678.0
2026-01-29T21,CENT,Central,NG,Net generation,35998,megawatthours,2026-01-29 21:00:00,35998.0
2026-01-29T21,CENT,Central,TI,Total interchange,-265,megawatthours,2026-01-29 21:00:00,-265.0
2026-01-29T20,CENT,Central,D,Demand,36757,megawatthours,2026-01-29 20:00:00,36757.0
2026-01-29T20,CENT,Central,DF,Day-ahead demand forecast,42991,megawatthours,2026-01-29 20:00:00,42991.0
2026-01-29T20,CENT,Central,NG,Net generation,36463,megawatthours,2026-01-29 20:00:00,36463.0
2026-01-29T20,CENT,Central,TI,Total interchange,-295,megawatthours,2026-01-29 20:00:00,-295.0
2026-01-29T19,CENT,Central,D,Demand,37458,megawatthours,2026-01-29 19:00:00,37458.0
2026-01-29T19,CENT,Central,DF,Day-ahead demand forecast,43418,megawatthours,2026-01-29 19:00:00,43418.0
2026-01-29T19,CENT,Central,NG,Net generation,37262,megawatthours,2026-01-29 19:00:00,37262.0
2026-01-29T19,CENT,Central,TI,Total interchange,-196,megawatthours,2026-01-29 19:00:00,-196.0
2026-01-29T18,CENT,Central,D,Demand,38464,megawatthours,2026-01-29 18:00:00,38464.0
2026-01-29T18,CENT,Central,DF,Day-ahead demand forecast,44645,megawatthours,2026-01-29 18:00:00,44645.0
2026-01-29T18,CENT,Central,NG,Net generation,38324,megawatthours,2026-01-29 18:00:00,38324.0
2026-01-29T18,CENT,Central,TI,Total interchange,-140,megawatthours,2026-01-29 18:00:00,-140.0
2026-01-29T17,CENT,Central,D,Demand,39631,megawatthours,2026-01-29 17:00:00,39631.0
2026-01-29T17,CENT,Central,DF,Day-ahead demand forecast,45528,megawatthours,2026-01-29 17:00:00,45528.0
2026-01-29T17,CENT,Central,NG,Net generation,40164,megawatthours,2026-01-29 17:00:00,40164.0
2026-01-29T17,CENT,Central,TI,Total interchange,532,megawatthours,2026-01-29 17:00:00,532.0
2026-01-29T16,CENT,Central,D,Demand,40581,megawatthours,2026-01-29 16:00:00,40581.0
2026-01-29T16,CENT,Central,DF,Day-ahead demand forecast,46914,megawatthours,2026-01-29 16:00:00,46914.0
2026-01-29T16,CENT,Central,NG,Net generation,41434,megawatthours,2026-01-29 16:00:00,41434.0
2026-01-29T16,CENT,Central,TI,Total interchange,852,megawatthours,2026-01-29 16:00:00,852.0
2026-01-29T15,CENT,Central,D,Demand,41268,megawatthours,2026-01-29 15:00:00,41268.0
2026-01-29T15,CENT,Central,DF,Day-ahead demand forecast,49649,megawatthours,2026-01-29 15:00:00,49649.0
2026-01-29T15,CENT,Central,NG,Net generation,42166,megawatthours,2026-01-29 15:00:00,42166.0
2026-01-29T15,CENT,Central,TI,Total interchange,898,megawatthours,2026-01-29 15:00:00,898.0
2026-01-29T14,CENT,Central,D,Demand,41448,megawatthours,2026-01-29 14:00:00,41448.0
2026-01-29T14,CENT,Central,DF,Day-ahead demand forecast,48431,megawatthours,2026-01-29 14:00:00,48431.0
2026-01-29T14,CENT,Central,NG,Net generation,42605,megawatthours,2026-01-29 14:00:00,42605.0
2026-01-29T14,CENT,Central,TI,Total interchange,1158,megawatthours,2026-01-29 14:00:00,1158.0
2026-01-29T13,CENT,Central,D,Demand,40185,megawatthours,2026-01-29 13:00:00,40185.0
2026-01-29T13,CENT,Central,DF,Day-ahead demand forecast,46851,megawatthours,2026-01-29 13:00:00,46851.0
2026-01-29T13,CENT,Central,NG,Net generation,42517,megawatthours,2026-01-29 13:00:00,42517.0
2026-01-29T13,CENT,Central,TI,Total interchange,2333,megawatthours,2026-01-29 13:00:00,2333.0
2026-01-29T12,CENT,Central,D,Demand,38230,megawatthours,2026-01-29 12:00:00,38230.0
2026-01-29T12,CENT,Central,DF,Day-ahead demand forecast,44862,megawatthours,2026-01-29 12:00:00,44862.0
2026-01-29T12,CENT,Central,NG,Net generation,40491,megawatthours,2026-01-29 12:00:00,40491.0
2026-01-29T12,CENT,Central,TI,Total interchange,2263,megawatthours,2026-01-29 12:00:00,2263.0
2026-01-29T11,CENT,Central,D,Demand,37123,megawatthours,2026-01-29 11:00:00,37123.0
2026-01-29T11,CENT,Central,DF,Day-ahead demand forecast,43493,megawatthours,2026-01-29 11:00:00,43493.0
2026-01-29T11,CENT,Central,NG,Net generation,40009,megawatthours,2026-01-29 11:00:00,40009.0
2026-01-29T11,CENT,Central,TI,Total interchange,2887,megawatthours,2026-01-29 11:00:00,2887.0
2026-01-29T10,CENT,Central,D,Demand,36583,megawatthours,2026-01-29 10:00:00,36583.0
2026-01-29T10,CENT,Central,DF,Day-ahead demand forecast,42456,megawatthours,2026-01-29 10:00:00,42456.0
2026-01-29T10,CENT,Central,NG,Net generation,39036,megawatthours,2026-01-29 10:00:00,39036.0
2026-01-29T10,CENT,Central,TI,Total interchange,2453,megawatthours,2026-01-29 10:00:00,2453.0
2026-01-29T09,CENT,Central,D,Demand,36411,megawatthours,2026-01-29 09:00:00,36411.0
2026-01-29T09,CENT,Central,DF,Day-ahead demand forecast,42262,megawatthours,2026-01-29 09:00:00,42262.0
2026-01-29T09,CENT,Central,NG,Net generation,39033,megawatthours,2026-01-29 09:00:00,39033.0
2026-01-29T09,CENT,Central,TI,Total interchange,2622,megawatthours,2026-01-29 09:00:00,2622.0
2026-01-29T08,CENT,Central,D,Demand,36359,megawatthours,2026-01-29 08:00:00,36359.0
2026-01-29T08,CENT,Central,DF,Day-ahead demand forecast,42238,megawatthours,2026-01-29 08:00:00,42238.0
2026-01-29T08,CENT,Central,NG,Net generation,38714,megawatthours,2026-01-29 08:00:00,38714.0
2026-01-29T08,CENT,Central,TI,Total interchange,2355,megawatthours,2026-01-29 08:00:00,2355.0
2026-01-29T07,CENT,Central,D,Demand,36550,megawatthours,2026-01-29 07:00:00,36550.0
2026-01-29T07,CENT,Central,DF,Day-ahead demand forecast,42580,megawatthours,2026-01-29 07:00:00,42580.0
2026-01-29T07,CENT,Central,NG,Net generation,38977,megawatthours,2026-01-29 07:00:00,38977.0
2026-01-29T07,CENT,Central,TI,Total interchange,2427,megawatthours,2026-01-29 07:00:00,2427.0
2026-01-29T06,CENT,Central,D,Demand,37025,megawatthours,2026-01-29 06:00:00,37025.0
2026-01-29T06,CENT,Central,DF,Day-ahead demand forecast,45185,megawatthours,2026-01-29 06:00:00,45185.0
2026-01-29T06,CENT,Central,NG,Net generation,38931,megawatthours,2026-01-29 06:00:00,38931.0
2026-01-29T06,CENT,Central,TI,Total interchange,1906,megawatthours,2026-01-29 06:00:00,1906.0
2026-01-29T05,CENT,Central,D,Demand,37834,megawatthours,2026-01-29 05:00:00,37834.0
2026-01-29T05,CENT,Central,DF,Day-ahead demand forecast,46036,megawatthours,2026-01-29 05:00:00,46036.0
2026-01-29T05,CENT,Central,NG,Net generation,39601,megawatthours,2026-01-29 05:00:00,39601.0
2026-01-29T05,CENT,Central,TI,Total interchange,1766,megawatthours,2026-01-29 05:00:00,1766.0
2026-01-29T04,CENT,Central,D,Demand,38870,megawatthours,2026-01-29 04:00:00,38870.0
2026-01-29T04,CENT,Central,DF,Day-ahead demand forecast,46969,megawatthours,2026-01-29 04:00:00,46969.0
2026-01-29T04,CENT,Central,NG,Net generation,41569,megawatthours,2026-01-29 04:00:00,41569.0
2026-01-29T04,CENT,Central,TI,Total interchange,2698,megawatthours,2026-01-29 04:00:00,2698.0
2026-01-29T03,CENT,Central,D,Demand,39440,megawatthours,2026-01-29 03:00:00,39440.0
2026-01-29T03,CENT,Central,DF,Day-ahead demand forecast,47602,megawatthours,2026-01-29 03:00:00,47602.0
2026-01-29T03,CENT,Central,NG,Net generation,41784,megawatthours,2026-01-29 03:00:00,41784.0
2026-01-29T03,CENT,Central,TI,Total interchange,2344,megawatthours,2026-01-29 03:00:00,2344.0
2026-01-29T02,CENT,Central,D,Demand,39403,megawatthours,2026-01-29 02:00:00,39403.0
2026-01-29T02,CENT,Central,DF,Day-ahead demand forecast,47226,megawatthours,2026-01-29 02:00:00,47226.0
2026-01-29T02,CENT,Central,NG,Net generation,42737,megawatthours,2026-01-29 02:00:00,42737.0
2026-01-29T02,CENT,Central,TI,Total interchange,3334,megawatthours,2026-01-29 02:00:00,3334.0
2026-01-29T01,CENT,Central,D,Demand,39248,megawatthours,2026-01-29 01:00:00,39248.0
2026-01-29T01,CENT,Central,DF,Day-ahead demand forecast,46282,megawatthours,2026-01-29 01:00:00,46282.0
2026-01-29T01,CENT,Central,NG,Net generation,42482,megawatthours,2026-01-29 01:00:00,42482.0
2026-01-29T01,CENT,Central,TI,Total interchange,3234,megawatthours,2026-01-29 01:00:00,3234.0
2026-01-29T00,CENT,Central,D,Demand,37521,megawatthours,2026-01-29 00:00:00,37521.0
2026-01-29T00,CENT,Central,DF,Day-ahead demand forecast,44467,megawatthours,2026-01-29 00:00:00,44467.0
2026-01-29T00,CENT,Central,NG,Net generation,40668,megawatthours,2026-01-29 00:00:00,40668.0
2026-01-29T00,CENT,Central,TI,Total interchange,3148,megawatthours,2026-01-29 00:00:00,3148.0
2026-01-28T23,CENT,Central,D,Demand,36103,megawatthours,2026-01-28 23:00:00,36103.0
2026-01-28T23,CENT,Central,DF,Day-ahead demand forecast,42117,megawatthours,2026-01-28 23:00:00,42117.0
2026-01-28T23,CENT,Central,NG,Net generation,38129,megawatthours,2026-01-28 23:00:00,38129.0
2026-01-28T23,CENT,Central,TI,Total interchange,2027,megawatthours,2026-01-28 23:00:00,2027.0
2026-01-28T22,CENT,Central,D,Demand,35635,megawatthours,2026-01-28 22:00:00,35635.0
2026-01-28T22,CENT,Central,DF,Day-ahead demand forecast,41143,megawatthours,2026-01-28 22:00:00,41143.0
2026-01-28T22,CENT,Central,NG,Net generation,36837,megawatthours,2026-01-28 22:00:00,36837.0
2026-01-28T22,CENT,Central,TI,Total interchange,1202,megawatthours,2026-01-28 22:00:00,1202.0
2026-01-28T21,CENT,Central,D,Demand,35933,megawatthours,2026-01-28 21:00:00,35933.0
2026-01-28T21,CENT,Central,DF,Day-ahead demand forecast,41147,megawatthours,2026-01-28 21:00:00,41147.0
2026-01-28T21,CENT,Central,NG,Net generation,35205,megawatthours,2026-01-28 21:00:00,35205.0
2026-01-28T21,CENT,Central,TI,Total interchange,-729,megawatthours,2026-01-28 21:00:00,-729.0
2026-01-28T20,CENT,Central,D,Demand,36766,megawatthours,2026-01-28 20:00:00,36766.0
2026-01-28T20,CENT,Central,DF,Day-ahead demand forecast,42304,megawatthours,2026-01-28 20:00:00,42304.0
2026-01-28T20,CENT,Central,NG,Net generation,35891,megawatthours,2026-01-28 20:00:00,35891.0
2026-01-28T20,CENT,Central,TI,Total interchange,-876,megawatthours,2026-01-28 20:00:00,-876.0
2026-01-28T19,CENT,Central,D,Demand,37583,megawatthours,2026-01-28 19:00:00,37583.0
2026-01-28T19,CENT,Central,DF,Day-ahead demand forecast,43942,megawatthours,2026-01-28 19:00:00,43942.0
2026-01-28T19,CENT,Central,NG,Net generation,36455,megawatthours,2026-01-28 19:00:00,36455.0
2026-01-28T19,CENT,Central,TI,Total interchange,-1128,megawatthours,2026-01-28 19:00:00,-1128.0
2026-01-28T18,CENT,Central,D,Demand,38586,megawatthours,2026-01-28 18:00:00,38586.0
2026-01-28T18,CENT,Central,DF,Day-ahead demand forecast,45547,megawatthours,2026-01-28 18:00:00,45547.0
2026-01-28T18,CENT,Central,NG,Net generation,36936,megawatthours,2026-01-28 18:00:00,36936.0
2026-01-28T18,CENT,Central,TI,Total interchange,-1651,megawatthours,2026-01-28 18:00:00,-1651.0
2026-01-28T17,CENT,Central,D,Demand,39844,megawatthours,2026-01-28 17:00:00,39844.0
2026-01-28T17,CENT,Central,DF,Day-ahead demand forecast,46923,megawatthours,2026-01-28 17:00:00,46923.0
2026-01-28T17,CENT,Central,NG,Net generation,39293,megawatthours,2026-01-28 17:00:00,39293.0
2026-01-28T17,CENT,Central,TI,Total interchange,-552,megawatthours,2026-01-28 17:00:00,-552.0
2026-01-28T16,CENT,Central,D,Demand,41338,megawatthours,2026-01-28 16:00:00,41338.0
2026-01-28T16,CENT,Central,DF,Day-ahead demand forecast,50861,megawatthours,2026-01-28 16:00:00,50861.0
2026-01-28T16,CENT,Central,NG,Net generation,41411,megawatthours,2026-01-28 16:00:00,41411.0
2026-01-28T16,CENT,Central,TI,Total interchange,72,megawatthours,2026-01-28 16:00:00,72.0
2026-01-28T15,CENT,Central,D,Demand,42914,megawatthours,2026-01-28 15:00:00,42914.0
2026-01-28T15,CENT,Central,DF,Day-ahead demand forecast,51648,megawatthours,2026-01-28 15:00:00,51648.0
2026-01-28T15,CENT,Central,NG,Net generation,44167,megawatthours,2026-01-28 15:00:00,44167.0
2026-01-28T15,CENT,Central,TI,Total interchange,1252,megawatthours,2026-01-28 15:00:00,1252.0
2026-01-28T14,CENT,Central,D,Demand,43450,megawatthours,2026-01-28 14:00:00,43450.0
2026-01-28T14,CENT,Central,DF,Day-ahead demand forecast,52867,megawatthours,2026-01-28 14:00:00,52867.0
2026-01-28T14,CENT,Central,NG,Net generation,45718,megawatthours,2026-01-28 14:00:00,45718.0
2026-01-28T14,CENT,Central,TI,Total interchange,2269,megawatthours,2026-01-28 14:00:00,2269.0
2026-01-28T13,CENT,Central,D,Demand,42305,megawatthours,2026-01-28 13:00:00,42305.0
2026-01-28T13,CENT,Central,DF,Day-ahead demand forecast,51663,megawatthours,2026-01-28 13:00:00,51663.0
2026-01-28T13,CENT,Central,NG,Net generation,44902,megawatthours,2026-01-28 13:00:00,44902.0
2026-01-28T13,CENT,Central,TI,Total interchange,2599,megawatthours,2026-01-28 13:00:00,2599.0
2026-01-28T12,CENT,Central,D,Demand,40354,megawatthours,2026-01-28 12:00:00,40354.0
2026-01-28T12,CENT,Central,DF,Day-ahead demand forecast,49756,megawatthours,2026-01-28 12:00:00,49756.0
2026-01-28T12,CENT,Central,NG,Net generation,42603,megawatthours,2026-01-28 12:00:00,42603.0
2026-01-28T12,CENT,Central,TI,Total interchange,2249,megawatthours,2026-01-28 12:00:00,2249.0
2026-01-28T11,CENT,Central,D,Demand,39039,megawatthours,2026-01-28 11:00:00,39039.0
2026-01-28T11,CENT,Central,DF,Day-ahead demand forecast,47427,megawatthours,2026-01-28 11:00:00,47427.0
2026-01-28T11,CENT,Central,NG,Net generation,40302,megawatthours,2026-01-28 11:00:00,40302.0
2026-01-28T11,CENT,Central,TI,Total interchange,1263,megawatthours,2026-01-28 11:00:00,1263.0
2026-01-28T10,CENT,Central,D,Demand,38269,megawatthours,2026-01-28 10:00:00,38269.0
2026-01-28T10,CENT,Central,DF,Day-ahead demand forecast,46657,megawatthours,2026-01-28 10:00:00,46657.0
2026-01-28T10,CENT,Central,NG,Net generation,38447,megawatthours,2026-01-28 10:00:00,38447.0
2026-01-28T10,CENT,Central,TI,Total interchange,178,megawatthours,2026-01-28 10:00:00,178.0
2026-01-28T09,CENT,Central,D,Demand,37890,megawatthours,2026-01-28 09:00:00,37890.0
2026-01-28T09,CENT,Central,DF,Day-ahead demand forecast,45834,megawatthours,2026-01-28 09:00:00,45834.0
2026-01-28T09,CENT,Central,NG,Net generation,37504,megawatthours,2026-01-28 09:00:00,37504.0
2026-01-28T09,CENT,Central,TI,Total interchange,-386,megawatthours,2026-01-28 09:00:00,-386.0
2026-01-28T08,CENT,Central,D,Demand,37689,megawatthours,2026-01-28 08:00:00,37689.0
2026-01-28T08,CENT,Central,DF,Day-ahead demand forecast,45390,megawatthours,2026-01-28 08:00:00,45390.0
2026-01-28T08,CENT,Central,NG,Net generation,37020,megawatthours,2026-01-28 08:00:00,37020.0
2026-01-28T08,CENT,Central,TI,Total interchange,-669,megawatthours,2026-01-28 08:00:00,-669.0
2026-01-28T07,CENT,Central,D,Demand,37706,megawatthours,2026-01-28 07:00:00,37706.0
2026-01-28T07,CENT,Central,DF,Day-ahead demand forecast,45592,megawatthours,2026-01-28 07:00:00,45592.0
2026-01-28T07,CENT,Central,NG,Net generation,37748,megawatthours,2026-01-28 07:00:00,37748.0
2026-01-28T07,CENT,Central,TI,Total interchange,42,megawatthours,2026-01-28 07:00:00,42.0
2026-01-28T06,CENT,Central,D,Demand,37979,megawatthours,2026-01-28 06:00:00,37979.0
2026-01-28T06,CENT,Central,DF,Day-ahead demand forecast,47878,megawatthours,2026-01-28 06:00:00,47878.0
2026-01-28T06,CENT,Central,NG,Net generation,36736,megawatthours,2026-01-28 06:00:00,36736.0
2026-01-28T06,CENT,Central,TI,Total interchange,-1244,megawatthours,2026-01-28 06:00:00,-1244.0
2026-01-28T05,CENT,Central,D,Demand,38742,megawatthours,2026-01-28 05:00:00,38742.0
2026-01-28T05,CENT,Central,DF,Day-ahead demand forecast,48756,megawatthours,2026-01-28 05:00:00,48756.0
2026-01-28T05,CENT,Central,NG,Net generation,38160,megawatthours,2026-01-28 05:00:00,38160.0
2026-01-28T05,CENT,Central,TI,Total interchange,-582,megawatthours,2026-01-28 05:00:00,-582.0
2026-01-28T04,CENT,Central,D,Demand,39670,megawatthours,2026-01-28 04:00:00,39670.0
2026-01-28T04,CENT,Central,DF,Day-ahead demand forecast,49591,megawatthours,2026-01-28 04:00:00,49591.0
2026-01-28T04,CENT,Central,NG,Net generation,39168,megawatthours,2026-01-28 04:00:00,39168.0
2026-01-28T04,CENT,Central,TI,Total interchange,-502,megawatthours,2026-01-28 04:00:00,-502.0
2026-01-28T03,CENT,Central,D,Demand,40283,megawatthours,2026-01-28 03:00:00,40283.0
2026-01-28T03,CENT,Central,DF,Day-ahead demand forecast,49775,megawatthours,2026-01-28 03:00:00,49775.0
2026-01-28T03,CENT,Central,NG,Net generation,39254,megawatthours,2026-01-28 03:00:00,39254.0
2026-01-28T03,CENT,Central,TI,Total interchange,-1029,megawatthours,2026-01-28 03:00:00,-1029.0
2026-01-28T02,CENT,Central,D,Demand,40478,megawatthours,2026-01-28 02:00:00,40478.0
2026-01-28T02,CENT,Central,DF,Day-ahead demand forecast,49905,megawatthours,2026-01-28 02:00:00,49905.0
2026-01-28T02,CENT,Central,NG,Net generation,39771,megawatthours,2026-01-28 02:00:00,39771.0
2026-01-28T02,CENT,Central,TI,Total interchange,-706,megawatthours,2026-01-28 02:00:00,-706.0
2026-01-28T01,CENT,Central,D,Demand,40415,megawatthours,2026-01-28 01:00:00,40415.0
2026-01-28T01,CENT,Central,DF,Day-ahead demand forecast,49763,megawatthours,2026-01-28 01:00:00,49763.0
2026-01-28T01,CENT,Central,NG,Net generation,39811,megawatthours,2026-01-28 01:00:00,39811.0
2026-01-28T01,CENT,Central,TI,Total interchange,-604,megawatthours,2026-01-28 01:00:00,-604.0
2026-01-28T00,CENT,Central,D,Demand,39181,megawatthours,2026-01-28 00:00:00,39181.0
2026-01-28T00,CENT,Central,DF,Day-ahead demand forecast,47753,megawatthours,2026-01-28 00:00:00,47753.0
2026-01-28T00,CENT,Central,NG,Net generation,38006,megawatthours,2026-01-28 00:00:00,38006.0
2026-01-28T00,CENT,Central,TI,Total interchange,-1174,megawatthours,2026-01-28 00:00:00,-1174.0
2026-01-27T23,CENT,Central,D,Demand,37919,megawatthours,2026-01-27 23:00:00,37919.0
2026-01-27T23,CENT,Central,DF,Day-ahead demand forecast,45114,megawatthours,2026-01-27 23:00:00,45114.0
2026-01-27T23,CENT,Central,NG,Net generation,37339,megawatthours,2026-01-27 23:00:00,37339.0
2026-01-27T23,CENT,Central,TI,Total interchange,-580,megawatthours,2026-01-27 23:00:00,-580.0
2026-01-27T22,CENT,Central,D,Demand,37384,megawatthours,2026-01-27 22:00:00,37384.0
2026-01-27T22,CENT,Central,DF,Day-ahead demand forecast,44342,megawatthours,2026-01-27 22:00:00,44342.0
2026-01-27T22,CENT,Central,NG,Net generation,35998,megawatthours,2026-01-27 22:00:00,35998.0
2026-01-27T22,CENT,Central,TI,Total interchange,-1386,megawatthours,2026-01-27 22:00:00,-1386.0
2026-01-27T21,CENT,Central,D,Demand,37560,megawatthours,2026-01-27 21:00:00,37560.0
2026-01-27T21,CENT,Central,DF,Day-ahead demand forecast,44598,megawatthours,2026-01-27 21:00:00,44598.0
2026-01-27T21,CENT,Central,NG,Net generation,35292,megawatthours,2026-01-27 21:00:00,35292.0
2026-01-27T21,CENT,Central,TI,Total interchange,-2268,megawatthours,2026-01-27 21:00:00,-2268.0
2026-01-27T20,CENT,Central,D,Demand,38151,megawatthours,2026-01-27 20:00:00,38151.0
2026-01-27T20,CENT,Central,DF,Day-ahead demand forecast,45033,megawatthours,2026-01-27 20:00:00,45033.0
2026-01-27T20,CENT,Central,NG,Net generation,35597,megawatthours,2026-01-27 20:00:00,35597.0
2026-01-27T20,CENT,Central,TI,Total interchange,-2554,megawatthours,2026-01-27 20:00:00,-2554.0
2026-01-27T19,CENT,Central,D,Demand,38991,megawatthours,2026-01-27 19:00:00,38991.0
2026-01-27T19,CENT,Central,DF,Day-ahead demand forecast,45885,megawatthours,2026-01-27 19:00:00,45885.0
2026-01-27T19,CENT,Central,NG,Net generation,37078,megawatthours,2026-01-27 19:00:00,37078.0
2026-01-27T19,CENT,Central,TI,Total interchange,-1913,megawatthours,2026-01-27 19:00:00,-1913.0
2026-01-27T18,CENT,Central,D,Demand,40055,megawatthours,2026-01-27 18:00:00,40055.0
2026-01-27T18,CENT,Central,DF,Day-ahead demand forecast,47324,megawatthours,2026-01-27 18:00:00,47324.0
2026-01-27T18,CENT,Central,NG,Net generation,38941,megawatthours,2026-01-27 18:00:00,38941.0
2026-01-27T18,CENT,Central,TI,Total interchange,-1115,megawatthours,2026-01-27 18:00:00,-1115.0
2026-01-27T17,CENT,Central,D,Demand,41197,megawatthours,2026-01-27 17:00:00,41197.0
2026-01-27T17,CENT,Central,DF,Day-ahead demand forecast,50547,megawatthours,2026-01-27 17:00:00,50547.0
2026-01-27T17,CENT,Central,NG,Net generation,40141,megawatthours,2026-01-27 17:00:00,40141.0
2026-01-27T17,CENT,Central,TI,Total interchange,-1056,megawatthours,2026-01-27 17:00:00,-1056.0
2026-01-27T16,CENT,Central,D,Demand,42269,megawatthours,2026-01-27 16:00:00,42269.0
2026-01-27T16,CENT,Central,DF,Day-ahead demand forecast,51713,megawatthours,2026-01-27 16:00:00,51713.0
2026-01-27T16,CENT,Central,NG,Net generation,40558,megawatthours,2026-01-27 16:00:00,40558.0
2026-01-27T16,CENT,Central,TI,Total interchange,-1712,megawatthours,2026-01-27 16:00:00,-1712.0
2026-01-27T15,CENT,Central,D,Demand,43376,megawatthours,2026-01-27 15:00:00,43376.0
2026-01-27T15,CENT,Central,DF,Day-ahead demand forecast,53041,megawatthours,2026-01-27 15:00:00,53041.0
2026-01-27T15,CENT,Central,NG,Net generation,42637,megawatthours,2026-01-27 15:00:00,42637.0
2026-01-27T15,CENT,Central,TI,Total interchange,-740,megawatthours,2026-01-27 15:00:00,-740.0
2026-01-27T14,CENT,Central,D,Demand,43831,megawatthours,2026-01-27 14:00:00,43831.0
2026-01-27T14,CENT,Central,DF,Day-ahead demand forecast,54445,megawatthours,2026-01-27 14:00:00,54445.0
2026-01-27T14,CENT,Central,NG,Net generation,45061,megawatthours,2026-01-27 14:00:00,45061.0
2026-01-27T14,CENT,Central,TI,Total interchange,1230,megawatthours,2026-01-27 14:00:00,1230.0
2026-01-27T13,CENT,Central,D,Demand,42703,megawatthours,2026-01-27 13:00:00,42703.0
2026-01-27T13,CENT,Central,DF,Day-ahead demand forecast,53299,megawatthours,2026-01-27 13:00:00,53299.0
2026-01-27T13,CENT,Central,NG,Net generation,43762,megawatthours,2026-01-27 13:00:00,43762.0
2026-01-27T13,CENT,Central,TI,Total interchange,1060,megawatthours,2026-01-27 13:00:00,1060.0
2026-01-27T12,CENT,Central,D,Demand,41107,megawatthours,2026-01-27 12:00:00,41107.0
2026-01-27T12,CENT,Central,DF,Day-ahead demand forecast,51270,megawatthours,2026-01-27 12:00:00,51270.0
2026-01-27T12,CENT,Central,NG,Net generation,43570,megawatthours,2026-01-27 12:00:00,43570.0
2026-01-27T12,CENT,Central,TI,Total interchange,2464,megawatthours,2026-01-27 12:00:00,2464.0
2026-01-27T11,CENT,Central,D,Demand,40085,megawatthours,2026-01-27 11:00:00,40085.0
2026-01-27T11,CENT,Central,DF,Day-ahead demand forecast,50109,megawatthours,2026-01-27 11:00:00,50109.0
2026-01-27T11,CENT,Central,NG,Net generation,43584,megawatthours,2026-01-27 11:00:00,43584.0
2026-01-27T11,CENT,Central,TI,Total interchange,3499,megawatthours,2026-01-27 11:00:00,3499.0
2026-01-27T10,CENT,Central,D,Demand,39591,megawatthours,2026-01-27 10:00:00,39591.0
2026-01-27T10,CENT,Central,DF,Day-ahead demand forecast,47775,megawatthours,2026-01-27 10:00:00,47775.0
2026-01-27T10,CENT,Central,NG,Net generation,42709,megawatthours,2026-01-27 10:00:00,42709.0
2026-01-27T10,CENT,Central,TI,Total interchange,3119,megawatthours,2026-01-27 10:00:00,3119.0
2026-01-27T09,CENT,Central,D,Demand,39426,megawatthours,2026-01-27 09:00:00,39426.0
2026-01-27T09,CENT,Central,DF,Day-ahead demand forecast,46981,megawatthours,2026-01-27 09:00:00,46981.0
2026-01-27T09,CENT,Central,NG,Net generation,42893,megawatthours,2026-01-27 09:00:00,42893.0
2026-01-27T09,CENT,Central,TI,Total interchange,3467,megawatthours,2026-01-27 09:00:00,3467.0
2026-01-27T08,CENT,Central,D,Demand,39431,megawatthours,2026-01-27 08:00:00,39431.0
2026-01-27T08,CENT,Central,DF,Day-ahead demand forecast,47037,megawatthours,2026-01-27 08:00:00,47037.0
2026-01-27T08,CENT,Central,NG,Net generation,41645,megawatthours,2026-01-27 08:00:00,41645.0
2026-01-27T08,CENT,Central,TI,Total interchange,2214,megawatthours,2026-01-27 08:00:00,2214.0
2026-01-27T07,CENT,Central,D,Demand,39756,megawatthours,2026-01-27 07:00:00,39756.0
2026-01-27T07,CENT,Central,DF,Day-ahead demand forecast,47228,megawatthours,2026-01-27 07:00:00,47228.0
2026-01-27T07,CENT,Central,NG,Net generation,42688,megawatthours,2026-01-27 07:00:00,42688.0
2026-01-27T07,CENT,Central,TI,Total interchange,2931,megawatthours,2026-01-27 07:00:00,2931.0
2026-01-27T06,CENT,Central,D,Demand,40238,megawatthours,2026-01-27 06:00:00,40238.0
2026-01-27T06,CENT,Central,DF,Day-ahead demand forecast,49713,megawatthours,2026-01-27 06:00:00,49713.0
2026-01-27T06,CENT,Central,NG,Net generation,43231,megawatthours,2026-01-27 06:00:00,43231.0
2026-01-27T06,CENT,Central,TI,Total interchange,2993,megawatthours,2026-01-27 06:00:00,2993.0
2026-01-27T05,CENT,Central,D,Demand,41081,megawatthours,2026-01-27 05:00:00,41081.0
2026-01-27T05,CENT,Central,DF,Day-ahead demand forecast,51163,megawatthours,2026-01-27 05:00:00,51163.0
2026-01-27T05,CENT,Central,NG,Net generation,43802,megawatthours,2026-01-27 05:00:00,43802.0
2026-01-27T05,CENT,Central,TI,Total interchange,2720,megawatthours,2026-01-27 05:00:00,2720.0
2026-01-27T04,CENT,Central,D,Demand,42153,megawatthours,2026-01-27 04:00:00,42153.0
2026-01-27T04,CENT,Central,DF,Day-ahead demand forecast,52369,megawatthours,2026-01-27 04:00:00,52369.0
2026-01-27T04,CENT,Central,NG,Net generation,44761,megawatthours,2026-01-27 04:00:00,44761.0
2026-01-27T04,CENT,Central,TI,Total interchange,2607,megawatthours,2026-01-27 04:00:00,2607.0
2026-01-27T03,CENT,Central,D,Demand,42895,megawatthours,2026-01-27 03:00:00,42895.0
2026-01-27T03,CENT,Central,DF,Day-ahead demand forecast,53167,megawatthours,2026-01-27 03:00:00,53167.0
2026-01-27T03,CENT,Central,NG,Net generation,45597,megawatthours,2026-01-27 03:00:00,45597.0
2026-01-27T03,CENT,Central,TI,Total interchange,2701,megawatthours,2026-01-27 03:00:00,2701.0
2026-01-27T02,CENT,Central,D,Demand,43126,megawatthours,2026-01-27 02:00:00,43126.0
2026-01-27T02,CENT,Central,DF,Day-ahead demand forecast,52921,megawatthours,2026-01-27 02:00:00,52921.0
2026-01-27T02,CENT,Central,NG,Net generation,45362,megawatthours,2026-01-27 02:00:00,45362.0
2026-01-27T02,CENT,Central,TI,Total interchange,2236,megawatthours,2026-01-27 02:00:00,2236.0
2026-01-27T01,CENT,Central,D,Demand,43119,megawatthours,2026-01-27 01:00:00,43119.0
2026-01-27T01,CENT,Central,DF,Day-ahead demand forecast,52695,megawatthours,2026-01-27 01:00:00,52695.0
2026-01-27T01,CENT,Central,NG,Net generation,45700,megawatthours,2026-01-27 01:00:00,45700.0
2026-01-27T01,CENT,Central,TI,Total interchange,2581,megawatthours,2026-01-27 01:00:00,2581.0
2026-01-27T00,CENT,Central,D,Demand,41701,megawatthours,2026-01-27 00:00:00,41701.0
2026-01-27T00,CENT,Central,DF,Day-ahead demand forecast,51970,megawatthours,2026-01-27 00:00:00,51970.0
2026-01-27T00,CENT,Central,NG,Net generation,45072,megawatthours,2026-01-27 00:00:00,45072.0
2026-01-27T00,CENT,Central,TI,Total interchange,3373,megawatthours,2026-01-27 00:00:00,3373.0
2026-01-26T23,CENT,Central,D,Demand,40028,megawatthours,2026-01-26 23:00:00,40028.0
2026-01-26T23,CENT,Central,DF,Day-ahead demand forecast,50604,megawatthours,2026-01-26 23:00:00,50604.0
2026-01-26T23,CENT,Central,NG,Net generation,43330,megawatthours,2026-01-26 23:00:00,43330.0
2026-01-26T23,CENT,Central,TI,Total interchange,3302,megawatthours,2026-01-26 23:00:00,3302.0
2026-01-26T22,CENT,Central,D,Demand,39799,megawatthours,2026-01-26 22:00:00,39799.0
2026-01-26T22,CENT,Central,DF,Day-ahead demand forecast,49535,megawatthours,2026-01-26 22:00:00,49535.0
2026-01-26T22,CENT,Central,NG,Net generation,42500,megawatthours,2026-01-26 22:00:00,42500.0
2026-01-26T22,CENT,Central,TI,Total interchange,2701,megawatthours,2026-01-26 22:00:00,2701.0
2026-01-26T21,CENT,Central,D,Demand,40255,megawatthours,2026-01-26 21:00:00,40255.0
2026-01-26T21,CENT,Central,DF,Day-ahead demand forecast,50027,megawatthours,2026-01-26 21:00:00,50027.0
2026-01-26T21,CENT,Central,NG,Net generation,42741,megawatthours,2026-01-26 21:00:00,42741.0
2026-01-26T21,CENT,Central,TI,Total interchange,2485,megawatthours,2026-01-26 21:00:00,2485.0
2026-01-26T20,CENT,Central,D,Demand,41037,megawatthours,2026-01-26 20:00:00,41037.0
2026-01-26T20,CENT,Central,DF,Day-ahead demand forecast,51597,megawatthours,2026-01-26 20:00:00,51597.0
2026-01-26T20,CENT,Central,NG,Net generation,43465,megawatthours,2026-01-26 20:00:00,43465.0
2026-01-26T20,CENT,Central,TI,Total interchange,2427,megawatthours,2026-01-26 20:00:00,2427.0
2026-01-26T19,CENT,Central,D,Demand,42066,megawatthours,2026-01-26 19:00:00,42066.0
2026-01-26T19,CENT,Central,DF,Day-ahead demand forecast,52559,megawatthours,2026-01-26 19:00:00,52559.0
2026-01-26T19,CENT,Central,NG,Net generation,44816,megawatthours,2026-01-26 19:00:00,44816.0
2026-01-26T19,CENT,Central,TI,Total interchange,2749,megawatthours,2026-01-26 19:00:00,2749.0
2026-01-26T18,CENT,Central,D,Demand,43130,megawatthours,2026-01-26 18:00:00,43130.0
2026-01-26T18,CENT,Central,DF,Day-ahead demand forecast,53357,megawatthours,2026-01-26 18:00:00,53357.0
2026-01-26T18,CENT,Central,NG,Net generation,45314,megawatthours,2026-01-26 18:00:00,45314.0
2026-01-26T18,CENT,Central,TI,Total interchange,2183,megawatthours,2026-01-26 18:00:00,2183.0
2026-01-26T17,CENT,Central,D,Demand,44096,megawatthours,2026-01-26 17:00:00,44096.0
2026-01-26T17,CENT,Central,DF,Day-ahead demand forecast,54450,megawatthours,2026-01-26 17:00:00,54450.0
2026-01-26T17,CENT,Central,NG,Net generation,45951,megawatthours,2026-01-26 17:00:00,45951.0
2026-01-26T17,CENT,Central,TI,Total interchange,1855,megawatthours,2026-01-26 17:00:00,1855.0
2026-01-26T16,CENT,Central,D,Demand,44930,megawatthours,2026-01-26 16:00:00,44930.0
2026-01-26T16,CENT,Central,DF,Day-ahead demand forecast,56543,megawatthours,2026-01-26 16:00:00,56543.0
2026-01-26T16,CENT,Central,NG,Net generation,46583,megawatthours,2026-01-26 16:00:00,46583.0
2026-01-26T16,CENT,Central,TI,Total interchange,1652,megawatthours,2026-01-26 16:00:00,1652.0
2026-01-26T15,CENT,Central,D,Demand,45653,megawatthours,2026-01-26 15:00:00,45653.0
2026-01-26T15,CENT,Central,DF,Day-ahead demand forecast,57803,megawatthours,2026-01-26 15:00:00,57803.0
2026-01-26T15,CENT,Central,NG,Net generation,47592,megawatthours,2026-01-26 15:00:00,47592.0
2026-01-26T15,CENT,Central,TI,Total interchange,1938,megawatthours,2026-01-26 15:00:00,1938.0
2026-01-26T14,CENT,Central,D,Demand,45537,megawatthours,2026-01-26 14:00:00,45537.0
2026-01-26T14,CENT,Central,DF,Day-ahead demand forecast,57960,megawatthours,2026-01-26 14:00:00,57960.0
2026-01-26T14,CENT,Central,NG,Net generation,47384,megawatthours,2026-01-26 14:00:00,47384.0
2026-01-26T14,CENT,Central,TI,Total interchange,1847,megawatthours,2026-01-26 14:00:00,1847.0
2026-01-26T13,CENT,Central,D,Demand,44431,megawatthours,2026-01-26 13:00:00,44431.0
2026-01-26T13,CENT,Central,DF,Day-ahead demand forecast,56497,megawatthours,2026-01-26 13:00:00,56497.0
2026-01-26T13,CENT,Central,NG,Net generation,46286,megawatthours,2026-01-26 13:00:00,46286.0
2026-01-26T13,CENT,Central,TI,Total interchange,1856,megawatthours,2026-01-26 13:00:00,1856.0
2026-01-26T12,CENT,Central,D,Demand,43203,megawatthours,2026-01-26 12:00:00,43203.0
2026-01-26T12,CENT,Central,DF,Day-ahead demand forecast,54427,megawatthours,2026-01-26 12:00:00,54427.0
2026-01-26T12,CENT,Central,NG,Net generation,44262,megawatthours,2026-01-26 12:00:00,44262.0
2026-01-26T12,CENT,Central,TI,Total interchange,1060,megawatthours,2026-01-26 12:00:00,1060.0
2026-01-26T11,CENT,Central,D,Demand,42238,megawatthours,2026-01-26 11:00:00,42238.0
2026-01-26T11,CENT,Central,DF,Day-ahead demand forecast,53154,megawatthours,2026-01-26 11:00:00,53154.0
2026-01-26T11,CENT,Central,NG,Net generation,42902,megawatthours,2026-01-26 11:00:00,42902.0
2026-01-26T11,CENT,Central,TI,Total interchange,664,megawatthours,2026-01-26 11:00:00,664.0
2026-01-26T10,CENT,Central,D,Demand,41716,megawatthours,2026-01-26 10:00:00,41716.0
2026-01-26T10,CENT,Central,DF,Day-ahead demand forecast,52596,megawatthours,2026-01-26 10:00:00,52596.0
2026-01-26T10,CENT,Central,NG,Net generation,43214,megawatthours,2026-01-26 10:00:00,43214.0
2026-01-26T10,CENT,Central,TI,Total interchange,1498,megawatthours,2026-01-26 10:00:00,1498.0
2026-01-26T09,CENT,Central,D,Demand,41403,megawatthours,2026-01-26 09:00:00,41403.0
2026-01-26T09,CENT,Central,DF,Day-ahead demand forecast,52034,megawatthours,2026-01-26 09:00:00,52034.0
2026-01-26T09,CENT,Central,NG,Net generation,43006,megawatthours,2026-01-26 09:00:00,43006.0
2026-01-26T09,CENT,Central,TI,Total interchange,1603,megawatthours,2026-01-26 09:00:00,1603.0
2026-01-26T08,CENT,Central,D,Demand,41241,megawatthours,2026-01-26 08:00:00,41241.0
2026-01-26T08,CENT,Central,DF,Day-ahead demand forecast,51719,megawatthours,2026-01-26 08:00:00,51719.0
2026-01-26T08,CENT,Central,NG,Net generation,43534,megawatthours,2026-01-26 08:00:00,43534.0
2026-01-26T08,CENT,Central,TI,Total interchange,2292,megawatthours,2026-01-26 08:00:00,2292.0
2026-01-26T07,CENT,Central,D,Demand,41293,megawatthours,2026-01-26 07:00:00,41293.0
2026-01-26T07,CENT,Central,DF,Day-ahead demand forecast,51815,megawatthours,2026-01-26 07:00:00,51815.0
2026-01-26T07,CENT,Central,NG,Net generation,43462,megawatthours,2026-01-26 07:00:00,43462.0
2026-01-26T07,CENT,Central,TI,Total interchange,2168,megawatthours,2026-01-26 07:00:00,2168.0
2026-01-26T06,CENT,Central,D,Demand,41582,megawatthours,2026-01-26 06:00:00,41582.0
2026-01-26T06,CENT,Central,DF,Day-ahead demand forecast,52868,megawatthours,2026-01-26 06:00:00,52868.0
2026-01-26T06,CENT,Central,NG,Net generation,44214,megawatthours,2026-01-26 06:00:00,44214.0
2026-01-26T06,CENT,Central,TI,Total interchange,2632,megawatthours,2026-01-26 06:00:00,2632.0
2026-01-26T05,CENT,Central,D,Demand,42176,megawatthours,2026-01-26 05:00:00,42176.0
2026-01-26T05,CENT,Central,DF,Day-ahead demand forecast,53422,megawatthours,2026-01-26 05:00:00,53422.0
2026-01-26T05,CENT,Central,NG,Net generation,44249,megawatthours,2026-01-26 05:00:00,44249.0
2026-01-26T05,CENT,Central,TI,Total interchange,2072,megawatthours,2026-01-26 05:00:00,2072.0
2026-01-26T04,CENT,Central,D,Demand,43069,megawatthours,2026-01-26 04:00:00,43069.0
2026-01-26T04,CENT,Central,DF,Day-ahead demand forecast,54208,megawatthours,2026-01-26 04:00:00,54208.0
2026-01-26T04,CENT,Central,NG,Net generation,44498,megawatthours,2026-01-26 04:00:00,44498.0
2026-01-26T04,CENT,Central,TI,Total interchange,1429,megawatthours,2026-01-26 04:00:00,1429.0
2026-01-26T03,CENT,Central,D,Demand,43458,megawatthours,2026-01-26 03:00:00,43458.0
2026-01-26T03,CENT,Central,DF,Day-ahead demand forecast,54548,megawatthours,2026-01-26 03:00:00,54548.0
2026-01-26T03,CENT,Central,NG,Net generation,45325,megawatthours,2026-01-26 03:00:00,45325.0
2026-01-26T03,CENT,Central,TI,Total interchange,1867,megawatthours,2026-01-26 03:00:00,1867.0
2026-01-26T02,CENT,Central,D,Demand,43679,megawatthours,2026-01-26 02:00:00,43679.0
2026-01-26T02,CENT,Central,DF,Day-ahead demand forecast,54571,megawatthours,2026-01-26 02:00:00,54571.0
2026-01-26T02,CENT,Central,NG,Net generation,44442,megawatthours,2026-01-26 02:00:00,44442.0
2026-01-26T02,CENT,Central,TI,Total interchange,763,megawatthours,2026-01-26 02:00:00,763.0
2026-01-26T01,CENT,Central,D,Demand,43592,megawatthours,2026-01-26 01:00:00,43592.0
2026-01-26T01,CENT,Central,DF,Day-ahead demand forecast,54353,megawatthours,2026-01-26 01:00:00,54353.0
2026-01-26T01,CENT,Central,NG,Net generation,45305,megawatthours,2026-01-26 01:00:00,45305.0
2026-01-26T01,CENT,Central,TI,Total interchange,1714,megawatthours,2026-01-26 01:00:00,1714.0
2026-01-26T00,CENT,Central,D,Demand,42400,megawatthours,2026-01-26 00:00:00,42400.0
2026-01-26T00,CENT,Central,DF,Day-ahead demand forecast,52291,megawatthours,2026-01-26 00:00:00,52291.0
2026-01-26T00,CENT,Central,NG,Net generation,44379,megawatthours,2026-01-26 00:00:00,44379.0
2026-01-26T00,CENT,Central,TI,Total interchange,1980,megawatthours,2026-01-26 00:00:00,1980.0
2026-01-25T23,CENT,Central,D,Demand,40980,megawatthours,2026-01-25 23:00:00,40980.0
2026-01-25T23,CENT,Central,DF,Day-ahead demand forecast,50260,megawatthours,2026-01-25 23:00:00,50260.0
2026-01-25T23,CENT,Central,NG,Net generation,43832,megawatthours,2026-01-25 23:00:00,43832.0
2026-01-25T23,CENT,Central,TI,Total interchange,2852,megawatthours,2026-01-25 23:00:00,2852.0
2026-01-25T22,CENT,Central,D,Demand,40396,megawatthours,2026-01-25 22:00:00,40396.0
2026-01-25T22,CENT,Central,DF,Day-ahead demand forecast,49894,megawatthours,2026-01-25 22:00:00,49894.0
2026-01-25T22,CENT,Central,NG,Net generation,41533,megawatthours,2026-01-25 22:00:00,41533.0
2026-01-25T22,CENT,Central,TI,Total interchange,1137,megawatthours,2026-01-25 22:00:00,1137.0
2026-01-25T21,CENT,Central,D,Demand,40504,megawatthours,2026-01-25 21:00:00,40504.0
2026-01-25T21,CENT,Central,DF,Day-ahead demand forecast,50439,megawatthours,2026-01-25 21:00:00,50439.0
2026-01-25T21,CENT,Central,NG,Net generation,41618,megawatthours,2026-01-25 21:00:00,41618.0
2026-01-25T21,CENT,Central,TI,Total interchange,1114,megawatthours,2026-01-25 21:00:00,1114.0
2026-01-25T20,CENT,Central,D,Demand,41090,megawatthours,2026-01-25 20:00:00,41090.0
2026-01-25T20,CENT,Central,DF,Day-ahead demand forecast,49928,megawatthours,2026-01-25 20:00:00,49928.0
2026-01-25T20,CENT,Central,NG,Net generation,43680,megawatthours,2026-01-25 20:00:00,43680.0
2026-01-25T20,CENT,Central,TI,Total interchange,2590,megawatthours,2026-01-25 20:00:00,2590.0
2026-01-25T19,CENT,Central,D,Demand,41816,megawatthours,2026-01-25 19:00:00,41816.0
2026-01-25T19,CENT,Central,DF,Day-ahead demand forecast,50758,megawatthours,2026-01-25 19:00:00,50758.0
2026-01-25T19,CENT,Central,NG,Net generation,44685,megawatthours,2026-01-25 19:00:00,44685.0
2026-01-25T19,CENT,Central,TI,Total interchange,2868,megawatthours,2026-01-25 19:00:00,2868.0
2026-01-25T18,CENT,Central,D,Demand,42461,megawatthours,2026-01-25 18:00:00,42461.0
2026-01-25T18,CENT,Central,DF,Day-ahead demand forecast,51699,megawatthours,2026-01-25 18:00:00,51699.0
2026-01-25T18,CENT,Central,NG,Net generation,45155,megawatthours,2026-01-25 18:00:00,45155.0
2026-01-25T18,CENT,Central,TI,Total interchange,2694,megawatthours,2026-01-25 18:00:00,2694.0
2026-01-25T17,CENT,Central,D,Demand,42941,megawatthours,2026-01-25 17:00:00,42941.0
2026-01-25T17,CENT,Central,DF,Day-ahead demand forecast,53418,megawatthours,2026-01-25 17:00:00,53418.0
2026-01-25T17,CENT,Central,NG,Net generation,46892,megawatthours,2026-01-25 17:00:00,46892.0
2026-01-25T17,CENT,Central,TI,Total interchange,3950,megawatthours,2026-01-25 17:00:00,3950.0
2026-01-25T16,CENT,Central,D,Demand,43307,megawatthours,2026-01-25 16:00:00,43307.0
2026-01-25T16,CENT,Central,DF,Day-ahead demand forecast,54183,megawatthours,2026-01-25 16:00:00,54183.0
2026-01-25T16,CENT,Central,NG,Net generation,47989,megawatthours,2026-01-25 16:00:00,47989.0
2026-01-25T16,CENT,Central,TI,Total interchange,4682,megawatthours,2026-01-25 16:00:00,4682.0
2026-01-25T15,CENT,Central,D,Demand,43284,megawatthours,2026-01-25 15:00:00,43284.0
2026-01-25T15,CENT,Central,DF,Day-ahead demand forecast,54631,megawatthours,2026-01-25 15:00:00,54631.0
2026-01-25T15,CENT,Central,NG,Net generation,47417,megawatthours,2026-01-25 15:00:00,47417.0
2026-01-25T15,CENT,Central,TI,Total interchange,4134,megawatthours,2026-01-25 15:00:00,4134.0
2026-01-25T14,CENT,Central,D,Demand,42803,megawatthours,2026-01-25 14:00:00,42803.0
2026-01-25T14,CENT,Central,DF,Day-ahead demand forecast,54211,megawatthours,2026-01-25 14:00:00,54211.0
2026-01-25T14,CENT,Central,NG,Net generation,46856,megawatthours,2026-01-25 14:00:00,46856.0
2026-01-25T14,CENT,Central,TI,Total interchange,4053,megawatthours,2026-01-25 14:00:00,4053.0
2026-01-25T13,CENT,Central,D,Demand,42249,megawatthours,2026-01-25 13:00:00,42249.0
2026-01-25T13,CENT,Central,DF,Day-ahead demand forecast,53247,megawatthours,2026-01-25 13:00:00,53247.0
2026-01-25T13,CENT,Central,NG,Net generation,46116,megawatthours,2026-01-25 13:00:00,46116.0
2026-01-25T13,CENT,Central,TI,Total interchange,3868,megawatthours,2026-01-25 13:00:00,3868.0
2026-01-25T12,CENT,Central,D,Demand,41742,megawatthours,2026-01-25 12:00:00,41742.0
2026-01-25T12,CENT,Central,DF,Day-ahead demand forecast,52438,megawatthours,2026-01-25 12:00:00,52438.0
2026-01-25T12,CENT,Central,NG,Net generation,45378,megawatthours,2026-01-25 12:00:00,45378.0
2026-01-25T12,CENT,Central,TI,Total interchange,3636,megawatthours,2026-01-25 12:00:00,3636.0
2026-01-25T11,CENT,Central,D,Demand,41522,megawatthours,2026-01-25 11:00:00,41522.0
2026-01-25T11,CENT,Central,DF,Day-ahead demand forecast,51817,megawatthours,2026-01-25 11:00:00,51817.0
2026-01-25T11,CENT,Central,NG,Net generation,45320,megawatthours,2026-01-25 11:00:00,45320.0
2026-01-25T11,CENT,Central,TI,Total interchange,3798,megawatthours,2026-01-25 11:00:00,3798.0
2026-01-25T10,CENT,Central,D,Demand,41416,megawatthours,2026-01-25 10:00:00,41416.0
2026-01-25T10,CENT,Central,DF,Day-ahead demand forecast,51625,megawatthours,2026-01-25 10:00:00,51625.0
2026-01-25T10,CENT,Central,NG,Net generation,44897,megawatthours,2026-01-25 10:00:00,44897.0
2026-01-25T10,CENT,Central,TI,Total interchange,3481,megawatthours,2026-01-25 10:00:00,3481.0
2026-01-25T09,CENT,Central,D,Demand,41416,megawatthours,2026-01-25 09:00:00,41416.0
2026-01-25T09,CENT,Central,DF,Day-ahead demand forecast,51340,megawatthours,2026-01-25 09:00:00,51340.0
2026-01-25T09,CENT,Central,NG,Net generation,44470,megawatthours,2026-01-25 09:00:00,44470.0
2026-01-25T09,CENT,Central,TI,Total interchange,3055,megawatthours,2026-01-25 09:00:00,3055.0
2026-01-25T08,CENT,Central,D,Demand,41539,megawatthours,2026-01-25 08:00:00,41539.0
2026-01-25T08,CENT,Central,DF,Day-ahead demand forecast,51069,megawatthours,2026-01-25 08:00:00,51069.0
2026-01-25T08,CENT,Central,NG,Net generation,45324,megawatthours,2026-01-25 08:00:00,45324.0
2026-01-25T08,CENT,Central,TI,Total interchange,3785,megawatthours,2026-01-25 08:00:00,3785.0
2026-01-25T07,CENT,Central,D,Demand,41789,megawatthours,2026-01-25 07:00:00,41789.0
2026-01-25T07,CENT,Central,DF,Day-ahead demand forecast,51256,megawatthours,2026-01-25 07:00:00,51256.0
2026-01-25T07,CENT,Central,NG,Net generation,45323,megawatthours,2026-01-25 07:00:00,45323.0
2026-01-25T07,CENT,Central,TI,Total interchange,3534,megawatthours,2026-01-25 07:00:00,3534.0
2026-01-25T06,CENT,Central,D,Demand,42166,megawatthours,2026-01-25 06:00:00,42166.0
2026-01-25T06,CENT,Central,DF,Day-ahead demand forecast,52354,megawatthours,2026-01-25 06:00:00,52354.0
2026-01-25T06,CENT,Central,NG,Net generation,45140,megawatthours,2026-01-25 06:00:00,45140.0
2026-01-25T06,CENT,Central,TI,Total interchange,2974,megawatthours,2026-01-25 06:00:00,2974.0
2026-01-25T05,CENT,Central,D,Demand,42726,megawatthours,2026-01-25 05:00:00,42726.0
2026-01-25T05,CENT,Central,DF,Day-ahead demand forecast,53030,megawatthours,2026-01-25 05:00:00,53030.0
2026-01-25T05,CENT,Central,NG,Net generation,45883,megawatthours,2026-01-25 05:00:00,45883.0
2026-01-25T05,CENT,Central,TI,Total interchange,3157,megawatthours,2026-01-25 05:00:00,3157.0
2026-01-25T04,CENT,Central,D,Demand,43496,megawatthours,2026-01-25 04:00:00,43496.0
2026-01-25T04,CENT,Central,DF,Day-ahead demand forecast,53691,megawatthours,2026-01-25 04:00:00,53691.0
2026-01-25T04,CENT,Central,NG,Net generation,45996,megawatthours,2026-01-25 04:00:00,45996.0
2026-01-25T04,CENT,Central,TI,Total interchange,2499,megawatthours,2026-01-25 04:00:00,2499.0
2026-01-25T03,CENT,Central,D,Demand,44170,megawatthours,2026-01-25 03:00:00,44170.0
2026-01-25T03,CENT,Central,DF,Day-ahead demand forecast,54155,megawatthours,2026-01-25 03:00:00,54155.0
2026-01-25T03,CENT,Central,NG,Net generation,47158,megawatthours,2026-01-25 03:00:00,47158.0
2026-01-25T03,CENT,Central,TI,Total interchange,2988,megawatthours,2026-01-25 03:00:00,2988.0
2026-01-25T02,CENT,Central,D,Demand,44742,megawatthours,2026-01-25 02:00:00,44742.0
2026-01-25T02,CENT,Central,DF,Day-ahead demand forecast,54365,megawatthours,2026-01-25 02:00:00,54365.0
2026-01-25T02,CENT,Central,NG,Net generation,47998,megawatthours,2026-01-25 02:00:00,47998.0
2026-01-25T02,CENT,Central,TI,Total interchange,3256,megawatthours,2026-01-25 02:00:00,3256.0
2026-01-25T01,CENT,Central,D,Demand,45124,megawatthours,2026-01-25 01:00:00,45124.0
2026-01-25T01,CENT,Central,DF,Day-ahead demand forecast,54354,megawatthours,2026-01-25 01:00:00,54354.0
2026-01-25T01,CENT,Central,NG,Net generation,48588,megawatthours,2026-01-25 01:00:00,48588.0
2026-01-25T01,CENT,Central,TI,Total interchange,3464,megawatthours,2026-01-25 01:00:00,3464.0
2026-01-25T00,CENT,Central,D,Demand,44543,megawatthours,2026-01-25 00:00:00,44543.0
2026-01-25T00,CENT,Central,DF,Day-ahead demand forecast,53610,megawatthours,2026-01-25 00:00:00,53610.0
2026-01-25T00,CENT,Central,NG,Net generation,47296,megawatthours,2026-01-25 00:00:00,47296.0
2026-01-25T00,CENT,Central,TI,Total interchange,2753,megawatthours,2026-01-25 00:00:00,2753.0
2026-01-24T23,CENT,Central,D,Demand,43508,megawatthours,2026-01-24 23:00:00,43508.0
2026-01-24T23,CENT,Central,DF,Day-ahead demand forecast,50744,megawatthours,2026-01-24 23:00:00,50744.0
2026-01-24T23,CENT,Central,NG,Net generation,46105,megawatthours,2026-01-24 23:00:00,46105.0
2026-01-24T23,CENT,Central,TI,Total interchange,2598,megawatthours,2026-01-24 23:00:00,2598.0
2026-01-24T22,CENT,Central,D,Demand,43018,megawatthours,2026-01-24 22:00:00,43018.0
2026-01-24T22,CENT,Central,DF,Day-ahead demand forecast,50271,megawatthours,2026-01-24 22:00:00,50271.0
2026-01-24T22,CENT,Central,NG,Net generation,45052,megawatthours,2026-01-24 22:00:00,45052.0
2026-01-24T22,CENT,Central,TI,Total interchange,2034,megawatthours,2026-01-24 22:00:00,2034.0
2026-01-24T21,CENT,Central,D,Demand,43044,megawatthours,2026-01-24 21:00:00,43044.0
2026-01-24T21,CENT,Central,DF,Day-ahead demand forecast,50360,megawatthours,2026-01-24 21:00:00,50360.0
2026-01-24T21,CENT,Central,NG,Net generation,45273,megawatthours,2026-01-24 21:00:00,45273.0
2026-01-24T21,CENT,Central,TI,Total interchange,2229,megawatthours,2026-01-24 21:00:00,2229.0
2026-01-24T20,CENT,Central,D,Demand,43634,megawatthours,2026-01-24 20:00:00,43634.0
2026-01-24T20,CENT,Central,DF,Day-ahead demand forecast,51137,megawatthours,2026-01-24 20:00:00,51137.0
2026-01-24T20,CENT,Central,NG,Net generation,44882,megawatthours,2026-01-24 20:00:00,44882.0
2026-01-24T20,CENT,Central,TI,Total interchange,1248,megawatthours,2026-01-24 20:00:00,1248.0
2026-01-24T19,CENT,Central,D,Demand,44160,megawatthours,2026-01-24 19:00:00,44160.0
2026-01-24T19,CENT,Central,DF,Day-ahead demand forecast,52249,megawatthours,2026-01-24 19:00:00,52249.0
2026-01-24T19,CENT,Central,NG,Net generation,44813,megawatthours,2026-01-24 19:00:00,44813.0
2026-01-24T19,CENT,Central,TI,Total interchange,653,megawatthours,2026-01-24 19:00:00,653.0
2026-01-24T18,CENT,Central,D,Demand,44626,megawatthours,2026-01-24 18:00:00,44626.0
2026-01-24T18,CENT,Central,DF,Day-ahead demand forecast,53895,megawatthours,2026-01-24 18:00:00,53895.0
2026-01-24T18,CENT,Central,NG,Net generation,44710,megawatthours,2026-01-24 18:00:00,44710.0
2026-01-24T18,CENT,Central,TI,Total interchange,83,megawatthours,2026-01-24 18:00:00,83.0
2026-01-24T17,CENT,Central,D,Demand,44876,megawatthours,2026-01-24 17:00:00,44876.0
2026-01-24T17,CENT,Central,DF,Day-ahead demand forecast,54118,megawatthours,2026-01-24 17:00:00,54118.0
2026-01-24T17,CENT,Central,NG,Net generation,45676,megawatthours,2026-01-24 17:00:00,45676.0
2026-01-24T17,CENT,Central,TI,Total interchange,800,megawatthours,2026-01-24 17:00:00,800.0
2026-01-24T16,CENT,Central,D,Demand,44924,megawatthours,2026-01-24 16:00:00,44924.0
2026-01-24T16,CENT,Central,DF,Day-ahead demand forecast,54474,megawatthours,2026-01-24 16:00:00,54474.0
2026-01-24T16,CENT,Central,NG,Net generation,46126,megawatthours,2026-01-24 16:00:00,46126.0
2026-01-24T16,CENT,Central,TI,Total interchange,1202,megawatthours,2026-01-24 16:00:00,1202.0
2026-01-24T15,CENT,Central,D,Demand,44335,megawatthours,2026-01-24 15:00:00,44335.0
2026-01-24T15,CENT,Central,DF,Day-ahead demand forecast,54498,megawatthours,2026-01-24 15:00:00,54498.0
2026-01-24T15,CENT,Central,NG,Net generation,45309,megawatthours,2026-01-24 15:00:00,45309.0
2026-01-24T15,CENT,Central,TI,Total interchange,975,megawatthours,2026-01-24 15:00:00,975.0
2026-01-24T14,CENT,Central,D,Demand,43779,megawatthours,2026-01-24 14:00:00,43779.0
2026-01-24T14,CENT,Central,DF,Day-ahead demand forecast,53938,megawatthours,2026-01-24 14:00:00,53938.0
2026-01-24T14,CENT,Central,NG,Net generation,44350,megawatthours,2026-01-24 14:00:00,44350.0
2026-01-24T14,CENT,Central,TI,Total interchange,571,megawatthours,2026-01-24 14:00:00,571.0
2026-01-24T13,CENT,Central,D,Demand,43106,megawatthours,2026-01-24 13:00:00,43106.0
2026-01-24T13,CENT,Central,DF,Day-ahead demand forecast,52734,megawatthours,2026-01-24 13:00:00,52734.0
2026-01-24T13,CENT,Central,NG,Net generation,43518,megawatthours,2026-01-24 13:00:00,43518.0
2026-01-24T13,CENT,Central,TI,Total interchange,413,megawatthours,2026-01-24 13:00:00,413.0
2026-01-24T12,CENT,Central,D,Demand,42489,megawatthours,2026-01-24 12:00:00,42489.0
2026-01-24T12,CENT,Central,DF,Day-ahead demand forecast,51626,megawatthours,2026-01-24 12:00:00,51626.0
2026-01-24T12,CENT,Central,NG,Net generation,42353,megawatthours,2026-01-24 12:00:00,42353.0
2026-01-24T12,CENT,Central,TI,Total interchange,-136,megawatthours,2026-01-24 12:00:00,-136.0
2026-01-24T11,CENT,Central,D,Demand,42122,megawatthours,2026-01-24 11:00:00,42122.0
2026-01-24T11,CENT,Central,DF,Day-ahead demand forecast,50714,megawatthours,2026-01-24 11:00:00,50714.0
2026-01-24T11,CENT,Central,NG,Net generation,42121,megawatthours,2026-01-24 11:00:00,42121.0
2026-01-24T11,CENT,Central,TI,Total interchange,-1,megawatthours,2026-01-24 11:00:00,-1.0
2026-01-24T10,CENT,Central,D,Demand,41893,megawatthours,2026-01-24 10:00:00,41893.0
2026-01-24T10,CENT,Central,DF,Day-ahead demand forecast,50425,megawatthours,2026-01-24 10:00:00,50425.0
2026-01-24T10,CENT,Central,NG,Net generation,41465,megawatthours,2026-01-24 10:00:00,41465.0
2026-01-24T10,CENT,Central,TI,Total interchange,-427,megawatthours,2026-01-24 10:00:00,-427.0
2026-01-24T09,CENT,Central,D,Demand,41810,megawatthours,2026-01-24 09:00:00,41810.0
2026-01-24T09,CENT,Central,DF,Day-ahead demand forecast,50118,megawatthours,2026-01-24 09:00:00,50118.0
2026-01-24T09,CENT,Central,NG,Net generation,41268,megawatthours,2026-01-24 09:00:00,41268.0
2026-01-24T09,CENT,Central,TI,Total interchange,-541,megawatthours,2026-01-24 09:00:00,-541.0
2026-01-24T08,CENT,Central,D,Demand,41954,megawatthours,2026-01-24 08:00:00,41954.0
2026-01-24T08,CENT,Central,DF,Day-ahead demand forecast,49857,megawatthours,2026-01-24 08:00:00,49857.0
2026-01-24T08,CENT,Central,NG,Net generation,41276,megawatthours,2026-01-24 08:00:00,41276.0
2026-01-24T08,CENT,Central,TI,Total interchange,-678,megawatthours,2026-01-24 08:00:00,-678.0
2026-01-24T07,CENT,Central,D,Demand,42169,megawatthours,2026-01-24 07:00:00,42169.0
2026-01-24T07,CENT,Central,DF,Day-ahead demand forecast,50036,megawatthours,2026-01-24 07:00:00,50036.0
2026-01-24T07,CENT,Central,NG,Net generation,40937,megawatthours,2026-01-24 07:00:00,40937.0
2026-01-24T07,CENT,Central,TI,Total interchange,-1232,megawatthours,2026-01-24 07:00:00,-1232.0
2026-01-24T06,CENT,Central,D,Demand,42677,megawatthours,2026-01-24 06:00:00,42677.0
2026-01-24T06,CENT,Central,DF,Day-ahead demand forecast,49951,megawatthours,2026-01-24 06:00:00,49951.0
2026-01-24T06,CENT,Central,NG,Net generation,41976,megawatthours,2026-01-24 06:00:00,41976.0
2026-01-24T06,CENT,Central,TI,Total interchange,-701,megawatthours,2026-01-24 06:00:00,-701.0
2026-01-24T05,CENT,Central,D,Demand,43391,megawatthours,2026-01-24 05:00:00,43391.0
2026-01-24T05,CENT,Central,DF,Day-ahead demand forecast,50702,megawatthours,2026-01-24 05:00:00,50702.0
2026-01-24T05,CENT,Central,NG,Net generation,43327,megawatthours,2026-01-24 05:00:00,43327.0
2026-01-24T05,CENT,Central,TI,Total interchange,-65,megawatthours,2026-01-24 05:00:00,-65.0
2026-01-24T04,CENT,Central,D,Demand,44137,megawatthours,2026-01-24 04:00:00,44137.0
2026-01-24T04,CENT,Central,DF,Day-ahead demand forecast,51648,megawatthours,2026-01-24 04:00:00,51648.0
2026-01-24T04,CENT,Central,NG,Net generation,43843,megawatthours,2026-01-24 04:00:00,43843.0
2026-01-24T04,CENT,Central,TI,Total interchange,-295,megawatthours,2026-01-24 04:00:00,-295.0
2026-01-24T03,CENT,Central,D,Demand,44807,megawatthours,2026-01-24 03:00:00,44807.0
2026-01-24T03,CENT,Central,DF,Day-ahead demand forecast,51850,megawatthours,2026-01-24 03:00:00,51850.0
2026-01-24T03,CENT,Central,NG,Net generation,44121,megawatthours,2026-01-24 03:00:00,44121.0
2026-01-24T03,CENT,Central,TI,Total interchange,-686,megawatthours,2026-01-24 03:00:00,-686.0
2026-01-24T02,CENT,Central,D,Demand,45096,megawatthours,2026-01-24 02:00:00,45096.0
2026-01-24T02,CENT,Central,DF,Day-ahead demand forecast,52108,megawatthours,2026-01-24 02:00:00,52108.0
2026-01-24T02,CENT,Central,NG,Net generation,44681,megawatthours,2026-01-24 02:00:00,44681.0
2026-01-24T02,CENT,Central,TI,Total interchange,-415,megawatthours,2026-01-24 02:00:00,-415.0
2026-01-24T01,CENT,Central,D,Demand,45232,megawatthours,2026-01-24 01:00:00,45232.0
2026-01-24T01,CENT,Central,DF,Day-ahead demand forecast,51774,megawatthours,2026-01-24 01:00:00,51774.0
2026-01-24T01,CENT,Central,NG,Net generation,44936,megawatthours,2026-01-24 01:00:00,44936.0
2026-01-24T01,CENT,Central,TI,Total interchange,-295,megawatthours,2026-01-24 01:00:00,-295.0
2026-01-24T00,CENT,Central,D,Demand,44675,megawatthours,2026-01-24 00:00:00,44675.0
2026-01-24T00,CENT,Central,DF,Day-ahead demand forecast,50916,megawatthours,2026-01-24 00:00:00,50916.0
2026-01-24T00,CENT,Central,NG,Net generation,44372,megawatthours,2026-01-24 00:00:00,44372.0
2026-01-24T00,CENT,Central,TI,Total interchange,-302,megawatthours,2026-01-24 00:00:00,-302.0
2026-01-23T23,CENT,Central,D,Demand,43615,megawatthours,2026-01-23 23:00:00,43615.0
2026-01-23T23,CENT,Central,DF,Day-ahead demand forecast,49919,megawatthours,2026-01-23 23:00:00,49919.0
2026-01-23T23,CENT,Central,NG,Net generation,43189,megawatthours,2026-01-23 23:00:00,43189.0
2026-01-23T23,CENT,Central,TI,Total interchange,-425,megawatthours,2026-01-23 23:00:00,-425.0
2026-01-23T22,CENT,Central,D,Demand,42917,megawatthours,2026-01-23 22:00:00,42917.0
2026-01-23T22,CENT,Central,DF,Day-ahead demand forecast,49587,megawatthours,2026-01-23 22:00:00,49587.0
2026-01-23T22,CENT,Central,NG,Net generation,42672,megawatthours,2026-01-23 22:00:00,42672.0
2026-01-23T22,CENT,Central,TI,Total interchange,-245,megawatthours,2026-01-23 22:00:00,-245.0
2026-01-23T21,CENT,Central,D,Demand,42773,megawatthours,2026-01-23 21:00:00,42773.0
2026-01-23T21,CENT,Central,DF,Day-ahead demand forecast,48965,megawatthours,2026-01-23 21:00:00,48965.0
2026-01-23T21,CENT,Central,NG,Net generation,42899,megawatthours,2026-01-23 21:00:00,42899.0
2026-01-23T21,CENT,Central,TI,Total interchange,126,megawatthours,2026-01-23 21:00:00,126.0
2026-01-23T20,CENT,Central,D,Demand,42824,megawatthours,2026-01-23 20:00:00,42824.0
2026-01-23T20,CENT,Central,DF,Day-ahead demand forecast,49923,megawatthours,2026-01-23 20:00:00,49923.0
2026-01-23T20,CENT,Central,NG,Net generation,42622,megawatthours,2026-01-23 20:00:00,42622.0
2026-01-23T20,CENT,Central,TI,Total interchange,-202,megawatthours,2026-01-23 20:00:00,-202.0
2026-01-23T19,CENT,Central,D,Demand,42960,megawatthours,2026-01-23 19:00:00,42960.0
2026-01-23T19,CENT,Central,DF,Day-ahead demand forecast,50063,megawatthours,2026-01-23 19:00:00,50063.0
2026-01-23T19,CENT,Central,NG,Net generation,43415,megawatthours,2026-01-23 19:00:00,43415.0
2026-01-23T19,CENT,Central,TI,Total interchange,454,megawatthours,2026-01-23 19:00:00,454.0
2026-01-23T18,CENT,Central,D,Demand,43202,megawatthours,2026-01-23 18:00:00,43202.0
2026-01-23T18,CENT,Central,DF,Day-ahead demand forecast,50487,megawatthours,2026-01-23 18:00:00,50487.0
2026-01-23T18,CENT,Central,NG,Net generation,43928,megawatthours,2026-01-23 18:00:00,43928.0
2026-01-23T18,CENT,Central,TI,Total interchange,727,megawatthours,2026-01-23 18:00:00,727.0
2026-01-23T17,CENT,Central,D,Demand,43093,megawatthours,2026-01-23 17:00:00,43093.0
2026-01-23T17,CENT,Central,DF,Day-ahead demand forecast,50422,megawatthours,2026-01-23 17:00:00,50422.0
2026-01-23T17,CENT,Central,NG,Net generation,44223,megawatthours,2026-01-23 17:00:00,44223.0
2026-01-23T17,CENT,Central,TI,Total interchange,1130,megawatthours,2026-01-23 17:00:00,1130.0
2026-01-23T16,CENT,Central,D,Demand,42886,megawatthours,2026-01-23 16:00:00,42886.0
2026-01-23T16,CENT,Central,DF,Day-ahead demand forecast,50361,megawatthours,2026-01-23 16:00:00,50361.0
2026-01-23T16,CENT,Central,NG,Net generation,43950,megawatthours,2026-01-23 16:00:00,43950.0
2026-01-23T16,CENT,Central,TI,Total interchange,1063,megawatthours,2026-01-23 16:00:00,1063.0
2026-01-23T15,CENT,Central,D,Demand,42314,megawatthours,2026-01-23 15:00:00,42314.0
2026-01-23T15,CENT,Central,DF,Day-ahead demand forecast,50276,megawatthours,2026-01-23 15:00:00,50276.0
2026-01-23T15,CENT,Central,NG,Net generation,43324,megawatthours,2026-01-23 15:00:00,43324.0
2026-01-23T15,CENT,Central,TI,Total interchange,1010,megawatthours,2026-01-23 15:00:00,1010.0
2026-01-23T14,CENT,Central,D,Demand,41518,megawatthours,2026-01-23 14:00:00,41518.0
2026-01-23T14,CENT,Central,DF,Day-ahead demand forecast,49782,megawatthours,2026-01-23 14:00:00,49782.0
2026-01-23T14,CENT,Central,NG,Net generation,42310,megawatthours,2026-01-23 14:00:00,42310.0
2026-01-23T14,CENT,Central,TI,Total interchange,792,megawatthours,2026-01-23 14:00:00,792.0
2026-01-23T13,CENT,Central,D,Demand,39862,megawatthours,2026-01-23 13:00:00,39862.0
2026-01-23T13,CENT,Central,DF,Day-ahead demand forecast,47261,megawatthours,2026-01-23 13:00:00,47261.0
2026-01-23T13,CENT,Central,NG,Net generation,40716,megawatthours,2026-01-23 13:00:00,40716.0
2026-01-23T13,CENT,Central,TI,Total interchange,855,megawatthours,2026-01-23 13:00:00,855.0
2026-01-23T12,CENT,Central,D,Demand,37807,megawatthours,2026-01-23 12:00:00,37807.0
2026-01-23T12,CENT,Central,DF,Day-ahead demand forecast,44937,megawatthours,2026-01-23 12:00:00,44937.0
2026-01-23T12,CENT,Central,NG,Net generation,39002,megawatthours,2026-01-23 12:00:00,39002.0
2026-01-23T12,CENT,Central,TI,Total interchange,1196,megawatthours,2026-01-23 12:00:00,1196.0
2026-01-23T11,CENT,Central,D,Demand,36448,megawatthours,2026-01-23 11:00:00,36448.0
2026-01-23T11,CENT,Central,DF,Day-ahead demand forecast,43193,megawatthours,2026-01-23 11:00:00,43193.0
2026-01-23T11,CENT,Central,NG,Net generation,36936,megawatthours,2026-01-23 11:00:00,36936.0
2026-01-23T11,CENT,Central,TI,Total interchange,488,megawatthours,2026-01-23 11:00:00,488.0
2026-01-23T10,CENT,Central,D,Demand,35649,megawatthours,2026-01-23 10:00:00,35649.0
2026-01-23T10,CENT,Central,DF,Day-ahead demand forecast,42195,megawatthours,2026-01-23 10:00:00,42195.0
2026-01-23T10,CENT,Central,NG,Net generation,36187,megawatthours,2026-01-23 10:00:00,36187.0
2026-01-23T10,CENT,Central,TI,Total interchange,538,megawatthours,2026-01-23 10:00:00,538.0
2026-01-23T09,CENT,Central,D,Demand,35136,megawatthours,2026-01-23 09:00:00,35136.0
2026-01-23T09,CENT,Central,DF,Day-ahead demand forecast,41583,megawatthours,2026-01-23 09:00:00,41583.0
2026-01-23T09,CENT,Central,NG,Net generation,35358,megawatthours,2026-01-23 09:00:00,35358.0
2026-01-23T09,CENT,Central,TI,Total interchange,223,megawatthours,2026-01-23 09:00:00,223.0
2026-01-23T08,CENT,Central,D,Demand,34959,megawatthours,2026-01-23 08:00:00,34959.0
2026-01-23T08,CENT,Central,DF,Day-ahead demand forecast,41093,megawatthours,2026-01-23 08:00:00,41093.0
2026-01-23T08,CENT,Central,NG,Net generation,35463,megawatthours,2026-01-23 08:00:00,35463.0
2026-01-23T08,CENT,Central,TI,Total interchange,505,megawatthours,2026-01-23 08:00:00,505.0
2026-01-23T07,CENT,Central,D,Demand,35087,megawatthours,2026-01-23 07:00:00,35087.0
2026-01-23T07,CENT,Central,DF,Day-ahead demand forecast,41076,megawatthours,2026-01-23 07:00:00,41076.0
2026-01-23T07,CENT,Central,NG,Net generation,35283,megawatthours,2026-01-23 07:00:00,35283.0
2026-01-23T07,CENT,Central,TI,Total interchange,196,megawatthours,2026-01-23 07:00:00,196.0
2026-01-23T06,CENT,Central,D,Demand,35540,megawatthours,2026-01-23 06:00:00,35540.0
2026-01-23T06,CENT,Central,DF,Day-ahead demand forecast,42038,megawatthours,2026-01-23 06:00:00,42038.0
2026-01-23T06,CENT,Central,NG,Net generation,36557,megawatthours,2026-01-23 06:00:00,36557.0
2026-01-23T06,CENT,Central,TI,Total interchange,1017,megawatthours,2026-01-23 06:00:00,1017.0
2026-01-23T05,CENT,Central,D,Demand,36276,megawatthours,2026-01-23 05:00:00,36276.0
2026-01-23T05,CENT,Central,DF,Day-ahead demand forecast,42550,megawatthours,2026-01-23 05:00:00,42550.0
2026-01-23T05,CENT,Central,NG,Net generation,37213,megawatthours,2026-01-23 05:00:00,37213.0
2026-01-23T05,CENT,Central,TI,Total interchange,938,megawatthours,2026-01-23 05:00:00,938.0
2026-01-23T04,CENT,Central,D,Demand,36900,megawatthours,2026-01-23 04:00:00,36900.0
2026-01-23T04,CENT,Central,DF,Day-ahead demand forecast,43286,megawatthours,2026-01-23 04:00:00,43286.0
2026-01-23T04,CENT,Central,NG,Net generation,37182,megawatthours,2026-01-23 04:00:00,37182.0
2026-01-23T04,CENT,Central,TI,Total interchange,282,megawatthours,2026-01-23 04:00:00,282.0
2026-01-23T03,CENT,Central,D,Demand,37276,megawatthours,2026-01-23 03:00:00,37276.0
2026-01-23T03,CENT,Central,DF,Day-ahead demand forecast,43495,megawatthours,2026-01-23 03:00:00,43495.0
2026-01-23T03,CENT,Central,NG,Net generation,37564,megawatthours,2026-01-23 03:00:00,37564.0
2026-01-23T03,CENT,Central,TI,Total interchange,288,megawatthours,2026-01-23 03:00:00,288.0
2026-01-23T02,CENT,Central,D,Demand,37249,megawatthours,2026-01-23 02:00:00,37249.0
2026-01-23T02,CENT,Central,DF,Day-ahead demand forecast,43590,megawatthours,2026-01-23 02:00:00,43590.0
2026-01-23T02,CENT,Central,NG,Net generation,37340,megawatthours,2026-01-23 02:00:00,37340.0
2026-01-23T02,CENT,Central,TI,Total interchange,91,megawatthours,2026-01-23 02:00:00,91.0
2026-01-23T01,CENT,Central,D,Demand,37076,megawatthours,2026-01-23 01:00:00,37076.0
2026-01-23T01,CENT,Central,DF,Day-ahead demand forecast,42431,megawatthours,2026-01-23 01:00:00,42431.0
2026-01-23T01,CENT,Central,NG,Net generation,37265,megawatthours,2026-01-23 01:00:00,37265.0
2026-01-23T01,CENT,Central,TI,Total interchange,190,megawatthours,2026-01-23 01:00:00,190.0
2026-01-23T00,CENT,Central,D,Demand,36064,megawatthours,2026-01-23 00:00:00,36064.0
2026-01-23T00,CENT,Central,DF,Day-ahead demand forecast,40968,megawatthours,2026-01-23 00:00:00,40968.0
2026-01-23T00,CENT,Central,NG,Net generation,36523,megawatthours,2026-01-23 00:00:00,36523.0
2026-01-23T00,CENT,Central,TI,Total interchange,460,megawatthours,2026-01-23 00:00:00,460.0
2026-01-22T23,CENT,Central,D,Demand,34915,megawatthours,2026-01-22 23:00:00,34915.0
2026-01-22T23,CENT,Central,DF,Day-ahead demand forecast,38783,megawatthours,2026-01-22 23:00:00,38783.0
2026-01-22T23,CENT,Central,NG,Net generation,35249,megawatthours,2026-01-22 23:00:00,35249.0
2026-01-22T23,CENT,Central,TI,Total interchange,334,megawatthours,2026-01-22 23:00:00,334.0
2026-01-22T22,CENT,Central,D,Demand,34522,megawatthours,2026-01-22 22:00:00,34522.0
2026-01-22T22,CENT,Central,DF,Day-ahead demand forecast,38303,megawatthours,2026-01-22 22:00:00,38303.0
2026-01-22T22,CENT,Central,NG,Net generation,34694,megawatthours,2026-01-22 22:00:00,34694.0
2026-01-22T22,CENT,Central,TI,Total interchange,171,megawatthours,2026-01-22 22:00:00,171.0
2026-01-22T21,CENT,Central,D,Demand,34564,megawatthours,2026-01-22 21:00:00,34564.0
2026-01-22T21,CENT,Central,DF,Day-ahead demand forecast,38422,megawatthours,2026-01-22 21:00:00,38422.0
2026-01-22T21,CENT,Central,NG,Net generation,34680,megawatthours,2026-01-22 21:00:00,34680.0
2026-01-22T21,CENT,Central,TI,Total interchange,116,megawatthours,2026-01-22 21:00:00,116.0
2026-01-22T20,CENT,Central,D,Demand,34971,megawatthours,2026-01-22 20:00:00,34971.0
2026-01-22T20,CENT,Central,DF,Day-ahead demand forecast,39080,megawatthours,2026-01-22 20:00:00,39080.0
2026-01-22T20,CENT,Central,NG,Net generation,35496,megawatthours,2026-01-22 20:00:00,35496.0
2026-01-22T20,CENT,Central,TI,Total interchange,525,megawatthours,2026-01-22 20:00:00,525.0
2026-01-22T19,CENT,Central,D,Demand,35570,megawatthours,2026-01-22 19:00:00,35570.0
2026-01-22T19,CENT,Central,DF,Day-ahead demand forecast,39698,megawatthours,2026-01-22 19:00:00,39698.0
2026-01-22T19,CENT,Central,NG,Net generation,36075,megawatthours,2026-01-22 19:00:00,36075.0
2026-01-22T19,CENT,Central,TI,Total interchange,505,megawatthours,2026-01-22 19:00:00,505.0
2026-01-22T18,CENT,Central,D,Demand,36378,megawatthours,2026-01-22 18:00:00,36378.0
2026-01-22T18,CENT,Central,DF,Day-ahead demand forecast,40870,megawatthours,2026-01-22 18:00:00,40870.0
2026-01-22T18,CENT,Central,NG,Net generation,36928,megawatthours,2026-01-22 18:00:00,36928.0
2026-01-22T18,CENT,Central,TI,Total interchange,550,megawatthours,2026-01-22 18:00:00,550.0
2026-01-22T17,CENT,Central,D,Demand,37392,megawatthours,2026-01-22 17:00:00,37392.0
2026-01-22T17,CENT,Central,DF,Day-ahead demand forecast,42505,megawatthours,2026-01-22 17:00:00,42505.0
2026-01-22T17,CENT,Central,NG,Net generation,37502,megawatthours,2026-01-22 17:00:00,37502.0
2026-01-22T17,CENT,Central,TI,Total interchange,109,megawatthours,2026-01-22 17:00:00,109.0
2026-01-22T16,CENT,Central,D,Demand,38556,megawatthours,2026-01-22 16:00:00,38556.0
2026-01-22T16,CENT,Central,DF,Day-ahead demand forecast,44039,megawatthours,2026-01-22 16:00:00,44039.0
2026-01-22T16,CENT,Central,NG,Net generation,38745,megawatthours,2026-01-22 16:00:00,38745.0
2026-01-22T16,CENT,Central,TI,Total interchange,189,megawatthours,2026-01-22 16:00:00,189.0
2026-01-22T15,CENT,Central,D,Demand,39711,megawatthours,2026-01-22 15:00:00,39711.0
2026-01-22T15,CENT,Central,DF,Day-ahead demand forecast,45459,megawatthours,2026-01-22 15:00:00,45459.0
2026-01-22T15,CENT,Central,NG,Net generation,40249,megawatthours,2026-01-22 15:00:00,40249.0
2026-01-22T15,CENT,Central,TI,Total interchange,538,megawatthours,2026-01-22 15:00:00,538.0
2026-01-22T14,CENT,Central,D,Demand,39965,megawatthours,2026-01-22 14:00:00,39965.0
2026-01-22T14,CENT,Central,DF,Day-ahead demand forecast,46663,megawatthours,2026-01-22 14:00:00,46663.0
2026-01-22T14,CENT,Central,NG,Net generation,41292,megawatthours,2026-01-22 14:00:00,41292.0
2026-01-22T14,CENT,Central,TI,Total interchange,1327,megawatthours,2026-01-22 14:00:00,1327.0
2026-01-22T13,CENT,Central,D,Demand,38712,megawatthours,2026-01-22 13:00:00,38712.0
2026-01-22T13,CENT,Central,DF,Day-ahead demand forecast,45522,megawatthours,2026-01-22 13:00:00,45522.0
2026-01-22T13,CENT,Central,NG,Net generation,40074,megawatthours,2026-01-22 13:00:00,40074.0
2026-01-22T13,CENT,Central,TI,Total interchange,1363,megawatthours,2026-01-22 13:00:00,1363.0
2026-01-22T12,CENT,Central,D,Demand,36610,megawatthours,2026-01-22 12:00:00,36610.0
2026-01-22T12,CENT,Central,DF,Day-ahead demand forecast,42926,megawatthours,2026-01-22 12:00:00,42926.0
2026-01-22T12,CENT,Central,NG,Net generation,37613,megawatthours,2026-01-22 12:00:00,37613.0
2026-01-22T12,CENT,Central,TI,Total interchange,1004,megawatthours,2026-01-22 12:00:00,1004.0
2026-01-22T11,CENT,Central,D,Demand,35174,megawatthours,2026-01-22 11:00:00,35174.0
2026-01-22T11,CENT,Central,DF,Day-ahead demand forecast,41041,megawatthours,2026-01-22 11:00:00,41041.0
2026-01-22T11,CENT,Central,NG,Net generation,36477,megawatthours,2026-01-22 11:00:00,36477.0
2026-01-22T11,CENT,Central,TI,Total interchange,1303,megawatthours,2026-01-22 11:00:00,1303.0
2026-01-22T10,CENT,Central,D,Demand,34421,megawatthours,2026-01-22 10:00:00,34421.0
2026-01-22T10,CENT,Central,DF,Day-ahead demand forecast,39636,megawatthours,2026-01-22 10:00:00,39636.0
2026-01-22T10,CENT,Central,NG,Net generation,35643,megawatthours,2026-01-22 10:00:00,35643.0
2026-01-22T10,CENT,Central,TI,Total interchange,1222,megawatthours,2026-01-22 10:00:00,1222.0
2026-01-22T09,CENT,Central,D,Demand,34131,megawatthours,2026-01-22 09:00:00,34131.0
2026-01-22T09,CENT,Central,DF,Day-ahead demand forecast,39328,megawatthours,2026-01-22 09:00:00,39328.0
2026-01-22T09,CENT,Central,NG,Net generation,34808,megawatthours,2026-01-22 09:00:00,34808.0
2026-01-22T09,CENT,Central,TI,Total interchange,677,megawatthours,2026-01-22 09:00:00,677.0
2026-01-22T08,CENT,Central,D,Demand,34078,megawatthours,2026-01-22 08:00:00,34078.0
2026-01-22T08,CENT,Central,DF,Day-ahead demand forecast,38888,megawatthours,2026-01-22 08:00:00,38888.0
2026-01-22T08,CENT,Central,NG,Net generation,34549,megawatthours,2026-01-22 08:00:00,34549.0
2026-01-22T08,CENT,Central,TI,Total interchange,470,megawatthours,2026-01-22 08:00:00,470.0
2026-01-22T07,CENT,Central,D,Demand,34201,megawatthours,2026-01-22 07:00:00,34201.0
2026-01-22T07,CENT,Central,DF,Day-ahead demand forecast,38934,megawatthours,2026-01-22 07:00:00,38934.0
2026-01-22T07,CENT,Central,NG,Net generation,34702,megawatthours,2026-01-22 07:00:00,34702.0
2026-01-22T07,CENT,Central,TI,Total interchange,501,megawatthours,2026-01-22 07:00:00,501.0
2026-01-22T06,CENT,Central,D,Demand,34600,megawatthours,2026-01-22 06:00:00,34600.0
2026-01-22T06,CENT,Central,DF,Day-ahead demand forecast,27,megawatthours,2026-01-22 06:00:00,27.0
2026-01-22T06,CENT,Central,NG,Net generation,35483,megawatthours,2026-01-22 06:00:00,35483.0
2026-01-22T06,CENT,Central,TI,Total interchange,883,megawatthours,2026-01-22 06:00:00,883.0
2026-01-22T05,CENT,Central,D,Demand,35383,megawatthours,2026-01-22 05:00:00,35383.0
2026-01-22T05,CENT,Central,DF,Day-ahead demand forecast,29,megawatthours,2026-01-22 05:00:00,29.0
2026-01-22T05,CENT,Central,NG,Net generation,36046,megawatthours,2026-01-22 05:00:00,36046.0
2026-01-22T05,CENT,Central,TI,Total interchange,663,megawatthours,2026-01-22 05:00:00,663.0
2026-01-22T04,CENT,Central,D,Demand,36256,megawatthours,2026-01-22 04:00:00,36256.0
2026-01-22T04,CENT,Central,DF,Day-ahead demand forecast,28,megawatthours,2026-01-22 04:00:00,28.0
2026-01-22T04,CENT,Central,NG,Net generation,37019,megawatthours,2026-01-22 04:00:00,37019.0
2026-01-22T04,CENT,Central,TI,Total interchange,763,megawatthours,2026-01-22 04:00:00,763.0
2026-01-22T03,CENT,Central,D,Demand,36674,megawatthours,2026-01-22 03:00:00,36674.0
2026-01-22T03,CENT,Central,DF,Day-ahead demand forecast,27,megawatthours,2026-01-22 03:00:00,27.0
2026-01-22T03,CENT,Central,NG,Net generation,37236,megawatthours,2026-01-22 03:00:00,37236.0
2026-01-22T03,CENT,Central,TI,Total interchange,562,megawatthours,2026-01-22 03:00:00,562.0
2026-01-22T02,CENT,Central,D,Demand,36601,megawatthours,2026-01-22 02:00:00,36601.0
2026-01-22T02,CENT,Central,DF,Day-ahead demand forecast,28,megawatthours,2026-01-22 02:00:00,28.0
2026-01-22T02,CENT,Central,NG,Net generation,36480,megawatthours,2026-01-22 02:00:00,36480.0
2026-01-22T02,CENT,Central,TI,Total interchange,-121,megawatthours,2026-01-22 02:00:00,-121.0
2026-01-22T01,CENT,Central,D,Demand,36277,megawatthours,2026-01-22 01:00:00,36277.0
2026-01-22T01,CENT,Central,DF,Day-ahead demand forecast,26,megawatthours,2026-01-22 01:00:00,26.0
2026-01-22T01,CENT,Central,NG,Net generation,35328,megawatthours,2026-01-22 01:00:00,35328.0
2026-01-22T01,CENT,Central,TI,Total interchange,-948,megawatthours,2026-01-22 01:00:00,-948.0
2026-01-22T00,CENT,Central,D,Demand,34991,megawatthours,2026-01-22 00:00:00,34991.0
2026-01-22T00,CENT,Central,DF,Day-ahead demand forecast,27,megawatthours,2026-01-22 00:00:00,27.0
2026-01-22T00,CENT,Central,NG,Net generation,33749,megawatthours,2026-01-22 00:00:00,33749.0
2026-01-22T00,CENT,Central,TI,Total interchange,-1241,megawatthours,2026-01-22 00:00:00,-1241.0
2026-01-21T23,CENT,Central,D,Demand,33699,megawatthours,2026-01-21 23:00:00,33699.0
2026-01-21T23,CENT,Central,DF,Day-ahead demand forecast,25,megawatthours,2026-01-21 23:00:00,25.0
2026-01-21T23,CENT,Central,NG,Net generation,32418,megawatthours,2026-01-21 23:00:00,32418.0
2026-01-21T23,CENT,Central,TI,Total interchange,-1281,megawatthours,2026-01-21 23:00:00,-1281.0
2026-01-21T22,CENT,Central,D,Demand,33367,megawatthours,2026-01-21 22:00:00,33367.0
2026-01-21T22,CENT,Central,DF,Day-ahead demand forecast,26,megawatthours,2026-01-21 22:00:00,26.0
2026-01-21T22,CENT,Central,NG,Net generation,32112,megawatthours,2026-01-21 22:00:00,32112.0
2026-01-21T22,CENT,Central,TI,Total interchange,-1255,megawatthours,2026-01-21 22:00:00,-1255.0
2026-01-21T21,CENT,Central,D,Demand,33646,megawatthours,2026-01-21 21:00:00,33646.0
2026-01-21T21,CENT,Central,DF,Day-ahead demand forecast,27,megawatthours,2026-01-21 21:00:00,27.0
2026-01-21T21,CENT,Central,NG,Net generation,32470,megawatthours,2026-01-21 21:00:00,32470.0
2026-01-21T21,CENT,Central,TI,Total interchange,-1176,megawatthours,2026-01-21 21:00:00,-1176.0
2026-01-21T20,CENT,Central,D,Demand,34274,megawatthours,2026-01-21 20:00:00,34274.0
2026-01-21T20,CENT,Central,DF,Day-ahead demand forecast,27,megawatthours,2026-01-21 20:00:00,27.0
2026-01-21T20,CENT,Central,NG,Net generation,33081,megawatthours,2026-01-21 20:00:00,33081.0
2026-01-21T20,CENT,Central,TI,Total interchange,-1193,megawatthours,2026-01-21 20:00:00,-1193.0
2026-01-21T19,CENT,Central,D,Demand,34774,megawatthours,2026-01-21 19:00:00,34774.0
2026-01-21T19,CENT,Central,DF,Day-ahead demand forecast,30,megawatthours,2026-01-21 19:00:00,30.0
2026-01-21T19,CENT,Central,NG,Net generation,33320,megawatthours,2026-01-21 19:00:00,33320.0
2026-01-21T19,CENT,Central,TI,Total interchange,-1455,megawatthours,2026-01-21 19:00:00,-1455.0
2026-01-21T18,CENT,Central,D,Demand,35388,megawatthours,2026-01-21 18:00:00,35388.0
2026-01-21T18,CENT,Central,DF,Day-ahead demand forecast,27,megawatthours,2026-01-21 18:00:00,27.0
2026-01-21T18,CENT,Central,NG,Net generation,34492,megawatthours,2026-01-21 18:00:00,34492.0
2026-01-21T18,CENT,Central,TI,Total interchange,-896,megawatthours,2026-01-21 18:00:00,-896.0
2026-01-21T17,CENT,Central,D,Demand,36072,megawatthours,2026-01-21 17:00:00,36072.0
2026-01-21T17,CENT,Central,DF,Day-ahead demand forecast,30,megawatthours,2026-01-21 17:00:00,30.0
2026-01-21T17,CENT,Central,NG,Net generation,35305,megawatthours,2026-01-21 17:00:00,35305.0
2026-01-21T17,CENT,Central,TI,Total interchange,-767,megawatthours,2026-01-21 17:00:00,-767.0
2026-01-21T16,CENT,Central,D,Demand,36702,megawatthours,2026-01-21 16:00:00,36702.0
2026-01-21T16,CENT,Central,DF,Day-ahead demand forecast,29,megawatthours,2026-01-21 16:00:00,29.0
2026-01-21T16,CENT,Central,NG,Net generation,36601,megawatthours,2026-01-21 16:00:00,36601.0
2026-01-21T16,CENT,Central,TI,Total interchange,-101,megawatthours,2026-01-21 16:00:00,-101.0
2026-01-21T15,CENT,Central,D,Demand,37748,megawatthours,2026-01-21 15:00:00,37748.0
2026-01-21T15,CENT,Central,DF,Day-ahead demand forecast,27,megawatthours,2026-01-21 15:00:00,27.0
2026-01-21T15,CENT,Central,NG,Net generation,38362,megawatthours,2026-01-21 15:00:00,38362.0
2026-01-21T15,CENT,Central,TI,Total interchange,614,megawatthours,2026-01-21 15:00:00,614.0
2026-01-21T14,CENT,Central,D,Demand,38066,megawatthours,2026-01-21 14:00:00,38066.0
2026-01-21T14,CENT,Central,DF,Day-ahead demand forecast,29,megawatthours,2026-01-21 14:00:00,29.0
2026-01-21T14,CENT,Central,NG,Net generation,39484,megawatthours,2026-01-21 14:00:00,39484.0
2026-01-21T14,CENT,Central,TI,Total interchange,1418,megawatthours,2026-01-21 14:00:00,1418.0
2026-01-21T13,CENT,Central,D,Demand,36718,megawatthours,2026-01-21 13:00:00,36718.0
2026-01-21T13,CENT,Central,DF,Day-ahead demand forecast,29,megawatthours,2026-01-21 13:00:00,29.0
2026-01-21T13,CENT,Central,NG,Net generation,38643,megawatthours,2026-01-21 13:00:00,38643.0
2026-01-21T13,CENT,Central,TI,Total interchange,1927,megawatthours,2026-01-21 13:00:00,1927.0
2026-01-21T12,CENT,Central,D,Demand,34651,megawatthours,2026-01-21 12:00:00,34651.0
2026-01-21T12,CENT,Central,DF,Day-ahead demand forecast,14,megawatthours,2026-01-21 12:00:00,14.0
2026-01-21T12,CENT,Central,NG,Net generation,36946,megawatthours,2026-01-21 12:00:00,36946.0
2026-01-21T12,CENT,Central,TI,Total interchange,2296,megawatthours,2026-01-21 12:00:00,2296.0
2026-01-21T11,CENT,Central,D,Demand,33281,megawatthours,2026-01-21 11:00:00,33281.0
2026-01-21T11,CENT,Central,NG,Net generation,34673,megawatthours,2026-01-21 11:00:00,34673.0
2026-01-21T11,CENT,Central,TI,Total interchange,1393,megawatthours,2026-01-21 11:00:00,1393.0
2026-01-21T10,CENT,Central,D,Demand,32704,megawatthours,2026-01-21 10:00:00,32704.0
2026-01-21T10,CENT,Central,NG,Net generation,34527,megawatthours,2026-01-21 10:00:00,34527.0
2026-01-21T10,CENT,Central,TI,Total interchange,1823,megawatthours,2026-01-21 10:00:00,1823.0
2026-01-21T09,CENT,Central,D,Demand,32731,megawatthours,2026-01-21 09:00:00,32731.0
2026-01-21T09,CENT,Central,NG,Net generation,35280,megawatthours,2026-01-21 09:00:00,35280.0
2026-01-21T09,CENT,Central,TI,Total interchange,2549,megawatthours,2026-01-21 09:00:00,2549.0
2026-01-21T08,CENT,Central,D,Demand,32976,megawatthours,2026-01-21 08:00:00,32976.0
2026-01-21T08,CENT,Central,NG,Net generation,35661,megawatthours,2026-01-21 08:00:00,35661.0
2026-01-21T08,CENT,Central,TI,Total interchange,2685,megawatthours,2026-01-21 08:00:00,2685.0
2026-01-21T07,CENT,Central,D,Demand,33306,megawatthours,2026-01-21 07:00:00,33306.0
2026-01-21T07,CENT,Central,NG,Net generation,35313,megawatthours,2026-01-21 07:00:00,35313.0
2026-01-21T07,CENT,Central,TI,Total interchange,2006,megawatthours,2026-01-21 07:00:00,2006.0
2026-01-21T06,CENT,Central,D,Demand,39114,megawatthours,2026-01-21 06:00:00,39114.0
2026-01-21T06,CENT,Central,DF,Day-ahead demand forecast,39119,megawatthours,2026-01-21 06:00:00,39119.0
2026-01-21T06,CENT,Central,NG,Net generation,38223,megawatthours,2026-01-21 06:00:00,38223.0
2026-01-21T06,CENT,Central,TI,Total interchange,29,megawatthours,2026-01-21 06:00:00,29.0
2026-01-21T05,CENT,Central,D,Demand,40009,megawatthours,2026-01-21 05:00:00,40009.0
2026-01-21T05,CENT,Central,DF,Day-ahead demand forecast,40012,megawatthours,2026-01-21 05:00:00,40012.0
2026-01-21T05,CENT,Central,NG,Net generation,39203,megawatthours,2026-01-21 05:00:00,39203.0
2026-01-21T05,CENT,Central,TI,Total interchange,391,megawatthours,2026-01-21 05:00:00,391.0
2026-01-21T04,CENT,Central,D,Demand,41078,megawatthours,2026-01-21 04:00:00,41078.0
2026-01-21T04,CENT,Central,DF,Day-ahead demand forecast,41083,megawatthours,2026-01-21 04:00:00,41083.0
2026-01-21T04,CENT,Central,NG,Net generation,39727,megawatthours,2026-01-21 04:00:00,39727.0
2026-01-21T04,CENT,Central,TI,Total interchange,416,megawatthours,2026-01-21 04:00:00,416.0
2026-01-21T03,CENT,Central,D,Demand,41682,megawatthours,2026-01-21 03:00:00,41682.0
2026-01-21T03,CENT,Central,DF,Day-ahead demand forecast,41694,megawatthours,2026-01-21 03:00:00,41694.0
2026-01-21T03,CENT,Central,NG,Net generation,39658,megawatthours,2026-01-21 03:00:00,39658.0
2026-01-21T03,CENT,Central,TI,Total interchange,387,megawatthours,2026-01-21 03:00:00,387.0
2026-01-21T02,CENT,Central,D,Demand,41941,megawatthours,2026-01-21 02:00:00,41941.0
2026-01-21T02,CENT,Central,DF,Day-ahead demand forecast,41942,megawatthours,2026-01-21 02:00:00,41942.0
2026-01-21T02,CENT,Central,NG,Net generation,39669,megawatthours,2026-01-21 02:00:00,39669.0
2026-01-21T02,CENT,Central,TI,Total interchange,430,megawatthours,2026-01-21 02:00:00,430.0
2026-01-21T01,CENT,Central,D,Demand,41573,megawatthours,2026-01-21 01:00:00,41573.0
2026-01-21T01,CENT,Central,DF,Day-ahead demand forecast,41584,megawatthours,2026-01-21 01:00:00,41584.0
2026-01-21T01,CENT,Central,NG,Net generation,39216,megawatthours,2026-01-21 01:00:00,39216.0
2026-01-21T01,CENT,Central,TI,Total interchange,460,megawatthours,2026-01-21 01:00:00,460.0
2026-01-21T00,CENT,Central,D,Demand,40320,megawatthours,2026-01-21 00:00:00,40320.0
2026-01-21T00,CENT,Central,DF,Day-ahead demand forecast,40321,megawatthours,2026-01-21 00:00:00,40321.0
2026-01-21T00,CENT,Central,NG,Net generation,37475,megawatthours,2026-01-21 00:00:00,37475.0
2026-01-21T00,CENT,Central,TI,Total interchange,125,megawatthours,2026-01-21 00:00:00,125.0
2026-01-20T23,CENT,Central,D,Demand,38896,megawatthours,2026-01-20 23:00:00,38896.0
2026-01-20T23,CENT,Central,DF,Day-ahead demand forecast,38895,megawatthours,2026-01-20 23:00:00,38895.0
2026-01-20T23,CENT,Central,NG,Net generation,36850,megawatthours,2026-01-20 23:00:00,36850.0
2026-01-20T23,CENT,Central,TI,Total interchange,193,megawatthours,2026-01-20 23:00:00,193.0
2026-01-20T22,CENT,Central,D,Demand,38658,megawatthours,2026-01-20 22:00:00,38658.0
2026-01-20T22,CENT,Central,DF,Day-ahead demand forecast,38665,megawatthours,2026-01-20 22:00:00,38665.0
2026-01-20T22,CENT,Central,NG,Net generation,37153,megawatthours,2026-01-20 22:00:00,37153.0
2026-01-20T22,CENT,Central,TI,Total interchange,154,megawatthours,2026-01-20 22:00:00,154.0
2026-01-20T21,CENT,Central,D,Demand,39090,megawatthours,2026-01-20 21:00:00,39090.0
2026-01-20T21,CENT,Central,DF,Day-ahead demand forecast,39098,megawatthours,2026-01-20 21:00:00,39098.0
2026-01-20T21,CENT,Central,NG,Net generation,37380,megawatthours,2026-01-20 21:00:00,37380.0
2026-01-20T21,CENT,Central,TI,Total interchange,31,megawatthours,2026-01-20 21:00:00,31.0
2026-01-20T20,CENT,Central,D,Demand,39819,megawatthours,2026-01-20 20:00:00,39819.0
2026-01-20T20,CENT,Central,DF,Day-ahead demand forecast,39821,megawatthours,2026-01-20 20:00:00,39821.0
2026-01-20T20,CENT,Central,NG,Net generation,37783,megawatthours,2026-01-20 20:00:00,37783.0
2026-01-20T20,CENT,Central,TI,Total interchange,18,megawatthours,2026-01-20 20:00:00,18.0
2026-01-20T19,CENT,Central,D,Demand,40841,megawatthours,2026-01-20 19:00:00,40841.0
2026-01-20T19,CENT,Central,DF,Day-ahead demand forecast,40849,megawatthours,2026-01-20 19:00:00,40849.0
2026-01-20T19,CENT,Central,NG,Net generation,38379,megawatthours,2026-01-20 19:00:00,38379.0
2026-01-20T19,CENT,Central,TI,Total interchange,223,megawatthours,2026-01-20 19:00:00,223.0
2026-01-20T18,CENT,Central,D,Demand,41973,megawatthours,2026-01-20 18:00:00,41973.0
2026-01-20T18,CENT,Central,DF,Day-ahead demand forecast,41977,megawatthours,2026-01-20 18:00:00,41977.0
2026-01-20T18,CENT,Central,NG,Net generation,39503,megawatthours,2026-01-20 18:00:00,39503.0
2026-01-20T18,CENT,Central,TI,Total interchange,498,megawatthours,2026-01-20 18:00:00,498.0
2026-01-20T17,CENT,Central,D,Demand,44330,megawatthours,2026-01-20 17:00:00,44330.0
2026-01-20T17,CENT,Central,DF,Day-ahead demand forecast,44345,megawatthours,2026-01-20 17:00:00,44345.0
2026-01-20T17,CENT,Central,NG,Net generation,40808,megawatthours,2026-01-20 17:00:00,40808.0
2026-01-20T17,CENT,Central,TI,Total interchange,893,megawatthours,2026-01-20 17:00:00,893.0
2026-01-20T16,CENT,Central,D,Demand,40626,megawatthours,2026-01-20 16:00:00,40626.0
2026-01-20T16,CENT,Central,DF,Day-ahead demand forecast,46279,megawatthours,2026-01-20 16:00:00,46279.0
2026-01-20T16,CENT,Central,NG,Net generation,41384,megawatthours,2026-01-20 16:00:00,41384.0
2026-01-20T16,CENT,Central,TI,Total interchange,842,megawatthours,2026-01-20 16:00:00,842.0
2026-01-20T15,CENT,Central,D,Demand,42190,megawatthours,2026-01-20 15:00:00,42190.0
2026-01-20T15,CENT,Central,DF,Day-ahead demand forecast,48437,megawatthours,2026-01-20 15:00:00,48437.0
2026-01-20T15,CENT,Central,NG,Net generation,41715,megawatthours,2026-01-20 15:00:00,41715.0
2026-01-20T15,CENT,Central,TI,Total interchange,1245,megawatthours,2026-01-20 15:00:00,1245.0
2026-01-20T14,CENT,Central,D,Demand,42709,megawatthours,2026-01-20 14:00:00,42709.0
2026-01-20T14,CENT,Central,DF,Day-ahead demand forecast,49961,megawatthours,2026-01-20 14:00:00,49961.0
2026-01-20T14,CENT,Central,NG,Net generation,41656,megawatthours,2026-01-20 14:00:00,41656.0
2026-01-20T14,CENT,Central,TI,Total interchange,1319,megawatthours,2026-01-20 14:00:00,1319.0
2026-01-20T13,CENT,Central,D,Demand,41659,megawatthours,2026-01-20 13:00:00,41659.0
2026-01-20T13,CENT,Central,DF,Day-ahead demand forecast,48338,megawatthours,2026-01-20 13:00:00,48338.0
2026-01-20T13,CENT,Central,NG,Net generation,40730,megawatthours,2026-01-20 13:00:00,40730.0
2026-01-20T13,CENT,Central,TI,Total interchange,1331,megawatthours,2026-01-20 13:00:00,1331.0
2026-01-20T12,CENT,Central,D,Demand,39482,megawatthours,2026-01-20 12:00:00,39482.0
2026-01-20T12,CENT,Central,DF,Day-ahead demand forecast,46168,megawatthours,2026-01-20 12:00:00,46168.0
2026-01-20T12,CENT,Central,NG,Net generation,38342,megawatthours,2026-01-20 12:00:00,38342.0
2026-01-20T12,CENT,Central,TI,Total interchange,1228,megawatthours,2026-01-20 12:00:00,1228.0
2026-01-20T11,CENT,Central,D,Demand,38143,megawatthours,2026-01-20 11:00:00,38143.0
2026-01-20T11,CENT,Central,DF,Day-ahead demand forecast,44497,megawatthours,2026-01-20 11:00:00,44497.0
2026-01-20T11,CENT,Central,NG,Net generation,36874,megawatthours,2026-01-20 11:00:00,36874.0
2026-01-20T11,CENT,Central,TI,Total interchange,724,megawatthours,2026-01-20 11:00:00,724.0
2026-01-20T10,CENT,Central,D,Demand,37551,megawatthours,2026-01-20 10:00:00,37551.0
2026-01-20T10,CENT,Central,DF,Day-ahead demand forecast,43926,megawatthours,2026-01-20 10:00:00,43926.0
2026-01-20T10,CENT,Central,NG,Net generation,35917,megawatthours,2026-01-20 10:00:00,35917.0
2026-01-20T10,CENT,Central,TI,Total interchange,624,megawatthours,2026-01-20 10:00:00,624.0
2026-01-20T09,CENT,Central,D,Demand,37271,megawatthours,2026-01-20 09:00:00,37271.0
2026-01-20T09,CENT,Central,DF,Day-ahead demand forecast,43464,megawatthours,2026-01-20 09:00:00,43464.0
2026-01-20T09,CENT,Central,NG,Net generation,35394,megawatthours,2026-01-20 09:00:00,35394.0
2026-01-20T09,CENT,Central,TI,Total interchange,440,megawatthours,2026-01-20 09:00:00,440.0
2026-01-20T08,CENT,Central,D,Demand,37242,megawatthours,2026-01-20 08:00:00,37242.0
2026-01-20T08,CENT,Central,DF,Day-ahead demand forecast,42754,megawatthours,2026-01-20 08:00:00,42754.0
2026-01-20T08,CENT,Central,NG,Net generation,35416,megawatthours,2026-01-20 08:00:00,35416.0
2026-01-20T08,CENT,Central,TI,Total interchange,432,megawatthours,2026-01-20 08:00:00,432.0
2026-01-20T07,CENT,Central,D,Demand,37412,megawatthours,2026-01-20 07:00:00,37412.0
2026-01-20T07,CENT,Central,DF,Day-ahead demand forecast,43352,megawatthours,2026-01-20 07:00:00,43352.0
2026-01-20T07,CENT,Central,NG,Net generation,38633,megawatthours,2026-01-20 07:00:00,38633.0
2026-01-20T07,CENT,Central,TI,Total interchange,425,megawatthours,2026-01-20 07:00:00,425.0
2026-01-20T06,CENT,Central,D,Demand,37916,megawatthours,2026-01-20 06:00:00,37916.0
2026-01-20T06,CENT,Central,DF,Day-ahead demand forecast,44874,megawatthours,2026-01-20 06:00:00,44874.0
2026-01-20T06,CENT,Central,NG,Net generation,38686,megawatthours,2026-01-20 06:00:00,38686.0
2026-01-20T06,CENT,Central,TI,Total interchange,769,megawatthours,2026-01-20 06:00:00,769.0
2026-01-20T05,CENT,Central,D,Demand,38730,megawatthours,2026-01-20 05:00:00,38730.0
2026-01-20T05,CENT,Central,DF,Day-ahead demand forecast,45939,megawatthours,2026-01-20 05:00:00,45939.0
2026-01-20T05,CENT,Central,NG,Net generation,39441,megawatthours,2026-01-20 05:00:00,39441.0
2026-01-20T05,CENT,Central,TI,Total interchange,711,megawatthours,2026-01-20 05:00:00,711.0
2026-01-20T04,CENT,Central,D,Demand,39616,megawatthours,2026-01-20 04:00:00,39616.0
2026-01-20T04,CENT,Central,DF,Day-ahead demand forecast,46729,megawatthours,2026-01-20 04:00:00,46729.0
2026-01-20T04,CENT,Central,NG,Net generation,40407,megawatthours,2026-01-20 04:00:00,40407.0
2026-01-20T04,CENT,Central,TI,Total interchange,790,megawatthours,2026-01-20 04:00:00,790.0
2026-01-20T03,CENT,Central,D,Demand,40221,megawatthours,2026-01-20 03:00:00,40221.0
2026-01-20T03,CENT,Central,DF,Day-ahead demand forecast,47340,megawatthours,2026-01-20 03:00:00,47340.0
2026-01-20T03,CENT,Central,NG,Net generation,40327,megawatthours,2026-01-20 03:00:00,40327.0
2026-01-20T03,CENT,Central,TI,Total interchange,105,megawatthours,2026-01-20 03:00:00,105.0
2026-01-20T02,CENT,Central,D,Demand,40267,megawatthours,2026-01-20 02:00:00,40267.0
2026-01-20T02,CENT,Central,DF,Day-ahead demand forecast,47027,megawatthours,2026-01-20 02:00:00,47027.0
2026-01-20T02,CENT,Central,NG,Net generation,40354,megawatthours,2026-01-20 02:00:00,40354.0
2026-01-20T02,CENT,Central,TI,Total interchange,87,megawatthours,2026-01-20 02:00:00,87.0
2026-01-20T01,CENT,Central,D,Demand,40319,megawatthours,2026-01-20 01:00:00,40319.0
2026-01-20T01,CENT,Central,DF,Day-ahead demand forecast,46240,megawatthours,2026-01-20 01:00:00,46240.0
2026-01-20T01,CENT,Central,NG,Net generation,39917,megawatthours,2026-01-20 01:00:00,39917.0
2026-01-20T01,CENT,Central,TI,Total interchange,-402,megawatthours,2026-01-20 01:00:00,-402.0
2026-01-20T00,CENT,Central,D,Demand,39259,megawatthours,2026-01-20 00:00:00,39259.0
2026-01-20T00,CENT,Central,DF,Day-ahead demand forecast,45233,megawatthours,2026-01-20 00:00:00,45233.0
2026-01-20T00,CENT,Central,NG,Net generation,38343,megawatthours,2026-01-20 00:00:00,38343.0
2026-01-20T00,CENT,Central,TI,Total interchange,-914,megawatthours,2026-01-20 00:00:00,-914.0
2026-01-19T23,CENT,Central,D,Demand,38022,megawatthours,2026-01-19 23:00:00,38022.0
2026-01-19T23,CENT,Central,DF,Day-ahead demand forecast,43319,megawatthours,2026-01-19 23:00:00,43319.0
2026-01-19T23,CENT,Central,NG,Net generation,37479,megawatthours,2026-01-19 23:00:00,37479.0
2026-01-19T23,CENT,Central,TI,Total interchange,-543,megawatthours,2026-01-19 23:00:00,-543.0
2026-01-19T22,CENT,Central,D,Demand,37627,megawatthours,2026-01-19 22:00:00,37627.0
2026-01-19T22,CENT,Central,DF,Day-ahead demand forecast,41628,megawatthours,2026-01-19 22:00:00,41628.0
2026-01-19T22,CENT,Central,NG,Net generation,37391,megawatthours,2026-01-19 22:00:00,37391.0
2026-01-19T22,CENT,Central,TI,Total interchange,-236,megawatthours,2026-01-19 22:00:00,-236.0
2026-01-19T21,CENT,Central,D,Demand,37962,megawatthours,2026-01-19 21:00:00,37962.0
2026-01-19T21,CENT,Central,DF,Day-ahead demand forecast,42516,megawatthours,2026-01-19 21:00:00,42516.0
2026-01-19T21,CENT,Central,NG,Net generation,37537,megawatthours,2026-01-19 21:00:00,37537.0
2026-01-19T21,CENT,Central,TI,Total interchange,-426,megawatthours,2026-01-19 21:00:00,-426.0
2026-01-19T20,CENT,Central,D,Demand,38634,megawatthours,2026-01-19 20:00:00,38634.0
2026-01-19T20,CENT,Central,DF,Day-ahead demand forecast,43006,megawatthours,2026-01-19 20:00:00,43006.0
2026-01-19T20,CENT,Central,NG,Net generation,37941,megawatthours,2026-01-19 20:00:00,37941.0
2026-01-19T20,CENT,Central,TI,Total interchange,-693,megawatthours,2026-01-19 20:00:00,-693.0
2026-01-19T19,CENT,Central,D,Demand,39364,megawatthours,2026-01-19 19:00:00,39364.0
2026-01-19T19,CENT,Central,DF,Day-ahead demand forecast,43972,megawatthours,2026-01-19 19:00:00,43972.0
2026-01-19T19,CENT,Central,NG,Net generation,38403,megawatthours,2026-01-19 19:00:00,38403.0
2026-01-19T19,CENT,Central,TI,Total interchange,-962,megawatthours,2026-01-19 19:00:00,-962.0
2026-01-19T18,CENT,Central,D,Demand,40056,megawatthours,2026-01-19 18:00:00,40056.0
2026-01-19T18,CENT,Central,DF,Day-ahead demand forecast,44749,megawatthours,2026-01-19 18:00:00,44749.0
2026-01-19T18,CENT,Central,NG,Net generation,39233,megawatthours,2026-01-19 18:00:00,39233.0
2026-01-19T18,CENT,Central,TI,Total interchange,-824,megawatthours,2026-01-19 18:00:00,-824.0
2026-01-19T17,CENT,Central,D,Demand,40635,megawatthours,2026-01-19 17:00:00,40635.0
2026-01-19T17,CENT,Central,DF,Day-ahead demand forecast,45515,megawatthours,2026-01-19 17:00:00,45515.0
2026-01-19T17,CENT,Central,NG,Net generation,40575,megawatthours,2026-01-19 17:00:00,40575.0
2026-01-19T17,CENT,Central,TI,Total interchange,-60,megawatthours,2026-01-19 17:00:00,-60.0
2026-01-19T16,CENT,Central,D,Demand,41097,megawatthours,2026-01-19 16:00:00,41097.0
2026-01-19T16,CENT,Central,DF,Day-ahead demand forecast,47594,megawatthours,2026-01-19 16:00:00,47594.0
2026-01-19T16,CENT,Central,NG,Net generation,41478,megawatthours,2026-01-19 16:00:00,41478.0
2026-01-19T16,CENT,Central,TI,Total interchange,382,megawatthours,2026-01-19 16:00:00,382.0
2026-01-19T15,CENT,Central,D,Demand,41170,megawatthours,2026-01-19 15:00:00,41170.0
2026-01-19T15,CENT,Central,DF,Day-ahead demand forecast,48688,megawatthours,2026-01-19 15:00:00,48688.0
2026-01-19T15,CENT,Central,NG,Net generation,41382,megawatthours,2026-01-19 15:00:00,41382.0
2026-01-19T15,CENT,Central,TI,Total interchange,213,megawatthours,2026-01-19 15:00:00,213.0
2026-01-19T14,CENT,Central,D,Demand,40731,megawatthours,2026-01-19 14:00:00,40731.0
2026-01-19T14,CENT,Central,DF,Day-ahead demand forecast,48363,megawatthours,2026-01-19 14:00:00,48363.0
2026-01-19T14,CENT,Central,NG,Net generation,41338,megawatthours,2026-01-19 14:00:00,41338.0
2026-01-19T14,CENT,Central,TI,Total interchange,608,megawatthours,2026-01-19 14:00:00,608.0
2026-01-19T13,CENT,Central,D,Demand,39336,megawatthours,2026-01-19 13:00:00,39336.0
2026-01-19T13,CENT,Central,DF,Day-ahead demand forecast,46837,megawatthours,2026-01-19 13:00:00,46837.0
2026-01-19T13,CENT,Central,NG,Net generation,40244,megawatthours,2026-01-19 13:00:00,40244.0
2026-01-19T13,CENT,Central,TI,Total interchange,908,megawatthours,2026-01-19 13:00:00,908.0
2026-01-19T12,CENT,Central,D,Demand,37669,megawatthours,2026-01-19 12:00:00,37669.0
2026-01-19T12,CENT,Central,DF,Day-ahead demand forecast,44395,megawatthours,2026-01-19 12:00:00,44395.0
2026-01-19T12,CENT,Central,NG,Net generation,37526,megawatthours,2026-01-19 12:00:00,37526.0
2026-01-19T12,CENT,Central,TI,Total interchange,-142,megawatthours,2026-01-19 12:00:00,-142.0
2026-01-19T11,CENT,Central,D,Demand,36485,megawatthours,2026-01-19 11:00:00,36485.0
2026-01-19T11,CENT,Central,DF,Day-ahead demand forecast,42930,megawatthours,2026-01-19 11:00:00,42930.0
2026-01-19T11,CENT,Central,NG,Net generation,36172,megawatthours,2026-01-19 11:00:00,36172.0
2026-01-19T11,CENT,Central,TI,Total interchange,-313,megawatthours,2026-01-19 11:00:00,-313.0
2026-01-19T10,CENT,Central,D,Demand,35707,megawatthours,2026-01-19 10:00:00,35707.0
2026-01-19T10,CENT,Central,DF,Day-ahead demand forecast,41910,megawatthours,2026-01-19 10:00:00,41910.0
2026-01-19T10,CENT,Central,NG,Net generation,35304,megawatthours,2026-01-19 10:00:00,35304.0
2026-01-19T10,CENT,Central,TI,Total interchange,-403,megawatthours,2026-01-19 10:00:00,-403.0
2026-01-19T09,CENT,Central,D,Demand,35414,megawatthours,2026-01-19 09:00:00,35414.0
2026-01-19T09,CENT,Central,DF,Day-ahead demand forecast,41428,megawatthours,2026-01-19 09:00:00,41428.0
2026-01-19T09,CENT,Central,NG,Net generation,34967,megawatthours,2026-01-19 09:00:00,34967.0
2026-01-19T09,CENT,Central,TI,Total interchange,-447,megawatthours,2026-01-19 09:00:00,-447.0
2026-01-19T08,CENT,Central,D,Demand,35220,megawatthours,2026-01-19 08:00:00,35220.0
2026-01-19T08,CENT,Central,DF,Day-ahead demand forecast,41037,megawatthours,2026-01-19 08:00:00,41037.0
2026-01-19T08,CENT,Central,NG,Net generation,34991,megawatthours,2026-01-19 08:00:00,34991.0
2026-01-19T08,CENT,Central,TI,Total interchange,-229,megawatthours,2026-01-19 08:00:00,-229.0
2026-01-19T07,CENT,Central,D,Demand,35154,megawatthours,2026-01-19 07:00:00,35154.0
2026-01-19T07,CENT,Central,DF,Day-ahead demand forecast,40433,megawatthours,2026-01-19 07:00:00,40433.0
2026-01-19T07,CENT,Central,NG,Net generation,34906,megawatthours,2026-01-19 07:00:00,34906.0
2026-01-19T07,CENT,Central,TI,Total interchange,-247,megawatthours,2026-01-19 07:00:00,-247.0
2026-01-19T06,CENT,Central,D,Demand,35407,megawatthours,2026-01-19 06:00:00,35407.0
2026-01-19T06,CENT,Central,DF,Day-ahead demand forecast,34917,megawatthours,2026-01-19 06:00:00,34917.0
2026-01-19T06,CENT,Central,NG,Net generation,35471,megawatthours,2026-01-19 06:00:00,35471.0
2026-01-19T06,CENT,Central,TI,Total interchange,64,megawatthours,2026-01-19 06:00:00,64.0
2026-01-19T05,CENT,Central,D,Demand,35815,megawatthours,2026-01-19 05:00:00,35815.0
2026-01-19T05,CENT,Central,DF,Day-ahead demand forecast,35601,megawatthours,2026-01-19 05:00:00,35601.0
2026-01-19T05,CENT,Central,NG,Net generation,35650,megawatthours,2026-01-19 05:00:00,35650.0
2026-01-19T05,CENT,Central,TI,Total interchange,-165,megawatthours,2026-01-19 05:00:00,-165.0
2026-01-19T04,CENT,Central,D,Demand,36422,megawatthours,2026-01-19 04:00:00,36422.0
2026-01-19T04,CENT,Central,DF,Day-ahead demand forecast,36357,megawatthours,2026-01-19 04:00:00,36357.0
2026-01-19T04,CENT,Central,NG,Net generation,36147,megawatthours,2026-01-19 04:00:00,36147.0
2026-01-19T04,CENT,Central,TI,Total interchange,-276,megawatthours,2026-01-19 04:00:00,-276.0
2026-01-19T03,CENT,Central,D,Demand,36760,megawatthours,2026-01-19 03:00:00,36760.0
2026-01-19T03,CENT,Central,DF,Day-ahead demand forecast,36634,megawatthours,2026-01-19 03:00:00,36634.0
2026-01-19T03,CENT,Central,NG,Net generation,36081,megawatthours,2026-01-19 03:00:00,36081.0
2026-01-19T03,CENT,Central,TI,Total interchange,-679,megawatthours,2026-01-19 03:00:00,-679.0
2026-01-19T02,CENT,Central,D,Demand,36822,megawatthours,2026-01-19 02:00:00,36822.0
2026-01-19T02,CENT,Central,DF,Day-ahead demand forecast,36572,megawatthours,2026-01-19 02:00:00,36572.0
2026-01-19T02,CENT,Central,NG,Net generation,36555,megawatthours,2026-01-19 02:00:00,36555.0
2026-01-19T02,CENT,Central,TI,Total interchange,-267,megawatthours,2026-01-19 02:00:00,-267.0
2026-01-19T01,CENT,Central,D,Demand,36653,megawatthours,2026-01-19 01:00:00,36653.0
2026-01-19T01,CENT,Central,DF,Day-ahead demand forecast,36159,megawatthours,2026-01-19 01:00:00,36159.0
2026-01-19T01,CENT,Central,NG,Net generation,36008,megawatthours,2026-01-19 01:00:00,36008.0
2026-01-19T01,CENT,Central,TI,Total interchange,-645,megawatthours,2026-01-19 01:00:00,-645.0
2026-01-19T00,CENT,Central,D,Demand,35657,megawatthours,2026-01-19 00:00:00,35657.0
2026-01-19T00,CENT,Central,DF,Day-ahead demand forecast,34953,megawatthours,2026-01-19 00:00:00,34953.0
2026-01-19T00,CENT,Central,NG,Net generation,34496,megawatthours,2026-01-19 00:00:00,34496.0
2026-01-19T00,CENT,Central,TI,Total interchange,-1160,megawatthours,2026-01-19 00:00:00,-1160.0
2026-01-18T23,CENT,Central,D,Demand,34349,megawatthours,2026-01-18 23:00:00,34349.0
2026-01-18T23,CENT,Central,DF,Day-ahead demand forecast,33461,megawatthours,2026-01-18 23:00:00,33461.0
2026-01-18T23,CENT,Central,NG,Net generation,33002,megawatthours,2026-01-18 23:00:00,33002.0
2026-01-18T23,CENT,Central,TI,Total interchange,-1348,megawatthours,2026-01-18 23:00:00,-1348.0
2026-01-18T22,CENT,Central,D,Demand,33982,megawatthours,2026-01-18 22:00:00,33982.0
2026-01-18T22,CENT,Central,DF,Day-ahead demand forecast,32872,megawatthours,2026-01-18 22:00:00,32872.0
2026-01-18T22,CENT,Central,NG,Net generation,32571,megawatthours,2026-01-18 22:00:00,32571.0
2026-01-18T22,CENT,Central,TI,Total interchange,-1412,megawatthours,2026-01-18 22:00:00,-1412.0
2026-01-18T21,CENT,Central,D,Demand,34395,megawatthours,2026-01-18 21:00:00,34395.0
2026-01-18T21,CENT,Central,DF,Day-ahead demand forecast,33002,megawatthours,2026-01-18 21:00:00,33002.0
2026-01-18T21,CENT,Central,NG,Net generation,33416,megawatthours,2026-01-18 21:00:00,33416.0
2026-01-18T21,CENT,Central,TI,Total interchange,-979,megawatthours,2026-01-18 21:00:00,-979.0
2026-01-18T20,CENT,Central,D,Demand,35097,megawatthours,2026-01-18 20:00:00,35097.0
2026-01-18T20,CENT,Central,DF,Day-ahead demand forecast,33668,megawatthours,2026-01-18 20:00:00,33668.0
2026-01-18T20,CENT,Central,NG,Net generation,34533,megawatthours,2026-01-18 20:00:00,34533.0
2026-01-18T20,CENT,Central,TI,Total interchange,-565,megawatthours,2026-01-18 20:00:00,-565.0
2026-01-18T19,CENT,Central,D,Demand,36048,megawatthours,2026-01-18 19:00:00,36048.0
2026-01-18T19,CENT,Central,DF,Day-ahead demand forecast,34654,megawatthours,2026-01-18 19:00:00,34654.0
2026-01-18T19,CENT,Central,NG,Net generation,35386,megawatthours,2026-01-18 19:00:00,35386.0
2026-01-18T19,CENT,Central,TI,Total interchange,-662,megawatthours,2026-01-18 19:00:00,-662.0
2026-01-18T18,CENT,Central,D,Demand,36988,megawatthours,2026-01-18 18:00:00,36988.0
2026-01-18T18,CENT,Central,DF,Day-ahead demand forecast,35708,megawatthours,2026-01-18 18:00:00,35708.0
2026-01-18T18,CENT,Central,NG,Net generation,35942,megawatthours,2026-01-18 18:00:00,35942.0
2026-01-18T18,CENT,Central,TI,Total interchange,-1046,megawatthours,2026-01-18 18:00:00,-1046.0
2026-01-18T17,CENT,Central,D,Demand,38051,megawatthours,2026-01-18 17:00:00,38051.0
2026-01-18T17,CENT,Central,DF,Day-ahead demand forecast,36880,megawatthours,2026-01-18 17:00:00,36880.0
2026-01-18T17,CENT,Central,NG,Net generation,37399,megawatthours,2026-01-18 17:00:00,37399.0
2026-01-18T17,CENT,Central,TI,Total interchange,-653,megawatthours,2026-01-18 17:00:00,-653.0
2026-01-18T16,CENT,Central,D,Demand,39170,megawatthours,2026-01-18 16:00:00,39170.0
2026-01-18T16,CENT,Central,DF,Day-ahead demand forecast,38189,megawatthours,2026-01-18 16:00:00,38189.0
2026-01-18T16,CENT,Central,NG,Net generation,39561,megawatthours,2026-01-18 16:00:00,39561.0
2026-01-18T16,CENT,Central,TI,Total interchange,390,megawatthours,2026-01-18 16:00:00,390.0
2026-01-18T15,CENT,Central,D,Demand,39913,megawatthours,2026-01-18 15:00:00,39913.0
2026-01-18T15,CENT,Central,DF,Day-ahead demand forecast,39229,megawatthours,2026-01-18 15:00:00,39229.0
2026-01-18T15,CENT,Central,NG,Net generation,41043,megawatthours,2026-01-18 15:00:00,41043.0
2026-01-18T15,CENT,Central,TI,Total interchange,1130,megawatthours,2026-01-18 15:00:00,1130.0
2026-01-18T14,CENT,Central,D,Demand,39862,megawatthours,2026-01-18 14:00:00,39862.0
2026-01-18T14,CENT,Central,DF,Day-ahead demand forecast,39234,megawatthours,2026-01-18 14:00:00,39234.0
2026-01-18T14,CENT,Central,NG,Net generation,40963,megawatthours,2026-01-18 14:00:00,40963.0
2026-01-18T14,CENT,Central,TI,Total interchange,1101,megawatthours,2026-01-18 14:00:00,1101.0
2026-01-18T13,CENT,Central,D,Demand,39139,megawatthours,2026-01-18 13:00:00,39139.0
2026-01-18T13,CENT,Central,DF,Day-ahead demand forecast,38550,megawatthours,2026-01-18 13:00:00,38550.0
2026-01-18T13,CENT,Central,NG,Net generation,40557,megawatthours,2026-01-18 13:00:00,40557.0
2026-01-18T13,CENT,Central,TI,Total interchange,1419,megawatthours,2026-01-18 13:00:00,1419.0
2026-01-18T12,CENT,Central,D,Demand,38497,megawatthours,2026-01-18 12:00:00,38497.0
2026-01-18T12,CENT,Central,DF,Day-ahead demand forecast,37796,megawatthours,2026-01-18 12:00:00,37796.0
2026-01-18T12,CENT,Central,NG,Net generation,39859,megawatthours,2026-01-18 12:00:00,39859.0
2026-01-18T12,CENT,Central,TI,Total interchange,1363,megawatthours,2026-01-18 12:00:00,1363.0
2026-01-18T11,CENT,Central,D,Demand,38106,megawatthours,2026-01-18 11:00:00,38106.0
2026-01-18T11,CENT,Central,DF,Day-ahead demand forecast,37405,megawatthours,2026-01-18 11:00:00,37405.0
2026-01-18T11,CENT,Central,NG,Net generation,39515,megawatthours,2026-01-18 11:00:00,39515.0
2026-01-18T11,CENT,Central,TI,Total interchange,1410,megawatthours,2026-01-18 11:00:00,1410.0
2026-01-18T10,CENT,Central,D,Demand,37854,megawatthours,2026-01-18 10:00:00,37854.0
2026-01-18T10,CENT,Central,DF,Day-ahead demand forecast,37108,megawatthours,2026-01-18 10:00:00,37108.0
2026-01-18T10,CENT,Central,NG,Net generation,39467,megawatthours,2026-01-18 10:00:00,39467.0
2026-01-18T10,CENT,Central,TI,Total interchange,1613,megawatthours,2026-01-18 10:00:00,1613.0
2026-01-18T09,CENT,Central,D,Demand,37807,megawatthours,2026-01-18 09:00:00,37807.0
2026-01-18T09,CENT,Central,DF,Day-ahead demand forecast,37003,megawatthours,2026-01-18 09:00:00,37003.0
2026-01-18T09,CENT,Central,NG,Net generation,39107,megawatthours,2026-01-18 09:00:00,39107.0
2026-01-18T09,CENT,Central,TI,Total interchange,1300,megawatthours,2026-01-18 09:00:00,1300.0
2026-01-18T08,CENT,Central,D,Demand,37832,megawatthours,2026-01-18 08:00:00,37832.0
2026-01-18T08,CENT,Central,DF,Day-ahead demand forecast,37090,megawatthours,2026-01-18 08:00:00,37090.0
2026-01-18T08,CENT,Central,NG,Net generation,38995,megawatthours,2026-01-18 08:00:00,38995.0
2026-01-18T08,CENT,Central,TI,Total interchange,1163,megawatthours,2026-01-18 08:00:00,1163.0
2026-01-18T07,CENT,Central,D,Demand,37982,megawatthours,2026-01-18 07:00:00,37982.0
2026-01-18T07,CENT,Central,DF,Day-ahead demand forecast,37337,megawatthours,2026-01-18 07:00:00,37337.0
2026-01-18T07,CENT,Central,NG,Net generation,39071,megawatthours,2026-01-18 07:00:00,39071.0
2026-01-18T07,CENT,Central,TI,Total interchange,1089,megawatthours,2026-01-18 07:00:00,1089.0
2026-01-18T06,CENT,Central,D,Demand,38341,megawatthours,2026-01-18 06:00:00,38341.0
2026-01-18T06,CENT,Central,DF,Day-ahead demand forecast,45904,megawatthours,2026-01-18 06:00:00,45904.0
2026-01-18T06,CENT,Central,NG,Net generation,38608,megawatthours,2026-01-18 06:00:00,38608.0
2026-01-18T06,CENT,Central,TI,Total interchange,267,megawatthours,2026-01-18 06:00:00,267.0
2026-01-18T05,CENT,Central,D,Demand,39030,megawatthours,2026-01-18 05:00:00,39030.0
2026-01-18T05,CENT,Central,DF,Day-ahead demand forecast,46933,megawatthours,2026-01-18 05:00:00,46933.0
2026-01-18T05,CENT,Central,NG,Net generation,38614,megawatthours,2026-01-18 05:00:00,38614.0
2026-01-18T05,CENT,Central,TI,Total interchange,-416,megawatthours,2026-01-18 05:00:00,-416.0
2026-01-18T04,CENT,Central,D,Demand,39582,megawatthours,2026-01-18 04:00:00,39582.0
2026-01-18T04,CENT,Central,DF,Day-ahead demand forecast,47159,megawatthours,2026-01-18 04:00:00,47159.0
2026-01-18T04,CENT,Central,NG,Net generation,38809,megawatthours,2026-01-18 04:00:00,38809.0
2026-01-18T04,CENT,Central,TI,Total interchange,-774,megawatthours,2026-01-18 04:00:00,-774.0
2026-01-18T03,CENT,Central,D,Demand,39916,megawatthours,2026-01-18 03:00:00,39916.0
2026-01-18T03,CENT,Central,DF,Day-ahead demand forecast,47682,megawatthours,2026-01-18 03:00:00,47682.0
2026-01-18T03,CENT,Central,NG,Net generation,38307,megawatthours,2026-01-18 03:00:00,38307.0
2026-01-18T03,CENT,Central,TI,Total interchange,-1609,megawatthours,2026-01-18 03:00:00,-1609.0
2026-01-18T02,CENT,Central,D,Demand,39992,megawatthours,2026-01-18 02:00:00,39992.0
2026-01-18T02,CENT,Central,DF,Day-ahead demand forecast,47298,megawatthours,2026-01-18 02:00:00,47298.0
2026-01-18T02,CENT,Central,NG,Net generation,37814,megawatthours,2026-01-18 02:00:00,37814.0
2026-01-18T02,CENT,Central,TI,Total interchange,-2178,megawatthours,2026-01-18 02:00:00,-2178.0
2026-01-18T01,CENT,Central,D,Demand,39995,megawatthours,2026-01-18 01:00:00,39995.0
2026-01-18T01,CENT,Central,DF,Day-ahead demand forecast,46563,megawatthours,2026-01-18 01:00:00,46563.0
2026-01-18T01,CENT,Central,NG,Net generation,38454,megawatthours,2026-01-18 01:00:00,38454.0
2026-01-18T01,CENT,Central,TI,Total interchange,-1541,megawatthours,2026-01-18 01:00:00,-1541.0
2026-01-18T00,CENT,Central,D,Demand,39224,megawatthours,2026-01-18 00:00:00,39224.0
2026-01-18T00,CENT,Central,DF,Day-ahead demand forecast,44823,megawatthours,2026-01-18 00:00:00,44823.0
2026-01-18T00,CENT,Central,NG,Net generation,38536,megawatthours,2026-01-18 00:00:00,38536.0
2026-01-18T00,CENT,Central,TI,Total interchange,-687,megawatthours,2026-01-18 00:00:00,-687.0
2026-01-17T23,CENT,Central,D,Demand,37931,megawatthours,2026-01-17 23:00:00,37931.0
2026-01-17T23,CENT,Central,DF,Day-ahead demand forecast,42496,megawatthours,2026-01-17 23:00:00,42496.0
2026-01-17T23,CENT,Central,NG,Net generation,37681,megawatthours,2026-01-17 23:00:00,37681.0
2026-01-17T23,CENT,Central,TI,Total interchange,-249,megawatthours,2026-01-17 23:00:00,-249.0
2026-01-17T22,CENT,Central,D,Demand,37367,megawatthours,2026-01-17 22:00:00,37367.0
2026-01-17T22,CENT,Central,DF,Day-ahead demand forecast,41698,megawatthours,2026-01-17 22:00:00,41698.0
2026-01-17T22,CENT,Central,NG,Net generation,36136,megawatthours,2026-01-17 22:00:00,36136.0
2026-01-17T22,CENT,Central,TI,Total interchange,-1230,megawatthours,2026-01-17 22:00:00,-1230.0
2026-01-17T21,CENT,Central,D,Demand,37388,megawatthours,2026-01-17 21:00:00,37388.0
2026-01-17T21,CENT,Central,DF,Day-ahead demand forecast,41518,megawatthours,2026-01-17 21:00:00,41518.0
2026-01-17T21,CENT,Central,NG,Net generation,36016,megawatthours,2026-01-17 21:00:00,36016.0
2026-01-17T21,CENT,Central,TI,Total interchange,-1372,megawatthours,2026-01-17 21:00:00,-1372.0
2026-01-17T20,CENT,Central,D,Demand,37639,megawatthours,2026-01-17 20:00:00,37639.0
2026-01-17T20,CENT,Central,DF,Day-ahead demand forecast,41850,megawatthours,2026-01-17 20:00:00,41850.0
2026-01-17T20,CENT,Central,NG,Net generation,36868,megawatthours,2026-01-17 20:00:00,36868.0
2026-01-17T20,CENT,Central,TI,Total interchange,-771,megawatthours,2026-01-17 20:00:00,-771.0
2026-01-17T19,CENT,Central,D,Demand,38091,megawatthours,2026-01-17 19:00:00,38091.0
2026-01-17T19,CENT,Central,DF,Day-ahead demand forecast,42622,megawatthours,2026-01-17 19:00:00,42622.0
2026-01-17T19,CENT,Central,NG,Net generation,37178,megawatthours,2026-01-17 19:00:00,37178.0
2026-01-17T19,CENT,Central,TI,Total interchange,-913,megawatthours,2026-01-17 19:00:00,-913.0
2026-01-17T18,CENT,Central,D,Demand,38619,megawatthours,2026-01-17 18:00:00,38619.0
2026-01-17T18,CENT,Central,DF,Day-ahead demand forecast,43348,megawatthours,2026-01-17 18:00:00,43348.0
2026-01-17T18,CENT,Central,NG,Net generation,37634,megawatthours,2026-01-17 18:00:00,37634.0
2026-01-17T18,CENT,Central,TI,Total interchange,-985,megawatthours,2026-01-17 18:00:00,-985.0
2026-01-17T17,CENT,Central,D,Demand,39060,megawatthours,2026-01-17 17:00:00,39060.0
2026-01-17T17,CENT,Central,DF,Day-ahead demand forecast,43901,megawatthours,2026-01-17 17:00:00,43901.0
2026-01-17T17,CENT,Central,NG,Net generation,38633,megawatthours,2026-01-17 17:00:00,38633.0
2026-01-17T17,CENT,Central,TI,Total interchange,-428,megawatthours,2026-01-17 17:00:00,-428.0
2026-01-17T16,CENT,Central,D,Demand,39237,megawatthours,2026-01-17 16:00:00,39237.0
2026-01-17T16,CENT,Central,DF,Day-ahead demand forecast,44865,megawatthours,2026-01-17 16:00:00,44865.0
2026-01-17T16,CENT,Central,NG,Net generation,38749,megawatthours,2026-01-17 16:00:00,38749.0
2026-01-17T16,CENT,Central,TI,Total interchange,-489,megawatthours,2026-01-17 16:00:00,-489.0
2026-01-17T15,CENT,Central,D,Demand,39044,megawatthours,2026-01-17 15:00:00,39044.0
2026-01-17T15,CENT,Central,DF,Day-ahead demand forecast,45803,megawatthours,2026-01-17 15:00:00,45803.0
2026-01-17T15,CENT,Central,NG,Net generation,38549,megawatthours,2026-01-17 15:00:00,38549.0
2026-01-17T15,CENT,Central,TI,Total interchange,-495,megawatthours,2026-01-17 15:00:00,-495.0
2026-01-17T14,CENT,Central,D,Demand,38314,megawatthours,2026-01-17 14:00:00,38314.0
2026-01-17T14,CENT,Central,DF,Day-ahead demand forecast,45531,megawatthours,2026-01-17 14:00:00,45531.0
2026-01-17T14,CENT,Central,NG,Net generation,37529,megawatthours,2026-01-17 14:00:00,37529.0
2026-01-17T14,CENT,Central,TI,Total interchange,-784,megawatthours,2026-01-17 14:00:00,-784.0
2026-01-17T13,CENT,Central,D,Demand,37198,megawatthours,2026-01-17 13:00:00,37198.0
2026-01-17T13,CENT,Central,DF,Day-ahead demand forecast,43730,megawatthours,2026-01-17 13:00:00,43730.0
2026-01-17T13,CENT,Central,NG,Net generation,35322,megawatthours,2026-01-17 13:00:00,35322.0
2026-01-17T13,CENT,Central,TI,Total interchange,-1875,megawatthours,2026-01-17 13:00:00,-1875.0
2026-01-17T12,CENT,Central,D,Demand,36185,megawatthours,2026-01-17 12:00:00,36185.0
2026-01-17T12,CENT,Central,DF,Day-ahead demand forecast,42359,megawatthours,2026-01-17 12:00:00,42359.0
2026-01-17T12,CENT,Central,NG,Net generation,33214,megawatthours,2026-01-17 12:00:00,33214.0
2026-01-17T12,CENT,Central,TI,Total interchange,-2971,megawatthours,2026-01-17 12:00:00,-2971.0
2026-01-17T11,CENT,Central,D,Demand,35342,megawatthours,2026-01-17 11:00:00,35342.0
2026-01-17T11,CENT,Central,DF,Day-ahead demand forecast,40943,megawatthours,2026-01-17 11:00:00,40943.0
2026-01-17T11,CENT,Central,NG,Net generation,32537,megawatthours,2026-01-17 11:00:00,32537.0
2026-01-17T11,CENT,Central,TI,Total interchange,-2805,megawatthours,2026-01-17 11:00:00,-2805.0
2026-01-17T10,CENT,Central,D,Demand,34883,megawatthours,2026-01-17 10:00:00,34883.0
2026-01-17T10,CENT,Central,DF,Day-ahead demand forecast,40358,megawatthours,2026-01-17 10:00:00,40358.0
2026-01-17T10,CENT,Central,NG,Net generation,33104,megawatthours,2026-01-17 10:00:00,33104.0
2026-01-17T10,CENT,Central,TI,Total interchange,-1779,megawatthours,2026-01-17 10:00:00,-1779.0
2026-01-17T09,CENT,Central,D,Demand,34730,megawatthours,2026-01-17 09:00:00,34730.0
2026-01-17T09,CENT,Central,DF,Day-ahead demand forecast,39948,megawatthours,2026-01-17 09:00:00,39948.0
2026-01-17T09,CENT,Central,NG,Net generation,34316,megawatthours,2026-01-17 09:00:00,34316.0
2026-01-17T09,CENT,Central,TI,Total interchange,-414,megawatthours,2026-01-17 09:00:00,-414.0
2026-01-17T08,CENT,Central,D,Demand,34650,megawatthours,2026-01-17 08:00:00,34650.0
2026-01-17T08,CENT,Central,DF,Day-ahead demand forecast,39075,megawatthours,2026-01-17 08:00:00,39075.0
2026-01-17T08,CENT,Central,NG,Net generation,34214,megawatthours,2026-01-17 08:00:00,34214.0
2026-01-17T08,CENT,Central,TI,Total interchange,-436,megawatthours,2026-01-17 08:00:00,-436.0
2026-01-17T07,CENT,Central,D,Demand,34771,megawatthours,2026-01-17 07:00:00,34771.0
2026-01-17T07,CENT,Central,DF,Day-ahead demand forecast,39154,megawatthours,2026-01-17 07:00:00,39154.0
2026-01-17T07,CENT,Central,NG,Net generation,34306,megawatthours,2026-01-17 07:00:00,34306.0
2026-01-17T07,CENT,Central,TI,Total interchange,-465,megawatthours,2026-01-17 07:00:00,-465.0
2026-01-17T06,CENT,Central,D,Demand,32282,megawatthours,2026-01-17 06:00:00,32282.0
2026-01-17T06,CENT,Central,DF,Day-ahead demand forecast,41034,megawatthours,2026-01-17 06:00:00,41034.0
2026-01-17T06,CENT,Central,NG,Net generation,31059,megawatthours,2026-01-17 06:00:00,31059.0
2026-01-17T06,CENT,Central,TI,Total interchange,-1169,megawatthours,2026-01-17 06:00:00,-1169.0
2026-01-17T05,CENT,Central,D,Demand,32274,megawatthours,2026-01-17 05:00:00,32274.0
2026-01-17T05,CENT,Central,DF,Day-ahead demand forecast,41695,megawatthours,2026-01-17 05:00:00,41695.0
2026-01-17T05,CENT,Central,NG,Net generation,31058,megawatthours,2026-01-17 05:00:00,31058.0
2026-01-17T05,CENT,Central,TI,Total interchange,-1162,megawatthours,2026-01-17 05:00:00,-1162.0
2026-01-17T04,CENT,Central,D,Demand,32277,megawatthours,2026-01-17 04:00:00,32277.0
2026-01-17T04,CENT,Central,DF,Day-ahead demand forecast,42148,megawatthours,2026-01-17 04:00:00,42148.0
2026-01-17T04,CENT,Central,NG,Net generation,31073,megawatthours,2026-01-17 04:00:00,31073.0
2026-01-17T04,CENT,Central,TI,Total interchange,-1150,megawatthours,2026-01-17 04:00:00,-1150.0
2026-01-17T03,CENT,Central,D,Demand,32284,megawatthours,2026-01-17 03:00:00,32284.0
2026-01-17T03,CENT,Central,DF,Day-ahead demand forecast,42437,megawatthours,2026-01-17 03:00:00,42437.0
2026-01-17T03,CENT,Central,NG,Net generation,31120,megawatthours,2026-01-17 03:00:00,31120.0
2026-01-17T03,CENT,Central,TI,Total interchange,-1110,megawatthours,2026-01-17 03:00:00,-1110.0
2026-01-17T02,CENT,Central,D,Demand,32276,megawatthours,2026-01-17 02:00:00,32276.0
2026-01-17T02,CENT,Central,DF,Day-ahead demand forecast,41305,megawatthours,2026-01-17 02:00:00,41305.0
2026-01-17T02,CENT,Central,NG,Net generation,31355,megawatthours,2026-01-17 02:00:00,31355.0
2026-01-17T02,CENT,Central,TI,Total interchange,-867,megawatthours,2026-01-17 02:00:00,-867.0
2026-01-17T01,CENT,Central,D,Demand,32271,megawatthours,2026-01-17 01:00:00,32271.0
2026-01-17T01,CENT,Central,DF,Day-ahead demand forecast,40874,megawatthours,2026-01-17 01:00:00,40874.0
2026-01-17T01,CENT,Central,NG,Net generation,31583,megawatthours,2026-01-17 01:00:00,31583.0
2026-01-17T01,CENT,Central,TI,Total interchange,-634,megawatthours,2026-01-17 01:00:00,-634.0
2026-01-17T00,CENT,Central,D,Demand,32276,megawatthours,2026-01-17 00:00:00,32276.0
2026-01-17T00,CENT,Central,DF,Day-ahead demand forecast,39437,megawatthours,2026-01-17 00:00:00,39437.0
2026-01-17T00,CENT,Central,NG,Net generation,31477,megawatthours,2026-01-17 00:00:00,31477.0
2026-01-17T00,CENT,Central,TI,Total interchange,-745,megawatthours,2026-01-17 00:00:00,-745.0
2026-01-16T23,CENT,Central,D,Demand,32290,megawatthours,2026-01-16 23:00:00,32290.0
2026-01-16T23,CENT,Central,DF,Day-ahead demand forecast,37826,megawatthours,2026-01-16 23:00:00,37826.0
2026-01-16T23,CENT,Central,NG,Net generation,31270,megawatthours,2026-01-16 23:00:00,31270.0
2026-01-16T23,CENT,Central,TI,Total interchange,-966,megawatthours,2026-01-16 23:00:00,-966.0
2026-01-16T22,CENT,Central,D,Demand,32284,megawatthours,2026-01-16 22:00:00,32284.0
2026-01-16T22,CENT,Central,DF,Day-ahead demand forecast,37286,megawatthours,2026-01-16 22:00:00,37286.0
2026-01-16T22,CENT,Central,NG,Net generation,31216,megawatthours,2026-01-16 22:00:00,31216.0
2026-01-16T22,CENT,Central,TI,Total interchange,-1014,megawatthours,2026-01-16 22:00:00,-1014.0
2026-01-16T21,CENT,Central,D,Demand,32280,megawatthours,2026-01-16 21:00:00,32280.0
2026-01-16T21,CENT,Central,DF,Day-ahead demand forecast,37311,megawatthours,2026-01-16 21:00:00,37311.0
2026-01-16T21,CENT,Central,NG,Net generation,31109,megawatthours,2026-01-16 21:00:00,31109.0
2026-01-16T21,CENT,Central,TI,Total interchange,-1117,megawatthours,2026-01-16 21:00:00,-1117.0
2026-01-16T20,CENT,Central,D,Demand,32280,megawatthours,2026-01-16 20:00:00,32280.0
2026-01-16T20,CENT,Central,DF,Day-ahead demand forecast,37714,megawatthours,2026-01-16 20:00:00,37714.0
2026-01-16T20,CENT,Central,NG,Net generation,31102,megawatthours,2026-01-16 20:00:00,31102.0
2026-01-16T20,CENT,Central,TI,Total interchange,-1124,megawatthours,2026-01-16 20:00:00,-1124.0
2026-01-16T19,CENT,Central,D,Demand,32283,megawatthours,2026-01-16 19:00:00,32283.0
2026-01-16T19,CENT,Central,DF,Day-ahead demand forecast,38196,megawatthours,2026-01-16 19:00:00,38196.0
2026-01-16T19,CENT,Central,NG,Net generation,31144,megawatthours,2026-01-16 19:00:00,31144.0
2026-01-16T19,CENT,Central,TI,Total interchange,-1085,megawatthours,2026-01-16 19:00:00,-1085.0
2026-01-16T18,CENT,Central,D,Demand,32286,megawatthours,2026-01-16 18:00:00,32286.0
2026-01-16T18,CENT,Central,DF,Day-ahead demand forecast,38955,megawatthours,2026-01-16 18:00:00,38955.0
2026-01-16T18,CENT,Central,NG,Net generation,31147,megawatthours,2026-01-16 18:00:00,31147.0
2026-01-16T18,CENT,Central,TI,Total interchange,-1085,megawatthours,2026-01-16 18:00:00,-1085.0
2026-01-16T17,CENT,Central,D,Demand,32271,megawatthours,2026-01-16 17:00:00,32271.0
2026-01-16T17,CENT,Central,DF,Day-ahead demand forecast,39537,megawatthours,2026-01-16 17:00:00,39537.0
2026-01-16T17,CENT,Central,NG,Net generation,31184,megawatthours,2026-01-16 17:00:00,31184.0
2026-01-16T17,CENT,Central,TI,Total interchange,-1033,megawatthours,2026-01-16 17:00:00,-1033.0
2026-01-16T16,CENT,Central,D,Demand,32281,megawatthours,2026-01-16 16:00:00,32281.0
2026-01-16T16,CENT,Central,DF,Day-ahead demand forecast,40055,megawatthours,2026-01-16 16:00:00,40055.0
2026-01-16T16,CENT,Central,NG,Net generation,31223,megawatthours,2026-01-16 16:00:00,31223.0
2026-01-16T16,CENT,Central,TI,Total interchange,-1004,megawatthours,2026-01-16 16:00:00,-1004.0
2026-01-16T15,CENT,Central,D,Demand,32276,megawatthours,2026-01-16 15:00:00,32276.0
2026-01-16T15,CENT,Central,DF,Day-ahead demand forecast,41168,megawatthours,2026-01-16 15:00:00,41168.0
2026-01-16T15,CENT,Central,NG,Net generation,31439,megawatthours,2026-01-16 15:00:00,31439.0
2026-01-16T15,CENT,Central,TI,Total interchange,-783,megawatthours,2026-01-16 15:00:00,-783.0
2026-01-16T14,CENT,Central,D,Demand,32273,megawatthours,2026-01-16 14:00:00,32273.0
2026-01-16T14,CENT,Central,DF,Day-ahead demand forecast,41161,megawatthours,2026-01-16 14:00:00,41161.0
2026-01-16T14,CENT,Central,NG,Net generation,31806,megawatthours,2026-01-16 14:00:00,31806.0
2026-01-16T14,CENT,Central,TI,Total interchange,-413,megawatthours,2026-01-16 14:00:00,-413.0
2026-01-16T13,CENT,Central,D,Demand,32280,megawatthours,2026-01-16 13:00:00,32280.0
2026-01-16T13,CENT,Central,DF,Day-ahead demand forecast,39808,megawatthours,2026-01-16 13:00:00,39808.0
2026-01-16T13,CENT,Central,NG,Net generation,31872,megawatthours,2026-01-16 13:00:00,31872.0
2026-01-16T13,CENT,Central,TI,Total interchange,-354,megawatthours,2026-01-16 13:00:00,-354.0
2026-01-16T12,CENT,Central,D,Demand,32269,megawatthours,2026-01-16 12:00:00,32269.0
2026-01-16T12,CENT,Central,DF,Day-ahead demand forecast,37457,megawatthours,2026-01-16 12:00:00,37457.0
2026-01-16T12,CENT,Central,NG,Net generation,31397,megawatthours,2026-01-16 12:00:00,31397.0
2026-01-16T12,CENT,Central,TI,Total interchange,-818,megawatthours,2026-01-16 12:00:00,-818.0
2026-01-16T11,CENT,Central,D,Demand,32281,megawatthours,2026-01-16 11:00:00,32281.0
2026-01-16T11,CENT,Central,DF,Day-ahead demand forecast,36234,megawatthours,2026-01-16 11:00:00,36234.0
2026-01-16T11,CENT,Central,NG,Net generation,31083,megawatthours,2026-01-16 11:00:00,31083.0
2026-01-16T11,CENT,Central,TI,Total interchange,-1144,megawatthours,2026-01-16 11:00:00,-1144.0
2026-01-16T10,CENT,Central,D,Demand,32240,megawatthours,2026-01-16 10:00:00,32240.0
2026-01-16T10,CENT,Central,DF,Day-ahead demand forecast,35618,megawatthours,2026-01-16 10:00:00,35618.0
2026-01-16T10,CENT,Central,NG,Net generation,31101,megawatthours,2026-01-16 10:00:00,31101.0
2026-01-16T10,CENT,Central,TI,Total interchange,-1105,megawatthours,2026-01-16 10:00:00,-1105.0
2026-01-16T09,CENT,Central,D,Demand,31920,megawatthours,2026-01-16 09:00:00,31920.0
2026-01-16T09,CENT,Central,DF,Day-ahead demand forecast,35529,megawatthours,2026-01-16 09:00:00,35529.0
2026-01-16T09,CENT,Central,NG,Net generation,31262,megawatthours,2026-01-16 09:00:00,31262.0
2026-01-16T09,CENT,Central,TI,Total interchange,-658,megawatthours,2026-01-16 09:00:00,-658.0
2026-01-16T08,CENT,Central,D,Demand,31881,megawatthours,2026-01-16 08:00:00,31881.0
2026-01-16T08,CENT,Central,DF,Day-ahead demand forecast,35218,megawatthours,2026-01-16 08:00:00,35218.0
2026-01-16T08,CENT,Central,NG,Net generation,31332,megawatthours,2026-01-16 08:00:00,31332.0
2026-01-16T08,CENT,Central,TI,Total interchange,-549,megawatthours,2026-01-16 08:00:00,-549.0
2026-01-16T07,CENT,Central,D,Demand,32034,megawatthours,2026-01-16 07:00:00,32034.0
2026-01-16T07,CENT,Central,DF,Day-ahead demand forecast,35476,megawatthours,2026-01-16 07:00:00,35476.0
2026-01-16T07,CENT,Central,NG,Net generation,31077,megawatthours,2026-01-16 07:00:00,31077.0
2026-01-16T07,CENT,Central,TI,Total interchange,-957,megawatthours,2026-01-16 07:00:00,-957.0
2026-01-16T06,CENT,Central,D,Demand,33098,megawatthours,2026-01-16 06:00:00,33098.0
2026-01-16T06,CENT,Central,DF,Day-ahead demand forecast,36710,megawatthours,2026-01-16 06:00:00,36710.0
2026-01-16T06,CENT,Central,NG,Net generation,31225,megawatthours,2026-01-16 06:00:00,31225.0
2026-01-16T06,CENT,Central,TI,Total interchange,-159,megawatthours,2026-01-16 06:00:00,-159.0
2026-01-16T05,CENT,Central,D,Demand,33105,megawatthours,2026-01-16 05:00:00,33105.0
2026-01-16T05,CENT,Central,DF,Day-ahead demand forecast,37475,megawatthours,2026-01-16 05:00:00,37475.0
2026-01-16T05,CENT,Central,NG,Net generation,31225,megawatthours,2026-01-16 05:00:00,31225.0
2026-01-16T05,CENT,Central,TI,Total interchange,-166,megawatthours,2026-01-16 05:00:00,-166.0
2026-01-16T04,CENT,Central,D,Demand,33105,megawatthours,2026-01-16 04:00:00,33105.0
2026-01-16T04,CENT,Central,DF,Day-ahead demand forecast,38453,megawatthours,2026-01-16 04:00:00,38453.0
2026-01-16T04,CENT,Central,NG,Net generation,31242,megawatthours,2026-01-16 04:00:00,31242.0
2026-01-16T04,CENT,Central,TI,Total interchange,-149,megawatthours,2026-01-16 04:00:00,-149.0
2026-01-16T03,CENT,Central,D,Demand,33109,megawatthours,2026-01-16 03:00:00,33109.0
2026-01-16T03,CENT,Central,DF,Day-ahead demand forecast,38936,megawatthours,2026-01-16 03:00:00,38936.0
2026-01-16T03,CENT,Central,NG,Net generation,31245,megawatthours,2026-01-16 03:00:00,31245.0
2026-01-16T03,CENT,Central,TI,Total interchange,-150,megawatthours,2026-01-16 03:00:00,-150.0
2026-01-16T02,CENT,Central,D,Demand,33110,megawatthours,2026-01-16 02:00:00,33110.0
2026-01-16T02,CENT,Central,DF,Day-ahead demand forecast,39046,megawatthours,2026-01-16 02:00:00,39046.0
2026-01-16T02,CENT,Central,NG,Net generation,31251,megawatthours,2026-01-16 02:00:00,31251.0
2026-01-16T02,CENT,Central,TI,Total interchange,-145,megawatthours,2026-01-16 02:00:00,-145.0
2026-01-16T01,CENT,Central,D,Demand,33111,megawatthours,2026-01-16 01:00:00,33111.0
2026-01-16T01,CENT,Central,DF,Day-ahead demand forecast,38832,megawatthours,2026-01-16 01:00:00,38832.0
2026-01-16T01,CENT,Central,NG,Net generation,31479,megawatthours,2026-01-16 01:00:00,31479.0
2026-01-16T01,CENT,Central,TI,Total interchange,82,megawatthours,2026-01-16 01:00:00,82.0
2026-01-16T00,CENT,Central,D,Demand,33099,megawatthours,2026-01-16 00:00:00,33099.0
2026-01-16T00,CENT,Central,DF,Day-ahead demand forecast,37954,megawatthours,2026-01-16 00:00:00,37954.0
2026-01-16T00,CENT,Central,NG,Net generation,31550,megawatthours,2026-01-16 00:00:00,31550.0
2026-01-16T00,CENT,Central,TI,Total interchange,165,megawatthours,2026-01-16 00:00:00,165.0
2026-01-15T23,CENT,Central,D,Demand,33117,megawatthours,2026-01-15 23:00:00,33117.0
2026-01-15T23,CENT,Central,DF,Day-ahead demand forecast,36777,megawatthours,2026-01-15 23:00:00,36777.0
2026-01-15T23,CENT,Central,NG,Net generation,31436,megawatthours,2026-01-15 23:00:00,31436.0
2026-01-15T23,CENT,Central,TI,Total interchange,33,megawatthours,2026-01-15 23:00:00,33.0
2026-01-15T22,CENT,Central,D,Demand,33110,megawatthours,2026-01-15 22:00:00,33110.0
2026-01-15T22,CENT,Central,DF,Day-ahead demand forecast,36438,megawatthours,2026-01-15 22:00:00,36438.0
2026-01-15T22,CENT,Central,NG,Net generation,31380,megawatthours,2026-01-15 22:00:00,31380.0
2026-01-15T22,CENT,Central,TI,Total interchange,-16,megawatthours,2026-01-15 22:00:00,-16.0
2026-01-15T21,CENT,Central,D,Demand,33104,megawatthours,2026-01-15 21:00:00,33104.0
2026-01-15T21,CENT,Central,DF,Day-ahead demand forecast,36794,megawatthours,2026-01-15 21:00:00,36794.0
2026-01-15T21,CENT,Central,NG,Net generation,31318,megawatthours,2026-01-15 21:00:00,31318.0
2026-01-15T21,CENT,Central,TI,Total interchange,-72,megawatthours,2026-01-15 21:00:00,-72.0
2026-01-15T20,CENT,Central,D,Demand,33108,megawatthours,2026-01-15 20:00:00,33108.0
2026-01-15T20,CENT,Central,DF,Day-ahead demand forecast,37439,megawatthours,2026-01-15 20:00:00,37439.0
2026-01-15T20,CENT,Central,NG,Net generation,31310,megawatthours,2026-01-15 20:00:00,31310.0
2026-01-15T20,CENT,Central,TI,Total interchange,-84,megawatthours,2026-01-15 20:00:00,-84.0
2026-01-15T19,CENT,Central,D,Demand,33101,megawatthours,2026-01-15 19:00:00,33101.0
2026-01-15T19,CENT,Central,DF,Day-ahead demand forecast,38295,megawatthours,2026-01-15 19:00:00,38295.0
2026-01-15T19,CENT,Central,NG,Net generation,31311,megawatthours,2026-01-15 19:00:00,31311.0
2026-01-15T19,CENT,Central,TI,Total interchange,-76,megawatthours,2026-01-15 19:00:00,-76.0
2026-01-15T18,CENT,Central,D,Demand,33104,megawatthours,2026-01-15 18:00:00,33104.0
2026-01-15T18,CENT,Central,DF,Day-ahead demand forecast,39522,megawatthours,2026-01-15 18:00:00,39522.0
2026-01-15T18,CENT,Central,NG,Net generation,31312,megawatthours,2026-01-15 18:00:00,31312.0
2026-01-15T18,CENT,Central,TI,Total interchange,-78,megawatthours,2026-01-15 18:00:00,-78.0
2026-01-15T17,CENT,Central,D,Demand,33091,megawatthours,2026-01-15 17:00:00,33091.0
2026-01-15T17,CENT,Central,DF,Day-ahead demand forecast,40741,megawatthours,2026-01-15 17:00:00,40741.0
2026-01-15T17,CENT,Central,NG,Net generation,31551,megawatthours,2026-01-15 17:00:00,31551.0
2026-01-15T17,CENT,Central,TI,Total interchange,174,megawatthours,2026-01-15 17:00:00,174.0
2026-01-15T16,CENT,Central,D,Demand,33103,megawatthours,2026-01-15 16:00:00,33103.0
2026-01-15T16,CENT,Central,DF,Day-ahead demand forecast,42530,megawatthours,2026-01-15 16:00:00,42530.0
2026-01-15T16,CENT,Central,NG,Net generation,32171,megawatthours,2026-01-15 16:00:00,32171.0
2026-01-15T16,CENT,Central,TI,Total interchange,782,megawatthours,2026-01-15 16:00:00,782.0
2026-01-15T15,CENT,Central,D,Demand,33095,megawatthours,2026-01-15 15:00:00,33095.0
2026-01-15T15,CENT,Central,DF,Day-ahead demand forecast,44937,megawatthours,2026-01-15 15:00:00,44937.0
2026-01-15T15,CENT,Central,NG,Net generation,32421,megawatthours,2026-01-15 15:00:00,32421.0
2026-01-15T15,CENT,Central,TI,Total interchange,1040,megawatthours,2026-01-15 15:00:00,1040.0
2026-01-15T14,CENT,Central,D,Demand,33102,megawatthours,2026-01-15 14:00:00,33102.0
2026-01-15T14,CENT,Central,DF,Day-ahead demand forecast,45308,megawatthours,2026-01-15 14:00:00,45308.0
2026-01-15T14,CENT,Central,NG,Net generation,32484,megawatthours,2026-01-15 14:00:00,32484.0
2026-01-15T14,CENT,Central,TI,Total interchange,1096,megawatthours,2026-01-15 14:00:00,1096.0
2026-01-15T13,CENT,Central,D,Demand,33099,megawatthours,2026-01-15 13:00:00,33099.0
2026-01-15T13,CENT,Central,DF,Day-ahead demand forecast,43974,megawatthours,2026-01-15 13:00:00,43974.0
2026-01-15T13,CENT,Central,NG,Net generation,32436,megawatthours,2026-01-15 13:00:00,32436.0
2026-01-15T13,CENT,Central,TI,Total interchange,1051,megawatthours,2026-01-15 13:00:00,1051.0
2026-01-15T12,CENT,Central,D,Demand,33098,megawatthours,2026-01-15 12:00:00,33098.0
2026-01-15T12,CENT,Central,DF,Day-ahead demand forecast,41593,megawatthours,2026-01-15 12:00:00,41593.0
2026-01-15T12,CENT,Central,NG,Net generation,32154,megawatthours,2026-01-15 12:00:00,32154.0
2026-01-15T12,CENT,Central,TI,Total interchange,770,megawatthours,2026-01-15 12:00:00,770.0
2026-01-15T11,CENT,Central,D,Demand,33089,megawatthours,2026-01-15 11:00:00,33089.0
2026-01-15T11,CENT,Central,DF,Day-ahead demand forecast,40078,megawatthours,2026-01-15 11:00:00,40078.0
2026-01-15T11,CENT,Central,NG,Net generation,31737,megawatthours,2026-01-15 11:00:00,31737.0
2026-01-15T11,CENT,Central,TI,Total interchange,362,megawatthours,2026-01-15 11:00:00,362.0
2026-01-15T10,CENT,Central,D,Demand,33093,megawatthours,2026-01-15 10:00:00,33093.0
2026-01-15T10,CENT,Central,DF,Day-ahead demand forecast,39190,megawatthours,2026-01-15 10:00:00,39190.0
2026-01-15T10,CENT,Central,NG,Net generation,31594,megawatthours,2026-01-15 10:00:00,31594.0
2026-01-15T10,CENT,Central,TI,Total interchange,215,megawatthours,2026-01-15 10:00:00,215.0
2026-01-15T09,CENT,Central,D,Demand,33096,megawatthours,2026-01-15 09:00:00,33096.0
2026-01-15T09,CENT,Central,DF,Day-ahead demand forecast,38776,megawatthours,2026-01-15 09:00:00,38776.0
2026-01-15T09,CENT,Central,NG,Net generation,31543,megawatthours,2026-01-15 09:00:00,31543.0
2026-01-15T09,CENT,Central,TI,Total interchange,161,megawatthours,2026-01-15 09:00:00,161.0
2026-01-15T08,CENT,Central,D,Demand,33103,megawatthours,2026-01-15 08:00:00,33103.0
2026-01-15T08,CENT,Central,DF,Day-ahead demand forecast,38220,megawatthours,2026-01-15 08:00:00,38220.0
2026-01-15T08,CENT,Central,NG,Net generation,31443,megawatthours,2026-01-15 08:00:00,31443.0
2026-01-15T08,CENT,Central,TI,Total interchange,54,megawatthours,2026-01-15 08:00:00,54.0
2026-01-15T07,CENT,Central,D,Demand,33098,megawatthours,2026-01-15 07:00:00,33098.0
2026-01-15T07,CENT,Central,DF,Day-ahead demand forecast,38269,megawatthours,2026-01-15 07:00:00,38269.0
2026-01-15T07,CENT,Central,NG,Net generation,31400,megawatthours,2026-01-15 07:00:00,31400.0
2026-01-15T07,CENT,Central,TI,Total interchange,16,megawatthours,2026-01-15 07:00:00,16.0
2026-01-15T06,CENT,Central,D,Demand,31251,megawatthours,2026-01-15 06:00:00,31251.0
2026-01-15T06,CENT,Central,DF,Day-ahead demand forecast,40203,megawatthours,2026-01-15 06:00:00,40203.0
2026-01-15T06,CENT,Central,NG,Net generation,31384,megawatthours,2026-01-15 06:00:00,31384.0
2026-01-15T06,CENT,Central,TI,Total interchange,-6,megawatthours,2026-01-15 06:00:00,-6.0
2026-01-15T05,CENT,Central,D,Demand,31243,megawatthours,2026-01-15 05:00:00,31243.0
2026-01-15T05,CENT,Central,DF,Day-ahead demand forecast,40577,megawatthours,2026-01-15 05:00:00,40577.0
2026-01-15T05,CENT,Central,NG,Net generation,31535,megawatthours,2026-01-15 05:00:00,31535.0
2026-01-15T05,CENT,Central,TI,Total interchange,153,megawatthours,2026-01-15 05:00:00,153.0
2026-01-15T04,CENT,Central,D,Demand,31247,megawatthours,2026-01-15 04:00:00,31247.0
2026-01-15T04,CENT,Central,DF,Day-ahead demand forecast,40841,megawatthours,2026-01-15 04:00:00,40841.0
2026-01-15T04,CENT,Central,NG,Net generation,31977,megawatthours,2026-01-15 04:00:00,31977.0
2026-01-15T04,CENT,Central,TI,Total interchange,591,megawatthours,2026-01-15 04:00:00,591.0
2026-01-15T03,CENT,Central,D,Demand,31250,megawatthours,2026-01-15 03:00:00,31250.0
2026-01-15T03,CENT,Central,DF,Day-ahead demand forecast,41075,megawatthours,2026-01-15 03:00:00,41075.0
2026-01-15T03,CENT,Central,NG,Net generation,31945,megawatthours,2026-01-15 03:00:00,31945.0
2026-01-15T03,CENT,Central,TI,Total interchange,556,megawatthours,2026-01-15 03:00:00,556.0
2026-01-15T02,CENT,Central,D,Demand,31245,megawatthours,2026-01-15 02:00:00,31245.0
2026-01-15T02,CENT,Central,DF,Day-ahead demand forecast,40747,megawatthours,2026-01-15 02:00:00,40747.0
2026-01-15T02,CENT,Central,NG,Net generation,31984,megawatthours,2026-01-15 02:00:00,31984.0
2026-01-15T02,CENT,Central,TI,Total interchange,600,megawatthours,2026-01-15 02:00:00,600.0
2026-01-15T01,CENT,Central,D,Demand,31256,megawatthours,2026-01-15 01:00:00,31256.0
2026-01-15T01,CENT,Central,DF,Day-ahead demand forecast,40143,megawatthours,2026-01-15 01:00:00,40143.0
2026-01-15T01,CENT,Central,NG,Net generation,31986,megawatthours,2026-01-15 01:00:00,31986.0
2026-01-15T01,CENT,Central,TI,Total interchange,591,megawatthours,2026-01-15 01:00:00,591.0
2026-01-15T00,CENT,Central,D,Demand,31251,megawatthours,2026-01-15 00:00:00,31251.0
2026-01-15T00,CENT,Central,DF,Day-ahead demand forecast,38820,megawatthours,2026-01-15 00:00:00,38820.0
2026-01-15T00,CENT,Central,NG,Net generation,31807,megawatthours,2026-01-15 00:00:00,31807.0
2026-01-15T00,CENT,Central,TI,Total interchange,417,megawatthours,2026-01-15 00:00:00,417.0
2026-01-14T23,CENT,Central,D,Demand,31257,megawatthours,2026-01-14 23:00:00,31257.0
2026-01-14T23,CENT,Central,DF,Day-ahead demand forecast,37339,megawatthours,2026-01-14 23:00:00,37339.0
2026-01-14T23,CENT,Central,NG,Net generation,31680,megawatthours,2026-01-14 23:00:00,31680.0
2026-01-14T23,CENT,Central,TI,Total interchange,284,megawatthours,2026-01-14 23:00:00,284.0
2026-01-14T22,CENT,Central,D,Demand,31252,megawatthours,2026-01-14 22:00:00,31252.0
2026-01-14T22,CENT,Central,DF,Day-ahead demand forecast,36904,megawatthours,2026-01-14 22:00:00,36904.0
2026-01-14T22,CENT,Central,NG,Net generation,31388,megawatthours,2026-01-14 22:00:00,31388.0
2026-01-14T22,CENT,Central,TI,Total interchange,-3,megawatthours,2026-01-14 22:00:00,-3.0
2026-01-14T21,CENT,Central,D,Demand,31250,megawatthours,2026-01-14 21:00:00,31250.0
2026-01-14T21,CENT,Central,DF,Day-ahead demand forecast,36906,megawatthours,2026-01-14 21:00:00,36906.0
2026-01-14T21,CENT,Central,NG,Net generation,31260,megawatthours,2026-01-14 21:00:00,31260.0
2026-01-14T21,CENT,Central,TI,Total interchange,-129,megawatthours,2026-01-14 21:00:00,-129.0
2026-01-14T20,CENT,Central,D,Demand,31258,megawatthours,2026-01-14 20:00:00,31258.0
2026-01-14T20,CENT,Central,DF,Day-ahead demand forecast,37200,megawatthours,2026-01-14 20:00:00,37200.0
2026-01-14T20,CENT,Central,NG,Net generation,31253,megawatthours,2026-01-14 20:00:00,31253.0
2026-01-14T20,CENT,Central,TI,Total interchange,-144,megawatthours,2026-01-14 20:00:00,-144.0
2026-01-14T19,CENT,Central,D,Demand,31253,megawatthours,2026-01-14 19:00:00,31253.0
2026-01-14T19,CENT,Central,DF,Day-ahead demand forecast,37611,megawatthours,2026-01-14 19:00:00,37611.0
2026-01-14T19,CENT,Central,NG,Net generation,31274,megawatthours,2026-01-14 19:00:00,31274.0
2026-01-14T19,CENT,Central,TI,Total interchange,-118,megawatthours,2026-01-14 19:00:00,-118.0
2026-01-14T18,CENT,Central,D,Demand,31252,megawatthours,2026-01-14 18:00:00,31252.0
2026-01-14T18,CENT,Central,DF,Day-ahead demand forecast,37872,megawatthours,2026-01-14 18:00:00,37872.0
2026-01-14T18,CENT,Central,NG,Net generation,31313,megawatthours,2026-01-14 18:00:00,31313.0
2026-01-14T18,CENT,Central,TI,Total interchange,-78,megawatthours,2026-01-14 18:00:00,-78.0
2026-01-14T17,CENT,Central,D,Demand,31249,megawatthours,2026-01-14 17:00:00,31249.0
2026-01-14T17,CENT,Central,DF,Day-ahead demand forecast,38446,megawatthours,2026-01-14 17:00:00,38446.0
2026-01-14T17,CENT,Central,NG,Net generation,31353,megawatthours,2026-01-14 17:00:00,31353.0
2026-01-14T17,CENT,Central,TI,Total interchange,-35,megawatthours,2026-01-14 17:00:00,-35.0
2026-01-14T16,CENT,Central,D,Demand,31257,megawatthours,2026-01-14 16:00:00,31257.0
2026-01-14T16,CENT,Central,DF,Day-ahead demand forecast,38721,megawatthours,2026-01-14 16:00:00,38721.0
2026-01-14T16,CENT,Central,NG,Net generation,31322,megawatthours,2026-01-14 16:00:00,31322.0
2026-01-14T16,CENT,Central,TI,Total interchange,-74,megawatthours,2026-01-14 16:00:00,-74.0
2026-01-14T15,CENT,Central,D,Demand,31257,megawatthours,2026-01-14 15:00:00,31257.0
2026-01-14T15,CENT,Central,DF,Day-ahead demand forecast,39139,megawatthours,2026-01-14 15:00:00,39139.0
2026-01-14T15,CENT,Central,NG,Net generation,31395,megawatthours,2026-01-14 15:00:00,31395.0
2026-01-14T15,CENT,Central,TI,Total interchange,-1,megawatthours,2026-01-14 15:00:00,-1.0
2026-01-14T14,CENT,Central,D,Demand,31245,megawatthours,2026-01-14 14:00:00,31245.0
2026-01-14T14,CENT,Central,DF,Day-ahead demand forecast,38974,megawatthours,2026-01-14 14:00:00,38974.0
2026-01-14T14,CENT,Central,NG,Net generation,31462,megawatthours,2026-01-14 14:00:00,31462.0
2026-01-14T14,CENT,Central,TI,Total interchange,78,megawatthours,2026-01-14 14:00:00,78.0
2026-01-14T13,CENT,Central,D,Demand,31256,megawatthours,2026-01-14 13:00:00,31256.0
2026-01-14T13,CENT,Central,DF,Day-ahead demand forecast,37511,megawatthours,2026-01-14 13:00:00,37511.0
2026-01-14T13,CENT,Central,NG,Net generation,31467,megawatthours,2026-01-14 13:00:00,31467.0
2026-01-14T13,CENT,Central,TI,Total interchange,72,megawatthours,2026-01-14 13:00:00,72.0
2026-01-14T12,CENT,Central,D,Demand,31256,megawatthours,2026-01-14 12:00:00,31256.0
2026-01-14T12,CENT,Central,DF,Day-ahead demand forecast,35444,megawatthours,2026-01-14 12:00:00,35444.0
2026-01-14T12,CENT,Central,NG,Net generation,31448,megawatthours,2026-01-14 12:00:00,31448.0
2026-01-14T12,CENT,Central,TI,Total interchange,53,megawatthours,2026-01-14 12:00:00,53.0
2026-01-14T11,CENT,Central,D,Demand,31252,megawatthours,2026-01-14 11:00:00,31252.0
2026-01-14T11,CENT,Central,DF,Day-ahead demand forecast,34032,megawatthours,2026-01-14 11:00:00,34032.0
2026-01-14T11,CENT,Central,NG,Net generation,31251,megawatthours,2026-01-14 11:00:00,31251.0
2026-01-14T11,CENT,Central,TI,Total interchange,-140,megawatthours,2026-01-14 11:00:00,-140.0
2026-01-14T10,CENT,Central,D,Demand,31255,megawatthours,2026-01-14 10:00:00,31255.0
2026-01-14T10,CENT,Central,DF,Day-ahead demand forecast,33321,megawatthours,2026-01-14 10:00:00,33321.0
2026-01-14T10,CENT,Central,NG,Net generation,31235,megawatthours,2026-01-14 10:00:00,31235.0
2026-01-14T10,CENT,Central,TI,Total interchange,-159,megawatthours,2026-01-14 10:00:00,-159.0
2026-01-14T09,CENT,Central,D,Demand,31255,megawatthours,2026-01-14 09:00:00,31255.0
2026-01-14T09,CENT,Central,DF,Day-ahead demand forecast,32856,megawatthours,2026-01-14 09:00:00,32856.0
2026-01-14T09,CENT,Central,NG,Net generation,31234,megawatthours,2026-01-14 09:00:00,31234.0
2026-01-14T09,CENT,Central,TI,Total interchange,-160,megawatthours,2026-01-14 09:00:00,-160.0
2026-01-14T08,CENT,Central,D,Demand,31249,megawatthours,2026-01-14 08:00:00,31249.0
2026-01-14T08,CENT,Central,DF,Day-ahead demand forecast,32720,megawatthours,2026-01-14 08:00:00,32720.0
2026-01-14T08,CENT,Central,NG,Net generation,31229,megawatthours,2026-01-14 08:00:00,31229.0
2026-01-14T08,CENT,Central,TI,Total interchange,-159,megawatthours,2026-01-14 08:00:00,-159.0
2026-01-14T07,CENT,Central,D,Demand,31257,megawatthours,2026-01-14 07:00:00,31257.0
2026-01-14T07,CENT,Central,DF,Day-ahead demand forecast,33027,megawatthours,2026-01-14 07:00:00,33027.0
2026-01-14T07,CENT,Central,NG,Net generation,31227,megawatthours,2026-01-14 07:00:00,31227.0
2026-01-14T07,CENT,Central,TI,Total interchange,-169,megawatthours,2026-01-14 07:00:00,-169.0
2026-01-14T06,CENT,Central,D,Demand,31246,megawatthours,2026-01-14 06:00:00,31246.0
2026-01-14T06,CENT,Central,DF,Day-ahead demand forecast,30188,megawatthours,2026-01-14 06:00:00,30188.0
2026-01-14T06,CENT,Central,NG,Net generation,31230,megawatthours,2026-01-14 06:00:00,31230.0
2026-01-14T06,CENT,Central,TI,Total interchange,-155,megawatthours,2026-01-14 06:00:00,-155.0
2026-01-14T05,CENT,Central,D,Demand,31253,megawatthours,2026-01-14 05:00:00,31253.0
2026-01-14T05,CENT,Central,DF,Day-ahead demand forecast,31154,megawatthours,2026-01-14 05:00:00,31154.0
2026-01-14T05,CENT,Central,NG,Net generation,31229,megawatthours,2026-01-14 05:00:00,31229.0
2026-01-14T05,CENT,Central,TI,Total interchange,-163,megawatthours,2026-01-14 05:00:00,-163.0
2026-01-14T04,CENT,Central,D,Demand,31250,megawatthours,2026-01-14 04:00:00,31250.0
2026-01-14T04,CENT,Central,DF,Day-ahead demand forecast,32138,megawatthours,2026-01-14 04:00:00,32138.0
2026-01-14T04,CENT,Central,NG,Net generation,31255,megawatthours,2026-01-14 04:00:00,31255.0
2026-01-14T04,CENT,Central,TI,Total interchange,-134,megawatthours,2026-01-14 04:00:00,-134.0
2026-01-14T03,CENT,Central,D,Demand,31255,megawatthours,2026-01-14 03:00:00,31255.0
2026-01-14T03,CENT,Central,DF,Day-ahead demand forecast,32707,megawatthours,2026-01-14 03:00:00,32707.0
2026-01-14T03,CENT,Central,NG,Net generation,31236,megawatthours,2026-01-14 03:00:00,31236.0
2026-01-14T03,CENT,Central,TI,Total interchange,-158,megawatthours,2026-01-14 03:00:00,-158.0
2026-01-14T02,CENT,Central,D,Demand,31254,megawatthours,2026-01-14 02:00:00,31254.0
2026-01-14T02,CENT,Central,DF,Day-ahead demand forecast,32893,megawatthours,2026-01-14 02:00:00,32893.0
2026-01-14T02,CENT,Central,NG,Net generation,31263,megawatthours,2026-01-14 02:00:00,31263.0
2026-01-14T02,CENT,Central,TI,Total interchange,-130,megawatthours,2026-01-14 02:00:00,-130.0
2026-01-14T01,CENT,Central,D,Demand,31251,megawatthours,2026-01-14 01:00:00,31251.0
2026-01-14T01,CENT,Central,DF,Day-ahead demand forecast,32952,megawatthours,2026-01-14 01:00:00,32952.0
2026-01-14T01,CENT,Central,NG,Net generation,31472,megawatthours,2026-01-14 01:00:00,31472.0
2026-01-14T01,CENT,Central,TI,Total interchange,82,megawatthours,2026-01-14 01:00:00,82.0
2026-01-14T00,CENT,Central,D,Demand,31247,megawatthours,2026-01-14 00:00:00,31247.0
2026-01-14T00,CENT,Central,DF,Day-ahead demand forecast,32320,megawatthours,2026-01-14 00:00:00,32320.0
2026-01-14T00,CENT,Central,NG,Net generation,31541,megawatthours,2026-01-14 00:00:00,31541.0
2026-01-14T00,CENT,Central,TI,Total interchange,155,megawatthours,2026-01-14 00:00:00,155.0
2026-01-13T23,CENT,Central,D,Demand,31249,megawatthours,2026-01-13 23:00:00,31249.0
2026-01-13T23,CENT,Central,DF,Day-ahead demand forecast,31462,megawatthours,2026-01-13 23:00:00,31462.0
2026-01-13T23,CENT,Central,NG,Net generation,31424,megawatthours,2026-01-13 23:00:00,31424.0
2026-01-13T23,CENT,Central,TI,Total interchange,36,megawatthours,2026-01-13 23:00:00,36.0
2026-01-13T22,CENT,Central,D,Demand,31241,megawatthours,2026-01-13 22:00:00,31241.0
2026-01-13T22,CENT,Central,DF,Day-ahead demand forecast,31250,megawatthours,2026-01-13 22:00:00,31250.0
2026-01-13T22,CENT,Central,NG,Net generation,31372,megawatthours,2026-01-13 22:00:00,31372.0
2026-01-13T22,CENT,Central,TI,Total interchange,-8,megawatthours,2026-01-13 22:00:00,-8.0
2026-01-13T21,CENT,Central,D,Demand,31240,megawatthours,2026-01-13 21:00:00,31240.0
2026-01-13T21,CENT,Central,DF,Day-ahead demand forecast,31463,megawatthours,2026-01-13 21:00:00,31463.0
2026-01-13T21,CENT,Central,NG,Net generation,31243,megawatthours,2026-01-13 21:00:00,31243.0
2026-01-13T21,CENT,Central,TI,Total interchange,-136,megawatthours,2026-01-13 21:00:00,-136.0
2026-01-13T20,CENT,Central,D,Demand,31240,megawatthours,2026-01-13 20:00:00,31240.0
2026-01-13T20,CENT,Central,DF,Day-ahead demand forecast,31718,megawatthours,2026-01-13 20:00:00,31718.0
2026-01-13T20,CENT,Central,NG,Net generation,31237,megawatthours,2026-01-13 20:00:00,31237.0
2026-01-13T20,CENT,Central,TI,Total interchange,-142,megawatthours,2026-01-13 20:00:00,-142.0
2026-01-13T19,CENT,Central,D,Demand,31249,megawatthours,2026-01-13 19:00:00,31249.0
2026-01-13T19,CENT,Central,DF,Day-ahead demand forecast,32118,megawatthours,2026-01-13 19:00:00,32118.0
2026-01-13T19,CENT,Central,NG,Net generation,31327,megawatthours,2026-01-13 19:00:00,31327.0
2026-01-13T19,CENT,Central,TI,Total interchange,-61,megawatthours,2026-01-13 19:00:00,-61.0
2026-01-13T18,CENT,Central,D,Demand,31244,megawatthours,2026-01-13 18:00:00,31244.0
2026-01-13T18,CENT,Central,DF,Day-ahead demand forecast,32806,megawatthours,2026-01-13 18:00:00,32806.0
2026-01-13T18,CENT,Central,NG,Net generation,31331,megawatthours,2026-01-13 18:00:00,31331.0
2026-01-13T18,CENT,Central,TI,Total interchange,-52,megawatthours,2026-01-13 18:00:00,-52.0
2026-01-13T17,CENT,Central,D,Demand,31241,megawatthours,2026-01-13 17:00:00,31241.0
2026-01-13T17,CENT,Central,DF,Day-ahead demand forecast,33549,megawatthours,2026-01-13 17:00:00,33549.0
2026-01-13T17,CENT,Central,NG,Net generation,31371,megawatthours,2026-01-13 17:00:00,31371.0
2026-01-13T17,CENT,Central,TI,Total interchange,-9,megawatthours,2026-01-13 17:00:00,-9.0
2026-01-13T16,CENT,Central,D,Demand,31252,megawatthours,2026-01-13 16:00:00,31252.0
2026-01-13T16,CENT,Central,DF,Day-ahead demand forecast,34456,megawatthours,2026-01-13 16:00:00,34456.0
2026-01-13T16,CENT,Central,NG,Net generation,31440,megawatthours,2026-01-13 16:00:00,31440.0
2026-01-13T16,CENT,Central,TI,Total interchange,49,megawatthours,2026-01-13 16:00:00,49.0
2026-01-13T15,CENT,Central,D,Demand,31252,megawatthours,2026-01-13 15:00:00,31252.0
2026-01-13T15,CENT,Central,DF,Day-ahead demand forecast,35373,megawatthours,2026-01-13 15:00:00,35373.0
2026-01-13T15,CENT,Central,NG,Net generation,31826,megawatthours,2026-01-13 15:00:00,31826.0
2026-01-13T15,CENT,Central,TI,Total interchange,435,megawatthours,2026-01-13 15:00:00,435.0
2026-01-13T14,CENT,Central,D,Demand,31259,megawatthours,2026-01-13 14:00:00,31259.0
2026-01-13T14,CENT,Central,DF,Day-ahead demand forecast,35618,megawatthours,2026-01-13 14:00:00,35618.0
2026-01-13T14,CENT,Central,NG,Net generation,31961,megawatthours,2026-01-13 14:00:00,31961.0
2026-01-13T14,CENT,Central,TI,Total interchange,563,megawatthours,2026-01-13 14:00:00,563.0
2026-01-13T13,CENT,Central,D,Demand,31251,megawatthours,2026-01-13 13:00:00,31251.0
2026-01-13T13,CENT,Central,DF,Day-ahead demand forecast,34491,megawatthours,2026-01-13 13:00:00,34491.0
2026-01-13T13,CENT,Central,NG,Net generation,32021,megawatthours,2026-01-13 13:00:00,32021.0
2026-01-13T13,CENT,Central,TI,Total interchange,631,megawatthours,2026-01-13 13:00:00,631.0
2026-01-13T12,CENT,Central,D,Demand,31257,megawatthours,2026-01-13 12:00:00,31257.0
2026-01-13T12,CENT,Central,DF,Day-ahead demand forecast,32498,megawatthours,2026-01-13 12:00:00,32498.0
2026-01-13T12,CENT,Central,NG,Net generation,31744,megawatthours,2026-01-13 12:00:00,31744.0
2026-01-13T12,CENT,Central,TI,Total interchange,348,megawatthours,2026-01-13 12:00:00,348.0
2026-01-13T11,CENT,Central,D,Demand,31249,megawatthours,2026-01-13 11:00:00,31249.0
2026-01-13T11,CENT,Central,DF,Day-ahead demand forecast,31165,megawatthours,2026-01-13 11:00:00,31165.0
2026-01-13T11,CENT,Central,NG,Net generation,31266,megawatthours,2026-01-13 11:00:00,31266.0
2026-01-13T11,CENT,Central,TI,Total interchange,-122,megawatthours,2026-01-13 11:00:00,-122.0
2026-01-13T10,CENT,Central,D,Demand,31255,megawatthours,2026-01-13 10:00:00,31255.0
2026-01-13T10,CENT,Central,DF,Day-ahead demand forecast,30645,megawatthours,2026-01-13 10:00:00,30645.0
2026-01-13T10,CENT,Central,NG,Net generation,31231,megawatthours,2026-01-13 10:00:00,31231.0
2026-01-13T10,CENT,Central,TI,Total interchange,-163,megawatthours,2026-01-13 10:00:00,-163.0
2026-01-13T09,CENT,Central,D,Demand,31252,megawatthours,2026-01-13 09:00:00,31252.0
2026-01-13T09,CENT,Central,DF,Day-ahead demand forecast,30368,megawatthours,2026-01-13 09:00:00,30368.0
2026-01-13T09,CENT,Central,NG,Net generation,31230,megawatthours,2026-01-13 09:00:00,31230.0
2026-01-13T09,CENT,Central,TI,Total interchange,-161,megawatthours,2026-01-13 09:00:00,-161.0
2026-01-13T08,CENT,Central,D,Demand,31255,megawatthours,2026-01-13 08:00:00,31255.0
2026-01-13T08,CENT,Central,DF,Day-ahead demand forecast,30487,megawatthours,2026-01-13 08:00:00,30487.0
2026-01-13T08,CENT,Central,NG,Net generation,31230,megawatthours,2026-01-13 08:00:00,31230.0
2026-01-13T08,CENT,Central,TI,Total interchange,-164,megawatthours,2026-01-13 08:00:00,-164.0
2026-01-13T07,CENT,Central,D,Demand,31255,megawatthours,2026-01-13 07:00:00,31255.0
2026-01-13T07,CENT,Central,DF,Day-ahead demand forecast,30678,megawatthours,2026-01-13 07:00:00,30678.0
2026-01-13T07,CENT,Central,NG,Net generation,31233,megawatthours,2026-01-13 07:00:00,31233.0
2026-01-13T07,CENT,Central,TI,Total interchange,-161,megawatthours,2026-01-13 07:00:00,-161.0
2026-01-13T06,CENT,Central,D,Demand,31256,megawatthours,2026-01-13 06:00:00,31256.0
2026-01-13T06,CENT,Central,DF,Day-ahead demand forecast,31808,megawatthours,2026-01-13 06:00:00,31808.0
2026-01-13T06,CENT,Central,NG,Net generation,31232,megawatthours,2026-01-13 06:00:00,31232.0
2026-01-13T06,CENT,Central,TI,Total interchange,-163,megawatthours,2026-01-13 06:00:00,-163.0
2026-01-13T05,CENT,Central,D,Demand,31262,megawatthours,2026-01-13 05:00:00,31262.0
2026-01-13T05,CENT,Central,DF,Day-ahead demand forecast,32651,megawatthours,2026-01-13 05:00:00,32651.0
2026-01-13T05,CENT,Central,NG,Net generation,31234,megawatthours,2026-01-13 05:00:00,31234.0
2026-01-13T05,CENT,Central,TI,Total interchange,-167,megawatthours,2026-01-13 05:00:00,-167.0
2026-01-13T04,CENT,Central,D,Demand,31253,megawatthours,2026-01-13 04:00:00,31253.0
2026-01-13T04,CENT,Central,DF,Day-ahead demand forecast,33545,megawatthours,2026-01-13 04:00:00,33545.0
2026-01-13T04,CENT,Central,NG,Net generation,31246,megawatthours,2026-01-13 04:00:00,31246.0
2026-01-13T04,CENT,Central,TI,Total interchange,-146,megawatthours,2026-01-13 04:00:00,-146.0
2026-01-13T03,CENT,Central,D,Demand,31258,megawatthours,2026-01-13 03:00:00,31258.0
2026-01-13T03,CENT,Central,DF,Day-ahead demand forecast,34076,megawatthours,2026-01-13 03:00:00,34076.0
2026-01-13T03,CENT,Central,NG,Net generation,31250,megawatthours,2026-01-13 03:00:00,31250.0
2026-01-13T03,CENT,Central,TI,Total interchange,-147,megawatthours,2026-01-13 03:00:00,-147.0
2026-01-13T02,CENT,Central,D,Demand,31253,megawatthours,2026-01-13 02:00:00,31253.0
2026-01-13T02,CENT,Central,DF,Day-ahead demand forecast,34294,megawatthours,2026-01-13 02:00:00,34294.0
2026-01-13T02,CENT,Central,NG,Net generation,31254,megawatthours,2026-01-13 02:00:00,31254.0
2026-01-13T02,CENT,Central,TI,Total interchange,-138,megawatthours,2026-01-13 02:00:00,-138.0
2026-01-13T01,CENT,Central,D,Demand,31246,megawatthours,2026-01-13 01:00:00,31246.0
2026-01-13T01,CENT,Central,DF,Day-ahead demand forecast,34050,megawatthours,2026-01-13 01:00:00,34050.0
2026-01-13T01,CENT,Central,NG,Net generation,31401,megawatthours,2026-01-13 01:00:00,31401.0
2026-01-13T01,CENT,Central,TI,Total interchange,16,megawatthours,2026-01-13 01:00:00,16.0
2026-01-13T00,CENT,Central,D,Demand,31260,megawatthours,2026-01-13 00:00:00,31260.0
2026-01-13T00,CENT,Central,DF,Day-ahead demand forecast,33294,megawatthours,2026-01-13 00:00:00,33294.0
2026-01-13T00,CENT,Central,NG,Net generation,31478,megawatthours,2026-01-13 00:00:00,31478.0
2026-01-13T00,CENT,Central,TI,Total interchange,79,megawatthours,2026-01-13 00:00:00,79.0
2026-01-12T23,CENT,Central,D,Demand,31242,megawatthours,2026-01-12 23:00:00,31242.0
2026-01-12T23,CENT,Central,DF,Day-ahead demand forecast,32250,megawatthours,2026-01-12 23:00:00,32250.0
2026-01-12T23,CENT,Central,NG,Net generation,31602,megawatthours,2026-01-12 23:00:00,31602.0
2026-01-12T23,CENT,Central,TI,Total interchange,221,megawatthours,2026-01-12 23:00:00,221.0
2026-01-12T22,CENT,Central,D,Demand,31241,megawatthours,2026-01-12 22:00:00,31241.0
2026-01-12T22,CENT,Central,DF,Day-ahead demand forecast,31987,megawatthours,2026-01-12 22:00:00,31987.0
2026-01-12T22,CENT,Central,NG,Net generation,31375,megawatthours,2026-01-12 22:00:00,31375.0
2026-01-12T22,CENT,Central,TI,Total interchange,-5,megawatthours,2026-01-12 22:00:00,-5.0
2026-01-12T21,CENT,Central,D,Demand,31254,megawatthours,2026-01-12 21:00:00,31254.0
2026-01-12T21,CENT,Central,DF,Day-ahead demand forecast,32258,megawatthours,2026-01-12 21:00:00,32258.0
2026-01-12T21,CENT,Central,NG,Net generation,31246,megawatthours,2026-01-12 21:00:00,31246.0
2026-01-12T21,CENT,Central,TI,Total interchange,-147,megawatthours,2026-01-12 21:00:00,-147.0
2026-01-12T20,CENT,Central,D,Demand,31240,megawatthours,2026-01-12 20:00:00,31240.0
2026-01-12T20,CENT,Central,DF,Day-ahead demand forecast,32790,megawatthours,2026-01-12 20:00:00,32790.0
2026-01-12T20,CENT,Central,NG,Net generation,31244,megawatthours,2026-01-12 20:00:00,31244.0
2026-01-12T20,CENT,Central,TI,Total interchange,-135,megawatthours,2026-01-12 20:00:00,-135.0
2026-01-12T19,CENT,Central,D,Demand,31243,megawatthours,2026-01-12 19:00:00,31243.0
2026-01-12T19,CENT,Central,DF,Day-ahead demand forecast,33488,megawatthours,2026-01-12 19:00:00,33488.0
2026-01-12T19,CENT,Central,NG,Net generation,31313,megawatthours,2026-01-12 19:00:00,31313.0
2026-01-12T19,CENT,Central,TI,Total interchange,-69,megawatthours,2026-01-12 19:00:00,-69.0
2026-01-12T18,CENT,Central,D,Demand,31260,megawatthours,2026-01-12 18:00:00,31260.0
2026-01-12T18,CENT,Central,DF,Day-ahead demand forecast,34357,megawatthours,2026-01-12 18:00:00,34357.0
2026-01-12T18,CENT,Central,NG,Net generation,31645,megawatthours,2026-01-12 18:00:00,31645.0
2026-01-12T18,CENT,Central,TI,Total interchange,246,megawatthours,2026-01-12 18:00:00,246.0
2026-01-12T17,CENT,Central,D,Demand,31241,megawatthours,2026-01-12 17:00:00,31241.0
2026-01-12T17,CENT,Central,DF,Day-ahead demand forecast,35428,megawatthours,2026-01-12 17:00:00,35428.0
2026-01-12T17,CENT,Central,NG,Net generation,31912,megawatthours,2026-01-12 17:00:00,31912.0
2026-01-12T17,CENT,Central,TI,Total interchange,532,megawatthours,2026-01-12 17:00:00,532.0
2026-01-12T16,CENT,Central,D,Demand,31251,megawatthours,2026-01-12 16:00:00,31251.0
2026-01-12T16,CENT,Central,DF,Day-ahead demand forecast,36397,megawatthours,2026-01-12 16:00:00,36397.0
2026-01-12T16,CENT,Central,NG,Net generation,32106,megawatthours,2026-01-12 16:00:00,32106.0
2026-01-12T16,CENT,Central,TI,Total interchange,716,megawatthours,2026-01-12 16:00:00,716.0
2026-01-12T15,CENT,Central,D,Demand,31253,megawatthours,2026-01-12 15:00:00,31253.0
2026-01-12T15,CENT,Central,DF,Day-ahead demand forecast,37594,megawatthours,2026-01-12 15:00:00,37594.0
2026-01-12T15,CENT,Central,NG,Net generation,32138,megawatthours,2026-01-12 15:00:00,32138.0
2026-01-12T15,CENT,Central,TI,Total interchange,746,megawatthours,2026-01-12 15:00:00,746.0
2026-01-12T14,CENT,Central,D,Demand,31253,megawatthours,2026-01-12 14:00:00,31253.0
2026-01-12T14,CENT,Central,DF,Day-ahead demand forecast,37849,megawatthours,2026-01-12 14:00:00,37849.0
2026-01-12T14,CENT,Central,NG,Net generation,32197,megawatthours,2026-01-12 14:00:00,32197.0
2026-01-12T14,CENT,Central,TI,Total interchange,805,megawatthours,2026-01-12 14:00:00,805.0
2026-01-12T13,CENT,Central,D,Demand,31257,megawatthours,2026-01-12 13:00:00,31257.0
2026-01-12T13,CENT,Central,DF,Day-ahead demand forecast,36490,megawatthours,2026-01-12 13:00:00,36490.0
2026-01-12T13,CENT,Central,NG,Net generation,32053,megawatthours,2026-01-12 13:00:00,32053.0
2026-01-12T13,CENT,Central,TI,Total interchange,657,megawatthours,2026-01-12 13:00:00,657.0
2026-01-12T12,CENT,Central,D,Demand,31251,megawatthours,2026-01-12 12:00:00,31251.0
2026-01-12T12,CENT,Central,DF,Day-ahead demand forecast,34352,megawatthours,2026-01-12 12:00:00,34352.0
2026-01-12T12,CENT,Central,NG,Net generation,31787,megawatthours,2026-01-12 12:00:00,31787.0
2026-01-12T12,CENT,Central,TI,Total interchange,397,megawatthours,2026-01-12 12:00:00,397.0
2026-01-12T11,CENT,Central,D,Demand,31254,megawatthours,2026-01-12 11:00:00,31254.0
2026-01-12T11,CENT,Central,DF,Day-ahead demand forecast,33104,megawatthours,2026-01-12 11:00:00,33104.0
2026-01-12T11,CENT,Central,NG,Net generation,31259,megawatthours,2026-01-12 11:00:00,31259.0
2026-01-12T11,CENT,Central,TI,Total interchange,-134,megawatthours,2026-01-12 11:00:00,-134.0
2026-01-12T10,CENT,Central,D,Demand,31263,megawatthours,2026-01-12 10:00:00,31263.0
2026-01-12T10,CENT,Central,DF,Day-ahead demand forecast,32422,megawatthours,2026-01-12 10:00:00,32422.0
2026-01-12T10,CENT,Central,NG,Net generation,31238,megawatthours,2026-01-12 10:00:00,31238.0
2026-01-12T10,CENT,Central,TI,Total interchange,-164,megawatthours,2026-01-12 10:00:00,-164.0
2026-01-12T09,CENT,Central,D,Demand,31259,megawatthours,2026-01-12 09:00:00,31259.0
2026-01-12T09,CENT,Central,DF,Day-ahead demand forecast,32260,megawatthours,2026-01-12 09:00:00,32260.0
2026-01-12T09,CENT,Central,NG,Net generation,31237,megawatthours,2026-01-12 09:00:00,31237.0
2026-01-12T09,CENT,Central,TI,Total interchange,-161,megawatthours,2026-01-12 09:00:00,-161.0
2026-01-12T08,CENT,Central,D,Demand,31253,megawatthours,2026-01-12 08:00:00,31253.0
2026-01-12T08,CENT,Central,DF,Day-ahead demand forecast,32296,megawatthours,2026-01-12 08:00:00,32296.0
2026-01-12T08,CENT,Central,NG,Net generation,31236,megawatthours,2026-01-12 08:00:00,31236.0
2026-01-12T08,CENT,Central,TI,Total interchange,-156,megawatthours,2026-01-12 08:00:00,-156.0
2026-01-12T07,CENT,Central,D,Demand,31259,megawatthours,2026-01-12 07:00:00,31259.0
2026-01-12T07,CENT,Central,DF,Day-ahead demand forecast,32456,megawatthours,2026-01-12 07:00:00,32456.0
2026-01-12T07,CENT,Central,NG,Net generation,31236,megawatthours,2026-01-12 07:00:00,31236.0
2026-01-12T07,CENT,Central,TI,Total interchange,-162,megawatthours,2026-01-12 07:00:00,-162.0
2026-01-12T06,CENT,Central,D,Demand,31258,megawatthours,2026-01-12 06:00:00,31258.0
2026-01-12T06,CENT,Central,DF,Day-ahead demand forecast,37934,megawatthours,2026-01-12 06:00:00,37934.0
2026-01-12T06,CENT,Central,NG,Net generation,31234,megawatthours,2026-01-12 06:00:00,31234.0
2026-01-12T06,CENT,Central,TI,Total interchange,-163,megawatthours,2026-01-12 06:00:00,-163.0
2026-01-12T05,CENT,Central,D,Demand,31255,megawatthours,2026-01-12 05:00:00,31255.0
2026-01-12T05,CENT,Central,DF,Day-ahead demand forecast,38559,megawatthours,2026-01-12 05:00:00,38559.0
2026-01-12T05,CENT,Central,NG,Net generation,31229,megawatthours,2026-01-12 05:00:00,31229.0
2026-01-12T05,CENT,Central,TI,Total interchange,-165,megawatthours,2026-01-12 05:00:00,-165.0
2026-01-12T04,CENT,Central,D,Demand,31249,megawatthours,2026-01-12 04:00:00,31249.0
2026-01-12T04,CENT,Central,DF,Day-ahead demand forecast,39251,megawatthours,2026-01-12 04:00:00,39251.0
2026-01-12T04,CENT,Central,NG,Net generation,31240,megawatthours,2026-01-12 04:00:00,31240.0
2026-01-12T04,CENT,Central,TI,Total interchange,-148,megawatthours,2026-01-12 04:00:00,-148.0
2026-01-12T03,CENT,Central,D,Demand,31254,megawatthours,2026-01-12 03:00:00,31254.0
2026-01-12T03,CENT,Central,DF,Day-ahead demand forecast,39579,megawatthours,2026-01-12 03:00:00,39579.0
2026-01-12T03,CENT,Central,NG,Net generation,31416,megawatthours,2026-01-12 03:00:00,31416.0
2026-01-12T03,CENT,Central,TI,Total interchange,23,megawatthours,2026-01-12 03:00:00,23.0
2026-01-12T02,CENT,Central,D,Demand,31240,megawatthours,2026-01-12 02:00:00,31240.0
2026-01-12T02,CENT,Central,DF,Day-ahead demand forecast,39210,megawatthours,2026-01-12 02:00:00,39210.0
2026-01-12T02,CENT,Central,NG,Net generation,31579,megawatthours,2026-01-12 02:00:00,31579.0
2026-01-12T02,CENT,Central,TI,Total interchange,200,megawatthours,2026-01-12 02:00:00,200.0
2026-01-12T01,CENT,Central,D,Demand,31240,megawatthours,2026-01-12 01:00:00,31240.0
2026-01-12T01,CENT,Central,DF,Day-ahead demand forecast,38650,megawatthours,2026-01-12 01:00:00,38650.0
2026-01-12T01,CENT,Central,NG,Net generation,31773,megawatthours,2026-01-12 01:00:00,31773.0
2026-01-12T01,CENT,Central,TI,Total interchange,394,megawatthours,2026-01-12 01:00:00,394.0
2026-01-12T00,CENT,Central,D,Demand,31248,megawatthours,2026-01-12 00:00:00,31248.0
2026-01-12T00,CENT,Central,DF,Day-ahead demand forecast,37739,megawatthours,2026-01-12 00:00:00,37739.0
2026-01-12T00,CENT,Central,NG,Net generation,31769,megawatthours,2026-01-12 00:00:00,31769.0
2026-01-12T00,CENT,Central,TI,Total interchange,382,megawatthours,2026-01-12 00:00:00,382.0
2026-01-11T23,CENT,Central,D,Demand,31246,megawatthours,2026-01-11 23:00:00,31246.0
2026-01-11T23,CENT,Central,DF,Day-ahead demand forecast,36169,megawatthours,2026-01-11 23:00:00,36169.0
2026-01-11T23,CENT,Central,NG,Net generation,31345,megawatthours,2026-01-11 23:00:00,31345.0
2026-01-11T23,CENT,Central,TI,Total interchange,-40,megawatthours,2026-01-11 23:00:00,-40.0
2026-01-11T22,CENT,Central,D,Demand,31246,megawatthours,2026-01-11 22:00:00,31246.0
2026-01-11T22,CENT,Central,DF,Day-ahead demand forecast,35684,megawatthours,2026-01-11 22:00:00,35684.0
2026-01-11T22,CENT,Central,NG,Net generation,31250,megawatthours,2026-01-11 22:00:00,31250.0
2026-01-11T22,CENT,Central,TI,Total interchange,-135,megawatthours,2026-01-11 22:00:00,-135.0
2026-01-11T21,CENT,Central,D,Demand,31239,megawatthours,2026-01-11 21:00:00,31239.0
2026-01-11T21,CENT,Central,DF,Day-ahead demand forecast,35561,megawatthours,2026-01-11 21:00:00,35561.0
2026-01-11T21,CENT,Central,NG,Net generation,31236,megawatthours,2026-01-11 21:00:00,31236.0
2026-01-11T21,CENT,Central,TI,Total interchange,-142,megawatthours,2026-01-11 21:00:00,-142.0
2026-01-11T20,CENT,Central,D,Demand,31241,megawatthours,2026-01-11 20:00:00,31241.0
2026-01-11T20,CENT,Central,DF,Day-ahead demand forecast,36240,megawatthours,2026-01-11 20:00:00,36240.0
2026-01-11T20,CENT,Central,NG,Net generation,31245,megawatthours,2026-01-11 20:00:00,31245.0
2026-01-11T20,CENT,Central,TI,Total interchange,-135,megawatthours,2026-01-11 20:00:00,-135.0
2026-01-11T19,CENT,Central,D,Demand,31246,megawatthours,2026-01-11 19:00:00,31246.0
2026-01-11T19,CENT,Central,DF,Day-ahead demand forecast,36786,megawatthours,2026-01-11 19:00:00,36786.0
2026-01-11T19,CENT,Central,NG,Net generation,31586,megawatthours,2026-01-11 19:00:00,31586.0
2026-01-11T19,CENT,Central,TI,Total interchange,201,megawatthours,2026-01-11 19:00:00,201.0
2026-01-11T18,CENT,Central,D,Demand,31252,megawatthours,2026-01-11 18:00:00,31252.0
2026-01-11T18,CENT,Central,DF,Day-ahead demand forecast,37633,megawatthours,2026-01-11 18:00:00,37633.0
2026-01-11T18,CENT,Central,NG,Net generation,31700,megawatthours,2026-01-11 18:00:00,31700.0
2026-01-11T18,CENT,Central,TI,Total interchange,309,megawatthours,2026-01-11 18:00:00,309.0
2026-01-11T17,CENT,Central,D,Demand,31247,megawatthours,2026-01-11 17:00:00,31247.0
2026-01-11T17,CENT,Central,DF,Day-ahead demand forecast,38632,megawatthours,2026-01-11 17:00:00,38632.0
2026-01-11T17,CENT,Central,NG,Net generation,31887,megawatthours,2026-01-11 17:00:00,31887.0
2026-01-11T17,CENT,Central,TI,Total interchange,501,megawatthours,2026-01-11 17:00:00,501.0
2026-01-11T16,CENT,Central,D,Demand,31253,megawatthours,2026-01-11 16:00:00,31253.0
2026-01-11T16,CENT,Central,DF,Day-ahead demand forecast,40291,megawatthours,2026-01-11 16:00:00,40291.0
2026-01-11T16,CENT,Central,NG,Net generation,32173,megawatthours,2026-01-11 16:00:00,32173.0
2026-01-11T16,CENT,Central,TI,Total interchange,781,megawatthours,2026-01-11 16:00:00,781.0
2026-01-11T15,CENT,Central,D,Demand,31234,megawatthours,2026-01-11 15:00:00,31234.0
2026-01-11T15,CENT,Central,DF,Day-ahead demand forecast,41097,megawatthours,2026-01-11 15:00:00,41097.0
2026-01-11T15,CENT,Central,NG,Net generation,32058,megawatthours,2026-01-11 15:00:00,32058.0
2026-01-11T15,CENT,Central,TI,Total interchange,685,megawatthours,2026-01-11 15:00:00,685.0
2026-01-11T14,CENT,Central,D,Demand,31248,megawatthours,2026-01-11 14:00:00,31248.0
2026-01-11T14,CENT,Central,DF,Day-ahead demand forecast,41047,megawatthours,2026-01-11 14:00:00,41047.0
2026-01-11T14,CENT,Central,NG,Net generation,32052,megawatthours,2026-01-11 14:00:00,32052.0
2026-01-11T14,CENT,Central,TI,Total interchange,665,megawatthours,2026-01-11 14:00:00,665.0
2026-01-11T13,CENT,Central,D,Demand,31244,megawatthours,2026-01-11 13:00:00,31244.0
2026-01-11T13,CENT,Central,DF,Day-ahead demand forecast,39984,megawatthours,2026-01-11 13:00:00,39984.0
2026-01-11T13,CENT,Central,NG,Net generation,31707,megawatthours,2026-01-11 13:00:00,31707.0
2026-01-11T13,CENT,Central,TI,Total interchange,324,megawatthours,2026-01-11 13:00:00,324.0
2026-01-11T12,CENT,Central,D,Demand,31236,megawatthours,2026-01-11 12:00:00,31236.0
2026-01-11T12,CENT,Central,DF,Day-ahead demand forecast,38805,megawatthours,2026-01-11 12:00:00,38805.0
2026-01-11T12,CENT,Central,NG,Net generation,31442,megawatthours,2026-01-11 12:00:00,31442.0
2026-01-11T12,CENT,Central,TI,Total interchange,67,megawatthours,2026-01-11 12:00:00,67.0
2026-01-11T11,CENT,Central,D,Demand,31250,megawatthours,2026-01-11 11:00:00,31250.0
2026-01-11T11,CENT,Central,DF,Day-ahead demand forecast,37828,megawatthours,2026-01-11 11:00:00,37828.0
2026-01-11T11,CENT,Central,NG,Net generation,31244,megawatthours,2026-01-11 11:00:00,31244.0
2026-01-11T11,CENT,Central,TI,Total interchange,-145,megawatthours,2026-01-11 11:00:00,-145.0
2026-01-11T10,CENT,Central,D,Demand,31250,megawatthours,2026-01-11 10:00:00,31250.0
2026-01-11T10,CENT,Central,DF,Day-ahead demand forecast,37446,megawatthours,2026-01-11 10:00:00,37446.0
2026-01-11T10,CENT,Central,NG,Net generation,31229,megawatthours,2026-01-11 10:00:00,31229.0
2026-01-11T10,CENT,Central,TI,Total interchange,-160,megawatthours,2026-01-11 10:00:00,-160.0
2026-01-11T09,CENT,Central,D,Demand,31265,megawatthours,2026-01-11 09:00:00,31265.0
2026-01-11T09,CENT,Central,DF,Day-ahead demand forecast,36830,megawatthours,2026-01-11 09:00:00,36830.0
2026-01-11T09,CENT,Central,NG,Net generation,31232,megawatthours,2026-01-11 09:00:00,31232.0
2026-01-11T09,CENT,Central,TI,Total interchange,-172,megawatthours,2026-01-11 09:00:00,-172.0
2026-01-11T08,CENT,Central,D,Demand,31252,megawatthours,2026-01-11 08:00:00,31252.0
2026-01-11T08,CENT,Central,DF,Day-ahead demand forecast,36387,megawatthours,2026-01-11 08:00:00,36387.0
2026-01-11T08,CENT,Central,NG,Net generation,31231,megawatthours,2026-01-11 08:00:00,31231.0
2026-01-11T08,CENT,Central,TI,Total interchange,-160,megawatthours,2026-01-11 08:00:00,-160.0
2026-01-11T07,CENT,Central,D,Demand,31258,megawatthours,2026-01-11 07:00:00,31258.0
2026-01-11T07,CENT,Central,DF,Day-ahead demand forecast,36707,megawatthours,2026-01-11 07:00:00,36707.0
2026-01-11T07,CENT,Central,NG,Net generation,31233,megawatthours,2026-01-11 07:00:00,31233.0
2026-01-11T07,CENT,Central,TI,Total interchange,-164,megawatthours,2026-01-11 07:00:00,-164.0
2026-01-11T06,CENT,Central,D,Demand,31251,megawatthours,2026-01-11 06:00:00,31251.0
2026-01-11T06,CENT,Central,DF,Day-ahead demand forecast,39026,megawatthours,2026-01-11 06:00:00,39026.0
2026-01-11T06,CENT,Central,NG,Net generation,31232,megawatthours,2026-01-11 06:00:00,31232.0
2026-01-11T06,CENT,Central,TI,Total interchange,-158,megawatthours,2026-01-11 06:00:00,-158.0
2026-01-11T05,CENT,Central,D,Demand,31256,megawatthours,2026-01-11 05:00:00,31256.0
2026-01-11T05,CENT,Central,DF,Day-ahead demand forecast,39147,megawatthours,2026-01-11 05:00:00,39147.0
2026-01-11T05,CENT,Central,NG,Net generation,31233,megawatthours,2026-01-11 05:00:00,31233.0
2026-01-11T05,CENT,Central,TI,Total interchange,-162,megawatthours,2026-01-11 05:00:00,-162.0
2026-01-11T04,CENT,Central,D,Demand,31257,megawatthours,2026-01-11 04:00:00,31257.0
2026-01-11T04,CENT,Central,DF,Day-ahead demand forecast,39679,megawatthours,2026-01-11 04:00:00,39679.0
2026-01-11T04,CENT,Central,NG,Net generation,31240,megawatthours,2026-01-11 04:00:00,31240.0
2026-01-11T04,CENT,Central,TI,Total interchange,-156,megawatthours,2026-01-11 04:00:00,-156.0
2026-01-11T03,CENT,Central,D,Demand,31251,megawatthours,2026-01-11 03:00:00,31251.0
2026-01-11T03,CENT,Central,DF,Day-ahead demand forecast,39444,megawatthours,2026-01-11 03:00:00,39444.0
2026-01-11T03,CENT,Central,NG,Net generation,31241,megawatthours,2026-01-11 03:00:00,31241.0
2026-01-11T03,CENT,Central,TI,Total interchange,-149,megawatthours,2026-01-11 03:00:00,-149.0
2026-01-11T02,CENT,Central,D,Demand,31259,megawatthours,2026-01-11 02:00:00,31259.0
2026-01-11T02,CENT,Central,DF,Day-ahead demand forecast,39266,megawatthours,2026-01-11 02:00:00,39266.0
2026-01-11T02,CENT,Central,NG,Net generation,31309,megawatthours,2026-01-11 02:00:00,31309.0
2026-01-11T02,CENT,Central,TI,Total interchange,-89,megawatthours,2026-01-11 02:00:00,-89.0
2026-01-11T01,CENT,Central,D,Demand,31246,megawatthours,2026-01-11 01:00:00,31246.0
2026-01-11T01,CENT,Central,DF,Day-ahead demand forecast,39027,megawatthours,2026-01-11 01:00:00,39027.0
2026-01-11T01,CENT,Central,NG,Net generation,31312,megawatthours,2026-01-11 01:00:00,31312.0
2026-01-11T01,CENT,Central,TI,Total interchange,-73,megawatthours,2026-01-11 01:00:00,-73.0
2026-01-11T00,CENT,Central,D,Demand,31252,megawatthours,2026-01-11 00:00:00,31252.0
2026-01-11T00,CENT,Central,DF,Day-ahead demand forecast,37837,megawatthours,2026-01-11 00:00:00,37837.0
2026-01-11T00,CENT,Central,NG,Net generation,31388,megawatthours,2026-01-11 00:00:00,31388.0
2026-01-11T00,CENT,Central,TI,Total interchange,-3,megawatthours,2026-01-11 00:00:00,-3.0
2026-01-10T23,CENT,Central,D,Demand,31255,megawatthours,2026-01-10 23:00:00,31255.0
2026-01-10T23,CENT,Central,DF,Day-ahead demand forecast,36087,megawatthours,2026-01-10 23:00:00,36087.0
2026-01-10T23,CENT,Central,NG,Net generation,31324,megawatthours,2026-01-10 23:00:00,31324.0
2026-01-10T23,CENT,Central,TI,Total interchange,-70,megawatthours,2026-01-10 23:00:00,-70.0
2026-01-10T22,CENT,Central,D,Demand,31253,megawatthours,2026-01-10 22:00:00,31253.0
2026-01-10T22,CENT,Central,DF,Day-ahead demand forecast,35560,megawatthours,2026-01-10 22:00:00,35560.0
2026-01-10T22,CENT,Central,NG,Net generation,31261,megawatthours,2026-01-10 22:00:00,31261.0
2026-01-10T22,CENT,Central,TI,Total interchange,-131,megawatthours,2026-01-10 22:00:00,-131.0
2026-01-10T21,CENT,Central,D,Demand,31252,megawatthours,2026-01-10 21:00:00,31252.0
2026-01-10T21,CENT,Central,DF,Day-ahead demand forecast,35743,megawatthours,2026-01-10 21:00:00,35743.0
2026-01-10T21,CENT,Central,NG,Net generation,31249,megawatthours,2026-01-10 21:00:00,31249.0
2026-01-10T21,CENT,Central,TI,Total interchange,-142,megawatthours,2026-01-10 21:00:00,-142.0
2026-01-10T20,CENT,Central,D,Demand,31257,megawatthours,2026-01-10 20:00:00,31257.0
2026-01-10T20,CENT,Central,DF,Day-ahead demand forecast,36056,megawatthours,2026-01-10 20:00:00,36056.0
2026-01-10T20,CENT,Central,NG,Net generation,31243,megawatthours,2026-01-10 20:00:00,31243.0
2026-01-10T20,CENT,Central,TI,Total interchange,-153,megawatthours,2026-01-10 20:00:00,-153.0
2026-01-10T19,CENT,Central,D,Demand,31263,megawatthours,2026-01-10 19:00:00,31263.0
2026-01-10T19,CENT,Central,DF,Day-ahead demand forecast,36665,megawatthours,2026-01-10 19:00:00,36665.0
2026-01-10T19,CENT,Central,NG,Net generation,31246,megawatthours,2026-01-10 19:00:00,31246.0
2026-01-10T19,CENT,Central,TI,Total interchange,-156,megawatthours,2026-01-10 19:00:00,-156.0
2026-01-10T18,CENT,Central,D,Demand,31241,megawatthours,2026-01-10 18:00:00,31241.0
2026-01-10T18,CENT,Central,DF,Day-ahead demand forecast,37485,megawatthours,2026-01-10 18:00:00,37485.0
2026-01-10T18,CENT,Central,NG,Net generation,31413,megawatthours,2026-01-10 18:00:00,31413.0
2026-01-10T18,CENT,Central,TI,Total interchange,33,megawatthours,2026-01-10 18:00:00,33.0
2026-01-10T17,CENT,Central,D,Demand,31250,megawatthours,2026-01-10 17:00:00,31250.0
2026-01-10T17,CENT,Central,DF,Day-ahead demand forecast,38281,megawatthours,2026-01-10 17:00:00,38281.0
2026-01-10T17,CENT,Central,NG,Net generation,31481,megawatthours,2026-01-10 17:00:00,31481.0
2026-01-10T17,CENT,Central,TI,Total interchange,92,megawatthours,2026-01-10 17:00:00,92.0
2026-01-10T16,CENT,Central,D,Demand,31243,megawatthours,2026-01-10 16:00:00,31243.0
2026-01-10T16,CENT,Central,DF,Day-ahead demand forecast,39058,megawatthours,2026-01-10 16:00:00,39058.0
2026-01-10T16,CENT,Central,NG,Net generation,31320,megawatthours,2026-01-10 16:00:00,31320.0
2026-01-10T16,CENT,Central,TI,Total interchange,-62,megawatthours,2026-01-10 16:00:00,-62.0
2026-01-10T15,CENT,Central,D,Demand,31256,megawatthours,2026-01-10 15:00:00,31256.0
2026-01-10T15,CENT,Central,DF,Day-ahead demand forecast,40007,megawatthours,2026-01-10 15:00:00,40007.0
2026-01-10T15,CENT,Central,NG,Net generation,31247,megawatthours,2026-01-10 15:00:00,31247.0
2026-01-10T15,CENT,Central,TI,Total interchange,-148,megawatthours,2026-01-10 15:00:00,-148.0
2026-01-10T14,CENT,Central,D,Demand,31252,megawatthours,2026-01-10 14:00:00,31252.0
2026-01-10T14,CENT,Central,DF,Day-ahead demand forecast,39265,megawatthours,2026-01-10 14:00:00,39265.0
2026-01-10T14,CENT,Central,NG,Net generation,31249,megawatthours,2026-01-10 14:00:00,31249.0
2026-01-10T14,CENT,Central,TI,Total interchange,-142,megawatthours,2026-01-10 14:00:00,-142.0
2026-01-10T13,CENT,Central,D,Demand,31256,megawatthours,2026-01-10 13:00:00,31256.0
2026-01-10T13,CENT,Central,DF,Day-ahead demand forecast,38061,megawatthours,2026-01-10 13:00:00,38061.0
2026-01-10T13,CENT,Central,NG,Net generation,31250,megawatthours,2026-01-10 13:00:00,31250.0
2026-01-10T13,CENT,Central,TI,Total interchange,-145,megawatthours,2026-01-10 13:00:00,-145.0
2026-01-10T12,CENT,Central,D,Demand,31252,megawatthours,2026-01-10 12:00:00,31252.0
2026-01-10T12,CENT,Central,DF,Day-ahead demand forecast,36815,megawatthours,2026-01-10 12:00:00,36815.0
2026-01-10T12,CENT,Central,NG,Net generation,31249,megawatthours,2026-01-10 12:00:00,31249.0
2026-01-10T12,CENT,Central,TI,Total interchange,-142,megawatthours,2026-01-10 12:00:00,-142.0
2026-01-10T11,CENT,Central,D,Demand,31258,megawatthours,2026-01-10 11:00:00,31258.0
2026-01-10T11,CENT,Central,DF,Day-ahead demand forecast,35647,megawatthours,2026-01-10 11:00:00,35647.0
2026-01-10T11,CENT,Central,NG,Net generation,31242,megawatthours,2026-01-10 11:00:00,31242.0
2026-01-10T11,CENT,Central,TI,Total interchange,-155,megawatthours,2026-01-10 11:00:00,-155.0
2026-01-10T10,CENT,Central,D,Demand,31255,megawatthours,2026-01-10 10:00:00,31255.0
2026-01-10T10,CENT,Central,DF,Day-ahead demand forecast,35262,megawatthours,2026-01-10 10:00:00,35262.0
2026-01-10T10,CENT,Central,NG,Net generation,31234,megawatthours,2026-01-10 10:00:00,31234.0
2026-01-10T10,CENT,Central,TI,Total interchange,-160,megawatthours,2026-01-10 10:00:00,-160.0
2026-01-10T09,CENT,Central,D,Demand,31260,megawatthours,2026-01-10 09:00:00,31260.0
2026-01-10T09,CENT,Central,DF,Day-ahead demand forecast,34791,megawatthours,2026-01-10 09:00:00,34791.0
2026-01-10T09,CENT,Central,NG,Net generation,31233,megawatthours,2026-01-10 09:00:00,31233.0
2026-01-10T09,CENT,Central,TI,Total interchange,-166,megawatthours,2026-01-10 09:00:00,-166.0
2026-01-10T08,CENT,Central,D,Demand,31251,megawatthours,2026-01-10 08:00:00,31251.0
2026-01-10T08,CENT,Central,DF,Day-ahead demand forecast,34804,megawatthours,2026-01-10 08:00:00,34804.0
2026-01-10T08,CENT,Central,NG,Net generation,31234,megawatthours,2026-01-10 08:00:00,31234.0
2026-01-10T08,CENT,Central,TI,Total interchange,-156,megawatthours,2026-01-10 08:00:00,-156.0
2026-01-10T07,CENT,Central,D,Demand,31260,megawatthours,2026-01-10 07:00:00,31260.0
2026-01-10T07,CENT,Central,DF,Day-ahead demand forecast,35161,megawatthours,2026-01-10 07:00:00,35161.0
2026-01-10T07,CENT,Central,NG,Net generation,31231,megawatthours,2026-01-10 07:00:00,31231.0
2026-01-10T07,CENT,Central,TI,Total interchange,-168,megawatthours,2026-01-10 07:00:00,-168.0
2026-01-10T06,CENT,Central,D,Demand,31254,megawatthours,2026-01-10 06:00:00,31254.0
2026-01-10T06,CENT,Central,DF,Day-ahead demand forecast,36845,megawatthours,2026-01-10 06:00:00,36845.0
2026-01-10T06,CENT,Central,NG,Net generation,31231,megawatthours,2026-01-10 06:00:00,31231.0
2026-01-10T06,CENT,Central,TI,Total interchange,-162,megawatthours,2026-01-10 06:00:00,-162.0
2026-01-10T05,CENT,Central,D,Demand,31255,megawatthours,2026-01-10 05:00:00,31255.0
2026-01-10T05,CENT,Central,DF,Day-ahead demand forecast,37460,megawatthours,2026-01-10 05:00:00,37460.0
2026-01-10T05,CENT,Central,NG,Net generation,31231,megawatthours,2026-01-10 05:00:00,31231.0
2026-01-10T05,CENT,Central,TI,Total interchange,-163,megawatthours,2026-01-10 05:00:00,-163.0
2026-01-10T04,CENT,Central,D,Demand,31249,megawatthours,2026-01-10 04:00:00,31249.0
2026-01-10T04,CENT,Central,DF,Day-ahead demand forecast,37907,megawatthours,2026-01-10 04:00:00,37907.0
2026-01-10T04,CENT,Central,NG,Net generation,31245,megawatthours,2026-01-10 04:00:00,31245.0
2026-01-10T04,CENT,Central,TI,Total interchange,-143,megawatthours,2026-01-10 04:00:00,-143.0
2026-01-10T03,CENT,Central,D,Demand,31256,megawatthours,2026-01-10 03:00:00,31256.0
2026-01-10T03,CENT,Central,DF,Day-ahead demand forecast,37977,megawatthours,2026-01-10 03:00:00,37977.0
2026-01-10T03,CENT,Central,NG,Net generation,31259,megawatthours,2026-01-10 03:00:00,31259.0
2026-01-10T03,CENT,Central,TI,Total interchange,-136,megawatthours,2026-01-10 03:00:00,-136.0
2026-01-10T02,CENT,Central,D,Demand,31246,megawatthours,2026-01-10 02:00:00,31246.0
2026-01-10T02,CENT,Central,DF,Day-ahead demand forecast,37939,megawatthours,2026-01-10 02:00:00,37939.0
2026-01-10T02,CENT,Central,NG,Net generation,31258,megawatthours,2026-01-10 02:00:00,31258.0
2026-01-10T02,CENT,Central,TI,Total interchange,-127,megawatthours,2026-01-10 02:00:00,-127.0
2026-01-10T01,CENT,Central,D,Demand,31246,megawatthours,2026-01-10 01:00:00,31246.0
2026-01-10T01,CENT,Central,DF,Day-ahead demand forecast,38034,megawatthours,2026-01-10 01:00:00,38034.0
2026-01-10T01,CENT,Central,NG,Net generation,31364,megawatthours,2026-01-10 01:00:00,31364.0
2026-01-10T01,CENT,Central,TI,Total interchange,-21,megawatthours,2026-01-10 01:00:00,-21.0
2026-01-10T00,CENT,Central,D,Demand,31253,megawatthours,2026-01-10 00:00:00,31253.0
2026-01-10T00,CENT,Central,DF,Day-ahead demand forecast,37398,megawatthours,2026-01-10 00:00:00,37398.0
2026-01-10T00,CENT,Central,NG,Net generation,31364,megawatthours,2026-01-10 00:00:00,31364.0
2026-01-10T00,CENT,Central,TI,Total interchange,-28,megawatthours,2026-01-10 00:00:00,-28.0
2026-01-09T23,CENT,Central,D,Demand,31233,megawatthours,2026-01-09 23:00:00,31233.0
2026-01-09T23,CENT,Central,DF,Day-ahead demand forecast,36505,megawatthours,2026-01-09 23:00:00,36505.0
2026-01-09T23,CENT,Central,NG,Net generation,31498,megawatthours,2026-01-09 23:00:00,31498.0
2026-01-09T23,CENT,Central,TI,Total interchange,126,megawatthours,2026-01-09 23:00:00,126.0
2026-01-09T22,CENT,Central,D,Demand,31254,megawatthours,2026-01-09 22:00:00,31254.0
2026-01-09T22,CENT,Central,DF,Day-ahead demand forecast,36105,megawatthours,2026-01-09 22:00:00,36105.0
2026-01-09T22,CENT,Central,NG,Net generation,31428,megawatthours,2026-01-09 22:00:00,31428.0
2026-01-09T22,CENT,Central,TI,Total interchange,35,megawatthours,2026-01-09 22:00:00,35.0
2026-01-09T21,CENT,Central,D,Demand,31238,megawatthours,2026-01-09 21:00:00,31238.0
2026-01-09T21,CENT,Central,DF,Day-ahead demand forecast,36235,megawatthours,2026-01-09 21:00:00,36235.0
2026-01-09T21,CENT,Central,NG,Net generation,31277,megawatthours,2026-01-09 21:00:00,31277.0
2026-01-09T21,CENT,Central,TI,Total interchange,-100,megawatthours,2026-01-09 21:00:00,-100.0
2026-01-09T20,CENT,Central,D,Demand,31251,megawatthours,2026-01-09 20:00:00,31251.0
2026-01-09T20,CENT,Central,DF,Day-ahead demand forecast,36559,megawatthours,2026-01-09 20:00:00,36559.0
2026-01-09T20,CENT,Central,NG,Net generation,31276,megawatthours,2026-01-09 20:00:00,31276.0
2026-01-09T20,CENT,Central,TI,Total interchange,-114,megawatthours,2026-01-09 20:00:00,-114.0
2026-01-09T19,CENT,Central,D,Demand,31243,megawatthours,2026-01-09 19:00:00,31243.0
2026-01-09T19,CENT,Central,DF,Day-ahead demand forecast,37041,megawatthours,2026-01-09 19:00:00,37041.0
2026-01-09T19,CENT,Central,NG,Net generation,31302,megawatthours,2026-01-09 19:00:00,31302.0
2026-01-09T19,CENT,Central,TI,Total interchange,-80,megawatthours,2026-01-09 19:00:00,-80.0
2026-01-09T18,CENT,Central,D,Demand,31246,megawatthours,2026-01-09 18:00:00,31246.0
2026-01-09T18,CENT,Central,DF,Day-ahead demand forecast,37484,megawatthours,2026-01-09 18:00:00,37484.0
2026-01-09T18,CENT,Central,NG,Net generation,31559,megawatthours,2026-01-09 18:00:00,31559.0
2026-01-09T18,CENT,Central,TI,Total interchange,174,megawatthours,2026-01-09 18:00:00,174.0
2026-01-09T17,CENT,Central,D,Demand,31243,megawatthours,2026-01-09 17:00:00,31243.0
2026-01-09T17,CENT,Central,DF,Day-ahead demand forecast,38013,megawatthours,2026-01-09 17:00:00,38013.0
2026-01-09T17,CENT,Central,NG,Net generation,31693,megawatthours,2026-01-09 17:00:00,31693.0
2026-01-09T17,CENT,Central,TI,Total interchange,311,megawatthours,2026-01-09 17:00:00,311.0
2026-01-09T16,CENT,Central,D,Demand,31243,megawatthours,2026-01-09 16:00:00,31243.0
2026-01-09T16,CENT,Central,DF,Day-ahead demand forecast,38580,megawatthours,2026-01-09 16:00:00,38580.0
2026-01-09T16,CENT,Central,NG,Net generation,31621,megawatthours,2026-01-09 16:00:00,31621.0
2026-01-09T16,CENT,Central,TI,Total interchange,239,megawatthours,2026-01-09 16:00:00,239.0
2026-01-09T15,CENT,Central,D,Demand,31238,megawatthours,2026-01-09 15:00:00,31238.0
2026-01-09T15,CENT,Central,DF,Day-ahead demand forecast,39037,megawatthours,2026-01-09 15:00:00,39037.0
2026-01-09T15,CENT,Central,NG,Net generation,31881,megawatthours,2026-01-09 15:00:00,31881.0
2026-01-09T15,CENT,Central,TI,Total interchange,504,megawatthours,2026-01-09 15:00:00,504.0
2026-01-09T14,CENT,Central,D,Demand,31246,megawatthours,2026-01-09 14:00:00,31246.0
2026-01-09T14,CENT,Central,DF,Day-ahead demand forecast,39098,megawatthours,2026-01-09 14:00:00,39098.0
2026-01-09T14,CENT,Central,NG,Net generation,31850,megawatthours,2026-01-09 14:00:00,31850.0
2026-01-09T14,CENT,Central,TI,Total interchange,465,megawatthours,2026-01-09 14:00:00,465.0
2026-01-09T13,CENT,Central,D,Demand,31246,megawatthours,2026-01-09 13:00:00,31246.0
2026-01-09T13,CENT,Central,DF,Day-ahead demand forecast,37610,megawatthours,2026-01-09 13:00:00,37610.0
2026-01-09T13,CENT,Central,NG,Net generation,31424,megawatthours,2026-01-09 13:00:00,31424.0
2026-01-09T13,CENT,Central,TI,Total interchange,39,megawatthours,2026-01-09 13:00:00,39.0
2026-01-09T12,CENT,Central,D,Demand,31239,megawatthours,2026-01-09 12:00:00,31239.0
2026-01-09T12,CENT,Central,DF,Day-ahead demand forecast,35392,megawatthours,2026-01-09 12:00:00,35392.0
2026-01-09T12,CENT,Central,NG,Net generation,31402,megawatthours,2026-01-09 12:00:00,31402.0
2026-01-09T12,CENT,Central,TI,Total interchange,24,megawatthours,2026-01-09 12:00:00,24.0
2026-01-09T11,CENT,Central,D,Demand,31242,megawatthours,2026-01-09 11:00:00,31242.0
2026-01-09T11,CENT,Central,DF,Day-ahead demand forecast,33961,megawatthours,2026-01-09 11:00:00,33961.0
2026-01-09T11,CENT,Central,NG,Net generation,31236,megawatthours,2026-01-09 11:00:00,31236.0
2026-01-09T11,CENT,Central,TI,Total interchange,-145,megawatthours,2026-01-09 11:00:00,-145.0
2026-01-09T10,CENT,Central,D,Demand,31255,megawatthours,2026-01-09 10:00:00,31255.0
2026-01-09T10,CENT,Central,DF,Day-ahead demand forecast,33452,megawatthours,2026-01-09 10:00:00,33452.0
2026-01-09T10,CENT,Central,NG,Net generation,31238,megawatthours,2026-01-09 10:00:00,31238.0
2026-01-09T10,CENT,Central,TI,Total interchange,-156,megawatthours,2026-01-09 10:00:00,-156.0
2026-01-09T09,CENT,Central,D,Demand,31240,megawatthours,2026-01-09 09:00:00,31240.0
2026-01-09T09,CENT,Central,DF,Day-ahead demand forecast,33191,megawatthours,2026-01-09 09:00:00,33191.0
2026-01-09T09,CENT,Central,NG,Net generation,31236,megawatthours,2026-01-09 09:00:00,31236.0
2026-01-09T09,CENT,Central,TI,Total interchange,-143,megawatthours,2026-01-09 09:00:00,-143.0
2026-01-09T08,CENT,Central,D,Demand,31249,megawatthours,2026-01-09 08:00:00,31249.0
2026-01-09T08,CENT,Central,DF,Day-ahead demand forecast,33108,megawatthours,2026-01-09 08:00:00,33108.0
2026-01-09T08,CENT,Central,NG,Net generation,31236,megawatthours,2026-01-09 08:00:00,31236.0
2026-01-09T08,CENT,Central,TI,Total interchange,-152,megawatthours,2026-01-09 08:00:00,-152.0
2026-01-09T07,CENT,Central,D,Demand,31250,megawatthours,2026-01-09 07:00:00,31250.0
2026-01-09T07,CENT,Central,DF,Day-ahead demand forecast,33179,megawatthours,2026-01-09 07:00:00,33179.0
2026-01-09T07,CENT,Central,NG,Net generation,31239,megawatthours,2026-01-09 07:00:00,31239.0
2026-01-09T07,CENT,Central,TI,Total interchange,-150,megawatthours,2026-01-09 07:00:00,-150.0
2026-01-09T06,CENT,Central,D,Demand,31250,megawatthours,2026-01-09 06:00:00,31250.0
2026-01-09T06,CENT,Central,DF,Day-ahead demand forecast,34152,megawatthours,2026-01-09 06:00:00,34152.0
2026-01-09T06,CENT,Central,NG,Net generation,31242,megawatthours,2026-01-09 06:00:00,31242.0
2026-01-09T06,CENT,Central,TI,Total interchange,-147,megawatthours,2026-01-09 06:00:00,-147.0
2026-01-09T05,CENT,Central,D,Demand,31253,megawatthours,2026-01-09 05:00:00,31253.0
2026-01-09T05,CENT,Central,DF,Day-ahead demand forecast,34884,megawatthours,2026-01-09 05:00:00,34884.0
2026-01-09T05,CENT,Central,NG,Net generation,31242,megawatthours,2026-01-09 05:00:00,31242.0
2026-01-09T05,CENT,Central,TI,Total interchange,-150,megawatthours,2026-01-09 05:00:00,-150.0
2026-01-09T04,CENT,Central,D,Demand,31256,megawatthours,2026-01-09 04:00:00,31256.0
2026-01-09T04,CENT,Central,DF,Day-ahead demand forecast,35898,megawatthours,2026-01-09 04:00:00,35898.0
2026-01-09T04,CENT,Central,NG,Net generation,31240,megawatthours,2026-01-09 04:00:00,31240.0
2026-01-09T04,CENT,Central,TI,Total interchange,-155,megawatthours,2026-01-09 04:00:00,-155.0
2026-01-09T03,CENT,Central,D,Demand,31254,megawatthours,2026-01-09 03:00:00,31254.0
2026-01-09T03,CENT,Central,DF,Day-ahead demand forecast,36453,megawatthours,2026-01-09 03:00:00,36453.0
2026-01-09T03,CENT,Central,NG,Net generation,31240,megawatthours,2026-01-09 03:00:00,31240.0
2026-01-09T03,CENT,Central,TI,Total interchange,-153,megawatthours,2026-01-09 03:00:00,-153.0
2026-01-09T02,CENT,Central,D,Demand,31256,megawatthours,2026-01-09 02:00:00,31256.0
2026-01-09T02,CENT,Central,DF,Day-ahead demand forecast,36722,megawatthours,2026-01-09 02:00:00,36722.0
2026-01-09T02,CENT,Central,NG,Net generation,31313,megawatthours,2026-01-09 02:00:00,31313.0
2026-01-09T02,CENT,Central,TI,Total interchange,-82,megawatthours,2026-01-09 02:00:00,-82.0
2026-01-09T01,CENT,Central,D,Demand,31253,megawatthours,2026-01-09 01:00:00,31253.0
2026-01-09T01,CENT,Central,DF,Day-ahead demand forecast,36803,megawatthours,2026-01-09 01:00:00,36803.0
2026-01-09T01,CENT,Central,NG,Net generation,31447,megawatthours,2026-01-09 01:00:00,31447.0
2026-01-09T01,CENT,Central,TI,Total interchange,55,megawatthours,2026-01-09 01:00:00,55.0
2026-01-09T00,CENT,Central,D,Demand,31251,megawatthours,2026-01-09 00:00:00,31251.0
2026-01-09T00,CENT,Central,DF,Day-ahead demand forecast,36471,megawatthours,2026-01-09 00:00:00,36471.0
2026-01-09T00,CENT,Central,NG,Net generation,31765,megawatthours,2026-01-09 00:00:00,31765.0
2026-01-09T00,CENT,Central,TI,Total interchange,375,megawatthours,2026-01-09 00:00:00,375.0
2026-01-08T23,CENT,Central,D,Demand,31255,megawatthours,2026-01-08 23:00:00,31255.0
2026-01-08T23,CENT,Central,DF,Day-ahead demand forecast,35464,megawatthours,2026-01-08 23:00:00,35464.0
2026-01-08T23,CENT,Central,NG,Net generation,31604,megawatthours,2026-01-08 23:00:00,31604.0
2026-01-08T23,CENT,Central,TI,Total interchange,210,megawatthours,2026-01-08 23:00:00,210.0
2026-01-08T22,CENT,Central,D,Demand,31255,megawatthours,2026-01-08 22:00:00,31255.0
2026-01-08T22,CENT,Central,DF,Day-ahead demand forecast,35170,megawatthours,2026-01-08 22:00:00,35170.0
2026-01-08T22,CENT,Central,NG,Net generation,31438,megawatthours,2026-01-08 22:00:00,31438.0
2026-01-08T22,CENT,Central,TI,Total interchange,44,megawatthours,2026-01-08 22:00:00,44.0
2026-01-08T21,CENT,Central,D,Demand,31247,megawatthours,2026-01-08 21:00:00,31247.0
2026-01-08T21,CENT,Central,DF,Day-ahead demand forecast,35211,megawatthours,2026-01-08 21:00:00,35211.0
2026-01-08T21,CENT,Central,NG,Net generation,31264,megawatthours,2026-01-08 21:00:00,31264.0
2026-01-08T21,CENT,Central,TI,Total interchange,-122,megawatthours,2026-01-08 21:00:00,-122.0
2026-01-08T20,CENT,Central,D,Demand,31256,megawatthours,2026-01-08 20:00:00,31256.0
2026-01-08T20,CENT,Central,DF,Day-ahead demand forecast,35426,megawatthours,2026-01-08 20:00:00,35426.0
2026-01-08T20,CENT,Central,NG,Net generation,31258,megawatthours,2026-01-08 20:00:00,31258.0
2026-01-08T20,CENT,Central,TI,Total interchange,-137,megawatthours,2026-01-08 20:00:00,-137.0
2026-01-08T19,CENT,Central,D,Demand,31255,megawatthours,2026-01-08 19:00:00,31255.0
2026-01-08T19,CENT,Central,DF,Day-ahead demand forecast,35548,megawatthours,2026-01-08 19:00:00,35548.0
2026-01-08T19,CENT,Central,NG,Net generation,31304,megawatthours,2026-01-08 19:00:00,31304.0
2026-01-08T19,CENT,Central,TI,Total interchange,-90,megawatthours,2026-01-08 19:00:00,-90.0
2026-01-08T18,CENT,Central,D,Demand,31255,megawatthours,2026-01-08 18:00:00,31255.0
2026-01-08T18,CENT,Central,DF,Day-ahead demand forecast,35907,megawatthours,2026-01-08 18:00:00,35907.0
2026-01-08T18,CENT,Central,NG,Net generation,31307,megawatthours,2026-01-08 18:00:00,31307.0
2026-01-08T18,CENT,Central,TI,Total interchange,-87,megawatthours,2026-01-08 18:00:00,-87.0
2026-01-08T17,CENT,Central,D,Demand,31248,megawatthours,2026-01-08 17:00:00,31248.0
2026-01-08T17,CENT,Central,DF,Day-ahead demand forecast,36024,megawatthours,2026-01-08 17:00:00,36024.0
2026-01-08T17,CENT,Central,NG,Net generation,31361,megawatthours,2026-01-08 17:00:00,31361.0
2026-01-08T17,CENT,Central,TI,Total interchange,-26,megawatthours,2026-01-08 17:00:00,-26.0
2026-01-08T16,CENT,Central,D,Demand,31242,megawatthours,2026-01-08 16:00:00,31242.0
2026-01-08T16,CENT,Central,DF,Day-ahead demand forecast,36460,megawatthours,2026-01-08 16:00:00,36460.0
2026-01-08T16,CENT,Central,NG,Net generation,31313,megawatthours,2026-01-08 16:00:00,31313.0
2026-01-08T16,CENT,Central,TI,Total interchange,-68,megawatthours,2026-01-08 16:00:00,-68.0
2026-01-08T15,CENT,Central,D,Demand,31254,megawatthours,2026-01-08 15:00:00,31254.0
2026-01-08T15,CENT,Central,DF,Day-ahead demand forecast,36531,megawatthours,2026-01-08 15:00:00,36531.0
2026-01-08T15,CENT,Central,NG,Net generation,31363,megawatthours,2026-01-08 15:00:00,31363.0
2026-01-08T15,CENT,Central,TI,Total interchange,-30,megawatthours,2026-01-08 15:00:00,-30.0
2026-01-08T14,CENT,Central,D,Demand,31246,megawatthours,2026-01-08 14:00:00,31246.0
2026-01-08T14,CENT,Central,DF,Day-ahead demand forecast,36219,megawatthours,2026-01-08 14:00:00,36219.0
2026-01-08T14,CENT,Central,NG,Net generation,31342,megawatthours,2026-01-08 14:00:00,31342.0
2026-01-08T14,CENT,Central,TI,Total interchange,-43,megawatthours,2026-01-08 14:00:00,-43.0
2026-01-08T13,CENT,Central,D,Demand,31261,megawatthours,2026-01-08 13:00:00,31261.0
2026-01-08T13,CENT,Central,DF,Day-ahead demand forecast,35056,megawatthours,2026-01-08 13:00:00,35056.0
2026-01-08T13,CENT,Central,NG,Net generation,31362,megawatthours,2026-01-08 13:00:00,31362.0
2026-01-08T13,CENT,Central,TI,Total interchange,-38,megawatthours,2026-01-08 13:00:00,-38.0
2026-01-08T12,CENT,Central,D,Demand,31256,megawatthours,2026-01-08 12:00:00,31256.0
2026-01-08T12,CENT,Central,DF,Day-ahead demand forecast,33397,megawatthours,2026-01-08 12:00:00,33397.0
2026-01-08T12,CENT,Central,NG,Net generation,31413,megawatthours,2026-01-08 12:00:00,31413.0
2026-01-08T12,CENT,Central,TI,Total interchange,18,megawatthours,2026-01-08 12:00:00,18.0
2026-01-08T11,CENT,Central,D,Demand,31261,megawatthours,2026-01-08 11:00:00,31261.0
2026-01-08T11,CENT,Central,DF,Day-ahead demand forecast,32229,megawatthours,2026-01-08 11:00:00,32229.0
2026-01-08T11,CENT,Central,NG,Net generation,31249,megawatthours,2026-01-08 11:00:00,31249.0
2026-01-08T11,CENT,Central,TI,Total interchange,-151,megawatthours,2026-01-08 11:00:00,-151.0
2026-01-08T10,CENT,Central,D,Demand,31260,megawatthours,2026-01-08 10:00:00,31260.0
2026-01-08T10,CENT,Central,DF,Day-ahead demand forecast,31809,megawatthours,2026-01-08 10:00:00,31809.0
2026-01-08T10,CENT,Central,NG,Net generation,31236,megawatthours,2026-01-08 10:00:00,31236.0
2026-01-08T10,CENT,Central,TI,Total interchange,-163,megawatthours,2026-01-08 10:00:00,-163.0
2026-01-08T09,CENT,Central,D,Demand,31256,megawatthours,2026-01-08 09:00:00,31256.0
2026-01-08T09,CENT,Central,DF,Day-ahead demand forecast,31678,megawatthours,2026-01-08 09:00:00,31678.0
2026-01-08T09,CENT,Central,NG,Net generation,31234,megawatthours,2026-01-08 09:00:00,31234.0
2026-01-08T09,CENT,Central,TI,Total interchange,-161,megawatthours,2026-01-08 09:00:00,-161.0
2026-01-08T08,CENT,Central,D,Demand,31265,megawatthours,2026-01-08 08:00:00,31265.0
2026-01-08T08,CENT,Central,DF,Day-ahead demand forecast,31853,megawatthours,2026-01-08 08:00:00,31853.0
2026-01-08T08,CENT,Central,NG,Net generation,31233,megawatthours,2026-01-08 08:00:00,31233.0
2026-01-08T08,CENT,Central,TI,Total interchange,-171,megawatthours,2026-01-08 08:00:00,-171.0
2026-01-08T07,CENT,Central,D,Demand,31262,megawatthours,2026-01-08 07:00:00,31262.0
2026-01-08T07,CENT,Central,DF,Day-ahead demand forecast,32171,megawatthours,2026-01-08 07:00:00,32171.0
2026-01-08T07,CENT,Central,NG,Net generation,31234,megawatthours,2026-01-08 07:00:00,31234.0
2026-01-08T07,CENT,Central,TI,Total interchange,-167,megawatthours,2026-01-08 07:00:00,-167.0
2026-01-08T06,CENT,Central,D,Demand,31245,megawatthours,2026-01-08 06:00:00,31245.0
2026-01-08T06,CENT,Central,DF,Day-ahead demand forecast,33640,megawatthours,2026-01-08 06:00:00,33640.0
2026-01-08T06,CENT,Central,NG,Net generation,31230,megawatthours,2026-01-08 06:00:00,31230.0
2026-01-08T06,CENT,Central,TI,Total interchange,-154,megawatthours,2026-01-08 06:00:00,-154.0
2026-01-08T05,CENT,Central,D,Demand,31257,megawatthours,2026-01-08 05:00:00,31257.0
2026-01-08T05,CENT,Central,DF,Day-ahead demand forecast,34448,megawatthours,2026-01-08 05:00:00,34448.0
2026-01-08T05,CENT,Central,NG,Net generation,31232,megawatthours,2026-01-08 05:00:00,31232.0
2026-01-08T05,CENT,Central,TI,Total interchange,-164,megawatthours,2026-01-08 05:00:00,-164.0
2026-01-08T04,CENT,Central,D,Demand,31257,megawatthours,2026-01-08 04:00:00,31257.0
2026-01-08T04,CENT,Central,DF,Day-ahead demand forecast,35452,megawatthours,2026-01-08 04:00:00,35452.0
2026-01-08T04,CENT,Central,NG,Net generation,31245,megawatthours,2026-01-08 04:00:00,31245.0
2026-01-08T04,CENT,Central,TI,Total interchange,-151,megawatthours,2026-01-08 04:00:00,-151.0
2026-01-08T03,CENT,Central,D,Demand,31262,megawatthours,2026-01-08 03:00:00,31262.0
2026-01-08T03,CENT,Central,DF,Day-ahead demand forecast,35975,megawatthours,2026-01-08 03:00:00,35975.0
2026-01-08T03,CENT,Central,NG,Net generation,31248,megawatthours,2026-01-08 03:00:00,31248.0
2026-01-08T03,CENT,Central,TI,Total interchange,-153,megawatthours,2026-01-08 03:00:00,-153.0
2026-01-08T02,CENT,Central,D,Demand,31254,megawatthours,2026-01-08 02:00:00,31254.0
2026-01-08T02,CENT,Central,DF,Day-ahead demand forecast,36235,megawatthours,2026-01-08 02:00:00,36235.0
2026-01-08T02,CENT,Central,NG,Net generation,31253,megawatthours,2026-01-08 02:00:00,31253.0
2026-01-08T02,CENT,Central,TI,Total interchange,-140,megawatthours,2026-01-08 02:00:00,-140.0
2026-01-08T01,CENT,Central,D,Demand,31256,megawatthours,2026-01-08 01:00:00,31256.0
2026-01-08T01,CENT,Central,DF,Day-ahead demand forecast,36390,megawatthours,2026-01-08 01:00:00,36390.0
2026-01-08T01,CENT,Central,NG,Net generation,31421,megawatthours,2026-01-08 01:00:00,31421.0
2026-01-08T01,CENT,Central,TI,Total interchange,26,megawatthours,2026-01-08 01:00:00,26.0
2026-01-08T00,CENT,Central,D,Demand,31249,megawatthours,2026-01-08 00:00:00,31249.0
2026-01-08T00,CENT,Central,DF,Day-ahead demand forecast,36045,megawatthours,2026-01-08 00:00:00,36045.0
2026-01-08T00,CENT,Central,NG,Net generation,31738,megawatthours,2026-01-08 00:00:00,31738.0
2026-01-08T00,CENT,Central,TI,Total interchange,350,megawatthours,2026-01-08 00:00:00,350.0
2026-01-07T23,CENT,Central,D,Demand,31250,megawatthours,2026-01-07 23:00:00,31250.0
2026-01-07T23,CENT,Central,DF,Day-ahead demand forecast,34900,megawatthours,2026-01-07 23:00:00,34900.0
2026-01-07T23,CENT,Central,NG,Net generation,31579,megawatthours,2026-01-07 23:00:00,31579.0
2026-01-07T23,CENT,Central,TI,Total interchange,190,megawatthours,2026-01-07 23:00:00,190.0
2026-01-07T22,CENT,Central,D,Demand,31258,megawatthours,2026-01-07 22:00:00,31258.0
2026-01-07T22,CENT,Central,DF,Day-ahead demand forecast,34621,megawatthours,2026-01-07 22:00:00,34621.0
2026-01-07T22,CENT,Central,NG,Net generation,31428,megawatthours,2026-01-07 22:00:00,31428.0
2026-01-07T22,CENT,Central,TI,Total interchange,31,megawatthours,2026-01-07 22:00:00,31.0
2026-01-07T21,CENT,Central,D,Demand,31248,megawatthours,2026-01-07 21:00:00,31248.0
2026-01-07T21,CENT,Central,DF,Day-ahead demand forecast,34803,megawatthours,2026-01-07 21:00:00,34803.0
2026-01-07T21,CENT,Central,NG,Net generation,31246,megawatthours,2026-01-07 21:00:00,31246.0
2026-01-07T21,CENT,Central,TI,Total interchange,-141,megawatthours,2026-01-07 21:00:00,-141.0
2026-01-07T20,CENT,Central,D,Demand,31247,megawatthours,2026-01-07 20:00:00,31247.0
2026-01-07T20,CENT,Central,DF,Day-ahead demand forecast,34853,megawatthours,2026-01-07 20:00:00,34853.0
2026-01-07T20,CENT,Central,NG,Net generation,31238,megawatthours,2026-01-07 20:00:00,31238.0
2026-01-07T20,CENT,Central,TI,Total interchange,-148,megawatthours,2026-01-07 20:00:00,-148.0
2026-01-07T19,CENT,Central,D,Demand,31245,megawatthours,2026-01-07 19:00:00,31245.0
2026-01-07T19,CENT,Central,DF,Day-ahead demand forecast,35166,megawatthours,2026-01-07 19:00:00,35166.0
2026-01-07T19,CENT,Central,NG,Net generation,31295,megawatthours,2026-01-07 19:00:00,31295.0
2026-01-07T19,CENT,Central,TI,Total interchange,-89,megawatthours,2026-01-07 19:00:00,-89.0
2026-01-07T18,CENT,Central,D,Demand,31239,megawatthours,2026-01-07 18:00:00,31239.0
2026-01-07T18,CENT,Central,DF,Day-ahead demand forecast,35718,megawatthours,2026-01-07 18:00:00,35718.0
2026-01-07T18,CENT,Central,NG,Net generation,31319,megawatthours,2026-01-07 18:00:00,31319.0
2026-01-07T18,CENT,Central,TI,Total interchange,-59,megawatthours,2026-01-07 18:00:00,-59.0
2026-01-07T17,CENT,Central,D,Demand,31248,megawatthours,2026-01-07 17:00:00,31248.0
2026-01-07T17,CENT,Central,DF,Day-ahead demand forecast,36394,megawatthours,2026-01-07 17:00:00,36394.0
2026-01-07T17,CENT,Central,NG,Net generation,31358,megawatthours,2026-01-07 17:00:00,31358.0
2026-01-07T17,CENT,Central,TI,Total interchange,-29,megawatthours,2026-01-07 17:00:00,-29.0
2026-01-07T16,CENT,Central,D,Demand,31260,megawatthours,2026-01-07 16:00:00,31260.0
2026-01-07T16,CENT,Central,DF,Day-ahead demand forecast,37274,megawatthours,2026-01-07 16:00:00,37274.0
2026-01-07T16,CENT,Central,NG,Net generation,31271,megawatthours,2026-01-07 16:00:00,31271.0
2026-01-07T16,CENT,Central,TI,Total interchange,-128,megawatthours,2026-01-07 16:00:00,-128.0
2026-01-07T15,CENT,Central,D,Demand,31254,megawatthours,2026-01-07 15:00:00,31254.0
2026-01-07T15,CENT,Central,DF,Day-ahead demand forecast,38041,megawatthours,2026-01-07 15:00:00,38041.0
2026-01-07T15,CENT,Central,NG,Net generation,31357,megawatthours,2026-01-07 15:00:00,31357.0
2026-01-07T15,CENT,Central,TI,Total interchange,-36,megawatthours,2026-01-07 15:00:00,-36.0
2026-01-07T14,CENT,Central,D,Demand,31256,megawatthours,2026-01-07 14:00:00,31256.0
2026-01-07T14,CENT,Central,DF,Day-ahead demand forecast,38263,megawatthours,2026-01-07 14:00:00,38263.0
2026-01-07T14,CENT,Central,NG,Net generation,31481,megawatthours,2026-01-07 14:00:00,31481.0
2026-01-07T14,CENT,Central,TI,Total interchange,86,megawatthours,2026-01-07 14:00:00,86.0
2026-01-07T13,CENT,Central,D,Demand,31248,megawatthours,2026-01-07 13:00:00,31248.0
2026-01-07T13,CENT,Central,DF,Day-ahead demand forecast,37270,megawatthours,2026-01-07 13:00:00,37270.0
2026-01-07T13,CENT,Central,NG,Net generation,31418,megawatthours,2026-01-07 13:00:00,31418.0
2026-01-07T13,CENT,Central,TI,Total interchange,31,megawatthours,2026-01-07 13:00:00,31.0
2026-01-07T12,CENT,Central,D,Demand,31255,megawatthours,2026-01-07 12:00:00,31255.0
2026-01-07T12,CENT,Central,DF,Day-ahead demand forecast,35666,megawatthours,2026-01-07 12:00:00,35666.0
2026-01-07T12,CENT,Central,NG,Net generation,31416,megawatthours,2026-01-07 12:00:00,31416.0
2026-01-07T12,CENT,Central,TI,Total interchange,22,megawatthours,2026-01-07 12:00:00,22.0
2026-01-07T11,CENT,Central,D,Demand,31249,megawatthours,2026-01-07 11:00:00,31249.0
2026-01-07T11,CENT,Central,DF,Day-ahead demand forecast,34437,megawatthours,2026-01-07 11:00:00,34437.0
2026-01-07T11,CENT,Central,NG,Net generation,31275,megawatthours,2026-01-07 11:00:00,31275.0
2026-01-07T11,CENT,Central,TI,Total interchange,-113,megawatthours,2026-01-07 11:00:00,-113.0
2026-01-07T10,CENT,Central,D,Demand,31249,megawatthours,2026-01-07 10:00:00,31249.0
2026-01-07T10,CENT,Central,DF,Day-ahead demand forecast,33955,megawatthours,2026-01-07 10:00:00,33955.0
2026-01-07T10,CENT,Central,NG,Net generation,31262,megawatthours,2026-01-07 10:00:00,31262.0
2026-01-07T10,CENT,Central,TI,Total interchange,-126,megawatthours,2026-01-07 10:00:00,-126.0
2026-01-07T09,CENT,Central,D,Demand,31249,megawatthours,2026-01-07 09:00:00,31249.0
2026-01-07T09,CENT,Central,DF,Day-ahead demand forecast,33690,megawatthours,2026-01-07 09:00:00,33690.0
2026-01-07T09,CENT,Central,NG,Net generation,31257,megawatthours,2026-01-07 09:00:00,31257.0
2026-01-07T09,CENT,Central,TI,Total interchange,-131,megawatthours,2026-01-07 09:00:00,-131.0
2026-01-07T08,CENT,Central,D,Demand,31242,megawatthours,2026-01-07 08:00:00,31242.0
2026-01-07T08,CENT,Central,DF,Day-ahead demand forecast,33584,megawatthours,2026-01-07 08:00:00,33584.0
2026-01-07T08,CENT,Central,NG,Net generation,31256,megawatthours,2026-01-07 08:00:00,31256.0
2026-01-07T08,CENT,Central,TI,Total interchange,-125,megawatthours,2026-01-07 08:00:00,-125.0
2026-01-07T07,CENT,Central,D,Demand,31243,megawatthours,2026-01-07 07:00:00,31243.0
2026-01-07T07,CENT,Central,DF,Day-ahead demand forecast,33726,megawatthours,2026-01-07 07:00:00,33726.0
2026-01-07T07,CENT,Central,NG,Net generation,31252,megawatthours,2026-01-07 07:00:00,31252.0
2026-01-07T07,CENT,Central,TI,Total interchange,-130,megawatthours,2026-01-07 07:00:00,-130.0
2026-01-07T06,CENT,Central,D,Demand,31250,megawatthours,2026-01-07 06:00:00,31250.0
2026-01-07T06,CENT,Central,DF,Day-ahead demand forecast,34495,megawatthours,2026-01-07 06:00:00,34495.0
2026-01-07T06,CENT,Central,NG,Net generation,31252,megawatthours,2026-01-07 06:00:00,31252.0
2026-01-07T06,CENT,Central,TI,Total interchange,-137,megawatthours,2026-01-07 06:00:00,-137.0
2026-01-07T05,CENT,Central,D,Demand,31240,megawatthours,2026-01-07 05:00:00,31240.0
2026-01-07T05,CENT,Central,DF,Day-ahead demand forecast,35188,megawatthours,2026-01-07 05:00:00,35188.0
2026-01-07T05,CENT,Central,NG,Net generation,31253,megawatthours,2026-01-07 05:00:00,31253.0
2026-01-07T05,CENT,Central,TI,Total interchange,-126,megawatthours,2026-01-07 05:00:00,-126.0
2026-01-07T04,CENT,Central,D,Demand,31229,megawatthours,2026-01-07 04:00:00,31229.0
2026-01-07T04,CENT,Central,DF,Day-ahead demand forecast,35933,megawatthours,2026-01-07 04:00:00,35933.0
2026-01-07T04,CENT,Central,NG,Net generation,31424,megawatthours,2026-01-07 04:00:00,31424.0
2026-01-07T04,CENT,Central,TI,Total interchange,56,megawatthours,2026-01-07 04:00:00,56.0
2026-01-07T03,CENT,Central,D,Demand,31246,megawatthours,2026-01-07 03:00:00,31246.0
2026-01-07T03,CENT,Central,DF,Day-ahead demand forecast,36368,megawatthours,2026-01-07 03:00:00,36368.0
2026-01-07T03,CENT,Central,NG,Net generation,31481,megawatthours,2026-01-07 03:00:00,31481.0
2026-01-07T03,CENT,Central,TI,Total interchange,96,megawatthours,2026-01-07 03:00:00,96.0
2026-01-07T02,CENT,Central,D,Demand,31241,megawatthours,2026-01-07 02:00:00,31241.0
2026-01-07T02,CENT,Central,DF,Day-ahead demand forecast,36610,megawatthours,2026-01-07 02:00:00,36610.0
2026-01-07T02,CENT,Central,NG,Net generation,31572,megawatthours,2026-01-07 02:00:00,31572.0
2026-01-07T02,CENT,Central,TI,Total interchange,192,megawatthours,2026-01-07 02:00:00,192.0
2026-01-07T01,CENT,Central,D,Demand,31245,megawatthours,2026-01-07 01:00:00,31245.0
2026-01-07T01,CENT,Central,DF,Day-ahead demand forecast,36534,megawatthours,2026-01-07 01:00:00,36534.0
2026-01-07T01,CENT,Central,NG,Net generation,31952,megawatthours,2026-01-07 01:00:00,31952.0
2026-01-07T01,CENT,Central,TI,Total interchange,568,megawatthours,2026-01-07 01:00:00,568.0
2026-01-07T00,CENT,Central,D,Demand,31247,megawatthours,2026-01-07 00:00:00,31247.0
2026-01-07T00,CENT,Central,DF,Day-ahead demand forecast,36294,megawatthours,2026-01-07 00:00:00,36294.0
2026-01-07T00,CENT,Central,NG,Net generation,31994,megawatthours,2026-01-07 00:00:00,31994.0
2026-01-07T00,CENT,Central,TI,Total interchange,608,megawatthours,2026-01-07 00:00:00,608.0
2026-01-06T23,CENT,Central,D,Demand,31240,megawatthours,2026-01-06 23:00:00,31240.0
2026-01-06T23,CENT,Central,DF,Day-ahead demand forecast,35059,megawatthours,2026-01-06 23:00:00,35059.0
2026-01-06T23,CENT,Central,NG,Net generation,31859,megawatthours,2026-01-06 23:00:00,31859.0
2026-01-06T23,CENT,Central,TI,Total interchange,480,megawatthours,2026-01-06 23:00:00,480.0
2026-01-06T22,CENT,Central,D,Demand,31232,megawatthours,2026-01-06 22:00:00,31232.0
2026-01-06T22,CENT,Central,DF,Day-ahead demand forecast,34548,megawatthours,2026-01-06 22:00:00,34548.0
2026-01-06T22,CENT,Central,NG,Net generation,31636,megawatthours,2026-01-06 22:00:00,31636.0
2026-01-06T22,CENT,Central,TI,Total interchange,265,megawatthours,2026-01-06 22:00:00,265.0
2026-01-06T21,CENT,Central,D,Demand,31240,megawatthours,2026-01-06 21:00:00,31240.0
2026-01-06T21,CENT,Central,DF,Day-ahead demand forecast,34466,megawatthours,2026-01-06 21:00:00,34466.0
2026-01-06T21,CENT,Central,NG,Net generation,31243,megawatthours,2026-01-06 21:00:00,31243.0
2026-01-06T21,CENT,Central,TI,Total interchange,-136,megawatthours,2026-01-06 21:00:00,-136.0
2026-01-06T20,CENT,Central,D,Demand,31391,megawatthours,2026-01-06 20:00:00,31391.0
2026-01-06T20,CENT,Central,DF,Day-ahead demand forecast,34789,megawatthours,2026-01-06 20:00:00,34789.0
2026-01-06T20,CENT,Central,NG,Net generation,31332,megawatthours,2026-01-06 20:00:00,31332.0
2026-01-06T20,CENT,Central,TI,Total interchange,-66,megawatthours,2026-01-06 20:00:00,-66.0
2026-01-06T19,CENT,Central,D,Demand,31656,megawatthours,2026-01-06 19:00:00,31656.0
2026-01-06T19,CENT,Central,DF,Day-ahead demand forecast,34925,megawatthours,2026-01-06 19:00:00,34925.0
2026-01-06T19,CENT,Central,NG,Net generation,31071,megawatthours,2026-01-06 19:00:00,31071.0
2026-01-06T19,CENT,Central,TI,Total interchange,-585,megawatthours,2026-01-06 19:00:00,-585.0
2026-01-06T18,CENT,Central,D,Demand,32141,megawatthours,2026-01-06 18:00:00,32141.0
2026-01-06T18,CENT,Central,DF,Day-ahead demand forecast,35477,megawatthours,2026-01-06 18:00:00,35477.0
2026-01-06T18,CENT,Central,NG,Net generation,31250,megawatthours,2026-01-06 18:00:00,31250.0
2026-01-06T18,CENT,Central,TI,Total interchange,-890,megawatthours,2026-01-06 18:00:00,-890.0
2026-01-06T17,CENT,Central,D,Demand,32548,megawatthours,2026-01-06 17:00:00,32548.0
2026-01-06T17,CENT,Central,DF,Day-ahead demand forecast,36209,megawatthours,2026-01-06 17:00:00,36209.0
2026-01-06T17,CENT,Central,NG,Net generation,31856,megawatthours,2026-01-06 17:00:00,31856.0
2026-01-06T17,CENT,Central,TI,Total interchange,-693,megawatthours,2026-01-06 17:00:00,-693.0
2026-01-06T16,CENT,Central,D,Demand,33200,megawatthours,2026-01-06 16:00:00,33200.0
2026-01-06T16,CENT,Central,DF,Day-ahead demand forecast,36623,megawatthours,2026-01-06 16:00:00,36623.0
2026-01-06T16,CENT,Central,NG,Net generation,33008,megawatthours,2026-01-06 16:00:00,33008.0
2026-01-06T16,CENT,Central,TI,Total interchange,-192,megawatthours,2026-01-06 16:00:00,-192.0
2026-01-06T15,CENT,Central,D,Demand,34068,megawatthours,2026-01-06 15:00:00,34068.0
2026-01-06T15,CENT,Central,DF,Day-ahead demand forecast,36925,megawatthours,2026-01-06 15:00:00,36925.0
2026-01-06T15,CENT,Central,NG,Net generation,34888,megawatthours,2026-01-06 15:00:00,34888.0
2026-01-06T15,CENT,Central,TI,Total interchange,820,megawatthours,2026-01-06 15:00:00,820.0
2026-01-06T14,CENT,Central,D,Demand,34200,megawatthours,2026-01-06 14:00:00,34200.0
2026-01-06T14,CENT,Central,DF,Day-ahead demand forecast,36973,megawatthours,2026-01-06 14:00:00,36973.0
2026-01-06T14,CENT,Central,NG,Net generation,35259,megawatthours,2026-01-06 14:00:00,35259.0
2026-01-06T14,CENT,Central,TI,Total interchange,1058,megawatthours,2026-01-06 14:00:00,1058.0
2026-01-06T13,CENT,Central,D,Demand,32908,megawatthours,2026-01-06 13:00:00,32908.0
2026-01-06T13,CENT,Central,DF,Day-ahead demand forecast,35913,megawatthours,2026-01-06 13:00:00,35913.0
2026-01-06T13,CENT,Central,NG,Net generation,34249,megawatthours,2026-01-06 13:00:00,34249.0
2026-01-06T13,CENT,Central,TI,Total interchange,1343,megawatthours,2026-01-06 13:00:00,1343.0
2026-01-06T12,CENT,Central,D,Demand,30880,megawatthours,2026-01-06 12:00:00,30880.0
2026-01-06T12,CENT,Central,DF,Day-ahead demand forecast,34314,megawatthours,2026-01-06 12:00:00,34314.0
2026-01-06T12,CENT,Central,NG,Net generation,32462,megawatthours,2026-01-06 12:00:00,32462.0
2026-01-06T12,CENT,Central,TI,Total interchange,1583,megawatthours,2026-01-06 12:00:00,1583.0
2026-01-06T11,CENT,Central,D,Demand,29537,megawatthours,2026-01-06 11:00:00,29537.0
2026-01-06T11,CENT,Central,DF,Day-ahead demand forecast,33280,megawatthours,2026-01-06 11:00:00,33280.0
2026-01-06T11,CENT,Central,NG,Net generation,31070,megawatthours,2026-01-06 11:00:00,31070.0
2026-01-06T11,CENT,Central,TI,Total interchange,1534,megawatthours,2026-01-06 11:00:00,1534.0
2026-01-06T10,CENT,Central,D,Demand,28917,megawatthours,2026-01-06 10:00:00,28917.0
2026-01-06T10,CENT,Central,DF,Day-ahead demand forecast,32788,megawatthours,2026-01-06 10:00:00,32788.0
2026-01-06T10,CENT,Central,NG,Net generation,30199,megawatthours,2026-01-06 10:00:00,30199.0
2026-01-06T10,CENT,Central,TI,Total interchange,1283,megawatthours,2026-01-06 10:00:00,1283.0
2026-01-06T09,CENT,Central,D,Demand,28776,megawatthours,2026-01-06 09:00:00,28776.0
2026-01-06T09,CENT,Central,DF,Day-ahead demand forecast,32503,megawatthours,2026-01-06 09:00:00,32503.0
2026-01-06T09,CENT,Central,NG,Net generation,29897,megawatthours,2026-01-06 09:00:00,29897.0
2026-01-06T09,CENT,Central,TI,Total interchange,1121,megawatthours,2026-01-06 09:00:00,1121.0
2026-01-06T08,CENT,Central,D,Demand,28870,megawatthours,2026-01-06 08:00:00,28870.0
2026-01-06T08,CENT,Central,DF,Day-ahead demand forecast,32610,megawatthours,2026-01-06 08:00:00,32610.0
2026-01-06T08,CENT,Central,NG,Net generation,30407,megawatthours,2026-01-06 08:00:00,30407.0
2026-01-06T08,CENT,Central,TI,Total interchange,1536,megawatthours,2026-01-06 08:00:00,1536.0
2026-01-06T07,CENT,Central,D,Demand,29294,megawatthours,2026-01-06 07:00:00,29294.0
2026-01-06T07,CENT,Central,DF,Day-ahead demand forecast,32826,megawatthours,2026-01-06 07:00:00,32826.0
2026-01-06T07,CENT,Central,NG,Net generation,30389,megawatthours,2026-01-06 07:00:00,30389.0
2026-01-06T07,CENT,Central,TI,Total interchange,1094,megawatthours,2026-01-06 07:00:00,1094.0
2026-01-06T06,CENT,Central,D,Demand,29944,megawatthours,2026-01-06 06:00:00,29944.0
2026-01-06T06,CENT,Central,DF,Day-ahead demand forecast,33861,megawatthours,2026-01-06 06:00:00,33861.0
2026-01-06T06,CENT,Central,NG,Net generation,31083,megawatthours,2026-01-06 06:00:00,31083.0
2026-01-06T06,CENT,Central,TI,Total interchange,1139,megawatthours,2026-01-06 06:00:00,1139.0
2026-01-06T05,CENT,Central,D,Demand,30881,megawatthours,2026-01-06 05:00:00,30881.0
2026-01-06T05,CENT,Central,DF,Day-ahead demand forecast,34878,megawatthours,2026-01-06 05:00:00,34878.0
2026-01-06T05,CENT,Central,NG,Net generation,31923,megawatthours,2026-01-06 05:00:00,31923.0
2026-01-06T05,CENT,Central,TI,Total interchange,1042,megawatthours,2026-01-06 05:00:00,1042.0
2026-01-06T04,CENT,Central,D,Demand,31960,megawatthours,2026-01-06 04:00:00,31960.0
2026-01-06T04,CENT,Central,DF,Day-ahead demand forecast,35714,megawatthours,2026-01-06 04:00:00,35714.0
2026-01-06T04,CENT,Central,NG,Net generation,32952,megawatthours,2026-01-06 04:00:00,32952.0
2026-01-06T04,CENT,Central,TI,Total interchange,992,megawatthours,2026-01-06 04:00:00,992.0
2026-01-06T03,CENT,Central,D,Demand,32615,megawatthours,2026-01-06 03:00:00,32615.0
2026-01-06T03,CENT,Central,DF,Day-ahead demand forecast,36303,megawatthours,2026-01-06 03:00:00,36303.0
2026-01-06T03,CENT,Central,NG,Net generation,33377,megawatthours,2026-01-06 03:00:00,33377.0
2026-01-06T03,CENT,Central,TI,Total interchange,762,megawatthours,2026-01-06 03:00:00,762.0
2026-01-06T02,CENT,Central,D,Demand,33024,megawatthours,2026-01-06 02:00:00,33024.0
2026-01-06T02,CENT,Central,DF,Day-ahead demand forecast,36491,megawatthours,2026-01-06 02:00:00,36491.0
2026-01-06T02,CENT,Central,NG,Net generation,34125,megawatthours,2026-01-06 02:00:00,34125.0
2026-01-06T02,CENT,Central,TI,Total interchange,1100,megawatthours,2026-01-06 02:00:00,1100.0
2026-01-06T01,CENT,Central,D,Demand,33353,megawatthours,2026-01-06 01:00:00,33353.0
2026-01-06T01,CENT,Central,DF,Day-ahead demand forecast,36665,megawatthours,2026-01-06 01:00:00,36665.0
2026-01-06T01,CENT,Central,NG,Net generation,33995,megawatthours,2026-01-06 01:00:00,33995.0
2026-01-06T01,CENT,Central,TI,Total interchange,643,megawatthours,2026-01-06 01:00:00,643.0
2026-01-06T00,CENT,Central,D,Demand,32862,megawatthours,2026-01-06 00:00:00,32862.0
2026-01-06T00,CENT,Central,DF,Day-ahead demand forecast,36356,megawatthours,2026-01-06 00:00:00,36356.0
2026-01-06T00,CENT,Central,NG,Net generation,33058,megawatthours,2026-01-06 00:00:00,33058.0
2026-01-06T00,CENT,Central,TI,Total interchange,197,megawatthours,2026-01-06 00:00:00,197.0
2026-01-05T23,CENT,Central,D,Demand,32060,megawatthours,2026-01-05 23:00:00,32060.0
2026-01-05T23,CENT,Central,DF,Day-ahead demand forecast,35182,megawatthours,2026-01-05 23:00:00,35182.0
2026-01-05T23,CENT,Central,NG,Net generation,32710,megawatthours,2026-01-05 23:00:00,32710.0
2026-01-05T23,CENT,Central,TI,Total interchange,650,megawatthours,2026-01-05 23:00:00,650.0
2026-01-05T22,CENT,Central,D,Demand,32163,megawatthours,2026-01-05 22:00:00,32163.0
2026-01-05T22,CENT,Central,DF,Day-ahead demand forecast,34758,megawatthours,2026-01-05 22:00:00,34758.0
2026-01-05T22,CENT,Central,NG,Net generation,32938,megawatthours,2026-01-05 22:00:00,32938.0
2026-01-05T22,CENT,Central,TI,Total interchange,775,megawatthours,2026-01-05 22:00:00,775.0
2026-01-05T21,CENT,Central,D,Demand,32440,megawatthours,2026-01-05 21:00:00,32440.0
2026-01-05T21,CENT,Central,DF,Day-ahead demand forecast,34918,megawatthours,2026-01-05 21:00:00,34918.0
2026-01-05T21,CENT,Central,NG,Net generation,33351,megawatthours,2026-01-05 21:00:00,33351.0
2026-01-05T21,CENT,Central,TI,Total interchange,911,megawatthours,2026-01-05 21:00:00,911.0
2026-01-05T20,CENT,Central,D,Demand,32785,megawatthours,2026-01-05 20:00:00,32785.0
2026-01-05T20,CENT,Central,DF,Day-ahead demand forecast,35059,megawatthours,2026-01-05 20:00:00,35059.0
2026-01-05T20,CENT,Central,NG,Net generation,33593,megawatthours,2026-01-05 20:00:00,33593.0
2026-01-05T20,CENT,Central,TI,Total interchange,808,megawatthours,2026-01-05 20:00:00,808.0
2026-01-05T19,CENT,Central,D,Demand,33163,megawatthours,2026-01-05 19:00:00,33163.0
2026-01-05T19,CENT,Central,DF,Day-ahead demand forecast,35265,megawatthours,2026-01-05 19:00:00,35265.0
2026-01-05T19,CENT,Central,NG,Net generation,33632,megawatthours,2026-01-05 19:00:00,33632.0
2026-01-05T19,CENT,Central,TI,Total interchange,468,megawatthours,2026-01-05 19:00:00,468.0
2026-01-05T18,CENT,Central,D,Demand,33666,megawatthours,2026-01-05 18:00:00,33666.0
2026-01-05T18,CENT,Central,DF,Day-ahead demand forecast,35939,megawatthours,2026-01-05 18:00:00,35939.0
2026-01-05T18,CENT,Central,NG,Net generation,34114,megawatthours,2026-01-05 18:00:00,34114.0
2026-01-05T18,CENT,Central,TI,Total interchange,448,megawatthours,2026-01-05 18:00:00,448.0
2026-01-05T17,CENT,Central,D,Demand,34058,megawatthours,2026-01-05 17:00:00,34058.0
2026-01-05T17,CENT,Central,DF,Day-ahead demand forecast,36774,megawatthours,2026-01-05 17:00:00,36774.0
2026-01-05T17,CENT,Central,NG,Net generation,34424,megawatthours,2026-01-05 17:00:00,34424.0
2026-01-05T17,CENT,Central,TI,Total interchange,366,megawatthours,2026-01-05 17:00:00,366.0
2026-01-05T16,CENT,Central,D,Demand,34547,megawatthours,2026-01-05 16:00:00,34547.0
2026-01-05T16,CENT,Central,DF,Day-ahead demand forecast,37490,megawatthours,2026-01-05 16:00:00,37490.0
2026-01-05T16,CENT,Central,NG,Net generation,34967,megawatthours,2026-01-05 16:00:00,34967.0
2026-01-05T16,CENT,Central,TI,Total interchange,419,megawatthours,2026-01-05 16:00:00,419.0
2026-01-05T15,CENT,Central,D,Demand,35149,megawatthours,2026-01-05 15:00:00,35149.0
2026-01-05T15,CENT,Central,DF,Day-ahead demand forecast,38064,megawatthours,2026-01-05 15:00:00,38064.0
2026-01-05T15,CENT,Central,NG,Net generation,36111,megawatthours,2026-01-05 15:00:00,36111.0
2026-01-05T15,CENT,Central,TI,Total interchange,962,megawatthours,2026-01-05 15:00:00,962.0
2026-01-05T14,CENT,Central,D,Demand,35117,megawatthours,2026-01-05 14:00:00,35117.0
2026-01-05T14,CENT,Central,DF,Day-ahead demand forecast,38357,megawatthours,2026-01-05 14:00:00,38357.0
2026-01-05T14,CENT,Central,NG,Net generation,36465,megawatthours,2026-01-05 14:00:00,36465.0
2026-01-05T14,CENT,Central,TI,Total interchange,1349,megawatthours,2026-01-05 14:00:00,1349.0
2026-01-05T13,CENT,Central,D,Demand,33902,megawatthours,2026-01-05 13:00:00,33902.0
2026-01-05T13,CENT,Central,DF,Day-ahead demand forecast,37142,megawatthours,2026-01-05 13:00:00,37142.0
2026-01-05T13,CENT,Central,NG,Net generation,35468,megawatthours,2026-01-05 13:00:00,35468.0
2026-01-05T13,CENT,Central,TI,Total interchange,1567,megawatthours,2026-01-05 13:00:00,1567.0
2026-01-05T12,CENT,Central,D,Demand,32174,megawatthours,2026-01-05 12:00:00,32174.0
2026-01-05T12,CENT,Central,DF,Day-ahead demand forecast,35529,megawatthours,2026-01-05 12:00:00,35529.0
2026-01-05T12,CENT,Central,NG,Net generation,33954,megawatthours,2026-01-05 12:00:00,33954.0
2026-01-05T12,CENT,Central,TI,Total interchange,1781,megawatthours,2026-01-05 12:00:00,1781.0
2026-01-05T11,CENT,Central,D,Demand,30923,megawatthours,2026-01-05 11:00:00,30923.0
2026-01-05T11,CENT,Central,DF,Day-ahead demand forecast,34483,megawatthours,2026-01-05 11:00:00,34483.0
2026-01-05T11,CENT,Central,NG,Net generation,32464,megawatthours,2026-01-05 11:00:00,32464.0
2026-01-05T11,CENT,Central,TI,Total interchange,1542,megawatthours,2026-01-05 11:00:00,1542.0
2026-01-05T10,CENT,Central,D,Demand,30495,megawatthours,2026-01-05 10:00:00,30495.0
2026-01-05T10,CENT,Central,DF,Day-ahead demand forecast,33880,megawatthours,2026-01-05 10:00:00,33880.0
2026-01-05T10,CENT,Central,NG,Net generation,32172,megawatthours,2026-01-05 10:00:00,32172.0
2026-01-05T10,CENT,Central,TI,Total interchange,1678,megawatthours,2026-01-05 10:00:00,1678.0
2026-01-05T09,CENT,Central,D,Demand,30265,megawatthours,2026-01-05 09:00:00,30265.0
2026-01-05T09,CENT,Central,DF,Day-ahead demand forecast,33618,megawatthours,2026-01-05 09:00:00,33618.0
2026-01-05T09,CENT,Central,NG,Net generation,31524,megawatthours,2026-01-05 09:00:00,31524.0
2026-01-05T09,CENT,Central,TI,Total interchange,1258,megawatthours,2026-01-05 09:00:00,1258.0
2026-01-05T08,CENT,Central,D,Demand,30246,megawatthours,2026-01-05 08:00:00,30246.0
2026-01-05T08,CENT,Central,DF,Day-ahead demand forecast,33551,megawatthours,2026-01-05 08:00:00,33551.0
2026-01-05T08,CENT,Central,NG,Net generation,31195,megawatthours,2026-01-05 08:00:00,31195.0
2026-01-05T08,CENT,Central,TI,Total interchange,949,megawatthours,2026-01-05 08:00:00,949.0
2026-01-05T07,CENT,Central,D,Demand,30511,megawatthours,2026-01-05 07:00:00,30511.0
2026-01-05T07,CENT,Central,DF,Day-ahead demand forecast,33690,megawatthours,2026-01-05 07:00:00,33690.0
2026-01-05T07,CENT,Central,NG,Net generation,31693,megawatthours,2026-01-05 07:00:00,31693.0
2026-01-05T07,CENT,Central,TI,Total interchange,1182,megawatthours,2026-01-05 07:00:00,1182.0
2026-01-05T06,CENT,Central,D,Demand,31084,megawatthours,2026-01-05 06:00:00,31084.0
2026-01-05T06,CENT,Central,DF,Day-ahead demand forecast,34801,megawatthours,2026-01-05 06:00:00,34801.0
2026-01-05T06,CENT,Central,NG,Net generation,31610,megawatthours,2026-01-05 06:00:00,31610.0
2026-01-05T06,CENT,Central,TI,Total interchange,525,megawatthours,2026-01-05 06:00:00,525.0
2026-01-05T05,CENT,Central,D,Demand,31874,megawatthours,2026-01-05 05:00:00,31874.0
2026-01-05T05,CENT,Central,DF,Day-ahead demand forecast,35509,megawatthours,2026-01-05 05:00:00,35509.0
2026-01-05T05,CENT,Central,NG,Net generation,32640,megawatthours,2026-01-05 05:00:00,32640.0
2026-01-05T05,CENT,Central,TI,Total interchange,766,megawatthours,2026-01-05 05:00:00,766.0
2026-01-05T04,CENT,Central,D,Demand,32804,megawatthours,2026-01-05 04:00:00,32804.0
2026-01-05T04,CENT,Central,DF,Day-ahead demand forecast,36314,megawatthours,2026-01-05 04:00:00,36314.0
2026-01-05T04,CENT,Central,NG,Net generation,33877,megawatthours,2026-01-05 04:00:00,33877.0
2026-01-05T04,CENT,Central,TI,Total interchange,1073,megawatthours,2026-01-05 04:00:00,1073.0
2026-01-05T03,CENT,Central,D,Demand,33391,megawatthours,2026-01-05 03:00:00,33391.0
2026-01-05T03,CENT,Central,DF,Day-ahead demand forecast,36832,megawatthours,2026-01-05 03:00:00,36832.0
2026-01-05T03,CENT,Central,NG,Net generation,34416,megawatthours,2026-01-05 03:00:00,34416.0
2026-01-05T03,CENT,Central,TI,Total interchange,1025,megawatthours,2026-01-05 03:00:00,1025.0
2026-01-05T02,CENT,Central,D,Demand,33719,megawatthours,2026-01-05 02:00:00,33719.0
2026-01-05T02,CENT,Central,DF,Day-ahead demand forecast,37103,megawatthours,2026-01-05 02:00:00,37103.0
2026-01-05T02,CENT,Central,NG,Net generation,35030,megawatthours,2026-01-05 02:00:00,35030.0
2026-01-05T02,CENT,Central,TI,Total interchange,1311,megawatthours,2026-01-05 02:00:00,1311.0
2026-01-05T01,CENT,Central,D,Demand,33819,megawatthours,2026-01-05 01:00:00,33819.0
2026-01-05T01,CENT,Central,DF,Day-ahead demand forecast,37123,megawatthours,2026-01-05 01:00:00,37123.0
2026-01-05T01,CENT,Central,NG,Net generation,34909,megawatthours,2026-01-05 01:00:00,34909.0
2026-01-05T01,CENT,Central,TI,Total interchange,1090,megawatthours,2026-01-05 01:00:00,1090.0
2026-01-05T00,CENT,Central,D,Demand,33332,megawatthours,2026-01-05 00:00:00,33332.0
2026-01-05T00,CENT,Central,DF,Day-ahead demand forecast,36528,megawatthours,2026-01-05 00:00:00,36528.0
2026-01-05T00,CENT,Central,NG,Net generation,34651,megawatthours,2026-01-05 00:00:00,34651.0
2026-01-05T00,CENT,Central,TI,Total interchange,1320,megawatthours,2026-01-05 00:00:00,1320.0
2026-01-04T23,CENT,Central,D,Demand,31925,megawatthours,2026-01-04 23:00:00,31925.0
2026-01-04T23,CENT,Central,DF,Day-ahead demand forecast,35207,megawatthours,2026-01-04 23:00:00,35207.0
2026-01-04T23,CENT,Central,NG,Net generation,32568,megawatthours,2026-01-04 23:00:00,32568.0
2026-01-04T23,CENT,Central,TI,Total interchange,643,megawatthours,2026-01-04 23:00:00,643.0
2026-01-04T22,CENT,Central,D,Demand,31537,megawatthours,2026-01-04 22:00:00,31537.0
2026-01-04T22,CENT,Central,DF,Day-ahead demand forecast,34448,megawatthours,2026-01-04 22:00:00,34448.0
2026-01-04T22,CENT,Central,NG,Net generation,32185,megawatthours,2026-01-04 22:00:00,32185.0
2026-01-04T22,CENT,Central,TI,Total interchange,648,megawatthours,2026-01-04 22:00:00,648.0
2026-01-04T21,CENT,Central,D,Demand,31613,megawatthours,2026-01-04 21:00:00,31613.0
2026-01-04T21,CENT,Central,DF,Day-ahead demand forecast,34465,megawatthours,2026-01-04 21:00:00,34465.0
2026-01-04T21,CENT,Central,NG,Net generation,32351,megawatthours,2026-01-04 21:00:00,32351.0
2026-01-04T21,CENT,Central,TI,Total interchange,738,megawatthours,2026-01-04 21:00:00,738.0
2026-01-04T20,CENT,Central,D,Demand,32125,megawatthours,2026-01-04 20:00:00,32125.0
2026-01-04T20,CENT,Central,DF,Day-ahead demand forecast,34851,megawatthours,2026-01-04 20:00:00,34851.0
2026-01-04T20,CENT,Central,NG,Net generation,33152,megawatthours,2026-01-04 20:00:00,33152.0
2026-01-04T20,CENT,Central,TI,Total interchange,1026,megawatthours,2026-01-04 20:00:00,1026.0
2026-01-04T19,CENT,Central,D,Demand,32699,megawatthours,2026-01-04 19:00:00,32699.0
2026-01-04T19,CENT,Central,DF,Day-ahead demand forecast,35664,megawatthours,2026-01-04 19:00:00,35664.0
2026-01-04T19,CENT,Central,NG,Net generation,33493,megawatthours,2026-01-04 19:00:00,33493.0
2026-01-04T19,CENT,Central,TI,Total interchange,793,megawatthours,2026-01-04 19:00:00,793.0
2026-01-04T18,CENT,Central,D,Demand,33193,megawatthours,2026-01-04 18:00:00,33193.0
2026-01-04T18,CENT,Central,DF,Day-ahead demand forecast,36298,megawatthours,2026-01-04 18:00:00,36298.0
2026-01-04T18,CENT,Central,NG,Net generation,34031,megawatthours,2026-01-04 18:00:00,34031.0
2026-01-04T18,CENT,Central,TI,Total interchange,837,megawatthours,2026-01-04 18:00:00,837.0
2026-01-04T17,CENT,Central,D,Demand,33755,megawatthours,2026-01-04 17:00:00,33755.0
2026-01-04T17,CENT,Central,DF,Day-ahead demand forecast,36762,megawatthours,2026-01-04 17:00:00,36762.0
2026-01-04T17,CENT,Central,NG,Net generation,34758,megawatthours,2026-01-04 17:00:00,34758.0
2026-01-04T17,CENT,Central,TI,Total interchange,1002,megawatthours,2026-01-04 17:00:00,1002.0
2026-01-04T16,CENT,Central,D,Demand,34194,megawatthours,2026-01-04 16:00:00,34194.0
2026-01-04T16,CENT,Central,DF,Day-ahead demand forecast,37563,megawatthours,2026-01-04 16:00:00,37563.0
2026-01-04T16,CENT,Central,NG,Net generation,35008,megawatthours,2026-01-04 16:00:00,35008.0
2026-01-04T16,CENT,Central,TI,Total interchange,813,megawatthours,2026-01-04 16:00:00,813.0
2026-01-04T15,CENT,Central,D,Demand,34176,megawatthours,2026-01-04 15:00:00,34176.0
2026-01-04T15,CENT,Central,DF,Day-ahead demand forecast,38210,megawatthours,2026-01-04 15:00:00,38210.0
2026-01-04T15,CENT,Central,NG,Net generation,35125,megawatthours,2026-01-04 15:00:00,35125.0
2026-01-04T15,CENT,Central,TI,Total interchange,948,megawatthours,2026-01-04 15:00:00,948.0
2026-01-04T14,CENT,Central,D,Demand,33693,megawatthours,2026-01-04 14:00:00,33693.0
2026-01-04T14,CENT,Central,DF,Day-ahead demand forecast,38296,megawatthours,2026-01-04 14:00:00,38296.0
2026-01-04T14,CENT,Central,NG,Net generation,34851,megawatthours,2026-01-04 14:00:00,34851.0
2026-01-04T14,CENT,Central,TI,Total interchange,1159,megawatthours,2026-01-04 14:00:00,1159.0
2026-01-04T13,CENT,Central,D,Demand,32954,megawatthours,2026-01-04 13:00:00,32954.0
2026-01-04T13,CENT,Central,DF,Day-ahead demand forecast,37418,megawatthours,2026-01-04 13:00:00,37418.0
2026-01-04T13,CENT,Central,NG,Net generation,34269,megawatthours,2026-01-04 13:00:00,34269.0
2026-01-04T13,CENT,Central,TI,Total interchange,1316,megawatthours,2026-01-04 13:00:00,1316.0
2026-01-04T12,CENT,Central,D,Demand,32237,megawatthours,2026-01-04 12:00:00,32237.0
2026-01-04T12,CENT,Central,DF,Day-ahead demand forecast,36674,megawatthours,2026-01-04 12:00:00,36674.0
2026-01-04T12,CENT,Central,NG,Net generation,33506,megawatthours,2026-01-04 12:00:00,33506.0
2026-01-04T12,CENT,Central,TI,Total interchange,1269,megawatthours,2026-01-04 12:00:00,1269.0
2026-01-04T11,CENT,Central,D,Demand,31807,megawatthours,2026-01-04 11:00:00,31807.0
2026-01-04T11,CENT,Central,DF,Day-ahead demand forecast,36117,megawatthours,2026-01-04 11:00:00,36117.0
2026-01-04T11,CENT,Central,NG,Net generation,33628,megawatthours,2026-01-04 11:00:00,33628.0
2026-01-04T11,CENT,Central,TI,Total interchange,1821,megawatthours,2026-01-04 11:00:00,1821.0
2026-01-04T10,CENT,Central,D,Demand,31586,megawatthours,2026-01-04 10:00:00,31586.0
2026-01-04T10,CENT,Central,DF,Day-ahead demand forecast,35654,megawatthours,2026-01-04 10:00:00,35654.0
2026-01-04T10,CENT,Central,NG,Net generation,33425,megawatthours,2026-01-04 10:00:00,33425.0
2026-01-04T10,CENT,Central,TI,Total interchange,1839,megawatthours,2026-01-04 10:00:00,1839.0
2026-01-04T09,CENT,Central,D,Demand,31536,megawatthours,2026-01-04 09:00:00,31536.0
2026-01-04T09,CENT,Central,DF,Day-ahead demand forecast,35441,megawatthours,2026-01-04 09:00:00,35441.0
2026-01-04T09,CENT,Central,NG,Net generation,33392,megawatthours,2026-01-04 09:00:00,33392.0
2026-01-04T09,CENT,Central,TI,Total interchange,1855,megawatthours,2026-01-04 09:00:00,1855.0
2026-01-04T08,CENT,Central,D,Demand,31641,megawatthours,2026-01-04 08:00:00,31641.0
2026-01-04T08,CENT,Central,DF,Day-ahead demand forecast,35456,megawatthours,2026-01-04 08:00:00,35456.0
2026-01-04T08,CENT,Central,NG,Net generation,33274,megawatthours,2026-01-04 08:00:00,33274.0
2026-01-04T08,CENT,Central,TI,Total interchange,1633,megawatthours,2026-01-04 08:00:00,1633.0
2026-01-04T07,CENT,Central,D,Demand,31772,megawatthours,2026-01-04 07:00:00,31772.0
2026-01-04T07,CENT,Central,DF,Day-ahead demand forecast,35712,megawatthours,2026-01-04 07:00:00,35712.0
2026-01-04T07,CENT,Central,NG,Net generation,32812,megawatthours,2026-01-04 07:00:00,32812.0
2026-01-04T07,CENT,Central,TI,Total interchange,1040,megawatthours,2026-01-04 07:00:00,1040.0
2026-01-04T06,CENT,Central,D,Demand,32118,megawatthours,2026-01-04 06:00:00,32118.0
2026-01-04T06,CENT,Central,DF,Day-ahead demand forecast,38095,megawatthours,2026-01-04 06:00:00,38095.0
2026-01-04T06,CENT,Central,NG,Net generation,33197,megawatthours,2026-01-04 06:00:00,33197.0
2026-01-04T06,CENT,Central,TI,Total interchange,1080,megawatthours,2026-01-04 06:00:00,1080.0
2026-01-04T05,CENT,Central,D,Demand,32816,megawatthours,2026-01-04 05:00:00,32816.0
2026-01-04T05,CENT,Central,DF,Day-ahead demand forecast,38682,megawatthours,2026-01-04 05:00:00,38682.0
2026-01-04T05,CENT,Central,NG,Net generation,34281,megawatthours,2026-01-04 05:00:00,34281.0
2026-01-04T05,CENT,Central,TI,Total interchange,1465,megawatthours,2026-01-04 05:00:00,1465.0
2026-01-04T04,CENT,Central,D,Demand,33373,megawatthours,2026-01-04 04:00:00,33373.0
2026-01-04T04,CENT,Central,DF,Day-ahead demand forecast,39065,megawatthours,2026-01-04 04:00:00,39065.0
2026-01-04T04,CENT,Central,NG,Net generation,34154,megawatthours,2026-01-04 04:00:00,34154.0
2026-01-04T04,CENT,Central,TI,Total interchange,781,megawatthours,2026-01-04 04:00:00,781.0
2026-01-04T03,CENT,Central,D,Demand,33650,megawatthours,2026-01-04 03:00:00,33650.0
2026-01-04T03,CENT,Central,DF,Day-ahead demand forecast,38882,megawatthours,2026-01-04 03:00:00,38882.0
2026-01-04T03,CENT,Central,NG,Net generation,34871,megawatthours,2026-01-04 03:00:00,34871.0
2026-01-04T03,CENT,Central,TI,Total interchange,1221,megawatthours,2026-01-04 03:00:00,1221.0
2026-01-04T02,CENT,Central,D,Demand,33668,megawatthours,2026-01-04 02:00:00,33668.0
2026-01-04T02,CENT,Central,DF,Day-ahead demand forecast,38964,megawatthours,2026-01-04 02:00:00,38964.0
2026-01-04T02,CENT,Central,NG,Net generation,34560,megawatthours,2026-01-04 02:00:00,34560.0
2026-01-04T02,CENT,Central,TI,Total interchange,891,megawatthours,2026-01-04 02:00:00,891.0
2026-01-04T01,CENT,Central,D,Demand,33718,megawatthours,2026-01-04 01:00:00,33718.0
2026-01-04T01,CENT,Central,DF,Day-ahead demand forecast,38762,megawatthours,2026-01-04 01:00:00,38762.0
2026-01-04T01,CENT,Central,NG,Net generation,34267,megawatthours,2026-01-04 01:00:00,34267.0
2026-01-04T01,CENT,Central,TI,Total interchange,549,megawatthours,2026-01-04 01:00:00,549.0
2026-01-04T00,CENT,Central,D,Demand,33144,megawatthours,2026-01-04 00:00:00,33144.0
2026-01-04T00,CENT,Central,DF,Day-ahead demand forecast,38192,megawatthours,2026-01-04 00:00:00,38192.0
2026-01-04T00,CENT,Central,NG,Net generation,33241,megawatthours,2026-01-04 00:00:00,33241.0
2026-01-04T00,CENT,Central,TI,Total interchange,97,megawatthours,2026-01-04 00:00:00,97.0
2026-01-03T23,CENT,Central,D,Demand,31947,megawatthours,2026-01-03 23:00:00,31947.0
2026-01-03T23,CENT,Central,DF,Day-ahead demand forecast,36832,megawatthours,2026-01-03 23:00:00,36832.0
2026-01-03T23,CENT,Central,NG,Net generation,31155,megawatthours,2026-01-03 23:00:00,31155.0
2026-01-03T23,CENT,Central,TI,Total interchange,-791,megawatthours,2026-01-03 23:00:00,-791.0
2026-01-03T22,CENT,Central,D,Demand,31523,megawatthours,2026-01-03 22:00:00,31523.0
2026-01-03T22,CENT,Central,DF,Day-ahead demand forecast,36211,megawatthours,2026-01-03 22:00:00,36211.0
2026-01-03T22,CENT,Central,NG,Net generation,31001,megawatthours,2026-01-03 22:00:00,31001.0
2026-01-03T22,CENT,Central,TI,Total interchange,-522,megawatthours,2026-01-03 22:00:00,-522.0
2026-01-03T21,CENT,Central,D,Demand,31618,megawatthours,2026-01-03 21:00:00,31618.0
2026-01-03T21,CENT,Central,DF,Day-ahead demand forecast,36274,megawatthours,2026-01-03 21:00:00,36274.0
2026-01-03T21,CENT,Central,NG,Net generation,31263,megawatthours,2026-01-03 21:00:00,31263.0
2026-01-03T21,CENT,Central,TI,Total interchange,-355,megawatthours,2026-01-03 21:00:00,-355.0
2026-01-03T20,CENT,Central,D,Demand,32028,megawatthours,2026-01-03 20:00:00,32028.0
2026-01-03T20,CENT,Central,DF,Day-ahead demand forecast,36618,megawatthours,2026-01-03 20:00:00,36618.0
2026-01-03T20,CENT,Central,NG,Net generation,31430,megawatthours,2026-01-03 20:00:00,31430.0
2026-01-03T20,CENT,Central,TI,Total interchange,-598,megawatthours,2026-01-03 20:00:00,-598.0
2026-01-03T19,CENT,Central,D,Demand,32659,megawatthours,2026-01-03 19:00:00,32659.0
2026-01-03T19,CENT,Central,DF,Day-ahead demand forecast,37290,megawatthours,2026-01-03 19:00:00,37290.0
2026-01-03T19,CENT,Central,NG,Net generation,32324,megawatthours,2026-01-03 19:00:00,32324.0
2026-01-03T19,CENT,Central,TI,Total interchange,-335,megawatthours,2026-01-03 19:00:00,-335.0
2026-01-03T18,CENT,Central,D,Demand,33148,megawatthours,2026-01-03 18:00:00,33148.0
2026-01-03T18,CENT,Central,DF,Day-ahead demand forecast,37717,megawatthours,2026-01-03 18:00:00,37717.0
2026-01-03T18,CENT,Central,NG,Net generation,32156,megawatthours,2026-01-03 18:00:00,32156.0
2026-01-03T18,CENT,Central,TI,Total interchange,-992,megawatthours,2026-01-03 18:00:00,-992.0
2026-01-03T17,CENT,Central,D,Demand,33384,megawatthours,2026-01-03 17:00:00,33384.0
2026-01-03T17,CENT,Central,DF,Day-ahead demand forecast,38208,megawatthours,2026-01-03 17:00:00,38208.0
2026-01-03T17,CENT,Central,NG,Net generation,32451,megawatthours,2026-01-03 17:00:00,32451.0
2026-01-03T17,CENT,Central,TI,Total interchange,-933,megawatthours,2026-01-03 17:00:00,-933.0
2026-01-03T16,CENT,Central,D,Demand,33534,megawatthours,2026-01-03 16:00:00,33534.0
2026-01-03T16,CENT,Central,DF,Day-ahead demand forecast,38833,megawatthours,2026-01-03 16:00:00,38833.0
2026-01-03T16,CENT,Central,NG,Net generation,32861,megawatthours,2026-01-03 16:00:00,32861.0
2026-01-03T16,CENT,Central,TI,Total interchange,-673,megawatthours,2026-01-03 16:00:00,-673.0
2026-01-03T15,CENT,Central,D,Demand,33406,megawatthours,2026-01-03 15:00:00,33406.0
2026-01-03T15,CENT,Central,DF,Day-ahead demand forecast,39124,megawatthours,2026-01-03 15:00:00,39124.0
2026-01-03T15,CENT,Central,NG,Net generation,33389,megawatthours,2026-01-03 15:00:00,33389.0
2026-01-03T15,CENT,Central,TI,Total interchange,-17,megawatthours,2026-01-03 15:00:00,-17.0
2026-01-03T14,CENT,Central,D,Demand,32849,megawatthours,2026-01-03 14:00:00,32849.0
2026-01-03T14,CENT,Central,DF,Day-ahead demand forecast,39122,megawatthours,2026-01-03 14:00:00,39122.0
2026-01-03T14,CENT,Central,NG,Net generation,33526,megawatthours,2026-01-03 14:00:00,33526.0
2026-01-03T14,CENT,Central,TI,Total interchange,677,megawatthours,2026-01-03 14:00:00,677.0
2026-01-03T13,CENT,Central,D,Demand,31937,megawatthours,2026-01-03 13:00:00,31937.0
2026-01-03T13,CENT,Central,DF,Day-ahead demand forecast,38144,megawatthours,2026-01-03 13:00:00,38144.0
2026-01-03T13,CENT,Central,NG,Net generation,32384,megawatthours,2026-01-03 13:00:00,32384.0
2026-01-03T13,CENT,Central,TI,Total interchange,448,megawatthours,2026-01-03 13:00:00,448.0
2026-01-03T12,CENT,Central,D,Demand,31040,megawatthours,2026-01-03 12:00:00,31040.0
2026-01-03T12,CENT,Central,DF,Day-ahead demand forecast,36551,megawatthours,2026-01-03 12:00:00,36551.0
2026-01-03T12,CENT,Central,NG,Net generation,31998,megawatthours,2026-01-03 12:00:00,31998.0
2026-01-03T12,CENT,Central,TI,Total interchange,959,megawatthours,2026-01-03 12:00:00,959.0
2026-01-03T11,CENT,Central,D,Demand,30476,megawatthours,2026-01-03 11:00:00,30476.0
2026-01-03T11,CENT,Central,DF,Day-ahead demand forecast,35776,megawatthours,2026-01-03 11:00:00,35776.0
2026-01-03T11,CENT,Central,NG,Net generation,31226,megawatthours,2026-01-03 11:00:00,31226.0
2026-01-03T11,CENT,Central,TI,Total interchange,750,megawatthours,2026-01-03 11:00:00,750.0
2026-01-03T10,CENT,Central,D,Demand,30267,megawatthours,2026-01-03 10:00:00,30267.0
2026-01-03T10,CENT,Central,DF,Day-ahead demand forecast,35461,megawatthours,2026-01-03 10:00:00,35461.0
2026-01-03T10,CENT,Central,NG,Net generation,31198,megawatthours,2026-01-03 10:00:00,31198.0
2026-01-03T10,CENT,Central,TI,Total interchange,931,megawatthours,2026-01-03 10:00:00,931.0
2026-01-03T09,CENT,Central,D,Demand,30244,megawatthours,2026-01-03 09:00:00,30244.0
2026-01-03T09,CENT,Central,DF,Day-ahead demand forecast,35397,megawatthours,2026-01-03 09:00:00,35397.0
2026-01-03T09,CENT,Central,NG,Net generation,30876,megawatthours,2026-01-03 09:00:00,30876.0
2026-01-03T09,CENT,Central,TI,Total interchange,632,megawatthours,2026-01-03 09:00:00,632.0
2026-01-03T08,CENT,Central,D,Demand,30426,megawatthours,2026-01-03 08:00:00,30426.0
2026-01-03T08,CENT,Central,DF,Day-ahead demand forecast,35388,megawatthours,2026-01-03 08:00:00,35388.0
2026-01-03T08,CENT,Central,NG,Net generation,30903,megawatthours,2026-01-03 08:00:00,30903.0
2026-01-03T08,CENT,Central,TI,Total interchange,478,megawatthours,2026-01-03 08:00:00,478.0
2026-01-03T07,CENT,Central,D,Demand,30821,megawatthours,2026-01-03 07:00:00,30821.0
2026-01-03T07,CENT,Central,DF,Day-ahead demand forecast,35587,megawatthours,2026-01-03 07:00:00,35587.0
2026-01-03T07,CENT,Central,NG,Net generation,30737,megawatthours,2026-01-03 07:00:00,30737.0
2026-01-03T07,CENT,Central,TI,Total interchange,-85,megawatthours,2026-01-03 07:00:00,-85.0
2026-01-03T06,CENT,Central,D,Demand,31442,megawatthours,2026-01-03 06:00:00,31442.0
2026-01-03T06,CENT,Central,DF,Day-ahead demand forecast,37441,megawatthours,2026-01-03 06:00:00,37441.0
2026-01-03T06,CENT,Central,NG,Net generation,31606,megawatthours,2026-01-03 06:00:00,31606.0
2026-01-03T06,CENT,Central,TI,Total interchange,163,megawatthours,2026-01-03 06:00:00,163.0
2026-01-03T05,CENT,Central,D,Demand,32346,megawatthours,2026-01-03 05:00:00,32346.0
2026-01-03T05,CENT,Central,DF,Day-ahead demand forecast,37867,megawatthours,2026-01-03 05:00:00,37867.0
2026-01-03T05,CENT,Central,NG,Net generation,32516,megawatthours,2026-01-03 05:00:00,32516.0
2026-01-03T05,CENT,Central,TI,Total interchange,169,megawatthours,2026-01-03 05:00:00,169.0
2026-01-03T04,CENT,Central,D,Demand,33028,megawatthours,2026-01-03 04:00:00,33028.0
2026-01-03T04,CENT,Central,DF,Day-ahead demand forecast,38461,megawatthours,2026-01-03 04:00:00,38461.0
2026-01-03T04,CENT,Central,NG,Net generation,33517,megawatthours,2026-01-03 04:00:00,33517.0
2026-01-03T04,CENT,Central,TI,Total interchange,488,megawatthours,2026-01-03 04:00:00,488.0
2026-01-03T03,CENT,Central,D,Demand,33546,megawatthours,2026-01-03 03:00:00,33546.0
2026-01-03T03,CENT,Central,DF,Day-ahead demand forecast,38835,megawatthours,2026-01-03 03:00:00,38835.0
2026-01-03T03,CENT,Central,NG,Net generation,34200,megawatthours,2026-01-03 03:00:00,34200.0
2026-01-03T03,CENT,Central,TI,Total interchange,654,megawatthours,2026-01-03 03:00:00,654.0
2026-01-03T02,CENT,Central,D,Demand,34030,megawatthours,2026-01-03 02:00:00,34030.0
2026-01-03T02,CENT,Central,DF,Day-ahead demand forecast,38839,megawatthours,2026-01-03 02:00:00,38839.0
2026-01-03T02,CENT,Central,NG,Net generation,34889,megawatthours,2026-01-03 02:00:00,34889.0
2026-01-03T02,CENT,Central,TI,Total interchange,859,megawatthours,2026-01-03 02:00:00,859.0
2026-01-03T01,CENT,Central,D,Demand,34385,megawatthours,2026-01-03 01:00:00,34385.0
2026-01-03T01,CENT,Central,DF,Day-ahead demand forecast,39110,megawatthours,2026-01-03 01:00:00,39110.0
2026-01-03T01,CENT,Central,NG,Net generation,34947,megawatthours,2026-01-03 01:00:00,34947.0
2026-01-03T01,CENT,Central,TI,Total interchange,562,megawatthours,2026-01-03 01:00:00,562.0
2026-01-03T00,CENT,Central,D,Demand,34198,megawatthours,2026-01-03 00:00:00,34198.0
2026-01-03T00,CENT,Central,DF,Day-ahead demand forecast,38753,megawatthours,2026-01-03 00:00:00,38753.0
2026-01-03T00,CENT,Central,NG,Net generation,34322,megawatthours,2026-01-03 00:00:00,34322.0
2026-01-03T00,CENT,Central,TI,Total interchange,124,megawatthours,2026-01-03 00:00:00,124.0
2026-01-02T23,CENT,Central,D,Demand,33555,megawatthours,2026-01-02 23:00:00,33555.0
2026-01-02T23,CENT,Central,DF,Day-ahead demand forecast,37701,megawatthours,2026-01-02 23:00:00,37701.0
2026-01-02T23,CENT,Central,NG,Net generation,32710,megawatthours,2026-01-02 23:00:00,32710.0
2026-01-02T23,CENT,Central,TI,Total interchange,-845,megawatthours,2026-01-02 23:00:00,-845.0
2026-01-02T22,CENT,Central,D,Demand,33368,megawatthours,2026-01-02 22:00:00,33368.0
2026-01-02T22,CENT,Central,DF,Day-ahead demand forecast,37235,megawatthours,2026-01-02 22:00:00,37235.0
2026-01-02T22,CENT,Central,NG,Net generation,32247,megawatthours,2026-01-02 22:00:00,32247.0
2026-01-02T22,CENT,Central,TI,Total interchange,-1121,megawatthours,2026-01-02 22:00:00,-1121.0
2026-01-02T21,CENT,Central,D,Demand,33426,megawatthours,2026-01-02 21:00:00,33426.0
2026-01-02T21,CENT,Central,DF,Day-ahead demand forecast,37428,megawatthours,2026-01-02 21:00:00,37428.0
2026-01-02T21,CENT,Central,NG,Net generation,32362,megawatthours,2026-01-02 21:00:00,32362.0
2026-01-02T21,CENT,Central,TI,Total interchange,-1065,megawatthours,2026-01-02 21:00:00,-1065.0
2026-01-02T20,CENT,Central,D,Demand,33606,megawatthours,2026-01-02 20:00:00,33606.0
2026-01-02T20,CENT,Central,DF,Day-ahead demand forecast,37864,megawatthours,2026-01-02 20:00:00,37864.0
2026-01-02T20,CENT,Central,NG,Net generation,32579,megawatthours,2026-01-02 20:00:00,32579.0
2026-01-02T20,CENT,Central,TI,Total interchange,-1026,megawatthours,2026-01-02 20:00:00,-1026.0
2026-01-02T19,CENT,Central,D,Demand,33812,megawatthours,2026-01-02 19:00:00,33812.0
2026-01-02T19,CENT,Central,DF,Day-ahead demand forecast,38205,megawatthours,2026-01-02 19:00:00,38205.0
2026-01-02T19,CENT,Central,NG,Net generation,32574,megawatthours,2026-01-02 19:00:00,32574.0
2026-01-02T19,CENT,Central,TI,Total interchange,-1238,megawatthours,2026-01-02 19:00:00,-1238.0
2026-01-02T18,CENT,Central,D,Demand,34159,megawatthours,2026-01-02 18:00:00,34159.0
2026-01-02T18,CENT,Central,DF,Day-ahead demand forecast,38871,megawatthours,2026-01-02 18:00:00,38871.0
2026-01-02T18,CENT,Central,NG,Net generation,33052,megawatthours,2026-01-02 18:00:00,33052.0
2026-01-02T18,CENT,Central,TI,Total interchange,-1107,megawatthours,2026-01-02 18:00:00,-1107.0
2026-01-02T17,CENT,Central,D,Demand,34315,megawatthours,2026-01-02 17:00:00,34315.0
2026-01-02T17,CENT,Central,DF,Day-ahead demand forecast,39385,megawatthours,2026-01-02 17:00:00,39385.0
2026-01-02T17,CENT,Central,NG,Net generation,33431,megawatthours,2026-01-02 17:00:00,33431.0
2026-01-02T17,CENT,Central,TI,Total interchange,-883,megawatthours,2026-01-02 17:00:00,-883.0
2026-01-02T16,CENT,Central,D,Demand,34205,megawatthours,2026-01-02 16:00:00,34205.0
2026-01-02T16,CENT,Central,DF,Day-ahead demand forecast,39806,megawatthours,2026-01-02 16:00:00,39806.0
2026-01-02T16,CENT,Central,NG,Net generation,33639,megawatthours,2026-01-02 16:00:00,33639.0
2026-01-02T16,CENT,Central,TI,Total interchange,-566,megawatthours,2026-01-02 16:00:00,-566.0
2026-01-02T15,CENT,Central,D,Demand,33906,megawatthours,2026-01-02 15:00:00,33906.0
2026-01-02T15,CENT,Central,DF,Day-ahead demand forecast,40346,megawatthours,2026-01-02 15:00:00,40346.0
2026-01-02T15,CENT,Central,NG,Net generation,34002,megawatthours,2026-01-02 15:00:00,34002.0
2026-01-02T15,CENT,Central,TI,Total interchange,96,megawatthours,2026-01-02 15:00:00,96.0
2026-01-02T14,CENT,Central,D,Demand,33307,megawatthours,2026-01-02 14:00:00,33307.0
2026-01-02T14,CENT,Central,DF,Day-ahead demand forecast,40513,megawatthours,2026-01-02 14:00:00,40513.0
2026-01-02T14,CENT,Central,NG,Net generation,33693,megawatthours,2026-01-02 14:00:00,33693.0
2026-01-02T14,CENT,Central,TI,Total interchange,387,megawatthours,2026-01-02 14:00:00,387.0
2026-01-02T13,CENT,Central,D,Demand,32002,megawatthours,2026-01-02 13:00:00,32002.0
2026-01-02T13,CENT,Central,DF,Day-ahead demand forecast,38910,megawatthours,2026-01-02 13:00:00,38910.0
2026-01-02T13,CENT,Central,NG,Net generation,32658,megawatthours,2026-01-02 13:00:00,32658.0
2026-01-02T13,CENT,Central,TI,Total interchange,657,megawatthours,2026-01-02 13:00:00,657.0
2026-01-02T12,CENT,Central,D,Demand,30655,megawatthours,2026-01-02 12:00:00,30655.0
2026-01-02T12,CENT,Central,DF,Day-ahead demand forecast,36948,megawatthours,2026-01-02 12:00:00,36948.0
2026-01-02T12,CENT,Central,NG,Net generation,31015,megawatthours,2026-01-02 12:00:00,31015.0
