period,respondent,respondent-name,type,type-name,value,value-units,datetime,demand_MW
2026-02-24T00,TEN,Tennessee,D,Demand,24689,megawatthours,2026-02-24 00:00:00,24689.0
2026-02-24T00,TEN,Tennessee,DF,Day-ahead demand forecast,25602,megawatthours,2026-02-24 00:00:00,25602.0
2026-02-23T23,TEN,Tennessee,D,Demand,24689,megawatthours,2026-02-23 23:00:00,24689.0
2026-02-23T23,TEN,Tennessee,DF,Day-ahead demand forecast,24476,megawatthours,2026-02-23 23:00:00,24476.0
2026-02-23T22,TEN,Tennessee,D,Demand,24285,megawatthours,2026-02-23 22:00:00,24285.0
2026-02-23T22,TEN,Tennessee,DF,Day-ahead demand forecast,23965,megawatthours,2026-02-23 22:00:00,23965.0
2026-02-23T21,TEN,Tennessee,D,Demand,24285,megawatthours,2026-02-23 21:00:00,24285.0
2026-02-23T21,TEN,Tennessee,DF,Day-ahead demand forecast,24190,megawatthours,2026-02-23 21:00:00,24190.0
2026-02-23T20,TEN,Tennessee,D,Demand,24650,megawatthours,2026-02-23 20:00:00,24650.0
2026-02-23T20,TEN,Tennessee,DF,Day-ahead demand forecast,24682,megawatthours,2026-02-23 20:00:00,24682.0
2026-02-23T19,TEN,Tennessee,D,Demand,25635,megawatthours,2026-02-23 19:00:00,25635.0
2026-02-23T19,TEN,Tennessee,DF,Day-ahead demand forecast,25127,megawatthours,2026-02-23 19:00:00,25127.0
2026-02-23T18,TEN,Tennessee,D,Demand,25955,megawatthours,2026-02-23 18:00:00,25955.0
2026-02-23T18,TEN,Tennessee,DF,Day-ahead demand forecast,25859,megawatthours,2026-02-23 18:00:00,25859.0
2026-02-23T17,TEN,Tennessee,D,Demand,26749,megawatthours,2026-02-23 17:00:00,26749.0
2026-02-23T17,TEN,Tennessee,DF,Day-ahead demand forecast,26255,megawatthours,2026-02-23 17:00:00,26255.0
2026-02-23T16,TEN,Tennessee,D,Demand,27349,megawatthours,2026-02-23 16:00:00,27349.0
2026-02-23T16,TEN,Tennessee,DF,Day-ahead demand forecast,26841,megawatthours,2026-02-23 16:00:00,26841.0
2026-02-23T15,TEN,Tennessee,D,Demand,27716,megawatthours,2026-02-23 15:00:00,27716.0
2026-02-23T15,TEN,Tennessee,DF,Day-ahead demand forecast,27880,megawatthours,2026-02-23 15:00:00,27880.0
2026-02-23T14,TEN,Tennessee,D,Demand,27925,megawatthours,2026-02-23 14:00:00,27925.0
2026-02-23T14,TEN,Tennessee,DF,Day-ahead demand forecast,28139,megawatthours,2026-02-23 14:00:00,28139.0
2026-02-23T13,TEN,Tennessee,D,Demand,27769,megawatthours,2026-02-23 13:00:00,27769.0
2026-02-23T13,TEN,Tennessee,DF,Day-ahead demand forecast,27887,megawatthours,2026-02-23 13:00:00,27887.0
2026-02-23T12,TEN,Tennessee,D,Demand,26160,megawatthours,2026-02-23 12:00:00,26160.0
2026-02-23T12,TEN,Tennessee,DF,Day-ahead demand forecast,26490,megawatthours,2026-02-23 12:00:00,26490.0
2026-02-23T11,TEN,Tennessee,D,Demand,24648,megawatthours,2026-02-23 11:00:00,24648.0
2026-02-23T11,TEN,Tennessee,DF,Day-ahead demand forecast,24958,megawatthours,2026-02-23 11:00:00,24958.0
2026-02-23T10,TEN,Tennessee,D,Demand,23871,megawatthours,2026-02-23 10:00:00,23871.0
2026-02-23T10,TEN,Tennessee,DF,Day-ahead demand forecast,24320,megawatthours,2026-02-23 10:00:00,24320.0
2026-02-23T09,TEN,Tennessee,D,Demand,23431,megawatthours,2026-02-23 09:00:00,23431.0
2026-02-23T09,TEN,Tennessee,DF,Day-ahead demand forecast,23827,megawatthours,2026-02-23 09:00:00,23827.0
2026-02-23T08,TEN,Tennessee,D,Demand,23116,megawatthours,2026-02-23 08:00:00,23116.0
2026-02-23T08,TEN,Tennessee,DF,Day-ahead demand forecast,23417,megawatthours,2026-02-23 08:00:00,23417.0
2026-02-23T07,TEN,Tennessee,D,Demand,22993,megawatthours,2026-02-23 07:00:00,22993.0
2026-02-23T07,TEN,Tennessee,DF,Day-ahead demand forecast,23214,megawatthours,2026-02-23 07:00:00,23214.0
2026-02-23T06,TEN,Tennessee,D,Demand,22766,megawatthours,2026-02-23 06:00:00,22766.0
2026-02-23T06,TEN,Tennessee,DF,Day-ahead demand forecast,22766,megawatthours,2026-02-23 06:00:00,22766.0
2026-02-23T05,TEN,Tennessee,D,Demand,23078,megawatthours,2026-02-23 05:00:00,23078.0
2026-02-23T05,TEN,Tennessee,DF,Day-ahead demand forecast,23076,megawatthours,2026-02-23 05:00:00,23076.0
2026-02-23T05,TEN,Tennessee,NG,Net generation,16812,megawatthours,2026-02-23 05:00:00,16812.0
2026-02-23T04,TEN,Tennessee,D,Demand,23780,megawatthours,2026-02-23 04:00:00,23780.0
2026-02-23T04,TEN,Tennessee,DF,Day-ahead demand forecast,23616,megawatthours,2026-02-23 04:00:00,23616.0
2026-02-23T04,TEN,Tennessee,NG,Net generation,17322,megawatthours,2026-02-23 04:00:00,17322.0
2026-02-23T03,TEN,Tennessee,D,Demand,24198,megawatthours,2026-02-23 03:00:00,24198.0
2026-02-23T03,TEN,Tennessee,DF,Day-ahead demand forecast,23887,megawatthours,2026-02-23 03:00:00,23887.0
2026-02-23T03,TEN,Tennessee,NG,Net generation,17597,megawatthours,2026-02-23 03:00:00,17597.0
2026-02-23T02,TEN,Tennessee,D,Demand,24193,megawatthours,2026-02-23 02:00:00,24193.0
2026-02-23T02,TEN,Tennessee,DF,Day-ahead demand forecast,23972,megawatthours,2026-02-23 02:00:00,23972.0
2026-02-23T02,TEN,Tennessee,NG,Net generation,17712,megawatthours,2026-02-23 02:00:00,17712.0
2026-02-23T01,TEN,Tennessee,D,Demand,24010,megawatthours,2026-02-23 01:00:00,24010.0
2026-02-23T01,TEN,Tennessee,DF,Day-ahead demand forecast,23813,megawatthours,2026-02-23 01:00:00,23813.0
2026-02-23T01,TEN,Tennessee,NG,Net generation,17838,megawatthours,2026-02-23 01:00:00,17838.0
2026-02-23T00,TEN,Tennessee,D,Demand,23008,megawatthours,2026-02-23 00:00:00,23008.0
2026-02-23T00,TEN,Tennessee,DF,Day-ahead demand forecast,23162,megawatthours,2026-02-23 00:00:00,23162.0
2026-02-23T00,TEN,Tennessee,NG,Net generation,17421,megawatthours,2026-02-23 00:00:00,17421.0
2026-02-22T23,TEN,Tennessee,D,Demand,21691,megawatthours,2026-02-22 23:00:00,21691.0
2026-02-22T23,TEN,Tennessee,DF,Day-ahead demand forecast,21982,megawatthours,2026-02-22 23:00:00,21982.0
2026-02-22T23,TEN,Tennessee,NG,Net generation,16429,megawatthours,2026-02-22 23:00:00,16429.0
2026-02-22T22,TEN,Tennessee,D,Demand,21056,megawatthours,2026-02-22 22:00:00,21056.0
2026-02-22T22,TEN,Tennessee,DF,Day-ahead demand forecast,21164,megawatthours,2026-02-22 22:00:00,21164.0
2026-02-22T22,TEN,Tennessee,NG,Net generation,16047,megawatthours,2026-02-22 22:00:00,16047.0
2026-02-22T21,TEN,Tennessee,D,Demand,20904,megawatthours,2026-02-22 21:00:00,20904.0
2026-02-22T21,TEN,Tennessee,DF,Day-ahead demand forecast,20856,megawatthours,2026-02-22 21:00:00,20856.0
2026-02-22T21,TEN,Tennessee,NG,Net generation,15699,megawatthours,2026-02-22 21:00:00,15699.0
2026-02-22T20,TEN,Tennessee,D,Demand,20830,megawatthours,2026-02-22 20:00:00,20830.0
2026-02-22T20,TEN,Tennessee,DF,Day-ahead demand forecast,20804,megawatthours,2026-02-22 20:00:00,20804.0
2026-02-22T20,TEN,Tennessee,NG,Net generation,15817,megawatthours,2026-02-22 20:00:00,15817.0
2026-02-22T19,TEN,Tennessee,D,Demand,20915,megawatthours,2026-02-22 19:00:00,20915.0
2026-02-22T19,TEN,Tennessee,DF,Day-ahead demand forecast,20997,megawatthours,2026-02-22 19:00:00,20997.0
2026-02-22T19,TEN,Tennessee,NG,Net generation,16079,megawatthours,2026-02-22 19:00:00,16079.0
2026-02-22T18,TEN,Tennessee,D,Demand,21126,megawatthours,2026-02-22 18:00:00,21126.0
2026-02-22T18,TEN,Tennessee,DF,Day-ahead demand forecast,20954,megawatthours,2026-02-22 18:00:00,20954.0
2026-02-22T18,TEN,Tennessee,NG,Net generation,16302,megawatthours,2026-02-22 18:00:00,16302.0
2026-02-22T17,TEN,Tennessee,D,Demand,21392,megawatthours,2026-02-22 17:00:00,21392.0
2026-02-22T17,TEN,Tennessee,DF,Day-ahead demand forecast,21118,megawatthours,2026-02-22 17:00:00,21118.0
2026-02-22T17,TEN,Tennessee,NG,Net generation,16687,megawatthours,2026-02-22 17:00:00,16687.0
2026-02-22T16,TEN,Tennessee,D,Demand,21566,megawatthours,2026-02-22 16:00:00,21566.0
2026-02-22T16,TEN,Tennessee,DF,Day-ahead demand forecast,21391,megawatthours,2026-02-22 16:00:00,21391.0
2026-02-22T16,TEN,Tennessee,NG,Net generation,16724,megawatthours,2026-02-22 16:00:00,16724.0
2026-02-22T15,TEN,Tennessee,D,Demand,21672,megawatthours,2026-02-22 15:00:00,21672.0
2026-02-22T15,TEN,Tennessee,DF,Day-ahead demand forecast,21431,megawatthours,2026-02-22 15:00:00,21431.0
2026-02-22T15,TEN,Tennessee,NG,Net generation,16982,megawatthours,2026-02-22 15:00:00,16982.0
2026-02-22T14,TEN,Tennessee,D,Demand,21483,megawatthours,2026-02-22 14:00:00,21483.0
2026-02-22T14,TEN,Tennessee,DF,Day-ahead demand forecast,21150,megawatthours,2026-02-22 14:00:00,21150.0
2026-02-22T14,TEN,Tennessee,NG,Net generation,16509,megawatthours,2026-02-22 14:00:00,16509.0
2026-02-22T13,TEN,Tennessee,D,Demand,20556,megawatthours,2026-02-22 13:00:00,20556.0
2026-02-22T13,TEN,Tennessee,DF,Day-ahead demand forecast,20379,megawatthours,2026-02-22 13:00:00,20379.0
2026-02-22T13,TEN,Tennessee,NG,Net generation,15778,megawatthours,2026-02-22 13:00:00,15778.0
2026-02-22T12,TEN,Tennessee,D,Demand,19518,megawatthours,2026-02-22 12:00:00,19518.0
2026-02-22T12,TEN,Tennessee,DF,Day-ahead demand forecast,19312,megawatthours,2026-02-22 12:00:00,19312.0
2026-02-22T12,TEN,Tennessee,NG,Net generation,15122,megawatthours,2026-02-22 12:00:00,15122.0
2026-02-22T11,TEN,Tennessee,D,Demand,18540,megawatthours,2026-02-22 11:00:00,18540.0
2026-02-22T11,TEN,Tennessee,DF,Day-ahead demand forecast,18484,megawatthours,2026-02-22 11:00:00,18484.0
2026-02-22T11,TEN,Tennessee,NG,Net generation,14605,megawatthours,2026-02-22 11:00:00,14605.0
2026-02-22T10,TEN,Tennessee,D,Demand,17838,megawatthours,2026-02-22 10:00:00,17838.0
2026-02-22T10,TEN,Tennessee,DF,Day-ahead demand forecast,17826,megawatthours,2026-02-22 10:00:00,17826.0
2026-02-22T10,TEN,Tennessee,NG,Net generation,14348,megawatthours,2026-02-22 10:00:00,14348.0
2026-02-22T09,TEN,Tennessee,D,Demand,17582,megawatthours,2026-02-22 09:00:00,17582.0
2026-02-22T09,TEN,Tennessee,DF,Day-ahead demand forecast,17445,megawatthours,2026-02-22 09:00:00,17445.0
2026-02-22T09,TEN,Tennessee,NG,Net generation,14180,megawatthours,2026-02-22 09:00:00,14180.0
2026-02-22T08,TEN,Tennessee,D,Demand,17244,megawatthours,2026-02-22 08:00:00,17244.0
2026-02-22T08,TEN,Tennessee,DF,Day-ahead demand forecast,17236,megawatthours,2026-02-22 08:00:00,17236.0
2026-02-22T08,TEN,Tennessee,NG,Net generation,14260,megawatthours,2026-02-22 08:00:00,14260.0
2026-02-22T07,TEN,Tennessee,D,Demand,17167,megawatthours,2026-02-22 07:00:00,17167.0
2026-02-22T07,TEN,Tennessee,DF,Day-ahead demand forecast,17234,megawatthours,2026-02-22 07:00:00,17234.0
2026-02-22T07,TEN,Tennessee,NG,Net generation,14501,megawatthours,2026-02-22 07:00:00,14501.0
2026-02-22T06,TEN,Tennessee,D,Demand,16989,megawatthours,2026-02-22 06:00:00,16989.0
2026-02-22T06,TEN,Tennessee,DF,Day-ahead demand forecast,16989,megawatthours,2026-02-22 06:00:00,16989.0
2026-02-22T06,TEN,Tennessee,NG,Net generation,15171,megawatthours,2026-02-22 06:00:00,15171.0
2026-02-22T05,TEN,Tennessee,D,Demand,17447,megawatthours,2026-02-22 05:00:00,17447.0
2026-02-22T05,TEN,Tennessee,DF,Day-ahead demand forecast,16984,megawatthours,2026-02-22 05:00:00,16984.0
2026-02-22T05,TEN,Tennessee,NG,Net generation,15720,megawatthours,2026-02-22 05:00:00,15720.0
2026-02-22T04,TEN,Tennessee,D,Demand,17988,megawatthours,2026-02-22 04:00:00,17988.0
2026-02-22T04,TEN,Tennessee,DF,Day-ahead demand forecast,17428,megawatthours,2026-02-22 04:00:00,17428.0
2026-02-22T04,TEN,Tennessee,NG,Net generation,16709,megawatthours,2026-02-22 04:00:00,16709.0
2026-02-22T03,TEN,Tennessee,D,Demand,17988,megawatthours,2026-02-22 03:00:00,17988.0
2026-02-22T03,TEN,Tennessee,DF,Day-ahead demand forecast,17712,megawatthours,2026-02-22 03:00:00,17712.0
2026-02-22T03,TEN,Tennessee,NG,Net generation,17279,megawatthours,2026-02-22 03:00:00,17279.0
2026-02-22T02,TEN,Tennessee,D,Demand,18054,megawatthours,2026-02-22 02:00:00,18054.0
2026-02-22T02,TEN,Tennessee,DF,Day-ahead demand forecast,17686,megawatthours,2026-02-22 02:00:00,17686.0
2026-02-22T02,TEN,Tennessee,NG,Net generation,17652,megawatthours,2026-02-22 02:00:00,17652.0
2026-02-22T01,TEN,Tennessee,D,Demand,18004,megawatthours,2026-02-22 01:00:00,18004.0
2026-02-22T01,TEN,Tennessee,DF,Day-ahead demand forecast,17805,megawatthours,2026-02-22 01:00:00,17805.0
2026-02-22T01,TEN,Tennessee,NG,Net generation,17923,megawatthours,2026-02-22 01:00:00,17923.0
2026-02-22T00,TEN,Tennessee,D,Demand,17531,megawatthours,2026-02-22 00:00:00,17531.0
2026-02-22T00,TEN,Tennessee,DF,Day-ahead demand forecast,17431,megawatthours,2026-02-22 00:00:00,17431.0
2026-02-22T00,TEN,Tennessee,NG,Net generation,17638,megawatthours,2026-02-22 00:00:00,17638.0
2026-02-21T23,TEN,Tennessee,D,Demand,16949,megawatthours,2026-02-21 23:00:00,16949.0
2026-02-21T23,TEN,Tennessee,DF,Day-ahead demand forecast,16861,megawatthours,2026-02-21 23:00:00,16861.0
2026-02-21T23,TEN,Tennessee,NG,Net generation,17014,megawatthours,2026-02-21 23:00:00,17014.0
2026-02-21T22,TEN,Tennessee,D,Demand,16549,megawatthours,2026-02-21 22:00:00,16549.0
2026-02-21T22,TEN,Tennessee,DF,Day-ahead demand forecast,16545,megawatthours,2026-02-21 22:00:00,16545.0
2026-02-21T22,TEN,Tennessee,NG,Net generation,16822,megawatthours,2026-02-21 22:00:00,16822.0
2026-02-21T21,TEN,Tennessee,D,Demand,16307,megawatthours,2026-02-21 21:00:00,16307.0
2026-02-21T21,TEN,Tennessee,DF,Day-ahead demand forecast,16310,megawatthours,2026-02-21 21:00:00,16310.0
2026-02-21T21,TEN,Tennessee,NG,Net generation,16575,megawatthours,2026-02-21 21:00:00,16575.0
2026-02-21T20,TEN,Tennessee,D,Demand,16382,megawatthours,2026-02-21 20:00:00,16382.0
2026-02-21T20,TEN,Tennessee,DF,Day-ahead demand forecast,16479,megawatthours,2026-02-21 20:00:00,16479.0
2026-02-21T20,TEN,Tennessee,NG,Net generation,16711,megawatthours,2026-02-21 20:00:00,16711.0
2026-02-21T19,TEN,Tennessee,D,Demand,16559,megawatthours,2026-02-21 19:00:00,16559.0
2026-02-21T19,TEN,Tennessee,DF,Day-ahead demand forecast,16953,megawatthours,2026-02-21 19:00:00,16953.0
2026-02-21T19,TEN,Tennessee,NG,Net generation,16862,megawatthours,2026-02-21 19:00:00,16862.0
2026-02-21T18,TEN,Tennessee,D,Demand,16803,megawatthours,2026-02-21 18:00:00,16803.0
2026-02-21T18,TEN,Tennessee,DF,Day-ahead demand forecast,17164,megawatthours,2026-02-21 18:00:00,17164.0
2026-02-21T18,TEN,Tennessee,NG,Net generation,16747,megawatthours,2026-02-21 18:00:00,16747.0
2026-02-21T17,TEN,Tennessee,D,Demand,17241,megawatthours,2026-02-21 17:00:00,17241.0
2026-02-21T17,TEN,Tennessee,DF,Day-ahead demand forecast,17561,megawatthours,2026-02-21 17:00:00,17561.0
2026-02-21T17,TEN,Tennessee,NG,Net generation,16630,megawatthours,2026-02-21 17:00:00,16630.0
2026-02-21T16,TEN,Tennessee,D,Demand,17305,megawatthours,2026-02-21 16:00:00,17305.0
2026-02-21T16,TEN,Tennessee,DF,Day-ahead demand forecast,17959,megawatthours,2026-02-21 16:00:00,17959.0
2026-02-21T16,TEN,Tennessee,NG,Net generation,16396,megawatthours,2026-02-21 16:00:00,16396.0
2026-02-21T15,TEN,Tennessee,D,Demand,17427,megawatthours,2026-02-21 15:00:00,17427.0
2026-02-21T15,TEN,Tennessee,DF,Day-ahead demand forecast,17742,megawatthours,2026-02-21 15:00:00,17742.0
2026-02-21T15,TEN,Tennessee,NG,Net generation,16426,megawatthours,2026-02-21 15:00:00,16426.0
2026-02-21T14,TEN,Tennessee,D,Demand,16903,megawatthours,2026-02-21 14:00:00,16903.0
2026-02-21T14,TEN,Tennessee,DF,Day-ahead demand forecast,16974,megawatthours,2026-02-21 14:00:00,16974.0
2026-02-21T14,TEN,Tennessee,NG,Net generation,16432,megawatthours,2026-02-21 14:00:00,16432.0
2026-02-21T13,TEN,Tennessee,D,Demand,16150,megawatthours,2026-02-21 13:00:00,16150.0
2026-02-21T13,TEN,Tennessee,DF,Day-ahead demand forecast,16283,megawatthours,2026-02-21 13:00:00,16283.0
2026-02-21T13,TEN,Tennessee,NG,Net generation,16083,megawatthours,2026-02-21 13:00:00,16083.0
2026-02-21T12,TEN,Tennessee,D,Demand,15517,megawatthours,2026-02-21 12:00:00,15517.0
2026-02-21T12,TEN,Tennessee,DF,Day-ahead demand forecast,15584,megawatthours,2026-02-21 12:00:00,15584.0
2026-02-21T12,TEN,Tennessee,NG,Net generation,14909,megawatthours,2026-02-21 12:00:00,14909.0
2026-02-21T11,TEN,Tennessee,D,Demand,15064,megawatthours,2026-02-21 11:00:00,15064.0
2026-02-21T11,TEN,Tennessee,DF,Day-ahead demand forecast,15084,megawatthours,2026-02-21 11:00:00,15084.0
2026-02-21T11,TEN,Tennessee,NG,Net generation,13815,megawatthours,2026-02-21 11:00:00,13815.0
2026-02-21T10,TEN,Tennessee,D,Demand,14786,megawatthours,2026-02-21 10:00:00,14786.0
2026-02-21T10,TEN,Tennessee,DF,Day-ahead demand forecast,14837,megawatthours,2026-02-21 10:00:00,14837.0
2026-02-21T10,TEN,Tennessee,NG,Net generation,13575,megawatthours,2026-02-21 10:00:00,13575.0
2026-02-21T09,TEN,Tennessee,D,Demand,14682,megawatthours,2026-02-21 09:00:00,14682.0
2026-02-21T09,TEN,Tennessee,DF,Day-ahead demand forecast,14848,megawatthours,2026-02-21 09:00:00,14848.0
2026-02-21T09,TEN,Tennessee,NG,Net generation,13724,megawatthours,2026-02-21 09:00:00,13724.0
2026-02-21T08,TEN,Tennessee,D,Demand,14755,megawatthours,2026-02-21 08:00:00,14755.0
2026-02-21T08,TEN,Tennessee,DF,Day-ahead demand forecast,14845,megawatthours,2026-02-21 08:00:00,14845.0
2026-02-21T08,TEN,Tennessee,NG,Net generation,13823,megawatthours,2026-02-21 08:00:00,13823.0
2026-02-21T07,TEN,Tennessee,D,Demand,14976,megawatthours,2026-02-21 07:00:00,14976.0
2026-02-21T07,TEN,Tennessee,DF,Day-ahead demand forecast,14972,megawatthours,2026-02-21 07:00:00,14972.0
2026-02-21T07,TEN,Tennessee,NG,Net generation,14298,megawatthours,2026-02-21 07:00:00,14298.0
2026-02-21T06,TEN,Tennessee,D,Demand,15418,megawatthours,2026-02-21 06:00:00,15418.0
2026-02-21T06,TEN,Tennessee,DF,Day-ahead demand forecast,15418,megawatthours,2026-02-21 06:00:00,15418.0
2026-02-21T06,TEN,Tennessee,NG,Net generation,14645,megawatthours,2026-02-21 06:00:00,14645.0
2026-02-21T05,TEN,Tennessee,D,Demand,15877,megawatthours,2026-02-21 05:00:00,15877.0
2026-02-21T05,TEN,Tennessee,DF,Day-ahead demand forecast,15929,megawatthours,2026-02-21 05:00:00,15929.0
2026-02-21T05,TEN,Tennessee,NG,Net generation,15743,megawatthours,2026-02-21 05:00:00,15743.0
2026-02-21T04,TEN,Tennessee,D,Demand,16674,megawatthours,2026-02-21 04:00:00,16674.0
2026-02-21T04,TEN,Tennessee,DF,Day-ahead demand forecast,16476,megawatthours,2026-02-21 04:00:00,16476.0
2026-02-21T04,TEN,Tennessee,NG,Net generation,16777,megawatthours,2026-02-21 04:00:00,16777.0
2026-02-21T03,TEN,Tennessee,D,Demand,17168,megawatthours,2026-02-21 03:00:00,17168.0
2026-02-21T03,TEN,Tennessee,DF,Day-ahead demand forecast,16835,megawatthours,2026-02-21 03:00:00,16835.0
2026-02-21T03,TEN,Tennessee,NG,Net generation,17429,megawatthours,2026-02-21 03:00:00,17429.0
2026-02-21T02,TEN,Tennessee,D,Demand,17416,megawatthours,2026-02-21 02:00:00,17416.0
2026-02-21T02,TEN,Tennessee,DF,Day-ahead demand forecast,17052,megawatthours,2026-02-21 02:00:00,17052.0
2026-02-21T02,TEN,Tennessee,NG,Net generation,17940,megawatthours,2026-02-21 02:00:00,17940.0
2026-02-21T01,TEN,Tennessee,D,Demand,17487,megawatthours,2026-02-21 01:00:00,17487.0
2026-02-21T01,TEN,Tennessee,DF,Day-ahead demand forecast,17233,megawatthours,2026-02-21 01:00:00,17233.0
2026-02-21T01,TEN,Tennessee,NG,Net generation,18260,megawatthours,2026-02-21 01:00:00,18260.0
2026-02-21T00,TEN,Tennessee,D,Demand,17213,megawatthours,2026-02-21 00:00:00,17213.0
2026-02-21T00,TEN,Tennessee,DF,Day-ahead demand forecast,16880,megawatthours,2026-02-21 00:00:00,16880.0
2026-02-21T00,TEN,Tennessee,NG,Net generation,17822,megawatthours,2026-02-21 00:00:00,17822.0
2026-02-20T23,TEN,Tennessee,D,Demand,16912,megawatthours,2026-02-20 23:00:00,16912.0
2026-02-20T23,TEN,Tennessee,DF,Day-ahead demand forecast,16419,megawatthours,2026-02-20 23:00:00,16419.0
2026-02-20T23,TEN,Tennessee,NG,Net generation,17215,megawatthours,2026-02-20 23:00:00,17215.0
2026-02-20T22,TEN,Tennessee,D,Demand,16781,megawatthours,2026-02-20 22:00:00,16781.0
2026-02-20T22,TEN,Tennessee,DF,Day-ahead demand forecast,16376,megawatthours,2026-02-20 22:00:00,16376.0
2026-02-20T22,TEN,Tennessee,NG,Net generation,17056,megawatthours,2026-02-20 22:00:00,17056.0
2026-02-20T21,TEN,Tennessee,D,Demand,16662,megawatthours,2026-02-20 21:00:00,16662.0
2026-02-20T21,TEN,Tennessee,DF,Day-ahead demand forecast,16384,megawatthours,2026-02-20 21:00:00,16384.0
2026-02-20T21,TEN,Tennessee,NG,Net generation,16803,megawatthours,2026-02-20 21:00:00,16803.0
2026-02-20T20,TEN,Tennessee,D,Demand,16865,megawatthours,2026-02-20 20:00:00,16865.0
2026-02-20T20,TEN,Tennessee,DF,Day-ahead demand forecast,16493,megawatthours,2026-02-20 20:00:00,16493.0
2026-02-20T20,TEN,Tennessee,NG,Net generation,17005,megawatthours,2026-02-20 20:00:00,17005.0
2026-02-20T19,TEN,Tennessee,D,Demand,17020,megawatthours,2026-02-20 19:00:00,17020.0
2026-02-20T19,TEN,Tennessee,DF,Day-ahead demand forecast,16916,megawatthours,2026-02-20 19:00:00,16916.0
2026-02-20T19,TEN,Tennessee,NG,Net generation,16986,megawatthours,2026-02-20 19:00:00,16986.0
2026-02-20T18,TEN,Tennessee,D,Demand,16983,megawatthours,2026-02-20 18:00:00,16983.0
2026-02-20T18,TEN,Tennessee,DF,Day-ahead demand forecast,16977,megawatthours,2026-02-20 18:00:00,16977.0
2026-02-20T18,TEN,Tennessee,NG,Net generation,17114,megawatthours,2026-02-20 18:00:00,17114.0
2026-02-20T17,TEN,Tennessee,D,Demand,17161,megawatthours,2026-02-20 17:00:00,17161.0
2026-02-20T17,TEN,Tennessee,DF,Day-ahead demand forecast,17172,megawatthours,2026-02-20 17:00:00,17172.0
2026-02-20T17,TEN,Tennessee,NG,Net generation,17113,megawatthours,2026-02-20 17:00:00,17113.0
2026-02-20T16,TEN,Tennessee,D,Demand,16918,megawatthours,2026-02-20 16:00:00,16918.0
2026-02-20T16,TEN,Tennessee,DF,Day-ahead demand forecast,16907,megawatthours,2026-02-20 16:00:00,16907.0
2026-02-20T16,TEN,Tennessee,NG,Net generation,16957,megawatthours,2026-02-20 16:00:00,16957.0
2026-02-20T15,TEN,Tennessee,D,Demand,16847,megawatthours,2026-02-20 15:00:00,16847.0
2026-02-20T15,TEN,Tennessee,DF,Day-ahead demand forecast,16911,megawatthours,2026-02-20 15:00:00,16911.0
2026-02-20T15,TEN,Tennessee,NG,Net generation,16942,megawatthours,2026-02-20 15:00:00,16942.0
2026-02-20T14,TEN,Tennessee,D,Demand,16715,megawatthours,2026-02-20 14:00:00,16715.0
2026-02-20T14,TEN,Tennessee,DF,Day-ahead demand forecast,16826,megawatthours,2026-02-20 14:00:00,16826.0
2026-02-20T14,TEN,Tennessee,NG,Net generation,16882,megawatthours,2026-02-20 14:00:00,16882.0
2026-02-20T13,TEN,Tennessee,D,Demand,16241,megawatthours,2026-02-20 13:00:00,16241.0
2026-02-20T13,TEN,Tennessee,DF,Day-ahead demand forecast,16473,megawatthours,2026-02-20 13:00:00,16473.0
2026-02-20T13,TEN,Tennessee,NG,Net generation,16761,megawatthours,2026-02-20 13:00:00,16761.0
2026-02-20T12,TEN,Tennessee,D,Demand,15096,megawatthours,2026-02-20 12:00:00,15096.0
2026-02-20T12,TEN,Tennessee,DF,Day-ahead demand forecast,15367,megawatthours,2026-02-20 12:00:00,15367.0
2026-02-20T12,TEN,Tennessee,NG,Net generation,15355,megawatthours,2026-02-20 12:00:00,15355.0
2026-02-20T11,TEN,Tennessee,D,Demand,14138,megawatthours,2026-02-20 11:00:00,14138.0
2026-02-20T11,TEN,Tennessee,DF,Day-ahead demand forecast,14310,megawatthours,2026-02-20 11:00:00,14310.0
2026-02-20T11,TEN,Tennessee,NG,Net generation,14273,megawatthours,2026-02-20 11:00:00,14273.0
2026-02-20T10,TEN,Tennessee,D,Demand,13946,megawatthours,2026-02-20 10:00:00,13946.0
2026-02-20T10,TEN,Tennessee,DF,Day-ahead demand forecast,13967,megawatthours,2026-02-20 10:00:00,13967.0
2026-02-20T10,TEN,Tennessee,NG,Net generation,14030,megawatthours,2026-02-20 10:00:00,14030.0
2026-02-20T09,TEN,Tennessee,D,Demand,14072,megawatthours,2026-02-20 09:00:00,14072.0
2026-02-20T09,TEN,Tennessee,DF,Day-ahead demand forecast,14082,megawatthours,2026-02-20 09:00:00,14082.0
2026-02-20T09,TEN,Tennessee,NG,Net generation,14254,megawatthours,2026-02-20 09:00:00,14254.0
2026-02-20T08,TEN,Tennessee,D,Demand,14260,megawatthours,2026-02-20 08:00:00,14260.0
2026-02-20T08,TEN,Tennessee,DF,Day-ahead demand forecast,14455,megawatthours,2026-02-20 08:00:00,14455.0
2026-02-20T08,TEN,Tennessee,NG,Net generation,14402,megawatthours,2026-02-20 08:00:00,14402.0
2026-02-20T07,TEN,Tennessee,D,Demand,14726,megawatthours,2026-02-20 07:00:00,14726.0
2026-02-20T07,TEN,Tennessee,DF,Day-ahead demand forecast,14862,megawatthours,2026-02-20 07:00:00,14862.0
2026-02-20T07,TEN,Tennessee,NG,Net generation,14712,megawatthours,2026-02-20 07:00:00,14712.0
2026-02-20T06,TEN,Tennessee,D,Demand,15557,megawatthours,2026-02-20 06:00:00,15557.0
2026-02-20T06,TEN,Tennessee,DF,Day-ahead demand forecast,15557,megawatthours,2026-02-20 06:00:00,15557.0
2026-02-20T06,TEN,Tennessee,NG,Net generation,15047,megawatthours,2026-02-20 06:00:00,15047.0
2026-02-20T05,TEN,Tennessee,D,Demand,16109,megawatthours,2026-02-20 05:00:00,16109.0
2026-02-20T05,TEN,Tennessee,DF,Day-ahead demand forecast,16445,megawatthours,2026-02-20 05:00:00,16445.0
2026-02-20T05,TEN,Tennessee,NG,Net generation,15960,megawatthours,2026-02-20 05:00:00,15960.0
2026-02-20T04,TEN,Tennessee,D,Demand,17145,megawatthours,2026-02-20 04:00:00,17145.0
2026-02-20T04,TEN,Tennessee,DF,Day-ahead demand forecast,17491,megawatthours,2026-02-20 04:00:00,17491.0
2026-02-20T04,TEN,Tennessee,NG,Net generation,16960,megawatthours,2026-02-20 04:00:00,16960.0
2026-02-20T03,TEN,Tennessee,D,Demand,17815,megawatthours,2026-02-20 03:00:00,17815.0
2026-02-20T03,TEN,Tennessee,DF,Day-ahead demand forecast,18296,megawatthours,2026-02-20 03:00:00,18296.0
2026-02-20T03,TEN,Tennessee,NG,Net generation,17710,megawatthours,2026-02-20 03:00:00,17710.0
2026-02-20T02,TEN,Tennessee,D,Demand,18210,megawatthours,2026-02-20 02:00:00,18210.0
2026-02-20T02,TEN,Tennessee,DF,Day-ahead demand forecast,18583,megawatthours,2026-02-20 02:00:00,18583.0
2026-02-20T02,TEN,Tennessee,NG,Net generation,18395,megawatthours,2026-02-20 02:00:00,18395.0
2026-02-20T01,TEN,Tennessee,D,Demand,18439,megawatthours,2026-02-20 01:00:00,18439.0
2026-02-20T01,TEN,Tennessee,DF,Day-ahead demand forecast,18913,megawatthours,2026-02-20 01:00:00,18913.0
2026-02-20T01,TEN,Tennessee,NG,Net generation,18596,megawatthours,2026-02-20 01:00:00,18596.0
2026-02-20T00,TEN,Tennessee,D,Demand,17852,megawatthours,2026-02-20 00:00:00,17852.0
2026-02-20T00,TEN,Tennessee,DF,Day-ahead demand forecast,18553,megawatthours,2026-02-20 00:00:00,18553.0
2026-02-20T00,TEN,Tennessee,NG,Net generation,18297,megawatthours,2026-02-20 00:00:00,18297.0
2026-02-19T23,TEN,Tennessee,D,Demand,17440,megawatthours,2026-02-19 23:00:00,17440.0
2026-02-19T23,TEN,Tennessee,DF,Day-ahead demand forecast,18060,megawatthours,2026-02-19 23:00:00,18060.0
2026-02-19T23,TEN,Tennessee,NG,Net generation,17477,megawatthours,2026-02-19 23:00:00,17477.0
2026-02-19T22,TEN,Tennessee,D,Demand,17334,megawatthours,2026-02-19 22:00:00,17334.0
2026-02-19T22,TEN,Tennessee,DF,Day-ahead demand forecast,17849,megawatthours,2026-02-19 22:00:00,17849.0
2026-02-19T22,TEN,Tennessee,NG,Net generation,17159,megawatthours,2026-02-19 22:00:00,17159.0
2026-02-19T21,TEN,Tennessee,D,Demand,17278,megawatthours,2026-02-19 21:00:00,17278.0
2026-02-19T21,TEN,Tennessee,DF,Day-ahead demand forecast,17721,megawatthours,2026-02-19 21:00:00,17721.0
2026-02-19T21,TEN,Tennessee,NG,Net generation,16901,megawatthours,2026-02-19 21:00:00,16901.0
2026-02-19T20,TEN,Tennessee,D,Demand,17446,megawatthours,2026-02-19 20:00:00,17446.0
2026-02-19T20,TEN,Tennessee,DF,Day-ahead demand forecast,17773,megawatthours,2026-02-19 20:00:00,17773.0
2026-02-19T20,TEN,Tennessee,NG,Net generation,17183,megawatthours,2026-02-19 20:00:00,17183.0
2026-02-19T19,TEN,Tennessee,D,Demand,17422,megawatthours,2026-02-19 19:00:00,17422.0
2026-02-19T19,TEN,Tennessee,DF,Day-ahead demand forecast,17728,megawatthours,2026-02-19 19:00:00,17728.0
2026-02-19T19,TEN,Tennessee,NG,Net generation,17320,megawatthours,2026-02-19 19:00:00,17320.0
2026-02-19T18,TEN,Tennessee,D,Demand,17549,megawatthours,2026-02-19 18:00:00,17549.0
2026-02-19T18,TEN,Tennessee,DF,Day-ahead demand forecast,17695,megawatthours,2026-02-19 18:00:00,17695.0
2026-02-19T18,TEN,Tennessee,NG,Net generation,17442,megawatthours,2026-02-19 18:00:00,17442.0
2026-02-19T17,TEN,Tennessee,D,Demand,17459,megawatthours,2026-02-19 17:00:00,17459.0
2026-02-19T17,TEN,Tennessee,DF,Day-ahead demand forecast,17609,megawatthours,2026-02-19 17:00:00,17609.0
2026-02-19T17,TEN,Tennessee,NG,Net generation,17315,megawatthours,2026-02-19 17:00:00,17315.0
2026-02-19T16,TEN,Tennessee,D,Demand,17189,megawatthours,2026-02-19 16:00:00,17189.0
2026-02-19T16,TEN,Tennessee,DF,Day-ahead demand forecast,17313,megawatthours,2026-02-19 16:00:00,17313.0
2026-02-19T16,TEN,Tennessee,NG,Net generation,17389,megawatthours,2026-02-19 16:00:00,17389.0
2026-02-19T15,TEN,Tennessee,D,Demand,17130,megawatthours,2026-02-19 15:00:00,17130.0
2026-02-19T15,TEN,Tennessee,DF,Day-ahead demand forecast,17231,megawatthours,2026-02-19 15:00:00,17231.0
2026-02-19T15,TEN,Tennessee,NG,Net generation,17222,megawatthours,2026-02-19 15:00:00,17222.0
2026-02-19T14,TEN,Tennessee,D,Demand,17008,megawatthours,2026-02-19 14:00:00,17008.0
2026-02-19T14,TEN,Tennessee,DF,Day-ahead demand forecast,17286,megawatthours,2026-02-19 14:00:00,17286.0
2026-02-19T14,TEN,Tennessee,NG,Net generation,17071,megawatthours,2026-02-19 14:00:00,17071.0
2026-02-19T13,TEN,Tennessee,D,Demand,16765,megawatthours,2026-02-19 13:00:00,16765.0
2026-02-19T13,TEN,Tennessee,DF,Day-ahead demand forecast,16949,megawatthours,2026-02-19 13:00:00,16949.0
2026-02-19T13,TEN,Tennessee,NG,Net generation,16796,megawatthours,2026-02-19 13:00:00,16796.0
2026-02-19T12,TEN,Tennessee,D,Demand,15691,megawatthours,2026-02-19 12:00:00,15691.0
2026-02-19T12,TEN,Tennessee,DF,Day-ahead demand forecast,15766,megawatthours,2026-02-19 12:00:00,15766.0
2026-02-19T12,TEN,Tennessee,NG,Net generation,15332,megawatthours,2026-02-19 12:00:00,15332.0
2026-02-19T11,TEN,Tennessee,D,Demand,14646,megawatthours,2026-02-19 11:00:00,14646.0
2026-02-19T11,TEN,Tennessee,DF,Day-ahead demand forecast,14672,megawatthours,2026-02-19 11:00:00,14672.0
2026-02-19T11,TEN,Tennessee,NG,Net generation,14261,megawatthours,2026-02-19 11:00:00,14261.0
2026-02-19T10,TEN,Tennessee,D,Demand,14290,megawatthours,2026-02-19 10:00:00,14290.0
2026-02-19T10,TEN,Tennessee,DF,Day-ahead demand forecast,14289,megawatthours,2026-02-19 10:00:00,14289.0
2026-02-19T10,TEN,Tennessee,NG,Net generation,14050,megawatthours,2026-02-19 10:00:00,14050.0
2026-02-19T09,TEN,Tennessee,D,Demand,14522,megawatthours,2026-02-19 09:00:00,14522.0
2026-02-19T09,TEN,Tennessee,DF,Day-ahead demand forecast,14320,megawatthours,2026-02-19 09:00:00,14320.0
2026-02-19T09,TEN,Tennessee,NG,Net generation,14029,megawatthours,2026-02-19 09:00:00,14029.0
2026-02-19T08,TEN,Tennessee,D,Demand,14617,megawatthours,2026-02-19 08:00:00,14617.0
2026-02-19T08,TEN,Tennessee,DF,Day-ahead demand forecast,14528,megawatthours,2026-02-19 08:00:00,14528.0
2026-02-19T08,TEN,Tennessee,NG,Net generation,14199,megawatthours,2026-02-19 08:00:00,14199.0
2026-02-19T07,TEN,Tennessee,D,Demand,14961,megawatthours,2026-02-19 07:00:00,14961.0
2026-02-19T07,TEN,Tennessee,DF,Day-ahead demand forecast,14909,megawatthours,2026-02-19 07:00:00,14909.0
2026-02-19T07,TEN,Tennessee,NG,Net generation,14472,megawatthours,2026-02-19 07:00:00,14472.0
2026-02-19T06,TEN,Tennessee,D,Demand,15505,megawatthours,2026-02-19 06:00:00,15505.0
2026-02-19T06,TEN,Tennessee,DF,Day-ahead demand forecast,15505,megawatthours,2026-02-19 06:00:00,15505.0
2026-02-19T06,TEN,Tennessee,NG,Net generation,15269,megawatthours,2026-02-19 06:00:00,15269.0
2026-02-19T05,TEN,Tennessee,D,Demand,16252,megawatthours,2026-02-19 05:00:00,16252.0
2026-02-19T05,TEN,Tennessee,DF,Day-ahead demand forecast,16357,megawatthours,2026-02-19 05:00:00,16357.0
2026-02-19T05,TEN,Tennessee,NG,Net generation,16043,megawatthours,2026-02-19 05:00:00,16043.0
2026-02-19T04,TEN,Tennessee,D,Demand,17311,megawatthours,2026-02-19 04:00:00,17311.0
2026-02-19T04,TEN,Tennessee,DF,Day-ahead demand forecast,17175,megawatthours,2026-02-19 04:00:00,17175.0
2026-02-19T04,TEN,Tennessee,NG,Net generation,16936,megawatthours,2026-02-19 04:00:00,16936.0
2026-02-19T03,TEN,Tennessee,D,Demand,18023,megawatthours,2026-02-19 03:00:00,18023.0
2026-02-19T03,TEN,Tennessee,DF,Day-ahead demand forecast,18015,megawatthours,2026-02-19 03:00:00,18015.0
2026-02-19T03,TEN,Tennessee,NG,Net generation,17794,megawatthours,2026-02-19 03:00:00,17794.0
2026-02-19T02,TEN,Tennessee,D,Demand,18489,megawatthours,2026-02-19 02:00:00,18489.0
2026-02-19T02,TEN,Tennessee,DF,Day-ahead demand forecast,18457,megawatthours,2026-02-19 02:00:00,18457.0
2026-02-19T02,TEN,Tennessee,NG,Net generation,18285,megawatthours,2026-02-19 02:00:00,18285.0
2026-02-19T01,TEN,Tennessee,D,Demand,18714,megawatthours,2026-02-19 01:00:00,18714.0
2026-02-19T01,TEN,Tennessee,DF,Day-ahead demand forecast,18645,megawatthours,2026-02-19 01:00:00,18645.0
2026-02-19T01,TEN,Tennessee,NG,Net generation,18561,megawatthours,2026-02-19 01:00:00,18561.0
2026-02-19T00,TEN,Tennessee,D,Demand,18483,megawatthours,2026-02-19 00:00:00,18483.0
2026-02-19T00,TEN,Tennessee,DF,Day-ahead demand forecast,18257,megawatthours,2026-02-19 00:00:00,18257.0
2026-02-19T00,TEN,Tennessee,NG,Net generation,18285,megawatthours,2026-02-19 00:00:00,18285.0
2026-02-18T23,TEN,Tennessee,D,Demand,17882,megawatthours,2026-02-18 23:00:00,17882.0
2026-02-18T23,TEN,Tennessee,DF,Day-ahead demand forecast,17590,megawatthours,2026-02-18 23:00:00,17590.0
2026-02-18T23,TEN,Tennessee,NG,Net generation,17389,megawatthours,2026-02-18 23:00:00,17389.0
2026-02-18T22,TEN,Tennessee,D,Demand,17730,megawatthours,2026-02-18 22:00:00,17730.0
2026-02-18T22,TEN,Tennessee,DF,Day-ahead demand forecast,17378,megawatthours,2026-02-18 22:00:00,17378.0
2026-02-18T22,TEN,Tennessee,NG,Net generation,17013,megawatthours,2026-02-18 22:00:00,17013.0
2026-02-18T21,TEN,Tennessee,D,Demand,17550,megawatthours,2026-02-18 21:00:00,17550.0
2026-02-18T21,TEN,Tennessee,DF,Day-ahead demand forecast,17306,megawatthours,2026-02-18 21:00:00,17306.0
2026-02-18T21,TEN,Tennessee,NG,Net generation,16916,megawatthours,2026-02-18 21:00:00,16916.0
2026-02-18T20,TEN,Tennessee,D,Demand,17812,megawatthours,2026-02-18 20:00:00,17812.0
2026-02-18T20,TEN,Tennessee,DF,Day-ahead demand forecast,17317,megawatthours,2026-02-18 20:00:00,17317.0
2026-02-18T20,TEN,Tennessee,NG,Net generation,17166,megawatthours,2026-02-18 20:00:00,17166.0
2026-02-18T19,TEN,Tennessee,D,Demand,17909,megawatthours,2026-02-18 19:00:00,17909.0
2026-02-18T19,TEN,Tennessee,DF,Day-ahead demand forecast,17315,megawatthours,2026-02-18 19:00:00,17315.0
2026-02-18T19,TEN,Tennessee,NG,Net generation,17303,megawatthours,2026-02-18 19:00:00,17303.0
2026-02-18T18,TEN,Tennessee,D,Demand,17997,megawatthours,2026-02-18 18:00:00,17997.0
2026-02-18T18,TEN,Tennessee,DF,Day-ahead demand forecast,17416,megawatthours,2026-02-18 18:00:00,17416.0
2026-02-18T18,TEN,Tennessee,NG,Net generation,17503,megawatthours,2026-02-18 18:00:00,17503.0
2026-02-18T17,TEN,Tennessee,D,Demand,17878,megawatthours,2026-02-18 17:00:00,17878.0
2026-02-18T17,TEN,Tennessee,DF,Day-ahead demand forecast,17583,megawatthours,2026-02-18 17:00:00,17583.0
2026-02-18T17,TEN,Tennessee,NG,Net generation,17768,megawatthours,2026-02-18 17:00:00,17768.0
2026-02-18T16,TEN,Tennessee,D,Demand,17800,megawatthours,2026-02-18 16:00:00,17800.0
2026-02-18T16,TEN,Tennessee,DF,Day-ahead demand forecast,17486,megawatthours,2026-02-18 16:00:00,17486.0
2026-02-18T16,TEN,Tennessee,NG,Net generation,18126,megawatthours,2026-02-18 16:00:00,18126.0
2026-02-18T15,TEN,Tennessee,D,Demand,17689,megawatthours,2026-02-18 15:00:00,17689.0
2026-02-18T15,TEN,Tennessee,DF,Day-ahead demand forecast,17540,megawatthours,2026-02-18 15:00:00,17540.0
2026-02-18T15,TEN,Tennessee,NG,Net generation,19087,megawatthours,2026-02-18 15:00:00,19087.0
2026-02-18T14,TEN,Tennessee,D,Demand,17578,megawatthours,2026-02-18 14:00:00,17578.0
2026-02-18T14,TEN,Tennessee,DF,Day-ahead demand forecast,17617,megawatthours,2026-02-18 14:00:00,17617.0
2026-02-18T14,TEN,Tennessee,NG,Net generation,19562,megawatthours,2026-02-18 14:00:00,19562.0
2026-02-18T13,TEN,Tennessee,D,Demand,17284,megawatthours,2026-02-18 13:00:00,17284.0
2026-02-18T13,TEN,Tennessee,DF,Day-ahead demand forecast,17419,megawatthours,2026-02-18 13:00:00,17419.0
2026-02-18T13,TEN,Tennessee,NG,Net generation,19907,megawatthours,2026-02-18 13:00:00,19907.0
2026-02-18T12,TEN,Tennessee,D,Demand,15972,megawatthours,2026-02-18 12:00:00,15972.0
2026-02-18T12,TEN,Tennessee,DF,Day-ahead demand forecast,16277,megawatthours,2026-02-18 12:00:00,16277.0
2026-02-18T12,TEN,Tennessee,NG,Net generation,18703,megawatthours,2026-02-18 12:00:00,18703.0
2026-02-18T11,TEN,Tennessee,D,Demand,15003,megawatthours,2026-02-18 11:00:00,15003.0
2026-02-18T11,TEN,Tennessee,DF,Day-ahead demand forecast,15058,megawatthours,2026-02-18 11:00:00,15058.0
2026-02-18T11,TEN,Tennessee,NG,Net generation,17109,megawatthours,2026-02-18 11:00:00,17109.0
2026-02-18T10,TEN,Tennessee,D,Demand,14812,megawatthours,2026-02-18 10:00:00,14812.0
2026-02-18T10,TEN,Tennessee,DF,Day-ahead demand forecast,14697,megawatthours,2026-02-18 10:00:00,14697.0
2026-02-18T10,TEN,Tennessee,NG,Net generation,16555,megawatthours,2026-02-18 10:00:00,16555.0
2026-02-18T09,TEN,Tennessee,D,Demand,14825,megawatthours,2026-02-18 09:00:00,14825.0
2026-02-18T09,TEN,Tennessee,DF,Day-ahead demand forecast,14744,megawatthours,2026-02-18 09:00:00,14744.0
2026-02-18T09,TEN,Tennessee,NG,Net generation,16186,megawatthours,2026-02-18 09:00:00,16186.0
2026-02-18T08,TEN,Tennessee,D,Demand,15003,megawatthours,2026-02-18 08:00:00,15003.0
2026-02-18T08,TEN,Tennessee,DF,Day-ahead demand forecast,14929,megawatthours,2026-02-18 08:00:00,14929.0
2026-02-18T08,TEN,Tennessee,NG,Net generation,16138,megawatthours,2026-02-18 08:00:00,16138.0
2026-02-18T07,TEN,Tennessee,D,Demand,15257,megawatthours,2026-02-18 07:00:00,15257.0
2026-02-18T07,TEN,Tennessee,DF,Day-ahead demand forecast,15231,megawatthours,2026-02-18 07:00:00,15231.0
2026-02-18T07,TEN,Tennessee,NG,Net generation,16207,megawatthours,2026-02-18 07:00:00,16207.0
2026-02-18T06,TEN,Tennessee,D,Demand,15952,megawatthours,2026-02-18 06:00:00,15952.0
2026-02-18T06,TEN,Tennessee,DF,Day-ahead demand forecast,15952,megawatthours,2026-02-18 06:00:00,15952.0
2026-02-18T06,TEN,Tennessee,NG,Net generation,16230,megawatthours,2026-02-18 06:00:00,16230.0
2026-02-18T05,TEN,Tennessee,D,Demand,16581,megawatthours,2026-02-18 05:00:00,16581.0
2026-02-18T05,TEN,Tennessee,DF,Day-ahead demand forecast,16714,megawatthours,2026-02-18 05:00:00,16714.0
2026-02-18T05,TEN,Tennessee,NG,Net generation,16812,megawatthours,2026-02-18 05:00:00,16812.0
2026-02-18T04,TEN,Tennessee,D,Demand,17528,megawatthours,2026-02-18 04:00:00,17528.0
2026-02-18T04,TEN,Tennessee,DF,Day-ahead demand forecast,17442,megawatthours,2026-02-18 04:00:00,17442.0
2026-02-18T04,TEN,Tennessee,NG,Net generation,17515,megawatthours,2026-02-18 04:00:00,17515.0
2026-02-18T03,TEN,Tennessee,D,Demand,18331,megawatthours,2026-02-18 03:00:00,18331.0
2026-02-18T03,TEN,Tennessee,DF,Day-ahead demand forecast,18187,megawatthours,2026-02-18 03:00:00,18187.0
2026-02-18T03,TEN,Tennessee,NG,Net generation,18281,megawatthours,2026-02-18 03:00:00,18281.0
2026-02-18T02,TEN,Tennessee,D,Demand,18755,megawatthours,2026-02-18 02:00:00,18755.0
2026-02-18T02,TEN,Tennessee,DF,Day-ahead demand forecast,18534,megawatthours,2026-02-18 02:00:00,18534.0
2026-02-18T02,TEN,Tennessee,NG,Net generation,18563,megawatthours,2026-02-18 02:00:00,18563.0
2026-02-18T01,TEN,Tennessee,D,Demand,18961,megawatthours,2026-02-18 01:00:00,18961.0
2026-02-18T01,TEN,Tennessee,DF,Day-ahead demand forecast,18583,megawatthours,2026-02-18 01:00:00,18583.0
2026-02-18T01,TEN,Tennessee,NG,Net generation,18757,megawatthours,2026-02-18 01:00:00,18757.0
2026-02-18T00,TEN,Tennessee,D,Demand,18498,megawatthours,2026-02-18 00:00:00,18498.0
2026-02-18T00,TEN,Tennessee,DF,Day-ahead demand forecast,18057,megawatthours,2026-02-18 00:00:00,18057.0
2026-02-18T00,TEN,Tennessee,NG,Net generation,18319,megawatthours,2026-02-18 00:00:00,18319.0
2026-02-17T23,TEN,Tennessee,D,Demand,17740,megawatthours,2026-02-17 23:00:00,17740.0
2026-02-17T23,TEN,Tennessee,DF,Day-ahead demand forecast,17333,megawatthours,2026-02-17 23:00:00,17333.0
2026-02-17T23,TEN,Tennessee,NG,Net generation,17271,megawatthours,2026-02-17 23:00:00,17271.0
2026-02-17T22,TEN,Tennessee,D,Demand,17442,megawatthours,2026-02-17 22:00:00,17442.0
2026-02-17T22,TEN,Tennessee,DF,Day-ahead demand forecast,17302,megawatthours,2026-02-17 22:00:00,17302.0
2026-02-17T22,TEN,Tennessee,NG,Net generation,16825,megawatthours,2026-02-17 22:00:00,16825.0
2026-02-17T21,TEN,Tennessee,D,Demand,17405,megawatthours,2026-02-17 21:00:00,17405.0
2026-02-17T21,TEN,Tennessee,DF,Day-ahead demand forecast,17255,megawatthours,2026-02-17 21:00:00,17255.0
2026-02-17T21,TEN,Tennessee,NG,Net generation,16666,megawatthours,2026-02-17 21:00:00,16666.0
2026-02-17T20,TEN,Tennessee,D,Demand,17532,megawatthours,2026-02-17 20:00:00,17532.0
2026-02-17T20,TEN,Tennessee,DF,Day-ahead demand forecast,17336,megawatthours,2026-02-17 20:00:00,17336.0
2026-02-17T20,TEN,Tennessee,NG,Net generation,16891,megawatthours,2026-02-17 20:00:00,16891.0
2026-02-17T19,TEN,Tennessee,D,Demand,17723,megawatthours,2026-02-17 19:00:00,17723.0
2026-02-17T19,TEN,Tennessee,DF,Day-ahead demand forecast,17561,megawatthours,2026-02-17 19:00:00,17561.0
2026-02-17T19,TEN,Tennessee,NG,Net generation,17297,megawatthours,2026-02-17 19:00:00,17297.0
2026-02-17T18,TEN,Tennessee,D,Demand,17918,megawatthours,2026-02-17 18:00:00,17918.0
2026-02-17T18,TEN,Tennessee,DF,Day-ahead demand forecast,17876,megawatthours,2026-02-17 18:00:00,17876.0
2026-02-17T18,TEN,Tennessee,NG,Net generation,17734,megawatthours,2026-02-17 18:00:00,17734.0
2026-02-17T17,TEN,Tennessee,D,Demand,18134,megawatthours,2026-02-17 17:00:00,18134.0
2026-02-17T17,TEN,Tennessee,DF,Day-ahead demand forecast,18140,megawatthours,2026-02-17 17:00:00,18140.0
2026-02-17T17,TEN,Tennessee,NG,Net generation,18223,megawatthours,2026-02-17 17:00:00,18223.0
2026-02-17T16,TEN,Tennessee,D,Demand,18456,megawatthours,2026-02-17 16:00:00,18456.0
2026-02-17T16,TEN,Tennessee,DF,Day-ahead demand forecast,18423,megawatthours,2026-02-17 16:00:00,18423.0
2026-02-17T16,TEN,Tennessee,NG,Net generation,18653,megawatthours,2026-02-17 16:00:00,18653.0
2026-02-17T15,TEN,Tennessee,D,Demand,19217,megawatthours,2026-02-17 15:00:00,19217.0
2026-02-17T15,TEN,Tennessee,DF,Day-ahead demand forecast,19343,megawatthours,2026-02-17 15:00:00,19343.0
2026-02-17T15,TEN,Tennessee,NG,Net generation,19597,megawatthours,2026-02-17 15:00:00,19597.0
2026-02-17T14,TEN,Tennessee,D,Demand,20063,megawatthours,2026-02-17 14:00:00,20063.0
2026-02-17T14,TEN,Tennessee,DF,Day-ahead demand forecast,19885,megawatthours,2026-02-17 14:00:00,19885.0
2026-02-17T14,TEN,Tennessee,NG,Net generation,20254,megawatthours,2026-02-17 14:00:00,20254.0
2026-02-17T13,TEN,Tennessee,D,Demand,20192,megawatthours,2026-02-17 13:00:00,20192.0
2026-02-17T13,TEN,Tennessee,DF,Day-ahead demand forecast,20037,megawatthours,2026-02-17 13:00:00,20037.0
2026-02-17T13,TEN,Tennessee,NG,Net generation,20074,megawatthours,2026-02-17 13:00:00,20074.0
2026-02-17T12,TEN,Tennessee,D,Demand,18955,megawatthours,2026-02-17 12:00:00,18955.0
2026-02-17T12,TEN,Tennessee,DF,Day-ahead demand forecast,18778,megawatthours,2026-02-17 12:00:00,18778.0
2026-02-17T12,TEN,Tennessee,NG,Net generation,18434,megawatthours,2026-02-17 12:00:00,18434.0
2026-02-17T11,TEN,Tennessee,D,Demand,17423,megawatthours,2026-02-17 11:00:00,17423.0
2026-02-17T11,TEN,Tennessee,DF,Day-ahead demand forecast,17322,megawatthours,2026-02-17 11:00:00,17322.0
2026-02-17T11,TEN,Tennessee,NG,Net generation,17013,megawatthours,2026-02-17 11:00:00,17013.0
2026-02-17T10,TEN,Tennessee,D,Demand,16938,megawatthours,2026-02-17 10:00:00,16938.0
2026-02-17T10,TEN,Tennessee,DF,Day-ahead demand forecast,16794,megawatthours,2026-02-17 10:00:00,16794.0
2026-02-17T10,TEN,Tennessee,NG,Net generation,16378,megawatthours,2026-02-17 10:00:00,16378.0
2026-02-17T09,TEN,Tennessee,D,Demand,16692,megawatthours,2026-02-17 09:00:00,16692.0
2026-02-17T09,TEN,Tennessee,DF,Day-ahead demand forecast,16653,megawatthours,2026-02-17 09:00:00,16653.0
2026-02-17T09,TEN,Tennessee,NG,Net generation,16246,megawatthours,2026-02-17 09:00:00,16246.0
2026-02-17T08,TEN,Tennessee,D,Demand,16570,megawatthours,2026-02-17 08:00:00,16570.0
2026-02-17T08,TEN,Tennessee,DF,Day-ahead demand forecast,16630,megawatthours,2026-02-17 08:00:00,16630.0
2026-02-17T08,TEN,Tennessee,NG,Net generation,16068,megawatthours,2026-02-17 08:00:00,16068.0
2026-02-17T07,TEN,Tennessee,D,Demand,16703,megawatthours,2026-02-17 07:00:00,16703.0
2026-02-17T07,TEN,Tennessee,DF,Day-ahead demand forecast,16683,megawatthours,2026-02-17 07:00:00,16683.0
2026-02-17T07,TEN,Tennessee,NG,Net generation,16230,megawatthours,2026-02-17 07:00:00,16230.0
2026-02-17T06,TEN,Tennessee,D,Demand,16669,megawatthours,2026-02-17 06:00:00,16669.0
2026-02-17T06,TEN,Tennessee,DF,Day-ahead demand forecast,16652,megawatthours,2026-02-17 06:00:00,16652.0
2026-02-17T06,TEN,Tennessee,NG,Net generation,16230,megawatthours,2026-02-17 06:00:00,16230.0
2026-02-17T06,TEN,Tennessee,TI,Total interchange,-442,megawatthours,2026-02-17 06:00:00,-442.0
2026-02-17T05,TEN,Tennessee,D,Demand,17289,megawatthours,2026-02-17 05:00:00,17289.0
2026-02-17T05,TEN,Tennessee,DF,Day-ahead demand forecast,16826,megawatthours,2026-02-17 05:00:00,16826.0
2026-02-17T05,TEN,Tennessee,NG,Net generation,16812,megawatthours,2026-02-17 05:00:00,16812.0
2026-02-17T05,TEN,Tennessee,TI,Total interchange,-481,megawatthours,2026-02-17 05:00:00,-481.0
2026-02-17T04,TEN,Tennessee,D,Demand,17993,megawatthours,2026-02-17 04:00:00,17993.0
2026-02-17T04,TEN,Tennessee,DF,Day-ahead demand forecast,17952,megawatthours,2026-02-17 04:00:00,17952.0
2026-02-17T04,TEN,Tennessee,NG,Net generation,17515,megawatthours,2026-02-17 04:00:00,17515.0
2026-02-17T04,TEN,Tennessee,TI,Total interchange,-484,megawatthours,2026-02-17 04:00:00,-484.0
2026-02-17T03,TEN,Tennessee,D,Demand,18607,megawatthours,2026-02-17 03:00:00,18607.0
2026-02-17T03,TEN,Tennessee,DF,Day-ahead demand forecast,18532,megawatthours,2026-02-17 03:00:00,18532.0
2026-02-17T03,TEN,Tennessee,NG,Net generation,18281,megawatthours,2026-02-17 03:00:00,18281.0
2026-02-17T03,TEN,Tennessee,TI,Total interchange,-322,megawatthours,2026-02-17 03:00:00,-322.0
2026-02-17T02,TEN,Tennessee,D,Demand,18808,megawatthours,2026-02-17 02:00:00,18808.0
2026-02-17T02,TEN,Tennessee,DF,Day-ahead demand forecast,18781,megawatthours,2026-02-17 02:00:00,18781.0
2026-02-17T02,TEN,Tennessee,NG,Net generation,18563,megawatthours,2026-02-17 02:00:00,18563.0
2026-02-17T02,TEN,Tennessee,TI,Total interchange,-254,megawatthours,2026-02-17 02:00:00,-254.0
2026-02-17T01,TEN,Tennessee,D,Demand,18922,megawatthours,2026-02-17 01:00:00,18922.0
2026-02-17T01,TEN,Tennessee,DF,Day-ahead demand forecast,18897,megawatthours,2026-02-17 01:00:00,18897.0
2026-02-17T01,TEN,Tennessee,NG,Net generation,18757,megawatthours,2026-02-17 01:00:00,18757.0
2026-02-17T01,TEN,Tennessee,TI,Total interchange,-168,megawatthours,2026-02-17 01:00:00,-168.0
2026-02-17T00,TEN,Tennessee,D,Demand,18272,megawatthours,2026-02-17 00:00:00,18272.0
2026-02-17T00,TEN,Tennessee,DF,Day-ahead demand forecast,18229,megawatthours,2026-02-17 00:00:00,18229.0
2026-02-17T00,TEN,Tennessee,NG,Net generation,18319,megawatthours,2026-02-17 00:00:00,18319.0
2026-02-17T00,TEN,Tennessee,TI,Total interchange,59,megawatthours,2026-02-17 00:00:00,59.0
2026-02-16T23,TEN,Tennessee,D,Demand,17605,megawatthours,2026-02-16 23:00:00,17605.0
2026-02-16T23,TEN,Tennessee,DF,Day-ahead demand forecast,17722,megawatthours,2026-02-16 23:00:00,17722.0
2026-02-16T23,TEN,Tennessee,NG,Net generation,17271,megawatthours,2026-02-16 23:00:00,17271.0
2026-02-16T23,TEN,Tennessee,TI,Total interchange,-200,megawatthours,2026-02-16 23:00:00,-200.0
2026-02-16T22,TEN,Tennessee,D,Demand,17363,megawatthours,2026-02-16 22:00:00,17363.0
2026-02-16T22,TEN,Tennessee,DF,Day-ahead demand forecast,17389,megawatthours,2026-02-16 22:00:00,17389.0
2026-02-16T22,TEN,Tennessee,NG,Net generation,16825,megawatthours,2026-02-16 22:00:00,16825.0
2026-02-16T22,TEN,Tennessee,TI,Total interchange,-307,megawatthours,2026-02-16 22:00:00,-307.0
2026-02-16T21,TEN,Tennessee,D,Demand,17350,megawatthours,2026-02-16 21:00:00,17350.0
2026-02-16T21,TEN,Tennessee,DF,Day-ahead demand forecast,17363,megawatthours,2026-02-16 21:00:00,17363.0
2026-02-16T21,TEN,Tennessee,NG,Net generation,16666,megawatthours,2026-02-16 21:00:00,16666.0
2026-02-16T21,TEN,Tennessee,TI,Total interchange,-422,megawatthours,2026-02-16 21:00:00,-422.0
2026-02-16T20,TEN,Tennessee,D,Demand,17534,megawatthours,2026-02-16 20:00:00,17534.0
2026-02-16T20,TEN,Tennessee,DF,Day-ahead demand forecast,17618,megawatthours,2026-02-16 20:00:00,17618.0
2026-02-16T20,TEN,Tennessee,NG,Net generation,16891,megawatthours,2026-02-16 20:00:00,16891.0
2026-02-16T20,TEN,Tennessee,TI,Total interchange,-406,megawatthours,2026-02-16 20:00:00,-406.0
2026-02-16T19,TEN,Tennessee,D,Demand,17977,megawatthours,2026-02-16 19:00:00,17977.0
2026-02-16T19,TEN,Tennessee,DF,Day-ahead demand forecast,18125,megawatthours,2026-02-16 19:00:00,18125.0
2026-02-16T19,TEN,Tennessee,NG,Net generation,17297,megawatthours,2026-02-16 19:00:00,17297.0
2026-02-16T19,TEN,Tennessee,TI,Total interchange,-425,megawatthours,2026-02-16 19:00:00,-425.0
2026-02-16T18,TEN,Tennessee,D,Demand,18329,megawatthours,2026-02-16 18:00:00,18329.0
2026-02-16T18,TEN,Tennessee,DF,Day-ahead demand forecast,18763,megawatthours,2026-02-16 18:00:00,18763.0
2026-02-16T18,TEN,Tennessee,NG,Net generation,17734,megawatthours,2026-02-16 18:00:00,17734.0
2026-02-16T18,TEN,Tennessee,TI,Total interchange,-335,megawatthours,2026-02-16 18:00:00,-335.0
2026-02-16T17,TEN,Tennessee,D,Demand,18787,megawatthours,2026-02-16 17:00:00,18787.0
2026-02-16T17,TEN,Tennessee,DF,Day-ahead demand forecast,19356,megawatthours,2026-02-16 17:00:00,19356.0
2026-02-16T17,TEN,Tennessee,NG,Net generation,18223,megawatthours,2026-02-16 17:00:00,18223.0
2026-02-16T17,TEN,Tennessee,TI,Total interchange,-298,megawatthours,2026-02-16 17:00:00,-298.0
2026-02-16T16,TEN,Tennessee,D,Demand,19095,megawatthours,2026-02-16 16:00:00,19095.0
2026-02-16T16,TEN,Tennessee,DF,Day-ahead demand forecast,19684,megawatthours,2026-02-16 16:00:00,19684.0
2026-02-16T16,TEN,Tennessee,NG,Net generation,18653,megawatthours,2026-02-16 16:00:00,18653.0
2026-02-16T16,TEN,Tennessee,TI,Total interchange,-170,megawatthours,2026-02-16 16:00:00,-170.0
2026-02-16T15,TEN,Tennessee,D,Demand,19833,megawatthours,2026-02-16 15:00:00,19833.0
2026-02-16T15,TEN,Tennessee,DF,Day-ahead demand forecast,20381,megawatthours,2026-02-16 15:00:00,20381.0
2026-02-16T15,TEN,Tennessee,NG,Net generation,19597,megawatthours,2026-02-16 15:00:00,19597.0
2026-02-16T15,TEN,Tennessee,TI,Total interchange,-32,megawatthours,2026-02-16 15:00:00,-32.0
2026-02-16T14,TEN,Tennessee,D,Demand,20296,megawatthours,2026-02-16 14:00:00,20296.0
2026-02-16T14,TEN,Tennessee,DF,Day-ahead demand forecast,20378,megawatthours,2026-02-16 14:00:00,20378.0
2026-02-16T14,TEN,Tennessee,NG,Net generation,20254,megawatthours,2026-02-16 14:00:00,20254.0
2026-02-16T14,TEN,Tennessee,TI,Total interchange,15,megawatthours,2026-02-16 14:00:00,15.0
2026-02-16T13,TEN,Tennessee,D,Demand,19903,megawatthours,2026-02-16 13:00:00,19903.0
2026-02-16T13,TEN,Tennessee,DF,Day-ahead demand forecast,19905,megawatthours,2026-02-16 13:00:00,19905.0
2026-02-16T13,TEN,Tennessee,NG,Net generation,20074,megawatthours,2026-02-16 13:00:00,20074.0
2026-02-16T13,TEN,Tennessee,TI,Total interchange,168,megawatthours,2026-02-16 13:00:00,168.0
2026-02-16T12,TEN,Tennessee,D,Demand,18546,megawatthours,2026-02-16 12:00:00,18546.0
2026-02-16T12,TEN,Tennessee,DF,Day-ahead demand forecast,18651,megawatthours,2026-02-16 12:00:00,18651.0
2026-02-16T12,TEN,Tennessee,NG,Net generation,18434,megawatthours,2026-02-16 12:00:00,18434.0
2026-02-16T12,TEN,Tennessee,TI,Total interchange,-115,megawatthours,2026-02-16 12:00:00,-115.0
2026-02-16T11,TEN,Tennessee,D,Demand,17246,megawatthours,2026-02-16 11:00:00,17246.0
2026-02-16T11,TEN,Tennessee,DF,Day-ahead demand forecast,17288,megawatthours,2026-02-16 11:00:00,17288.0
2026-02-16T11,TEN,Tennessee,NG,Net generation,17013,megawatthours,2026-02-16 11:00:00,17013.0
2026-02-16T11,TEN,Tennessee,TI,Total interchange,-236,megawatthours,2026-02-16 11:00:00,-236.0
2026-02-16T10,TEN,Tennessee,D,Demand,16603,megawatthours,2026-02-16 10:00:00,16603.0
2026-02-16T10,TEN,Tennessee,DF,Day-ahead demand forecast,16937,megawatthours,2026-02-16 10:00:00,16937.0
2026-02-16T10,TEN,Tennessee,NG,Net generation,16378,megawatthours,2026-02-16 10:00:00,16378.0
2026-02-16T10,TEN,Tennessee,TI,Total interchange,-230,megawatthours,2026-02-16 10:00:00,-230.0
2026-02-16T09,TEN,Tennessee,D,Demand,16391,megawatthours,2026-02-16 09:00:00,16391.0
2026-02-16T09,TEN,Tennessee,DF,Day-ahead demand forecast,16371,megawatthours,2026-02-16 09:00:00,16371.0
2026-02-16T09,TEN,Tennessee,NG,Net generation,16246,megawatthours,2026-02-16 09:00:00,16246.0
2026-02-16T09,TEN,Tennessee,TI,Total interchange,-149,megawatthours,2026-02-16 09:00:00,-149.0
2026-02-16T08,TEN,Tennessee,D,Demand,16229,megawatthours,2026-02-16 08:00:00,16229.0
2026-02-16T08,TEN,Tennessee,DF,Day-ahead demand forecast,16267,megawatthours,2026-02-16 08:00:00,16267.0
2026-02-16T08,TEN,Tennessee,NG,Net generation,16068,megawatthours,2026-02-16 08:00:00,16068.0
2026-02-16T08,TEN,Tennessee,TI,Total interchange,-162,megawatthours,2026-02-16 08:00:00,-162.0
2026-02-16T07,TEN,Tennessee,D,Demand,16241,megawatthours,2026-02-16 07:00:00,16241.0
2026-02-16T07,TEN,Tennessee,DF,Day-ahead demand forecast,16225,megawatthours,2026-02-16 07:00:00,16225.0
2026-02-16T07,TEN,Tennessee,NG,Net generation,16098,megawatthours,2026-02-16 07:00:00,16098.0
2026-02-16T07,TEN,Tennessee,TI,Total interchange,-150,megawatthours,2026-02-16 07:00:00,-150.0
2026-02-16T06,TEN,Tennessee,D,Demand,16420,megawatthours,2026-02-16 06:00:00,16420.0
2026-02-16T06,TEN,Tennessee,DF,Day-ahead demand forecast,16350,megawatthours,2026-02-16 06:00:00,16350.0
2026-02-16T06,TEN,Tennessee,NG,Net generation,16300,megawatthours,2026-02-16 06:00:00,16300.0
2026-02-16T06,TEN,Tennessee,TI,Total interchange,-122,megawatthours,2026-02-16 06:00:00,-122.0
2026-02-16T05,TEN,Tennessee,D,Demand,16950,megawatthours,2026-02-16 05:00:00,16950.0
2026-02-16T05,TEN,Tennessee,DF,Day-ahead demand forecast,17025,megawatthours,2026-02-16 05:00:00,17025.0
2026-02-16T05,TEN,Tennessee,NG,Net generation,16790,megawatthours,2026-02-16 05:00:00,16790.0
2026-02-16T05,TEN,Tennessee,TI,Total interchange,-162,megawatthours,2026-02-16 05:00:00,-162.0
2026-02-16T04,TEN,Tennessee,D,Demand,17889,megawatthours,2026-02-16 04:00:00,17889.0
2026-02-16T04,TEN,Tennessee,DF,Day-ahead demand forecast,17839,megawatthours,2026-02-16 04:00:00,17839.0
2026-02-16T04,TEN,Tennessee,NG,Net generation,17738,megawatthours,2026-02-16 04:00:00,17738.0
2026-02-16T04,TEN,Tennessee,TI,Total interchange,-158,megawatthours,2026-02-16 04:00:00,-158.0
2026-02-16T03,TEN,Tennessee,D,Demand,18426,megawatthours,2026-02-16 03:00:00,18426.0
2026-02-16T03,TEN,Tennessee,DF,Day-ahead demand forecast,18426,megawatthours,2026-02-16 03:00:00,18426.0
2026-02-16T03,TEN,Tennessee,NG,Net generation,18350,megawatthours,2026-02-16 03:00:00,18350.0
2026-02-16T03,TEN,Tennessee,TI,Total interchange,-76,megawatthours,2026-02-16 03:00:00,-76.0
2026-02-16T02,TEN,Tennessee,D,Demand,18855,megawatthours,2026-02-16 02:00:00,18855.0
2026-02-16T02,TEN,Tennessee,DF,Day-ahead demand forecast,18838,megawatthours,2026-02-16 02:00:00,18838.0
2026-02-16T02,TEN,Tennessee,NG,Net generation,18862,megawatthours,2026-02-16 02:00:00,18862.0
2026-02-16T02,TEN,Tennessee,TI,Total interchange,5,megawatthours,2026-02-16 02:00:00,5.0
2026-02-16T01,TEN,Tennessee,D,Demand,19045,megawatthours,2026-02-16 01:00:00,19045.0
2026-02-16T01,TEN,Tennessee,DF,Day-ahead demand forecast,19160,megawatthours,2026-02-16 01:00:00,19160.0
2026-02-16T01,TEN,Tennessee,NG,Net generation,18988,megawatthours,2026-02-16 01:00:00,18988.0
2026-02-16T01,TEN,Tennessee,TI,Total interchange,-65,megawatthours,2026-02-16 01:00:00,-65.0
2026-02-16T00,TEN,Tennessee,D,Demand,18935,megawatthours,2026-02-16 00:00:00,18935.0
2026-02-16T00,TEN,Tennessee,DF,Day-ahead demand forecast,18845,megawatthours,2026-02-16 00:00:00,18845.0
2026-02-16T00,TEN,Tennessee,NG,Net generation,18928,megawatthours,2026-02-16 00:00:00,18928.0
2026-02-16T00,TEN,Tennessee,TI,Total interchange,-9,megawatthours,2026-02-16 00:00:00,-9.0
2026-02-15T23,TEN,Tennessee,D,Demand,18369,megawatthours,2026-02-15 23:00:00,18369.0
2026-02-15T23,TEN,Tennessee,DF,Day-ahead demand forecast,18357,megawatthours,2026-02-15 23:00:00,18357.0
2026-02-15T23,TEN,Tennessee,NG,Net generation,18402,megawatthours,2026-02-15 23:00:00,18402.0
2026-02-15T23,TEN,Tennessee,TI,Total interchange,37,megawatthours,2026-02-15 23:00:00,37.0
2026-02-15T22,TEN,Tennessee,D,Demand,18077,megawatthours,2026-02-15 22:00:00,18077.0
2026-02-15T22,TEN,Tennessee,DF,Day-ahead demand forecast,17927,megawatthours,2026-02-15 22:00:00,17927.0
2026-02-15T22,TEN,Tennessee,NG,Net generation,18033,megawatthours,2026-02-15 22:00:00,18033.0
2026-02-15T22,TEN,Tennessee,TI,Total interchange,-26,megawatthours,2026-02-15 22:00:00,-26.0
2026-02-15T21,TEN,Tennessee,D,Demand,17964,megawatthours,2026-02-15 21:00:00,17964.0
2026-02-15T21,TEN,Tennessee,DF,Day-ahead demand forecast,17901,megawatthours,2026-02-15 21:00:00,17901.0
2026-02-15T21,TEN,Tennessee,NG,Net generation,17946,megawatthours,2026-02-15 21:00:00,17946.0
2026-02-15T21,TEN,Tennessee,TI,Total interchange,4,megawatthours,2026-02-15 21:00:00,4.0
2026-02-15T20,TEN,Tennessee,D,Demand,18045,megawatthours,2026-02-15 20:00:00,18045.0
2026-02-15T20,TEN,Tennessee,DF,Day-ahead demand forecast,17979,megawatthours,2026-02-15 20:00:00,17979.0
2026-02-15T20,TEN,Tennessee,NG,Net generation,18067,megawatthours,2026-02-15 20:00:00,18067.0
2026-02-15T20,TEN,Tennessee,TI,Total interchange,51,megawatthours,2026-02-15 20:00:00,51.0
2026-02-15T19,TEN,Tennessee,D,Demand,18224,megawatthours,2026-02-15 19:00:00,18224.0
2026-02-15T19,TEN,Tennessee,DF,Day-ahead demand forecast,18034,megawatthours,2026-02-15 19:00:00,18034.0
2026-02-15T19,TEN,Tennessee,NG,Net generation,18219,megawatthours,2026-02-15 19:00:00,18219.0
2026-02-15T19,TEN,Tennessee,TI,Total interchange,30,megawatthours,2026-02-15 19:00:00,30.0
2026-02-15T18,TEN,Tennessee,D,Demand,18246,megawatthours,2026-02-15 18:00:00,18246.0
2026-02-15T18,TEN,Tennessee,DF,Day-ahead demand forecast,18088,megawatthours,2026-02-15 18:00:00,18088.0
2026-02-15T18,TEN,Tennessee,NG,Net generation,18203,megawatthours,2026-02-15 18:00:00,18203.0
2026-02-15T18,TEN,Tennessee,TI,Total interchange,-6,megawatthours,2026-02-15 18:00:00,-6.0
2026-02-15T17,TEN,Tennessee,D,Demand,18168,megawatthours,2026-02-15 17:00:00,18168.0
2026-02-15T17,TEN,Tennessee,DF,Day-ahead demand forecast,18011,megawatthours,2026-02-15 17:00:00,18011.0
2026-02-15T17,TEN,Tennessee,NG,Net generation,18156,megawatthours,2026-02-15 17:00:00,18156.0
2026-02-15T17,TEN,Tennessee,TI,Total interchange,15,megawatthours,2026-02-15 17:00:00,15.0
2026-02-15T16,TEN,Tennessee,D,Demand,18226,megawatthours,2026-02-15 16:00:00,18226.0
2026-02-15T16,TEN,Tennessee,DF,Day-ahead demand forecast,18017,megawatthours,2026-02-15 16:00:00,18017.0
2026-02-15T16,TEN,Tennessee,NG,Net generation,18176,megawatthours,2026-02-15 16:00:00,18176.0
2026-02-15T16,TEN,Tennessee,TI,Total interchange,-10,megawatthours,2026-02-15 16:00:00,-10.0
2026-02-15T15,TEN,Tennessee,D,Demand,17926,megawatthours,2026-02-15 15:00:00,17926.0
2026-02-15T15,TEN,Tennessee,DF,Day-ahead demand forecast,17666,megawatthours,2026-02-15 15:00:00,17666.0
2026-02-15T15,TEN,Tennessee,NG,Net generation,17832,megawatthours,2026-02-15 15:00:00,17832.0
2026-02-15T15,TEN,Tennessee,TI,Total interchange,-88,megawatthours,2026-02-15 15:00:00,-88.0
2026-02-15T14,TEN,Tennessee,D,Demand,17200,megawatthours,2026-02-15 14:00:00,17200.0
2026-02-15T14,TEN,Tennessee,DF,Day-ahead demand forecast,16958,megawatthours,2026-02-15 14:00:00,16958.0
2026-02-15T14,TEN,Tennessee,NG,Net generation,17115,megawatthours,2026-02-15 14:00:00,17115.0
2026-02-15T14,TEN,Tennessee,TI,Total interchange,-88,megawatthours,2026-02-15 14:00:00,-88.0
2026-02-15T13,TEN,Tennessee,D,Demand,16651,megawatthours,2026-02-15 13:00:00,16651.0
2026-02-15T13,TEN,Tennessee,DF,Day-ahead demand forecast,16191,megawatthours,2026-02-15 13:00:00,16191.0
2026-02-15T13,TEN,Tennessee,NG,Net generation,16532,megawatthours,2026-02-15 13:00:00,16532.0
2026-02-15T13,TEN,Tennessee,TI,Total interchange,-121,megawatthours,2026-02-15 13:00:00,-121.0
2026-02-15T12,TEN,Tennessee,D,Demand,15864,megawatthours,2026-02-15 12:00:00,15864.0
2026-02-15T12,TEN,Tennessee,DF,Day-ahead demand forecast,15667,megawatthours,2026-02-15 12:00:00,15667.0
2026-02-15T12,TEN,Tennessee,NG,Net generation,15750,megawatthours,2026-02-15 12:00:00,15750.0
2026-02-15T12,TEN,Tennessee,TI,Total interchange,-121,megawatthours,2026-02-15 12:00:00,-121.0
2026-02-15T11,TEN,Tennessee,D,Demand,15542,megawatthours,2026-02-15 11:00:00,15542.0
2026-02-15T11,TEN,Tennessee,DF,Day-ahead demand forecast,15250,megawatthours,2026-02-15 11:00:00,15250.0
2026-02-15T11,TEN,Tennessee,NG,Net generation,15413,megawatthours,2026-02-15 11:00:00,15413.0
2026-02-15T11,TEN,Tennessee,TI,Total interchange,-127,megawatthours,2026-02-15 11:00:00,-127.0
2026-02-15T10,TEN,Tennessee,D,Demand,15379,megawatthours,2026-02-15 10:00:00,15379.0
2026-02-15T10,TEN,Tennessee,DF,Day-ahead demand forecast,15268,megawatthours,2026-02-15 10:00:00,15268.0
2026-02-15T10,TEN,Tennessee,NG,Net generation,15230,megawatthours,2026-02-15 10:00:00,15230.0
2026-02-15T10,TEN,Tennessee,TI,Total interchange,-155,megawatthours,2026-02-15 10:00:00,-155.0
2026-02-15T09,TEN,Tennessee,D,Demand,15415,megawatthours,2026-02-15 09:00:00,15415.0
2026-02-15T09,TEN,Tennessee,DF,Day-ahead demand forecast,15066,megawatthours,2026-02-15 09:00:00,15066.0
2026-02-15T09,TEN,Tennessee,NG,Net generation,15258,megawatthours,2026-02-15 09:00:00,15258.0
2026-02-15T09,TEN,Tennessee,TI,Total interchange,-162,megawatthours,2026-02-15 09:00:00,-162.0
2026-02-15T08,TEN,Tennessee,D,Demand,15420,megawatthours,2026-02-15 08:00:00,15420.0
2026-02-15T08,TEN,Tennessee,DF,Day-ahead demand forecast,15343,megawatthours,2026-02-15 08:00:00,15343.0
2026-02-15T08,TEN,Tennessee,NG,Net generation,15155,megawatthours,2026-02-15 08:00:00,15155.0
2026-02-15T08,TEN,Tennessee,TI,Total interchange,-267,megawatthours,2026-02-15 08:00:00,-267.0
2026-02-15T07,TEN,Tennessee,D,Demand,15704,megawatthours,2026-02-15 07:00:00,15704.0
2026-02-15T07,TEN,Tennessee,DF,Day-ahead demand forecast,15385,megawatthours,2026-02-15 07:00:00,15385.0
2026-02-15T07,TEN,Tennessee,NG,Net generation,15459,megawatthours,2026-02-15 07:00:00,15459.0
2026-02-15T07,TEN,Tennessee,TI,Total interchange,-251,megawatthours,2026-02-15 07:00:00,-251.0
2026-02-15T06,TEN,Tennessee,D,Demand,16112,megawatthours,2026-02-15 06:00:00,16112.0
2026-02-15T06,TEN,Tennessee,DF,Day-ahead demand forecast,16346,megawatthours,2026-02-15 06:00:00,16346.0
2026-02-15T06,TEN,Tennessee,NG,Net generation,15903,megawatthours,2026-02-15 06:00:00,15903.0
2026-02-15T06,TEN,Tennessee,TI,Total interchange,-210,megawatthours,2026-02-15 06:00:00,-210.0
2026-02-15T05,TEN,Tennessee,D,Demand,16650,megawatthours,2026-02-15 05:00:00,16650.0
2026-02-15T05,TEN,Tennessee,DF,Day-ahead demand forecast,17007,megawatthours,2026-02-15 05:00:00,17007.0
2026-02-15T05,TEN,Tennessee,NG,Net generation,16535,megawatthours,2026-02-15 05:00:00,16535.0
2026-02-15T05,TEN,Tennessee,TI,Total interchange,-121,megawatthours,2026-02-15 05:00:00,-121.0
2026-02-15T04,TEN,Tennessee,D,Demand,17114,megawatthours,2026-02-15 04:00:00,17114.0
2026-02-15T04,TEN,Tennessee,DF,Day-ahead demand forecast,17503,megawatthours,2026-02-15 04:00:00,17503.0
2026-02-15T04,TEN,Tennessee,NG,Net generation,17017,megawatthours,2026-02-15 04:00:00,17017.0
2026-02-15T04,TEN,Tennessee,TI,Total interchange,-98,megawatthours,2026-02-15 04:00:00,-98.0
2026-02-15T03,TEN,Tennessee,D,Demand,17586,megawatthours,2026-02-15 03:00:00,17586.0
2026-02-15T03,TEN,Tennessee,DF,Day-ahead demand forecast,17904,megawatthours,2026-02-15 03:00:00,17904.0
2026-02-15T03,TEN,Tennessee,NG,Net generation,17485,megawatthours,2026-02-15 03:00:00,17485.0
2026-02-15T03,TEN,Tennessee,TI,Total interchange,-102,megawatthours,2026-02-15 03:00:00,-102.0
2026-02-15T02,TEN,Tennessee,D,Demand,17906,megawatthours,2026-02-15 02:00:00,17906.0
2026-02-15T02,TEN,Tennessee,DF,Day-ahead demand forecast,18157,megawatthours,2026-02-15 02:00:00,18157.0
2026-02-15T02,TEN,Tennessee,NG,Net generation,17816,megawatthours,2026-02-15 02:00:00,17816.0
2026-02-15T02,TEN,Tennessee,TI,Total interchange,-99,megawatthours,2026-02-15 02:00:00,-99.0
2026-02-15T01,TEN,Tennessee,D,Demand,18108,megawatthours,2026-02-15 01:00:00,18108.0
2026-02-15T01,TEN,Tennessee,DF,Day-ahead demand forecast,18292,megawatthours,2026-02-15 01:00:00,18292.0
2026-02-15T01,TEN,Tennessee,NG,Net generation,18157,megawatthours,2026-02-15 01:00:00,18157.0
2026-02-15T01,TEN,Tennessee,TI,Total interchange,48,megawatthours,2026-02-15 01:00:00,48.0
2026-02-15T00,TEN,Tennessee,D,Demand,17939,megawatthours,2026-02-15 00:00:00,17939.0
2026-02-15T00,TEN,Tennessee,DF,Day-ahead demand forecast,17880,megawatthours,2026-02-15 00:00:00,17880.0
2026-02-15T00,TEN,Tennessee,NG,Net generation,18057,megawatthours,2026-02-15 00:00:00,18057.0
2026-02-15T00,TEN,Tennessee,TI,Total interchange,116,megawatthours,2026-02-15 00:00:00,116.0
2026-02-14T23,TEN,Tennessee,D,Demand,17329,megawatthours,2026-02-14 23:00:00,17329.0
2026-02-14T23,TEN,Tennessee,DF,Day-ahead demand forecast,17100,megawatthours,2026-02-14 23:00:00,17100.0
2026-02-14T23,TEN,Tennessee,NG,Net generation,17468,megawatthours,2026-02-14 23:00:00,17468.0
2026-02-14T23,TEN,Tennessee,TI,Total interchange,141,megawatthours,2026-02-14 23:00:00,141.0
2026-02-14T22,TEN,Tennessee,D,Demand,17087,megawatthours,2026-02-14 22:00:00,17087.0
2026-02-14T22,TEN,Tennessee,DF,Day-ahead demand forecast,16789,megawatthours,2026-02-14 22:00:00,16789.0
2026-02-14T22,TEN,Tennessee,NG,Net generation,17122,megawatthours,2026-02-14 22:00:00,17122.0
2026-02-14T22,TEN,Tennessee,TI,Total interchange,49,megawatthours,2026-02-14 22:00:00,49.0
2026-02-14T21,TEN,Tennessee,D,Demand,17070,megawatthours,2026-02-14 21:00:00,17070.0
2026-02-14T21,TEN,Tennessee,DF,Day-ahead demand forecast,16796,megawatthours,2026-02-14 21:00:00,16796.0
2026-02-14T21,TEN,Tennessee,NG,Net generation,17026,megawatthours,2026-02-14 21:00:00,17026.0
2026-02-14T21,TEN,Tennessee,TI,Total interchange,9,megawatthours,2026-02-14 21:00:00,9.0
2026-02-14T20,TEN,Tennessee,D,Demand,17326,megawatthours,2026-02-14 20:00:00,17326.0
2026-02-14T20,TEN,Tennessee,DF,Day-ahead demand forecast,17052,megawatthours,2026-02-14 20:00:00,17052.0
2026-02-14T20,TEN,Tennessee,NG,Net generation,17182,megawatthours,2026-02-14 20:00:00,17182.0
2026-02-14T20,TEN,Tennessee,TI,Total interchange,-40,megawatthours,2026-02-14 20:00:00,-40.0
2026-02-14T19,TEN,Tennessee,D,Demand,17742,megawatthours,2026-02-14 19:00:00,17742.0
2026-02-14T19,TEN,Tennessee,DF,Day-ahead demand forecast,17688,megawatthours,2026-02-14 19:00:00,17688.0
2026-02-14T19,TEN,Tennessee,NG,Net generation,17679,megawatthours,2026-02-14 19:00:00,17679.0
2026-02-14T19,TEN,Tennessee,TI,Total interchange,15,megawatthours,2026-02-14 19:00:00,15.0
2026-02-14T18,TEN,Tennessee,D,Demand,18337,megawatthours,2026-02-14 18:00:00,18337.0
2026-02-14T18,TEN,Tennessee,DF,Day-ahead demand forecast,18191,megawatthours,2026-02-14 18:00:00,18191.0
2026-02-14T18,TEN,Tennessee,NG,Net generation,18243,megawatthours,2026-02-14 18:00:00,18243.0
2026-02-14T18,TEN,Tennessee,TI,Total interchange,-37,megawatthours,2026-02-14 18:00:00,-37.0
2026-02-14T17,TEN,Tennessee,D,Demand,18919,megawatthours,2026-02-14 17:00:00,18919.0
2026-02-14T17,TEN,Tennessee,DF,Day-ahead demand forecast,18958,megawatthours,2026-02-14 17:00:00,18958.0
2026-02-14T17,TEN,Tennessee,NG,Net generation,18785,megawatthours,2026-02-14 17:00:00,18785.0
2026-02-14T17,TEN,Tennessee,TI,Total interchange,-69,megawatthours,2026-02-14 17:00:00,-69.0
2026-02-14T16,TEN,Tennessee,D,Demand,19731,megawatthours,2026-02-14 16:00:00,19731.0
2026-02-14T16,TEN,Tennessee,DF,Day-ahead demand forecast,19891,megawatthours,2026-02-14 16:00:00,19891.0
2026-02-14T16,TEN,Tennessee,NG,Net generation,19798,megawatthours,2026-02-14 16:00:00,19798.0
2026-02-14T16,TEN,Tennessee,TI,Total interchange,135,megawatthours,2026-02-14 16:00:00,135.0
2026-02-14T15,TEN,Tennessee,D,Demand,20716,megawatthours,2026-02-14 15:00:00,20716.0
2026-02-14T15,TEN,Tennessee,DF,Day-ahead demand forecast,20724,megawatthours,2026-02-14 15:00:00,20724.0
2026-02-14T15,TEN,Tennessee,NG,Net generation,20915,megawatthours,2026-02-14 15:00:00,20915.0
2026-02-14T15,TEN,Tennessee,TI,Total interchange,229,megawatthours,2026-02-14 15:00:00,229.0
2026-02-14T14,TEN,Tennessee,D,Demand,21366,megawatthours,2026-02-14 14:00:00,21366.0
2026-02-14T14,TEN,Tennessee,DF,Day-ahead demand forecast,21302,megawatthours,2026-02-14 14:00:00,21302.0
2026-02-14T14,TEN,Tennessee,NG,Net generation,21521,megawatthours,2026-02-14 14:00:00,21521.0
2026-02-14T14,TEN,Tennessee,TI,Total interchange,165,megawatthours,2026-02-14 14:00:00,165.0
2026-02-14T13,TEN,Tennessee,D,Demand,21132,megawatthours,2026-02-14 13:00:00,21132.0
2026-02-14T13,TEN,Tennessee,DF,Day-ahead demand forecast,21136,megawatthours,2026-02-14 13:00:00,21136.0
2026-02-14T13,TEN,Tennessee,NG,Net generation,21341,megawatthours,2026-02-14 13:00:00,21341.0
2026-02-14T13,TEN,Tennessee,TI,Total interchange,204,megawatthours,2026-02-14 13:00:00,204.0
2026-02-14T12,TEN,Tennessee,D,Demand,20539,megawatthours,2026-02-14 12:00:00,20539.0
2026-02-14T12,TEN,Tennessee,DF,Day-ahead demand forecast,20484,megawatthours,2026-02-14 12:00:00,20484.0
2026-02-14T12,TEN,Tennessee,NG,Net generation,20924,megawatthours,2026-02-14 12:00:00,20924.0
2026-02-14T12,TEN,Tennessee,TI,Total interchange,382,megawatthours,2026-02-14 12:00:00,382.0
2026-02-14T11,TEN,Tennessee,D,Demand,19899,megawatthours,2026-02-14 11:00:00,19899.0
2026-02-14T11,TEN,Tennessee,DF,Day-ahead demand forecast,19793,megawatthours,2026-02-14 11:00:00,19793.0
2026-02-14T11,TEN,Tennessee,NG,Net generation,20284,megawatthours,2026-02-14 11:00:00,20284.0
2026-02-14T11,TEN,Tennessee,TI,Total interchange,382,megawatthours,2026-02-14 11:00:00,382.0
2026-02-14T10,TEN,Tennessee,D,Demand,19463,megawatthours,2026-02-14 10:00:00,19463.0
2026-02-14T10,TEN,Tennessee,DF,Day-ahead demand forecast,19382,megawatthours,2026-02-14 10:00:00,19382.0
2026-02-14T10,TEN,Tennessee,NG,Net generation,19778,megawatthours,2026-02-14 10:00:00,19778.0
2026-02-14T10,TEN,Tennessee,TI,Total interchange,312,megawatthours,2026-02-14 10:00:00,312.0
2026-02-14T09,TEN,Tennessee,D,Demand,19313,megawatthours,2026-02-14 09:00:00,19313.0
2026-02-14T09,TEN,Tennessee,DF,Day-ahead demand forecast,19121,megawatthours,2026-02-14 09:00:00,19121.0
2026-02-14T09,TEN,Tennessee,NG,Net generation,19543,megawatthours,2026-02-14 09:00:00,19543.0
2026-02-14T09,TEN,Tennessee,TI,Total interchange,225,megawatthours,2026-02-14 09:00:00,225.0
2026-02-14T08,TEN,Tennessee,D,Demand,18982,megawatthours,2026-02-14 08:00:00,18982.0
2026-02-14T08,TEN,Tennessee,DF,Day-ahead demand forecast,18962,megawatthours,2026-02-14 08:00:00,18962.0
2026-02-14T08,TEN,Tennessee,NG,Net generation,19217,megawatthours,2026-02-14 08:00:00,19217.0
2026-02-14T08,TEN,Tennessee,TI,Total interchange,237,megawatthours,2026-02-14 08:00:00,237.0
2026-02-14T07,TEN,Tennessee,D,Demand,18925,megawatthours,2026-02-14 07:00:00,18925.0
2026-02-14T07,TEN,Tennessee,DF,Day-ahead demand forecast,19023,megawatthours,2026-02-14 07:00:00,19023.0
2026-02-14T07,TEN,Tennessee,NG,Net generation,19173,megawatthours,2026-02-14 07:00:00,19173.0
2026-02-14T07,TEN,Tennessee,TI,Total interchange,242,megawatthours,2026-02-14 07:00:00,242.0
2026-02-14T06,TEN,Tennessee,D,Demand,18840,megawatthours,2026-02-14 06:00:00,18840.0
2026-02-14T06,TEN,Tennessee,DF,Day-ahead demand forecast,18690,megawatthours,2026-02-14 06:00:00,18690.0
2026-02-14T06,TEN,Tennessee,NG,Net generation,19149,megawatthours,2026-02-14 06:00:00,19149.0
2026-02-14T06,TEN,Tennessee,TI,Total interchange,303,megawatthours,2026-02-14 06:00:00,303.0
2026-02-14T05,TEN,Tennessee,D,Demand,19120,megawatthours,2026-02-14 05:00:00,19120.0
2026-02-14T05,TEN,Tennessee,DF,Day-ahead demand forecast,18992,megawatthours,2026-02-14 05:00:00,18992.0
2026-02-14T05,TEN,Tennessee,NG,Net generation,19138,megawatthours,2026-02-14 05:00:00,19138.0
2026-02-14T05,TEN,Tennessee,TI,Total interchange,16,megawatthours,2026-02-14 05:00:00,16.0
2026-02-14T04,TEN,Tennessee,D,Demand,19357,megawatthours,2026-02-14 04:00:00,19357.0
2026-02-14T04,TEN,Tennessee,DF,Day-ahead demand forecast,19334,megawatthours,2026-02-14 04:00:00,19334.0
2026-02-14T04,TEN,Tennessee,NG,Net generation,19382,megawatthours,2026-02-14 04:00:00,19382.0
2026-02-14T04,TEN,Tennessee,TI,Total interchange,27,megawatthours,2026-02-14 04:00:00,27.0
2026-02-14T03,TEN,Tennessee,D,Demand,19343,megawatthours,2026-02-14 03:00:00,19343.0
2026-02-14T03,TEN,Tennessee,DF,Day-ahead demand forecast,19452,megawatthours,2026-02-14 03:00:00,19452.0
2026-02-14T03,TEN,Tennessee,NG,Net generation,19570,megawatthours,2026-02-14 03:00:00,19570.0
2026-02-14T03,TEN,Tennessee,TI,Total interchange,217,megawatthours,2026-02-14 03:00:00,217.0
2026-02-14T02,TEN,Tennessee,D,Demand,19161,megawatthours,2026-02-14 02:00:00,19161.0
2026-02-14T02,TEN,Tennessee,DF,Day-ahead demand forecast,19371,megawatthours,2026-02-14 02:00:00,19371.0
2026-02-14T02,TEN,Tennessee,NG,Net generation,19479,megawatthours,2026-02-14 02:00:00,19479.0
2026-02-14T02,TEN,Tennessee,TI,Total interchange,318,megawatthours,2026-02-14 02:00:00,318.0
2026-02-14T01,TEN,Tennessee,D,Demand,18948,megawatthours,2026-02-14 01:00:00,18948.0
2026-02-14T01,TEN,Tennessee,DF,Day-ahead demand forecast,19162,megawatthours,2026-02-14 01:00:00,19162.0
2026-02-14T01,TEN,Tennessee,NG,Net generation,19395,megawatthours,2026-02-14 01:00:00,19395.0
2026-02-14T01,TEN,Tennessee,TI,Total interchange,444,megawatthours,2026-02-14 01:00:00,444.0
2026-02-14T00,TEN,Tennessee,D,Demand,18203,megawatthours,2026-02-14 00:00:00,18203.0
2026-02-14T00,TEN,Tennessee,DF,Day-ahead demand forecast,18562,megawatthours,2026-02-14 00:00:00,18562.0
2026-02-14T00,TEN,Tennessee,NG,Net generation,18590,megawatthours,2026-02-14 00:00:00,18590.0
2026-02-14T00,TEN,Tennessee,TI,Total interchange,388,megawatthours,2026-02-14 00:00:00,388.0
2026-02-13T23,TEN,Tennessee,D,Demand,17472,megawatthours,2026-02-13 23:00:00,17472.0
2026-02-13T23,TEN,Tennessee,DF,Day-ahead demand forecast,17709,megawatthours,2026-02-13 23:00:00,17709.0
2026-02-13T23,TEN,Tennessee,NG,Net generation,17801,megawatthours,2026-02-13 23:00:00,17801.0
2026-02-13T23,TEN,Tennessee,TI,Total interchange,465,megawatthours,2026-02-13 23:00:00,465.0
2026-02-13T22,TEN,Tennessee,D,Demand,17154,megawatthours,2026-02-13 22:00:00,17154.0
2026-02-13T22,TEN,Tennessee,DF,Day-ahead demand forecast,17495,megawatthours,2026-02-13 22:00:00,17495.0
2026-02-13T22,TEN,Tennessee,NG,Net generation,17066,megawatthours,2026-02-13 22:00:00,17066.0
2026-02-13T22,TEN,Tennessee,TI,Total interchange,178,megawatthours,2026-02-13 22:00:00,178.0
2026-02-13T21,TEN,Tennessee,D,Demand,17353,megawatthours,2026-02-13 21:00:00,17353.0
2026-02-13T21,TEN,Tennessee,DF,Day-ahead demand forecast,17655,megawatthours,2026-02-13 21:00:00,17655.0
2026-02-13T21,TEN,Tennessee,NG,Net generation,16952,megawatthours,2026-02-13 21:00:00,16952.0
2026-02-13T21,TEN,Tennessee,TI,Total interchange,-130,megawatthours,2026-02-13 21:00:00,-130.0
2026-02-13T20,TEN,Tennessee,D,Demand,17749,megawatthours,2026-02-13 20:00:00,17749.0
2026-02-13T20,TEN,Tennessee,DF,Day-ahead demand forecast,18020,megawatthours,2026-02-13 20:00:00,18020.0
2026-02-13T20,TEN,Tennessee,NG,Net generation,17371,megawatthours,2026-02-13 20:00:00,17371.0
2026-02-13T20,TEN,Tennessee,TI,Total interchange,-116,megawatthours,2026-02-13 20:00:00,-116.0
2026-02-13T19,TEN,Tennessee,D,Demand,18320,megawatthours,2026-02-13 19:00:00,18320.0
2026-02-13T19,TEN,Tennessee,DF,Day-ahead demand forecast,18674,megawatthours,2026-02-13 19:00:00,18674.0
2026-02-13T19,TEN,Tennessee,NG,Net generation,17887,megawatthours,2026-02-13 19:00:00,17887.0
2026-02-13T19,TEN,Tennessee,TI,Total interchange,-185,megawatthours,2026-02-13 19:00:00,-185.0
2026-02-13T18,TEN,Tennessee,D,Demand,18948,megawatthours,2026-02-13 18:00:00,18948.0
2026-02-13T18,TEN,Tennessee,DF,Day-ahead demand forecast,19382,megawatthours,2026-02-13 18:00:00,19382.0
2026-02-13T18,TEN,Tennessee,NG,Net generation,18610,megawatthours,2026-02-13 18:00:00,18610.0
2026-02-13T18,TEN,Tennessee,TI,Total interchange,-85,megawatthours,2026-02-13 18:00:00,-85.0
2026-02-13T17,TEN,Tennessee,D,Demand,19965,megawatthours,2026-02-13 17:00:00,19965.0
2026-02-13T17,TEN,Tennessee,DF,Day-ahead demand forecast,20330,megawatthours,2026-02-13 17:00:00,20330.0
2026-02-13T17,TEN,Tennessee,NG,Net generation,19630,megawatthours,2026-02-13 17:00:00,19630.0
2026-02-13T17,TEN,Tennessee,TI,Total interchange,-74,megawatthours,2026-02-13 17:00:00,-74.0
2026-02-13T16,TEN,Tennessee,D,Demand,20934,megawatthours,2026-02-13 16:00:00,20934.0
2026-02-13T16,TEN,Tennessee,DF,Day-ahead demand forecast,21329,megawatthours,2026-02-13 16:00:00,21329.0
2026-02-13T16,TEN,Tennessee,NG,Net generation,20712,megawatthours,2026-02-13 16:00:00,20712.0
2026-02-13T16,TEN,Tennessee,TI,Total interchange,43,megawatthours,2026-02-13 16:00:00,43.0
2026-02-13T15,TEN,Tennessee,D,Demand,22291,megawatthours,2026-02-13 15:00:00,22291.0
2026-02-13T15,TEN,Tennessee,DF,Day-ahead demand forecast,22759,megawatthours,2026-02-13 15:00:00,22759.0
2026-02-13T15,TEN,Tennessee,NG,Net generation,21992,megawatthours,2026-02-13 15:00:00,21992.0
2026-02-13T15,TEN,Tennessee,TI,Total interchange,-67,megawatthours,2026-02-13 15:00:00,-67.0
2026-02-13T14,TEN,Tennessee,D,Demand,23765,megawatthours,2026-02-13 14:00:00,23765.0
2026-02-13T14,TEN,Tennessee,DF,Day-ahead demand forecast,23974,megawatthours,2026-02-13 14:00:00,23974.0
2026-02-13T14,TEN,Tennessee,NG,Net generation,23751,megawatthours,2026-02-13 14:00:00,23751.0
2026-02-13T14,TEN,Tennessee,TI,Total interchange,51,megawatthours,2026-02-13 14:00:00,51.0
2026-02-13T13,TEN,Tennessee,D,Demand,23972,megawatthours,2026-02-13 13:00:00,23972.0
2026-02-13T13,TEN,Tennessee,DF,Day-ahead demand forecast,23866,megawatthours,2026-02-13 13:00:00,23866.0
2026-02-13T13,TEN,Tennessee,NG,Net generation,24002,megawatthours,2026-02-13 13:00:00,24002.0
2026-02-13T13,TEN,Tennessee,TI,Total interchange,26,megawatthours,2026-02-13 13:00:00,26.0
2026-02-13T12,TEN,Tennessee,D,Demand,22533,megawatthours,2026-02-13 12:00:00,22533.0
2026-02-13T12,TEN,Tennessee,DF,Day-ahead demand forecast,22513,megawatthours,2026-02-13 12:00:00,22513.0
2026-02-13T12,TEN,Tennessee,NG,Net generation,22626,megawatthours,2026-02-13 12:00:00,22626.0
2026-02-13T12,TEN,Tennessee,TI,Total interchange,93,megawatthours,2026-02-13 12:00:00,93.0
2026-02-13T11,TEN,Tennessee,D,Demand,21091,megawatthours,2026-02-13 11:00:00,21091.0
2026-02-13T11,TEN,Tennessee,DF,Day-ahead demand forecast,20926,megawatthours,2026-02-13 11:00:00,20926.0
2026-02-13T11,TEN,Tennessee,NG,Net generation,21122,megawatthours,2026-02-13 11:00:00,21122.0
2026-02-13T11,TEN,Tennessee,TI,Total interchange,26,megawatthours,2026-02-13 11:00:00,26.0
2026-02-13T10,TEN,Tennessee,D,Demand,20454,megawatthours,2026-02-13 10:00:00,20454.0
2026-02-13T10,TEN,Tennessee,DF,Day-ahead demand forecast,20087,megawatthours,2026-02-13 10:00:00,20087.0
2026-02-13T10,TEN,Tennessee,NG,Net generation,20387,megawatthours,2026-02-13 10:00:00,20387.0
2026-02-13T10,TEN,Tennessee,TI,Total interchange,-72,megawatthours,2026-02-13 10:00:00,-72.0
2026-02-13T09,TEN,Tennessee,D,Demand,19921,megawatthours,2026-02-13 09:00:00,19921.0
2026-02-13T09,TEN,Tennessee,DF,Day-ahead demand forecast,19759,megawatthours,2026-02-13 09:00:00,19759.0
2026-02-13T09,TEN,Tennessee,NG,Net generation,20010,megawatthours,2026-02-13 09:00:00,20010.0
2026-02-13T09,TEN,Tennessee,TI,Total interchange,85,megawatthours,2026-02-13 09:00:00,85.0
2026-02-13T08,TEN,Tennessee,D,Demand,19718,megawatthours,2026-02-13 08:00:00,19718.0
2026-02-13T08,TEN,Tennessee,DF,Day-ahead demand forecast,19439,megawatthours,2026-02-13 08:00:00,19439.0
2026-02-13T08,TEN,Tennessee,NG,Net generation,19758,megawatthours,2026-02-13 08:00:00,19758.0
2026-02-13T08,TEN,Tennessee,TI,Total interchange,34,megawatthours,2026-02-13 08:00:00,34.0
2026-02-13T07,TEN,Tennessee,D,Demand,19726,megawatthours,2026-02-13 07:00:00,19726.0
2026-02-13T07,TEN,Tennessee,DF,Day-ahead demand forecast,19368,megawatthours,2026-02-13 07:00:00,19368.0
2026-02-13T07,TEN,Tennessee,NG,Net generation,19734,megawatthours,2026-02-13 07:00:00,19734.0
2026-02-13T07,TEN,Tennessee,TI,Total interchange,7,megawatthours,2026-02-13 07:00:00,7.0
2026-02-13T06,TEN,Tennessee,D,Demand,19600,megawatthours,2026-02-13 06:00:00,19600.0
2026-02-13T06,TEN,Tennessee,DF,Day-ahead demand forecast,19245,megawatthours,2026-02-13 06:00:00,19245.0
2026-02-13T06,TEN,Tennessee,NG,Net generation,19705,megawatthours,2026-02-13 06:00:00,19705.0
2026-02-13T06,TEN,Tennessee,TI,Total interchange,101,megawatthours,2026-02-13 06:00:00,101.0
2026-02-13T05,TEN,Tennessee,D,Demand,19912,megawatthours,2026-02-13 05:00:00,19912.0
2026-02-13T05,TEN,Tennessee,DF,Day-ahead demand forecast,19586,megawatthours,2026-02-13 05:00:00,19586.0
2026-02-13T05,TEN,Tennessee,NG,Net generation,20063,megawatthours,2026-02-13 05:00:00,20063.0
2026-02-13T05,TEN,Tennessee,TI,Total interchange,149,megawatthours,2026-02-13 05:00:00,149.0
2026-02-13T04,TEN,Tennessee,D,Demand,20655,megawatthours,2026-02-13 04:00:00,20655.0
2026-02-13T04,TEN,Tennessee,DF,Day-ahead demand forecast,20296,megawatthours,2026-02-13 04:00:00,20296.0
2026-02-13T04,TEN,Tennessee,NG,Net generation,20751,megawatthours,2026-02-13 04:00:00,20751.0
2026-02-13T04,TEN,Tennessee,TI,Total interchange,94,megawatthours,2026-02-13 04:00:00,94.0
2026-02-13T03,TEN,Tennessee,D,Demand,21048,megawatthours,2026-02-13 03:00:00,21048.0
2026-02-13T03,TEN,Tennessee,DF,Day-ahead demand forecast,20813,megawatthours,2026-02-13 03:00:00,20813.0
2026-02-13T03,TEN,Tennessee,NG,Net generation,21210,megawatthours,2026-02-13 03:00:00,21210.0
2026-02-13T03,TEN,Tennessee,TI,Total interchange,157,megawatthours,2026-02-13 03:00:00,157.0
2026-02-13T02,TEN,Tennessee,D,Demand,20901,megawatthours,2026-02-13 02:00:00,20901.0
2026-02-13T02,TEN,Tennessee,DF,Day-ahead demand forecast,20860,megawatthours,2026-02-13 02:00:00,20860.0
2026-02-13T02,TEN,Tennessee,NG,Net generation,21179,megawatthours,2026-02-13 02:00:00,21179.0
2026-02-13T02,TEN,Tennessee,TI,Total interchange,273,megawatthours,2026-02-13 02:00:00,273.0
2026-02-13T01,TEN,Tennessee,D,Demand,20576,megawatthours,2026-02-13 01:00:00,20576.0
2026-02-13T01,TEN,Tennessee,DF,Day-ahead demand forecast,20676,megawatthours,2026-02-13 01:00:00,20676.0
2026-02-13T01,TEN,Tennessee,NG,Net generation,20949,megawatthours,2026-02-13 01:00:00,20949.0
2026-02-13T01,TEN,Tennessee,TI,Total interchange,371,megawatthours,2026-02-13 01:00:00,371.0
2026-02-13T00,TEN,Tennessee,D,Demand,19674,megawatthours,2026-02-13 00:00:00,19674.0
2026-02-13T00,TEN,Tennessee,DF,Day-ahead demand forecast,19792,megawatthours,2026-02-13 00:00:00,19792.0
2026-02-13T00,TEN,Tennessee,NG,Net generation,20111,megawatthours,2026-02-13 00:00:00,20111.0
2026-02-13T00,TEN,Tennessee,TI,Total interchange,436,megawatthours,2026-02-13 00:00:00,436.0
2026-02-12T23,TEN,Tennessee,D,Demand,18460,megawatthours,2026-02-12 23:00:00,18460.0
2026-02-12T23,TEN,Tennessee,DF,Day-ahead demand forecast,18884,megawatthours,2026-02-12 23:00:00,18884.0
2026-02-12T23,TEN,Tennessee,NG,Net generation,18815,megawatthours,2026-02-12 23:00:00,18815.0
2026-02-12T23,TEN,Tennessee,TI,Total interchange,423,megawatthours,2026-02-12 23:00:00,423.0
2026-02-12T22,TEN,Tennessee,D,Demand,18171,megawatthours,2026-02-12 22:00:00,18171.0
2026-02-12T22,TEN,Tennessee,DF,Day-ahead demand forecast,18483,megawatthours,2026-02-12 22:00:00,18483.0
2026-02-12T22,TEN,Tennessee,NG,Net generation,18186,megawatthours,2026-02-12 22:00:00,18186.0
2026-02-12T22,TEN,Tennessee,TI,Total interchange,182,megawatthours,2026-02-12 22:00:00,182.0
2026-02-12T21,TEN,Tennessee,D,Demand,18236,megawatthours,2026-02-12 21:00:00,18236.0
2026-02-12T21,TEN,Tennessee,DF,Day-ahead demand forecast,18361,megawatthours,2026-02-12 21:00:00,18361.0
2026-02-12T21,TEN,Tennessee,NG,Net generation,18005,megawatthours,2026-02-12 21:00:00,18005.0
2026-02-12T21,TEN,Tennessee,TI,Total interchange,-11,megawatthours,2026-02-12 21:00:00,-11.0
2026-02-12T20,TEN,Tennessee,D,Demand,18513,megawatthours,2026-02-12 20:00:00,18513.0
2026-02-12T20,TEN,Tennessee,DF,Day-ahead demand forecast,18609,megawatthours,2026-02-12 20:00:00,18609.0
2026-02-12T20,TEN,Tennessee,NG,Net generation,18234,megawatthours,2026-02-12 20:00:00,18234.0
2026-02-12T20,TEN,Tennessee,TI,Total interchange,-47,megawatthours,2026-02-12 20:00:00,-47.0
2026-02-12T19,TEN,Tennessee,D,Demand,18897,megawatthours,2026-02-12 19:00:00,18897.0
2026-02-12T19,TEN,Tennessee,DF,Day-ahead demand forecast,19117,megawatthours,2026-02-12 19:00:00,19117.0
2026-02-12T19,TEN,Tennessee,NG,Net generation,18747,megawatthours,2026-02-12 19:00:00,18747.0
2026-02-12T19,TEN,Tennessee,TI,Total interchange,77,megawatthours,2026-02-12 19:00:00,77.0
2026-02-12T18,TEN,Tennessee,D,Demand,19400,megawatthours,2026-02-12 18:00:00,19400.0
2026-02-12T18,TEN,Tennessee,DF,Day-ahead demand forecast,19832,megawatthours,2026-02-12 18:00:00,19832.0
2026-02-12T18,TEN,Tennessee,NG,Net generation,19224,megawatthours,2026-02-12 18:00:00,19224.0
2026-02-12T18,TEN,Tennessee,TI,Total interchange,75,megawatthours,2026-02-12 18:00:00,75.0
2026-02-12T17,TEN,Tennessee,D,Demand,20185,megawatthours,2026-02-12 17:00:00,20185.0
2026-02-12T17,TEN,Tennessee,DF,Day-ahead demand forecast,20665,megawatthours,2026-02-12 17:00:00,20665.0
2026-02-12T17,TEN,Tennessee,NG,Net generation,20034,megawatthours,2026-02-12 17:00:00,20034.0
2026-02-12T17,TEN,Tennessee,TI,Total interchange,102,megawatthours,2026-02-12 17:00:00,102.0
2026-02-12T16,TEN,Tennessee,D,Demand,21137,megawatthours,2026-02-12 16:00:00,21137.0
2026-02-12T16,TEN,Tennessee,DF,Day-ahead demand forecast,21598,megawatthours,2026-02-12 16:00:00,21598.0
2026-02-12T16,TEN,Tennessee,NG,Net generation,21003,megawatthours,2026-02-12 16:00:00,21003.0
2026-02-12T16,TEN,Tennessee,TI,Total interchange,138,megawatthours,2026-02-12 16:00:00,138.0
2026-02-12T15,TEN,Tennessee,D,Demand,22454,megawatthours,2026-02-12 15:00:00,22454.0
2026-02-12T15,TEN,Tennessee,DF,Day-ahead demand forecast,22841,megawatthours,2026-02-12 15:00:00,22841.0
2026-02-12T15,TEN,Tennessee,NG,Net generation,22496,megawatthours,2026-02-12 15:00:00,22496.0
2026-02-12T15,TEN,Tennessee,TI,Total interchange,282,megawatthours,2026-02-12 15:00:00,282.0
2026-02-12T14,TEN,Tennessee,D,Demand,23937,megawatthours,2026-02-12 14:00:00,23937.0
2026-02-12T14,TEN,Tennessee,DF,Day-ahead demand forecast,23753,megawatthours,2026-02-12 14:00:00,23753.0
2026-02-12T14,TEN,Tennessee,NG,Net generation,24329,megawatthours,2026-02-12 14:00:00,24329.0
2026-02-12T14,TEN,Tennessee,TI,Total interchange,461,megawatthours,2026-02-12 14:00:00,461.0
2026-02-12T13,TEN,Tennessee,D,Demand,23943,megawatthours,2026-02-12 13:00:00,23943.0
2026-02-12T13,TEN,Tennessee,DF,Day-ahead demand forecast,23507,megawatthours,2026-02-12 13:00:00,23507.0
2026-02-12T13,TEN,Tennessee,NG,Net generation,24224,megawatthours,2026-02-12 13:00:00,24224.0
2026-02-12T13,TEN,Tennessee,TI,Total interchange,279,megawatthours,2026-02-12 13:00:00,279.0
2026-02-12T12,TEN,Tennessee,D,Demand,22249,megawatthours,2026-02-12 12:00:00,22249.0
2026-02-12T12,TEN,Tennessee,DF,Day-ahead demand forecast,21920,megawatthours,2026-02-12 12:00:00,21920.0
2026-02-12T12,TEN,Tennessee,NG,Net generation,22532,megawatthours,2026-02-12 12:00:00,22532.0
2026-02-12T12,TEN,Tennessee,TI,Total interchange,277,megawatthours,2026-02-12 12:00:00,277.0
2026-02-12T11,TEN,Tennessee,D,Demand,20428,megawatthours,2026-02-12 11:00:00,20428.0
2026-02-12T11,TEN,Tennessee,DF,Day-ahead demand forecast,20261,megawatthours,2026-02-12 11:00:00,20261.0
2026-02-12T11,TEN,Tennessee,NG,Net generation,20636,megawatthours,2026-02-12 11:00:00,20636.0
2026-02-12T11,TEN,Tennessee,TI,Total interchange,203,megawatthours,2026-02-12 11:00:00,203.0
2026-02-12T10,TEN,Tennessee,D,Demand,19609,megawatthours,2026-02-12 10:00:00,19609.0
2026-02-12T10,TEN,Tennessee,DF,Day-ahead demand forecast,19501,megawatthours,2026-02-12 10:00:00,19501.0
2026-02-12T10,TEN,Tennessee,NG,Net generation,19797,megawatthours,2026-02-12 10:00:00,19797.0
2026-02-12T10,TEN,Tennessee,TI,Total interchange,188,megawatthours,2026-02-12 10:00:00,188.0
2026-02-12T09,TEN,Tennessee,D,Demand,19186,megawatthours,2026-02-12 09:00:00,19186.0
2026-02-12T09,TEN,Tennessee,DF,Day-ahead demand forecast,19165,megawatthours,2026-02-12 09:00:00,19165.0
2026-02-12T09,TEN,Tennessee,NG,Net generation,19410,megawatthours,2026-02-12 09:00:00,19410.0
2026-02-12T09,TEN,Tennessee,TI,Total interchange,218,megawatthours,2026-02-12 09:00:00,218.0
2026-02-12T08,TEN,Tennessee,D,Demand,18765,megawatthours,2026-02-12 08:00:00,18765.0
2026-02-12T08,TEN,Tennessee,DF,Day-ahead demand forecast,18828,megawatthours,2026-02-12 08:00:00,18828.0
2026-02-12T08,TEN,Tennessee,NG,Net generation,18966,megawatthours,2026-02-12 08:00:00,18966.0
2026-02-12T08,TEN,Tennessee,TI,Total interchange,200,megawatthours,2026-02-12 08:00:00,200.0
2026-02-12T07,TEN,Tennessee,D,Demand,18536,megawatthours,2026-02-12 07:00:00,18536.0
2026-02-12T07,TEN,Tennessee,DF,Day-ahead demand forecast,18698,megawatthours,2026-02-12 07:00:00,18698.0
2026-02-12T07,TEN,Tennessee,NG,Net generation,18678,megawatthours,2026-02-12 07:00:00,18678.0
2026-02-12T07,TEN,Tennessee,TI,Total interchange,137,megawatthours,2026-02-12 07:00:00,137.0
2026-02-12T06,TEN,Tennessee,D,Demand,18621,megawatthours,2026-02-12 06:00:00,18621.0
2026-02-12T06,TEN,Tennessee,DF,Day-ahead demand forecast,19092,megawatthours,2026-02-12 06:00:00,19092.0
2026-02-12T06,TEN,Tennessee,NG,Net generation,18850,megawatthours,2026-02-12 06:00:00,18850.0
2026-02-12T06,TEN,Tennessee,TI,Total interchange,224,megawatthours,2026-02-12 06:00:00,224.0
2026-02-12T05,TEN,Tennessee,D,Demand,18945,megawatthours,2026-02-12 05:00:00,18945.0
2026-02-12T05,TEN,Tennessee,DF,Day-ahead demand forecast,19366,megawatthours,2026-02-12 05:00:00,19366.0
2026-02-12T05,TEN,Tennessee,NG,Net generation,19213,megawatthours,2026-02-12 05:00:00,19213.0
2026-02-12T05,TEN,Tennessee,TI,Total interchange,265,megawatthours,2026-02-12 05:00:00,265.0
2026-02-12T04,TEN,Tennessee,D,Demand,19434,megawatthours,2026-02-12 04:00:00,19434.0
2026-02-12T04,TEN,Tennessee,DF,Day-ahead demand forecast,20121,megawatthours,2026-02-12 04:00:00,20121.0
2026-02-12T04,TEN,Tennessee,NG,Net generation,19869,megawatthours,2026-02-12 04:00:00,19869.0
2026-02-12T04,TEN,Tennessee,TI,Total interchange,432,megawatthours,2026-02-12 04:00:00,432.0
2026-02-12T03,TEN,Tennessee,D,Demand,19771,megawatthours,2026-02-12 03:00:00,19771.0
2026-02-12T03,TEN,Tennessee,DF,Day-ahead demand forecast,20418,megawatthours,2026-02-12 03:00:00,20418.0
2026-02-12T03,TEN,Tennessee,NG,Net generation,20258,megawatthours,2026-02-12 03:00:00,20258.0
2026-02-12T03,TEN,Tennessee,TI,Total interchange,485,megawatthours,2026-02-12 03:00:00,485.0
2026-02-12T02,TEN,Tennessee,D,Demand,19805,megawatthours,2026-02-12 02:00:00,19805.0
2026-02-12T02,TEN,Tennessee,DF,Day-ahead demand forecast,20344,megawatthours,2026-02-12 02:00:00,20344.0
2026-02-12T02,TEN,Tennessee,NG,Net generation,20287,megawatthours,2026-02-12 02:00:00,20287.0
2026-02-12T02,TEN,Tennessee,TI,Total interchange,476,megawatthours,2026-02-12 02:00:00,476.0
2026-02-12T01,TEN,Tennessee,D,Demand,19369,megawatthours,2026-02-12 01:00:00,19369.0
2026-02-12T01,TEN,Tennessee,DF,Day-ahead demand forecast,20319,megawatthours,2026-02-12 01:00:00,20319.0
2026-02-12T01,TEN,Tennessee,NG,Net generation,19872,megawatthours,2026-02-12 01:00:00,19872.0
2026-02-12T01,TEN,Tennessee,TI,Total interchange,500,megawatthours,2026-02-12 01:00:00,500.0
2026-02-12T00,TEN,Tennessee,D,Demand,18577,megawatthours,2026-02-12 00:00:00,18577.0
2026-02-12T00,TEN,Tennessee,DF,Day-ahead demand forecast,19648,megawatthours,2026-02-12 00:00:00,19648.0
2026-02-12T00,TEN,Tennessee,NG,Net generation,19277,megawatthours,2026-02-12 00:00:00,19277.0
2026-02-12T00,TEN,Tennessee,TI,Total interchange,705,megawatthours,2026-02-12 00:00:00,705.0
2026-02-11T23,TEN,Tennessee,D,Demand,17475,megawatthours,2026-02-11 23:00:00,17475.0
2026-02-11T23,TEN,Tennessee,DF,Day-ahead demand forecast,18689,megawatthours,2026-02-11 23:00:00,18689.0
2026-02-11T23,TEN,Tennessee,NG,Net generation,18011,megawatthours,2026-02-11 23:00:00,18011.0
2026-02-11T23,TEN,Tennessee,TI,Total interchange,648,megawatthours,2026-02-11 23:00:00,648.0
2026-02-11T22,TEN,Tennessee,D,Demand,16996,megawatthours,2026-02-11 22:00:00,16996.0
2026-02-11T22,TEN,Tennessee,DF,Day-ahead demand forecast,18206,megawatthours,2026-02-11 22:00:00,18206.0
2026-02-11T22,TEN,Tennessee,NG,Net generation,17009,megawatthours,2026-02-11 22:00:00,17009.0
2026-02-11T22,TEN,Tennessee,TI,Total interchange,268,megawatthours,2026-02-11 22:00:00,268.0
2026-02-11T21,TEN,Tennessee,D,Demand,16893,megawatthours,2026-02-11 21:00:00,16893.0
2026-02-11T21,TEN,Tennessee,DF,Day-ahead demand forecast,17938,megawatthours,2026-02-11 21:00:00,17938.0
2026-02-11T21,TEN,Tennessee,NG,Net generation,16713,megawatthours,2026-02-11 21:00:00,16713.0
2026-02-11T21,TEN,Tennessee,TI,Total interchange,81,megawatthours,2026-02-11 21:00:00,81.0
2026-02-11T20,TEN,Tennessee,D,Demand,17216,megawatthours,2026-02-11 20:00:00,17216.0
2026-02-11T20,TEN,Tennessee,DF,Day-ahead demand forecast,18036,megawatthours,2026-02-11 20:00:00,18036.0
2026-02-11T20,TEN,Tennessee,NG,Net generation,17028,megawatthours,2026-02-11 20:00:00,17028.0
2026-02-11T20,TEN,Tennessee,TI,Total interchange,50,megawatthours,2026-02-11 20:00:00,50.0
2026-02-11T19,TEN,Tennessee,D,Demand,17360,megawatthours,2026-02-11 19:00:00,17360.0
2026-02-11T19,TEN,Tennessee,DF,Day-ahead demand forecast,18111,megawatthours,2026-02-11 19:00:00,18111.0
2026-02-11T19,TEN,Tennessee,NG,Net generation,17219,megawatthours,2026-02-11 19:00:00,17219.0
2026-02-11T19,TEN,Tennessee,TI,Total interchange,94,megawatthours,2026-02-11 19:00:00,94.0
2026-02-11T18,TEN,Tennessee,D,Demand,17654,megawatthours,2026-02-11 18:00:00,17654.0
2026-02-11T18,TEN,Tennessee,DF,Day-ahead demand forecast,18335,megawatthours,2026-02-11 18:00:00,18335.0
2026-02-11T18,TEN,Tennessee,NG,Net generation,17540,megawatthours,2026-02-11 18:00:00,17540.0
2026-02-11T18,TEN,Tennessee,TI,Total interchange,132,megawatthours,2026-02-11 18:00:00,132.0
2026-02-11T17,TEN,Tennessee,D,Demand,17844,megawatthours,2026-02-11 17:00:00,17844.0
2026-02-11T17,TEN,Tennessee,DF,Day-ahead demand forecast,18605,megawatthours,2026-02-11 17:00:00,18605.0
2026-02-11T17,TEN,Tennessee,NG,Net generation,17696,megawatthours,2026-02-11 17:00:00,17696.0
2026-02-11T17,TEN,Tennessee,TI,Total interchange,105,megawatthours,2026-02-11 17:00:00,105.0
2026-02-11T16,TEN,Tennessee,D,Demand,17816,megawatthours,2026-02-11 16:00:00,17816.0
2026-02-11T16,TEN,Tennessee,DF,Day-ahead demand forecast,18513,megawatthours,2026-02-11 16:00:00,18513.0
2026-02-11T16,TEN,Tennessee,NG,Net generation,17755,megawatthours,2026-02-11 16:00:00,17755.0
2026-02-11T16,TEN,Tennessee,TI,Total interchange,199,megawatthours,2026-02-11 16:00:00,199.0
2026-02-11T15,TEN,Tennessee,D,Demand,17751,megawatthours,2026-02-11 15:00:00,17751.0
2026-02-11T15,TEN,Tennessee,DF,Day-ahead demand forecast,18496,megawatthours,2026-02-11 15:00:00,18496.0
2026-02-11T15,TEN,Tennessee,NG,Net generation,17930,megawatthours,2026-02-11 15:00:00,17930.0
2026-02-11T15,TEN,Tennessee,TI,Total interchange,387,megawatthours,2026-02-11 15:00:00,387.0
2026-02-11T14,TEN,Tennessee,D,Demand,17637,megawatthours,2026-02-11 14:00:00,17637.0
2026-02-11T14,TEN,Tennessee,DF,Day-ahead demand forecast,17967,megawatthours,2026-02-11 14:00:00,17967.0
2026-02-11T14,TEN,Tennessee,NG,Net generation,18135,megawatthours,2026-02-11 14:00:00,18135.0
2026-02-11T14,TEN,Tennessee,TI,Total interchange,550,megawatthours,2026-02-11 14:00:00,550.0
2026-02-11T13,TEN,Tennessee,D,Demand,17309,megawatthours,2026-02-11 13:00:00,17309.0
2026-02-11T13,TEN,Tennessee,DF,Day-ahead demand forecast,17480,megawatthours,2026-02-11 13:00:00,17480.0
2026-02-11T13,TEN,Tennessee,NG,Net generation,17810,megawatthours,2026-02-11 13:00:00,17810.0
2026-02-11T13,TEN,Tennessee,TI,Total interchange,500,megawatthours,2026-02-11 13:00:00,500.0
2026-02-11T12,TEN,Tennessee,D,Demand,15788,megawatthours,2026-02-11 12:00:00,15788.0
2026-02-11T12,TEN,Tennessee,DF,Day-ahead demand forecast,16178,megawatthours,2026-02-11 12:00:00,16178.0
2026-02-11T12,TEN,Tennessee,NG,Net generation,16165,megawatthours,2026-02-11 12:00:00,16165.0
2026-02-11T12,TEN,Tennessee,TI,Total interchange,372,megawatthours,2026-02-11 12:00:00,372.0
2026-02-11T11,TEN,Tennessee,D,Demand,14696,megawatthours,2026-02-11 11:00:00,14696.0
2026-02-11T11,TEN,Tennessee,DF,Day-ahead demand forecast,15049,megawatthours,2026-02-11 11:00:00,15049.0
2026-02-11T11,TEN,Tennessee,NG,Net generation,14753,megawatthours,2026-02-11 11:00:00,14753.0
2026-02-11T11,TEN,Tennessee,TI,Total interchange,55,megawatthours,2026-02-11 11:00:00,55.0
2026-02-11T10,TEN,Tennessee,D,Demand,14259,megawatthours,2026-02-11 10:00:00,14259.0
2026-02-11T10,TEN,Tennessee,DF,Day-ahead demand forecast,14665,megawatthours,2026-02-11 10:00:00,14665.0
2026-02-11T10,TEN,Tennessee,NG,Net generation,14293,megawatthours,2026-02-11 10:00:00,14293.0
2026-02-11T10,TEN,Tennessee,TI,Total interchange,30,megawatthours,2026-02-11 10:00:00,30.0
2026-02-11T09,TEN,Tennessee,D,Demand,14342,megawatthours,2026-02-11 09:00:00,14342.0
2026-02-11T09,TEN,Tennessee,DF,Day-ahead demand forecast,14725,megawatthours,2026-02-11 09:00:00,14725.0
2026-02-11T09,TEN,Tennessee,NG,Net generation,14336,megawatthours,2026-02-11 09:00:00,14336.0
2026-02-11T09,TEN,Tennessee,TI,Total interchange,-8,megawatthours,2026-02-11 09:00:00,-8.0
2026-02-11T08,TEN,Tennessee,D,Demand,14506,megawatthours,2026-02-11 08:00:00,14506.0
2026-02-11T08,TEN,Tennessee,DF,Day-ahead demand forecast,14882,megawatthours,2026-02-11 08:00:00,14882.0
2026-02-11T08,TEN,Tennessee,NG,Net generation,14467,megawatthours,2026-02-11 08:00:00,14467.0
2026-02-11T08,TEN,Tennessee,TI,Total interchange,-44,megawatthours,2026-02-11 08:00:00,-44.0
2026-02-11T07,TEN,Tennessee,D,Demand,14883,megawatthours,2026-02-11 07:00:00,14883.0
2026-02-11T07,TEN,Tennessee,DF,Day-ahead demand forecast,15162,megawatthours,2026-02-11 07:00:00,15162.0
2026-02-11T07,TEN,Tennessee,NG,Net generation,14761,megawatthours,2026-02-11 07:00:00,14761.0
2026-02-11T07,TEN,Tennessee,TI,Total interchange,-128,megawatthours,2026-02-11 07:00:00,-128.0
2026-02-11T06,TEN,Tennessee,D,Demand,15335,megawatthours,2026-02-11 06:00:00,15335.0
2026-02-11T06,TEN,Tennessee,DF,Day-ahead demand forecast,15375,megawatthours,2026-02-11 06:00:00,15375.0
2026-02-11T06,TEN,Tennessee,NG,Net generation,15332,megawatthours,2026-02-11 06:00:00,15332.0
2026-02-11T06,TEN,Tennessee,TI,Total interchange,-5,megawatthours,2026-02-11 06:00:00,-5.0
2026-02-11T05,TEN,Tennessee,D,Demand,16303,megawatthours,2026-02-11 05:00:00,16303.0
2026-02-11T05,TEN,Tennessee,DF,Day-ahead demand forecast,16351,megawatthours,2026-02-11 05:00:00,16351.0
2026-02-11T05,TEN,Tennessee,NG,Net generation,16252,megawatthours,2026-02-11 05:00:00,16252.0
2026-02-11T05,TEN,Tennessee,TI,Total interchange,-50,megawatthours,2026-02-11 05:00:00,-50.0
2026-02-11T04,TEN,Tennessee,D,Demand,17138,megawatthours,2026-02-11 04:00:00,17138.0
2026-02-11T04,TEN,Tennessee,DF,Day-ahead demand forecast,17311,megawatthours,2026-02-11 04:00:00,17311.0
2026-02-11T04,TEN,Tennessee,NG,Net generation,17143,megawatthours,2026-02-11 04:00:00,17143.0
2026-02-11T04,TEN,Tennessee,TI,Total interchange,-6,megawatthours,2026-02-11 04:00:00,-6.0
2026-02-11T03,TEN,Tennessee,D,Demand,17936,megawatthours,2026-02-11 03:00:00,17936.0
2026-02-11T03,TEN,Tennessee,DF,Day-ahead demand forecast,18085,megawatthours,2026-02-11 03:00:00,18085.0
2026-02-11T03,TEN,Tennessee,NG,Net generation,17970,megawatthours,2026-02-11 03:00:00,17970.0
2026-02-11T03,TEN,Tennessee,TI,Total interchange,33,megawatthours,2026-02-11 03:00:00,33.0
2026-02-11T02,TEN,Tennessee,D,Demand,18343,megawatthours,2026-02-11 02:00:00,18343.0
2026-02-11T02,TEN,Tennessee,DF,Day-ahead demand forecast,18407,megawatthours,2026-02-11 02:00:00,18407.0
2026-02-11T02,TEN,Tennessee,NG,Net generation,18442,megawatthours,2026-02-11 02:00:00,18442.0
2026-02-11T02,TEN,Tennessee,TI,Total interchange,94,megawatthours,2026-02-11 02:00:00,94.0
2026-02-11T01,TEN,Tennessee,D,Demand,18531,megawatthours,2026-02-11 01:00:00,18531.0
2026-02-11T01,TEN,Tennessee,DF,Day-ahead demand forecast,18723,megawatthours,2026-02-11 01:00:00,18723.0
2026-02-11T01,TEN,Tennessee,NG,Net generation,18757,megawatthours,2026-02-11 01:00:00,18757.0
2026-02-11T01,TEN,Tennessee,TI,Total interchange,226,megawatthours,2026-02-11 01:00:00,226.0
2026-02-11T00,TEN,Tennessee,D,Demand,18163,megawatthours,2026-02-11 00:00:00,18163.0
2026-02-11T00,TEN,Tennessee,DF,Day-ahead demand forecast,18370,megawatthours,2026-02-11 00:00:00,18370.0
2026-02-11T00,TEN,Tennessee,NG,Net generation,18428,megawatthours,2026-02-11 00:00:00,18428.0
2026-02-11T00,TEN,Tennessee,TI,Total interchange,259,megawatthours,2026-02-11 00:00:00,259.0
2026-02-10T23,TEN,Tennessee,D,Demand,17286,megawatthours,2026-02-10 23:00:00,17286.0
2026-02-10T23,TEN,Tennessee,DF,Day-ahead demand forecast,17885,megawatthours,2026-02-10 23:00:00,17885.0
2026-02-10T23,TEN,Tennessee,NG,Net generation,17510,megawatthours,2026-02-10 23:00:00,17510.0
2026-02-10T23,TEN,Tennessee,TI,Total interchange,225,megawatthours,2026-02-10 23:00:00,225.0
2026-02-10T22,TEN,Tennessee,D,Demand,17023,megawatthours,2026-02-10 22:00:00,17023.0
2026-02-10T22,TEN,Tennessee,DF,Day-ahead demand forecast,17615,megawatthours,2026-02-10 22:00:00,17615.0
2026-02-10T22,TEN,Tennessee,NG,Net generation,16974,megawatthours,2026-02-10 22:00:00,16974.0
2026-02-10T22,TEN,Tennessee,TI,Total interchange,-35,megawatthours,2026-02-10 22:00:00,-35.0
2026-02-10T21,TEN,Tennessee,D,Demand,16992,megawatthours,2026-02-10 21:00:00,16992.0
2026-02-10T21,TEN,Tennessee,DF,Day-ahead demand forecast,17722,megawatthours,2026-02-10 21:00:00,17722.0
2026-02-10T21,TEN,Tennessee,NG,Net generation,16583,megawatthours,2026-02-10 21:00:00,16583.0
2026-02-10T21,TEN,Tennessee,TI,Total interchange,-370,megawatthours,2026-02-10 21:00:00,-370.0
2026-02-10T20,TEN,Tennessee,D,Demand,17195,megawatthours,2026-02-10 20:00:00,17195.0
2026-02-10T20,TEN,Tennessee,DF,Day-ahead demand forecast,17637,megawatthours,2026-02-10 20:00:00,17637.0
2026-02-10T20,TEN,Tennessee,NG,Net generation,16682,megawatthours,2026-02-10 20:00:00,16682.0
2026-02-10T20,TEN,Tennessee,TI,Total interchange,-414,megawatthours,2026-02-10 20:00:00,-414.0
2026-02-10T19,TEN,Tennessee,D,Demand,17432,megawatthours,2026-02-10 19:00:00,17432.0
2026-02-10T19,TEN,Tennessee,DF,Day-ahead demand forecast,17803,megawatthours,2026-02-10 19:00:00,17803.0
2026-02-10T19,TEN,Tennessee,NG,Net generation,16892,megawatthours,2026-02-10 19:00:00,16892.0
2026-02-10T19,TEN,Tennessee,TI,Total interchange,-426,megawatthours,2026-02-10 19:00:00,-426.0
2026-02-10T18,TEN,Tennessee,D,Demand,17683,megawatthours,2026-02-10 18:00:00,17683.0
2026-02-10T18,TEN,Tennessee,DF,Day-ahead demand forecast,18024,megawatthours,2026-02-10 18:00:00,18024.0
2026-02-10T18,TEN,Tennessee,NG,Net generation,17191,megawatthours,2026-02-10 18:00:00,17191.0
2026-02-10T18,TEN,Tennessee,TI,Total interchange,-394,megawatthours,2026-02-10 18:00:00,-394.0
2026-02-10T17,TEN,Tennessee,D,Demand,18050,megawatthours,2026-02-10 17:00:00,18050.0
2026-02-10T17,TEN,Tennessee,DF,Day-ahead demand forecast,18372,megawatthours,2026-02-10 17:00:00,18372.0
2026-02-10T17,TEN,Tennessee,NG,Net generation,17574,megawatthours,2026-02-10 17:00:00,17574.0
2026-02-10T17,TEN,Tennessee,TI,Total interchange,-349,megawatthours,2026-02-10 17:00:00,-349.0
2026-02-10T16,TEN,Tennessee,D,Demand,18276,megawatthours,2026-02-10 16:00:00,18276.0
2026-02-10T16,TEN,Tennessee,DF,Day-ahead demand forecast,18750,megawatthours,2026-02-10 16:00:00,18750.0
2026-02-10T16,TEN,Tennessee,NG,Net generation,18086,megawatthours,2026-02-10 16:00:00,18086.0
2026-02-10T16,TEN,Tennessee,TI,Total interchange,-49,megawatthours,2026-02-10 16:00:00,-49.0
2026-02-10T15,TEN,Tennessee,D,Demand,19220,megawatthours,2026-02-10 15:00:00,19220.0
2026-02-10T15,TEN,Tennessee,DF,Day-ahead demand forecast,19426,megawatthours,2026-02-10 15:00:00,19426.0
2026-02-10T15,TEN,Tennessee,NG,Net generation,19402,megawatthours,2026-02-10 15:00:00,19402.0
2026-02-10T15,TEN,Tennessee,TI,Total interchange,249,megawatthours,2026-02-10 15:00:00,249.0
2026-02-10T14,TEN,Tennessee,D,Demand,20207,megawatthours,2026-02-10 14:00:00,20207.0
2026-02-10T14,TEN,Tennessee,DF,Day-ahead demand forecast,19953,megawatthours,2026-02-10 14:00:00,19953.0
2026-02-10T14,TEN,Tennessee,NG,Net generation,20501,megawatthours,2026-02-10 14:00:00,20501.0
2026-02-10T14,TEN,Tennessee,TI,Total interchange,326,megawatthours,2026-02-10 14:00:00,326.0
2026-02-10T13,TEN,Tennessee,D,Demand,20307,megawatthours,2026-02-10 13:00:00,20307.0
2026-02-10T13,TEN,Tennessee,DF,Day-ahead demand forecast,19865,megawatthours,2026-02-10 13:00:00,19865.0
2026-02-10T13,TEN,Tennessee,NG,Net generation,20813,megawatthours,2026-02-10 13:00:00,20813.0
2026-02-10T13,TEN,Tennessee,TI,Total interchange,502,megawatthours,2026-02-10 13:00:00,502.0
2026-02-10T12,TEN,Tennessee,D,Demand,19244,megawatthours,2026-02-10 12:00:00,19244.0
2026-02-10T12,TEN,Tennessee,DF,Day-ahead demand forecast,18649,megawatthours,2026-02-10 12:00:00,18649.0
2026-02-10T12,TEN,Tennessee,NG,Net generation,19524,megawatthours,2026-02-10 12:00:00,19524.0
2026-02-10T12,TEN,Tennessee,TI,Total interchange,275,megawatthours,2026-02-10 12:00:00,275.0
2026-02-10T11,TEN,Tennessee,D,Demand,17944,megawatthours,2026-02-10 11:00:00,17944.0
2026-02-10T11,TEN,Tennessee,DF,Day-ahead demand forecast,17398,megawatthours,2026-02-10 11:00:00,17398.0
2026-02-10T11,TEN,Tennessee,NG,Net generation,18148,megawatthours,2026-02-10 11:00:00,18148.0
2026-02-10T11,TEN,Tennessee,TI,Total interchange,198,megawatthours,2026-02-10 11:00:00,198.0
2026-02-10T10,TEN,Tennessee,D,Demand,17417,megawatthours,2026-02-10 10:00:00,17417.0
2026-02-10T10,TEN,Tennessee,DF,Day-ahead demand forecast,16983,megawatthours,2026-02-10 10:00:00,16983.0
2026-02-10T10,TEN,Tennessee,NG,Net generation,17556,megawatthours,2026-02-10 10:00:00,17556.0
2026-02-10T10,TEN,Tennessee,TI,Total interchange,136,megawatthours,2026-02-10 10:00:00,136.0
2026-02-10T09,TEN,Tennessee,D,Demand,17307,megawatthours,2026-02-10 09:00:00,17307.0
2026-02-10T09,TEN,Tennessee,DF,Day-ahead demand forecast,16940,megawatthours,2026-02-10 09:00:00,16940.0
2026-02-10T09,TEN,Tennessee,NG,Net generation,17385,megawatthours,2026-02-10 09:00:00,17385.0
2026-02-10T09,TEN,Tennessee,TI,Total interchange,76,megawatthours,2026-02-10 09:00:00,76.0
2026-02-10T08,TEN,Tennessee,D,Demand,17136,megawatthours,2026-02-10 08:00:00,17136.0
2026-02-10T08,TEN,Tennessee,DF,Day-ahead demand forecast,16923,megawatthours,2026-02-10 08:00:00,16923.0
2026-02-10T08,TEN,Tennessee,NG,Net generation,17214,megawatthours,2026-02-10 08:00:00,17214.0
2026-02-10T08,TEN,Tennessee,TI,Total interchange,73,megawatthours,2026-02-10 08:00:00,73.0
2026-02-10T07,TEN,Tennessee,D,Demand,17120,megawatthours,2026-02-10 07:00:00,17120.0
2026-02-10T07,TEN,Tennessee,DF,Day-ahead demand forecast,16996,megawatthours,2026-02-10 07:00:00,16996.0
2026-02-10T07,TEN,Tennessee,NG,Net generation,17190,megawatthours,2026-02-10 07:00:00,17190.0
2026-02-10T07,TEN,Tennessee,TI,Total interchange,67,megawatthours,2026-02-10 07:00:00,67.0
2026-02-10T06,TEN,Tennessee,D,Demand,17393,megawatthours,2026-02-10 06:00:00,17393.0
2026-02-10T06,TEN,Tennessee,DF,Day-ahead demand forecast,17157,megawatthours,2026-02-10 06:00:00,17157.0
2026-02-10T06,TEN,Tennessee,NG,Net generation,17209,megawatthours,2026-02-10 06:00:00,17209.0
2026-02-10T06,TEN,Tennessee,TI,Total interchange,-186,megawatthours,2026-02-10 06:00:00,-186.0
2026-02-10T05,TEN,Tennessee,D,Demand,17908,megawatthours,2026-02-10 05:00:00,17908.0
2026-02-10T05,TEN,Tennessee,DF,Day-ahead demand forecast,17923,megawatthours,2026-02-10 05:00:00,17923.0
2026-02-10T05,TEN,Tennessee,NG,Net generation,17953,megawatthours,2026-02-10 05:00:00,17953.0
2026-02-10T05,TEN,Tennessee,TI,Total interchange,41,megawatthours,2026-02-10 05:00:00,41.0
2026-02-10T04,TEN,Tennessee,D,Demand,18599,megawatthours,2026-02-10 04:00:00,18599.0
2026-02-10T04,TEN,Tennessee,DF,Day-ahead demand forecast,18815,megawatthours,2026-02-10 04:00:00,18815.0
2026-02-10T04,TEN,Tennessee,NG,Net generation,18637,megawatthours,2026-02-10 04:00:00,18637.0
2026-02-10T04,TEN,Tennessee,TI,Total interchange,31,megawatthours,2026-02-10 04:00:00,31.0
2026-02-10T03,TEN,Tennessee,D,Demand,19229,megawatthours,2026-02-10 03:00:00,19229.0
2026-02-10T03,TEN,Tennessee,DF,Day-ahead demand forecast,19399,megawatthours,2026-02-10 03:00:00,19399.0
2026-02-10T03,TEN,Tennessee,NG,Net generation,19224,megawatthours,2026-02-10 03:00:00,19224.0
2026-02-10T03,TEN,Tennessee,TI,Total interchange,-6,megawatthours,2026-02-10 03:00:00,-6.0
2026-02-10T02,TEN,Tennessee,D,Demand,19200,megawatthours,2026-02-10 02:00:00,19200.0
2026-02-10T02,TEN,Tennessee,DF,Day-ahead demand forecast,19633,megawatthours,2026-02-10 02:00:00,19633.0
2026-02-10T02,TEN,Tennessee,NG,Net generation,19358,megawatthours,2026-02-10 02:00:00,19358.0
2026-02-10T02,TEN,Tennessee,TI,Total interchange,155,megawatthours,2026-02-10 02:00:00,155.0
2026-02-10T01,TEN,Tennessee,D,Demand,19256,megawatthours,2026-02-10 01:00:00,19256.0
2026-02-10T01,TEN,Tennessee,DF,Day-ahead demand forecast,19744,megawatthours,2026-02-10 01:00:00,19744.0
2026-02-10T01,TEN,Tennessee,NG,Net generation,19660,megawatthours,2026-02-10 01:00:00,19660.0
2026-02-10T01,TEN,Tennessee,TI,Total interchange,397,megawatthours,2026-02-10 01:00:00,397.0
2026-02-10T00,TEN,Tennessee,D,Demand,18577,megawatthours,2026-02-10 00:00:00,18577.0
2026-02-10T00,TEN,Tennessee,DF,Day-ahead demand forecast,19286,megawatthours,2026-02-10 00:00:00,19286.0
2026-02-10T00,TEN,Tennessee,NG,Net generation,18971,megawatthours,2026-02-10 00:00:00,18971.0
2026-02-10T00,TEN,Tennessee,TI,Total interchange,398,megawatthours,2026-02-10 00:00:00,398.0
2026-02-09T23,TEN,Tennessee,D,Demand,17738,megawatthours,2026-02-09 23:00:00,17738.0
2026-02-09T23,TEN,Tennessee,DF,Day-ahead demand forecast,18483,megawatthours,2026-02-09 23:00:00,18483.0
2026-02-09T23,TEN,Tennessee,NG,Net generation,17653,megawatthours,2026-02-09 23:00:00,17653.0
2026-02-09T23,TEN,Tennessee,TI,Total interchange,30,megawatthours,2026-02-09 23:00:00,30.0
2026-02-09T22,TEN,Tennessee,D,Demand,17581,megawatthours,2026-02-09 22:00:00,17581.0
2026-02-09T22,TEN,Tennessee,DF,Day-ahead demand forecast,18298,megawatthours,2026-02-09 22:00:00,18298.0
2026-02-09T22,TEN,Tennessee,NG,Net generation,17225,megawatthours,2026-02-09 22:00:00,17225.0
2026-02-09T22,TEN,Tennessee,TI,Total interchange,-103,megawatthours,2026-02-09 22:00:00,-103.0
2026-02-09T21,TEN,Tennessee,D,Demand,17705,megawatthours,2026-02-09 21:00:00,17705.0
2026-02-09T21,TEN,Tennessee,DF,Day-ahead demand forecast,18538,megawatthours,2026-02-09 21:00:00,18538.0
2026-02-09T21,TEN,Tennessee,NG,Net generation,17280,megawatthours,2026-02-09 21:00:00,17280.0
2026-02-09T21,TEN,Tennessee,TI,Total interchange,-166,megawatthours,2026-02-09 21:00:00,-166.0
2026-02-09T20,TEN,Tennessee,D,Demand,18144,megawatthours,2026-02-09 20:00:00,18144.0
2026-02-09T20,TEN,Tennessee,DF,Day-ahead demand forecast,18853,megawatthours,2026-02-09 20:00:00,18853.0
2026-02-09T20,TEN,Tennessee,NG,Net generation,17949,megawatthours,2026-02-09 20:00:00,17949.0
2026-02-09T20,TEN,Tennessee,TI,Total interchange,53,megawatthours,2026-02-09 20:00:00,53.0
2026-02-09T19,TEN,Tennessee,D,Demand,18545,megawatthours,2026-02-09 19:00:00,18545.0
2026-02-09T19,TEN,Tennessee,DF,Day-ahead demand forecast,19275,megawatthours,2026-02-09 19:00:00,19275.0
2026-02-09T19,TEN,Tennessee,NG,Net generation,18493,megawatthours,2026-02-09 19:00:00,18493.0
2026-02-09T19,TEN,Tennessee,TI,Total interchange,190,megawatthours,2026-02-09 19:00:00,190.0
2026-02-09T18,TEN,Tennessee,D,Demand,19127,megawatthours,2026-02-09 18:00:00,19127.0
2026-02-09T18,TEN,Tennessee,DF,Day-ahead demand forecast,19768,megawatthours,2026-02-09 18:00:00,19768.0
2026-02-09T18,TEN,Tennessee,NG,Net generation,18976,megawatthours,2026-02-09 18:00:00,18976.0
2026-02-09T18,TEN,Tennessee,TI,Total interchange,93,megawatthours,2026-02-09 18:00:00,93.0
2026-02-09T17,TEN,Tennessee,D,Demand,19948,megawatthours,2026-02-09 17:00:00,19948.0
2026-02-09T17,TEN,Tennessee,DF,Day-ahead demand forecast,20644,megawatthours,2026-02-09 17:00:00,20644.0
2026-02-09T17,TEN,Tennessee,NG,Net generation,19684,megawatthours,2026-02-09 17:00:00,19684.0
2026-02-09T17,TEN,Tennessee,TI,Total interchange,-33,megawatthours,2026-02-09 17:00:00,-33.0
2026-02-09T16,TEN,Tennessee,D,Demand,20852,megawatthours,2026-02-09 16:00:00,20852.0
2026-02-09T16,TEN,Tennessee,DF,Day-ahead demand forecast,21653,megawatthours,2026-02-09 16:00:00,21653.0
2026-02-09T16,TEN,Tennessee,NG,Net generation,21011,megawatthours,2026-02-09 16:00:00,21011.0
2026-02-09T16,TEN,Tennessee,TI,Total interchange,412,megawatthours,2026-02-09 16:00:00,412.0
2026-02-09T15,TEN,Tennessee,D,Demand,22259,megawatthours,2026-02-09 15:00:00,22259.0
2026-02-09T15,TEN,Tennessee,DF,Day-ahead demand forecast,22976,megawatthours,2026-02-09 15:00:00,22976.0
2026-02-09T15,TEN,Tennessee,NG,Net generation,22370,megawatthours,2026-02-09 15:00:00,22370.0
2026-02-09T15,TEN,Tennessee,TI,Total interchange,307,megawatthours,2026-02-09 15:00:00,307.0
2026-02-09T14,TEN,Tennessee,D,Demand,23638,megawatthours,2026-02-09 14:00:00,23638.0
2026-02-09T14,TEN,Tennessee,DF,Day-ahead demand forecast,23903,megawatthours,2026-02-09 14:00:00,23903.0
2026-02-09T14,TEN,Tennessee,NG,Net generation,24006,megawatthours,2026-02-09 14:00:00,24006.0
2026-02-09T14,TEN,Tennessee,TI,Total interchange,420,megawatthours,2026-02-09 14:00:00,420.0
2026-02-09T13,TEN,Tennessee,D,Demand,23649,megawatthours,2026-02-09 13:00:00,23649.0
2026-02-09T13,TEN,Tennessee,DF,Day-ahead demand forecast,24063,megawatthours,2026-02-09 13:00:00,24063.0
2026-02-09T13,TEN,Tennessee,NG,Net generation,24072,megawatthours,2026-02-09 13:00:00,24072.0
2026-02-09T13,TEN,Tennessee,TI,Total interchange,421,megawatthours,2026-02-09 13:00:00,421.0
2026-02-09T12,TEN,Tennessee,D,Demand,22240,megawatthours,2026-02-09 12:00:00,22240.0
2026-02-09T12,TEN,Tennessee,DF,Day-ahead demand forecast,22817,megawatthours,2026-02-09 12:00:00,22817.0
2026-02-09T12,TEN,Tennessee,NG,Net generation,22726,megawatthours,2026-02-09 12:00:00,22726.0
2026-02-09T12,TEN,Tennessee,TI,Total interchange,484,megawatthours,2026-02-09 12:00:00,484.0
2026-02-09T11,TEN,Tennessee,D,Demand,20760,megawatthours,2026-02-09 11:00:00,20760.0
2026-02-09T11,TEN,Tennessee,DF,Day-ahead demand forecast,21463,megawatthours,2026-02-09 11:00:00,21463.0
2026-02-09T11,TEN,Tennessee,NG,Net generation,21280,megawatthours,2026-02-09 11:00:00,21280.0
2026-02-09T11,TEN,Tennessee,TI,Total interchange,512,megawatthours,2026-02-09 11:00:00,512.0
2026-02-09T10,TEN,Tennessee,D,Demand,19961,megawatthours,2026-02-09 10:00:00,19961.0
2026-02-09T10,TEN,Tennessee,DF,Day-ahead demand forecast,20594,megawatthours,2026-02-09 10:00:00,20594.0
2026-02-09T10,TEN,Tennessee,NG,Net generation,20373,megawatthours,2026-02-09 10:00:00,20373.0
2026-02-09T10,TEN,Tennessee,TI,Total interchange,412,megawatthours,2026-02-09 10:00:00,412.0
2026-02-09T09,TEN,Tennessee,D,Demand,19751,megawatthours,2026-02-09 09:00:00,19751.0
2026-02-09T09,TEN,Tennessee,DF,Day-ahead demand forecast,20237,megawatthours,2026-02-09 09:00:00,20237.0
2026-02-09T09,TEN,Tennessee,NG,Net generation,20367,megawatthours,2026-02-09 09:00:00,20367.0
2026-02-09T09,TEN,Tennessee,TI,Total interchange,611,megawatthours,2026-02-09 09:00:00,611.0
2026-02-09T08,TEN,Tennessee,D,Demand,19654,megawatthours,2026-02-09 08:00:00,19654.0
2026-02-09T08,TEN,Tennessee,DF,Day-ahead demand forecast,19998,megawatthours,2026-02-09 08:00:00,19998.0
2026-02-09T08,TEN,Tennessee,NG,Net generation,20180,megawatthours,2026-02-09 08:00:00,20180.0
2026-02-09T08,TEN,Tennessee,TI,Total interchange,524,megawatthours,2026-02-09 08:00:00,524.0
2026-02-09T07,TEN,Tennessee,D,Demand,19598,megawatthours,2026-02-09 07:00:00,19598.0
2026-02-09T07,TEN,Tennessee,DF,Day-ahead demand forecast,19959,megawatthours,2026-02-09 07:00:00,19959.0
2026-02-09T07,TEN,Tennessee,NG,Net generation,20129,megawatthours,2026-02-09 07:00:00,20129.0
2026-02-09T07,TEN,Tennessee,TI,Total interchange,528,megawatthours,2026-02-09 07:00:00,528.0
2026-02-09T06,TEN,Tennessee,D,Demand,19814,megawatthours,2026-02-09 06:00:00,19814.0
2026-02-09T06,TEN,Tennessee,DF,Day-ahead demand forecast,20007,megawatthours,2026-02-09 06:00:00,20007.0
2026-02-09T06,TEN,Tennessee,NG,Net generation,19672,megawatthours,2026-02-09 06:00:00,19672.0
2026-02-09T06,TEN,Tennessee,TI,Total interchange,-146,megawatthours,2026-02-09 06:00:00,-146.0
2026-02-09T05,TEN,Tennessee,D,Demand,20345,megawatthours,2026-02-09 05:00:00,20345.0
2026-02-09T05,TEN,Tennessee,DF,Day-ahead demand forecast,20469,megawatthours,2026-02-09 05:00:00,20469.0
2026-02-09T05,TEN,Tennessee,NG,Net generation,20335,megawatthours,2026-02-09 05:00:00,20335.0
2026-02-09T05,TEN,Tennessee,TI,Total interchange,-16,megawatthours,2026-02-09 05:00:00,-16.0
2026-02-09T04,TEN,Tennessee,D,Demand,20781,megawatthours,2026-02-09 04:00:00,20781.0
2026-02-09T04,TEN,Tennessee,DF,Day-ahead demand forecast,21031,megawatthours,2026-02-09 04:00:00,21031.0
2026-02-09T04,TEN,Tennessee,NG,Net generation,20986,megawatthours,2026-02-09 04:00:00,20986.0
2026-02-09T04,TEN,Tennessee,TI,Total interchange,206,megawatthours,2026-02-09 04:00:00,206.0
2026-02-09T03,TEN,Tennessee,D,Demand,21042,megawatthours,2026-02-09 03:00:00,21042.0
2026-02-09T03,TEN,Tennessee,DF,Day-ahead demand forecast,21391,megawatthours,2026-02-09 03:00:00,21391.0
2026-02-09T03,TEN,Tennessee,NG,Net generation,21255,megawatthours,2026-02-09 03:00:00,21255.0
2026-02-09T03,TEN,Tennessee,TI,Total interchange,205,megawatthours,2026-02-09 03:00:00,205.0
2026-02-09T02,TEN,Tennessee,D,Demand,20971,megawatthours,2026-02-09 02:00:00,20971.0
2026-02-09T02,TEN,Tennessee,DF,Day-ahead demand forecast,21477,megawatthours,2026-02-09 02:00:00,21477.0
2026-02-09T02,TEN,Tennessee,NG,Net generation,21187,megawatthours,2026-02-09 02:00:00,21187.0
2026-02-09T02,TEN,Tennessee,TI,Total interchange,214,megawatthours,2026-02-09 02:00:00,214.0
2026-02-09T01,TEN,Tennessee,D,Demand,20916,megawatthours,2026-02-09 01:00:00,20916.0
2026-02-09T01,TEN,Tennessee,DF,Day-ahead demand forecast,21369,megawatthours,2026-02-09 01:00:00,21369.0
2026-02-09T01,TEN,Tennessee,NG,Net generation,21075,megawatthours,2026-02-09 01:00:00,21075.0
2026-02-09T01,TEN,Tennessee,TI,Total interchange,157,megawatthours,2026-02-09 01:00:00,157.0
2026-02-09T00,TEN,Tennessee,D,Demand,20786,megawatthours,2026-02-09 00:00:00,20786.0
2026-02-09T00,TEN,Tennessee,DF,Day-ahead demand forecast,20739,megawatthours,2026-02-09 00:00:00,20739.0
2026-02-09T00,TEN,Tennessee,NG,Net generation,21014,megawatthours,2026-02-09 00:00:00,21014.0
2026-02-09T00,TEN,Tennessee,TI,Total interchange,224,megawatthours,2026-02-09 00:00:00,224.0
2026-02-08T23,TEN,Tennessee,D,Demand,20206,megawatthours,2026-02-08 23:00:00,20206.0
2026-02-08T23,TEN,Tennessee,DF,Day-ahead demand forecast,19567,megawatthours,2026-02-08 23:00:00,19567.0
2026-02-08T23,TEN,Tennessee,NG,Net generation,20358,megawatthours,2026-02-08 23:00:00,20358.0
2026-02-08T23,TEN,Tennessee,TI,Total interchange,167,megawatthours,2026-02-08 23:00:00,167.0
2026-02-08T22,TEN,Tennessee,D,Demand,19659,megawatthours,2026-02-08 22:00:00,19659.0
2026-02-08T22,TEN,Tennessee,DF,Day-ahead demand forecast,18882,megawatthours,2026-02-08 22:00:00,18882.0
2026-02-08T22,TEN,Tennessee,NG,Net generation,19888,megawatthours,2026-02-08 22:00:00,19888.0
2026-02-08T22,TEN,Tennessee,TI,Total interchange,262,megawatthours,2026-02-08 22:00:00,262.0
2026-02-08T21,TEN,Tennessee,D,Demand,19320,megawatthours,2026-02-08 21:00:00,19320.0
2026-02-08T21,TEN,Tennessee,DF,Day-ahead demand forecast,18719,megawatthours,2026-02-08 21:00:00,18719.0
2026-02-08T21,TEN,Tennessee,NG,Net generation,19268,megawatthours,2026-02-08 21:00:00,19268.0
2026-02-08T21,TEN,Tennessee,TI,Total interchange,-3,megawatthours,2026-02-08 21:00:00,-3.0
2026-02-08T20,TEN,Tennessee,D,Demand,19559,megawatthours,2026-02-08 20:00:00,19559.0
2026-02-08T20,TEN,Tennessee,DF,Day-ahead demand forecast,19101,megawatthours,2026-02-08 20:00:00,19101.0
2026-02-08T20,TEN,Tennessee,NG,Net generation,19232,megawatthours,2026-02-08 20:00:00,19232.0
2026-02-08T20,TEN,Tennessee,TI,Total interchange,-223,megawatthours,2026-02-08 20:00:00,-223.0
2026-02-08T19,TEN,Tennessee,D,Demand,20173,megawatthours,2026-02-08 19:00:00,20173.0
2026-02-08T19,TEN,Tennessee,DF,Day-ahead demand forecast,19766,megawatthours,2026-02-08 19:00:00,19766.0
2026-02-08T19,TEN,Tennessee,NG,Net generation,19465,megawatthours,2026-02-08 19:00:00,19465.0
2026-02-08T19,TEN,Tennessee,TI,Total interchange,-558,megawatthours,2026-02-08 19:00:00,-558.0
2026-02-08T18,TEN,Tennessee,D,Demand,20926,megawatthours,2026-02-08 18:00:00,20926.0
2026-02-08T18,TEN,Tennessee,DF,Day-ahead demand forecast,20645,megawatthours,2026-02-08 18:00:00,20645.0
2026-02-08T18,TEN,Tennessee,NG,Net generation,20137,megawatthours,2026-02-08 18:00:00,20137.0
2026-02-08T18,TEN,Tennessee,TI,Total interchange,-599,megawatthours,2026-02-08 18:00:00,-599.0
2026-02-08T17,TEN,Tennessee,D,Demand,21921,megawatthours,2026-02-08 17:00:00,21921.0
2026-02-08T17,TEN,Tennessee,DF,Day-ahead demand forecast,21734,megawatthours,2026-02-08 17:00:00,21734.0
2026-02-08T17,TEN,Tennessee,NG,Net generation,20993,megawatthours,2026-02-08 17:00:00,20993.0
2026-02-08T17,TEN,Tennessee,TI,Total interchange,-680,megawatthours,2026-02-08 17:00:00,-680.0
2026-02-08T16,TEN,Tennessee,D,Demand,23270,megawatthours,2026-02-08 16:00:00,23270.0
2026-02-08T16,TEN,Tennessee,DF,Day-ahead demand forecast,23040,megawatthours,2026-02-08 16:00:00,23040.0
2026-02-08T16,TEN,Tennessee,NG,Net generation,22626,megawatthours,2026-02-08 16:00:00,22626.0
2026-02-08T16,TEN,Tennessee,TI,Total interchange,-409,megawatthours,2026-02-08 16:00:00,-409.0
2026-02-08T15,TEN,Tennessee,D,Demand,24672,megawatthours,2026-02-08 15:00:00,24672.0
2026-02-08T15,TEN,Tennessee,DF,Day-ahead demand forecast,24354,megawatthours,2026-02-08 15:00:00,24354.0
2026-02-08T15,TEN,Tennessee,NG,Net generation,23665,megawatthours,2026-02-08 15:00:00,23665.0
2026-02-08T15,TEN,Tennessee,TI,Total interchange,-800,megawatthours,2026-02-08 15:00:00,-800.0
2026-02-08T14,TEN,Tennessee,D,Demand,25215,megawatthours,2026-02-08 14:00:00,25215.0
2026-02-08T14,TEN,Tennessee,DF,Day-ahead demand forecast,25068,megawatthours,2026-02-08 14:00:00,25068.0
2026-02-08T14,TEN,Tennessee,NG,Net generation,24363,megawatthours,2026-02-08 14:00:00,24363.0
2026-02-08T14,TEN,Tennessee,TI,Total interchange,-801,megawatthours,2026-02-08 14:00:00,-801.0
2026-02-08T13,TEN,Tennessee,D,Demand,24708,megawatthours,2026-02-08 13:00:00,24708.0
2026-02-08T13,TEN,Tennessee,DF,Day-ahead demand forecast,24812,megawatthours,2026-02-08 13:00:00,24812.0
2026-02-08T13,TEN,Tennessee,NG,Net generation,23882,megawatthours,2026-02-08 13:00:00,23882.0
2026-02-08T13,TEN,Tennessee,TI,Total interchange,-830,megawatthours,2026-02-08 13:00:00,-830.0
2026-02-08T12,TEN,Tennessee,D,Demand,23999,megawatthours,2026-02-08 12:00:00,23999.0
2026-02-08T12,TEN,Tennessee,DF,Day-ahead demand forecast,24234,megawatthours,2026-02-08 12:00:00,24234.0
2026-02-08T12,TEN,Tennessee,NG,Net generation,23250,megawatthours,2026-02-08 12:00:00,23250.0
2026-02-08T12,TEN,Tennessee,TI,Total interchange,-749,megawatthours,2026-02-08 12:00:00,-749.0
2026-02-08T11,TEN,Tennessee,D,Demand,23660,megawatthours,2026-02-08 11:00:00,23660.0
2026-02-08T11,TEN,Tennessee,DF,Day-ahead demand forecast,23707,megawatthours,2026-02-08 11:00:00,23707.0
2026-02-08T11,TEN,Tennessee,NG,Net generation,22871,megawatthours,2026-02-08 11:00:00,22871.0
2026-02-08T11,TEN,Tennessee,TI,Total interchange,-794,megawatthours,2026-02-08 11:00:00,-794.0
2026-02-08T10,TEN,Tennessee,D,Demand,23371,megawatthours,2026-02-08 10:00:00,23371.0
2026-02-08T10,TEN,Tennessee,DF,Day-ahead demand forecast,23305,megawatthours,2026-02-08 10:00:00,23305.0
2026-02-08T10,TEN,Tennessee,NG,Net generation,22534,megawatthours,2026-02-08 10:00:00,22534.0
2026-02-08T10,TEN,Tennessee,TI,Total interchange,-841,megawatthours,2026-02-08 10:00:00,-841.0
2026-02-08T09,TEN,Tennessee,D,Demand,23109,megawatthours,2026-02-08 09:00:00,23109.0
2026-02-08T09,TEN,Tennessee,DF,Day-ahead demand forecast,23073,megawatthours,2026-02-08 09:00:00,23073.0
2026-02-08T09,TEN,Tennessee,NG,Net generation,22430,megawatthours,2026-02-08 09:00:00,22430.0
2026-02-08T09,TEN,Tennessee,TI,Total interchange,-680,megawatthours,2026-02-08 09:00:00,-680.0
2026-02-08T08,TEN,Tennessee,D,Demand,22904,megawatthours,2026-02-08 08:00:00,22904.0
2026-02-08T08,TEN,Tennessee,DF,Day-ahead demand forecast,22835,megawatthours,2026-02-08 08:00:00,22835.0
2026-02-08T08,TEN,Tennessee,NG,Net generation,22311,megawatthours,2026-02-08 08:00:00,22311.0
2026-02-08T08,TEN,Tennessee,TI,Total interchange,-599,megawatthours,2026-02-08 08:00:00,-599.0
2026-02-08T07,TEN,Tennessee,D,Demand,22841,megawatthours,2026-02-08 07:00:00,22841.0
2026-02-08T07,TEN,Tennessee,DF,Day-ahead demand forecast,22772,megawatthours,2026-02-08 07:00:00,22772.0
2026-02-08T07,TEN,Tennessee,NG,Net generation,22221,megawatthours,2026-02-08 07:00:00,22221.0
2026-02-08T07,TEN,Tennessee,TI,Total interchange,-623,megawatthours,2026-02-08 07:00:00,-623.0
2026-02-08T06,TEN,Tennessee,D,Demand,22898,megawatthours,2026-02-08 06:00:00,22898.0
2026-02-08T06,TEN,Tennessee,DF,Day-ahead demand forecast,23906,megawatthours,2026-02-08 06:00:00,23906.0
2026-02-08T06,TEN,Tennessee,NG,Net generation,22108,megawatthours,2026-02-08 06:00:00,22108.0
2026-02-08T06,TEN,Tennessee,TI,Total interchange,-794,megawatthours,2026-02-08 06:00:00,-794.0
2026-02-08T05,TEN,Tennessee,D,Demand,22994,megawatthours,2026-02-08 05:00:00,22994.0
2026-02-08T05,TEN,Tennessee,DF,Day-ahead demand forecast,24293,megawatthours,2026-02-08 05:00:00,24293.0
2026-02-08T05,TEN,Tennessee,NG,Net generation,22353,megawatthours,2026-02-08 05:00:00,22353.0
2026-02-08T05,TEN,Tennessee,TI,Total interchange,-644,megawatthours,2026-02-08 05:00:00,-644.0
2026-02-08T04,TEN,Tennessee,D,Demand,23234,megawatthours,2026-02-08 04:00:00,23234.0
2026-02-08T04,TEN,Tennessee,DF,Day-ahead demand forecast,24335,megawatthours,2026-02-08 04:00:00,24335.0
2026-02-08T04,TEN,Tennessee,NG,Net generation,22563,megawatthours,2026-02-08 04:00:00,22563.0
2026-02-08T04,TEN,Tennessee,TI,Total interchange,-677,megawatthours,2026-02-08 04:00:00,-677.0
2026-02-08T03,TEN,Tennessee,D,Demand,23289,megawatthours,2026-02-08 03:00:00,23289.0
2026-02-08T03,TEN,Tennessee,DF,Day-ahead demand forecast,24354,megawatthours,2026-02-08 03:00:00,24354.0
2026-02-08T03,TEN,Tennessee,NG,Net generation,22806,megawatthours,2026-02-08 03:00:00,22806.0
2026-02-08T03,TEN,Tennessee,TI,Total interchange,-483,megawatthours,2026-02-08 03:00:00,-483.0
2026-02-08T02,TEN,Tennessee,D,Demand,23017,megawatthours,2026-02-08 02:00:00,23017.0
2026-02-08T02,TEN,Tennessee,DF,Day-ahead demand forecast,24336,megawatthours,2026-02-08 02:00:00,24336.0
2026-02-08T02,TEN,Tennessee,NG,Net generation,22629,megawatthours,2026-02-08 02:00:00,22629.0
2026-02-08T02,TEN,Tennessee,TI,Total interchange,-394,megawatthours,2026-02-08 02:00:00,-394.0
2026-02-08T01,TEN,Tennessee,D,Demand,22533,megawatthours,2026-02-08 01:00:00,22533.0
2026-02-08T01,TEN,Tennessee,DF,Day-ahead demand forecast,23994,megawatthours,2026-02-08 01:00:00,23994.0
2026-02-08T01,TEN,Tennessee,NG,Net generation,22096,megawatthours,2026-02-08 01:00:00,22096.0
2026-02-08T01,TEN,Tennessee,TI,Total interchange,-442,megawatthours,2026-02-08 01:00:00,-442.0
2026-02-08T00,TEN,Tennessee,D,Demand,21426,megawatthours,2026-02-08 00:00:00,21426.0
2026-02-08T00,TEN,Tennessee,DF,Day-ahead demand forecast,23462,megawatthours,2026-02-08 00:00:00,23462.0
2026-02-08T00,TEN,Tennessee,NG,Net generation,20992,megawatthours,2026-02-08 00:00:00,20992.0
2026-02-08T00,TEN,Tennessee,TI,Total interchange,-432,megawatthours,2026-02-08 00:00:00,-432.0
2026-02-07T23,TEN,Tennessee,D,Demand,19955,megawatthours,2026-02-07 23:00:00,19955.0
2026-02-07T23,TEN,Tennessee,DF,Day-ahead demand forecast,22709,megawatthours,2026-02-07 23:00:00,22709.0
2026-02-07T23,TEN,Tennessee,NG,Net generation,18738,megawatthours,2026-02-07 23:00:00,18738.0
2026-02-07T23,TEN,Tennessee,TI,Total interchange,-1097,megawatthours,2026-02-07 23:00:00,-1097.0
2026-02-07T22,TEN,Tennessee,D,Demand,19211,megawatthours,2026-02-07 22:00:00,19211.0
2026-02-07T22,TEN,Tennessee,DF,Day-ahead demand forecast,22495,megawatthours,2026-02-07 22:00:00,22495.0
2026-02-07T22,TEN,Tennessee,NG,Net generation,17764,megawatthours,2026-02-07 22:00:00,17764.0
2026-02-07T22,TEN,Tennessee,TI,Total interchange,-1184,megawatthours,2026-02-07 22:00:00,-1184.0
2026-02-07T21,TEN,Tennessee,D,Demand,19194,megawatthours,2026-02-07 21:00:00,19194.0
2026-02-07T21,TEN,Tennessee,DF,Day-ahead demand forecast,22478,megawatthours,2026-02-07 21:00:00,22478.0
2026-02-07T21,TEN,Tennessee,NG,Net generation,17591,megawatthours,2026-02-07 21:00:00,17591.0
2026-02-07T21,TEN,Tennessee,TI,Total interchange,-1331,megawatthours,2026-02-07 21:00:00,-1331.0
2026-02-07T20,TEN,Tennessee,D,Demand,19583,megawatthours,2026-02-07 20:00:00,19583.0
2026-02-07T20,TEN,Tennessee,DF,Day-ahead demand forecast,22669,megawatthours,2026-02-07 20:00:00,22669.0
2026-02-07T20,TEN,Tennessee,NG,Net generation,18093,megawatthours,2026-02-07 20:00:00,18093.0
2026-02-07T20,TEN,Tennessee,TI,Total interchange,-1231,megawatthours,2026-02-07 20:00:00,-1231.0
2026-02-07T19,TEN,Tennessee,D,Demand,20177,megawatthours,2026-02-07 19:00:00,20177.0
2026-02-07T19,TEN,Tennessee,DF,Day-ahead demand forecast,23194,megawatthours,2026-02-07 19:00:00,23194.0
2026-02-07T19,TEN,Tennessee,NG,Net generation,18665,megawatthours,2026-02-07 19:00:00,18665.0
2026-02-07T19,TEN,Tennessee,TI,Total interchange,-1270,megawatthours,2026-02-07 19:00:00,-1270.0
2026-02-07T18,TEN,Tennessee,D,Demand,20851,megawatthours,2026-02-07 18:00:00,20851.0
2026-02-07T18,TEN,Tennessee,DF,Day-ahead demand forecast,23621,megawatthours,2026-02-07 18:00:00,23621.0
2026-02-07T18,TEN,Tennessee,NG,Net generation,19373,megawatthours,2026-02-07 18:00:00,19373.0
2026-02-07T18,TEN,Tennessee,TI,Total interchange,-1235,megawatthours,2026-02-07 18:00:00,-1235.0
2026-02-07T17,TEN,Tennessee,D,Demand,21557,megawatthours,2026-02-07 17:00:00,21557.0
2026-02-07T17,TEN,Tennessee,DF,Day-ahead demand forecast,24058,megawatthours,2026-02-07 17:00:00,24058.0
2026-02-07T17,TEN,Tennessee,NG,Net generation,20111,megawatthours,2026-02-07 17:00:00,20111.0
2026-02-07T17,TEN,Tennessee,TI,Total interchange,-1193,megawatthours,2026-02-07 17:00:00,-1193.0
2026-02-07T16,TEN,Tennessee,D,Demand,22353,megawatthours,2026-02-07 16:00:00,22353.0
2026-02-07T16,TEN,Tennessee,DF,Day-ahead demand forecast,24277,megawatthours,2026-02-07 16:00:00,24277.0
2026-02-07T16,TEN,Tennessee,NG,Net generation,20955,megawatthours,2026-02-07 16:00:00,20955.0
2026-02-07T16,TEN,Tennessee,TI,Total interchange,-1136,megawatthours,2026-02-07 16:00:00,-1136.0
2026-02-07T15,TEN,Tennessee,D,Demand,23150,megawatthours,2026-02-07 15:00:00,23150.0
2026-02-07T15,TEN,Tennessee,DF,Day-ahead demand forecast,24325,megawatthours,2026-02-07 15:00:00,24325.0
2026-02-07T15,TEN,Tennessee,NG,Net generation,21830,megawatthours,2026-02-07 15:00:00,21830.0
2026-02-07T15,TEN,Tennessee,TI,Total interchange,-1099,megawatthours,2026-02-07 15:00:00,-1099.0
2026-02-07T14,TEN,Tennessee,D,Demand,23589,megawatthours,2026-02-07 14:00:00,23589.0
2026-02-07T14,TEN,Tennessee,DF,Day-ahead demand forecast,23910,megawatthours,2026-02-07 14:00:00,23910.0
2026-02-07T14,TEN,Tennessee,NG,Net generation,22316,megawatthours,2026-02-07 14:00:00,22316.0
2026-02-07T14,TEN,Tennessee,TI,Total interchange,-1220,megawatthours,2026-02-07 14:00:00,-1220.0
2026-02-07T13,TEN,Tennessee,D,Demand,23115,megawatthours,2026-02-07 13:00:00,23115.0
2026-02-07T13,TEN,Tennessee,DF,Day-ahead demand forecast,23174,megawatthours,2026-02-07 13:00:00,23174.0
2026-02-07T13,TEN,Tennessee,NG,Net generation,21816,megawatthours,2026-02-07 13:00:00,21816.0
2026-02-07T13,TEN,Tennessee,TI,Total interchange,-1299,megawatthours,2026-02-07 13:00:00,-1299.0
2026-02-07T12,TEN,Tennessee,D,Demand,22146,megawatthours,2026-02-07 12:00:00,22146.0
2026-02-07T12,TEN,Tennessee,DF,Day-ahead demand forecast,22234,megawatthours,2026-02-07 12:00:00,22234.0
2026-02-07T12,TEN,Tennessee,NG,Net generation,20815,megawatthours,2026-02-07 12:00:00,20815.0
2026-02-07T12,TEN,Tennessee,TI,Total interchange,-1335,megawatthours,2026-02-07 12:00:00,-1335.0
2026-02-07T11,TEN,Tennessee,D,Demand,21125,megawatthours,2026-02-07 11:00:00,21125.0
2026-02-07T11,TEN,Tennessee,DF,Day-ahead demand forecast,21495,megawatthours,2026-02-07 11:00:00,21495.0
2026-02-07T11,TEN,Tennessee,NG,Net generation,19984,megawatthours,2026-02-07 11:00:00,19984.0
2026-02-07T11,TEN,Tennessee,TI,Total interchange,-1146,megawatthours,2026-02-07 11:00:00,-1146.0
2026-02-07T10,TEN,Tennessee,D,Demand,20577,megawatthours,2026-02-07 10:00:00,20577.0
2026-02-07T10,TEN,Tennessee,DF,Day-ahead demand forecast,21054,megawatthours,2026-02-07 10:00:00,21054.0
2026-02-07T10,TEN,Tennessee,NG,Net generation,19530,megawatthours,2026-02-07 10:00:00,19530.0
2026-02-07T10,TEN,Tennessee,TI,Total interchange,-1048,megawatthours,2026-02-07 10:00:00,-1048.0
2026-02-07T09,TEN,Tennessee,D,Demand,20189,megawatthours,2026-02-07 09:00:00,20189.0
2026-02-07T09,TEN,Tennessee,DF,Day-ahead demand forecast,20674,megawatthours,2026-02-07 09:00:00,20674.0
2026-02-07T09,TEN,Tennessee,NG,Net generation,19453,megawatthours,2026-02-07 09:00:00,19453.0
2026-02-07T09,TEN,Tennessee,TI,Total interchange,-742,megawatthours,2026-02-07 09:00:00,-742.0
2026-02-07T08,TEN,Tennessee,D,Demand,19993,megawatthours,2026-02-07 08:00:00,19993.0
2026-02-07T08,TEN,Tennessee,DF,Day-ahead demand forecast,20448,megawatthours,2026-02-07 08:00:00,20448.0
2026-02-07T08,TEN,Tennessee,NG,Net generation,19220,megawatthours,2026-02-07 08:00:00,19220.0
2026-02-07T08,TEN,Tennessee,TI,Total interchange,-774,megawatthours,2026-02-07 08:00:00,-774.0
2026-02-07T07,TEN,Tennessee,D,Demand,19973,megawatthours,2026-02-07 07:00:00,19973.0
2026-02-07T07,TEN,Tennessee,DF,Day-ahead demand forecast,20376,megawatthours,2026-02-07 07:00:00,20376.0
2026-02-07T07,TEN,Tennessee,NG,Net generation,19161,megawatthours,2026-02-07 07:00:00,19161.0
2026-02-07T07,TEN,Tennessee,TI,Total interchange,-814,megawatthours,2026-02-07 07:00:00,-814.0
2026-02-07T06,TEN,Tennessee,D,Demand,20172,megawatthours,2026-02-07 06:00:00,20172.0
2026-02-07T06,TEN,Tennessee,DF,Day-ahead demand forecast,20235,megawatthours,2026-02-07 06:00:00,20235.0
2026-02-07T06,TEN,Tennessee,NG,Net generation,19289,megawatthours,2026-02-07 06:00:00,19289.0
2026-02-07T06,TEN,Tennessee,TI,Total interchange,-889,megawatthours,2026-02-07 06:00:00,-889.0
2026-02-07T05,TEN,Tennessee,D,Demand,20512,megawatthours,2026-02-07 05:00:00,20512.0
2026-02-07T05,TEN,Tennessee,DF,Day-ahead demand forecast,20574,megawatthours,2026-02-07 05:00:00,20574.0
2026-02-07T05,TEN,Tennessee,NG,Net generation,19594,megawatthours,2026-02-07 05:00:00,19594.0
2026-02-07T05,TEN,Tennessee,TI,Total interchange,-922,megawatthours,2026-02-07 05:00:00,-922.0
2026-02-07T04,TEN,Tennessee,D,Demand,21041,megawatthours,2026-02-07 04:00:00,21041.0
2026-02-07T04,TEN,Tennessee,DF,Day-ahead demand forecast,21012,megawatthours,2026-02-07 04:00:00,21012.0
2026-02-07T04,TEN,Tennessee,NG,Net generation,20063,megawatthours,2026-02-07 04:00:00,20063.0
2026-02-07T04,TEN,Tennessee,TI,Total interchange,-983,megawatthours,2026-02-07 04:00:00,-983.0
2026-02-07T03,TEN,Tennessee,D,Demand,21265,megawatthours,2026-02-07 03:00:00,21265.0
2026-02-07T03,TEN,Tennessee,DF,Day-ahead demand forecast,21356,megawatthours,2026-02-07 03:00:00,21356.0
2026-02-07T03,TEN,Tennessee,NG,Net generation,20295,megawatthours,2026-02-07 03:00:00,20295.0
2026-02-07T03,TEN,Tennessee,TI,Total interchange,-974,megawatthours,2026-02-07 03:00:00,-974.0
2026-02-07T02,TEN,Tennessee,D,Demand,21202,megawatthours,2026-02-07 02:00:00,21202.0
2026-02-07T02,TEN,Tennessee,DF,Day-ahead demand forecast,21410,megawatthours,2026-02-07 02:00:00,21410.0
2026-02-07T02,TEN,Tennessee,NG,Net generation,20170,megawatthours,2026-02-07 02:00:00,20170.0
2026-02-07T02,TEN,Tennessee,TI,Total interchange,-1033,megawatthours,2026-02-07 02:00:00,-1033.0
2026-02-07T01,TEN,Tennessee,D,Demand,21196,megawatthours,2026-02-07 01:00:00,21196.0
2026-02-07T01,TEN,Tennessee,DF,Day-ahead demand forecast,21382,megawatthours,2026-02-07 01:00:00,21382.0
2026-02-07T01,TEN,Tennessee,NG,Net generation,20226,megawatthours,2026-02-07 01:00:00,20226.0
2026-02-07T01,TEN,Tennessee,TI,Total interchange,-973,megawatthours,2026-02-07 01:00:00,-973.0
2026-02-07T00,TEN,Tennessee,D,Demand,20561,megawatthours,2026-02-07 00:00:00,20561.0
2026-02-07T00,TEN,Tennessee,DF,Day-ahead demand forecast,20882,megawatthours,2026-02-07 00:00:00,20882.0
2026-02-07T00,TEN,Tennessee,NG,Net generation,19795,megawatthours,2026-02-07 00:00:00,19795.0
2026-02-07T00,TEN,Tennessee,TI,Total interchange,-766,megawatthours,2026-02-07 00:00:00,-766.0
2026-02-06T23,TEN,Tennessee,D,Demand,19777,megawatthours,2026-02-06 23:00:00,19777.0
2026-02-06T23,TEN,Tennessee,DF,Day-ahead demand forecast,20057,megawatthours,2026-02-06 23:00:00,20057.0
2026-02-06T23,TEN,Tennessee,NG,Net generation,18727,megawatthours,2026-02-06 23:00:00,18727.0
2026-02-06T23,TEN,Tennessee,TI,Total interchange,-930,megawatthours,2026-02-06 23:00:00,-930.0
2026-02-06T22,TEN,Tennessee,D,Demand,19379,megawatthours,2026-02-06 22:00:00,19379.0
2026-02-06T22,TEN,Tennessee,DF,Day-ahead demand forecast,19745,megawatthours,2026-02-06 22:00:00,19745.0
2026-02-06T22,TEN,Tennessee,NG,Net generation,17841,megawatthours,2026-02-06 22:00:00,17841.0
2026-02-06T22,TEN,Tennessee,TI,Total interchange,-1282,megawatthours,2026-02-06 22:00:00,-1282.0
2026-02-06T21,TEN,Tennessee,D,Demand,19426,megawatthours,2026-02-06 21:00:00,19426.0
2026-02-06T21,TEN,Tennessee,DF,Day-ahead demand forecast,19700,megawatthours,2026-02-06 21:00:00,19700.0
2026-02-06T21,TEN,Tennessee,NG,Net generation,17701,megawatthours,2026-02-06 21:00:00,17701.0
2026-02-06T21,TEN,Tennessee,TI,Total interchange,-1455,megawatthours,2026-02-06 21:00:00,-1455.0
2026-02-06T20,TEN,Tennessee,D,Demand,19799,megawatthours,2026-02-06 20:00:00,19799.0
2026-02-06T20,TEN,Tennessee,DF,Day-ahead demand forecast,20052,megawatthours,2026-02-06 20:00:00,20052.0
2026-02-06T20,TEN,Tennessee,NG,Net generation,18137,megawatthours,2026-02-06 20:00:00,18137.0
2026-02-06T20,TEN,Tennessee,TI,Total interchange,-1410,megawatthours,2026-02-06 20:00:00,-1410.0
2026-02-06T19,TEN,Tennessee,D,Demand,20525,megawatthours,2026-02-06 19:00:00,20525.0
2026-02-06T19,TEN,Tennessee,DF,Day-ahead demand forecast,20624,megawatthours,2026-02-06 19:00:00,20624.0
2026-02-06T19,TEN,Tennessee,NG,Net generation,18815,megawatthours,2026-02-06 19:00:00,18815.0
2026-02-06T19,TEN,Tennessee,TI,Total interchange,-1464,megawatthours,2026-02-06 19:00:00,-1464.0
2026-02-06T18,TEN,Tennessee,D,Demand,21373,megawatthours,2026-02-06 18:00:00,21373.0
2026-02-06T18,TEN,Tennessee,DF,Day-ahead demand forecast,21487,megawatthours,2026-02-06 18:00:00,21487.0
2026-02-06T18,TEN,Tennessee,NG,Net generation,19722,megawatthours,2026-02-06 18:00:00,19722.0
2026-02-06T18,TEN,Tennessee,TI,Total interchange,-1410,megawatthours,2026-02-06 18:00:00,-1410.0
2026-02-06T17,TEN,Tennessee,D,Demand,22349,megawatthours,2026-02-06 17:00:00,22349.0
2026-02-06T17,TEN,Tennessee,DF,Day-ahead demand forecast,22778,megawatthours,2026-02-06 17:00:00,22778.0
2026-02-06T17,TEN,Tennessee,NG,Net generation,20606,megawatthours,2026-02-06 17:00:00,20606.0
2026-02-06T17,TEN,Tennessee,TI,Total interchange,-1491,megawatthours,2026-02-06 17:00:00,-1491.0
2026-02-06T16,TEN,Tennessee,D,Demand,23454,megawatthours,2026-02-06 16:00:00,23454.0
2026-02-06T16,TEN,Tennessee,DF,Day-ahead demand forecast,23999,megawatthours,2026-02-06 16:00:00,23999.0
2026-02-06T16,TEN,Tennessee,NG,Net generation,21703,megawatthours,2026-02-06 16:00:00,21703.0
2026-02-06T16,TEN,Tennessee,TI,Total interchange,-1492,megawatthours,2026-02-06 16:00:00,-1492.0
2026-02-06T15,TEN,Tennessee,D,Demand,25290,megawatthours,2026-02-06 15:00:00,25290.0
2026-02-06T15,TEN,Tennessee,DF,Day-ahead demand forecast,25703,megawatthours,2026-02-06 15:00:00,25703.0
2026-02-06T15,TEN,Tennessee,NG,Net generation,23654,megawatthours,2026-02-06 15:00:00,23654.0
2026-02-06T15,TEN,Tennessee,TI,Total interchange,-1420,megawatthours,2026-02-06 15:00:00,-1420.0
2026-02-06T14,TEN,Tennessee,D,Demand,26951,megawatthours,2026-02-06 14:00:00,26951.0
2026-02-06T14,TEN,Tennessee,DF,Day-ahead demand forecast,26671,megawatthours,2026-02-06 14:00:00,26671.0
2026-02-06T14,TEN,Tennessee,NG,Net generation,25609,megawatthours,2026-02-06 14:00:00,25609.0
2026-02-06T14,TEN,Tennessee,TI,Total interchange,-1286,megawatthours,2026-02-06 14:00:00,-1286.0
2026-02-06T13,TEN,Tennessee,D,Demand,27097,megawatthours,2026-02-06 13:00:00,27097.0
2026-02-06T13,TEN,Tennessee,DF,Day-ahead demand forecast,26640,megawatthours,2026-02-06 13:00:00,26640.0
2026-02-06T13,TEN,Tennessee,NG,Net generation,25633,megawatthours,2026-02-06 13:00:00,25633.0
2026-02-06T13,TEN,Tennessee,TI,Total interchange,-1469,megawatthours,2026-02-06 13:00:00,-1469.0
2026-02-06T12,TEN,Tennessee,D,Demand,25868,megawatthours,2026-02-06 12:00:00,25868.0
2026-02-06T12,TEN,Tennessee,DF,Day-ahead demand forecast,25567,megawatthours,2026-02-06 12:00:00,25567.0
2026-02-06T12,TEN,Tennessee,NG,Net generation,24481,megawatthours,2026-02-06 12:00:00,24481.0
2026-02-06T12,TEN,Tennessee,TI,Total interchange,-1389,megawatthours,2026-02-06 12:00:00,-1389.0
2026-02-06T11,TEN,Tennessee,D,Demand,24698,megawatthours,2026-02-06 11:00:00,24698.0
2026-02-06T11,TEN,Tennessee,DF,Day-ahead demand forecast,24430,megawatthours,2026-02-06 11:00:00,24430.0
2026-02-06T11,TEN,Tennessee,NG,Net generation,23551,megawatthours,2026-02-06 11:00:00,23551.0
2026-02-06T11,TEN,Tennessee,TI,Total interchange,-1155,megawatthours,2026-02-06 11:00:00,-1155.0
2026-02-06T10,TEN,Tennessee,D,Demand,24248,megawatthours,2026-02-06 10:00:00,24248.0
2026-02-06T10,TEN,Tennessee,DF,Day-ahead demand forecast,24046,megawatthours,2026-02-06 10:00:00,24046.0
2026-02-06T10,TEN,Tennessee,NG,Net generation,23007,megawatthours,2026-02-06 10:00:00,23007.0
2026-02-06T10,TEN,Tennessee,TI,Total interchange,-1244,megawatthours,2026-02-06 10:00:00,-1244.0
2026-02-06T09,TEN,Tennessee,D,Demand,24104,megawatthours,2026-02-06 09:00:00,24104.0
2026-02-06T09,TEN,Tennessee,DF,Day-ahead demand forecast,23754,megawatthours,2026-02-06 09:00:00,23754.0
2026-02-06T09,TEN,Tennessee,NG,Net generation,22782,megawatthours,2026-02-06 09:00:00,22782.0
2026-02-06T09,TEN,Tennessee,TI,Total interchange,-1321,megawatthours,2026-02-06 09:00:00,-1321.0
2026-02-06T08,TEN,Tennessee,D,Demand,24065,megawatthours,2026-02-06 08:00:00,24065.0
2026-02-06T08,TEN,Tennessee,DF,Day-ahead demand forecast,23745,megawatthours,2026-02-06 08:00:00,23745.0
2026-02-06T08,TEN,Tennessee,NG,Net generation,22728,megawatthours,2026-02-06 08:00:00,22728.0
2026-02-06T08,TEN,Tennessee,TI,Total interchange,-1346,megawatthours,2026-02-06 08:00:00,-1346.0
2026-02-06T07,TEN,Tennessee,D,Demand,24160,megawatthours,2026-02-06 07:00:00,24160.0
2026-02-06T07,TEN,Tennessee,DF,Day-ahead demand forecast,23918,megawatthours,2026-02-06 07:00:00,23918.0
2026-02-06T07,TEN,Tennessee,NG,Net generation,22724,megawatthours,2026-02-06 07:00:00,22724.0
2026-02-06T07,TEN,Tennessee,TI,Total interchange,-1436,megawatthours,2026-02-06 07:00:00,-1436.0
2026-02-06T06,TEN,Tennessee,D,Demand,24469,megawatthours,2026-02-06 06:00:00,24469.0
2026-02-06T06,TEN,Tennessee,DF,Day-ahead demand forecast,24089,megawatthours,2026-02-06 06:00:00,24089.0
2026-02-06T06,TEN,Tennessee,NG,Net generation,22871,megawatthours,2026-02-06 06:00:00,22871.0
2026-02-06T06,TEN,Tennessee,TI,Total interchange,-1601,megawatthours,2026-02-06 06:00:00,-1601.0
2026-02-06T05,TEN,Tennessee,D,Demand,24942,megawatthours,2026-02-06 05:00:00,24942.0
2026-02-06T05,TEN,Tennessee,DF,Day-ahead demand forecast,24540,megawatthours,2026-02-06 05:00:00,24540.0
2026-02-06T05,TEN,Tennessee,NG,Net generation,23253,megawatthours,2026-02-06 05:00:00,23253.0
2026-02-06T05,TEN,Tennessee,TI,Total interchange,-1695,megawatthours,2026-02-06 05:00:00,-1695.0
2026-02-06T04,TEN,Tennessee,D,Demand,25724,megawatthours,2026-02-06 04:00:00,25724.0
2026-02-06T04,TEN,Tennessee,DF,Day-ahead demand forecast,25335,megawatthours,2026-02-06 04:00:00,25335.0
2026-02-06T04,TEN,Tennessee,NG,Net generation,23963,megawatthours,2026-02-06 04:00:00,23963.0
2026-02-06T04,TEN,Tennessee,TI,Total interchange,-1764,megawatthours,2026-02-06 04:00:00,-1764.0
2026-02-06T03,TEN,Tennessee,D,Demand,26240,megawatthours,2026-02-06 03:00:00,26240.0
2026-02-06T03,TEN,Tennessee,DF,Day-ahead demand forecast,25865,megawatthours,2026-02-06 03:00:00,25865.0
2026-02-06T03,TEN,Tennessee,NG,Net generation,24583,megawatthours,2026-02-06 03:00:00,24583.0
2026-02-06T03,TEN,Tennessee,TI,Total interchange,-1661,megawatthours,2026-02-06 03:00:00,-1661.0
2026-02-06T02,TEN,Tennessee,D,Demand,26408,megawatthours,2026-02-06 02:00:00,26408.0
2026-02-06T02,TEN,Tennessee,DF,Day-ahead demand forecast,26047,megawatthours,2026-02-06 02:00:00,26047.0
2026-02-06T02,TEN,Tennessee,NG,Net generation,24858,megawatthours,2026-02-06 02:00:00,24858.0
2026-02-06T02,TEN,Tennessee,TI,Total interchange,-1552,megawatthours,2026-02-06 02:00:00,-1552.0
2026-02-06T01,TEN,Tennessee,D,Demand,26425,megawatthours,2026-02-06 01:00:00,26425.0
2026-02-06T01,TEN,Tennessee,DF,Day-ahead demand forecast,26095,megawatthours,2026-02-06 01:00:00,26095.0
2026-02-06T01,TEN,Tennessee,NG,Net generation,24793,megawatthours,2026-02-06 01:00:00,24793.0
2026-02-06T01,TEN,Tennessee,TI,Total interchange,-1639,megawatthours,2026-02-06 01:00:00,-1639.0
2026-02-06T00,TEN,Tennessee,D,Demand,25883,megawatthours,2026-02-06 00:00:00,25883.0
2026-02-06T00,TEN,Tennessee,DF,Day-ahead demand forecast,25614,megawatthours,2026-02-06 00:00:00,25614.0
2026-02-06T00,TEN,Tennessee,NG,Net generation,24199,megawatthours,2026-02-06 00:00:00,24199.0
2026-02-06T00,TEN,Tennessee,TI,Total interchange,-1686,megawatthours,2026-02-06 00:00:00,-1686.0
2026-02-05T23,TEN,Tennessee,D,Demand,24872,megawatthours,2026-02-05 23:00:00,24872.0
2026-02-05T23,TEN,Tennessee,DF,Day-ahead demand forecast,24508,megawatthours,2026-02-05 23:00:00,24508.0
2026-02-05T23,TEN,Tennessee,NG,Net generation,23061,megawatthours,2026-02-05 23:00:00,23061.0
2026-02-05T23,TEN,Tennessee,TI,Total interchange,-1772,megawatthours,2026-02-05 23:00:00,-1772.0
2026-02-05T22,TEN,Tennessee,D,Demand,24399,megawatthours,2026-02-05 22:00:00,24399.0
2026-02-05T22,TEN,Tennessee,DF,Day-ahead demand forecast,23913,megawatthours,2026-02-05 22:00:00,23913.0
2026-02-05T22,TEN,Tennessee,NG,Net generation,22540,megawatthours,2026-02-05 22:00:00,22540.0
2026-02-05T22,TEN,Tennessee,TI,Total interchange,-1803,megawatthours,2026-02-05 22:00:00,-1803.0
2026-02-05T21,TEN,Tennessee,D,Demand,24168,megawatthours,2026-02-05 21:00:00,24168.0
2026-02-05T21,TEN,Tennessee,DF,Day-ahead demand forecast,23836,megawatthours,2026-02-05 21:00:00,23836.0
2026-02-05T21,TEN,Tennessee,NG,Net generation,22156,megawatthours,2026-02-05 21:00:00,22156.0
2026-02-05T21,TEN,Tennessee,TI,Total interchange,-1941,megawatthours,2026-02-05 21:00:00,-1941.0
2026-02-05T20,TEN,Tennessee,D,Demand,24648,megawatthours,2026-02-05 20:00:00,24648.0
2026-02-05T20,TEN,Tennessee,DF,Day-ahead demand forecast,24101,megawatthours,2026-02-05 20:00:00,24101.0
2026-02-05T20,TEN,Tennessee,NG,Net generation,22561,megawatthours,2026-02-05 20:00:00,22561.0
2026-02-05T20,TEN,Tennessee,TI,Total interchange,-1970,megawatthours,2026-02-05 20:00:00,-1970.0
2026-02-05T19,TEN,Tennessee,D,Demand,25161,megawatthours,2026-02-05 19:00:00,25161.0
2026-02-05T19,TEN,Tennessee,DF,Day-ahead demand forecast,24708,megawatthours,2026-02-05 19:00:00,24708.0
2026-02-05T19,TEN,Tennessee,NG,Net generation,23164,megawatthours,2026-02-05 19:00:00,23164.0
2026-02-05T19,TEN,Tennessee,TI,Total interchange,-1840,megawatthours,2026-02-05 19:00:00,-1840.0
2026-02-05T18,TEN,Tennessee,D,Demand,26248,megawatthours,2026-02-05 18:00:00,26248.0
2026-02-05T18,TEN,Tennessee,DF,Day-ahead demand forecast,25377,megawatthours,2026-02-05 18:00:00,25377.0
2026-02-05T18,TEN,Tennessee,NG,Net generation,24176,megawatthours,2026-02-05 18:00:00,24176.0
2026-02-05T18,TEN,Tennessee,TI,Total interchange,-1871,megawatthours,2026-02-05 18:00:00,-1871.0
2026-02-05T17,TEN,Tennessee,D,Demand,27153,megawatthours,2026-02-05 17:00:00,27153.0
2026-02-05T17,TEN,Tennessee,DF,Day-ahead demand forecast,26164,megawatthours,2026-02-05 17:00:00,26164.0
2026-02-05T17,TEN,Tennessee,NG,Net generation,24890,megawatthours,2026-02-05 17:00:00,24890.0
2026-02-05T17,TEN,Tennessee,TI,Total interchange,-2050,megawatthours,2026-02-05 17:00:00,-2050.0
2026-02-05T16,TEN,Tennessee,D,Demand,27676,megawatthours,2026-02-05 16:00:00,27676.0
2026-02-05T16,TEN,Tennessee,DF,Day-ahead demand forecast,26943,megawatthours,2026-02-05 16:00:00,26943.0
2026-02-05T16,TEN,Tennessee,NG,Net generation,25552,megawatthours,2026-02-05 16:00:00,25552.0
2026-02-05T16,TEN,Tennessee,TI,Total interchange,-1885,megawatthours,2026-02-05 16:00:00,-1885.0
2026-02-05T15,TEN,Tennessee,D,Demand,27957,megawatthours,2026-02-05 15:00:00,27957.0
2026-02-05T15,TEN,Tennessee,DF,Day-ahead demand forecast,27947,megawatthours,2026-02-05 15:00:00,27947.0
2026-02-05T15,TEN,Tennessee,NG,Net generation,25548,megawatthours,2026-02-05 15:00:00,25548.0
2026-02-05T15,TEN,Tennessee,TI,Total interchange,-2216,megawatthours,2026-02-05 15:00:00,-2216.0
2026-02-05T14,TEN,Tennessee,D,Demand,28101,megawatthours,2026-02-05 14:00:00,28101.0
2026-02-05T14,TEN,Tennessee,DF,Day-ahead demand forecast,28417,megawatthours,2026-02-05 14:00:00,28417.0
2026-02-05T14,TEN,Tennessee,NG,Net generation,25677,megawatthours,2026-02-05 14:00:00,25677.0
2026-02-05T14,TEN,Tennessee,TI,Total interchange,-2377,megawatthours,2026-02-05 14:00:00,-2377.0
2026-02-05T13,TEN,Tennessee,D,Demand,27655,megawatthours,2026-02-05 13:00:00,27655.0
2026-02-05T13,TEN,Tennessee,DF,Day-ahead demand forecast,28087,megawatthours,2026-02-05 13:00:00,28087.0
2026-02-05T13,TEN,Tennessee,NG,Net generation,25438,megawatthours,2026-02-05 13:00:00,25438.0
2026-02-05T13,TEN,Tennessee,TI,Total interchange,-2219,megawatthours,2026-02-05 13:00:00,-2219.0
2026-02-05T12,TEN,Tennessee,D,Demand,26367,megawatthours,2026-02-05 12:00:00,26367.0
2026-02-05T12,TEN,Tennessee,DF,Day-ahead demand forecast,26714,megawatthours,2026-02-05 12:00:00,26714.0
2026-02-05T12,TEN,Tennessee,NG,Net generation,24548,megawatthours,2026-02-05 12:00:00,24548.0
2026-02-05T12,TEN,Tennessee,TI,Total interchange,-1823,megawatthours,2026-02-05 12:00:00,-1823.0
2026-02-05T11,TEN,Tennessee,D,Demand,25328,megawatthours,2026-02-05 11:00:00,25328.0
2026-02-05T11,TEN,Tennessee,DF,Day-ahead demand forecast,25357,megawatthours,2026-02-05 11:00:00,25357.0
2026-02-05T11,TEN,Tennessee,NG,Net generation,23053,megawatthours,2026-02-05 11:00:00,23053.0
2026-02-05T11,TEN,Tennessee,TI,Total interchange,-2282,megawatthours,2026-02-05 11:00:00,-2282.0
2026-02-05T10,TEN,Tennessee,D,Demand,25044,megawatthours,2026-02-05 10:00:00,25044.0
2026-02-05T10,TEN,Tennessee,DF,Day-ahead demand forecast,24838,megawatthours,2026-02-05 10:00:00,24838.0
2026-02-05T10,TEN,Tennessee,NG,Net generation,23359,megawatthours,2026-02-05 10:00:00,23359.0
2026-02-05T10,TEN,Tennessee,TI,Total interchange,-1689,megawatthours,2026-02-05 10:00:00,-1689.0
2026-02-05T09,TEN,Tennessee,D,Demand,24735,megawatthours,2026-02-05 09:00:00,24735.0
2026-02-05T09,TEN,Tennessee,DF,Day-ahead demand forecast,24468,megawatthours,2026-02-05 09:00:00,24468.0
2026-02-05T09,TEN,Tennessee,NG,Net generation,23138,megawatthours,2026-02-05 09:00:00,23138.0
2026-02-05T09,TEN,Tennessee,TI,Total interchange,-1598,megawatthours,2026-02-05 09:00:00,-1598.0
2026-02-05T08,TEN,Tennessee,D,Demand,24659,megawatthours,2026-02-05 08:00:00,24659.0
2026-02-05T08,TEN,Tennessee,DF,Day-ahead demand forecast,24218,megawatthours,2026-02-05 08:00:00,24218.0
2026-02-05T08,TEN,Tennessee,NG,Net generation,23316,megawatthours,2026-02-05 08:00:00,23316.0
2026-02-05T08,TEN,Tennessee,TI,Total interchange,-1349,megawatthours,2026-02-05 08:00:00,-1349.0
2026-02-05T07,TEN,Tennessee,D,Demand,24687,megawatthours,2026-02-05 07:00:00,24687.0
2026-02-05T07,TEN,Tennessee,DF,Day-ahead demand forecast,24152,megawatthours,2026-02-05 07:00:00,24152.0
2026-02-05T07,TEN,Tennessee,NG,Net generation,23068,megawatthours,2026-02-05 07:00:00,23068.0
2026-02-05T07,TEN,Tennessee,TI,Total interchange,-1621,megawatthours,2026-02-05 07:00:00,-1621.0
2026-02-05T06,TEN,Tennessee,D,Demand,24700,megawatthours,2026-02-05 06:00:00,24700.0
2026-02-05T06,TEN,Tennessee,DF,Day-ahead demand forecast,23918,megawatthours,2026-02-05 06:00:00,23918.0
2026-02-05T06,TEN,Tennessee,NG,Net generation,23105,megawatthours,2026-02-05 06:00:00,23105.0
2026-02-05T06,TEN,Tennessee,TI,Total interchange,-1600,megawatthours,2026-02-05 06:00:00,-1600.0
2026-02-05T05,TEN,Tennessee,D,Demand,25192,megawatthours,2026-02-05 05:00:00,25192.0
2026-02-05T05,TEN,Tennessee,DF,Day-ahead demand forecast,24218,megawatthours,2026-02-05 05:00:00,24218.0
2026-02-05T05,TEN,Tennessee,NG,Net generation,23489,megawatthours,2026-02-05 05:00:00,23489.0
2026-02-05T05,TEN,Tennessee,TI,Total interchange,-1708,megawatthours,2026-02-05 05:00:00,-1708.0
2026-02-05T04,TEN,Tennessee,D,Demand,25834,megawatthours,2026-02-05 04:00:00,25834.0
2026-02-05T04,TEN,Tennessee,DF,Day-ahead demand forecast,24858,megawatthours,2026-02-05 04:00:00,24858.0
2026-02-05T04,TEN,Tennessee,NG,Net generation,23961,megawatthours,2026-02-05 04:00:00,23961.0
2026-02-05T04,TEN,Tennessee,TI,Total interchange,-1873,megawatthours,2026-02-05 04:00:00,-1873.0
2026-02-05T03,TEN,Tennessee,D,Demand,26324,megawatthours,2026-02-05 03:00:00,26324.0
2026-02-05T03,TEN,Tennessee,DF,Day-ahead demand forecast,25303,megawatthours,2026-02-05 03:00:00,25303.0
2026-02-05T03,TEN,Tennessee,NG,Net generation,24529,megawatthours,2026-02-05 03:00:00,24529.0
2026-02-05T03,TEN,Tennessee,TI,Total interchange,-1802,megawatthours,2026-02-05 03:00:00,-1802.0
2026-02-05T02,TEN,Tennessee,D,Demand,26519,megawatthours,2026-02-05 02:00:00,26519.0
2026-02-05T02,TEN,Tennessee,DF,Day-ahead demand forecast,25458,megawatthours,2026-02-05 02:00:00,25458.0
2026-02-05T02,TEN,Tennessee,NG,Net generation,24968,megawatthours,2026-02-05 02:00:00,24968.0
2026-02-05T02,TEN,Tennessee,TI,Total interchange,-1552,megawatthours,2026-02-05 02:00:00,-1552.0
2026-02-05T01,TEN,Tennessee,D,Demand,26462,megawatthours,2026-02-05 01:00:00,26462.0
2026-02-05T01,TEN,Tennessee,DF,Day-ahead demand forecast,25459,megawatthours,2026-02-05 01:00:00,25459.0
2026-02-05T01,TEN,Tennessee,NG,Net generation,24867,megawatthours,2026-02-05 01:00:00,24867.0
2026-02-05T01,TEN,Tennessee,TI,Total interchange,-1599,megawatthours,2026-02-05 01:00:00,-1599.0
2026-02-05T00,TEN,Tennessee,D,Demand,25942,megawatthours,2026-02-05 00:00:00,25942.0
2026-02-05T00,TEN,Tennessee,DF,Day-ahead demand forecast,24914,megawatthours,2026-02-05 00:00:00,24914.0
2026-02-05T00,TEN,Tennessee,NG,Net generation,24377,megawatthours,2026-02-05 00:00:00,24377.0
2026-02-05T00,TEN,Tennessee,TI,Total interchange,-1571,megawatthours,2026-02-05 00:00:00,-1571.0
2026-02-04T23,TEN,Tennessee,D,Demand,24892,megawatthours,2026-02-04 23:00:00,24892.0
2026-02-04T23,TEN,Tennessee,DF,Day-ahead demand forecast,23981,megawatthours,2026-02-04 23:00:00,23981.0
2026-02-04T23,TEN,Tennessee,NG,Net generation,23586,megawatthours,2026-02-04 23:00:00,23586.0
2026-02-04T23,TEN,Tennessee,TI,Total interchange,-1280,megawatthours,2026-02-04 23:00:00,-1280.0
2026-02-04T22,TEN,Tennessee,D,Demand,24286,megawatthours,2026-02-04 22:00:00,24286.0
2026-02-04T22,TEN,Tennessee,DF,Day-ahead demand forecast,23411,megawatthours,2026-02-04 22:00:00,23411.0
2026-02-04T22,TEN,Tennessee,NG,Net generation,22783,megawatthours,2026-02-04 22:00:00,22783.0
2026-02-04T22,TEN,Tennessee,TI,Total interchange,-1405,megawatthours,2026-02-04 22:00:00,-1405.0
2026-02-04T21,TEN,Tennessee,D,Demand,24034,megawatthours,2026-02-04 21:00:00,24034.0
2026-02-04T21,TEN,Tennessee,DF,Day-ahead demand forecast,23143,megawatthours,2026-02-04 21:00:00,23143.0
2026-02-04T21,TEN,Tennessee,NG,Net generation,22658,megawatthours,2026-02-04 21:00:00,22658.0
2026-02-04T21,TEN,Tennessee,TI,Total interchange,-1217,megawatthours,2026-02-04 21:00:00,-1217.0
2026-02-04T20,TEN,Tennessee,D,Demand,24175,megawatthours,2026-02-04 20:00:00,24175.0
2026-02-04T20,TEN,Tennessee,DF,Day-ahead demand forecast,23214,megawatthours,2026-02-04 20:00:00,23214.0
2026-02-04T20,TEN,Tennessee,NG,Net generation,22804,megawatthours,2026-02-04 20:00:00,22804.0
2026-02-04T20,TEN,Tennessee,TI,Total interchange,-1207,megawatthours,2026-02-04 20:00:00,-1207.0
2026-02-04T19,TEN,Tennessee,D,Demand,24114,megawatthours,2026-02-04 19:00:00,24114.0
2026-02-04T19,TEN,Tennessee,DF,Day-ahead demand forecast,23326,megawatthours,2026-02-04 19:00:00,23326.0
2026-02-04T19,TEN,Tennessee,NG,Net generation,22734,megawatthours,2026-02-04 19:00:00,22734.0
2026-02-04T19,TEN,Tennessee,TI,Total interchange,-1201,megawatthours,2026-02-04 19:00:00,-1201.0
2026-02-04T18,TEN,Tennessee,D,Demand,24118,megawatthours,2026-02-04 18:00:00,24118.0
2026-02-04T18,TEN,Tennessee,DF,Day-ahead demand forecast,23491,megawatthours,2026-02-04 18:00:00,23491.0
2026-02-04T18,TEN,Tennessee,NG,Net generation,22786,megawatthours,2026-02-04 18:00:00,22786.0
2026-02-04T18,TEN,Tennessee,TI,Total interchange,-1145,megawatthours,2026-02-04 18:00:00,-1145.0
2026-02-04T17,TEN,Tennessee,D,Demand,24202,megawatthours,2026-02-04 17:00:00,24202.0
2026-02-04T17,TEN,Tennessee,DF,Day-ahead demand forecast,23572,megawatthours,2026-02-04 17:00:00,23572.0
2026-02-04T17,TEN,Tennessee,NG,Net generation,23270,megawatthours,2026-02-04 17:00:00,23270.0
2026-02-04T17,TEN,Tennessee,TI,Total interchange,-764,megawatthours,2026-02-04 17:00:00,-764.0
2026-02-04T16,TEN,Tennessee,D,Demand,24010,megawatthours,2026-02-04 16:00:00,24010.0
2026-02-04T16,TEN,Tennessee,DF,Day-ahead demand forecast,23527,megawatthours,2026-02-04 16:00:00,23527.0
2026-02-04T16,TEN,Tennessee,NG,Net generation,23257,megawatthours,2026-02-04 16:00:00,23257.0
2026-02-04T16,TEN,Tennessee,TI,Total interchange,-670,megawatthours,2026-02-04 16:00:00,-670.0
2026-02-04T15,TEN,Tennessee,D,Demand,23970,megawatthours,2026-02-04 15:00:00,23970.0
2026-02-04T15,TEN,Tennessee,DF,Day-ahead demand forecast,23444,megawatthours,2026-02-04 15:00:00,23444.0
2026-02-04T15,TEN,Tennessee,NG,Net generation,23390,megawatthours,2026-02-04 15:00:00,23390.0
2026-02-04T15,TEN,Tennessee,TI,Total interchange,-531,megawatthours,2026-02-04 15:00:00,-531.0
2026-02-04T14,TEN,Tennessee,D,Demand,23703,megawatthours,2026-02-04 14:00:00,23703.0
2026-02-04T14,TEN,Tennessee,DF,Day-ahead demand forecast,23239,megawatthours,2026-02-04 14:00:00,23239.0
2026-02-04T14,TEN,Tennessee,NG,Net generation,23190,megawatthours,2026-02-04 14:00:00,23190.0
2026-02-04T14,TEN,Tennessee,TI,Total interchange,-506,megawatthours,2026-02-04 14:00:00,-506.0
2026-02-04T13,TEN,Tennessee,D,Demand,23084,megawatthours,2026-02-04 13:00:00,23084.0
2026-02-04T13,TEN,Tennessee,DF,Day-ahead demand forecast,22709,megawatthours,2026-02-04 13:00:00,22709.0
2026-02-04T13,TEN,Tennessee,NG,Net generation,22713,megawatthours,2026-02-04 13:00:00,22713.0
2026-02-04T13,TEN,Tennessee,TI,Total interchange,-371,megawatthours,2026-02-04 13:00:00,-371.0
2026-02-04T12,TEN,Tennessee,D,Demand,21862,megawatthours,2026-02-04 12:00:00,21862.0
2026-02-04T12,TEN,Tennessee,DF,Day-ahead demand forecast,21407,megawatthours,2026-02-04 12:00:00,21407.0
2026-02-04T12,TEN,Tennessee,NG,Net generation,21962,megawatthours,2026-02-04 12:00:00,21962.0
2026-02-04T12,TEN,Tennessee,TI,Total interchange,96,megawatthours,2026-02-04 12:00:00,96.0
2026-02-04T11,TEN,Tennessee,D,Demand,20635,megawatthours,2026-02-04 11:00:00,20635.0
2026-02-04T11,TEN,Tennessee,DF,Day-ahead demand forecast,20174,megawatthours,2026-02-04 11:00:00,20174.0
2026-02-04T11,TEN,Tennessee,NG,Net generation,21021,megawatthours,2026-02-04 11:00:00,21021.0
2026-02-04T11,TEN,Tennessee,TI,Total interchange,379,megawatthours,2026-02-04 11:00:00,379.0
2026-02-04T10,TEN,Tennessee,D,Demand,20247,megawatthours,2026-02-04 10:00:00,20247.0
2026-02-04T10,TEN,Tennessee,DF,Day-ahead demand forecast,19644,megawatthours,2026-02-04 10:00:00,19644.0
2026-02-04T10,TEN,Tennessee,NG,Net generation,20618,megawatthours,2026-02-04 10:00:00,20618.0
2026-02-04T10,TEN,Tennessee,TI,Total interchange,371,megawatthours,2026-02-04 10:00:00,371.0
2026-02-04T09,TEN,Tennessee,D,Demand,20019,megawatthours,2026-02-04 09:00:00,20019.0
2026-02-04T09,TEN,Tennessee,DF,Day-ahead demand forecast,19553,megawatthours,2026-02-04 09:00:00,19553.0
2026-02-04T09,TEN,Tennessee,NG,Net generation,20473,megawatthours,2026-02-04 09:00:00,20473.0
2026-02-04T09,TEN,Tennessee,TI,Total interchange,451,megawatthours,2026-02-04 09:00:00,451.0
2026-02-04T08,TEN,Tennessee,D,Demand,19958,megawatthours,2026-02-04 08:00:00,19958.0
2026-02-04T08,TEN,Tennessee,DF,Day-ahead demand forecast,19535,megawatthours,2026-02-04 08:00:00,19535.0
2026-02-04T08,TEN,Tennessee,NG,Net generation,20399,megawatthours,2026-02-04 08:00:00,20399.0
2026-02-04T08,TEN,Tennessee,TI,Total interchange,436,megawatthours,2026-02-04 08:00:00,436.0
2026-02-04T07,TEN,Tennessee,D,Demand,20130,megawatthours,2026-02-04 07:00:00,20130.0
2026-02-04T07,TEN,Tennessee,DF,Day-ahead demand forecast,19747,megawatthours,2026-02-04 07:00:00,19747.0
2026-02-04T07,TEN,Tennessee,NG,Net generation,20628,megawatthours,2026-02-04 07:00:00,20628.0
2026-02-04T07,TEN,Tennessee,TI,Total interchange,494,megawatthours,2026-02-04 07:00:00,494.0
2026-02-04T06,TEN,Tennessee,D,Demand,20419,megawatthours,2026-02-04 06:00:00,20419.0
2026-02-04T06,TEN,Tennessee,DF,Day-ahead demand forecast,20098,megawatthours,2026-02-04 06:00:00,20098.0
2026-02-04T06,TEN,Tennessee,NG,Net generation,20744,megawatthours,2026-02-04 06:00:00,20744.0
2026-02-04T06,TEN,Tennessee,TI,Total interchange,321,megawatthours,2026-02-04 06:00:00,321.0
2026-02-04T05,TEN,Tennessee,D,Demand,21008,megawatthours,2026-02-04 05:00:00,21008.0
2026-02-04T05,TEN,Tennessee,DF,Day-ahead demand forecast,20558,megawatthours,2026-02-04 05:00:00,20558.0
2026-02-04T05,TEN,Tennessee,NG,Net generation,21330,megawatthours,2026-02-04 05:00:00,21330.0
2026-02-04T05,TEN,Tennessee,TI,Total interchange,316,megawatthours,2026-02-04 05:00:00,316.0
2026-02-04T04,TEN,Tennessee,D,Demand,22017,megawatthours,2026-02-04 04:00:00,22017.0
2026-02-04T04,TEN,Tennessee,DF,Day-ahead demand forecast,21391,megawatthours,2026-02-04 04:00:00,21391.0
2026-02-04T04,TEN,Tennessee,NG,Net generation,22377,megawatthours,2026-02-04 04:00:00,22377.0
2026-02-04T04,TEN,Tennessee,TI,Total interchange,359,megawatthours,2026-02-04 04:00:00,359.0
2026-02-04T03,TEN,Tennessee,D,Demand,22684,megawatthours,2026-02-04 03:00:00,22684.0
2026-02-04T03,TEN,Tennessee,DF,Day-ahead demand forecast,22025,megawatthours,2026-02-04 03:00:00,22025.0
2026-02-04T03,TEN,Tennessee,NG,Net generation,23122,megawatthours,2026-02-04 03:00:00,23122.0
2026-02-04T03,TEN,Tennessee,TI,Total interchange,439,megawatthours,2026-02-04 03:00:00,439.0
2026-02-04T02,TEN,Tennessee,D,Demand,23153,megawatthours,2026-02-04 02:00:00,23153.0
2026-02-04T02,TEN,Tennessee,DF,Day-ahead demand forecast,22499,megawatthours,2026-02-04 02:00:00,22499.0
2026-02-04T02,TEN,Tennessee,NG,Net generation,23614,megawatthours,2026-02-04 02:00:00,23614.0
2026-02-04T02,TEN,Tennessee,TI,Total interchange,454,megawatthours,2026-02-04 02:00:00,454.0
2026-02-04T01,TEN,Tennessee,D,Demand,23470,megawatthours,2026-02-04 01:00:00,23470.0
2026-02-04T01,TEN,Tennessee,DF,Day-ahead demand forecast,22636,megawatthours,2026-02-04 01:00:00,22636.0
2026-02-04T01,TEN,Tennessee,NG,Net generation,23988,megawatthours,2026-02-04 01:00:00,23988.0
2026-02-04T01,TEN,Tennessee,TI,Total interchange,515,megawatthours,2026-02-04 01:00:00,515.0
2026-02-04T00,TEN,Tennessee,D,Demand,23328,megawatthours,2026-02-04 00:00:00,23328.0
2026-02-04T00,TEN,Tennessee,DF,Day-ahead demand forecast,22154,megawatthours,2026-02-04 00:00:00,22154.0
2026-02-04T00,TEN,Tennessee,NG,Net generation,23847,megawatthours,2026-02-04 00:00:00,23847.0
2026-02-04T00,TEN,Tennessee,TI,Total interchange,517,megawatthours,2026-02-04 00:00:00,517.0
2026-02-03T23,TEN,Tennessee,D,Demand,22617,megawatthours,2026-02-03 23:00:00,22617.0
2026-02-03T23,TEN,Tennessee,DF,Day-ahead demand forecast,21301,megawatthours,2026-02-03 23:00:00,21301.0
2026-02-03T23,TEN,Tennessee,NG,Net generation,23074,megawatthours,2026-02-03 23:00:00,23074.0
2026-02-03T23,TEN,Tennessee,TI,Total interchange,502,megawatthours,2026-02-03 23:00:00,502.0
2026-02-03T22,TEN,Tennessee,D,Demand,22226,megawatthours,2026-02-03 22:00:00,22226.0
2026-02-03T22,TEN,Tennessee,DF,Day-ahead demand forecast,20921,megawatthours,2026-02-03 22:00:00,20921.0
2026-02-03T22,TEN,Tennessee,NG,Net generation,22397,megawatthours,2026-02-03 22:00:00,22397.0
2026-02-03T22,TEN,Tennessee,TI,Total interchange,240,megawatthours,2026-02-03 22:00:00,240.0
2026-02-03T21,TEN,Tennessee,D,Demand,22052,megawatthours,2026-02-03 21:00:00,22052.0
2026-02-03T21,TEN,Tennessee,DF,Day-ahead demand forecast,20911,megawatthours,2026-02-03 21:00:00,20911.0
2026-02-03T21,TEN,Tennessee,NG,Net generation,22073,megawatthours,2026-02-03 21:00:00,22073.0
2026-02-03T21,TEN,Tennessee,TI,Total interchange,38,megawatthours,2026-02-03 21:00:00,38.0
2026-02-03T20,TEN,Tennessee,D,Demand,22103,megawatthours,2026-02-03 20:00:00,22103.0
2026-02-03T20,TEN,Tennessee,DF,Day-ahead demand forecast,21259,megawatthours,2026-02-03 20:00:00,21259.0
2026-02-03T20,TEN,Tennessee,NG,Net generation,22154,megawatthours,2026-02-03 20:00:00,22154.0
2026-02-03T20,TEN,Tennessee,TI,Total interchange,66,megawatthours,2026-02-03 20:00:00,66.0
2026-02-03T19,TEN,Tennessee,D,Demand,22519,megawatthours,2026-02-03 19:00:00,22519.0
2026-02-03T19,TEN,Tennessee,DF,Day-ahead demand forecast,21577,megawatthours,2026-02-03 19:00:00,21577.0
2026-02-03T19,TEN,Tennessee,NG,Net generation,22585,megawatthours,2026-02-03 19:00:00,22585.0
2026-02-03T19,TEN,Tennessee,TI,Total interchange,98,megawatthours,2026-02-03 19:00:00,98.0
2026-02-03T18,TEN,Tennessee,D,Demand,22987,megawatthours,2026-02-03 18:00:00,22987.0
2026-02-03T18,TEN,Tennessee,DF,Day-ahead demand forecast,22338,megawatthours,2026-02-03 18:00:00,22338.0
2026-02-03T18,TEN,Tennessee,NG,Net generation,23155,megawatthours,2026-02-03 18:00:00,23155.0
2026-02-03T18,TEN,Tennessee,TI,Total interchange,201,megawatthours,2026-02-03 18:00:00,201.0
2026-02-03T17,TEN,Tennessee,D,Demand,23493,megawatthours,2026-02-03 17:00:00,23493.0
2026-02-03T17,TEN,Tennessee,DF,Day-ahead demand forecast,23240,megawatthours,2026-02-03 17:00:00,23240.0
2026-02-03T17,TEN,Tennessee,NG,Net generation,23853,megawatthours,2026-02-03 17:00:00,23853.0
2026-02-03T17,TEN,Tennessee,TI,Total interchange,400,megawatthours,2026-02-03 17:00:00,400.0
2026-02-03T16,TEN,Tennessee,D,Demand,24435,megawatthours,2026-02-03 16:00:00,24435.0
2026-02-03T16,TEN,Tennessee,DF,Day-ahead demand forecast,24037,megawatthours,2026-02-03 16:00:00,24037.0
2026-02-03T16,TEN,Tennessee,NG,Net generation,25003,megawatthours,2026-02-03 16:00:00,25003.0
2026-02-03T16,TEN,Tennessee,TI,Total interchange,599,megawatthours,2026-02-03 16:00:00,599.0
2026-02-03T15,TEN,Tennessee,D,Demand,25706,megawatthours,2026-02-03 15:00:00,25706.0
2026-02-03T15,TEN,Tennessee,DF,Day-ahead demand forecast,25154,megawatthours,2026-02-03 15:00:00,25154.0
2026-02-03T15,TEN,Tennessee,NG,Net generation,25496,megawatthours,2026-02-03 15:00:00,25496.0
2026-02-03T15,TEN,Tennessee,TI,Total interchange,-186,megawatthours,2026-02-03 15:00:00,-186.0
2026-02-03T14,TEN,Tennessee,D,Demand,26670,megawatthours,2026-02-03 14:00:00,26670.0
2026-02-03T14,TEN,Tennessee,DF,Day-ahead demand forecast,25947,megawatthours,2026-02-03 14:00:00,25947.0
2026-02-03T14,TEN,Tennessee,NG,Net generation,25911,megawatthours,2026-02-03 14:00:00,25911.0
2026-02-03T14,TEN,Tennessee,TI,Total interchange,-754,megawatthours,2026-02-03 14:00:00,-754.0
2026-02-03T13,TEN,Tennessee,D,Demand,26768,megawatthours,2026-02-03 13:00:00,26768.0
2026-02-03T13,TEN,Tennessee,DF,Day-ahead demand forecast,26073,megawatthours,2026-02-03 13:00:00,26073.0
2026-02-03T13,TEN,Tennessee,NG,Net generation,25551,megawatthours,2026-02-03 13:00:00,25551.0
2026-02-03T13,TEN,Tennessee,TI,Total interchange,-1221,megawatthours,2026-02-03 13:00:00,-1221.0
2026-02-03T12,TEN,Tennessee,D,Demand,25896,megawatthours,2026-02-03 12:00:00,25896.0
2026-02-03T12,TEN,Tennessee,DF,Day-ahead demand forecast,24911,megawatthours,2026-02-03 12:00:00,24911.0
2026-02-03T12,TEN,Tennessee,NG,Net generation,24709,megawatthours,2026-02-03 12:00:00,24709.0
2026-02-03T12,TEN,Tennessee,TI,Total interchange,-1190,megawatthours,2026-02-03 12:00:00,-1190.0
2026-02-03T11,TEN,Tennessee,D,Demand,24858,megawatthours,2026-02-03 11:00:00,24858.0
2026-02-03T11,TEN,Tennessee,DF,Day-ahead demand forecast,23609,megawatthours,2026-02-03 11:00:00,23609.0
2026-02-03T11,TEN,Tennessee,NG,Net generation,23793,megawatthours,2026-02-03 11:00:00,23793.0
2026-02-03T11,TEN,Tennessee,TI,Total interchange,-1069,megawatthours,2026-02-03 11:00:00,-1069.0
2026-02-03T10,TEN,Tennessee,D,Demand,24453,megawatthours,2026-02-03 10:00:00,24453.0
2026-02-03T10,TEN,Tennessee,DF,Day-ahead demand forecast,23113,megawatthours,2026-02-03 10:00:00,23113.0
2026-02-03T10,TEN,Tennessee,NG,Net generation,23285,megawatthours,2026-02-03 10:00:00,23285.0
2026-02-03T10,TEN,Tennessee,TI,Total interchange,-1168,megawatthours,2026-02-03 10:00:00,-1168.0
2026-02-03T09,TEN,Tennessee,D,Demand,24263,megawatthours,2026-02-03 09:00:00,24263.0
2026-02-03T09,TEN,Tennessee,DF,Day-ahead demand forecast,22964,megawatthours,2026-02-03 09:00:00,22964.0
2026-02-03T09,TEN,Tennessee,NG,Net generation,23138,megawatthours,2026-02-03 09:00:00,23138.0
2026-02-03T09,TEN,Tennessee,TI,Total interchange,-1133,megawatthours,2026-02-03 09:00:00,-1133.0
2026-02-03T08,TEN,Tennessee,D,Demand,24125,megawatthours,2026-02-03 08:00:00,24125.0
2026-02-03T08,TEN,Tennessee,DF,Day-ahead demand forecast,22913,megawatthours,2026-02-03 08:00:00,22913.0
2026-02-03T08,TEN,Tennessee,NG,Net generation,23427,megawatthours,2026-02-03 08:00:00,23427.0
2026-02-03T08,TEN,Tennessee,TI,Total interchange,-700,megawatthours,2026-02-03 08:00:00,-700.0
2026-02-03T07,TEN,Tennessee,D,Demand,24161,megawatthours,2026-02-03 07:00:00,24161.0
2026-02-03T07,TEN,Tennessee,DF,Day-ahead demand forecast,23072,megawatthours,2026-02-03 07:00:00,23072.0
2026-02-03T07,TEN,Tennessee,NG,Net generation,23643,megawatthours,2026-02-03 07:00:00,23643.0
2026-02-03T07,TEN,Tennessee,TI,Total interchange,-522,megawatthours,2026-02-03 07:00:00,-522.0
2026-02-03T06,TEN,Tennessee,D,Demand,24166,megawatthours,2026-02-03 06:00:00,24166.0
2026-02-03T06,TEN,Tennessee,DF,Day-ahead demand forecast,23130,megawatthours,2026-02-03 06:00:00,23130.0
2026-02-03T06,TEN,Tennessee,NG,Net generation,23033,megawatthours,2026-02-03 06:00:00,23033.0
2026-02-03T06,TEN,Tennessee,TI,Total interchange,-1137,megawatthours,2026-02-03 06:00:00,-1137.0
2026-02-03T05,TEN,Tennessee,D,Demand,24376,megawatthours,2026-02-03 05:00:00,24376.0
2026-02-03T05,TEN,Tennessee,DF,Day-ahead demand forecast,23800,megawatthours,2026-02-03 05:00:00,23800.0
2026-02-03T05,TEN,Tennessee,NG,Net generation,23012,megawatthours,2026-02-03 05:00:00,23012.0
2026-02-03T05,TEN,Tennessee,TI,Total interchange,-1367,megawatthours,2026-02-03 05:00:00,-1367.0
2026-02-03T04,TEN,Tennessee,D,Demand,24820,megawatthours,2026-02-03 04:00:00,24820.0
2026-02-03T04,TEN,Tennessee,DF,Day-ahead demand forecast,24369,megawatthours,2026-02-03 04:00:00,24369.0
2026-02-03T04,TEN,Tennessee,NG,Net generation,23444,megawatthours,2026-02-03 04:00:00,23444.0
2026-02-03T04,TEN,Tennessee,TI,Total interchange,-1379,megawatthours,2026-02-03 04:00:00,-1379.0
2026-02-03T03,TEN,Tennessee,D,Demand,25083,megawatthours,2026-02-03 03:00:00,25083.0
2026-02-03T03,TEN,Tennessee,DF,Day-ahead demand forecast,24783,megawatthours,2026-02-03 03:00:00,24783.0
2026-02-03T03,TEN,Tennessee,NG,Net generation,23833,megawatthours,2026-02-03 03:00:00,23833.0
2026-02-03T03,TEN,Tennessee,TI,Total interchange,-1254,megawatthours,2026-02-03 03:00:00,-1254.0
2026-02-03T02,TEN,Tennessee,D,Demand,25009,megawatthours,2026-02-03 02:00:00,25009.0
2026-02-03T02,TEN,Tennessee,DF,Day-ahead demand forecast,25074,megawatthours,2026-02-03 02:00:00,25074.0
2026-02-03T02,TEN,Tennessee,NG,Net generation,23900,megawatthours,2026-02-03 02:00:00,23900.0
2026-02-03T02,TEN,Tennessee,TI,Total interchange,-1114,megawatthours,2026-02-03 02:00:00,-1114.0
2026-02-03T01,TEN,Tennessee,D,Demand,24867,megawatthours,2026-02-03 01:00:00,24867.0
2026-02-03T01,TEN,Tennessee,DF,Day-ahead demand forecast,24679,megawatthours,2026-02-03 01:00:00,24679.0
2026-02-03T01,TEN,Tennessee,NG,Net generation,23754,megawatthours,2026-02-03 01:00:00,23754.0
2026-02-03T01,TEN,Tennessee,TI,Total interchange,-1118,megawatthours,2026-02-03 01:00:00,-1118.0
2026-02-03T00,TEN,Tennessee,D,Demand,23902,megawatthours,2026-02-03 00:00:00,23902.0
2026-02-03T00,TEN,Tennessee,DF,Day-ahead demand forecast,23792,megawatthours,2026-02-03 00:00:00,23792.0
2026-02-03T00,TEN,Tennessee,NG,Net generation,22820,megawatthours,2026-02-03 00:00:00,22820.0
2026-02-03T00,TEN,Tennessee,TI,Total interchange,-1083,megawatthours,2026-02-03 00:00:00,-1083.0
2026-02-02T23,TEN,Tennessee,D,Demand,22699,megawatthours,2026-02-02 23:00:00,22699.0
2026-02-02T23,TEN,Tennessee,DF,Day-ahead demand forecast,22632,megawatthours,2026-02-02 23:00:00,22632.0
2026-02-02T23,TEN,Tennessee,NG,Net generation,21556,megawatthours,2026-02-02 23:00:00,21556.0
2026-02-02T23,TEN,Tennessee,TI,Total interchange,-1049,megawatthours,2026-02-02 23:00:00,-1049.0
2026-02-02T22,TEN,Tennessee,D,Demand,22183,megawatthours,2026-02-02 22:00:00,22183.0
2026-02-02T22,TEN,Tennessee,DF,Day-ahead demand forecast,22032,megawatthours,2026-02-02 22:00:00,22032.0
2026-02-02T22,TEN,Tennessee,NG,Net generation,20599,megawatthours,2026-02-02 22:00:00,20599.0
2026-02-02T22,TEN,Tennessee,TI,Total interchange,-1351,megawatthours,2026-02-02 22:00:00,-1351.0
2026-02-02T21,TEN,Tennessee,D,Demand,22461,megawatthours,2026-02-02 21:00:00,22461.0
2026-02-02T21,TEN,Tennessee,DF,Day-ahead demand forecast,22191,megawatthours,2026-02-02 21:00:00,22191.0
2026-02-02T21,TEN,Tennessee,NG,Net generation,20791,megawatthours,2026-02-02 21:00:00,20791.0
2026-02-02T21,TEN,Tennessee,TI,Total interchange,-1420,megawatthours,2026-02-02 21:00:00,-1420.0
2026-02-02T20,TEN,Tennessee,D,Demand,23191,megawatthours,2026-02-02 20:00:00,23191.0
2026-02-02T20,TEN,Tennessee,DF,Day-ahead demand forecast,23263,megawatthours,2026-02-02 20:00:00,23263.0
2026-02-02T20,TEN,Tennessee,NG,Net generation,21419,megawatthours,2026-02-02 20:00:00,21419.0
2026-02-02T20,TEN,Tennessee,TI,Total interchange,-1520,megawatthours,2026-02-02 20:00:00,-1520.0
2026-02-02T19,TEN,Tennessee,D,Demand,24380,megawatthours,2026-02-02 19:00:00,24380.0
2026-02-02T19,TEN,Tennessee,DF,Day-ahead demand forecast,24046,megawatthours,2026-02-02 19:00:00,24046.0
2026-02-02T19,TEN,Tennessee,NG,Net generation,22662,megawatthours,2026-02-02 19:00:00,22662.0
2026-02-02T19,TEN,Tennessee,TI,Total interchange,-1468,megawatthours,2026-02-02 19:00:00,-1468.0
2026-02-02T18,TEN,Tennessee,D,Demand,25408,megawatthours,2026-02-02 18:00:00,25408.0
2026-02-02T18,TEN,Tennessee,DF,Day-ahead demand forecast,25019,megawatthours,2026-02-02 18:00:00,25019.0
2026-02-02T18,TEN,Tennessee,NG,Net generation,23808,megawatthours,2026-02-02 18:00:00,23808.0
2026-02-02T18,TEN,Tennessee,TI,Total interchange,-1354,megawatthours,2026-02-02 18:00:00,-1354.0
2026-02-02T17,TEN,Tennessee,D,Demand,26396,megawatthours,2026-02-02 17:00:00,26396.0
2026-02-02T17,TEN,Tennessee,DF,Day-ahead demand forecast,26464,megawatthours,2026-02-02 17:00:00,26464.0
2026-02-02T17,TEN,Tennessee,NG,Net generation,24838,megawatthours,2026-02-02 17:00:00,24838.0
2026-02-02T17,TEN,Tennessee,TI,Total interchange,-1305,megawatthours,2026-02-02 17:00:00,-1305.0
2026-02-02T16,TEN,Tennessee,D,Demand,27680,megawatthours,2026-02-02 16:00:00,27680.0
2026-02-02T16,TEN,Tennessee,DF,Day-ahead demand forecast,27789,megawatthours,2026-02-02 16:00:00,27789.0
2026-02-02T16,TEN,Tennessee,NG,Net generation,25871,megawatthours,2026-02-02 16:00:00,25871.0
2026-02-02T16,TEN,Tennessee,TI,Total interchange,-1551,megawatthours,2026-02-02 16:00:00,-1551.0
2026-02-02T15,TEN,Tennessee,D,Demand,28939,megawatthours,2026-02-02 15:00:00,28939.0
2026-02-02T15,TEN,Tennessee,DF,Day-ahead demand forecast,29665,megawatthours,2026-02-02 15:00:00,29665.0
2026-02-02T15,TEN,Tennessee,NG,Net generation,26261,megawatthours,2026-02-02 15:00:00,26261.0
2026-02-02T15,TEN,Tennessee,TI,Total interchange,-2480,megawatthours,2026-02-02 15:00:00,-2480.0
2026-02-02T14,TEN,Tennessee,D,Demand,29851,megawatthours,2026-02-02 14:00:00,29851.0
2026-02-02T14,TEN,Tennessee,DF,Day-ahead demand forecast,31268,megawatthours,2026-02-02 14:00:00,31268.0
2026-02-02T14,TEN,Tennessee,NG,Net generation,27256,megawatthours,2026-02-02 14:00:00,27256.0
2026-02-02T14,TEN,Tennessee,TI,Total interchange,-2550,megawatthours,2026-02-02 14:00:00,-2550.0
2026-02-02T13,TEN,Tennessee,D,Demand,29803,megawatthours,2026-02-02 13:00:00,29803.0
2026-02-02T13,TEN,Tennessee,DF,Day-ahead demand forecast,31487,megawatthours,2026-02-02 13:00:00,31487.0
2026-02-02T13,TEN,Tennessee,NG,Net generation,27313,megawatthours,2026-02-02 13:00:00,27313.0
2026-02-02T13,TEN,Tennessee,TI,Total interchange,-2495,megawatthours,2026-02-02 13:00:00,-2495.0
2026-02-02T12,TEN,Tennessee,D,Demand,28929,megawatthours,2026-02-02 12:00:00,28929.0
2026-02-02T12,TEN,Tennessee,DF,Day-ahead demand forecast,30427,megawatthours,2026-02-02 12:00:00,30427.0
2026-02-02T12,TEN,Tennessee,NG,Net generation,26284,megawatthours,2026-02-02 12:00:00,26284.0
2026-02-02T12,TEN,Tennessee,TI,Total interchange,-2647,megawatthours,2026-02-02 12:00:00,-2647.0
2026-02-02T11,TEN,Tennessee,D,Demand,28070,megawatthours,2026-02-02 11:00:00,28070.0
2026-02-02T11,TEN,Tennessee,DF,Day-ahead demand forecast,29030,megawatthours,2026-02-02 11:00:00,29030.0
2026-02-02T11,TEN,Tennessee,NG,Net generation,25410,megawatthours,2026-02-02 11:00:00,25410.0
2026-02-02T11,TEN,Tennessee,TI,Total interchange,-2664,megawatthours,2026-02-02 11:00:00,-2664.0
2026-02-02T10,TEN,Tennessee,D,Demand,27688,megawatthours,2026-02-02 10:00:00,27688.0
2026-02-02T10,TEN,Tennessee,DF,Day-ahead demand forecast,28454,megawatthours,2026-02-02 10:00:00,28454.0
2026-02-02T10,TEN,Tennessee,NG,Net generation,25231,megawatthours,2026-02-02 10:00:00,25231.0
2026-02-02T10,TEN,Tennessee,TI,Total interchange,-2460,megawatthours,2026-02-02 10:00:00,-2460.0
2026-02-02T09,TEN,Tennessee,D,Demand,27413,megawatthours,2026-02-02 09:00:00,27413.0
2026-02-02T09,TEN,Tennessee,DF,Day-ahead demand forecast,28078,megawatthours,2026-02-02 09:00:00,28078.0
2026-02-02T09,TEN,Tennessee,NG,Net generation,25466,megawatthours,2026-02-02 09:00:00,25466.0
2026-02-02T09,TEN,Tennessee,TI,Total interchange,-1952,megawatthours,2026-02-02 09:00:00,-1952.0
2026-02-02T08,TEN,Tennessee,D,Demand,27323,megawatthours,2026-02-02 08:00:00,27323.0
2026-02-02T08,TEN,Tennessee,DF,Day-ahead demand forecast,27800,megawatthours,2026-02-02 08:00:00,27800.0
2026-02-02T08,TEN,Tennessee,NG,Net generation,25429,megawatthours,2026-02-02 08:00:00,25429.0
2026-02-02T08,TEN,Tennessee,TI,Total interchange,-1897,megawatthours,2026-02-02 08:00:00,-1897.0
2026-02-02T07,TEN,Tennessee,D,Demand,27273,megawatthours,2026-02-02 07:00:00,27273.0
2026-02-02T07,TEN,Tennessee,DF,Day-ahead demand forecast,27622,megawatthours,2026-02-02 07:00:00,27622.0
2026-02-02T07,TEN,Tennessee,NG,Net generation,25328,megawatthours,2026-02-02 07:00:00,25328.0
2026-02-02T07,TEN,Tennessee,TI,Total interchange,-1949,megawatthours,2026-02-02 07:00:00,-1949.0
2026-02-02T06,TEN,Tennessee,D,Demand,27314,megawatthours,2026-02-02 06:00:00,27314.0
2026-02-02T06,TEN,Tennessee,DF,Day-ahead demand forecast,27561,megawatthours,2026-02-02 06:00:00,27561.0
2026-02-02T06,TEN,Tennessee,NG,Net generation,25540,megawatthours,2026-02-02 06:00:00,25540.0
2026-02-02T06,TEN,Tennessee,TI,Total interchange,-1777,megawatthours,2026-02-02 06:00:00,-1777.0
2026-02-02T05,TEN,Tennessee,D,Demand,27629,megawatthours,2026-02-02 05:00:00,27629.0
2026-02-02T05,TEN,Tennessee,DF,Day-ahead demand forecast,27741,megawatthours,2026-02-02 05:00:00,27741.0
2026-02-02T05,TEN,Tennessee,NG,Net generation,25801,megawatthours,2026-02-02 05:00:00,25801.0
2026-02-02T05,TEN,Tennessee,TI,Total interchange,-1832,megawatthours,2026-02-02 05:00:00,-1832.0
2026-02-02T04,TEN,Tennessee,D,Demand,27989,megawatthours,2026-02-02 04:00:00,27989.0
2026-02-02T04,TEN,Tennessee,DF,Day-ahead demand forecast,28041,megawatthours,2026-02-02 04:00:00,28041.0
2026-02-02T04,TEN,Tennessee,NG,Net generation,26224,megawatthours,2026-02-02 04:00:00,26224.0
2026-02-02T04,TEN,Tennessee,TI,Total interchange,-1767,megawatthours,2026-02-02 04:00:00,-1767.0
2026-02-02T03,TEN,Tennessee,D,Demand,28238,megawatthours,2026-02-02 03:00:00,28238.0
2026-02-02T03,TEN,Tennessee,DF,Day-ahead demand forecast,28443,megawatthours,2026-02-02 03:00:00,28443.0
2026-02-02T03,TEN,Tennessee,NG,Net generation,26537,megawatthours,2026-02-02 03:00:00,26537.0
2026-02-02T03,TEN,Tennessee,TI,Total interchange,-1706,megawatthours,2026-02-02 03:00:00,-1706.0
2026-02-02T02,TEN,Tennessee,D,Demand,28300,megawatthours,2026-02-02 02:00:00,28300.0
2026-02-02T02,TEN,Tennessee,DF,Day-ahead demand forecast,28785,megawatthours,2026-02-02 02:00:00,28785.0
2026-02-02T02,TEN,Tennessee,NG,Net generation,26557,megawatthours,2026-02-02 02:00:00,26557.0
2026-02-02T02,TEN,Tennessee,TI,Total interchange,-1746,megawatthours,2026-02-02 02:00:00,-1746.0
2026-02-02T01,TEN,Tennessee,D,Demand,27981,megawatthours,2026-02-02 01:00:00,27981.0
2026-02-02T01,TEN,Tennessee,DF,Day-ahead demand forecast,28221,megawatthours,2026-02-02 01:00:00,28221.0
2026-02-02T01,TEN,Tennessee,NG,Net generation,26328,megawatthours,2026-02-02 01:00:00,26328.0
2026-02-02T01,TEN,Tennessee,TI,Total interchange,-1659,megawatthours,2026-02-02 01:00:00,-1659.0
2026-02-02T00,TEN,Tennessee,D,Demand,27175,megawatthours,2026-02-02 00:00:00,27175.0
2026-02-02T00,TEN,Tennessee,DF,Day-ahead demand forecast,27602,megawatthours,2026-02-02 00:00:00,27602.0
2026-02-02T00,TEN,Tennessee,NG,Net generation,25400,megawatthours,2026-02-02 00:00:00,25400.0
2026-02-02T00,TEN,Tennessee,TI,Total interchange,-1773,megawatthours,2026-02-02 00:00:00,-1773.0
2026-02-01T23,TEN,Tennessee,D,Demand,25767,megawatthours,2026-02-01 23:00:00,25767.0
2026-02-01T23,TEN,Tennessee,DF,Day-ahead demand forecast,26555,megawatthours,2026-02-01 23:00:00,26555.0
2026-02-01T23,TEN,Tennessee,NG,Net generation,24067,megawatthours,2026-02-01 23:00:00,24067.0
2026-02-01T23,TEN,Tennessee,TI,Total interchange,-1686,megawatthours,2026-02-01 23:00:00,-1686.0
2026-02-01T22,TEN,Tennessee,D,Demand,24810,megawatthours,2026-02-01 22:00:00,24810.0
2026-02-01T22,TEN,Tennessee,DF,Day-ahead demand forecast,26183,megawatthours,2026-02-01 22:00:00,26183.0
2026-02-01T22,TEN,Tennessee,NG,Net generation,23008,megawatthours,2026-02-01 22:00:00,23008.0
2026-02-01T22,TEN,Tennessee,TI,Total interchange,-1727,megawatthours,2026-02-01 22:00:00,-1727.0
2026-02-01T21,TEN,Tennessee,D,Demand,24604,megawatthours,2026-02-01 21:00:00,24604.0
2026-02-01T21,TEN,Tennessee,DF,Day-ahead demand forecast,25963,megawatthours,2026-02-01 21:00:00,25963.0
2026-02-01T21,TEN,Tennessee,NG,Net generation,22661,megawatthours,2026-02-01 21:00:00,22661.0
2026-02-01T21,TEN,Tennessee,TI,Total interchange,-1793,megawatthours,2026-02-01 21:00:00,-1793.0
2026-02-01T20,TEN,Tennessee,D,Demand,24966,megawatthours,2026-02-01 20:00:00,24966.0
2026-02-01T20,TEN,Tennessee,DF,Day-ahead demand forecast,26683,megawatthours,2026-02-01 20:00:00,26683.0
2026-02-01T20,TEN,Tennessee,NG,Net generation,23041,megawatthours,2026-02-01 20:00:00,23041.0
2026-02-01T20,TEN,Tennessee,TI,Total interchange,-1762,megawatthours,2026-02-01 20:00:00,-1762.0
2026-02-01T19,TEN,Tennessee,D,Demand,26047,megawatthours,2026-02-01 19:00:00,26047.0
2026-02-01T19,TEN,Tennessee,DF,Day-ahead demand forecast,27790,megawatthours,2026-02-01 19:00:00,27790.0
2026-02-01T19,TEN,Tennessee,NG,Net generation,24154,megawatthours,2026-02-01 19:00:00,24154.0
2026-02-01T19,TEN,Tennessee,TI,Total interchange,-1682,megawatthours,2026-02-01 19:00:00,-1682.0
2026-02-01T18,TEN,Tennessee,D,Demand,27106,megawatthours,2026-02-01 18:00:00,27106.0
2026-02-01T18,TEN,Tennessee,DF,Day-ahead demand forecast,28997,megawatthours,2026-02-01 18:00:00,28997.0
2026-02-01T18,TEN,Tennessee,NG,Net generation,25182,megawatthours,2026-02-01 18:00:00,25182.0
2026-02-01T18,TEN,Tennessee,TI,Total interchange,-1686,megawatthours,2026-02-01 18:00:00,-1686.0
2026-02-01T17,TEN,Tennessee,D,Demand,28519,megawatthours,2026-02-01 17:00:00,28519.0
2026-02-01T17,TEN,Tennessee,DF,Day-ahead demand forecast,29432,megawatthours,2026-02-01 17:00:00,29432.0
2026-02-01T17,TEN,Tennessee,NG,Net generation,26145,megawatthours,2026-02-01 17:00:00,26145.0
2026-02-01T17,TEN,Tennessee,TI,Total interchange,-2120,megawatthours,2026-02-01 17:00:00,-2120.0
2026-02-01T16,TEN,Tennessee,D,Demand,29942,megawatthours,2026-02-01 16:00:00,29942.0
2026-02-01T16,TEN,Tennessee,DF,Day-ahead demand forecast,30487,megawatthours,2026-02-01 16:00:00,30487.0
2026-02-01T16,TEN,Tennessee,NG,Net generation,26805,megawatthours,2026-02-01 16:00:00,26805.0
2026-02-01T16,TEN,Tennessee,TI,Total interchange,-2869,megawatthours,2026-02-01 16:00:00,-2869.0
2026-02-01T15,TEN,Tennessee,D,Demand,30877,megawatthours,2026-02-01 15:00:00,30877.0
2026-02-01T15,TEN,Tennessee,DF,Day-ahead demand forecast,31676,megawatthours,2026-02-01 15:00:00,31676.0
2026-02-01T15,TEN,Tennessee,NG,Net generation,27579,megawatthours,2026-02-01 15:00:00,27579.0
2026-02-01T15,TEN,Tennessee,TI,Total interchange,-3091,megawatthours,2026-02-01 15:00:00,-3091.0
2026-02-01T14,TEN,Tennessee,D,Demand,31073,megawatthours,2026-02-01 14:00:00,31073.0
2026-02-01T14,TEN,Tennessee,DF,Day-ahead demand forecast,32551,megawatthours,2026-02-01 14:00:00,32551.0
2026-02-01T14,TEN,Tennessee,NG,Net generation,27889,megawatthours,2026-02-01 14:00:00,27889.0
2026-02-01T14,TEN,Tennessee,TI,Total interchange,-3138,megawatthours,2026-02-01 14:00:00,-3138.0
2026-02-01T13,TEN,Tennessee,D,Demand,30657,megawatthours,2026-02-01 13:00:00,30657.0
2026-02-01T13,TEN,Tennessee,DF,Day-ahead demand forecast,32121,megawatthours,2026-02-01 13:00:00,32121.0
2026-02-01T13,TEN,Tennessee,NG,Net generation,27407,megawatthours,2026-02-01 13:00:00,27407.0
2026-02-01T13,TEN,Tennessee,TI,Total interchange,-3255,megawatthours,2026-02-01 13:00:00,-3255.0
2026-02-01T12,TEN,Tennessee,D,Demand,30150,megawatthours,2026-02-01 12:00:00,30150.0
2026-02-01T12,TEN,Tennessee,DF,Day-ahead demand forecast,31585,megawatthours,2026-02-01 12:00:00,31585.0
2026-02-01T12,TEN,Tennessee,NG,Net generation,26752,megawatthours,2026-02-01 12:00:00,26752.0
2026-02-01T12,TEN,Tennessee,TI,Total interchange,-3399,megawatthours,2026-02-01 12:00:00,-3399.0
2026-02-01T11,TEN,Tennessee,D,Demand,29697,megawatthours,2026-02-01 11:00:00,29697.0
2026-02-01T11,TEN,Tennessee,DF,Day-ahead demand forecast,31173,megawatthours,2026-02-01 11:00:00,31173.0
2026-02-01T11,TEN,Tennessee,NG,Net generation,26246,megawatthours,2026-02-01 11:00:00,26246.0
2026-02-01T11,TEN,Tennessee,TI,Total interchange,-3458,megawatthours,2026-02-01 11:00:00,-3458.0
2026-02-01T10,TEN,Tennessee,D,Demand,29616,megawatthours,2026-02-01 10:00:00,29616.0
2026-02-01T10,TEN,Tennessee,DF,Day-ahead demand forecast,30962,megawatthours,2026-02-01 10:00:00,30962.0
2026-02-01T10,TEN,Tennessee,NG,Net generation,26130,megawatthours,2026-02-01 10:00:00,26130.0
2026-02-01T10,TEN,Tennessee,TI,Total interchange,-3492,megawatthours,2026-02-01 10:00:00,-3492.0
2026-02-01T09,TEN,Tennessee,D,Demand,29568,megawatthours,2026-02-01 09:00:00,29568.0
2026-02-01T09,TEN,Tennessee,DF,Day-ahead demand forecast,30649,megawatthours,2026-02-01 09:00:00,30649.0
2026-02-01T09,TEN,Tennessee,NG,Net generation,26090,megawatthours,2026-02-01 09:00:00,26090.0
2026-02-01T09,TEN,Tennessee,TI,Total interchange,-3479,megawatthours,2026-02-01 09:00:00,-3479.0
2026-02-01T08,TEN,Tennessee,D,Demand,29599,megawatthours,2026-02-01 08:00:00,29599.0
2026-02-01T08,TEN,Tennessee,DF,Day-ahead demand forecast,30115,megawatthours,2026-02-01 08:00:00,30115.0
2026-02-01T08,TEN,Tennessee,NG,Net generation,26203,megawatthours,2026-02-01 08:00:00,26203.0
2026-02-01T08,TEN,Tennessee,TI,Total interchange,-3401,megawatthours,2026-02-01 08:00:00,-3401.0
2026-02-01T07,TEN,Tennessee,D,Demand,29760,megawatthours,2026-02-01 07:00:00,29760.0
2026-02-01T07,TEN,Tennessee,DF,Day-ahead demand forecast,30022,megawatthours,2026-02-01 07:00:00,30022.0
2026-02-01T07,TEN,Tennessee,NG,Net generation,26342,megawatthours,2026-02-01 07:00:00,26342.0
2026-02-01T07,TEN,Tennessee,TI,Total interchange,-3420,megawatthours,2026-02-01 07:00:00,-3420.0
2026-02-01T06,TEN,Tennessee,D,Demand,29960,megawatthours,2026-02-01 06:00:00,29960.0
2026-02-01T06,TEN,Tennessee,DF,Day-ahead demand forecast,30309,megawatthours,2026-02-01 06:00:00,30309.0
2026-02-01T06,TEN,Tennessee,NG,Net generation,26386,megawatthours,2026-02-01 06:00:00,26386.0
2026-02-01T06,TEN,Tennessee,TI,Total interchange,-3576,megawatthours,2026-02-01 06:00:00,-3576.0
2026-02-01T05,TEN,Tennessee,D,Demand,30361,megawatthours,2026-02-01 05:00:00,30361.0
2026-02-01T05,TEN,Tennessee,DF,Day-ahead demand forecast,30584,megawatthours,2026-02-01 05:00:00,30584.0
2026-02-01T05,TEN,Tennessee,NG,Net generation,26647,megawatthours,2026-02-01 05:00:00,26647.0
2026-02-01T05,TEN,Tennessee,TI,Total interchange,-3718,megawatthours,2026-02-01 05:00:00,-3718.0
2026-02-01T04,TEN,Tennessee,D,Demand,30523,megawatthours,2026-02-01 04:00:00,30523.0
2026-02-01T04,TEN,Tennessee,DF,Day-ahead demand forecast,31201,megawatthours,2026-02-01 04:00:00,31201.0
2026-02-01T04,TEN,Tennessee,NG,Net generation,26832,megawatthours,2026-02-01 04:00:00,26832.0
2026-02-01T04,TEN,Tennessee,TI,Total interchange,-3692,megawatthours,2026-02-01 04:00:00,-3692.0
2026-02-01T03,TEN,Tennessee,D,Demand,30282,megawatthours,2026-02-01 03:00:00,30282.0
2026-02-01T03,TEN,Tennessee,DF,Day-ahead demand forecast,31464,megawatthours,2026-02-01 03:00:00,31464.0
2026-02-01T03,TEN,Tennessee,NG,Net generation,27265,megawatthours,2026-02-01 03:00:00,27265.0
2026-02-01T03,TEN,Tennessee,TI,Total interchange,-3025,megawatthours,2026-02-01 03:00:00,-3025.0
2026-02-01T02,TEN,Tennessee,D,Demand,30519,megawatthours,2026-02-01 02:00:00,30519.0
2026-02-01T02,TEN,Tennessee,DF,Day-ahead demand forecast,31408,megawatthours,2026-02-01 02:00:00,31408.0
2026-02-01T02,TEN,Tennessee,NG,Net generation,27429,megawatthours,2026-02-01 02:00:00,27429.0
2026-02-01T02,TEN,Tennessee,TI,Total interchange,-3090,megawatthours,2026-02-01 02:00:00,-3090.0
2026-02-01T01,TEN,Tennessee,D,Demand,30635,megawatthours,2026-02-01 01:00:00,30635.0
2026-02-01T01,TEN,Tennessee,DF,Day-ahead demand forecast,31304,megawatthours,2026-02-01 01:00:00,31304.0
2026-02-01T01,TEN,Tennessee,NG,Net generation,27579,megawatthours,2026-02-01 01:00:00,27579.0
2026-02-01T01,TEN,Tennessee,TI,Total interchange,-3062,megawatthours,2026-02-01 01:00:00,-3062.0
2026-02-01T00,TEN,Tennessee,D,Demand,30515,megawatthours,2026-02-01 00:00:00,30515.0
2026-02-01T00,TEN,Tennessee,DF,Day-ahead demand forecast,30563,megawatthours,2026-02-01 00:00:00,30563.0
2026-02-01T00,TEN,Tennessee,NG,Net generation,27352,megawatthours,2026-02-01 00:00:00,27352.0
2026-02-01T00,TEN,Tennessee,TI,Total interchange,-3162,megawatthours,2026-02-01 00:00:00,-3162.0
2026-01-31T23,TEN,Tennessee,D,Demand,30391,megawatthours,2026-01-31 23:00:00,30391.0
2026-01-31T23,TEN,Tennessee,DF,Day-ahead demand forecast,30295,megawatthours,2026-01-31 23:00:00,30295.0
2026-01-31T23,TEN,Tennessee,NG,Net generation,26699,megawatthours,2026-01-31 23:00:00,26699.0
2026-01-31T23,TEN,Tennessee,TI,Total interchange,-3587,megawatthours,2026-01-31 23:00:00,-3587.0
2026-01-31T22,TEN,Tennessee,D,Demand,30306,megawatthours,2026-01-31 22:00:00,30306.0
2026-01-31T22,TEN,Tennessee,DF,Day-ahead demand forecast,29993,megawatthours,2026-01-31 22:00:00,29993.0
2026-01-31T22,TEN,Tennessee,NG,Net generation,26287,megawatthours,2026-01-31 22:00:00,26287.0
2026-01-31T22,TEN,Tennessee,TI,Total interchange,-3760,megawatthours,2026-01-31 22:00:00,-3760.0
2026-01-31T21,TEN,Tennessee,D,Demand,29919,megawatthours,2026-01-31 21:00:00,29919.0
2026-01-31T21,TEN,Tennessee,DF,Day-ahead demand forecast,29666,megawatthours,2026-01-31 21:00:00,29666.0
2026-01-31T21,TEN,Tennessee,NG,Net generation,25880,megawatthours,2026-01-31 21:00:00,25880.0
2026-01-31T21,TEN,Tennessee,TI,Total interchange,-3766,megawatthours,2026-01-31 21:00:00,-3766.0
2026-01-31T20,TEN,Tennessee,D,Demand,30057,megawatthours,2026-01-31 20:00:00,30057.0
2026-01-31T20,TEN,Tennessee,DF,Day-ahead demand forecast,29799,megawatthours,2026-01-31 20:00:00,29799.0
2026-01-31T20,TEN,Tennessee,NG,Net generation,26044,megawatthours,2026-01-31 20:00:00,26044.0
2026-01-31T20,TEN,Tennessee,TI,Total interchange,-3749,megawatthours,2026-01-31 20:00:00,-3749.0
2026-01-31T19,TEN,Tennessee,D,Demand,30474,megawatthours,2026-01-31 19:00:00,30474.0
2026-01-31T19,TEN,Tennessee,DF,Day-ahead demand forecast,30098,megawatthours,2026-01-31 19:00:00,30098.0
2026-01-31T19,TEN,Tennessee,NG,Net generation,26688,megawatthours,2026-01-31 19:00:00,26688.0
2026-01-31T19,TEN,Tennessee,TI,Total interchange,-3526,megawatthours,2026-01-31 19:00:00,-3526.0
2026-01-31T18,TEN,Tennessee,D,Demand,31042,megawatthours,2026-01-31 18:00:00,31042.0
2026-01-31T18,TEN,Tennessee,DF,Day-ahead demand forecast,30955,megawatthours,2026-01-31 18:00:00,30955.0
2026-01-31T18,TEN,Tennessee,NG,Net generation,27160,megawatthours,2026-01-31 18:00:00,27160.0
2026-01-31T18,TEN,Tennessee,TI,Total interchange,-3628,megawatthours,2026-01-31 18:00:00,-3628.0
2026-01-31T17,TEN,Tennessee,D,Demand,31550,megawatthours,2026-01-31 17:00:00,31550.0
2026-01-31T17,TEN,Tennessee,DF,Day-ahead demand forecast,31668,megawatthours,2026-01-31 17:00:00,31668.0
2026-01-31T17,TEN,Tennessee,NG,Net generation,27997,megawatthours,2026-01-31 17:00:00,27997.0
2026-01-31T17,TEN,Tennessee,TI,Total interchange,-3305,megawatthours,2026-01-31 17:00:00,-3305.0
2026-01-31T16,TEN,Tennessee,D,Demand,31835,megawatthours,2026-01-31 16:00:00,31835.0
2026-01-31T16,TEN,Tennessee,DF,Day-ahead demand forecast,31806,megawatthours,2026-01-31 16:00:00,31806.0
2026-01-31T16,TEN,Tennessee,NG,Net generation,28349,megawatthours,2026-01-31 16:00:00,28349.0
2026-01-31T16,TEN,Tennessee,TI,Total interchange,-3246,megawatthours,2026-01-31 16:00:00,-3246.0
2026-01-31T15,TEN,Tennessee,D,Demand,31825,megawatthours,2026-01-31 15:00:00,31825.0
2026-01-31T15,TEN,Tennessee,DF,Day-ahead demand forecast,31915,megawatthours,2026-01-31 15:00:00,31915.0
2026-01-31T15,TEN,Tennessee,NG,Net generation,28780,megawatthours,2026-01-31 15:00:00,28780.0
2026-01-31T15,TEN,Tennessee,TI,Total interchange,-2889,megawatthours,2026-01-31 15:00:00,-2889.0
2026-01-31T14,TEN,Tennessee,D,Demand,31165,megawatthours,2026-01-31 14:00:00,31165.0
2026-01-31T14,TEN,Tennessee,DF,Day-ahead demand forecast,31625,megawatthours,2026-01-31 14:00:00,31625.0
2026-01-31T14,TEN,Tennessee,NG,Net generation,28184,megawatthours,2026-01-31 14:00:00,28184.0
2026-01-31T14,TEN,Tennessee,TI,Total interchange,-2955,megawatthours,2026-01-31 14:00:00,-2955.0
2026-01-31T13,TEN,Tennessee,D,Demand,30277,megawatthours,2026-01-31 13:00:00,30277.0
2026-01-31T13,TEN,Tennessee,DF,Day-ahead demand forecast,30842,megawatthours,2026-01-31 13:00:00,30842.0
2026-01-31T13,TEN,Tennessee,NG,Net generation,27466,megawatthours,2026-01-31 13:00:00,27466.0
2026-01-31T13,TEN,Tennessee,TI,Total interchange,-2820,megawatthours,2026-01-31 13:00:00,-2820.0
2026-01-31T12,TEN,Tennessee,D,Demand,29337,megawatthours,2026-01-31 12:00:00,29337.0
2026-01-31T12,TEN,Tennessee,DF,Day-ahead demand forecast,29991,megawatthours,2026-01-31 12:00:00,29991.0
2026-01-31T12,TEN,Tennessee,NG,Net generation,26528,megawatthours,2026-01-31 12:00:00,26528.0
2026-01-31T12,TEN,Tennessee,TI,Total interchange,-2808,megawatthours,2026-01-31 12:00:00,-2808.0
2026-01-31T11,TEN,Tennessee,D,Demand,28289,megawatthours,2026-01-31 11:00:00,28289.0
2026-01-31T11,TEN,Tennessee,DF,Day-ahead demand forecast,28748,megawatthours,2026-01-31 11:00:00,28748.0
2026-01-31T11,TEN,Tennessee,NG,Net generation,25630,megawatthours,2026-01-31 11:00:00,25630.0
2026-01-31T11,TEN,Tennessee,TI,Total interchange,-2664,megawatthours,2026-01-31 11:00:00,-2664.0
2026-01-31T10,TEN,Tennessee,D,Demand,27732,megawatthours,2026-01-31 10:00:00,27732.0
2026-01-31T10,TEN,Tennessee,DF,Day-ahead demand forecast,28405,megawatthours,2026-01-31 10:00:00,28405.0
2026-01-31T10,TEN,Tennessee,NG,Net generation,25257,megawatthours,2026-01-31 10:00:00,25257.0
2026-01-31T10,TEN,Tennessee,TI,Total interchange,-2478,megawatthours,2026-01-31 10:00:00,-2478.0
2026-01-31T09,TEN,Tennessee,D,Demand,27290,megawatthours,2026-01-31 09:00:00,27290.0
2026-01-31T09,TEN,Tennessee,DF,Day-ahead demand forecast,27877,megawatthours,2026-01-31 09:00:00,27877.0
2026-01-31T09,TEN,Tennessee,NG,Net generation,24865,megawatthours,2026-01-31 09:00:00,24865.0
2026-01-31T09,TEN,Tennessee,TI,Total interchange,-2428,megawatthours,2026-01-31 09:00:00,-2428.0
2026-01-31T08,TEN,Tennessee,D,Demand,26700,megawatthours,2026-01-31 08:00:00,26700.0
2026-01-31T08,TEN,Tennessee,DF,Day-ahead demand forecast,27405,megawatthours,2026-01-31 08:00:00,27405.0
2026-01-31T08,TEN,Tennessee,NG,Net generation,24560,megawatthours,2026-01-31 08:00:00,24560.0
2026-01-31T08,TEN,Tennessee,TI,Total interchange,-2148,megawatthours,2026-01-31 08:00:00,-2148.0
2026-01-31T07,TEN,Tennessee,D,Demand,26500,megawatthours,2026-01-31 07:00:00,26500.0
2026-01-31T07,TEN,Tennessee,DF,Day-ahead demand forecast,26966,megawatthours,2026-01-31 07:00:00,26966.0
2026-01-31T07,TEN,Tennessee,NG,Net generation,24529,megawatthours,2026-01-31 07:00:00,24529.0
2026-01-31T07,TEN,Tennessee,TI,Total interchange,-1973,megawatthours,2026-01-31 07:00:00,-1973.0
2026-01-31T06,TEN,Tennessee,D,Demand,26420,megawatthours,2026-01-31 06:00:00,26420.0
2026-01-31T06,TEN,Tennessee,DF,Day-ahead demand forecast,27584,megawatthours,2026-01-31 06:00:00,27584.0
2026-01-31T06,TEN,Tennessee,NG,Net generation,24815,megawatthours,2026-01-31 06:00:00,24815.0
2026-01-31T06,TEN,Tennessee,TI,Total interchange,-1610,megawatthours,2026-01-31 06:00:00,-1610.0
2026-01-31T05,TEN,Tennessee,D,Demand,26535,megawatthours,2026-01-31 05:00:00,26535.0
2026-01-31T05,TEN,Tennessee,DF,Day-ahead demand forecast,27680,megawatthours,2026-01-31 05:00:00,27680.0
2026-01-31T05,TEN,Tennessee,NG,Net generation,24902,megawatthours,2026-01-31 05:00:00,24902.0
2026-01-31T05,TEN,Tennessee,TI,Total interchange,-1635,megawatthours,2026-01-31 05:00:00,-1635.0
2026-01-31T04,TEN,Tennessee,D,Demand,26929,megawatthours,2026-01-31 04:00:00,26929.0
2026-01-31T04,TEN,Tennessee,DF,Day-ahead demand forecast,27902,megawatthours,2026-01-31 04:00:00,27902.0
2026-01-31T04,TEN,Tennessee,NG,Net generation,25437,megawatthours,2026-01-31 04:00:00,25437.0
2026-01-31T04,TEN,Tennessee,TI,Total interchange,-1497,megawatthours,2026-01-31 04:00:00,-1497.0
2026-01-31T03,TEN,Tennessee,D,Demand,27250,megawatthours,2026-01-31 03:00:00,27250.0
2026-01-31T03,TEN,Tennessee,DF,Day-ahead demand forecast,28103,megawatthours,2026-01-31 03:00:00,28103.0
2026-01-31T03,TEN,Tennessee,NG,Net generation,25837,megawatthours,2026-01-31 03:00:00,25837.0
2026-01-31T03,TEN,Tennessee,TI,Total interchange,-1419,megawatthours,2026-01-31 03:00:00,-1419.0
2026-01-31T02,TEN,Tennessee,D,Demand,27065,megawatthours,2026-01-31 02:00:00,27065.0
2026-01-31T02,TEN,Tennessee,DF,Day-ahead demand forecast,28111,megawatthours,2026-01-31 02:00:00,28111.0
2026-01-31T02,TEN,Tennessee,NG,Net generation,25707,megawatthours,2026-01-31 02:00:00,25707.0
2026-01-31T02,TEN,Tennessee,TI,Total interchange,-1359,megawatthours,2026-01-31 02:00:00,-1359.0
2026-01-31T01,TEN,Tennessee,D,Demand,26805,megawatthours,2026-01-31 01:00:00,26805.0
2026-01-31T01,TEN,Tennessee,DF,Day-ahead demand forecast,27884,megawatthours,2026-01-31 01:00:00,27884.0
2026-01-31T01,TEN,Tennessee,NG,Net generation,25487,megawatthours,2026-01-31 01:00:00,25487.0
2026-01-31T01,TEN,Tennessee,TI,Total interchange,-1325,megawatthours,2026-01-31 01:00:00,-1325.0
2026-01-31T00,TEN,Tennessee,D,Demand,26194,megawatthours,2026-01-31 00:00:00,26194.0
2026-01-31T00,TEN,Tennessee,DF,Day-ahead demand forecast,27344,megawatthours,2026-01-31 00:00:00,27344.0
2026-01-31T00,TEN,Tennessee,NG,Net generation,24864,megawatthours,2026-01-31 00:00:00,24864.0
2026-01-31T00,TEN,Tennessee,TI,Total interchange,-1329,megawatthours,2026-01-31 00:00:00,-1329.0
2026-01-30T23,TEN,Tennessee,D,Demand,24960,megawatthours,2026-01-30 23:00:00,24960.0
2026-01-30T23,TEN,Tennessee,DF,Day-ahead demand forecast,26055,megawatthours,2026-01-30 23:00:00,26055.0
2026-01-30T23,TEN,Tennessee,NG,Net generation,23796,megawatthours,2026-01-30 23:00:00,23796.0
2026-01-30T23,TEN,Tennessee,TI,Total interchange,-1074,megawatthours,2026-01-30 23:00:00,-1074.0
2026-01-30T22,TEN,Tennessee,D,Demand,24426,megawatthours,2026-01-30 22:00:00,24426.0
2026-01-30T22,TEN,Tennessee,DF,Day-ahead demand forecast,25400,megawatthours,2026-01-30 22:00:00,25400.0
2026-01-30T22,TEN,Tennessee,NG,Net generation,23052,megawatthours,2026-01-30 22:00:00,23052.0
2026-01-30T22,TEN,Tennessee,TI,Total interchange,-1148,megawatthours,2026-01-30 22:00:00,-1148.0
2026-01-30T21,TEN,Tennessee,D,Demand,23929,megawatthours,2026-01-30 21:00:00,23929.0
2026-01-30T21,TEN,Tennessee,DF,Day-ahead demand forecast,25246,megawatthours,2026-01-30 21:00:00,25246.0
2026-01-30T21,TEN,Tennessee,NG,Net generation,22452,megawatthours,2026-01-30 21:00:00,22452.0
2026-01-30T21,TEN,Tennessee,TI,Total interchange,-1201,megawatthours,2026-01-30 21:00:00,-1201.0
2026-01-30T20,TEN,Tennessee,D,Demand,24019,megawatthours,2026-01-30 20:00:00,24019.0
2026-01-30T20,TEN,Tennessee,DF,Day-ahead demand forecast,25336,megawatthours,2026-01-30 20:00:00,25336.0
2026-01-30T20,TEN,Tennessee,NG,Net generation,22537,megawatthours,2026-01-30 20:00:00,22537.0
2026-01-30T20,TEN,Tennessee,TI,Total interchange,-1221,megawatthours,2026-01-30 20:00:00,-1221.0
2026-01-30T19,TEN,Tennessee,D,Demand,24249,megawatthours,2026-01-30 19:00:00,24249.0
2026-01-30T19,TEN,Tennessee,DF,Day-ahead demand forecast,25786,megawatthours,2026-01-30 19:00:00,25786.0
2026-01-30T19,TEN,Tennessee,NG,Net generation,22653,megawatthours,2026-01-30 19:00:00,22653.0
2026-01-30T19,TEN,Tennessee,TI,Total interchange,-1350,megawatthours,2026-01-30 19:00:00,-1350.0
2026-01-30T18,TEN,Tennessee,D,Demand,24817,megawatthours,2026-01-30 18:00:00,24817.0
2026-01-30T18,TEN,Tennessee,DF,Day-ahead demand forecast,26289,megawatthours,2026-01-30 18:00:00,26289.0
2026-01-30T18,TEN,Tennessee,NG,Net generation,23227,megawatthours,2026-01-30 18:00:00,23227.0
2026-01-30T18,TEN,Tennessee,TI,Total interchange,-1342,megawatthours,2026-01-30 18:00:00,-1342.0
2026-01-30T17,TEN,Tennessee,D,Demand,25469,megawatthours,2026-01-30 17:00:00,25469.0
2026-01-30T17,TEN,Tennessee,DF,Day-ahead demand forecast,26964,megawatthours,2026-01-30 17:00:00,26964.0
2026-01-30T17,TEN,Tennessee,NG,Net generation,23755,megawatthours,2026-01-30 17:00:00,23755.0
2026-01-30T17,TEN,Tennessee,TI,Total interchange,-1497,megawatthours,2026-01-30 17:00:00,-1497.0
2026-01-30T16,TEN,Tennessee,D,Demand,26111,megawatthours,2026-01-30 16:00:00,26111.0
2026-01-30T16,TEN,Tennessee,DF,Day-ahead demand forecast,27318,megawatthours,2026-01-30 16:00:00,27318.0
2026-01-30T16,TEN,Tennessee,NG,Net generation,24523,megawatthours,2026-01-30 16:00:00,24523.0
2026-01-30T16,TEN,Tennessee,TI,Total interchange,-1434,megawatthours,2026-01-30 16:00:00,-1434.0
2026-01-30T15,TEN,Tennessee,D,Demand,27068,megawatthours,2026-01-30 15:00:00,27068.0
2026-01-30T15,TEN,Tennessee,DF,Day-ahead demand forecast,28048,megawatthours,2026-01-30 15:00:00,28048.0
2026-01-30T15,TEN,Tennessee,NG,Net generation,26150,megawatthours,2026-01-30 15:00:00,26150.0
2026-01-30T15,TEN,Tennessee,TI,Total interchange,-872,megawatthours,2026-01-30 15:00:00,-872.0
2026-01-30T14,TEN,Tennessee,D,Demand,27467,megawatthours,2026-01-30 14:00:00,27467.0
2026-01-30T14,TEN,Tennessee,DF,Day-ahead demand forecast,28170,megawatthours,2026-01-30 14:00:00,28170.0
2026-01-30T14,TEN,Tennessee,NG,Net generation,26617,megawatthours,2026-01-30 14:00:00,26617.0
2026-01-30T14,TEN,Tennessee,TI,Total interchange,-846,megawatthours,2026-01-30 14:00:00,-846.0
2026-01-30T13,TEN,Tennessee,D,Demand,27121,megawatthours,2026-01-30 13:00:00,27121.0
2026-01-30T13,TEN,Tennessee,DF,Day-ahead demand forecast,28167,megawatthours,2026-01-30 13:00:00,28167.0
2026-01-30T13,TEN,Tennessee,NG,Net generation,26201,megawatthours,2026-01-30 13:00:00,26201.0
2026-01-30T13,TEN,Tennessee,TI,Total interchange,-919,megawatthours,2026-01-30 13:00:00,-919.0
2026-01-30T12,TEN,Tennessee,D,Demand,26296,megawatthours,2026-01-30 12:00:00,26296.0
2026-01-30T12,TEN,Tennessee,DF,Day-ahead demand forecast,27041,megawatthours,2026-01-30 12:00:00,27041.0
2026-01-30T12,TEN,Tennessee,NG,Net generation,25328,megawatthours,2026-01-30 12:00:00,25328.0
2026-01-30T12,TEN,Tennessee,TI,Total interchange,-975,megawatthours,2026-01-30 12:00:00,-975.0
2026-01-30T11,TEN,Tennessee,D,Demand,25441,megawatthours,2026-01-30 11:00:00,25441.0
2026-01-30T11,TEN,Tennessee,DF,Day-ahead demand forecast,25937,megawatthours,2026-01-30 11:00:00,25937.0
2026-01-30T11,TEN,Tennessee,NG,Net generation,24754,megawatthours,2026-01-30 11:00:00,24754.0
2026-01-30T11,TEN,Tennessee,TI,Total interchange,-690,megawatthours,2026-01-30 11:00:00,-690.0
2026-01-30T10,TEN,Tennessee,D,Demand,25197,megawatthours,2026-01-30 10:00:00,25197.0
2026-01-30T10,TEN,Tennessee,DF,Day-ahead demand forecast,25383,megawatthours,2026-01-30 10:00:00,25383.0
2026-01-30T10,TEN,Tennessee,NG,Net generation,24569,megawatthours,2026-01-30 10:00:00,24569.0
2026-01-30T10,TEN,Tennessee,TI,Total interchange,-633,megawatthours,2026-01-30 10:00:00,-633.0
2026-01-30T09,TEN,Tennessee,D,Demand,24972,megawatthours,2026-01-30 09:00:00,24972.0
2026-01-30T09,TEN,Tennessee,DF,Day-ahead demand forecast,25227,megawatthours,2026-01-30 09:00:00,25227.0
2026-01-30T09,TEN,Tennessee,NG,Net generation,24369,megawatthours,2026-01-30 09:00:00,24369.0
2026-01-30T09,TEN,Tennessee,TI,Total interchange,-606,megawatthours,2026-01-30 09:00:00,-606.0
2026-01-30T08,TEN,Tennessee,D,Demand,24898,megawatthours,2026-01-30 08:00:00,24898.0
2026-01-30T08,TEN,Tennessee,DF,Day-ahead demand forecast,25010,megawatthours,2026-01-30 08:00:00,25010.0
2026-01-30T08,TEN,Tennessee,NG,Net generation,24240,megawatthours,2026-01-30 08:00:00,24240.0
2026-01-30T08,TEN,Tennessee,TI,Total interchange,-660,megawatthours,2026-01-30 08:00:00,-660.0
2026-01-30T07,TEN,Tennessee,D,Demand,24750,megawatthours,2026-01-30 07:00:00,24750.0
2026-01-30T07,TEN,Tennessee,DF,Day-ahead demand forecast,25049,megawatthours,2026-01-30 07:00:00,25049.0
2026-01-30T07,TEN,Tennessee,NG,Net generation,24145,megawatthours,2026-01-30 07:00:00,24145.0
2026-01-30T07,TEN,Tennessee,TI,Total interchange,-610,megawatthours,2026-01-30 07:00:00,-610.0
2026-01-30T06,TEN,Tennessee,D,Demand,24683,megawatthours,2026-01-30 06:00:00,24683.0
2026-01-30T06,TEN,Tennessee,DF,Day-ahead demand forecast,25247,megawatthours,2026-01-30 06:00:00,25247.0
2026-01-30T06,TEN,Tennessee,NG,Net generation,24132,megawatthours,2026-01-30 06:00:00,24132.0
2026-01-30T06,TEN,Tennessee,TI,Total interchange,-552,megawatthours,2026-01-30 06:00:00,-552.0
2026-01-30T05,TEN,Tennessee,D,Demand,24960,megawatthours,2026-01-30 05:00:00,24960.0
2026-01-30T05,TEN,Tennessee,DF,Day-ahead demand forecast,25588,megawatthours,2026-01-30 05:00:00,25588.0
2026-01-30T05,TEN,Tennessee,NG,Net generation,24383,megawatthours,2026-01-30 05:00:00,24383.0
2026-01-30T05,TEN,Tennessee,TI,Total interchange,-583,megawatthours,2026-01-30 05:00:00,-583.0
2026-01-30T04,TEN,Tennessee,D,Demand,25415,megawatthours,2026-01-30 04:00:00,25415.0
2026-01-30T04,TEN,Tennessee,DF,Day-ahead demand forecast,25961,megawatthours,2026-01-30 04:00:00,25961.0
2026-01-30T04,TEN,Tennessee,NG,Net generation,24804,megawatthours,2026-01-30 04:00:00,24804.0
2026-01-30T04,TEN,Tennessee,TI,Total interchange,-616,megawatthours,2026-01-30 04:00:00,-616.0
2026-01-30T03,TEN,Tennessee,D,Demand,25747,megawatthours,2026-01-30 03:00:00,25747.0
2026-01-30T03,TEN,Tennessee,DF,Day-ahead demand forecast,26306,megawatthours,2026-01-30 03:00:00,26306.0
2026-01-30T03,TEN,Tennessee,NG,Net generation,25179,megawatthours,2026-01-30 03:00:00,25179.0
2026-01-30T03,TEN,Tennessee,TI,Total interchange,-572,megawatthours,2026-01-30 03:00:00,-572.0
2026-01-30T02,TEN,Tennessee,D,Demand,25758,megawatthours,2026-01-30 02:00:00,25758.0
2026-01-30T02,TEN,Tennessee,DF,Day-ahead demand forecast,26261,megawatthours,2026-01-30 02:00:00,26261.0
2026-01-30T02,TEN,Tennessee,NG,Net generation,25252,megawatthours,2026-01-30 02:00:00,25252.0
2026-01-30T02,TEN,Tennessee,TI,Total interchange,-508,megawatthours,2026-01-30 02:00:00,-508.0
2026-01-30T01,TEN,Tennessee,D,Demand,25472,megawatthours,2026-01-30 01:00:00,25472.0
2026-01-30T01,TEN,Tennessee,DF,Day-ahead demand forecast,25976,megawatthours,2026-01-30 01:00:00,25976.0
2026-01-30T01,TEN,Tennessee,NG,Net generation,25040,megawatthours,2026-01-30 01:00:00,25040.0
2026-01-30T01,TEN,Tennessee,TI,Total interchange,-436,megawatthours,2026-01-30 01:00:00,-436.0
2026-01-30T00,TEN,Tennessee,D,Demand,24524,megawatthours,2026-01-30 00:00:00,24524.0
2026-01-30T00,TEN,Tennessee,DF,Day-ahead demand forecast,24896,megawatthours,2026-01-30 00:00:00,24896.0
2026-01-30T00,TEN,Tennessee,NG,Net generation,24096,megawatthours,2026-01-30 00:00:00,24096.0
2026-01-30T00,TEN,Tennessee,TI,Total interchange,-430,megawatthours,2026-01-30 00:00:00,-430.0
2026-01-29T23,TEN,Tennessee,D,Demand,22854,megawatthours,2026-01-29 23:00:00,22854.0
2026-01-29T23,TEN,Tennessee,DF,Day-ahead demand forecast,23428,megawatthours,2026-01-29 23:00:00,23428.0
2026-01-29T23,TEN,Tennessee,NG,Net generation,22478,megawatthours,2026-01-29 23:00:00,22478.0
2026-01-29T23,TEN,Tennessee,TI,Total interchange,-332,megawatthours,2026-01-29 23:00:00,-332.0
2026-01-29T22,TEN,Tennessee,D,Demand,22529,megawatthours,2026-01-29 22:00:00,22529.0
2026-01-29T22,TEN,Tennessee,DF,Day-ahead demand forecast,22940,megawatthours,2026-01-29 22:00:00,22940.0
2026-01-29T22,TEN,Tennessee,NG,Net generation,21761,megawatthours,2026-01-29 22:00:00,21761.0
2026-01-29T22,TEN,Tennessee,TI,Total interchange,-656,megawatthours,2026-01-29 22:00:00,-656.0
2026-01-29T21,TEN,Tennessee,D,Demand,22472,megawatthours,2026-01-29 21:00:00,22472.0
2026-01-29T21,TEN,Tennessee,DF,Day-ahead demand forecast,22851,megawatthours,2026-01-29 21:00:00,22851.0
2026-01-29T21,TEN,Tennessee,NG,Net generation,21561,megawatthours,2026-01-29 21:00:00,21561.0
2026-01-29T21,TEN,Tennessee,TI,Total interchange,-670,megawatthours,2026-01-29 21:00:00,-670.0
2026-01-29T20,TEN,Tennessee,D,Demand,23015,megawatthours,2026-01-29 20:00:00,23015.0
2026-01-29T20,TEN,Tennessee,DF,Day-ahead demand forecast,23213,megawatthours,2026-01-29 20:00:00,23213.0
2026-01-29T20,TEN,Tennessee,NG,Net generation,21987,megawatthours,2026-01-29 20:00:00,21987.0
2026-01-29T20,TEN,Tennessee,TI,Total interchange,-779,megawatthours,2026-01-29 20:00:00,-779.0
2026-01-29T19,TEN,Tennessee,D,Demand,23800,megawatthours,2026-01-29 19:00:00,23800.0
2026-01-29T19,TEN,Tennessee,DF,Day-ahead demand forecast,23943,megawatthours,2026-01-29 19:00:00,23943.0
2026-01-29T19,TEN,Tennessee,NG,Net generation,22930,megawatthours,2026-01-29 19:00:00,22930.0
2026-01-29T19,TEN,Tennessee,TI,Total interchange,-625,megawatthours,2026-01-29 19:00:00,-625.0
2026-01-29T18,TEN,Tennessee,D,Demand,24710,megawatthours,2026-01-29 18:00:00,24710.0
2026-01-29T18,TEN,Tennessee,DF,Day-ahead demand forecast,25031,megawatthours,2026-01-29 18:00:00,25031.0
2026-01-29T18,TEN,Tennessee,NG,Net generation,23765,megawatthours,2026-01-29 18:00:00,23765.0
2026-01-29T18,TEN,Tennessee,TI,Total interchange,-699,megawatthours,2026-01-29 18:00:00,-699.0
2026-01-29T17,TEN,Tennessee,D,Demand,25573,megawatthours,2026-01-29 17:00:00,25573.0
2026-01-29T17,TEN,Tennessee,DF,Day-ahead demand forecast,25988,megawatthours,2026-01-29 17:00:00,25988.0
2026-01-29T17,TEN,Tennessee,NG,Net generation,24553,megawatthours,2026-01-29 17:00:00,24553.0
2026-01-29T17,TEN,Tennessee,TI,Total interchange,-861,megawatthours,2026-01-29 17:00:00,-861.0
2026-01-29T16,TEN,Tennessee,D,Demand,26549,megawatthours,2026-01-29 16:00:00,26549.0
2026-01-29T16,TEN,Tennessee,DF,Day-ahead demand forecast,27169,megawatthours,2026-01-29 16:00:00,27169.0
2026-01-29T16,TEN,Tennessee,NG,Net generation,25780,megawatthours,2026-01-29 16:00:00,25780.0
2026-01-29T16,TEN,Tennessee,TI,Total interchange,-669,megawatthours,2026-01-29 16:00:00,-669.0
2026-01-29T15,TEN,Tennessee,D,Demand,27595,megawatthours,2026-01-29 15:00:00,27595.0
2026-01-29T15,TEN,Tennessee,DF,Day-ahead demand forecast,28891,megawatthours,2026-01-29 15:00:00,28891.0
2026-01-29T15,TEN,Tennessee,NG,Net generation,26533,megawatthours,2026-01-29 15:00:00,26533.0
2026-01-29T15,TEN,Tennessee,TI,Total interchange,-1010,megawatthours,2026-01-29 15:00:00,-1010.0
2026-01-29T14,TEN,Tennessee,D,Demand,28766,megawatthours,2026-01-29 14:00:00,28766.0
2026-01-29T14,TEN,Tennessee,DF,Day-ahead demand forecast,29909,megawatthours,2026-01-29 14:00:00,29909.0
2026-01-29T14,TEN,Tennessee,NG,Net generation,27797,megawatthours,2026-01-29 14:00:00,27797.0
2026-01-29T14,TEN,Tennessee,TI,Total interchange,-962,megawatthours,2026-01-29 14:00:00,-962.0
2026-01-29T13,TEN,Tennessee,D,Demand,28736,megawatthours,2026-01-29 13:00:00,28736.0
2026-01-29T13,TEN,Tennessee,DF,Day-ahead demand forecast,30021,megawatthours,2026-01-29 13:00:00,30021.0
2026-01-29T13,TEN,Tennessee,NG,Net generation,27853,megawatthours,2026-01-29 13:00:00,27853.0
2026-01-29T13,TEN,Tennessee,TI,Total interchange,-887,megawatthours,2026-01-29 13:00:00,-887.0
2026-01-29T12,TEN,Tennessee,D,Demand,27502,megawatthours,2026-01-29 12:00:00,27502.0
2026-01-29T12,TEN,Tennessee,DF,Day-ahead demand forecast,28792,megawatthours,2026-01-29 12:00:00,28792.0
2026-01-29T12,TEN,Tennessee,NG,Net generation,26645,megawatthours,2026-01-29 12:00:00,26645.0
2026-01-29T12,TEN,Tennessee,TI,Total interchange,-860,megawatthours,2026-01-29 12:00:00,-860.0
2026-01-29T11,TEN,Tennessee,D,Demand,26264,megawatthours,2026-01-29 11:00:00,26264.0
2026-01-29T11,TEN,Tennessee,DF,Day-ahead demand forecast,27205,megawatthours,2026-01-29 11:00:00,27205.0
2026-01-29T11,TEN,Tennessee,NG,Net generation,25344,megawatthours,2026-01-29 11:00:00,25344.0
2026-01-29T11,TEN,Tennessee,TI,Total interchange,-925,megawatthours,2026-01-29 11:00:00,-925.0
2026-01-29T10,TEN,Tennessee,D,Demand,25705,megawatthours,2026-01-29 10:00:00,25705.0
2026-01-29T10,TEN,Tennessee,DF,Day-ahead demand forecast,26702,megawatthours,2026-01-29 10:00:00,26702.0
2026-01-29T10,TEN,Tennessee,NG,Net generation,24681,megawatthours,2026-01-29 10:00:00,24681.0
2026-01-29T10,TEN,Tennessee,TI,Total interchange,-1026,megawatthours,2026-01-29 10:00:00,-1026.0
2026-01-29T09,TEN,Tennessee,D,Demand,25409,megawatthours,2026-01-29 09:00:00,25409.0
2026-01-29T09,TEN,Tennessee,DF,Day-ahead demand forecast,26403,megawatthours,2026-01-29 09:00:00,26403.0
2026-01-29T09,TEN,Tennessee,NG,Net generation,24369,megawatthours,2026-01-29 09:00:00,24369.0
2026-01-29T09,TEN,Tennessee,TI,Total interchange,-1045,megawatthours,2026-01-29 09:00:00,-1045.0
2026-01-29T08,TEN,Tennessee,D,Demand,25166,megawatthours,2026-01-29 08:00:00,25166.0
2026-01-29T08,TEN,Tennessee,DF,Day-ahead demand forecast,26080,megawatthours,2026-01-29 08:00:00,26080.0
2026-01-29T08,TEN,Tennessee,NG,Net generation,24126,megawatthours,2026-01-29 08:00:00,24126.0
2026-01-29T08,TEN,Tennessee,TI,Total interchange,-1044,megawatthours,2026-01-29 08:00:00,-1044.0
2026-01-29T07,TEN,Tennessee,D,Demand,25136,megawatthours,2026-01-29 07:00:00,25136.0
2026-01-29T07,TEN,Tennessee,DF,Day-ahead demand forecast,25919,megawatthours,2026-01-29 07:00:00,25919.0
2026-01-29T07,TEN,Tennessee,NG,Net generation,24008,megawatthours,2026-01-29 07:00:00,24008.0
2026-01-29T07,TEN,Tennessee,TI,Total interchange,-1134,megawatthours,2026-01-29 07:00:00,-1134.0
2026-01-29T06,TEN,Tennessee,D,Demand,25017,megawatthours,2026-01-29 06:00:00,25017.0
2026-01-29T06,TEN,Tennessee,DF,Day-ahead demand forecast,26248,megawatthours,2026-01-29 06:00:00,26248.0
2026-01-29T06,TEN,Tennessee,NG,Net generation,24040,megawatthours,2026-01-29 06:00:00,24040.0
2026-01-29T06,TEN,Tennessee,TI,Total interchange,-976,megawatthours,2026-01-29 06:00:00,-976.0
2026-01-29T05,TEN,Tennessee,D,Demand,25279,megawatthours,2026-01-29 05:00:00,25279.0
2026-01-29T05,TEN,Tennessee,DF,Day-ahead demand forecast,26330,megawatthours,2026-01-29 05:00:00,26330.0
2026-01-29T05,TEN,Tennessee,NG,Net generation,24260,megawatthours,2026-01-29 05:00:00,24260.0
2026-01-29T05,TEN,Tennessee,TI,Total interchange,-1020,megawatthours,2026-01-29 05:00:00,-1020.0
2026-01-29T04,TEN,Tennessee,D,Demand,25850,megawatthours,2026-01-29 04:00:00,25850.0
2026-01-29T04,TEN,Tennessee,DF,Day-ahead demand forecast,26654,megawatthours,2026-01-29 04:00:00,26654.0
2026-01-29T04,TEN,Tennessee,NG,Net generation,24828,megawatthours,2026-01-29 04:00:00,24828.0
2026-01-29T04,TEN,Tennessee,TI,Total interchange,-1030,megawatthours,2026-01-29 04:00:00,-1030.0
2026-01-29T03,TEN,Tennessee,D,Demand,26161,megawatthours,2026-01-29 03:00:00,26161.0
2026-01-29T03,TEN,Tennessee,DF,Day-ahead demand forecast,26941,megawatthours,2026-01-29 03:00:00,26941.0
2026-01-29T03,TEN,Tennessee,NG,Net generation,25117,megawatthours,2026-01-29 03:00:00,25117.0
2026-01-29T03,TEN,Tennessee,TI,Total interchange,-1047,megawatthours,2026-01-29 03:00:00,-1047.0
2026-01-29T02,TEN,Tennessee,D,Demand,26290,megawatthours,2026-01-29 02:00:00,26290.0
2026-01-29T02,TEN,Tennessee,DF,Day-ahead demand forecast,26890,megawatthours,2026-01-29 02:00:00,26890.0
2026-01-29T02,TEN,Tennessee,NG,Net generation,25308,megawatthours,2026-01-29 02:00:00,25308.0
2026-01-29T02,TEN,Tennessee,TI,Total interchange,-987,megawatthours,2026-01-29 02:00:00,-987.0
2026-01-29T01,TEN,Tennessee,D,Demand,26195,megawatthours,2026-01-29 01:00:00,26195.0
2026-01-29T01,TEN,Tennessee,DF,Day-ahead demand forecast,26608,megawatthours,2026-01-29 01:00:00,26608.0
2026-01-29T01,TEN,Tennessee,NG,Net generation,25285,megawatthours,2026-01-29 01:00:00,25285.0
2026-01-29T01,TEN,Tennessee,TI,Total interchange,-915,megawatthours,2026-01-29 01:00:00,-915.0
2026-01-29T00,TEN,Tennessee,D,Demand,25374,megawatthours,2026-01-29 00:00:00,25374.0
2026-01-29T00,TEN,Tennessee,DF,Day-ahead demand forecast,25778,megawatthours,2026-01-29 00:00:00,25778.0
2026-01-29T00,TEN,Tennessee,NG,Net generation,24520,megawatthours,2026-01-29 00:00:00,24520.0
2026-01-29T00,TEN,Tennessee,TI,Total interchange,-853,megawatthours,2026-01-29 00:00:00,-853.0
2026-01-28T23,TEN,Tennessee,D,Demand,23922,megawatthours,2026-01-28 23:00:00,23922.0
2026-01-28T23,TEN,Tennessee,DF,Day-ahead demand forecast,24632,megawatthours,2026-01-28 23:00:00,24632.0
2026-01-28T23,TEN,Tennessee,NG,Net generation,23069,megawatthours,2026-01-28 23:00:00,23069.0
2026-01-28T23,TEN,Tennessee,TI,Total interchange,-763,megawatthours,2026-01-28 23:00:00,-763.0
2026-01-28T22,TEN,Tennessee,D,Demand,23336,megawatthours,2026-01-28 22:00:00,23336.0
2026-01-28T22,TEN,Tennessee,DF,Day-ahead demand forecast,24074,megawatthours,2026-01-28 22:00:00,24074.0
2026-01-28T22,TEN,Tennessee,NG,Net generation,22020,megawatthours,2026-01-28 22:00:00,22020.0
2026-01-28T22,TEN,Tennessee,TI,Total interchange,-1070,megawatthours,2026-01-28 22:00:00,-1070.0
2026-01-28T21,TEN,Tennessee,D,Demand,23216,megawatthours,2026-01-28 21:00:00,23216.0
2026-01-28T21,TEN,Tennessee,DF,Day-ahead demand forecast,24172,megawatthours,2026-01-28 21:00:00,24172.0
2026-01-28T21,TEN,Tennessee,NG,Net generation,21800,megawatthours,2026-01-28 21:00:00,21800.0
2026-01-28T21,TEN,Tennessee,TI,Total interchange,-1148,megawatthours,2026-01-28 21:00:00,-1148.0
2026-01-28T20,TEN,Tennessee,D,Demand,23533,megawatthours,2026-01-28 20:00:00,23533.0
2026-01-28T20,TEN,Tennessee,DF,Day-ahead demand forecast,24725,megawatthours,2026-01-28 20:00:00,24725.0
2026-01-28T20,TEN,Tennessee,NG,Net generation,22117,megawatthours,2026-01-28 20:00:00,22117.0
2026-01-28T20,TEN,Tennessee,TI,Total interchange,-1155,megawatthours,2026-01-28 20:00:00,-1155.0
2026-01-28T19,TEN,Tennessee,D,Demand,24234,megawatthours,2026-01-28 19:00:00,24234.0
2026-01-28T19,TEN,Tennessee,DF,Day-ahead demand forecast,25609,megawatthours,2026-01-28 19:00:00,25609.0
2026-01-28T19,TEN,Tennessee,NG,Net generation,22838,megawatthours,2026-01-28 19:00:00,22838.0
2026-01-28T19,TEN,Tennessee,TI,Total interchange,-1136,megawatthours,2026-01-28 19:00:00,-1136.0
2026-01-28T18,TEN,Tennessee,D,Demand,25052,megawatthours,2026-01-28 18:00:00,25052.0
2026-01-28T18,TEN,Tennessee,DF,Day-ahead demand forecast,26373,megawatthours,2026-01-28 18:00:00,26373.0
2026-01-28T18,TEN,Tennessee,NG,Net generation,23671,megawatthours,2026-01-28 18:00:00,23671.0
2026-01-28T18,TEN,Tennessee,TI,Total interchange,-1128,megawatthours,2026-01-28 18:00:00,-1128.0
2026-01-28T17,TEN,Tennessee,D,Demand,25967,megawatthours,2026-01-28 17:00:00,25967.0
2026-01-28T17,TEN,Tennessee,DF,Day-ahead demand forecast,27391,megawatthours,2026-01-28 17:00:00,27391.0
2026-01-28T17,TEN,Tennessee,NG,Net generation,24584,megawatthours,2026-01-28 17:00:00,24584.0
2026-01-28T17,TEN,Tennessee,TI,Total interchange,-1119,megawatthours,2026-01-28 17:00:00,-1119.0
2026-01-28T16,TEN,Tennessee,D,Demand,26913,megawatthours,2026-01-28 16:00:00,26913.0
2026-01-28T16,TEN,Tennessee,DF,Day-ahead demand forecast,28284,megawatthours,2026-01-28 16:00:00,28284.0
2026-01-28T16,TEN,Tennessee,NG,Net generation,24894,megawatthours,2026-01-28 16:00:00,24894.0
2026-01-28T16,TEN,Tennessee,TI,Total interchange,-1721,megawatthours,2026-01-28 16:00:00,-1721.0
2026-01-28T15,TEN,Tennessee,D,Demand,28119,megawatthours,2026-01-28 15:00:00,28119.0
2026-01-28T15,TEN,Tennessee,DF,Day-ahead demand forecast,29466,megawatthours,2026-01-28 15:00:00,29466.0
2026-01-28T15,TEN,Tennessee,NG,Net generation,24941,megawatthours,2026-01-28 15:00:00,24941.0
2026-01-28T15,TEN,Tennessee,TI,Total interchange,-2927,megawatthours,2026-01-28 15:00:00,-2927.0
2026-01-28T14,TEN,Tennessee,D,Demand,29228,megawatthours,2026-01-28 14:00:00,29228.0
2026-01-28T14,TEN,Tennessee,DF,Day-ahead demand forecast,30645,megawatthours,2026-01-28 14:00:00,30645.0
2026-01-28T14,TEN,Tennessee,NG,Net generation,26115,megawatthours,2026-01-28 14:00:00,26115.0
2026-01-28T14,TEN,Tennessee,TI,Total interchange,-3011,megawatthours,2026-01-28 14:00:00,-3011.0
2026-01-28T13,TEN,Tennessee,D,Demand,28776,megawatthours,2026-01-28 13:00:00,28776.0
2026-01-28T13,TEN,Tennessee,DF,Day-ahead demand forecast,30674,megawatthours,2026-01-28 13:00:00,30674.0
2026-01-28T13,TEN,Tennessee,NG,Net generation,25795,megawatthours,2026-01-28 13:00:00,25795.0
2026-01-28T13,TEN,Tennessee,TI,Total interchange,-2920,megawatthours,2026-01-28 13:00:00,-2920.0
2026-01-28T12,TEN,Tennessee,D,Demand,27481,megawatthours,2026-01-28 12:00:00,27481.0
2026-01-28T12,TEN,Tennessee,DF,Day-ahead demand forecast,29541,megawatthours,2026-01-28 12:00:00,29541.0
2026-01-28T12,TEN,Tennessee,NG,Net generation,24477,megawatthours,2026-01-28 12:00:00,24477.0
2026-01-28T12,TEN,Tennessee,TI,Total interchange,-2941,megawatthours,2026-01-28 12:00:00,-2941.0
2026-01-28T11,TEN,Tennessee,D,Demand,26296,megawatthours,2026-01-28 11:00:00,26296.0
2026-01-28T11,TEN,Tennessee,DF,Day-ahead demand forecast,28342,megawatthours,2026-01-28 11:00:00,28342.0
2026-01-28T11,TEN,Tennessee,NG,Net generation,23727,megawatthours,2026-01-28 11:00:00,23727.0
2026-01-28T11,TEN,Tennessee,TI,Total interchange,-2506,megawatthours,2026-01-28 11:00:00,-2506.0
2026-01-28T10,TEN,Tennessee,D,Demand,25890,megawatthours,2026-01-28 10:00:00,25890.0
2026-01-28T10,TEN,Tennessee,DF,Day-ahead demand forecast,27909,megawatthours,2026-01-28 10:00:00,27909.0
2026-01-28T10,TEN,Tennessee,NG,Net generation,23796,megawatthours,2026-01-28 10:00:00,23796.0
2026-01-28T10,TEN,Tennessee,TI,Total interchange,-2031,megawatthours,2026-01-28 10:00:00,-2031.0
2026-01-28T09,TEN,Tennessee,D,Demand,25506,megawatthours,2026-01-28 09:00:00,25506.0
2026-01-28T09,TEN,Tennessee,DF,Day-ahead demand forecast,27636,megawatthours,2026-01-28 09:00:00,27636.0
2026-01-28T09,TEN,Tennessee,NG,Net generation,23414,megawatthours,2026-01-28 09:00:00,23414.0
2026-01-28T09,TEN,Tennessee,TI,Total interchange,-2025,megawatthours,2026-01-28 09:00:00,-2025.0
2026-01-28T08,TEN,Tennessee,D,Demand,25298,megawatthours,2026-01-28 08:00:00,25298.0
2026-01-28T08,TEN,Tennessee,DF,Day-ahead demand forecast,27481,megawatthours,2026-01-28 08:00:00,27481.0
2026-01-28T08,TEN,Tennessee,NG,Net generation,23284,megawatthours,2026-01-28 08:00:00,23284.0
2026-01-28T08,TEN,Tennessee,TI,Total interchange,-1950,megawatthours,2026-01-28 08:00:00,-1950.0
2026-01-28T07,TEN,Tennessee,D,Demand,25192,megawatthours,2026-01-28 07:00:00,25192.0
2026-01-28T07,TEN,Tennessee,DF,Day-ahead demand forecast,27296,megawatthours,2026-01-28 07:00:00,27296.0
2026-01-28T07,TEN,Tennessee,NG,Net generation,23203,megawatthours,2026-01-28 07:00:00,23203.0
2026-01-28T07,TEN,Tennessee,TI,Total interchange,-1924,megawatthours,2026-01-28 07:00:00,-1924.0
2026-01-28T06,TEN,Tennessee,D,Demand,25229,megawatthours,2026-01-28 06:00:00,25229.0
2026-01-28T06,TEN,Tennessee,DF,Day-ahead demand forecast,27664,megawatthours,2026-01-28 06:00:00,27664.0
2026-01-28T06,TEN,Tennessee,NG,Net generation,23735,megawatthours,2026-01-28 06:00:00,23735.0
2026-01-28T06,TEN,Tennessee,TI,Total interchange,-1433,megawatthours,2026-01-28 06:00:00,-1433.0
2026-01-28T05,TEN,Tennessee,D,Demand,25562,megawatthours,2026-01-28 05:00:00,25562.0
2026-01-28T05,TEN,Tennessee,DF,Day-ahead demand forecast,27940,megawatthours,2026-01-28 05:00:00,27940.0
2026-01-28T05,TEN,Tennessee,NG,Net generation,23937,megawatthours,2026-01-28 05:00:00,23937.0
2026-01-28T05,TEN,Tennessee,TI,Total interchange,-1566,megawatthours,2026-01-28 05:00:00,-1566.0
2026-01-28T04,TEN,Tennessee,D,Demand,26051,megawatthours,2026-01-28 04:00:00,26051.0
2026-01-28T04,TEN,Tennessee,DF,Day-ahead demand forecast,28239,megawatthours,2026-01-28 04:00:00,28239.0
2026-01-28T04,TEN,Tennessee,NG,Net generation,24397,megawatthours,2026-01-28 04:00:00,24397.0
2026-01-28T04,TEN,Tennessee,TI,Total interchange,-1592,megawatthours,2026-01-28 04:00:00,-1592.0
2026-01-28T03,TEN,Tennessee,D,Demand,26491,megawatthours,2026-01-28 03:00:00,26491.0
2026-01-28T03,TEN,Tennessee,DF,Day-ahead demand forecast,28607,megawatthours,2026-01-28 03:00:00,28607.0
2026-01-28T03,TEN,Tennessee,NG,Net generation,24874,megawatthours,2026-01-28 03:00:00,24874.0
2026-01-28T03,TEN,Tennessee,TI,Total interchange,-1557,megawatthours,2026-01-28 03:00:00,-1557.0
2026-01-28T02,TEN,Tennessee,D,Demand,26804,megawatthours,2026-01-28 02:00:00,26804.0
2026-01-28T02,TEN,Tennessee,DF,Day-ahead demand forecast,28642,megawatthours,2026-01-28 02:00:00,28642.0
2026-01-28T02,TEN,Tennessee,NG,Net generation,25312,megawatthours,2026-01-28 02:00:00,25312.0
2026-01-28T02,TEN,Tennessee,TI,Total interchange,-1434,megawatthours,2026-01-28 02:00:00,-1434.0
2026-01-28T01,TEN,Tennessee,D,Demand,27068,megawatthours,2026-01-28 01:00:00,27068.0
2026-01-28T01,TEN,Tennessee,DF,Day-ahead demand forecast,28487,megawatthours,2026-01-28 01:00:00,28487.0
2026-01-28T01,TEN,Tennessee,NG,Net generation,25425,megawatthours,2026-01-28 01:00:00,25425.0
2026-01-28T01,TEN,Tennessee,TI,Total interchange,-1582,megawatthours,2026-01-28 01:00:00,-1582.0
2026-01-28T00,TEN,Tennessee,D,Demand,26623,megawatthours,2026-01-28 00:00:00,26623.0
2026-01-28T00,TEN,Tennessee,DF,Day-ahead demand forecast,27552,megawatthours,2026-01-28 00:00:00,27552.0
2026-01-28T00,TEN,Tennessee,NG,Net generation,25041,megawatthours,2026-01-28 00:00:00,25041.0
2026-01-28T00,TEN,Tennessee,TI,Total interchange,-1524,megawatthours,2026-01-28 00:00:00,-1524.0
2026-01-27T23,TEN,Tennessee,D,Demand,25249,megawatthours,2026-01-27 23:00:00,25249.0
2026-01-27T23,TEN,Tennessee,DF,Day-ahead demand forecast,25837,megawatthours,2026-01-27 23:00:00,25837.0
2026-01-27T23,TEN,Tennessee,NG,Net generation,23501,megawatthours,2026-01-27 23:00:00,23501.0
2026-01-27T23,TEN,Tennessee,TI,Total interchange,-1607,megawatthours,2026-01-27 23:00:00,-1607.0
2026-01-27T22,TEN,Tennessee,D,Demand,24471,megawatthours,2026-01-27 22:00:00,24471.0
2026-01-27T22,TEN,Tennessee,DF,Day-ahead demand forecast,24881,megawatthours,2026-01-27 22:00:00,24881.0
2026-01-27T22,TEN,Tennessee,NG,Net generation,22439,megawatthours,2026-01-27 22:00:00,22439.0
2026-01-27T22,TEN,Tennessee,TI,Total interchange,-1773,megawatthours,2026-01-27 22:00:00,-1773.0
2026-01-27T21,TEN,Tennessee,D,Demand,24568,megawatthours,2026-01-27 21:00:00,24568.0
2026-01-27T21,TEN,Tennessee,DF,Day-ahead demand forecast,24815,megawatthours,2026-01-27 21:00:00,24815.0
2026-01-27T21,TEN,Tennessee,NG,Net generation,22459,megawatthours,2026-01-27 21:00:00,22459.0
2026-01-27T21,TEN,Tennessee,TI,Total interchange,-1813,megawatthours,2026-01-27 21:00:00,-1813.0
2026-01-27T20,TEN,Tennessee,D,Demand,25067,megawatthours,2026-01-27 20:00:00,25067.0
2026-01-27T20,TEN,Tennessee,DF,Day-ahead demand forecast,25402,megawatthours,2026-01-27 20:00:00,25402.0
2026-01-27T20,TEN,Tennessee,NG,Net generation,22941,megawatthours,2026-01-27 20:00:00,22941.0
2026-01-27T20,TEN,Tennessee,TI,Total interchange,-1837,megawatthours,2026-01-27 20:00:00,-1837.0
2026-01-27T19,TEN,Tennessee,D,Demand,25992,megawatthours,2026-01-27 19:00:00,25992.0
2026-01-27T19,TEN,Tennessee,DF,Day-ahead demand forecast,26344,megawatthours,2026-01-27 19:00:00,26344.0
2026-01-27T19,TEN,Tennessee,NG,Net generation,23803,megawatthours,2026-01-27 19:00:00,23803.0
2026-01-27T19,TEN,Tennessee,TI,Total interchange,-1912,megawatthours,2026-01-27 19:00:00,-1912.0
2026-01-27T18,TEN,Tennessee,D,Demand,27021,megawatthours,2026-01-27 18:00:00,27021.0
2026-01-27T18,TEN,Tennessee,DF,Day-ahead demand forecast,27586,megawatthours,2026-01-27 18:00:00,27586.0
2026-01-27T18,TEN,Tennessee,NG,Net generation,24657,megawatthours,2026-01-27 18:00:00,24657.0
2026-01-27T18,TEN,Tennessee,TI,Total interchange,-2091,megawatthours,2026-01-27 18:00:00,-2091.0
2026-01-27T17,TEN,Tennessee,D,Demand,28253,megawatthours,2026-01-27 17:00:00,28253.0
2026-01-27T17,TEN,Tennessee,DF,Day-ahead demand forecast,29119,megawatthours,2026-01-27 17:00:00,29119.0
2026-01-27T17,TEN,Tennessee,NG,Net generation,25260,megawatthours,2026-01-27 17:00:00,25260.0
2026-01-27T17,TEN,Tennessee,TI,Total interchange,-2707,megawatthours,2026-01-27 17:00:00,-2707.0
2026-01-27T16,TEN,Tennessee,D,Demand,29352,megawatthours,2026-01-27 16:00:00,29352.0
2026-01-27T16,TEN,Tennessee,DF,Day-ahead demand forecast,30586,megawatthours,2026-01-27 16:00:00,30586.0
2026-01-27T16,TEN,Tennessee,NG,Net generation,26065,megawatthours,2026-01-27 16:00:00,26065.0
2026-01-27T16,TEN,Tennessee,TI,Total interchange,-2954,megawatthours,2026-01-27 16:00:00,-2954.0
2026-01-27T15,TEN,Tennessee,D,Demand,31121,megawatthours,2026-01-27 15:00:00,31121.0
2026-01-27T15,TEN,Tennessee,DF,Day-ahead demand forecast,32546,megawatthours,2026-01-27 15:00:00,32546.0
2026-01-27T15,TEN,Tennessee,NG,Net generation,28117,megawatthours,2026-01-27 15:00:00,28117.0
2026-01-27T15,TEN,Tennessee,TI,Total interchange,-2745,megawatthours,2026-01-27 15:00:00,-2745.0
2026-01-27T14,TEN,Tennessee,D,Demand,32611,megawatthours,2026-01-27 14:00:00,32611.0
2026-01-27T14,TEN,Tennessee,DF,Day-ahead demand forecast,34011,megawatthours,2026-01-27 14:00:00,34011.0
2026-01-27T14,TEN,Tennessee,NG,Net generation,29729,megawatthours,2026-01-27 14:00:00,29729.0
2026-01-27T14,TEN,Tennessee,TI,Total interchange,-2773,megawatthours,2026-01-27 14:00:00,-2773.0
2026-01-27T13,TEN,Tennessee,D,Demand,32685,megawatthours,2026-01-27 13:00:00,32685.0
2026-01-27T13,TEN,Tennessee,DF,Day-ahead demand forecast,34262,megawatthours,2026-01-27 13:00:00,34262.0
2026-01-27T13,TEN,Tennessee,NG,Net generation,29774,megawatthours,2026-01-27 13:00:00,29774.0
2026-01-27T13,TEN,Tennessee,TI,Total interchange,-2843,megawatthours,2026-01-27 13:00:00,-2843.0
2026-01-27T12,TEN,Tennessee,D,Demand,32047,megawatthours,2026-01-27 12:00:00,32047.0
2026-01-27T12,TEN,Tennessee,DF,Day-ahead demand forecast,33461,megawatthours,2026-01-27 12:00:00,33461.0
2026-01-27T12,TEN,Tennessee,NG,Net generation,29139,megawatthours,2026-01-27 12:00:00,29139.0
2026-01-27T12,TEN,Tennessee,TI,Total interchange,-2839,megawatthours,2026-01-27 12:00:00,-2839.0
2026-01-27T11,TEN,Tennessee,D,Demand,31382,megawatthours,2026-01-27 11:00:00,31382.0
2026-01-27T11,TEN,Tennessee,DF,Day-ahead demand forecast,32295,megawatthours,2026-01-27 11:00:00,32295.0
2026-01-27T11,TEN,Tennessee,NG,Net generation,28364,megawatthours,2026-01-27 11:00:00,28364.0
2026-01-27T11,TEN,Tennessee,TI,Total interchange,-2953,megawatthours,2026-01-27 11:00:00,-2953.0
2026-01-27T10,TEN,Tennessee,D,Demand,30995,megawatthours,2026-01-27 10:00:00,30995.0
2026-01-27T10,TEN,Tennessee,DF,Day-ahead demand forecast,31989,megawatthours,2026-01-27 10:00:00,31989.0
2026-01-27T10,TEN,Tennessee,NG,Net generation,27887,megawatthours,2026-01-27 10:00:00,27887.0
2026-01-27T10,TEN,Tennessee,TI,Total interchange,-3039,megawatthours,2026-01-27 10:00:00,-3039.0
2026-01-27T09,TEN,Tennessee,D,Demand,30814,megawatthours,2026-01-27 09:00:00,30814.0
2026-01-27T09,TEN,Tennessee,DF,Day-ahead demand forecast,31642,megawatthours,2026-01-27 09:00:00,31642.0
2026-01-27T09,TEN,Tennessee,NG,Net generation,27760,megawatthours,2026-01-27 09:00:00,27760.0
2026-01-27T09,TEN,Tennessee,TI,Total interchange,-2992,megawatthours,2026-01-27 09:00:00,-2992.0
2026-01-27T08,TEN,Tennessee,D,Demand,30480,megawatthours,2026-01-27 08:00:00,30480.0
2026-01-27T08,TEN,Tennessee,DF,Day-ahead demand forecast,31770,megawatthours,2026-01-27 08:00:00,31770.0
2026-01-27T08,TEN,Tennessee,NG,Net generation,27799,megawatthours,2026-01-27 08:00:00,27799.0
2026-01-27T08,TEN,Tennessee,TI,Total interchange,-2619,megawatthours,2026-01-27 08:00:00,-2619.0
2026-01-27T07,TEN,Tennessee,D,Demand,30276,megawatthours,2026-01-27 07:00:00,30276.0
2026-01-27T07,TEN,Tennessee,DF,Day-ahead demand forecast,31459,megawatthours,2026-01-27 07:00:00,31459.0
2026-01-27T07,TEN,Tennessee,NG,Net generation,27539,megawatthours,2026-01-27 07:00:00,27539.0
2026-01-27T07,TEN,Tennessee,TI,Total interchange,-2669,megawatthours,2026-01-27 07:00:00,-2669.0
2026-01-27T06,TEN,Tennessee,D,Demand,30277,megawatthours,2026-01-27 06:00:00,30277.0
2026-01-27T06,TEN,Tennessee,DF,Day-ahead demand forecast,32426,megawatthours,2026-01-27 06:00:00,32426.0
2026-01-27T06,TEN,Tennessee,NG,Net generation,27426,megawatthours,2026-01-27 06:00:00,27426.0
2026-01-27T06,TEN,Tennessee,TI,Total interchange,-2787,megawatthours,2026-01-27 06:00:00,-2787.0
2026-01-27T05,TEN,Tennessee,D,Demand,30148,megawatthours,2026-01-27 05:00:00,30148.0
2026-01-27T05,TEN,Tennessee,DF,Day-ahead demand forecast,32479,megawatthours,2026-01-27 05:00:00,32479.0
2026-01-27T05,TEN,Tennessee,NG,Net generation,27183,megawatthours,2026-01-27 05:00:00,27183.0
2026-01-27T05,TEN,Tennessee,TI,Total interchange,-2910,megawatthours,2026-01-27 05:00:00,-2910.0
2026-01-27T04,TEN,Tennessee,D,Demand,30485,megawatthours,2026-01-27 04:00:00,30485.0
2026-01-27T04,TEN,Tennessee,DF,Day-ahead demand forecast,33035,megawatthours,2026-01-27 04:00:00,33035.0
2026-01-27T04,TEN,Tennessee,NG,Net generation,27247,megawatthours,2026-01-27 04:00:00,27247.0
2026-01-27T04,TEN,Tennessee,TI,Total interchange,-3168,megawatthours,2026-01-27 04:00:00,-3168.0
2026-01-27T03,TEN,Tennessee,D,Demand,30677,megawatthours,2026-01-27 03:00:00,30677.0
2026-01-27T03,TEN,Tennessee,DF,Day-ahead demand forecast,33131,megawatthours,2026-01-27 03:00:00,33131.0
2026-01-27T03,TEN,Tennessee,NG,Net generation,27280,megawatthours,2026-01-27 03:00:00,27280.0
2026-01-27T03,TEN,Tennessee,TI,Total interchange,-3330,megawatthours,2026-01-27 03:00:00,-3330.0
2026-01-27T02,TEN,Tennessee,D,Demand,30661,megawatthours,2026-01-27 02:00:00,30661.0
2026-01-27T02,TEN,Tennessee,DF,Day-ahead demand forecast,33015,megawatthours,2026-01-27 02:00:00,33015.0
2026-01-27T02,TEN,Tennessee,NG,Net generation,27396,megawatthours,2026-01-27 02:00:00,27396.0
2026-01-27T02,TEN,Tennessee,TI,Total interchange,-3195,megawatthours,2026-01-27 02:00:00,-3195.0
2026-01-27T01,TEN,Tennessee,D,Demand,30384,megawatthours,2026-01-27 01:00:00,30384.0
2026-01-27T01,TEN,Tennessee,DF,Day-ahead demand forecast,32449,megawatthours,2026-01-27 01:00:00,32449.0
2026-01-27T01,TEN,Tennessee,NG,Net generation,27208,megawatthours,2026-01-27 01:00:00,27208.0
2026-01-27T01,TEN,Tennessee,TI,Total interchange,-3104,megawatthours,2026-01-27 01:00:00,-3104.0
2026-01-27T00,TEN,Tennessee,D,Demand,29712,megawatthours,2026-01-27 00:00:00,29712.0
2026-01-27T00,TEN,Tennessee,DF,Day-ahead demand forecast,31408,megawatthours,2026-01-27 00:00:00,31408.0
2026-01-27T00,TEN,Tennessee,NG,Net generation,26568,megawatthours,2026-01-27 00:00:00,26568.0
2026-01-27T00,TEN,Tennessee,TI,Total interchange,-3068,megawatthours,2026-01-27 00:00:00,-3068.0
2026-01-26T23,TEN,Tennessee,D,Demand,28034,megawatthours,2026-01-26 23:00:00,28034.0
2026-01-26T23,TEN,Tennessee,DF,Day-ahead demand forecast,29621,megawatthours,2026-01-26 23:00:00,29621.0
2026-01-26T23,TEN,Tennessee,NG,Net generation,25560,megawatthours,2026-01-26 23:00:00,25560.0
2026-01-26T23,TEN,Tennessee,TI,Total interchange,-2356,megawatthours,2026-01-26 23:00:00,-2356.0
2026-01-26T22,TEN,Tennessee,D,Demand,26831,megawatthours,2026-01-26 22:00:00,26831.0
2026-01-26T22,TEN,Tennessee,DF,Day-ahead demand forecast,28588,megawatthours,2026-01-26 22:00:00,28588.0
2026-01-26T22,TEN,Tennessee,NG,Net generation,24079,megawatthours,2026-01-26 22:00:00,24079.0
2026-01-26T22,TEN,Tennessee,TI,Total interchange,-2466,megawatthours,2026-01-26 22:00:00,-2466.0
2026-01-26T21,TEN,Tennessee,D,Demand,26473,megawatthours,2026-01-26 21:00:00,26473.0
2026-01-26T21,TEN,Tennessee,DF,Day-ahead demand forecast,28181,megawatthours,2026-01-26 21:00:00,28181.0
2026-01-26T21,TEN,Tennessee,NG,Net generation,23776,megawatthours,2026-01-26 21:00:00,23776.0
2026-01-26T21,TEN,Tennessee,TI,Total interchange,-2352,megawatthours,2026-01-26 21:00:00,-2352.0
2026-01-26T20,TEN,Tennessee,D,Demand,26760,megawatthours,2026-01-26 20:00:00,26760.0
2026-01-26T20,TEN,Tennessee,DF,Day-ahead demand forecast,28363,megawatthours,2026-01-26 20:00:00,28363.0
2026-01-26T20,TEN,Tennessee,NG,Net generation,24202,megawatthours,2026-01-26 20:00:00,24202.0
2026-01-26T20,TEN,Tennessee,TI,Total interchange,-2225,megawatthours,2026-01-26 20:00:00,-2225.0
2026-01-26T19,TEN,Tennessee,D,Demand,27238,megawatthours,2026-01-26 19:00:00,27238.0
2026-01-26T19,TEN,Tennessee,DF,Day-ahead demand forecast,28677,megawatthours,2026-01-26 19:00:00,28677.0
2026-01-26T19,TEN,Tennessee,NG,Net generation,24663,megawatthours,2026-01-26 19:00:00,24663.0
2026-01-26T19,TEN,Tennessee,TI,Total interchange,-2280,megawatthours,2026-01-26 19:00:00,-2280.0
2026-01-26T18,TEN,Tennessee,D,Demand,27958,megawatthours,2026-01-26 18:00:00,27958.0
2026-01-26T18,TEN,Tennessee,DF,Day-ahead demand forecast,29512,megawatthours,2026-01-26 18:00:00,29512.0
2026-01-26T18,TEN,Tennessee,NG,Net generation,25465,megawatthours,2026-01-26 18:00:00,25465.0
2026-01-26T18,TEN,Tennessee,TI,Total interchange,-2206,megawatthours,2026-01-26 18:00:00,-2206.0
2026-01-26T17,TEN,Tennessee,D,Demand,28431,megawatthours,2026-01-26 17:00:00,28431.0
2026-01-26T17,TEN,Tennessee,DF,Day-ahead demand forecast,30136,megawatthours,2026-01-26 17:00:00,30136.0
2026-01-26T17,TEN,Tennessee,NG,Net generation,25732,megawatthours,2026-01-26 17:00:00,25732.0
2026-01-26T17,TEN,Tennessee,TI,Total interchange,-2414,megawatthours,2026-01-26 17:00:00,-2414.0
2026-01-26T16,TEN,Tennessee,D,Demand,28805,megawatthours,2026-01-26 16:00:00,28805.0
2026-01-26T16,TEN,Tennessee,DF,Day-ahead demand forecast,30754,megawatthours,2026-01-26 16:00:00,30754.0
2026-01-26T16,TEN,Tennessee,NG,Net generation,25666,megawatthours,2026-01-26 16:00:00,25666.0
2026-01-26T16,TEN,Tennessee,TI,Total interchange,-2849,megawatthours,2026-01-26 16:00:00,-2849.0
2026-01-26T15,TEN,Tennessee,D,Demand,29093,megawatthours,2026-01-26 15:00:00,29093.0
2026-01-26T15,TEN,Tennessee,DF,Day-ahead demand forecast,31531,megawatthours,2026-01-26 15:00:00,31531.0
2026-01-26T15,TEN,Tennessee,NG,Net generation,25945,megawatthours,2026-01-26 15:00:00,25945.0
2026-01-26T15,TEN,Tennessee,TI,Total interchange,-2910,megawatthours,2026-01-26 15:00:00,-2910.0
2026-01-26T14,TEN,Tennessee,D,Demand,28886,megawatthours,2026-01-26 14:00:00,28886.0
2026-01-26T14,TEN,Tennessee,DF,Day-ahead demand forecast,31723,megawatthours,2026-01-26 14:00:00,31723.0
2026-01-26T14,TEN,Tennessee,NG,Net generation,25966,megawatthours,2026-01-26 14:00:00,25966.0
2026-01-26T14,TEN,Tennessee,TI,Total interchange,-2825,megawatthours,2026-01-26 14:00:00,-2825.0
2026-01-26T13,TEN,Tennessee,D,Demand,28216,megawatthours,2026-01-26 13:00:00,28216.0
2026-01-26T13,TEN,Tennessee,DF,Day-ahead demand forecast,31032,megawatthours,2026-01-26 13:00:00,31032.0
2026-01-26T13,TEN,Tennessee,NG,Net generation,25255,megawatthours,2026-01-26 13:00:00,25255.0
2026-01-26T13,TEN,Tennessee,TI,Total interchange,-2905,megawatthours,2026-01-26 13:00:00,-2905.0
2026-01-26T12,TEN,Tennessee,D,Demand,27436,megawatthours,2026-01-26 12:00:00,27436.0
2026-01-26T12,TEN,Tennessee,DF,Day-ahead demand forecast,29749,megawatthours,2026-01-26 12:00:00,29749.0
2026-01-26T12,TEN,Tennessee,NG,Net generation,24431,megawatthours,2026-01-26 12:00:00,24431.0
2026-01-26T12,TEN,Tennessee,TI,Total interchange,-2945,megawatthours,2026-01-26 12:00:00,-2945.0
2026-01-26T11,TEN,Tennessee,D,Demand,26716,megawatthours,2026-01-26 11:00:00,26716.0
2026-01-26T11,TEN,Tennessee,DF,Day-ahead demand forecast,28200,megawatthours,2026-01-26 11:00:00,28200.0
2026-01-26T11,TEN,Tennessee,NG,Net generation,23845,megawatthours,2026-01-26 11:00:00,23845.0
2026-01-26T11,TEN,Tennessee,TI,Total interchange,-2815,megawatthours,2026-01-26 11:00:00,-2815.0
2026-01-26T10,TEN,Tennessee,D,Demand,26414,megawatthours,2026-01-26 10:00:00,26414.0
2026-01-26T10,TEN,Tennessee,DF,Day-ahead demand forecast,27459,megawatthours,2026-01-26 10:00:00,27459.0
2026-01-26T10,TEN,Tennessee,NG,Net generation,23578,megawatthours,2026-01-26 10:00:00,23578.0
2026-01-26T10,TEN,Tennessee,TI,Total interchange,-2833,megawatthours,2026-01-26 10:00:00,-2833.0
2026-01-26T09,TEN,Tennessee,D,Demand,26139,megawatthours,2026-01-26 09:00:00,26139.0
2026-01-26T09,TEN,Tennessee,DF,Day-ahead demand forecast,27001,megawatthours,2026-01-26 09:00:00,27001.0
2026-01-26T09,TEN,Tennessee,NG,Net generation,23765,megawatthours,2026-01-26 09:00:00,23765.0
2026-01-26T09,TEN,Tennessee,TI,Total interchange,-2371,megawatthours,2026-01-26 09:00:00,-2371.0
2026-01-26T08,TEN,Tennessee,D,Demand,25807,megawatthours,2026-01-26 08:00:00,25807.0
2026-01-26T08,TEN,Tennessee,DF,Day-ahead demand forecast,26593,megawatthours,2026-01-26 08:00:00,26593.0
2026-01-26T08,TEN,Tennessee,NG,Net generation,23649,megawatthours,2026-01-26 08:00:00,23649.0
2026-01-26T08,TEN,Tennessee,TI,Total interchange,-2159,megawatthours,2026-01-26 08:00:00,-2159.0
2026-01-26T07,TEN,Tennessee,D,Demand,25369,megawatthours,2026-01-26 07:00:00,25369.0
2026-01-26T07,TEN,Tennessee,DF,Day-ahead demand forecast,26267,megawatthours,2026-01-26 07:00:00,26267.0
2026-01-26T07,TEN,Tennessee,NG,Net generation,23360,megawatthours,2026-01-26 07:00:00,23360.0
2026-01-26T07,TEN,Tennessee,TI,Total interchange,-2014,megawatthours,2026-01-26 07:00:00,-2014.0
2026-01-26T06,TEN,Tennessee,D,Demand,25091,megawatthours,2026-01-26 06:00:00,25091.0
2026-01-26T06,TEN,Tennessee,DF,Day-ahead demand forecast,28059,megawatthours,2026-01-26 06:00:00,28059.0
2026-01-26T06,TEN,Tennessee,NG,Net generation,24213,megawatthours,2026-01-26 06:00:00,24213.0
2026-01-26T06,TEN,Tennessee,TI,Total interchange,-876,megawatthours,2026-01-26 06:00:00,-876.0
2026-01-26T05,TEN,Tennessee,D,Demand,25084,megawatthours,2026-01-26 05:00:00,25084.0
2026-01-26T05,TEN,Tennessee,DF,Day-ahead demand forecast,28436,megawatthours,2026-01-26 05:00:00,28436.0
2026-01-26T05,TEN,Tennessee,NG,Net generation,24665,megawatthours,2026-01-26 05:00:00,24665.0
2026-01-26T05,TEN,Tennessee,TI,Total interchange,-422,megawatthours,2026-01-26 05:00:00,-422.0
2026-01-26T04,TEN,Tennessee,D,Demand,25156,megawatthours,2026-01-26 04:00:00,25156.0
2026-01-26T04,TEN,Tennessee,DF,Day-ahead demand forecast,29040,megawatthours,2026-01-26 04:00:00,29040.0
2026-01-26T04,TEN,Tennessee,NG,Net generation,24830,megawatthours,2026-01-26 04:00:00,24830.0
2026-01-26T04,TEN,Tennessee,TI,Total interchange,-325,megawatthours,2026-01-26 04:00:00,-325.0
2026-01-26T03,TEN,Tennessee,D,Demand,25155,megawatthours,2026-01-26 03:00:00,25155.0
2026-01-26T03,TEN,Tennessee,DF,Day-ahead demand forecast,29487,megawatthours,2026-01-26 03:00:00,29487.0
2026-01-26T03,TEN,Tennessee,NG,Net generation,24844,megawatthours,2026-01-26 03:00:00,24844.0
2026-01-26T03,TEN,Tennessee,TI,Total interchange,-310,megawatthours,2026-01-26 03:00:00,-310.0
2026-01-26T02,TEN,Tennessee,D,Demand,25203,megawatthours,2026-01-26 02:00:00,25203.0
2026-01-26T02,TEN,Tennessee,DF,Day-ahead demand forecast,29804,megawatthours,2026-01-26 02:00:00,29804.0
2026-01-26T02,TEN,Tennessee,NG,Net generation,24864,megawatthours,2026-01-26 02:00:00,24864.0
2026-01-26T02,TEN,Tennessee,TI,Total interchange,-339,megawatthours,2026-01-26 02:00:00,-339.0
2026-01-26T01,TEN,Tennessee,D,Demand,25175,megawatthours,2026-01-26 01:00:00,25175.0
2026-01-26T01,TEN,Tennessee,DF,Day-ahead demand forecast,30019,megawatthours,2026-01-26 01:00:00,30019.0
2026-01-26T01,TEN,Tennessee,NG,Net generation,24830,megawatthours,2026-01-26 01:00:00,24830.0
2026-01-26T01,TEN,Tennessee,TI,Total interchange,-351,megawatthours,2026-01-26 01:00:00,-351.0
2026-01-26T00,TEN,Tennessee,D,Demand,24885,megawatthours,2026-01-26 00:00:00,24885.0
2026-01-26T00,TEN,Tennessee,DF,Day-ahead demand forecast,29353,megawatthours,2026-01-26 00:00:00,29353.0
2026-01-26T00,TEN,Tennessee,NG,Net generation,24555,megawatthours,2026-01-26 00:00:00,24555.0
2026-01-26T00,TEN,Tennessee,TI,Total interchange,-329,megawatthours,2026-01-26 00:00:00,-329.0
2026-01-25T23,TEN,Tennessee,D,Demand,24042,megawatthours,2026-01-25 23:00:00,24042.0
2026-01-25T23,TEN,Tennessee,DF,Day-ahead demand forecast,27648,megawatthours,2026-01-25 23:00:00,27648.0
2026-01-25T23,TEN,Tennessee,NG,Net generation,23627,megawatthours,2026-01-25 23:00:00,23627.0
2026-01-25T23,TEN,Tennessee,TI,Total interchange,-377,megawatthours,2026-01-25 23:00:00,-377.0
2026-01-25T22,TEN,Tennessee,D,Demand,23401,megawatthours,2026-01-25 22:00:00,23401.0
2026-01-25T22,TEN,Tennessee,DF,Day-ahead demand forecast,26440,megawatthours,2026-01-25 22:00:00,26440.0
2026-01-25T22,TEN,Tennessee,NG,Net generation,23229,megawatthours,2026-01-25 22:00:00,23229.0
2026-01-25T22,TEN,Tennessee,TI,Total interchange,-117,megawatthours,2026-01-25 22:00:00,-117.0
2026-01-25T21,TEN,Tennessee,D,Demand,23114,megawatthours,2026-01-25 21:00:00,23114.0
2026-01-25T21,TEN,Tennessee,DF,Day-ahead demand forecast,25951,megawatthours,2026-01-25 21:00:00,25951.0
2026-01-25T21,TEN,Tennessee,NG,Net generation,22990,megawatthours,2026-01-25 21:00:00,22990.0
2026-01-25T21,TEN,Tennessee,TI,Total interchange,-48,megawatthours,2026-01-25 21:00:00,-48.0
2026-01-25T20,TEN,Tennessee,D,Demand,23016,megawatthours,2026-01-25 20:00:00,23016.0
2026-01-25T20,TEN,Tennessee,DF,Day-ahead demand forecast,25836,megawatthours,2026-01-25 20:00:00,25836.0
2026-01-25T20,TEN,Tennessee,NG,Net generation,22968,megawatthours,2026-01-25 20:00:00,22968.0
2026-01-25T20,TEN,Tennessee,TI,Total interchange,40,megawatthours,2026-01-25 20:00:00,40.0
2026-01-25T19,TEN,Tennessee,D,Demand,23132,megawatthours,2026-01-25 19:00:00,23132.0
2026-01-25T19,TEN,Tennessee,DF,Day-ahead demand forecast,26054,megawatthours,2026-01-25 19:00:00,26054.0
2026-01-25T19,TEN,Tennessee,NG,Net generation,23000,megawatthours,2026-01-25 19:00:00,23000.0
2026-01-25T19,TEN,Tennessee,TI,Total interchange,-21,megawatthours,2026-01-25 19:00:00,-21.0
2026-01-25T18,TEN,Tennessee,D,Demand,23161,megawatthours,2026-01-25 18:00:00,23161.0
2026-01-25T18,TEN,Tennessee,DF,Day-ahead demand forecast,26276,megawatthours,2026-01-25 18:00:00,26276.0
2026-01-25T18,TEN,Tennessee,NG,Net generation,23062,megawatthours,2026-01-25 18:00:00,23062.0
2026-01-25T18,TEN,Tennessee,TI,Total interchange,-26,megawatthours,2026-01-25 18:00:00,-26.0
2026-01-25T17,TEN,Tennessee,D,Demand,23261,megawatthours,2026-01-25 17:00:00,23261.0
2026-01-25T17,TEN,Tennessee,DF,Day-ahead demand forecast,26534,megawatthours,2026-01-25 17:00:00,26534.0
2026-01-25T17,TEN,Tennessee,NG,Net generation,23321,megawatthours,2026-01-25 17:00:00,23321.0
2026-01-25T17,TEN,Tennessee,TI,Total interchange,111,megawatthours,2026-01-25 17:00:00,111.0
2026-01-25T16,TEN,Tennessee,D,Demand,23037,megawatthours,2026-01-25 16:00:00,23037.0
2026-01-25T16,TEN,Tennessee,DF,Day-ahead demand forecast,27021,megawatthours,2026-01-25 16:00:00,27021.0
2026-01-25T16,TEN,Tennessee,NG,Net generation,22988,megawatthours,2026-01-25 16:00:00,22988.0
2026-01-25T16,TEN,Tennessee,TI,Total interchange,-13,megawatthours,2026-01-25 16:00:00,-13.0
2026-01-25T15,TEN,Tennessee,D,Demand,22534,megawatthours,2026-01-25 15:00:00,22534.0
2026-01-25T15,TEN,Tennessee,DF,Day-ahead demand forecast,27411,megawatthours,2026-01-25 15:00:00,27411.0
2026-01-25T15,TEN,Tennessee,NG,Net generation,22928,megawatthours,2026-01-25 15:00:00,22928.0
2026-01-25T15,TEN,Tennessee,TI,Total interchange,401,megawatthours,2026-01-25 15:00:00,401.0
2026-01-25T14,TEN,Tennessee,D,Demand,21984,megawatthours,2026-01-25 14:00:00,21984.0
2026-01-25T14,TEN,Tennessee,DF,Day-ahead demand forecast,27278,megawatthours,2026-01-25 14:00:00,27278.0
2026-01-25T14,TEN,Tennessee,NG,Net generation,22285,megawatthours,2026-01-25 14:00:00,22285.0
2026-01-25T14,TEN,Tennessee,TI,Total interchange,302,megawatthours,2026-01-25 14:00:00,302.0
2026-01-25T13,TEN,Tennessee,D,Demand,21751,megawatthours,2026-01-25 13:00:00,21751.0
2026-01-25T13,TEN,Tennessee,DF,Day-ahead demand forecast,26667,megawatthours,2026-01-25 13:00:00,26667.0
2026-01-25T13,TEN,Tennessee,NG,Net generation,22065,megawatthours,2026-01-25 13:00:00,22065.0
2026-01-25T13,TEN,Tennessee,TI,Total interchange,309,megawatthours,2026-01-25 13:00:00,309.0
2026-01-25T12,TEN,Tennessee,D,Demand,21818,megawatthours,2026-01-25 12:00:00,21818.0
2026-01-25T12,TEN,Tennessee,DF,Day-ahead demand forecast,25664,megawatthours,2026-01-25 12:00:00,25664.0
2026-01-25T12,TEN,Tennessee,NG,Net generation,22060,megawatthours,2026-01-25 12:00:00,22060.0
2026-01-25T12,TEN,Tennessee,TI,Total interchange,238,megawatthours,2026-01-25 12:00:00,238.0
2026-01-25T11,TEN,Tennessee,D,Demand,22082,megawatthours,2026-01-25 11:00:00,22082.0
2026-01-25T11,TEN,Tennessee,DF,Day-ahead demand forecast,24826,megawatthours,2026-01-25 11:00:00,24826.0
2026-01-25T11,TEN,Tennessee,NG,Net generation,22248,megawatthours,2026-01-25 11:00:00,22248.0
2026-01-25T11,TEN,Tennessee,TI,Total interchange,163,megawatthours,2026-01-25 11:00:00,163.0
2026-01-25T10,TEN,Tennessee,D,Demand,22516,megawatthours,2026-01-25 10:00:00,22516.0
2026-01-25T10,TEN,Tennessee,DF,Day-ahead demand forecast,24567,megawatthours,2026-01-25 10:00:00,24567.0
2026-01-25T10,TEN,Tennessee,NG,Net generation,22686,megawatthours,2026-01-25 10:00:00,22686.0
2026-01-25T10,TEN,Tennessee,TI,Total interchange,165,megawatthours,2026-01-25 10:00:00,165.0
2026-01-25T09,TEN,Tennessee,D,Demand,22652,megawatthours,2026-01-25 09:00:00,22652.0
2026-01-25T09,TEN,Tennessee,DF,Day-ahead demand forecast,24657,megawatthours,2026-01-25 09:00:00,24657.0
2026-01-25T09,TEN,Tennessee,NG,Net generation,22740,megawatthours,2026-01-25 09:00:00,22740.0
2026-01-25T09,TEN,Tennessee,TI,Total interchange,85,megawatthours,2026-01-25 09:00:00,85.0
2026-01-25T08,TEN,Tennessee,D,Demand,23042,megawatthours,2026-01-25 08:00:00,23042.0
2026-01-25T08,TEN,Tennessee,DF,Day-ahead demand forecast,24662,megawatthours,2026-01-25 08:00:00,24662.0
2026-01-25T08,TEN,Tennessee,NG,Net generation,23230,megawatthours,2026-01-25 08:00:00,23230.0
2026-01-25T08,TEN,Tennessee,TI,Total interchange,183,megawatthours,2026-01-25 08:00:00,183.0
2026-01-25T07,TEN,Tennessee,D,Demand,23561,megawatthours,2026-01-25 07:00:00,23561.0
2026-01-25T07,TEN,Tennessee,DF,Day-ahead demand forecast,24949,megawatthours,2026-01-25 07:00:00,24949.0
2026-01-25T07,TEN,Tennessee,NG,Net generation,23820,megawatthours,2026-01-25 07:00:00,23820.0
2026-01-25T07,TEN,Tennessee,TI,Total interchange,255,megawatthours,2026-01-25 07:00:00,255.0
2026-01-25T06,TEN,Tennessee,D,Demand,24141,megawatthours,2026-01-25 06:00:00,24141.0
2026-01-25T06,TEN,Tennessee,DF,Day-ahead demand forecast,24706,megawatthours,2026-01-25 06:00:00,24706.0
2026-01-25T06,TEN,Tennessee,NG,Net generation,23988,megawatthours,2026-01-25 06:00:00,23988.0
2026-01-25T06,TEN,Tennessee,TI,Total interchange,-155,megawatthours,2026-01-25 06:00:00,-155.0
2026-01-25T05,TEN,Tennessee,D,Demand,24899,megawatthours,2026-01-25 05:00:00,24899.0
2026-01-25T05,TEN,Tennessee,DF,Day-ahead demand forecast,25565,megawatthours,2026-01-25 05:00:00,25565.0
2026-01-25T05,TEN,Tennessee,NG,Net generation,24809,megawatthours,2026-01-25 05:00:00,24809.0
2026-01-25T05,TEN,Tennessee,TI,Total interchange,-96,megawatthours,2026-01-25 05:00:00,-96.0
2026-01-25T04,TEN,Tennessee,D,Demand,25757,megawatthours,2026-01-25 04:00:00,25757.0
2026-01-25T04,TEN,Tennessee,DF,Day-ahead demand forecast,26448,megawatthours,2026-01-25 04:00:00,26448.0
2026-01-25T04,TEN,Tennessee,NG,Net generation,25481,megawatthours,2026-01-25 04:00:00,25481.0
2026-01-25T04,TEN,Tennessee,TI,Total interchange,-279,megawatthours,2026-01-25 04:00:00,-279.0
2026-01-25T03,TEN,Tennessee,D,Demand,26499,megawatthours,2026-01-25 03:00:00,26499.0
2026-01-25T03,TEN,Tennessee,DF,Day-ahead demand forecast,27162,megawatthours,2026-01-25 03:00:00,27162.0
2026-01-25T03,TEN,Tennessee,NG,Net generation,26074,megawatthours,2026-01-25 03:00:00,26074.0
2026-01-25T03,TEN,Tennessee,TI,Total interchange,-429,megawatthours,2026-01-25 03:00:00,-429.0
2026-01-25T02,TEN,Tennessee,D,Demand,27146,megawatthours,2026-01-25 02:00:00,27146.0
2026-01-25T02,TEN,Tennessee,DF,Day-ahead demand forecast,27719,megawatthours,2026-01-25 02:00:00,27719.0
2026-01-25T02,TEN,Tennessee,NG,Net generation,26630,megawatthours,2026-01-25 02:00:00,26630.0
2026-01-25T02,TEN,Tennessee,TI,Total interchange,-519,megawatthours,2026-01-25 02:00:00,-519.0
2026-01-25T01,TEN,Tennessee,D,Demand,27771,megawatthours,2026-01-25 01:00:00,27771.0
2026-01-25T01,TEN,Tennessee,DF,Day-ahead demand forecast,28457,megawatthours,2026-01-25 01:00:00,28457.0
2026-01-25T01,TEN,Tennessee,NG,Net generation,26692,megawatthours,2026-01-25 01:00:00,26692.0
2026-01-25T01,TEN,Tennessee,TI,Total interchange,-1082,megawatthours,2026-01-25 01:00:00,-1082.0
2026-01-25T00,TEN,Tennessee,D,Demand,28177,megawatthours,2026-01-25 00:00:00,28177.0
2026-01-25T00,TEN,Tennessee,DF,Day-ahead demand forecast,28543,megawatthours,2026-01-25 00:00:00,28543.0
2026-01-25T00,TEN,Tennessee,NG,Net generation,27206,megawatthours,2026-01-25 00:00:00,27206.0
2026-01-25T00,TEN,Tennessee,TI,Total interchange,-977,megawatthours,2026-01-25 00:00:00,-977.0
2026-01-24T23,TEN,Tennessee,D,Demand,27578,megawatthours,2026-01-24 23:00:00,27578.0
2026-01-24T23,TEN,Tennessee,DF,Day-ahead demand forecast,27706,megawatthours,2026-01-24 23:00:00,27706.0
2026-01-24T23,TEN,Tennessee,NG,Net generation,26612,megawatthours,2026-01-24 23:00:00,26612.0
2026-01-24T23,TEN,Tennessee,TI,Total interchange,-959,megawatthours,2026-01-24 23:00:00,-959.0
2026-01-24T22,TEN,Tennessee,D,Demand,27371,megawatthours,2026-01-24 22:00:00,27371.0
2026-01-24T22,TEN,Tennessee,DF,Day-ahead demand forecast,26813,megawatthours,2026-01-24 22:00:00,26813.0
2026-01-24T22,TEN,Tennessee,NG,Net generation,26505,megawatthours,2026-01-24 22:00:00,26505.0
2026-01-24T22,TEN,Tennessee,TI,Total interchange,-847,megawatthours,2026-01-24 22:00:00,-847.0
2026-01-24T21,TEN,Tennessee,D,Demand,27488,megawatthours,2026-01-24 21:00:00,27488.0
2026-01-24T21,TEN,Tennessee,DF,Day-ahead demand forecast,26504,megawatthours,2026-01-24 21:00:00,26504.0
2026-01-24T21,TEN,Tennessee,NG,Net generation,26512,megawatthours,2026-01-24 21:00:00,26512.0
2026-01-24T21,TEN,Tennessee,TI,Total interchange,-930,megawatthours,2026-01-24 21:00:00,-930.0
2026-01-24T20,TEN,Tennessee,D,Demand,27629,megawatthours,2026-01-24 20:00:00,27629.0
2026-01-24T20,TEN,Tennessee,DF,Day-ahead demand forecast,26530,megawatthours,2026-01-24 20:00:00,26530.0
2026-01-24T20,TEN,Tennessee,NG,Net generation,26643,megawatthours,2026-01-24 20:00:00,26643.0
2026-01-24T20,TEN,Tennessee,TI,Total interchange,-943,megawatthours,2026-01-24 20:00:00,-943.0
2026-01-24T19,TEN,Tennessee,D,Demand,28022,megawatthours,2026-01-24 19:00:00,28022.0
2026-01-24T19,TEN,Tennessee,DF,Day-ahead demand forecast,26642,megawatthours,2026-01-24 19:00:00,26642.0
2026-01-24T19,TEN,Tennessee,NG,Net generation,27613,megawatthours,2026-01-24 19:00:00,27613.0
2026-01-24T19,TEN,Tennessee,TI,Total interchange,-354,megawatthours,2026-01-24 19:00:00,-354.0
2026-01-24T18,TEN,Tennessee,D,Demand,28372,megawatthours,2026-01-24 18:00:00,28372.0
2026-01-24T18,TEN,Tennessee,DF,Day-ahead demand forecast,27275,megawatthours,2026-01-24 18:00:00,27275.0
2026-01-24T18,TEN,Tennessee,NG,Net generation,28004,megawatthours,2026-01-24 18:00:00,28004.0
2026-01-24T18,TEN,Tennessee,TI,Total interchange,-307,megawatthours,2026-01-24 18:00:00,-307.0
2026-01-24T17,TEN,Tennessee,D,Demand,28554,megawatthours,2026-01-24 17:00:00,28554.0
2026-01-24T17,TEN,Tennessee,DF,Day-ahead demand forecast,27812,megawatthours,2026-01-24 17:00:00,27812.0
2026-01-24T17,TEN,Tennessee,NG,Net generation,28191,megawatthours,2026-01-24 17:00:00,28191.0
2026-01-24T17,TEN,Tennessee,TI,Total interchange,-319,megawatthours,2026-01-24 17:00:00,-319.0
2026-01-24T16,TEN,Tennessee,D,Demand,28423,megawatthours,2026-01-24 16:00:00,28423.0
2026-01-24T16,TEN,Tennessee,DF,Day-ahead demand forecast,28013,megawatthours,2026-01-24 16:00:00,28013.0
2026-01-24T16,TEN,Tennessee,NG,Net generation,28051,megawatthours,2026-01-24 16:00:00,28051.0
2026-01-24T16,TEN,Tennessee,TI,Total interchange,-351,megawatthours,2026-01-24 16:00:00,-351.0
2026-01-24T15,TEN,Tennessee,D,Demand,27855,megawatthours,2026-01-24 15:00:00,27855.0
2026-01-24T15,TEN,Tennessee,DF,Day-ahead demand forecast,28579,megawatthours,2026-01-24 15:00:00,28579.0
2026-01-24T15,TEN,Tennessee,NG,Net generation,26926,megawatthours,2026-01-24 15:00:00,26926.0
2026-01-24T15,TEN,Tennessee,TI,Total interchange,-920,megawatthours,2026-01-24 15:00:00,-920.0
2026-01-24T14,TEN,Tennessee,D,Demand,27061,megawatthours,2026-01-24 14:00:00,27061.0
2026-01-24T14,TEN,Tennessee,DF,Day-ahead demand forecast,28164,megawatthours,2026-01-24 14:00:00,28164.0
2026-01-24T14,TEN,Tennessee,NG,Net generation,26117,megawatthours,2026-01-24 14:00:00,26117.0
2026-01-24T14,TEN,Tennessee,TI,Total interchange,-942,megawatthours,2026-01-24 14:00:00,-942.0
2026-01-24T13,TEN,Tennessee,D,Demand,26364,megawatthours,2026-01-24 13:00:00,26364.0
2026-01-24T13,TEN,Tennessee,DF,Day-ahead demand forecast,27616,megawatthours,2026-01-24 13:00:00,27616.0
2026-01-24T13,TEN,Tennessee,NG,Net generation,25431,megawatthours,2026-01-24 13:00:00,25431.0
2026-01-24T13,TEN,Tennessee,TI,Total interchange,-938,megawatthours,2026-01-24 13:00:00,-938.0
2026-01-24T12,TEN,Tennessee,D,Demand,25577,megawatthours,2026-01-24 12:00:00,25577.0
2026-01-24T12,TEN,Tennessee,DF,Day-ahead demand forecast,26703,megawatthours,2026-01-24 12:00:00,26703.0
2026-01-24T12,TEN,Tennessee,NG,Net generation,24693,megawatthours,2026-01-24 12:00:00,24693.0
2026-01-24T12,TEN,Tennessee,TI,Total interchange,-886,megawatthours,2026-01-24 12:00:00,-886.0
2026-01-24T11,TEN,Tennessee,D,Demand,25061,megawatthours,2026-01-24 11:00:00,25061.0
2026-01-24T11,TEN,Tennessee,DF,Day-ahead demand forecast,25805,megawatthours,2026-01-24 11:00:00,25805.0
2026-01-24T11,TEN,Tennessee,NG,Net generation,24362,megawatthours,2026-01-24 11:00:00,24362.0
2026-01-24T11,TEN,Tennessee,TI,Total interchange,-704,megawatthours,2026-01-24 11:00:00,-704.0
2026-01-24T10,TEN,Tennessee,D,Demand,24788,megawatthours,2026-01-24 10:00:00,24788.0
2026-01-24T10,TEN,Tennessee,DF,Day-ahead demand forecast,25339,megawatthours,2026-01-24 10:00:00,25339.0
2026-01-24T10,TEN,Tennessee,NG,Net generation,24257,megawatthours,2026-01-24 10:00:00,24257.0
2026-01-24T10,TEN,Tennessee,TI,Total interchange,-535,megawatthours,2026-01-24 10:00:00,-535.0
2026-01-24T09,TEN,Tennessee,D,Demand,24607,megawatthours,2026-01-24 09:00:00,24607.0
2026-01-24T09,TEN,Tennessee,DF,Day-ahead demand forecast,24849,megawatthours,2026-01-24 09:00:00,24849.0
2026-01-24T09,TEN,Tennessee,NG,Net generation,24164,megawatthours,2026-01-24 09:00:00,24164.0
2026-01-24T09,TEN,Tennessee,TI,Total interchange,-449,megawatthours,2026-01-24 09:00:00,-449.0
2026-01-24T08,TEN,Tennessee,D,Demand,24564,megawatthours,2026-01-24 08:00:00,24564.0
2026-01-24T08,TEN,Tennessee,DF,Day-ahead demand forecast,24636,megawatthours,2026-01-24 08:00:00,24636.0
2026-01-24T08,TEN,Tennessee,NG,Net generation,24216,megawatthours,2026-01-24 08:00:00,24216.0
2026-01-24T08,TEN,Tennessee,TI,Total interchange,-350,megawatthours,2026-01-24 08:00:00,-350.0
2026-01-24T07,TEN,Tennessee,D,Demand,24649,megawatthours,2026-01-24 07:00:00,24649.0
2026-01-24T07,TEN,Tennessee,DF,Day-ahead demand forecast,24404,megawatthours,2026-01-24 07:00:00,24404.0
2026-01-24T07,TEN,Tennessee,NG,Net generation,24260,megawatthours,2026-01-24 07:00:00,24260.0
2026-01-24T07,TEN,Tennessee,TI,Total interchange,-390,megawatthours,2026-01-24 07:00:00,-390.0
2026-01-24T06,TEN,Tennessee,D,Demand,24768,megawatthours,2026-01-24 06:00:00,24768.0
2026-01-24T06,TEN,Tennessee,DF,Day-ahead demand forecast,24014,megawatthours,2026-01-24 06:00:00,24014.0
2026-01-24T06,TEN,Tennessee,NG,Net generation,24394,megawatthours,2026-01-24 06:00:00,24394.0
2026-01-24T06,TEN,Tennessee,TI,Total interchange,-381,megawatthours,2026-01-24 06:00:00,-381.0
2026-01-24T05,TEN,Tennessee,D,Demand,24984,megawatthours,2026-01-24 05:00:00,24984.0
2026-01-24T05,TEN,Tennessee,DF,Day-ahead demand forecast,24319,megawatthours,2026-01-24 05:00:00,24319.0
2026-01-24T05,TEN,Tennessee,NG,Net generation,24783,megawatthours,2026-01-24 05:00:00,24783.0
2026-01-24T05,TEN,Tennessee,TI,Total interchange,-203,megawatthours,2026-01-24 05:00:00,-203.0
2026-01-24T04,TEN,Tennessee,D,Demand,25390,megawatthours,2026-01-24 04:00:00,25390.0
2026-01-24T04,TEN,Tennessee,DF,Day-ahead demand forecast,24721,megawatthours,2026-01-24 04:00:00,24721.0
2026-01-24T04,TEN,Tennessee,NG,Net generation,25238,megawatthours,2026-01-24 04:00:00,25238.0
2026-01-24T04,TEN,Tennessee,TI,Total interchange,-159,megawatthours,2026-01-24 04:00:00,-159.0
2026-01-24T03,TEN,Tennessee,D,Demand,25542,megawatthours,2026-01-24 03:00:00,25542.0
2026-01-24T03,TEN,Tennessee,DF,Day-ahead demand forecast,24984,megawatthours,2026-01-24 03:00:00,24984.0
2026-01-24T03,TEN,Tennessee,NG,Net generation,25534,megawatthours,2026-01-24 03:00:00,25534.0
2026-01-24T03,TEN,Tennessee,TI,Total interchange,-13,megawatthours,2026-01-24 03:00:00,-13.0
2026-01-24T02,TEN,Tennessee,D,Demand,25320,megawatthours,2026-01-24 02:00:00,25320.0
2026-01-24T02,TEN,Tennessee,DF,Day-ahead demand forecast,25059,megawatthours,2026-01-24 02:00:00,25059.0
2026-01-24T02,TEN,Tennessee,NG,Net generation,25527,megawatthours,2026-01-24 02:00:00,25527.0
2026-01-24T02,TEN,Tennessee,TI,Total interchange,207,megawatthours,2026-01-24 02:00:00,207.0
2026-01-24T01,TEN,Tennessee,D,Demand,25185,megawatthours,2026-01-24 01:00:00,25185.0
2026-01-24T01,TEN,Tennessee,DF,Day-ahead demand forecast,24962,megawatthours,2026-01-24 01:00:00,24962.0
2026-01-24T01,TEN,Tennessee,NG,Net generation,25352,megawatthours,2026-01-24 01:00:00,25352.0
2026-01-24T01,TEN,Tennessee,TI,Total interchange,161,megawatthours,2026-01-24 01:00:00,161.0
2026-01-24T00,TEN,Tennessee,D,Demand,24347,megawatthours,2026-01-24 00:00:00,24347.0
2026-01-24T00,TEN,Tennessee,DF,Day-ahead demand forecast,24512,megawatthours,2026-01-24 00:00:00,24512.0
2026-01-24T00,TEN,Tennessee,NG,Net generation,24398,megawatthours,2026-01-24 00:00:00,24398.0
2026-01-24T00,TEN,Tennessee,TI,Total interchange,50,megawatthours,2026-01-24 00:00:00,50.0
2026-01-23T23,TEN,Tennessee,D,Demand,22955,megawatthours,2026-01-23 23:00:00,22955.0
2026-01-23T23,TEN,Tennessee,DF,Day-ahead demand forecast,23144,megawatthours,2026-01-23 23:00:00,23144.0
2026-01-23T23,TEN,Tennessee,NG,Net generation,23104,megawatthours,2026-01-23 23:00:00,23104.0
2026-01-23T23,TEN,Tennessee,TI,Total interchange,171,megawatthours,2026-01-23 23:00:00,171.0
2026-01-23T22,TEN,Tennessee,D,Demand,21837,megawatthours,2026-01-23 22:00:00,21837.0
2026-01-23T22,TEN,Tennessee,DF,Day-ahead demand forecast,22134,megawatthours,2026-01-23 22:00:00,22134.0
2026-01-23T22,TEN,Tennessee,NG,Net generation,21902,megawatthours,2026-01-23 22:00:00,21902.0
2026-01-23T22,TEN,Tennessee,TI,Total interchange,106,megawatthours,2026-01-23 22:00:00,106.0
2026-01-23T21,TEN,Tennessee,D,Demand,21468,megawatthours,2026-01-23 21:00:00,21468.0
2026-01-23T21,TEN,Tennessee,DF,Day-ahead demand forecast,21770,megawatthours,2026-01-23 21:00:00,21770.0
2026-01-23T21,TEN,Tennessee,NG,Net generation,21332,megawatthours,2026-01-23 21:00:00,21332.0
2026-01-23T21,TEN,Tennessee,TI,Total interchange,-63,megawatthours,2026-01-23 21:00:00,-63.0
2026-01-23T20,TEN,Tennessee,D,Demand,21368,megawatthours,2026-01-23 20:00:00,21368.0
2026-01-23T20,TEN,Tennessee,DF,Day-ahead demand forecast,21770,megawatthours,2026-01-23 20:00:00,21770.0
2026-01-23T20,TEN,Tennessee,NG,Net generation,21010,megawatthours,2026-01-23 20:00:00,21010.0
2026-01-23T20,TEN,Tennessee,TI,Total interchange,-243,megawatthours,2026-01-23 20:00:00,-243.0
2026-01-23T19,TEN,Tennessee,D,Demand,21844,megawatthours,2026-01-23 19:00:00,21844.0
2026-01-23T19,TEN,Tennessee,DF,Day-ahead demand forecast,21932,megawatthours,2026-01-23 19:00:00,21932.0
2026-01-23T19,TEN,Tennessee,NG,Net generation,21503,megawatthours,2026-01-23 19:00:00,21503.0
2026-01-23T19,TEN,Tennessee,TI,Total interchange,-230,megawatthours,2026-01-23 19:00:00,-230.0
2026-01-23T18,TEN,Tennessee,D,Demand,22419,megawatthours,2026-01-23 18:00:00,22419.0
2026-01-23T18,TEN,Tennessee,DF,Day-ahead demand forecast,22236,megawatthours,2026-01-23 18:00:00,22236.0
2026-01-23T18,TEN,Tennessee,NG,Net generation,22130,megawatthours,2026-01-23 18:00:00,22130.0
2026-01-23T18,TEN,Tennessee,TI,Total interchange,-188,megawatthours,2026-01-23 18:00:00,-188.0
2026-01-23T17,TEN,Tennessee,D,Demand,22977,megawatthours,2026-01-23 17:00:00,22977.0
2026-01-23T17,TEN,Tennessee,DF,Day-ahead demand forecast,22562,megawatthours,2026-01-23 17:00:00,22562.0
2026-01-23T17,TEN,Tennessee,NG,Net generation,22717,megawatthours,2026-01-23 17:00:00,22717.0
2026-01-23T17,TEN,Tennessee,TI,Total interchange,-152,megawatthours,2026-01-23 17:00:00,-152.0
2026-01-23T16,TEN,Tennessee,D,Demand,23349,megawatthours,2026-01-23 16:00:00,23349.0
2026-01-23T16,TEN,Tennessee,DF,Day-ahead demand forecast,22911,megawatthours,2026-01-23 16:00:00,22911.0
2026-01-23T16,TEN,Tennessee,NG,Net generation,22934,megawatthours,2026-01-23 16:00:00,22934.0
2026-01-23T16,TEN,Tennessee,TI,Total interchange,-294,megawatthours,2026-01-23 16:00:00,-294.0
2026-01-23T15,TEN,Tennessee,D,Demand,23966,megawatthours,2026-01-23 15:00:00,23966.0
2026-01-23T15,TEN,Tennessee,DF,Day-ahead demand forecast,23521,megawatthours,2026-01-23 15:00:00,23521.0
2026-01-23T15,TEN,Tennessee,NG,Net generation,23720,megawatthours,2026-01-23 15:00:00,23720.0
2026-01-23T15,TEN,Tennessee,TI,Total interchange,-151,megawatthours,2026-01-23 15:00:00,-151.0
2026-01-23T14,TEN,Tennessee,D,Demand,24276,megawatthours,2026-01-23 14:00:00,24276.0
2026-01-23T14,TEN,Tennessee,DF,Day-ahead demand forecast,23839,megawatthours,2026-01-23 14:00:00,23839.0
2026-01-23T14,TEN,Tennessee,NG,Net generation,24200,megawatthours,2026-01-23 14:00:00,24200.0
2026-01-23T14,TEN,Tennessee,TI,Total interchange,-61,megawatthours,2026-01-23 14:00:00,-61.0
2026-01-23T13,TEN,Tennessee,D,Demand,23889,megawatthours,2026-01-23 13:00:00,23889.0
2026-01-23T13,TEN,Tennessee,DF,Day-ahead demand forecast,23420,megawatthours,2026-01-23 13:00:00,23420.0
2026-01-23T13,TEN,Tennessee,NG,Net generation,23834,megawatthours,2026-01-23 13:00:00,23834.0
2026-01-23T13,TEN,Tennessee,TI,Total interchange,-59,megawatthours,2026-01-23 13:00:00,-59.0
2026-01-23T12,TEN,Tennessee,D,Demand,22596,megawatthours,2026-01-23 12:00:00,22596.0
2026-01-23T12,TEN,Tennessee,DF,Day-ahead demand forecast,22082,megawatthours,2026-01-23 12:00:00,22082.0
2026-01-23T12,TEN,Tennessee,NG,Net generation,22444,megawatthours,2026-01-23 12:00:00,22444.0
2026-01-23T12,TEN,Tennessee,TI,Total interchange,-159,megawatthours,2026-01-23 12:00:00,-159.0
2026-01-23T11,TEN,Tennessee,D,Demand,21275,megawatthours,2026-01-23 11:00:00,21275.0
2026-01-23T11,TEN,Tennessee,DF,Day-ahead demand forecast,20854,megawatthours,2026-01-23 11:00:00,20854.0
2026-01-23T11,TEN,Tennessee,NG,Net generation,20996,megawatthours,2026-01-23 11:00:00,20996.0
2026-01-23T11,TEN,Tennessee,TI,Total interchange,-278,megawatthours,2026-01-23 11:00:00,-278.0
2026-01-23T10,TEN,Tennessee,D,Demand,20775,megawatthours,2026-01-23 10:00:00,20775.0
2026-01-23T10,TEN,Tennessee,DF,Day-ahead demand forecast,20256,megawatthours,2026-01-23 10:00:00,20256.0
2026-01-23T10,TEN,Tennessee,NG,Net generation,20336,megawatthours,2026-01-23 10:00:00,20336.0
2026-01-23T10,TEN,Tennessee,TI,Total interchange,-447,megawatthours,2026-01-23 10:00:00,-447.0
2026-01-23T09,TEN,Tennessee,D,Demand,20744,megawatthours,2026-01-23 09:00:00,20744.0
2026-01-23T09,TEN,Tennessee,DF,Day-ahead demand forecast,20020,megawatthours,2026-01-23 09:00:00,20020.0
2026-01-23T09,TEN,Tennessee,NG,Net generation,20152,megawatthours,2026-01-23 09:00:00,20152.0
2026-01-23T09,TEN,Tennessee,TI,Total interchange,-592,megawatthours,2026-01-23 09:00:00,-592.0
2026-01-23T08,TEN,Tennessee,D,Demand,20639,megawatthours,2026-01-23 08:00:00,20639.0
2026-01-23T08,TEN,Tennessee,DF,Day-ahead demand forecast,19864,megawatthours,2026-01-23 08:00:00,19864.0
2026-01-23T08,TEN,Tennessee,NG,Net generation,20037,megawatthours,2026-01-23 08:00:00,20037.0
2026-01-23T08,TEN,Tennessee,TI,Total interchange,-605,megawatthours,2026-01-23 08:00:00,-605.0
2026-01-23T07,TEN,Tennessee,D,Demand,20664,megawatthours,2026-01-23 07:00:00,20664.0
2026-01-23T07,TEN,Tennessee,DF,Day-ahead demand forecast,19937,megawatthours,2026-01-23 07:00:00,19937.0
2026-01-23T07,TEN,Tennessee,NG,Net generation,20024,megawatthours,2026-01-23 07:00:00,20024.0
2026-01-23T07,TEN,Tennessee,TI,Total interchange,-645,megawatthours,2026-01-23 07:00:00,-645.0
2026-01-23T06,TEN,Tennessee,D,Demand,21001,megawatthours,2026-01-23 06:00:00,21001.0
2026-01-23T06,TEN,Tennessee,DF,Day-ahead demand forecast,20125,megawatthours,2026-01-23 06:00:00,20125.0
2026-01-23T06,TEN,Tennessee,NG,Net generation,20292,megawatthours,2026-01-23 06:00:00,20292.0
2026-01-23T06,TEN,Tennessee,TI,Total interchange,-712,megawatthours,2026-01-23 06:00:00,-712.0
2026-01-23T05,TEN,Tennessee,D,Demand,21516,megawatthours,2026-01-23 05:00:00,21516.0
2026-01-23T05,TEN,Tennessee,DF,Day-ahead demand forecast,20563,megawatthours,2026-01-23 05:00:00,20563.0
2026-01-23T05,TEN,Tennessee,NG,Net generation,20799,megawatthours,2026-01-23 05:00:00,20799.0
2026-01-23T05,TEN,Tennessee,TI,Total interchange,-720,megawatthours,2026-01-23 05:00:00,-720.0
2026-01-23T04,TEN,Tennessee,D,Demand,21964,megawatthours,2026-01-23 04:00:00,21964.0
2026-01-23T04,TEN,Tennessee,DF,Day-ahead demand forecast,21356,megawatthours,2026-01-23 04:00:00,21356.0
2026-01-23T04,TEN,Tennessee,NG,Net generation,21485,megawatthours,2026-01-23 04:00:00,21485.0
2026-01-23T04,TEN,Tennessee,TI,Total interchange,-483,megawatthours,2026-01-23 04:00:00,-483.0
2026-01-23T03,TEN,Tennessee,D,Demand,22558,megawatthours,2026-01-23 03:00:00,22558.0
2026-01-23T03,TEN,Tennessee,DF,Day-ahead demand forecast,21793,megawatthours,2026-01-23 03:00:00,21793.0
2026-01-23T03,TEN,Tennessee,NG,Net generation,22362,megawatthours,2026-01-23 03:00:00,22362.0
2026-01-23T03,TEN,Tennessee,TI,Total interchange,-201,megawatthours,2026-01-23 03:00:00,-201.0
2026-01-23T02,TEN,Tennessee,D,Demand,22495,megawatthours,2026-01-23 02:00:00,22495.0
2026-01-23T02,TEN,Tennessee,DF,Day-ahead demand forecast,21941,megawatthours,2026-01-23 02:00:00,21941.0
2026-01-23T02,TEN,Tennessee,NG,Net generation,22372,megawatthours,2026-01-23 02:00:00,22372.0
2026-01-23T02,TEN,Tennessee,TI,Total interchange,-129,megawatthours,2026-01-23 02:00:00,-129.0
2026-01-23T01,TEN,Tennessee,D,Demand,22092,megawatthours,2026-01-23 01:00:00,22092.0
2026-01-23T01,TEN,Tennessee,DF,Day-ahead demand forecast,21723,megawatthours,2026-01-23 01:00:00,21723.0
2026-01-23T01,TEN,Tennessee,NG,Net generation,22001,megawatthours,2026-01-23 01:00:00,22001.0
2026-01-23T01,TEN,Tennessee,TI,Total interchange,-93,megawatthours,2026-01-23 01:00:00,-93.0
2026-01-23T00,TEN,Tennessee,D,Demand,21282,megawatthours,2026-01-23 00:00:00,21282.0
2026-01-23T00,TEN,Tennessee,DF,Day-ahead demand forecast,21362,megawatthours,2026-01-23 00:00:00,21362.0
2026-01-23T00,TEN,Tennessee,NG,Net generation,21375,megawatthours,2026-01-23 00:00:00,21375.0
2026-01-23T00,TEN,Tennessee,TI,Total interchange,93,megawatthours,2026-01-23 00:00:00,93.0
2026-01-22T23,TEN,Tennessee,D,Demand,19983,megawatthours,2026-01-22 23:00:00,19983.0
2026-01-22T23,TEN,Tennessee,DF,Day-ahead demand forecast,20316,megawatthours,2026-01-22 23:00:00,20316.0
2026-01-22T23,TEN,Tennessee,NG,Net generation,19932,megawatthours,2026-01-22 23:00:00,19932.0
2026-01-22T23,TEN,Tennessee,TI,Total interchange,-22,megawatthours,2026-01-22 23:00:00,-22.0
2026-01-22T22,TEN,Tennessee,D,Demand,19172,megawatthours,2026-01-22 22:00:00,19172.0
2026-01-22T22,TEN,Tennessee,DF,Day-ahead demand forecast,19823,megawatthours,2026-01-22 22:00:00,19823.0
2026-01-22T22,TEN,Tennessee,NG,Net generation,18717,megawatthours,2026-01-22 22:00:00,18717.0
2026-01-22T22,TEN,Tennessee,TI,Total interchange,-248,megawatthours,2026-01-22 22:00:00,-248.0
2026-01-22T21,TEN,Tennessee,D,Demand,19070,megawatthours,2026-01-22 21:00:00,19070.0
2026-01-22T21,TEN,Tennessee,DF,Day-ahead demand forecast,19699,megawatthours,2026-01-22 21:00:00,19699.0
2026-01-22T21,TEN,Tennessee,NG,Net generation,18503,megawatthours,2026-01-22 21:00:00,18503.0
2026-01-22T21,TEN,Tennessee,TI,Total interchange,-317,megawatthours,2026-01-22 21:00:00,-317.0
2026-01-22T20,TEN,Tennessee,D,Demand,19337,megawatthours,2026-01-22 20:00:00,19337.0
2026-01-22T20,TEN,Tennessee,DF,Day-ahead demand forecast,20042,megawatthours,2026-01-22 20:00:00,20042.0
2026-01-22T20,TEN,Tennessee,NG,Net generation,18669,megawatthours,2026-01-22 20:00:00,18669.0
2026-01-22T20,TEN,Tennessee,TI,Total interchange,-430,megawatthours,2026-01-22 20:00:00,-430.0
2026-01-22T19,TEN,Tennessee,D,Demand,19724,megawatthours,2026-01-22 19:00:00,19724.0
2026-01-22T19,TEN,Tennessee,DF,Day-ahead demand forecast,20368,megawatthours,2026-01-22 19:00:00,20368.0
2026-01-22T19,TEN,Tennessee,NG,Net generation,19080,megawatthours,2026-01-22 19:00:00,19080.0
2026-01-22T19,TEN,Tennessee,TI,Total interchange,-450,megawatthours,2026-01-22 19:00:00,-450.0
2026-01-22T18,TEN,Tennessee,D,Demand,20358,megawatthours,2026-01-22 18:00:00,20358.0
2026-01-22T18,TEN,Tennessee,DF,Day-ahead demand forecast,20916,megawatthours,2026-01-22 18:00:00,20916.0
2026-01-22T18,TEN,Tennessee,NG,Net generation,19700,megawatthours,2026-01-22 18:00:00,19700.0
2026-01-22T18,TEN,Tennessee,TI,Total interchange,-441,megawatthours,2026-01-22 18:00:00,-441.0
2026-01-22T17,TEN,Tennessee,D,Demand,21130,megawatthours,2026-01-22 17:00:00,21130.0
2026-01-22T17,TEN,Tennessee,DF,Day-ahead demand forecast,21460,megawatthours,2026-01-22 17:00:00,21460.0
2026-01-22T17,TEN,Tennessee,NG,Net generation,20594,megawatthours,2026-01-22 17:00:00,20594.0
2026-01-22T17,TEN,Tennessee,TI,Total interchange,-300,megawatthours,2026-01-22 17:00:00,-300.0
2026-01-22T16,TEN,Tennessee,D,Demand,21586,megawatthours,2026-01-22 16:00:00,21586.0
2026-01-22T16,TEN,Tennessee,DF,Day-ahead demand forecast,21791,megawatthours,2026-01-22 16:00:00,21791.0
2026-01-22T16,TEN,Tennessee,NG,Net generation,21142,megawatthours,2026-01-22 16:00:00,21142.0
2026-01-22T16,TEN,Tennessee,TI,Total interchange,-211,megawatthours,2026-01-22 16:00:00,-211.0
2026-01-22T15,TEN,Tennessee,D,Demand,22234,megawatthours,2026-01-22 15:00:00,22234.0
2026-01-22T15,TEN,Tennessee,DF,Day-ahead demand forecast,22440,megawatthours,2026-01-22 15:00:00,22440.0
2026-01-22T15,TEN,Tennessee,NG,Net generation,21913,megawatthours,2026-01-22 15:00:00,21913.0
2026-01-22T15,TEN,Tennessee,TI,Total interchange,-175,megawatthours,2026-01-22 15:00:00,-175.0
2026-01-22T14,TEN,Tennessee,D,Demand,22705,megawatthours,2026-01-22 14:00:00,22705.0
2026-01-22T14,TEN,Tennessee,DF,Day-ahead demand forecast,22860,megawatthours,2026-01-22 14:00:00,22860.0
2026-01-22T14,TEN,Tennessee,NG,Net generation,22708,megawatthours,2026-01-22 14:00:00,22708.0
2026-01-22T14,TEN,Tennessee,TI,Total interchange,18,megawatthours,2026-01-22 14:00:00,18.0
2026-01-22T13,TEN,Tennessee,D,Demand,22135,megawatthours,2026-01-22 13:00:00,22135.0
2026-01-22T13,TEN,Tennessee,DF,Day-ahead demand forecast,22509,megawatthours,2026-01-22 13:00:00,22509.0
2026-01-22T13,TEN,Tennessee,NG,Net generation,22241,megawatthours,2026-01-22 13:00:00,22241.0
2026-01-22T13,TEN,Tennessee,TI,Total interchange,102,megawatthours,2026-01-22 13:00:00,102.0
2026-01-22T12,TEN,Tennessee,D,Demand,20654,megawatthours,2026-01-22 12:00:00,20654.0
2026-01-22T12,TEN,Tennessee,DF,Day-ahead demand forecast,20979,megawatthours,2026-01-22 12:00:00,20979.0
2026-01-22T12,TEN,Tennessee,NG,Net generation,20671,megawatthours,2026-01-22 12:00:00,20671.0
2026-01-22T12,TEN,Tennessee,TI,Total interchange,12,megawatthours,2026-01-22 12:00:00,12.0
2026-01-22T11,TEN,Tennessee,D,Demand,19207,megawatthours,2026-01-22 11:00:00,19207.0
2026-01-22T11,TEN,Tennessee,DF,Day-ahead demand forecast,19606,megawatthours,2026-01-22 11:00:00,19606.0
2026-01-22T11,TEN,Tennessee,NG,Net generation,18972,megawatthours,2026-01-22 11:00:00,18972.0
2026-01-22T11,TEN,Tennessee,TI,Total interchange,-238,megawatthours,2026-01-22 11:00:00,-238.0
2026-01-22T10,TEN,Tennessee,D,Demand,18615,megawatthours,2026-01-22 10:00:00,18615.0
2026-01-22T10,TEN,Tennessee,DF,Day-ahead demand forecast,18995,megawatthours,2026-01-22 10:00:00,18995.0
2026-01-22T10,TEN,Tennessee,NG,Net generation,18252,megawatthours,2026-01-22 10:00:00,18252.0
2026-01-22T10,TEN,Tennessee,TI,Total interchange,-368,megawatthours,2026-01-22 10:00:00,-368.0
2026-01-22T09,TEN,Tennessee,D,Demand,18371,megawatthours,2026-01-22 09:00:00,18371.0
2026-01-22T09,TEN,Tennessee,DF,Day-ahead demand forecast,18780,megawatthours,2026-01-22 09:00:00,18780.0
2026-01-22T09,TEN,Tennessee,NG,Net generation,17891,megawatthours,2026-01-22 09:00:00,17891.0
2026-01-22T09,TEN,Tennessee,TI,Total interchange,-483,megawatthours,2026-01-22 09:00:00,-483.0
2026-01-22T08,TEN,Tennessee,D,Demand,18378,megawatthours,2026-01-22 08:00:00,18378.0
2026-01-22T08,TEN,Tennessee,DF,Day-ahead demand forecast,18728,megawatthours,2026-01-22 08:00:00,18728.0
2026-01-22T08,TEN,Tennessee,NG,Net generation,17879,megawatthours,2026-01-22 08:00:00,17879.0
2026-01-22T08,TEN,Tennessee,TI,Total interchange,-500,megawatthours,2026-01-22 08:00:00,-500.0
2026-01-22T07,TEN,Tennessee,D,Demand,18461,megawatthours,2026-01-22 07:00:00,18461.0
2026-01-22T07,TEN,Tennessee,DF,Day-ahead demand forecast,18903,megawatthours,2026-01-22 07:00:00,18903.0
2026-01-22T07,TEN,Tennessee,NG,Net generation,18054,megawatthours,2026-01-22 07:00:00,18054.0
2026-01-22T07,TEN,Tennessee,TI,Total interchange,-414,megawatthours,2026-01-22 07:00:00,-414.0
2026-01-22T06,TEN,Tennessee,D,Demand,18990,megawatthours,2026-01-22 06:00:00,18990.0
2026-01-22T06,TEN,Tennessee,DF,Day-ahead demand forecast,19828,megawatthours,2026-01-22 06:00:00,19828.0
2026-01-22T06,TEN,Tennessee,NG,Net generation,18590,megawatthours,2026-01-22 06:00:00,18590.0
2026-01-22T06,TEN,Tennessee,TI,Total interchange,-404,megawatthours,2026-01-22 06:00:00,-404.0
2026-01-22T05,TEN,Tennessee,D,Demand,19834,megawatthours,2026-01-22 05:00:00,19834.0
2026-01-22T05,TEN,Tennessee,DF,Day-ahead demand forecast,20325,megawatthours,2026-01-22 05:00:00,20325.0
2026-01-22T05,TEN,Tennessee,NG,Net generation,19431,megawatthours,2026-01-22 05:00:00,19431.0
2026-01-22T05,TEN,Tennessee,TI,Total interchange,-407,megawatthours,2026-01-22 05:00:00,-407.0
2026-01-22T04,TEN,Tennessee,D,Demand,20789,megawatthours,2026-01-22 04:00:00,20789.0
2026-01-22T04,TEN,Tennessee,DF,Day-ahead demand forecast,21166,megawatthours,2026-01-22 04:00:00,21166.0
2026-01-22T04,TEN,Tennessee,NG,Net generation,20581,megawatthours,2026-01-22 04:00:00,20581.0
2026-01-22T04,TEN,Tennessee,TI,Total interchange,-211,megawatthours,2026-01-22 04:00:00,-211.0
2026-01-22T03,TEN,Tennessee,D,Demand,21585,megawatthours,2026-01-22 03:00:00,21585.0
2026-01-22T03,TEN,Tennessee,DF,Day-ahead demand forecast,21793,megawatthours,2026-01-22 03:00:00,21793.0
2026-01-22T03,TEN,Tennessee,NG,Net generation,21492,megawatthours,2026-01-22 03:00:00,21492.0
2026-01-22T03,TEN,Tennessee,TI,Total interchange,-96,megawatthours,2026-01-22 03:00:00,-96.0
2026-01-22T02,TEN,Tennessee,D,Demand,22053,megawatthours,2026-01-22 02:00:00,22053.0
2026-01-22T02,TEN,Tennessee,DF,Day-ahead demand forecast,22069,megawatthours,2026-01-22 02:00:00,22069.0
2026-01-22T02,TEN,Tennessee,NG,Net generation,22037,megawatthours,2026-01-22 02:00:00,22037.0
2026-01-22T02,TEN,Tennessee,TI,Total interchange,-21,megawatthours,2026-01-22 02:00:00,-21.0
2026-01-22T01,TEN,Tennessee,D,Demand,22391,megawatthours,2026-01-22 01:00:00,22391.0
2026-01-22T01,TEN,Tennessee,DF,Day-ahead demand forecast,22031,megawatthours,2026-01-22 01:00:00,22031.0
2026-01-22T01,TEN,Tennessee,NG,Net generation,22390,megawatthours,2026-01-22 01:00:00,22390.0
2026-01-22T01,TEN,Tennessee,TI,Total interchange,-6,megawatthours,2026-01-22 01:00:00,-6.0
2026-01-22T00,TEN,Tennessee,D,Demand,22361,megawatthours,2026-01-22 00:00:00,22361.0
2026-01-22T00,TEN,Tennessee,DF,Day-ahead demand forecast,21499,megawatthours,2026-01-22 00:00:00,21499.0
2026-01-22T00,TEN,Tennessee,NG,Net generation,22491,megawatthours,2026-01-22 00:00:00,22491.0
2026-01-22T00,TEN,Tennessee,TI,Total interchange,128,megawatthours,2026-01-22 00:00:00,128.0
2026-01-21T23,TEN,Tennessee,D,Demand,21722,megawatthours,2026-01-21 23:00:00,21722.0
2026-01-21T23,TEN,Tennessee,DF,Day-ahead demand forecast,20280,megawatthours,2026-01-21 23:00:00,20280.0
2026-01-21T23,TEN,Tennessee,NG,Net generation,21772,megawatthours,2026-01-21 23:00:00,21772.0
2026-01-21T23,TEN,Tennessee,TI,Total interchange,59,megawatthours,2026-01-21 23:00:00,59.0
2026-01-21T22,TEN,Tennessee,D,Demand,21248,megawatthours,2026-01-21 22:00:00,21248.0
2026-01-21T22,TEN,Tennessee,DF,Day-ahead demand forecast,19605,megawatthours,2026-01-21 22:00:00,19605.0
2026-01-21T22,TEN,Tennessee,NG,Net generation,21026,megawatthours,2026-01-21 22:00:00,21026.0
2026-01-21T22,TEN,Tennessee,TI,Total interchange,-202,megawatthours,2026-01-21 22:00:00,-202.0
2026-01-21T21,TEN,Tennessee,D,Demand,21014,megawatthours,2026-01-21 21:00:00,21014.0
2026-01-21T21,TEN,Tennessee,DF,Day-ahead demand forecast,19645,megawatthours,2026-01-21 21:00:00,19645.0
2026-01-21T21,TEN,Tennessee,NG,Net generation,20535,megawatthours,2026-01-21 21:00:00,20535.0
2026-01-21T21,TEN,Tennessee,TI,Total interchange,-445,megawatthours,2026-01-21 21:00:00,-445.0
2026-01-21T20,TEN,Tennessee,D,Demand,21345,megawatthours,2026-01-21 20:00:00,21345.0
2026-01-21T20,TEN,Tennessee,DF,Day-ahead demand forecast,20129,megawatthours,2026-01-21 20:00:00,20129.0
2026-01-21T20,TEN,Tennessee,NG,Net generation,20631,megawatthours,2026-01-21 20:00:00,20631.0
2026-01-21T20,TEN,Tennessee,TI,Total interchange,-664,megawatthours,2026-01-21 20:00:00,-664.0
2026-01-21T19,TEN,Tennessee,D,Demand,21602,megawatthours,2026-01-21 19:00:00,21602.0
2026-01-21T19,TEN,Tennessee,DF,Day-ahead demand forecast,20859,megawatthours,2026-01-21 19:00:00,20859.0
2026-01-21T19,TEN,Tennessee,NG,Net generation,20622,megawatthours,2026-01-21 19:00:00,20622.0
2026-01-21T19,TEN,Tennessee,TI,Total interchange,-933,megawatthours,2026-01-21 19:00:00,-933.0
2026-01-21T18,TEN,Tennessee,D,Demand,22043,megawatthours,2026-01-21 18:00:00,22043.0
2026-01-21T18,TEN,Tennessee,DF,Day-ahead demand forecast,21790,megawatthours,2026-01-21 18:00:00,21790.0
2026-01-21T18,TEN,Tennessee,NG,Net generation,21167,megawatthours,2026-01-21 18:00:00,21167.0
2026-01-21T18,TEN,Tennessee,TI,Total interchange,-846,megawatthours,2026-01-21 18:00:00,-846.0
2026-01-21T17,TEN,Tennessee,D,Demand,22835,megawatthours,2026-01-21 17:00:00,22835.0
2026-01-21T17,TEN,Tennessee,DF,Day-ahead demand forecast,22987,megawatthours,2026-01-21 17:00:00,22987.0
2026-01-21T17,TEN,Tennessee,NG,Net generation,21824,megawatthours,2026-01-21 17:00:00,21824.0
2026-01-21T17,TEN,Tennessee,TI,Total interchange,-982,megawatthours,2026-01-21 17:00:00,-982.0
2026-01-21T16,TEN,Tennessee,D,Demand,23667,megawatthours,2026-01-21 16:00:00,23667.0
2026-01-21T16,TEN,Tennessee,DF,Day-ahead demand forecast,24277,megawatthours,2026-01-21 16:00:00,24277.0
2026-01-21T16,TEN,Tennessee,NG,Net generation,22681,megawatthours,2026-01-21 16:00:00,22681.0
2026-01-21T16,TEN,Tennessee,TI,Total interchange,-974,megawatthours,2026-01-21 16:00:00,-974.0
2026-01-21T15,TEN,Tennessee,D,Demand,25070,megawatthours,2026-01-21 15:00:00,25070.0
2026-01-21T15,TEN,Tennessee,DF,Day-ahead demand forecast,25905,megawatthours,2026-01-21 15:00:00,25905.0
2026-01-21T15,TEN,Tennessee,NG,Net generation,24017,megawatthours,2026-01-21 15:00:00,24017.0
2026-01-21T15,TEN,Tennessee,TI,Total interchange,-1047,megawatthours,2026-01-21 15:00:00,-1047.0
2026-01-21T14,TEN,Tennessee,D,Demand,26337,megawatthours,2026-01-21 14:00:00,26337.0
2026-01-21T14,TEN,Tennessee,DF,Day-ahead demand forecast,27254,megawatthours,2026-01-21 14:00:00,27254.0
2026-01-21T14,TEN,Tennessee,NG,Net generation,25186,megawatthours,2026-01-21 14:00:00,25186.0
2026-01-21T14,TEN,Tennessee,TI,Total interchange,-1157,megawatthours,2026-01-21 14:00:00,-1157.0
2026-01-21T13,TEN,Tennessee,D,Demand,26600,megawatthours,2026-01-21 13:00:00,26600.0
2026-01-21T13,TEN,Tennessee,DF,Day-ahead demand forecast,27310,megawatthours,2026-01-21 13:00:00,27310.0
2026-01-21T13,TEN,Tennessee,NG,Net generation,25332,megawatthours,2026-01-21 13:00:00,25332.0
2026-01-21T13,TEN,Tennessee,TI,Total interchange,-1274,megawatthours,2026-01-21 13:00:00,-1274.0
2026-01-21T12,TEN,Tennessee,D,Demand,25588,megawatthours,2026-01-21 12:00:00,25588.0
2026-01-21T12,TEN,Tennessee,DF,Day-ahead demand forecast,26272,megawatthours,2026-01-21 12:00:00,26272.0
2026-01-21T12,TEN,Tennessee,NG,Net generation,24128,megawatthours,2026-01-21 12:00:00,24128.0
2026-01-21T12,TEN,Tennessee,TI,Total interchange,-1461,megawatthours,2026-01-21 12:00:00,-1461.0
2026-01-21T11,TEN,Tennessee,D,Demand,24525,megawatthours,2026-01-21 11:00:00,24525.0
2026-01-21T11,TEN,Tennessee,DF,Day-ahead demand forecast,25164,megawatthours,2026-01-21 11:00:00,25164.0
2026-01-21T11,TEN,Tennessee,NG,Net generation,23086,megawatthours,2026-01-21 11:00:00,23086.0
2026-01-21T11,TEN,Tennessee,TI,Total interchange,-1445,megawatthours,2026-01-21 11:00:00,-1445.0
2026-01-21T10,TEN,Tennessee,D,Demand,24094,megawatthours,2026-01-21 10:00:00,24094.0
2026-01-21T10,TEN,Tennessee,DF,Day-ahead demand forecast,24655,megawatthours,2026-01-21 10:00:00,24655.0
2026-01-21T10,TEN,Tennessee,NG,Net generation,22499,megawatthours,2026-01-21 10:00:00,22499.0
2026-01-21T10,TEN,Tennessee,TI,Total interchange,-1597,megawatthours,2026-01-21 10:00:00,-1597.0
2026-01-21T09,TEN,Tennessee,D,Demand,24030,megawatthours,2026-01-21 09:00:00,24030.0
2026-01-21T09,TEN,Tennessee,DF,Day-ahead demand forecast,24474,megawatthours,2026-01-21 09:00:00,24474.0
2026-01-21T09,TEN,Tennessee,NG,Net generation,22528,megawatthours,2026-01-21 09:00:00,22528.0
2026-01-21T09,TEN,Tennessee,TI,Total interchange,-1505,megawatthours,2026-01-21 09:00:00,-1505.0
2026-01-21T08,TEN,Tennessee,D,Demand,24041,megawatthours,2026-01-21 08:00:00,24041.0
2026-01-21T08,TEN,Tennessee,DF,Day-ahead demand forecast,24445,megawatthours,2026-01-21 08:00:00,24445.0
2026-01-21T08,TEN,Tennessee,NG,Net generation,22499,megawatthours,2026-01-21 08:00:00,22499.0
2026-01-21T08,TEN,Tennessee,TI,Total interchange,-1548,megawatthours,2026-01-21 08:00:00,-1548.0
2026-01-21T07,TEN,Tennessee,D,Demand,24142,megawatthours,2026-01-21 07:00:00,24142.0
2026-01-21T07,TEN,Tennessee,DF,Day-ahead demand forecast,24581,megawatthours,2026-01-21 07:00:00,24581.0
2026-01-21T07,TEN,Tennessee,NG,Net generation,22583,megawatthours,2026-01-21 07:00:00,22583.0
2026-01-21T07,TEN,Tennessee,TI,Total interchange,-1563,megawatthours,2026-01-21 07:00:00,-1563.0
2026-01-21T06,TEN,Tennessee,D,Demand,24371,megawatthours,2026-01-21 06:00:00,24371.0
2026-01-21T06,TEN,Tennessee,DF,Day-ahead demand forecast,24716,megawatthours,2026-01-21 06:00:00,24716.0
2026-01-21T06,TEN,Tennessee,NG,Net generation,22604,megawatthours,2026-01-21 06:00:00,22604.0
2026-01-21T06,TEN,Tennessee,TI,Total interchange,-1769,megawatthours,2026-01-21 06:00:00,-1769.0
2026-01-21T05,TEN,Tennessee,D,Demand,24957,megawatthours,2026-01-21 05:00:00,24957.0
2026-01-21T05,TEN,Tennessee,DF,Day-ahead demand forecast,25182,megawatthours,2026-01-21 05:00:00,25182.0
2026-01-21T05,TEN,Tennessee,NG,Net generation,23114,megawatthours,2026-01-21 05:00:00,23114.0
2026-01-21T05,TEN,Tennessee,TI,Total interchange,-1848,megawatthours,2026-01-21 05:00:00,-1848.0
2026-01-21T04,TEN,Tennessee,D,Demand,25639,megawatthours,2026-01-21 04:00:00,25639.0
2026-01-21T04,TEN,Tennessee,DF,Day-ahead demand forecast,25596,megawatthours,2026-01-21 04:00:00,25596.0
2026-01-21T04,TEN,Tennessee,NG,Net generation,23528,megawatthours,2026-01-21 04:00:00,23528.0
2026-01-21T04,TEN,Tennessee,TI,Total interchange,-2115,megawatthours,2026-01-21 04:00:00,-2115.0
2026-01-21T03,TEN,Tennessee,D,Demand,26196,megawatthours,2026-01-21 03:00:00,26196.0
2026-01-21T03,TEN,Tennessee,DF,Day-ahead demand forecast,26005,megawatthours,2026-01-21 03:00:00,26005.0
2026-01-21T03,TEN,Tennessee,NG,Net generation,24252,megawatthours,2026-01-21 03:00:00,24252.0
2026-01-21T03,TEN,Tennessee,TI,Total interchange,-1944,megawatthours,2026-01-21 03:00:00,-1944.0
2026-01-21T02,TEN,Tennessee,D,Demand,26070,megawatthours,2026-01-21 02:00:00,26070.0
2026-01-21T02,TEN,Tennessee,DF,Day-ahead demand forecast,25927,megawatthours,2026-01-21 02:00:00,25927.0
2026-01-21T02,TEN,Tennessee,NG,Net generation,24199,megawatthours,2026-01-21 02:00:00,24199.0
2026-01-21T02,TEN,Tennessee,TI,Total interchange,-1876,megawatthours,2026-01-21 02:00:00,-1876.0
2026-01-21T01,TEN,Tennessee,D,Demand,25694,megawatthours,2026-01-21 01:00:00,25694.0
2026-01-21T01,TEN,Tennessee,DF,Day-ahead demand forecast,25575,megawatthours,2026-01-21 01:00:00,25575.0
2026-01-21T01,TEN,Tennessee,NG,Net generation,23850,megawatthours,2026-01-21 01:00:00,23850.0
2026-01-21T01,TEN,Tennessee,TI,Total interchange,-1851,megawatthours,2026-01-21 01:00:00,-1851.0
2026-01-21T00,TEN,Tennessee,D,Demand,24756,megawatthours,2026-01-21 00:00:00,24756.0
2026-01-21T00,TEN,Tennessee,DF,Day-ahead demand forecast,24678,megawatthours,2026-01-21 00:00:00,24678.0
2026-01-21T00,TEN,Tennessee,NG,Net generation,22951,megawatthours,2026-01-21 00:00:00,22951.0
2026-01-21T00,TEN,Tennessee,TI,Total interchange,-1805,megawatthours,2026-01-21 00:00:00,-1805.0
2026-01-20T23,TEN,Tennessee,D,Demand,22960,megawatthours,2026-01-20 23:00:00,22960.0
2026-01-20T23,TEN,Tennessee,DF,Day-ahead demand forecast,23223,megawatthours,2026-01-20 23:00:00,23223.0
2026-01-20T23,TEN,Tennessee,NG,Net generation,21051,megawatthours,2026-01-20 23:00:00,21051.0
2026-01-20T23,TEN,Tennessee,TI,Total interchange,-1845,megawatthours,2026-01-20 23:00:00,-1845.0
2026-01-20T22,TEN,Tennessee,D,Demand,22184,megawatthours,2026-01-20 22:00:00,22184.0
2026-01-20T22,TEN,Tennessee,DF,Day-ahead demand forecast,22316,megawatthours,2026-01-20 22:00:00,22316.0
2026-01-20T22,TEN,Tennessee,NG,Net generation,20150,megawatthours,2026-01-20 22:00:00,20150.0
2026-01-20T22,TEN,Tennessee,TI,Total interchange,-1808,megawatthours,2026-01-20 22:00:00,-1808.0
2026-01-20T21,TEN,Tennessee,D,Demand,22278,megawatthours,2026-01-20 21:00:00,22278.0
2026-01-20T21,TEN,Tennessee,DF,Day-ahead demand forecast,22441,megawatthours,2026-01-20 21:00:00,22441.0
2026-01-20T21,TEN,Tennessee,NG,Net generation,20011,megawatthours,2026-01-20 21:00:00,20011.0
2026-01-20T21,TEN,Tennessee,TI,Total interchange,-2008,megawatthours,2026-01-20 21:00:00,-2008.0
2026-01-20T20,TEN,Tennessee,D,Demand,22685,megawatthours,2026-01-20 20:00:00,22685.0
2026-01-20T20,TEN,Tennessee,DF,Day-ahead demand forecast,23003,megawatthours,2026-01-20 20:00:00,23003.0
2026-01-20T20,TEN,Tennessee,NG,Net generation,20564,megawatthours,2026-01-20 20:00:00,20564.0
2026-01-20T20,TEN,Tennessee,TI,Total interchange,-1887,megawatthours,2026-01-20 20:00:00,-1887.0
2026-01-20T19,TEN,Tennessee,D,Demand,23509,megawatthours,2026-01-20 19:00:00,23509.0
2026-01-20T19,TEN,Tennessee,DF,Day-ahead demand forecast,24119,megawatthours,2026-01-20 19:00:00,24119.0
2026-01-20T19,TEN,Tennessee,NG,Net generation,21303,megawatthours,2026-01-20 19:00:00,21303.0
2026-01-20T19,TEN,Tennessee,TI,Total interchange,-1984,megawatthours,2026-01-20 19:00:00,-1984.0
2026-01-20T18,TEN,Tennessee,D,Demand,24634,megawatthours,2026-01-20 18:00:00,24634.0
2026-01-20T18,TEN,Tennessee,DF,Day-ahead demand forecast,25255,megawatthours,2026-01-20 18:00:00,25255.0
2026-01-20T18,TEN,Tennessee,NG,Net generation,22451,megawatthours,2026-01-20 18:00:00,22451.0
2026-01-20T18,TEN,Tennessee,TI,Total interchange,-1975,megawatthours,2026-01-20 18:00:00,-1975.0
2026-01-20T17,TEN,Tennessee,D,Demand,25710,megawatthours,2026-01-20 17:00:00,25710.0
2026-01-20T17,TEN,Tennessee,DF,Day-ahead demand forecast,26634,megawatthours,2026-01-20 17:00:00,26634.0
2026-01-20T17,TEN,Tennessee,NG,Net generation,23506,megawatthours,2026-01-20 17:00:00,23506.0
2026-01-20T17,TEN,Tennessee,TI,Total interchange,-1973,megawatthours,2026-01-20 17:00:00,-1973.0
2026-01-20T16,TEN,Tennessee,D,Demand,27061,megawatthours,2026-01-20 16:00:00,27061.0
2026-01-20T16,TEN,Tennessee,DF,Day-ahead demand forecast,28079,megawatthours,2026-01-20 16:00:00,28079.0
2026-01-20T16,TEN,Tennessee,NG,Net generation,24857,megawatthours,2026-01-20 16:00:00,24857.0
2026-01-20T16,TEN,Tennessee,TI,Total interchange,-1964,megawatthours,2026-01-20 16:00:00,-1964.0
2026-01-20T15,TEN,Tennessee,D,Demand,28972,megawatthours,2026-01-20 15:00:00,28972.0
2026-01-20T15,TEN,Tennessee,DF,Day-ahead demand forecast,30177,megawatthours,2026-01-20 15:00:00,30177.0
2026-01-20T15,TEN,Tennessee,NG,Net generation,26086,megawatthours,2026-01-20 15:00:00,26086.0
2026-01-20T15,TEN,Tennessee,TI,Total interchange,-2704,megawatthours,2026-01-20 15:00:00,-2704.0
2026-01-20T14,TEN,Tennessee,D,Demand,30714,megawatthours,2026-01-20 14:00:00,30714.0
2026-01-20T14,TEN,Tennessee,DF,Day-ahead demand forecast,31955,megawatthours,2026-01-20 14:00:00,31955.0
2026-01-20T14,TEN,Tennessee,NG,Net generation,27967,megawatthours,2026-01-20 14:00:00,27967.0
2026-01-20T14,TEN,Tennessee,TI,Total interchange,-2720,megawatthours,2026-01-20 14:00:00,-2720.0
2026-01-20T13,TEN,Tennessee,D,Demand,30511,megawatthours,2026-01-20 13:00:00,30511.0
2026-01-20T13,TEN,Tennessee,DF,Day-ahead demand forecast,32005,megawatthours,2026-01-20 13:00:00,32005.0
2026-01-20T13,TEN,Tennessee,NG,Net generation,27772,megawatthours,2026-01-20 13:00:00,27772.0
2026-01-20T13,TEN,Tennessee,TI,Total interchange,-2741,megawatthours,2026-01-20 13:00:00,-2741.0
2026-01-20T12,TEN,Tennessee,D,Demand,28784,megawatthours,2026-01-20 12:00:00,28784.0
2026-01-20T12,TEN,Tennessee,DF,Day-ahead demand forecast,30556,megawatthours,2026-01-20 12:00:00,30556.0
2026-01-20T12,TEN,Tennessee,NG,Net generation,26090,megawatthours,2026-01-20 12:00:00,26090.0
2026-01-20T12,TEN,Tennessee,TI,Total interchange,-2699,megawatthours,2026-01-20 12:00:00,-2699.0
2026-01-20T11,TEN,Tennessee,D,Demand,26979,megawatthours,2026-01-20 11:00:00,26979.0
2026-01-20T11,TEN,Tennessee,DF,Day-ahead demand forecast,28883,megawatthours,2026-01-20 11:00:00,28883.0
2026-01-20T11,TEN,Tennessee,NG,Net generation,24229,megawatthours,2026-01-20 11:00:00,24229.0
2026-01-20T11,TEN,Tennessee,TI,Total interchange,-2757,megawatthours,2026-01-20 11:00:00,-2757.0
2026-01-20T10,TEN,Tennessee,D,Demand,25986,megawatthours,2026-01-20 10:00:00,25986.0
2026-01-20T10,TEN,Tennessee,DF,Day-ahead demand forecast,28047,megawatthours,2026-01-20 10:00:00,28047.0
2026-01-20T10,TEN,Tennessee,NG,Net generation,23184,megawatthours,2026-01-20 10:00:00,23184.0
2026-01-20T10,TEN,Tennessee,TI,Total interchange,-2803,megawatthours,2026-01-20 10:00:00,-2803.0
2026-01-20T09,TEN,Tennessee,D,Demand,25209,megawatthours,2026-01-20 09:00:00,25209.0
2026-01-20T09,TEN,Tennessee,DF,Day-ahead demand forecast,27544,megawatthours,2026-01-20 09:00:00,27544.0
2026-01-20T09,TEN,Tennessee,NG,Net generation,22986,megawatthours,2026-01-20 09:00:00,22986.0
2026-01-20T09,TEN,Tennessee,TI,Total interchange,-2229,megawatthours,2026-01-20 09:00:00,-2229.0
2026-01-20T08,TEN,Tennessee,D,Demand,24915,megawatthours,2026-01-20 08:00:00,24915.0
2026-01-20T08,TEN,Tennessee,DF,Day-ahead demand forecast,27105,megawatthours,2026-01-20 08:00:00,27105.0
2026-01-20T08,TEN,Tennessee,NG,Net generation,22565,megawatthours,2026-01-20 08:00:00,22565.0
2026-01-20T08,TEN,Tennessee,TI,Total interchange,-2351,megawatthours,2026-01-20 08:00:00,-2351.0
2026-01-20T07,TEN,Tennessee,D,Demand,24451,megawatthours,2026-01-20 07:00:00,24451.0
2026-01-20T07,TEN,Tennessee,DF,Day-ahead demand forecast,26573,megawatthours,2026-01-20 07:00:00,26573.0
2026-01-20T07,TEN,Tennessee,NG,Net generation,22156,megawatthours,2026-01-20 07:00:00,22156.0
2026-01-20T07,TEN,Tennessee,TI,Total interchange,-2301,megawatthours,2026-01-20 07:00:00,-2301.0
2026-01-20T06,TEN,Tennessee,D,Demand,24235,megawatthours,2026-01-20 06:00:00,24235.0
2026-01-20T06,TEN,Tennessee,DF,Day-ahead demand forecast,26564,megawatthours,2026-01-20 06:00:00,26564.0
2026-01-20T06,TEN,Tennessee,NG,Net generation,22157,megawatthours,2026-01-20 06:00:00,22157.0
2026-01-20T06,TEN,Tennessee,TI,Total interchange,-2081,megawatthours,2026-01-20 06:00:00,-2081.0
2026-01-20T05,TEN,Tennessee,D,Demand,24471,megawatthours,2026-01-20 05:00:00,24471.0
2026-01-20T05,TEN,Tennessee,DF,Day-ahead demand forecast,26269,megawatthours,2026-01-20 05:00:00,26269.0
2026-01-20T05,TEN,Tennessee,NG,Net generation,22576,megawatthours,2026-01-20 05:00:00,22576.0
2026-01-20T05,TEN,Tennessee,TI,Total interchange,-1899,megawatthours,2026-01-20 05:00:00,-1899.0
2026-01-20T04,TEN,Tennessee,D,Demand,24876,megawatthours,2026-01-20 04:00:00,24876.0
2026-01-20T04,TEN,Tennessee,DF,Day-ahead demand forecast,26453,megawatthours,2026-01-20 04:00:00,26453.0
2026-01-20T04,TEN,Tennessee,NG,Net generation,22988,megawatthours,2026-01-20 04:00:00,22988.0
2026-01-20T04,TEN,Tennessee,TI,Total interchange,-1892,megawatthours,2026-01-20 04:00:00,-1892.0
2026-01-20T03,TEN,Tennessee,D,Demand,25393,megawatthours,2026-01-20 03:00:00,25393.0
2026-01-20T03,TEN,Tennessee,DF,Day-ahead demand forecast,26915,megawatthours,2026-01-20 03:00:00,26915.0
2026-01-20T03,TEN,Tennessee,NG,Net generation,23579,megawatthours,2026-01-20 03:00:00,23579.0
2026-01-20T03,TEN,Tennessee,TI,Total interchange,-1817,megawatthours,2026-01-20 03:00:00,-1817.0
2026-01-20T02,TEN,Tennessee,D,Demand,25365,megawatthours,2026-01-20 02:00:00,25365.0
2026-01-20T02,TEN,Tennessee,DF,Day-ahead demand forecast,26937,megawatthours,2026-01-20 02:00:00,26937.0
2026-01-20T02,TEN,Tennessee,NG,Net generation,23480,megawatthours,2026-01-20 02:00:00,23480.0
2026-01-20T02,TEN,Tennessee,TI,Total interchange,-1887,megawatthours,2026-01-20 02:00:00,-1887.0
2026-01-20T01,TEN,Tennessee,D,Demand,25189,megawatthours,2026-01-20 01:00:00,25189.0
2026-01-20T01,TEN,Tennessee,DF,Day-ahead demand forecast,26776,megawatthours,2026-01-20 01:00:00,26776.0
2026-01-20T01,TEN,Tennessee,NG,Net generation,23314,megawatthours,2026-01-20 01:00:00,23314.0
2026-01-20T01,TEN,Tennessee,TI,Total interchange,-1882,megawatthours,2026-01-20 01:00:00,-1882.0
2026-01-20T00,TEN,Tennessee,D,Demand,24406,megawatthours,2026-01-20 00:00:00,24406.0
2026-01-20T00,TEN,Tennessee,DF,Day-ahead demand forecast,26618,megawatthours,2026-01-20 00:00:00,26618.0
2026-01-20T00,TEN,Tennessee,NG,Net generation,22517,megawatthours,2026-01-20 00:00:00,22517.0
2026-01-20T00,TEN,Tennessee,TI,Total interchange,-1887,megawatthours,2026-01-20 00:00:00,-1887.0
2026-01-19T23,TEN,Tennessee,D,Demand,23134,megawatthours,2026-01-19 23:00:00,23134.0
2026-01-19T23,TEN,Tennessee,DF,Day-ahead demand forecast,25207,megawatthours,2026-01-19 23:00:00,25207.0
2026-01-19T23,TEN,Tennessee,NG,Net generation,21416,megawatthours,2026-01-19 23:00:00,21416.0
2026-01-19T23,TEN,Tennessee,TI,Total interchange,-1696,megawatthours,2026-01-19 23:00:00,-1696.0
2026-01-19T22,TEN,Tennessee,D,Demand,22109,megawatthours,2026-01-19 22:00:00,22109.0
2026-01-19T22,TEN,Tennessee,DF,Day-ahead demand forecast,24190,megawatthours,2026-01-19 22:00:00,24190.0
2026-01-19T22,TEN,Tennessee,NG,Net generation,20096,megawatthours,2026-01-19 22:00:00,20096.0
2026-01-19T22,TEN,Tennessee,TI,Total interchange,-1959,megawatthours,2026-01-19 22:00:00,-1959.0
2026-01-19T21,TEN,Tennessee,D,Demand,21575,megawatthours,2026-01-19 21:00:00,21575.0
2026-01-19T21,TEN,Tennessee,DF,Day-ahead demand forecast,24167,megawatthours,2026-01-19 21:00:00,24167.0
2026-01-19T21,TEN,Tennessee,NG,Net generation,19407,megawatthours,2026-01-19 21:00:00,19407.0
2026-01-19T21,TEN,Tennessee,TI,Total interchange,-2047,megawatthours,2026-01-19 21:00:00,-2047.0
2026-01-19T20,TEN,Tennessee,D,Demand,22170,megawatthours,2026-01-19 20:00:00,22170.0
2026-01-19T20,TEN,Tennessee,DF,Day-ahead demand forecast,24411,megawatthours,2026-01-19 20:00:00,24411.0
2026-01-19T20,TEN,Tennessee,NG,Net generation,19800,megawatthours,2026-01-19 20:00:00,19800.0
2026-01-19T20,TEN,Tennessee,TI,Total interchange,-2231,megawatthours,2026-01-19 20:00:00,-2231.0
2026-01-19T19,TEN,Tennessee,D,Demand,22600,megawatthours,2026-01-19 19:00:00,22600.0
2026-01-19T19,TEN,Tennessee,DF,Day-ahead demand forecast,25003,megawatthours,2026-01-19 19:00:00,25003.0
2026-01-19T19,TEN,Tennessee,NG,Net generation,20212,megawatthours,2026-01-19 19:00:00,20212.0
2026-01-19T19,TEN,Tennessee,TI,Total interchange,-2216,megawatthours,2026-01-19 19:00:00,-2216.0
2026-01-19T18,TEN,Tennessee,D,Demand,23353,megawatthours,2026-01-19 18:00:00,23353.0
2026-01-19T18,TEN,Tennessee,DF,Day-ahead demand forecast,25541,megawatthours,2026-01-19 18:00:00,25541.0
2026-01-19T18,TEN,Tennessee,NG,Net generation,20807,megawatthours,2026-01-19 18:00:00,20807.0
2026-01-19T18,TEN,Tennessee,TI,Total interchange,-2360,megawatthours,2026-01-19 18:00:00,-2360.0
2026-01-19T17,TEN,Tennessee,D,Demand,24108,megawatthours,2026-01-19 17:00:00,24108.0
2026-01-19T17,TEN,Tennessee,DF,Day-ahead demand forecast,26074,megawatthours,2026-01-19 17:00:00,26074.0
2026-01-19T17,TEN,Tennessee,NG,Net generation,21545,megawatthours,2026-01-19 17:00:00,21545.0
2026-01-19T17,TEN,Tennessee,TI,Total interchange,-2359,megawatthours,2026-01-19 17:00:00,-2359.0
2026-01-19T16,TEN,Tennessee,D,Demand,24963,megawatthours,2026-01-19 16:00:00,24963.0
2026-01-19T16,TEN,Tennessee,DF,Day-ahead demand forecast,26723,megawatthours,2026-01-19 16:00:00,26723.0
2026-01-19T16,TEN,Tennessee,NG,Net generation,22244,megawatthours,2026-01-19 16:00:00,22244.0
2026-01-19T16,TEN,Tennessee,TI,Total interchange,-2500,megawatthours,2026-01-19 16:00:00,-2500.0
2026-01-19T15,TEN,Tennessee,D,Demand,26149,megawatthours,2026-01-19 15:00:00,26149.0
2026-01-19T15,TEN,Tennessee,DF,Day-ahead demand forecast,27209,megawatthours,2026-01-19 15:00:00,27209.0
2026-01-19T15,TEN,Tennessee,NG,Net generation,23658,megawatthours,2026-01-19 15:00:00,23658.0
2026-01-19T15,TEN,Tennessee,TI,Total interchange,-2320,megawatthours,2026-01-19 15:00:00,-2320.0
2026-01-19T14,TEN,Tennessee,D,Demand,27255,megawatthours,2026-01-19 14:00:00,27255.0
2026-01-19T14,TEN,Tennessee,DF,Day-ahead demand forecast,27218,megawatthours,2026-01-19 14:00:00,27218.0
2026-01-19T14,TEN,Tennessee,NG,Net generation,24874,megawatthours,2026-01-19 14:00:00,24874.0
2026-01-19T14,TEN,Tennessee,TI,Total interchange,-2363,megawatthours,2026-01-19 14:00:00,-2363.0
2026-01-19T13,TEN,Tennessee,D,Demand,26684,megawatthours,2026-01-19 13:00:00,26684.0
2026-01-19T13,TEN,Tennessee,DF,Day-ahead demand forecast,26889,megawatthours,2026-01-19 13:00:00,26889.0
2026-01-19T13,TEN,Tennessee,NG,Net generation,24475,megawatthours,2026-01-19 13:00:00,24475.0
2026-01-19T13,TEN,Tennessee,TI,Total interchange,-2216,megawatthours,2026-01-19 13:00:00,-2216.0
2026-01-19T12,TEN,Tennessee,D,Demand,25439,megawatthours,2026-01-19 12:00:00,25439.0
2026-01-19T12,TEN,Tennessee,DF,Day-ahead demand forecast,25922,megawatthours,2026-01-19 12:00:00,25922.0
2026-01-19T12,TEN,Tennessee,NG,Net generation,23233,megawatthours,2026-01-19 12:00:00,23233.0
2026-01-19T12,TEN,Tennessee,TI,Total interchange,-2208,megawatthours,2026-01-19 12:00:00,-2208.0
2026-01-19T11,TEN,Tennessee,D,Demand,24711,megawatthours,2026-01-19 11:00:00,24711.0
2026-01-19T11,TEN,Tennessee,DF,Day-ahead demand forecast,24789,megawatthours,2026-01-19 11:00:00,24789.0
2026-01-19T11,TEN,Tennessee,NG,Net generation,22190,megawatthours,2026-01-19 11:00:00,22190.0
2026-01-19T11,TEN,Tennessee,TI,Total interchange,-2524,megawatthours,2026-01-19 11:00:00,-2524.0
2026-01-19T10,TEN,Tennessee,D,Demand,23943,megawatthours,2026-01-19 10:00:00,23943.0
2026-01-19T10,TEN,Tennessee,DF,Day-ahead demand forecast,24362,megawatthours,2026-01-19 10:00:00,24362.0
2026-01-19T10,TEN,Tennessee,NG,Net generation,21434,megawatthours,2026-01-19 10:00:00,21434.0
2026-01-19T10,TEN,Tennessee,TI,Total interchange,-2514,megawatthours,2026-01-19 10:00:00,-2514.0
2026-01-19T09,TEN,Tennessee,D,Demand,23676,megawatthours,2026-01-19 09:00:00,23676.0
2026-01-19T09,TEN,Tennessee,DF,Day-ahead demand forecast,24051,megawatthours,2026-01-19 09:00:00,24051.0
2026-01-19T09,TEN,Tennessee,NG,Net generation,21151,megawatthours,2026-01-19 09:00:00,21151.0
2026-01-19T09,TEN,Tennessee,TI,Total interchange,-2528,megawatthours,2026-01-19 09:00:00,-2528.0
2026-01-19T08,TEN,Tennessee,D,Demand,23351,megawatthours,2026-01-19 08:00:00,23351.0
2026-01-19T08,TEN,Tennessee,DF,Day-ahead demand forecast,23516,megawatthours,2026-01-19 08:00:00,23516.0
2026-01-19T08,TEN,Tennessee,NG,Net generation,20880,megawatthours,2026-01-19 08:00:00,20880.0
2026-01-19T08,TEN,Tennessee,TI,Total interchange,-2476,megawatthours,2026-01-19 08:00:00,-2476.0
2026-01-19T07,TEN,Tennessee,D,Demand,23467,megawatthours,2026-01-19 07:00:00,23467.0
2026-01-19T07,TEN,Tennessee,DF,Day-ahead demand forecast,23606,megawatthours,2026-01-19 07:00:00,23606.0
2026-01-19T07,TEN,Tennessee,NG,Net generation,20869,megawatthours,2026-01-19 07:00:00,20869.0
2026-01-19T07,TEN,Tennessee,TI,Total interchange,-2600,megawatthours,2026-01-19 07:00:00,-2600.0
2026-01-19T06,TEN,Tennessee,D,Demand,23609,megawatthours,2026-01-19 06:00:00,23609.0
2026-01-19T06,TEN,Tennessee,DF,Day-ahead demand forecast,24076,megawatthours,2026-01-19 06:00:00,24076.0
2026-01-19T06,TEN,Tennessee,NG,Net generation,21054,megawatthours,2026-01-19 06:00:00,21054.0
2026-01-19T06,TEN,Tennessee,TI,Total interchange,-2562,megawatthours,2026-01-19 06:00:00,-2562.0
2026-01-19T05,TEN,Tennessee,D,Demand,23931,megawatthours,2026-01-19 05:00:00,23931.0
2026-01-19T05,TEN,Tennessee,DF,Day-ahead demand forecast,24400,megawatthours,2026-01-19 05:00:00,24400.0
2026-01-19T05,TEN,Tennessee,NG,Net generation,21624,megawatthours,2026-01-19 05:00:00,21624.0
2026-01-19T05,TEN,Tennessee,TI,Total interchange,-2308,megawatthours,2026-01-19 05:00:00,-2308.0
2026-01-19T04,TEN,Tennessee,D,Demand,24442,megawatthours,2026-01-19 04:00:00,24442.0
2026-01-19T04,TEN,Tennessee,DF,Day-ahead demand forecast,24927,megawatthours,2026-01-19 04:00:00,24927.0
2026-01-19T04,TEN,Tennessee,NG,Net generation,22177,megawatthours,2026-01-19 04:00:00,22177.0
2026-01-19T04,TEN,Tennessee,TI,Total interchange,-2269,megawatthours,2026-01-19 04:00:00,-2269.0
2026-01-19T03,TEN,Tennessee,D,Demand,24701,megawatthours,2026-01-19 03:00:00,24701.0
2026-01-19T03,TEN,Tennessee,DF,Day-ahead demand forecast,25180,megawatthours,2026-01-19 03:00:00,25180.0
2026-01-19T03,TEN,Tennessee,NG,Net generation,22518,megawatthours,2026-01-19 03:00:00,22518.0
2026-01-19T03,TEN,Tennessee,TI,Total interchange,-2184,megawatthours,2026-01-19 03:00:00,-2184.0
2026-01-19T02,TEN,Tennessee,D,Demand,24696,megawatthours,2026-01-19 02:00:00,24696.0
2026-01-19T02,TEN,Tennessee,DF,Day-ahead demand forecast,25271,megawatthours,2026-01-19 02:00:00,25271.0
2026-01-19T02,TEN,Tennessee,NG,Net generation,22752,megawatthours,2026-01-19 02:00:00,22752.0
2026-01-19T02,TEN,Tennessee,TI,Total interchange,-1952,megawatthours,2026-01-19 02:00:00,-1952.0
2026-01-19T01,TEN,Tennessee,D,Demand,24476,megawatthours,2026-01-19 01:00:00,24476.0
2026-01-19T01,TEN,Tennessee,DF,Day-ahead demand forecast,24899,megawatthours,2026-01-19 01:00:00,24899.0
2026-01-19T01,TEN,Tennessee,NG,Net generation,22446,megawatthours,2026-01-19 01:00:00,22446.0
2026-01-19T01,TEN,Tennessee,TI,Total interchange,-2032,megawatthours,2026-01-19 01:00:00,-2032.0
2026-01-19T00,TEN,Tennessee,D,Demand,23808,megawatthours,2026-01-19 00:00:00,23808.0
2026-01-19T00,TEN,Tennessee,DF,Day-ahead demand forecast,24168,megawatthours,2026-01-19 00:00:00,24168.0
2026-01-19T00,TEN,Tennessee,NG,Net generation,22042,megawatthours,2026-01-19 00:00:00,22042.0
2026-01-19T00,TEN,Tennessee,TI,Total interchange,-1768,megawatthours,2026-01-19 00:00:00,-1768.0
2026-01-18T23,TEN,Tennessee,D,Demand,22181,megawatthours,2026-01-18 23:00:00,22181.0
2026-01-18T23,TEN,Tennessee,DF,Day-ahead demand forecast,22699,megawatthours,2026-01-18 23:00:00,22699.0
2026-01-18T23,TEN,Tennessee,NG,Net generation,20547,megawatthours,2026-01-18 23:00:00,20547.0
2026-01-18T23,TEN,Tennessee,TI,Total interchange,-1582,megawatthours,2026-01-18 23:00:00,-1582.0
2026-01-18T22,TEN,Tennessee,D,Demand,21377,megawatthours,2026-01-18 22:00:00,21377.0
2026-01-18T22,TEN,Tennessee,DF,Day-ahead demand forecast,21786,megawatthours,2026-01-18 22:00:00,21786.0
2026-01-18T22,TEN,Tennessee,NG,Net generation,19393,megawatthours,2026-01-18 22:00:00,19393.0
2026-01-18T22,TEN,Tennessee,TI,Total interchange,-1804,megawatthours,2026-01-18 22:00:00,-1804.0
2026-01-18T21,TEN,Tennessee,D,Demand,21153,megawatthours,2026-01-18 21:00:00,21153.0
2026-01-18T21,TEN,Tennessee,DF,Day-ahead demand forecast,21724,megawatthours,2026-01-18 21:00:00,21724.0
2026-01-18T21,TEN,Tennessee,NG,Net generation,19106,megawatthours,2026-01-18 21:00:00,19106.0
2026-01-18T21,TEN,Tennessee,TI,Total interchange,-1837,megawatthours,2026-01-18 21:00:00,-1837.0
2026-01-18T20,TEN,Tennessee,D,Demand,21643,megawatthours,2026-01-18 20:00:00,21643.0
2026-01-18T20,TEN,Tennessee,DF,Day-ahead demand forecast,22290,megawatthours,2026-01-18 20:00:00,22290.0
2026-01-18T20,TEN,Tennessee,NG,Net generation,19678,megawatthours,2026-01-18 20:00:00,19678.0
2026-01-18T20,TEN,Tennessee,TI,Total interchange,-1786,megawatthours,2026-01-18 20:00:00,-1786.0
2026-01-18T19,TEN,Tennessee,D,Demand,22238,megawatthours,2026-01-18 19:00:00,22238.0
2026-01-18T19,TEN,Tennessee,DF,Day-ahead demand forecast,22882,megawatthours,2026-01-18 19:00:00,22882.0
2026-01-18T19,TEN,Tennessee,NG,Net generation,20358,megawatthours,2026-01-18 19:00:00,20358.0
2026-01-18T19,TEN,Tennessee,TI,Total interchange,-1699,megawatthours,2026-01-18 19:00:00,-1699.0
2026-01-18T18,TEN,Tennessee,D,Demand,22924,megawatthours,2026-01-18 18:00:00,22924.0
2026-01-18T18,TEN,Tennessee,DF,Day-ahead demand forecast,23674,megawatthours,2026-01-18 18:00:00,23674.0
2026-01-18T18,TEN,Tennessee,NG,Net generation,21084,megawatthours,2026-01-18 18:00:00,21084.0
2026-01-18T18,TEN,Tennessee,TI,Total interchange,-1668,megawatthours,2026-01-18 18:00:00,-1668.0
2026-01-18T17,TEN,Tennessee,D,Demand,23640,megawatthours,2026-01-18 17:00:00,23640.0
2026-01-18T17,TEN,Tennessee,DF,Day-ahead demand forecast,24590,megawatthours,2026-01-18 17:00:00,24590.0
2026-01-18T17,TEN,Tennessee,NG,Net generation,21747,megawatthours,2026-01-18 17:00:00,21747.0
2026-01-18T17,TEN,Tennessee,TI,Total interchange,-1703,megawatthours,2026-01-18 17:00:00,-1703.0
2026-01-18T16,TEN,Tennessee,D,Demand,24916,megawatthours,2026-01-18 16:00:00,24916.0
2026-01-18T16,TEN,Tennessee,DF,Day-ahead demand forecast,25667,megawatthours,2026-01-18 16:00:00,25667.0
2026-01-18T16,TEN,Tennessee,NG,Net generation,23010,megawatthours,2026-01-18 16:00:00,23010.0
2026-01-18T16,TEN,Tennessee,TI,Total interchange,-1722,megawatthours,2026-01-18 16:00:00,-1722.0
2026-01-18T15,TEN,Tennessee,D,Demand,25870,megawatthours,2026-01-18 15:00:00,25870.0
2026-01-18T15,TEN,Tennessee,DF,Day-ahead demand forecast,26609,megawatthours,2026-01-18 15:00:00,26609.0
2026-01-18T15,TEN,Tennessee,NG,Net generation,24019,megawatthours,2026-01-18 15:00:00,24019.0
2026-01-18T15,TEN,Tennessee,TI,Total interchange,-1704,megawatthours,2026-01-18 15:00:00,-1704.0
2026-01-18T14,TEN,Tennessee,D,Demand,25955,megawatthours,2026-01-18 14:00:00,25955.0
2026-01-18T14,TEN,Tennessee,DF,Day-ahead demand forecast,27014,megawatthours,2026-01-18 14:00:00,27014.0
2026-01-18T14,TEN,Tennessee,NG,Net generation,24553,megawatthours,2026-01-18 14:00:00,24553.0
2026-01-18T14,TEN,Tennessee,TI,Total interchange,-1380,megawatthours,2026-01-18 14:00:00,-1380.0
2026-01-18T13,TEN,Tennessee,D,Demand,25067,megawatthours,2026-01-18 13:00:00,25067.0
2026-01-18T13,TEN,Tennessee,DF,Day-ahead demand forecast,26294,megawatthours,2026-01-18 13:00:00,26294.0
2026-01-18T13,TEN,Tennessee,NG,Net generation,23653,megawatthours,2026-01-18 13:00:00,23653.0
2026-01-18T13,TEN,Tennessee,TI,Total interchange,-1417,megawatthours,2026-01-18 13:00:00,-1417.0
2026-01-18T12,TEN,Tennessee,D,Demand,24028,megawatthours,2026-01-18 12:00:00,24028.0
2026-01-18T12,TEN,Tennessee,DF,Day-ahead demand forecast,25253,megawatthours,2026-01-18 12:00:00,25253.0
2026-01-18T12,TEN,Tennessee,NG,Net generation,22576,megawatthours,2026-01-18 12:00:00,22576.0
2026-01-18T12,TEN,Tennessee,TI,Total interchange,-1457,megawatthours,2026-01-18 12:00:00,-1457.0
2026-01-18T11,TEN,Tennessee,D,Demand,23152,megawatthours,2026-01-18 11:00:00,23152.0
2026-01-18T11,TEN,Tennessee,DF,Day-ahead demand forecast,24446,megawatthours,2026-01-18 11:00:00,24446.0
2026-01-18T11,TEN,Tennessee,NG,Net generation,21342,megawatthours,2026-01-18 11:00:00,21342.0
2026-01-18T11,TEN,Tennessee,TI,Total interchange,-1815,megawatthours,2026-01-18 11:00:00,-1815.0
2026-01-18T10,TEN,Tennessee,D,Demand,22660,megawatthours,2026-01-18 10:00:00,22660.0
2026-01-18T10,TEN,Tennessee,DF,Day-ahead demand forecast,23886,megawatthours,2026-01-18 10:00:00,23886.0
2026-01-18T10,TEN,Tennessee,NG,Net generation,21106,megawatthours,2026-01-18 10:00:00,21106.0
2026-01-18T10,TEN,Tennessee,TI,Total interchange,-1557,megawatthours,2026-01-18 10:00:00,-1557.0
2026-01-18T09,TEN,Tennessee,D,Demand,22211,megawatthours,2026-01-18 09:00:00,22211.0
2026-01-18T09,TEN,Tennessee,DF,Day-ahead demand forecast,23426,megawatthours,2026-01-18 09:00:00,23426.0
2026-01-18T09,TEN,Tennessee,NG,Net generation,20963,megawatthours,2026-01-18 09:00:00,20963.0
2026-01-18T09,TEN,Tennessee,TI,Total interchange,-1252,megawatthours,2026-01-18 09:00:00,-1252.0
2026-01-18T08,TEN,Tennessee,D,Demand,21856,megawatthours,2026-01-18 08:00:00,21856.0
2026-01-18T08,TEN,Tennessee,DF,Day-ahead demand forecast,23044,megawatthours,2026-01-18 08:00:00,23044.0
2026-01-18T08,TEN,Tennessee,NG,Net generation,20770,megawatthours,2026-01-18 08:00:00,20770.0
2026-01-18T08,TEN,Tennessee,TI,Total interchange,-1086,megawatthours,2026-01-18 08:00:00,-1086.0
2026-01-18T07,TEN,Tennessee,D,Demand,21863,megawatthours,2026-01-18 07:00:00,21863.0
2026-01-18T07,TEN,Tennessee,DF,Day-ahead demand forecast,22776,megawatthours,2026-01-18 07:00:00,22776.0
2026-01-18T07,TEN,Tennessee,NG,Net generation,20788,megawatthours,2026-01-18 07:00:00,20788.0
2026-01-18T07,TEN,Tennessee,TI,Total interchange,-1079,megawatthours,2026-01-18 07:00:00,-1079.0
2026-01-18T06,TEN,Tennessee,D,Demand,21757,megawatthours,2026-01-18 06:00:00,21757.0
2026-01-18T06,TEN,Tennessee,DF,Day-ahead demand forecast,23219,megawatthours,2026-01-18 06:00:00,23219.0
2026-01-18T06,TEN,Tennessee,NG,Net generation,21005,megawatthours,2026-01-18 06:00:00,21005.0
2026-01-18T06,TEN,Tennessee,TI,Total interchange,-757,megawatthours,2026-01-18 06:00:00,-757.0
2026-01-18T05,TEN,Tennessee,D,Demand,21882,megawatthours,2026-01-18 05:00:00,21882.0
2026-01-18T05,TEN,Tennessee,DF,Day-ahead demand forecast,23228,megawatthours,2026-01-18 05:00:00,23228.0
2026-01-18T05,TEN,Tennessee,NG,Net generation,21232,megawatthours,2026-01-18 05:00:00,21232.0
2026-01-18T05,TEN,Tennessee,TI,Total interchange,-652,megawatthours,2026-01-18 05:00:00,-652.0
2026-01-18T04,TEN,Tennessee,D,Demand,22217,megawatthours,2026-01-18 04:00:00,22217.0
2026-01-18T04,TEN,Tennessee,DF,Day-ahead demand forecast,23374,megawatthours,2026-01-18 04:00:00,23374.0
2026-01-18T04,TEN,Tennessee,NG,Net generation,21815,megawatthours,2026-01-18 04:00:00,21815.0
2026-01-18T04,TEN,Tennessee,TI,Total interchange,-408,megawatthours,2026-01-18 04:00:00,-408.0
2026-01-18T03,TEN,Tennessee,D,Demand,22268,megawatthours,2026-01-18 03:00:00,22268.0
2026-01-18T03,TEN,Tennessee,DF,Day-ahead demand forecast,23346,megawatthours,2026-01-18 03:00:00,23346.0
2026-01-18T03,TEN,Tennessee,NG,Net generation,21840,megawatthours,2026-01-18 03:00:00,21840.0
2026-01-18T03,TEN,Tennessee,TI,Total interchange,-433,megawatthours,2026-01-18 03:00:00,-433.0
2026-01-18T02,TEN,Tennessee,D,Demand,22264,megawatthours,2026-01-18 02:00:00,22264.0
2026-01-18T02,TEN,Tennessee,DF,Day-ahead demand forecast,23089,megawatthours,2026-01-18 02:00:00,23089.0
2026-01-18T02,TEN,Tennessee,NG,Net generation,21786,megawatthours,2026-01-18 02:00:00,21786.0
2026-01-18T02,TEN,Tennessee,TI,Total interchange,-477,megawatthours,2026-01-18 02:00:00,-477.0
2026-01-18T01,TEN,Tennessee,D,Demand,21939,megawatthours,2026-01-18 01:00:00,21939.0
2026-01-18T01,TEN,Tennessee,DF,Day-ahead demand forecast,22737,megawatthours,2026-01-18 01:00:00,22737.0
2026-01-18T01,TEN,Tennessee,NG,Net generation,21665,megawatthours,2026-01-18 01:00:00,21665.0
2026-01-18T01,TEN,Tennessee,TI,Total interchange,-279,megawatthours,2026-01-18 01:00:00,-279.0
2026-01-18T00,TEN,Tennessee,D,Demand,21659,megawatthours,2026-01-18 00:00:00,21659.0
2026-01-18T00,TEN,Tennessee,DF,Day-ahead demand forecast,22232,megawatthours,2026-01-18 00:00:00,22232.0
2026-01-18T00,TEN,Tennessee,NG,Net generation,21215,megawatthours,2026-01-18 00:00:00,21215.0
2026-01-18T00,TEN,Tennessee,TI,Total interchange,-449,megawatthours,2026-01-18 00:00:00,-449.0
2026-01-17T23,TEN,Tennessee,D,Demand,20577,megawatthours,2026-01-17 23:00:00,20577.0
2026-01-17T23,TEN,Tennessee,DF,Day-ahead demand forecast,20937,megawatthours,2026-01-17 23:00:00,20937.0
2026-01-17T23,TEN,Tennessee,NG,Net generation,19917,megawatthours,2026-01-17 23:00:00,19917.0
2026-01-17T23,TEN,Tennessee,TI,Total interchange,-613,megawatthours,2026-01-17 23:00:00,-613.0
2026-01-17T22,TEN,Tennessee,D,Demand,19631,megawatthours,2026-01-17 22:00:00,19631.0
2026-01-17T22,TEN,Tennessee,DF,Day-ahead demand forecast,20107,megawatthours,2026-01-17 22:00:00,20107.0
2026-01-17T22,TEN,Tennessee,NG,Net generation,18790,megawatthours,2026-01-17 22:00:00,18790.0
2026-01-17T22,TEN,Tennessee,TI,Total interchange,-681,megawatthours,2026-01-17 22:00:00,-681.0
2026-01-17T21,TEN,Tennessee,D,Demand,19360,megawatthours,2026-01-17 21:00:00,19360.0
2026-01-17T21,TEN,Tennessee,DF,Day-ahead demand forecast,19884,megawatthours,2026-01-17 21:00:00,19884.0
2026-01-17T21,TEN,Tennessee,NG,Net generation,18242,megawatthours,2026-01-17 21:00:00,18242.0
2026-01-17T21,TEN,Tennessee,TI,Total interchange,-985,megawatthours,2026-01-17 21:00:00,-985.0
2026-01-17T20,TEN,Tennessee,D,Demand,19208,megawatthours,2026-01-17 20:00:00,19208.0
2026-01-17T20,TEN,Tennessee,DF,Day-ahead demand forecast,20198,megawatthours,2026-01-17 20:00:00,20198.0
2026-01-17T20,TEN,Tennessee,NG,Net generation,18000,megawatthours,2026-01-17 20:00:00,18000.0
2026-01-17T20,TEN,Tennessee,TI,Total interchange,-1068,megawatthours,2026-01-17 20:00:00,-1068.0
2026-01-17T19,TEN,Tennessee,D,Demand,19429,megawatthours,2026-01-17 19:00:00,19429.0
2026-01-17T19,TEN,Tennessee,DF,Day-ahead demand forecast,20541,megawatthours,2026-01-17 19:00:00,20541.0
2026-01-17T19,TEN,Tennessee,NG,Net generation,18161,megawatthours,2026-01-17 19:00:00,18161.0
2026-01-17T19,TEN,Tennessee,TI,Total interchange,-1155,megawatthours,2026-01-17 19:00:00,-1155.0
2026-01-17T18,TEN,Tennessee,D,Demand,19836,megawatthours,2026-01-17 18:00:00,19836.0
2026-01-17T18,TEN,Tennessee,DF,Day-ahead demand forecast,21154,megawatthours,2026-01-17 18:00:00,21154.0
2026-01-17T18,TEN,Tennessee,NG,Net generation,18575,megawatthours,2026-01-17 18:00:00,18575.0
2026-01-17T18,TEN,Tennessee,TI,Total interchange,-1159,megawatthours,2026-01-17 18:00:00,-1159.0
2026-01-17T17,TEN,Tennessee,D,Demand,20452,megawatthours,2026-01-17 17:00:00,20452.0
2026-01-17T17,TEN,Tennessee,DF,Day-ahead demand forecast,21552,megawatthours,2026-01-17 17:00:00,21552.0
2026-01-17T17,TEN,Tennessee,NG,Net generation,19199,megawatthours,2026-01-17 17:00:00,19199.0
2026-01-17T17,TEN,Tennessee,TI,Total interchange,-1170,megawatthours,2026-01-17 17:00:00,-1170.0
2026-01-17T16,TEN,Tennessee,D,Demand,21158,megawatthours,2026-01-17 16:00:00,21158.0
2026-01-17T16,TEN,Tennessee,DF,Day-ahead demand forecast,21918,megawatthours,2026-01-17 16:00:00,21918.0
2026-01-17T16,TEN,Tennessee,NG,Net generation,19940,megawatthours,2026-01-17 16:00:00,19940.0
2026-01-17T16,TEN,Tennessee,TI,Total interchange,-1111,megawatthours,2026-01-17 16:00:00,-1111.0
2026-01-17T15,TEN,Tennessee,D,Demand,21887,megawatthours,2026-01-17 15:00:00,21887.0
2026-01-17T15,TEN,Tennessee,DF,Day-ahead demand forecast,22309,megawatthours,2026-01-17 15:00:00,22309.0
2026-01-17T15,TEN,Tennessee,NG,Net generation,20707,megawatthours,2026-01-17 15:00:00,20707.0
2026-01-17T15,TEN,Tennessee,TI,Total interchange,-1038,megawatthours,2026-01-17 15:00:00,-1038.0
2026-01-17T14,TEN,Tennessee,D,Demand,21703,megawatthours,2026-01-17 14:00:00,21703.0
2026-01-17T14,TEN,Tennessee,DF,Day-ahead demand forecast,22359,megawatthours,2026-01-17 14:00:00,22359.0
2026-01-17T14,TEN,Tennessee,NG,Net generation,20945,megawatthours,2026-01-17 14:00:00,20945.0
2026-01-17T14,TEN,Tennessee,TI,Total interchange,-739,megawatthours,2026-01-17 14:00:00,-739.0
2026-01-17T13,TEN,Tennessee,D,Demand,20897,megawatthours,2026-01-17 13:00:00,20897.0
2026-01-17T13,TEN,Tennessee,DF,Day-ahead demand forecast,21802,megawatthours,2026-01-17 13:00:00,21802.0
2026-01-17T13,TEN,Tennessee,NG,Net generation,20217,megawatthours,2026-01-17 13:00:00,20217.0
2026-01-17T13,TEN,Tennessee,TI,Total interchange,-686,megawatthours,2026-01-17 13:00:00,-686.0
2026-01-17T12,TEN,Tennessee,D,Demand,20002,megawatthours,2026-01-17 12:00:00,20002.0
2026-01-17T12,TEN,Tennessee,DF,Day-ahead demand forecast,20931,megawatthours,2026-01-17 12:00:00,20931.0
2026-01-17T12,TEN,Tennessee,NG,Net generation,19183,megawatthours,2026-01-17 12:00:00,19183.0
2026-01-17T12,TEN,Tennessee,TI,Total interchange,-821,megawatthours,2026-01-17 12:00:00,-821.0
2026-01-17T11,TEN,Tennessee,D,Demand,19219,megawatthours,2026-01-17 11:00:00,19219.0
2026-01-17T11,TEN,Tennessee,DF,Day-ahead demand forecast,20263,megawatthours,2026-01-17 11:00:00,20263.0
2026-01-17T11,TEN,Tennessee,NG,Net generation,18373,megawatthours,2026-01-17 11:00:00,18373.0
2026-01-17T11,TEN,Tennessee,TI,Total interchange,-849,megawatthours,2026-01-17 11:00:00,-849.0
2026-01-17T10,TEN,Tennessee,D,Demand,18792,megawatthours,2026-01-17 10:00:00,18792.0
2026-01-17T10,TEN,Tennessee,DF,Day-ahead demand forecast,19914,megawatthours,2026-01-17 10:00:00,19914.0
2026-01-17T10,TEN,Tennessee,NG,Net generation,17872,megawatthours,2026-01-17 10:00:00,17872.0
2026-01-17T10,TEN,Tennessee,TI,Total interchange,-926,megawatthours,2026-01-17 10:00:00,-926.0
2026-01-17T09,TEN,Tennessee,D,Demand,18468,megawatthours,2026-01-17 09:00:00,18468.0
2026-01-17T09,TEN,Tennessee,DF,Day-ahead demand forecast,19744,megawatthours,2026-01-17 09:00:00,19744.0
2026-01-17T09,TEN,Tennessee,NG,Net generation,17639,megawatthours,2026-01-17 09:00:00,17639.0
2026-01-17T09,TEN,Tennessee,TI,Total interchange,-831,megawatthours,2026-01-17 09:00:00,-831.0
2026-01-17T08,TEN,Tennessee,D,Demand,18554,megawatthours,2026-01-17 08:00:00,18554.0
2026-01-17T08,TEN,Tennessee,DF,Day-ahead demand forecast,19709,megawatthours,2026-01-17 08:00:00,19709.0
2026-01-17T08,TEN,Tennessee,NG,Net generation,17707,megawatthours,2026-01-17 08:00:00,17707.0
2026-01-17T08,TEN,Tennessee,TI,Total interchange,-851,megawatthours,2026-01-17 08:00:00,-851.0
2026-01-17T07,TEN,Tennessee,D,Demand,18626,megawatthours,2026-01-17 07:00:00,18626.0
2026-01-17T07,TEN,Tennessee,DF,Day-ahead demand forecast,19785,megawatthours,2026-01-17 07:00:00,19785.0
2026-01-17T07,TEN,Tennessee,NG,Net generation,18136,megawatthours,2026-01-17 07:00:00,18136.0
2026-01-17T07,TEN,Tennessee,TI,Total interchange,-495,megawatthours,2026-01-17 07:00:00,-495.0
2026-01-17T06,TEN,Tennessee,D,Demand,18978,megawatthours,2026-01-17 06:00:00,18978.0
2026-01-17T06,TEN,Tennessee,DF,Day-ahead demand forecast,20363,megawatthours,2026-01-17 06:00:00,20363.0
2026-01-17T06,TEN,Tennessee,NG,Net generation,19031,megawatthours,2026-01-17 06:00:00,19031.0
2026-01-17T06,TEN,Tennessee,TI,Total interchange,49,megawatthours,2026-01-17 06:00:00,49.0
2026-01-17T05,TEN,Tennessee,D,Demand,19496,megawatthours,2026-01-17 05:00:00,19496.0
2026-01-17T05,TEN,Tennessee,DF,Day-ahead demand forecast,20806,megawatthours,2026-01-17 05:00:00,20806.0
2026-01-17T05,TEN,Tennessee,NG,Net generation,19635,megawatthours,2026-01-17 05:00:00,19635.0
2026-01-17T05,TEN,Tennessee,TI,Total interchange,138,megawatthours,2026-01-17 05:00:00,138.0
2026-01-17T04,TEN,Tennessee,D,Demand,20139,megawatthours,2026-01-17 04:00:00,20139.0
2026-01-17T04,TEN,Tennessee,DF,Day-ahead demand forecast,21226,megawatthours,2026-01-17 04:00:00,21226.0
2026-01-17T04,TEN,Tennessee,NG,Net generation,20053,megawatthours,2026-01-17 04:00:00,20053.0
2026-01-17T04,TEN,Tennessee,TI,Total interchange,-90,megawatthours,2026-01-17 04:00:00,-90.0
2026-01-17T03,TEN,Tennessee,D,Demand,20817,megawatthours,2026-01-17 03:00:00,20817.0
2026-01-17T03,TEN,Tennessee,DF,Day-ahead demand forecast,21708,megawatthours,2026-01-17 03:00:00,21708.0
2026-01-17T03,TEN,Tennessee,NG,Net generation,21047,megawatthours,2026-01-17 03:00:00,21047.0
2026-01-17T03,TEN,Tennessee,TI,Total interchange,227,megawatthours,2026-01-17 03:00:00,227.0
2026-01-17T02,TEN,Tennessee,D,Demand,21118,megawatthours,2026-01-17 02:00:00,21118.0
2026-01-17T02,TEN,Tennessee,DF,Day-ahead demand forecast,22033,megawatthours,2026-01-17 02:00:00,22033.0
2026-01-17T02,TEN,Tennessee,NG,Net generation,21290,megawatthours,2026-01-17 02:00:00,21290.0
2026-01-17T02,TEN,Tennessee,TI,Total interchange,167,megawatthours,2026-01-17 02:00:00,167.0
2026-01-17T01,TEN,Tennessee,D,Demand,21507,megawatthours,2026-01-17 01:00:00,21507.0
2026-01-17T01,TEN,Tennessee,DF,Day-ahead demand forecast,22129,megawatthours,2026-01-17 01:00:00,22129.0
2026-01-17T01,TEN,Tennessee,NG,Net generation,21759,megawatthours,2026-01-17 01:00:00,21759.0
2026-01-17T01,TEN,Tennessee,TI,Total interchange,250,megawatthours,2026-01-17 01:00:00,250.0
2026-01-17T00,TEN,Tennessee,D,Demand,21732,megawatthours,2026-01-17 00:00:00,21732.0
2026-01-17T00,TEN,Tennessee,DF,Day-ahead demand forecast,21948,megawatthours,2026-01-17 00:00:00,21948.0
2026-01-17T00,TEN,Tennessee,NG,Net generation,21868,megawatthours,2026-01-17 00:00:00,21868.0
2026-01-17T00,TEN,Tennessee,TI,Total interchange,130,megawatthours,2026-01-17 00:00:00,130.0
2026-01-16T23,TEN,Tennessee,D,Demand,20718,megawatthours,2026-01-16 23:00:00,20718.0
2026-01-16T23,TEN,Tennessee,DF,Day-ahead demand forecast,20773,megawatthours,2026-01-16 23:00:00,20773.0
2026-01-16T23,TEN,Tennessee,NG,Net generation,20916,megawatthours,2026-01-16 23:00:00,20916.0
2026-01-16T23,TEN,Tennessee,TI,Total interchange,198,megawatthours,2026-01-16 23:00:00,198.0
2026-01-16T22,TEN,Tennessee,D,Demand,20105,megawatthours,2026-01-16 22:00:00,20105.0
2026-01-16T22,TEN,Tennessee,DF,Day-ahead demand forecast,20131,megawatthours,2026-01-16 22:00:00,20131.0
2026-01-16T22,TEN,Tennessee,NG,Net generation,20076,megawatthours,2026-01-16 22:00:00,20076.0
2026-01-16T22,TEN,Tennessee,TI,Total interchange,-21,megawatthours,2026-01-16 22:00:00,-21.0
2026-01-16T21,TEN,Tennessee,D,Demand,20166,megawatthours,2026-01-16 21:00:00,20166.0
2026-01-16T21,TEN,Tennessee,DF,Day-ahead demand forecast,20151,megawatthours,2026-01-16 21:00:00,20151.0
2026-01-16T21,TEN,Tennessee,NG,Net generation,20058,megawatthours,2026-01-16 21:00:00,20058.0
2026-01-16T21,TEN,Tennessee,TI,Total interchange,-85,megawatthours,2026-01-16 21:00:00,-85.0
2026-01-16T20,TEN,Tennessee,D,Demand,20548,megawatthours,2026-01-16 20:00:00,20548.0
2026-01-16T20,TEN,Tennessee,DF,Day-ahead demand forecast,20591,megawatthours,2026-01-16 20:00:00,20591.0
2026-01-16T20,TEN,Tennessee,NG,Net generation,20322,megawatthours,2026-01-16 20:00:00,20322.0
2026-01-16T20,TEN,Tennessee,TI,Total interchange,-144,megawatthours,2026-01-16 20:00:00,-144.0
2026-01-16T19,TEN,Tennessee,D,Demand,21210,megawatthours,2026-01-16 19:00:00,21210.0
2026-01-16T19,TEN,Tennessee,DF,Day-ahead demand forecast,21258,megawatthours,2026-01-16 19:00:00,21258.0
2026-01-16T19,TEN,Tennessee,NG,Net generation,20694,megawatthours,2026-01-16 19:00:00,20694.0
2026-01-16T19,TEN,Tennessee,TI,Total interchange,-426,megawatthours,2026-01-16 19:00:00,-426.0
2026-01-16T18,TEN,Tennessee,D,Demand,22392,megawatthours,2026-01-16 18:00:00,22392.0
2026-01-16T18,TEN,Tennessee,DF,Day-ahead demand forecast,22517,megawatthours,2026-01-16 18:00:00,22517.0
2026-01-16T18,TEN,Tennessee,NG,Net generation,21554,megawatthours,2026-01-16 18:00:00,21554.0
2026-01-16T18,TEN,Tennessee,TI,Total interchange,-658,megawatthours,2026-01-16 18:00:00,-658.0
2026-01-16T17,TEN,Tennessee,D,Demand,23920,megawatthours,2026-01-16 17:00:00,23920.0
2026-01-16T17,TEN,Tennessee,DF,Day-ahead demand forecast,23802,megawatthours,2026-01-16 17:00:00,23802.0
2026-01-16T17,TEN,Tennessee,NG,Net generation,22754,megawatthours,2026-01-16 17:00:00,22754.0
2026-01-16T17,TEN,Tennessee,TI,Total interchange,-974,megawatthours,2026-01-16 17:00:00,-974.0
2026-01-16T16,TEN,Tennessee,D,Demand,25091,megawatthours,2026-01-16 16:00:00,25091.0
2026-01-16T16,TEN,Tennessee,DF,Day-ahead demand forecast,25078,megawatthours,2026-01-16 16:00:00,25078.0
2026-01-16T16,TEN,Tennessee,NG,Net generation,23816,megawatthours,2026-01-16 16:00:00,23816.0
2026-01-16T16,TEN,Tennessee,TI,Total interchange,-1075,megawatthours,2026-01-16 16:00:00,-1075.0
2026-01-16T15,TEN,Tennessee,D,Demand,26482,megawatthours,2026-01-16 15:00:00,26482.0
2026-01-16T15,TEN,Tennessee,DF,Day-ahead demand forecast,26776,megawatthours,2026-01-16 15:00:00,26776.0
2026-01-16T15,TEN,Tennessee,NG,Net generation,24993,megawatthours,2026-01-16 15:00:00,24993.0
2026-01-16T15,TEN,Tennessee,TI,Total interchange,-1349,megawatthours,2026-01-16 15:00:00,-1349.0
2026-01-16T14,TEN,Tennessee,D,Demand,27406,megawatthours,2026-01-16 14:00:00,27406.0
2026-01-16T14,TEN,Tennessee,DF,Day-ahead demand forecast,27708,megawatthours,2026-01-16 14:00:00,27708.0
2026-01-16T14,TEN,Tennessee,NG,Net generation,26051,megawatthours,2026-01-16 14:00:00,26051.0
2026-01-16T14,TEN,Tennessee,TI,Total interchange,-1344,megawatthours,2026-01-16 14:00:00,-1344.0
2026-01-16T13,TEN,Tennessee,D,Demand,27635,megawatthours,2026-01-16 13:00:00,27635.0
2026-01-16T13,TEN,Tennessee,DF,Day-ahead demand forecast,27874,megawatthours,2026-01-16 13:00:00,27874.0
2026-01-16T13,TEN,Tennessee,NG,Net generation,26436,megawatthours,2026-01-16 13:00:00,26436.0
2026-01-16T13,TEN,Tennessee,TI,Total interchange,-1202,megawatthours,2026-01-16 13:00:00,-1202.0
2026-01-16T12,TEN,Tennessee,D,Demand,26754,megawatthours,2026-01-16 12:00:00,26754.0
2026-01-16T12,TEN,Tennessee,DF,Day-ahead demand forecast,27227,megawatthours,2026-01-16 12:00:00,27227.0
2026-01-16T12,TEN,Tennessee,NG,Net generation,25509,megawatthours,2026-01-16 12:00:00,25509.0
2026-01-16T12,TEN,Tennessee,TI,Total interchange,-1249,megawatthours,2026-01-16 12:00:00,-1249.0
2026-01-16T11,TEN,Tennessee,D,Demand,26056,megawatthours,2026-01-16 11:00:00,26056.0
2026-01-16T11,TEN,Tennessee,DF,Day-ahead demand forecast,25944,megawatthours,2026-01-16 11:00:00,25944.0
2026-01-16T11,TEN,Tennessee,NG,Net generation,24612,megawatthours,2026-01-16 11:00:00,24612.0
2026-01-16T11,TEN,Tennessee,TI,Total interchange,-1448,megawatthours,2026-01-16 11:00:00,-1448.0
2026-01-16T10,TEN,Tennessee,D,Demand,25889,megawatthours,2026-01-16 10:00:00,25889.0
2026-01-16T10,TEN,Tennessee,DF,Day-ahead demand forecast,25527,megawatthours,2026-01-16 10:00:00,25527.0
2026-01-16T10,TEN,Tennessee,NG,Net generation,24141,megawatthours,2026-01-16 10:00:00,24141.0
2026-01-16T10,TEN,Tennessee,TI,Total interchange,-1753,megawatthours,2026-01-16 10:00:00,-1753.0
2026-01-16T09,TEN,Tennessee,D,Demand,26037,megawatthours,2026-01-16 09:00:00,26037.0
2026-01-16T09,TEN,Tennessee,DF,Day-ahead demand forecast,25409,megawatthours,2026-01-16 09:00:00,25409.0
2026-01-16T09,TEN,Tennessee,NG,Net generation,24223,megawatthours,2026-01-16 09:00:00,24223.0
2026-01-16T09,TEN,Tennessee,TI,Total interchange,-1815,megawatthours,2026-01-16 09:00:00,-1815.0
2026-01-16T08,TEN,Tennessee,D,Demand,25996,megawatthours,2026-01-16 08:00:00,25996.0
2026-01-16T08,TEN,Tennessee,DF,Day-ahead demand forecast,25391,megawatthours,2026-01-16 08:00:00,25391.0
2026-01-16T08,TEN,Tennessee,NG,Net generation,24209,megawatthours,2026-01-16 08:00:00,24209.0
2026-01-16T08,TEN,Tennessee,TI,Total interchange,-1794,megawatthours,2026-01-16 08:00:00,-1794.0
2026-01-16T07,TEN,Tennessee,D,Demand,26063,megawatthours,2026-01-16 07:00:00,26063.0
2026-01-16T07,TEN,Tennessee,DF,Day-ahead demand forecast,25450,megawatthours,2026-01-16 07:00:00,25450.0
2026-01-16T07,TEN,Tennessee,NG,Net generation,24446,megawatthours,2026-01-16 07:00:00,24446.0
2026-01-16T07,TEN,Tennessee,TI,Total interchange,-1618,megawatthours,2026-01-16 07:00:00,-1618.0
2026-01-16T06,TEN,Tennessee,D,Demand,26249,megawatthours,2026-01-16 06:00:00,26249.0
2026-01-16T06,TEN,Tennessee,DF,Day-ahead demand forecast,25404,megawatthours,2026-01-16 06:00:00,25404.0
2026-01-16T06,TEN,Tennessee,NG,Net generation,24490,megawatthours,2026-01-16 06:00:00,24490.0
2026-01-16T06,TEN,Tennessee,TI,Total interchange,-1765,megawatthours,2026-01-16 06:00:00,-1765.0
2026-01-16T05,TEN,Tennessee,D,Demand,26529,megawatthours,2026-01-16 05:00:00,26529.0
2026-01-16T05,TEN,Tennessee,DF,Day-ahead demand forecast,25990,megawatthours,2026-01-16 05:00:00,25990.0
2026-01-16T05,TEN,Tennessee,NG,Net generation,24714,megawatthours,2026-01-16 05:00:00,24714.0
2026-01-16T05,TEN,Tennessee,TI,Total interchange,-1819,megawatthours,2026-01-16 05:00:00,-1819.0
2026-01-16T04,TEN,Tennessee,D,Demand,27142,megawatthours,2026-01-16 04:00:00,27142.0
2026-01-16T04,TEN,Tennessee,DF,Day-ahead demand forecast,26498,megawatthours,2026-01-16 04:00:00,26498.0
2026-01-16T04,TEN,Tennessee,NG,Net generation,25403,megawatthours,2026-01-16 04:00:00,25403.0
2026-01-16T04,TEN,Tennessee,TI,Total interchange,-1742,megawatthours,2026-01-16 04:00:00,-1742.0
2026-01-16T03,TEN,Tennessee,D,Demand,27433,megawatthours,2026-01-16 03:00:00,27433.0
2026-01-16T03,TEN,Tennessee,DF,Day-ahead demand forecast,26956,megawatthours,2026-01-16 03:00:00,26956.0
2026-01-16T03,TEN,Tennessee,NG,Net generation,25760,megawatthours,2026-01-16 03:00:00,25760.0
2026-01-16T03,TEN,Tennessee,TI,Total interchange,-1678,megawatthours,2026-01-16 03:00:00,-1678.0
2026-01-16T02,TEN,Tennessee,D,Demand,27374,megawatthours,2026-01-16 02:00:00,27374.0
2026-01-16T02,TEN,Tennessee,DF,Day-ahead demand forecast,26942,megawatthours,2026-01-16 02:00:00,26942.0
2026-01-16T02,TEN,Tennessee,NG,Net generation,25775,megawatthours,2026-01-16 02:00:00,25775.0
2026-01-16T02,TEN,Tennessee,TI,Total interchange,-1598,megawatthours,2026-01-16 02:00:00,-1598.0
2026-01-16T01,TEN,Tennessee,D,Demand,27037,megawatthours,2026-01-16 01:00:00,27037.0
2026-01-16T01,TEN,Tennessee,DF,Day-ahead demand forecast,26514,megawatthours,2026-01-16 01:00:00,26514.0
2026-01-16T01,TEN,Tennessee,NG,Net generation,25562,megawatthours,2026-01-16 01:00:00,25562.0
2026-01-16T01,TEN,Tennessee,TI,Total interchange,-1482,megawatthours,2026-01-16 01:00:00,-1482.0
2026-01-16T00,TEN,Tennessee,D,Demand,26106,megawatthours,2026-01-16 00:00:00,26106.0
2026-01-16T00,TEN,Tennessee,DF,Day-ahead demand forecast,25752,megawatthours,2026-01-16 00:00:00,25752.0
2026-01-16T00,TEN,Tennessee,NG,Net generation,24823,megawatthours,2026-01-16 00:00:00,24823.0
2026-01-16T00,TEN,Tennessee,TI,Total interchange,-1289,megawatthours,2026-01-16 00:00:00,-1289.0
2026-01-15T23,TEN,Tennessee,D,Demand,24636,megawatthours,2026-01-15 23:00:00,24636.0
2026-01-15T23,TEN,Tennessee,DF,Day-ahead demand forecast,24524,megawatthours,2026-01-15 23:00:00,24524.0
2026-01-15T23,TEN,Tennessee,NG,Net generation,23310,megawatthours,2026-01-15 23:00:00,23310.0
2026-01-15T23,TEN,Tennessee,TI,Total interchange,-1284,megawatthours,2026-01-15 23:00:00,-1284.0
2026-01-15T22,TEN,Tennessee,D,Demand,23494,megawatthours,2026-01-15 22:00:00,23494.0
2026-01-15T22,TEN,Tennessee,DF,Day-ahead demand forecast,23767,megawatthours,2026-01-15 22:00:00,23767.0
2026-01-15T22,TEN,Tennessee,NG,Net generation,21929,megawatthours,2026-01-15 22:00:00,21929.0
2026-01-15T22,TEN,Tennessee,TI,Total interchange,-1415,megawatthours,2026-01-15 22:00:00,-1415.0
2026-01-15T21,TEN,Tennessee,D,Demand,23626,megawatthours,2026-01-15 21:00:00,23626.0
2026-01-15T21,TEN,Tennessee,DF,Day-ahead demand forecast,23858,megawatthours,2026-01-15 21:00:00,23858.0
2026-01-15T21,TEN,Tennessee,NG,Net generation,21963,megawatthours,2026-01-15 21:00:00,21963.0
2026-01-15T21,TEN,Tennessee,TI,Total interchange,-1490,megawatthours,2026-01-15 21:00:00,-1490.0
2026-01-15T20,TEN,Tennessee,D,Demand,23950,megawatthours,2026-01-15 20:00:00,23950.0
2026-01-15T20,TEN,Tennessee,DF,Day-ahead demand forecast,24303,megawatthours,2026-01-15 20:00:00,24303.0
2026-01-15T20,TEN,Tennessee,NG,Net generation,22270,megawatthours,2026-01-15 20:00:00,22270.0
2026-01-15T20,TEN,Tennessee,TI,Total interchange,-1524,megawatthours,2026-01-15 20:00:00,-1524.0
2026-01-15T19,TEN,Tennessee,D,Demand,24638,megawatthours,2026-01-15 19:00:00,24638.0
2026-01-15T19,TEN,Tennessee,DF,Day-ahead demand forecast,24822,megawatthours,2026-01-15 19:00:00,24822.0
2026-01-15T19,TEN,Tennessee,NG,Net generation,22981,megawatthours,2026-01-15 19:00:00,22981.0
2026-01-15T19,TEN,Tennessee,TI,Total interchange,-1509,megawatthours,2026-01-15 19:00:00,-1509.0
2026-01-15T18,TEN,Tennessee,D,Demand,25097,megawatthours,2026-01-15 18:00:00,25097.0
2026-01-15T18,TEN,Tennessee,DF,Day-ahead demand forecast,25609,megawatthours,2026-01-15 18:00:00,25609.0
2026-01-15T18,TEN,Tennessee,NG,Net generation,23516,megawatthours,2026-01-15 18:00:00,23516.0
2026-01-15T18,TEN,Tennessee,TI,Total interchange,-1438,megawatthours,2026-01-15 18:00:00,-1438.0
2026-01-15T17,TEN,Tennessee,D,Demand,25803,megawatthours,2026-01-15 17:00:00,25803.0
2026-01-15T17,TEN,Tennessee,DF,Day-ahead demand forecast,26229,megawatthours,2026-01-15 17:00:00,26229.0
2026-01-15T17,TEN,Tennessee,NG,Net generation,24294,megawatthours,2026-01-15 17:00:00,24294.0
2026-01-15T17,TEN,Tennessee,TI,Total interchange,-1352,megawatthours,2026-01-15 17:00:00,-1352.0
2026-01-15T16,TEN,Tennessee,D,Demand,26173,megawatthours,2026-01-15 16:00:00,26173.0
2026-01-15T16,TEN,Tennessee,DF,Day-ahead demand forecast,26757,megawatthours,2026-01-15 16:00:00,26757.0
2026-01-15T16,TEN,Tennessee,NG,Net generation,24647,megawatthours,2026-01-15 16:00:00,24647.0
2026-01-15T16,TEN,Tennessee,TI,Total interchange,-1364,megawatthours,2026-01-15 16:00:00,-1364.0
2026-01-15T15,TEN,Tennessee,D,Demand,26905,megawatthours,2026-01-15 15:00:00,26905.0
2026-01-15T15,TEN,Tennessee,DF,Day-ahead demand forecast,27658,megawatthours,2026-01-15 15:00:00,27658.0
2026-01-15T15,TEN,Tennessee,NG,Net generation,25472,megawatthours,2026-01-15 15:00:00,25472.0
2026-01-15T15,TEN,Tennessee,TI,Total interchange,-1307,megawatthours,2026-01-15 15:00:00,-1307.0
2026-01-15T14,TEN,Tennessee,D,Demand,27209,megawatthours,2026-01-15 14:00:00,27209.0
2026-01-15T14,TEN,Tennessee,DF,Day-ahead demand forecast,27945,megawatthours,2026-01-15 14:00:00,27945.0
2026-01-15T14,TEN,Tennessee,NG,Net generation,25972,megawatthours,2026-01-15 14:00:00,25972.0
2026-01-15T14,TEN,Tennessee,TI,Total interchange,-1219,megawatthours,2026-01-15 14:00:00,-1219.0
2026-01-15T13,TEN,Tennessee,D,Demand,26831,megawatthours,2026-01-15 13:00:00,26831.0
2026-01-15T13,TEN,Tennessee,DF,Day-ahead demand forecast,27820,megawatthours,2026-01-15 13:00:00,27820.0
2026-01-15T13,TEN,Tennessee,NG,Net generation,25636,megawatthours,2026-01-15 13:00:00,25636.0
2026-01-15T13,TEN,Tennessee,TI,Total interchange,-1198,megawatthours,2026-01-15 13:00:00,-1198.0
2026-01-15T12,TEN,Tennessee,D,Demand,25258,megawatthours,2026-01-15 12:00:00,25258.0
2026-01-15T12,TEN,Tennessee,DF,Day-ahead demand forecast,26466,megawatthours,2026-01-15 12:00:00,26466.0
2026-01-15T12,TEN,Tennessee,NG,Net generation,23836,megawatthours,2026-01-15 12:00:00,23836.0
2026-01-15T12,TEN,Tennessee,TI,Total interchange,-1427,megawatthours,2026-01-15 12:00:00,-1427.0
2026-01-15T11,TEN,Tennessee,D,Demand,23853,megawatthours,2026-01-15 11:00:00,23853.0
2026-01-15T11,TEN,Tennessee,DF,Day-ahead demand forecast,24888,megawatthours,2026-01-15 11:00:00,24888.0
2026-01-15T11,TEN,Tennessee,NG,Net generation,22287,megawatthours,2026-01-15 11:00:00,22287.0
2026-01-15T11,TEN,Tennessee,TI,Total interchange,-1570,megawatthours,2026-01-15 11:00:00,-1570.0
2026-01-15T10,TEN,Tennessee,D,Demand,23249,megawatthours,2026-01-15 10:00:00,23249.0
2026-01-15T10,TEN,Tennessee,DF,Day-ahead demand forecast,23743,megawatthours,2026-01-15 10:00:00,23743.0
2026-01-15T10,TEN,Tennessee,NG,Net generation,21562,megawatthours,2026-01-15 10:00:00,21562.0
2026-01-15T10,TEN,Tennessee,TI,Total interchange,-1690,megawatthours,2026-01-15 10:00:00,-1690.0
2026-01-15T09,TEN,Tennessee,D,Demand,22727,megawatthours,2026-01-15 09:00:00,22727.0
2026-01-15T09,TEN,Tennessee,DF,Day-ahead demand forecast,23176,megawatthours,2026-01-15 09:00:00,23176.0
2026-01-15T09,TEN,Tennessee,NG,Net generation,21091,megawatthours,2026-01-15 09:00:00,21091.0
2026-01-15T09,TEN,Tennessee,TI,Total interchange,-1643,megawatthours,2026-01-15 09:00:00,-1643.0
2026-01-15T08,TEN,Tennessee,D,Demand,22520,megawatthours,2026-01-15 08:00:00,22520.0
2026-01-15T08,TEN,Tennessee,DF,Day-ahead demand forecast,22768,megawatthours,2026-01-15 08:00:00,22768.0
2026-01-15T08,TEN,Tennessee,NG,Net generation,21003,megawatthours,2026-01-15 08:00:00,21003.0
2026-01-15T08,TEN,Tennessee,TI,Total interchange,-1519,megawatthours,2026-01-15 08:00:00,-1519.0
2026-01-15T07,TEN,Tennessee,D,Demand,22318,megawatthours,2026-01-15 07:00:00,22318.0
2026-01-15T07,TEN,Tennessee,DF,Day-ahead demand forecast,22401,megawatthours,2026-01-15 07:00:00,22401.0
2026-01-15T07,TEN,Tennessee,NG,Net generation,21230,megawatthours,2026-01-15 07:00:00,21230.0
2026-01-15T07,TEN,Tennessee,TI,Total interchange,-1090,megawatthours,2026-01-15 07:00:00,-1090.0
2026-01-15T06,TEN,Tennessee,D,Demand,22320,megawatthours,2026-01-15 06:00:00,22320.0
2026-01-15T06,TEN,Tennessee,DF,Day-ahead demand forecast,22040,megawatthours,2026-01-15 06:00:00,22040.0
2026-01-15T06,TEN,Tennessee,NG,Net generation,21878,megawatthours,2026-01-15 06:00:00,21878.0
2026-01-15T06,TEN,Tennessee,TI,Total interchange,-444,megawatthours,2026-01-15 06:00:00,-444.0
2026-01-15T05,TEN,Tennessee,D,Demand,22660,megawatthours,2026-01-15 05:00:00,22660.0
2026-01-15T05,TEN,Tennessee,DF,Day-ahead demand forecast,22024,megawatthours,2026-01-15 05:00:00,22024.0
2026-01-15T05,TEN,Tennessee,NG,Net generation,22116,megawatthours,2026-01-15 05:00:00,22116.0
2026-01-15T05,TEN,Tennessee,TI,Total interchange,-552,megawatthours,2026-01-15 05:00:00,-552.0
2026-01-15T04,TEN,Tennessee,D,Demand,22971,megawatthours,2026-01-15 04:00:00,22971.0
2026-01-15T04,TEN,Tennessee,DF,Day-ahead demand forecast,22640,megawatthours,2026-01-15 04:00:00,22640.0
2026-01-15T04,TEN,Tennessee,NG,Net generation,22514,megawatthours,2026-01-15 04:00:00,22514.0
2026-01-15T04,TEN,Tennessee,TI,Total interchange,-460,megawatthours,2026-01-15 04:00:00,-460.0
2026-01-15T03,TEN,Tennessee,D,Demand,23169,megawatthours,2026-01-15 03:00:00,23169.0
2026-01-15T03,TEN,Tennessee,DF,Day-ahead demand forecast,23021,megawatthours,2026-01-15 03:00:00,23021.0
2026-01-15T03,TEN,Tennessee,NG,Net generation,22873,megawatthours,2026-01-15 03:00:00,22873.0
2026-01-15T03,TEN,Tennessee,TI,Total interchange,-301,megawatthours,2026-01-15 03:00:00,-301.0
2026-01-15T02,TEN,Tennessee,D,Demand,23053,megawatthours,2026-01-15 02:00:00,23053.0
2026-01-15T02,TEN,Tennessee,DF,Day-ahead demand forecast,23113,megawatthours,2026-01-15 02:00:00,23113.0
2026-01-15T02,TEN,Tennessee,NG,Net generation,22714,megawatthours,2026-01-15 02:00:00,22714.0
2026-01-15T02,TEN,Tennessee,TI,Total interchange,-340,megawatthours,2026-01-15 02:00:00,-340.0
2026-01-15T01,TEN,Tennessee,D,Demand,22892,megawatthours,2026-01-15 01:00:00,22892.0
2026-01-15T01,TEN,Tennessee,DF,Day-ahead demand forecast,23173,megawatthours,2026-01-15 01:00:00,23173.0
2026-01-15T01,TEN,Tennessee,NG,Net generation,22628,megawatthours,2026-01-15 01:00:00,22628.0
2026-01-15T01,TEN,Tennessee,TI,Total interchange,-266,megawatthours,2026-01-15 01:00:00,-266.0
2026-01-15T00,TEN,Tennessee,D,Demand,22421,megawatthours,2026-01-15 00:00:00,22421.0
2026-01-15T00,TEN,Tennessee,DF,Day-ahead demand forecast,22922,megawatthours,2026-01-15 00:00:00,22922.0
2026-01-15T00,TEN,Tennessee,NG,Net generation,22310,megawatthours,2026-01-15 00:00:00,22310.0
2026-01-15T00,TEN,Tennessee,TI,Total interchange,-119,megawatthours,2026-01-15 00:00:00,-119.0
2026-01-14T23,TEN,Tennessee,D,Demand,21309,megawatthours,2026-01-14 23:00:00,21309.0
2026-01-14T23,TEN,Tennessee,DF,Day-ahead demand forecast,21766,megawatthours,2026-01-14 23:00:00,21766.0
2026-01-14T23,TEN,Tennessee,NG,Net generation,20975,megawatthours,2026-01-14 23:00:00,20975.0
2026-01-14T23,TEN,Tennessee,TI,Total interchange,-287,megawatthours,2026-01-14 23:00:00,-287.0
2026-01-14T22,TEN,Tennessee,D,Demand,20477,megawatthours,2026-01-14 22:00:00,20477.0
2026-01-14T22,TEN,Tennessee,DF,Day-ahead demand forecast,21065,megawatthours,2026-01-14 22:00:00,21065.0
2026-01-14T22,TEN,Tennessee,NG,Net generation,19929,megawatthours,2026-01-14 22:00:00,19929.0
2026-01-14T22,TEN,Tennessee,TI,Total interchange,-422,megawatthours,2026-01-14 22:00:00,-422.0
2026-01-14T21,TEN,Tennessee,D,Demand,20094,megawatthours,2026-01-14 21:00:00,20094.0
2026-01-14T21,TEN,Tennessee,DF,Day-ahead demand forecast,20692,megawatthours,2026-01-14 21:00:00,20692.0
2026-01-14T21,TEN,Tennessee,NG,Net generation,19367,megawatthours,2026-01-14 21:00:00,19367.0
2026-01-14T21,TEN,Tennessee,TI,Total interchange,-566,megawatthours,2026-01-14 21:00:00,-566.0
2026-01-14T20,TEN,Tennessee,D,Demand,20178,megawatthours,2026-01-14 20:00:00,20178.0
2026-01-14T20,TEN,Tennessee,DF,Day-ahead demand forecast,20843,megawatthours,2026-01-14 20:00:00,20843.0
2026-01-14T20,TEN,Tennessee,NG,Net generation,19476,megawatthours,2026-01-14 20:00:00,19476.0
2026-01-14T20,TEN,Tennessee,TI,Total interchange,-579,megawatthours,2026-01-14 20:00:00,-579.0
2026-01-14T19,TEN,Tennessee,D,Demand,20150,megawatthours,2026-01-14 19:00:00,20150.0
2026-01-14T19,TEN,Tennessee,DF,Day-ahead demand forecast,20905,megawatthours,2026-01-14 19:00:00,20905.0
2026-01-14T19,TEN,Tennessee,NG,Net generation,19500,megawatthours,2026-01-14 19:00:00,19500.0
2026-01-14T19,TEN,Tennessee,TI,Total interchange,-546,megawatthours,2026-01-14 19:00:00,-546.0
2026-01-14T18,TEN,Tennessee,D,Demand,20209,megawatthours,2026-01-14 18:00:00,20209.0
2026-01-14T18,TEN,Tennessee,DF,Day-ahead demand forecast,21135,megawatthours,2026-01-14 18:00:00,21135.0
2026-01-14T18,TEN,Tennessee,NG,Net generation,19533,megawatthours,2026-01-14 18:00:00,19533.0
2026-01-14T18,TEN,Tennessee,TI,Total interchange,-604,megawatthours,2026-01-14 18:00:00,-604.0
2026-01-14T17,TEN,Tennessee,D,Demand,20252,megawatthours,2026-01-14 17:00:00,20252.0
2026-01-14T17,TEN,Tennessee,DF,Day-ahead demand forecast,21277,megawatthours,2026-01-14 17:00:00,21277.0
2026-01-14T17,TEN,Tennessee,NG,Net generation,19678,megawatthours,2026-01-14 17:00:00,19678.0
2026-01-14T17,TEN,Tennessee,TI,Total interchange,-536,megawatthours,2026-01-14 17:00:00,-536.0
2026-01-14T16,TEN,Tennessee,D,Demand,20409,megawatthours,2026-01-14 16:00:00,20409.0
2026-01-14T16,TEN,Tennessee,DF,Day-ahead demand forecast,21273,megawatthours,2026-01-14 16:00:00,21273.0
2026-01-14T16,TEN,Tennessee,NG,Net generation,19764,megawatthours,2026-01-14 16:00:00,19764.0
2026-01-14T16,TEN,Tennessee,TI,Total interchange,-631,megawatthours,2026-01-14 16:00:00,-631.0
2026-01-14T15,TEN,Tennessee,D,Demand,20514,megawatthours,2026-01-14 15:00:00,20514.0
2026-01-14T15,TEN,Tennessee,DF,Day-ahead demand forecast,21430,megawatthours,2026-01-14 15:00:00,21430.0
2026-01-14T15,TEN,Tennessee,NG,Net generation,20018,megawatthours,2026-01-14 15:00:00,20018.0
2026-01-14T15,TEN,Tennessee,TI,Total interchange,-491,megawatthours,2026-01-14 15:00:00,-491.0
2026-01-14T14,TEN,Tennessee,D,Demand,20670,megawatthours,2026-01-14 14:00:00,20670.0
2026-01-14T14,TEN,Tennessee,DF,Day-ahead demand forecast,21546,megawatthours,2026-01-14 14:00:00,21546.0
2026-01-14T14,TEN,Tennessee,NG,Net generation,20222,megawatthours,2026-01-14 14:00:00,20222.0
2026-01-14T14,TEN,Tennessee,TI,Total interchange,-452,megawatthours,2026-01-14 14:00:00,-452.0
2026-01-14T13,TEN,Tennessee,D,Demand,20418,megawatthours,2026-01-14 13:00:00,20418.0
2026-01-14T13,TEN,Tennessee,DF,Day-ahead demand forecast,21177,megawatthours,2026-01-14 13:00:00,21177.0
2026-01-14T13,TEN,Tennessee,NG,Net generation,19900,megawatthours,2026-01-14 13:00:00,19900.0
2026-01-14T13,TEN,Tennessee,TI,Total interchange,-519,megawatthours,2026-01-14 13:00:00,-519.0
2026-01-14T12,TEN,Tennessee,D,Demand,19117,megawatthours,2026-01-14 12:00:00,19117.0
2026-01-14T12,TEN,Tennessee,DF,Day-ahead demand forecast,19714,megawatthours,2026-01-14 12:00:00,19714.0
2026-01-14T12,TEN,Tennessee,NG,Net generation,18640,megawatthours,2026-01-14 12:00:00,18640.0
2026-01-14T12,TEN,Tennessee,TI,Total interchange,-479,megawatthours,2026-01-14 12:00:00,-479.0
2026-01-14T11,TEN,Tennessee,D,Demand,18037,megawatthours,2026-01-14 11:00:00,18037.0
2026-01-14T11,TEN,Tennessee,DF,Day-ahead demand forecast,18581,megawatthours,2026-01-14 11:00:00,18581.0
2026-01-14T11,TEN,Tennessee,NG,Net generation,17570,megawatthours,2026-01-14 11:00:00,17570.0
2026-01-14T11,TEN,Tennessee,TI,Total interchange,-473,megawatthours,2026-01-14 11:00:00,-473.0
2026-01-14T10,TEN,Tennessee,D,Demand,17709,megawatthours,2026-01-14 10:00:00,17709.0
2026-01-14T10,TEN,Tennessee,DF,Day-ahead demand forecast,18247,megawatthours,2026-01-14 10:00:00,18247.0
2026-01-14T10,TEN,Tennessee,NG,Net generation,17152,megawatthours,2026-01-14 10:00:00,17152.0
2026-01-14T10,TEN,Tennessee,TI,Total interchange,-559,megawatthours,2026-01-14 10:00:00,-559.0
2026-01-14T09,TEN,Tennessee,D,Demand,17610,megawatthours,2026-01-14 09:00:00,17610.0
2026-01-14T09,TEN,Tennessee,DF,Day-ahead demand forecast,18153,megawatthours,2026-01-14 09:00:00,18153.0
2026-01-14T09,TEN,Tennessee,NG,Net generation,17135,megawatthours,2026-01-14 09:00:00,17135.0
2026-01-14T09,TEN,Tennessee,TI,Total interchange,-482,megawatthours,2026-01-14 09:00:00,-482.0
2026-01-14T08,TEN,Tennessee,D,Demand,17717,megawatthours,2026-01-14 08:00:00,17717.0
2026-01-14T08,TEN,Tennessee,DF,Day-ahead demand forecast,18108,megawatthours,2026-01-14 08:00:00,18108.0
2026-01-14T08,TEN,Tennessee,NG,Net generation,17165,megawatthours,2026-01-14 08:00:00,17165.0
2026-01-14T08,TEN,Tennessee,TI,Total interchange,-555,megawatthours,2026-01-14 08:00:00,-555.0
2026-01-14T07,TEN,Tennessee,D,Demand,17923,megawatthours,2026-01-14 07:00:00,17923.0
2026-01-14T07,TEN,Tennessee,DF,Day-ahead demand forecast,18152,megawatthours,2026-01-14 07:00:00,18152.0
2026-01-14T07,TEN,Tennessee,NG,Net generation,17433,megawatthours,2026-01-14 07:00:00,17433.0
2026-01-14T07,TEN,Tennessee,TI,Total interchange,-495,megawatthours,2026-01-14 07:00:00,-495.0
2026-01-14T06,TEN,Tennessee,D,Demand,18312,megawatthours,2026-01-14 06:00:00,18312.0
2026-01-14T06,TEN,Tennessee,DF,Day-ahead demand forecast,18315,megawatthours,2026-01-14 06:00:00,18315.0
2026-01-14T06,TEN,Tennessee,NG,Net generation,17816,megawatthours,2026-01-14 06:00:00,17816.0
2026-01-14T06,TEN,Tennessee,TI,Total interchange,-499,megawatthours,2026-01-14 06:00:00,-499.0
2026-01-14T05,TEN,Tennessee,D,Demand,18914,megawatthours,2026-01-14 05:00:00,18914.0
2026-01-14T05,TEN,Tennessee,DF,Day-ahead demand forecast,18928,megawatthours,2026-01-14 05:00:00,18928.0
2026-01-14T05,TEN,Tennessee,NG,Net generation,18507,megawatthours,2026-01-14 05:00:00,18507.0
2026-01-14T05,TEN,Tennessee,TI,Total interchange,-409,megawatthours,2026-01-14 05:00:00,-409.0
2026-01-14T04,TEN,Tennessee,D,Demand,19672,megawatthours,2026-01-14 04:00:00,19672.0
2026-01-14T04,TEN,Tennessee,DF,Day-ahead demand forecast,19838,megawatthours,2026-01-14 04:00:00,19838.0
2026-01-14T04,TEN,Tennessee,NG,Net generation,19302,megawatthours,2026-01-14 04:00:00,19302.0
2026-01-14T04,TEN,Tennessee,TI,Total interchange,-374,megawatthours,2026-01-14 04:00:00,-374.0
2026-01-14T03,TEN,Tennessee,D,Demand,20239,megawatthours,2026-01-14 03:00:00,20239.0
2026-01-14T03,TEN,Tennessee,DF,Day-ahead demand forecast,20556,megawatthours,2026-01-14 03:00:00,20556.0
2026-01-14T03,TEN,Tennessee,NG,Net generation,19911,megawatthours,2026-01-14 03:00:00,19911.0
2026-01-14T03,TEN,Tennessee,TI,Total interchange,-332,megawatthours,2026-01-14 03:00:00,-332.0
2026-01-14T02,TEN,Tennessee,D,Demand,20530,megawatthours,2026-01-14 02:00:00,20530.0
2026-01-14T02,TEN,Tennessee,DF,Day-ahead demand forecast,20677,megawatthours,2026-01-14 02:00:00,20677.0
2026-01-14T02,TEN,Tennessee,NG,Net generation,20344,megawatthours,2026-01-14 02:00:00,20344.0
2026-01-14T02,TEN,Tennessee,TI,Total interchange,-190,megawatthours,2026-01-14 02:00:00,-190.0
2026-01-14T01,TEN,Tennessee,D,Demand,20544,megawatthours,2026-01-14 01:00:00,20544.0
2026-01-14T01,TEN,Tennessee,DF,Day-ahead demand forecast,20695,megawatthours,2026-01-14 01:00:00,20695.0
2026-01-14T01,TEN,Tennessee,NG,Net generation,20375,megawatthours,2026-01-14 01:00:00,20375.0
2026-01-14T01,TEN,Tennessee,TI,Total interchange,-172,megawatthours,2026-01-14 01:00:00,-172.0
2026-01-14T00,TEN,Tennessee,D,Demand,20139,megawatthours,2026-01-14 00:00:00,20139.0
2026-01-14T00,TEN,Tennessee,DF,Day-ahead demand forecast,20174,megawatthours,2026-01-14 00:00:00,20174.0
2026-01-14T00,TEN,Tennessee,NG,Net generation,19870,megawatthours,2026-01-14 00:00:00,19870.0
2026-01-14T00,TEN,Tennessee,TI,Total interchange,-273,megawatthours,2026-01-14 00:00:00,-273.0
2026-01-13T23,TEN,Tennessee,D,Demand,18960,megawatthours,2026-01-13 23:00:00,18960.0
2026-01-13T23,TEN,Tennessee,DF,Day-ahead demand forecast,19065,megawatthours,2026-01-13 23:00:00,19065.0
2026-01-13T23,TEN,Tennessee,NG,Net generation,18543,megawatthours,2026-01-13 23:00:00,18543.0
2026-01-13T23,TEN,Tennessee,TI,Total interchange,-369,megawatthours,2026-01-13 23:00:00,-369.0
2026-01-13T22,TEN,Tennessee,D,Demand,18400,megawatthours,2026-01-13 22:00:00,18400.0
2026-01-13T22,TEN,Tennessee,DF,Day-ahead demand forecast,18538,megawatthours,2026-01-13 22:00:00,18538.0
2026-01-13T22,TEN,Tennessee,NG,Net generation,17842,megawatthours,2026-01-13 22:00:00,17842.0
2026-01-13T22,TEN,Tennessee,TI,Total interchange,-398,megawatthours,2026-01-13 22:00:00,-398.0
2026-01-13T21,TEN,Tennessee,D,Demand,18445,megawatthours,2026-01-13 21:00:00,18445.0
2026-01-13T21,TEN,Tennessee,DF,Day-ahead demand forecast,18543,megawatthours,2026-01-13 21:00:00,18543.0
2026-01-13T21,TEN,Tennessee,NG,Net generation,17879,megawatthours,2026-01-13 21:00:00,17879.0
2026-01-13T21,TEN,Tennessee,TI,Total interchange,-372,megawatthours,2026-01-13 21:00:00,-372.0
2026-01-13T20,TEN,Tennessee,D,Demand,18923,megawatthours,2026-01-13 20:00:00,18923.0
2026-01-13T20,TEN,Tennessee,DF,Day-ahead demand forecast,19074,megawatthours,2026-01-13 20:00:00,19074.0
2026-01-13T20,TEN,Tennessee,NG,Net generation,18347,megawatthours,2026-01-13 20:00:00,18347.0
2026-01-13T20,TEN,Tennessee,TI,Total interchange,-398,megawatthours,2026-01-13 20:00:00,-398.0
2026-01-13T19,TEN,Tennessee,D,Demand,19323,megawatthours,2026-01-13 19:00:00,19323.0
2026-01-13T19,TEN,Tennessee,DF,Day-ahead demand forecast,19423,megawatthours,2026-01-13 19:00:00,19423.0
2026-01-13T19,TEN,Tennessee,NG,Net generation,18702,megawatthours,2026-01-13 19:00:00,18702.0
2026-01-13T19,TEN,Tennessee,TI,Total interchange,-471,megawatthours,2026-01-13 19:00:00,-471.0
2026-01-13T18,TEN,Tennessee,D,Demand,20130,megawatthours,2026-01-13 18:00:00,20130.0
2026-01-13T18,TEN,Tennessee,DF,Day-ahead demand forecast,20413,megawatthours,2026-01-13 18:00:00,20413.0
2026-01-13T18,TEN,Tennessee,NG,Net generation,19554,megawatthours,2026-01-13 18:00:00,19554.0
2026-01-13T18,TEN,Tennessee,TI,Total interchange,-465,megawatthours,2026-01-13 18:00:00,-465.0
2026-01-13T17,TEN,Tennessee,D,Demand,21083,megawatthours,2026-01-13 17:00:00,21083.0
2026-01-13T17,TEN,Tennessee,DF,Day-ahead demand forecast,21598,megawatthours,2026-01-13 17:00:00,21598.0
2026-01-13T17,TEN,Tennessee,NG,Net generation,20418,megawatthours,2026-01-13 17:00:00,20418.0
2026-01-13T17,TEN,Tennessee,TI,Total interchange,-582,megawatthours,2026-01-13 17:00:00,-582.0
2026-01-13T16,TEN,Tennessee,D,Demand,22150,megawatthours,2026-01-13 16:00:00,22150.0
2026-01-13T16,TEN,Tennessee,DF,Day-ahead demand forecast,23061,megawatthours,2026-01-13 16:00:00,23061.0
2026-01-13T16,TEN,Tennessee,NG,Net generation,21498,megawatthours,2026-01-13 16:00:00,21498.0
2026-01-13T16,TEN,Tennessee,TI,Total interchange,-492,megawatthours,2026-01-13 16:00:00,-492.0
2026-01-13T15,TEN,Tennessee,D,Demand,23877,megawatthours,2026-01-13 15:00:00,23877.0
2026-01-13T15,TEN,Tennessee,DF,Day-ahead demand forecast,24745,megawatthours,2026-01-13 15:00:00,24745.0
2026-01-13T15,TEN,Tennessee,NG,Net generation,23146,megawatthours,2026-01-13 15:00:00,23146.0
2026-01-13T15,TEN,Tennessee,TI,Total interchange,-611,megawatthours,2026-01-13 15:00:00,-611.0
2026-01-13T14,TEN,Tennessee,D,Demand,25329,megawatthours,2026-01-13 14:00:00,25329.0
2026-01-13T14,TEN,Tennessee,DF,Day-ahead demand forecast,25960,megawatthours,2026-01-13 14:00:00,25960.0
2026-01-13T14,TEN,Tennessee,NG,Net generation,24231,megawatthours,2026-01-13 14:00:00,24231.0
2026-01-13T14,TEN,Tennessee,TI,Total interchange,-1080,megawatthours,2026-01-13 14:00:00,-1080.0
2026-01-13T13,TEN,Tennessee,D,Demand,25497,megawatthours,2026-01-13 13:00:00,25497.0
2026-01-13T13,TEN,Tennessee,DF,Day-ahead demand forecast,26301,megawatthours,2026-01-13 13:00:00,26301.0
2026-01-13T13,TEN,Tennessee,NG,Net generation,24695,megawatthours,2026-01-13 13:00:00,24695.0
2026-01-13T13,TEN,Tennessee,TI,Total interchange,-807,megawatthours,2026-01-13 13:00:00,-807.0
2026-01-13T12,TEN,Tennessee,D,Demand,24057,megawatthours,2026-01-13 12:00:00,24057.0
2026-01-13T12,TEN,Tennessee,DF,Day-ahead demand forecast,24966,megawatthours,2026-01-13 12:00:00,24966.0
2026-01-13T12,TEN,Tennessee,NG,Net generation,23142,megawatthours,2026-01-13 12:00:00,23142.0
2026-01-13T12,TEN,Tennessee,TI,Total interchange,-917,megawatthours,2026-01-13 12:00:00,-917.0
2026-01-13T11,TEN,Tennessee,D,Demand,22627,megawatthours,2026-01-13 11:00:00,22627.0
2026-01-13T11,TEN,Tennessee,DF,Day-ahead demand forecast,23287,megawatthours,2026-01-13 11:00:00,23287.0
2026-01-13T11,TEN,Tennessee,NG,Net generation,21450,megawatthours,2026-01-13 11:00:00,21450.0
2026-01-13T11,TEN,Tennessee,TI,Total interchange,-1180,megawatthours,2026-01-13 11:00:00,-1180.0
2026-01-13T10,TEN,Tennessee,D,Demand,22087,megawatthours,2026-01-13 10:00:00,22087.0
2026-01-13T10,TEN,Tennessee,DF,Day-ahead demand forecast,22758,megawatthours,2026-01-13 10:00:00,22758.0
2026-01-13T10,TEN,Tennessee,NG,Net generation,21035,megawatthours,2026-01-13 10:00:00,21035.0
2026-01-13T10,TEN,Tennessee,TI,Total interchange,-1057,megawatthours,2026-01-13 10:00:00,-1057.0
2026-01-13T09,TEN,Tennessee,D,Demand,21649,megawatthours,2026-01-13 09:00:00,21649.0
2026-01-13T09,TEN,Tennessee,DF,Day-ahead demand forecast,22373,megawatthours,2026-01-13 09:00:00,22373.0
2026-01-13T09,TEN,Tennessee,NG,Net generation,20523,megawatthours,2026-01-13 09:00:00,20523.0
2026-01-13T09,TEN,Tennessee,TI,Total interchange,-1130,megawatthours,2026-01-13 09:00:00,-1130.0
2026-01-13T08,TEN,Tennessee,D,Demand,21566,megawatthours,2026-01-13 08:00:00,21566.0
2026-01-13T08,TEN,Tennessee,DF,Day-ahead demand forecast,22152,megawatthours,2026-01-13 08:00:00,22152.0
2026-01-13T08,TEN,Tennessee,NG,Net generation,20137,megawatthours,2026-01-13 08:00:00,20137.0
2026-01-13T08,TEN,Tennessee,TI,Total interchange,-1432,megawatthours,2026-01-13 08:00:00,-1432.0
2026-01-13T07,TEN,Tennessee,D,Demand,21432,megawatthours,2026-01-13 07:00:00,21432.0
2026-01-13T07,TEN,Tennessee,DF,Day-ahead demand forecast,22031,megawatthours,2026-01-13 07:00:00,22031.0
2026-01-13T07,TEN,Tennessee,NG,Net generation,20223,megawatthours,2026-01-13 07:00:00,20223.0
2026-01-13T07,TEN,Tennessee,TI,Total interchange,-1210,megawatthours,2026-01-13 07:00:00,-1210.0
2026-01-13T06,TEN,Tennessee,D,Demand,21612,megawatthours,2026-01-13 06:00:00,21612.0
2026-01-13T06,TEN,Tennessee,DF,Day-ahead demand forecast,22257,megawatthours,2026-01-13 06:00:00,22257.0
2026-01-13T06,TEN,Tennessee,NG,Net generation,20212,megawatthours,2026-01-13 06:00:00,20212.0
2026-01-13T06,TEN,Tennessee,TI,Total interchange,-1406,megawatthours,2026-01-13 06:00:00,-1406.0
2026-01-13T05,TEN,Tennessee,D,Demand,21982,megawatthours,2026-01-13 05:00:00,21982.0
2026-01-13T05,TEN,Tennessee,DF,Day-ahead demand forecast,22586,megawatthours,2026-01-13 05:00:00,22586.0
2026-01-13T05,TEN,Tennessee,NG,Net generation,20831,megawatthours,2026-01-13 05:00:00,20831.0
2026-01-13T05,TEN,Tennessee,TI,Total interchange,-1156,megawatthours,2026-01-13 05:00:00,-1156.0
2026-01-13T04,TEN,Tennessee,D,Demand,22598,megawatthours,2026-01-13 04:00:00,22598.0
2026-01-13T04,TEN,Tennessee,DF,Day-ahead demand forecast,22967,megawatthours,2026-01-13 04:00:00,22967.0
2026-01-13T04,TEN,Tennessee,NG,Net generation,21334,megawatthours,2026-01-13 04:00:00,21334.0
2026-01-13T04,TEN,Tennessee,TI,Total interchange,-1269,megawatthours,2026-01-13 04:00:00,-1269.0
2026-01-13T03,TEN,Tennessee,D,Demand,22998,megawatthours,2026-01-13 03:00:00,22998.0
2026-01-13T03,TEN,Tennessee,DF,Day-ahead demand forecast,23360,megawatthours,2026-01-13 03:00:00,23360.0
2026-01-13T03,TEN,Tennessee,NG,Net generation,21701,megawatthours,2026-01-13 03:00:00,21701.0
2026-01-13T03,TEN,Tennessee,TI,Total interchange,-1298,megawatthours,2026-01-13 03:00:00,-1298.0
2026-01-13T02,TEN,Tennessee,D,Demand,22895,megawatthours,2026-01-13 02:00:00,22895.0
2026-01-13T02,TEN,Tennessee,DF,Day-ahead demand forecast,23273,megawatthours,2026-01-13 02:00:00,23273.0
2026-01-13T02,TEN,Tennessee,NG,Net generation,21722,megawatthours,2026-01-13 02:00:00,21722.0
2026-01-13T02,TEN,Tennessee,TI,Total interchange,-1177,megawatthours,2026-01-13 02:00:00,-1177.0
2026-01-13T01,TEN,Tennessee,D,Demand,22867,megawatthours,2026-01-13 01:00:00,22867.0
2026-01-13T01,TEN,Tennessee,DF,Day-ahead demand forecast,23000,megawatthours,2026-01-13 01:00:00,23000.0
2026-01-13T01,TEN,Tennessee,NG,Net generation,21711,megawatthours,2026-01-13 01:00:00,21711.0
2026-01-13T01,TEN,Tennessee,TI,Total interchange,-1158,megawatthours,2026-01-13 01:00:00,-1158.0
2026-01-13T00,TEN,Tennessee,D,Demand,21882,megawatthours,2026-01-13 00:00:00,21882.0
2026-01-13T00,TEN,Tennessee,DF,Day-ahead demand forecast,22347,megawatthours,2026-01-13 00:00:00,22347.0
2026-01-13T00,TEN,Tennessee,NG,Net generation,21004,megawatthours,2026-01-13 00:00:00,21004.0
2026-01-13T00,TEN,Tennessee,TI,Total interchange,-883,megawatthours,2026-01-13 00:00:00,-883.0
2026-01-12T23,TEN,Tennessee,D,Demand,20284,megawatthours,2026-01-12 23:00:00,20284.0
2026-01-12T23,TEN,Tennessee,DF,Day-ahead demand forecast,20941,megawatthours,2026-01-12 23:00:00,20941.0
2026-01-12T23,TEN,Tennessee,NG,Net generation,19334,megawatthours,2026-01-12 23:00:00,19334.0
2026-01-12T23,TEN,Tennessee,TI,Total interchange,-909,megawatthours,2026-01-12 23:00:00,-909.0
2026-01-12T22,TEN,Tennessee,D,Demand,19712,megawatthours,2026-01-12 22:00:00,19712.0
2026-01-12T22,TEN,Tennessee,DF,Day-ahead demand forecast,20227,megawatthours,2026-01-12 22:00:00,20227.0
2026-01-12T22,TEN,Tennessee,NG,Net generation,18492,megawatthours,2026-01-12 22:00:00,18492.0
2026-01-12T22,TEN,Tennessee,TI,Total interchange,-1049,megawatthours,2026-01-12 22:00:00,-1049.0
2026-01-12T21,TEN,Tennessee,D,Demand,19586,megawatthours,2026-01-12 21:00:00,19586.0
2026-01-12T21,TEN,Tennessee,DF,Day-ahead demand forecast,20250,megawatthours,2026-01-12 21:00:00,20250.0
2026-01-12T21,TEN,Tennessee,NG,Net generation,18236,megawatthours,2026-01-12 21:00:00,18236.0
2026-01-12T21,TEN,Tennessee,TI,Total interchange,-1147,megawatthours,2026-01-12 21:00:00,-1147.0
2026-01-12T20,TEN,Tennessee,D,Demand,20075,megawatthours,2026-01-12 20:00:00,20075.0
2026-01-12T20,TEN,Tennessee,DF,Day-ahead demand forecast,20834,megawatthours,2026-01-12 20:00:00,20834.0
2026-01-12T20,TEN,Tennessee,NG,Net generation,19045,megawatthours,2026-01-12 20:00:00,19045.0
2026-01-12T20,TEN,Tennessee,TI,Total interchange,-844,megawatthours,2026-01-12 20:00:00,-844.0
2026-01-12T19,TEN,Tennessee,D,Demand,20917,megawatthours,2026-01-12 19:00:00,20917.0
2026-01-12T19,TEN,Tennessee,DF,Day-ahead demand forecast,21626,megawatthours,2026-01-12 19:00:00,21626.0
2026-01-12T19,TEN,Tennessee,NG,Net generation,19788,megawatthours,2026-01-12 19:00:00,19788.0
2026-01-12T19,TEN,Tennessee,TI,Total interchange,-959,megawatthours,2026-01-12 19:00:00,-959.0
2026-01-12T18,TEN,Tennessee,D,Demand,21941,megawatthours,2026-01-12 18:00:00,21941.0
2026-01-12T18,TEN,Tennessee,DF,Day-ahead demand forecast,22799,megawatthours,2026-01-12 18:00:00,22799.0
2026-01-12T18,TEN,Tennessee,NG,Net generation,20816,megawatthours,2026-01-12 18:00:00,20816.0
2026-01-12T18,TEN,Tennessee,TI,Total interchange,-970,megawatthours,2026-01-12 18:00:00,-970.0
2026-01-12T17,TEN,Tennessee,D,Demand,22938,megawatthours,2026-01-12 17:00:00,22938.0
2026-01-12T17,TEN,Tennessee,DF,Day-ahead demand forecast,23919,megawatthours,2026-01-12 17:00:00,23919.0
2026-01-12T17,TEN,Tennessee,NG,Net generation,21787,megawatthours,2026-01-12 17:00:00,21787.0
2026-01-12T17,TEN,Tennessee,TI,Total interchange,-984,megawatthours,2026-01-12 17:00:00,-984.0
2026-01-12T16,TEN,Tennessee,D,Demand,24525,megawatthours,2026-01-12 16:00:00,24525.0
2026-01-12T16,TEN,Tennessee,DF,Day-ahead demand forecast,25141,megawatthours,2026-01-12 16:00:00,25141.0
2026-01-12T16,TEN,Tennessee,NG,Net generation,23417,megawatthours,2026-01-12 16:00:00,23417.0
2026-01-12T16,TEN,Tennessee,TI,Total interchange,-949,megawatthours,2026-01-12 16:00:00,-949.0
2026-01-12T15,TEN,Tennessee,D,Demand,26237,megawatthours,2026-01-12 15:00:00,26237.0
2026-01-12T15,TEN,Tennessee,DF,Day-ahead demand forecast,26684,megawatthours,2026-01-12 15:00:00,26684.0
2026-01-12T15,TEN,Tennessee,NG,Net generation,25062,megawatthours,2026-01-12 15:00:00,25062.0
2026-01-12T15,TEN,Tennessee,TI,Total interchange,-1053,megawatthours,2026-01-12 15:00:00,-1053.0
2026-01-12T14,TEN,Tennessee,D,Demand,27877,megawatthours,2026-01-12 14:00:00,27877.0
2026-01-12T14,TEN,Tennessee,DF,Day-ahead demand forecast,27589,megawatthours,2026-01-12 14:00:00,27589.0
2026-01-12T14,TEN,Tennessee,NG,Net generation,27076,megawatthours,2026-01-12 14:00:00,27076.0
2026-01-12T14,TEN,Tennessee,TI,Total interchange,-784,megawatthours,2026-01-12 14:00:00,-784.0
2026-01-12T13,TEN,Tennessee,D,Demand,27611,megawatthours,2026-01-12 13:00:00,27611.0
2026-01-12T13,TEN,Tennessee,DF,Day-ahead demand forecast,27703,megawatthours,2026-01-12 13:00:00,27703.0
2026-01-12T13,TEN,Tennessee,NG,Net generation,26860,megawatthours,2026-01-12 13:00:00,26860.0
2026-01-12T13,TEN,Tennessee,TI,Total interchange,-756,megawatthours,2026-01-12 13:00:00,-756.0
2026-01-12T12,TEN,Tennessee,D,Demand,26141,megawatthours,2026-01-12 12:00:00,26141.0
2026-01-12T12,TEN,Tennessee,DF,Day-ahead demand forecast,26248,megawatthours,2026-01-12 12:00:00,26248.0
2026-01-12T12,TEN,Tennessee,NG,Net generation,25002,megawatthours,2026-01-12 12:00:00,25002.0
2026-01-12T12,TEN,Tennessee,TI,Total interchange,-1141,megawatthours,2026-01-12 12:00:00,-1141.0
2026-01-12T11,TEN,Tennessee,D,Demand,24478,megawatthours,2026-01-12 11:00:00,24478.0
2026-01-12T11,TEN,Tennessee,DF,Day-ahead demand forecast,24640,megawatthours,2026-01-12 11:00:00,24640.0
2026-01-12T11,TEN,Tennessee,NG,Net generation,23558,megawatthours,2026-01-12 11:00:00,23558.0
2026-01-12T11,TEN,Tennessee,TI,Total interchange,-927,megawatthours,2026-01-12 11:00:00,-927.0
2026-01-12T10,TEN,Tennessee,D,Demand,23605,megawatthours,2026-01-12 10:00:00,23605.0
2026-01-12T10,TEN,Tennessee,DF,Day-ahead demand forecast,23640,megawatthours,2026-01-12 10:00:00,23640.0
2026-01-12T10,TEN,Tennessee,NG,Net generation,22635,megawatthours,2026-01-12 10:00:00,22635.0
2026-01-12T10,TEN,Tennessee,TI,Total interchange,-975,megawatthours,2026-01-12 10:00:00,-975.0
2026-01-12T09,TEN,Tennessee,D,Demand,23110,megawatthours,2026-01-12 09:00:00,23110.0
2026-01-12T09,TEN,Tennessee,DF,Day-ahead demand forecast,23149,megawatthours,2026-01-12 09:00:00,23149.0
2026-01-12T09,TEN,Tennessee,NG,Net generation,22216,megawatthours,2026-01-12 09:00:00,22216.0
2026-01-12T09,TEN,Tennessee,TI,Total interchange,-895,megawatthours,2026-01-12 09:00:00,-895.0
2026-01-12T08,TEN,Tennessee,D,Demand,22688,megawatthours,2026-01-12 08:00:00,22688.0
2026-01-12T08,TEN,Tennessee,DF,Day-ahead demand forecast,22816,megawatthours,2026-01-12 08:00:00,22816.0
2026-01-12T08,TEN,Tennessee,NG,Net generation,22074,megawatthours,2026-01-12 08:00:00,22074.0
2026-01-12T08,TEN,Tennessee,TI,Total interchange,-614,megawatthours,2026-01-12 08:00:00,-614.0
2026-01-12T07,TEN,Tennessee,D,Demand,22446,megawatthours,2026-01-12 07:00:00,22446.0
2026-01-12T07,TEN,Tennessee,DF,Day-ahead demand forecast,22619,megawatthours,2026-01-12 07:00:00,22619.0
2026-01-12T07,TEN,Tennessee,NG,Net generation,21922,megawatthours,2026-01-12 07:00:00,21922.0
2026-01-12T07,TEN,Tennessee,TI,Total interchange,-528,megawatthours,2026-01-12 07:00:00,-528.0
2026-01-12T06,TEN,Tennessee,D,Demand,22286,megawatthours,2026-01-12 06:00:00,22286.0
2026-01-12T06,TEN,Tennessee,DF,Day-ahead demand forecast,22591,megawatthours,2026-01-12 06:00:00,22591.0
2026-01-12T06,TEN,Tennessee,NG,Net generation,21887,megawatthours,2026-01-12 06:00:00,21887.0
2026-01-12T06,TEN,Tennessee,TI,Total interchange,-402,megawatthours,2026-01-12 06:00:00,-402.0
2026-01-12T05,TEN,Tennessee,D,Demand,22412,megawatthours,2026-01-12 05:00:00,22412.0
2026-01-12T05,TEN,Tennessee,DF,Day-ahead demand forecast,23047,megawatthours,2026-01-12 05:00:00,23047.0
2026-01-12T05,TEN,Tennessee,NG,Net generation,22231,megawatthours,2026-01-12 05:00:00,22231.0
2026-01-12T05,TEN,Tennessee,TI,Total interchange,-187,megawatthours,2026-01-12 05:00:00,-187.0
2026-01-12T04,TEN,Tennessee,D,Demand,22988,megawatthours,2026-01-12 04:00:00,22988.0
2026-01-12T04,TEN,Tennessee,DF,Day-ahead demand forecast,23817,megawatthours,2026-01-12 04:00:00,23817.0
2026-01-12T04,TEN,Tennessee,NG,Net generation,22809,megawatthours,2026-01-12 04:00:00,22809.0
2026-01-12T04,TEN,Tennessee,TI,Total interchange,-182,megawatthours,2026-01-12 04:00:00,-182.0
2026-01-12T03,TEN,Tennessee,D,Demand,23338,megawatthours,2026-01-12 03:00:00,23338.0
2026-01-12T03,TEN,Tennessee,DF,Day-ahead demand forecast,24228,megawatthours,2026-01-12 03:00:00,24228.0
2026-01-12T03,TEN,Tennessee,NG,Net generation,23327,megawatthours,2026-01-12 03:00:00,23327.0
2026-01-12T03,TEN,Tennessee,TI,Total interchange,-13,megawatthours,2026-01-12 03:00:00,-13.0
2026-01-12T02,TEN,Tennessee,D,Demand,23335,megawatthours,2026-01-12 02:00:00,23335.0
2026-01-12T02,TEN,Tennessee,DF,Day-ahead demand forecast,24228,megawatthours,2026-01-12 02:00:00,24228.0
2026-01-12T02,TEN,Tennessee,NG,Net generation,23173,megawatthours,2026-01-12 02:00:00,23173.0
2026-01-12T02,TEN,Tennessee,TI,Total interchange,-168,megawatthours,2026-01-12 02:00:00,-168.0
2026-01-12T01,TEN,Tennessee,D,Demand,22931,megawatthours,2026-01-12 01:00:00,22931.0
2026-01-12T01,TEN,Tennessee,DF,Day-ahead demand forecast,24025,megawatthours,2026-01-12 01:00:00,24025.0
2026-01-12T01,TEN,Tennessee,NG,Net generation,22537,megawatthours,2026-01-12 01:00:00,22537.0
2026-01-12T01,TEN,Tennessee,TI,Total interchange,-395,megawatthours,2026-01-12 01:00:00,-395.0
2026-01-12T00,TEN,Tennessee,D,Demand,22217,megawatthours,2026-01-12 00:00:00,22217.0
2026-01-12T00,TEN,Tennessee,DF,Day-ahead demand forecast,23888,megawatthours,2026-01-12 00:00:00,23888.0
2026-01-12T00,TEN,Tennessee,NG,Net generation,21977,megawatthours,2026-01-12 00:00:00,21977.0
2026-01-12T00,TEN,Tennessee,TI,Total interchange,-247,megawatthours,2026-01-12 00:00:00,-247.0
2026-01-11T23,TEN,Tennessee,D,Demand,20616,megawatthours,2026-01-11 23:00:00,20616.0
2026-01-11T23,TEN,Tennessee,DF,Day-ahead demand forecast,22750,megawatthours,2026-01-11 23:00:00,22750.0
2026-01-11T23,TEN,Tennessee,NG,Net generation,20206,megawatthours,2026-01-11 23:00:00,20206.0
2026-01-11T23,TEN,Tennessee,TI,Total interchange,-372,megawatthours,2026-01-11 23:00:00,-372.0
2026-01-11T22,TEN,Tennessee,D,Demand,19588,megawatthours,2026-01-11 22:00:00,19588.0
2026-01-11T22,TEN,Tennessee,DF,Day-ahead demand forecast,21661,megawatthours,2026-01-11 22:00:00,21661.0
2026-01-11T22,TEN,Tennessee,NG,Net generation,19343,megawatthours,2026-01-11 22:00:00,19343.0
2026-01-11T22,TEN,Tennessee,TI,Total interchange,-98,megawatthours,2026-01-11 22:00:00,-98.0
2026-01-11T21,TEN,Tennessee,D,Demand,19291,megawatthours,2026-01-11 21:00:00,19291.0
2026-01-11T21,TEN,Tennessee,DF,Day-ahead demand forecast,21151,megawatthours,2026-01-11 21:00:00,21151.0
2026-01-11T21,TEN,Tennessee,NG,Net generation,19142,megawatthours,2026-01-11 21:00:00,19142.0
2026-01-11T21,TEN,Tennessee,TI,Total interchange,19,megawatthours,2026-01-11 21:00:00,19.0
2026-01-11T20,TEN,Tennessee,D,Demand,19487,megawatthours,2026-01-11 20:00:00,19487.0
2026-01-11T20,TEN,Tennessee,DF,Day-ahead demand forecast,21067,megawatthours,2026-01-11 20:00:00,21067.0
2026-01-11T20,TEN,Tennessee,NG,Net generation,19291,megawatthours,2026-01-11 20:00:00,19291.0
2026-01-11T20,TEN,Tennessee,TI,Total interchange,-29,megawatthours,2026-01-11 20:00:00,-29.0
2026-01-11T19,TEN,Tennessee,D,Demand,19728,megawatthours,2026-01-11 19:00:00,19728.0
2026-01-11T19,TEN,Tennessee,DF,Day-ahead demand forecast,20905,megawatthours,2026-01-11 19:00:00,20905.0
2026-01-11T19,TEN,Tennessee,NG,Net generation,19505,megawatthours,2026-01-11 19:00:00,19505.0
2026-01-11T19,TEN,Tennessee,TI,Total interchange,-72,megawatthours,2026-01-11 19:00:00,-72.0
2026-01-11T18,TEN,Tennessee,D,Demand,19984,megawatthours,2026-01-11 18:00:00,19984.0
2026-01-11T18,TEN,Tennessee,DF,Day-ahead demand forecast,20913,megawatthours,2026-01-11 18:00:00,20913.0
2026-01-11T18,TEN,Tennessee,NG,Net generation,19718,megawatthours,2026-01-11 18:00:00,19718.0
2026-01-11T18,TEN,Tennessee,TI,Total interchange,-122,megawatthours,2026-01-11 18:00:00,-122.0
2026-01-11T17,TEN,Tennessee,D,Demand,20312,megawatthours,2026-01-11 17:00:00,20312.0
2026-01-11T17,TEN,Tennessee,DF,Day-ahead demand forecast,21038,megawatthours,2026-01-11 17:00:00,21038.0
2026-01-11T17,TEN,Tennessee,NG,Net generation,20006,megawatthours,2026-01-11 17:00:00,20006.0
2026-01-11T17,TEN,Tennessee,TI,Total interchange,-172,megawatthours,2026-01-11 17:00:00,-172.0
2026-01-11T16,TEN,Tennessee,D,Demand,20645,megawatthours,2026-01-11 16:00:00,20645.0
2026-01-11T16,TEN,Tennessee,DF,Day-ahead demand forecast,21127,megawatthours,2026-01-11 16:00:00,21127.0
2026-01-11T16,TEN,Tennessee,NG,Net generation,20283,megawatthours,2026-01-11 16:00:00,20283.0
2026-01-11T16,TEN,Tennessee,TI,Total interchange,-220,megawatthours,2026-01-11 16:00:00,-220.0
2026-01-11T15,TEN,Tennessee,D,Demand,20937,megawatthours,2026-01-11 15:00:00,20937.0
2026-01-11T15,TEN,Tennessee,DF,Day-ahead demand forecast,21224,megawatthours,2026-01-11 15:00:00,21224.0
2026-01-11T15,TEN,Tennessee,NG,Net generation,20409,megawatthours,2026-01-11 15:00:00,20409.0
2026-01-11T15,TEN,Tennessee,TI,Total interchange,-413,megawatthours,2026-01-11 15:00:00,-413.0
2026-01-11T14,TEN,Tennessee,D,Demand,20461,megawatthours,2026-01-11 14:00:00,20461.0
2026-01-11T14,TEN,Tennessee,DF,Day-ahead demand forecast,20772,megawatthours,2026-01-11 14:00:00,20772.0
2026-01-11T14,TEN,Tennessee,NG,Net generation,20191,megawatthours,2026-01-11 14:00:00,20191.0
2026-01-11T14,TEN,Tennessee,TI,Total interchange,-254,megawatthours,2026-01-11 14:00:00,-254.0
2026-01-11T13,TEN,Tennessee,D,Demand,19568,megawatthours,2026-01-11 13:00:00,19568.0
2026-01-11T13,TEN,Tennessee,DF,Day-ahead demand forecast,19922,megawatthours,2026-01-11 13:00:00,19922.0
2026-01-11T13,TEN,Tennessee,NG,Net generation,19333,megawatthours,2026-01-11 13:00:00,19333.0
2026-01-11T13,TEN,Tennessee,TI,Total interchange,-240,megawatthours,2026-01-11 13:00:00,-240.0
2026-01-11T12,TEN,Tennessee,D,Demand,18624,megawatthours,2026-01-11 12:00:00,18624.0
2026-01-11T12,TEN,Tennessee,DF,Day-ahead demand forecast,19055,megawatthours,2026-01-11 12:00:00,19055.0
2026-01-11T12,TEN,Tennessee,NG,Net generation,18359,megawatthours,2026-01-11 12:00:00,18359.0
2026-01-11T12,TEN,Tennessee,TI,Total interchange,-265,megawatthours,2026-01-11 12:00:00,-265.0
2026-01-11T11,TEN,Tennessee,D,Demand,17765,megawatthours,2026-01-11 11:00:00,17765.0
2026-01-11T11,TEN,Tennessee,DF,Day-ahead demand forecast,18294,megawatthours,2026-01-11 11:00:00,18294.0
2026-01-11T11,TEN,Tennessee,NG,Net generation,17450,megawatthours,2026-01-11 11:00:00,17450.0
2026-01-11T11,TEN,Tennessee,TI,Total interchange,-321,megawatthours,2026-01-11 11:00:00,-321.0
2026-01-11T10,TEN,Tennessee,D,Demand,17279,megawatthours,2026-01-11 10:00:00,17279.0
2026-01-11T10,TEN,Tennessee,DF,Day-ahead demand forecast,17975,megawatthours,2026-01-11 10:00:00,17975.0
2026-01-11T10,TEN,Tennessee,NG,Net generation,17008,megawatthours,2026-01-11 10:00:00,17008.0
2026-01-11T10,TEN,Tennessee,TI,Total interchange,-274,megawatthours,2026-01-11 10:00:00,-274.0
2026-01-11T09,TEN,Tennessee,D,Demand,16831,megawatthours,2026-01-11 09:00:00,16831.0
2026-01-11T09,TEN,Tennessee,DF,Day-ahead demand forecast,17706,megawatthours,2026-01-11 09:00:00,17706.0
2026-01-11T09,TEN,Tennessee,NG,Net generation,16536,megawatthours,2026-01-11 09:00:00,16536.0
2026-01-11T09,TEN,Tennessee,TI,Total interchange,-299,megawatthours,2026-01-11 09:00:00,-299.0
2026-01-11T08,TEN,Tennessee,D,Demand,16732,megawatthours,2026-01-11 08:00:00,16732.0
2026-01-11T08,TEN,Tennessee,DF,Day-ahead demand forecast,17574,megawatthours,2026-01-11 08:00:00,17574.0
2026-01-11T08,TEN,Tennessee,NG,Net generation,16439,megawatthours,2026-01-11 08:00:00,16439.0
2026-01-11T08,TEN,Tennessee,TI,Total interchange,-296,megawatthours,2026-01-11 08:00:00,-296.0
2026-01-11T07,TEN,Tennessee,D,Demand,16877,megawatthours,2026-01-11 07:00:00,16877.0
2026-01-11T07,TEN,Tennessee,DF,Day-ahead demand forecast,17636,megawatthours,2026-01-11 07:00:00,17636.0
2026-01-11T07,TEN,Tennessee,NG,Net generation,16629,megawatthours,2026-01-11 07:00:00,16629.0
2026-01-11T07,TEN,Tennessee,TI,Total interchange,-250,megawatthours,2026-01-11 07:00:00,-250.0
2026-01-11T06,TEN,Tennessee,D,Demand,17026,megawatthours,2026-01-11 06:00:00,17026.0
2026-01-11T06,TEN,Tennessee,DF,Day-ahead demand forecast,16811,megawatthours,2026-01-11 06:00:00,16811.0
2026-01-11T06,TEN,Tennessee,NG,Net generation,16728,megawatthours,2026-01-11 06:00:00,16728.0
2026-01-11T06,TEN,Tennessee,TI,Total interchange,-303,megawatthours,2026-01-11 06:00:00,-303.0
2026-01-11T05,TEN,Tennessee,D,Demand,17296,megawatthours,2026-01-11 05:00:00,17296.0
2026-01-11T05,TEN,Tennessee,DF,Day-ahead demand forecast,17073,megawatthours,2026-01-11 05:00:00,17073.0
2026-01-11T05,TEN,Tennessee,NG,Net generation,16915,megawatthours,2026-01-11 05:00:00,16915.0
2026-01-11T05,TEN,Tennessee,TI,Total interchange,-385,megawatthours,2026-01-11 05:00:00,-385.0
2026-01-11T04,TEN,Tennessee,D,Demand,17583,megawatthours,2026-01-11 04:00:00,17583.0
2026-01-11T04,TEN,Tennessee,DF,Day-ahead demand forecast,17454,megawatthours,2026-01-11 04:00:00,17454.0
2026-01-11T04,TEN,Tennessee,NG,Net generation,17203,megawatthours,2026-01-11 04:00:00,17203.0
2026-01-11T04,TEN,Tennessee,TI,Total interchange,-383,megawatthours,2026-01-11 04:00:00,-383.0
2026-01-11T03,TEN,Tennessee,D,Demand,17807,megawatthours,2026-01-11 03:00:00,17807.0
2026-01-11T03,TEN,Tennessee,DF,Day-ahead demand forecast,17790,megawatthours,2026-01-11 03:00:00,17790.0
2026-01-11T03,TEN,Tennessee,NG,Net generation,17466,megawatthours,2026-01-11 03:00:00,17466.0
2026-01-11T03,TEN,Tennessee,TI,Total interchange,-346,megawatthours,2026-01-11 03:00:00,-346.0
2026-01-11T02,TEN,Tennessee,D,Demand,17777,megawatthours,2026-01-11 02:00:00,17777.0
2026-01-11T02,TEN,Tennessee,DF,Day-ahead demand forecast,17893,megawatthours,2026-01-11 02:00:00,17893.0
2026-01-11T02,TEN,Tennessee,NG,Net generation,17464,megawatthours,2026-01-11 02:00:00,17464.0
2026-01-11T02,TEN,Tennessee,TI,Total interchange,-315,megawatthours,2026-01-11 02:00:00,-315.0
2026-01-11T01,TEN,Tennessee,D,Demand,17969,megawatthours,2026-01-11 01:00:00,17969.0
2026-01-11T01,TEN,Tennessee,DF,Day-ahead demand forecast,18001,megawatthours,2026-01-11 01:00:00,18001.0
2026-01-11T01,TEN,Tennessee,NG,Net generation,17674,megawatthours,2026-01-11 01:00:00,17674.0
2026-01-11T01,TEN,Tennessee,TI,Total interchange,-298,megawatthours,2026-01-11 01:00:00,-298.0
2026-01-11T00,TEN,Tennessee,D,Demand,17899,megawatthours,2026-01-11 00:00:00,17899.0
2026-01-11T00,TEN,Tennessee,DF,Day-ahead demand forecast,18035,megawatthours,2026-01-11 00:00:00,18035.0
2026-01-11T00,TEN,Tennessee,NG,Net generation,17683,megawatthours,2026-01-11 00:00:00,17683.0
2026-01-11T00,TEN,Tennessee,TI,Total interchange,-222,megawatthours,2026-01-11 00:00:00,-222.0
2026-01-10T23,TEN,Tennessee,D,Demand,17269,megawatthours,2026-01-10 23:00:00,17269.0
2026-01-10T23,TEN,Tennessee,DF,Day-ahead demand forecast,17483,megawatthours,2026-01-10 23:00:00,17483.0
2026-01-10T23,TEN,Tennessee,NG,Net generation,17075,megawatthours,2026-01-10 23:00:00,17075.0
2026-01-10T23,TEN,Tennessee,TI,Total interchange,-162,megawatthours,2026-01-10 23:00:00,-162.0
2026-01-10T22,TEN,Tennessee,D,Demand,16927,megawatthours,2026-01-10 22:00:00,16927.0
2026-01-10T22,TEN,Tennessee,DF,Day-ahead demand forecast,16984,megawatthours,2026-01-10 22:00:00,16984.0
2026-01-10T22,TEN,Tennessee,NG,Net generation,16604,megawatthours,2026-01-10 22:00:00,16604.0
2026-01-10T22,TEN,Tennessee,TI,Total interchange,-270,megawatthours,2026-01-10 22:00:00,-270.0
2026-01-10T21,TEN,Tennessee,D,Demand,16741,megawatthours,2026-01-10 21:00:00,16741.0
2026-01-10T21,TEN,Tennessee,DF,Day-ahead demand forecast,16762,megawatthours,2026-01-10 21:00:00,16762.0
2026-01-10T21,TEN,Tennessee,NG,Net generation,16355,megawatthours,2026-01-10 21:00:00,16355.0
2026-01-10T21,TEN,Tennessee,TI,Total interchange,-341,megawatthours,2026-01-10 21:00:00,-341.0
2026-01-10T20,TEN,Tennessee,D,Demand,16684,megawatthours,2026-01-10 20:00:00,16684.0
2026-01-10T20,TEN,Tennessee,DF,Day-ahead demand forecast,16732,megawatthours,2026-01-10 20:00:00,16732.0
2026-01-10T20,TEN,Tennessee,NG,Net generation,16299,megawatthours,2026-01-10 20:00:00,16299.0
2026-01-10T20,TEN,Tennessee,TI,Total interchange,-348,megawatthours,2026-01-10 20:00:00,-348.0
2026-01-10T19,TEN,Tennessee,D,Demand,16837,megawatthours,2026-01-10 19:00:00,16837.0
2026-01-10T19,TEN,Tennessee,DF,Day-ahead demand forecast,16858,megawatthours,2026-01-10 19:00:00,16858.0
2026-01-10T19,TEN,Tennessee,NG,Net generation,16430,megawatthours,2026-01-10 19:00:00,16430.0
2026-01-10T19,TEN,Tennessee,TI,Total interchange,-370,megawatthours,2026-01-10 19:00:00,-370.0
2026-01-10T18,TEN,Tennessee,D,Demand,16880,megawatthours,2026-01-10 18:00:00,16880.0
2026-01-10T18,TEN,Tennessee,DF,Day-ahead demand forecast,16835,megawatthours,2026-01-10 18:00:00,16835.0
2026-01-10T18,TEN,Tennessee,NG,Net generation,16438,megawatthours,2026-01-10 18:00:00,16438.0
2026-01-10T18,TEN,Tennessee,TI,Total interchange,-402,megawatthours,2026-01-10 18:00:00,-402.0
2026-01-10T17,TEN,Tennessee,D,Demand,16681,megawatthours,2026-01-10 17:00:00,16681.0
2026-01-10T17,TEN,Tennessee,DF,Day-ahead demand forecast,16722,megawatthours,2026-01-10 17:00:00,16722.0
2026-01-10T17,TEN,Tennessee,NG,Net generation,16257,megawatthours,2026-01-10 17:00:00,16257.0
2026-01-10T17,TEN,Tennessee,TI,Total interchange,-389,megawatthours,2026-01-10 17:00:00,-389.0
2026-01-10T16,TEN,Tennessee,D,Demand,16324,megawatthours,2026-01-10 16:00:00,16324.0
2026-01-10T16,TEN,Tennessee,DF,Day-ahead demand forecast,16449,megawatthours,2026-01-10 16:00:00,16449.0
2026-01-10T16,TEN,Tennessee,NG,Net generation,16049,megawatthours,2026-01-10 16:00:00,16049.0
2026-01-10T16,TEN,Tennessee,TI,Total interchange,-256,megawatthours,2026-01-10 16:00:00,-256.0
2026-01-10T15,TEN,Tennessee,D,Demand,15823,megawatthours,2026-01-10 15:00:00,15823.0
2026-01-10T15,TEN,Tennessee,DF,Day-ahead demand forecast,15798,megawatthours,2026-01-10 15:00:00,15798.0
2026-01-10T15,TEN,Tennessee,NG,Net generation,15692,megawatthours,2026-01-10 15:00:00,15692.0
2026-01-10T15,TEN,Tennessee,TI,Total interchange,-127,megawatthours,2026-01-10 15:00:00,-127.0
2026-01-10T14,TEN,Tennessee,D,Demand,15207,megawatthours,2026-01-10 14:00:00,15207.0
2026-01-10T14,TEN,Tennessee,DF,Day-ahead demand forecast,15302,megawatthours,2026-01-10 14:00:00,15302.0
2026-01-10T14,TEN,Tennessee,NG,Net generation,15285,megawatthours,2026-01-10 14:00:00,15285.0
2026-01-10T14,TEN,Tennessee,TI,Total interchange,75,megawatthours,2026-01-10 14:00:00,75.0
2026-01-10T13,TEN,Tennessee,D,Demand,14617,megawatthours,2026-01-10 13:00:00,14617.0
2026-01-10T13,TEN,Tennessee,DF,Day-ahead demand forecast,14606,megawatthours,2026-01-10 13:00:00,14606.0
2026-01-10T13,TEN,Tennessee,NG,Net generation,14715,megawatthours,2026-01-10 13:00:00,14715.0
2026-01-10T13,TEN,Tennessee,TI,Total interchange,95,megawatthours,2026-01-10 13:00:00,95.0
2026-01-10T12,TEN,Tennessee,D,Demand,14119,megawatthours,2026-01-10 12:00:00,14119.0
2026-01-10T12,TEN,Tennessee,DF,Day-ahead demand forecast,14074,megawatthours,2026-01-10 12:00:00,14074.0
2026-01-10T12,TEN,Tennessee,NG,Net generation,14208,megawatthours,2026-01-10 12:00:00,14208.0
2026-01-10T12,TEN,Tennessee,TI,Total interchange,84,megawatthours,2026-01-10 12:00:00,84.0
2026-01-10T11,TEN,Tennessee,D,Demand,13786,megawatthours,2026-01-10 11:00:00,13786.0
2026-01-10T11,TEN,Tennessee,DF,Day-ahead demand forecast,13710,megawatthours,2026-01-10 11:00:00,13710.0
2026-01-10T11,TEN,Tennessee,NG,Net generation,13874,megawatthours,2026-01-10 11:00:00,13874.0
2026-01-10T11,TEN,Tennessee,TI,Total interchange,85,megawatthours,2026-01-10 11:00:00,85.0
2026-01-10T10,TEN,Tennessee,D,Demand,13585,megawatthours,2026-01-10 10:00:00,13585.0
2026-01-10T10,TEN,Tennessee,DF,Day-ahead demand forecast,13581,megawatthours,2026-01-10 10:00:00,13581.0
2026-01-10T10,TEN,Tennessee,NG,Net generation,13729,megawatthours,2026-01-10 10:00:00,13729.0
2026-01-10T10,TEN,Tennessee,TI,Total interchange,138,megawatthours,2026-01-10 10:00:00,138.0
2026-01-10T09,TEN,Tennessee,D,Demand,13685,megawatthours,2026-01-10 09:00:00,13685.0
2026-01-10T09,TEN,Tennessee,DF,Day-ahead demand forecast,13710,megawatthours,2026-01-10 09:00:00,13710.0
2026-01-10T09,TEN,Tennessee,NG,Net generation,13727,megawatthours,2026-01-10 09:00:00,13727.0
2026-01-10T09,TEN,Tennessee,TI,Total interchange,41,megawatthours,2026-01-10 09:00:00,41.0
2026-01-10T08,TEN,Tennessee,D,Demand,13833,megawatthours,2026-01-10 08:00:00,13833.0
2026-01-10T08,TEN,Tennessee,DF,Day-ahead demand forecast,13897,megawatthours,2026-01-10 08:00:00,13897.0
2026-01-10T08,TEN,Tennessee,NG,Net generation,13857,megawatthours,2026-01-10 08:00:00,13857.0
2026-01-10T08,TEN,Tennessee,TI,Total interchange,23,megawatthours,2026-01-10 08:00:00,23.0
2026-01-10T07,TEN,Tennessee,D,Demand,14213,megawatthours,2026-01-10 07:00:00,14213.0
2026-01-10T07,TEN,Tennessee,DF,Day-ahead demand forecast,14183,megawatthours,2026-01-10 07:00:00,14183.0
2026-01-10T07,TEN,Tennessee,NG,Net generation,14287,megawatthours,2026-01-10 07:00:00,14287.0
2026-01-10T07,TEN,Tennessee,TI,Total interchange,68,megawatthours,2026-01-10 07:00:00,68.0
2026-01-10T06,TEN,Tennessee,D,Demand,14578,megawatthours,2026-01-10 06:00:00,14578.0
2026-01-10T06,TEN,Tennessee,DF,Day-ahead demand forecast,14855,megawatthours,2026-01-10 06:00:00,14855.0
2026-01-10T06,TEN,Tennessee,NG,Net generation,14438,megawatthours,2026-01-10 06:00:00,14438.0
2026-01-10T06,TEN,Tennessee,TI,Total interchange,-143,megawatthours,2026-01-10 06:00:00,-143.0
2026-01-10T05,TEN,Tennessee,D,Demand,15363,megawatthours,2026-01-10 05:00:00,15363.0
2026-01-10T05,TEN,Tennessee,DF,Day-ahead demand forecast,15514,megawatthours,2026-01-10 05:00:00,15514.0
2026-01-10T05,TEN,Tennessee,NG,Net generation,15087,megawatthours,2026-01-10 05:00:00,15087.0
2026-01-10T05,TEN,Tennessee,TI,Total interchange,-279,megawatthours,2026-01-10 05:00:00,-279.0
2026-01-10T04,TEN,Tennessee,D,Demand,16198,megawatthours,2026-01-10 04:00:00,16198.0
2026-01-10T04,TEN,Tennessee,DF,Day-ahead demand forecast,16116,megawatthours,2026-01-10 04:00:00,16116.0
2026-01-10T04,TEN,Tennessee,NG,Net generation,15835,megawatthours,2026-01-10 04:00:00,15835.0
2026-01-10T04,TEN,Tennessee,TI,Total interchange,-366,megawatthours,2026-01-10 04:00:00,-366.0
2026-01-10T03,TEN,Tennessee,D,Demand,16789,megawatthours,2026-01-10 03:00:00,16789.0
2026-01-10T03,TEN,Tennessee,DF,Day-ahead demand forecast,16728,megawatthours,2026-01-10 03:00:00,16728.0
2026-01-10T03,TEN,Tennessee,NG,Net generation,16572,megawatthours,2026-01-10 03:00:00,16572.0
2026-01-10T03,TEN,Tennessee,TI,Total interchange,-221,megawatthours,2026-01-10 03:00:00,-221.0
2026-01-10T02,TEN,Tennessee,D,Demand,17128,megawatthours,2026-01-10 02:00:00,17128.0
2026-01-10T02,TEN,Tennessee,DF,Day-ahead demand forecast,17135,megawatthours,2026-01-10 02:00:00,17135.0
2026-01-10T02,TEN,Tennessee,NG,Net generation,17100,megawatthours,2026-01-10 02:00:00,17100.0
2026-01-10T02,TEN,Tennessee,TI,Total interchange,-33,megawatthours,2026-01-10 02:00:00,-33.0
2026-01-10T01,TEN,Tennessee,D,Demand,17443,megawatthours,2026-01-10 01:00:00,17443.0
2026-01-10T01,TEN,Tennessee,DF,Day-ahead demand forecast,17463,megawatthours,2026-01-10 01:00:00,17463.0
2026-01-10T01,TEN,Tennessee,NG,Net generation,17487,megawatthours,2026-01-10 01:00:00,17487.0
2026-01-10T01,TEN,Tennessee,TI,Total interchange,41,megawatthours,2026-01-10 01:00:00,41.0
2026-01-10T00,TEN,Tennessee,D,Demand,17694,megawatthours,2026-01-10 00:00:00,17694.0
2026-01-10T00,TEN,Tennessee,DF,Day-ahead demand forecast,17787,megawatthours,2026-01-10 00:00:00,17787.0
2026-01-10T00,TEN,Tennessee,NG,Net generation,17877,megawatthours,2026-01-10 00:00:00,17877.0
2026-01-10T00,TEN,Tennessee,TI,Total interchange,182,megawatthours,2026-01-10 00:00:00,182.0
2026-01-09T23,TEN,Tennessee,D,Demand,17290,megawatthours,2026-01-09 23:00:00,17290.0
2026-01-09T23,TEN,Tennessee,DF,Day-ahead demand forecast,17176,megawatthours,2026-01-09 23:00:00,17176.0
2026-01-09T23,TEN,Tennessee,NG,Net generation,17350,megawatthours,2026-01-09 23:00:00,17350.0
2026-01-09T23,TEN,Tennessee,TI,Total interchange,59,megawatthours,2026-01-09 23:00:00,59.0
2026-01-09T22,TEN,Tennessee,D,Demand,16935,megawatthours,2026-01-09 22:00:00,16935.0
2026-01-09T22,TEN,Tennessee,DF,Day-ahead demand forecast,16937,megawatthours,2026-01-09 22:00:00,16937.0
2026-01-09T22,TEN,Tennessee,NG,Net generation,17025,megawatthours,2026-01-09 22:00:00,17025.0
2026-01-09T22,TEN,Tennessee,TI,Total interchange,140,megawatthours,2026-01-09 22:00:00,140.0
2026-01-09T21,TEN,Tennessee,D,Demand,17031,megawatthours,2026-01-09 21:00:00,17031.0
2026-01-09T21,TEN,Tennessee,DF,Day-ahead demand forecast,16920,megawatthours,2026-01-09 21:00:00,16920.0
2026-01-09T21,TEN,Tennessee,NG,Net generation,16999,megawatthours,2026-01-09 21:00:00,16999.0
2026-01-09T21,TEN,Tennessee,TI,Total interchange,68,megawatthours,2026-01-09 21:00:00,68.0
2026-01-09T20,TEN,Tennessee,D,Demand,17301,megawatthours,2026-01-09 20:00:00,17301.0
2026-01-09T20,TEN,Tennessee,DF,Day-ahead demand forecast,17096,megawatthours,2026-01-09 20:00:00,17096.0
2026-01-09T20,TEN,Tennessee,NG,Net generation,17120,megawatthours,2026-01-09 20:00:00,17120.0
2026-01-09T20,TEN,Tennessee,TI,Total interchange,-90,megawatthours,2026-01-09 20:00:00,-90.0
2026-01-09T19,TEN,Tennessee,D,Demand,17364,megawatthours,2026-01-09 19:00:00,17364.0
2026-01-09T19,TEN,Tennessee,DF,Day-ahead demand forecast,17207,megawatthours,2026-01-09 19:00:00,17207.0
2026-01-09T19,TEN,Tennessee,NG,Net generation,17033,megawatthours,2026-01-09 19:00:00,17033.0
2026-01-09T19,TEN,Tennessee,TI,Total interchange,-196,megawatthours,2026-01-09 19:00:00,-196.0
2026-01-09T18,TEN,Tennessee,D,Demand,17421,megawatthours,2026-01-09 18:00:00,17421.0
2026-01-09T18,TEN,Tennessee,DF,Day-ahead demand forecast,17273,megawatthours,2026-01-09 18:00:00,17273.0
2026-01-09T18,TEN,Tennessee,NG,Net generation,16941,megawatthours,2026-01-09 18:00:00,16941.0
2026-01-09T18,TEN,Tennessee,TI,Total interchange,-355,megawatthours,2026-01-09 18:00:00,-355.0
2026-01-09T17,TEN,Tennessee,D,Demand,17369,megawatthours,2026-01-09 17:00:00,17369.0
2026-01-09T17,TEN,Tennessee,DF,Day-ahead demand forecast,17286,megawatthours,2026-01-09 17:00:00,17286.0
2026-01-09T17,TEN,Tennessee,NG,Net generation,16884,megawatthours,2026-01-09 17:00:00,16884.0
2026-01-09T17,TEN,Tennessee,TI,Total interchange,-361,megawatthours,2026-01-09 17:00:00,-361.0
2026-01-09T16,TEN,Tennessee,D,Demand,16986,megawatthours,2026-01-09 16:00:00,16986.0
2026-01-09T16,TEN,Tennessee,DF,Day-ahead demand forecast,16964,megawatthours,2026-01-09 16:00:00,16964.0
2026-01-09T16,TEN,Tennessee,NG,Net generation,16505,megawatthours,2026-01-09 16:00:00,16505.0
2026-01-09T16,TEN,Tennessee,TI,Total interchange,-387,megawatthours,2026-01-09 16:00:00,-387.0
2026-01-09T15,TEN,Tennessee,D,Demand,16726,megawatthours,2026-01-09 15:00:00,16726.0
2026-01-09T15,TEN,Tennessee,DF,Day-ahead demand forecast,16781,megawatthours,2026-01-09 15:00:00,16781.0
2026-01-09T15,TEN,Tennessee,NG,Net generation,16353,megawatthours,2026-01-09 15:00:00,16353.0
2026-01-09T15,TEN,Tennessee,TI,Total interchange,-328,megawatthours,2026-01-09 15:00:00,-328.0
2026-01-09T14,TEN,Tennessee,D,Demand,16554,megawatthours,2026-01-09 14:00:00,16554.0
2026-01-09T14,TEN,Tennessee,DF,Day-ahead demand forecast,16526,megawatthours,2026-01-09 14:00:00,16526.0
2026-01-09T14,TEN,Tennessee,NG,Net generation,16314,megawatthours,2026-01-09 14:00:00,16314.0
2026-01-09T14,TEN,Tennessee,TI,Total interchange,-238,megawatthours,2026-01-09 14:00:00,-238.0
2026-01-09T13,TEN,Tennessee,D,Demand,16326,megawatthours,2026-01-09 13:00:00,16326.0
2026-01-09T13,TEN,Tennessee,DF,Day-ahead demand forecast,16048,megawatthours,2026-01-09 13:00:00,16048.0
2026-01-09T13,TEN,Tennessee,NG,Net generation,16176,megawatthours,2026-01-09 13:00:00,16176.0
2026-01-09T13,TEN,Tennessee,TI,Total interchange,-154,megawatthours,2026-01-09 13:00:00,-154.0
2026-01-09T12,TEN,Tennessee,D,Demand,15166,megawatthours,2026-01-09 12:00:00,15166.0
2026-01-09T12,TEN,Tennessee,DF,Day-ahead demand forecast,14993,megawatthours,2026-01-09 12:00:00,14993.0
2026-01-09T12,TEN,Tennessee,NG,Net generation,15099,megawatthours,2026-01-09 12:00:00,15099.0
2026-01-09T12,TEN,Tennessee,TI,Total interchange,-68,megawatthours,2026-01-09 12:00:00,-68.0
2026-01-09T11,TEN,Tennessee,D,Demand,14261,megawatthours,2026-01-09 11:00:00,14261.0
2026-01-09T11,TEN,Tennessee,DF,Day-ahead demand forecast,14138,megawatthours,2026-01-09 11:00:00,14138.0
2026-01-09T11,TEN,Tennessee,NG,Net generation,13919,megawatthours,2026-01-09 11:00:00,13919.0
2026-01-09T11,TEN,Tennessee,TI,Total interchange,-348,megawatthours,2026-01-09 11:00:00,-348.0
2026-01-09T10,TEN,Tennessee,D,Demand,14043,megawatthours,2026-01-09 10:00:00,14043.0
2026-01-09T10,TEN,Tennessee,DF,Day-ahead demand forecast,13947,megawatthours,2026-01-09 10:00:00,13947.0
2026-01-09T10,TEN,Tennessee,NG,Net generation,13664,megawatthours,2026-01-09 10:00:00,13664.0
2026-01-09T10,TEN,Tennessee,TI,Total interchange,-379,megawatthours,2026-01-09 10:00:00,-379.0
2026-01-09T09,TEN,Tennessee,D,Demand,14133,megawatthours,2026-01-09 09:00:00,14133.0
2026-01-09T09,TEN,Tennessee,DF,Day-ahead demand forecast,14073,megawatthours,2026-01-09 09:00:00,14073.0
2026-01-09T09,TEN,Tennessee,NG,Net generation,13743,megawatthours,2026-01-09 09:00:00,13743.0
2026-01-09T09,TEN,Tennessee,TI,Total interchange,-392,megawatthours,2026-01-09 09:00:00,-392.0
2026-01-09T08,TEN,Tennessee,D,Demand,14302,megawatthours,2026-01-09 08:00:00,14302.0
2026-01-09T08,TEN,Tennessee,DF,Day-ahead demand forecast,14297,megawatthours,2026-01-09 08:00:00,14297.0
2026-01-09T08,TEN,Tennessee,NG,Net generation,13920,megawatthours,2026-01-09 08:00:00,13920.0
2026-01-09T08,TEN,Tennessee,TI,Total interchange,-388,megawatthours,2026-01-09 08:00:00,-388.0
2026-01-09T07,TEN,Tennessee,D,Demand,14760,megawatthours,2026-01-09 07:00:00,14760.0
2026-01-09T07,TEN,Tennessee,DF,Day-ahead demand forecast,14741,megawatthours,2026-01-09 07:00:00,14741.0
2026-01-09T07,TEN,Tennessee,NG,Net generation,14262,megawatthours,2026-01-09 07:00:00,14262.0
2026-01-09T07,TEN,Tennessee,TI,Total interchange,-499,megawatthours,2026-01-09 07:00:00,-499.0
2026-01-09T06,TEN,Tennessee,D,Demand,15260,megawatthours,2026-01-09 06:00:00,15260.0
2026-01-09T06,TEN,Tennessee,DF,Day-ahead demand forecast,15287,megawatthours,2026-01-09 06:00:00,15287.0
2026-01-09T06,TEN,Tennessee,NG,Net generation,14682,megawatthours,2026-01-09 06:00:00,14682.0
2026-01-09T06,TEN,Tennessee,TI,Total interchange,-583,megawatthours,2026-01-09 06:00:00,-583.0
2026-01-09T05,TEN,Tennessee,D,Demand,16098,megawatthours,2026-01-09 05:00:00,16098.0
2026-01-09T05,TEN,Tennessee,DF,Day-ahead demand forecast,16079,megawatthours,2026-01-09 05:00:00,16079.0
2026-01-09T05,TEN,Tennessee,NG,Net generation,15482,megawatthours,2026-01-09 05:00:00,15482.0
2026-01-09T05,TEN,Tennessee,TI,Total interchange,-620,megawatthours,2026-01-09 05:00:00,-620.0
2026-01-09T04,TEN,Tennessee,D,Demand,17061,megawatthours,2026-01-09 04:00:00,17061.0
2026-01-09T04,TEN,Tennessee,DF,Day-ahead demand forecast,16969,megawatthours,2026-01-09 04:00:00,16969.0
2026-01-09T04,TEN,Tennessee,NG,Net generation,16446,megawatthours,2026-01-09 04:00:00,16446.0
2026-01-09T04,TEN,Tennessee,TI,Total interchange,-617,megawatthours,2026-01-09 04:00:00,-617.0
2026-01-09T03,TEN,Tennessee,D,Demand,17741,megawatthours,2026-01-09 03:00:00,17741.0
2026-01-09T03,TEN,Tennessee,DF,Day-ahead demand forecast,17632,megawatthours,2026-01-09 03:00:00,17632.0
2026-01-09T03,TEN,Tennessee,NG,Net generation,17346,megawatthours,2026-01-09 03:00:00,17346.0
2026-01-09T03,TEN,Tennessee,TI,Total interchange,-399,megawatthours,2026-01-09 03:00:00,-399.0
2026-01-09T02,TEN,Tennessee,D,Demand,18162,megawatthours,2026-01-09 02:00:00,18162.0
2026-01-09T02,TEN,Tennessee,DF,Day-ahead demand forecast,17915,megawatthours,2026-01-09 02:00:00,17915.0
2026-01-09T02,TEN,Tennessee,NG,Net generation,17982,megawatthours,2026-01-09 02:00:00,17982.0
2026-01-09T02,TEN,Tennessee,TI,Total interchange,-183,megawatthours,2026-01-09 02:00:00,-183.0
2026-01-09T01,TEN,Tennessee,D,Demand,18513,megawatthours,2026-01-09 01:00:00,18513.0
2026-01-09T01,TEN,Tennessee,DF,Day-ahead demand forecast,18115,megawatthours,2026-01-09 01:00:00,18115.0
2026-01-09T01,TEN,Tennessee,NG,Net generation,18364,megawatthours,2026-01-09 01:00:00,18364.0
2026-01-09T01,TEN,Tennessee,TI,Total interchange,-154,megawatthours,2026-01-09 01:00:00,-154.0
2026-01-09T00,TEN,Tennessee,D,Demand,18408,megawatthours,2026-01-09 00:00:00,18408.0
2026-01-09T00,TEN,Tennessee,DF,Day-ahead demand forecast,18127,megawatthours,2026-01-09 00:00:00,18127.0
2026-01-09T00,TEN,Tennessee,NG,Net generation,18287,megawatthours,2026-01-09 00:00:00,18287.0
2026-01-09T00,TEN,Tennessee,TI,Total interchange,-125,megawatthours,2026-01-09 00:00:00,-125.0
2026-01-08T23,TEN,Tennessee,D,Demand,17804,megawatthours,2026-01-08 23:00:00,17804.0
2026-01-08T23,TEN,Tennessee,DF,Day-ahead demand forecast,17545,megawatthours,2026-01-08 23:00:00,17545.0
2026-01-08T23,TEN,Tennessee,NG,Net generation,17568,megawatthours,2026-01-08 23:00:00,17568.0
2026-01-08T23,TEN,Tennessee,TI,Total interchange,-239,megawatthours,2026-01-08 23:00:00,-239.0
2026-01-08T22,TEN,Tennessee,D,Demand,17387,megawatthours,2026-01-08 22:00:00,17387.0
2026-01-08T22,TEN,Tennessee,DF,Day-ahead demand forecast,17382,megawatthours,2026-01-08 22:00:00,17382.0
2026-01-08T22,TEN,Tennessee,NG,Net generation,16773,megawatthours,2026-01-08 22:00:00,16773.0
2026-01-08T22,TEN,Tennessee,TI,Total interchange,-607,megawatthours,2026-01-08 22:00:00,-607.0
2026-01-08T21,TEN,Tennessee,D,Demand,17275,megawatthours,2026-01-08 21:00:00,17275.0
2026-01-08T21,TEN,Tennessee,DF,Day-ahead demand forecast,17165,megawatthours,2026-01-08 21:00:00,17165.0
2026-01-08T21,TEN,Tennessee,NG,Net generation,16577,megawatthours,2026-01-08 21:00:00,16577.0
2026-01-08T21,TEN,Tennessee,TI,Total interchange,-655,megawatthours,2026-01-08 21:00:00,-655.0
2026-01-08T20,TEN,Tennessee,D,Demand,17283,megawatthours,2026-01-08 20:00:00,17283.0
2026-01-08T20,TEN,Tennessee,DF,Day-ahead demand forecast,17476,megawatthours,2026-01-08 20:00:00,17476.0
2026-01-08T20,TEN,Tennessee,NG,Net generation,16611,megawatthours,2026-01-08 20:00:00,16611.0
2026-01-08T20,TEN,Tennessee,TI,Total interchange,-633,megawatthours,2026-01-08 20:00:00,-633.0
2026-01-08T19,TEN,Tennessee,D,Demand,17403,megawatthours,2026-01-08 19:00:00,17403.0
2026-01-08T19,TEN,Tennessee,DF,Day-ahead demand forecast,17521,megawatthours,2026-01-08 19:00:00,17521.0
2026-01-08T19,TEN,Tennessee,NG,Net generation,16777,megawatthours,2026-01-08 19:00:00,16777.0
2026-01-08T19,TEN,Tennessee,TI,Total interchange,-610,megawatthours,2026-01-08 19:00:00,-610.0
2026-01-08T18,TEN,Tennessee,D,Demand,17698,megawatthours,2026-01-08 18:00:00,17698.0
2026-01-08T18,TEN,Tennessee,DF,Day-ahead demand forecast,17561,megawatthours,2026-01-08 18:00:00,17561.0
2026-01-08T18,TEN,Tennessee,NG,Net generation,17122,megawatthours,2026-01-08 18:00:00,17122.0
2026-01-08T18,TEN,Tennessee,TI,Total interchange,-568,megawatthours,2026-01-08 18:00:00,-568.0
2026-01-08T17,TEN,Tennessee,D,Demand,17989,megawatthours,2026-01-08 17:00:00,17989.0
2026-01-08T17,TEN,Tennessee,DF,Day-ahead demand forecast,17670,megawatthours,2026-01-08 17:00:00,17670.0
2026-01-08T17,TEN,Tennessee,NG,Net generation,17403,megawatthours,2026-01-08 17:00:00,17403.0
2026-01-08T17,TEN,Tennessee,TI,Total interchange,-576,megawatthours,2026-01-08 17:00:00,-576.0
2026-01-08T16,TEN,Tennessee,D,Demand,18110,megawatthours,2026-01-08 16:00:00,18110.0
2026-01-08T16,TEN,Tennessee,DF,Day-ahead demand forecast,17665,megawatthours,2026-01-08 16:00:00,17665.0
2026-01-08T16,TEN,Tennessee,NG,Net generation,17585,megawatthours,2026-01-08 16:00:00,17585.0
2026-01-08T16,TEN,Tennessee,TI,Total interchange,-511,megawatthours,2026-01-08 16:00:00,-511.0
2026-01-08T15,TEN,Tennessee,D,Demand,18185,megawatthours,2026-01-08 15:00:00,18185.0
2026-01-08T15,TEN,Tennessee,DF,Day-ahead demand forecast,17835,megawatthours,2026-01-08 15:00:00,17835.0
2026-01-08T15,TEN,Tennessee,NG,Net generation,17698,megawatthours,2026-01-08 15:00:00,17698.0
2026-01-08T15,TEN,Tennessee,TI,Total interchange,-468,megawatthours,2026-01-08 15:00:00,-468.0
2026-01-08T14,TEN,Tennessee,D,Demand,18616,megawatthours,2026-01-08 14:00:00,18616.0
2026-01-08T14,TEN,Tennessee,DF,Day-ahead demand forecast,18050,megawatthours,2026-01-08 14:00:00,18050.0
2026-01-08T14,TEN,Tennessee,NG,Net generation,18219,megawatthours,2026-01-08 14:00:00,18219.0
2026-01-08T14,TEN,Tennessee,TI,Total interchange,-400,megawatthours,2026-01-08 14:00:00,-400.0
2026-01-08T13,TEN,Tennessee,D,Demand,18410,megawatthours,2026-01-08 13:00:00,18410.0
2026-01-08T13,TEN,Tennessee,DF,Day-ahead demand forecast,17747,megawatthours,2026-01-08 13:00:00,17747.0
2026-01-08T13,TEN,Tennessee,NG,Net generation,18007,megawatthours,2026-01-08 13:00:00,18007.0
2026-01-08T13,TEN,Tennessee,TI,Total interchange,-408,megawatthours,2026-01-08 13:00:00,-408.0
2026-01-08T12,TEN,Tennessee,D,Demand,17174,megawatthours,2026-01-08 12:00:00,17174.0
2026-01-08T12,TEN,Tennessee,DF,Day-ahead demand forecast,16637,megawatthours,2026-01-08 12:00:00,16637.0
2026-01-08T12,TEN,Tennessee,NG,Net generation,16849,megawatthours,2026-01-08 12:00:00,16849.0
2026-01-08T12,TEN,Tennessee,TI,Total interchange,-328,megawatthours,2026-01-08 12:00:00,-328.0
2026-01-08T11,TEN,Tennessee,D,Demand,15930,megawatthours,2026-01-08 11:00:00,15930.0
2026-01-08T11,TEN,Tennessee,DF,Day-ahead demand forecast,15406,megawatthours,2026-01-08 11:00:00,15406.0
2026-01-08T11,TEN,Tennessee,NG,Net generation,15508,megawatthours,2026-01-08 11:00:00,15508.0
2026-01-08T11,TEN,Tennessee,TI,Total interchange,-425,megawatthours,2026-01-08 11:00:00,-425.0
2026-01-08T10,TEN,Tennessee,D,Demand,15621,megawatthours,2026-01-08 10:00:00,15621.0
2026-01-08T10,TEN,Tennessee,DF,Day-ahead demand forecast,15070,megawatthours,2026-01-08 10:00:00,15070.0
2026-01-08T10,TEN,Tennessee,NG,Net generation,14955,megawatthours,2026-01-08 10:00:00,14955.0
2026-01-08T10,TEN,Tennessee,TI,Total interchange,-671,megawatthours,2026-01-08 10:00:00,-671.0
2026-01-08T09,TEN,Tennessee,D,Demand,15540,megawatthours,2026-01-08 09:00:00,15540.0
2026-01-08T09,TEN,Tennessee,DF,Day-ahead demand forecast,15052,megawatthours,2026-01-08 09:00:00,15052.0
2026-01-08T09,TEN,Tennessee,NG,Net generation,14834,megawatthours,2026-01-08 09:00:00,14834.0
2026-01-08T09,TEN,Tennessee,TI,Total interchange,-707,megawatthours,2026-01-08 09:00:00,-707.0
2026-01-08T08,TEN,Tennessee,D,Demand,15486,megawatthours,2026-01-08 08:00:00,15486.0
2026-01-08T08,TEN,Tennessee,DF,Day-ahead demand forecast,15130,megawatthours,2026-01-08 08:00:00,15130.0
2026-01-08T08,TEN,Tennessee,NG,Net generation,14757,megawatthours,2026-01-08 08:00:00,14757.0
2026-01-08T08,TEN,Tennessee,TI,Total interchange,-733,megawatthours,2026-01-08 08:00:00,-733.0
2026-01-08T07,TEN,Tennessee,D,Demand,15498,megawatthours,2026-01-08 07:00:00,15498.0
2026-01-08T07,TEN,Tennessee,DF,Day-ahead demand forecast,15437,megawatthours,2026-01-08 07:00:00,15437.0
2026-01-08T07,TEN,Tennessee,NG,Net generation,14760,megawatthours,2026-01-08 07:00:00,14760.0
2026-01-08T07,TEN,Tennessee,TI,Total interchange,-741,megawatthours,2026-01-08 07:00:00,-741.0
2026-01-08T06,TEN,Tennessee,D,Demand,15975,megawatthours,2026-01-08 06:00:00,15975.0
2026-01-08T06,TEN,Tennessee,DF,Day-ahead demand forecast,15867,megawatthours,2026-01-08 06:00:00,15867.0
2026-01-08T06,TEN,Tennessee,NG,Net generation,15481,megawatthours,2026-01-08 06:00:00,15481.0
2026-01-08T06,TEN,Tennessee,TI,Total interchange,-498,megawatthours,2026-01-08 06:00:00,-498.0
2026-01-08T05,TEN,Tennessee,D,Demand,16558,megawatthours,2026-01-08 05:00:00,16558.0
2026-01-08T05,TEN,Tennessee,DF,Day-ahead demand forecast,16531,megawatthours,2026-01-08 05:00:00,16531.0
2026-01-08T05,TEN,Tennessee,NG,Net generation,16092,megawatthours,2026-01-08 05:00:00,16092.0
2026-01-08T05,TEN,Tennessee,TI,Total interchange,-469,megawatthours,2026-01-08 05:00:00,-469.0
2026-01-08T04,TEN,Tennessee,D,Demand,17156,megawatthours,2026-01-08 04:00:00,17156.0
2026-01-08T04,TEN,Tennessee,DF,Day-ahead demand forecast,17278,megawatthours,2026-01-08 04:00:00,17278.0
2026-01-08T04,TEN,Tennessee,NG,Net generation,16642,megawatthours,2026-01-08 04:00:00,16642.0
2026-01-08T04,TEN,Tennessee,TI,Total interchange,-517,megawatthours,2026-01-08 04:00:00,-517.0
2026-01-08T03,TEN,Tennessee,D,Demand,17696,megawatthours,2026-01-08 03:00:00,17696.0
2026-01-08T03,TEN,Tennessee,DF,Day-ahead demand forecast,17889,megawatthours,2026-01-08 03:00:00,17889.0
2026-01-08T03,TEN,Tennessee,NG,Net generation,17470,megawatthours,2026-01-08 03:00:00,17470.0
2026-01-08T03,TEN,Tennessee,TI,Total interchange,-230,megawatthours,2026-01-08 03:00:00,-230.0
2026-01-08T02,TEN,Tennessee,D,Demand,17795,megawatthours,2026-01-08 02:00:00,17795.0
2026-01-08T02,TEN,Tennessee,DF,Day-ahead demand forecast,18146,megawatthours,2026-01-08 02:00:00,18146.0
2026-01-08T02,TEN,Tennessee,NG,Net generation,17786,megawatthours,2026-01-08 02:00:00,17786.0
2026-01-08T02,TEN,Tennessee,TI,Total interchange,-11,megawatthours,2026-01-08 02:00:00,-11.0
2026-01-08T01,TEN,Tennessee,D,Demand,17889,megawatthours,2026-01-08 01:00:00,17889.0
2026-01-08T01,TEN,Tennessee,DF,Day-ahead demand forecast,18279,megawatthours,2026-01-08 01:00:00,18279.0
2026-01-08T01,TEN,Tennessee,NG,Net generation,17945,megawatthours,2026-01-08 01:00:00,17945.0
2026-01-08T01,TEN,Tennessee,TI,Total interchange,53,megawatthours,2026-01-08 01:00:00,53.0
2026-01-08T00,TEN,Tennessee,D,Demand,17766,megawatthours,2026-01-08 00:00:00,17766.0
2026-01-08T00,TEN,Tennessee,DF,Day-ahead demand forecast,18250,megawatthours,2026-01-08 00:00:00,18250.0
2026-01-08T00,TEN,Tennessee,NG,Net generation,17972,megawatthours,2026-01-08 00:00:00,17972.0
2026-01-08T00,TEN,Tennessee,TI,Total interchange,201,megawatthours,2026-01-08 00:00:00,201.0
2026-01-07T23,TEN,Tennessee,D,Demand,16774,megawatthours,2026-01-07 23:00:00,16774.0
2026-01-07T23,TEN,Tennessee,DF,Day-ahead demand forecast,17467,megawatthours,2026-01-07 23:00:00,17467.0
2026-01-07T23,TEN,Tennessee,NG,Net generation,17306,megawatthours,2026-01-07 23:00:00,17306.0
2026-01-07T23,TEN,Tennessee,TI,Total interchange,542,megawatthours,2026-01-07 23:00:00,542.0
2026-01-07T22,TEN,Tennessee,D,Demand,16438,megawatthours,2026-01-07 22:00:00,16438.0
2026-01-07T22,TEN,Tennessee,DF,Day-ahead demand forecast,17042,megawatthours,2026-01-07 22:00:00,17042.0
2026-01-07T22,TEN,Tennessee,NG,Net generation,16730,megawatthours,2026-01-07 22:00:00,16730.0
2026-01-07T22,TEN,Tennessee,TI,Total interchange,329,megawatthours,2026-01-07 22:00:00,329.0
2026-01-07T21,TEN,Tennessee,D,Demand,16387,megawatthours,2026-01-07 21:00:00,16387.0
2026-01-07T21,TEN,Tennessee,DF,Day-ahead demand forecast,16997,megawatthours,2026-01-07 21:00:00,16997.0
2026-01-07T21,TEN,Tennessee,NG,Net generation,16349,megawatthours,2026-01-07 21:00:00,16349.0
2026-01-07T21,TEN,Tennessee,TI,Total interchange,27,megawatthours,2026-01-07 21:00:00,27.0
2026-01-07T20,TEN,Tennessee,D,Demand,16484,megawatthours,2026-01-07 20:00:00,16484.0
2026-01-07T20,TEN,Tennessee,DF,Day-ahead demand forecast,17105,megawatthours,2026-01-07 20:00:00,17105.0
2026-01-07T20,TEN,Tennessee,NG,Net generation,16411,megawatthours,2026-01-07 20:00:00,16411.0
2026-01-07T20,TEN,Tennessee,TI,Total interchange,29,megawatthours,2026-01-07 20:00:00,29.0
2026-01-07T19,TEN,Tennessee,D,Demand,16641,megawatthours,2026-01-07 19:00:00,16641.0
2026-01-07T19,TEN,Tennessee,DF,Day-ahead demand forecast,17280,megawatthours,2026-01-07 19:00:00,17280.0
2026-01-07T19,TEN,Tennessee,NG,Net generation,16634,megawatthours,2026-01-07 19:00:00,16634.0
2026-01-07T19,TEN,Tennessee,TI,Total interchange,78,megawatthours,2026-01-07 19:00:00,78.0
2026-01-07T18,TEN,Tennessee,D,Demand,16846,megawatthours,2026-01-07 18:00:00,16846.0
2026-01-07T18,TEN,Tennessee,DF,Day-ahead demand forecast,17426,megawatthours,2026-01-07 18:00:00,17426.0
2026-01-07T18,TEN,Tennessee,NG,Net generation,16852,megawatthours,2026-01-07 18:00:00,16852.0
2026-01-07T18,TEN,Tennessee,TI,Total interchange,92,megawatthours,2026-01-07 18:00:00,92.0
2026-01-07T17,TEN,Tennessee,D,Demand,17176,megawatthours,2026-01-07 17:00:00,17176.0
2026-01-07T17,TEN,Tennessee,DF,Day-ahead demand forecast,17630,megawatthours,2026-01-07 17:00:00,17630.0
2026-01-07T17,TEN,Tennessee,NG,Net generation,17107,megawatthours,2026-01-07 17:00:00,17107.0
2026-01-07T17,TEN,Tennessee,TI,Total interchange,34,megawatthours,2026-01-07 17:00:00,34.0
2026-01-07T16,TEN,Tennessee,D,Demand,17327,megawatthours,2026-01-07 16:00:00,17327.0
2026-01-07T16,TEN,Tennessee,DF,Day-ahead demand forecast,17756,megawatthours,2026-01-07 16:00:00,17756.0
2026-01-07T16,TEN,Tennessee,NG,Net generation,17289,megawatthours,2026-01-07 16:00:00,17289.0
2026-01-07T16,TEN,Tennessee,TI,Total interchange,98,megawatthours,2026-01-07 16:00:00,98.0
2026-01-07T15,TEN,Tennessee,D,Demand,17729,megawatthours,2026-01-07 15:00:00,17729.0
2026-01-07T15,TEN,Tennessee,DF,Day-ahead demand forecast,18004,megawatthours,2026-01-07 15:00:00,18004.0
2026-01-07T15,TEN,Tennessee,NG,Net generation,18037,megawatthours,2026-01-07 15:00:00,18037.0
2026-01-07T15,TEN,Tennessee,TI,Total interchange,415,megawatthours,2026-01-07 15:00:00,415.0
2026-01-07T14,TEN,Tennessee,D,Demand,17821,megawatthours,2026-01-07 14:00:00,17821.0
2026-01-07T14,TEN,Tennessee,DF,Day-ahead demand forecast,18004,megawatthours,2026-01-07 14:00:00,18004.0
2026-01-07T14,TEN,Tennessee,NG,Net generation,18236,megawatthours,2026-01-07 14:00:00,18236.0
2026-01-07T14,TEN,Tennessee,TI,Total interchange,427,megawatthours,2026-01-07 14:00:00,427.0
2026-01-07T13,TEN,Tennessee,D,Demand,17482,megawatthours,2026-01-07 13:00:00,17482.0
2026-01-07T13,TEN,Tennessee,DF,Day-ahead demand forecast,17654,megawatthours,2026-01-07 13:00:00,17654.0
2026-01-07T13,TEN,Tennessee,NG,Net generation,17900,megawatthours,2026-01-07 13:00:00,17900.0
2026-01-07T13,TEN,Tennessee,TI,Total interchange,415,megawatthours,2026-01-07 13:00:00,415.0
2026-01-07T12,TEN,Tennessee,D,Demand,16204,megawatthours,2026-01-07 12:00:00,16204.0
2026-01-07T12,TEN,Tennessee,DF,Day-ahead demand forecast,16425,megawatthours,2026-01-07 12:00:00,16425.0
2026-01-07T12,TEN,Tennessee,NG,Net generation,16765,megawatthours,2026-01-07 12:00:00,16765.0
2026-01-07T12,TEN,Tennessee,TI,Total interchange,561,megawatthours,2026-01-07 12:00:00,561.0
2026-01-07T11,TEN,Tennessee,D,Demand,15185,megawatthours,2026-01-07 11:00:00,15185.0
2026-01-07T11,TEN,Tennessee,DF,Day-ahead demand forecast,15221,megawatthours,2026-01-07 11:00:00,15221.0
2026-01-07T11,TEN,Tennessee,NG,Net generation,15389,megawatthours,2026-01-07 11:00:00,15389.0
2026-01-07T11,TEN,Tennessee,TI,Total interchange,199,megawatthours,2026-01-07 11:00:00,199.0
2026-01-07T10,TEN,Tennessee,D,Demand,14799,megawatthours,2026-01-07 10:00:00,14799.0
2026-01-07T10,TEN,Tennessee,DF,Day-ahead demand forecast,14831,megawatthours,2026-01-07 10:00:00,14831.0
2026-01-07T10,TEN,Tennessee,NG,Net generation,14715,megawatthours,2026-01-07 10:00:00,14715.0
2026-01-07T10,TEN,Tennessee,TI,Total interchange,-91,megawatthours,2026-01-07 10:00:00,-91.0
2026-01-07T09,TEN,Tennessee,D,Demand,14828,megawatthours,2026-01-07 09:00:00,14828.0
2026-01-07T09,TEN,Tennessee,DF,Day-ahead demand forecast,14770,megawatthours,2026-01-07 09:00:00,14770.0
2026-01-07T09,TEN,Tennessee,NG,Net generation,14821,megawatthours,2026-01-07 09:00:00,14821.0
2026-01-07T09,TEN,Tennessee,TI,Total interchange,-10,megawatthours,2026-01-07 09:00:00,-10.0
2026-01-07T08,TEN,Tennessee,D,Demand,14979,megawatthours,2026-01-07 08:00:00,14979.0
2026-01-07T08,TEN,Tennessee,DF,Day-ahead demand forecast,14927,megawatthours,2026-01-07 08:00:00,14927.0
2026-01-07T08,TEN,Tennessee,NG,Net generation,14975,megawatthours,2026-01-07 08:00:00,14975.0
2026-01-07T08,TEN,Tennessee,TI,Total interchange,-6,megawatthours,2026-01-07 08:00:00,-6.0
2026-01-07T07,TEN,Tennessee,D,Demand,15258,megawatthours,2026-01-07 07:00:00,15258.0
2026-01-07T07,TEN,Tennessee,DF,Day-ahead demand forecast,15249,megawatthours,2026-01-07 07:00:00,15249.0
2026-01-07T07,TEN,Tennessee,NG,Net generation,15177,megawatthours,2026-01-07 07:00:00,15177.0
2026-01-07T07,TEN,Tennessee,TI,Total interchange,-85,megawatthours,2026-01-07 07:00:00,-85.0
2026-01-07T06,TEN,Tennessee,D,Demand,15874,megawatthours,2026-01-07 06:00:00,15874.0
2026-01-07T06,TEN,Tennessee,DF,Day-ahead demand forecast,15850,megawatthours,2026-01-07 06:00:00,15850.0
2026-01-07T06,TEN,Tennessee,NG,Net generation,16077,megawatthours,2026-01-07 06:00:00,16077.0
2026-01-07T06,TEN,Tennessee,TI,Total interchange,199,megawatthours,2026-01-07 06:00:00,199.0
2026-01-07T05,TEN,Tennessee,D,Demand,16521,megawatthours,2026-01-07 05:00:00,16521.0
2026-01-07T05,TEN,Tennessee,DF,Day-ahead demand forecast,16663,megawatthours,2026-01-07 05:00:00,16663.0
2026-01-07T05,TEN,Tennessee,NG,Net generation,16473,megawatthours,2026-01-07 05:00:00,16473.0
2026-01-07T05,TEN,Tennessee,TI,Total interchange,-51,megawatthours,2026-01-07 05:00:00,-51.0
2026-01-07T04,TEN,Tennessee,D,Demand,17327,megawatthours,2026-01-07 04:00:00,17327.0
2026-01-07T04,TEN,Tennessee,DF,Day-ahead demand forecast,17434,megawatthours,2026-01-07 04:00:00,17434.0
2026-01-07T04,TEN,Tennessee,NG,Net generation,17554,megawatthours,2026-01-07 04:00:00,17554.0
2026-01-07T04,TEN,Tennessee,TI,Total interchange,222,megawatthours,2026-01-07 04:00:00,222.0
2026-01-07T03,TEN,Tennessee,D,Demand,17962,megawatthours,2026-01-07 03:00:00,17962.0
2026-01-07T03,TEN,Tennessee,DF,Day-ahead demand forecast,18241,megawatthours,2026-01-07 03:00:00,18241.0
2026-01-07T03,TEN,Tennessee,NG,Net generation,18370,megawatthours,2026-01-07 03:00:00,18370.0
2026-01-07T03,TEN,Tennessee,TI,Total interchange,404,megawatthours,2026-01-07 03:00:00,404.0
2026-01-07T02,TEN,Tennessee,D,Demand,18349,megawatthours,2026-01-07 02:00:00,18349.0
2026-01-07T02,TEN,Tennessee,DF,Day-ahead demand forecast,18658,megawatthours,2026-01-07 02:00:00,18658.0
2026-01-07T02,TEN,Tennessee,NG,Net generation,18859,megawatthours,2026-01-07 02:00:00,18859.0
2026-01-07T02,TEN,Tennessee,TI,Total interchange,510,megawatthours,2026-01-07 02:00:00,510.0
2026-01-07T01,TEN,Tennessee,D,Demand,18589,megawatthours,2026-01-07 01:00:00,18589.0
2026-01-07T01,TEN,Tennessee,DF,Day-ahead demand forecast,18884,megawatthours,2026-01-07 01:00:00,18884.0
2026-01-07T01,TEN,Tennessee,NG,Net generation,19139,megawatthours,2026-01-07 01:00:00,19139.0
2026-01-07T01,TEN,Tennessee,TI,Total interchange,543,megawatthours,2026-01-07 01:00:00,543.0
2026-01-07T00,TEN,Tennessee,D,Demand,18559,megawatthours,2026-01-07 00:00:00,18559.0
2026-01-07T00,TEN,Tennessee,DF,Day-ahead demand forecast,18962,megawatthours,2026-01-07 00:00:00,18962.0
2026-01-07T00,TEN,Tennessee,NG,Net generation,19030,megawatthours,2026-01-07 00:00:00,19030.0
2026-01-07T00,TEN,Tennessee,TI,Total interchange,468,megawatthours,2026-01-07 00:00:00,468.0
2026-01-06T23,TEN,Tennessee,D,Demand,17828,megawatthours,2026-01-06 23:00:00,17828.0
2026-01-06T23,TEN,Tennessee,DF,Day-ahead demand forecast,18135,megawatthours,2026-01-06 23:00:00,18135.0
2026-01-06T23,TEN,Tennessee,NG,Net generation,18309,megawatthours,2026-01-06 23:00:00,18309.0
2026-01-06T23,TEN,Tennessee,TI,Total interchange,500,megawatthours,2026-01-06 23:00:00,500.0
2026-01-06T22,TEN,Tennessee,D,Demand,17544,megawatthours,2026-01-06 22:00:00,17544.0
2026-01-06T22,TEN,Tennessee,DF,Day-ahead demand forecast,17652,megawatthours,2026-01-06 22:00:00,17652.0
2026-01-06T22,TEN,Tennessee,NG,Net generation,17822,megawatthours,2026-01-06 22:00:00,17822.0
2026-01-06T22,TEN,Tennessee,TI,Total interchange,391,megawatthours,2026-01-06 22:00:00,391.0
2026-01-06T21,TEN,Tennessee,D,Demand,17491,megawatthours,2026-01-06 21:00:00,17491.0
2026-01-06T21,TEN,Tennessee,DF,Day-ahead demand forecast,17618,megawatthours,2026-01-06 21:00:00,17618.0
2026-01-06T21,TEN,Tennessee,NG,Net generation,17445,megawatthours,2026-01-06 21:00:00,17445.0
2026-01-06T21,TEN,Tennessee,TI,Total interchange,96,megawatthours,2026-01-06 21:00:00,96.0
2026-01-06T20,TEN,Tennessee,D,Demand,17771,megawatthours,2026-01-06 20:00:00,17771.0
2026-01-06T20,TEN,Tennessee,DF,Day-ahead demand forecast,17810,megawatthours,2026-01-06 20:00:00,17810.0
2026-01-06T20,TEN,Tennessee,NG,Net generation,17512,megawatthours,2026-01-06 20:00:00,17512.0
2026-01-06T20,TEN,Tennessee,TI,Total interchange,-123,megawatthours,2026-01-06 20:00:00,-123.0
2026-01-06T19,TEN,Tennessee,D,Demand,18037,megawatthours,2026-01-06 19:00:00,18037.0
2026-01-06T19,TEN,Tennessee,DF,Day-ahead demand forecast,18032,megawatthours,2026-01-06 19:00:00,18032.0
2026-01-06T19,TEN,Tennessee,NG,Net generation,17823,megawatthours,2026-01-06 19:00:00,17823.0
2026-01-06T19,TEN,Tennessee,TI,Total interchange,-94,megawatthours,2026-01-06 19:00:00,-94.0
2026-01-06T18,TEN,Tennessee,D,Demand,18211,megawatthours,2026-01-06 18:00:00,18211.0
2026-01-06T18,TEN,Tennessee,DF,Day-ahead demand forecast,18088,megawatthours,2026-01-06 18:00:00,18088.0
2026-01-06T18,TEN,Tennessee,NG,Net generation,18001,megawatthours,2026-01-06 18:00:00,18001.0
2026-01-06T18,TEN,Tennessee,TI,Total interchange,-117,megawatthours,2026-01-06 18:00:00,-117.0
2026-01-06T17,TEN,Tennessee,D,Demand,18387,megawatthours,2026-01-06 17:00:00,18387.0
2026-01-06T17,TEN,Tennessee,DF,Day-ahead demand forecast,18256,megawatthours,2026-01-06 17:00:00,18256.0
2026-01-06T17,TEN,Tennessee,NG,Net generation,18346,megawatthours,2026-01-06 17:00:00,18346.0
2026-01-06T17,TEN,Tennessee,TI,Total interchange,25,megawatthours,2026-01-06 17:00:00,25.0
2026-01-06T16,TEN,Tennessee,D,Demand,18422,megawatthours,2026-01-06 16:00:00,18422.0
2026-01-06T16,TEN,Tennessee,DF,Day-ahead demand forecast,18348,megawatthours,2026-01-06 16:00:00,18348.0
2026-01-06T16,TEN,Tennessee,NG,Net generation,18577,megawatthours,2026-01-06 16:00:00,18577.0
2026-01-06T16,TEN,Tennessee,TI,Total interchange,174,megawatthours,2026-01-06 16:00:00,174.0
2026-01-06T15,TEN,Tennessee,D,Demand,18464,megawatthours,2026-01-06 15:00:00,18464.0
2026-01-06T15,TEN,Tennessee,DF,Day-ahead demand forecast,18567,megawatthours,2026-01-06 15:00:00,18567.0
2026-01-06T15,TEN,Tennessee,NG,Net generation,18770,megawatthours,2026-01-06 15:00:00,18770.0
2026-01-06T15,TEN,Tennessee,TI,Total interchange,319,megawatthours,2026-01-06 15:00:00,319.0
2026-01-06T14,TEN,Tennessee,D,Demand,18529,megawatthours,2026-01-06 14:00:00,18529.0
2026-01-06T14,TEN,Tennessee,DF,Day-ahead demand forecast,18734,megawatthours,2026-01-06 14:00:00,18734.0
2026-01-06T14,TEN,Tennessee,NG,Net generation,18700,megawatthours,2026-01-06 14:00:00,18700.0
2026-01-06T14,TEN,Tennessee,TI,Total interchange,167,megawatthours,2026-01-06 14:00:00,167.0
2026-01-06T13,TEN,Tennessee,D,Demand,18354,megawatthours,2026-01-06 13:00:00,18354.0
2026-01-06T13,TEN,Tennessee,DF,Day-ahead demand forecast,18482,megawatthours,2026-01-06 13:00:00,18482.0
2026-01-06T13,TEN,Tennessee,NG,Net generation,18551,megawatthours,2026-01-06 13:00:00,18551.0
2026-01-06T13,TEN,Tennessee,TI,Total interchange,194,megawatthours,2026-01-06 13:00:00,194.0
2026-01-06T12,TEN,Tennessee,D,Demand,17425,megawatthours,2026-01-06 12:00:00,17425.0
2026-01-06T12,TEN,Tennessee,DF,Day-ahead demand forecast,17322,megawatthours,2026-01-06 12:00:00,17322.0
2026-01-06T12,TEN,Tennessee,NG,Net generation,17607,megawatthours,2026-01-06 12:00:00,17607.0
2026-01-06T12,TEN,Tennessee,TI,Total interchange,180,megawatthours,2026-01-06 12:00:00,180.0
2026-01-06T11,TEN,Tennessee,D,Demand,16387,megawatthours,2026-01-06 11:00:00,16387.0
2026-01-06T11,TEN,Tennessee,DF,Day-ahead demand forecast,16210,megawatthours,2026-01-06 11:00:00,16210.0
2026-01-06T11,TEN,Tennessee,NG,Net generation,16324,megawatthours,2026-01-06 11:00:00,16324.0
2026-01-06T11,TEN,Tennessee,TI,Total interchange,-66,megawatthours,2026-01-06 11:00:00,-66.0
2026-01-06T10,TEN,Tennessee,D,Demand,16251,megawatthours,2026-01-06 10:00:00,16251.0
2026-01-06T10,TEN,Tennessee,DF,Day-ahead demand forecast,15807,megawatthours,2026-01-06 10:00:00,15807.0
2026-01-06T10,TEN,Tennessee,NG,Net generation,16050,megawatthours,2026-01-06 10:00:00,16050.0
2026-01-06T10,TEN,Tennessee,TI,Total interchange,-204,megawatthours,2026-01-06 10:00:00,-204.0
2026-01-06T09,TEN,Tennessee,D,Demand,16184,megawatthours,2026-01-06 09:00:00,16184.0
2026-01-06T09,TEN,Tennessee,DF,Day-ahead demand forecast,15807,megawatthours,2026-01-06 09:00:00,15807.0
2026-01-06T09,TEN,Tennessee,NG,Net generation,15974,megawatthours,2026-01-06 09:00:00,15974.0
2026-01-06T09,TEN,Tennessee,TI,Total interchange,-215,megawatthours,2026-01-06 09:00:00,-215.0
2026-01-06T08,TEN,Tennessee,D,Demand,16264,megawatthours,2026-01-06 08:00:00,16264.0
2026-01-06T08,TEN,Tennessee,DF,Day-ahead demand forecast,15970,megawatthours,2026-01-06 08:00:00,15970.0
2026-01-06T08,TEN,Tennessee,NG,Net generation,16081,megawatthours,2026-01-06 08:00:00,16081.0
2026-01-06T08,TEN,Tennessee,TI,Total interchange,-185,megawatthours,2026-01-06 08:00:00,-185.0
2026-01-06T07,TEN,Tennessee,D,Demand,16341,megawatthours,2026-01-06 07:00:00,16341.0
2026-01-06T07,TEN,Tennessee,DF,Day-ahead demand forecast,16240,megawatthours,2026-01-06 07:00:00,16240.0
2026-01-06T07,TEN,Tennessee,NG,Net generation,16166,megawatthours,2026-01-06 07:00:00,16166.0
2026-01-06T07,TEN,Tennessee,TI,Total interchange,-179,megawatthours,2026-01-06 07:00:00,-179.0
2026-01-06T06,TEN,Tennessee,D,Demand,16912,megawatthours,2026-01-06 06:00:00,16912.0
2026-01-06T06,TEN,Tennessee,DF,Day-ahead demand forecast,16887,megawatthours,2026-01-06 06:00:00,16887.0
2026-01-06T06,TEN,Tennessee,NG,Net generation,16616,megawatthours,2026-01-06 06:00:00,16616.0
2026-01-06T06,TEN,Tennessee,TI,Total interchange,-299,megawatthours,2026-01-06 06:00:00,-299.0
2026-01-06T05,TEN,Tennessee,D,Demand,17479,megawatthours,2026-01-06 05:00:00,17479.0
2026-01-06T05,TEN,Tennessee,DF,Day-ahead demand forecast,17603,megawatthours,2026-01-06 05:00:00,17603.0
2026-01-06T05,TEN,Tennessee,NG,Net generation,16996,megawatthours,2026-01-06 05:00:00,16996.0
2026-01-06T05,TEN,Tennessee,TI,Total interchange,-485,megawatthours,2026-01-06 05:00:00,-485.0
2026-01-06T04,TEN,Tennessee,D,Demand,18266,megawatthours,2026-01-06 04:00:00,18266.0
2026-01-06T04,TEN,Tennessee,DF,Day-ahead demand forecast,18398,megawatthours,2026-01-06 04:00:00,18398.0
2026-01-06T04,TEN,Tennessee,NG,Net generation,17891,megawatthours,2026-01-06 04:00:00,17891.0
2026-01-06T04,TEN,Tennessee,TI,Total interchange,-379,megawatthours,2026-01-06 04:00:00,-379.0
2026-01-06T03,TEN,Tennessee,D,Demand,18824,megawatthours,2026-01-06 03:00:00,18824.0
2026-01-06T03,TEN,Tennessee,DF,Day-ahead demand forecast,19036,megawatthours,2026-01-06 03:00:00,19036.0
2026-01-06T03,TEN,Tennessee,NG,Net generation,18779,megawatthours,2026-01-06 03:00:00,18779.0
2026-01-06T03,TEN,Tennessee,TI,Total interchange,-48,megawatthours,2026-01-06 03:00:00,-48.0
2026-01-06T02,TEN,Tennessee,D,Demand,19240,megawatthours,2026-01-06 02:00:00,19240.0
2026-01-06T02,TEN,Tennessee,DF,Day-ahead demand forecast,19354,megawatthours,2026-01-06 02:00:00,19354.0
2026-01-06T02,TEN,Tennessee,NG,Net generation,19346,megawatthours,2026-01-06 02:00:00,19346.0
2026-01-06T02,TEN,Tennessee,TI,Total interchange,104,megawatthours,2026-01-06 02:00:00,104.0
2026-01-06T01,TEN,Tennessee,D,Demand,19277,megawatthours,2026-01-06 01:00:00,19277.0
2026-01-06T01,TEN,Tennessee,DF,Day-ahead demand forecast,19568,megawatthours,2026-01-06 01:00:00,19568.0
2026-01-06T01,TEN,Tennessee,NG,Net generation,19513,megawatthours,2026-01-06 01:00:00,19513.0
2026-01-06T01,TEN,Tennessee,TI,Total interchange,233,megawatthours,2026-01-06 01:00:00,233.0
2026-01-06T00,TEN,Tennessee,D,Demand,18960,megawatthours,2026-01-06 00:00:00,18960.0
2026-01-06T00,TEN,Tennessee,DF,Day-ahead demand forecast,19460,megawatthours,2026-01-06 00:00:00,19460.0
2026-01-06T00,TEN,Tennessee,NG,Net generation,19351,megawatthours,2026-01-06 00:00:00,19351.0
2026-01-06T00,TEN,Tennessee,TI,Total interchange,386,megawatthours,2026-01-06 00:00:00,386.0
2026-01-05T23,TEN,Tennessee,D,Demand,17862,megawatthours,2026-01-05 23:00:00,17862.0
2026-01-05T23,TEN,Tennessee,DF,Day-ahead demand forecast,18494,megawatthours,2026-01-05 23:00:00,18494.0
2026-01-05T23,TEN,Tennessee,NG,Net generation,18316,megawatthours,2026-01-05 23:00:00,18316.0
2026-01-05T23,TEN,Tennessee,TI,Total interchange,467,megawatthours,2026-01-05 23:00:00,467.0
2026-01-05T22,TEN,Tennessee,D,Demand,17404,megawatthours,2026-01-05 22:00:00,17404.0
2026-01-05T22,TEN,Tennessee,DF,Day-ahead demand forecast,17909,megawatthours,2026-01-05 22:00:00,17909.0
2026-01-05T22,TEN,Tennessee,NG,Net generation,17414,megawatthours,2026-01-05 22:00:00,17414.0
2026-01-05T22,TEN,Tennessee,TI,Total interchange,107,megawatthours,2026-01-05 22:00:00,107.0
2026-01-05T21,TEN,Tennessee,D,Demand,17552,megawatthours,2026-01-05 21:00:00,17552.0
2026-01-05T21,TEN,Tennessee,DF,Day-ahead demand forecast,17886,megawatthours,2026-01-05 21:00:00,17886.0
2026-01-05T21,TEN,Tennessee,NG,Net generation,17345,megawatthours,2026-01-05 21:00:00,17345.0
2026-01-05T21,TEN,Tennessee,TI,Total interchange,-88,megawatthours,2026-01-05 21:00:00,-88.0
2026-01-05T20,TEN,Tennessee,D,Demand,17873,megawatthours,2026-01-05 20:00:00,17873.0
2026-01-05T20,TEN,Tennessee,DF,Day-ahead demand forecast,18241,megawatthours,2026-01-05 20:00:00,18241.0
2026-01-05T20,TEN,Tennessee,NG,Net generation,17600,megawatthours,2026-01-05 20:00:00,17600.0
2026-01-05T20,TEN,Tennessee,TI,Total interchange,-163,megawatthours,2026-01-05 20:00:00,-163.0
2026-01-05T19,TEN,Tennessee,D,Demand,18248,megawatthours,2026-01-05 19:00:00,18248.0
2026-01-05T19,TEN,Tennessee,DF,Day-ahead demand forecast,18643,megawatthours,2026-01-05 19:00:00,18643.0
2026-01-05T19,TEN,Tennessee,NG,Net generation,17993,megawatthours,2026-01-05 19:00:00,17993.0
2026-01-05T19,TEN,Tennessee,TI,Total interchange,-151,megawatthours,2026-01-05 19:00:00,-151.0
2026-01-05T18,TEN,Tennessee,D,Demand,18770,megawatthours,2026-01-05 18:00:00,18770.0
2026-01-05T18,TEN,Tennessee,DF,Day-ahead demand forecast,19188,megawatthours,2026-01-05 18:00:00,19188.0
2026-01-05T18,TEN,Tennessee,NG,Net generation,18461,megawatthours,2026-01-05 18:00:00,18461.0
2026-01-05T18,TEN,Tennessee,TI,Total interchange,-201,megawatthours,2026-01-05 18:00:00,-201.0
2026-01-05T17,TEN,Tennessee,D,Demand,19429,megawatthours,2026-01-05 17:00:00,19429.0
2026-01-05T17,TEN,Tennessee,DF,Day-ahead demand forecast,19863,megawatthours,2026-01-05 17:00:00,19863.0
2026-01-05T17,TEN,Tennessee,NG,Net generation,18672,megawatthours,2026-01-05 17:00:00,18672.0
2026-01-05T17,TEN,Tennessee,TI,Total interchange,-652,megawatthours,2026-01-05 17:00:00,-652.0
2026-01-05T16,TEN,Tennessee,D,Demand,20150,megawatthours,2026-01-05 16:00:00,20150.0
2026-01-05T16,TEN,Tennessee,DF,Day-ahead demand forecast,20541,megawatthours,2026-01-05 16:00:00,20541.0
2026-01-05T16,TEN,Tennessee,NG,Net generation,19328,megawatthours,2026-01-05 16:00:00,19328.0
2026-01-05T16,TEN,Tennessee,TI,Total interchange,-709,megawatthours,2026-01-05 16:00:00,-709.0
2026-01-05T15,TEN,Tennessee,D,Demand,21783,megawatthours,2026-01-05 15:00:00,21783.0
2026-01-05T15,TEN,Tennessee,DF,Day-ahead demand forecast,21631,megawatthours,2026-01-05 15:00:00,21631.0
2026-01-05T15,TEN,Tennessee,NG,Net generation,21265,megawatthours,2026-01-05 15:00:00,21265.0
2026-01-05T15,TEN,Tennessee,TI,Total interchange,-427,megawatthours,2026-01-05 15:00:00,-427.0
2026-01-05T14,TEN,Tennessee,D,Demand,22953,megawatthours,2026-01-05 14:00:00,22953.0
2026-01-05T14,TEN,Tennessee,DF,Day-ahead demand forecast,22138,megawatthours,2026-01-05 14:00:00,22138.0
2026-01-05T14,TEN,Tennessee,NG,Net generation,22547,megawatthours,2026-01-05 14:00:00,22547.0
2026-01-05T14,TEN,Tennessee,TI,Total interchange,-399,megawatthours,2026-01-05 14:00:00,-399.0
2026-01-05T13,TEN,Tennessee,D,Demand,22701,megawatthours,2026-01-05 13:00:00,22701.0
2026-01-05T13,TEN,Tennessee,DF,Day-ahead demand forecast,21918,megawatthours,2026-01-05 13:00:00,21918.0
2026-01-05T13,TEN,Tennessee,NG,Net generation,22393,megawatthours,2026-01-05 13:00:00,22393.0
2026-01-05T13,TEN,Tennessee,TI,Total interchange,-308,megawatthours,2026-01-05 13:00:00,-308.0
2026-01-05T12,TEN,Tennessee,D,Demand,21522,megawatthours,2026-01-05 12:00:00,21522.0
2026-01-05T12,TEN,Tennessee,DF,Day-ahead demand forecast,20712,megawatthours,2026-01-05 12:00:00,20712.0
2026-01-05T12,TEN,Tennessee,NG,Net generation,20962,megawatthours,2026-01-05 12:00:00,20962.0
2026-01-05T12,TEN,Tennessee,TI,Total interchange,-563,megawatthours,2026-01-05 12:00:00,-563.0
2026-01-05T11,TEN,Tennessee,D,Demand,20236,megawatthours,2026-01-05 11:00:00,20236.0
2026-01-05T11,TEN,Tennessee,DF,Day-ahead demand forecast,19451,megawatthours,2026-01-05 11:00:00,19451.0
2026-01-05T11,TEN,Tennessee,NG,Net generation,19377,megawatthours,2026-01-05 11:00:00,19377.0
2026-01-05T11,TEN,Tennessee,TI,Total interchange,-866,megawatthours,2026-01-05 11:00:00,-866.0
2026-01-05T10,TEN,Tennessee,D,Demand,19545,megawatthours,2026-01-05 10:00:00,19545.0
2026-01-05T10,TEN,Tennessee,DF,Day-ahead demand forecast,18858,megawatthours,2026-01-05 10:00:00,18858.0
2026-01-05T10,TEN,Tennessee,NG,Net generation,18420,megawatthours,2026-01-05 10:00:00,18420.0
2026-01-05T10,TEN,Tennessee,TI,Total interchange,-1128,megawatthours,2026-01-05 10:00:00,-1128.0
2026-01-05T09,TEN,Tennessee,D,Demand,19158,megawatthours,2026-01-05 09:00:00,19158.0
2026-01-05T09,TEN,Tennessee,DF,Day-ahead demand forecast,18612,megawatthours,2026-01-05 09:00:00,18612.0
2026-01-05T09,TEN,Tennessee,NG,Net generation,18062,megawatthours,2026-01-05 09:00:00,18062.0
2026-01-05T09,TEN,Tennessee,TI,Total interchange,-1102,megawatthours,2026-01-05 09:00:00,-1102.0
2026-01-05T08,TEN,Tennessee,D,Demand,18782,megawatthours,2026-01-05 08:00:00,18782.0
2026-01-05T08,TEN,Tennessee,DF,Day-ahead demand forecast,18474,megawatthours,2026-01-05 08:00:00,18474.0
2026-01-05T08,TEN,Tennessee,NG,Net generation,18261,megawatthours,2026-01-05 08:00:00,18261.0
2026-01-05T08,TEN,Tennessee,TI,Total interchange,-520,megawatthours,2026-01-05 08:00:00,-520.0
2026-01-05T07,TEN,Tennessee,D,Demand,18644,megawatthours,2026-01-05 07:00:00,18644.0
2026-01-05T07,TEN,Tennessee,DF,Day-ahead demand forecast,18598,megawatthours,2026-01-05 07:00:00,18598.0
2026-01-05T07,TEN,Tennessee,NG,Net generation,18188,megawatthours,2026-01-05 07:00:00,18188.0
2026-01-05T07,TEN,Tennessee,TI,Total interchange,-461,megawatthours,2026-01-05 07:00:00,-461.0
2026-01-05T06,TEN,Tennessee,D,Demand,18649,megawatthours,2026-01-05 06:00:00,18649.0
2026-01-05T06,TEN,Tennessee,DF,Day-ahead demand forecast,18727,megawatthours,2026-01-05 06:00:00,18727.0
2026-01-05T06,TEN,Tennessee,NG,Net generation,18146,megawatthours,2026-01-05 06:00:00,18146.0
2026-01-05T06,TEN,Tennessee,TI,Total interchange,-506,megawatthours,2026-01-05 06:00:00,-506.0
2026-01-05T05,TEN,Tennessee,D,Demand,18955,megawatthours,2026-01-05 05:00:00,18955.0
2026-01-05T05,TEN,Tennessee,DF,Day-ahead demand forecast,19236,megawatthours,2026-01-05 05:00:00,19236.0
2026-01-05T05,TEN,Tennessee,NG,Net generation,18504,megawatthours,2026-01-05 05:00:00,18504.0
2026-01-05T05,TEN,Tennessee,TI,Total interchange,-456,megawatthours,2026-01-05 05:00:00,-456.0
2026-01-05T04,TEN,Tennessee,D,Demand,19415,megawatthours,2026-01-05 04:00:00,19415.0
2026-01-05T04,TEN,Tennessee,DF,Day-ahead demand forecast,19746,megawatthours,2026-01-05 04:00:00,19746.0
2026-01-05T04,TEN,Tennessee,NG,Net generation,19020,megawatthours,2026-01-05 04:00:00,19020.0
2026-01-05T04,TEN,Tennessee,TI,Total interchange,-393,megawatthours,2026-01-05 04:00:00,-393.0
2026-01-05T03,TEN,Tennessee,D,Demand,19718,megawatthours,2026-01-05 03:00:00,19718.0
2026-01-05T03,TEN,Tennessee,DF,Day-ahead demand forecast,20105,megawatthours,2026-01-05 03:00:00,20105.0
2026-01-05T03,TEN,Tennessee,NG,Net generation,19587,megawatthours,2026-01-05 03:00:00,19587.0
2026-01-05T03,TEN,Tennessee,TI,Total interchange,-138,megawatthours,2026-01-05 03:00:00,-138.0
2026-01-05T02,TEN,Tennessee,D,Demand,19914,megawatthours,2026-01-05 02:00:00,19914.0
2026-01-05T02,TEN,Tennessee,DF,Day-ahead demand forecast,20229,megawatthours,2026-01-05 02:00:00,20229.0
2026-01-05T02,TEN,Tennessee,NG,Net generation,19869,megawatthours,2026-01-05 02:00:00,19869.0
2026-01-05T02,TEN,Tennessee,TI,Total interchange,-49,megawatthours,2026-01-05 02:00:00,-49.0
2026-01-05T01,TEN,Tennessee,D,Demand,19743,megawatthours,2026-01-05 01:00:00,19743.0
2026-01-05T01,TEN,Tennessee,DF,Day-ahead demand forecast,20119,megawatthours,2026-01-05 01:00:00,20119.0
2026-01-05T01,TEN,Tennessee,NG,Net generation,19708,megawatthours,2026-01-05 01:00:00,19708.0
2026-01-05T01,TEN,Tennessee,TI,Total interchange,-38,megawatthours,2026-01-05 01:00:00,-38.0
2026-01-05T00,TEN,Tennessee,D,Demand,19215,megawatthours,2026-01-05 00:00:00,19215.0
2026-01-05T00,TEN,Tennessee,DF,Day-ahead demand forecast,19816,megawatthours,2026-01-05 00:00:00,19816.0
2026-01-05T00,TEN,Tennessee,NG,Net generation,19333,megawatthours,2026-01-05 00:00:00,19333.0
2026-01-05T00,TEN,Tennessee,TI,Total interchange,114,megawatthours,2026-01-05 00:00:00,114.0
2026-01-04T23,TEN,Tennessee,D,Demand,18045,megawatthours,2026-01-04 23:00:00,18045.0
2026-01-04T23,TEN,Tennessee,DF,Day-ahead demand forecast,18900,megawatthours,2026-01-04 23:00:00,18900.0
2026-01-04T23,TEN,Tennessee,NG,Net generation,18341,megawatthours,2026-01-04 23:00:00,18341.0
2026-01-04T23,TEN,Tennessee,TI,Total interchange,297,megawatthours,2026-01-04 23:00:00,297.0
2026-01-04T22,TEN,Tennessee,D,Demand,17077,megawatthours,2026-01-04 22:00:00,17077.0
2026-01-04T22,TEN,Tennessee,DF,Day-ahead demand forecast,18278,megawatthours,2026-01-04 22:00:00,18278.0
2026-01-04T22,TEN,Tennessee,NG,Net generation,17156,megawatthours,2026-01-04 22:00:00,17156.0
2026-01-04T22,TEN,Tennessee,TI,Total interchange,106,megawatthours,2026-01-04 22:00:00,106.0
2026-01-04T21,TEN,Tennessee,D,Demand,16916,megawatthours,2026-01-04 21:00:00,16916.0
2026-01-04T21,TEN,Tennessee,DF,Day-ahead demand forecast,18159,megawatthours,2026-01-04 21:00:00,18159.0
2026-01-04T21,TEN,Tennessee,NG,Net generation,16776,megawatthours,2026-01-04 21:00:00,16776.0
2026-01-04T21,TEN,Tennessee,TI,Total interchange,-61,megawatthours,2026-01-04 21:00:00,-61.0
2026-01-04T20,TEN,Tennessee,D,Demand,17402,megawatthours,2026-01-04 20:00:00,17402.0
2026-01-04T20,TEN,Tennessee,DF,Day-ahead demand forecast,18470,megawatthours,2026-01-04 20:00:00,18470.0
2026-01-04T20,TEN,Tennessee,NG,Net generation,17186,megawatthours,2026-01-04 20:00:00,17186.0
2026-01-04T20,TEN,Tennessee,TI,Total interchange,-136,megawatthours,2026-01-04 20:00:00,-136.0
2026-01-04T19,TEN,Tennessee,D,Demand,17774,megawatthours,2026-01-04 19:00:00,17774.0
2026-01-04T19,TEN,Tennessee,DF,Day-ahead demand forecast,18893,megawatthours,2026-01-04 19:00:00,18893.0
2026-01-04T19,TEN,Tennessee,NG,Net generation,17522,megawatthours,2026-01-04 19:00:00,17522.0
2026-01-04T19,TEN,Tennessee,TI,Total interchange,-165,megawatthours,2026-01-04 19:00:00,-165.0
2026-01-04T18,TEN,Tennessee,D,Demand,18339,megawatthours,2026-01-04 18:00:00,18339.0
2026-01-04T18,TEN,Tennessee,DF,Day-ahead demand forecast,19484,megawatthours,2026-01-04 18:00:00,19484.0
2026-01-04T18,TEN,Tennessee,NG,Net generation,18061,megawatthours,2026-01-04 18:00:00,18061.0
2026-01-04T18,TEN,Tennessee,TI,Total interchange,-184,megawatthours,2026-01-04 18:00:00,-184.0
2026-01-04T17,TEN,Tennessee,D,Demand,19115,megawatthours,2026-01-04 17:00:00,19115.0
2026-01-04T17,TEN,Tennessee,DF,Day-ahead demand forecast,20128,megawatthours,2026-01-04 17:00:00,20128.0
2026-01-04T17,TEN,Tennessee,NG,Net generation,18377,megawatthours,2026-01-04 17:00:00,18377.0
2026-01-04T17,TEN,Tennessee,TI,Total interchange,-646,megawatthours,2026-01-04 17:00:00,-646.0
2026-01-04T16,TEN,Tennessee,D,Demand,20235,megawatthours,2026-01-04 16:00:00,20235.0
2026-01-04T16,TEN,Tennessee,DF,Day-ahead demand forecast,21106,megawatthours,2026-01-04 16:00:00,21106.0
2026-01-04T16,TEN,Tennessee,NG,Net generation,19428,megawatthours,2026-01-04 16:00:00,19428.0
2026-01-04T16,TEN,Tennessee,TI,Total interchange,-695,megawatthours,2026-01-04 16:00:00,-695.0
2026-01-04T15,TEN,Tennessee,D,Demand,21559,megawatthours,2026-01-04 15:00:00,21559.0
2026-01-04T15,TEN,Tennessee,DF,Day-ahead demand forecast,21765,megawatthours,2026-01-04 15:00:00,21765.0
2026-01-04T15,TEN,Tennessee,NG,Net generation,20910,megawatthours,2026-01-04 15:00:00,20910.0
2026-01-04T15,TEN,Tennessee,TI,Total interchange,-564,megawatthours,2026-01-04 15:00:00,-564.0
2026-01-04T14,TEN,Tennessee,D,Demand,22073,megawatthours,2026-01-04 14:00:00,22073.0
2026-01-04T14,TEN,Tennessee,DF,Day-ahead demand forecast,21755,megawatthours,2026-01-04 14:00:00,21755.0
2026-01-04T14,TEN,Tennessee,NG,Net generation,21576,megawatthours,2026-01-04 14:00:00,21576.0
2026-01-04T14,TEN,Tennessee,TI,Total interchange,-486,megawatthours,2026-01-04 14:00:00,-486.0
2026-01-04T13,TEN,Tennessee,D,Demand,21433,megawatthours,2026-01-04 13:00:00,21433.0
2026-01-04T13,TEN,Tennessee,DF,Day-ahead demand forecast,21034,megawatthours,2026-01-04 13:00:00,21034.0
2026-01-04T13,TEN,Tennessee,NG,Net generation,21032,megawatthours,2026-01-04 13:00:00,21032.0
2026-01-04T13,TEN,Tennessee,TI,Total interchange,-404,megawatthours,2026-01-04 13:00:00,-404.0
2026-01-04T12,TEN,Tennessee,D,Demand,20414,megawatthours,2026-01-04 12:00:00,20414.0
2026-01-04T12,TEN,Tennessee,DF,Day-ahead demand forecast,20222,megawatthours,2026-01-04 12:00:00,20222.0
2026-01-04T12,TEN,Tennessee,NG,Net generation,19996,megawatthours,2026-01-04 12:00:00,19996.0
2026-01-04T12,TEN,Tennessee,TI,Total interchange,-419,megawatthours,2026-01-04 12:00:00,-419.0
2026-01-04T11,TEN,Tennessee,D,Demand,19628,megawatthours,2026-01-04 11:00:00,19628.0
2026-01-04T11,TEN,Tennessee,DF,Day-ahead demand forecast,19597,megawatthours,2026-01-04 11:00:00,19597.0
2026-01-04T11,TEN,Tennessee,NG,Net generation,18975,megawatthours,2026-01-04 11:00:00,18975.0
2026-01-04T11,TEN,Tennessee,TI,Total interchange,-656,megawatthours,2026-01-04 11:00:00,-656.0
2026-01-04T10,TEN,Tennessee,D,Demand,19027,megawatthours,2026-01-04 10:00:00,19027.0
2026-01-04T10,TEN,Tennessee,DF,Day-ahead demand forecast,19253,megawatthours,2026-01-04 10:00:00,19253.0
2026-01-04T10,TEN,Tennessee,NG,Net generation,18291,megawatthours,2026-01-04 10:00:00,18291.0
2026-01-04T10,TEN,Tennessee,TI,Total interchange,-737,megawatthours,2026-01-04 10:00:00,-737.0
2026-01-04T09,TEN,Tennessee,D,Demand,18546,megawatthours,2026-01-04 09:00:00,18546.0
2026-01-04T09,TEN,Tennessee,DF,Day-ahead demand forecast,18972,megawatthours,2026-01-04 09:00:00,18972.0
2026-01-04T09,TEN,Tennessee,NG,Net generation,17823,megawatthours,2026-01-04 09:00:00,17823.0
2026-01-04T09,TEN,Tennessee,TI,Total interchange,-730,megawatthours,2026-01-04 09:00:00,-730.0
2026-01-04T08,TEN,Tennessee,D,Demand,18236,megawatthours,2026-01-04 08:00:00,18236.0
2026-01-04T08,TEN,Tennessee,DF,Day-ahead demand forecast,18739,megawatthours,2026-01-04 08:00:00,18739.0
2026-01-04T08,TEN,Tennessee,NG,Net generation,18150,megawatthours,2026-01-04 08:00:00,18150.0
2026-01-04T08,TEN,Tennessee,TI,Total interchange,-89,megawatthours,2026-01-04 08:00:00,-89.0
2026-01-04T07,TEN,Tennessee,D,Demand,18115,megawatthours,2026-01-04 07:00:00,18115.0
2026-01-04T07,TEN,Tennessee,DF,Day-ahead demand forecast,18565,megawatthours,2026-01-04 07:00:00,18565.0
2026-01-04T07,TEN,Tennessee,NG,Net generation,18043,megawatthours,2026-01-04 07:00:00,18043.0
2026-01-04T07,TEN,Tennessee,TI,Total interchange,-71,megawatthours,2026-01-04 07:00:00,-71.0
2026-01-04T06,TEN,Tennessee,D,Demand,18063,megawatthours,2026-01-04 06:00:00,18063.0
2026-01-04T06,TEN,Tennessee,DF,Day-ahead demand forecast,17773,megawatthours,2026-01-04 06:00:00,17773.0
2026-01-04T06,TEN,Tennessee,NG,Net generation,18207,megawatthours,2026-01-04 06:00:00,18207.0
2026-01-04T06,TEN,Tennessee,TI,Total interchange,138,megawatthours,2026-01-04 06:00:00,138.0
2026-01-04T05,TEN,Tennessee,D,Demand,18349,megawatthours,2026-01-04 05:00:00,18349.0
2026-01-04T05,TEN,Tennessee,DF,Day-ahead demand forecast,17887,megawatthours,2026-01-04 05:00:00,17887.0
2026-01-04T05,TEN,Tennessee,NG,Net generation,18446,megawatthours,2026-01-04 05:00:00,18446.0
2026-01-04T05,TEN,Tennessee,TI,Total interchange,93,megawatthours,2026-01-04 05:00:00,93.0
2026-01-04T04,TEN,Tennessee,D,Demand,18746,megawatthours,2026-01-04 04:00:00,18746.0
2026-01-04T04,TEN,Tennessee,DF,Day-ahead demand forecast,18373,megawatthours,2026-01-04 04:00:00,18373.0
2026-01-04T04,TEN,Tennessee,NG,Net generation,19071,megawatthours,2026-01-04 04:00:00,19071.0
2026-01-04T04,TEN,Tennessee,TI,Total interchange,321,megawatthours,2026-01-04 04:00:00,321.0
2026-01-04T03,TEN,Tennessee,D,Demand,18956,megawatthours,2026-01-04 03:00:00,18956.0
2026-01-04T03,TEN,Tennessee,DF,Day-ahead demand forecast,18543,megawatthours,2026-01-04 03:00:00,18543.0
2026-01-04T03,TEN,Tennessee,NG,Net generation,19288,megawatthours,2026-01-04 03:00:00,19288.0
2026-01-04T03,TEN,Tennessee,TI,Total interchange,330,megawatthours,2026-01-04 03:00:00,330.0
2026-01-04T02,TEN,Tennessee,D,Demand,18996,megawatthours,2026-01-04 02:00:00,18996.0
2026-01-04T02,TEN,Tennessee,DF,Day-ahead demand forecast,18786,megawatthours,2026-01-04 02:00:00,18786.0
2026-01-04T02,TEN,Tennessee,NG,Net generation,19327,megawatthours,2026-01-04 02:00:00,19327.0
2026-01-04T02,TEN,Tennessee,TI,Total interchange,325,megawatthours,2026-01-04 02:00:00,325.0
2026-01-04T01,TEN,Tennessee,D,Demand,18757,megawatthours,2026-01-04 01:00:00,18757.0
2026-01-04T01,TEN,Tennessee,DF,Day-ahead demand forecast,18851,megawatthours,2026-01-04 01:00:00,18851.0
2026-01-04T01,TEN,Tennessee,NG,Net generation,19102,megawatthours,2026-01-04 01:00:00,19102.0
2026-01-04T01,TEN,Tennessee,TI,Total interchange,346,megawatthours,2026-01-04 01:00:00,346.0
2026-01-04T00,TEN,Tennessee,D,Demand,18469,megawatthours,2026-01-04 00:00:00,18469.0
2026-01-04T00,TEN,Tennessee,DF,Day-ahead demand forecast,19014,megawatthours,2026-01-04 00:00:00,19014.0
2026-01-04T00,TEN,Tennessee,NG,Net generation,18929,megawatthours,2026-01-04 00:00:00,18929.0
2026-01-04T00,TEN,Tennessee,TI,Total interchange,454,megawatthours,2026-01-04 00:00:00,454.0
2026-01-03T23,TEN,Tennessee,D,Demand,17492,megawatthours,2026-01-03 23:00:00,17492.0
2026-01-03T23,TEN,Tennessee,DF,Day-ahead demand forecast,18403,megawatthours,2026-01-03 23:00:00,18403.0
2026-01-03T23,TEN,Tennessee,NG,Net generation,18059,megawatthours,2026-01-03 23:00:00,18059.0
2026-01-03T23,TEN,Tennessee,TI,Total interchange,577,megawatthours,2026-01-03 23:00:00,577.0
2026-01-03T22,TEN,Tennessee,D,Demand,16776,megawatthours,2026-01-03 22:00:00,16776.0
2026-01-03T22,TEN,Tennessee,DF,Day-ahead demand forecast,17884,megawatthours,2026-01-03 22:00:00,17884.0
2026-01-03T22,TEN,Tennessee,NG,Net generation,17267,megawatthours,2026-01-03 22:00:00,17267.0
2026-01-03T22,TEN,Tennessee,TI,Total interchange,513,megawatthours,2026-01-03 22:00:00,513.0
2026-01-03T21,TEN,Tennessee,D,Demand,16683,megawatthours,2026-01-03 21:00:00,16683.0
2026-01-03T21,TEN,Tennessee,DF,Day-ahead demand forecast,17630,megawatthours,2026-01-03 21:00:00,17630.0
2026-01-03T21,TEN,Tennessee,NG,Net generation,16974,megawatthours,2026-01-03 21:00:00,16974.0
2026-01-03T21,TEN,Tennessee,TI,Total interchange,374,megawatthours,2026-01-03 21:00:00,374.0
2026-01-03T20,TEN,Tennessee,D,Demand,17068,megawatthours,2026-01-03 20:00:00,17068.0
2026-01-03T20,TEN,Tennessee,DF,Day-ahead demand forecast,17687,megawatthours,2026-01-03 20:00:00,17687.0
2026-01-03T20,TEN,Tennessee,NG,Net generation,17120,megawatthours,2026-01-03 20:00:00,17120.0
2026-01-03T20,TEN,Tennessee,TI,Total interchange,116,megawatthours,2026-01-03 20:00:00,116.0
2026-01-03T19,TEN,Tennessee,D,Demand,17510,megawatthours,2026-01-03 19:00:00,17510.0
2026-01-03T19,TEN,Tennessee,DF,Day-ahead demand forecast,17899,megawatthours,2026-01-03 19:00:00,17899.0
2026-01-03T19,TEN,Tennessee,NG,Net generation,17603,megawatthours,2026-01-03 19:00:00,17603.0
2026-01-03T19,TEN,Tennessee,TI,Total interchange,156,megawatthours,2026-01-03 19:00:00,156.0
2026-01-03T18,TEN,Tennessee,D,Demand,17948,megawatthours,2026-01-03 18:00:00,17948.0
2026-01-03T18,TEN,Tennessee,DF,Day-ahead demand forecast,18345,megawatthours,2026-01-03 18:00:00,18345.0
2026-01-03T18,TEN,Tennessee,NG,Net generation,17943,megawatthours,2026-01-03 18:00:00,17943.0
2026-01-03T18,TEN,Tennessee,TI,Total interchange,63,megawatthours,2026-01-03 18:00:00,63.0
2026-01-03T17,TEN,Tennessee,D,Demand,18334,megawatthours,2026-01-03 17:00:00,18334.0
2026-01-03T17,TEN,Tennessee,DF,Day-ahead demand forecast,18702,megawatthours,2026-01-03 17:00:00,18702.0
2026-01-03T17,TEN,Tennessee,NG,Net generation,18495,megawatthours,2026-01-03 17:00:00,18495.0
2026-01-03T17,TEN,Tennessee,TI,Total interchange,221,megawatthours,2026-01-03 17:00:00,221.0
2026-01-03T16,TEN,Tennessee,D,Demand,18736,megawatthours,2026-01-03 16:00:00,18736.0
2026-01-03T16,TEN,Tennessee,DF,Day-ahead demand forecast,18804,megawatthours,2026-01-03 16:00:00,18804.0
2026-01-03T16,TEN,Tennessee,NG,Net generation,19087,megawatthours,2026-01-03 16:00:00,19087.0
2026-01-03T16,TEN,Tennessee,TI,Total interchange,419,megawatthours,2026-01-03 16:00:00,419.0
2026-01-03T15,TEN,Tennessee,D,Demand,18590,megawatthours,2026-01-03 15:00:00,18590.0
2026-01-03T15,TEN,Tennessee,DF,Day-ahead demand forecast,18510,megawatthours,2026-01-03 15:00:00,18510.0
2026-01-03T15,TEN,Tennessee,NG,Net generation,18942,megawatthours,2026-01-03 15:00:00,18942.0
2026-01-03T15,TEN,Tennessee,TI,Total interchange,373,megawatthours,2026-01-03 15:00:00,373.0
2026-01-03T14,TEN,Tennessee,D,Demand,18252,megawatthours,2026-01-03 14:00:00,18252.0
2026-01-03T14,TEN,Tennessee,DF,Day-ahead demand forecast,17739,megawatthours,2026-01-03 14:00:00,17739.0
2026-01-03T14,TEN,Tennessee,NG,Net generation,18529,megawatthours,2026-01-03 14:00:00,18529.0
2026-01-03T14,TEN,Tennessee,TI,Total interchange,280,megawatthours,2026-01-03 14:00:00,280.0
2026-01-03T13,TEN,Tennessee,D,Demand,17688,megawatthours,2026-01-03 13:00:00,17688.0
2026-01-03T13,TEN,Tennessee,DF,Day-ahead demand forecast,17163,megawatthours,2026-01-03 13:00:00,17163.0
2026-01-03T13,TEN,Tennessee,NG,Net generation,17991,megawatthours,2026-01-03 13:00:00,17991.0
2026-01-03T13,TEN,Tennessee,TI,Total interchange,297,megawatthours,2026-01-03 13:00:00,297.0
2026-01-03T12,TEN,Tennessee,D,Demand,16892,megawatthours,2026-01-03 12:00:00,16892.0
2026-01-03T12,TEN,Tennessee,DF,Day-ahead demand forecast,16516,megawatthours,2026-01-03 12:00:00,16516.0
2026-01-03T12,TEN,Tennessee,NG,Net generation,17161,megawatthours,2026-01-03 12:00:00,17161.0
2026-01-03T12,TEN,Tennessee,TI,Total interchange,265,megawatthours,2026-01-03 12:00:00,265.0
2026-01-03T11,TEN,Tennessee,D,Demand,16385,megawatthours,2026-01-03 11:00:00,16385.0
2026-01-03T11,TEN,Tennessee,DF,Day-ahead demand forecast,15995,megawatthours,2026-01-03 11:00:00,15995.0
2026-01-03T11,TEN,Tennessee,NG,Net generation,16440,megawatthours,2026-01-03 11:00:00,16440.0
2026-01-03T11,TEN,Tennessee,TI,Total interchange,52,megawatthours,2026-01-03 11:00:00,52.0
2026-01-03T10,TEN,Tennessee,D,Demand,16129,megawatthours,2026-01-03 10:00:00,16129.0
2026-01-03T10,TEN,Tennessee,DF,Day-ahead demand forecast,15935,megawatthours,2026-01-03 10:00:00,15935.0
2026-01-03T10,TEN,Tennessee,NG,Net generation,15985,megawatthours,2026-01-03 10:00:00,15985.0
2026-01-03T10,TEN,Tennessee,TI,Total interchange,-149,megawatthours,2026-01-03 10:00:00,-149.0
2026-01-03T09,TEN,Tennessee,D,Demand,16085,megawatthours,2026-01-03 09:00:00,16085.0
2026-01-03T09,TEN,Tennessee,DF,Day-ahead demand forecast,15892,megawatthours,2026-01-03 09:00:00,15892.0
2026-01-03T09,TEN,Tennessee,NG,Net generation,15938,megawatthours,2026-01-03 09:00:00,15938.0
2026-01-03T09,TEN,Tennessee,TI,Total interchange,-150,megawatthours,2026-01-03 09:00:00,-150.0
2026-01-03T08,TEN,Tennessee,D,Demand,16156,megawatthours,2026-01-03 08:00:00,16156.0
2026-01-03T08,TEN,Tennessee,DF,Day-ahead demand forecast,15952,megawatthours,2026-01-03 08:00:00,15952.0
2026-01-03T08,TEN,Tennessee,NG,Net generation,16017,megawatthours,2026-01-03 08:00:00,16017.0
2026-01-03T08,TEN,Tennessee,TI,Total interchange,-144,megawatthours,2026-01-03 08:00:00,-144.0
2026-01-03T07,TEN,Tennessee,D,Demand,16453,megawatthours,2026-01-03 07:00:00,16453.0
2026-01-03T07,TEN,Tennessee,DF,Day-ahead demand forecast,16307,megawatthours,2026-01-03 07:00:00,16307.0
2026-01-03T07,TEN,Tennessee,NG,Net generation,16503,megawatthours,2026-01-03 07:00:00,16503.0
2026-01-03T07,TEN,Tennessee,TI,Total interchange,48,megawatthours,2026-01-03 07:00:00,48.0
2026-01-03T06,TEN,Tennessee,D,Demand,17134,megawatthours,2026-01-03 06:00:00,17134.0
2026-01-03T06,TEN,Tennessee,DF,Day-ahead demand forecast,16640,megawatthours,2026-01-03 06:00:00,16640.0
2026-01-03T06,TEN,Tennessee,NG,Net generation,17350,megawatthours,2026-01-03 06:00:00,17350.0
2026-01-03T06,TEN,Tennessee,TI,Total interchange,212,megawatthours,2026-01-03 06:00:00,212.0
2026-01-03T05,TEN,Tennessee,D,Demand,17670,megawatthours,2026-01-03 05:00:00,17670.0
2026-01-03T05,TEN,Tennessee,DF,Day-ahead demand forecast,17352,megawatthours,2026-01-03 05:00:00,17352.0
2026-01-03T05,TEN,Tennessee,NG,Net generation,17885,megawatthours,2026-01-03 05:00:00,17885.0
2026-01-03T05,TEN,Tennessee,TI,Total interchange,213,megawatthours,2026-01-03 05:00:00,213.0
2026-01-03T04,TEN,Tennessee,D,Demand,18064,megawatthours,2026-01-03 04:00:00,18064.0
2026-01-03T04,TEN,Tennessee,DF,Day-ahead demand forecast,18180,megawatthours,2026-01-03 04:00:00,18180.0
2026-01-03T04,TEN,Tennessee,NG,Net generation,18351,megawatthours,2026-01-03 04:00:00,18351.0
2026-01-03T04,TEN,Tennessee,TI,Total interchange,284,megawatthours,2026-01-03 04:00:00,284.0
2026-01-03T03,TEN,Tennessee,D,Demand,18488,megawatthours,2026-01-03 03:00:00,18488.0
2026-01-03T03,TEN,Tennessee,DF,Day-ahead demand forecast,18672,megawatthours,2026-01-03 03:00:00,18672.0
2026-01-03T03,TEN,Tennessee,NG,Net generation,18877,megawatthours,2026-01-03 03:00:00,18877.0
2026-01-03T03,TEN,Tennessee,TI,Total interchange,385,megawatthours,2026-01-03 03:00:00,385.0
2026-01-03T02,TEN,Tennessee,D,Demand,18853,megawatthours,2026-01-03 02:00:00,18853.0
2026-01-03T02,TEN,Tennessee,DF,Day-ahead demand forecast,19023,megawatthours,2026-01-03 02:00:00,19023.0
2026-01-03T02,TEN,Tennessee,NG,Net generation,19172,megawatthours,2026-01-03 02:00:00,19172.0
2026-01-03T02,TEN,Tennessee,TI,Total interchange,318,megawatthours,2026-01-03 02:00:00,318.0
2026-01-03T01,TEN,Tennessee,D,Demand,19181,megawatthours,2026-01-03 01:00:00,19181.0
2026-01-03T01,TEN,Tennessee,DF,Day-ahead demand forecast,19230,megawatthours,2026-01-03 01:00:00,19230.0
2026-01-03T01,TEN,Tennessee,NG,Net generation,19571,megawatthours,2026-01-03 01:00:00,19571.0
2026-01-03T01,TEN,Tennessee,TI,Total interchange,386,megawatthours,2026-01-03 01:00:00,386.0
2026-01-03T00,TEN,Tennessee,D,Demand,19161,megawatthours,2026-01-03 00:00:00,19161.0
2026-01-03T00,TEN,Tennessee,DF,Day-ahead demand forecast,19441,megawatthours,2026-01-03 00:00:00,19441.0
2026-01-03T00,TEN,Tennessee,NG,Net generation,19746,megawatthours,2026-01-03 00:00:00,19746.0
2026-01-03T00,TEN,Tennessee,TI,Total interchange,577,megawatthours,2026-01-03 00:00:00,577.0
2026-01-02T23,TEN,Tennessee,D,Demand,18706,megawatthours,2026-01-02 23:00:00,18706.0
2026-01-02T23,TEN,Tennessee,DF,Day-ahead demand forecast,18747,megawatthours,2026-01-02 23:00:00,18747.0
2026-01-02T23,TEN,Tennessee,NG,Net generation,19303,megawatthours,2026-01-02 23:00:00,19303.0
2026-01-02T23,TEN,Tennessee,TI,Total interchange,598,megawatthours,2026-01-02 23:00:00,598.0
2026-01-02T22,TEN,Tennessee,D,Demand,18263,megawatthours,2026-01-02 22:00:00,18263.0
2026-01-02T22,TEN,Tennessee,DF,Day-ahead demand forecast,18127,megawatthours,2026-01-02 22:00:00,18127.0
2026-01-02T22,TEN,Tennessee,NG,Net generation,18718,megawatthours,2026-01-02 22:00:00,18718.0
2026-01-02T22,TEN,Tennessee,TI,Total interchange,458,megawatthours,2026-01-02 22:00:00,458.0
2026-01-02T21,TEN,Tennessee,D,Demand,18093,megawatthours,2026-01-02 21:00:00,18093.0
2026-01-02T21,TEN,Tennessee,DF,Day-ahead demand forecast,18049,megawatthours,2026-01-02 21:00:00,18049.0
2026-01-02T21,TEN,Tennessee,NG,Net generation,18183,megawatthours,2026-01-02 21:00:00,18183.0
2026-01-02T21,TEN,Tennessee,TI,Total interchange,108,megawatthours,2026-01-02 21:00:00,108.0
2026-01-02T20,TEN,Tennessee,D,Demand,18158,megawatthours,2026-01-02 20:00:00,18158.0
2026-01-02T20,TEN,Tennessee,DF,Day-ahead demand forecast,18266,megawatthours,2026-01-02 20:00:00,18266.0
2026-01-02T20,TEN,Tennessee,NG,Net generation,18181,megawatthours,2026-01-02 20:00:00,18181.0
2026-01-02T20,TEN,Tennessee,TI,Total interchange,41,megawatthours,2026-01-02 20:00:00,41.0
2026-01-02T19,TEN,Tennessee,D,Demand,18297,megawatthours,2026-01-02 19:00:00,18297.0
2026-01-02T19,TEN,Tennessee,DF,Day-ahead demand forecast,18475,megawatthours,2026-01-02 19:00:00,18475.0
2026-01-02T19,TEN,Tennessee,NG,Net generation,18292,megawatthours,2026-01-02 19:00:00,18292.0
2026-01-02T19,TEN,Tennessee,TI,Total interchange,26,megawatthours,2026-01-02 19:00:00,26.0
2026-01-02T18,TEN,Tennessee,D,Demand,18457,megawatthours,2026-01-02 18:00:00,18457.0
2026-01-02T18,TEN,Tennessee,DF,Day-ahead demand forecast,18895,megawatthours,2026-01-02 18:00:00,18895.0
2026-01-02T18,TEN,Tennessee,NG,Net generation,18456,megawatthours,2026-01-02 18:00:00,18456.0
2026-01-02T18,TEN,Tennessee,TI,Total interchange,23,megawatthours,2026-01-02 18:00:00,23.0
2026-01-02T17,TEN,Tennessee,D,Demand,18785,megawatthours,2026-01-02 17:00:00,18785.0
2026-01-02T17,TEN,Tennessee,DF,Day-ahead demand forecast,19467,megawatthours,2026-01-02 17:00:00,19467.0
2026-01-02T17,TEN,Tennessee,NG,Net generation,18932,megawatthours,2026-01-02 17:00:00,18932.0
2026-01-02T17,TEN,Tennessee,TI,Total interchange,169,megawatthours,2026-01-02 17:00:00,169.0
2026-01-02T16,TEN,Tennessee,D,Demand,19102,megawatthours,2026-01-02 16:00:00,19102.0
2026-01-02T16,TEN,Tennessee,DF,Day-ahead demand forecast,19793,megawatthours,2026-01-02 16:00:00,19793.0
2026-01-02T16,TEN,Tennessee,NG,Net generation,19375,megawatthours,2026-01-02 16:00:00,19375.0
2026-01-02T16,TEN,Tennessee,TI,Total interchange,279,megawatthours,2026-01-02 16:00:00,279.0
2026-01-02T15,TEN,Tennessee,D,Demand,19445,megawatthours,2026-01-02 15:00:00,19445.0
2026-01-02T15,TEN,Tennessee,DF,Day-ahead demand forecast,20323,megawatthours,2026-01-02 15:00:00,20323.0
2026-01-02T15,TEN,Tennessee,NG,Net generation,19842,megawatthours,2026-01-02 15:00:00,19842.0
2026-01-02T15,TEN,Tennessee,TI,Total interchange,404,megawatthours,2026-01-02 15:00:00,404.0
2026-01-02T14,TEN,Tennessee,D,Demand,19502,megawatthours,2026-01-02 14:00:00,19502.0
2026-01-02T14,TEN,Tennessee,DF,Day-ahead demand forecast,20295,megawatthours,2026-01-02 14:00:00,20295.0
2026-01-02T14,TEN,Tennessee,NG,Net generation,20191,megawatthours,2026-01-02 14:00:00,20191.0
2026-01-02T14,TEN,Tennessee,TI,Total interchange,688,megawatthours,2026-01-02 14:00:00,688.0
2026-01-02T13,TEN,Tennessee,D,Demand,19141,megawatthours,2026-01-02 13:00:00,19141.0
2026-01-02T13,TEN,Tennessee,DF,Day-ahead demand forecast,19867,megawatthours,2026-01-02 13:00:00,19867.0
2026-01-02T13,TEN,Tennessee,NG,Net generation,19921,megawatthours,2026-01-02 13:00:00,19921.0
2026-01-02T13,TEN,Tennessee,TI,Total interchange,774,megawatthours,2026-01-02 13:00:00,774.0
2026-01-02T12,TEN,Tennessee,D,Demand,18292,megawatthours,2026-01-02 12:00:00,18292.0
2026-01-02T12,TEN,Tennessee,DF,Day-ahead demand forecast,18803,megawatthours,2026-01-02 12:00:00,18803.0
2026-01-02T12,TEN,Tennessee,NG,Net generation,18879,megawatthours,2026-01-02 12:00:00,18879.0
2026-01-02T12,TEN,Tennessee,TI,Total interchange,586,megawatthours,2026-01-02 12:00:00,586.0
2026-01-02T11,TEN,Tennessee,D,Demand,17572,megawatthours,2026-01-02 11:00:00,17572.0
2026-01-02T11,TEN,Tennessee,DF,Day-ahead demand forecast,17715,megawatthours,2026-01-02 11:00:00,17715.0
2026-01-02T11,TEN,Tennessee,NG,Net generation,17988,megawatthours,2026-01-02 11:00:00,17988.0
2026-01-02T11,TEN,Tennessee,TI,Total interchange,412,megawatthours,2026-01-02 11:00:00,412.0
2026-01-02T10,TEN,Tennessee,D,Demand,17256,megawatthours,2026-01-02 10:00:00,17256.0
2026-01-02T10,TEN,Tennessee,DF,Day-ahead demand forecast,17397,megawatthours,2026-01-02 10:00:00,17397.0
2026-01-02T10,TEN,Tennessee,NG,Net generation,17670,megawatthours,2026-01-02 10:00:00,17670.0
2026-01-02T10,TEN,Tennessee,TI,Total interchange,413,megawatthours,2026-01-02 10:00:00,413.0
2026-01-02T09,TEN,Tennessee,D,Demand,17155,megawatthours,2026-01-02 09:00:00,17155.0
2026-01-02T09,TEN,Tennessee,DF,Day-ahead demand forecast,17220,megawatthours,2026-01-02 09:00:00,17220.0
2026-01-02T09,TEN,Tennessee,NG,Net generation,17624,megawatthours,2026-01-02 09:00:00,17624.0
2026-01-02T09,TEN,Tennessee,TI,Total interchange,463,megawatthours,2026-01-02 09:00:00,463.0
2026-01-02T08,TEN,Tennessee,D,Demand,17160,megawatthours,2026-01-02 08:00:00,17160.0
2026-01-02T08,TEN,Tennessee,DF,Day-ahead demand forecast,17184,megawatthours,2026-01-02 08:00:00,17184.0
2026-01-02T08,TEN,Tennessee,NG,Net generation,17631,megawatthours,2026-01-02 08:00:00,17631.0
2026-01-02T08,TEN,Tennessee,TI,Total interchange,465,megawatthours,2026-01-02 08:00:00,465.0
2026-01-02T07,TEN,Tennessee,D,Demand,17132,megawatthours,2026-01-02 07:00:00,17132.0
2026-01-02T07,TEN,Tennessee,DF,Day-ahead demand forecast,17311,megawatthours,2026-01-02 07:00:00,17311.0
2026-01-02T07,TEN,Tennessee,NG,Net generation,17639,megawatthours,2026-01-02 07:00:00,17639.0
2026-01-02T07,TEN,Tennessee,TI,Total interchange,505,megawatthours,2026-01-02 07:00:00,505.0
2026-01-02T06,TEN,Tennessee,D,Demand,17462,megawatthours,2026-01-02 06:00:00,17462.0
2026-01-02T06,TEN,Tennessee,DF,Day-ahead demand forecast,18326,megawatthours,2026-01-02 06:00:00,18326.0
2026-01-02T06,TEN,Tennessee,NG,Net generation,17786,megawatthours,2026-01-02 06:00:00,17786.0
2026-01-02T06,TEN,Tennessee,TI,Total interchange,320,megawatthours,2026-01-02 06:00:00,320.0
2026-01-02T05,TEN,Tennessee,D,Demand,17785,megawatthours,2026-01-02 05:00:00,17785.0
2026-01-02T05,TEN,Tennessee,DF,Day-ahead demand forecast,18711,megawatthours,2026-01-02 05:00:00,18711.0
2026-01-02T05,TEN,Tennessee,NG,Net generation,18257,megawatthours,2026-01-02 05:00:00,18257.0
2026-01-02T05,TEN,Tennessee,TI,Total interchange,469,megawatthours,2026-01-02 05:00:00,469.0
2026-01-02T04,TEN,Tennessee,D,Demand,18210,megawatthours,2026-01-02 04:00:00,18210.0
2026-01-02T04,TEN,Tennessee,DF,Day-ahead demand forecast,19106,megawatthours,2026-01-02 04:00:00,19106.0
2026-01-02T04,TEN,Tennessee,NG,Net generation,18673,megawatthours,2026-01-02 04:00:00,18673.0
2026-01-02T04,TEN,Tennessee,TI,Total interchange,458,megawatthours,2026-01-02 04:00:00,458.0
2026-01-02T03,TEN,Tennessee,D,Demand,18343,megawatthours,2026-01-02 03:00:00,18343.0
2026-01-02T03,TEN,Tennessee,DF,Day-ahead demand forecast,19427,megawatthours,2026-01-02 03:00:00,19427.0
2026-01-02T03,TEN,Tennessee,NG,Net generation,18972,megawatthours,2026-01-02 03:00:00,18972.0
2026-01-02T03,TEN,Tennessee,TI,Total interchange,626,megawatthours,2026-01-02 03:00:00,626.0
2026-01-02T02,TEN,Tennessee,D,Demand,18347,megawatthours,2026-01-02 02:00:00,18347.0
2026-01-02T02,TEN,Tennessee,DF,Day-ahead demand forecast,19422,megawatthours,2026-01-02 02:00:00,19422.0
2026-01-02T02,TEN,Tennessee,NG,Net generation,18920,megawatthours,2026-01-02 02:00:00,18920.0
2026-01-02T02,TEN,Tennessee,TI,Total interchange,572,megawatthours,2026-01-02 02:00:00,572.0
2026-01-02T01,TEN,Tennessee,D,Demand,18215,megawatthours,2026-01-02 01:00:00,18215.0
2026-01-02T01,TEN,Tennessee,DF,Day-ahead demand forecast,19299,megawatthours,2026-01-02 01:00:00,19299.0
2026-01-02T01,TEN,Tennessee,NG,Net generation,18931,megawatthours,2026-01-02 01:00:00,18931.0
2026-01-02T01,TEN,Tennessee,TI,Total interchange,711,megawatthours,2026-01-02 01:00:00,711.0
2026-01-02T00,TEN,Tennessee,D,Demand,17853,megawatthours,2026-01-02 00:00:00,17853.0
2026-01-02T00,TEN,Tennessee,DF,Day-ahead demand forecast,18940,megawatthours,2026-01-02 00:00:00,18940.0
2026-01-02T00,TEN,Tennessee,NG,Net generation,18574,megawatthours,2026-01-02 00:00:00,18574.0
2026-01-02T00,TEN,Tennessee,TI,Total interchange,719,megawatthours,2026-01-02 00:00:00,719.0
2026-01-01T23,TEN,Tennessee,D,Demand,16867,megawatthours,2026-01-01 23:00:00,16867.0
2026-01-01T23,TEN,Tennessee,DF,Day-ahead demand forecast,18107,megawatthours,2026-01-01 23:00:00,18107.0
2026-01-01T23,TEN,Tennessee,NG,Net generation,17687,megawatthours,2026-01-01 23:00:00,17687.0
2026-01-01T23,TEN,Tennessee,TI,Total interchange,828,megawatthours,2026-01-01 23:00:00,828.0
2026-01-01T22,TEN,Tennessee,D,Demand,16180,megawatthours,2026-01-01 22:00:00,16180.0
2026-01-01T22,TEN,Tennessee,DF,Day-ahead demand forecast,17435,megawatthours,2026-01-01 22:00:00,17435.0
2026-01-01T22,TEN,Tennessee,NG,Net generation,16690,megawatthours,2026-01-01 22:00:00,16690.0
2026-01-01T22,TEN,Tennessee,TI,Total interchange,588,megawatthours,2026-01-01 22:00:00,588.0
2026-01-01T21,TEN,Tennessee,D,Demand,16210,megawatthours,2026-01-01 21:00:00,16210.0
2026-01-01T21,TEN,Tennessee,DF,Day-ahead demand forecast,17454,megawatthours,2026-01-01 21:00:00,17454.0
2026-01-01T21,TEN,Tennessee,NG,Net generation,16367,megawatthours,2026-01-01 21:00:00,16367.0
2026-01-01T21,TEN,Tennessee,TI,Total interchange,264,megawatthours,2026-01-01 21:00:00,264.0
2026-01-01T20,TEN,Tennessee,D,Demand,16629,megawatthours,2026-01-01 20:00:00,16629.0
2026-01-01T20,TEN,Tennessee,DF,Day-ahead demand forecast,17837,megawatthours,2026-01-01 20:00:00,17837.0
2026-01-01T20,TEN,Tennessee,NG,Net generation,16529,megawatthours,2026-01-01 20:00:00,16529.0
2026-01-01T20,TEN,Tennessee,TI,Total interchange,12,megawatthours,2026-01-01 20:00:00,12.0
2026-01-01T19,TEN,Tennessee,D,Demand,17092,megawatthours,2026-01-01 19:00:00,17092.0
2026-01-01T19,TEN,Tennessee,DF,Day-ahead demand forecast,18223,megawatthours,2026-01-01 19:00:00,18223.0
2026-01-01T19,TEN,Tennessee,NG,Net generation,16944,megawatthours,2026-01-01 19:00:00,16944.0
2026-01-01T19,TEN,Tennessee,TI,Total interchange,-43,megawatthours,2026-01-01 19:00:00,-43.0
2026-01-01T18,TEN,Tennessee,D,Demand,17666,megawatthours,2026-01-01 18:00:00,17666.0
2026-01-01T18,TEN,Tennessee,DF,Day-ahead demand forecast,18845,megawatthours,2026-01-01 18:00:00,18845.0
2026-01-01T18,TEN,Tennessee,NG,Net generation,17489,megawatthours,2026-01-01 18:00:00,17489.0
2026-01-01T18,TEN,Tennessee,TI,Total interchange,-75,megawatthours,2026-01-01 18:00:00,-75.0
2026-01-01T17,TEN,Tennessee,D,Demand,18396,megawatthours,2026-01-01 17:00:00,18396.0
2026-01-01T17,TEN,Tennessee,DF,Day-ahead demand forecast,19395,megawatthours,2026-01-01 17:00:00,19395.0
2026-01-01T17,TEN,Tennessee,NG,Net generation,18281,megawatthours,2026-01-01 17:00:00,18281.0
2026-01-01T17,TEN,Tennessee,TI,Total interchange,-7,megawatthours,2026-01-01 17:00:00,-7.0
2026-01-01T16,TEN,Tennessee,D,Demand,19428,megawatthours,2026-01-01 16:00:00,19428.0
2026-01-01T16,TEN,Tennessee,DF,Day-ahead demand forecast,20263,megawatthours,2026-01-01 16:00:00,20263.0
2026-01-01T16,TEN,Tennessee,NG,Net generation,19489,megawatthours,2026-01-01 16:00:00,19489.0
2026-01-01T16,TEN,Tennessee,TI,Total interchange,173,megawatthours,2026-01-01 16:00:00,173.0
2026-01-01T15,TEN,Tennessee,D,Demand,20711,megawatthours,2026-01-01 15:00:00,20711.0
2026-01-01T15,TEN,Tennessee,DF,Day-ahead demand forecast,21154,megawatthours,2026-01-01 15:00:00,21154.0
2026-01-01T15,TEN,Tennessee,NG,Net generation,21014,megawatthours,2026-01-01 15:00:00,21014.0
2026-01-01T15,TEN,Tennessee,TI,Total interchange,392,megawatthours,2026-01-01 15:00:00,392.0
2026-01-01T14,TEN,Tennessee,D,Demand,21401,megawatthours,2026-01-01 14:00:00,21401.0
2026-01-01T14,TEN,Tennessee,DF,Day-ahead demand forecast,21636,megawatthours,2026-01-01 14:00:00,21636.0
2026-01-01T14,TEN,Tennessee,NG,Net generation,21969,megawatthours,2026-01-01 14:00:00,21969.0
2026-01-01T14,TEN,Tennessee,TI,Total interchange,580,megawatthours,2026-01-01 14:00:00,580.0
2026-01-01T13,TEN,Tennessee,D,Demand,21038,megawatthours,2026-01-01 13:00:00,21038.0
2026-01-01T13,TEN,Tennessee,DF,Day-ahead demand forecast,21404,megawatthours,2026-01-01 13:00:00,21404.0
2026-01-01T13,TEN,Tennessee,NG,Net generation,21696,megawatthours,2026-01-01 13:00:00,21696.0
2026-01-01T13,TEN,Tennessee,TI,Total interchange,653,megawatthours,2026-01-01 13:00:00,653.0
2026-01-01T12,TEN,Tennessee,D,Demand,20718,megawatthours,2026-01-01 12:00:00,20718.0
2026-01-01T12,TEN,Tennessee,DF,Day-ahead demand forecast,20794,megawatthours,2026-01-01 12:00:00,20794.0
2026-01-01T12,TEN,Tennessee,NG,Net generation,21195,megawatthours,2026-01-01 12:00:00,21195.0
2026-01-01T12,TEN,Tennessee,TI,Total interchange,472,megawatthours,2026-01-01 12:00:00,472.0
2026-01-01T11,TEN,Tennessee,D,Demand,20186,megawatthours,2026-01-01 11:00:00,20186.0
2026-01-01T11,TEN,Tennessee,DF,Day-ahead demand forecast,20158,megawatthours,2026-01-01 11:00:00,20158.0
2026-01-01T11,TEN,Tennessee,NG,Net generation,20296,megawatthours,2026-01-01 11:00:00,20296.0
2026-01-01T11,TEN,Tennessee,TI,Total interchange,109,megawatthours,2026-01-01 11:00:00,109.0
2026-01-01T10,TEN,Tennessee,D,Demand,19908,megawatthours,2026-01-01 10:00:00,19908.0
2026-01-01T10,TEN,Tennessee,DF,Day-ahead demand forecast,19903,megawatthours,2026-01-01 10:00:00,19903.0
2026-01-01T10,TEN,Tennessee,NG,Net generation,19735,megawatthours,2026-01-01 10:00:00,19735.0
2026-01-01T10,TEN,Tennessee,TI,Total interchange,-179,megawatthours,2026-01-01 10:00:00,-179.0
2026-01-01T09,TEN,Tennessee,D,Demand,19695,megawatthours,2026-01-01 09:00:00,19695.0
2026-01-01T09,TEN,Tennessee,DF,Day-ahead demand forecast,19884,megawatthours,2026-01-01 09:00:00,19884.0
2026-01-01T09,TEN,Tennessee,NG,Net generation,19526,megawatthours,2026-01-01 09:00:00,19526.0
2026-01-01T09,TEN,Tennessee,TI,Total interchange,-171,megawatthours,2026-01-01 09:00:00,-171.0
2026-01-01T08,TEN,Tennessee,D,Demand,19694,megawatthours,2026-01-01 08:00:00,19694.0
2026-01-01T08,TEN,Tennessee,DF,Day-ahead demand forecast,19879,megawatthours,2026-01-01 08:00:00,19879.0
2026-01-01T08,TEN,Tennessee,NG,Net generation,19456,megawatthours,2026-01-01 08:00:00,19456.0
2026-01-01T08,TEN,Tennessee,TI,Total interchange,-241,megawatthours,2026-01-01 08:00:00,-241.0
2026-01-01T07,TEN,Tennessee,D,Demand,19689,megawatthours,2026-01-01 07:00:00,19689.0
2026-01-01T07,TEN,Tennessee,DF,Day-ahead demand forecast,19788,megawatthours,2026-01-01 07:00:00,19788.0
2026-01-01T07,TEN,Tennessee,NG,Net generation,19380,megawatthours,2026-01-01 07:00:00,19380.0
2026-01-01T07,TEN,Tennessee,TI,Total interchange,-315,megawatthours,2026-01-01 07:00:00,-315.0
2026-01-01T06,TEN,Tennessee,D,Demand,19509,megawatthours,2026-01-01 06:00:00,19509.0
2026-01-01T06,TEN,Tennessee,DF,Day-ahead demand forecast,19801,megawatthours,2026-01-01 06:00:00,19801.0
2026-01-01T06,TEN,Tennessee,NG,Net generation,18987,megawatthours,2026-01-01 06:00:00,18987.0
2026-01-01T06,TEN,Tennessee,TI,Total interchange,-523,megawatthours,2026-01-01 06:00:00,-523.0
2026-01-01T05,TEN,Tennessee,D,Demand,19965,megawatthours,2026-01-01 05:00:00,19965.0
2026-01-01T05,TEN,Tennessee,DF,Day-ahead demand forecast,20494,megawatthours,2026-01-01 05:00:00,20494.0
2026-01-01T05,TEN,Tennessee,NG,Net generation,19647,megawatthours,2026-01-01 05:00:00,19647.0
2026-01-01T05,TEN,Tennessee,TI,Total interchange,-324,megawatthours,2026-01-01 05:00:00,-324.0
2026-01-01T04,TEN,Tennessee,D,Demand,20288,megawatthours,2026-01-01 04:00:00,20288.0
2026-01-01T04,TEN,Tennessee,DF,Day-ahead demand forecast,20609,megawatthours,2026-01-01 04:00:00,20609.0
2026-01-01T04,TEN,Tennessee,NG,Net generation,20224,megawatthours,2026-01-01 04:00:00,20224.0
2026-01-01T04,TEN,Tennessee,TI,Total interchange,-66,megawatthours,2026-01-01 04:00:00,-66.0
2026-01-01T03,TEN,Tennessee,D,Demand,20555,megawatthours,2026-01-01 03:00:00,20555.0
2026-01-01T03,TEN,Tennessee,DF,Day-ahead demand forecast,20738,megawatthours,2026-01-01 03:00:00,20738.0
2026-01-01T03,TEN,Tennessee,NG,Net generation,20412,megawatthours,2026-01-01 03:00:00,20412.0
2026-01-01T03,TEN,Tennessee,TI,Total interchange,-146,megawatthours,2026-01-01 03:00:00,-146.0
2026-01-01T02,TEN,Tennessee,D,Demand,20628,megawatthours,2026-01-01 02:00:00,20628.0
2026-01-01T02,TEN,Tennessee,DF,Day-ahead demand forecast,20861,megawatthours,2026-01-01 02:00:00,20861.0
2026-01-01T02,TEN,Tennessee,NG,Net generation,20509,megawatthours,2026-01-01 02:00:00,20509.0
2026-01-01T02,TEN,Tennessee,TI,Total interchange,-122,megawatthours,2026-01-01 02:00:00,-122.0
2026-01-01T01,TEN,Tennessee,D,Demand,20905,megawatthours,2026-01-01 01:00:00,20905.0
